req_id,domain,source_path,source_section,source_quote,category,priority,atomic_assertion,expected_evidence,notes
REQ-ADMINPORTAL-00001,admin-portal,docs/PRD-管理后台.md,4.1 鎬昏鐪嬫澘 `/admin`,**鏍稿績鎸囨爣鍖哄煙**,logic,P1,需求规定：**鏍稿績鎸囨爣鍖哄煙**,源码路径+测试用例/运行验证（本阶段仅登记证据要求）,未判定实现状态；不得复用旧审计结论
REQ-ADMINPORTAL-00002,admin-portal,docs/PRD-管理后台.md,4.1 鎬昏鐪嬫澘 `/admin`,| 鎸囨爣鍗?| 鏁版嵁婧?| 鏇存柊棰戠巼 | 灞曠ず鏍煎紡 |,logic,P1,需求规定：鎸囨爣鍗?| 鏁版嵁婧?| 鏇存柊棰戠巼 | 灞曠ず鏍煎紡,源码路径+测试用例/运行验证（本阶段仅登记证据要求）,未判定实现状态；不得复用旧审计结论
REQ-ADMINPORTAL-00003,admin-portal,docs/PRD-管理后台.md,4.1 鎬昏鐪嬫澘 `/admin`,"| 浠婃棩鏀跺叆 | `consumption_logs` 褰撴棩 | 瀹炴椂锛?0 绉掞級| 楼1,234.50 鈫?2% |",logic,P1,"需求规定：浠婃棩鏀跺叆 | `consumption_logs` 褰撴棩 | 瀹炴椂锛?0 绉掞級| 楼1,234.50 鈫?2%",源码路径+测试用例/运行验证（本阶段仅登记证据要求）,未判定实现状态；不得复用旧审计结论
REQ-ADMINPORTAL-00004,admin-portal,docs/PRD-管理后台.md,4.1 鎬昏鐪嬫澘 `/admin`,| 鏂板鐢ㄦ埛鏁?| `users` 褰撴棩娉ㄥ唽 | 1 鍒嗛挓 | 56 浜?鈫?% |,logic,P1,需求规定：鏂板鐢ㄦ埛鏁?| `users` 褰撴棩娉ㄥ唽 | 1 鍒嗛挓 | 56 浜?鈫?%,源码路径+测试用例/运行验证（本阶段仅登记证据要求）,未判定实现状态；不得复用旧审计结论
REQ-ADMINPORTAL-00005,admin-portal,docs/PRD-管理后台.md,4.1 鎬昏鐪嬫澘 `/admin`,"| API 鎬昏皟鐢ㄩ噺 | `call_logs` 褰撴棩 | 瀹炴椂锛?0 绉掞級| 123,456 鈫?% |",api,P1,"需求规定：API 鎬昏皟鐢ㄩ噺 | `call_logs` 褰撴棩 | 瀹炴椂锛?0 绉掞級| 123,456 鈫?%",源码路径+测试用例/运行验证（本阶段仅登记证据要求）,未判定实现状态；不得复用旧审计结论
REQ-ADMINPORTAL-00006,admin-portal,docs/PRD-管理后台.md,4.1 鎬昏鐪嬫澘 `/admin`,| 澶辫触鐜?| (澶辫触/鎬绘暟)脳100 | 瀹炴椂锛?0 绉掞級| 2.3% 馃煝 |,logic,P1,需求规定：澶辫触鐜?| (澶辫触/鎬绘暟)脳100 | 瀹炴椂锛?0 绉掞級| 2.3% 馃煝,源码路径+测试用例/运行验证（本阶段仅登记证据要求）,未判定实现状态；不得复用旧审计结论
REQ-ADMINPORTAL-00007,admin-portal,docs/PRD-管理后台.md,4.1 鎬昏鐪嬫澘 `/admin`,| 鍦ㄧ嚎鐢ㄦ埛 | WebSocket 杩炴帴鏁?| 瀹炴椂锛? 绉掞級| 234 浜?|,logic,P1,需求规定：鍦ㄧ嚎鐢ㄦ埛 | WebSocket 杩炴帴鏁?| 瀹炴椂锛? 绉掞級| 234 浜?,源码路径+测试用例/运行验证（本阶段仅登记证据要求）,未判定实现状态；不得复用旧审计结论
REQ-ADMINPORTAL-00008,admin-portal,docs/PRD-管理后台.md,4.1 鎬昏鐪嬫澘 `/admin`,"| 鏈湀姣涘埄娑?| 鏀跺叆 - 渚涘簲鍟嗘垚鏈?| 1 灏忔椂 | 楼12,345.60 |",logic,P1,"需求规定：鏈湀姣涘埄娑?| 鏀跺叆 - 渚涘簲鍟嗘垚鏈?| 1 灏忔椂 | 楼12,345.60",源码路径+测试用例/运行验证（本阶段仅登记证据要求）,未判定实现状态；不得复用旧审计结论
REQ-ADMINPORTAL-00009,admin-portal,docs/PRD-管理后台.md,4.1 鎬昏鐪嬫澘 `/admin`,| 姣涘埄鐜?| (姣涘埄娑?鏀跺叆)脳100 | 1 灏忔椂 | 25.6% |,logic,P1,需求规定：姣涘埄鐜?| (姣涘埄娑?鏀跺叆)脳100 | 1 灏忔椂 | 25.6%,源码路径+测试用例/运行验证（本阶段仅登记证据要求）,未判定实现状态；不得复用旧审计结论
REQ-ADMINPORTAL-00010,admin-portal,docs/PRD-管理后台.md,4.1 鎬昏鐪嬫澘 `/admin`,**寮傚父鎸囨爣鑷姩楂樹寒**,logic,P1,需求规定：**寮傚父鎸囨爣鑷姩楂樹寒**,源码路径+测试用例/运行验证（本阶段仅登记证据要求）,未判定实现状态；不得复用旧审计结论
REQ-ADMINPORTAL-00011,admin-portal,docs/PRD-管理后台.md,4.1 鎬昏鐪嬫澘 `/admin`,**寰呭姙闃熷垪**,logic,P1,需求规定：**寰呭姙闃熷垪**,源码路径+测试用例/运行验证（本阶段仅登记证据要求）,未判定实现状态；不得复用旧审计结论
REQ-ADMINPORTAL-00012,admin-portal,docs/PRD-管理后台.md,4.1 鎬昏鐪嬫澘 `/admin`,| 绫诲瀷 | 鏁版嵁婧?| 灞曠ず鏂瑰紡 |,logic,P1,需求规定：绫诲瀷 | 鏁版嵁婧?| 灞曠ず鏂瑰紡,源码路径+测试用例/运行验证（本阶段仅登记证据要求）,未判定实现状态；不得复用旧审计结论
REQ-ADMINPORTAL-00013,admin-portal,docs/PRD-管理后台.md,4.1 鎬昏鐪嬫澘 `/admin`,| 寰呭鏍稿疄鍚?| `real_name_reviews` status=pending | 鏁板瓧寰界珷锛岀偣鍑昏烦杞?|,logic,P1,需求规定：寰呭鏍稿疄鍚?| `real_name_reviews` status=pending | 鏁板瓧寰界珷锛岀偣鍑昏烦杞?,源码路径+测试用例/运行验证（本阶段仅登记证据要求）,未判定实现状态；不得复用旧审计结论
REQ-ADMINPORTAL-00014,admin-portal,docs/PRD-管理后台.md,4.1 鎬昏鐪嬫澘 `/admin`,| 寰呭鏍告彁鐜?| `agent_withdraws` status=pending | 鏁板瓧寰界珷 + 鎬婚噾棰?|,logic,P1,需求规定：寰呭鏍告彁鐜?| `agent_withdraws` status=pending | 鏁板瓧寰界珷 + 鎬婚噾棰?,源码路径+测试用例/运行验证（本阶段仅登记证据要求）,未判定实现状态；不得复用旧审计结论
REQ-ADMINPORTAL-00015,admin-portal,docs/PRD-管理后台.md,4.1 鎬昏鐪嬫澘 `/admin`,| 寰呭鐞嗗憡璀?| `security_events` status鈮爎esolved | 鎸変弗閲嶇瓑绾у垎鑹?|,logic,P1,需求规定：寰呭鐞嗗憡璀?| `security_events` status鈮爎esolved | 鎸変弗閲嶇瓑绾у垎鑹?,源码路径+测试用例/运行验证（本阶段仅登记证据要求）,未判定实现状态；不得复用旧审计结论
REQ-ADMINPORTAL-00016,admin-portal,docs/PRD-管理后台.md,4.1 鎬昏鐪嬫澘 `/admin`,| 寰呯‘璁ょ粨绠?| `agent_settlement` status=pending | 鏁板瓧寰界珷 |,logic,P1,需求规定：寰呯‘璁ょ粨绠?| `agent_settlement` status=pending | 鏁板瓧寰界珷,源码路径+测试用例/运行验证（本阶段仅登记证据要求）,未判定实现状态；不得复用旧审计结论
REQ-ADMINPORTAL-00017,admin-portal,docs/PRD-管理后台.md,4.1 鎬昏鐪嬫澘 `/admin`,| 寰呮帹閫佸叕鍛?| `announcements` scheduled_at <= now | 鏁板瓧寰界珷 |,logic,P1,需求规定：寰呮帹閫佸叕鍛?| `announcements` scheduled_at <= now | 鏁板瓧寰界珷,源码路径+测试用例/运行验证（本阶段仅登记证据要求）,未判定实现状态；不得复用旧审计结论
REQ-ADMINPORTAL-00018,admin-portal,docs/PRD-管理后台.md,4.1 鎬昏鐪嬫澘 `/admin`,**鏈€杩戞椿鍔ㄦ祦**,logic,P1,需求规定：**鏈€杩戞椿鍔ㄦ祦**,源码路径+测试用例/运行验证（本阶段仅登记证据要求）,未判定实现状态；不得复用旧审计结论
REQ-ADMINPORTAL-00019,admin-portal,docs/PRD-管理后台.md,鐢ㄦ埛鍒楄〃锛堝惈鎵归噺鎿嶄綔锛?,**琛ㄦ牸鍒?*,logic,P1,需求规定：**琛ㄦ牸鍒?*,源码路径+测试用例/运行验证（本阶段仅登记证据要求）,未判定实现状态；不得复用旧审计结论
REQ-ADMINPORTAL-00020,admin-portal,docs/PRD-管理后台.md,鐢ㄦ埛鍒楄〃锛堝惈鎵归噺鎿嶄綔锛?,| 鍒?| 璇存槑 | 鎺掑簭 |,logic,P1,需求规定：鍒?| 璇存槑 | 鎺掑簭,源码路径+测试用例/运行验证（本阶段仅登记证据要求）,未判定实现状态；不得复用旧审计结论
REQ-ADMINPORTAL-00021,admin-portal,docs/PRD-管理后台.md,鐢ㄦ埛鍒楄〃锛堝惈鎵归噺鎿嶄綔锛?,| ID | `u_xxxxx` | 鉁?|,logic,P1,需求规定：ID | `u_xxxxx` | 鉁?,源码路径+测试用例/运行验证（本阶段仅登记证据要求）,未判定实现状态；不得复用旧审计结论
REQ-ADMINPORTAL-00022,admin-portal,docs/PRD-管理后台.md,鐢ㄦ埛鍒楄〃锛堝惈鎵归噺鎿嶄綔锛?,| 鏄电О | 鍙偣鍑昏繘鍏ヨ鎯?| 鉁?|,logic,P1,需求规定：鏄电О | 鍙偣鍑昏繘鍏ヨ鎯?| 鉁?,源码路径+测试用例/运行验证（本阶段仅登记证据要求）,未判定实现状态；不得复用旧审计结论
REQ-ADMINPORTAL-00023,admin-portal,docs/PRD-管理后台.md,鐢ㄦ埛鍒楄〃锛堝惈鎵归噺鎿嶄綔锛?,| 閭 | 瀹屾暣灞曠ず | 鉁?|,logic,P1,需求规定：閭 | 瀹屾暣灞曠ず | 鉁?,源码路径+测试用例/运行验证（本阶段仅登记证据要求）,未判定实现状态；不得复用旧审计结论
REQ-ADMINPORTAL-00024,admin-portal,docs/PRD-管理后台.md,鐢ㄦ埛鍒楄〃锛堝惈鎵归噺鎿嶄綔锛?,| 瑙掕壊 | 鏍囩锛堥鑹叉寜绛夌骇锛墊 鉁?|,logic,P1,需求规定：瑙掕壊 | 鏍囩锛堥鑹叉寜绛夌骇锛墊 鉁?,源码路径+测试用例/运行验证（本阶段仅登记证据要求）,未判定实现状态；不得复用旧审计结论
REQ-ADMINPORTAL-00025,admin-portal,docs/PRD-管理后台.md,鐢ㄦ埛鍒楄〃锛堝惈鎵归噺鎿嶄綔锛?,| 浣欓 | 楼 鏍煎紡 | 鉁?|,logic,P1,需求规定：浣欓 | 楼 鏍煎紡 | 鉁?,源码路径+测试用例/运行验证（本阶段仅登记证据要求）,未判定实现状态；不得复用旧审计结论
REQ-ADMINPORTAL-00026,admin-portal,docs/PRD-管理后台.md,鐢ㄦ埛鍒楄〃锛堝惈鎵归噺鎿嶄綔锛?,| 鎬绘秷璐?| 楼 鏍煎紡锛堢疮璁★級| 鉁?|,logic,P1,需求规定：鎬绘秷璐?| 楼 鏍煎紡锛堢疮璁★級| 鉁?,源码路径+测试用例/运行验证（本阶段仅登记证据要求）,未判定实现状态；不得复用旧审计结论
REQ-ADMINPORTAL-00027,admin-portal,docs/PRD-管理后台.md,鐢ㄦ埛鍒楄〃锛堝惈鎵归噺鎿嶄綔锛?,| 娉ㄥ唽鏃堕棿 | YYYY-MM-DD | 鉁?|,logic,P1,需求规定：娉ㄥ唽鏃堕棿 | YYYY-MM-DD | 鉁?,源码路径+测试用例/运行验证（本阶段仅登记证据要求）,未判定实现状态；不得复用旧审计结论
REQ-ADMINPORTAL-00028,admin-portal,docs/PRD-管理后台.md,鐢ㄦ埛鍒楄〃锛堝惈鎵归噺鎿嶄綔锛?,| 鏈€鍚庣櫥褰?| YYYY-MM-DD HH:mm | 鉁?|,logic,P1,需求规定：鏈€鍚庣櫥褰?| YYYY-MM-DD HH:mm | 鉁?,源码路径+测试用例/运行验证（本阶段仅登记证据要求）,未判定实现状态；不得复用旧审计结论
REQ-ADMINPORTAL-00029,admin-portal,docs/PRD-管理后台.md,鐢ㄦ埛鍒楄〃锛堝惈鎵归噺鎿嶄綔锛?,| 鐘舵€?| 姝ｅ父/绂佺敤/鍐荤粨 涓夎壊 | 鉁?|,logic,P1,需求规定：鐘舵€?| 姝ｅ父/绂佺敤/鍐荤粨 涓夎壊 | 鉁?,源码路径+测试用例/运行验证（本阶段仅登记证据要求）,未判定实现状态；不得复用旧审计结论
REQ-ADMINPORTAL-00030,admin-portal,docs/PRD-管理后台.md,鐢ㄦ埛鍒楄〃锛堝惈鎵归噺鎿嶄綔锛?,**鎵归噺鎿嶄綔鏍?*,logic,P1,需求规定：**鎵归噺鎿嶄綔鏍?*,源码路径+测试用例/运行验证（本阶段仅登记证据要求）,未判定实现状态；不得复用旧审计结论
REQ-ADMINPORTAL-00031,admin-portal,docs/PRD-管理后台.md,鐢ㄦ埛鍒楄〃锛堝惈鎵归噺鎿嶄綔锛?,**鐢ㄦ埛璇︽儏鈥斺€斾俊鎭〉**,logic,P1,需求规定：**鐢ㄦ埛璇︽儏鈥斺€斾俊鎭〉**,源码路径+测试用例/运行验证（本阶段仅登记证据要求）,未判定实现状态；不得复用旧审计结论
REQ-ADMINPORTAL-00032,admin-portal,docs/PRD-管理后台.md,鐢ㄦ埛鍒楄〃锛堝惈鎵归噺鎿嶄綔锛?,**鐢ㄦ埛璇︽儏鈥斺€擪ey 椤甸潰**,logic,P1,需求规定：**鐢ㄦ埛璇︽儏鈥斺€擪ey 椤甸潰**,源码路径+测试用例/运行验证（本阶段仅登记证据要求）,未判定实现状态；不得复用旧审计结论
REQ-ADMINPORTAL-00033,admin-portal,docs/PRD-管理后台.md,鐢ㄦ埛鍒楄〃锛堝惈鎵归噺鎿嶄綔锛?,- 鍚?2.2.3 Key 鍒楄〃锛屼絾绠＄悊鍛樿瑙掑彲鏌ョ湅 Key 鐨勫畬鏁存槑鏂囷紙闇€纭韬唤锛?,logic,P1,需求规定：- 鍚?2.2.3 Key 鍒楄〃锛屼絾绠＄悊鍛樿瑙掑彲鏌ョ湅 Key 鐨勫畬鏁存槑鏂囷紙闇€纭韬唤锛?,源码路径+测试用例/运行验证（本阶段仅登记证据要求）,未判定实现状态；不得复用旧审计结论
REQ-ADMINPORTAL-00034,admin-portal,docs/PRD-管理后台.md,鐢ㄦ埛鍒楄〃锛堝惈鎵归噺鎿嶄綔锛?,- 绠＄悊鍛樺彲浠ｄ负绂佺敤/鍚敤/鍒犻櫎 Key,logic,P1,需求规定：- 绠＄悊鍛樺彲浠ｄ负绂佺敤/鍚敤/鍒犻櫎 Key,源码路径+测试用例/运行验证（本阶段仅登记证据要求）,未判定实现状态；不得复用旧审计结论
REQ-ADMINPORTAL-00035,admin-portal,docs/PRD-管理后台.md,鐢ㄦ埛鍒楄〃锛堝惈鎵归噺鎿嶄綔锛?,**鐢ㄦ埛璇︽儏鈥斺€旀棩蹇楅〉闈?*,logic,P1,需求规定：**鐢ㄦ埛璇︽儏鈥斺€旀棩蹇楅〉闈?*,源码路径+测试用例/运行验证（本阶段仅登记证据要求）,未判定实现状态；不得复用旧审计结论
REQ-ADMINPORTAL-00036,admin-portal,docs/PRD-管理后台.md,鐢ㄦ埛鍒楄〃锛堝惈鎵归噺鎿嶄綔锛?,- 璇ョ敤鎴风殑璋冪敤鏃ュ織锛堢瓫閫夊ソ鐨勶級,logic,P1,需求规定：- 璇ョ敤鎴风殑璋冪敤鏃ュ織锛堢瓫閫夊ソ鐨勶級,源码路径+测试用例/运行验证（本阶段仅登记证据要求）,未判定实现状态；不得复用旧审计结论
REQ-ADMINPORTAL-00037,admin-portal,docs/PRD-管理后台.md,鐢ㄦ埛鍒楄〃锛堝惈鎵归噺鎿嶄綔锛?,- 璇ョ敤鎴风殑鎿嶄綔鏃ュ織锛堝瀵嗙爜淇敼銆並ey 鍒涘缓绛夛級,logic,P1,需求规定：- 璇ョ敤鎴风殑鎿嶄綔鏃ュ織锛堝瀵嗙爜淇敼銆並ey 鍒涘缓绛夛級,源码路径+测试用例/运行验证（本阶段仅登记证据要求）,未判定实现状态；不得复用旧审计结论
REQ-ADMINPORTAL-00038,admin-portal,docs/PRD-管理后台.md,鐢ㄦ埛鍒楄〃锛堝惈鎵归噺鎿嶄綔锛?,**鐢ㄦ埛璇︽儏鈥斺€斾綑棰濋〉闈?*,logic,P1,需求规定：**鐢ㄦ埛璇︽儏鈥斺€斾綑棰濋〉闈?*,源码路径+测试用例/运行验证（本阶段仅登记证据要求）,未判定实现状态；不得复用旧审计结论
REQ-ADMINPORTAL-00039,admin-portal,docs/PRD-管理后台.md,鐢ㄦ埛鍒楄〃锛堝惈鎵归噺鎿嶄綔锛?,- 瀹屾暣浣欓鍙樺姩娴佹按锛堝厖鍊?娑堣垂/璋冩暣/鍐荤粨/瑙ｅ喕锛?,logic,P1,需求规定：- 瀹屾暣浣欓鍙樺姩娴佹按锛堝厖鍊?娑堣垂/璋冩暣/鍐荤粨/瑙ｅ喕锛?,源码路径+测试用例/运行验证（本阶段仅登记证据要求）,未判定实现状态；不得复用旧审计结论
REQ-ADMINPORTAL-00040,admin-portal,docs/PRD-管理后台.md,鐢ㄦ埛鍒楄〃锛堝惈鎵归噺鎿嶄綔锛?,- 鏀寔鏃堕棿鑼冨洿绛涢€?,logic,P1,需求规定：- 鏀寔鏃堕棿鑼冨洿绛涢€?,源码路径+测试用例/运行验证（本阶段仅登记证据要求）,未判定实现状态；不得复用旧审计结论
REQ-ADMINPORTAL-00041,admin-portal,docs/PRD-管理后台.md,鐢ㄦ埛鍒楄〃锛堝惈鎵归噺鎿嶄綔锛?,- 鏀寔瀵煎嚭 CSV,logic,P1,需求规定：- 鏀寔瀵煎嚭 CSV,源码路径+测试用例/运行验证（本阶段仅登记证据要求）,未判定实现状态；不得复用旧审计结论
REQ-ADMINPORTAL-00042,admin-portal,docs/PRD-管理后台.md,4.3.1 渚涘簲鍟嗙鐞?`/admin/vendors`,**渚涘簲鍟嗗垪琛?*,logic,P1,需求规定：**渚涘簲鍟嗗垪琛?*,源码路径+测试用例/运行验证（本阶段仅登记证据要求）,未判定实现状态；不得复用旧审计结论
REQ-ADMINPORTAL-00043,admin-portal,docs/PRD-管理后台.md,4.3.1 渚涘簲鍟嗙鐞?`/admin/vendors`,| 鍒?| 璇存槑 |,logic,P1,需求规定：鍒?| 璇存槑,源码路径+测试用例/运行验证（本阶段仅登记证据要求）,未判定实现状态；不得复用旧审计结论
REQ-ADMINPORTAL-00044,admin-portal,docs/PRD-管理后台.md,4.3.1 渚涘簲鍟嗙鐞?`/admin/vendors`,| 渚涘簲鍟嗗悕 | 鍙偣鍑昏繘鍏ヨ鎯?|,logic,P1,需求规定：渚涘簲鍟嗗悕 | 鍙偣鍑昏繘鍏ヨ鎯?,源码路径+测试用例/运行验证（本阶段仅登记证据要求）,未判定实现状态；不得复用旧审计结论
REQ-ADMINPORTAL-00045,admin-portal,docs/PRD-管理后台.md,4.3.1 渚涘簲鍟嗙鐞?`/admin/vendors`,| Logo | 灞曠ず缂╃暐鍥?|,logic,P1,需求规定：Logo | 灞曠ず缂╃暐鍥?,源码路径+测试用例/运行验证（本阶段仅登记证据要求）,未判定实现状态；不得复用旧审计结论
REQ-ADMINPORTAL-00046,admin-portal,docs/PRD-管理后台.md,4.3.1 渚涘簲鍟嗙鐞?`/admin/vendors`,| API 鍩虹鍦板潃 | `https://api.deepseek.com` |,api,P1,需求规定：API 鍩虹鍦板潃 | `https://api.deepseek.com`,源码路径+测试用例/运行验证（本阶段仅登记证据要求）,未判定实现状态；不得复用旧审计结论
REQ-ADMINPORTAL-00047,admin-portal,docs/PRD-管理后台.md,4.3.1 渚涘簲鍟嗙鐞?`/admin/vendors`,| 鐘舵€?| 鍦ㄧ嚎(馃煝) / 缁存姢(馃煛) / 绂荤嚎(馃敶) |,logic,P1,需求规定：鐘舵€?| 鍦ㄧ嚎(馃煝) / 缁存姢(馃煛) / 绂荤嚎(馃敶),源码路径+测试用例/运行验证（本阶段仅登记证据要求）,未判定实现状态；不得复用旧审计结论
REQ-ADMINPORTAL-00048,admin-portal,docs/PRD-管理后台.md,4.3.1 渚涘簲鍟嗙鐞?`/admin/vendors`,| 鍋ュ悍搴?| 鏈€杩?24 灏忔椂鍙敤鐜囩櫨鍒嗘瘮 |,logic,P1,需求规定：鍋ュ悍搴?| 鏈€杩?24 灏忔椂鍙敤鐜囩櫨鍒嗘瘮,源码路径+测试用例/运行验证（本阶段仅登记证据要求）,未判定实现状态；不得复用旧审计结论
REQ-ADMINPORTAL-00049,admin-portal,docs/PRD-管理后台.md,4.3.1 渚涘簲鍟嗙鐞?`/admin/vendors`,| 浠婃棩璋冪敤閲?| 鏁板€?|,logic,P1,需求规定：浠婃棩璋冪敤閲?| 鏁板€?,源码路径+测试用例/运行验证（本阶段仅登记证据要求）,未判定实现状态；不得复用旧审计结论
REQ-ADMINPORTAL-00050,admin-portal,docs/PRD-管理后台.md,4.3.1 渚涘簲鍟嗙鐞?`/admin/vendors`,| 浠婃棩璐圭敤 | 楼 鏍煎紡锛堝钩鍙伴噰璐垚鏈級|,logic,P1,需求规定：浠婃棩璐圭敤 | 楼 鏍煎紡锛堝钩鍙伴噰璐垚鏈級,源码路径+测试用例/运行验证（本阶段仅登记证据要求）,未判定实现状态；不得复用旧审计结论
REQ-ADMINPORTAL-00051,admin-portal,docs/PRD-管理后台.md,4.3.1 渚涘簲鍟嗙鐞?`/admin/vendors`,| 鎿嶄綔 | [缂栬緫] [鐘舵€佸垏鎹 [娴嬭瘯杩為€氭€ |,logic,P1,需求规定：鎿嶄綔 | [缂栬緫] [鐘舵€佸垏鎹 [娴嬭瘯杩為€氭€,源码路径+测试用例/运行验证（本阶段仅登记证据要求）,未判定实现状态；不得复用旧审计结论
REQ-ADMINPORTAL-00052,admin-portal,docs/PRD-管理后台.md,4.3.1 渚涘簲鍟嗙鐞?`/admin/vendors`,**渚涘簲鍟嗚鎯呪€斺€斿熀鏈俊鎭?*,logic,P1,需求规定：**渚涘簲鍟嗚鎯呪€斺€斿熀鏈俊鎭?*,源码路径+测试用例/运行验证（本阶段仅登记证据要求）,未判定实现状态；不得复用旧审计结论
REQ-ADMINPORTAL-00053,admin-portal,docs/PRD-管理后台.md,4.3.1 渚涘簲鍟嗙鐞?`/admin/vendors`,**渚涘簲鍟嗚鎯呪€斺€斿仴搴风姸鎬?*,logic,P1,需求规定：**渚涘簲鍟嗚鎯呪€斺€斿仴搴风姸鎬?*,源码路径+测试用例/运行验证（本阶段仅登记证据要求）,未判定实现状态；不得复用旧审计结论
REQ-ADMINPORTAL-00054,admin-portal,docs/PRD-管理后台.md,4.3.1 渚涘簲鍟嗙鐞?`/admin/vendors`,**渚涘簲鍟嗙姸鎬佸垏鎹?*,logic,P1,需求规定：**渚涘簲鍟嗙姸鎬佸垏鎹?*,源码路径+测试用例/运行验证（本阶段仅登记证据要求）,未判定实现状态；不得复用旧审计结论
REQ-ADMINPORTAL-00055,admin-portal,docs/PRD-管理后台.md,4.3.1 渚涘簲鍟嗙鐞?`/admin/vendors`,**鍋ュ悍妫€鏌ラ厤缃?*,logic,P1,需求规定：**鍋ュ悍妫€鏌ラ厤缃?*,源码路径+测试用例/运行验证（本阶段仅登记证据要求）,未判定实现状态；不得复用旧审计结论
REQ-ADMINPORTAL-00056,admin-portal,docs/PRD-管理后台.md,4.3.1 渚涘簲鍟嗙鐞?`/admin/vendors`,| 閰嶇疆椤?| 璇存槑 | 榛樿鍊?|,logic,P1,需求规定：閰嶇疆椤?| 璇存槑 | 榛樿鍊?,源码路径+测试用例/运行验证（本阶段仅登记证据要求）,未判定实现状态；不得复用旧审计结论
REQ-ADMINPORTAL-00057,admin-portal,docs/PRD-管理后台.md,4.3.1 渚涘簲鍟嗙鐞?`/admin/vendors`,| 妫€鏌ョ鐐?| 渚涘簲鍟嗗仴搴锋鏌?URL | `/health` |,field,P1,需求规定：妫€鏌ョ鐐?| 渚涘簲鍟嗗仴搴锋鏌?URL | `/health`,源码路径+测试用例/运行验证（本阶段仅登记证据要求）,未判定实现状态；不得复用旧审计结论
REQ-ADMINPORTAL-00058,admin-portal,docs/PRD-管理后台.md,4.3.1 渚涘簲鍟嗙鐞?`/admin/vendors`,| HTTP 鏂规硶 | GET / POST | GET |,api,P1,需求规定：HTTP 鏂规硶 | GET / POST | GET,源码路径+测试用例/运行验证（本阶段仅登记证据要求）,未判定实现状态；不得复用旧审计结论
REQ-ADMINPORTAL-00059,admin-portal,docs/PRD-管理后台.md,4.3.1 渚涘簲鍟嗙鐞?`/admin/vendors`,"| 鏈熸湜鍝嶅簲 | 鏈熸湜 HTTP 鐘舵€佺爜鎴栧搷搴斾綋 | `200` 鎴?`{""status"":""ok""}` |",api,P1,"需求规定：鏈熸湜鍝嶅簲 | 鏈熸湜 HTTP 鐘舵€佺爜鎴栧搷搴斾綋 | `200` 鎴?`{""status"":""ok""}`",源码路径+测试用例/运行验证（本阶段仅登记证据要求）,未判定实现状态；不得复用旧审计结论
REQ-ADMINPORTAL-00060,admin-portal,docs/PRD-管理后台.md,4.3.1 渚涘簲鍟嗙鐞?`/admin/vendors`,| 妫€鏌ラ棿闅?| 绉?| 30 绉?|,logic,P1,需求规定：妫€鏌ラ棿闅?| 绉?| 30 绉?,源码路径+测试用例/运行验证（本阶段仅登记证据要求）,未判定实现状态；不得复用旧审计结论
REQ-ADMINPORTAL-00061,admin-portal,docs/PRD-管理后台.md,4.3.1 渚涘簲鍟嗙鐞?`/admin/vendors`,| 瓒呮椂鏃堕棿 | 姣 | 5000ms |,logic,P1,需求规定：瓒呮椂鏃堕棿 | 姣 | 5000ms,源码路径+测试用例/运行验证（本阶段仅登记证据要求）,未判定实现状态；不得复用旧审计结论
REQ-ADMINPORTAL-00062,admin-portal,docs/PRD-管理后台.md,4.3.1 渚涘簲鍟嗙鐞?`/admin/vendors`,| 澶辫触闃堝€?| 杩炵画澶辫触娆℃暟杈炬鍊艰Е鍙戝憡璀?| 3 娆?|,logic,P1,需求规定：澶辫触闃堝€?| 杩炵画澶辫触娆℃暟杈炬鍊艰Е鍙戝憡璀?| 3 娆?,源码路径+测试用例/运行验证（本阶段仅登记证据要求）,未判定实现状态；不得复用旧审计结论
REQ-ADMINPORTAL-00063,admin-portal,docs/PRD-管理后台.md,4.3.1 渚涘簲鍟嗙鐞?`/admin/vendors`,| 鐔旀柇闃堝€?| 杩炵画澶辫触娆℃暟杈炬鍊艰嚜鍔ㄧ啍鏂?| 10 娆?|,logic,P1,需求规定：鐔旀柇闃堝€?| 杩炵画澶辫触娆℃暟杈炬鍊艰嚜鍔ㄧ啍鏂?| 10 娆?,源码路径+测试用例/运行验证（本阶段仅登记证据要求）,未判定实现状态；不得复用旧审计结论
REQ-ADMINPORTAL-00064,admin-portal,docs/PRD-管理后台.md,4.3.2 妯″瀷绠＄悊 `/admin/models`,**妯″瀷鍒楄〃**,logic,P1,需求规定：**妯″瀷鍒楄〃**,源码路径+测试用例/运行验证（本阶段仅登记证据要求）,未判定实现状态；不得复用旧审计结论
REQ-ADMINPORTAL-00065,admin-portal,docs/PRD-管理后台.md,4.3.2 妯″瀷绠＄悊 `/admin/models`,| 鍒?| 璇存槑 |,logic,P1,需求规定：鍒?| 璇存槑,源码路径+测试用例/运行验证（本阶段仅登记证据要求）,未判定实现状态；不得复用旧审计结论
REQ-ADMINPORTAL-00066,admin-portal,docs/PRD-管理后台.md,4.3.2 妯″瀷绠＄悊 `/admin/models`,| 妯″瀷鍚?| `deepseek-chat` |,logic,P1,需求规定：妯″瀷鍚?| `deepseek-chat`,源码路径+测试用例/运行验证（本阶段仅登记证据要求）,未判定实现状态；不得复用旧审计结论
REQ-ADMINPORTAL-00067,admin-portal,docs/PRD-管理后台.md,4.3.2 妯″瀷绠＄悊 `/admin/models`,| 渚涘簲鍟?| `DeepSeek` |,logic,P1,需求规定：渚涘簲鍟?| `DeepSeek`,源码路径+测试用例/运行验证（本阶段仅登记证据要求）,未判定实现状态；不得复用旧审计结论
REQ-ADMINPORTAL-00068,admin-portal,docs/PRD-管理后台.md,4.3.2 妯″瀷绠＄悊 `/admin/models`,| 鑳藉姏绫诲瀷 | 鏂囨湰鐢熸垚 / 瀵硅瘽 / 浠ｇ爜 / 鍥惧儚 / 宓屽叆 |,logic,P1,需求规定：鑳藉姏绫诲瀷 | 鏂囨湰鐢熸垚 / 瀵硅瘽 / 浠ｇ爜 / 鍥惧儚 / 宓屽叆,源码路径+测试用例/运行验证（本阶段仅登记证据要求）,未判定实现状态；不得复用旧审计结论
REQ-ADMINPORTAL-00069,admin-portal,docs/PRD-管理后台.md,4.3.2 妯″瀷绠＄悊 `/admin/models`,| 涓婁笅鏂囩獥鍙?| `128K` / `32K` |,logic,P1,需求规定：涓婁笅鏂囩獥鍙?| `128K` / `32K`,源码路径+测试用例/运行验证（本阶段仅登记证据要求）,未判定实现状态；不得复用旧审计结论
REQ-ADMINPORTAL-00070,admin-portal,docs/PRD-管理后台.md,4.3.2 妯″瀷绠＄悊 `/admin/models`,| 鏍囧噯浠锋牸 | 杈撳叆 `楼0.002` / 杈撳嚭 `楼0.008` |,logic,P1,需求规定：鏍囧噯浠锋牸 | 杈撳叆 `楼0.002` / 杈撳嚭 `楼0.008`,源码路径+测试用例/运行验证（本阶段仅登记证据要求）,未判定实现状态；不得复用旧审计结论
REQ-ADMINPORTAL-00071,admin-portal,docs/PRD-管理后台.md,4.3.2 妯″瀷绠＄悊 `/admin/models`,| 鐘舵€?| 鍙敤 / 宸蹭笅绾?|,logic,P1,需求规定：鐘舵€?| 鍙敤 / 宸蹭笅绾?,源码路径+测试用例/运行验证（本阶段仅登记证据要求）,未判定实现状态；不得复用旧审计结论
REQ-ADMINPORTAL-00072,admin-portal,docs/PRD-管理后台.md,4.3.2 妯″瀷绠＄悊 `/admin/models`,| 鎿嶄綔 | [缂栬緫] [涓嬬嚎/涓婄嚎] |,logic,P1,需求规定：鎿嶄綔 | [缂栬緫] [涓嬬嚎/涓婄嚎],源码路径+测试用例/运行验证（本阶段仅登记证据要求）,未判定实现状态；不得复用旧审计结论
REQ-ADMINPORTAL-00073,admin-portal,docs/PRD-管理后台.md,4.3.2 妯″瀷绠＄悊 `/admin/models`,**鍒涘缓/缂栬緫妯″瀷**,logic,P1,需求规定：**鍒涘缓/缂栬緫妯″瀷**,源码路径+测试用例/运行验证（本阶段仅登记证据要求）,未判定实现状态；不得复用旧审计结论
REQ-ADMINPORTAL-00074,admin-portal,docs/PRD-管理后台.md,4.3.2 妯″瀷绠＄悊 `/admin/models`,**浠锋牸鍙樻洿鍘嗗彶**,logic,P1,需求规定：**浠锋牸鍙樻洿鍘嗗彶**,源码路径+测试用例/运行验证（本阶段仅登记证据要求）,未判定实现状态；不得复用旧审计结论
REQ-ADMINPORTAL-00075,admin-portal,docs/PRD-管理后台.md,4.3.2 妯″瀷绠＄悊 `/admin/models`,**鎵归噺浠锋牸鍙樻洿**,logic,P1,需求规定：**鎵归噺浠锋牸鍙樻洿**,源码路径+测试用例/运行验证（本阶段仅登记证据要求）,未判定实现状态；不得复用旧审计结论
REQ-ADMINPORTAL-00076,admin-portal,docs/PRD-管理后台.md,4.3.3 渚涘簲鍟?妯″瀷鏄犲皠 `/admin/vendor-models`,**鏄犲皠鍒楄〃**,logic,P1,需求规定：**鏄犲皠鍒楄〃**,源码路径+测试用例/运行验证（本阶段仅登记证据要求）,未判定实现状态；不得复用旧审计结论
REQ-ADMINPORTAL-00077,admin-portal,docs/PRD-管理后台.md,4.3.3 渚涘簲鍟?妯″瀷鏄犲皠 `/admin/vendor-models`,| 鍒?| 璇存槑 |,logic,P1,需求规定：鍒?| 璇存槑,源码路径+测试用例/运行验证（本阶段仅登记证据要求）,未判定实现状态；不得复用旧审计结论
REQ-ADMINPORTAL-00078,admin-portal,docs/PRD-管理后台.md,4.3.3 渚涘簲鍟?妯″瀷鏄犲皠 `/admin/vendor-models`,| 妯″瀷鍚?| 骞冲彴妯″瀷鍚?|,logic,P1,需求规定：妯″瀷鍚?| 骞冲彴妯″瀷鍚?,源码路径+测试用例/运行验证（本阶段仅登记证据要求）,未判定实现状态；不得复用旧审计结论
REQ-ADMINPORTAL-00079,admin-portal,docs/PRD-管理后台.md,4.3.3 渚涘簲鍟?妯″瀷鏄犲皠 `/admin/vendor-models`,| 渚涘簲鍟?| 渚涘簲鍟嗗悕 |,logic,P1,需求规定：渚涘簲鍟?| 渚涘簲鍟嗗悕,源码路径+测试用例/运行验证（本阶段仅登记证据要求）,未判定实现状态；不得复用旧审计结论
REQ-ADMINPORTAL-00080,admin-portal,docs/PRD-管理后台.md,4.3.3 渚涘簲鍟?妯″瀷鏄犲皠 `/admin/vendor-models`,| 涓婃父妯″瀷鍚?| 璇ヤ緵搴斿晢瀵硅繖涓ā鍨嬬殑鍛藉悕 |,logic,P1,需求规定：涓婃父妯″瀷鍚?| 璇ヤ緵搴斿晢瀵硅繖涓ā鍨嬬殑鍛藉悕,源码路径+测试用例/运行验证（本阶段仅登记证据要求）,未判定实现状态；不得复用旧审计结论
REQ-ADMINPORTAL-00081,admin-portal,docs/PRD-管理后台.md,4.3.3 渚涘簲鍟?妯″瀷鏄犲皠 `/admin/vendor-models`,| 杈撳叆浠锋牸 | 楼/1K tokens锛堝钩鍙伴噰璐环锛墊,logic,P1,需求规定：杈撳叆浠锋牸 | 楼/1K tokens锛堝钩鍙伴噰璐环锛墊,源码路径+测试用例/运行验证（本阶段仅登记证据要求）,未判定实现状态；不得复用旧审计结论
REQ-ADMINPORTAL-00082,admin-portal,docs/PRD-管理后台.md,4.3.3 渚涘簲鍟?妯″瀷鏄犲皠 `/admin/vendor-models`,| 杈撳嚭浠锋牸 | 楼/1K tokens |,logic,P1,需求规定：杈撳嚭浠锋牸 | 楼/1K tokens,源码路径+测试用例/运行验证（本阶段仅登记证据要求）,未判定实现状态；不得复用旧审计结论
REQ-ADMINPORTAL-00083,admin-portal,docs/PRD-管理后台.md,4.3.3 渚涘簲鍟?妯″瀷鏄犲皠 `/admin/vendor-models`,| 鏉冮噸 | 澶氫緵搴斿晢鏃舵祦閲忓垎閰嶆潈閲?|,logic,P1,需求规定：鏉冮噸 | 澶氫緵搴斿晢鏃舵祦閲忓垎閰嶆潈閲?,源码路径+测试用例/运行验证（本阶段仅登记证据要求）,未判定实现状态；不得复用旧审计结论
REQ-ADMINPORTAL-00084,admin-portal,docs/PRD-管理后台.md,4.3.3 渚涘簲鍟?妯″瀷鏄犲皠 `/admin/vendor-models`,| 浼樺厛绾?| 鏁板瓧瓒婂皬瓒婁紭鍏?|,logic,P1,需求规定：浼樺厛绾?| 鏁板瓧瓒婂皬瓒婁紭鍏?,源码路径+测试用例/运行验证（本阶段仅登记证据要求）,未判定实现状态；不得复用旧审计结论
REQ-ADMINPORTAL-00085,admin-portal,docs/PRD-管理后台.md,4.3.3 渚涘簲鍟?妯″瀷鏄犲皠 `/admin/vendor-models`,| 鐘舵€?| 鍙敤/绂佺敤 |,logic,P1,需求规定：鐘舵€?| 鍙敤/绂佺敤,源码路径+测试用例/运行验证（本阶段仅登记证据要求）,未判定实现状态；不得复用旧审计结论
REQ-ADMINPORTAL-00086,admin-portal,docs/PRD-管理后台.md,4.3.3 渚涘簲鍟?妯″瀷鏄犲皠 `/admin/vendor-models`,**鍒涘缓鏄犲皠**,logic,P1,需求规定：**鍒涘缓鏄犲皠**,源码路径+测试用例/运行验证（本阶段仅登记证据要求）,未判定实现状态；不得复用旧审计结论
REQ-ADMINPORTAL-00087,admin-portal,docs/PRD-管理后台.md,4.3.3 渚涘簲鍟?妯″瀷鏄犲皠 `/admin/vendor-models`,**澶氫緵搴斿晢璺敱閫昏緫**,logic,P1,需求规定：**澶氫緵搴斿晢璺敱閫昏緫**,源码路径+测试用例/运行验证（本阶段仅登记证据要求）,未判定实现状态；不得复用旧审计结论
REQ-ADMINPORTAL-00088,admin-portal,docs/PRD-管理后台.md,4.3.4 Key 璧勬簮姹?`/admin/vendor-key-groups`锛圥2锛?,**涓轰粈涔堥渶瑕?Key 璧勬簮姹?*,logic,P1,需求规定：**涓轰粈涔堥渶瑕?Key 璧勬簮姹?*,源码路径+测试用例/运行验证（本阶段仅登记证据要求）,未判定实现状态；不得复用旧审计结论
REQ-ADMINPORTAL-00089,admin-portal,docs/PRD-管理后台.md,4.3.4 Key 璧勬簮姹?`/admin/vendor-key-groups`锛圥2锛?,- 鏃犳硶绮剧粏鎺у埗鍝釜 Key 鎺ユ敹澶氬皯娴侀噺,logic,P1,需求规定：- 鏃犳硶绮剧粏鎺у埗鍝釜 Key 鎺ユ敹澶氬皯娴侀噺,源码路径+测试用例/运行验证（本阶段仅登记证据要求）,未判定实现状态；不得复用旧审计结论
REQ-ADMINPORTAL-00090,admin-portal,docs/PRD-管理后台.md,4.3.4 Key 璧勬簮姹?`/admin/vendor-key-groups`锛圥2锛?,- 鏌愪釜 Key 寮傚父鏃堕毦浠ュ揩閫熷垏鎹?,logic,P1,需求规定：- 鏌愪釜 Key 寮傚父鏃堕毦浠ュ揩閫熷垏鎹?,源码路径+测试用例/运行验证（本阶段仅登记证据要求）,未判定实现状态；不得复用旧审计结论
REQ-ADMINPORTAL-00091,admin-portal,docs/PRD-管理后台.md,4.3.4 Key 璧勬簮姹?`/admin/vendor-key-groups`锛圥2锛?,- 涓嶅悓閲囪喘浠锋牸鐨?Key 鏃犳硶鍖哄垎瀹氫环,logic,P1,需求规定：- 涓嶅悓閲囪喘浠锋牸鐨?Key 鏃犳硶鍖哄垎瀹氫环,源码路径+测试用例/运行验证（本阶段仅登记证据要求）,未判定实现状态；不得复用旧审计结论
REQ-ADMINPORTAL-00092,admin-portal,docs/PRD-管理后台.md,4.3.4 Key 璧勬簮姹?`/admin/vendor-key-groups`锛圥2锛?,**璧勬簮姹犲垎缁勮鏍?*,logic,P1,需求规定：**璧勬簮姹犲垎缁勮鏍?*,源码路径+测试用例/运行验证（本阶段仅登记证据要求）,未判定实现状态；不得复用旧审计结论
REQ-ADMINPORTAL-00093,admin-portal,docs/PRD-管理后台.md,4.3.4 Key 璧勬簮姹?`/admin/vendor-key-groups`锛圥2锛?,| 瀛楁 | 璇存槑 |,logic,P1,需求规定：瀛楁 | 璇存槑,源码路径+测试用例/运行验证（本阶段仅登记证据要求）,未判定实现状态；不得复用旧审计结论
REQ-ADMINPORTAL-00094,admin-portal,docs/PRD-管理后台.md,4.3.4 Key 璧勬簮姹?`/admin/vendor-key-groups`锛圥2锛?,"| 鍒嗙粍鍚?| 濡?""楂樹紭鍏堢骇缁? / ""鏅€氱粍"" |",logic,P1,"需求规定：鍒嗙粍鍚?| 濡?""楂樹紭鍏堢骇缁? / ""鏅€氱粍""",源码路径+测试用例/运行验证（本阶段仅登记证据要求）,未判定实现状态；不得复用旧审计结论
REQ-ADMINPORTAL-00095,admin-portal,docs/PRD-管理后台.md,4.3.4 Key 璧勬簮姹?`/admin/vendor-key-groups`锛圥2锛?,| 鎵€灞炰緵搴斿晢 | 鍏宠仈鍒板叿浣撲緵搴斿晢 |,logic,P1,需求规定：鎵€灞炰緵搴斿晢 | 鍏宠仈鍒板叿浣撲緵搴斿晢,源码路径+测试用例/运行验证（本阶段仅登记证据要求）,未判定实现状态；不得复用旧审计结论
REQ-ADMINPORTAL-00096,admin-portal,docs/PRD-管理后台.md,4.3.4 Key 璧勬簮姹?`/admin/vendor-key-groups`锛圥2锛?,| 鏉冮噸 | 鏁翠釜鍒嗙粍鐨勬祦閲忔潈閲?|,logic,P1,需求规定：鏉冮噸 | 鏁翠釜鍒嗙粍鐨勬祦閲忔潈閲?,源码路径+测试用例/运行验证（本阶段仅登记证据要求）,未判定实现状态；不得复用旧审计结论
REQ-ADMINPORTAL-00097,admin-portal,docs/PRD-管理后台.md,4.3.4 Key 璧勬簮姹?`/admin/vendor-key-groups`锛圥2锛?,| 瀹氫环瑕嗙洊 | 鍙嫭绔嬩簬鍏ㄥ眬瀹氫环 |,logic,P1,需求规定：瀹氫环瑕嗙洊 | 鍙嫭绔嬩簬鍏ㄥ眬瀹氫环,源码路径+测试用例/运行验证（本阶段仅登记证据要求）,未判定实现状态；不得复用旧审计结论
REQ-ADMINPORTAL-00098,admin-portal,docs/PRD-管理后台.md,4.3.4 Key 璧勬簮姹?`/admin/vendor-key-groups`锛圥2锛?,| 鐘舵€?| 鍚敤/绂佺敤 |,logic,P1,需求规定：鐘舵€?| 鍚敤/绂佺敤,源码路径+测试用例/运行验证（本阶段仅登记证据要求）,未判定实现状态；不得复用旧审计结论
REQ-ADMINPORTAL-00099,admin-portal,docs/PRD-管理后台.md,4.3.4 Key 璧勬簮姹?`/admin/vendor-key-groups`锛圥2锛?,**鍒嗙粍鍐呯殑 Key 绠＄悊**,logic,P1,需求规定：**鍒嗙粍鍐呯殑 Key 绠＄悊**,源码路径+测试用例/运行验证（本阶段仅登记证据要求）,未判定实现状态；不得复用旧审计结论
REQ-ADMINPORTAL-00100,admin-portal,docs/PRD-管理后台.md,4.3.4 Key 璧勬簮姹?`/admin/vendor-key-groups`锛圥2锛?,**鍔犳潈杞绠楁硶**,logic,P1,需求规定：**鍔犳潈杞绠楁硶**,源码路径+测试用例/运行验证（本阶段仅登记证据要求）,未判定实现状态；不得复用旧审计结论
REQ-ADMINPORTAL-00101,admin-portal,docs/PRD-管理后台.md,4.3.4 Key 璧勬簮姹?`/admin/vendor-key-groups`锛圥2锛?,**杩為€氭€ф祴璇?*,logic,P1,需求规定：**杩為€氭€ф祴璇?*,源码路径+测试用例/运行验证（本阶段仅登记证据要求）,未判定实现状态；不得复用旧审计结论
REQ-ADMINPORTAL-00102,admin-portal,docs/PRD-管理后台.md,4.4.1 璐㈠姟鎬昏 `/admin/finance`,**鏀跺叆鍒嗘瀽闈㈡澘**,logic,P1,需求规定：**鏀跺叆鍒嗘瀽闈㈡澘**,源码路径+测试用例/运行验证（本阶段仅登记证据要求）,未判定实现状态；不得复用旧审计结论
REQ-ADMINPORTAL-00103,admin-portal,docs/PRD-管理后台.md,4.4.1 璐㈠姟鎬昏 `/admin/finance`,**鏀嚭鍒嗘瀽闈㈡澘**,logic,P1,需求规定：**鏀嚭鍒嗘瀽闈㈡澘**,源码路径+测试用例/运行验证（本阶段仅登记证据要求）,未判定实现状态；不得复用旧审计结论
REQ-ADMINPORTAL-00104,admin-portal,docs/PRD-管理后台.md,4.4.1 璐㈠姟鎬昏 `/admin/finance`,**鍒╂鼎鍒嗘瀽闈㈡澘**锛圥1锛?,logic,P1,需求规定：**鍒╂鼎鍒嗘瀽闈㈡澘**锛圥1锛?,源码路径+测试用例/运行验证（本阶段仅登记证据要求）,未判定实现状态；不得复用旧审计结论
REQ-ADMINPORTAL-00105,admin-portal,docs/PRD-管理后台.md,4.4.2 鍏呭€艰鍗?`/admin/recharge-orders`,**璁㈠崟鍒楄〃**,logic,P1,需求规定：**璁㈠崟鍒楄〃**,源码路径+测试用例/运行验证（本阶段仅登记证据要求）,未判定实现状态；不得复用旧审计结论
REQ-ADMINPORTAL-00106,admin-portal,docs/PRD-管理后台.md,4.4.2 鍏呭€艰鍗?`/admin/recharge-orders`,| 鍒?| 璇存槑 |,logic,P1,需求规定：鍒?| 璇存槑,源码路径+测试用例/运行验证（本阶段仅登记证据要求）,未判定实现状态；不得复用旧审计结论
REQ-ADMINPORTAL-00107,admin-portal,docs/PRD-管理后台.md,4.4.2 鍏呭€艰鍗?`/admin/recharge-orders`,| 璁㈠崟鍙?| `RCH-20260726-0001` |,logic,P1,需求规定：璁㈠崟鍙?| `RCH-20260726-0001`,源码路径+测试用例/运行验证（本阶段仅登记证据要求）,未判定实现状态；不得复用旧审计结论
REQ-ADMINPORTAL-00108,admin-portal,docs/PRD-管理后台.md,4.4.2 鍏呭€艰鍗?`/admin/recharge-orders`,| 鐢ㄦ埛 | 鐢ㄦ埛鏄电О锛堝彲鐐瑰嚮杩涘叆鐢ㄦ埛璇︽儏锛墊,logic,P1,需求规定：鐢ㄦ埛 | 鐢ㄦ埛鏄电О锛堝彲鐐瑰嚮杩涘叆鐢ㄦ埛璇︽儏锛墊,源码路径+测试用例/运行验证（本阶段仅登记证据要求）,未判定实现状态；不得复用旧审计结论
REQ-ADMINPORTAL-00109,admin-portal,docs/PRD-管理后台.md,4.4.2 鍏呭€艰鍗?`/admin/recharge-orders`,| 閲戦 | 楼100.00 |,logic,P1,需求规定：閲戦 | 楼100.00,源码路径+测试用例/运行验证（本阶段仅登记证据要求）,未判定实现状态；不得复用旧审计结论
REQ-ADMINPORTAL-00110,admin-portal,docs/PRD-管理后台.md,4.4.2 鍏呭€艰鍗?`/admin/recharge-orders`,| 鏀粯鏂瑰紡 | 鏀粯瀹?/ 寰俊 / 瀵瑰叕杞处 |,logic,P1,需求规定：鏀粯鏂瑰紡 | 鏀粯瀹?/ 寰俊 / 瀵瑰叕杞处,源码路径+测试用例/运行验证（本阶段仅登记证据要求）,未判定实现状态；不得复用旧审计结论
REQ-ADMINPORTAL-00111,admin-portal,docs/PRD-管理后台.md,4.4.2 鍏呭€艰鍗?`/admin/recharge-orders`,| 鍏呭€兼椂闂?| 2026-07-26 11:35 |,logic,P1,需求规定：鍏呭€兼椂闂?| 2026-07-26 11:35,源码路径+测试用例/运行验证（本阶段仅登记证据要求）,未判定实现状态；不得复用旧审计结论
REQ-ADMINPORTAL-00112,admin-portal,docs/PRD-管理后台.md,4.4.2 鍏呭€艰鍗?`/admin/recharge-orders`,| 鐘舵€?| 鎴愬姛 / 澶辫触 / 寰呮敮浠?/ 宸茶繃鏈?/ 寮傚父 |,logic,P1,需求规定：鐘舵€?| 鎴愬姛 / 澶辫触 / 寰呮敮浠?/ 宸茶繃鏈?/ 寮傚父,源码路径+测试用例/运行验证（本阶段仅登记证据要求）,未判定实现状态；不得复用旧审计结论
REQ-ADMINPORTAL-00113,admin-portal,docs/PRD-管理后台.md,4.4.2 鍏呭€艰鍗?`/admin/recharge-orders`,| 鎿嶄綔 | [璇︽儏] [琛ュ崟] [閫€娆綸 |,logic,P1,需求规定：鎿嶄綔 | [璇︽儏] [琛ュ崟] [閫€娆綸,源码路径+测试用例/运行验证（本阶段仅登记证据要求）,未判定实现状态；不得复用旧审计结论
REQ-ADMINPORTAL-00114,admin-portal,docs/PRD-管理后台.md,4.4.2 鍏呭€艰鍗?`/admin/recharge-orders`,**寮傚父璁㈠崟澶勭悊**,logic,P1,需求规定：**寮傚父璁㈠崟澶勭悊**,源码路径+测试用例/运行验证（本阶段仅登记证据要求）,未判定实现状态；不得复用旧审计结论
REQ-ADMINPORTAL-00115,admin-portal,docs/PRD-管理后台.md,4.4.3 浣ｉ噾绠＄悊 `/admin/finance/commissions`,**浣ｉ噾瑙勫垯鈥斺€斿叏灞€榛樿**,logic,P1,需求规定：**浣ｉ噾瑙勫垯鈥斺€斿叏灞€榛樿**,源码路径+测试用例/运行验证（本阶段仅登记证据要求）,未判定实现状态；不得复用旧审计结论
REQ-ADMINPORTAL-00116,admin-portal,docs/PRD-管理后台.md,4.4.3 浣ｉ噾绠＄悊 `/admin/finance/commissions`,| 瑙勫垯椤?| 榛樿鍊?| 璇存槑 |,logic,P1,需求规定：瑙勫垯椤?| 榛樿鍊?| 璇存槑,源码路径+测试用例/运行验证（本阶段仅登记证据要求）,未判定实现状态；不得复用旧审计结论
REQ-ADMINPORTAL-00117,admin-portal,docs/PRD-管理后台.md,4.4.3 浣ｉ噾绠＄悊 `/admin/finance/commissions`,| 榛樿浣ｉ噾姣斾緥 | 10% | 鎵€鏈夋柊寤轰唬鐞嗙殑榛樿浣ｉ噾鐜?|,logic,P1,需求规定：榛樿浣ｉ噾姣斾緥 | 10% | 鎵€鏈夋柊寤轰唬鐞嗙殑榛樿浣ｉ噾鐜?,源码路径+测试用例/运行验证（本阶段仅登记证据要求）,未判定实现状态；不得复用旧审计结论
REQ-ADMINPORTAL-00118,admin-portal,docs/PRD-管理后台.md,4.4.3 浣ｉ噾绠＄悊 `/admin/finance/commissions`,| 鏈€浣庝剑閲戠巼 | 3% | 涓嶅彲浣庝簬姝ゅ€?|,logic,P1,需求规定：鏈€浣庝剑閲戠巼 | 3% | 涓嶅彲浣庝簬姝ゅ€?,源码路径+测试用例/运行验证（本阶段仅登记证据要求）,未判定实现状态；不得复用旧审计结论
REQ-ADMINPORTAL-00119,admin-portal,docs/PRD-管理后台.md,4.4.3 浣ｉ噾绠＄悊 `/admin/finance/commissions`,| 鏈€楂樹剑閲戠巼 | 30% | 涓嶅彲楂樹簬姝ゅ€?|,logic,P1,需求规定：鏈€楂樹剑閲戠巼 | 30% | 涓嶅彲楂樹簬姝ゅ€?,源码路径+测试用例/运行验证（本阶段仅登记证据要求）,未判定实现状态；不得复用旧审计结论
REQ-ADMINPORTAL-00120,admin-portal,docs/PRD-管理后台.md,4.4.3 浣ｉ噾绠＄悊 `/admin/finance/commissions`,| 浣ｉ噾璁＄畻鍩哄噯 | 鐢ㄦ埛娑堣垂閲戦 | 鍚爣鍑嗕环/娲诲姩浠凤紝涓嶅惈閫€娆?|,logic,P1,需求规定：浣ｉ噾璁＄畻鍩哄噯 | 鐢ㄦ埛娑堣垂閲戦 | 鍚爣鍑嗕环/娲诲姩浠凤紝涓嶅惈閫€娆?,源码路径+测试用例/运行验证（本阶段仅登记证据要求）,未判定实现状态；不得复用旧审计结论
REQ-ADMINPORTAL-00121,admin-portal,docs/PRD-管理后台.md,4.4.3 浣ｉ噾绠＄悊 `/admin/finance/commissions`,**闃舵浣ｉ噾閰嶇疆**,logic,P1,需求规定：**闃舵浣ｉ噾閰嶇疆**,源码路径+测试用例/运行验证（本阶段仅登记证据要求）,未判定实现状态；不得复用旧审计结论
REQ-ADMINPORTAL-00122,admin-portal,docs/PRD-管理后台.md,4.4.3 浣ｉ噾绠＄悊 `/admin/finance/commissions`,**浣ｉ噾娴佹按鏌ヨ**,logic,P1,需求规定：**浣ｉ噾娴佹按鏌ヨ**,源码路径+测试用例/运行验证（本阶段仅登记证据要求）,未判定实现状态；不得复用旧审计结论
REQ-ADMINPORTAL-00123,admin-portal,docs/PRD-管理后台.md,4.4.3 浣ｉ噾绠＄悊 `/admin/finance/commissions`,| 鍒?| 璇存槑 |,logic,P1,需求规定：鍒?| 璇存槑,源码路径+测试用例/运行验证（本阶段仅登记证据要求）,未判定实现状态；不得复用旧审计结论
REQ-ADMINPORTAL-00124,admin-portal,docs/PRD-管理后台.md,4.4.3 浣ｉ噾绠＄悊 `/admin/finance/commissions`,| 鏃堕棿 | 2026-07-26 11:35 |,logic,P1,需求规定：鏃堕棿 | 2026-07-26 11:35,源码路径+测试用例/运行验证（本阶段仅登记证据要求）,未判定实现状态；不得复用旧审计结论
REQ-ADMINPORTAL-00125,admin-portal,docs/PRD-管理后台.md,4.4.3 浣ｉ噾绠＄悊 `/admin/finance/commissions`,| 浠ｇ悊 | TechAgent |,logic,P1,需求规定：浠ｇ悊 | TechAgent,源码路径+测试用例/运行验证（本阶段仅登记证据要求）,未判定实现状态；不得复用旧审计结论
REQ-ADMINPORTAL-00126,admin-portal,docs/PRD-管理后台.md,4.4.3 浣ｉ噾绠＄悊 `/admin/finance/commissions`,| 鏉ユ簮鐢ㄦ埛 | user_12345 |,logic,P1,需求规定：鏉ユ簮鐢ㄦ埛 | user_12345,源码路径+测试用例/运行验证（本阶段仅登记证据要求）,未判定实现状态；不得复用旧审计结论
REQ-ADMINPORTAL-00127,admin-portal,docs/PRD-管理后台.md,4.4.3 浣ｉ噾绠＄悊 `/admin/finance/commissions`,| 娑堣垂閲戦 | 楼100.00 |,logic,P1,需求规定：娑堣垂閲戦 | 楼100.00,源码路径+测试用例/运行验证（本阶段仅登记证据要求）,未判定实现状态；不得复用旧审计结论
REQ-ADMINPORTAL-00128,admin-portal,docs/PRD-管理后台.md,4.4.3 浣ｉ噾绠＄悊 `/admin/finance/commissions`,| 浣ｉ噾鐜?| 10% |,logic,P1,需求规定：浣ｉ噾鐜?| 10%,源码路径+测试用例/运行验证（本阶段仅登记证据要求）,未判定实现状态；不得复用旧审计结论
REQ-ADMINPORTAL-00129,admin-portal,docs/PRD-管理后台.md,4.4.3 浣ｉ噾绠＄悊 `/admin/finance/commissions`,| 浣ｉ噾閲戦 | 楼10.00 |,logic,P1,需求规定：浣ｉ噾閲戦 | 楼10.00,源码路径+测试用例/运行验证（本阶段仅登记证据要求）,未判定实现状态；不得复用旧审计结论
REQ-ADMINPORTAL-00130,admin-portal,docs/PRD-管理后台.md,4.4.3 浣ｉ噾绠＄悊 `/admin/finance/commissions`,| 缁撶畻鐘舵€?| 宸茬粨绠?/ 寰呯粨绠?|,logic,P1,需求规定：缁撶畻鐘舵€?| 宸茬粨绠?/ 寰呯粨绠?,源码路径+测试用例/运行验证（本阶段仅登记证据要求）,未判定实现状态；不得复用旧审计结论
REQ-ADMINPORTAL-00131,admin-portal,docs/PRD-管理后台.md,4.4.3 浣ｉ噾绠＄悊 `/admin/finance/commissions`,| 缁撶畻鍛ㄦ湡 | 2026-07 |,logic,P1,需求规定：缁撶畻鍛ㄦ湡 | 2026-07,源码路径+测试用例/运行验证（本阶段仅登记证据要求）,未判定实现状态；不得复用旧审计结论
REQ-ADMINPORTAL-00132,admin-portal,docs/PRD-管理后台.md,4.4.4 鎻愮幇瀹℃牳 `/admin/withdraws`,**鍙屽娴佺▼璇︾粏鏉?*,logic,P1,需求规定：**鍙屽娴佺▼璇︾粏鏉?*,源码路径+测试用例/运行验证（本阶段仅登记证据要求）,未判定实现状态；不得复用旧审计结论
REQ-ADMINPORTAL-00133,admin-portal,docs/PRD-管理后台.md,4.5.1 娲诲姩绠＄悊 `/admin/campaigns`,**娲诲姩瀹屾暣鐢熷懡鍛ㄦ湡**,logic,P1,需求规定：**娲诲姩瀹屾暣鐢熷懡鍛ㄦ湡**,源码路径+测试用例/运行验证（本阶段仅登记证据要求）,未判定实现状态；不得复用旧审计结论
REQ-ADMINPORTAL-00134,admin-portal,docs/PRD-管理后台.md,4.5.1 娲诲姩绠＄悊 `/admin/campaigns`,**娲诲姩绫诲瀷涓庨厤缃?*,logic,P1,需求规定：**娲诲姩绫诲瀷涓庨厤缃?*,源码路径+测试用例/运行验证（本阶段仅登记证据要求）,未判定实现状态；不得复用旧审计结论
REQ-ADMINPORTAL-00135,admin-portal,docs/PRD-管理后台.md,4.5.1 娲诲姩绠＄悊 `/admin/campaigns`,| 绫诲瀷 | 瑙﹀彂鏉′欢 | 濂栧姳 | 閰嶇疆鍙傛暟 |,logic,P1,需求规定：绫诲瀷 | 瑙﹀彂鏉′欢 | 濂栧姳 | 閰嶇疆鍙傛暟,源码路径+测试用例/运行验证（本阶段仅登记证据要求）,未判定实现状态；不得复用旧审计结论
REQ-ADMINPORTAL-00136,admin-portal,docs/PRD-管理后台.md,4.5.1 娲诲姩绠＄悊 `/admin/campaigns`,| 鍏呭€兼弧璧?| 鍏呭€奸噾棰?鈮?闃堝€?| 璧犻€佷綑棰?| 婊?楼500 閫?楼50 |,logic,P1,需求规定：鍏呭€兼弧璧?| 鍏呭€奸噾棰?鈮?闃堝€?| 璧犻€佷綑棰?| 婊?楼500 閫?楼50,源码路径+测试用例/运行验证（本阶段仅登记证据要求）,未判定实现状态；不得复用旧审计结论
REQ-ADMINPORTAL-00137,admin-portal,docs/PRD-管理后台.md,4.5.1 娲诲姩绠＄悊 `/admin/campaigns`,| 娑堣垂杩斿埄 | 绱娑堣垂 鈮?闃堝€?| 杩旇繕浣欓 | 娑堣垂婊?楼1000 杩?楼30 |,logic,P1,需求规定：娑堣垂杩斿埄 | 绱娑堣垂 鈮?闃堝€?| 杩旇繕浣欓 | 娑堣垂婊?楼1000 杩?楼30,源码路径+测试用例/运行验证（本阶段仅登记证据要求）,未判定实现状态；不得复用旧审计结论
REQ-ADMINPORTAL-00138,admin-portal,docs/PRD-管理后台.md,4.5.1 娲诲姩绠＄悊 `/admin/campaigns`,| 鏂板绔嬪噺 | 棣栨鍏呭€?| 鎶樻墸鎴栬禒閫?| 棣栧厖 9 鎶?|,logic,P1,需求规定：鏂板绔嬪噺 | 棣栨鍏呭€?| 鎶樻墸鎴栬禒閫?| 棣栧厖 9 鎶?,源码路径+测试用例/运行验证（本阶段仅登记证据要求）,未判定实现状态；不得复用旧审计结论
REQ-ADMINPORTAL-00139,admin-portal,docs/PRD-管理后台.md,4.5.1 娲诲姩绠＄悊 `/admin/campaigns`,| 鍏戞崲鐮佹椿鍔?| 杈撳叆鎸囧畾鍏戞崲鐮?| 浣欓/鏉冮檺 | 鍏宠仈鍏戞崲鐮佹睜 |,logic,P1,需求规定：鍏戞崲鐮佹椿鍔?| 杈撳叆鎸囧畾鍏戞崲鐮?| 浣欓/鏉冮檺 | 鍏宠仈鍏戞崲鐮佹睜,源码路径+测试用例/运行验证（本阶段仅登记证据要求）,未判定实现状态；不得复用旧审计结论
REQ-ADMINPORTAL-00140,admin-portal,docs/PRD-管理后台.md,4.5.1 娲诲姩绠＄悊 `/admin/campaigns`,"| 閭€璇峰鍔?| 閭€璇峰ソ鍙嬫敞鍐屽苟娑堣垂 | 鍙屾柟鑾疯禒 | 閭€璇疯€?楼20, 琚個璇疯€?楼10 |",logic,P1,"需求规定：閭€璇峰鍔?| 閭€璇峰ソ鍙嬫敞鍐屽苟娑堣垂 | 鍙屾柟鑾疯禒 | 閭€璇疯€?楼20, 琚個璇疯€?楼10",源码路径+测试用例/运行验证（本阶段仅登记证据要求）,未判定实现状态；不得复用旧审计结论
REQ-ADMINPORTAL-00141,admin-portal,docs/PRD-管理后台.md,4.5.1 娲诲姩绠＄悊 `/admin/campaigns`,| 鏃舵鐗规儬 | 鎸囧畾鏃舵璋冪敤鎸囧畾妯″瀷 | 浠锋牸鎶樻墸 | 澶滈棿 deepseek-chat 8 鎶?|,logic,P1,需求规定：鏃舵鐗规儬 | 鎸囧畾鏃舵璋冪敤鎸囧畾妯″瀷 | 浠锋牸鎶樻墸 | 澶滈棿 deepseek-chat 8 鎶?,源码路径+测试用例/运行验证（本阶段仅登记证据要求）,未判定实现状态；不得复用旧审计结论
REQ-ADMINPORTAL-00142,admin-portal,docs/PRD-管理后台.md,4.5.1 娲诲姩绠＄悊 `/admin/campaigns`,**娲诲姩瑙勫垯閰嶇疆闈㈡澘**,logic,P1,需求规定：**娲诲姩瑙勫垯閰嶇疆闈㈡澘**,源码路径+测试用例/运行验证（本阶段仅登记证据要求）,未判定实现状态；不得复用旧审计结论
REQ-ADMINPORTAL-00143,admin-portal,docs/PRD-管理后台.md,4.5.1 娲诲姩绠＄悊 `/admin/campaigns`,**娲诲姩鏁版嵁杩借釜**,logic,P1,需求规定：**娲诲姩鏁版嵁杩借釜**,源码路径+测试用例/运行验证（本阶段仅登记证据要求）,未判定实现状态；不得复用旧审计结论
REQ-ADMINPORTAL-00144,admin-portal,docs/PRD-管理后台.md,4.5.1 娲诲姩绠＄悊 `/admin/campaigns`,| 鎸囨爣 | 璁＄畻鏂瑰紡 |,logic,P1,需求规定：鎸囨爣 | 璁＄畻鏂瑰紡,源码路径+测试用例/运行验证（本阶段仅登记证据要求）,未判定实现状态；不得复用旧审计结论
REQ-ADMINPORTAL-00145,admin-portal,docs/PRD-管理后台.md,4.5.1 娲诲姩绠＄悊 `/admin/campaigns`,| 鍙備笌鐢ㄦ埛鏁?| 瑙﹀彂娲诲姩鐨勭嫭绔嬬敤鎴锋暟 |,logic,P1,需求规定：鍙備笌鐢ㄦ埛鏁?| 瑙﹀彂娲诲姩鐨勭嫭绔嬬敤鎴锋暟,源码路径+测试用例/运行验证（本阶段仅登记证据要求）,未判定实现状态；不得复用旧审计结论
REQ-ADMINPORTAL-00146,admin-portal,docs/PRD-管理后台.md,4.5.1 娲诲姩绠＄悊 `/admin/campaigns`,| 鍙戞斁濂栧姳鎬婚 | 宸插彂鏀剧殑濂栧姳浠峰€兼€诲拰 |,logic,P1,需求规定：鍙戞斁濂栧姳鎬婚 | 宸插彂鏀剧殑濂栧姳浠峰€兼€诲拰,源码路径+测试用例/运行验证（本阶段仅登记证据要求）,未判定实现状态；不得复用旧审计结论
REQ-ADMINPORTAL-00147,admin-portal,docs/PRD-管理后台.md,4.5.1 娲诲姩绠＄悊 `/admin/campaigns`,| 浣跨敤濂栧姳閲戦 | 鐢ㄦ埛宸叉秷璐圭殑濂栧姳閲戦 |,logic,P1,需求规定：浣跨敤濂栧姳閲戦 | 鐢ㄦ埛宸叉秷璐圭殑濂栧姳閲戦,源码路径+测试用例/运行验证（本阶段仅登记证据要求）,未判定实现状态；不得复用旧审计结论
REQ-ADMINPORTAL-00148,admin-portal,docs/PRD-管理后台.md,4.5.1 娲诲姩绠＄悊 `/admin/campaigns`,| 鎷夊姩娑堣垂澧為噺 | 娲诲姩鏈熼棿鐨勬秷璐?- 娲诲姩鍓嶇殑鏃ュ潎娑堣垂 脳 娲诲姩澶╂暟 |,logic,P1,需求规定：鎷夊姩娑堣垂澧為噺 | 娲诲姩鏈熼棿鐨勬秷璐?- 娲诲姩鍓嶇殑鏃ュ潎娑堣垂 脳 娲诲姩澶╂暟,源码路径+测试用例/运行验证（本阶段仅登记证据要求）,未判定实现状态；不得复用旧审计结论
REQ-ADMINPORTAL-00149,admin-portal,docs/PRD-管理后台.md,4.5.1 娲诲姩绠＄悊 `/admin/campaigns`,| ROI | (鎷夊姩娑堣垂澧為噺 - 娲诲姩鎴愭湰) / 娲诲姩鎴愭湰 |,logic,P1,需求规定：ROI | (鎷夊姩娑堣垂澧為噺 - 娲诲姩鎴愭湰) / 娲诲姩鎴愭湰,源码路径+测试用例/运行验证（本阶段仅登记证据要求）,未判定实现状态；不得复用旧审计结论
REQ-ADMINPORTAL-00150,admin-portal,docs/PRD-管理后台.md,4.5.1 娲诲姩绠＄悊 `/admin/campaigns`,| 姣忔棩瓒嬪娍 | 鍙備笌浜烘暟/鍙戞斁閲戦/鎷夊姩娑堣垂 鐨勬瘡鏃ユ姌绾?|,logic,P1,需求规定：姣忔棩瓒嬪娍 | 鍙備笌浜烘暟/鍙戞斁閲戦/鎷夊姩娑堣垂 鐨勬瘡鏃ユ姌绾?,源码路径+测试用例/运行验证（本阶段仅登记证据要求）,未判定实现状态；不得复用旧审计结论
REQ-ADMINPORTAL-00151,admin-portal,docs/PRD-管理后台.md,4.5.1 娲诲姩绠＄悊 `/admin/campaigns`,**娲诲姩鑷姩缁撴潫鏉′欢**,logic,P1,需求规定：**娲诲姩鑷姩缁撴潫鏉′欢**,源码路径+测试用例/运行验证（本阶段仅登记证据要求）,未判定实现状态；不得复用旧审计结论
REQ-ADMINPORTAL-00152,admin-portal,docs/PRD-管理后台.md,4.5.2 鍏憡绠＄悊 `/admin/announcements`,**鍏憡缂栬緫闈㈡澘**,logic,P1,需求规定：**鍏憡缂栬緫闈㈡澘**,源码路径+测试用例/运行验证（本阶段仅登记证据要求）,未判定实现状态；不得复用旧审计结论
REQ-ADMINPORTAL-00153,admin-portal,docs/PRD-管理后台.md,4.5.2 鍏憡绠＄悊 `/admin/announcements`,**宸茶缁熻锛圥1锛?*,logic,P1,需求规定：**宸茶缁熻锛圥1锛?*,源码路径+测试用例/运行验证（本阶段仅登记证据要求）,未判定实现状态；不得复用旧审计结论
REQ-ADMINPORTAL-00154,admin-portal,docs/PRD-管理后台.md,4.5.3 鏁忔劅璇嶅簱 `/admin/sensitive-words`锛圥2锛?,**璇嶅簱绠＄悊**,logic,P1,需求规定：**璇嶅簱绠＄悊**,源码路径+测试用例/运行验证（本阶段仅登记证据要求）,未判定实现状态；不得复用旧审计结论
REQ-ADMINPORTAL-00155,admin-portal,docs/PRD-管理后台.md,4.5.3 鏁忔劅璇嶅簱 `/admin/sensitive-words`锛圥2锛?,| 鍔熻兘 | 鎿嶄綔 |,logic,P1,需求规定：鍔熻兘 | 鎿嶄綔,源码路径+测试用例/运行验证（本阶段仅登记证据要求）,未判定实现状态；不得复用旧审计结论
REQ-ADMINPORTAL-00156,admin-portal,docs/PRD-管理后台.md,4.5.3 鏁忔劅璇嶅簱 `/admin/sensitive-words`锛圥2锛?,| 娣诲姞鏁忔劅璇?| 杈撳叆璇?+ 閫夋嫨鍒嗙被锛堣壊鎯?鏀挎不/鏆村姏/骞垮憡/鑷畾涔夛級|,logic,P1,需求规定：娣诲姞鏁忔劅璇?| 杈撳叆璇?+ 閫夋嫨鍒嗙被锛堣壊鎯?鏀挎不/鏆村姏/骞垮憡/鑷畾涔夛級,源码路径+测试用例/运行验证（本阶段仅登记证据要求）,未判定实现状态；不得复用旧审计结论
REQ-ADMINPORTAL-00157,admin-portal,docs/PRD-管理后台.md,4.5.3 鏁忔劅璇嶅簱 `/admin/sensitive-words`锛圥2锛?,| 鎵归噺瀵煎叆 | 涓婁紶 TXT锛堥€愯锛? CSV 鏂囦欢 |,logic,P1,需求规定：鎵归噺瀵煎叆 | 涓婁紶 TXT锛堥€愯锛? CSV 鏂囦欢,源码路径+测试用例/运行验证（本阶段仅登记证据要求）,未判定实现状态；不得复用旧审计结论
REQ-ADMINPORTAL-00158,admin-portal,docs/PRD-管理后台.md,4.5.3 鏁忔劅璇嶅簱 `/admin/sensitive-words`锛圥2锛?,| 瀵煎嚭 | 瀵煎嚭鍏ㄩ儴鏁忔劅璇嶄负 TXT/CSV |,logic,P1,需求规定：瀵煎嚭 | 瀵煎嚭鍏ㄩ儴鏁忔劅璇嶄负 TXT/CSV,源码路径+测试用例/运行验证（本阶段仅登记证据要求）,未判定实现状态；不得复用旧审计结论
REQ-ADMINPORTAL-00159,admin-portal,docs/PRD-管理后台.md,4.5.3 鏁忔劅璇嶅簱 `/admin/sensitive-words`锛圥2锛?,| 缂栬緫 | 淇敼璇嶅唴瀹瑰拰鍒嗙被 |,logic,P1,需求规定：缂栬緫 | 淇敼璇嶅唴瀹瑰拰鍒嗙被,源码路径+测试用例/运行验证（本阶段仅登记证据要求）,未判定实现状态；不得复用旧审计结论
REQ-ADMINPORTAL-00160,admin-portal,docs/PRD-管理后台.md,4.5.3 鏁忔劅璇嶅簱 `/admin/sensitive-words`锛圥2锛?,| 鍒犻櫎 | 绉婚櫎鏁忔劅璇?|,logic,P1,需求规定：鍒犻櫎 | 绉婚櫎鏁忔劅璇?,源码路径+测试用例/运行验证（本阶段仅登记证据要求）,未判定实现状态；不得复用旧审计结论
REQ-ADMINPORTAL-00161,admin-portal,docs/PRD-管理后台.md,4.5.3 鏁忔劅璇嶅簱 `/admin/sensitive-words`锛圥2锛?,**娴嬭瘯鍔熻兘**,logic,P1,需求规定：**娴嬭瘯鍔熻兘**,源码路径+测试用例/运行验证（本阶段仅登记证据要求）,未判定实现状态；不得复用旧审计结论
REQ-ADMINPORTAL-00162,admin-portal,docs/PRD-管理后台.md,4.5.3 鏁忔劅璇嶅簱 `/admin/sensitive-words`锛圥2锛?,**鍛戒腑鍔ㄤ綔閰嶇疆**,logic,P1,需求规定：**鍛戒腑鍔ㄤ綔閰嶇疆**,源码路径+测试用例/运行验证（本阶段仅登记证据要求）,未判定实现状态；不得复用旧审计结论
REQ-ADMINPORTAL-00163,admin-portal,docs/PRD-管理后台.md,4.5.3 鏁忔劅璇嶅簱 `/admin/sensitive-words`锛圥2锛?,| 涓ラ噸绾у埆 | 鍛戒腑鍔ㄤ綔 | 璇存槑 |,logic,P1,需求规定：涓ラ噸绾у埆 | 鍛戒腑鍔ㄤ綔 | 璇存槑,源码路径+测试用例/运行验证（本阶段仅登记证据要求）,未判定实现状态；不得复用旧审计结论
REQ-ADMINPORTAL-00164,admin-portal,docs/PRD-管理后台.md,4.5.3 鏁忔劅璇嶅簱 `/admin/sensitive-words`锛圥2锛?,| 楂?| 鎷︽埅璇锋眰 + 绂佺敤 Key + 閫氱煡绠＄悊鍛?| 鏀挎不/鑹叉儏 |,logic,P1,需求规定：楂?| 鎷︽埅璇锋眰 + 绂佺敤 Key + 閫氱煡绠＄悊鍛?| 鏀挎不/鑹叉儏,源码路径+测试用例/运行验证（本阶段仅登记证据要求）,未判定实现状态；不得复用旧审计结论
REQ-ADMINPORTAL-00165,admin-portal,docs/PRD-管理后台.md,4.5.3 鏁忔劅璇嶅簱 `/admin/sensitive-words`锛圥2锛?,| 涓?| 鎷︽埅璇锋眰 + 璁板綍瀹¤鏃ュ織 + 閫氱煡绠＄悊鍛?| 鏆村姏/骞垮憡 |,logic,P1,需求规定：涓?| 鎷︽埅璇锋眰 + 璁板綍瀹¤鏃ュ織 + 閫氱煡绠＄悊鍛?| 鏆村姏/骞垮憡,源码路径+测试用例/运行验证（本阶段仅登记证据要求）,未判定实现状态；不得复用旧审计结论
REQ-ADMINPORTAL-00166,admin-portal,docs/PRD-管理后台.md,4.5.3 鏁忔劅璇嶅簱 `/admin/sensitive-words`锛圥2锛?,| 浣?| 璁板綍瀹¤鏃ュ織锛堜笉鎷︽埅锛墊 鑷畾涔変綆椋庨櫓璇?|,logic,P1,需求规定：浣?| 璁板綍瀹¤鏃ュ織锛堜笉鎷︽埅锛墊 鑷畾涔変綆椋庨櫓璇?,源码路径+测试用例/运行验证（本阶段仅登记证据要求）,未判定实现状态；不得复用旧审计结论
REQ-ADMINPORTAL-00167,admin-portal,docs/PRD-管理后台.md,4.5.4 閭欢妯℃澘 `/admin/email-templates`锛圥1锛?,**妯℃澘鍦烘櫙鍒楄〃**,logic,P1,需求规定：**妯℃澘鍦烘櫙鍒楄〃**,源码路径+测试用例/运行验证（本阶段仅登记证据要求）,未判定实现状态；不得复用旧审计结论
REQ-ADMINPORTAL-00168,admin-portal,docs/PRD-管理后台.md,4.5.4 閭欢妯℃澘 `/admin/email-templates`锛圥1锛?,| 鍦烘櫙 | 瑙﹀彂鏉′欢 | 鍙戦€佸璞?| 棰戠巼闄愬埗 |,logic,P1,需求规定：鍦烘櫙 | 瑙﹀彂鏉′欢 | 鍙戦€佸璞?| 棰戠巼闄愬埗,源码路径+测试用例/运行验证（本阶段仅登记证据要求）,未判定实现状态；不得复用旧审计结论
REQ-ADMINPORTAL-00169,admin-portal,docs/PRD-管理后台.md,4.5.4 閭欢妯℃澘 `/admin/email-templates`锛圥1锛?,| 鍏呭€兼垚鍔?| 鍏呭€煎埌璐?| 鍏呭€肩敤鎴?| 姣忔鍏呭€?|,logic,P1,需求规定：鍏呭€兼垚鍔?| 鍏呭€煎埌璐?| 鍏呭€肩敤鎴?| 姣忔鍏呭€?,源码路径+测试用例/运行验证（本阶段仅登记证据要求）,未判定实现状态；不得复用旧审计结论
REQ-ADMINPORTAL-00170,admin-portal,docs/PRD-管理后台.md,4.5.4 閭欢妯℃澘 `/admin/email-templates`锛圥1锛?,| 浣欓涓嶈冻 | 浣欓 < 楼10 | 浣欓涓嶈冻鐢ㄦ埛 | 姣忔棩鏈€澶?1 娆?|,logic,P1,需求规定：浣欓涓嶈冻 | 浣欓 < 楼10 | 浣欓涓嶈冻鐢ㄦ埛 | 姣忔棩鏈€澶?1 娆?,源码路径+测试用例/运行验证（本阶段仅登记证据要求）,未判定实现状态；不得复用旧审计结论
REQ-ADMINPORTAL-00171,admin-portal,docs/PRD-管理后台.md,4.5.4 閭欢妯℃澘 `/admin/email-templates`锛圥1锛?,| Key 杩囨湡鎻愰啋 | 杩囨湡鍓?7/3/1 澶?| Key 鎸佹湁浜?| 姣忎釜 Key 鐙珛 |,logic,P1,需求规定：Key 杩囨湡鎻愰啋 | 杩囨湡鍓?7/3/1 澶?| Key 鎸佹湁浜?| 姣忎釜 Key 鐙珛,源码路径+测试用例/运行验证（本阶段仅登记证据要求）,未判定实现状态；不得复用旧审计结论
REQ-ADMINPORTAL-00172,admin-portal,docs/PRD-管理后台.md,4.5.4 閭欢妯℃澘 `/admin/email-templates`锛圥1锛?,| 瀹炲悕瀹℃牳閫氳繃 | 瀹℃牳閫氳繃 | 鐢宠鐢ㄦ埛 | 姣忔瀹℃牳 |,logic,P1,需求规定：瀹炲悕瀹℃牳閫氳繃 | 瀹℃牳閫氳繃 | 鐢宠鐢ㄦ埛 | 姣忔瀹℃牳,源码路径+测试用例/运行验证（本阶段仅登记证据要求）,未判定实现状态；不得复用旧审计结论
REQ-ADMINPORTAL-00173,admin-portal,docs/PRD-管理后台.md,4.5.4 閭欢妯℃澘 `/admin/email-templates`锛圥1锛?,| 瀹炲悕瀹℃牳鎷掔粷 | 瀹℃牳鎷掔粷 | 鐢宠鐢ㄦ埛 | 姣忔瀹℃牳 |,logic,P1,需求规定：瀹炲悕瀹℃牳鎷掔粷 | 瀹℃牳鎷掔粷 | 鐢宠鐢ㄦ埛 | 姣忔瀹℃牳,源码路径+测试用例/运行验证（本阶段仅登记证据要求）,未判定实现状态；不得复用旧审计结论
REQ-ADMINPORTAL-00174,admin-portal,docs/PRD-管理后台.md,4.5.4 閭欢妯℃澘 `/admin/email-templates`锛圥1锛?,| 鍙戠エ宸插紑 | 鍙戠エ寮€鍏峰畬鎴?| 鐢宠浜?| 姣忔寮€绁?|,logic,P1,需求规定：鍙戠エ宸插紑 | 鍙戠エ寮€鍏峰畬鎴?| 鐢宠浜?| 姣忔寮€绁?,源码路径+测试用例/运行验证（本阶段仅登记证据要求）,未判定实现状态；不得复用旧审计结论
REQ-ADMINPORTAL-00175,admin-portal,docs/PRD-管理后台.md,4.5.4 閭欢妯℃澘 `/admin/email-templates`锛圥1锛?,| 鎻愮幇瀹屾垚 | 鎵撴纭 | 鐢宠浠ｇ悊 | 姣忔鎻愮幇 |,logic,P1,需求规定：鎻愮幇瀹屾垚 | 鎵撴纭 | 鐢宠浠ｇ悊 | 姣忔鎻愮幇,源码路径+测试用例/运行验证（本阶段仅登记证据要求）,未判定实现状态；不得复用旧审计结论
REQ-ADMINPORTAL-00176,admin-portal,docs/PRD-管理后台.md,4.5.4 閭欢妯℃澘 `/admin/email-templates`锛圥1锛?,| 瀹夊叏鍛婅 | 瀹夊叏浜嬩欢瑙﹀彂 | 瀹夊叏绠＄悊鍛?| 浜嬩欢绾у埆 |,logic,P1,需求规定：瀹夊叏鍛婅 | 瀹夊叏浜嬩欢瑙﹀彂 | 瀹夊叏绠＄悊鍛?| 浜嬩欢绾у埆,源码路径+测试用例/运行验证（本阶段仅登记证据要求）,未判定实现状态；不得复用旧审计结论
REQ-ADMINPORTAL-00177,admin-portal,docs/PRD-管理后台.md,4.5.4 閭欢妯℃澘 `/admin/email-templates`锛圥1锛?,| 楠岃瘉鐮?| 鐧诲綍/鎿嶄綔楠岃瘉 | 鎿嶄綔鐢ㄦ埛 | 姣?60 绉?|,logic,P1,需求规定：楠岃瘉鐮?| 鐧诲綍/鎿嶄綔楠岃瘉 | 鎿嶄綔鐢ㄦ埛 | 姣?60 绉?,源码路径+测试用例/运行验证（本阶段仅登记证据要求）,未判定实现状态；不得复用旧审计结论
REQ-ADMINPORTAL-00178,admin-portal,docs/PRD-管理后台.md,4.5.4 閭欢妯℃澘 `/admin/email-templates`锛圥1锛?,**妯℃澘缂栬緫**,logic,P1,需求规定：**妯℃澘缂栬緫**,源码路径+测试用例/运行验证（本阶段仅登记证据要求）,未判定实现状态；不得复用旧审计结论
REQ-ADMINPORTAL-00179,admin-portal,docs/PRD-管理后台.md,4.5.4 閭欢妯℃澘 `/admin/email-templates`锛圥1锛?,**棰勮鍔熻兘**,logic,P1,需求规定：**棰勮鍔熻兘**,源码路径+测试用例/运行验证（本阶段仅登记证据要求）,未判定实现状态；不得复用旧审计结论
REQ-ADMINPORTAL-00180,admin-portal,docs/PRD-管理后台.md,4.6.1 瀹夊叏浜嬩欢 `/admin/security-events`,**浜嬩欢鍒楄〃**,logic,P1,需求规定：**浜嬩欢鍒楄〃**,源码路径+测试用例/运行验证（本阶段仅登记证据要求）,未判定实现状态；不得复用旧审计结论
REQ-ADMINPORTAL-00181,admin-portal,docs/PRD-管理后台.md,4.6.1 瀹夊叏浜嬩欢 `/admin/security-events`,| 鍒?| 璇存槑 |,logic,P1,需求规定：鍒?| 璇存槑,源码路径+测试用例/运行验证（本阶段仅登记证据要求）,未判定实现状态；不得复用旧审计结论
REQ-ADMINPORTAL-00182,admin-portal,docs/PRD-管理后台.md,4.6.1 瀹夊叏浜嬩欢 `/admin/security-events`,| 鏃堕棿 | 2026-07-26 11:35 |,logic,P1,需求规定：鏃堕棿 | 2026-07-26 11:35,源码路径+测试用例/运行验证（本阶段仅登记证据要求）,未判定实现状态；不得复用旧审计结论
REQ-ADMINPORTAL-00183,admin-portal,docs/PRD-管理后台.md,4.6.1 瀹夊叏浜嬩欢 `/admin/security-events`,| 绫诲瀷 | 寮傚父鐧诲綍 / 鏆村姏鐮磋В / Token 寮傚父 / Key 娉勯湶 / 浣欓寮傚父 / 鍐呭杩囨护 |,logic,P1,需求规定：绫诲瀷 | 寮傚父鐧诲綍 / 鏆村姏鐮磋В / Token 寮傚父 / Key 娉勯湶 / 浣欓寮傚父 / 鍐呭杩囨护,源码路径+测试用例/运行验证（本阶段仅登记证据要求）,未判定实现状态；不得复用旧审计结论
REQ-ADMINPORTAL-00184,admin-portal,docs/PRD-管理后台.md,4.6.1 瀹夊叏浜嬩欢 `/admin/security-events`,| 鍏宠仈鐢ㄦ埛 | 瑙﹀彂浜嬩欢鐨勭敤鎴凤紙鍙偣鍑昏烦杞敤鎴疯鎯咃級|,logic,P1,需求规定：鍏宠仈鐢ㄦ埛 | 瑙﹀彂浜嬩欢鐨勭敤鎴凤紙鍙偣鍑昏烦杞敤鎴疯鎯咃級,源码路径+测试用例/运行验证（本阶段仅登记证据要求）,未判定实现状态；不得复用旧审计结论
REQ-ADMINPORTAL-00185,admin-portal,docs/PRD-管理后台.md,4.6.1 瀹夊叏浜嬩欢 `/admin/security-events`,| 鍏宠仈 Key | 鍏宠仈鐨?API Key锛堝鏈夛級|,api,P1,需求规定：鍏宠仈 Key | 鍏宠仈鐨?API Key锛堝鏈夛級,源码路径+测试用例/运行验证（本阶段仅登记证据要求）,未判定实现状态；不得复用旧审计结论
REQ-ADMINPORTAL-00186,admin-portal,docs/PRD-管理后台.md,4.6.1 瀹夊叏浜嬩欢 `/admin/security-events`,| 鏉ユ簮 IP | IP 鍦板潃 + 鍦扮悊浣嶇疆 |,logic,P1,需求规定：鏉ユ簮 IP | IP 鍦板潃 + 鍦扮悊浣嶇疆,源码路径+测试用例/运行验证（本阶段仅登记证据要求）,未判定实现状态；不得复用旧审计结论
REQ-ADMINPORTAL-00187,admin-portal,docs/PRD-管理后台.md,4.6.1 瀹夊叏浜嬩欢 `/admin/security-events`,| 涓ラ噸绛夌骇 | 馃敶 绱ф€?/ 馃煛 鍛婅 / 馃煝 鎻愰啋 |,logic,P1,需求规定：涓ラ噸绛夌骇 | 馃敶 绱ф€?/ 馃煛 鍛婅 / 馃煝 鎻愰啋,源码路径+测试用例/运行验证（本阶段仅登记证据要求）,未判定实现状态；不得复用旧审计结论
REQ-ADMINPORTAL-00188,admin-portal,docs/PRD-管理后台.md,4.6.1 瀹夊叏浜嬩欢 `/admin/security-events`,| 鐘舵€?| 寰呭鐞?/ 澶勭悊涓?/ 宸插缃?/ 宸插拷鐣?|,logic,P1,需求规定：鐘舵€?| 寰呭鐞?/ 澶勭悊涓?/ 宸插缃?/ 宸插拷鐣?,源码路径+测试用例/运行验证（本阶段仅登记证据要求）,未判定实现状态；不得复用旧审计结论
REQ-ADMINPORTAL-00189,admin-portal,docs/PRD-管理后台.md,4.6.1 瀹夊叏浜嬩欢 `/admin/security-events`,| 鎿嶄綔 | [鏌ョ湅璇︽儏] [澶勭疆] |,logic,P1,需求规定：鎿嶄綔 | [鏌ョ湅璇︽儏] [澶勭疆],源码路径+测试用例/运行验证（本阶段仅登记证据要求）,未判定实现状态；不得复用旧审计结论
REQ-ADMINPORTAL-00190,admin-portal,docs/PRD-管理后台.md,4.6.1 瀹夊叏浜嬩欢 `/admin/security-events`,**浜嬩欢璇︽儏**,logic,P1,需求规定：**浜嬩欢璇︽儏**,源码路径+测试用例/运行验证（本阶段仅登记证据要求）,未判定实现状态；不得复用旧审计结论
REQ-ADMINPORTAL-00191,admin-portal,docs/PRD-管理后台.md,4.6.1 瀹夊叏浜嬩欢 `/admin/security-events`,**浜嬩欢澶勭疆鎿嶄綔**,logic,P1,需求规定：**浜嬩欢澶勭疆鎿嶄綔**,源码路径+测试用例/运行验证（本阶段仅登记证据要求）,未判定实现状态；不得复用旧审计结论
REQ-ADMINPORTAL-00192,admin-portal,docs/PRD-管理后台.md,4.6.1 瀹夊叏浜嬩欢 `/admin/security-events`,| 澶勭疆 | 鏁堟灉 |,logic,P1,需求规定：澶勭疆 | 鏁堟灉,源码路径+测试用例/运行验证（本阶段仅登记证据要求）,未判定实现状态；不得复用旧审计结论
REQ-ADMINPORTAL-00193,admin-portal,docs/PRD-管理后台.md,4.6.1 瀹夊叏浜嬩欢 `/admin/security-events`,| 绂佺敤 Key | 绔嬪嵆绂佺敤鍏宠仈鐨?API Key |,api,P1,需求规定：绂佺敤 Key | 绔嬪嵆绂佺敤鍏宠仈鐨?API Key,源码路径+测试用例/运行验证（本阶段仅登记证据要求）,未判定实现状态；不得复用旧审计结论
REQ-ADMINPORTAL-00194,admin-portal,docs/PRD-管理后台.md,4.6.1 瀹夊叏浜嬩欢 `/admin/security-events`,| 灏佺鐢ㄦ埛 | 绂佺敤鐢ㄦ埛璐﹀彿锛屽凡鏈?Key 鍏ㄩ儴澶辨晥 |,logic,P1,需求规定：灏佺鐢ㄦ埛 | 绂佺敤鐢ㄦ埛璐﹀彿锛屽凡鏈?Key 鍏ㄩ儴澶辨晥,源码路径+测试用例/运行验证（本阶段仅登记证据要求）,未判定实现状态；不得复用旧审计结论
REQ-ADMINPORTAL-00195,admin-portal,docs/PRD-管理后台.md,4.6.1 瀹夊叏浜嬩欢 `/admin/security-events`,| 鍔犲叆榛戝悕鍗?| 灏嗘潵婧?IP 鍔犲叆鍏ㄥ眬榛戝悕鍗?|,logic,P1,需求规定：鍔犲叆榛戝悕鍗?| 灏嗘潵婧?IP 鍔犲叆鍏ㄥ眬榛戝悕鍗?,源码路径+测试用例/运行验证（本阶段仅登记证据要求）,未判定实现状态；不得复用旧审计结论
REQ-ADMINPORTAL-00196,admin-portal,docs/PRD-管理后台.md,4.6.1 瀹夊叏浜嬩欢 `/admin/security-events`,| 鏍囪璇姤 | 鍏抽棴浜嬩欢锛屼笉閲囧彇琛屽姩 |,logic,P1,需求规定：鏍囪璇姤 | 鍏抽棴浜嬩欢锛屼笉閲囧彇琛屽姩,源码路径+测试用例/运行验证（本阶段仅登记证据要求）,未判定实现状态；不得复用旧审计结论
REQ-ADMINPORTAL-00197,admin-portal,docs/PRD-管理后台.md,4.6.1 瀹夊叏浜嬩欢 `/admin/security-events`,| 蹇界暐 | 鍏抽棴浜嬩欢锛堜絾淇濈暀璁板綍锛墊,logic,P1,需求规定：蹇界暐 | 鍏抽棴浜嬩欢锛堜絾淇濈暀璁板綍锛墊,源码路径+测试用例/运行验证（本阶段仅登记证据要求）,未判定实现状态；不得复用旧审计结论
REQ-ADMINPORTAL-00198,admin-portal,docs/PRD-管理后台.md,4.6.2 瀹夊叏閰嶇疆 `/admin/security-config`,**IP 榛戠櫧鍚嶅崟**,logic,P1,需求规定：**IP 榛戠櫧鍚嶅崟**,源码路径+测试用例/运行验证（本阶段仅登记证据要求）,未判定实现状态；不得复用旧审计结论
REQ-ADMINPORTAL-00199,admin-portal,docs/PRD-管理后台.md,4.6.2 瀹夊叏閰嶇疆 `/admin/security-config`,**鍦扮悊灏佺**,logic,P1,需求规定：**鍦扮悊灏佺**,源码路径+测试用例/运行验证（本阶段仅登记证据要求）,未判定实现状态；不得复用旧审计结论
REQ-ADMINPORTAL-00200,admin-portal,docs/PRD-管理后台.md,4.6.2 瀹夊叏閰嶇疆 `/admin/security-config`,**鐧诲綍闄愬埗**,logic,P1,需求规定：**鐧诲綍闄愬埗**,源码路径+测试用例/运行验证（本阶段仅登记证据要求）,未判定实现状态；不得复用旧审计结论
REQ-ADMINPORTAL-00201,admin-portal,docs/PRD-管理后台.md,4.6.3 椋庢帶瑙勫垯寮曟搸 `/admin/security-rules`锛圥2锛?,**瑙勫垯瀹氫箟闈㈡澘**,logic,P1,需求规定：**瑙勫垯瀹氫箟闈㈡澘**,源码路径+测试用例/运行验证（本阶段仅登记证据要求）,未判定实现状态；不得复用旧审计结论
REQ-ADMINPORTAL-00202,admin-portal,docs/PRD-管理后台.md,4.6.3 椋庢帶瑙勫垯寮曟搸 `/admin/security-rules`锛圥2锛?,**鍐呯疆棰勮瑙勫垯**,logic,P1,需求规定：**鍐呯疆棰勮瑙勫垯**,源码路径+测试用例/运行验证（本阶段仅登记证据要求）,未判定实现状态；不得复用旧审计结论
REQ-ADMINPORTAL-00203,admin-portal,docs/PRD-管理后台.md,4.6.3 椋庢帶瑙勫垯寮曟搸 `/admin/security-rules`锛圥2锛?,| 瑙勫垯鍚?| 鏉′欢 | 鍔ㄤ綔 | 榛樿鐘舵€?|,logic,P1,需求规定：瑙勫垯鍚?| 鏉′欢 | 鍔ㄤ綔 | 榛樿鐘舵€?,源码路径+测试用例/运行验证（本阶段仅登记证据要求）,未判定实现状态；不得复用旧审计结论
REQ-ADMINPORTAL-00204,admin-portal,docs/PRD-管理后台.md,4.6.3 椋庢帶瑙勫垯寮曟搸 `/admin/security-rules`锛圥2锛?,| 鏆村姏鐮磋В闃叉姢 | 5 鍒嗛挓鍐呯櫥褰曞け璐?鈮?5 娆?| 灏佺 IP 15 鍒嗛挓 + 璁板綍浜嬩欢 | 鍚敤 |,logic,P1,需求规定：鏆村姏鐮磋В闃叉姢 | 5 鍒嗛挓鍐呯櫥褰曞け璐?鈮?5 娆?| 灏佺 IP 15 鍒嗛挓 + 璁板綍浜嬩欢 | 鍚敤,源码路径+测试用例/运行验证（本阶段仅登记证据要求）,未判定实现状态；不得复用旧审计结论
REQ-ADMINPORTAL-00205,admin-portal,docs/PRD-管理后台.md,4.6.3 椋庢帶瑙勫垯寮曟搸 `/admin/security-rules`锛圥2锛?,| 寮傚湴鐧诲綍妫€娴?| 鐧诲綍 IP 鍩庡競 鈮?鏈€杩?3 娆?| 璁板綍浜嬩欢 + 閫氱煡鐢ㄦ埛 | 鍚敤 |,logic,P1,需求规定：寮傚湴鐧诲綍妫€娴?| 鐧诲綍 IP 鍩庡競 鈮?鏈€杩?3 娆?| 璁板綍浜嬩欢 + 閫氱煡鐢ㄦ埛 | 鍚敤,源码路径+测试用例/运行验证（本阶段仅登记证据要求）,未判定实现状态；不得复用旧审计结论
REQ-ADMINPORTAL-00206,admin-portal,docs/PRD-管理后台.md,4.6.3 椋庢帶瑙勫垯寮曟搸 `/admin/security-rules`锛圥2锛?,| Key 娉勯湶妫€娴?| 鍚屼竴 Key 鏉ヨ嚜 鈮?3 涓煄甯?5 鍒嗛挓鍐?| 涓存椂绂佺敤 Key 15 鍒嗛挓 + 閫氱煡绠＄悊鍛?| 鍚敤 |,logic,P1,需求规定：Key 娉勯湶妫€娴?| 鍚屼竴 Key 鏉ヨ嚜 鈮?3 涓煄甯?5 鍒嗛挓鍐?| 涓存椂绂佺敤 Key 15 鍒嗛挓 + 閫氱煡绠＄悊鍛?| 鍚敤,源码路径+测试用例/运行验证（本阶段仅登记证据要求）,未判定实现状态；不得复用旧审计结论
REQ-ADMINPORTAL-00207,admin-portal,docs/PRD-管理后台.md,4.6.3 椋庢帶瑙勫垯寮曟搸 `/admin/security-rules`锛圥2锛?,| 澶ч娑堣垂棰勮 | 鍗曟娑堣垂 > 楼100 鎴?鏃ョ疮璁?> 楼500 | 璁板綍浜嬩欢 + 閫氱煡鐢ㄦ埛 | 鍚敤 |,logic,P1,需求规定：澶ч娑堣垂棰勮 | 鍗曟娑堣垂 > 楼100 鎴?鏃ョ疮璁?> 楼500 | 璁板綍浜嬩欢 + 閫氱煡鐢ㄦ埛 | 鍚敤,源码路径+测试用例/运行验证（本阶段仅登记证据要求）,未判定实现状态；不得复用旧审计结论
REQ-ADMINPORTAL-00208,admin-portal,docs/PRD-管理后台.md,4.6.3 椋庢帶瑙勫垯寮曟搸 `/admin/security-rules`锛圥2锛?,| 澶滈棿鏁忔劅鎿嶄綔 | 0:00-6:00 鐨勬晱鎰熸搷浣?| 璁板綍浜嬩欢 + 閫氱煡绠＄悊鍛?| 绂佺敤 |,logic,P1,需求规定：澶滈棿鏁忔劅鎿嶄綔 | 0:00-6:00 鐨勬晱鎰熸搷浣?| 璁板綍浜嬩欢 + 閫氱煡绠＄悊鍛?| 绂佺敤,源码路径+测试用例/运行验证（本阶段仅登记证据要求）,未判定实现状态；不得复用旧审计结论
REQ-ADMINPORTAL-00209,admin-portal,docs/PRD-管理后台.md,4.6.3 椋庢帶瑙勫垯寮曟搸 `/admin/security-rules`锛圥2锛?,| 浣欓寮傚父鍑忓皯 | 5 鍒嗛挓娑堣垂 > 浣欓 50% | 璁板綍浜嬩欢 + 涓存椂绂佺敤 Key | 鍚敤 |,logic,P1,需求规定：浣欓寮傚父鍑忓皯 | 5 鍒嗛挓娑堣垂 > 浣欓 50% | 璁板綍浜嬩欢 + 涓存椂绂佺敤 Key | 鍚敤,源码路径+测试用例/运行验证（本阶段仅登记证据要求）,未判定实现状态；不得复用旧审计结论
REQ-ADMINPORTAL-00210,admin-portal,docs/PRD-管理后台.md,4.6.3 椋庢帶瑙勫垯寮曟搸 `/admin/security-rules`锛圥2锛?,**鍛戒腑缁熻**,logic,P1,需求规定：**鍛戒腑缁熻**,源码路径+测试用例/运行验证（本阶段仅登记证据要求）,未判定实现状态；不得复用旧审计结论
REQ-ADMINPORTAL-00211,admin-portal,docs/PRD-管理后台.md,4.6.4 AI 椋庢帶妯″瀷 `/admin/risk-control`锛圥2锛?,**妯″瀷閰嶇疆闈㈡澘**,logic,P1,需求规定：**妯″瀷閰嶇疆闈㈡澘**,源码路径+测试用例/运行验证（本阶段仅登记证据要求）,未判定实现状态；不得复用旧审计结论
REQ-ADMINPORTAL-00212,admin-portal,docs/PRD-管理后台.md,4.6.4 AI 椋庢帶妯″瀷 `/admin/risk-control`锛圥2锛?,**妯″瀷璇勪及鎶ュ憡**,logic,P1,需求规定：**妯″瀷璇勪及鎶ュ憡**,源码路径+测试用例/运行验证（本阶段仅登记证据要求）,未判定实现状态；不得复用旧审计结论
REQ-ADMINPORTAL-00213,admin-portal,docs/PRD-管理后台.md,4.7.1 璋冪敤鏃ュ織 `/admin/logs`,**绠＄悊鍛橀檮鍔犺兘鍔?*,logic,P1,需求规定：**绠＄悊鍛橀檮鍔犺兘鍔?*,源码路径+测试用例/运行验证（本阶段仅登记证据要求）,未判定实现状态；不得复用旧审计结论
REQ-ADMINPORTAL-00214,admin-portal,docs/PRD-管理后台.md,4.7.1 璋冪敤鏃ュ織 `/admin/logs`,**寮傚父鍒嗘瀽澧炲己**,logic,P1,需求规定：**寮傚父鍒嗘瀽澧炲己**,源码路径+测试用例/运行验证（本阶段仅登记证据要求）,未判定实现状态；不得复用旧审计结论
REQ-ADMINPORTAL-00215,admin-portal,docs/PRD-管理后台.md,4.7.2 鎿嶄綔鏃ュ織 `/admin/operation-logs`,**璁板綍鑼冨洿**,logic,P1,需求规定：**璁板綍鑼冨洿**,源码路径+测试用例/运行验证（本阶段仅登记证据要求）,未判定实现状态；不得复用旧审计结论
REQ-ADMINPORTAL-00216,admin-portal,docs/PRD-管理后台.md,4.7.2 鎿嶄綔鏃ュ織 `/admin/operation-logs`,| 鎿嶄綔鍒嗙被 | 璁板綍绮掑害 | 绀轰緥 |,logic,P1,需求规定：鎿嶄綔鍒嗙被 | 璁板綍绮掑害 | 绀轰緥,源码路径+测试用例/运行验证（本阶段仅登记证据要求）,未判定实现状态；不得复用旧审计结论
REQ-ADMINPORTAL-00217,admin-portal,docs/PRD-管理后台.md,4.7.2 鎿嶄綔鏃ュ織 `/admin/operation-logs`,| 鐢ㄦ埛绠＄悊 | 鏁忔劅鎿嶄綔 | 绂佺敤鐢ㄦ埛銆佽皟鏁翠綑棰濄€佷慨鏀硅鑹?|,logic,P1,需求规定：鐢ㄦ埛绠＄悊 | 鏁忔劅鎿嶄綔 | 绂佺敤鐢ㄦ埛銆佽皟鏁翠綑棰濄€佷慨鏀硅鑹?,源码路径+测试用例/运行验证（本阶段仅登记证据要求）,未判定实现状态；不得复用旧审计结论
REQ-ADMINPORTAL-00218,admin-portal,docs/PRD-管理后台.md,4.7.2 鎿嶄綔鏃ュ織 `/admin/operation-logs`,| Key 绠＄悊 | 鎵€鏈夋搷浣?| 鍒涘缓/绂佺敤/鍒犻櫎 Key |,logic,P1,需求规定：Key 绠＄悊 | 鎵€鏈夋搷浣?| 鍒涘缓/绂佺敤/鍒犻櫎 Key,源码路径+测试用例/运行验证（本阶段仅登记证据要求）,未判定实现状态；不得复用旧审计结论
REQ-ADMINPORTAL-00219,admin-portal,docs/PRD-管理后台.md,4.7.2 鎿嶄綔鏃ュ織 `/admin/operation-logs`,| 璐㈠姟绠＄悊 | 鎵€鏈夋搷浣?| 鎻愮幇瀹℃牳銆佽ˉ鍗曘€侀€€娆?|,logic,P1,需求规定：璐㈠姟绠＄悊 | 鎵€鏈夋搷浣?| 鎻愮幇瀹℃牳銆佽ˉ鍗曘€侀€€娆?,源码路径+测试用例/运行验证（本阶段仅登记证据要求）,未判定实现状态；不得复用旧审计结论
REQ-ADMINPORTAL-00220,admin-portal,docs/PRD-管理后台.md,4.7.2 鎿嶄綔鏃ュ織 `/admin/operation-logs`,| 閰嶇疆绠＄悊 | 鎵€鏈夋搷浣?| 淇敼绯荤粺鍙傛暟銆佹ā鍨嬩环鏍?|,logic,P1,需求规定：閰嶇疆绠＄悊 | 鎵€鏈夋搷浣?| 淇敼绯荤粺鍙傛暟銆佹ā鍨嬩环鏍?,源码路径+测试用例/运行验证（本阶段仅登记证据要求）,未判定实现状态；不得复用旧审计结论
REQ-ADMINPORTAL-00221,admin-portal,docs/PRD-管理后台.md,4.7.2 鎿嶄綔鏃ュ織 `/admin/operation-logs`,| 瀹夊叏绠＄悊 | 鎵€鏈夋搷浣?| 灏佺 IP銆佷慨鏀归鎺ц鍒?|,logic,P1,需求规定：瀹夊叏绠＄悊 | 鎵€鏈夋搷浣?| 灏佺 IP銆佷慨鏀归鎺ц鍒?,源码路径+测试用例/运行验证（本阶段仅登记证据要求）,未判定实现状态；不得复用旧审计结论
REQ-ADMINPORTAL-00222,admin-portal,docs/PRD-管理后台.md,4.7.2 鎿嶄綔鏃ュ織 `/admin/operation-logs`,| 鏅€氭搷浣?| 涓嶈褰?| 鏌ョ湅鍒楄〃銆佹祻瑙堥〉闈?|,logic,P1,需求规定：鏅€氭搷浣?| 涓嶈褰?| 鏌ョ湅鍒楄〃銆佹祻瑙堥〉闈?,源码路径+测试用例/运行验证（本阶段仅登记证据要求）,未判定实现状态；不得复用旧审计结论
REQ-ADMINPORTAL-00223,admin-portal,docs/PRD-管理后台.md,4.7.2 鎿嶄綔鏃ュ織 `/admin/operation-logs`,**鏃ュ織绀轰緥**,logic,P1,需求规定：**鏃ュ織绀轰緥**,源码路径+测试用例/运行验证（本阶段仅登记证据要求）,未判定实现状态；不得复用旧审计结论
REQ-ADMINPORTAL-00224,admin-portal,docs/PRD-管理后台.md,4.7.2 鎿嶄綔鏃ュ織 `/admin/operation-logs`,**寮傚父鎿嶄綔妫€娴?*,logic,P1,需求规定：**寮傚父鎿嶄綔妫€娴?*,源码路径+测试用例/运行验证（本阶段仅登记证据要求）,未判定实现状态；不得复用旧审计结论
REQ-ADMINPORTAL-00225,admin-portal,docs/PRD-管理后台.md,4.7.3 瀹炴椂鐩戞帶 `/admin/monitoring`锛圥1锛?,**鐩戞帶闈㈡澘甯冨眬**,logic,P1,需求规定：**鐩戞帶闈㈡澘甯冨眬**,源码路径+测试用例/运行验证（本阶段仅登记证据要求）,未判定实现状态；不得复用旧审计结论
REQ-ADMINPORTAL-00226,admin-portal,docs/PRD-管理后台.md,4.7.3 瀹炴椂鐩戞帶 `/admin/monitoring`锛圥1锛?,**鍛婅鑷姩瑙﹀彂**,logic,P1,需求规定：**鍛婅鑷姩瑙﹀彂**,源码路径+测试用例/运行验证（本阶段仅登记证据要求）,未判定实现状态；不得复用旧审计结论
REQ-ADMINPORTAL-00227,admin-portal,docs/PRD-管理后台.md,4.7.3 瀹炴椂鐩戞帶 `/admin/monitoring`锛圥1锛?,| 鎸囨爣 | 鏉′欢 | 鍔ㄤ綔 |,logic,P1,需求规定：鎸囨爣 | 鏉′欢 | 鍔ㄤ綔,源码路径+测试用例/运行验证（本阶段仅登记证据要求）,未判定实现状态；不得复用旧审计结论
REQ-ADMINPORTAL-00228,admin-portal,docs/PRD-管理后台.md,4.7.3 瀹炴椂鐩戞帶 `/admin/monitoring`锛圥1锛?,| CPU > 80% | 鎸佺画 5 鍒嗛挓 | 馃煛 鍛婅閫氱煡 |,logic,P1,需求规定：CPU > 80% | 鎸佺画 5 鍒嗛挓 | 馃煛 鍛婅閫氱煡,源码路径+测试用例/运行验证（本阶段仅登记证据要求）,未判定实现状态；不得复用旧审计结论
REQ-ADMINPORTAL-00229,admin-portal,docs/PRD-管理后台.md,4.7.3 瀹炴椂鐩戞帶 `/admin/monitoring`锛圥1锛?,| API P99 > 2s | 鎸佺画 5 鍒嗛挓 | 馃煛 鍛婅閫氱煡 |,api,P1,需求规定：API P99 > 2s | 鎸佺画 5 鍒嗛挓 | 馃煛 鍛婅閫氱煡,源码路径+测试用例/运行验证（本阶段仅登记证据要求）,未判定实现状态；不得复用旧审计结论
REQ-ADMINPORTAL-00230,admin-portal,docs/PRD-管理后台.md,4.7.3 瀹炴椂鐩戞帶 `/admin/monitoring`锛圥1锛?,| API 澶辫触鐜?> 5% | 鎸佺画 5 鍒嗛挓 | 馃敶 绱ф€ラ€氱煡 |,api,P1,需求规定：API 澶辫触鐜?> 5% | 鎸佺画 5 鍒嗛挓 | 馃敶 绱ф€ラ€氱煡,源码路径+测试用例/运行验证（本阶段仅登记证据要求）,未判定实现状态；不得复用旧审计结论
REQ-ADMINPORTAL-00231,admin-portal,docs/PRD-管理后台.md,4.7.3 瀹炴椂鐩戞帶 `/admin/monitoring`锛圥1锛?,| 纾佺洏 > 85% | 瑙﹀彂 | 馃煛 鍛婅閫氱煡 |,logic,P1,需求规定：纾佺洏 > 85% | 瑙﹀彂 | 馃煛 鍛婅閫氱煡,源码路径+测试用例/运行验证（本阶段仅登记证据要求）,未判定实现状态；不得复用旧审计结论
REQ-ADMINPORTAL-00232,admin-portal,docs/PRD-管理后台.md,4.7.3 瀹炴椂鐩戞帶 `/admin/monitoring`锛圥1锛?,| 鏁版嵁搴撹繛鎺?> 80% | 鎸佺画 5 鍒嗛挓 | 馃煛 鍛婅閫氱煡 |,logic,P1,需求规定：鏁版嵁搴撹繛鎺?> 80% | 鎸佺画 5 鍒嗛挓 | 馃煛 鍛婅閫氱煡,源码路径+测试用例/运行验证（本阶段仅登记证据要求）,未判定实现状态；不得复用旧审计结论
REQ-ADMINPORTAL-00233,admin-portal,docs/PRD-管理后台.md,4.7.3 瀹炴椂鐩戞帶 `/admin/monitoring`锛圥1锛?,| Redis 鍛戒腑鐜?< 90% | 鎸佺画 10 鍒嗛挓 | 馃煝 鎻愰啋 |,db,P1,需求规定：Redis 鍛戒腑鐜?< 90% | 鎸佺画 10 鍒嗛挓 | 馃煝 鎻愰啋,源码路径+测试用例/运行验证（本阶段仅登记证据要求）,未判定实现状态；不得复用旧审计结论
REQ-ADMINPORTAL-00234,admin-portal,docs/PRD-管理后台.md,4.7.4 闄愭祦鍙鍖?`/admin/rate-limits`锛圥1锛?,**闄愭祦瑙勫垯鍒楄〃**,logic,P1,需求规定：**闄愭祦瑙勫垯鍒楄〃**,源码路径+测试用例/运行验证（本阶段仅登记证据要求）,未判定实现状态；不得复用旧审计结论
REQ-ADMINPORTAL-00235,admin-portal,docs/PRD-管理后台.md,4.7.4 闄愭祦鍙鍖?`/admin/rate-limits`锛圥1锛?,| 绾у埆 | 瑙勫垯 | 褰撳墠鍊?| 瑙﹀彂娆℃暟锛堜粖鏃ワ級|,logic,P1,需求规定：绾у埆 | 瑙勫垯 | 褰撳墠鍊?| 瑙﹀彂娆℃暟锛堜粖鏃ワ級,源码路径+测试用例/运行验证（本阶段仅登记证据要求）,未判定实现状态；不得复用旧审计结论
REQ-ADMINPORTAL-00236,admin-portal,docs/PRD-管理后台.md,4.7.4 闄愭祦鍙鍖?`/admin/rate-limits`锛圥1锛?,"| 鍏ㄥ眬 | 鎬?QPS 涓婇檺 | 10,000 | 0 娆?|",performance,P1,"需求规定：鍏ㄥ眬 | 鎬?QPS 涓婇檺 | 10,000 | 0 娆?",源码路径+测试用例/运行验证（本阶段仅登记证据要求）,未判定实现状态；不得复用旧审计结论
REQ-ADMINPORTAL-00237,admin-portal,docs/PRD-管理后台.md,4.7.4 闄愭祦鍙鍖?`/admin/rate-limits`锛圥1锛?,"| 鍏ㄥ眬 | 鎬?TPM 涓婇檺 | 60,000,000 | 1 娆?|",logic,P1,"需求规定：鍏ㄥ眬 | 鎬?TPM 涓婇檺 | 60,000,000 | 1 娆?",源码路径+测试用例/运行验证（本阶段仅登记证据要求）,未判定实现状态；不得复用旧审计结论
REQ-ADMINPORTAL-00238,admin-portal,docs/PRD-管理后台.md,4.7.4 闄愭祦鍙鍖?`/admin/rate-limits`锛圥1锛?,| 鐢ㄦ埛 | 榛樿鐢ㄦ埛 QPS | 100 | 234 娆?|,performance,P1,需求规定：鐢ㄦ埛 | 榛樿鐢ㄦ埛 QPS | 100 | 234 娆?,源码路径+测试用例/运行验证（本阶段仅登记证据要求）,未判定实现状态；不得复用旧审计结论
REQ-ADMINPORTAL-00239,admin-portal,docs/PRD-管理后台.md,4.7.4 闄愭祦鍙鍖?`/admin/rate-limits`锛圥1锛?,"| 鐢ㄦ埛 | 榛樿鐢ㄦ埛 TPM | 600,000 | 45 娆?|",logic,P1,"需求规定：鐢ㄦ埛 | 榛樿鐢ㄦ埛 TPM | 600,000 | 45 娆?",源码路径+测试用例/运行验证（本阶段仅登记证据要求）,未判定实现状态；不得复用旧审计结论
REQ-ADMINPORTAL-00240,admin-portal,docs/PRD-管理后台.md,4.7.4 闄愭祦鍙鍖?`/admin/rate-limits`锛圥1锛?,| Key | 榛樿 Key QPS | 50 | 567 娆?|,performance,P1,需求规定：Key | 榛樿 Key QPS | 50 | 567 娆?,源码路径+测试用例/运行验证（本阶段仅登记证据要求）,未判定实现状态；不得复用旧审计结论
REQ-ADMINPORTAL-00241,admin-portal,docs/PRD-管理后台.md,4.7.4 闄愭祦鍙鍖?`/admin/rate-limits`锛圥1锛?,"| Key | 榛樿 Key TPM | 300,000 | 89 娆?|",logic,P1,"需求规定：Key | 榛樿 Key TPM | 300,000 | 89 娆?",源码路径+测试用例/运行验证（本阶段仅登记证据要求）,未判定实现状态；不得复用旧审计结论
REQ-ADMINPORTAL-00242,admin-portal,docs/PRD-管理后台.md,4.7.4 闄愭祦鍙鍖?`/admin/rate-limits`锛圥1锛?,"| 妯″瀷 | deepseek-chat QPS | 2,000 | 12 娆?|",performance,P1,"需求规定：妯″瀷 | deepseek-chat QPS | 2,000 | 12 娆?",源码路径+测试用例/运行验证（本阶段仅登记证据要求）,未判定实现状态；不得复用旧审计结论
REQ-ADMINPORTAL-00243,admin-portal,docs/PRD-管理后台.md,4.7.4 闄愭祦鍙鍖?`/admin/rate-limits`锛圥1锛?,| 妯″瀷 | gpt-4o QPS | 500 | 0 娆?|,performance,P1,需求规定：妯″瀷 | gpt-4o QPS | 500 | 0 娆?,源码路径+测试用例/运行验证（本阶段仅登记证据要求）,未判定实现状态；不得复用旧审计结论
REQ-ADMINPORTAL-00244,admin-portal,docs/PRD-管理后台.md,4.7.4 闄愭祦鍙鍖?`/admin/rate-limits`锛圥1锛?,**闄愭祦瑙﹀彂缁熻**,logic,P1,需求规定：**闄愭祦瑙﹀彂缁熻**,源码路径+测试用例/运行验证（本阶段仅登记证据要求）,未判定实现状态；不得复用旧审计结论
REQ-ADMINPORTAL-00245,admin-portal,docs/PRD-管理后台.md,4.8.1 绯荤粺鍙傛暟閰嶇疆 `/admin/configs`,**閰嶇疆鍒嗙被璇︽儏**,logic,P1,需求规定：**閰嶇疆鍒嗙被璇︽儏**,源码路径+测试用例/运行验证（本阶段仅登记证据要求）,未判定实现状态；不得复用旧审计结论
REQ-ADMINPORTAL-00246,admin-portal,docs/PRD-管理后台.md,4.8.1 绯荤粺鍙傛暟閰嶇疆 `/admin/configs`,| 鍒嗙被 | 閰嶇疆椤?| 绫诲瀷 | 榛樿鍊?| 璇存槑 |,logic,P1,需求规定：鍒嗙被 | 閰嶇疆椤?| 绫诲瀷 | 榛樿鍊?| 璇存槑,源码路径+测试用例/运行验证（本阶段仅登记证据要求）,未判定实现状态；不得复用旧审计结论
REQ-ADMINPORTAL-00247,admin-portal,docs/PRD-管理后台.md,4.8.1 绯荤粺鍙傛暟閰嶇疆 `/admin/configs`,"| 骞冲彴鍩虹 | 骞冲彴鍚嶇О | text | ""3cloud"" | 鍓嶇鏍囬/Logo 鏃佹樉绀?|",logic,P1,"需求规定：骞冲彴鍩虹 | 骞冲彴鍚嶇О | text | ""3cloud"" | 鍓嶇鏍囬/Logo 鏃佹樉绀?",源码路径+测试用例/运行验证（本阶段仅登记证据要求）,未判定实现状态；不得复用旧审计结论
REQ-ADMINPORTAL-00248,admin-portal,docs/PRD-管理后台.md,4.8.1 绯荤粺鍙傛暟閰嶇疆 `/admin/configs`,"| 骞冲彴鍩虹 | ICP 澶囨鍙?| text | """" | 椤佃剼灞曠ず |",logic,P1,"需求规定：骞冲彴鍩虹 | ICP 澶囨鍙?| text | """" | 椤佃剼灞曠ず",源码路径+测试用例/运行验证（本阶段仅登记证据要求）,未判定实现状态；不得复用旧审计结论
REQ-ADMINPORTAL-00249,admin-portal,docs/PRD-管理后台.md,4.8.1 绯荤粺鍙傛暟閰嶇疆 `/admin/configs`,"| 骞冲彴鍩虹 | 瀹㈡湇閭 | text | ""support@3cloud.ai"" | 鑱旂郴鍏ュ彛 |",logic,P1,"需求规定：骞冲彴鍩虹 | 瀹㈡湇閭 | text | ""support@3cloud.ai"" | 鑱旂郴鍏ュ彛",源码路径+测试用例/运行验证（本阶段仅登记证据要求）,未判定实现状态；不得复用旧审计结论
REQ-ADMINPORTAL-00250,admin-portal,docs/PRD-管理后台.md,4.8.1 绯荤粺鍙傛暟閰嶇疆 `/admin/configs`,"| 骞冲彴鍩虹 | Logo URL | text | """" | 鑷畾涔?Logo |",field,P1,"需求规定：骞冲彴鍩虹 | Logo URL | text | """" | 鑷畾涔?Logo",源码路径+测试用例/运行验证（本阶段仅登记证据要求）,未判定实现状态；不得复用旧审计结论
REQ-ADMINPORTAL-00251,admin-portal,docs/PRD-管理后台.md,4.8.1 绯荤粺鍙傛暟閰嶇疆 `/admin/configs`,| 鏀粯 | 鏀粯瀹?App ID | encrypted | 鈥?| 鏀粯缃戝叧鍙傛暟 |,logic,P1,需求规定：鏀粯 | 鏀粯瀹?App ID | encrypted | 鈥?| 鏀粯缃戝叧鍙傛暟,源码路径+测试用例/运行验证（本阶段仅登记证据要求）,未判定实现状态；不得复用旧审计结论
REQ-ADMINPORTAL-00252,admin-portal,docs/PRD-管理后台.md,4.8.1 绯荤粺鍙傛暟閰嶇疆 `/admin/configs`,| 鏀粯 | 鏀粯瀹濈閽?| encrypted | 鈥?| 闇€韬唤楠岃瘉鏌ョ湅 |,logic,P1,需求规定：鏀粯 | 鏀粯瀹濈閽?| encrypted | 鈥?| 闇€韬唤楠岃瘉鏌ョ湅,源码路径+测试用例/运行验证（本阶段仅登记证据要求）,未判定实现状态；不得复用旧审计结论
REQ-ADMINPORTAL-00253,admin-portal,docs/PRD-管理后台.md,4.8.1 绯荤粺鍙傛暟閰嶇疆 `/admin/configs`,| 鏀粯 | 寰俊鍟嗘埛鍙?| encrypted | 鈥?| 鏀粯缃戝叧鍙傛暟 |,logic,P1,需求规定：鏀粯 | 寰俊鍟嗘埛鍙?| encrypted | 鈥?| 鏀粯缃戝叧鍙傛暟,源码路径+测试用例/运行验证（本阶段仅登记证据要求）,未判定实现状态；不得复用旧审计结论
REQ-ADMINPORTAL-00254,admin-portal,docs/PRD-管理后台.md,4.8.1 绯荤粺鍙傛暟閰嶇疆 `/admin/configs`,"| 閭欢 | SMTP 涓绘満 | text | """" | 閭欢鍙戦€佹湇鍔″櫒 |",logic,P1,"需求规定：閭欢 | SMTP 涓绘満 | text | """" | 閭欢鍙戦€佹湇鍔″櫒",源码路径+测试用例/运行验证（本阶段仅登记证据要求）,未判定实现状态；不得复用旧审计结论
REQ-ADMINPORTAL-00255,admin-portal,docs/PRD-管理后台.md,4.8.1 绯荤粺鍙傛暟閰嶇疆 `/admin/configs`,| 閭欢 | SMTP 绔彛 | int | 465 | SSL/TLS |,logic,P1,需求规定：閭欢 | SMTP 绔彛 | int | 465 | SSL/TLS,源码路径+测试用例/运行验证（本阶段仅登记证据要求）,未判定实现状态；不得复用旧审计结论
REQ-ADMINPORTAL-00256,admin-portal,docs/PRD-管理后台.md,4.8.1 绯荤粺鍙傛暟閰嶇疆 `/admin/configs`,| 閭欢 | SMTP 鐢ㄦ埛鍚?| encrypted | 鈥?| 璁よ瘉鍑嵁 |,logic,P1,需求规定：閭欢 | SMTP 鐢ㄦ埛鍚?| encrypted | 鈥?| 璁よ瘉鍑嵁,源码路径+测试用例/运行验证（本阶段仅登记证据要求）,未判定实现状态；不得复用旧审计结论
REQ-ADMINPORTAL-00257,admin-portal,docs/PRD-管理后台.md,4.8.1 绯荤粺鍙傛暟閰嶇疆 `/admin/configs`,| 閭欢 | SMTP 瀵嗙爜 | encrypted | 鈥?| 璁よ瘉鍑嵁 |,logic,P1,需求规定：閭欢 | SMTP 瀵嗙爜 | encrypted | 鈥?| 璁よ瘉鍑嵁,源码路径+测试用例/运行验证（本阶段仅登记证据要求）,未判定实现状态；不得复用旧审计结论
REQ-ADMINPORTAL-00258,admin-portal,docs/PRD-管理后台.md,4.8.1 绯荤粺鍙傛暟閰嶇疆 `/admin/configs`,"| 閭欢 | 鍙戜欢浜哄湴鍧€ | text | """" | 灞曠ず缁欐敹浠朵汉 |",logic,P1,"需求规定：閭欢 | 鍙戜欢浜哄湴鍧€ | text | """" | 灞曠ず缁欐敹浠朵汉",源码路径+测试用例/运行验证（本阶段仅登记证据要求）,未判定实现状态；不得复用旧审计结论
REQ-ADMINPORTAL-00259,admin-portal,docs/PRD-管理后台.md,4.8.1 绯荤粺鍙傛暟閰嶇疆 `/admin/configs`,"| 瀹夊叏 | 2FA 寮哄埗绛栫暐 | select | ""鍙€? | 鍙€?寮哄埗鍏ㄩ儴/浠呯鐞嗗憳 |",logic,P1,"需求规定：瀹夊叏 | 2FA 寮哄埗绛栫暐 | select | ""鍙€? | 鍙€?寮哄埗鍏ㄩ儴/浠呯鐞嗗憳",源码路径+测试用例/运行验证（本阶段仅登记证据要求）,未判定实现状态；不得复用旧审计结论
REQ-ADMINPORTAL-00260,admin-portal,docs/PRD-管理后台.md,4.8.1 绯荤粺鍙傛暟閰嶇疆 `/admin/configs`,| 瀹夊叏 | 瀵嗙爜鏈€灏忛暱搴?| int | 8 | 娉ㄥ唽/鏀瑰瘑鐮佹牎楠?|,logic,P1,需求规定：瀹夊叏 | 瀵嗙爜鏈€灏忛暱搴?| int | 8 | 娉ㄥ唽/鏀瑰瘑鐮佹牎楠?,源码路径+测试用例/运行验证（本阶段仅登记证据要求）,未判定实现状态；不得复用旧审计结论
REQ-ADMINPORTAL-00261,admin-portal,docs/PRD-管理后台.md,4.8.1 绯荤粺鍙傛暟閰嶇疆 `/admin/configs`,| 瀹夊叏 | 鐧诲綍閿佸畾闃堝€?| int | 5 | 娆?5鍒嗛挓 |,logic,P1,需求规定：瀹夊叏 | 鐧诲綍閿佸畾闃堝€?| int | 5 | 娆?5鍒嗛挓,源码路径+测试用例/运行验证（本阶段仅登记证据要求）,未判定实现状态；不得复用旧审计结论
REQ-ADMINPORTAL-00262,admin-portal,docs/PRD-管理后台.md,4.8.1 绯荤粺鍙傛暟閰嶇疆 `/admin/configs`,| 瀹夊叏 | 鐧诲綍閿佸畾鏃堕暱 | int | 15 | 鍒嗛挓 |,logic,P1,需求规定：瀹夊叏 | 鐧诲綍閿佸畾鏃堕暱 | int | 15 | 鍒嗛挓,源码路径+测试用例/运行验证（本阶段仅登记证据要求）,未判定实现状态；不得复用旧审计结论
REQ-ADMINPORTAL-00263,admin-portal,docs/PRD-管理后台.md,4.8.1 绯荤粺鍙傛暟閰嶇疆 `/admin/configs`,"| 閫氱煡 | 榛樿閫氱煡娓犻亾 | multi-select | [""绔欏唴"", ""閭欢""] | 鐢ㄦ埛鍙鐩?|",logic,P1,"需求规定：閫氱煡 | 榛樿閫氱煡娓犻亾 | multi-select | [""绔欏唴"", ""閭欢""] | 鐢ㄦ埛鍙鐩?",源码路径+测试用例/运行验证（本阶段仅登记证据要求）,未判定实现状态；不得复用旧审计结论
REQ-ADMINPORTAL-00264,admin-portal,docs/PRD-管理后台.md,4.8.1 绯荤粺鍙傛暟閰嶇疆 `/admin/configs`,| 閫氱煡 | 姣忔棩閭欢涓婇檺 | int | 5 | 姣忕敤鎴锋瘡澶?|,logic,P1,需求规定：閫氱煡 | 姣忔棩閭欢涓婇檺 | int | 5 | 姣忕敤鎴锋瘡澶?,源码路径+测试用例/运行验证（本阶段仅登记证据要求）,未判定实现状态；不得复用旧审计结论
REQ-ADMINPORTAL-00265,admin-portal,docs/PRD-管理后台.md,4.8.1 绯荤粺鍙傛暟閰嶇疆 `/admin/configs`,| 闄愭祦 | 鍏ㄥ眬 QPS 涓婇檺 | int | 10000 | 鈥?|,performance,P1,需求规定：闄愭祦 | 鍏ㄥ眬 QPS 涓婇檺 | int | 10000 | 鈥?,源码路径+测试用例/运行验证（本阶段仅登记证据要求）,未判定实现状态；不得复用旧审计结论
REQ-ADMINPORTAL-00266,admin-portal,docs/PRD-管理后台.md,4.8.1 绯荤粺鍙傛暟閰嶇疆 `/admin/configs`,| 闄愭祦 | 榛樿鐢ㄦ埛 QPS | int | 100 | 鈥?|,performance,P1,需求规定：闄愭祦 | 榛樿鐢ㄦ埛 QPS | int | 100 | 鈥?,源码路径+测试用例/运行验证（本阶段仅登记证据要求）,未判定实现状态；不得复用旧审计结论
REQ-ADMINPORTAL-00267,admin-portal,docs/PRD-管理后台.md,4.8.1 绯荤粺鍙傛暟閰嶇疆 `/admin/configs`,| 闄愭祦 | 榛樿 Key QPS | int | 50 | 鈥?|,performance,P1,需求规定：闄愭祦 | 榛樿 Key QPS | int | 50 | 鈥?,源码路径+测试用例/运行验证（本阶段仅登记证据要求）,未判定实现状态；不得复用旧审计结论
REQ-ADMINPORTAL-00268,admin-portal,docs/PRD-管理后台.md,4.8.1 绯荤粺鍙傛暟閰嶇疆 `/admin/configs`,| 闄愭祦 | API 瓒呮椂鏃堕棿 | int | 30000 | 姣 |,api,P1,需求规定：闄愭祦 | API 瓒呮椂鏃堕棿 | int | 30000 | 姣,源码路径+测试用例/运行验证（本阶段仅登记证据要求）,未判定实现状态；不得复用旧审计结论
REQ-ADMINPORTAL-00269,admin-portal,docs/PRD-管理后台.md,4.8.1 绯荤粺鍙傛暟閰嶇疆 `/admin/configs`,"| 浠锋牸 | 榛樿鍔犱环鐜?| decimal(5,2) | 10.00 | % |",logic,P1,"需求规定：浠锋牸 | 榛樿鍔犱环鐜?| decimal(5,2) | 10.00 | %",源码路径+测试用例/运行验证（本阶段仅登记证据要求）,未判定实现状态；不得复用旧审计结论
REQ-ADMINPORTAL-00270,admin-portal,docs/PRD-管理后台.md,4.8.1 绯荤粺鍙傛暟閰嶇疆 `/admin/configs`,"| 缁撶畻 | 榛樿缁撶畻鍛ㄦ湡 | select | ""鏈堢粨"" | 鏈堢粨/鍛ㄧ粨 |",logic,P1,"需求规定：缁撶畻 | 榛樿缁撶畻鍛ㄦ湡 | select | ""鏈堢粨"" | 鏈堢粨/鍛ㄧ粨",源码路径+测试用例/运行验证（本阶段仅登记证据要求）,未判定实现状态；不得复用旧审计结论
REQ-ADMINPORTAL-00271,admin-portal,docs/PRD-管理后台.md,4.8.1 绯荤粺鍙傛暟閰嶇疆 `/admin/configs`,"| 缁撶畻 | 榛樿浣ｉ噾鐜?| decimal(5,2) | 10.00 | % |",logic,P1,"需求规定：缁撶畻 | 榛樿浣ｉ噾鐜?| decimal(5,2) | 10.00 | %",源码路径+测试用例/运行验证（本阶段仅登记证据要求）,未判定实现状态；不得复用旧审计结论
REQ-ADMINPORTAL-00272,admin-portal,docs/PRD-管理后台.md,4.8.1 绯荤粺鍙傛暟閰嶇疆 `/admin/configs`,| 缁撶畻 | 缁撶畻寤惰繜澶╂暟 | int | 3 | 璐﹀崟鐢熸垚寤惰繜澶╂暟 |,logic,P1,需求规定：缁撶畻 | 缁撶畻寤惰繜澶╂暟 | int | 3 | 璐﹀崟鐢熸垚寤惰繜澶╂暟,源码路径+测试用例/运行验证（本阶段仅登记证据要求）,未判定实现状态；不得复用旧审计结论
REQ-ADMINPORTAL-00273,admin-portal,docs/PRD-管理后台.md,4.8.1 绯荤粺鍙傛暟閰嶇疆 `/admin/configs`,| 缁撶畻 | 浣ｉ噾鍐荤粨鏈?| int | 7 | 澶╋紙浜х敓鍚庡彲鎻愮幇锛墊,logic,P1,需求规定：缁撶畻 | 浣ｉ噾鍐荤粨鏈?| int | 7 | 澶╋紙浜х敓鍚庡彲鎻愮幇锛墊,源码路径+测试用例/运行验证（本阶段仅登记证据要求）,未判定实现状态；不得复用旧审计结论
REQ-ADMINPORTAL-00274,admin-portal,docs/PRD-管理后台.md,4.8.1 绯荤粺鍙傛暟閰嶇疆 `/admin/configs`,"| 瀹炲悕 | 瀹炲悕绛夌骇 | select | ""鏍囧噯"" | 鏍囧噯/涓ユ牸/瀹芥澗 |",logic,P1,"需求规定：瀹炲悕 | 瀹炲悕绛夌骇 | select | ""鏍囧噯"" | 鏍囧噯/涓ユ牸/瀹芥澗",源码路径+测试用例/运行验证（本阶段仅登记证据要求）,未判定实现状态；不得复用旧审计结论
REQ-ADMINPORTAL-00275,admin-portal,docs/PRD-管理后台.md,4.8.1 绯荤粺鍙傛暟閰嶇疆 `/admin/configs`,"| 瀹炲悕 | OCR 鏈嶅姟閰嶇疆 | encrypted | """" | 绗笁鏂?OCR API Key |",api,P1,"需求规定：瀹炲悕 | OCR 鏈嶅姟閰嶇疆 | encrypted | """" | 绗笁鏂?OCR API Key",源码路径+测试用例/运行验证（本阶段仅登记证据要求）,未判定实现状态；不得复用旧审计结论
REQ-ADMINPORTAL-00276,admin-portal,docs/PRD-管理后台.md,4.8.1 绯荤粺鍙傛暟閰嶇疆 `/admin/configs`,| 渚涘簲鍟?| 鍋ュ悍妫€鏌ラ棿闅?| int | 30 | 绉?|,logic,P1,需求规定：渚涘簲鍟?| 鍋ュ悍妫€鏌ラ棿闅?| int | 30 | 绉?,源码路径+测试用例/运行验证（本阶段仅登记证据要求）,未判定实现状态；不得复用旧审计结论
REQ-ADMINPORTAL-00277,admin-portal,docs/PRD-管理后台.md,4.8.1 绯荤粺鍙傛暟閰嶇疆 `/admin/configs`,| 渚涘簲鍟?| 鐔旀柇澶辫触闃堝€?| int | 10 | 杩炵画澶辫触娆℃暟 |,logic,P1,需求规定：渚涘簲鍟?| 鐔旀柇澶辫触闃堝€?| int | 10 | 杩炵画澶辫触娆℃暟,源码路径+测试用例/运行验证（本阶段仅登记证据要求）,未判定实现状态；不得复用旧审计结论
REQ-ADMINPORTAL-00278,admin-portal,docs/PRD-管理后台.md,4.8.1 绯荤粺鍙傛暟閰嶇疆 `/admin/configs`,| 渚涘簲鍟?| 鐔旀柇鎭㈠绛夊緟 | int | 30 | 绉?|,logic,P1,需求规定：渚涘簲鍟?| 鐔旀柇鎭㈠绛夊緟 | int | 30 | 绉?,源码路径+测试用例/运行验证（本阶段仅登记证据要求）,未判定实现状态；不得复用旧审计结论
REQ-ADMINPORTAL-00279,admin-portal,docs/PRD-管理后台.md,4.8.1 绯荤粺鍙傛暟閰嶇疆 `/admin/configs`,**鏁忔劅閰嶇疆鏌ョ湅纭娴佺▼**,logic,P1,需求规定：**鏁忔劅閰嶇疆鏌ョ湅纭娴佺▼**,源码路径+测试用例/运行验证（本阶段仅登记证据要求）,未判定实现状态；不得复用旧审计结论
REQ-ADMINPORTAL-00280,admin-portal,docs/PRD-管理后台.md,4.8.1 绯荤粺鍙傛暟閰嶇疆 `/admin/configs`,**閰嶇疆瀵煎叆瀵煎嚭**锛圥2锛?,logic,P1,需求规定：**閰嶇疆瀵煎叆瀵煎嚭**锛圥2锛?,源码路径+测试用例/运行验证（本阶段仅登记证据要求）,未判定实现状态；不得复用旧审计结论
REQ-ADMINPORTAL-00281,admin-portal,docs/PRD-管理后台.md,4.8.2 閰嶇疆鐗堟湰鎺у埗 `/admin/config-versions`锛圥1锛?,**鐗堟湰鍒楄〃**,logic,P1,需求规定：**鐗堟湰鍒楄〃**,源码路径+测试用例/运行验证（本阶段仅登记证据要求）,未判定实现状态；不得复用旧审计结论
REQ-ADMINPORTAL-00282,admin-portal,docs/PRD-管理后台.md,4.8.2 閰嶇疆鐗堟湰鎺у埗 `/admin/config-versions`锛圥1锛?,| 鐗堟湰 | 鏃堕棿 | 鎿嶄綔浜?| 鍙樻洿椤规暟 | 璇存槑 |,logic,P1,需求规定：鐗堟湰 | 鏃堕棿 | 鎿嶄綔浜?| 鍙樻洿椤规暟 | 璇存槑,源码路径+测试用例/运行验证（本阶段仅登记证据要求）,未判定实现状态；不得复用旧审计结论
REQ-ADMINPORTAL-00283,admin-portal,docs/PRD-管理后台.md,4.8.2 閰嶇疆鐗堟湰鎺у埗 `/admin/config-versions`锛圥1锛?,| v42 | 2026-07-26 11:35 | admin@3cloud.ai | 2 | 璋冩暣 DeepSeek 鍔犱环鐜?|,logic,P1,需求规定：v42 | 2026-07-26 11:35 | admin@3cloud.ai | 2 | 璋冩暣 DeepSeek 鍔犱环鐜?,源码路径+测试用例/运行验证（本阶段仅登记证据要求）,未判定实现状态；不得复用旧审计结论
REQ-ADMINPORTAL-00284,admin-portal,docs/PRD-管理后台.md,4.8.2 閰嶇疆鐗堟湰鎺у埗 `/admin/config-versions`锛圥1锛?,| v41 | 2026-07-25 15:00 | 绯荤粺 | 1 | 鑷姩澶囦唤锛堟椿鍔ㄥ埌鏈燂級|,logic,P1,需求规定：v41 | 2026-07-25 15:00 | 绯荤粺 | 1 | 鑷姩澶囦唤锛堟椿鍔ㄥ埌鏈燂級,源码路径+测试用例/运行验证（本阶段仅登记证据要求）,未判定实现状态；不得复用旧审计结论
REQ-ADMINPORTAL-00285,admin-portal,docs/PRD-管理后台.md,4.8.2 閰嶇疆鐗堟湰鎺у埗 `/admin/config-versions`锛圥1锛?,| v40 | 2026-07-24 09:00 | admin@3cloud.ai | 5 | 閰嶇疆鏂颁緵搴斿晢 OspreyAI |,logic,P1,需求规定：v40 | 2026-07-24 09:00 | admin@3cloud.ai | 5 | 閰嶇疆鏂颁緵搴斿晢 OspreyAI,源码路径+测试用例/运行验证（本阶段仅登记证据要求）,未判定实现状态；不得复用旧审计结论
REQ-ADMINPORTAL-00286,admin-portal,docs/PRD-管理后台.md,4.8.2 閰嶇疆鐗堟湰鎺у埗 `/admin/config-versions`锛圥1锛?,**鐗堟湰瀵规瘮**,logic,P1,需求规定：**鐗堟湰瀵规瘮**,源码路径+测试用例/运行验证（本阶段仅登记证据要求）,未判定实现状态；不得复用旧审计结论
REQ-ADMINPORTAL-00287,admin-portal,docs/PRD-管理后台.md,4.8.2 閰嶇疆鐗堟湰鎺у埗 `/admin/config-versions`锛圥1锛?,**鐗堟湰鍥炴粴**,logic,P1,需求规定：**鐗堟湰鍥炴粴**,源码路径+测试用例/运行验证（本阶段仅登记证据要求）,未判定实现状态；不得复用旧审计结论
REQ-ADMINPORTAL-00288,admin-portal,docs/PRD-管理后台.md,4.9.1 鑷畾涔夋姤琛?`/admin/custom-reports`锛圥2锛?,**鎶ヨ〃鏋勫缓鍣?*,logic,P1,需求规定：**鎶ヨ〃鏋勫缓鍣?*,源码路径+测试用例/运行验证（本阶段仅登记证据要求）,未判定实现状态；不得复用旧审计结论
REQ-ADMINPORTAL-00289,admin-portal,docs/PRD-管理后台.md,4.9.1 鑷畾涔夋姤琛?`/admin/custom-reports`锛圥2锛?,**瀹氭椂璋冨害**,logic,P1,需求规定：**瀹氭椂璋冨害**,源码路径+测试用例/运行验证（本阶段仅登记证据要求）,未判定实现状态；不得复用旧审计结论
REQ-ADMINPORTAL-00290,admin-portal,docs/PRD-管理后台.md,4.9.2 A/B 娴嬭瘯 `/admin/ab-testing`锛圥2锛?,**瀹為獙閰嶇疆**,logic,P1,需求规定：**瀹為獙閰嶇疆**,源码路径+测试用例/运行验证（本阶段仅登记证据要求）,未判定实现状态；不得复用旧审计结论
REQ-ADMINPORTAL-00291,admin-portal,docs/PRD-管理后台.md,4.9.2 A/B 娴嬭瘯 `/admin/ab-testing`锛圥2锛?,**瀹為獙缁撴灉**,logic,P1,需求规定：**瀹為獙缁撴灉**,源码路径+测试用例/运行验证（本阶段仅登记证据要求）,未判定实现状态；不得复用旧审计结论
REQ-ADMINPORTAL-00292,admin-portal,docs/PRD-管理后台.md,4.10 渚涘簲鍟嗚嚜鍔╃鐞嗭紙P1锛?,**渚涘簲鍟嗗叆椹绘祦绋?*,logic,P1,需求规定：**渚涘簲鍟嗗叆椹绘祦绋?*,源码路径+测试用例/运行验证（本阶段仅登记证据要求）,未判定实现状态；不得复用旧审计结论
REQ-ADMINPORTAL-00293,admin-portal,docs/PRD-管理后台.md,4.10 渚涘簲鍟嗚嚜鍔╃鐞嗭紙P1锛?,**渚涘簲鍟嗙鐞嗗悗鍙板姛鑳?*,logic,P1,需求规定：**渚涘簲鍟嗙鐞嗗悗鍙板姛鑳?*,源码路径+测试用例/运行验证（本阶段仅登记证据要求）,未判定实现状态；不得复用旧审计结论
REQ-ADMINPORTAL-00294,admin-portal,docs/PRD-管理后台.md,4.10 渚涘簲鍟嗚嚜鍔╃鐞嗭紙P1锛?,| 椤甸潰 | 鍔熻兘 | 璁块棶鏂瑰紡 |,logic,P1,需求规定：椤甸潰 | 鍔熻兘 | 璁块棶鏂瑰紡,源码路径+测试用例/运行验证（本阶段仅登记证据要求）,未判定实现状态；不得复用旧审计结论
REQ-ADMINPORTAL-00295,admin-portal,docs/PRD-管理后台.md,4.10 渚涘簲鍟嗚嚜鍔╃鐞嗭紙P1锛?,| 浠〃鐩?| 浠婃棩璋冪敤閲?鏀跺叆/鍙敤鐜?瓒嬪娍 | `/vendor` |,logic,P1,需求规定：浠〃鐩?| 浠婃棩璋冪敤閲?鏀跺叆/鍙敤鐜?瓒嬪娍 | `/vendor`,源码路径+测试用例/运行验证（本阶段仅登记证据要求）,未判定实现状态；不得复用旧审计结论
REQ-ADMINPORTAL-00296,admin-portal,docs/PRD-管理后台.md,4.10 渚涘簲鍟嗚嚜鍔╃鐞嗭紙P1锛?,| 妯″瀷绠＄悊 | 宸叉帴鍏ユā鍨嬪垪琛?鏂板妯″瀷/浠锋牸淇敼 | `/vendor/models` |,logic,P1,需求规定：妯″瀷绠＄悊 | 宸叉帴鍏ユā鍨嬪垪琛?鏂板妯″瀷/浠锋牸淇敼 | `/vendor/models`,源码路径+测试用例/运行验证（本阶段仅登记证据要求）,未判定实现状态；不得复用旧审计结论
REQ-ADMINPORTAL-00297,admin-portal,docs/PRD-管理后台.md,4.10 渚涘簲鍟嗚嚜鍔╃鐞嗭紙P1锛?,| 鏁版嵁缁熻 | 璋冪敤瓒嬪娍/鏀跺叆瓒嬪娍/鐢ㄦ埛鍒嗗竷(鑴辨晱) | `/vendor/stats` |,logic,P1,需求规定：鏁版嵁缁熻 | 璋冪敤瓒嬪娍/鏀跺叆瓒嬪娍/鐢ㄦ埛鍒嗗竷(鑴辨晱) | `/vendor/stats`,源码路径+测试用例/运行验证（本阶段仅登记证据要求）,未判定实现状态；不得复用旧审计结论
REQ-ADMINPORTAL-00298,admin-portal,docs/PRD-管理后台.md,4.10 渚涘簲鍟嗚嚜鍔╃鐞嗭紙P1锛?,| 缁撶畻 | 缁撶畻鍗曟煡鐪?瀵硅处 | `/vendor/settlement` |,logic,P1,需求规定：缁撶畻 | 缁撶畻鍗曟煡鐪?瀵硅处 | `/vendor/settlement`,源码路径+测试用例/运行验证（本阶段仅登记证据要求）,未判定实现状态；不得复用旧审计结论
REQ-ADMINPORTAL-00299,admin-portal,docs/PRD-管理后台.md,4.10 渚涘簲鍟嗚嚜鍔╃鐞嗭紙P1锛?,| 閫氱煡 | 骞冲彴閫氱煡鍒楄〃 | `/vendor/notifications` |,logic,P1,需求规定：閫氱煡 | 骞冲彴閫氱煡鍒楄〃 | `/vendor/notifications`,源码路径+测试用例/运行验证（本阶段仅登记证据要求）,未判定实现状态；不得复用旧审计结论
REQ-ADMINPORTAL-00300,growth-operations,docs/PRD-概览与运营模型.md,1.2 鍟嗕笟妯″瀷,| 瑙掕壊 | 琛屼负 | 鏀跺叆/浠峰€?| 瀵瑰钩鍙扮殑璐＄尞 |,logic,P1,需求规定：瑙掕壊 | 琛屼负 | 鏀跺叆/浠峰€?| 瀵瑰钩鍙扮殑璐＄尞,源码路径+测试用例/运行验证（本阶段仅登记证据要求）,未判定实现状态；不得复用旧审计结论
REQ-ADMINPORTAL-00301,growth-operations,docs/PRD-概览与运营模型.md,1.2 鍟嗕笟妯″瀷,| **骞冲彴** | 浠庝緵搴斿晢閲囪喘 鈫?鍔犱环/鎶戒剑杞敭 | 璧氬彇閲囪喘浠蜂笌鍞环涔嬮棿鐨勫樊浠?+ 浠ｇ悊鍟嗕剑閲戞娊鎴?| 鈥?|,logic,P1,需求规定：**骞冲彴** | 浠庝緵搴斿晢閲囪喘 鈫?鍔犱环/鎶戒剑杞敭 | 璧氬彇閲囪喘浠蜂笌鍞环涔嬮棿鐨勫樊浠?+ 浠ｇ悊鍟嗕剑閲戞娊鎴?| 鈥?,源码路径+测试用例/运行验证（本阶段仅登记证据要求）,未判定实现状态；不得复用旧审计结论
REQ-ADMINPORTAL-00302,growth-operations,docs/PRD-概览与运营模型.md,1.2 鍟嗕笟妯″瀷,| **渚涘簲鍟?* | 鎻愪緵妯″瀷 API 鑳藉姏 | 閫氳繃骞冲彴瑙﹁揪鏇村缁堢鐢ㄦ埛 | 鎻愪緵鏍稿績绠楀姏浜у搧 |,api,P1,需求规定：**渚涘簲鍟?* | 鎻愪緵妯″瀷 API 鑳藉姏 | 閫氳繃骞冲彴瑙﹁揪鏇村缁堢鐢ㄦ埛 | 鎻愪緵鏍稿績绠楀姏浜у搧,源码路径+测试用例/运行验证（本阶段仅登记证据要求）,未判定实现状态；不得复用旧审计结论
REQ-ADMINPORTAL-00303,growth-operations,docs/PRD-概览与运营模型.md,1.2 鍟嗕笟妯″瀷,| **涓€绾т唬鐞?* | 鍙戝睍鍚嶄笅鐢ㄦ埛鍜屽瓙浠ｇ悊 | 璧氬彇鐢ㄦ埛娑堣垂鐨勪剑閲戝垎鎴?| 甯︽潵鐢ㄦ埛娴侀噺鍜屾秷璐?|,logic,P1,需求规定：**涓€绾т唬鐞?* | 鍙戝睍鍚嶄笅鐢ㄦ埛鍜屽瓙浠ｇ悊 | 璧氬彇鐢ㄦ埛娑堣垂鐨勪剑閲戝垎鎴?| 甯︽潵鐢ㄦ埛娴侀噺鍜屾秷璐?,源码路径+测试用例/运行验证（本阶段仅登记证据要求）,未判定实现状态；不得复用旧审计结论
REQ-ADMINPORTAL-00304,growth-operations,docs/PRD-概览与运营模型.md,1.2 鍟嗕笟妯″瀷,| **瀛愪唬鐞?* | 闅跺睘浜庝竴绾т唬鐞嗗彂灞曠敤鎴?| 璧氬彇鐢ㄦ埛娑堣垂鐨勪剑閲戝垎鎴?| 鎵╁睍鐢ㄦ埛瑙﹁揪闈?|,logic,P1,需求规定：**瀛愪唬鐞?* | 闅跺睘浜庝竴绾т唬鐞嗗彂灞曠敤鎴?| 璧氬彇鐢ㄦ埛娑堣垂鐨勪剑閲戝垎鎴?| 鎵╁睍鐢ㄦ埛瑙﹁揪闈?,源码路径+测试用例/运行验证（本阶段仅登记证据要求）,未判定实现状态；不得复用旧审计结论
REQ-ADMINPORTAL-00305,growth-operations,docs/PRD-概览与运营模型.md,1.2 鍟嗕笟妯″瀷,| **浼佷笟鐢ㄦ埛** | 闆嗕腑绠＄悊鍥㈤槦 API 娑堣垂 | 缁熶竴璁¤垂銆佸璁°€佹潈闄愮鐞?| 楂樹环鍊肩ǔ瀹氭秷璐?|,api,P1,需求规定：**浼佷笟鐢ㄦ埛** | 闆嗕腑绠＄悊鍥㈤槦 API 娑堣垂 | 缁熶竴璁¤垂銆佸璁°€佹潈闄愮鐞?| 楂樹环鍊肩ǔ瀹氭秷璐?,源码路径+测试用例/运行验证（本阶段仅登记证据要求）,未判定实现状态；不得复用旧审计结论
REQ-ADMINPORTAL-00306,growth-operations,docs/PRD-概览与运营模型.md,1.2 鍟嗕笟妯″瀷,| **寮€鍙戣€?* | 浣跨敤 API Key 璋冪敤妯″瀷 | 涓€绔欏紡鎺ュ叆澶氭ā鍨嬨€佸厤鍘婚€愪竴绛剧害 | 鏈€骞挎硾鐨勭敤鎴峰熀纭€ |,api,P1,需求规定：**寮€鍙戣€?* | 浣跨敤 API Key 璋冪敤妯″瀷 | 涓€绔欏紡鎺ュ叆澶氭ā鍨嬨€佸厤鍘婚€愪竴绛剧害 | 鏈€骞挎硾鐨勭敤鎴峰熀纭€,源码路径+测试用例/运行验证（本阶段仅登记证据要求）,未判定实现状态；不得复用旧审计结论
REQ-ADMINPORTAL-00307,growth-operations,docs/PRD-概览与运营模型.md,1.3 鏍稿績鍟嗕笟鎸囨爣锛堣繍钀?KPI锛?,| 鎸囨爣鍚嶇О | 瀹氫箟 | 閲囬泦鏂瑰紡 | 杩愯惀鎰忎箟 | 棰勮闃堝€?|,logic,P1,需求规定：鎸囨爣鍚嶇О | 瀹氫箟 | 閲囬泦鏂瑰紡 | 杩愯惀鎰忎箟 | 棰勮闃堝€?,源码路径+测试用例/运行验证（本阶段仅登记证据要求）,未判定实现状态；不得复用旧审计结论
REQ-ADMINPORTAL-00308,growth-operations,docs/PRD-概览与运营模型.md,1.3 鏍稿績鍟嗕笟鎸囨爣锛堣繍钀?KPI锛?,| 鏃ユ椿璺冪敤鎴?(DAU) | 姣忓ぉ鍙戣捣鑷冲皯 1 娆?API 璋冪敤鐨勭嫭绔嬬敤鎴锋暟 | `call_logs.user_id` 鍘婚噸璁℃暟 | 琛￠噺骞冲彴鏃ユ椿鍋ュ悍搴?| 杩炵画 3 澶╀笅闄?> 10% |,api,P1,需求规定：鏃ユ椿璺冪敤鎴?(DAU) | 姣忓ぉ鍙戣捣鑷冲皯 1 娆?API 璋冪敤鐨勭嫭绔嬬敤鎴锋暟 | `call_logs.user_id` 鍘婚噸璁℃暟 | 琛￠噺骞冲彴鏃ユ椿鍋ュ悍搴?| 杩炵画 3 澶╀笅闄?> 10%,源码路径+测试用例/运行验证（本阶段仅登记证据要求）,未判定实现状态；不得复用旧审计结论
REQ-ADMINPORTAL-00309,growth-operations,docs/PRD-概览与运营模型.md,1.3 鏍稿績鍟嗕笟鎸囨爣锛堣繍钀?KPI锛?,| 鏃ヨ皟鐢ㄩ噺 | 鍏ㄥぉ API 璇锋眰鎬绘暟 | `call_logs` 璁℃暟 | 绯荤粺璐熻浇鍜岃惀鏀舵潵婧?| 澧為暱鐜?> 100%/鍛?闇€鎵╁ |,api,P1,需求规定：鏃ヨ皟鐢ㄩ噺 | 鍏ㄥぉ API 璇锋眰鎬绘暟 | `call_logs` 璁℃暟 | 绯荤粺璐熻浇鍜岃惀鏀舵潵婧?| 澧為暱鐜?> 100%/鍛?闇€鎵╁,源码路径+测试用例/运行验证（本阶段仅登记证据要求）,未判定实现状态；不得复用旧审计结论
REQ-ADMINPORTAL-00310,growth-operations,docs/PRD-概览与运营模型.md,1.3 鏍稿績鍟嗕笟鎸囨爣锛堣繍钀?KPI锛?,| 鏈堟祦姘?(MRR) | 鏈堝害鐢ㄦ埛娑堣垂鎬婚 | `consumption_logs` 鎸夋湀鑱氬悎 | 骞冲彴钀ユ敹鏍稿績鎸囨爣 | 鏈堢幆姣斾笅闄?> 15% |,logic,P1,需求规定：鏈堟祦姘?(MRR) | 鏈堝害鐢ㄦ埛娑堣垂鎬婚 | `consumption_logs` 鎸夋湀鑱氬悎 | 骞冲彴钀ユ敹鏍稿績鎸囨爣 | 鏈堢幆姣斾笅闄?> 15%,源码路径+测试用例/运行验证（本阶段仅登记证据要求）,未判定实现状态；不得复用旧审计结论
REQ-ADMINPORTAL-00311,growth-operations,docs/PRD-概览与运营模型.md,1.3 鏍稿績鍟嗕笟鎸囨爣锛堣繍钀?KPI锛?,| 姣涘埄鐜?| (鐢ㄦ埛鏀跺叆 - 渚涘簲鍟嗘垚鏈? / 鐢ㄦ埛鏀跺叆 脳 100% | 璐㈠姟妯″潡鑷姩璁＄畻 | 骞冲彴鐩堝埄鑳藉姏 | < 15% 闇€璋冩暣瀹氫环 |,logic,P1,需求规定：姣涘埄鐜?| (鐢ㄦ埛鏀跺叆 - 渚涘簲鍟嗘垚鏈? / 鐢ㄦ埛鏀跺叆 脳 100% | 璐㈠姟妯″潡鑷姩璁＄畻 | 骞冲彴鐩堝埄鑳藉姏 | < 15% 闇€璋冩暣瀹氫环,源码路径+测试用例/运行验证（本阶段仅登记证据要求）,未判定实现状态；不得复用旧审计结论
REQ-ADMINPORTAL-00312,growth-operations,docs/PRD-概览与运营模型.md,1.3 鏍稿績鍟嗕笟鎸囨爣锛堣繍钀?KPI锛?,| 鐢ㄦ埛鐣欏瓨鐜囷紙7鏃ワ級 | 娉ㄥ唽鍚庣 7 澶╀粛鏈夎皟鐢ㄧ殑鐢ㄦ埛 / 娉ㄥ唽鎬绘暟 | 鐢ㄦ埛鍒嗘瀽妯″潡 | 浜у搧绮樻€?| < 20% 闇€浼樺寲 Onboarding |,logic,P1,需求规定：鐢ㄦ埛鐣欏瓨鐜囷紙7鏃ワ級 | 娉ㄥ唽鍚庣 7 澶╀粛鏈夎皟鐢ㄧ殑鐢ㄦ埛 / 娉ㄥ唽鎬绘暟 | 鐢ㄦ埛鍒嗘瀽妯″潡 | 浜у搧绮樻€?| < 20% 闇€浼樺寲 Onboarding,源码路径+测试用例/运行验证（本阶段仅登记证据要求）,未判定实现状态；不得复用旧审计结论
REQ-ADMINPORTAL-00313,growth-operations,docs/PRD-概览与运营模型.md,1.3 鏍稿績鍟嗕笟鎸囨爣锛堣繍钀?KPI锛?,| 鐢ㄦ埛鐣欏瓨鐜囷紙30鏃ワ級 | 娉ㄥ唽鍚庣 30 澶╀粛鏈夎皟鐢ㄧ殑鐢ㄦ埛 / 娉ㄥ唽鎬绘暟 | 鐢ㄦ埛鍒嗘瀽妯″潡 | 闀挎湡浠峰€煎垽鏂?| < 10% 闇€璋冩暣杩愯惀绛栫暐 |,logic,P1,需求规定：鐢ㄦ埛鐣欏瓨鐜囷紙30鏃ワ級 | 娉ㄥ唽鍚庣 30 澶╀粛鏈夎皟鐢ㄧ殑鐢ㄦ埛 / 娉ㄥ唽鎬绘暟 | 鐢ㄦ埛鍒嗘瀽妯″潡 | 闀挎湡浠峰€煎垽鏂?| < 10% 闇€璋冩暣杩愯惀绛栫暐,源码路径+测试用例/运行验证（本阶段仅登记证据要求）,未判定实现状态；不得复用旧审计结论
REQ-ADMINPORTAL-00314,growth-operations,docs/PRD-概览与运营模型.md,1.3 鏍稿績鍟嗕笟鎸囨爣锛堣繍钀?KPI锛?,| 浠ｇ悊娲昏穬搴?| 杩?30 澶╁悕涓嬬敤鎴锋湁娑堣垂鐨勪唬鐞?/ 鎬讳唬鐞嗘暟 | 浠ｇ悊妯″潡 | 鍒嗛攢浣撶郴鍋ュ悍搴?| < 50% 闇€浠ｇ悊婵€鍔?|,logic,P1,需求规定：浠ｇ悊娲昏穬搴?| 杩?30 澶╁悕涓嬬敤鎴锋湁娑堣垂鐨勪唬鐞?/ 鎬讳唬鐞嗘暟 | 浠ｇ悊妯″潡 | 鍒嗛攢浣撶郴鍋ュ悍搴?| < 50% 闇€浠ｇ悊婵€鍔?,源码路径+测试用例/运行验证（本阶段仅登记证据要求）,未判定实现状态；不得复用旧审计结论
REQ-ADMINPORTAL-00315,growth-operations,docs/PRD-概览与运营模型.md,1.3 鏍稿績鍟嗕笟鎸囨爣锛堣繍钀?KPI锛?,| Key 浣跨敤鐜?| 宸插垱寤?Key 涓繎 7 澶╂湁璋冪敤鐨勫崰姣?| `api_keys` 鍏宠仈 `call_logs` | Key 闂茬疆鐜囩洃鎺?| < 40% 闇€鎻愰啋鐢ㄦ埛娓呯悊 |,logic,P1,需求规定：Key 浣跨敤鐜?| 宸插垱寤?Key 涓繎 7 澶╂湁璋冪敤鐨勫崰姣?| `api_keys` 鍏宠仈 `call_logs` | Key 闂茬疆鐜囩洃鎺?| < 40% 闇€鎻愰啋鐢ㄦ埛娓呯悊,源码路径+测试用例/运行验证（本阶段仅登记证据要求）,未判定实现状态；不得复用旧审计结论
REQ-ADMINPORTAL-00316,growth-operations,docs/PRD-概览与运营模型.md,1.3 鏍稿績鍟嗕笟鎸囨爣锛堣繍钀?KPI锛?,| 渚涘簲鍟嗗仴搴峰害 | 鍚勪緵搴斿晢 API 鍙敤鐜囷紙鏈€杩?24 灏忔椂锛?| 鍋ュ悍妫€鏌ユā鍧?| 鏈嶅姟璐ㄩ噺鐩戞帶 | < 99% 瑙﹀彂鍛婅 |,api,P1,需求规定：渚涘簲鍟嗗仴搴峰害 | 鍚勪緵搴斿晢 API 鍙敤鐜囷紙鏈€杩?24 灏忔椂锛?| 鍋ュ悍妫€鏌ユā鍧?| 鏈嶅姟璐ㄩ噺鐩戞帶 | < 99% 瑙﹀彂鍛婅,源码路径+测试用例/运行验证（本阶段仅登记证据要求）,未判定实现状态；不得复用旧审计结论
REQ-ADMINPORTAL-00317,growth-operations,docs/PRD-概览与运营模型.md,1.3 鏍稿績鍟嗕笟鎸囨爣锛堣繍钀?KPI锛?,| 鍛婅鏀舵暃鐜?| 鐪熷疄鍛婅 / 鎬诲憡璀︽暟 脳 100% | 鍛婅妯″潡 | 鍛婅璐ㄩ噺銆侀伩鍏嶅憡璀︾柌鍔?| < 60% 闇€璋冩暣瑙勫垯闃堝€?|,logic,P1,需求规定：鍛婅鏀舵暃鐜?| 鐪熷疄鍛婅 / 鎬诲憡璀︽暟 脳 100% | 鍛婅妯″潡 | 鍛婅璐ㄩ噺銆侀伩鍏嶅憡璀︾柌鍔?| < 60% 闇€璋冩暣瑙勫垯闃堝€?,源码路径+测试用例/运行验证（本阶段仅登记证据要求）,未判定实现状态；不得复用旧审计结论
REQ-ADMINPORTAL-00318,growth-operations,docs/PRD-概览与运营模型.md,1.3 鏍稿績鍟嗕笟鎸囨爣锛堣繍钀?KPI锛?,| 鑷姪缁撶畻鐜?| 浠ｇ悊鍟嗚嚜鍔╃‘璁ょ粨绠楃殑姣斾緥 | 缁撶畻妯″潡 | 杩愯惀浜哄姏鎶曞叆 | < 70% 闇€浼樺寲缁撶畻娴佺▼ |,logic,P1,需求规定：鑷姪缁撶畻鐜?| 浠ｇ悊鍟嗚嚜鍔╃‘璁ょ粨绠楃殑姣斾緥 | 缁撶畻妯″潡 | 杩愯惀浜哄姏鎶曞叆 | < 70% 闇€浼樺寲缁撶畻娴佺▼,源码路径+测试用例/运行验证（本阶段仅登记证据要求）,未判定实现状态；不得复用旧审计结论
REQ-ADMINPORTAL-00319,growth-operations,docs/PRD-概览与运营模型.md,1.3 鏍稿績鍟嗕笟鎸囨爣锛堣繍钀?KPI锛?,| 瀹㈠崟浠?(ARPU) | 鏈堟€绘秷璐?/ 鏈堟椿璺冪敤鎴锋暟 | 璐㈠姟妯″潡 | 鐢ㄦ埛浠峰€煎垎灞?| 杩炵画 3 鏈堜笅闄嶉渶钀ラ攢鍒烘縺 |,logic,P1,需求规定：瀹㈠崟浠?(ARPU) | 鏈堟€绘秷璐?/ 鏈堟椿璺冪敤鎴锋暟 | 璐㈠姟妯″潡 | 鐢ㄦ埛浠峰€煎垎灞?| 杩炵画 3 鏈堜笅闄嶉渶钀ラ攢鍒烘縺,源码路径+测试用例/运行验证（本阶段仅登记证据要求）,未判定实现状态；不得复用旧审计结论
REQ-ADMINPORTAL-00320,growth-operations,docs/PRD-概览与运营模型.md,1.4 鐢ㄦ埛鍒嗗眰涓庤繍钀ョ瓥鐣?,| 鐢ㄦ埛鍒嗗眰 | 瀹氫箟 | 鍗犳瘮锛堝吀鍨嬶級 | 杩愯惀绛栫暐 |,logic,P1,需求规定：鐢ㄦ埛鍒嗗眰 | 瀹氫箟 | 鍗犳瘮锛堝吀鍨嬶級 | 杩愯惀绛栫暐,源码路径+测试用例/运行验证（本阶段仅登记证据要求）,未判定实现状态；不得复用旧审计结论
REQ-ADMINPORTAL-00321,growth-operations,docs/PRD-概览与运营模型.md,1.4 鐢ㄦ埛鍒嗗眰涓庤繍钀ョ瓥鐣?,| **绉嶅瓙鐢ㄦ埛** | 褰撴湀娑堣垂 > 楼1000 | ~5% | 涓撳睘瀹㈡埛缁忕悊銆佷紭鍏堟妧鏈敮鎸併€佷笓灞炴姌鎵?|,logic,P1,需求规定：**绉嶅瓙鐢ㄦ埛** | 褰撴湀娑堣垂 > 楼1000 | ~5% | 涓撳睘瀹㈡埛缁忕悊銆佷紭鍏堟妧鏈敮鎸併€佷笓灞炴姌鎵?,源码路径+测试用例/运行验证（本阶段仅登记证据要求）,未判定实现状态；不得复用旧审计结论
REQ-ADMINPORTAL-00322,growth-operations,docs/PRD-概览与运营模型.md,1.4 鐢ㄦ埛鍒嗗眰涓庤繍钀ョ瓥鐣?,| **娲昏穬鐢ㄦ埛** | 褰撴湀娑堣垂 楼100-1000 | ~15% | 瀹氭湡鎺ㄩ€佺敤閲忔姤鍛娿€佹椿鍔ㄩ€氱煡 |,logic,P1,需求规定：**娲昏穬鐢ㄦ埛** | 褰撴湀娑堣垂 楼100-1000 | ~15% | 瀹氭湡鎺ㄩ€佺敤閲忔姤鍛娿€佹椿鍔ㄩ€氱煡,源码路径+测试用例/运行验证（本阶段仅登记证据要求）,未判定实现状态；不得复用旧审计结论
REQ-ADMINPORTAL-00323,growth-operations,docs/PRD-概览与运营模型.md,1.4 鐢ㄦ埛鍒嗗眰涓庤繍钀ョ瓥鐣?,| **鏅€氱敤鎴?* | 褰撴湀娑堣垂 楼10-100 | ~30% | 閭欢钀ラ攢銆佹弧璧犳椿鍔?|,logic,P1,需求规定：**鏅€氱敤鎴?* | 褰撴湀娑堣垂 楼10-100 | ~30% | 閭欢钀ラ攢銆佹弧璧犳椿鍔?,源码路径+测试用例/运行验证（本阶段仅登记证据要求）,未判定实现状态；不得复用旧审计结论
REQ-ADMINPORTAL-00324,growth-operations,docs/PRD-概览与运营模型.md,1.4 鐢ㄦ埛鍒嗗眰涓庤繍钀ョ瓥鐣?,| **浼戠湢鐢ㄦ埛** | 褰撴湀鏈夌櫥褰曚絾鏃犳秷璐?| ~25% | 鎺ㄩ€佹ā鍨嬫洿鏂般€佷紭鎯犲埜鍞ら啋 |,logic,P1,需求规定：**浼戠湢鐢ㄦ埛** | 褰撴湀鏈夌櫥褰曚絾鏃犳秷璐?| ~25% | 鎺ㄩ€佹ā鍨嬫洿鏂般€佷紭鎯犲埜鍞ら啋,源码路径+测试用例/运行验证（本阶段仅登记证据要求）,未判定实现状态；不得复用旧审计结论
REQ-ADMINPORTAL-00325,growth-operations,docs/PRD-概览与运营模型.md,1.4 鐢ㄦ埛鍒嗗眰涓庤繍钀ョ瓥鐣?,| **娴佸け鐢ㄦ埛** | 娉ㄥ唽瓒呰繃 30 澶╀笖杩?30 澶╂棤鐧诲綍 | ~25% | 鍙洖閭欢銆佹柊妯″瀷涓婄嚎閫氱煡 |,logic,P1,需求规定：**娴佸け鐢ㄦ埛** | 娉ㄥ唽瓒呰繃 30 澶╀笖杩?30 澶╂棤鐧诲綍 | ~25% | 鍙洖閭欢銆佹柊妯″瀷涓婄嚎閫氱煡,源码路径+测试用例/运行验证（本阶段仅登记证据要求）,未判定实现状态；不得复用旧审计结论
REQ-ADMINPORTAL-00326,customer-support,docs/PRD-客服支撑模块.md,鍔熻兘瑙勬牸,| 妯″潡 | 璇存槑 |,logic,P1,需求规定：妯″潡 | 璇存槑,源码路径+测试用例/运行验证（本阶段仅登记证据要求）,未判定实现状态；不得复用旧审计结论
REQ-ADMINPORTAL-00327,customer-support,docs/PRD-客服支撑模块.md,鍔熻兘瑙勬牸,| 鐢ㄦ埛鎼滅储鍏ュ彛 | 杈撳叆鐢ㄦ埛 ID/閭/鎵嬫満鍙凤紝缁熶竴鎼滅储 |,logic,P1,需求规定：鐢ㄦ埛鎼滅储鍏ュ彛 | 杈撳叆鐢ㄦ埛 ID/閭/鎵嬫満鍙凤紝缁熶竴鎼滅储,源码路径+测试用例/运行验证（本阶段仅登记证据要求）,未判定实现状态；不得复用旧审计结论
REQ-ADMINPORTAL-00328,customer-support,docs/PRD-客服支撑模块.md,鍔熻兘瑙勬牸,| 淇℃伅鑱氬悎闈㈡澘 | 涓€涓〉闈㈠睍绀猴細鐢ㄦ埛鍩烘湰淇℃伅銆佷綑棰濈姸鎬併€佹渶杩戝厖鍊艰褰曘€佹渶杩戣皟鐢ㄦ棩蹇椼€佸巻鍙插伐鍗曘€佷綑棰濆彉鍔ㄦ祦姘?|,logic,P1,需求规定：淇℃伅鑱氬悎闈㈡澘 | 涓€涓〉闈㈠睍绀猴細鐢ㄦ埛鍩烘湰淇℃伅銆佷綑棰濈姸鎬併€佹渶杩戝厖鍊艰褰曘€佹渶杩戣皟鐢ㄦ棩蹇椼€佸巻鍙插伐鍗曘€佷綑棰濆彉鍔ㄦ祦姘?,源码路径+测试用例/运行验证（本阶段仅登记证据要求）,未判定实现状态；不得复用旧审计结论
REQ-ADMINPORTAL-00329,customer-support,docs/PRD-客服支撑模块.md,鍔熻兘瑙勬牸,| 蹇嵎鎿嶄綔 | 鍦ㄥ伐鍙板唴鍙洿鎺ユ搷浣滅敤鎴凤紙鏌ョ湅璇︽儏銆佽皟鏁翠綑棰濄€佺鐢?鍚敤绛夛級|,logic,P1,需求规定：蹇嵎鎿嶄綔 | 鍦ㄥ伐鍙板唴鍙洿鎺ユ搷浣滅敤鎴凤紙鏌ョ湅璇︽儏銆佽皟鏁翠綑棰濄€佺鐢?鍚敤绛夛級,源码路径+测试用例/运行验证（本阶段仅登记证据要求）,未判定实现状态；不得复用旧审计结论
REQ-ADMINPORTAL-00330,customer-support,docs/PRD-客服支撑模块.md,鍔熻兘瑙勬牸,| 浼氳瘽鍘嗗彶 | 鏈€杩戜笌鐢ㄦ埛浜や簰鐨勫伐鍗曞拰鍥炲璁板綍 |,logic,P1,需求规定：浼氳瘽鍘嗗彶 | 鏈€杩戜笌鐢ㄦ埛浜や簰鐨勫伐鍗曞拰鍥炲璁板綍,源码路径+测试用例/运行验证（本阶段仅登记证据要求）,未判定实现状态；不得复用旧审计结论
REQ-ADMINPORTAL-00331,customer-support,docs/PRD-客服支撑模块.md,API 鎺ュ彛,| 鏂规硶 | 璺緞 | 璇存槑 | 鏉冮檺 |,logic,P1,需求规定：鏂规硶 | 璺緞 | 璇存槑 | 鏉冮檺,源码路径+测试用例/运行验证（本阶段仅登记证据要求）,未判定实现状态；不得复用旧审计结论
REQ-ADMINPORTAL-00332,customer-support,docs/PRD-客服支撑模块.md,API 鎺ュ彛,| `GET` | `/api/v1/admin/support/user-search?q=` | 鎼滅储鐢ㄦ埛锛圛D/閭/鎵嬫満鍙锋ā绯婂尮閰嶏級| 瀹㈡湇涓撳憳浠ヤ笂 |,api,P1,需求规定：`GET` | `/api/v1/admin/support/user-search?q=` | 鎼滅储鐢ㄦ埛锛圛D/閭/鎵嬫満鍙锋ā绯婂尮閰嶏級| 瀹㈡湇涓撳憳浠ヤ笂,源码路径+测试用例/运行验证（本阶段仅登记证据要求）,未判定实现状态；不得复用旧审计结论
REQ-ADMINPORTAL-00333,customer-support,docs/PRD-客服支撑模块.md,API 鎺ュ彛,| `GET` | `/api/v1/admin/support/user-dashboard/:userId` | 鐢ㄦ埛淇℃伅鑱氬悎闈㈡澘鏁版嵁 | 瀹㈡湇涓撳憳浠ヤ笂 |,api,P1,需求规定：`GET` | `/api/v1/admin/support/user-dashboard/:userId` | 鐢ㄦ埛淇℃伅鑱氬悎闈㈡澘鏁版嵁 | 瀹㈡湇涓撳憳浠ヤ笂,源码路径+测试用例/运行验证（本阶段仅登记证据要求）,未判定实现状态；不得复用旧审计结论
REQ-ADMINPORTAL-00334,customer-support,docs/PRD-客服支撑模块.md,API 鎺ュ彛,| `GET` | `/api/v1/admin/support/user-timeline/:userId` | 鐢ㄦ埛鎿嶄綔鏃堕棿绾?| 瀹㈡湇涓撳憳浠ヤ笂 |,api,P1,需求规定：`GET` | `/api/v1/admin/support/user-timeline/:userId` | 鐢ㄦ埛鎿嶄綔鏃堕棿绾?| 瀹㈡湇涓撳憳浠ヤ笂,源码路径+测试用例/运行验证（本阶段仅登记证据要求）,未判定实现状态；不得复用旧审计结论
REQ-ADMINPORTAL-00335,customer-support,docs/PRD-客服支撑模块.md,鍓嶇鍙樻洿,| 椤甸潰 | 鍙樻洿 |,logic,P1,需求规定：椤甸潰 | 鍙樻洿,源码路径+测试用例/运行验证（本阶段仅登记证据要求）,未判定实现状态；不得复用旧审计结论
REQ-ADMINPORTAL-00336,customer-support,docs/PRD-客服支撑模块.md,鍓嶇鍙樻洿,"| 绠＄悊鍚庡彴 鈫?鏂板""瀹㈡湇宸ヤ綔鍙?鍏ュ彛 | 缁熶竴鎼滅储 + 淇℃伅鑱氬悎闈㈡澘 |",logic,P1,"需求规定：绠＄悊鍚庡彴 鈫?鏂板""瀹㈡湇宸ヤ綔鍙?鍏ュ彛 | 缁熶竴鎼滅储 + 淇℃伅鑱氬悎闈㈡澘",源码路径+测试用例/运行验证（本阶段仅登记证据要求）,未判定实现状态；不得复用旧审计结论
REQ-ADMINPORTAL-00337,customer-support,docs/PRD-客服支撑模块.md,鍓嶇鍙樻洿,| 瀹㈡湇宸ヤ綔鍙?鈫?鐢ㄦ埛璇︽儏 | 鏌ョ湅鐢ㄦ埛淇℃伅銆佷綑棰濄€佸厖鍊艰褰曘€佽皟鐢ㄦ棩蹇椼€佸巻鍙插伐鍗?|,logic,P1,需求规定：瀹㈡湇宸ヤ綔鍙?鈫?鐢ㄦ埛璇︽儏 | 鏌ョ湅鐢ㄦ埛淇℃伅銆佷綑棰濄€佸厖鍊艰褰曘€佽皟鐢ㄦ棩蹇椼€佸巻鍙插伐鍗?,源码路径+测试用例/运行验证（本阶段仅登记证据要求）,未判定实现状态；不得复用旧审计结论
REQ-ADMINPORTAL-00338,customer-support,docs/PRD-客服支撑模块.md,鍔熻兘瑙勬牸,| 妯″潡 | 璇存槑 |,logic,P1,需求规定：妯″潡 | 璇存槑,源码路径+测试用例/运行验证（本阶段仅登记证据要求）,未判定实现状态；不得复用旧审计结论
REQ-ADMINPORTAL-00339,customer-support,docs/PRD-客服支撑模块.md,鍔熻兘瑙勬牸,| 鐭ヨ瘑搴撳垎绫?| 鎸夊垎绫荤粍缁囷細鍏呭€?璁¤垂/Key/妯″瀷/鍙戠エ/浠ｇ悊/瀹夊叏/甯歌閿欒 |,logic,P1,需求规定：鐭ヨ瘑搴撳垎绫?| 鎸夊垎绫荤粍缁囷細鍏呭€?璁¤垂/Key/妯″瀷/鍙戠エ/浠ｇ悊/瀹夊叏/甯歌閿欒,源码路径+测试用例/运行验证（本阶段仅登记证据要求）,未判定实现状态；不得复用旧审计结论
REQ-ADMINPORTAL-00340,customer-support,docs/PRD-客服支撑模块.md,鍔熻兘瑙勬牸,| 鏂囩珷绠＄悊 | 杩愯惀绔垱寤?缂栬緫/鍙戝竷鐭ヨ瘑搴撴枃绔狅紝鏀寔 Markdown 缂栬緫 |,logic,P1,需求规定：鏂囩珷绠＄悊 | 杩愯惀绔垱寤?缂栬緫/鍙戝竷鐭ヨ瘑搴撴枃绔狅紝鏀寔 Markdown 缂栬緫,源码路径+测试用例/运行验证（本阶段仅登记证据要求）,未判定实现状态；不得复用旧审计结论
REQ-ADMINPORTAL-00341,customer-support,docs/PRD-客服支撑模块.md,鍔熻兘瑙勬牸,| 鎼滅储鍔熻兘 | 鍏ㄦ枃鎼滅储鐭ヨ瘑搴撳唴瀹?|,logic,P1,需求规定：鎼滅储鍔熻兘 | 鍏ㄦ枃鎼滅储鐭ヨ瘑搴撳唴瀹?,源码路径+测试用例/运行验证（本阶段仅登记证据要求）,未判定实现状态；不得复用旧审计结论
REQ-ADMINPORTAL-00342,customer-support,docs/PRD-客服支撑模块.md,鍔熻兘瑙勬牸,| 鐢ㄦ埛绔睍绀?| 甯姪涓績椤甸潰灞曠ず鐭ヨ瘑搴撴枃绔狅紙鐢ㄦ埛鍙嚜鍔╂煡鐪嬶級|,logic,P1,需求规定：鐢ㄦ埛绔睍绀?| 甯姪涓績椤甸潰灞曠ず鐭ヨ瘑搴撴枃绔狅紙鐢ㄦ埛鍙嚜鍔╂煡鐪嬶級,源码路径+测试用例/运行验证（本阶段仅登记证据要求）,未判定实现状态；不得复用旧审计结论
REQ-ADMINPORTAL-00343,customer-support,docs/PRD-客服支撑模块.md,鍔熻兘瑙勬牸,| 瀹㈡湇绔揩閫熷紩鐢?| 鍥炲宸ュ崟鏃跺彲鐩存帴鎻掑叆鐭ヨ瘑搴撴枃绔犻摼鎺ユ垨鍐呭 |,logic,P1,需求规定：瀹㈡湇绔揩閫熷紩鐢?| 鍥炲宸ュ崟鏃跺彲鐩存帴鎻掑叆鐭ヨ瘑搴撴枃绔犻摼鎺ユ垨鍐呭,源码路径+测试用例/运行验证（本阶段仅登记证据要求）,未判定实现状态；不得复用旧审计结论
REQ-ADMINPORTAL-00344,customer-support,docs/PRD-客服支撑模块.md,鍔熻兘瑙勬牸,| 娴忚閲忕粺璁?| 鍚勬枃绔犵殑娴忚娆℃暟銆佺偣璧?韪╋紙甯姪璇勪及鍐呭璐ㄩ噺锛墊,logic,P1,需求规定：娴忚閲忕粺璁?| 鍚勬枃绔犵殑娴忚娆℃暟銆佺偣璧?韪╋紙甯姪璇勪及鍐呭璐ㄩ噺锛墊,源码路径+测试用例/运行验证（本阶段仅登记证据要求）,未判定实现状态；不得复用旧审计结论
REQ-ADMINPORTAL-00345,customer-support,docs/PRD-客服支撑模块.md,API 鎺ュ彛,| 鏂规硶 | 璺緞 | 璇存槑 | 鏉冮檺 |,logic,P1,需求规定：鏂规硶 | 璺緞 | 璇存槑 | 鏉冮檺,源码路径+测试用例/运行验证（本阶段仅登记证据要求）,未判定实现状态；不得复用旧审计结论
REQ-ADMINPORTAL-00346,customer-support,docs/PRD-客服支撑模块.md,API 鎺ュ彛,| `POST` | `/api/v1/admin/knowledge-base/articles` | 鍒涘缓鏂囩珷 | operator 浠ヤ笂 |,permission,P1,需求规定：`POST` | `/api/v1/admin/knowledge-base/articles` | 鍒涘缓鏂囩珷 | operator 浠ヤ笂,源码路径+测试用例/运行验证（本阶段仅登记证据要求）,未判定实现状态；不得复用旧审计结论
REQ-ADMINPORTAL-00347,customer-support,docs/PRD-客服支撑模块.md,API 鎺ュ彛,| `PATCH` | `/api/v1/admin/knowledge-base/articles/:id` | 鏇存柊鏂囩珷 | operator 浠ヤ笂 |,permission,P1,需求规定：`PATCH` | `/api/v1/admin/knowledge-base/articles/:id` | 鏇存柊鏂囩珷 | operator 浠ヤ笂,源码路径+测试用例/运行验证（本阶段仅登记证据要求）,未判定实现状态；不得复用旧审计结论
REQ-ADMINPORTAL-00348,customer-support,docs/PRD-客服支撑模块.md,API 鎺ュ彛,| `DELETE` | `/api/v1/admin/knowledge-base/articles/:id` | 鍒犻櫎鏂囩珷 | operator 浠ヤ笂 |,permission,P1,需求规定：`DELETE` | `/api/v1/admin/knowledge-base/articles/:id` | 鍒犻櫎鏂囩珷 | operator 浠ヤ笂,源码路径+测试用例/运行验证（本阶段仅登记证据要求）,未判定实现状态；不得复用旧审计结论
REQ-ADMINPORTAL-00349,customer-support,docs/PRD-客服支撑模块.md,API 鎺ュ彛,| `GET` | `/api/v1/admin/knowledge-base/articles` | 鏂囩珷鍒楄〃 | 瀹㈡湇涓撳憳浠ヤ笂 |,api,P1,需求规定：`GET` | `/api/v1/admin/knowledge-base/articles` | 鏂囩珷鍒楄〃 | 瀹㈡湇涓撳憳浠ヤ笂,源码路径+测试用例/运行验证（本阶段仅登记证据要求）,未判定实现状态；不得复用旧审计结论
REQ-ADMINPORTAL-00350,customer-support,docs/PRD-客服支撑模块.md,API 鎺ュ彛,| `GET` | `/api/v1/public/knowledge-base/articles` | 鍏紑鏂囩珷鍒楄〃 | 鏃犻渶鐧诲綍 |,api,P1,需求规定：`GET` | `/api/v1/public/knowledge-base/articles` | 鍏紑鏂囩珷鍒楄〃 | 鏃犻渶鐧诲綍,源码路径+测试用例/运行验证（本阶段仅登记证据要求）,未判定实现状态；不得复用旧审计结论
REQ-ADMINPORTAL-00351,customer-support,docs/PRD-客服支撑模块.md,API 鎺ュ彛,| `GET` | `/api/v1/public/knowledge-base/articles/:id` | 鏂囩珷璇︽儏 | 鏃犻渶鐧诲綍 |,api,P1,需求规定：`GET` | `/api/v1/public/knowledge-base/articles/:id` | 鏂囩珷璇︽儏 | 鏃犻渶鐧诲綍,源码路径+测试用例/运行验证（本阶段仅登记证据要求）,未判定实现状态；不得复用旧审计结论
REQ-ADMINPORTAL-00352,customer-support,docs/PRD-客服支撑模块.md,API 鎺ュ彛,| `GET` | `/api/v1/public/knowledge-base/search?q=` | 鍏ㄦ枃鎼滅储 | 鏃犻渶鐧诲綍 |,api,P1,需求规定：`GET` | `/api/v1/public/knowledge-base/search?q=` | 鍏ㄦ枃鎼滅储 | 鏃犻渶鐧诲綍,源码路径+测试用例/运行验证（本阶段仅登记证据要求）,未判定实现状态；不得复用旧审计结论
REQ-ADMINPORTAL-00353,customer-support,docs/PRD-客服支撑模块.md,API 鎺ュ彛,| `POST` | `/api/v1/public/knowledge-base/articles/:id/feedback` | 鏂囩珷鍙嶉锛堟湁鐢?娌＄敤锛墊 鐢ㄦ埛 |,api,P1,需求规定：`POST` | `/api/v1/public/knowledge-base/articles/:id/feedback` | 鏂囩珷鍙嶉锛堟湁鐢?娌＄敤锛墊 鐢ㄦ埛,源码路径+测试用例/运行验证（本阶段仅登记证据要求）,未判定实现状态；不得复用旧审计结论
REQ-ADMINPORTAL-00354,customer-support,docs/PRD-客服支撑模块.md,鍓嶇鍙樻洿,| 椤甸潰 | 鍙樻洿 |,logic,P1,需求规定：椤甸潰 | 鍙樻洿,源码路径+测试用例/运行验证（本阶段仅登记证据要求）,未判定实现状态；不得复用旧审计结论
REQ-ADMINPORTAL-00355,customer-support,docs/PRD-客服支撑模块.md,鍓嶇鍙樻洿,"| 杩愯惀 鈫?鏂板""鐭ヨ瘑搴?鍏ュ彛 | 鏂囩珷绠＄悊鍒楄〃锛屾敮鎸佸垱寤?缂栬緫/鍙戝竷/褰掓。 |",logic,P1,"需求规定：杩愯惀 鈫?鏂板""鐭ヨ瘑搴?鍏ュ彛 | 鏂囩珷绠＄悊鍒楄〃锛屾敮鎸佸垱寤?缂栬緫/鍙戝竷/褰掓。",源码路径+测试用例/运行验证（本阶段仅登记证据要求）,未判定实现状态；不得复用旧审计结论
REQ-ADMINPORTAL-00356,customer-support,docs/PRD-客服支撑模块.md,鍓嶇鍙樻洿,| 杩愯惀 鈫?鐭ヨ瘑搴?鈫?缂栬緫 | Markdown 缂栬緫鍣紝鏀寔鍒嗙被/鏍囩/鎽樿璁剧疆 |,logic,P1,需求规定：杩愯惀 鈫?鐭ヨ瘑搴?鈫?缂栬緫 | Markdown 缂栬緫鍣紝鏀寔鍒嗙被/鏍囩/鎽樿璁剧疆,源码路径+测试用例/运行验证（本阶段仅登记证据要求）,未判定实现状态；不得复用旧审计结论
REQ-ADMINPORTAL-00357,customer-support,docs/PRD-客服支撑模块.md,鍓嶇鍙樻洿,"| Portal 鈫?鏂板""/help""甯姪涓績椤?| 鎸夊垎绫诲睍绀虹煡璇嗗簱鏂囩珷锛屾敮鎸佹悳绱?|",logic,P1,"需求规定：Portal 鈫?鏂板""/help""甯姪涓績椤?| 鎸夊垎绫诲睍绀虹煡璇嗗簱鏂囩珷锛屾敮鎸佹悳绱?",源码路径+测试用例/运行验证（本阶段仅登记证据要求）,未判定实现状态；不得复用旧审计结论
REQ-ADMINPORTAL-00358,customer-support,docs/PRD-客服支撑模块.md,鍓嶇鍙樻洿,| 绠＄悊鍚庡彴 鈫?宸ュ崟璇︽儏 鈫?鍥炲妗?| 蹇€熷紩鐢ㄧ煡璇嗗簱鏂囩珷 |,logic,P1,需求规定：绠＄悊鍚庡彴 鈫?宸ュ崟璇︽儏 鈫?鍥炲妗?| 蹇€熷紩鐢ㄧ煡璇嗗簱鏂囩珷,源码路径+测试用例/运行验证（本阶段仅登记证据要求）,未判定实现状态；不得复用旧审计结论
REQ-ADMINPORTAL-00359,customer-support,docs/PRD-客服支撑模块.md,鍔熻兘瑙勬牸,| 妯″潡 | 璇存槑 |,logic,P1,需求规定：妯″潡 | 璇存槑,源码路径+测试用例/运行验证（本阶段仅登记证据要求）,未判定实现状态；不得复用旧审计结论
REQ-ADMINPORTAL-00360,customer-support,docs/PRD-客服支撑模块.md,鍔熻兘瑙勬牸,| 甯姪涓績棣栭〉 | 鍒嗙被灞曠ず锛氬厖鍊?璁¤垂/API Key/妯″瀷/鍙戠エ/浠ｇ悊鍟?甯歌閿欒 |,api,P1,需求规定：甯姪涓績棣栭〉 | 鍒嗙被灞曠ず锛氬厖鍊?璁¤垂/API Key/妯″瀷/鍙戠エ/浠ｇ悊鍟?甯歌閿欒,源码路径+测试用例/运行验证（本阶段仅登记证据要求）,未判定实现状态；不得复用旧审计结论
REQ-ADMINPORTAL-00361,customer-support,docs/PRD-客服支撑模块.md,鍔熻兘瑙勬牸,| 鎼滅储 | 鍏ㄦ枃鎼滅储甯姪涓績鍐呭 |,logic,P1,需求规定：鎼滅储 | 鍏ㄦ枃鎼滅储甯姪涓績鍐呭,源码路径+测试用例/运行验证（本阶段仅登记证据要求）,未判定实现状态；不得复用旧审计结论
REQ-ADMINPORTAL-00362,customer-support,docs/PRD-客服支撑模块.md,鍔熻兘瑙勬牸,| 鐑棬鏂囩珷 | 鎸夋祻瑙堥噺鑷姩鎺掑簭鐨勭儹闂ㄦ枃绔?|,logic,P1,需求规定：鐑棬鏂囩珷 | 鎸夋祻瑙堥噺鑷姩鎺掑簭鐨勭儹闂ㄦ枃绔?,源码路径+测试用例/运行验证（本阶段仅登记证据要求）,未判定实现状态；不得复用旧审计结论
REQ-ADMINPORTAL-00363,customer-support,docs/PRD-客服支撑模块.md,鍔熻兘瑙勬牸,| 鑱旂郴瀹㈡湇 | 甯姪涓績搴曢儴鎻愪緵鑱旂郴瀹㈡湇鍏ュ彛锛堝垱寤哄伐鍗曪級|,logic,P1,需求规定：鑱旂郴瀹㈡湇 | 甯姪涓績搴曢儴鎻愪緵鑱旂郴瀹㈡湇鍏ュ彛锛堝垱寤哄伐鍗曪級,源码路径+测试用例/运行验证（本阶段仅登记证据要求）,未判定实现状态；不得复用旧审计结论
REQ-ADMINPORTAL-00364,customer-support,docs/PRD-客服支撑模块.md,鍔熻兘瑙勬牸,| 鐭ヨ瘑搴撹仈鍔?| 甯姪涓績鍐呭 = 鐭ヨ瘑搴撲腑宸插彂甯冪殑鏂囩珷 |,logic,P1,需求规定：鐭ヨ瘑搴撹仈鍔?| 甯姪涓績鍐呭 = 鐭ヨ瘑搴撲腑宸插彂甯冪殑鏂囩珷,源码路径+测试用例/运行验证（本阶段仅登记证据要求）,未判定实现状态；不得复用旧审计结论
REQ-ADMINPORTAL-00365,customer-support,docs/PRD-客服支撑模块.md,API 鎺ュ彛,| 鏂规硶 | 璺緞 | 璇存槑 | 鏉冮檺 |,logic,P1,需求规定：鏂规硶 | 璺緞 | 璇存槑 | 鏉冮檺,源码路径+测试用例/运行验证（本阶段仅登记证据要求）,未判定实现状态；不得复用旧审计结论
REQ-ADMINPORTAL-00366,customer-support,docs/PRD-客服支撑模块.md,API 鎺ュ彛,| `GET` | `/api/v1/public/help/categories` | 甯姪涓績鍒嗙被鍒楄〃 | 鏃犻渶鐧诲綍 |,api,P1,需求规定：`GET` | `/api/v1/public/help/categories` | 甯姪涓績鍒嗙被鍒楄〃 | 鏃犻渶鐧诲綍,源码路径+测试用例/运行验证（本阶段仅登记证据要求）,未判定实现状态；不得复用旧审计结论
REQ-ADMINPORTAL-00367,customer-support,docs/PRD-客服支撑模块.md,API 鎺ュ彛,| `GET` | `/api/v1/public/help/articles` | 鏂囩珷鍒楄〃锛堟寜鍒嗙被绛涢€夛級| 鏃犻渶鐧诲綍 |,api,P1,需求规定：`GET` | `/api/v1/public/help/articles` | 鏂囩珷鍒楄〃锛堟寜鍒嗙被绛涢€夛級| 鏃犻渶鐧诲綍,源码路径+测试用例/运行验证（本阶段仅登记证据要求）,未判定实现状态；不得复用旧审计结论
REQ-ADMINPORTAL-00368,customer-support,docs/PRD-客服支撑模块.md,API 鎺ュ彛,| `GET` | `/api/v1/public/help/articles/hot` | 鐑棬鏂囩珷 | 鏃犻渶鐧诲綍 |,api,P1,需求规定：`GET` | `/api/v1/public/help/articles/hot` | 鐑棬鏂囩珷 | 鏃犻渶鐧诲綍,源码路径+测试用例/运行验证（本阶段仅登记证据要求）,未判定实现状态；不得复用旧审计结论
REQ-ADMINPORTAL-00369,customer-support,docs/PRD-客服支撑模块.md,API 鎺ュ彛,| `GET` | `/api/v1/public/help/search?q=` | 鍏ㄦ枃鎼滅储 | 鏃犻渶鐧诲綍 |,api,P1,需求规定：`GET` | `/api/v1/public/help/search?q=` | 鍏ㄦ枃鎼滅储 | 鏃犻渶鐧诲綍,源码路径+测试用例/运行验证（本阶段仅登记证据要求）,未判定实现状态；不得复用旧审计结论
REQ-ADMINPORTAL-00370,customer-support,docs/PRD-客服支撑模块.md,鍓嶇鍙樻洿,| 椤甸潰 | 鍙樻洿 |,logic,P1,需求规定：椤甸潰 | 鍙樻洿,源码路径+测试用例/运行验证（本阶段仅登记证据要求）,未判定实现状态；不得复用旧审计结论
REQ-ADMINPORTAL-00371,customer-support,docs/PRD-客服支撑模块.md,鍓嶇鍙樻洿,"| Portal 鈫?鏂板""/help""璺敱 | 甯姪涓績棣栭〉 |",logic,P1,"需求规定：Portal 鈫?鏂板""/help""璺敱 | 甯姪涓績棣栭〉",源码路径+测试用例/运行验证（本阶段仅登记证据要求）,未判定实现状态；不得复用旧审计结论
REQ-ADMINPORTAL-00372,customer-support,docs/PRD-客服支撑模块.md,鍓嶇鍙樻洿,| Portal 鈫?甯姪涓績 鈫?璇︽儏 | 鏂囩珷璇︽儏椤?|,logic,P1,需求规定：Portal 鈫?甯姪涓績 鈫?璇︽儏 | 鏂囩珷璇︽儏椤?,源码路径+测试用例/运行验证（本阶段仅登记证据要求）,未判定实现状态；不得复用旧审计结论
REQ-ADMINPORTAL-00373,customer-support,docs/PRD-客服支撑模块.md,鍓嶇鍙樻洿,"| Portal 鈫?瀵艰埅 | 鏂板""甯姪涓績""閾炬帴 |",logic,P1,"需求规定：Portal 鈫?瀵艰埅 | 鏂板""甯姪涓績""閾炬帴",源码路径+测试用例/运行验证（本阶段仅登记证据要求）,未判定实现状态；不得复用旧审计结论
REQ-ADMINPORTAL-00374,customer-support,docs/PRD-客服支撑模块.md,鍔熻兘瑙勬牸,| 妯″潡 | 璇存槑 |,logic,P1,需求规定：妯″潡 | 璇存槑,源码路径+测试用例/运行验证（本阶段仅登记证据要求）,未判定实现状态；不得复用旧审计结论
REQ-ADMINPORTAL-00375,customer-support,docs/PRD-客服支撑模块.md,鍔熻兘瑙勬牸,| 妯℃澘绠＄悊 | 杩愯惀绔垱寤?缂栬緫/鍒犻櫎蹇嵎鍥炲妯℃澘 |,logic,P1,需求规定：妯℃澘绠＄悊 | 杩愯惀绔垱寤?缂栬緫/鍒犻櫎蹇嵎鍥炲妯℃澘,源码路径+测试用例/运行验证（本阶段仅登记证据要求）,未判定实现状态；不得复用旧审计结论
REQ-ADMINPORTAL-00376,customer-support,docs/PRD-客服支撑模块.md,鍔熻兘瑙勬牸,| 妯℃澘鍒嗙被 | 鎸夊満鏅垎绫伙細鍏呭€?Key/閫€娆?鍙戠エ/浠ｇ悊/瀹夊叏/閫氱敤 |,logic,P1,需求规定：妯℃澘鍒嗙被 | 鎸夊満鏅垎绫伙細鍏呭€?Key/閫€娆?鍙戠エ/浠ｇ悊/瀹夊叏/閫氱敤,源码路径+测试用例/运行验证（本阶段仅登记证据要求）,未判定实现状态；不得复用旧审计结论
REQ-ADMINPORTAL-00377,customer-support,docs/PRD-客服支撑模块.md,鍔熻兘瑙勬牸,"| 妯℃澘鍙橀噺 | 鏀寔鍙橀噺鏇挎崲锛歚{user_name}`, `{amount}`, `{order_id}` 绛?|",logic,P1,"需求规定：妯℃澘鍙橀噺 | 鏀寔鍙橀噺鏇挎崲锛歚{user_name}`, `{amount}`, `{order_id}` 绛?",源码路径+测试用例/运行验证（本阶段仅登记证据要求）,未判定实现状态；不得复用旧审计结论
REQ-ADMINPORTAL-00378,customer-support,docs/PRD-客服支撑模块.md,鍔熻兘瑙勬牸,| 宸ュ崟蹇嵎寮曠敤 | 鍥炲宸ュ崟鏃讹紝浠庢ā鏉垮垪琛ㄩ€夋嫨鎻掑叆锛岃嚜鍔ㄦ浛鎹㈠彉閲?|,logic,P1,需求规定：宸ュ崟蹇嵎寮曠敤 | 鍥炲宸ュ崟鏃讹紝浠庢ā鏉垮垪琛ㄩ€夋嫨鎻掑叆锛岃嚜鍔ㄦ浛鎹㈠彉閲?,源码路径+测试用例/运行验证（本阶段仅登记证据要求）,未判定实现状态；不得复用旧审计结论
REQ-ADMINPORTAL-00379,customer-support,docs/PRD-客服支撑模块.md,API 鎺ュ彛,| 鏂规硶 | 璺緞 | 璇存槑 | 鏉冮檺 |,logic,P1,需求规定：鏂规硶 | 璺緞 | 璇存槑 | 鏉冮檺,源码路径+测试用例/运行验证（本阶段仅登记证据要求）,未判定实现状态；不得复用旧审计结论
REQ-ADMINPORTAL-00380,customer-support,docs/PRD-客服支撑模块.md,API 鎺ュ彛,| `POST` | `/api/v1/admin/quick-reply-templates` | 鍒涘缓妯℃澘 | operator 浠ヤ笂 |,permission,P1,需求规定：`POST` | `/api/v1/admin/quick-reply-templates` | 鍒涘缓妯℃澘 | operator 浠ヤ笂,源码路径+测试用例/运行验证（本阶段仅登记证据要求）,未判定实现状态；不得复用旧审计结论
REQ-ADMINPORTAL-00381,customer-support,docs/PRD-客服支撑模块.md,API 鎺ュ彛,| `GET` | `/api/v1/admin/quick-reply-templates` | 妯℃澘鍒楄〃 | 瀹㈡湇涓撳憳浠ヤ笂 |,api,P1,需求规定：`GET` | `/api/v1/admin/quick-reply-templates` | 妯℃澘鍒楄〃 | 瀹㈡湇涓撳憳浠ヤ笂,源码路径+测试用例/运行验证（本阶段仅登记证据要求）,未判定实现状态；不得复用旧审计结论
REQ-ADMINPORTAL-00382,customer-support,docs/PRD-客服支撑模块.md,API 鎺ュ彛,| `PATCH` | `/api/v1/admin/quick-reply-templates/:id` | 鏇存柊妯℃澘 | operator 浠ヤ笂 |,permission,P1,需求规定：`PATCH` | `/api/v1/admin/quick-reply-templates/:id` | 鏇存柊妯℃澘 | operator 浠ヤ笂,源码路径+测试用例/运行验证（本阶段仅登记证据要求）,未判定实现状态；不得复用旧审计结论
REQ-ADMINPORTAL-00383,customer-support,docs/PRD-客服支撑模块.md,API 鎺ュ彛,| `DELETE` | `/api/v1/admin/quick-reply-templates/:id` | 鍒犻櫎妯℃澘 | operator 浠ヤ笂 |,permission,P1,需求规定：`DELETE` | `/api/v1/admin/quick-reply-templates/:id` | 鍒犻櫎妯℃澘 | operator 浠ヤ笂,源码路径+测试用例/运行验证（本阶段仅登记证据要求）,未判定实现状态；不得复用旧审计结论
REQ-ADMINPORTAL-00384,customer-support,docs/PRD-客服支撑模块.md,鍓嶇鍙樻洿,| 椤甸潰 | 鍙樻洿 |,logic,P1,需求规定：椤甸潰 | 鍙樻洿,源码路径+测试用例/运行验证（本阶段仅登记证据要求）,未判定实现状态；不得复用旧审计结论
REQ-ADMINPORTAL-00385,customer-support,docs/PRD-客服支撑模块.md,鍓嶇鍙樻洿,"| 杩愯惀 鈫?鏂板""蹇嵎鍥炲""鍏ュ彛 | 妯℃澘绠＄悊鍒楄〃 |",logic,P1,"需求规定：杩愯惀 鈫?鏂板""蹇嵎鍥炲""鍏ュ彛 | 妯℃澘绠＄悊鍒楄〃",源码路径+测试用例/运行验证（本阶段仅登记证据要求）,未判定实现状态；不得复用旧审计结论
REQ-ADMINPORTAL-00386,customer-support,docs/PRD-客服支撑模块.md,鍓嶇鍙樻洿,"| 宸ュ崟璇︽儏 鈫?鍥炲妗?| 鏂板""鎻掑叆妯℃澘""鎸夐挳 |",logic,P1,"需求规定：宸ュ崟璇︽儏 鈫?鍥炲妗?| 鏂板""鎻掑叆妯℃澘""鎸夐挳",源码路径+测试用例/运行验证（本阶段仅登记证据要求）,未判定实现状态；不得复用旧审计结论
REQ-ADMINPORTAL-00387,customer-support,docs/PRD-客服支撑模块.md,鍔熻兘瑙勬牸,| 妯″潡 | 璇存槑 |,logic,P1,需求规定：妯″潡 | 璇存槑,源码路径+测试用例/运行验证（本阶段仅登记证据要求）,未判定实现状态；不得复用旧审计结论
REQ-ADMINPORTAL-00388,customer-support,docs/PRD-客服支撑模块.md,鍔熻兘瑙勬牸,| 鐢ㄦ埛绔亰澶╂寜閽?| Portal 鍙充笅瑙掓偓娴亰澶╂寜閽紝鎺у埗鍙板唴宓岃亰澶╁叆鍙?|,logic,P1,需求规定：鐢ㄦ埛绔亰澶╂寜閽?| Portal 鍙充笅瑙掓偓娴亰澶╂寜閽紝鎺у埗鍙板唴宓岃亰澶╁叆鍙?,源码路径+测试用例/运行验证（本阶段仅登记证据要求）,未判定实现状态；不得复用旧审计结论
REQ-ADMINPORTAL-00389,customer-support,docs/PRD-客服支撑模块.md,鍔熻兘瑙勬牸,| 浼氳瘽绠＄悊 | 瀹㈡湇鍙悓鏃舵帴寰呭涓細璇濓紝鏌ョ湅浼氳瘽鍒楄〃 |,logic,P1,需求规定：浼氳瘽绠＄悊 | 瀹㈡湇鍙悓鏃舵帴寰呭涓細璇濓紝鏌ョ湅浼氳瘽鍒楄〃,源码路径+测试用例/运行验证（本阶段仅登记证据要求）,未判定实现状态；不得复用旧审计结论
REQ-ADMINPORTAL-00390,customer-support,docs/PRD-客服支撑模块.md,鍔熻兘瑙勬牸,| 娑堟伅绫诲瀷 | 鏀寔鏂囧瓧/鍥剧墖 |,logic,P1,需求规定：娑堟伅绫诲瀷 | 鏀寔鏂囧瓧/鍥剧墖,源码路径+测试用例/运行验证（本阶段仅登记证据要求）,未判定实现状态；不得复用旧审计结论
REQ-ADMINPORTAL-00391,customer-support,docs/PRD-客服支撑模块.md,鍔熻兘瑙勬牸,| 绂荤嚎澶勭悊 | 瀹㈡湇绂荤嚎鏃剁敤鎴峰彂閫佺殑娑堟伅鑷姩鍒涘缓宸ュ崟 |,logic,P1,需求规定：绂荤嚎澶勭悊 | 瀹㈡湇绂荤嚎鏃剁敤鎴峰彂閫佺殑娑堟伅鑷姩鍒涘缓宸ュ崟,源码路径+测试用例/运行验证（本阶段仅登记证据要求）,未判定实现状态；不得复用旧审计结论
REQ-ADMINPORTAL-00392,customer-support,docs/PRD-客服支撑模块.md,鍔熻兘瑙勬牸,| 瀹㈡湇宸ヤ綔鍙伴泦鎴?| 瀹㈡湇宸ヤ綔鍙板唴宓屽湪绾垮鏈嶉潰鏉?|,logic,P1,需求规定：瀹㈡湇宸ヤ綔鍙伴泦鎴?| 瀹㈡湇宸ヤ綔鍙板唴宓屽湪绾垮鏈嶉潰鏉?,源码路径+测试用例/运行验证（本阶段仅登记证据要求）,未判定实现状态；不得复用旧审计结论
REQ-ADMINPORTAL-00393,customer-support,docs/PRD-客服支撑模块.md,鍔熻兘瑙勬牸,| 娑堟伅鍘嗗彶 | 淇濆瓨鏈€杩?30 澶╄亰澶╄褰?|,logic,P1,需求规定：娑堟伅鍘嗗彶 | 淇濆瓨鏈€杩?30 澶╄亰澶╄褰?,源码路径+测试用例/运行验证（本阶段仅登记证据要求）,未判定实现状态；不得复用旧审计结论
REQ-ADMINPORTAL-00394,customer-support,docs/PRD-客服支撑模块.md,API 鎺ュ彛,| 鏂规硶 | 璺緞 | 璇存槑 | 鏉冮檺 |,logic,P1,需求规定：鏂规硶 | 璺緞 | 璇存槑 | 鏉冮檺,源码路径+测试用例/运行验证（本阶段仅登记证据要求）,未判定实现状态；不得复用旧审计结论
REQ-ADMINPORTAL-00395,customer-support,docs/PRD-客服支撑模块.md,API 鎺ュ彛,| `WS` | `/ws/chat` | 鍦ㄧ嚎瀹㈡湇 WebSocket 杩炴帴 | 鐢ㄦ埛/瀹㈡湇涓撳憳浠ヤ笂 |,logic,P1,需求规定：`WS` | `/ws/chat` | 鍦ㄧ嚎瀹㈡湇 WebSocket 杩炴帴 | 鐢ㄦ埛/瀹㈡湇涓撳憳浠ヤ笂,源码路径+测试用例/运行验证（本阶段仅登记证据要求）,未判定实现状态；不得复用旧审计结论
REQ-ADMINPORTAL-00396,customer-support,docs/PRD-客服支撑模块.md,API 鎺ュ彛,| `GET` | `/api/v1/admin/chat/sessions` | 褰撳墠娲昏穬浼氳瘽鍒楄〃 | 瀹㈡湇涓撳憳浠ヤ笂 |,api,P1,需求规定：`GET` | `/api/v1/admin/chat/sessions` | 褰撳墠娲昏穬浼氳瘽鍒楄〃 | 瀹㈡湇涓撳憳浠ヤ笂,源码路径+测试用例/运行验证（本阶段仅登记证据要求）,未判定实现状态；不得复用旧审计结论
REQ-ADMINPORTAL-00397,customer-support,docs/PRD-客服支撑模块.md,API 鎺ュ彛,| `GET` | `/api/v1/admin/chat/sessions/:id/messages` | 浼氳瘽娑堟伅鍘嗗彶 | 瀹㈡湇涓撳憳浠ヤ笂 |,api,P1,需求规定：`GET` | `/api/v1/admin/chat/sessions/:id/messages` | 浼氳瘽娑堟伅鍘嗗彶 | 瀹㈡湇涓撳憳浠ヤ笂,源码路径+测试用例/运行验证（本阶段仅登记证据要求）,未判定实现状态；不得复用旧审计结论
REQ-ADMINPORTAL-00398,customer-support,docs/PRD-客服支撑模块.md,API 鎺ュ彛,| `POST` | `/api/v1/admin/chat/sessions/:id/close` | 鍏抽棴浼氳瘽 | 瀹㈡湇涓撳憳浠ヤ笂 |,api,P1,需求规定：`POST` | `/api/v1/admin/chat/sessions/:id/close` | 鍏抽棴浼氳瘽 | 瀹㈡湇涓撳憳浠ヤ笂,源码路径+测试用例/运行验证（本阶段仅登记证据要求）,未判定实现状态；不得复用旧审计结论
REQ-ADMINPORTAL-00399,customer-support,docs/PRD-客服支撑模块.md,鍓嶇鍙樻洿,| 椤甸潰 | 鍙樻洿 |,logic,P1,需求规定：椤甸潰 | 鍙樻洿,源码路径+测试用例/运行验证（本阶段仅登记证据要求）,未判定实现状态；不得复用旧审计结论
REQ-ADMINPORTAL-00400,customer-support,docs/PRD-客服支撑模块.md,鍓嶇鍙樻洿,| Portal 鈫?鎵€鏈夐〉闈?| 鍙充笅瑙掓偓娴亰澶╂寜閽?|,logic,P1,需求规定：Portal 鈫?鎵€鏈夐〉闈?| 鍙充笅瑙掓偓娴亰澶╂寜閽?,源码路径+测试用例/运行验证（本阶段仅登记证据要求）,未判定实现状态；不得复用旧审计结论
REQ-ADMINPORTAL-00401,customer-support,docs/PRD-客服支撑模块.md,鍓嶇鍙樻洿,| 鐢ㄦ埛鎺у埗鍙?| 鍐呭祵鑱婂ぉ鍏ュ彛 |,logic,P1,需求规定：鐢ㄦ埛鎺у埗鍙?| 鍐呭祵鑱婂ぉ鍏ュ彛,源码路径+测试用例/运行验证（本阶段仅登记证据要求）,未判定实现状态；不得复用旧审计结论
REQ-ADMINPORTAL-00402,customer-support,docs/PRD-客服支撑模块.md,鍓嶇鍙樻洿,"| 瀹㈡湇宸ヤ綔鍙?| 鏂板""鍦ㄧ嚎瀹㈡湇""闈㈡澘 |",logic,P1,"需求规定：瀹㈡湇宸ヤ綔鍙?| 鏂板""鍦ㄧ嚎瀹㈡湇""闈㈡澘",源码路径+测试用例/运行验证（本阶段仅登记证据要求）,未判定实现状态；不得复用旧审计结论
REQ-ADMINPORTAL-00403,customer-support,docs/PRD-客服支撑模块.md,鍔熻兘瑙勬牸,| 妯″潡 | 璇存槑 |,logic,P1,需求规定：妯″潡 | 璇存槑,源码路径+测试用例/运行验证（本阶段仅登记证据要求）,未判定实现状态；不得复用旧审计结论
REQ-ADMINPORTAL-00404,customer-support,docs/PRD-客服支撑模块.md,鍔熻兘瑙勬牸,| 鏃堕棿绾垮睍绀?| 鎸夋椂闂村€掑簭灞曠ず鐢ㄦ埛鎿嶄綔锛氱櫥褰?鍒涘缓Key/鍏呭€?璋冪敤API/绂佺敤Key/鎻愪氦宸ュ崟/绯荤粺閫氱煡 |,api,P1,需求规定：鏃堕棿绾垮睍绀?| 鎸夋椂闂村€掑簭灞曠ず鐢ㄦ埛鎿嶄綔锛氱櫥褰?鍒涘缓Key/鍏呭€?璋冪敤API/绂佺敤Key/鎻愪氦宸ュ崟/绯荤粺閫氱煡,源码路径+测试用例/运行验证（本阶段仅登记证据要求）,未判定实现状态；不得复用旧审计结论
REQ-ADMINPORTAL-00405,customer-support,docs/PRD-客服支撑模块.md,鍔熻兘瑙勬牸,| 鏃堕棿鑼冨洿 | 榛樿灞曠ず鏈€杩?7 澶╋紝鏀寔鑷畾涔夎寖鍥?|,logic,P1,需求规定：鏃堕棿鑼冨洿 | 榛樿灞曠ず鏈€杩?7 澶╋紝鏀寔鑷畾涔夎寖鍥?,源码路径+测试用例/运行验证（本阶段仅登记证据要求）,未判定实现状态；不得复用旧审计结论
REQ-ADMINPORTAL-00406,customer-support,docs/PRD-客服支撑模块.md,鍔熻兘瑙勬牸,| 浜嬩欢鏉ユ簮 | 鏁村悎澶氫釜鏁版嵁婧愶細operation_logs + call_logs + recharge_orders + tickets + notifications |,logic,P1,需求规定：浜嬩欢鏉ユ簮 | 鏁村悎澶氫釜鏁版嵁婧愶細operation_logs + call_logs + recharge_orders + tickets + notifications,源码路径+测试用例/运行验证（本阶段仅登记证据要求）,未判定实现状态；不得复用旧审计结论
REQ-ADMINPORTAL-00407,customer-support,docs/PRD-客服支撑模块.md,鍔熻兘瑙勬牸,| 浜嬩欢绫诲瀷杩囨护 | 鎸変簨浠剁被鍨嬬瓫閫夛細鐧诲綍/Key/鍏呭€?璋冪敤/宸ュ崟/绯荤粺 |,logic,P1,需求规定：浜嬩欢绫诲瀷杩囨护 | 鎸変簨浠剁被鍨嬬瓫閫夛細鐧诲綍/Key/鍏呭€?璋冪敤/宸ュ崟/绯荤粺,源码路径+测试用例/运行验证（本阶段仅登记证据要求）,未判定实现状态；不得复用旧审计结论
REQ-ADMINPORTAL-00408,customer-support,docs/PRD-客服支撑模块.md,API 鎺ュ彛,| 鏂规硶 | 璺緞 | 璇存槑 | 鏉冮檺 |,logic,P1,需求规定：鏂规硶 | 璺緞 | 璇存槑 | 鏉冮檺,源码路径+测试用例/运行验证（本阶段仅登记证据要求）,未判定实现状态；不得复用旧审计结论
REQ-ADMINPORTAL-00409,customer-support,docs/PRD-客服支撑模块.md,API 鎺ュ彛,| `GET` | `/api/v1/admin/support/user-timeline/:userId` | 鐢ㄦ埛鎿嶄綔鏃堕棿绾?| 瀹㈡湇涓撳憳浠ヤ笂 |,api,P1,需求规定：`GET` | `/api/v1/admin/support/user-timeline/:userId` | 鐢ㄦ埛鎿嶄綔鏃堕棿绾?| 瀹㈡湇涓撳憳浠ヤ笂,源码路径+测试用例/运行验证（本阶段仅登记证据要求）,未判定实现状态；不得复用旧审计结论
REQ-ADMINPORTAL-00410,customer-support,docs/PRD-客服支撑模块.md,鍓嶇鍙樻洿,| 椤甸潰 | 鍙樻洿 |,logic,P1,需求规定：椤甸潰 | 鍙樻洿,源码路径+测试用例/运行验证（本阶段仅登记证据要求）,未判定实现状态；不得复用旧审计结论
REQ-ADMINPORTAL-00411,customer-support,docs/PRD-客服支撑模块.md,鍓嶇鍙樻洿,"| 瀹㈡湇宸ヤ綔鍙?鈫?鐢ㄦ埛璇︽儏 | 鏂板""鎿嶄綔鏃堕棿绾?鏍囩椤?|",logic,P1,"需求规定：瀹㈡湇宸ヤ綔鍙?鈫?鐢ㄦ埛璇︽儏 | 鏂板""鎿嶄綔鏃堕棿绾?鏍囩椤?",源码路径+测试用例/运行验证（本阶段仅登记证据要求）,未判定实现状态；不得复用旧审计结论
REQ-ADMINPORTAL-00412,customer-support,docs/PRD-客服支撑模块.md,10.7 瀹㈡湇鏀拺妯″潡鎬昏,| 妯″潡 | 浼樺厛绾?| 棰勪及宸ヤ綔閲?| 鏍稿績浠峰€?|,logic,P1,需求规定：妯″潡 | 浼樺厛绾?| 棰勪及宸ヤ綔閲?| 鏍稿績浠峰€?,源码路径+测试用例/运行验证（本阶段仅登记证据要求）,未判定实现状态；不得复用旧审计结论
REQ-ADMINPORTAL-00413,customer-support,docs/PRD-客服支撑模块.md,10.7 瀹㈡湇鏀拺妯″潡鎬昏,| 瀹㈡湇宸ヤ綔鍙帮紙缁熶竴鐢ㄦ埛鏌ヨ锛墊 P0 | 鍚庣3d+鍓嶇4d | 瀹㈡湇鏃ュ父宸ヤ綔鐨勬牳蹇冨伐鍏?|,logic,P0,需求规定：瀹㈡湇宸ヤ綔鍙帮紙缁熶竴鐢ㄦ埛鏌ヨ锛墊 P0 | 鍚庣3d+鍓嶇4d | 瀹㈡湇鏃ュ父宸ヤ綔鐨勬牳蹇冨伐鍏?,源码路径+测试用例/运行验证（本阶段仅登记证据要求）,未判定实现状态；不得复用旧审计结论
REQ-ADMINPORTAL-00414,customer-support,docs/PRD-客服支撑模块.md,10.7 瀹㈡湇鏀拺妯″潡鎬昏,| 鐭ヨ瘑搴撶郴缁?| P0 | 鍚庣4d+鍓嶇4d | 鍑忓皯閲嶅鍥炵瓟锛岄檷浣庡煿璁垚鏈?|,logic,P0,需求规定：鐭ヨ瘑搴撶郴缁?| P0 | 鍚庣4d+鍓嶇4d | 鍑忓皯閲嶅鍥炵瓟锛岄檷浣庡煿璁垚鏈?,源码路径+测试用例/运行验证（本阶段仅登记证据要求）,未判定实现状态；不得复用旧审计结论
REQ-ADMINPORTAL-00415,customer-support,docs/PRD-客服支撑模块.md,10.7 瀹㈡湇鏀拺妯″潡鎬昏,| 鐢ㄦ埛绔府鍔╀腑蹇?| P0 | 鍓嶇3d | 鍑忓皯 30% 瀹㈡湇鍜ㄨ閲?|,logic,P0,需求规定：鐢ㄦ埛绔府鍔╀腑蹇?| P0 | 鍓嶇3d | 鍑忓皯 30% 瀹㈡湇鍜ㄨ閲?,源码路径+测试用例/运行验证（本阶段仅登记证据要求）,未判定实现状态；不得复用旧审计结论
REQ-ADMINPORTAL-00416,customer-support,docs/PRD-客服支撑模块.md,10.7 瀹㈡湇鏀拺妯″潡鎬昏,| 蹇嵎鍥炲妯℃澘 | P1 | 鍚庣2d+鍓嶇2d | 鎻愬崌宸ュ崟鍥炲鏁堢巼 50% |,logic,P1,需求规定：蹇嵎鍥炲妯℃澘 | P1 | 鍚庣2d+鍓嶇2d | 鎻愬崌宸ュ崟鍥炲鏁堢巼 50%,源码路径+测试用例/运行验证（本阶段仅登记证据要求）,未判定实现状态；不得复用旧审计结论
REQ-ADMINPORTAL-00417,customer-support,docs/PRD-客服支撑模块.md,10.7 瀹㈡湇鏀拺妯″潡鎬昏,| 鍦ㄧ嚎瀹㈡湇锛圵ebChat锛墊 P1 | 鍚庣5d+鍓嶇5d | 瀹炴椂鍝嶅簲锛屾彁鍗囩敤鎴蜂綋楠?|,logic,P1,需求规定：鍦ㄧ嚎瀹㈡湇锛圵ebChat锛墊 P1 | 鍚庣5d+鍓嶇5d | 瀹炴椂鍝嶅簲锛屾彁鍗囩敤鎴蜂綋楠?,源码路径+测试用例/运行验证（本阶段仅登记证据要求）,未判定实现状态；不得复用旧审计结论
REQ-ADMINPORTAL-00418,customer-support,docs/PRD-客服支撑模块.md,10.7 瀹㈡湇鏀拺妯″潡鎬昏,| 鐢ㄦ埛鎿嶄綔鏃堕棿绾?| P1 | 鍚庣2d+鍓嶇2d | 蹇€熷畾浣嶉棶棰樻牴鍥?|,logic,P1,需求规定：鐢ㄦ埛鎿嶄綔鏃堕棿绾?| P1 | 鍚庣2d+鍓嶇2d | 蹇€熷畾浣嶉棶棰樻牴鍥?,源码路径+测试用例/运行验证（本阶段仅登记证据要求）,未判定实现状态；不得复用旧审计结论
REQ-ADMINPORTAL-00419,customer-support,docs/PRD-客服支撑模块.md,10.7 瀹㈡湇鏀拺妯″潡鎬昏,**鍚堣**锛氬悗绔?16 浜哄ぉ + 鍓嶇 20 浜哄ぉ = 绾?4.5 鍛?,logic,P1,需求规定：**鍚堣**锛氬悗绔?16 浜哄ぉ + 鍓嶇 20 浜哄ぉ = 绾?4.5 鍛?,源码路径+测试用例/运行验证（本阶段仅登记证据要求）,未判定实现状态；不得复用旧审计结论
REQ-ADMINPORTAL-00420,system-admin,docs/PRD-系统管理员支撑.md,鍔熻兘瑙勬牸,| 妯″潡 | 璇存槑 |,logic,P1,需求规定：妯″潡 | 璇存槑,源码路径+测试用例/运行验证（本阶段仅登记证据要求）,未判定实现状态；不得复用旧审计结论
REQ-ADMINPORTAL-00421,system-admin,docs/PRD-系统管理员支撑.md,鍔熻兘瑙勬牸,| 瀹¤鏃ュ織鏌ヨ | 鎸夋椂闂?鎿嶄綔浜?鎿嶄綔绫诲瀷/璧勬簮绫诲瀷/褰卞搷鑼冨洿澶氱淮绛涢€?|,logic,P1,需求规定：瀹¤鏃ュ織鏌ヨ | 鎸夋椂闂?鎿嶄綔浜?鎿嶄綔绫诲瀷/璧勬簮绫诲瀷/褰卞搷鑼冨洿澶氱淮绛涢€?,源码路径+测试用例/运行验证（本阶段仅登记证据要求）,未判定实现状态；不得复用旧审计结论
REQ-ADMINPORTAL-00422,system-admin,docs/PRD-系统管理员支撑.md,鍔熻兘瑙勬牸,| 鎿嶄綔璇︽儏 | 鏌ョ湅姣忔鎿嶄綔鐨?before/after JSON diff锛岄珮浜彉鏇村瓧娈?|,logic,P1,需求规定：鎿嶄綔璇︽儏 | 鏌ョ湅姣忔鎿嶄綔鐨?before/after JSON diff锛岄珮浜彉鏇村瓧娈?,源码路径+测试用例/运行验证（本阶段仅登记证据要求）,未判定实现状态；不得复用旧审计结论
REQ-ADMINPORTAL-00423,system-admin,docs/PRD-系统管理员支撑.md,鍔熻兘瑙勬牸,| 寮傚父鎿嶄綔妯″紡璇嗗埆 | 鑷姩鏍囪寮傚父鏃舵鎿嶄綔锛堝鍑屾櫒鎵归噺鏀归厤缃級銆佹晱鎰熸搷浣滐紙濡傛敼鏉冮檺/鏀逛綑棰濓級 |,logic,P1,需求规定：寮傚父鎿嶄綔妯″紡璇嗗埆 | 鑷姩鏍囪寮傚父鏃舵鎿嶄綔锛堝鍑屾櫒鎵归噺鏀归厤缃級銆佹晱鎰熸搷浣滐紙濡傛敼鏉冮檺/鏀逛綑棰濓級,源码路径+测试用例/运行验证（本阶段仅登记证据要求）,未判定实现状态；不得复用旧审计结论
REQ-ADMINPORTAL-00424,system-admin,docs/PRD-系统管理员支撑.md,鍔熻兘瑙勬牸,| 鎿嶄綔鍥炴粴 | 瀵归厤缃彉鏇寸被鎿嶄綔锛屼竴閿洖婊氬埌鍙樻洿鍓嶇姸鎬?|,logic,P1,需求规定：鎿嶄綔鍥炴粴 | 瀵归厤缃彉鏇寸被鎿嶄綔锛屼竴閿洖婊氬埌鍙樻洿鍓嶇姸鎬?,源码路径+测试用例/运行验证（本阶段仅登记证据要求）,未判定实现状态；不得复用旧审计结论
REQ-ADMINPORTAL-00425,system-admin,docs/PRD-系统管理员支撑.md,鍔熻兘瑙勬牸,| 瀵煎嚭 | 瀹¤鏃ュ織瀵煎嚭 CSV/JSON 鏍煎紡 |,logic,P1,需求规定：瀵煎嚭 | 瀹¤鏃ュ織瀵煎嚭 CSV/JSON 鏍煎紡,源码路径+测试用例/运行验证（本阶段仅登记证据要求）,未判定实现状态；不得复用旧审计结论
REQ-ADMINPORTAL-00426,system-admin,docs/PRD-系统管理员支撑.md,API 鎺ュ彛,| 鏂规硶 | 璺緞 | 璇存槑 | 鏉冮檺 |,logic,P1,需求规定：鏂规硶 | 璺緞 | 璇存槑 | 鏉冮檺,源码路径+测试用例/运行验证（本阶段仅登记证据要求）,未判定实现状态；不得复用旧审计结论
REQ-ADMINPORTAL-00427,system-admin,docs/PRD-系统管理员支撑.md,API 鎺ュ彛,| GET | /api/v1/admin/audit-logs | 瀹¤鏃ュ織鍒楄〃锛堝缁寸瓫閫夛級 | 绠＄悊鍛?|,api,P1,需求规定：GET | /api/v1/admin/audit-logs | 瀹¤鏃ュ織鍒楄〃锛堝缁寸瓫閫夛級 | 绠＄悊鍛?,源码路径+测试用例/运行验证（本阶段仅登记证据要求）,未判定实现状态；不得复用旧审计结论
REQ-ADMINPORTAL-00428,system-admin,docs/PRD-系统管理员支撑.md,API 鎺ュ彛,| GET | /api/v1/admin/audit-logs/:id | 瀹¤鏃ュ織璇︽儏锛堝惈 diff锛?| 绠＄悊鍛?|,api,P1,需求规定：GET | /api/v1/admin/audit-logs/:id | 瀹¤鏃ュ織璇︽儏锛堝惈 diff锛?| 绠＄悊鍛?,源码路径+测试用例/运行验证（本阶段仅登记证据要求）,未判定实现状态；不得复用旧审计结论
REQ-ADMINPORTAL-00429,system-admin,docs/PRD-系统管理员支撑.md,API 鎺ュ彛,| GET | /api/v1/admin/audit-logs/anomalies | 寮傚父鎿嶄綔妯″紡妫€娴嬬粨鏋?| 绠＄悊鍛?|,api,P1,需求规定：GET | /api/v1/admin/audit-logs/anomalies | 寮傚父鎿嶄綔妯″紡妫€娴嬬粨鏋?| 绠＄悊鍛?,源码路径+测试用例/运行验证（本阶段仅登记证据要求）,未判定实现状态；不得复用旧审计结论
REQ-ADMINPORTAL-00430,system-admin,docs/PRD-系统管理员支撑.md,API 鎺ュ彛,| POST | /api/v1/admin/audit-logs/:id/rollback | 鍥炴粴鎿嶄綔 | 瓒呯骇绠＄悊鍛?|,api,P1,需求规定：POST | /api/v1/admin/audit-logs/:id/rollback | 鍥炴粴鎿嶄綔 | 瓒呯骇绠＄悊鍛?,源码路径+测试用例/运行验证（本阶段仅登记证据要求）,未判定实现状态；不得复用旧审计结论
REQ-ADMINPORTAL-00431,system-admin,docs/PRD-系统管理员支撑.md,API 鎺ュ彛,| GET | /api/v1/admin/audit-logs/export | 瀵煎嚭瀹¤鏃ュ織 | 瓒呯骇绠＄悊鍛?|,api,P1,需求规定：GET | /api/v1/admin/audit-logs/export | 瀵煎嚭瀹¤鏃ュ織 | 瓒呯骇绠＄悊鍛?,源码路径+测试用例/运行验证（本阶段仅登记证据要求）,未判定实现状态；不得复用旧审计结论
REQ-ADMINPORTAL-00432,system-admin,docs/PRD-系统管理员支撑.md,鍓嶇鍙樻洿,| 椤甸潰 | 鍙樻洿 |,logic,P1,需求规定：椤甸潰 | 鍙樻洿,源码路径+测试用例/运行验证（本阶段仅登记证据要求）,未判定实现状态；不得复用旧审计结论
REQ-ADMINPORTAL-00433,system-admin,docs/PRD-系统管理员支撑.md,鍓嶇鍙樻洿,"| 绠＄悊鍚庡彴 -> 鏂板""瀹¤鏃ュ織""鍏ュ彛 | 澶氱淮绛涢€?鍒楄〃+璇︽儏闈㈡澘 |",logic,P1,"需求规定：绠＄悊鍚庡彴 -> 鏂板""瀹¤鏃ュ織""鍏ュ彛 | 澶氱淮绛涢€?鍒楄〃+璇︽儏闈㈡澘",源码路径+测试用例/运行验证（本阶段仅登记证据要求）,未判定实现状态；不得复用旧审计结论
REQ-ADMINPORTAL-00434,system-admin,docs/PRD-系统管理员支撑.md,鍓嶇鍙樻洿,| 绠＄悊鍚庡彴 -> 瀹¤鏃ュ織 -> 璇︽儏 | before/after diff 鍙鍖?|,logic,P1,需求规定：绠＄悊鍚庡彴 -> 瀹¤鏃ュ織 -> 璇︽儏 | before/after diff 鍙鍖?,源码路径+测试用例/运行验证（本阶段仅登记证据要求）,未判定实现状态；不得复用旧审计结论
REQ-ADMINPORTAL-00435,system-admin,docs/PRD-系统管理员支撑.md,鍓嶇鍙樻洿,| 绠＄悊鍚庡彴 -> 瀹¤鏃ュ織 -> 寮傚父妫€娴?| 寮傚父鎿嶄綔妯″紡鍒楄〃 |,logic,P1,需求规定：绠＄悊鍚庡彴 -> 瀹¤鏃ュ織 -> 寮傚父妫€娴?| 寮傚父鎿嶄綔妯″紡鍒楄〃,源码路径+测试用例/运行验证（本阶段仅登记证据要求）,未判定实现状态；不得复用旧审计结论
REQ-ADMINPORTAL-00436,system-admin,docs/PRD-系统管理员支撑.md,鍔熻兘瑙勬牸,| 妯″潡 | 璇存槑 |,logic,P1,需求规定：妯″潡 | 璇存槑,源码路径+测试用例/运行验证（本阶段仅登记证据要求）,未判定实现状态；不得复用旧审计结论
REQ-ADMINPORTAL-00437,system-admin,docs/PRD-系统管理员支撑.md,鍔熻兘瑙勬牸,| 琛ㄦ€昏 | 鏄剧ず鎵€鏈夎〃鍚?琛屾暟/鏁版嵁澶у皬/绱㈠紩澶у皬/鏈€鍚?VACUUM 鏃堕棿 |,logic,P1,需求规定：琛ㄦ€昏 | 鏄剧ず鎵€鏈夎〃鍚?琛屾暟/鏁版嵁澶у皬/绱㈠紩澶у皬/鏈€鍚?VACUUM 鏃堕棿,源码路径+测试用例/运行验证（本阶段仅登记证据要求）,未判定实现状态；不得复用旧审计结论
REQ-ADMINPORTAL-00438,system-admin,docs/PRD-系统管理员支撑.md,鍔熻兘瑙勬牸,| 绱㈠紩鐘舵€?| 绱㈠紩浣跨敤鐜?鏈娇鐢ㄧ储寮?閲嶅绱㈠紩妫€娴?|,logic,P1,需求规定：绱㈠紩鐘舵€?| 绱㈠紩浣跨敤鐜?鏈娇鐢ㄧ储寮?閲嶅绱㈠紩妫€娴?,源码路径+测试用例/运行验证（本阶段仅登记证据要求）,未判定实现状态；不得复用旧审计结论
REQ-ADMINPORTAL-00439,system-admin,docs/PRD-系统管理员支撑.md,鍔熻兘瑙勬牸,| 鎱㈡煡璇㈠垎鏋?| 鎱㈡煡璇㈠垪琛紙鎵ц鏃堕棿/閿佺瓑寰?鎵弿琛屾暟/鏌ヨ鏂囨湰锛?|,logic,P1,需求规定：鎱㈡煡璇㈠垎鏋?| 鎱㈡煡璇㈠垪琛紙鎵ц鏃堕棿/閿佺瓑寰?鎵弿琛屾暟/鏌ヨ鏂囨湰锛?,源码路径+测试用例/运行验证（本阶段仅登记证据要求）,未判定实现状态；不得复用旧审计结论
REQ-ADMINPORTAL-00440,system-admin,docs/PRD-系统管理员支撑.md,鍔熻兘瑙勬牸,| 杩炴帴鏌ョ湅 | 褰撳墠娲昏穬杩炴帴鏁?杩炴帴鏉ユ簮/IP 鍒嗗竷 |,logic,P1,需求规定：杩炴帴鏌ョ湅 | 褰撳墠娲昏穬杩炴帴鏁?杩炴帴鏉ユ簮/IP 鍒嗗竷,源码路径+测试用例/运行验证（本阶段仅登记证据要求）,未判定实现状态；不得复用旧审计结论
REQ-ADMINPORTAL-00441,system-admin,docs/PRD-系统管理员支撑.md,鍔熻兘瑙勬牸,| SQL 鎵ц | 鍙妯″紡 SQL 鎵ц鍣紙浠呭厑璁?SELECT锛岀姝?INSERT/UPDATE/DELETE/ALTER/DROP/TRUNCATE锛?|,logic,P1,需求规定：SQL 鎵ц | 鍙妯″紡 SQL 鎵ц鍣紙浠呭厑璁?SELECT锛岀姝?INSERT/UPDATE/DELETE/ALTER/DROP/TRUNCATE锛?,源码路径+测试用例/运行验证（本阶段仅登记证据要求）,未判定实现状态；不得复用旧审计结论
REQ-ADMINPORTAL-00442,system-admin,docs/PRD-系统管理员支撑.md,鍔熻兘瑙勬牸,| Schema 娴忚鍣?| 鏌ョ湅琛ㄧ粨鏋?瀛楁绫诲瀷/榛樿鍊?绾︽潫/澶栭敭/绱㈠紩 |,logic,P1,需求规定：Schema 娴忚鍣?| 鏌ョ湅琛ㄧ粨鏋?瀛楁绫诲瀷/榛樿鍊?绾︽潫/澶栭敭/绱㈠紩,源码路径+测试用例/运行验证（本阶段仅登记证据要求）,未判定实现状态；不得复用旧审计结论
REQ-ADMINPORTAL-00443,system-admin,docs/PRD-系统管理员支撑.md,API 鎺ュ彛,| 鏂规硶 | 璺緞 | 璇存槑 | 鏉冮檺 |,logic,P1,需求规定：鏂规硶 | 璺緞 | 璇存槑 | 鏉冮檺,源码路径+测试用例/运行验证（本阶段仅登记证据要求）,未判定实现状态；不得复用旧审计结论
REQ-ADMINPORTAL-00444,system-admin,docs/PRD-系统管理员支撑.md,API 鎺ュ彛,| GET | /api/v1/admin/database/tables | 琛ㄥ垪琛ㄥ強缁熻淇℃伅 | 瓒呯骇绠＄悊鍛?|,api,P1,需求规定：GET | /api/v1/admin/database/tables | 琛ㄥ垪琛ㄥ強缁熻淇℃伅 | 瓒呯骇绠＄悊鍛?,源码路径+测试用例/运行验证（本阶段仅登记证据要求）,未判定实现状态；不得复用旧审计结论
REQ-ADMINPORTAL-00445,system-admin,docs/PRD-系统管理员支撑.md,API 鎺ュ彛,| GET | /api/v1/admin/database/tables/:name | 琛ㄧ粨鏋勮鎯?| 瓒呯骇绠＄悊鍛?|,api,P1,需求规定：GET | /api/v1/admin/database/tables/:name | 琛ㄧ粨鏋勮鎯?| 瓒呯骇绠＄悊鍛?,源码路径+测试用例/运行验证（本阶段仅登记证据要求）,未判定实现状态；不得复用旧审计结论
REQ-ADMINPORTAL-00446,system-admin,docs/PRD-系统管理员支撑.md,API 鎺ュ彛,| GET | /api/v1/admin/database/indexes | 绱㈠紩鐘舵€佹姤鍛?| 瓒呯骇绠＄悊鍛?|,api,P1,需求规定：GET | /api/v1/admin/database/indexes | 绱㈠紩鐘舵€佹姤鍛?| 瓒呯骇绠＄悊鍛?,源码路径+测试用例/运行验证（本阶段仅登记证据要求）,未判定实现状态；不得复用旧审计结论
REQ-ADMINPORTAL-00447,system-admin,docs/PRD-系统管理员支撑.md,API 鎺ュ彛,| GET | /api/v1/admin/database/slow-queries | 鎱㈡煡璇㈠垪琛?| 瓒呯骇绠＄悊鍛?|,api,P1,需求规定：GET | /api/v1/admin/database/slow-queries | 鎱㈡煡璇㈠垪琛?| 瓒呯骇绠＄悊鍛?,源码路径+测试用例/运行验证（本阶段仅登记证据要求）,未判定实现状态；不得复用旧审计结论
REQ-ADMINPORTAL-00448,system-admin,docs/PRD-系统管理员支撑.md,API 鎺ュ彛,| GET | /api/v1/admin/database/connections | 褰撳墠杩炴帴 | 瓒呯骇绠＄悊鍛?|,api,P1,需求规定：GET | /api/v1/admin/database/connections | 褰撳墠杩炴帴 | 瓒呯骇绠＄悊鍛?,源码路径+测试用例/运行验证（本阶段仅登记证据要求）,未判定实现状态；不得复用旧审计结论
REQ-ADMINPORTAL-00449,system-admin,docs/PRD-系统管理员支撑.md,API 鎺ュ彛,| POST | /api/v1/admin/database/query | 鎵ц鍙 SQL | 瓒呯骇绠＄悊鍛?|,api,P1,需求规定：POST | /api/v1/admin/database/query | 鎵ц鍙 SQL | 瓒呯骇绠＄悊鍛?,源码路径+测试用例/运行验证（本阶段仅登记证据要求）,未判定实现状态；不得复用旧审计结论
REQ-ADMINPORTAL-00450,system-admin,docs/PRD-系统管理员支撑.md,鍓嶇鍙樻洿,| 椤甸潰 | 鍙樻洿 |,logic,P1,需求规定：椤甸潰 | 鍙樻洿,源码路径+测试用例/运行验证（本阶段仅登记证据要求）,未判定实现状态；不得复用旧审计结论
REQ-ADMINPORTAL-00451,system-admin,docs/PRD-系统管理员支撑.md,鍓嶇鍙樻洿,"| 绠＄悊鍚庡彴 -> 杩愮淮 -> 鏂板""鏁版嵁搴?鍏ュ彛 | 琛ㄦ€昏+绱㈠紩鐘舵€?鎱㈡煡璇?杩炴帴鏁?|",logic,P1,"需求规定：绠＄悊鍚庡彴 -> 杩愮淮 -> 鏂板""鏁版嵁搴?鍏ュ彛 | 琛ㄦ€昏+绱㈠紩鐘舵€?鎱㈡煡璇?杩炴帴鏁?",源码路径+测试用例/运行验证（本阶段仅登记证据要求）,未判定实现状态；不得复用旧审计结论
REQ-ADMINPORTAL-00452,system-admin,docs/PRD-系统管理员支撑.md,鍓嶇鍙樻洿,| 绠＄悊鍚庡彴 -> 鏁版嵁搴?-> Schema 娴忚鍣?| 琛ㄧ粨鏋勫睍绀?|,logic,P1,需求规定：绠＄悊鍚庡彴 -> 鏁版嵁搴?-> Schema 娴忚鍣?| 琛ㄧ粨鏋勫睍绀?,源码路径+测试用例/运行验证（本阶段仅登记证据要求）,未判定实现状态；不得复用旧审计结论
REQ-ADMINPORTAL-00453,system-admin,docs/PRD-系统管理员支撑.md,鍓嶇鍙樻洿,| 绠＄悊鍚庡彴 -> 鏁版嵁搴?-> SQL 鎵ц鍣?| 鍙 SQL 缂栬緫鍣紝甯﹁娉曢珮浜拰缁撴灉灞曠ず |,logic,P1,需求规定：绠＄悊鍚庡彴 -> 鏁版嵁搴?-> SQL 鎵ц鍣?| 鍙 SQL 缂栬緫鍣紝甯﹁娉曢珮浜拰缁撴灉灞曠ず,源码路径+测试用例/运行验证（本阶段仅登记证据要求）,未判定实现状态；不得复用旧审计结论
REQ-ADMINPORTAL-00454,system-admin,docs/PRD-系统管理员支撑.md,鍔熻兘瑙勬牸,| 妯″潡 | 璇存槑 |,logic,P1,需求规定：妯″潡 | 璇存槑,源码路径+测试用例/运行验证（本阶段仅登记证据要求）,未判定实现状态；不得复用旧审计结论
REQ-ADMINPORTAL-00455,system-admin,docs/PRD-系统管理员支撑.md,鍔熻兘瑙勬牸,| Redis 姒傝 | 鍐呭瓨浣跨敤閲?Key 鎬绘暟/鍛戒腑鐜?骞冲潎 TTL/杩炴帴鏁?|,db,P1,需求规定：Redis 姒傝 | 鍐呭瓨浣跨敤閲?Key 鎬绘暟/鍛戒腑鐜?骞冲潎 TTL/杩炴帴鏁?,源码路径+测试用例/运行验证（本阶段仅登记证据要求）,未判定实现状态；不得复用旧审计结论
REQ-ADMINPORTAL-00456,system-admin,docs/PRD-系统管理员支撑.md,鍔熻兘瑙勬牸,| Key 妯″紡娴忚 | 鎸夊墠缂€鍒嗙粍灞曠ず Key 鏁伴噺锛坲ser:* / config:* / rate_limit:* / session:*锛?|,logic,P1,需求规定：Key 妯″紡娴忚 | 鎸夊墠缂€鍒嗙粍灞曠ず Key 鏁伴噺锛坲ser:* / config:* / rate_limit:* / session:*锛?,源码路径+测试用例/运行验证（本阶段仅登记证据要求）,未判定实现状态；不得复用旧审计结论
REQ-ADMINPORTAL-00457,system-admin,docs/PRD-系统管理员支撑.md,鍔熻兘瑙勬牸,| 缂撳瓨娓呯悊 | 鎸夊墠缂€娓呯悊缂撳瓨锛堝娓呯悊鎵€鏈?user:* 缂撳瓨锛夛紝鏀寔纭寮圭獥 |,logic,P1,需求规定：缂撳瓨娓呯悊 | 鎸夊墠缂€娓呯悊缂撳瓨锛堝娓呯悊鎵€鏈?user:* 缂撳瓨锛夛紝鏀寔纭寮圭獥,源码路径+测试用例/运行验证（本阶段仅登记证据要求）,未判定实现状态；不得复用旧审计结论
REQ-ADMINPORTAL-00458,system-admin,docs/PRD-系统管理员支撑.md,鍔熻兘瑙勬牸,| 缂撳瓨鏌ヨ | 鏌ヨ鎸囧畾 Key 鐨勫€?|,logic,P1,需求规定：缂撳瓨鏌ヨ | 鏌ヨ鎸囧畾 Key 鐨勫€?,源码路径+测试用例/运行验证（本阶段仅登记证据要求）,未判定实现状态；不得复用旧审计结论
REQ-ADMINPORTAL-00459,system-admin,docs/PRD-系统管理员支撑.md,鍔熻兘瑙勬牸,| 缂撳瓨缁熻 | 鍚勭紦瀛樺尯鍩熺殑鍛戒腑鐜?杩囨湡鏁?椹遍€愭暟瓒嬪娍 |,logic,P1,需求规定：缂撳瓨缁熻 | 鍚勭紦瀛樺尯鍩熺殑鍛戒腑鐜?杩囨湡鏁?椹遍€愭暟瓒嬪娍,源码路径+测试用例/运行验证（本阶段仅登记证据要求）,未判定实现状态；不得复用旧审计结论
REQ-ADMINPORTAL-00460,system-admin,docs/PRD-系统管理员支撑.md,API 鎺ュ彛,| 鏂规硶 | 璺緞 | 璇存槑 | 鏉冮檺 |,logic,P1,需求规定：鏂规硶 | 璺緞 | 璇存槑 | 鏉冮檺,源码路径+测试用例/运行验证（本阶段仅登记证据要求）,未判定实现状态；不得复用旧审计结论
REQ-ADMINPORTAL-00461,system-admin,docs/PRD-系统管理员支撑.md,API 鎺ュ彛,| GET | /api/v1/admin/cache/info | Redis 姒傝淇℃伅 | 瓒呯骇绠＄悊鍛?|,api,P1,需求规定：GET | /api/v1/admin/cache/info | Redis 姒傝淇℃伅 | 瓒呯骇绠＄悊鍛?,源码路径+测试用例/运行验证（本阶段仅登记证据要求）,未判定实现状态；不得复用旧审计结论
REQ-ADMINPORTAL-00462,system-admin,docs/PRD-系统管理员支撑.md,API 鎺ュ彛,| GET | /api/v1/admin/cache/keys | Key 鎸夊墠缂€鍒嗙粍缁熻 | 瓒呯骇绠＄悊鍛?|,api,P1,需求规定：GET | /api/v1/admin/cache/keys | Key 鎸夊墠缂€鍒嗙粍缁熻 | 瓒呯骇绠＄悊鍛?,源码路径+测试用例/运行验证（本阶段仅登记证据要求）,未判定实现状态；不得复用旧审计结论
REQ-ADMINPORTAL-00463,system-admin,docs/PRD-系统管理员支撑.md,API 鎺ュ彛,| GET | /api/v1/admin/cache/keys/:key | 鏌ヨ鎸囧畾 Key 鐨勫€?| 瓒呯骇绠＄悊鍛?|,api,P1,需求规定：GET | /api/v1/admin/cache/keys/:key | 鏌ヨ鎸囧畾 Key 鐨勫€?| 瓒呯骇绠＄悊鍛?,源码路径+测试用例/运行验证（本阶段仅登记证据要求）,未判定实现状态；不得复用旧审计结论
REQ-ADMINPORTAL-00464,system-admin,docs/PRD-系统管理员支撑.md,API 鎺ュ彛,| DELETE | /api/v1/admin/cache/keys | 鎸夊墠缂€娓呯悊缂撳瓨 | 瓒呯骇绠＄悊鍛?|,api,P1,需求规定：DELETE | /api/v1/admin/cache/keys | 鎸夊墠缂€娓呯悊缂撳瓨 | 瓒呯骇绠＄悊鍛?,源码路径+测试用例/运行验证（本阶段仅登记证据要求）,未判定实现状态；不得复用旧审计结论
REQ-ADMINPORTAL-00465,system-admin,docs/PRD-系统管理员支撑.md,API 鎺ュ彛,| GET | /api/v1/admin/cache/stats | 缂撳瓨鍛戒腑鐜囩粺璁?| 瓒呯骇绠＄悊鍛?|,api,P1,需求规定：GET | /api/v1/admin/cache/stats | 缂撳瓨鍛戒腑鐜囩粺璁?| 瓒呯骇绠＄悊鍛?,源码路径+测试用例/运行验证（本阶段仅登记证据要求）,未判定实现状态；不得复用旧审计结论
REQ-ADMINPORTAL-00466,system-admin,docs/PRD-系统管理员支撑.md,鍓嶇鍙樻洿,| 椤甸潰 | 鍙樻洿 |,logic,P1,需求规定：椤甸潰 | 鍙樻洿,源码路径+测试用例/运行验证（本阶段仅登记证据要求）,未判定实现状态；不得复用旧审计结论
REQ-ADMINPORTAL-00467,system-admin,docs/PRD-系统管理员支撑.md,鍓嶇鍙樻洿,"| 绠＄悊鍚庡彴 -> 杩愮淮 -> 鏂板""缂撳瓨绠＄悊""鍏ュ彛 | Redis 姒傝+Key 鍒嗙粍娴忚+娓呯悊鎿嶄綔 |",db,P1,"需求规定：绠＄悊鍚庡彴 -> 杩愮淮 -> 鏂板""缂撳瓨绠＄悊""鍏ュ彛 | Redis 姒傝+Key 鍒嗙粍娴忚+娓呯悊鎿嶄綔",源码路径+测试用例/运行验证（本阶段仅登记证据要求）,未判定实现状态；不得复用旧审计结论
REQ-ADMINPORTAL-00468,system-admin,docs/PRD-系统管理员支撑.md,鍔熻兘瑙勬牸,| 妯″潡 | 璇存槑 |,logic,P1,需求规定：妯″潡 | 璇存槑,源码路径+测试用例/运行验证（本阶段仅登记证据要求）,未判定实现状态；不得复用旧审计结论
REQ-ADMINPORTAL-00469,system-admin,docs/PRD-系统管理员支撑.md,鍔熻兘瑙勬牸,| 浠诲姟鍒楄〃 | 鎵€鏈夊畾鏃朵换鍔″悕绉?绫诲瀷/璋冨害琛ㄨ揪寮?涓婃鎵ц鏃堕棿/涓婃缁撴灉/鐘舵€?|,logic,P1,需求规定：浠诲姟鍒楄〃 | 鎵€鏈夊畾鏃朵换鍔″悕绉?绫诲瀷/璋冨害琛ㄨ揪寮?涓婃鎵ц鏃堕棿/涓婃缁撴灉/鐘舵€?,源码路径+测试用例/运行验证（本阶段仅登记证据要求）,未判定实现状态；不得复用旧审计结论
REQ-ADMINPORTAL-00470,system-admin,docs/PRD-系统管理员支撑.md,鍔熻兘瑙勬牸,| 浠诲姟鎵ц鍘嗗彶 | 姣忔鎵ц鐨勫紑濮嬫椂闂?缁撴潫鏃堕棿/鑰楁椂/缁撴灉/閿欒淇℃伅 |,logic,P1,需求规定：浠诲姟鎵ц鍘嗗彶 | 姣忔鎵ц鐨勫紑濮嬫椂闂?缁撴潫鏃堕棿/鑰楁椂/缁撴灉/閿欒淇℃伅,源码路径+测试用例/运行验证（本阶段仅登记证据要求）,未判定实现状态；不得复用旧审计结论
REQ-ADMINPORTAL-00471,system-admin,docs/PRD-系统管理员支撑.md,鍔熻兘瑙勬牸,| 鎵嬪姩瑙﹀彂 | 绠＄悊鍛樻墜鍔ㄨЕ鍙戞煇涓换鍔＄珛鍗虫墽琛?|,logic,P1,需求规定：鎵嬪姩瑙﹀彂 | 绠＄悊鍛樻墜鍔ㄨЕ鍙戞煇涓换鍔＄珛鍗虫墽琛?,源码路径+测试用例/运行验证（本阶段仅登记证据要求）,未判定实现状态；不得复用旧审计结论
REQ-ADMINPORTAL-00472,system-admin,docs/PRD-系统管理员支撑.md,鍔熻兘瑙勬牸,| 鍚敤/绂佺敤 | 涓存椂绂佺敤鏌愪釜浠诲姟锛堝缁存姢鏈熼棿鏆傚仠澶囦唤锛?|,logic,P1,需求规定：鍚敤/绂佺敤 | 涓存椂绂佺敤鏌愪釜浠诲姟锛堝缁存姢鏈熼棿鏆傚仠澶囦唤锛?,源码路径+测试用例/运行验证（本阶段仅登记证据要求）,未判定实现状态；不得复用旧审计结论
REQ-ADMINPORTAL-00473,system-admin,docs/PRD-系统管理员支撑.md,鍔熻兘瑙勬牸,| 澶辫触鍛婅 | 浠诲姟杩炵画澶辫触 N 娆″悗鑷姩鍛婅 |,logic,P1,需求规定：澶辫触鍛婅 | 浠诲姟杩炵画澶辫触 N 娆″悗鑷姩鍛婅,源码路径+测试用例/运行验证（本阶段仅登记证据要求）,未判定实现状态；不得复用旧审计结论
REQ-ADMINPORTAL-00474,system-admin,docs/PRD-系统管理员支撑.md,鍔熻兘瑙勬牸,| 浠诲姟渚濊禆 | 閰嶇疆浠诲姟闂翠緷璧栧叧绯伙紙濡傦細瀵硅处渚濊禆缁撶畻鍏堝畬鎴愶級 |,logic,P1,需求规定：浠诲姟渚濊禆 | 閰嶇疆浠诲姟闂翠緷璧栧叧绯伙紙濡傦細瀵硅处渚濊禆缁撶畻鍏堝畬鎴愶級,源码路径+测试用例/运行验证（本阶段仅登记证据要求）,未判定实现状态；不得复用旧审计结论
REQ-ADMINPORTAL-00475,system-admin,docs/PRD-系统管理员支撑.md,API 鎺ュ彛,| 鏂规硶 | 璺緞 | 璇存槑 | 鏉冮檺 |,logic,P1,需求规定：鏂规硶 | 璺緞 | 璇存槑 | 鏉冮檺,源码路径+测试用例/运行验证（本阶段仅登记证据要求）,未判定实现状态；不得复用旧审计结论
REQ-ADMINPORTAL-00476,system-admin,docs/PRD-系统管理员支撑.md,API 鎺ュ彛,| GET | /api/v1/admin/tasks | 浠诲姟鍒楄〃 | 瓒呯骇绠＄悊鍛?|,api,P1,需求规定：GET | /api/v1/admin/tasks | 浠诲姟鍒楄〃 | 瓒呯骇绠＄悊鍛?,源码路径+测试用例/运行验证（本阶段仅登记证据要求）,未判定实现状态；不得复用旧审计结论
REQ-ADMINPORTAL-00477,system-admin,docs/PRD-系统管理员支撑.md,API 鎺ュ彛,| GET | /api/v1/admin/tasks/:id | 浠诲姟璇︽儏 | 瓒呯骇绠＄悊鍛?|,api,P1,需求规定：GET | /api/v1/admin/tasks/:id | 浠诲姟璇︽儏 | 瓒呯骇绠＄悊鍛?,源码路径+测试用例/运行验证（本阶段仅登记证据要求）,未判定实现状态；不得复用旧审计结论
REQ-ADMINPORTAL-00478,system-admin,docs/PRD-系统管理员支撑.md,API 鎺ュ彛,| PATCH | /api/v1/admin/tasks/:id | 鏇存柊浠诲姟閰嶇疆 | 瓒呯骇绠＄悊鍛?|,api,P1,需求规定：PATCH | /api/v1/admin/tasks/:id | 鏇存柊浠诲姟閰嶇疆 | 瓒呯骇绠＄悊鍛?,源码路径+测试用例/运行验证（本阶段仅登记证据要求）,未判定实现状态；不得复用旧审计结论
REQ-ADMINPORTAL-00479,system-admin,docs/PRD-系统管理员支撑.md,API 鎺ュ彛,| POST | /api/v1/admin/tasks/:id/trigger | 鎵嬪姩瑙﹀彂浠诲姟 | 瓒呯骇绠＄悊鍛?|,api,P1,需求规定：POST | /api/v1/admin/tasks/:id/trigger | 鎵嬪姩瑙﹀彂浠诲姟 | 瓒呯骇绠＄悊鍛?,源码路径+测试用例/运行验证（本阶段仅登记证据要求）,未判定实现状态；不得复用旧审计结论
REQ-ADMINPORTAL-00480,system-admin,docs/PRD-系统管理员支撑.md,API 鎺ュ彛,| POST | /api/v1/admin/tasks/:id/toggle | 鍚敤/绂佺敤浠诲姟 | 瓒呯骇绠＄悊鍛?|,api,P1,需求规定：POST | /api/v1/admin/tasks/:id/toggle | 鍚敤/绂佺敤浠诲姟 | 瓒呯骇绠＄悊鍛?,源码路径+测试用例/运行验证（本阶段仅登记证据要求）,未判定实现状态；不得复用旧审计结论
REQ-ADMINPORTAL-00481,system-admin,docs/PRD-系统管理员支撑.md,API 鎺ュ彛,| GET | /api/v1/admin/tasks/:id/history | 鎵ц鍘嗗彶 | 瓒呯骇绠＄悊鍛?|,api,P1,需求规定：GET | /api/v1/admin/tasks/:id/history | 鎵ц鍘嗗彶 | 瓒呯骇绠＄悊鍛?,源码路径+测试用例/运行验证（本阶段仅登记证据要求）,未判定实现状态；不得复用旧审计结论
REQ-ADMINPORTAL-00482,system-admin,docs/PRD-系统管理员支撑.md,鍓嶇鍙樻洿,| 椤甸潰 | 鍙樻洿 |,logic,P1,需求规定：椤甸潰 | 鍙樻洿,源码路径+测试用例/运行验证（本阶段仅登记证据要求）,未判定实现状态；不得复用旧审计结论
REQ-ADMINPORTAL-00483,system-admin,docs/PRD-系统管理员支撑.md,鍓嶇鍙樻洿,"| 绠＄悊鍚庡彴 -> 杩愮淮 -> 鏂板""浠诲姟璋冨害""鍏ュ彛 | 浠诲姟鍒楄〃+鎵ц鍘嗗彶+鎵嬪姩瑙﹀彂 |",logic,P1,"需求规定：绠＄悊鍚庡彴 -> 杩愮淮 -> 鏂板""浠诲姟璋冨害""鍏ュ彛 | 浠诲姟鍒楄〃+鎵ц鍘嗗彶+鎵嬪姩瑙﹀彂",源码路径+测试用例/运行验证（本阶段仅登记证据要求）,未判定实现状态；不得复用旧审计结论
REQ-ADMINPORTAL-00484,system-admin,docs/PRD-系统管理员支撑.md,鍔熻兘瑙勬牸,| 妯″潡 | 璇存槑 |,logic,P1,需求规定：妯″潡 | 璇存槑,源码路径+测试用例/运行验证（本阶段仅登记证据要求）,未判定实现状态；不得复用旧审计结论
REQ-ADMINPORTAL-00485,system-admin,docs/PRD-系统管理员支撑.md,鍔熻兘瑙勬牸,| 鏃ュ織鏂囦欢鍒楄〃 | 灞曠ず鏈嶅姟鍣ㄤ笂鍏抽敭鏃ュ織鏂囦欢鍒楄〃锛坅pi-error.log / api-access.log / nginx-error.log / deploy.log锛?|,logic,P1,需求规定：鏃ュ織鏂囦欢鍒楄〃 | 灞曠ず鏈嶅姟鍣ㄤ笂鍏抽敭鏃ュ織鏂囦欢鍒楄〃锛坅pi-error.log / api-access.log / nginx-error.log / deploy.log锛?,源码路径+测试用例/运行验证（本阶段仅登记证据要求）,未判定实现状态；不得复用旧审计结论
REQ-ADMINPORTAL-00486,system-admin,docs/PRD-系统管理员支撑.md,鍔熻兘瑙勬牸,| 瀹炴椂 tail | 瀹炴椂婊氬姩鏌ョ湅鏃ュ織灏鹃儴锛岀被浼?tail -f |,logic,P1,需求规定：瀹炴椂 tail | 瀹炴椂婊氬姩鏌ョ湅鏃ュ織灏鹃儴锛岀被浼?tail -f,源码路径+测试用例/运行验证（本阶段仅登记证据要求）,未判定实现状态；不得复用旧审计结论
REQ-ADMINPORTAL-00487,system-admin,docs/PRD-系统管理员支撑.md,鍔熻兘瑙勬牸,| 鏃堕棿鑼冨洿绛涢€?| 鎸夋椂闂磋寖鍥存煡鐪嬫棩蹇楃墖娈?|,logic,P1,需求规定：鏃堕棿鑼冨洿绛涢€?| 鎸夋椂闂磋寖鍥存煡鐪嬫棩蹇楃墖娈?,源码路径+测试用例/运行验证（本阶段仅登记证据要求）,未判定实现状态；不得复用旧审计结论
REQ-ADMINPORTAL-00488,system-admin,docs/PRD-系统管理员支撑.md,鍔熻兘瑙勬牸,| 鍏抽敭璇嶆悳绱?| 鎼滅储鏃ュ織涓寘鍚叧閿瘝鐨勮 |,logic,P1,需求规定：鍏抽敭璇嶆悳绱?| 鎼滅储鏃ュ織涓寘鍚叧閿瘝鐨勮,源码路径+测试用例/运行验证（本阶段仅登记证据要求）,未判定实现状态；不得复用旧审计结论
REQ-ADMINPORTAL-00489,system-admin,docs/PRD-系统管理员支撑.md,鍔熻兘瑙勬牸,| 鏃ュ織绾у埆杩囨护 | 鎸?error/warn/info/debug 绾у埆杩囨护 |,logic,P1,需求规定：鏃ュ織绾у埆杩囨护 | 鎸?error/warn/info/debug 绾у埆杩囨护,源码路径+测试用例/运行验证（本阶段仅登记证据要求）,未判定实现状态；不得复用旧审计结论
REQ-ADMINPORTAL-00490,system-admin,docs/PRD-系统管理员支撑.md,鍔熻兘瑙勬牸,| 鏃ュ織涓嬭浇 | 鎸夋椂闂磋寖鍥村鍑烘棩蹇楁枃浠?|,logic,P1,需求规定：鏃ュ織涓嬭浇 | 鎸夋椂闂磋寖鍥村鍑烘棩蹇楁枃浠?,源码路径+测试用例/运行验证（本阶段仅登记证据要求）,未判定实现状态；不得复用旧审计结论
REQ-ADMINPORTAL-00491,system-admin,docs/PRD-系统管理员支撑.md,API 鎺ュ彛,| 鏂规硶 | 璺緞 | 璇存槑 | 鏉冮檺 |,logic,P1,需求规定：鏂规硶 | 璺緞 | 璇存槑 | 鏉冮檺,源码路径+测试用例/运行验证（本阶段仅登记证据要求）,未判定实现状态；不得复用旧审计结论
REQ-ADMINPORTAL-00492,system-admin,docs/PRD-系统管理员支撑.md,API 鎺ュ彛,| GET | /api/v1/admin/logs/files | 鍙煡鐪嬬殑鏃ュ織鏂囦欢鍒楄〃 | 瓒呯骇绠＄悊鍛?|,api,P1,需求规定：GET | /api/v1/admin/logs/files | 鍙煡鐪嬬殑鏃ュ織鏂囦欢鍒楄〃 | 瓒呯骇绠＄悊鍛?,源码路径+测试用例/运行验证（本阶段仅登记证据要求）,未判定实现状态；不得复用旧审计结论
REQ-ADMINPORTAL-00493,system-admin,docs/PRD-系统管理员支撑.md,API 鎺ュ彛,| GET | /api/v1/admin/logs/read | 璇诲彇鏃ュ織鍐呭锛堟敮鎸?offset/limit/level/鍏抽敭璇嶏級 | 瓒呯骇绠＄悊鍛?|,api,P1,需求规定：GET | /api/v1/admin/logs/read | 璇诲彇鏃ュ織鍐呭锛堟敮鎸?offset/limit/level/鍏抽敭璇嶏級 | 瓒呯骇绠＄悊鍛?,源码路径+测试用例/运行验证（本阶段仅登记证据要求）,未判定实现状态；不得复用旧审计结论
REQ-ADMINPORTAL-00494,system-admin,docs/PRD-系统管理员支撑.md,API 鎺ュ彛,| WS | /ws/logs | WebSocket 瀹炴椂鏃ュ織娴?| 瓒呯骇绠＄悊鍛?|,logic,P1,需求规定：WS | /ws/logs | WebSocket 瀹炴椂鏃ュ織娴?| 瓒呯骇绠＄悊鍛?,源码路径+测试用例/运行验证（本阶段仅登记证据要求）,未判定实现状态；不得复用旧审计结论
REQ-ADMINPORTAL-00495,system-admin,docs/PRD-系统管理员支撑.md,API 鎺ュ彛,| GET | /api/v1/admin/logs/download | 涓嬭浇鏃ュ織鏂囦欢 | 瓒呯骇绠＄悊鍛?|,api,P1,需求规定：GET | /api/v1/admin/logs/download | 涓嬭浇鏃ュ織鏂囦欢 | 瓒呯骇绠＄悊鍛?,源码路径+测试用例/运行验证（本阶段仅登记证据要求）,未判定实现状态；不得复用旧审计结论
REQ-ADMINPORTAL-00496,system-admin,docs/PRD-系统管理员支撑.md,鍓嶇鍙樻洿,| 椤甸潰 | 鍙樻洿 |,logic,P1,需求规定：椤甸潰 | 鍙樻洿,源码路径+测试用例/运行验证（本阶段仅登记证据要求）,未判定实现状态；不得复用旧审计结论
REQ-ADMINPORTAL-00497,system-admin,docs/PRD-系统管理员支撑.md,鍓嶇鍙樻洿,"| 绠＄悊鍚庡彴 -> 杩愮淮 -> 鏂板""鏃ュ織鏌ョ湅""鍏ュ彛 | 鏃ュ織鏂囦欢閫夋嫨+瀹炴椂 tail+鎼滅储+杩囨护 |",logic,P1,"需求规定：绠＄悊鍚庡彴 -> 杩愮淮 -> 鏂板""鏃ュ織鏌ョ湅""鍏ュ彛 | 鏃ュ織鏂囦欢閫夋嫨+瀹炴椂 tail+鎼滅储+杩囨护",源码路径+测试用例/运行验证（本阶段仅登记证据要求）,未判定实现状态；不得复用旧审计结论
REQ-ADMINPORTAL-00498,system-admin,docs/PRD-系统管理员支撑.md,鍔熻兘瑙勬牸,| 妯″潡 | 璇存槑 |,logic,P1,需求规定：妯″潡 | 璇存槑,源码路径+测试用例/运行验证（本阶段仅登记证据要求）,未判定实现状态；不得复用旧审计结论
REQ-ADMINPORTAL-00499,system-admin,docs/PRD-系统管理员支撑.md,鍔熻兘瑙勬牸,| 鏈嶅姟鐘舵€佹€昏 | API 鏈嶅姟/鏁版嵁搴?Redis/鍚勪緵搴斿晢 API 鐨勫疄鏃剁姸鎬侊紙缁胯壊/榛勮壊/绾㈣壊锛?|,api,P1,需求规定：鏈嶅姟鐘舵€佹€昏 | API 鏈嶅姟/鏁版嵁搴?Redis/鍚勪緵搴斿晢 API 鐨勫疄鏃剁姸鎬侊紙缁胯壊/榛勮壊/绾㈣壊锛?,源码路径+测试用例/运行验证（本阶段仅登记证据要求）,未判定实现状态；不得复用旧审计结论
REQ-ADMINPORTAL-00500,system-admin,docs/PRD-系统管理员支撑.md,鍔熻兘瑙勬牸,| 6 缁村害鍋ュ悍璇勫垎 | API 鍙敤鎬?30%)/寤惰繜(25%)/閿欒鐜?20%)/鏁版嵁搴?10%)/Redis(10%)/瀹夊叏(5%) |,api,P1,需求规定：6 缁村害鍋ュ悍璇勫垎 | API 鍙敤鎬?30%)/寤惰繜(25%)/閿欒鐜?20%)/鏁版嵁搴?10%)/Redis(10%)/瀹夊叏(5%),源码路径+测试用例/运行验证（本阶段仅登记证据要求）,未判定实现状态；不得复用旧审计结论
REQ-ADMINPORTAL-00501,system-admin,docs/PRD-系统管理员支撑.md,鍔熻兘瑙勬牸,| 鍘嗗彶鍙敤鎬ц秼鍔?| 杩?7 澶╂瘡鏃ュ仴搴疯瘎鍒嗚秼鍔垮浘 |,logic,P1,需求规定：鍘嗗彶鍙敤鎬ц秼鍔?| 杩?7 澶╂瘡鏃ュ仴搴疯瘎鍒嗚秼鍔垮浘,源码路径+测试用例/运行验证（本阶段仅登记证据要求）,未判定实现状态；不得复用旧审计结论
REQ-ADMINPORTAL-00502,system-admin,docs/PRD-系统管理员支撑.md,鍔熻兘瑙勬牸,| 渚涘簲鍟嗛€氶亾鍋ュ悍 | 鎵€鏈変緵搴斿晢閫氶亾鐨勫仴搴风姸鎬佺粺璁★紙鍋ュ悍鏁?閫氶亾鎬绘暟/鍋ュ悍鐜囷級 |,logic,P1,需求规定：渚涘簲鍟嗛€氶亾鍋ュ悍 | 鎵€鏈変緵搴斿晢閫氶亾鐨勫仴搴风姸鎬佺粺璁★紙鍋ュ悍鏁?閫氶亾鎬绘暟/鍋ュ悍鐜囷級,源码路径+测试用例/运行验证（本阶段仅登记证据要求）,未判定实现状态；不得复用旧审计结论
REQ-ADMINPORTAL-00503,system-admin,docs/PRD-系统管理员支撑.md,鍔熻兘瑙勬牸,| 璧勬簮鐩戞帶 | CPU/鍐呭瓨/纾佺洏/绯荤粺璐熻浇/杩涚▼鍫嗗唴瀛樺疄鏃剁洃鎺?|,logic,P1,需求规定：璧勬簮鐩戞帶 | CPU/鍐呭瓨/纾佺洏/绯荤粺璐熻浇/杩涚▼鍫嗗唴瀛樺疄鏃剁洃鎺?,源码路径+测试用例/运行验证（本阶段仅登记证据要求）,未判定实现状态；不得复用旧审计结论
REQ-ADMINPORTAL-00504,system-admin,docs/PRD-系统管理员支撑.md,鍔熻兘瑙勬牸,| 鑷姩璇婃柇 | 6 椤硅瘖鏂細鏁版嵁搴撹繛鎺?Redis杩炴帴/渚涘簲鍟嗚繛閫氭€?纾佺洏鍐欏叆/杩涚▼鍐呭瓨/绯荤粺璧勬簮 |,db,P1,需求规定：鑷姩璇婃柇 | 6 椤硅瘖鏂細鏁版嵁搴撹繛鎺?Redis杩炴帴/渚涘簲鍟嗚繛閫氭€?纾佺洏鍐欏叆/杩涚▼鍐呭瓨/绯荤粺璧勬簮,源码路径+测试用例/运行验证（本阶段仅登记证据要求）,未判定实现状态；不得复用旧审计结论
REQ-ADMINPORTAL-00505,system-admin,docs/PRD-系统管理员支撑.md,鍚庣瀹炵幇鐘舵€?,| 绔偣 | 瀹炵幇鐘舵€?| 璇存槑 |,logic,P1,需求规定：绔偣 | 瀹炵幇鐘舵€?| 璇存槑,源码路径+测试用例/运行验证（本阶段仅登记证据要求）,未判定实现状态；不得复用旧审计结论
REQ-ADMINPORTAL-00506,system-admin,docs/PRD-系统管理员支撑.md,鍚庣瀹炵幇鐘舵€?,| `GET /api/v1/admin/health/overview` | 鉁?宸插疄鐜?| 鏈嶅姟鐘舵€佹€昏 + 渚涘簲鍟嗛€氶亾鍋ュ悍缁熻 |,api,P1,需求规定：`GET /api/v1/admin/health/overview` | 鉁?宸插疄鐜?| 鏈嶅姟鐘舵€佹€昏 + 渚涘簲鍟嗛€氶亾鍋ュ悍缁熻,源码路径+测试用例/运行验证（本阶段仅登记证据要求）,未判定实现状态；不得复用旧审计结论
REQ-ADMINPORTAL-00507,system-admin,docs/PRD-系统管理员支撑.md,鍚庣瀹炵幇鐘舵€?,| `GET /api/v1/admin/health-score` | 鉁?宸插疄鐜?| 6 缁村害鍋ュ悍璇勫垎 + 鍔犳潈鎬诲垎 |,api,P1,需求规定：`GET /api/v1/admin/health-score` | 鉁?宸插疄鐜?| 6 缁村害鍋ュ悍璇勫垎 + 鍔犳潈鎬诲垎,源码路径+测试用例/运行验证（本阶段仅登记证据要求）,未判定实现状态；不得复用旧审计结论
REQ-ADMINPORTAL-00508,system-admin,docs/PRD-系统管理员支撑.md,鍚庣瀹炵幇鐘舵€?,| `GET /api/v1/admin/health-score/history` | 鉁?宸插疄鐜?| 杩?7 澶╄秼鍔?|,api,P1,需求规定：`GET /api/v1/admin/health-score/history` | 鉁?宸插疄鐜?| 杩?7 澶╄秼鍔?,源码路径+测试用例/运行验证（本阶段仅登记证据要求）,未判定实现状态；不得复用旧审计结论
REQ-ADMINPORTAL-00509,system-admin,docs/PRD-系统管理员支撑.md,鍚庣瀹炵幇鐘舵€?,| `GET /api/v1/admin/health/service/:name` | 鉁?宸插疄鐜?| 鍗曚釜鏈嶅姟璇︽儏 (api/database/redis) |,api,P1,需求规定：`GET /api/v1/admin/health/service/:name` | 鉁?宸插疄鐜?| 鍗曚釜鏈嶅姟璇︽儏 (api/database/redis),源码路径+测试用例/运行验证（本阶段仅登记证据要求）,未判定实现状态；不得复用旧审计结论
REQ-ADMINPORTAL-00510,system-admin,docs/PRD-系统管理员支撑.md,鍚庣瀹炵幇鐘舵€?,| `GET /api/v1/admin/health/resources` | 鉁?宸插疄鐜?| CPU/鍐呭瓨/纾佺洏/绯荤粺淇℃伅 |,api,P1,需求规定：`GET /api/v1/admin/health/resources` | 鉁?宸插疄鐜?| CPU/鍐呭瓨/纾佺洏/绯荤粺淇℃伅,源码路径+测试用例/运行验证（本阶段仅登记证据要求）,未判定实现状态；不得复用旧审计结论
REQ-ADMINPORTAL-00511,system-admin,docs/PRD-系统管理员支撑.md,鍚庣瀹炵幇鐘舵€?,| `POST /api/v1/admin/health/diagnose` | 鉁?宸插疄鐜?| 6 椤硅嚜鍔ㄨ瘖鏂?+ 鎬荤粨 |,api,P1,需求规定：`POST /api/v1/admin/health/diagnose` | 鉁?宸插疄鐜?| 6 椤硅嚜鍔ㄨ瘖鏂?+ 鎬荤粨,源码路径+测试用例/运行验证（本阶段仅登记证据要求）,未判定实现状态；不得复用旧审计结论
REQ-ADMINPORTAL-00512,system-admin,docs/PRD-系统管理员支撑.md,寰呭疄鐜?,| 鍔熻兘 | 璇存槑 | 浼樺厛绾?|,logic,P1,需求规定：鍔熻兘 | 璇存槑 | 浼樺厛绾?,源码路径+测试用例/运行验证（本阶段仅登记证据要求）,未判定实现状态；不得复用旧审计结论
REQ-ADMINPORTAL-00513,system-admin,docs/PRD-系统管理员支撑.md,寰呭疄鐜?,| 渚濊禆鎷撴墤鍥?| 鏈嶅姟渚濊禆鍏崇郴鍙鍖?| P2 |,logic,P2,需求规定：渚濊禆鎷撴墤鍥?| 鏈嶅姟渚濊禆鍏崇郴鍙鍖?| P2,源码路径+测试用例/运行验证（本阶段仅登记证据要求）,未判定实现状态；不得复用旧审计结论
REQ-ADMINPORTAL-00514,system-admin,docs/PRD-系统管理员支撑.md,寰呭疄鐜?,| 渚涘簲鍟嗗搷搴旀椂闂磋秼鍔?| 鍚勪緵搴斿晢 API 鍝嶅簲鏃堕棿瓒嬪娍鍥?| P2 |,api,P2,需求规定：渚涘簲鍟嗗搷搴旀椂闂磋秼鍔?| 鍚勪緵搴斿晢 API 鍝嶅簲鏃堕棿瓒嬪娍鍥?| P2,源码路径+测试用例/运行验证（本阶段仅登记证据要求）,未判定实现状态；不得复用旧审计结论
REQ-ADMINPORTAL-00515,system-admin,docs/PRD-系统管理员支撑.md,寰呭疄鐜?,| 缃戠粶 IO 鐩戞帶 | 瀵规帴鏈嶅姟鍣ㄧ洃鎺ч噰闆嗙綉缁?IO | P2 |,logic,P2,需求规定：缃戠粶 IO 鐩戞帶 | 瀵规帴鏈嶅姟鍣ㄧ洃鎺ч噰闆嗙綉缁?IO | P2,源码路径+测试用例/运行验证（本阶段仅登记证据要求）,未判定实现状态；不得复用旧审计结论
REQ-ADMINPORTAL-00516,system-admin,docs/PRD-系统管理员支撑.md,API 鎺ュ彛,| 鏂规硶 | 璺緞 | 璇存槑 | 鏉冮檺 |,logic,P1,需求规定：鏂规硶 | 璺緞 | 璇存槑 | 鏉冮檺,源码路径+测试用例/运行验证（本阶段仅登记证据要求）,未判定实现状态；不得复用旧审计结论
REQ-ADMINPORTAL-00517,system-admin,docs/PRD-系统管理员支撑.md,API 鎺ュ彛,| GET | /api/v1/admin/health/overview | 鎵€鏈夋湇鍔＄姸鎬佹瑙?| security_view |,api,P1,需求规定：GET | /api/v1/admin/health/overview | 鎵€鏈夋湇鍔＄姸鎬佹瑙?| security_view,源码路径+测试用例/运行验证（本阶段仅登记证据要求）,未判定实现状态；不得复用旧审计结论
REQ-ADMINPORTAL-00518,system-admin,docs/PRD-系统管理员支撑.md,API 鎺ュ彛,| GET | /api/v1/admin/health-score | 6 缁村害鍋ュ悍璇勫垎 | security_view |,api,P1,需求规定：GET | /api/v1/admin/health-score | 6 缁村害鍋ュ悍璇勫垎 | security_view,源码路径+测试用例/运行验证（本阶段仅登记证据要求）,未判定实现状态；不得复用旧审计结论
REQ-ADMINPORTAL-00519,system-admin,docs/PRD-系统管理员支撑.md,API 鎺ュ彛,| GET | /api/v1/admin/health-score/history | 杩?7 澶╄秼鍔?| security_view |,api,P1,需求规定：GET | /api/v1/admin/health-score/history | 杩?7 澶╄秼鍔?| security_view,源码路径+测试用例/运行验证（本阶段仅登记证据要求）,未判定实现状态；不得复用旧审计结论
REQ-ADMINPORTAL-00520,system-admin,docs/PRD-系统管理员支撑.md,API 鎺ュ彛,| GET | /api/v1/admin/health/service/:name | 鍗曚釜鏈嶅姟璇︽儏 | security_view |,api,P1,需求规定：GET | /api/v1/admin/health/service/:name | 鍗曚釜鏈嶅姟璇︽儏 | security_view,源码路径+测试用例/运行验证（本阶段仅登记证据要求）,未判定实现状态；不得复用旧审计结论
REQ-ADMINPORTAL-00521,system-admin,docs/PRD-系统管理员支撑.md,API 鎺ュ彛,| GET | /api/v1/admin/health/resources | 鏈嶅姟鍣ㄨ祫婧愮洃鎺?| security_view |,api,P1,需求规定：GET | /api/v1/admin/health/resources | 鏈嶅姟鍣ㄨ祫婧愮洃鎺?| security_view,源码路径+测试用例/运行验证（本阶段仅登记证据要求）,未判定实现状态；不得复用旧审计结论
REQ-ADMINPORTAL-00522,system-admin,docs/PRD-系统管理员支撑.md,API 鎺ュ彛,| POST | /api/v1/admin/health/diagnose | 瑙﹀彂鑷姩璇婃柇 | security_view |,api,P1,需求规定：POST | /api/v1/admin/health/diagnose | 瑙﹀彂鑷姩璇婃柇 | security_view,源码路径+测试用例/运行验证（本阶段仅登记证据要求）,未判定实现状态；不得复用旧审计结论
REQ-ADMINPORTAL-00523,system-admin,docs/PRD-系统管理员支撑.md,鍓嶇鍙樻洿,| 椤甸潰 | 鍙樻洿 |,logic,P1,需求规定：椤甸潰 | 鍙樻洿,源码路径+测试用例/运行验证（本阶段仅登记证据要求）,未判定实现状态；不得复用旧审计结论
REQ-ADMINPORTAL-00524,system-admin,docs/PRD-系统管理员支撑.md,鍓嶇鍙樻洿,"| 绠＄悊鍚庡彴 -> 杩愮淮 -> 鏂板""鍋ュ悍妫€鏌?鍏ュ彛 | 鏈嶅姟鐘舵€佹€昏+鍋ュ悍璇勫垎+璧勬簮鐩戞帶+璇婃柇 |",logic,P1,"需求规定：绠＄悊鍚庡彴 -> 杩愮淮 -> 鏂板""鍋ュ悍妫€鏌?鍏ュ彛 | 鏈嶅姟鐘舵€佹€昏+鍋ュ悍璇勫垎+璧勬簮鐩戞帶+璇婃柇",源码路径+测试用例/运行验证（本阶段仅登记证据要求）,未判定实现状态；不得复用旧审计结论
REQ-ADMINPORTAL-00525,system-admin,docs/PRD-系统管理员支撑.md,鍓嶇鍙樻洿,| 绠＄悊鍚庡彴 -> 杩愮淮 -> 鍋ュ悍妫€鏌?-> 璇︽儏 | 鏈嶅姟璇︽儏+鍝嶅簲鏃堕棿瓒嬪娍 |,logic,P1,需求规定：绠＄悊鍚庡彴 -> 杩愮淮 -> 鍋ュ悍妫€鏌?-> 璇︽儏 | 鏈嶅姟璇︽儏+鍝嶅簲鏃堕棿瓒嬪娍,源码路径+测试用例/运行验证（本阶段仅登记证据要求）,未判定实现状态；不得复用旧审计结论
REQ-ADMINPORTAL-00526,system-admin,docs/PRD-系统管理员支撑.md,鍓嶇鍙樻洿,| 绠＄悊鍚庡彴 -> 杩愮淮 -> 鍋ュ悍妫€鏌?-> 璇婃柇 | 鑷姩璇婃柇缁撴灉灞曠ず |,logic,P1,需求规定：绠＄悊鍚庡彴 -> 杩愮淮 -> 鍋ュ悍妫€鏌?-> 璇婃柇 | 鑷姩璇婃柇缁撴灉灞曠ず,源码路径+测试用例/运行验证（本阶段仅登记证据要求）,未判定实现状态；不得复用旧审计结论
REQ-ADMINPORTAL-00527,system-admin,docs/PRD-系统管理员支撑.md,鍔熻兘瑙勬牸,| 妯″潡 | 璇存槑 |,logic,P1,需求规定：妯″潡 | 璇存槑,源码路径+测试用例/运行验证（本阶段仅登记证据要求）,未判定实现状态；不得复用旧审计结论
REQ-ADMINPORTAL-00528,system-admin,docs/PRD-系统管理员支撑.md,鍔熻兘瑙勬牸,| 鍙樻洿棰勮 | 淇敼閰嶇疆鍓嶏紝棰勮褰卞搷鑼冨洿锛氬摢浜涙ā鍧?鐢ㄦ埛浼氬彈褰卞搷 |,logic,P1,需求规定：鍙樻洿棰勮 | 淇敼閰嶇疆鍓嶏紝棰勮褰卞搷鑼冨洿锛氬摢浜涙ā鍧?鐢ㄦ埛浼氬彈褰卞搷,源码路径+测试用例/运行验证（本阶段仅登记证据要求）,未判定实现状态；不得复用旧审计结论
REQ-ADMINPORTAL-00529,system-admin,docs/PRD-系统管理员支撑.md,鍔熻兘瑙勬牸,| 鍙樻洿璁″垝 | 缂栨帓涓€缁勫彉鏇存搷浣滐紝璁惧畾鎵ц鏃堕棿锛屽埌鏃惰嚜鍔ㄦ墽琛?|,logic,P1,需求规定：鍙樻洿璁″垝 | 缂栨帓涓€缁勫彉鏇存搷浣滐紝璁惧畾鎵ц鏃堕棿锛屽埌鏃惰嚜鍔ㄦ墽琛?,源码路径+测试用例/运行验证（本阶段仅登记证据要求）,未判定实现状态；不得复用旧审计结论
REQ-ADMINPORTAL-00530,system-admin,docs/PRD-系统管理员支撑.md,鍔熻兘瑙勬牸,| 娌欑妯℃嫙 | 閰嶇疆鍙樻洿鍦ㄦ矙绠变腑妯℃嫙鎵ц锛屼笉鐪熸鏀规暟鎹紝灞曠ず棰勬湡缁撴灉 |,logic,P1,需求规定：娌欑妯℃嫙 | 閰嶇疆鍙樻洿鍦ㄦ矙绠变腑妯℃嫙鎵ц锛屼笉鐪熸鏀规暟鎹紝灞曠ず棰勬湡缁撴灉,源码路径+测试用例/运行验证（本阶段仅登记证据要求）,未判定实现状态；不得复用旧审计结论
REQ-ADMINPORTAL-00531,system-admin,docs/PRD-系统管理员支撑.md,鍔熻兘瑙勬牸,| 鍙樻洿瀹℃壒 | 楂橀闄╁彉鏇达紙濡傛敼瀹氫环/鏀瑰畨鍏ㄧ瓥鐣ワ級闇€瀹℃壒鍚庢墠鑳芥墽琛?|,logic,P1,需求规定：鍙樻洿瀹℃壒 | 楂橀闄╁彉鏇达紙濡傛敼瀹氫环/鏀瑰畨鍏ㄧ瓥鐣ワ級闇€瀹℃壒鍚庢墠鑳芥墽琛?,源码路径+测试用例/运行验证（本阶段仅登记证据要求）,未判定实现状态；不得复用旧审计结论
REQ-ADMINPORTAL-00532,system-admin,docs/PRD-系统管理员支撑.md,鍔熻兘瑙勬牸,| 鍙樻洿鍥炴粴 | 鎵ц澶辫触鐨勫彉鏇磋鍒掕嚜鍔ㄥ洖婊氭墍鏈夊凡鎵ц姝ラ |,logic,P1,需求规定：鍙樻洿鍥炴粴 | 鎵ц澶辫触鐨勫彉鏇磋鍒掕嚜鍔ㄥ洖婊氭墍鏈夊凡鎵ц姝ラ,源码路径+测试用例/运行验证（本阶段仅登记证据要求）,未判定实现状态；不得复用旧审计结论
REQ-ADMINPORTAL-00533,system-admin,docs/PRD-系统管理员支撑.md,API 鎺ュ彛,| 鏂规硶 | 璺緞 | 璇存槑 | 鏉冮檺 |,logic,P1,需求规定：鏂规硶 | 璺緞 | 璇存槑 | 鏉冮檺,源码路径+测试用例/运行验证（本阶段仅登记证据要求）,未判定实现状态；不得复用旧审计结论
REQ-ADMINPORTAL-00534,system-admin,docs/PRD-系统管理员支撑.md,API 鎺ュ彛,| POST | /api/v1/admin/change-plans | 鍒涘缓鍙樻洿璁″垝 | 瓒呯骇绠＄悊鍛?|,api,P1,需求规定：POST | /api/v1/admin/change-plans | 鍒涘缓鍙樻洿璁″垝 | 瓒呯骇绠＄悊鍛?,源码路径+测试用例/运行验证（本阶段仅登记证据要求）,未判定实现状态；不得复用旧审计结论
REQ-ADMINPORTAL-00535,system-admin,docs/PRD-系统管理员支撑.md,API 鎺ュ彛,| GET | /api/v1/admin/change-plans | 鍙樻洿璁″垝鍒楄〃 | 瓒呯骇绠＄悊鍛?|,api,P1,需求规定：GET | /api/v1/admin/change-plans | 鍙樻洿璁″垝鍒楄〃 | 瓒呯骇绠＄悊鍛?,源码路径+测试用例/运行验证（本阶段仅登记证据要求）,未判定实现状态；不得复用旧审计结论
REQ-ADMINPORTAL-00536,system-admin,docs/PRD-系统管理员支撑.md,API 鎺ュ彛,| GET | /api/v1/admin/change-plans/:id | 璁″垝璇︽儏 | 瓒呯骇绠＄悊鍛?|,api,P1,需求规定：GET | /api/v1/admin/change-plans/:id | 璁″垝璇︽儏 | 瓒呯骇绠＄悊鍛?,源码路径+测试用例/运行验证（本阶段仅登记证据要求）,未判定实现状态；不得复用旧审计结论
REQ-ADMINPORTAL-00537,system-admin,docs/PRD-系统管理员支撑.md,API 鎺ュ彛,| PATCH | /api/v1/admin/change-plans/:id | 鏇存柊璁″垝 | 瓒呯骇绠＄悊鍛?|,api,P1,需求规定：PATCH | /api/v1/admin/change-plans/:id | 鏇存柊璁″垝 | 瓒呯骇绠＄悊鍛?,源码路径+测试用例/运行验证（本阶段仅登记证据要求）,未判定实现状态；不得复用旧审计结论
REQ-ADMINPORTAL-00538,system-admin,docs/PRD-系统管理员支撑.md,API 鎺ュ彛,| POST | /api/v1/admin/change-plans/:id/preview | 娌欑棰勮 | 瓒呯骇绠＄悊鍛?|,api,P1,需求规定：POST | /api/v1/admin/change-plans/:id/preview | 娌欑棰勮 | 瓒呯骇绠＄悊鍛?,源码路径+测试用例/运行验证（本阶段仅登记证据要求）,未判定实现状态；不得复用旧审计结论
REQ-ADMINPORTAL-00539,system-admin,docs/PRD-系统管理员支撑.md,API 鎺ュ彛,| POST | /api/v1/admin/change-plans/:id/submit-review | 鎻愪氦瀹℃壒 | 瓒呯骇绠＄悊鍛?|,api,P1,需求规定：POST | /api/v1/admin/change-plans/:id/submit-review | 鎻愪氦瀹℃壒 | 瓒呯骇绠＄悊鍛?,源码路径+测试用例/运行验证（本阶段仅登记证据要求）,未判定实现状态；不得复用旧审计结论
REQ-ADMINPORTAL-00540,system-admin,docs/PRD-系统管理员支撑.md,API 鎺ュ彛,| POST | /api/v1/admin/change-plans/:id/approve | 瀹℃壒閫氳繃 | 绠＄悊鍛?|,api,P1,需求规定：POST | /api/v1/admin/change-plans/:id/approve | 瀹℃壒閫氳繃 | 绠＄悊鍛?,源码路径+测试用例/运行验证（本阶段仅登记证据要求）,未判定实现状态；不得复用旧审计结论
REQ-ADMINPORTAL-00541,system-admin,docs/PRD-系统管理员支撑.md,API 鎺ュ彛,| POST | /api/v1/admin/change-plans/:id/reject | 椹冲洖 | 绠＄悊鍛?|,api,P1,需求规定：POST | /api/v1/admin/change-plans/:id/reject | 椹冲洖 | 绠＄悊鍛?,源码路径+测试用例/运行验证（本阶段仅登记证据要求）,未判定实现状态；不得复用旧审计结论
REQ-ADMINPORTAL-00542,system-admin,docs/PRD-系统管理员支撑.md,API 鎺ュ彛,| POST | /api/v1/admin/change-plans/:id/execute | 绔嬪嵆鎵ц | 瓒呯骇绠＄悊鍛?|,api,P1,需求规定：POST | /api/v1/admin/change-plans/:id/execute | 绔嬪嵆鎵ц | 瓒呯骇绠＄悊鍛?,源码路径+测试用例/运行验证（本阶段仅登记证据要求）,未判定实现状态；不得复用旧审计结论
REQ-ADMINPORTAL-00543,system-admin,docs/PRD-系统管理员支撑.md,API 鎺ュ彛,| POST | /api/v1/admin/change-plans/:id/rollback | 鍥炴粴 | 瓒呯骇绠＄悊鍛?|,api,P1,需求规定：POST | /api/v1/admin/change-plans/:id/rollback | 鍥炴粴 | 瓒呯骇绠＄悊鍛?,源码路径+测试用例/运行验证（本阶段仅登记证据要求）,未判定实现状态；不得复用旧审计结论
REQ-ADMINPORTAL-00544,system-admin,docs/PRD-系统管理员支撑.md,鍓嶇鍙樻洿,| 椤甸潰 | 鍙樻洿 |,logic,P1,需求规定：椤甸潰 | 鍙樻洿,源码路径+测试用例/运行验证（本阶段仅登记证据要求）,未判定实现状态；不得复用旧审计结论
REQ-ADMINPORTAL-00545,system-admin,docs/PRD-系统管理员支撑.md,鍓嶇鍙樻洿,"| 绠＄悊鍚庡彴 -> 杩愮淮 -> 鏂板""鍙樻洿璁″垝""鍏ュ彛 | 璁″垝鍒楄〃+鍒涘缓鍚戝 |",logic,P1,"需求规定：绠＄悊鍚庡彴 -> 杩愮淮 -> 鏂板""鍙樻洿璁″垝""鍏ュ彛 | 璁″垝鍒楄〃+鍒涘缓鍚戝",源码路径+测试用例/运行验证（本阶段仅登记证据要求）,未判定实现状态；不得复用旧审计结论
REQ-ADMINPORTAL-00546,system-admin,docs/PRD-系统管理员支撑.md,鍓嶇鍙樻洿,| 绠＄悊鍚庡彴 -> 杩愮淮 -> 鍙樻洿璁″垝 -> 璇︽儏 | 姝ラ鍒楄〃+棰勮+鎵ц/鍥炴粴 |,logic,P1,需求规定：绠＄悊鍚庡彴 -> 杩愮淮 -> 鍙樻洿璁″垝 -> 璇︽儏 | 姝ラ鍒楄〃+棰勮+鎵ц/鍥炴粴,源码路径+测试用例/运行验证（本阶段仅登记证据要求）,未判定实现状态；不得复用旧审计结论
REQ-ADMINPORTAL-00547,system-admin,docs/PRD-系统管理员支撑.md,鍓嶇鍙樻洿,| 绠＄悊鍚庡彴 -> 瀹℃壒涓績 | 鍙樻洿璁″垝瀹℃壒寰呭姙 |,logic,P1,需求规定：绠＄悊鍚庡彴 -> 瀹℃壒涓績 | 鍙樻洿璁″垝瀹℃壒寰呭姙,源码路径+测试用例/运行验证（本阶段仅登记证据要求）,未判定实现状态；不得复用旧审计结论
REQ-ADMINPORTAL-00548,system-admin,docs/PRD-系统管理员支撑.md,鍔熻兘瑙勬牸,| 妯″潡 | 璇存槑 |,logic,P1,需求规定：妯″潡 | 璇存槑,源码路径+测试用例/运行验证（本阶段仅登记证据要求）,未判定实现状态；不得复用旧审计结论
REQ-ADMINPORTAL-00549,system-admin,docs/PRD-系统管理员支撑.md,鍔熻兘瑙勬牸,| 鐗堟湰淇℃伅 | 鏄剧ず褰撳墠閮ㄧ讲鐗堟湰锛坓it commit hash + tag + 閮ㄧ讲鏃堕棿锛?|,logic,P1,需求规定：鐗堟湰淇℃伅 | 鏄剧ず褰撳墠閮ㄧ讲鐗堟湰锛坓it commit hash + tag + 閮ㄧ讲鏃堕棿锛?,源码路径+测试用例/运行验证（本阶段仅登记证据要求）,未判定实现状态；不得复用旧审计结论
REQ-ADMINPORTAL-00550,system-admin,docs/PRD-系统管理员支撑.md,鍔熻兘瑙勬牸,| 鐗堟湰鍙戝竷璁板綍 | 鎸夋椂闂村€掑簭鐨勭増鏈彂甯冨垪琛細鐗堟湰鍙?鍙戝竷鍐呭/鍙戝竷鏃堕棿/鍙戝竷浜?|,logic,P1,需求规定：鐗堟湰鍙戝竷璁板綍 | 鎸夋椂闂村€掑簭鐨勭増鏈彂甯冨垪琛細鐗堟湰鍙?鍙戝竷鍐呭/鍙戝竷鏃堕棿/鍙戝竷浜?,源码路径+测试用例/运行验证（本阶段仅登记证据要求）,未判定实现状态；不得复用旧审计结论
REQ-ADMINPORTAL-00551,system-admin,docs/PRD-系统管理员支撑.md,鍔熻兘瑙勬牸,| 鍗囩骇鎿嶄綔 | 涓€閿Е鍙戦儴缃叉祦绋嬶紙璋冪敤 deploy.sh锛?|,logic,P1,需求规定：鍗囩骇鎿嶄綔 | 涓€閿Е鍙戦儴缃叉祦绋嬶紙璋冪敤 deploy.sh锛?,源码路径+测试用例/运行验证（本阶段仅登记证据要求）,未判定实现状态；不得复用旧审计结论
REQ-ADMINPORTAL-00552,system-admin,docs/PRD-系统管理员支撑.md,鍔熻兘瑙勬牸,| 鍥炴粴鎿嶄綔 | 涓€閿洖婊氬埌涓婁竴涓増鏈?|,logic,P1,需求规定：鍥炴粴鎿嶄綔 | 涓€閿洖婊氬埌涓婁竴涓増鏈?,源码路径+测试用例/运行验证（本阶段仅登记证据要求）,未判定实现状态；不得复用旧审计结论
REQ-ADMINPORTAL-00553,system-admin,docs/PRD-系统管理员支撑.md,鍔熻兘瑙勬牸,| 鐏板害寮€鍏?| 鎸夌敤鎴锋瘮渚?鐢ㄦ埛 ID 鑼冨洿鐏板害鍙戝竷鏂板姛鑳?|,logic,P1,需求规定：鐏板害寮€鍏?| 鎸夌敤鎴锋瘮渚?鐢ㄦ埛 ID 鑼冨洿鐏板害鍙戝竷鏂板姛鑳?,源码路径+测试用例/运行验证（本阶段仅登记证据要求）,未判定实现状态；不得复用旧审计结论
REQ-ADMINPORTAL-00554,system-admin,docs/PRD-系统管理员支撑.md,API 鎺ュ彛,| 鏂规硶 | 璺緞 | 璇存槑 | 鏉冮檺 |,logic,P1,需求规定：鏂规硶 | 璺緞 | 璇存槑 | 鏉冮檺,源码路径+测试用例/运行验证（本阶段仅登记证据要求）,未判定实现状态；不得复用旧审计结论
REQ-ADMINPORTAL-00555,system-admin,docs/PRD-系统管理员支撑.md,API 鎺ュ彛,| GET | /api/v1/admin/deployments/current | 褰撳墠鐗堟湰淇℃伅 | 瓒呯骇绠＄悊鍛?|,api,P1,需求规定：GET | /api/v1/admin/deployments/current | 褰撳墠鐗堟湰淇℃伅 | 瓒呯骇绠＄悊鍛?,源码路径+测试用例/运行验证（本阶段仅登记证据要求）,未判定实现状态；不得复用旧审计结论
REQ-ADMINPORTAL-00556,system-admin,docs/PRD-系统管理员支撑.md,API 鎺ュ彛,| GET | /api/v1/admin/deployments | 閮ㄧ讲鍘嗗彶鍒楄〃 | 瓒呯骇绠＄悊鍛?|,api,P1,需求规定：GET | /api/v1/admin/deployments | 閮ㄧ讲鍘嗗彶鍒楄〃 | 瓒呯骇绠＄悊鍛?,源码路径+测试用例/运行验证（本阶段仅登记证据要求）,未判定实现状态；不得复用旧审计结论
REQ-ADMINPORTAL-00557,system-admin,docs/PRD-系统管理员支撑.md,API 鎺ュ彛,| POST | /api/v1/admin/deployments/deploy | 瑙﹀彂閮ㄧ讲 | 瓒呯骇绠＄悊鍛?|,api,P1,需求规定：POST | /api/v1/admin/deployments/deploy | 瑙﹀彂閮ㄧ讲 | 瓒呯骇绠＄悊鍛?,源码路径+测试用例/运行验证（本阶段仅登记证据要求）,未判定实现状态；不得复用旧审计结论
REQ-ADMINPORTAL-00558,system-admin,docs/PRD-系统管理员支撑.md,API 鎺ュ彛,| POST | /api/v1/admin/deployments/:id/rollback | 鍥炴粴鍒版寚瀹氱増鏈?| 瓒呯骇绠＄悊鍛?|,api,P1,需求规定：POST | /api/v1/admin/deployments/:id/rollback | 鍥炴粴鍒版寚瀹氱増鏈?| 瓒呯骇绠＄悊鍛?,源码路径+测试用例/运行验证（本阶段仅登记证据要求）,未判定实现状态；不得复用旧审计结论
REQ-ADMINPORTAL-00559,system-admin,docs/PRD-系统管理员支撑.md,API 鎺ュ彛,| GET | /api/v1/admin/feature-flags | 鍔熻兘寮€鍏冲垪琛?| 瓒呯骇绠＄悊鍛?|,api,P1,需求规定：GET | /api/v1/admin/feature-flags | 鍔熻兘寮€鍏冲垪琛?| 瓒呯骇绠＄悊鍛?,源码路径+测试用例/运行验证（本阶段仅登记证据要求）,未判定实现状态；不得复用旧审计结论
REQ-ADMINPORTAL-00560,system-admin,docs/PRD-系统管理员支撑.md,API 鎺ュ彛,| PATCH | /api/v1/admin/feature-flags/:key | 鏇存柊鍔熻兘寮€鍏?| 瓒呯骇绠＄悊鍛?|,api,P1,需求规定：PATCH | /api/v1/admin/feature-flags/:key | 鏇存柊鍔熻兘寮€鍏?| 瓒呯骇绠＄悊鍛?,源码路径+测试用例/运行验证（本阶段仅登记证据要求）,未判定实现状态；不得复用旧审计结论
REQ-ADMINPORTAL-00561,system-admin,docs/PRD-系统管理员支撑.md,鍓嶇鍙樻洿,| 椤甸潰 | 鍙樻洿 |,logic,P1,需求规定：椤甸潰 | 鍙樻洿,源码路径+测试用例/运行验证（本阶段仅登记证据要求）,未判定实现状态；不得复用旧审计结论
REQ-ADMINPORTAL-00562,system-admin,docs/PRD-系统管理员支撑.md,鍓嶇鍙樻洿,"| 绠＄悊鍚庡彴 -> 杩愮淮 -> 鏂板""鐗堟湰绠＄悊""鍏ュ彛 | 褰撳墠鐗堟湰淇℃伅+閮ㄧ讲鍘嗗彶+涓€閿儴缃?鍥炴粴 |",logic,P1,"需求规定：绠＄悊鍚庡彴 -> 杩愮淮 -> 鏂板""鐗堟湰绠＄悊""鍏ュ彛 | 褰撳墠鐗堟湰淇℃伅+閮ㄧ讲鍘嗗彶+涓€閿儴缃?鍥炴粴",源码路径+测试用例/运行验证（本阶段仅登记证据要求）,未判定实现状态；不得复用旧审计结论
REQ-ADMINPORTAL-00563,system-admin,docs/PRD-系统管理员支撑.md,鍓嶇鍙樻洿,"| 绠＄悊鍚庡彴 -> 杩愮淮 -> 鏂板""鍔熻兘寮€鍏?鍏ュ彛 | 鐏板害鍙戝竷寮€鍏冲垪琛?閰嶇疆 |",logic,P1,"需求规定：绠＄悊鍚庡彴 -> 杩愮淮 -> 鏂板""鍔熻兘寮€鍏?鍏ュ彛 | 鐏板害鍙戝竷寮€鍏冲垪琛?閰嶇疆",源码路径+测试用例/运行验证（本阶段仅登记证据要求）,未判定实现状态；不得复用旧审计结论
REQ-ADMINPORTAL-00564,system-admin,docs/PRD-系统管理员支撑.md,12.9 绯荤粺绠＄悊鍛樻ā鍧楁€昏,| 妯″潡 | 浼樺厛绾?| 棰勪及宸ヤ綔閲?| 鏍稿績浠峰€?|,logic,P1,需求规定：妯″潡 | 浼樺厛绾?| 棰勪及宸ヤ綔閲?| 鏍稿績浠峰€?,源码路径+测试用例/运行验证（本阶段仅登记证据要求）,未判定实现状态；不得复用旧审计结论
REQ-ADMINPORTAL-00565,system-admin,docs/PRD-系统管理员支撑.md,12.9 绯荤粺绠＄悊鍛樻ā鍧楁€昏,| 鎿嶄綔瀹¤鎺у埗鍙?| P0 | 鍚庣 3d + 鍓嶇 4d | 鎿嶄綔杩芥函+寮傚父妯″紡璇嗗埆锛屽畨鍏ㄥ悎瑙?|,logic,P0,需求规定：鎿嶄綔瀹¤鎺у埗鍙?| P0 | 鍚庣 3d + 鍓嶇 4d | 鎿嶄綔杩芥函+寮傚父妯″紡璇嗗埆锛屽畨鍏ㄥ悎瑙?,源码路径+测试用例/运行验证（本阶段仅登记证据要求）,未判定实现状态；不得复用旧审计结论
REQ-ADMINPORTAL-00566,system-admin,docs/PRD-系统管理员支撑.md,12.9 绯荤粺绠＄悊鍛樻ā鍧楁€昏,| 鍋ュ悍妫€鏌ュぇ鐩?| P0 | 鍚庣 3d + 鍓嶇 4d | 涓€鐪兼帉鎻＄郴缁熺姸鎬侊紝鏁呴殰蹇€熷畾浣?|,logic,P0,需求规定：鍋ュ悍妫€鏌ュぇ鐩?| P0 | 鍚庣 3d + 鍓嶇 4d | 涓€鐪兼帉鎻＄郴缁熺姸鎬侊紝鏁呴殰蹇€熷畾浣?,源码路径+测试用例/运行验证（本阶段仅登记证据要求）,未判定实现状态；不得复用旧审计结论
REQ-ADMINPORTAL-00567,system-admin,docs/PRD-系统管理员支撑.md,12.9 绯荤粺绠＄悊鍛樻ā鍧楁€昏,| 浠诲姟璋冨害涓績 | P1 | 鍚庣 4d + 鍓嶇 4d | 瀹氭椂浠诲姟缁熶竴绠＄悊锛屽け璐ュ強鏃跺彂鐜?|,logic,P1,需求规定：浠诲姟璋冨害涓績 | P1 | 鍚庣 4d + 鍓嶇 4d | 瀹氭椂浠诲姟缁熶竴绠＄悊锛屽け璐ュ強鏃跺彂鐜?,源码路径+测试用例/运行验证（本阶段仅登记证据要求）,未判定实现状态；不得复用旧审计结论
REQ-ADMINPORTAL-00568,system-admin,docs/PRD-系统管理员支撑.md,12.9 绯荤粺绠＄悊鍛樻ā鍧楁€昏,| 鍦ㄧ嚎鏃ュ織鏌ョ湅鍣?| P1 | 鍚庣 3d + 鍓嶇 3d | 鏃犻渶 SSH 鍗冲彲鏌ョ湅鏃ュ織锛屽畨鍏ㄤ究鎹?|,logic,P1,需求规定：鍦ㄧ嚎鏃ュ織鏌ョ湅鍣?| P1 | 鍚庣 3d + 鍓嶇 3d | 鏃犻渶 SSH 鍗冲彲鏌ョ湅鏃ュ織锛屽畨鍏ㄤ究鎹?,源码路径+测试用例/运行验证（本阶段仅登记证据要求）,未判定实现状态；不得复用旧审计结论
REQ-ADMINPORTAL-00569,system-admin,docs/PRD-系统管理员支撑.md,12.9 绯荤粺绠＄悊鍛樻ā鍧楁€昏,| 缂撳瓨绠＄悊鎺у埗鍙?| P1 | 鍚庣 2d + 鍓嶇 3d | 缂撳瓨鍙鍖?鎸夐渶娓呯悊 |,logic,P1,需求规定：缂撳瓨绠＄悊鎺у埗鍙?| P1 | 鍚庣 2d + 鍓嶇 3d | 缂撳瓨鍙鍖?鎸夐渶娓呯悊,源码路径+测试用例/运行验证（本阶段仅登记证据要求）,未判定实现状态；不得复用旧审计结论
REQ-ADMINPORTAL-00570,system-admin,docs/PRD-系统管理员支撑.md,12.9 绯荤粺绠＄悊鍛樻ā鍧楁€昏,| 鏁版嵁搴撶鐞嗛潰鏉?| P2 | 鍚庣 4d + 鍓嶇 4d | 鏁版嵁搴撶姸鎬佸彲瑙嗗寲锛岃緟鍔╂€ц兘璋冧紭 |,logic,P2,需求规定：鏁版嵁搴撶鐞嗛潰鏉?| P2 | 鍚庣 4d + 鍓嶇 4d | 鏁版嵁搴撶姸鎬佸彲瑙嗗寲锛岃緟鍔╂€ц兘璋冧紭,源码路径+测试用例/运行验证（本阶段仅登记证据要求）,未判定实现状态；不得复用旧审计结论
REQ-ADMINPORTAL-00571,system-admin,docs/PRD-系统管理员支撑.md,12.9 绯荤粺绠＄悊鍛樻ā鍧楁€昏,| 鍙樻洿璁″垝涓庢矙绠遍瑙?| P2 | 鍚庣 4d + 鍓嶇 4d | 闄嶄綆鍙樻洿椋庨櫓锛屾敮鎸佽鍒掔紪鎺?|,logic,P2,需求规定：鍙樻洿璁″垝涓庢矙绠遍瑙?| P2 | 鍚庣 4d + 鍓嶇 4d | 闄嶄綆鍙樻洿椋庨櫓锛屾敮鎸佽鍒掔紪鎺?,源码路径+测试用例/运行验证（本阶段仅登记证据要求）,未判定实现状态；不得复用旧审计结论
REQ-ADMINPORTAL-00572,system-admin,docs/PRD-系统管理员支撑.md,12.9 绯荤粺绠＄悊鍛樻ā鍧楁€昏,| 绯荤粺鍗囩骇涓庣増鏈鐞?| P2 | 鍚庣 3d + 鍓嶇 3d | 鐗堟湰鍙拷婧紝涓€閿洖婊?鐏板害鍙戝竷 |,logic,P2,需求规定：绯荤粺鍗囩骇涓庣増鏈鐞?| P2 | 鍚庣 3d + 鍓嶇 3d | 鐗堟湰鍙拷婧紝涓€閿洖婊?鐏板害鍙戝竷,源码路径+测试用例/运行验证（本阶段仅登记证据要求）,未判定实现状态；不得复用旧审计结论
REQ-ADMINPORTAL-00573,system-admin,docs/PRD-系统管理员支撑.md,12.9 绯荤粺绠＄悊鍛樻ā鍧楁€昏,**鍚堣**锛氬悗绔?26 浜哄ぉ + 鍓嶇 29 浜哄ぉ = 绾?7 鍛?,logic,P1,需求规定：**鍚堣**锛氬悗绔?26 浜哄ぉ + 鍓嶇 29 浜哄ぉ = 绾?7 鍛?,源码路径+测试用例/运行验证（本阶段仅登记证据要求）,未判定实现状态；不得复用旧审计结论
REQ-ADMINPORTAL-00574,growth-operations,docs/PRD-运营增长模块.md,鍔熻兘瑙勬牸,| 妯″潡 | 璇存槑 |,logic,P1,需求规定：妯″潡 | 璇存槑,源码路径+测试用例/运行验证（本阶段仅登记证据要求）,未判定实现状态；不得复用旧审计结论
REQ-ADMINPORTAL-00575,growth-operations,docs/PRD-运营增长模块.md,鍔熻兘瑙勬牸,| 杩愯惀绔厤棰濋厤缃?| 涓烘瘡涓唬鐞嗚缃湀鍏戞崲鐮侀厤棰濓紙鏁伴噺 + 闈㈠€硷級锛屾敮鎸佹寜绛夌骇榛樿閰嶉 |,logic,P1,需求规定：杩愯惀绔厤棰濋厤缃?| 涓烘瘡涓唬鐞嗚缃湀鍏戞崲鐮侀厤棰濓紙鏁伴噺 + 闈㈠€硷級锛屾敮鎸佹寜绛夌骇榛樿閰嶉,源码路径+测试用例/运行验证（本阶段仅登记证据要求）,未判定实现状态；不得复用旧审计结论
REQ-ADMINPORTAL-00576,growth-operations,docs/PRD-运营增长模块.md,鍔熻兘瑙勬牸,| 浠ｇ悊鐢宠娴佺▼ | 浠ｇ悊绔敵璇峰厬鎹㈢爜閰嶉 鈫?杩愯惀瀹℃牳 鈫?瀹℃牳閫氳繃鍚庡厬鎹㈢爜鍒拌处 |,logic,P1,需求规定：浠ｇ悊鐢宠娴佺▼ | 浠ｇ悊绔敵璇峰厬鎹㈢爜閰嶉 鈫?杩愯惀瀹℃牳 鈫?瀹℃牳閫氳繃鍚庡厬鎹㈢爜鍒拌处,源码路径+测试用例/运行验证（本阶段仅登记证据要求）,未判定实现状态；不得复用旧审计结论
REQ-ADMINPORTAL-00577,growth-operations,docs/PRD-运营增长模块.md,鍔熻兘瑙勬牸,| 鍏戞崲鐮佺粦瀹氫唬鐞?| 鐢熸垚鍏戞崲鐮佹椂缁戝畾 `agent_id`锛岀敤鎴峰厬鎹㈠悗鑷姩寤虹珛浠ｇ悊-鐢ㄦ埛鍏宠仈 |,logic,P1,需求规定：鍏戞崲鐮佺粦瀹氫唬鐞?| 鐢熸垚鍏戞崲鐮佹椂缁戝畾 `agent_id`锛岀敤鎴峰厬鎹㈠悗鑷姩寤虹珛浠ｇ悊-鐢ㄦ埛鍏宠仈,源码路径+测试用例/运行验证（本阶段仅登记证据要求）,未判定实现状态；不得复用旧审计结论
REQ-ADMINPORTAL-00578,growth-operations,docs/PRD-运营增长模块.md,鍔熻兘瑙勬牸,| 浠ｇ悊绔粺璁?| 鍏戞崲鐮佷娇鐢ㄧ粺璁★細宸插彂鏀?/ 宸蹭娇鐢?/ 鍓╀綑棰濆害 / 鍏宠仈鐢ㄦ埛鍒楄〃 |,logic,P1,需求规定：浠ｇ悊绔粺璁?| 鍏戞崲鐮佷娇鐢ㄧ粺璁★細宸插彂鏀?/ 宸蹭娇鐢?/ 鍓╀綑棰濆害 / 鍏宠仈鐢ㄦ埛鍒楄〃,源码路径+测试用例/运行验证（本阶段仅登记证据要求）,未判定实现状态；不得复用旧审计结论
REQ-ADMINPORTAL-00579,growth-operations,docs/PRD-运营增长模块.md,鍔熻兘瑙勬牸,| 鍏呭€兼椿鍔ㄨ嚜鍔ㄥ叧鑱?| 鍏呭€兼椿鍔ㄧ敓鎴愮殑鍏戞崲鐮佸悓鏍锋敮鎸佷唬鐞嗙粦瀹?|,logic,P1,需求规定：鍏呭€兼椿鍔ㄨ嚜鍔ㄥ叧鑱?| 鍏呭€兼椿鍔ㄧ敓鎴愮殑鍏戞崲鐮佸悓鏍锋敮鎸佷唬鐞嗙粦瀹?,源码路径+测试用例/运行验证（本阶段仅登记证据要求）,未判定实现状态；不得复用旧审计结论
REQ-ADMINPORTAL-00580,growth-operations,docs/PRD-运营增长模块.md,API 鎺ュ彛,| 鏂规硶 | 璺緞 | 璇存槑 | 鏉冮檺 |,logic,P1,需求规定：鏂规硶 | 璺緞 | 璇存槑 | 鏉冮檺,源码路径+测试用例/运行验证（本阶段仅登记证据要求）,未判定实现状态；不得复用旧审计结论
REQ-ADMINPORTAL-00581,growth-operations,docs/PRD-运营增长模块.md,API 鎺ュ彛,| `POST` | `/api/v1/admin/agents/:id/redemption-quota` | 璁剧疆浠ｇ悊鍏戞崲鐮侀厤棰?| agent_mgr 浠ヤ笂 |,api,P1,需求规定：`POST` | `/api/v1/admin/agents/:id/redemption-quota` | 璁剧疆浠ｇ悊鍏戞崲鐮侀厤棰?| agent_mgr 浠ヤ笂,源码路径+测试用例/运行验证（本阶段仅登记证据要求）,未判定实现状态；不得复用旧审计结论
REQ-ADMINPORTAL-00582,growth-operations,docs/PRD-运营增长模块.md,API 鎺ュ彛,| `GET` | `/api/v1/admin/agents/:id/redemption-quota` | 鏌ョ湅浠ｇ悊閰嶉 | agent_mgr 浠ヤ笂 |,api,P1,需求规定：`GET` | `/api/v1/admin/agents/:id/redemption-quota` | 鏌ョ湅浠ｇ悊閰嶉 | agent_mgr 浠ヤ笂,源码路径+测试用例/运行验证（本阶段仅登记证据要求）,未判定实现状态；不得复用旧审计结论
REQ-ADMINPORTAL-00583,growth-operations,docs/PRD-运营增长模块.md,API 鎺ュ彛,| `POST` | `/api/v1/agent/redemption-codes/request` | 浠ｇ悊鐢宠鍏戞崲鐮?| agent 浠ヤ笂 |,api,P1,需求规定：`POST` | `/api/v1/agent/redemption-codes/request` | 浠ｇ悊鐢宠鍏戞崲鐮?| agent 浠ヤ笂,源码路径+测试用例/运行验证（本阶段仅登记证据要求）,未判定实现状态；不得复用旧审计结论
REQ-ADMINPORTAL-00584,growth-operations,docs/PRD-运营增长模块.md,API 鎺ュ彛,| `GET` | `/api/v1/agent/redemption-codes` | 浠ｇ悊鏌ョ湅鍏戞崲鐮佸垪琛?| agent 浠ヤ笂 |,api,P1,需求规定：`GET` | `/api/v1/agent/redemption-codes` | 浠ｇ悊鏌ョ湅鍏戞崲鐮佸垪琛?| agent 浠ヤ笂,源码路径+测试用例/运行验证（本阶段仅登记证据要求）,未判定实现状态；不得复用旧审计结论
REQ-ADMINPORTAL-00585,growth-operations,docs/PRD-运营增长模块.md,API 鎺ュ彛,| `GET` | `/api/v1/agent/redemption-stats` | 浠ｇ悊鍏戞崲缁熻 | agent 浠ヤ笂 |,api,P1,需求规定：`GET` | `/api/v1/agent/redemption-stats` | 浠ｇ悊鍏戞崲缁熻 | agent 浠ヤ笂,源码路径+测试用例/运行验证（本阶段仅登记证据要求）,未判定实现状态；不得复用旧审计结论
REQ-ADMINPORTAL-00586,growth-operations,docs/PRD-运营增长模块.md,鍓嶇鍙樻洿,| 椤甸潰 | 鍙樻洿 |,logic,P1,需求规定：椤甸潰 | 鍙樻洿,源码路径+测试用例/运行验证（本阶段仅登记证据要求）,未判定实现状态；不得复用旧审计结论
REQ-ADMINPORTAL-00587,growth-operations,docs/PRD-运营增长模块.md,鍓嶇鍙樻洿,"| 绠＄悊鍚庡彴 鈫?浠ｇ悊鍟嗚鎯?| 鏂板""鍏戞崲鐮侀厤棰?鏍囩椤碉紝閰嶇疆鏈堥厤棰濆拰闈㈠€?|",logic,P1,"需求规定：绠＄悊鍚庡彴 鈫?浠ｇ悊鍟嗚鎯?| 鏂板""鍏戞崲鐮侀厤棰?鏍囩椤碉紝閰嶇疆鏈堥厤棰濆拰闈㈠€?",源码路径+测试用例/运行验证（本阶段仅登记证据要求）,未判定实现状态；不得复用旧审计结论
REQ-ADMINPORTAL-00588,growth-operations,docs/PRD-运营增长模块.md,鍓嶇鍙樻洿,"| 浠ｇ悊绔?鈫?鎺у埗鍙?| 鏂板""鎺ㄥ箍鍏戞崲鐮?鍏ュ彛锛屾煡鐪嬮厤棰濆拰宸插彂鏀惧厬鎹㈢爜 |",logic,P1,"需求规定：浠ｇ悊绔?鈫?鎺у埗鍙?| 鏂板""鎺ㄥ箍鍏戞崲鐮?鍏ュ彛锛屾煡鐪嬮厤棰濆拰宸插彂鏀惧厬鎹㈢爜",源码路径+测试用例/运行验证（本阶段仅登记证据要求）,未判定实现状态；不得复用旧审计结论
REQ-ADMINPORTAL-00589,growth-operations,docs/PRD-运营增长模块.md,鍓嶇鍙樻洿,| 浠ｇ悊绔?鈫?缁熻 | 鏂板鍏戞崲鐮佷娇鐢ㄧ粺璁￠潰鏉?|,logic,P1,需求规定：浠ｇ悊绔?鈫?缁熻 | 鏂板鍏戞崲鐮佷娇鐢ㄧ粺璁￠潰鏉?,源码路径+测试用例/运行验证（本阶段仅登记证据要求）,未判定实现状态；不得复用旧审计结论
REQ-ADMINPORTAL-00590,growth-operations,docs/PRD-运营增长模块.md,鍓嶇鍙樻洿,| 杩愯惀 鈫?娲诲姩绠＄悊 | 鍒涘缓娲诲姩鏃跺彲閫?鍒嗛厤缁欎唬鐞?妯″紡 |,logic,P1,需求规定：杩愯惀 鈫?娲诲姩绠＄悊 | 鍒涘缓娲诲姩鏃跺彲閫?鍒嗛厤缁欎唬鐞?妯″紡,源码路径+测试用例/运行验证（本阶段仅登记证据要求）,未判定实现状态；不得复用旧审计结论
REQ-ADMINPORTAL-00591,growth-operations,docs/PRD-运营增长模块.md,鍔熻兘瑙勬牸,| 妯″潡 | 璇存槑 |,logic,P1,需求规定：妯″潡 | 璇存槑,源码路径+测试用例/运行验证（本阶段仅登记证据要求）,未判定实现状态；不得复用旧审计结论
REQ-ADMINPORTAL-00592,growth-operations,docs/PRD-运营增长模块.md,鍔熻兘瑙勬牸,"| 鑷姩璧犻€佽鍒?| 杩愯惀绔垱寤烘椿鍔ㄦ椂鍙€夋嫨""鑷姩璧犻€?妯″紡锛岄厤缃厖鍊奸噾棰濋棬妲涘拰璧犻€侀噾棰?|",logic,P1,"需求规定：鑷姩璧犻€佽鍒?| 杩愯惀绔垱寤烘椿鍔ㄦ椂鍙€夋嫨""鑷姩璧犻€?妯″紡锛岄厤缃厖鍊奸噾棰濋棬妲涘拰璧犻€侀噾棰?",源码路径+测试用例/运行验证（本阶段仅登记证据要求）,未判定实现状态；不得复用旧审计结论
REQ-ADMINPORTAL-00593,growth-operations,docs/PRD-运营增长模块.md,鍔熻兘瑙勬牸,| 瑙﹀彂鏃舵満 | 鐢ㄦ埛鍏呭€兼垚鍔?鈫?绯荤粺鑷姩鍒ゆ柇鏄惁绗﹀悎娲诲姩鏉′欢 鈫?鑷姩鍙戞斁鍏戞崲鐮佸埌鐢ㄦ埛璐︽埛 |,logic,P1,需求规定：瑙﹀彂鏃舵満 | 鐢ㄦ埛鍏呭€兼垚鍔?鈫?绯荤粺鑷姩鍒ゆ柇鏄惁绗﹀悎娲诲姩鏉′欢 鈫?鑷姩鍙戞斁鍏戞崲鐮佸埌鐢ㄦ埛璐︽埛,源码路径+测试用例/运行验证（本阶段仅登记证据要求）,未判定实现状态；不得复用旧审计结论
REQ-ADMINPORTAL-00594,growth-operations,docs/PRD-运营增长模块.md,鍔熻兘瑙勬牸,| 鐢ㄦ埛绔睍绀?| 鐢ㄦ埛鎺у埗鍙版柊澧?鎴戠殑浼樻儬鍒?椤甸潰锛屽睍绀哄凡鍒拌处鐨勫厬鎹㈢爜鍙婁娇鐢ㄧ姸鎬?|,logic,P1,需求规定：鐢ㄦ埛绔睍绀?| 鐢ㄦ埛鎺у埗鍙版柊澧?鎴戠殑浼樻儬鍒?椤甸潰锛屽睍绀哄凡鍒拌处鐨勫厬鎹㈢爜鍙婁娇鐢ㄧ姸鎬?,源码路径+测试用例/运行验证（本阶段仅登记证据要求）,未判定实现状态；不得复用旧审计结论
REQ-ADMINPORTAL-00595,growth-operations,docs/PRD-运营增长模块.md,鍔熻兘瑙勬牸,| 浣欓涓嶈冻鎻愮ず | 浣欓涓嶈冻鏃朵紭鍏堝睍绀哄彲鐢ㄤ紭鎯犲埜锛屽紩瀵肩敤鎴蜂娇鐢?|,logic,P1,需求规定：浣欓涓嶈冻鎻愮ず | 浣欓涓嶈冻鏃朵紭鍏堝睍绀哄彲鐢ㄤ紭鎯犲埜锛屽紩瀵肩敤鎴蜂娇鐢?,源码路径+测试用例/运行验证（本阶段仅登记证据要求）,未判定实现状态；不得复用旧审计结论
REQ-ADMINPORTAL-00596,growth-operations,docs/PRD-运营增长模块.md,鍔熻兘瑙勬牸,| 澶氭椿鍔ㄥ彔鍔?| 鏀寔鍚屾椂鍙備笌澶氫釜娲诲姩锛屾寜鏈€浼樿鍒欒嚜鍔ㄩ€夋嫨 |,logic,P1,需求规定：澶氭椿鍔ㄥ彔鍔?| 鏀寔鍚屾椂鍙備笌澶氫釜娲诲姩锛屾寜鏈€浼樿鍒欒嚜鍔ㄩ€夋嫨,源码路径+测试用例/运行验证（本阶段仅登记证据要求）,未判定实现状态；不得复用旧审计结论
REQ-ADMINPORTAL-00597,growth-operations,docs/PRD-运营增长模块.md,API 鎺ュ彛,| 鏂规硶 | 璺緞 | 璇存槑 | 鏉冮檺 |,logic,P1,需求规定：鏂规硶 | 璺緞 | 璇存槑 | 鏉冮檺,源码路径+测试用例/运行验证（本阶段仅登记证据要求）,未判定实现状态；不得复用旧审计结论
REQ-ADMINPORTAL-00598,growth-operations,docs/PRD-运营增长模块.md,API 鎺ュ彛,| `POST` | `/api/v1/admin/campaigns/:id/auto-grant` | 閰嶇疆鑷姩璧犻€佽鍒?| operator 浠ヤ笂 |,permission,P1,需求规定：`POST` | `/api/v1/admin/campaigns/:id/auto-grant` | 閰嶇疆鑷姩璧犻€佽鍒?| operator 浠ヤ笂,源码路径+测试用例/运行验证（本阶段仅登记证据要求）,未判定实现状态；不得复用旧审计结论
REQ-ADMINPORTAL-00599,growth-operations,docs/PRD-运营增长模块.md,API 鎺ュ彛,| `GET` | `/api/v1/me/coupons` | 鎴戠殑浼樻儬鍒稿垪琛?| 鐢ㄦ埛 |,api,P1,需求规定：`GET` | `/api/v1/me/coupons` | 鎴戠殑浼樻儬鍒稿垪琛?| 鐢ㄦ埛,源码路径+测试用例/运行验证（本阶段仅登记证据要求）,未判定实现状态；不得复用旧审计结论
REQ-ADMINPORTAL-00600,growth-operations,docs/PRD-运营增长模块.md,API 鎺ュ彛,| `POST` | `/api/v1/me/coupons/:id/redeem` | 浣跨敤浼樻儬鍒?| 鐢ㄦ埛 |,api,P1,需求规定：`POST` | `/api/v1/me/coupons/:id/redeem` | 浣跨敤浼樻儬鍒?| 鐢ㄦ埛,源码路径+测试用例/运行验证（本阶段仅登记证据要求）,未判定实现状态；不得复用旧审计结论
REQ-ADMINPORTAL-00601,growth-operations,docs/PRD-运营增长模块.md,API 鎺ュ彛,| `GET` | `/api/v1/me/coupons/available` | 鍙敤浼樻儬鍒革紙浣欓涓嶈冻鏃惰皟鐢級 | 鐢ㄦ埛 |,api,P1,需求规定：`GET` | `/api/v1/me/coupons/available` | 鍙敤浼樻儬鍒革紙浣欓涓嶈冻鏃惰皟鐢級 | 鐢ㄦ埛,源码路径+测试用例/运行验证（本阶段仅登记证据要求）,未判定实现状态；不得复用旧审计结论
REQ-ADMINPORTAL-00602,growth-operations,docs/PRD-运营增长模块.md,鍓嶇鍙樻洿,| 椤甸潰 | 鍙樻洿 |,logic,P1,需求规定：椤甸潰 | 鍙樻洿,源码路径+测试用例/运行验证（本阶段仅登记证据要求）,未判定实现状态；不得复用旧审计结论
REQ-ADMINPORTAL-00603,growth-operations,docs/PRD-运营增长模块.md,鍓嶇鍙樻洿,"| 鐢ㄦ埛鎺у埗鍙?鈫?鏂板""浼樻儬鍒?鍏ュ彛 | 浼樻儬鍒稿垪琛ㄩ〉锛屽睍绀哄彲鐢?宸茬敤/宸茶繃鏈?|",logic,P1,"需求规定：鐢ㄦ埛鎺у埗鍙?鈫?鏂板""浼樻儬鍒?鍏ュ彛 | 浼樻儬鍒稿垪琛ㄩ〉锛屽睍绀哄彲鐢?宸茬敤/宸茶繃鏈?",源码路径+测试用例/运行验证（本阶段仅登记证据要求）,未判定实现状态；不得复用旧审计结论
REQ-ADMINPORTAL-00604,growth-operations,docs/PRD-运营增长模块.md,鍓嶇鍙樻洿,"| 鍏呭€兼垚鍔熼〉 | 灞曠ず鍒拌处鐨勪紭鎯犲埜锛?鎭枩鑾峰緱 楼10 浼樻儬鍒革紒"" |",logic,P1,"需求规定：鍏呭€兼垚鍔熼〉 | 灞曠ず鍒拌处鐨勪紭鎯犲埜锛?鎭枩鑾峰緱 楼10 浼樻儬鍒革紒""",源码路径+测试用例/运行验证（本阶段仅登记证据要求）,未判定实现状态；不得复用旧审计结论
REQ-ADMINPORTAL-00605,growth-operations,docs/PRD-运营增长模块.md,鍓嶇鍙樻洿,"| 浣欓涓嶈冻鎻愮ず | 灞曠ず鍙敤浼樻儬鍒革細""鎮ㄦ湁 楼10 浼樻儬鍒稿彲鐢紝绔嬪嵆浣跨敤"" |",logic,P1,"需求规定：浣欓涓嶈冻鎻愮ず | 灞曠ず鍙敤浼樻儬鍒革細""鎮ㄦ湁 楼10 浼樻儬鍒稿彲鐢紝绔嬪嵆浣跨敤""",源码路径+测试用例/运行验证（本阶段仅登记证据要求）,未判定实现状态；不得复用旧审计结论
REQ-ADMINPORTAL-00606,growth-operations,docs/PRD-运营增长模块.md,鍓嶇鍙樻洿,"| 杩愯惀 鈫?娲诲姩绠＄悊 鈫?鍒涘缓娲诲姩 | 鏂板""鑷姩璧犻€?寮€鍏冲拰閰嶇疆椤?|",logic,P1,"需求规定：杩愯惀 鈫?娲诲姩绠＄悊 鈫?鍒涘缓娲诲姩 | 鏂板""鑷姩璧犻€?寮€鍏冲拰閰嶇疆椤?",源码路径+测试用例/运行验证（本阶段仅登记证据要求）,未判定实现状态；不得复用旧审计结论
REQ-ADMINPORTAL-00607,growth-operations,docs/PRD-运营增长模块.md,鍔熻兘瑙勬牸,| 妯″潡 | 璇存槑 |,logic,P1,需求规定：妯″潡 | 璇存槑,源码路径+测试用例/运行验证（本阶段仅登记证据要求）,未判定实现状态；不得复用旧审计结论
REQ-ADMINPORTAL-00608,growth-operations,docs/PRD-运营增长模块.md,鍔熻兘瑙勬牸,| 鍒嗙兢瑙勫垯寮曟搸 | 杩愯惀绔垱寤虹敤鎴峰垎缇わ紝鏀寔鎸夋敞鍐屾椂闂?娑堣垂閲戦/鏈€鍚庣櫥褰曟椂闂?鏈€鍚庤皟鐢ㄦ椂闂?鐢ㄦ埛绛夌骇/浠ｇ悊褰掑睘绛夌淮搴︾粍鍚堢瓫閫?|,logic,P1,需求规定：鍒嗙兢瑙勫垯寮曟搸 | 杩愯惀绔垱寤虹敤鎴峰垎缇わ紝鏀寔鎸夋敞鍐屾椂闂?娑堣垂閲戦/鏈€鍚庣櫥褰曟椂闂?鏈€鍚庤皟鐢ㄦ椂闂?鐢ㄦ埛绛夌骇/浠ｇ悊褰掑睘绛夌淮搴︾粍鍚堢瓫閫?,源码路径+测试用例/运行验证（本阶段仅登记证据要求）,未判定实现状态；不得复用旧审计结论
REQ-ADMINPORTAL-00609,growth-operations,docs/PRD-运营增长模块.md,鍔熻兘瑙勬牸,| 鎺ㄩ€佷换鍔?| 鍩轰簬鍒嗙兢鍒涘缓鎺ㄩ€佷换鍔★紝閫夋嫨鎺ㄩ€佹笭閬擄紙绔欏唴閫氱煡+閭欢锛夊拰鍐呭妯℃澘 |,logic,P1,需求规定：鎺ㄩ€佷换鍔?| 鍩轰簬鍒嗙兢鍒涘缓鎺ㄩ€佷换鍔★紝閫夋嫨鎺ㄩ€佹笭閬擄紙绔欏唴閫氱煡+閭欢锛夊拰鍐呭妯℃澘,源码路径+测试用例/运行验证（本阶段仅登记证据要求）,未判定实现状态；不得复用旧审计结论
REQ-ADMINPORTAL-00610,growth-operations,docs/PRD-运营增长模块.md,鍔熻兘瑙勬牸,"| 鍐呭妯℃澘鍙橀噺 | 鏀寔妯℃澘鍙橀噺锛歚{user_name}`, `{balance}`, `{last_model}` 绛?|",logic,P1,"需求规定：鍐呭妯℃澘鍙橀噺 | 鏀寔妯℃澘鍙橀噺锛歚{user_name}`, `{balance}`, `{last_model}` 绛?",源码路径+测试用例/运行验证（本阶段仅登记证据要求）,未判定实现状态；不得复用旧审计结论
REQ-ADMINPORTAL-00611,growth-operations,docs/PRD-运营增长模块.md,鍔熻兘瑙勬牸,| 鎺ㄩ€佹晥鏋滅粺璁?| 鍙戦€侀噺 / 鎵撳紑鐜?/ 杞寲鐜?/ 鐐瑰嚮鐜?|,logic,P1,需求规定：鎺ㄩ€佹晥鏋滅粺璁?| 鍙戦€侀噺 / 鎵撳紑鐜?/ 杞寲鐜?/ 鐐瑰嚮鐜?,源码路径+测试用例/运行验证（本阶段仅登记证据要求）,未判定实现状态；不得复用旧审计结论
REQ-ADMINPORTAL-00612,growth-operations,docs/PRD-运营增长模块.md,鍔熻兘瑙勬牸,| 瀹氭椂鎺ㄩ€?| 鏀寔瀹氭椂鎵ц锛堢珛鍗?鎸囧畾鏃堕棿/鍛ㄦ湡鎬э級 |,logic,P1,需求规定：瀹氭椂鎺ㄩ€?| 鏀寔瀹氭椂鎵ц锛堢珛鍗?鎸囧畾鏃堕棿/鍛ㄦ湡鎬э級,源码路径+测试用例/运行验证（本阶段仅登记证据要求）,未判定实现状态；不得复用旧审计结论
REQ-ADMINPORTAL-00613,growth-operations,docs/PRD-运营增长模块.md,API 鎺ュ彛,| 鏂规硶 | 璺緞 | 璇存槑 | 鏉冮檺 |,logic,P1,需求规定：鏂规硶 | 璺緞 | 璇存槑 | 鏉冮檺,源码路径+测试用例/运行验证（本阶段仅登记证据要求）,未判定实现状态；不得复用旧审计结论
REQ-ADMINPORTAL-00614,growth-operations,docs/PRD-运营增长模块.md,API 鎺ュ彛,| `POST` | `/api/v1/admin/user-segments` | 鍒涘缓鐢ㄦ埛鍒嗙兢 | operator 浠ヤ笂 |,permission,P1,需求规定：`POST` | `/api/v1/admin/user-segments` | 鍒涘缓鐢ㄦ埛鍒嗙兢 | operator 浠ヤ笂,源码路径+测试用例/运行验证（本阶段仅登记证据要求）,未判定实现状态；不得复用旧审计结论
REQ-ADMINPORTAL-00615,growth-operations,docs/PRD-运营增长模块.md,API 鎺ュ彛,| `GET` | `/api/v1/admin/user-segments` | 鍒嗙兢鍒楄〃 | operator 浠ヤ笂 |,permission,P1,需求规定：`GET` | `/api/v1/admin/user-segments` | 鍒嗙兢鍒楄〃 | operator 浠ヤ笂,源码路径+测试用例/运行验证（本阶段仅登记证据要求）,未判定实现状态；不得复用旧审计结论
REQ-ADMINPORTAL-00616,growth-operations,docs/PRD-运营增长模块.md,API 鎺ュ彛,| `POST` | `/api/v1/admin/user-segments/:id/estimate` | 棰勪及鍒嗙兢浜烘暟 | operator 浠ヤ笂 |,permission,P1,需求规定：`POST` | `/api/v1/admin/user-segments/:id/estimate` | 棰勪及鍒嗙兢浜烘暟 | operator 浠ヤ笂,源码路径+测试用例/运行验证（本阶段仅登记证据要求）,未判定实现状态；不得复用旧审计结论
REQ-ADMINPORTAL-00617,growth-operations,docs/PRD-运营增长模块.md,API 鎺ュ彛,| `POST` | `/api/v1/admin/notifications/segment` | 鍒涘缓鍒嗙兢鎺ㄩ€佷换鍔?| operator 浠ヤ笂 |,permission,P1,需求规定：`POST` | `/api/v1/admin/notifications/segment` | 鍒涘缓鍒嗙兢鎺ㄩ€佷换鍔?| operator 浠ヤ笂,源码路径+测试用例/运行验证（本阶段仅登记证据要求）,未判定实现状态；不得复用旧审计结论
REQ-ADMINPORTAL-00618,growth-operations,docs/PRD-运营增长模块.md,API 鎺ュ彛,| `GET` | `/api/v1/admin/notifications/segment` | 鎺ㄩ€佷换鍔″垪琛?| operator 浠ヤ笂 |,permission,P1,需求规定：`GET` | `/api/v1/admin/notifications/segment` | 鎺ㄩ€佷换鍔″垪琛?| operator 浠ヤ笂,源码路径+测试用例/运行验证（本阶段仅登记证据要求）,未判定实现状态；不得复用旧审计结论
REQ-ADMINPORTAL-00619,growth-operations,docs/PRD-运营增长模块.md,API 鎺ュ彛,| `GET` | `/api/v1/admin/notifications/segment/:id/stats` | 鎺ㄩ€佹晥鏋滅粺璁?| operator 浠ヤ笂 |,permission,P1,需求规定：`GET` | `/api/v1/admin/notifications/segment/:id/stats` | 鎺ㄩ€佹晥鏋滅粺璁?| operator 浠ヤ笂,源码路径+测试用例/运行验证（本阶段仅登记证据要求）,未判定实现状态；不得复用旧审计结论
REQ-ADMINPORTAL-00620,growth-operations,docs/PRD-运营增长模块.md,鍓嶇鍙樻洿,| 椤甸潰 | 鍙樻洿 |,logic,P1,需求规定：椤甸潰 | 鍙樻洿,源码路径+测试用例/运行验证（本阶段仅登记证据要求）,未判定实现状态；不得复用旧审计结论
REQ-ADMINPORTAL-00621,growth-operations,docs/PRD-运营增长模块.md,鍓嶇鍙樻洿,"| 杩愯惀 鈫?鏂板""鐢ㄦ埛鍒嗙兢""鍏ュ彛 | 鍒嗙兢鍒楄〃椤碉紝鏀寔鍒涘缓/缂栬緫/棰勮鍒嗙兢 |",logic,P1,"需求规定：杩愯惀 鈫?鏂板""鐢ㄦ埛鍒嗙兢""鍏ュ彛 | 鍒嗙兢鍒楄〃椤碉紝鏀寔鍒涘缓/缂栬緫/棰勮鍒嗙兢",源码路径+测试用例/运行验证（本阶段仅登记证据要求）,未判定实现状态；不得复用旧审计结论
REQ-ADMINPORTAL-00622,growth-operations,docs/PRD-运营增长模块.md,鍓嶇鍙樻洿,| 杩愯惀 鈫?鍒嗙兢鍒涘缓 | 瑙勫垯閰嶇疆闈㈡澘锛屾敮鎸佸缁村害缁勫悎绛涢€?|,logic,P1,需求规定：杩愯惀 鈫?鍒嗙兢鍒涘缓 | 瑙勫垯閰嶇疆闈㈡澘锛屾敮鎸佸缁村害缁勫悎绛涢€?,源码路径+测试用例/运行验证（本阶段仅登记证据要求）,未判定实现状态；不得复用旧审计结论
REQ-ADMINPORTAL-00623,growth-operations,docs/PRD-运营增长模块.md,鍓嶇鍙樻洿,"| 杩愯惀 鈫?鏂板""鍒嗙兢鎺ㄩ€?鍏ュ彛 | 鎺ㄩ€佷换鍔″垱寤洪〉锛岄€夋嫨鍒嗙兢+妯℃澘+娓犻亾+鏃堕棿 |",logic,P1,"需求规定：杩愯惀 鈫?鏂板""鍒嗙兢鎺ㄩ€?鍏ュ彛 | 鎺ㄩ€佷换鍔″垱寤洪〉锛岄€夋嫨鍒嗙兢+妯℃澘+娓犻亾+鏃堕棿",源码路径+测试用例/运行验证（本阶段仅登记证据要求）,未判定实现状态；不得复用旧审计结论
REQ-ADMINPORTAL-00624,growth-operations,docs/PRD-运营增长模块.md,鍓嶇鍙樻洿,| 杩愯惀 鈫?鎺ㄩ€佹晥鏋?| 鎺ㄩ€佺粺璁￠潰鏉匡紝灞曠ず鍙戦€侀噺/鎵撳紑鐜?杞寲鐜?|,logic,P1,需求规定：杩愯惀 鈫?鎺ㄩ€佹晥鏋?| 鎺ㄩ€佺粺璁￠潰鏉匡紝灞曠ず鍙戦€侀噺/鎵撳紑鐜?杞寲鐜?,源码路径+测试用例/运行验证（本阶段仅登记证据要求）,未判定实现状态；不得复用旧审计结论
REQ-ADMINPORTAL-00625,growth-operations,docs/PRD-运营增长模块.md,鍔熻兘瑙勬牸,| 妯″潡 | 璇存槑 |,logic,P1,需求规定：妯″潡 | 璇存槑,源码路径+测试用例/运行验证（本阶段仅登记证据要求）,未判定实现状态；不得复用旧审计结论
REQ-ADMINPORTAL-00626,growth-operations,docs/PRD-运营增长模块.md,鍔熻兘瑙勬牸,| 鍙洖瑙勫垯閰嶇疆 | 杩愯惀绔厤缃彫鍥炶鍒欙紝鏀寔澶氱骇瑙﹀彂鏉′欢锛?澶╂棤璋冪敤/14澶╂棤璋冪敤/30澶╂棤鐧诲綍 |,logic,P1,需求规定：鍙洖瑙勫垯閰嶇疆 | 杩愯惀绔厤缃彫鍥炶鍒欙紝鏀寔澶氱骇瑙﹀彂鏉′欢锛?澶╂棤璋冪敤/14澶╂棤璋冪敤/30澶╂棤鐧诲綍,源码路径+测试用例/运行验证（本阶段仅登记证据要求）,未判定实现状态；不得复用旧审计结论
REQ-ADMINPORTAL-00627,growth-operations,docs/PRD-运营增长模块.md,鍔熻兘瑙勬牸,| 瑙﹀彂鏉′欢 | 鍩轰簬鏈€鍚庤皟鐢ㄦ椂闂村拰鏈€鍚庣櫥褰曟椂闂磋嚜鍔ㄦ娴?|,logic,P1,需求规定：瑙﹀彂鏉′欢 | 鍩轰簬鏈€鍚庤皟鐢ㄦ椂闂村拰鏈€鍚庣櫥褰曟椂闂磋嚜鍔ㄦ娴?,源码路径+测试用例/运行验证（本阶段仅登记证据要求）,未判定实现状态；不得复用旧审计结论
REQ-ADMINPORTAL-00628,growth-operations,docs/PRD-运营增长模块.md,鍔熻兘瑙勬牸,| 鍙戦€佸唴瀹?| 鍙厤缃偖浠舵ā鏉匡紝鏀寔鍙橀噺鏇挎崲 |,logic,P1,需求规定：鍙戦€佸唴瀹?| 鍙厤缃偖浠舵ā鏉匡紝鏀寔鍙橀噺鏇挎崲,源码路径+测试用例/运行验证（本阶段仅登记证据要求）,未判定实现状态；不得复用旧审计结论
REQ-ADMINPORTAL-00629,growth-operations,docs/PRD-运营增长模块.md,鍔熻兘瑙勬牸,| 鍙戦€佹笭閬?| 閭欢 + 绔欏唴閫氱煡 |,logic,P1,需求规定：鍙戦€佹笭閬?| 閭欢 + 绔欏唴閫氱煡,源码路径+测试用例/运行验证（本阶段仅登记证据要求）,未判定实现状态；不得复用旧审计结论
REQ-ADMINPORTAL-00630,growth-operations,docs/PRD-运营增长模块.md,鍔熻兘瑙勬牸,| 浼樻儬鍒歌禒閫?| 鏀寔閰嶇疆鍙洖鏃惰嚜鍔ㄥ彂鏀惧厬鎹㈢爜鍒扮敤鎴疯处鎴?|,logic,P1,需求规定：浼樻儬鍒歌禒閫?| 鏀寔閰嶇疆鍙洖鏃惰嚜鍔ㄥ彂鏀惧厬鎹㈢爜鍒扮敤鎴疯处鎴?,源码路径+测试用例/运行验证（本阶段仅登记证据要求）,未判定实现状态；不得复用旧审计结论
REQ-ADMINPORTAL-00631,growth-operations,docs/PRD-运营增长模块.md,鍔熻兘瑙勬牸,| 瑙勫垯绠＄悊 | 鍚敤/绂佺敤鍙洖瑙勫垯锛岃缃墽琛岄鐜?|,logic,P1,需求规定：瑙勫垯绠＄悊 | 鍚敤/绂佺敤鍙洖瑙勫垯锛岃缃墽琛岄鐜?,源码路径+测试用例/运行验证（本阶段仅登记证据要求）,未判定实现状态；不得复用旧审计结论
REQ-ADMINPORTAL-00632,growth-operations,docs/PRD-运营增长模块.md,鍔熻兘瑙勬牸,| 鏁堟灉缁熻 | 鍙戦€侀噺 / 鎵撳紑鐜?/ 鍙洖鐜?/ 鍙洖鍚?澶╃暀瀛樼巼 |,logic,P1,需求规定：鏁堟灉缁熻 | 鍙戦€侀噺 / 鎵撳紑鐜?/ 鍙洖鐜?/ 鍙洖鍚?澶╃暀瀛樼巼,源码路径+测试用例/运行验证（本阶段仅登记证据要求）,未判定实现状态；不得复用旧审计结论
REQ-ADMINPORTAL-00633,growth-operations,docs/PRD-运营增长模块.md,API 鎺ュ彛,| 鏂规硶 | 璺緞 | 璇存槑 | 鏉冮檺 |,logic,P1,需求规定：鏂规硶 | 璺緞 | 璇存槑 | 鏉冮檺,源码路径+测试用例/运行验证（本阶段仅登记证据要求）,未判定实现状态；不得复用旧审计结论
REQ-ADMINPORTAL-00634,growth-operations,docs/PRD-运营增长模块.md,API 鎺ュ彛,| `POST` | `/api/v1/admin/recall-rules` | 鍒涘缓鍙洖瑙勫垯 | operator 浠ヤ笂 |,permission,P1,需求规定：`POST` | `/api/v1/admin/recall-rules` | 鍒涘缓鍙洖瑙勫垯 | operator 浠ヤ笂,源码路径+测试用例/运行验证（本阶段仅登记证据要求）,未判定实现状态；不得复用旧审计结论
REQ-ADMINPORTAL-00635,growth-operations,docs/PRD-运营增长模块.md,API 鎺ュ彛,| `GET` | `/api/v1/admin/recall-rules` | 鍙洖瑙勫垯鍒楄〃 | operator 浠ヤ笂 |,permission,P1,需求规定：`GET` | `/api/v1/admin/recall-rules` | 鍙洖瑙勫垯鍒楄〃 | operator 浠ヤ笂,源码路径+测试用例/运行验证（本阶段仅登记证据要求）,未判定实现状态；不得复用旧审计结论
REQ-ADMINPORTAL-00636,growth-operations,docs/PRD-运营增长模块.md,API 鎺ュ彛,| `PATCH` | `/api/v1/admin/recall-rules/:id` | 鏇存柊鍙洖瑙勫垯 | operator 浠ヤ笂 |,permission,P1,需求规定：`PATCH` | `/api/v1/admin/recall-rules/:id` | 鏇存柊鍙洖瑙勫垯 | operator 浠ヤ笂,源码路径+测试用例/运行验证（本阶段仅登记证据要求）,未判定实现状态；不得复用旧审计结论
REQ-ADMINPORTAL-00637,growth-operations,docs/PRD-运营增长模块.md,API 鎺ュ彛,| `POST` | `/api/v1/admin/recall-rules/:id/toggle` | 鍚敤/绂佺敤瑙勫垯 | operator 浠ヤ笂 |,permission,P1,需求规定：`POST` | `/api/v1/admin/recall-rules/:id/toggle` | 鍚敤/绂佺敤瑙勫垯 | operator 浠ヤ笂,源码路径+测试用例/运行验证（本阶段仅登记证据要求）,未判定实现状态；不得复用旧审计结论
REQ-ADMINPORTAL-00638,growth-operations,docs/PRD-运营增长模块.md,API 鎺ュ彛,| `GET` | `/api/v1/admin/recall-stats` | 鍙洖鏁堟灉缁熻 | operator 浠ヤ笂 |,permission,P1,需求规定：`GET` | `/api/v1/admin/recall-stats` | 鍙洖鏁堟灉缁熻 | operator 浠ヤ笂,源码路径+测试用例/运行验证（本阶段仅登记证据要求）,未判定实现状态；不得复用旧审计结论
REQ-ADMINPORTAL-00639,growth-operations,docs/PRD-运营增长模块.md,鍓嶇鍙樻洿,| 椤甸潰 | 鍙樻洿 |,logic,P1,需求规定：椤甸潰 | 鍙樻洿,源码路径+测试用例/运行验证（本阶段仅登记证据要求）,未判定实现状态；不得复用旧审计结论
REQ-ADMINPORTAL-00640,growth-operations,docs/PRD-运营增长模块.md,鍓嶇鍙樻洿,"| 杩愯惀 鈫?鏂板""娴佸け鍙洖""鍏ュ彛 | 鍙洖瑙勫垯鍒楄〃椤碉紝灞曠ず瑙勫垯鐘舵€佸拰鏁堟灉姒傝 |",logic,P1,"需求规定：杩愯惀 鈫?鏂板""娴佸け鍙洖""鍏ュ彛 | 鍙洖瑙勫垯鍒楄〃椤碉紝灞曠ず瑙勫垯鐘舵€佸拰鏁堟灉姒傝",源码路径+测试用例/运行验证（本阶段仅登记证据要求）,未判定实现状态；不得复用旧审计结论
REQ-ADMINPORTAL-00641,growth-operations,docs/PRD-运营增长模块.md,鍓嶇鍙樻洿,| 杩愯惀 鈫?鍙洖瑙勫垯缂栬緫 | 瑙勫垯閰嶇疆琛ㄥ崟锛屾敮鎸佽Е鍙戞潯浠?鍙戦€佸唴瀹?浼樻儬鍒歌禒閫侀厤缃?|,logic,P1,需求规定：杩愯惀 鈫?鍙洖瑙勫垯缂栬緫 | 瑙勫垯閰嶇疆琛ㄥ崟锛屾敮鎸佽Е鍙戞潯浠?鍙戦€佸唴瀹?浼樻儬鍒歌禒閫侀厤缃?,源码路径+测试用例/运行验证（本阶段仅登记证据要求）,未判定实现状态；不得复用旧审计结论
REQ-ADMINPORTAL-00642,growth-operations,docs/PRD-运营增长模块.md,鍓嶇鍙樻洿,| 杩愯惀 鈫?鍙洖鏁堟灉 | 缁熻鐪嬫澘锛氬彂閫侀噺/鎵撳紑鐜?鍙洖鐜囪秼鍔垮浘锛屽彫鍥炴垚鏈垎鏋?|,logic,P1,需求规定：杩愯惀 鈫?鍙洖鏁堟灉 | 缁熻鐪嬫澘锛氬彂閫侀噺/鎵撳紑鐜?鍙洖鐜囪秼鍔垮浘锛屽彫鍥炴垚鏈垎鏋?,源码路径+测试用例/运行验证（本阶段仅登记证据要求）,未判定实现状态；不得复用旧审计结论
REQ-ADMINPORTAL-00643,growth-operations,docs/PRD-运营增长模块.md,8.5 杩愯惀澧為暱妯″潡鎬昏,| 妯″潡 | 浼樺厛绾?| 棰勪及宸ヤ綔閲?| 鏍稿績浠峰€?|,logic,P1,需求规定：妯″潡 | 浼樺厛绾?| 棰勪及宸ヤ綔閲?| 鏍稿績浠峰€?,源码路径+测试用例/运行验证（本阶段仅登记证据要求）,未判定实现状态；不得复用旧审计结论
REQ-ADMINPORTAL-00644,growth-operations,docs/PRD-运营增长模块.md,8.5 杩愯惀澧為暱妯″潡鎬昏,| 浠ｇ悊鍏戞崲鐮侀厤棰濅笌缁戝畾 | P0 | 鍚庣3d+鍓嶇2d | 浠ｇ悊鍟嗗彲閲忓寲鐨勬媺鏂板伐鍏?|,logic,P0,需求规定：浠ｇ悊鍏戞崲鐮侀厤棰濅笌缁戝畾 | P0 | 鍚庣3d+鍓嶇2d | 浠ｇ悊鍟嗗彲閲忓寲鐨勬媺鏂板伐鍏?,源码路径+测试用例/运行验证（本阶段仅登记证据要求）,未判定实现状态；不得复用旧审计结论
REQ-ADMINPORTAL-00645,growth-operations,docs/PRD-运营增长模块.md,8.5 杩愯惀澧為暱妯″潡鎬昏,| 鍏呭€兼椿鍔ㄨ嚜鍔ㄨ禒閫?| P0 | 鍚庣2d+鍓嶇2d | 鎻愬崌鍏呭€艰浆鍖栫巼30%+ |,logic,P0,需求规定：鍏呭€兼椿鍔ㄨ嚜鍔ㄨ禒閫?| P0 | 鍚庣2d+鍓嶇2d | 鎻愬崌鍏呭€艰浆鍖栫巼30%+,源码路径+测试用例/运行验证（本阶段仅登记证据要求）,未判定实现状态；不得复用旧审计结论
REQ-ADMINPORTAL-00646,growth-operations,docs/PRD-运营增长模块.md,8.5 杩愯惀澧為暱妯″潡鎬昏,| 鐢ㄦ埛鍒嗙兢鎺ㄩ€?| P0 | 鍚庣4d+鍓嶇3d | 绮惧噯瑙﹁揪锛岃繍钀ユ晥鐜囨彁鍗?|,logic,P0,需求规定：鐢ㄦ埛鍒嗙兢鎺ㄩ€?| P0 | 鍚庣4d+鍓嶇3d | 绮惧噯瑙﹁揪锛岃繍钀ユ晥鐜囨彁鍗?,源码路径+测试用例/运行验证（本阶段仅登记证据要求）,未判定实现状态；不得复用旧审计结论
REQ-ADMINPORTAL-00647,growth-operations,docs/PRD-运营增长模块.md,8.5 杩愯惀澧為暱妯″潡鎬昏,| 鑷姩鍖栨祦澶卞彫鍥?| P0 | 鍚庣3d+鍓嶇2d | 鍙洖鐜?5%+锛岄檷浣庢祦澶?|,logic,P0,需求规定：鑷姩鍖栨祦澶卞彫鍥?| P0 | 鍚庣3d+鍓嶇2d | 鍙洖鐜?5%+锛岄檷浣庢祦澶?,源码路径+测试用例/运行验证（本阶段仅登记证据要求）,未判定实现状态；不得复用旧审计结论
REQ-ADMINPORTAL-00648,growth-operations,docs/PRD-运营增长模块.md,8.5 杩愯惀澧為暱妯″潡鎬昏,**鍚堣**锛氬悗绔?2浜哄ぉ + 鍓嶇9浜哄ぉ = 绾?.5鍛?,logic,P1,需求规定：**鍚堣**锛氬悗绔?2浜哄ぉ + 鍓嶇9浜哄ぉ = 绾?.5鍛?,源码路径+测试用例/运行验证（本阶段仅登记证据要求）,未判定实现状态；不得复用旧审计结论
REQ-ADMINPORTAL-00649,growth-operations,docs/PRD-运营增长模块.md,鍔熻兘瑙勬牸,| 妯″潡 | 璇存槑 |,logic,P1,需求规定：妯″潡 | 璇存槑,源码路径+测试用例/运行验证（本阶段仅登记证据要求）,未判定实现状态；不得复用旧审计结论
REQ-ADMINPORTAL-00650,growth-operations,docs/PRD-运营增长模块.md,鍔熻兘瑙勬牸,| 鎺ㄨ崘鐮佺敓鎴?| 浠ｇ悊鍟嗚嚜鍔ㄧ敓鎴?浣嶆帹鑽愮爜锛屾敮鎸佺鐞嗗憳鎵嬪姩璁剧疆锛堝悗鍙帮級 |,logic,P1,需求规定：鎺ㄨ崘鐮佺敓鎴?| 浠ｇ悊鍟嗚嚜鍔ㄧ敓鎴?浣嶆帹鑽愮爜锛屾敮鎸佺鐞嗗憳鎵嬪姩璁剧疆锛堝悗鍙帮級,源码路径+测试用例/运行验证（本阶段仅登记证据要求）,未判定实现状态；不得复用旧审计结论
REQ-ADMINPORTAL-00651,growth-operations,docs/PRD-运营增长模块.md,鍔熻兘瑙勬牸,| 鎺ㄨ崘鐮佹寔涔呭寲 | 鎺ㄨ崘鐮佸啓鍏?`agents.referral_code` 瀛楁锛孯edis 缂撳瓨鍔犻€熸煡璇?|,logic,P1,需求规定：鎺ㄨ崘鐮佹寔涔呭寲 | 鎺ㄨ崘鐮佸啓鍏?`agents.referral_code` 瀛楁锛孯edis 缂撳瓨鍔犻€熸煡璇?,源码路径+测试用例/运行验证（本阶段仅登记证据要求）,未判定实现状态；不得复用旧审计结论
REQ-ADMINPORTAL-00652,growth-operations,docs/PRD-运营增长模块.md,鍔熻兘瑙勬牸,| 鎺ㄨ崘鐮佸敮涓€鎬?| 绯荤粺鑷姩鏍￠獙鍞竴鎬э紝鎺掗櫎鏄撴贩娣嗗瓧绗?O0Il |,logic,P1,需求规定：鎺ㄨ崘鐮佸敮涓€鎬?| 绯荤粺鑷姩鏍￠獙鍞竴鎬э紝鎺掗櫎鏄撴贩娣嗗瓧绗?O0Il,源码路径+测试用例/运行验证（本阶段仅登记证据要求）,未判定实现状态；不得复用旧审计结论
REQ-ADMINPORTAL-00653,growth-operations,docs/PRD-运营增长模块.md,鍔熻兘瑙勬牸,| 鎺ㄨ崘鐮佽В鏋?| 閫氳繃鎺ㄨ崘鐮佹煡璇㈠綊灞炰唬鐞嗗晢锛岀敤浜庢敞鍐屾祦绋嬬粦瀹氫唬鐞嗗叧绯?|,logic,P1,需求规定：鎺ㄨ崘鐮佽В鏋?| 閫氳繃鎺ㄨ崘鐮佹煡璇㈠綊灞炰唬鐞嗗晢锛岀敤浜庢敞鍐屾祦绋嬬粦瀹氫唬鐞嗗叧绯?,源码路径+测试用例/运行验证（本阶段仅登记证据要求）,未判定实现状态；不得复用旧审计结论
REQ-ADMINPORTAL-00654,growth-operations,docs/PRD-运营增长模块.md,鍔熻兘瑙勬牸,| 鎺ㄨ崘浣ｉ噾瑙勫垯閰嶇疆 | 鍦?`commission_rules` 涓柊澧?`ruleType='referral'`锛屾敮鎸佸浐瀹氶噾棰?姣斾緥 |,logic,P1,需求规定：鎺ㄨ崘浣ｉ噾瑙勫垯閰嶇疆 | 鍦?`commission_rules` 涓柊澧?`ruleType='referral'`锛屾敮鎸佸浐瀹氶噾棰?姣斾緥,源码路径+测试用例/运行验证（本阶段仅登记证据要求）,未判定实现状态；不得复用旧审计结论
REQ-ADMINPORTAL-00655,growth-operations,docs/PRD-运营增长模块.md,鍔熻兘瑙勬牸,| 鎺ㄨ崘娉ㄥ唽浣ｉ噾 | 鏂扮敤鎴锋敞鍐屾椂濉啓鎺ㄨ崘鐮侊紝鑷姩瑙﹀彂 `processReferralCommission` 缁撶畻 |,logic,P1,需求规定：鎺ㄨ崘娉ㄥ唽浣ｉ噾 | 鏂扮敤鎴锋敞鍐屾椂濉啓鎺ㄨ崘鐮侊紝鑷姩瑙﹀彂 `processReferralCommission` 缁撶畻,源码路径+测试用例/运行验证（本阶段仅登记证据要求）,未判定实现状态；不得复用旧审计结论
REQ-ADMINPORTAL-00656,growth-operations,docs/PRD-运营增长模块.md,鍔熻兘瑙勬牸,| 钀ラ攢閰嶇疆绠＄悊 | 鍚庡彴绠＄悊绔細鎺ㄨ崘鐮佸惎鐢?绂佺敤銆佹帹鑽愮爜鍒嗛厤銆佹帹鑽愪剑閲戦厤缃?|,logic,P1,需求规定：钀ラ攢閰嶇疆绠＄悊 | 鍚庡彴绠＄悊绔細鎺ㄨ崘鐮佸惎鐢?绂佺敤銆佹帹鑽愮爜鍒嗛厤銆佹帹鑽愪剑閲戦厤缃?,源码路径+测试用例/运行验证（本阶段仅登记证据要求）,未判定实现状态；不得复用旧审计结论
REQ-ADMINPORTAL-00657,growth-operations,docs/PRD-运营增长模块.md,鏁版嵁琛ㄥ彉鏇?,**agents 琛ㄦ柊澧炲瓧娈?*锛堝凡娣诲姞锛夛細,logic,P1,需求规定：**agents 琛ㄦ柊澧炲瓧娈?*锛堝凡娣诲姞锛夛細,源码路径+测试用例/运行验证（本阶段仅登记证据要求）,未判定实现状态；不得复用旧审计结论
REQ-ADMINPORTAL-00658,growth-operations,docs/PRD-运营增长模块.md,鏁版嵁琛ㄥ彉鏇?,**commission_rules 琛ㄦ柊澧?ruleType锛歚referral`**锛?,logic,P1,需求规定：**commission_rules 琛ㄦ柊澧?ruleType锛歚referral`**锛?,源码路径+测试用例/运行验证（本阶段仅登记证据要求）,未判定实现状态；不得复用旧审计结论
REQ-ADMINPORTAL-00659,growth-operations,docs/PRD-运营增长模块.md,鏁版嵁琛ㄥ彉鏇?,**system_configs 鏂板钀ラ攢閰嶇疆椤?*锛?,logic,P1,需求规定：**system_configs 鏂板钀ラ攢閰嶇疆椤?*锛?,源码路径+测试用例/运行验证（本阶段仅登记证据要求）,未判定实现状态；不得复用旧审计结论
REQ-ADMINPORTAL-00660,growth-operations,docs/PRD-运营增长模块.md,鏁版嵁琛ㄥ彉鏇?,| key | 鍊?| 璇存槑 |,logic,P1,需求规定：key | 鍊?| 璇存槑,源码路径+测试用例/运行验证（本阶段仅登记证据要求）,未判定实现状态；不得复用旧审计结论
REQ-ADMINPORTAL-00661,growth-operations,docs/PRD-运营增长模块.md,鏁版嵁琛ㄥ彉鏇?,| `referral_enabled` | `true` / `false` | 鎺ㄨ崘鐮佸姛鑳藉叏灞€寮€鍏?|,logic,P1,需求规定：`referral_enabled` | `true` / `false` | 鎺ㄨ崘鐮佸姛鑳藉叏灞€寮€鍏?,源码路径+测试用例/运行验证（本阶段仅登记证据要求）,未判定实现状态；不得复用旧审计结论
REQ-ADMINPORTAL-00662,growth-operations,docs/PRD-运营增长模块.md,鏁版嵁琛ㄥ彉鏇?,| `referral_commission_type` | `fixed` / `percentage` | 鎺ㄨ崘浣ｉ噾璁＄畻鏂瑰紡 |,logic,P1,需求规定：`referral_commission_type` | `fixed` / `percentage` | 鎺ㄨ崘浣ｉ噾璁＄畻鏂瑰紡,源码路径+测试用例/运行验证（本阶段仅登记证据要求）,未判定实现状态；不得复用旧审计结论
REQ-ADMINPORTAL-00663,growth-operations,docs/PRD-运营增长模块.md,鏁版嵁琛ㄥ彉鏇?,| `referral_fixed_amount` | `10.000000` | 鍥哄畾鎺ㄨ崘浣ｉ噾锛堝厓锛?|,logic,P1,需求规定：`referral_fixed_amount` | `10.000000` | 鍥哄畾鎺ㄨ崘浣ｉ噾锛堝厓锛?,源码路径+测试用例/运行验证（本阶段仅登记证据要求）,未判定实现状态；不得复用旧审计结论
REQ-ADMINPORTAL-00664,growth-operations,docs/PRD-运营增长模块.md,鏁版嵁琛ㄥ彉鏇?,| `referral_commission_rate` | `0.1000` | 姣斾緥浣ｉ噾锛堟柊鐢ㄦ埛棣栧厖閲戦鐨勭櫨鍒嗘瘮锛?|,logic,P1,需求规定：`referral_commission_rate` | `0.1000` | 姣斾緥浣ｉ噾锛堟柊鐢ㄦ埛棣栧厖閲戦鐨勭櫨鍒嗘瘮锛?,源码路径+测试用例/运行验证（本阶段仅登记证据要求）,未判定实现状态；不得复用旧审计结论
REQ-ADMINPORTAL-00665,growth-operations,docs/PRD-运营增长模块.md,鏁版嵁琛ㄥ彉鏇?,| `referral_coupon_enabled` | `true` / `false` | 鎺ㄨ崘浜烘槸鍚﹁幏寰椾紭鎯犲埜 |,logic,P1,需求规定：`referral_coupon_enabled` | `true` / `false` | 鎺ㄨ崘浜烘槸鍚﹁幏寰椾紭鎯犲埜,源码路径+测试用例/运行验证（本阶段仅登记证据要求）,未判定实现状态；不得复用旧审计结论
REQ-ADMINPORTAL-00666,growth-operations,docs/PRD-运营增长模块.md,鏁版嵁琛ㄥ彉鏇?,| `referral_coupon_amount` | `5.00` | 鎺ㄨ崘浜鸿幏寰楃殑浼樻儬鍒搁潰棰?|,logic,P1,需求规定：`referral_coupon_amount` | `5.00` | 鎺ㄨ崘浜鸿幏寰楃殑浼樻儬鍒搁潰棰?,源码路径+测试用例/运行验证（本阶段仅登记证据要求）,未判定实现状态；不得复用旧审计结论
REQ-ADMINPORTAL-00667,growth-operations,docs/PRD-运营增长模块.md,API 鎺ュ彛,| 鏂规硶 | 璺緞 | 璇存槑 | 鏉冮檺 |,logic,P1,需求规定：鏂规硶 | 璺緞 | 璇存槑 | 鏉冮檺,源码路径+测试用例/运行验证（本阶段仅登记证据要求）,未判定实现状态；不得复用旧审计结论
REQ-ADMINPORTAL-00668,growth-operations,docs/PRD-运营增长模块.md,API 鎺ュ彛,| `GET` | `/api/v1/agent/referral-code` | 鑾峰彇/鐢熸垚鎴戠殑鎺ㄨ崘鐮?| 浠ｇ悊鍟?|,api,P1,需求规定：`GET` | `/api/v1/agent/referral-code` | 鑾峰彇/鐢熸垚鎴戠殑鎺ㄨ崘鐮?| 浠ｇ悊鍟?,源码路径+测试用例/运行验证（本阶段仅登记证据要求）,未判定实现状态；不得复用旧审计结论
REQ-ADMINPORTAL-00669,growth-operations,docs/PRD-运营增长模块.md,API 鎺ュ彛,| `POST` | `/api/v1/agent/referral-code/regenerate` | 閲嶆柊鐢熸垚鎺ㄨ崘鐮?| 浠ｇ悊鍟?|,api,P1,需求规定：`POST` | `/api/v1/agent/referral-code/regenerate` | 閲嶆柊鐢熸垚鎺ㄨ崘鐮?| 浠ｇ悊鍟?,源码路径+测试用例/运行验证（本阶段仅登记证据要求）,未判定实现状态；不得复用旧审计结论
REQ-ADMINPORTAL-00670,growth-operations,docs/PRD-运营增长模块.md,API 鎺ュ彛,| `PUT` | `/api/v1/admin/agents/:id/referral-code` | 绠＄悊鍛樿缃帹鑽愮爜 | agent_mgr 浠ヤ笂 |,api,P1,需求规定：`PUT` | `/api/v1/admin/agents/:id/referral-code` | 绠＄悊鍛樿缃帹鑽愮爜 | agent_mgr 浠ヤ笂,源码路径+测试用例/运行验证（本阶段仅登记证据要求）,未判定实现状态；不得复用旧审计结论
REQ-ADMINPORTAL-00671,growth-operations,docs/PRD-运营增长模块.md,API 鎺ュ彛,| `GET` | `/api/v1/admin/referral-codes` | 鎵€鏈変唬鐞嗗晢鎺ㄨ崘鐮佸垪琛?| agent_mgr 浠ヤ笂 |,api,P1,需求规定：`GET` | `/api/v1/admin/referral-codes` | 鎵€鏈変唬鐞嗗晢鎺ㄨ崘鐮佸垪琛?| agent_mgr 浠ヤ笂,源码路径+测试用例/运行验证（本阶段仅登记证据要求）,未判定实现状态；不得复用旧审计结论
REQ-ADMINPORTAL-00672,growth-operations,docs/PRD-运营增长模块.md,API 鎺ュ彛,| `GET` | `/api/v1/admin/referral-config` | 鑾峰彇鎺ㄨ崘鐮佽惀閿€閰嶇疆 | operator 浠ヤ笂 |,permission,P1,需求规定：`GET` | `/api/v1/admin/referral-config` | 鑾峰彇鎺ㄨ崘鐮佽惀閿€閰嶇疆 | operator 浠ヤ笂,源码路径+测试用例/运行验证（本阶段仅登记证据要求）,未判定实现状态；不得复用旧审计结论
REQ-ADMINPORTAL-00673,growth-operations,docs/PRD-运营增长模块.md,API 鎺ュ彛,| `PUT` | `/api/v1/admin/referral-config` | 鏇存柊鎺ㄨ崘鐮佽惀閿€閰嶇疆 | operator 浠ヤ笂 |,permission,P1,需求规定：`PUT` | `/api/v1/admin/referral-config` | 鏇存柊鎺ㄨ崘鐮佽惀閿€閰嶇疆 | operator 浠ヤ笂,源码路径+测试用例/运行验证（本阶段仅登记证据要求）,未判定实现状态；不得复用旧审计结论
REQ-ADMINPORTAL-00674,growth-operations,docs/PRD-运营增长模块.md,API 鎺ュ彛,| `POST` | `/api/v1/auth/register?ref=CODE` | 娉ㄥ唽鏃舵惡甯︽帹鑽愮爜 | 鍏紑 |,api,P1,需求规定：`POST` | `/api/v1/auth/register?ref=CODE` | 娉ㄥ唽鏃舵惡甯︽帹鑽愮爜 | 鍏紑,源码路径+测试用例/运行验证（本阶段仅登记证据要求）,未判定实现状态；不得复用旧审计结论
REQ-ADMINPORTAL-00675,growth-operations,docs/PRD-运营增长模块.md,鍓嶇鍙樻洿,| 椤甸潰 | 鍙樻洿 |,logic,P1,需求规定：椤甸潰 | 鍙樻洿,源码路径+测试用例/运行验证（本阶段仅登记证据要求）,未判定实现状态；不得复用旧审计结论
REQ-ADMINPORTAL-00676,growth-operations,docs/PRD-运营增长模块.md,鍓嶇鍙樻洿,"| 浠ｇ悊绔?鈫?鎺у埗鍙?| 鏂板""鎺ㄥ箍鐮?鍏ュ彛锛屽睍绀烘帹鑽愮爜鍜屾帹骞夸簩缁寸爜 |",logic,P1,"需求规定：浠ｇ悊绔?鈫?鎺у埗鍙?| 鏂板""鎺ㄥ箍鐮?鍏ュ彛锛屽睍绀烘帹鑽愮爜鍜屾帹骞夸簩缁寸爜",源码路径+测试用例/运行验证（本阶段仅登记证据要求）,未判定实现状态；不得复用旧审计结论
REQ-ADMINPORTAL-00677,growth-operations,docs/PRD-运营增长模块.md,鍓嶇鍙樻洿,| 浠ｇ悊绔?鈫?鎺ㄥ箍缁熻 | 鎺ㄨ崘娉ㄥ唽鐢ㄦ埛鏁?/ 鎺ㄨ崘浣ｉ噾鏀剁泭 / 瓒嬪娍鍥?|,logic,P1,需求规定：浠ｇ悊绔?鈫?鎺ㄥ箍缁熻 | 鎺ㄨ崘娉ㄥ唽鐢ㄦ埛鏁?/ 鎺ㄨ崘浣ｉ噾鏀剁泭 / 瓒嬪娍鍥?,源码路径+测试用例/运行验证（本阶段仅登记证据要求）,未判定实现状态；不得复用旧审计结论
REQ-ADMINPORTAL-00678,growth-operations,docs/PRD-运营增长模块.md,鍓嶇鍙樻洿,"| 绠＄悊鍚庡彴 鈫?钀ラ攢閰嶇疆 | 鏂板""鎺ㄨ崘鐮佽惀閿€""閰嶇疆椤碉紝寮€鍏?浣ｉ噾/浼樻儬鍒?|",logic,P1,"需求规定：绠＄悊鍚庡彴 鈫?钀ラ攢閰嶇疆 | 鏂板""鎺ㄨ崘鐮佽惀閿€""閰嶇疆椤碉紝寮€鍏?浣ｉ噾/浼樻儬鍒?",源码路径+测试用例/运行验证（本阶段仅登记证据要求）,未判定实现状态；不得复用旧审计结论
REQ-ADMINPORTAL-00679,growth-operations,docs/PRD-运营增长模块.md,鍓嶇鍙樻洿,| 绠＄悊鍚庡彴 鈫?浠ｇ悊鍟嗙鐞?| 浠ｇ悊鍟嗚鎯呴〉鏂板鎺ㄨ崘鐮佸瓧娈碉紙鍙紪杈戯級 |,logic,P1,需求规定：绠＄悊鍚庡彴 鈫?浠ｇ悊鍟嗙鐞?| 浠ｇ悊鍟嗚鎯呴〉鏂板鎺ㄨ崘鐮佸瓧娈碉紙鍙紪杈戯級,源码路径+测试用例/运行验证（本阶段仅登记证据要求）,未判定实现状态；不得复用旧审计结论
REQ-ADMINPORTAL-00680,growth-operations,docs/PRD-运营增长模块.md,鍓嶇鍙樻洿,"| 娉ㄥ唽椤甸潰 | 鏂板""鎺ㄨ崘鐮?杈撳叆妗嗭紙鍙€夛級 |",logic,P1,"需求规定：娉ㄥ唽椤甸潰 | 鏂板""鎺ㄨ崘鐮?杈撳叆妗嗭紙鍙€夛級",源码路径+测试用例/运行验证（本阶段仅登记证据要求）,未判定实现状态；不得复用旧审计结论
REQ-ADMINPORTAL-00681,growth-operations,docs/PRD-运营增长模块.md,涓庡叾浠栨ā鍧楃殑鍏崇郴,| 鍏宠仈妯″潡 | 璇存槑 |,logic,P1,需求规定：鍏宠仈妯″潡 | 璇存槑,源码路径+测试用例/运行验证（本阶段仅登记证据要求）,未判定实现状态；不得复用旧审计结论
REQ-ADMINPORTAL-00682,growth-operations,docs/PRD-运营增长模块.md,涓庡叾浠栨ā鍧楃殑鍏崇郴,| 搂8.1 浠ｇ悊鍏戞崲鐮侀厤棰?| 鎺ㄨ崘鐮佸拰鍏戞崲鐮佷簰琛ワ細鎺ㄨ崘鐮佺敤浜庢敞鍐屾媺鏂帮紝鍏戞崲鐮佺敤浜庡厖鍊间紭鎯?|,logic,P1,需求规定：搂8.1 浠ｇ悊鍏戞崲鐮侀厤棰?| 鎺ㄨ崘鐮佸拰鍏戞崲鐮佷簰琛ワ細鎺ㄨ崘鐮佺敤浜庢敞鍐屾媺鏂帮紝鍏戞崲鐮佺敤浜庡厖鍊间紭鎯?,源码路径+测试用例/运行验证（本阶段仅登记证据要求）,未判定实现状态；不得复用旧审计结论
REQ-ADMINPORTAL-00683,growth-operations,docs/PRD-运营增长模块.md,涓庡叾浠栨ā鍧楃殑鍏崇郴,| 搂8.2 鍏呭€兼椿鍔ㄨ嚜鍔ㄨ禒閫?| 鎺ㄨ崘娉ㄥ唽鎴愬姛鍚庯紝鏂扮敤鎴烽鍏呭彲瑙﹀彂鑷姩璧犻€?|,logic,P1,需求规定：搂8.2 鍏呭€兼椿鍔ㄨ嚜鍔ㄨ禒閫?| 鎺ㄨ崘娉ㄥ唽鎴愬姛鍚庯紝鏂扮敤鎴烽鍏呭彲瑙﹀彂鑷姩璧犻€?,源码路径+测试用例/运行验证（本阶段仅登记证据要求）,未判定实现状态；不得复用旧审计结论
REQ-ADMINPORTAL-00684,growth-operations,docs/PRD-运营增长模块.md,涓庡叾浠栨ā鍧楃殑鍏崇郴,| 搂9 璐㈠姟妯″潡 | 鎺ㄨ崘浣ｉ噾閫氳繃 `commission_logs` 璁″叆浠ｇ悊鍟嗗緟缁撶畻浣ｉ噾 |,logic,P1,需求规定：搂9 璐㈠姟妯″潡 | 鎺ㄨ崘浣ｉ噾閫氳繃 `commission_logs` 璁″叆浠ｇ悊鍟嗗緟缁撶畻浣ｉ噾,源码路径+测试用例/运行验证（本阶段仅登记证据要求）,未判定实现状态；不得复用旧审计结论
REQ-ADMINPORTAL-00685,growth-operations,docs/PRD-运营增长模块.md,涓庡叾浠栨ā鍧楃殑鍏崇郴,| 搂19 浠ｇ悊鍟嗘敮鎾?| 浠ｇ悊绔帶鍒跺彴灞曠ず鎺ㄥ箍缁熻鍜屾帹鑽愪剑閲戞敹鐩?|,logic,P1,需求规定：搂19 浠ｇ悊鍟嗘敮鎾?| 浠ｇ悊绔帶鍒跺彴灞曠ず鎺ㄥ箍缁熻鍜屾帹鑽愪剑閲戞敹鐩?,源码路径+测试用例/运行验证（本阶段仅登记证据要求）,未判定实现状态；不得复用旧审计结论
REQ-ADMINPORTAL-00686,growth-operations,docs/PRD-运营增长模块.md,8.7 杩愯惀澧為暱妯″潡鎬昏锛堟洿鏂帮級,| 妯″潡 | 浼樺厛绾?| 棰勪及宸ヤ綔閲?| 鏍稿績浠峰€?|,logic,P1,需求规定：妯″潡 | 浼樺厛绾?| 棰勪及宸ヤ綔閲?| 鏍稿績浠峰€?,源码路径+测试用例/运行验证（本阶段仅登记证据要求）,未判定实现状态；不得复用旧审计结论
REQ-ADMINPORTAL-00687,growth-operations,docs/PRD-运营增长模块.md,8.7 杩愯惀澧為暱妯″潡鎬昏锛堟洿鏂帮級,| 浠ｇ悊鍏戞崲鐮侀厤棰濅笌缁戝畾 | P0 | 鍚庣3d+鍓嶇2d | 浠ｇ悊鍟嗗彲閲忓寲鐨勬媺鏂板伐鍏?|,logic,P0,需求规定：浠ｇ悊鍏戞崲鐮侀厤棰濅笌缁戝畾 | P0 | 鍚庣3d+鍓嶇2d | 浠ｇ悊鍟嗗彲閲忓寲鐨勬媺鏂板伐鍏?,源码路径+测试用例/运行验证（本阶段仅登记证据要求）,未判定实现状态；不得复用旧审计结论
REQ-ADMINPORTAL-00688,growth-operations,docs/PRD-运营增长模块.md,8.7 杩愯惀澧為暱妯″潡鎬昏锛堟洿鏂帮級,| 鍏呭€兼椿鍔ㄨ嚜鍔ㄨ禒閫?| P0 | 鍚庣2d+鍓嶇2d | 鎻愬崌鍏呭€艰浆鍖栫巼30%+ |,logic,P0,需求规定：鍏呭€兼椿鍔ㄨ嚜鍔ㄨ禒閫?| P0 | 鍚庣2d+鍓嶇2d | 鎻愬崌鍏呭€艰浆鍖栫巼30%+,源码路径+测试用例/运行验证（本阶段仅登记证据要求）,未判定实现状态；不得复用旧审计结论
REQ-ADMINPORTAL-00689,growth-operations,docs/PRD-运营增长模块.md,8.7 杩愯惀澧為暱妯″潡鎬昏锛堟洿鏂帮級,| 鐢ㄦ埛鍒嗙兢鎺ㄩ€?| P0 | 鍚庣4d+鍓嶇3d | 绮惧噯瑙﹁揪锛岃繍钀ユ晥鐜囨彁鍗?|,logic,P0,需求规定：鐢ㄦ埛鍒嗙兢鎺ㄩ€?| P0 | 鍚庣4d+鍓嶇3d | 绮惧噯瑙﹁揪锛岃繍钀ユ晥鐜囨彁鍗?,源码路径+测试用例/运行验证（本阶段仅登记证据要求）,未判定实现状态；不得复用旧审计结论
REQ-ADMINPORTAL-00690,growth-operations,docs/PRD-运营增长模块.md,8.7 杩愯惀澧為暱妯″潡鎬昏锛堟洿鏂帮級,| 鑷姩鍖栨祦澶卞彫鍥?| P0 | 鍚庣3d+鍓嶇2d | 鍙洖鐜?5%+锛岄檷浣庢祦澶?|,logic,P0,需求规定：鑷姩鍖栨祦澶卞彫鍥?| P0 | 鍚庣3d+鍓嶇2d | 鍙洖鐜?5%+锛岄檷浣庢祦澶?,源码路径+测试用例/运行验证（本阶段仅登记证据要求）,未判定实现状态；不得复用旧审计结论
REQ-ADMINPORTAL-00691,growth-operations,docs/PRD-运营增长模块.md,8.7 杩愯惀澧為暱妯″潡鎬昏锛堟洿鏂帮級,| **鎺ㄨ崘鐮佽惀閿€绯荤粺** | **P0** | **鍚庣2d+鍓嶇2d** | **浠ｇ悊鍟嗘媺鏂板彲杩芥函锛屾帹鑽愪剑閲戞縺鍔?* |,logic,P0,需求规定：**鎺ㄨ崘鐮佽惀閿€绯荤粺** | **P0** | **鍚庣2d+鍓嶇2d** | **浠ｇ悊鍟嗘媺鏂板彲杩芥函锛屾帹鑽愪剑閲戞縺鍔?*,源码路径+测试用例/运行验证（本阶段仅登记证据要求）,未判定实现状态；不得复用旧审计结论
REQ-ADMINPORTAL-00692,growth-operations,docs/PRD-运营增长模块.md,8.7 杩愯惀澧為暱妯″潡鎬昏锛堟洿鏂帮級,**鍚堣**锛氬悗绔?4浜哄ぉ + 鍓嶇11浜哄ぉ = 绾?鍛?,logic,P1,需求规定：**鍚堣**锛氬悗绔?4浜哄ぉ + 鍓嶇11浜哄ぉ = 绾?鍛?,源码路径+测试用例/运行验证（本阶段仅登记证据要求）,未判定实现状态；不得复用旧审计结论
REQ-ADMINPORTAL-00693,integrations-sso,docs/PRD-第三方集成.md,16.1 绗笁鏂规湇鍔℃€昏,| 鏈嶅姟 | 鐢ㄩ€?| 鐘舵€?| 閰嶇疆鏂瑰紡 |,logic,P1,需求规定：鏈嶅姟 | 鐢ㄩ€?| 鐘舵€?| 閰嶇疆鏂瑰紡,源码路径+测试用例/运行验证（本阶段仅登记证据要求）,未判定实现状态；不得复用旧审计结论
REQ-ADMINPORTAL-00694,integrations-sso,docs/PRD-第三方集成.md,16.1 绗笁鏂规湇鍔℃€昏,| 妯″瀷渚涘簲鍟?| API 璋冪敤 | 宸插鎺?| 渚涘簲鍟嗙鐞嗗悗鍙伴厤缃?|,api,P1,需求规定：妯″瀷渚涘簲鍟?| API 璋冪敤 | 宸插鎺?| 渚涘簲鍟嗙鐞嗗悗鍙伴厤缃?,源码路径+测试用例/运行验证（本阶段仅登记证据要求）,未判定实现状态；不得复用旧审计结论
REQ-ADMINPORTAL-00695,integrations-sso,docs/PRD-第三方集成.md,16.1 绗笁鏂规湇鍔℃€昏,| 鏀粯缃戝叧 | 鍦ㄧ嚎鍏呭€?| 寰呭鎺?| 鐜鍙橀噺 + 鍥炶皟 URL |,field,P1,需求规定：鏀粯缃戝叧 | 鍦ㄧ嚎鍏呭€?| 寰呭鎺?| 鐜鍙橀噺 + 鍥炶皟 URL,源码路径+测试用例/运行验证（本阶段仅登记证据要求）,未判定实现状态；不得复用旧审计结论
REQ-ADMINPORTAL-00696,integrations-sso,docs/PRD-第三方集成.md,16.1 绗笁鏂规湇鍔℃€昏,| 鐭俊鏈嶅姟 | 楠岃瘉鐮?閫氱煡 | 寰呭鎺?| 鐜鍙橀噺 |,logic,P1,需求规定：鐭俊鏈嶅姟 | 楠岃瘉鐮?閫氱煡 | 寰呭鎺?| 鐜鍙橀噺,源码路径+测试用例/运行验证（本阶段仅登记证据要求）,未判定实现状态；不得复用旧审计结论
REQ-ADMINPORTAL-00697,integrations-sso,docs/PRD-第三方集成.md,16.1 绗笁鏂规湇鍔℃€昏,| 閭欢鏈嶅姟 | 閫氱煡/鎶ュ憡鎺ㄩ€?| 宸插鎺?| SMTP 閰嶇疆 |,logic,P1,需求规定：閭欢鏈嶅姟 | 閫氱煡/鎶ュ憡鎺ㄩ€?| 宸插鎺?| SMTP 閰嶇疆,源码路径+测试用例/运行验证（本阶段仅登记证据要求）,未判定实现状态；不得复用旧审计结论
REQ-ADMINPORTAL-00698,integrations-sso,docs/PRD-第三方集成.md,16.1 绗笁鏂规湇鍔℃€昏,| 瀵硅薄瀛樺偍 | 鏂囦欢/澶囦唤瀛樺偍 | 寰呭鎺?| OSS/S3 鍏煎 |,logic,P1,需求规定：瀵硅薄瀛樺偍 | 鏂囦欢/澶囦唤瀛樺偍 | 寰呭鎺?| OSS/S3 鍏煎,源码路径+测试用例/运行验证（本阶段仅登记证据要求）,未判定实现状态；不得复用旧审计结论
REQ-ADMINPORTAL-00699,integrations-sso,docs/PRD-第三方集成.md,16.1 绗笁鏂规湇鍔℃€昏,| 鐢靛瓙绛剧珷 | 鍚堝悓绛剧讲 | 寰呭鎺?| API 瀵规帴 |,api,P1,需求规定：鐢靛瓙绛剧珷 | 鍚堝悓绛剧讲 | 寰呭鎺?| API 瀵规帴,源码路径+测试用例/运行验证（本阶段仅登记证据要求）,未判定实现状态；不得复用旧审计结论
REQ-ADMINPORTAL-00700,integrations-sso,docs/PRD-第三方集成.md,16.1 绗笁鏂规湇鍔℃€昏,| 濞佽儊鎯呮姤 | 瀹夊叏椋庢帶 | 宸插鎺?| API Key 閰嶇疆 |,api,P1,需求规定：濞佽儊鎯呮姤 | 瀹夊叏椋庢帶 | 宸插鎺?| API Key 閰嶇疆,源码路径+测试用例/运行验证（本阶段仅登记证据要求）,未判定实现状态；不得复用旧审计结论
REQ-ADMINPORTAL-00701,integrations-sso,docs/PRD-第三方集成.md,鍔熻兘瑙勬牸,| 妯″潡 | 璇存槑 |,logic,P1,需求规定：妯″潡 | 璇存槑,源码路径+测试用例/运行验证（本阶段仅登记证据要求）,未判定实现状态；不得复用旧审计结论
REQ-ADMINPORTAL-00702,integrations-sso,docs/PRD-第三方集成.md,鍔熻兘瑙勬牸,| 鏀粯娓犻亾 | 鏀粯瀹?/ 寰俊鏀粯 / 閾惰仈锛堝彲閫夛級 |,logic,P1,需求规定：鏀粯娓犻亾 | 鏀粯瀹?/ 寰俊鏀粯 / 閾惰仈锛堝彲閫夛級,源码路径+测试用例/运行验证（本阶段仅登记证据要求）,未判定实现状态；不得复用旧审计结论
REQ-ADMINPORTAL-00703,integrations-sso,docs/PRD-第三方集成.md,鍔熻兘瑙勬牸,| 鏀粯娴佺▼ | 鐢ㄦ埛鍙戣捣鍏呭€?-> 鐢熸垚璁㈠崟 -> 璺宠浆鏀粯椤?-> 寮傛鍥炶皟 -> 鏇存柊璁㈠崟鐘舵€?-> 鍔犱綑棰?|,logic,P1,需求规定：鏀粯娴佺▼ | 鐢ㄦ埛鍙戣捣鍏呭€?-> 鐢熸垚璁㈠崟 -> 璺宠浆鏀粯椤?-> 寮傛鍥炶皟 -> 鏇存柊璁㈠崟鐘舵€?-> 鍔犱綑棰?,源码路径+测试用例/运行验证（本阶段仅登记证据要求）,未判定实现状态；不得复用旧审计结论
REQ-ADMINPORTAL-00704,integrations-sso,docs/PRD-第三方集成.md,鍔熻兘瑙勬牸,| 鍥炶皟澶勭悊 | 鎺ユ敹鏀粯鍥炶皟 -> 楠岃瘉绛惧悕 -> 鏍￠獙璁㈠崟鍙?閲戦 -> 澶勭悊閲嶅鍥炶皟 -> 鏇存柊浣欓 |,logic,P1,需求规定：鍥炶皟澶勭悊 | 鎺ユ敹鏀粯鍥炶皟 -> 楠岃瘉绛惧悕 -> 鏍￠獙璁㈠崟鍙?閲戦 -> 澶勭悊閲嶅鍥炶皟 -> 鏇存柊浣欓,源码路径+测试用例/运行验证（本阶段仅登记证据要求）,未判定实现状态；不得复用旧审计结论
REQ-ADMINPORTAL-00705,integrations-sso,docs/PRD-第三方集成.md,鍔熻兘瑙勬牸,| 閫€娆惧鐞?| 鍙戣捣閫€娆?-> 璋冪敤鏀粯缃戝叧閫€娆?API -> 寮傛鏌ヨ閫€娆剧粨鏋?-> 鏇存柊璁㈠崟鐘舵€?|,api,P1,需求规定：閫€娆惧鐞?| 鍙戣捣閫€娆?-> 璋冪敤鏀粯缃戝叧閫€娆?API -> 寮傛鏌ヨ閫€娆剧粨鏋?-> 鏇存柊璁㈠崟鐘舵€?,源码路径+测试用例/运行验证（本阶段仅登记证据要求）,未判定实现状态；不得复用旧审计结论
REQ-ADMINPORTAL-00706,integrations-sso,docs/PRD-第三方集成.md,鍔熻兘瑙勬牸,| 瀵硅处 | 姣忔棩鎷夊彇鏀粯缃戝叧璐﹀崟 vs 鏈湴璁㈠崟鍙屽悜瀵硅处 |,logic,P1,需求规定：瀵硅处 | 姣忔棩鎷夊彇鏀粯缃戝叧璐﹀崟 vs 鏈湴璁㈠崟鍙屽悜瀵硅处,源码路径+测试用例/运行验证（本阶段仅登记证据要求）,未判定实现状态；不得复用旧审计结论
REQ-ADMINPORTAL-00707,integrations-sso,docs/PRD-第三方集成.md,16.3 鐭俊鏈嶅姟闆嗘垚,| 妯″潡 | 璇存槑 |,logic,P1,需求规定：妯″潡 | 璇存槑,源码路径+测试用例/运行验证（本阶段仅登记证据要求）,未判定实现状态；不得复用旧审计结论
REQ-ADMINPORTAL-00708,integrations-sso,docs/PRD-第三方集成.md,16.3 鐭俊鏈嶅姟闆嗘垚,| 浣跨敤鍦烘櫙 | 鐧诲綍楠岃瘉鐮併€佸畨鍏ㄦ彁閱掋€佸厖鍊奸€氱煡銆佸紓甯稿憡璀?|,logic,P1,需求规定：浣跨敤鍦烘櫙 | 鐧诲綍楠岃瘉鐮併€佸畨鍏ㄦ彁閱掋€佸厖鍊奸€氱煡銆佸紓甯稿憡璀?,源码路径+测试用例/运行验证（本阶段仅登记证据要求）,未判定实现状态；不得复用旧审计结论
REQ-ADMINPORTAL-00709,integrations-sso,docs/PRD-第三方集成.md,16.3 鐭俊鏈嶅姟闆嗘垚,| 鏈嶅姟鍟?| 闃块噷浜戠煭淇?/ 鑵捐浜戠煭淇?/ Twilio锛堟捣澶栵級 |,logic,P1,需求规定：鏈嶅姟鍟?| 闃块噷浜戠煭淇?/ 鑵捐浜戠煭淇?/ Twilio锛堟捣澶栵級,源码路径+测试用例/运行验证（本阶段仅登记证据要求）,未判定实现状态；不得复用旧审计结论
REQ-ADMINPORTAL-00710,integrations-sso,docs/PRD-第三方集成.md,16.3 鐭俊鏈嶅姟闆嗘垚,| 妯℃澘绠＄悊 | 鍦ㄧ煭淇℃湇鍔″晢鍚庡彴閰嶇疆妯℃澘锛岀郴缁熷唴缁存姢妯℃澘 ID 鏄犲皠 |,logic,P1,需求规定：妯℃澘绠＄悊 | 鍦ㄧ煭淇℃湇鍔″晢鍚庡彴閰嶇疆妯℃澘锛岀郴缁熷唴缁存姢妯℃澘 ID 鏄犲皠,源码路径+测试用例/运行验证（本阶段仅登记证据要求）,未判定实现状态；不得复用旧审计结论
REQ-ADMINPORTAL-00711,integrations-sso,docs/PRD-第三方集成.md,16.3 鐭俊鏈嶅姟闆嗘垚,| 鍙戦€侀鐜?| 姣忔潯鎵嬫満鍙锋瘡鍒嗛挓鏈€澶?1 鏉★紝姣忓ぉ鏈€澶?10 鏉?|,logic,P1,需求规定：鍙戦€侀鐜?| 姣忔潯鎵嬫満鍙锋瘡鍒嗛挓鏈€澶?1 鏉★紝姣忓ぉ鏈€澶?10 鏉?,源码路径+测试用例/运行验证（本阶段仅登记证据要求）,未判定实现状态；不得复用旧审计结论
REQ-ADMINPORTAL-00712,integrations-sso,docs/PRD-第三方集成.md,16.3 鐭俊鏈嶅姟闆嗘垚,| 澶辫触澶勭悊 | 鍙戦€佸け璐ヨ嚜鍔ㄩ噸璇?3 娆★紝浠嶅け璐ヨ浆閭欢閫氱煡 |,logic,P1,需求规定：澶辫触澶勭悊 | 鍙戦€佸け璐ヨ嚜鍔ㄩ噸璇?3 娆★紝浠嶅け璐ヨ浆閭欢閫氱煡,源码路径+测试用例/运行验证（本阶段仅登记证据要求）,未判定实现状态；不得复用旧审计结论
REQ-ADMINPORTAL-00713,integrations-sso,docs/PRD-第三方集成.md,16.4 瀵硅薄瀛樺偍闆嗘垚,| 妯″潡 | 璇存槑 |,logic,P1,需求规定：妯″潡 | 璇存槑,源码路径+测试用例/运行验证（本阶段仅登记证据要求）,未判定实现状态；不得复用旧审计结论
REQ-ADMINPORTAL-00714,integrations-sso,docs/PRD-第三方集成.md,16.4 瀵硅薄瀛樺偍闆嗘垚,| 浣跨敤鍦烘櫙 | 鏂囦欢涓婁紶锛堝疄鍚嶆潗鏂?鍙戠エ/鍚堝悓闄勪欢锛夈€佹暟鎹簱澶囦唤銆佹棩蹇楀綊妗?|,logic,P1,需求规定：浣跨敤鍦烘櫙 | 鏂囦欢涓婁紶锛堝疄鍚嶆潗鏂?鍙戠エ/鍚堝悓闄勪欢锛夈€佹暟鎹簱澶囦唤銆佹棩蹇楀綊妗?,源码路径+测试用例/运行验证（本阶段仅登记证据要求）,未判定实现状态；不得复用旧审计结论
REQ-ADMINPORTAL-00715,integrations-sso,docs/PRD-第三方集成.md,16.4 瀵硅薄瀛樺偍闆嗘垚,| 鏈嶅姟鍟?| 闃块噷浜?OSS / 鑵捐浜?COS / AWS S3 / MinIO锛堣嚜寤猴級 |,logic,P1,需求规定：鏈嶅姟鍟?| 闃块噷浜?OSS / 鑵捐浜?COS / AWS S3 / MinIO锛堣嚜寤猴級,源码路径+测试用例/运行验证（本阶段仅登记证据要求）,未判定实现状态；不得复用旧审计结论
REQ-ADMINPORTAL-00716,integrations-sso,docs/PRD-第三方集成.md,16.4 瀵硅薄瀛樺偍闆嗘垚,| 鐩綍缁撴瀯 | /uploads/{type}/{date}/{file} /backups/db/{date}/ /backups/logs/{date}/ |,logic,P1,需求规定：鐩綍缁撴瀯 | /uploads/{type}/{date}/{file} /backups/db/{date}/ /backups/logs/{date}/,源码路径+测试用例/运行验证（本阶段仅登记证据要求）,未判定实现状态；不得复用旧审计结论
REQ-ADMINPORTAL-00717,integrations-sso,docs/PRD-第三方集成.md,16.4 瀵硅薄瀛樺偍闆嗘垚,| 鐢熷懡鍛ㄦ湡 | 涓婁紶鏂囦欢 30 澶╄嚜鍔ㄥ綊妗ｏ紝鏃ュ織鏂囦欢 90 澶╄嚜鍔ㄥ垹闄?|,logic,P1,需求规定：鐢熷懡鍛ㄦ湡 | 涓婁紶鏂囦欢 30 澶╄嚜鍔ㄥ綊妗ｏ紝鏃ュ織鏂囦欢 90 澶╄嚜鍔ㄥ垹闄?,源码路径+测试用例/运行验证（本阶段仅登记证据要求）,未判定实现状态；不得复用旧审计结论
REQ-ADMINPORTAL-00718,integrations-sso,docs/PRD-第三方集成.md,16.4 瀵硅薄瀛樺偍闆嗘垚,| 鏉冮檺鎺у埗 | 浠呮湇鍔＄鍙啓锛岀敓鎴愰绛惧悕 URL 渚涘墠绔洿浼?|,field,P1,需求规定：鏉冮檺鎺у埗 | 浠呮湇鍔＄鍙啓锛岀敓鎴愰绛惧悕 URL 渚涘墠绔洿浼?,源码路径+测试用例/运行验证（本阶段仅登记证据要求）,未判定实现状态；不得复用旧审计结论
REQ-ADMINPORTAL-00719,integrations-sso,docs/PRD-第三方集成.md,16.5 鏁呴殰鍒囨崲绛栫暐,| 鏈嶅姟 | 闄嶇骇绛栫暐 |,logic,P1,需求规定：鏈嶅姟 | 闄嶇骇绛栫暐,源码路径+测试用例/运行验证（本阶段仅登记证据要求）,未判定实现状态；不得复用旧审计结论
REQ-ADMINPORTAL-00720,integrations-sso,docs/PRD-第三方集成.md,16.5 鏁呴殰鍒囨崲绛栫暐,| 鏀粯缃戝叧 | 涓绘笭閬撳け璐ヨ嚜鍔ㄥ垏鎹㈠埌澶囬€夋笭閬?|,logic,P1,需求规定：鏀粯缃戝叧 | 涓绘笭閬撳け璐ヨ嚜鍔ㄥ垏鎹㈠埌澶囬€夋笭閬?,源码路径+测试用例/运行验证（本阶段仅登记证据要求）,未判定实现状态；不得复用旧审计结论
REQ-ADMINPORTAL-00721,integrations-sso,docs/PRD-第三方集成.md,16.5 鏁呴殰鍒囨崲绛栫暐,| 鐭俊鏈嶅姟 | 鍙戦€佸け璐ラ檷绾т负閭欢閫氱煡 |,logic,P1,需求规定：鐭俊鏈嶅姟 | 鍙戦€佸け璐ラ檷绾т负閭欢閫氱煡,源码路径+测试用例/运行验证（本阶段仅登记证据要求）,未判定实现状态；不得复用旧审计结论
REQ-ADMINPORTAL-00722,integrations-sso,docs/PRD-第三方集成.md,16.5 鏁呴殰鍒囨崲绛栫暐,| 瀵硅薄瀛樺偍 | 涓嶅彲鐢ㄦ椂鍥為€€鍒版湰鍦扮鐩樺瓨鍌?|,logic,P1,需求规定：瀵硅薄瀛樺偍 | 涓嶅彲鐢ㄦ椂鍥為€€鍒版湰鍦扮鐩樺瓨鍌?,源码路径+测试用例/运行验证（本阶段仅登记证据要求）,未判定实现状态；不得复用旧审计结论
REQ-ADMINPORTAL-00723,integrations-sso,docs/PRD-第三方集成.md,16.5 鏁呴殰鍒囨崲绛栫暐,| 濞佽儊鎯呮姤 | 涓嶅彲鐢ㄦ椂璺宠繃鎯呮姤妫€娴嬶紝浠呬娇鐢ㄦ湰鍦拌鍒?|,logic,P1,需求规定：濞佽儊鎯呮姤 | 涓嶅彲鐢ㄦ椂璺宠繃鎯呮姤妫€娴嬶紝浠呬娇鐢ㄦ湰鍦拌鍒?,源码路径+测试用例/运行验证（本阶段仅登记证据要求）,未判定实现状态；不得复用旧审计结论
REQ-ADMINPORTAL-00724,integrations-sso,docs/PRD-第三方集成.md,16.6 API 鎺ュ彛,| 鏂规硶 | 璺緞 | 璇存槑 | 鏉冮檺 |,logic,P1,需求规定：鏂规硶 | 璺緞 | 璇存槑 | 鏉冮檺,源码路径+测试用例/运行验证（本阶段仅登记证据要求）,未判定实现状态；不得复用旧审计结论
REQ-ADMINPORTAL-00725,integrations-sso,docs/PRD-第三方集成.md,16.6 API 鎺ュ彛,| GET | /api/v1/admin/integrations | 绗笁鏂归泦鎴愬垪琛ㄥ強鐘舵€?| 瓒呯骇绠＄悊鍛?|,api,P1,需求规定：GET | /api/v1/admin/integrations | 绗笁鏂归泦鎴愬垪琛ㄥ強鐘舵€?| 瓒呯骇绠＄悊鍛?,源码路径+测试用例/运行验证（本阶段仅登记证据要求）,未判定实现状态；不得复用旧审计结论
REQ-ADMINPORTAL-00726,integrations-sso,docs/PRD-第三方集成.md,16.6 API 鎺ュ彛,| GET | /api/v1/admin/integrations/:name | 鍗曚釜闆嗘垚閰嶇疆璇︽儏 | 瓒呯骇绠＄悊鍛?|,api,P1,需求规定：GET | /api/v1/admin/integrations/:name | 鍗曚釜闆嗘垚閰嶇疆璇︽儏 | 瓒呯骇绠＄悊鍛?,源码路径+测试用例/运行验证（本阶段仅登记证据要求）,未判定实现状态；不得复用旧审计结论
REQ-ADMINPORTAL-00727,integrations-sso,docs/PRD-第三方集成.md,16.6 API 鎺ュ彛,| PATCH | /api/v1/admin/integrations/:name/config | 鏇存柊闆嗘垚閰嶇疆 | 瓒呯骇绠＄悊鍛?|,api,P1,需求规定：PATCH | /api/v1/admin/integrations/:name/config | 鏇存柊闆嗘垚閰嶇疆 | 瓒呯骇绠＄悊鍛?,源码路径+测试用例/运行验证（本阶段仅登记证据要求）,未判定实现状态；不得复用旧审计结论
REQ-ADMINPORTAL-00728,integrations-sso,docs/PRD-第三方集成.md,16.6 API 鎺ュ彛,| POST | /api/v1/admin/integrations/:name/test | 娴嬭瘯闆嗘垚杩為€氭€?| 瓒呯骇绠＄悊鍛?|,api,P1,需求规定：POST | /api/v1/admin/integrations/:name/test | 娴嬭瘯闆嗘垚杩為€氭€?| 瓒呯骇绠＄悊鍛?,源码路径+测试用例/运行验证（本阶段仅登记证据要求）,未判定实现状态；不得复用旧审计结论
REQ-ADMINPORTAL-00729,integrations-sso,docs/PRD-第三方集成.md,16.6 API 鎺ュ彛,| GET | /api/v1/admin/integrations/:name/logs | 闆嗘垚璋冪敤鏃ュ織 | 瓒呯骇绠＄悊鍛?|,api,P1,需求规定：GET | /api/v1/admin/integrations/:name/logs | 闆嗘垚璋冪敤鏃ュ織 | 瓒呯骇绠＄悊鍛?,源码路径+测试用例/运行验证（本阶段仅登记证据要求）,未判定实现状态；不得复用旧审计结论
REQ-ADMINPORTAL-00730,integrations-sso,docs/PRD-第三方集成.md,16.7 鍓嶇鍙樻洿,| 椤甸潰 | 鍙樻洿 |,logic,P1,需求规定：椤甸潰 | 鍙樻洿,源码路径+测试用例/运行验证（本阶段仅登记证据要求）,未判定实现状态；不得复用旧审计结论
REQ-ADMINPORTAL-00731,integrations-sso,docs/PRD-第三方集成.md,16.7 鍓嶇鍙樻洿,"| 绠＄悊鍚庡彴 -> 杩愮淮 -> 鏂板""绗笁鏂归泦鎴?鍏ュ彛 | 闆嗘垚鍒楄〃+鐘舵€佹寚绀虹伅+閰嶇疆琛ㄥ崟 |",logic,P1,"需求规定：绠＄悊鍚庡彴 -> 杩愮淮 -> 鏂板""绗笁鏂归泦鎴?鍏ュ彛 | 闆嗘垚鍒楄〃+鐘舵€佹寚绀虹伅+閰嶇疆琛ㄥ崟",源码路径+测试用例/运行验证（本阶段仅登记证据要求）,未判定实现状态；不得复用旧审计结论
REQ-ADMINPORTAL-00732,integrations-sso,docs/PRD-第三方集成.md,16.7 鍓嶇鍙樻洿,| 绠＄悊鍚庡彴 -> 杩愮淮 -> 闆嗘垚璇︽儏 | 閰嶇疆鍙傛暟+杩為€氭€ф祴璇?璋冪敤鏃ュ織 |,logic,P1,需求规定：绠＄悊鍚庡彴 -> 杩愮淮 -> 闆嗘垚璇︽儏 | 閰嶇疆鍙傛暟+杩為€氭€ф祴璇?璋冪敤鏃ュ織,源码路径+测试用例/运行验证（本阶段仅登记证据要求）,未判定实现状态；不得复用旧审计结论
REQ-ADMINPORTAL-00733,integrations-sso,docs/PRD-第三方集成.md,16.7 鍓嶇鍙樻洿,| 绠＄悊鍚庡彴 -> 杩愮淮 -> 鏀粯閰嶇疆 | 鏀粯娓犻亾寮€鍏?鍙傛暟閰嶇疆/娴嬭瘯妯″紡鍒囨崲 |,logic,P1,需求规定：绠＄悊鍚庡彴 -> 杩愮淮 -> 鏀粯閰嶇疆 | 鏀粯娓犻亾寮€鍏?鍙傛暟閰嶇疆/娴嬭瘯妯″紡鍒囨崲,源码路径+测试用例/运行验证（本阶段仅登记证据要求）,未判定实现状态；不得复用旧审计结论
REQ-ADMINPORTAL-00734,admin-portal,docs/PRD-组件库规范.md,鍩虹缁勪欢,| 缁勪欢 | 鐢ㄩ€?| 鐘舵€?|,logic,P1,需求规定：缁勪欢 | 鐢ㄩ€?| 鐘舵€?,源码路径+测试用例/运行验证（本阶段仅登记证据要求）,未判定实现状态；不得复用旧审计结论
REQ-ADMINPORTAL-00735,admin-portal,docs/PRD-组件库规范.md,鍩虹缁勪欢,| PageHeader | 椤甸潰鏍囬鏍忥紝鍚潰鍖呭睉+鎿嶄綔鎸夐挳 | 宸叉湁 |,logic,P1,需求规定：PageHeader | 椤甸潰鏍囬鏍忥紝鍚潰鍖呭睉+鎿嶄綔鎸夐挳 | 宸叉湁,源码路径+测试用例/运行验证（本阶段仅登记证据要求）,未判定实现状态；不得复用旧审计结论
REQ-ADMINPORTAL-00736,admin-portal,docs/PRD-组件库规范.md,鍩虹缁勪欢,| SearchBar | 鎼滅储妗嗭紝鏀寔鍏抽敭璇?鏃堕棿鑼冨洿/鐘舵€佺瓫閫?| 宸叉湁 |,logic,P1,需求规定：SearchBar | 鎼滅储妗嗭紝鏀寔鍏抽敭璇?鏃堕棿鑼冨洿/鐘舵€佺瓫閫?| 宸叉湁,源码路径+测试用例/运行验证（本阶段仅登记证据要求）,未判定实现状态；不得复用旧审计结论
REQ-ADMINPORTAL-00737,admin-portal,docs/PRD-组件库规范.md,鍩虹缁勪欢,| DataTable | 閫氱敤鏁版嵁琛ㄦ牸锛屾敮鎸佹帓搴?绛涢€?鍒嗛〉 | 宸叉湁 |,logic,P1,需求规定：DataTable | 閫氱敤鏁版嵁琛ㄦ牸锛屾敮鎸佹帓搴?绛涢€?鍒嗛〉 | 宸叉湁,源码路径+测试用例/运行验证（本阶段仅登记证据要求）,未判定实现状态；不得复用旧审计结论
REQ-ADMINPORTAL-00738,admin-portal,docs/PRD-组件库规范.md,鍩虹缁勪欢,| FilterPanel | 楂樼骇绛涢€夐潰鏉匡紝鏀寔澶氭潯浠剁粍鍚?| 宸叉湁 |,logic,P1,需求规定：FilterPanel | 楂樼骇绛涢€夐潰鏉匡紝鏀寔澶氭潯浠剁粍鍚?| 宸叉湁,源码路径+测试用例/运行验证（本阶段仅登记证据要求）,未判定实现状态；不得复用旧审计结论
REQ-ADMINPORTAL-00739,admin-portal,docs/PRD-组件库规范.md,鍩虹缁勪欢,| StatusBadge | 鐘舵€佹爣绛撅紝棰滆壊/鍥炬爣鏍规嵁鐘舵€佽嚜鍔ㄦ槧灏?| 宸叉湁 |,logic,P1,需求规定：StatusBadge | 鐘舵€佹爣绛撅紝棰滆壊/鍥炬爣鏍规嵁鐘舵€佽嚜鍔ㄦ槧灏?| 宸叉湁,源码路径+测试用例/运行验证（本阶段仅登记证据要求）,未判定实现状态；不得复用旧审计结论
REQ-ADMINPORTAL-00740,admin-portal,docs/PRD-组件库规范.md,鍩虹缁勪欢,| ConfirmDialog | 纭寮圭獥锛屾敮鎸佽嚜瀹氫箟鍐呭鍜岀‘璁ゆ寜閽枃瀛?| 宸叉湁 |,logic,P1,需求规定：ConfirmDialog | 纭寮圭獥锛屾敮鎸佽嚜瀹氫箟鍐呭鍜岀‘璁ゆ寜閽枃瀛?| 宸叉湁,源码路径+测试用例/运行验证（本阶段仅登记证据要求）,未判定实现状态；不得复用旧审计结论
REQ-ADMINPORTAL-00741,admin-portal,docs/PRD-组件库规范.md,鍩虹缁勪欢,| EmptyState | 绌虹姸鎬佸崰浣嶅浘+寮曞鏂囧瓧+鎿嶄綔鎸夐挳 | 宸叉湁 |,logic,P1,需求规定：EmptyState | 绌虹姸鎬佸崰浣嶅浘+寮曞鏂囧瓧+鎿嶄綔鎸夐挳 | 宸叉湁,源码路径+测试用例/运行验证（本阶段仅登记证据要求）,未判定实现状态；不得复用旧审计结论
REQ-ADMINPORTAL-00742,admin-portal,docs/PRD-组件库规范.md,鍩虹缁勪欢,| LoadingSkeleton | 楠ㄦ灦灞忓姞杞藉崰浣?| 宸叉湁 |,logic,P1,需求规定：LoadingSkeleton | 楠ㄦ灦灞忓姞杞藉崰浣?| 宸叉湁,源码路径+测试用例/运行验证（本阶段仅登记证据要求）,未判定实现状态；不得复用旧审计结论
REQ-ADMINPORTAL-00743,admin-portal,docs/PRD-组件库规范.md,鍩虹缁勪欢,| PageError | 椤甸潰绾ч敊璇彁绀?閲嶈瘯鎸夐挳 | 宸叉湁 |,logic,P1,需求规定：PageError | 椤甸潰绾ч敊璇彁绀?閲嶈瘯鎸夐挳 | 宸叉湁,源码路径+测试用例/运行验证（本阶段仅登记证据要求）,未判定实现状态；不得复用旧审计结论
REQ-ADMINPORTAL-00744,admin-portal,docs/PRD-组件库规范.md,鍩虹缁勪欢,| ExportButton | 瀵煎嚭鎸夐挳锛屾敮鎸?CSV/JSON/PDF 鏍煎紡閫夋嫨 | 宸叉湁 |,logic,P1,需求规定：ExportButton | 瀵煎嚭鎸夐挳锛屾敮鎸?CSV/JSON/PDF 鏍煎紡閫夋嫨 | 宸叉湁,源码路径+测试用例/运行验证（本阶段仅登记证据要求）,未判定实现状态；不得复用旧审计结论
REQ-ADMINPORTAL-00745,admin-portal,docs/PRD-组件库规范.md,涓氬姟缁勪欢,| 缁勪欢 | 鐢ㄩ€?| 鐘舵€?|,logic,P1,需求规定：缁勪欢 | 鐢ㄩ€?| 鐘舵€?,源码路径+测试用例/运行验证（本阶段仅登记证据要求）,未判定实现状态；不得复用旧审计结论
REQ-ADMINPORTAL-00746,admin-portal,docs/PRD-组件库规范.md,涓氬姟缁勪欢,| BalanceDisplay | 浣欓灞曠ず锛屽惈璐у竵绗﹀彿+鏍煎紡鍖?| 宸叉湁 |,logic,P1,需求规定：BalanceDisplay | 浣欓灞曠ず锛屽惈璐у竵绗﹀彿+鏍煎紡鍖?| 宸叉湁,源码路径+测试用例/运行验证（本阶段仅登记证据要求）,未判定实现状态；不得复用旧审计结论
REQ-ADMINPORTAL-00747,admin-portal,docs/PRD-组件库规范.md,涓氬姟缁勪欢,| TokenDisplay | Token 鏁伴噺灞曠ず锛屽惈鍗曚綅鎹㈢畻 | 宸叉湁 |,logic,P1,需求规定：TokenDisplay | Token 鏁伴噺灞曠ず锛屽惈鍗曚綅鎹㈢畻 | 宸叉湁,源码路径+测试用例/运行验证（本阶段仅登记证据要求）,未判定实现状态；不得复用旧审计结论
REQ-ADMINPORTAL-00748,admin-portal,docs/PRD-组件库规范.md,涓氬姟缁勪欢,| ModelSelector | 妯″瀷閫夋嫨鍣紝鏀寔鍒嗙被/鎼滅储/瀵规瘮 | 宸叉湁 |,logic,P1,需求规定：ModelSelector | 妯″瀷閫夋嫨鍣紝鏀寔鍒嗙被/鎼滅储/瀵规瘮 | 宸叉湁,源码路径+测试用例/运行验证（本阶段仅登记证据要求）,未判定实现状态；不得复用旧审计结论
REQ-ADMINPORTAL-00749,admin-portal,docs/PRD-组件库规范.md,涓氬姟缁勪欢,| TimeRangePicker | 鏃堕棿鑼冨洿閫夋嫨鍣紝鏀寔棰勮锛堜粖鏃?鏈懆/鏈湀锛?| 宸叉湁 |,logic,P1,需求规定：TimeRangePicker | 鏃堕棿鑼冨洿閫夋嫨鍣紝鏀寔棰勮锛堜粖鏃?鏈懆/鏈湀锛?| 宸叉湁,源码路径+测试用例/运行验证（本阶段仅登记证据要求）,未判定实现状态；不得复用旧审计结论
REQ-ADMINPORTAL-00750,admin-portal,docs/PRD-组件库规范.md,涓氬姟缁勪欢,| CopyButton | 涓€閿鍒讹紝鍚鍒舵垚鍔熸彁绀?| 宸叉湁 |,logic,P1,需求规定：CopyButton | 涓€閿鍒讹紝鍚鍒舵垚鍔熸彁绀?| 宸叉湁,源码路径+测试用例/运行验证（本阶段仅登记证据要求）,未判定实现状态；不得复用旧审计结论
REQ-ADMINPORTAL-00751,admin-portal,docs/PRD-组件库规范.md,涓氬姟缁勪欢,| RichTextEditor | 瀵屾枃鏈紪杈戝櫒锛屾敮鎸?HTML/Markdown | 宸叉湁 |,logic,P1,需求规定：RichTextEditor | 瀵屾枃鏈紪杈戝櫒锛屾敮鎸?HTML/Markdown | 宸叉湁,源码路径+测试用例/运行验证（本阶段仅登记证据要求）,未判定实现状态；不得复用旧审计结论
REQ-ADMINPORTAL-00752,admin-portal,docs/PRD-组件库规范.md,涓氬姟缁勪欢,| FileUploader | 鏂囦欢涓婁紶锛屾敮鎸佹嫋鎷?澶氭枃浠?杩涘害 | 宸叉湁 |,logic,P1,需求规定：FileUploader | 鏂囦欢涓婁紶锛屾敮鎸佹嫋鎷?澶氭枃浠?杩涘害 | 宸叉湁,源码路径+测试用例/运行验证（本阶段仅登记证据要求）,未判定实现状态；不得复用旧审计结论
REQ-ADMINPORTAL-00753,admin-portal,docs/PRD-组件库规范.md,涓氬姟缁勪欢,| TrendChart | 瓒嬪娍鍥撅紝鍩轰簬 Recharts 灏佽锛屾敮鎸佹煴鐘?鎶樼嚎 | 宸叉湁 |,logic,P1,需求规定：TrendChart | 瓒嬪娍鍥撅紝鍩轰簬 Recharts 灏佽锛屾敮鎸佹煴鐘?鎶樼嚎 | 宸叉湁,源码路径+测试用例/运行验证（本阶段仅登记证据要求）,未判定实现状态；不得复用旧审计结论
REQ-ADMINPORTAL-00754,admin-portal,docs/PRD-组件库规范.md,涓氬姟缁勪欢,| PieChart | 楗煎浘锛屾敮鎸佸浘渚?鐧惧垎姣?| 宸叉湁 |,logic,P1,需求规定：PieChart | 楗煎浘锛屾敮鎸佸浘渚?鐧惧垎姣?| 宸叉湁,源码路径+测试用例/运行验证（本阶段仅登记证据要求）,未判定实现状态；不得复用旧审计结论
REQ-ADMINPORTAL-00755,admin-portal,docs/PRD-组件库规范.md,涓氬姟缁勪欢,| KpiCard | KPI 鎸囨爣鍗＄墖锛屽惈瓒嬪娍绠ご+鐜瘮 | 宸叉湁 |,logic,P1,需求规定：KpiCard | KPI 鎸囨爣鍗＄墖锛屽惈瓒嬪娍绠ご+鐜瘮 | 宸叉湁,源码路径+测试用例/运行验证（本阶段仅登记证据要求）,未判定实现状态；不得复用旧审计结论
REQ-ADMINPORTAL-00756,admin-portal,docs/PRD-组件库规范.md,15.3 UI 椋庢牸鎸囧崡,| 瑙勮寖椤?| 瑙勫垯 |,logic,P1,需求规定：瑙勮寖椤?| 瑙勫垯,源码路径+测试用例/运行验证（本阶段仅登记证据要求）,未判定实现状态；不得复用旧审计结论
REQ-ADMINPORTAL-00757,admin-portal,docs/PRD-组件库规范.md,15.3 UI 椋庢牸鎸囧崡,| 涓婚鑹?| 钃濊壊 #2563eb锛堜富鑹诧級銆佺豢鑹?#10b981锛堟垚鍔燂級銆佺孩鑹?#ef4444锛堥敊璇級銆侀粍鑹?#f59e0b锛堣鍛婏級 |,logic,P1,需求规定：涓婚鑹?| 钃濊壊 #2563eb锛堜富鑹诧級銆佺豢鑹?#10b981锛堟垚鍔燂級銆佺孩鑹?#ef4444锛堥敊璇級銆侀粍鑹?#f59e0b锛堣鍛婏級,源码路径+测试用例/运行验证（本阶段仅登记证据要求）,未判定实现状态；不得复用旧审计结论
REQ-ADMINPORTAL-00758,admin-portal,docs/PRD-组件库规范.md,15.3 UI 椋庢牸鎸囧崡,"| 瀛椾綋 | Inter / system-ui, sans-serif |",logic,P1,"需求规定：瀛椾綋 | Inter / system-ui, sans-serif",源码路径+测试用例/运行验证（本阶段仅登记证据要求）,未判定实现状态；不得复用旧审计结论
REQ-ADMINPORTAL-00759,admin-portal,docs/PRD-组件库规范.md,15.3 UI 椋庢牸鎸囧崡,| 瀛楀彿 | 12px锛堣緟鍔╋級/ 14px锛堟鏂囷級/ 16px锛堟爣棰橈級/ 20px锛堥〉闈㈡爣棰橈級|,logic,P1,需求规定：瀛楀彿 | 12px锛堣緟鍔╋級/ 14px锛堟鏂囷級/ 16px锛堟爣棰橈級/ 20px锛堥〉闈㈡爣棰橈級,源码路径+测试用例/运行验证（本阶段仅登记证据要求）,未判定实现状态；不得复用旧审计结论
REQ-ADMINPORTAL-00760,admin-portal,docs/PRD-组件库规范.md,15.3 UI 椋庢牸鎸囧崡,| 鍦嗚 | 4px锛堣緭鍏ユ锛? 8px锛堝崱鐗囷級/ 12px锛堝脊绐楋級|,logic,P1,需求规定：鍦嗚 | 4px锛堣緭鍏ユ锛? 8px锛堝崱鐗囷級/ 12px锛堝脊绐楋級,源码路径+测试用例/运行验证（本阶段仅登记证据要求）,未判定实现状态；不得复用旧审计结论
REQ-ADMINPORTAL-00761,admin-portal,docs/PRD-组件库规范.md,15.3 UI 椋庢牸鎸囧崡,| 闂磋窛 | 4-8-12-16-24-32 閫掕繘浣撶郴 |,logic,P1,需求规定：闂磋窛 | 4-8-12-16-24-32 閫掕繘浣撶郴,源码路径+测试用例/运行验证（本阶段仅登记证据要求）,未判定实现状态；不得复用旧审计结论
REQ-ADMINPORTAL-00762,admin-portal,docs/PRD-组件库规范.md,15.3 UI 椋庢牸鎸囧崡,| 鍥炬爣 | Lucide React 鍥炬爣搴?|,logic,P1,需求规定：鍥炬爣 | Lucide React 鍥炬爣搴?,源码路径+测试用例/运行验证（本阶段仅登记证据要求）,未判定实现状态；不得复用旧审计结论
REQ-ADMINPORTAL-00763,admin-portal,docs/PRD-组件库规范.md,15.3 UI 椋庢牸鎸囧崡,| 鍔ㄧ敾 | 娣″叆 200ms锛屾粦鍔?300ms锛岄鏋跺睆 1.5s pulse |,logic,P1,需求规定：鍔ㄧ敾 | 娣″叆 200ms锛屾粦鍔?300ms锛岄鏋跺睆 1.5s pulse,源码路径+测试用例/运行验证（本阶段仅登记证据要求）,未判定实现状态；不得复用旧审计结论
REQ-ADMINPORTAL-00764,admin-portal,docs/PRD-组件库规范.md,15.4 鍓嶇鍙樻洿,| 椤甸潰 | 鍙樻洿 |,logic,P1,需求规定：椤甸潰 | 鍙樻洿,源码路径+测试用例/运行验证（本阶段仅登记证据要求）,未判定实现状态；不得复用旧审计结论
REQ-ADMINPORTAL-00765,admin-portal,docs/PRD-组件库规范.md,15.4 鍓嶇鍙樻洿,| 鍓嶇椤圭洰 | 鏂板 components/ 鐩綍鏁寸悊锛屾寜 atomic design 鍒嗗眰 |,logic,P1,需求规定：鍓嶇椤圭洰 | 鏂板 components/ 鐩綍鏁寸悊锛屾寜 atomic design 鍒嗗眰,源码路径+测试用例/运行验证（本阶段仅登记证据要求）,未判定实现状态；不得复用旧审计结论
REQ-ADMINPORTAL-00766,admin-portal,docs/PRD-组件库规范.md,15.4 鍓嶇鍙樻洿,| Storybook | 鍙€夛細缁勪欢鏂囨。鍜?playground |,logic,P1,需求规定：Storybook | 鍙€夛細缁勪欢鏂囨。鍜?playground,源码路径+测试用例/运行验证（本阶段仅登记证据要求）,未判定实现状态；不得复用旧审计结论
REQ-ADMINPORTAL-00767,admin-portal,docs/PRD-组件库规范.md,15.5 API 鎺ュ彛,| 鏂规硶 | 璺緞 | 璇存槑 | 鏉冮檺 |,logic,P1,需求规定：鏂规硶 | 璺緞 | 璇存槑 | 鏉冮檺,源码路径+测试用例/运行验证（本阶段仅登记证据要求）,未判定实现状态；不得复用旧审计结论
REQ-ADMINPORTAL-00768,admin-portal,docs/PRD-组件库规范.md,15.5 API 鎺ュ彛,| GET | /api/v1/admin/components | 缁勪欢搴撳垪琛?| 绠＄悊鍛樹互涓?|,api,P1,需求规定：GET | /api/v1/admin/components | 缁勪欢搴撳垪琛?| 绠＄悊鍛樹互涓?,源码路径+测试用例/运行验证（本阶段仅登记证据要求）,未判定实现状态；不得复用旧审计结论
REQ-ADMINPORTAL-00769,admin-portal,docs/PRD-组件库规范.md,15.5 API 鎺ュ彛,| GET | /api/v1/admin/components/:name | 缁勪欢璇︽儏锛圥rops/浣跨敤绀轰緥锛?| 绠＄悊鍛樹互涓?|,api,P1,需求规定：GET | /api/v1/admin/components/:name | 缁勪欢璇︽儏锛圥rops/浣跨敤绀轰緥锛?| 绠＄悊鍛樹互涓?,源码路径+测试用例/运行验证（本阶段仅登记证据要求）,未判定实现状态；不得复用旧审计结论
REQ-ADMINPORTAL-00770,admin-portal,docs/PRD-组件库规范.md,15.5 API 鎺ュ彛,| GET | /api/v1/admin/components/usage-stats | 缁勪欢浣跨敤棰戠巼缁熻 | 绠＄悊鍛樹互涓?|,api,P1,需求规定：GET | /api/v1/admin/components/usage-stats | 缁勪欢浣跨敤棰戠巼缁熻 | 绠＄悊鍛樹互涓?,源码路径+测试用例/运行验证（本阶段仅登记证据要求）,未判定实现状态；不得复用旧审计结论
REQ-ADMINPORTAL-00771,admin-portal,docs/PRD-组件库规范.md,15.6 鍔熻兘瑙勬牸琛?,| 妯″潡 | 璇存槑 |,logic,P1,需求规定：妯″潡 | 璇存槑,源码路径+测试用例/运行验证（本阶段仅登记证据要求）,未判定实现状态；不得复用旧审计结论
REQ-ADMINPORTAL-00772,admin-portal,docs/PRD-组件库规范.md,15.6 鍔熻兘瑙勬牸琛?,| 缁勪欢鐩綍 | 鎸?atomic design 鍒嗗眰灞曠ず鎵€鏈夊叕鍏辩粍浠?|,logic,P1,需求规定：缁勪欢鐩綍 | 鎸?atomic design 鍒嗗眰灞曠ず鎵€鏈夊叕鍏辩粍浠?,源码路径+测试用例/运行验证（本阶段仅登记证据要求）,未判定实现状态；不得复用旧审计结论
REQ-ADMINPORTAL-00773,admin-portal,docs/PRD-组件库规范.md,15.6 鍔熻兘瑙勬牸琛?,| 缁勪欢璇︽儏 | 鏄剧ず缁勪欢 Props 瀹氫箟銆佷娇鐢ㄧず渚嬨€佷唬鐮佺墖娈?|,logic,P1,需求规定：缁勪欢璇︽儏 | 鏄剧ず缁勪欢 Props 瀹氫箟銆佷娇鐢ㄧず渚嬨€佷唬鐮佺墖娈?,源码路径+测试用例/运行验证（本阶段仅登记证据要求）,未判定实现状态；不得复用旧审计结论
REQ-ADMINPORTAL-00774,admin-portal,docs/PRD-组件库规范.md,15.6 鍔熻兘瑙勬牸琛?,| 浣跨敤缁熻 | 缁熻鍚勭粍浠跺湪椤圭洰涓殑浣跨敤棰戠巼鍜屽紩鐢ㄩ〉闈?|,logic,P1,需求规定：浣跨敤缁熻 | 缁熻鍚勭粍浠跺湪椤圭洰涓殑浣跨敤棰戠巼鍜屽紩鐢ㄩ〉闈?,源码路径+测试用例/运行验证（本阶段仅登记证据要求）,未判定实现状态；不得复用旧审计结论
REQ-ADMINPORTAL-00775,admin-portal,docs/PRD-组件库规范.md,15.6 鍔熻兘瑙勬牸琛?,| 鎼滅储 | 鎸夌粍浠跺悕绉?鍏抽敭璇嶆悳绱?|,logic,P1,需求规定：鎼滅储 | 鎸夌粍浠跺悕绉?鍏抽敭璇嶆悳绱?,源码路径+测试用例/运行验证（本阶段仅登记证据要求）,未判定实现状态；不得复用旧审计结论
REQ-ADMINPORTAL-00776,admin-portal,docs/SPEC-§4-管理后台.md,4.0 管理后台功能总览,| 功能模块 | 角色 | 优先级 |,permission,P0,需求规定：功能模块 | 角色 | 优先级,源码路径+测试用例/运行验证（本阶段仅登记证据要求）,未判定实现状态；不得复用旧审计结论
REQ-ADMINPORTAL-00777,admin-portal,docs/SPEC-§4-管理后台.md,4.0 管理后台功能总览,| §4.1 总览看板 | 所有角色 | P0 |,permission,P0,需求规定：§4.1 总览看板 | 所有角色 | P0,源码路径+测试用例/运行验证（本阶段仅登记证据要求）,未判定实现状态；不得复用旧审计结论
REQ-ADMINPORTAL-00778,admin-portal,docs/SPEC-§4-管理后台.md,4.0 管理后台功能总览,| §4.2 用户/客户管理（含绑定代理商） | 客服/运营 | P0 |,logic,P0,需求规定：§4.2 用户/客户管理（含绑定代理商） | 客服/运营 | P0,源码路径+测试用例/运行验证（本阶段仅登记证据要求）,未判定实现状态；不得复用旧审计结论
REQ-ADMINPORTAL-00779,admin-portal,docs/SPEC-§4-管理后台.md,4.0 管理后台功能总览,| §4.3 渠道与模型管理 | 运营 | P0 |,logic,P0,需求规定：§4.3 渠道与模型管理 | 运营 | P0,源码路径+测试用例/运行验证（本阶段仅登记证据要求）,未判定实现状态；不得复用旧审计结论
REQ-ADMINPORTAL-00780,admin-portal,docs/SPEC-§4-管理后台.md,4.0 管理后台功能总览,| §4.4 财务管理 | 财务 | P0 |,logic,P0,需求规定：§4.4 财务管理 | 财务 | P0,源码路径+测试用例/运行验证（本阶段仅登记证据要求）,未判定实现状态；不得复用旧审计结论
REQ-ADMINPORTAL-00781,admin-portal,docs/SPEC-§4-管理后台.md,4.0 管理后台功能总览,| §4.5 营销运营 | 运营 | P0 |,logic,P0,需求规定：§4.5 营销运营 | 运营 | P0,源码路径+测试用例/运行验证（本阶段仅登记证据要求）,未判定实现状态；不得复用旧审计结论
REQ-ADMINPORTAL-00782,admin-portal,docs/SPEC-§4-管理后台.md,4.0 管理后台功能总览,| §4.6 安全管理 | 安全 | P0 |,security,P0,需求规定：§4.6 安全管理 | 安全 | P0,源码路径+测试用例/运行验证（本阶段仅登记证据要求）,未判定实现状态；不得复用旧审计结论
REQ-ADMINPORTAL-00783,admin-portal,docs/SPEC-§4-管理后台.md,4.0 管理后台功能总览,| §4.7 监控与日志 | 运维 | P0 |,audit,P0,需求规定：§4.7 监控与日志 | 运维 | P0,源码路径+测试用例/运行验证（本阶段仅登记证据要求）,未判定实现状态；不得复用旧审计结论
REQ-ADMINPORTAL-00784,admin-portal,docs/SPEC-§4-管理后台.md,4.0 管理后台功能总览,| §4.8 系统配置 | 运维 | P0 |,logic,P0,需求规定：§4.8 系统配置 | 运维 | P0,源码路径+测试用例/运行验证（本阶段仅登记证据要求）,未判定实现状态；不得复用旧审计结论
REQ-ADMINPORTAL-00785,admin-portal,docs/SPEC-§4-管理后台.md,4.0 管理后台功能总览,| §4.9 报表与测试 | 运营 | P1 |,test,P0,需求规定：§4.9 报表与测试 | 运营 | P1,源码路径+测试用例/运行验证（本阶段仅登记证据要求）,未判定实现状态；不得复用旧审计结论
REQ-ADMINPORTAL-00786,admin-portal,docs/SPEC-§4-管理后台.md,4.0 管理后台功能总览,| §4.10 渠道自助 | 渠道 | P1 |,logic,P0,需求规定：§4.10 渠道自助 | 渠道 | P1,源码路径+测试用例/运行验证（本阶段仅登记证据要求）,未判定实现状态；不得复用旧审计结论
REQ-ADMINPORTAL-00787,admin-portal,docs/SPEC-§4-管理后台.md,4.0 管理后台功能总览,| §4.11 待办中心 | 所有角色 | P0 |,permission,P0,需求规定：§4.11 待办中心 | 所有角色 | P0,源码路径+测试用例/运行验证（本阶段仅登记证据要求）,未判定实现状态；不得复用旧审计结论
REQ-ADMINPORTAL-00788,admin-portal,docs/SPEC-§4-管理后台.md,4.0 管理后台功能总览,| §4.12 批量运营工具 | 运营 | P0 |,logic,P0,需求规定：§4.12 批量运营工具 | 运营 | P0,源码路径+测试用例/运行验证（本阶段仅登记证据要求）,未判定实现状态；不得复用旧审计结论
REQ-ADMINPORTAL-00789,admin-portal,docs/SPEC-§4-管理后台.md,4.0 管理后台功能总览,| §4.13 异常交易工作台 | 财务 | P0 |,exception,P0,需求规定：§4.13 异常交易工作台 | 财务 | P0,源码路径+测试用例/运行验证（本阶段仅登记证据要求）,未判定实现状态；不得复用旧审计结论
REQ-ADMINPORTAL-00790,admin-portal,docs/SPEC-§4-管理后台.md,4.0 管理后台功能总览,| §4.14 快捷命令面板 | 所有角色 | P1 |,permission,P0,需求规定：§4.14 快捷命令面板 | 所有角色 | P1,源码路径+测试用例/运行验证（本阶段仅登记证据要求）,未判定实现状态；不得复用旧审计结论
REQ-ADMINPORTAL-00791,admin-portal,docs/SPEC-§4-管理后台.md,4.0 管理后台功能总览,| §4.15 系统通知广播 | 运营 | P1 |,logic,P0,需求规定：§4.15 系统通知广播 | 运营 | P1,源码路径+测试用例/运行验证（本阶段仅登记证据要求）,未判定实现状态；不得复用旧审计结论
REQ-ADMINPORTAL-00792,admin-portal,docs/SPEC-§4-管理后台.md,4.0 管理后台功能总览,| §4.16 仪表盘自定义 | 所有角色 | P1 |,permission,P0,需求规定：§4.16 仪表盘自定义 | 所有角色 | P1,源码路径+测试用例/运行验证（本阶段仅登记证据要求）,未判定实现状态；不得复用旧审计结论
REQ-ADMINPORTAL-00793,admin-portal,docs/SPEC-§4-管理后台.md,4.0 管理后台功能总览,| §4.17 后台品牌定制 | 运维 | P1 |,logic,P0,需求规定：§4.17 后台品牌定制 | 运维 | P1,源码路径+测试用例/运行验证（本阶段仅登记证据要求）,未判定实现状态；不得复用旧审计结论
REQ-ADMINPORTAL-00794,admin-portal,docs/SPEC-§4-管理后台.md,4.0 管理后台功能总览,| §4.18 后台新手指引 | 所有角色 | P1 |,permission,P0,需求规定：§4.18 后台新手指引 | 所有角色 | P1,源码路径+测试用例/运行验证（本阶段仅登记证据要求）,未判定实现状态；不得复用旧审计结论
REQ-ADMINPORTAL-00795,admin-portal,docs/SPEC-§4-管理后台.md,4.0 管理后台功能总览,| §4.19 备份管理 | 运维 | P2 |,logic,P0,需求规定：§4.19 备份管理 | 运维 | P2,源码路径+测试用例/运行验证（本阶段仅登记证据要求）,未判定实现状态；不得复用旧审计结论
REQ-ADMINPORTAL-00796,admin-portal,docs/SPEC-§4-管理后台.md,4.0 管理后台功能总览,| §4.20 升级管理 | 运维 | P2 |,logic,P0,需求规定：§4.20 升级管理 | 运维 | P2,源码路径+测试用例/运行验证（本阶段仅登记证据要求）,未判定实现状态；不得复用旧审计结论
REQ-ADMINPORTAL-00797,admin-portal,docs/SPEC-§4-管理后台.md,4.0 管理后台功能总览,| §4.21 Open API 平台 | 所有角色 | P2 |,permission,P0,需求规定：§4.21 Open API 平台 | 所有角色 | P2,源码路径+测试用例/运行验证（本阶段仅登记证据要求）,未判定实现状态；不得复用旧审计结论
REQ-ADMINPORTAL-00798,admin-portal,docs/SPEC-§4-管理后台.md,4.0 管理后台功能总览,| §4.22 数据生命周期管理 | 运维 | P0 |,logic,P0,需求规定：§4.22 数据生命周期管理 | 运维 | P0,源码路径+测试用例/运行验证（本阶段仅登记证据要求）,未判定实现状态；不得复用旧审计结论
REQ-ADMINPORTAL-00799,admin-portal,docs/SPEC-§4-管理后台.md,4.0 管理后台功能总览,| §4.23 外部通知渠道集成 | 运维 | P0 |,logic,P0,需求规定：§4.23 外部通知渠道集成 | 运维 | P0,源码路径+测试用例/运行验证（本阶段仅登记证据要求）,未判定实现状态；不得复用旧审计结论
REQ-ADMINPORTAL-00800,admin-portal,docs/SPEC-§4-管理后台.md,4.0 管理后台功能总览,| §4.24 管理后台安全加固 | 运维 | P0 |,security,P0,需求规定：§4.24 管理后台安全加固 | 运维 | P0,源码路径+测试用例/运行验证（本阶段仅登记证据要求）,未判定实现状态；不得复用旧审计结论
REQ-ADMINPORTAL-00801,admin-portal,docs/SPEC-§4-管理后台.md,完成能力 / 展示效果,**总览看板分为三部分：**,logic,P0,需求规定：**总览看板分为三部分：**,源码路径+测试用例/运行验证（本阶段仅登记证据要求）,未判定实现状态；不得复用旧审计结论
REQ-ADMINPORTAL-00802,admin-portal,docs/SPEC-§4-管理后台.md,完成能力 / 展示效果,**顶部 KPI 卡片（每个卡片右上角[?]说明卡片含义和数据来源）：**,logic,P0,需求规定：**顶部 KPI 卡片（每个卡片右上角[?]说明卡片含义和数据来源）：**,源码路径+测试用例/运行验证（本阶段仅登记证据要求）,未判定实现状态；不得复用旧审计结论
REQ-ADMINPORTAL-00803,admin-portal,docs/SPEC-§4-管理后台.md,完成能力 / 展示效果,- 今日营收 / 本月营收 / 同比增长,logic,P0,需求规定：- 今日营收 / 本月营收 / 同比增长,源码路径+测试用例/运行验证（本阶段仅登记证据要求）,未判定实现状态；不得复用旧审计结论
REQ-ADMINPORTAL-00804,admin-portal,docs/SPEC-§4-管理后台.md,完成能力 / 展示效果,- 活跃用户数 / 新注册用户数,logic,P0,需求规定：- 活跃用户数 / 新注册用户数,源码路径+测试用例/运行验证（本阶段仅登记证据要求）,未判定实现状态；不得复用旧审计结论
REQ-ADMINPORTAL-00805,admin-portal,docs/SPEC-§4-管理后台.md,完成能力 / 展示效果,- API 调用总量 / 成功率,api,P0,需求规定：- API 调用总量 / 成功率,源码路径+测试用例/运行验证（本阶段仅登记证据要求）,未判定实现状态；不得复用旧审计结论
REQ-ADMINPORTAL-00806,admin-portal,docs/SPEC-§4-管理后台.md,完成能力 / 展示效果,- 平台余额 / 渠道可用率,performance,P0,需求规定：- 平台余额 / 渠道可用率,源码路径+测试用例/运行验证（本阶段仅登记证据要求）,未判定实现状态；不得复用旧审计结论
REQ-ADMINPORTAL-00807,admin-portal,docs/SPEC-§4-管理后台.md,完成能力 / 展示效果,**中间待办中心（§4.11 详细规格）：**,logic,P0,需求规定：**中间待办中心（§4.11 详细规格）：**,源码路径+测试用例/运行验证（本阶段仅登记证据要求）,未判定实现状态；不得复用旧审计结论
REQ-ADMINPORTAL-00808,admin-portal,docs/SPEC-§4-管理后台.md,完成能力 / 展示效果,- 各模块待处理事项汇总，点击跳转对应页面,page,P0,需求规定：- 各模块待处理事项汇总，点击跳转对应页面,源码路径+测试用例/运行验证（本阶段仅登记证据要求）,未判定实现状态；不得复用旧审计结论
REQ-ADMINPORTAL-00809,admin-portal,docs/SPEC-§4-管理后台.md,完成能力 / 展示效果,- 红色标记紧急待办，黄色标记常规待办,logic,P0,需求规定：- 红色标记紧急待办，黄色标记常规待办,源码路径+测试用例/运行验证（本阶段仅登记证据要求）,未判定实现状态；不得复用旧审计结论
REQ-ADMINPORTAL-00810,admin-portal,docs/SPEC-§4-管理后台.md,完成能力 / 展示效果,**底部趋势图表：**,logic,P0,需求规定：**底部趋势图表：**,源码路径+测试用例/运行验证（本阶段仅登记证据要求）,未判定实现状态；不得复用旧审计结论
REQ-ADMINPORTAL-00811,admin-portal,docs/SPEC-§4-管理后台.md,完成能力 / 展示效果,- 近 7/30 天营收趋势（折线图）,logic,P0,需求规定：- 近 7/30 天营收趋势（折线图）,源码路径+测试用例/运行验证（本阶段仅登记证据要求）,未判定实现状态；不得复用旧审计结论
REQ-ADMINPORTAL-00812,admin-portal,docs/SPEC-§4-管理后台.md,完成能力 / 展示效果,- 近 7/30 天调用量趋势（柱状图）,logic,P0,需求规定：- 近 7/30 天调用量趋势（柱状图）,源码路径+测试用例/运行验证（本阶段仅登记证据要求）,未判定实现状态；不得复用旧审计结论
REQ-ADMINPORTAL-00813,admin-portal,docs/SPEC-§4-管理后台.md,完成能力 / 展示效果,- 用户增长趋势,logic,P0,需求规定：- 用户增长趋势,源码路径+测试用例/运行验证（本阶段仅登记证据要求）,未判定实现状态；不得复用旧审计结论
REQ-ADMINPORTAL-00814,admin-portal,docs/SPEC-§4-管理后台.md,完成能力 / 展示效果,- 各模型调用占比（饼图/环形图）,logic,P0,需求规定：- 各模型调用占比（饼图/环形图）,源码路径+测试用例/运行验证（本阶段仅登记证据要求）,未判定实现状态；不得复用旧审计结论
REQ-ADMINPORTAL-00815,admin-portal,docs/SPEC-§4-管理后台.md,完成能力 / 展示效果,**用户列表（含批量操作）：**,logic,P0,需求规定：**用户列表（含批量操作）：**,源码路径+测试用例/运行验证（本阶段仅登记证据要求）,未判定实现状态；不得复用旧审计结论
REQ-ADMINPORTAL-00816,admin-portal,docs/SPEC-§4-管理后台.md,完成能力 / 展示效果,**批量操作弹窗（以批量充值为例）：**,logic,P0,需求规定：**批量操作弹窗（以批量充值为例）：**,源码路径+测试用例/运行验证（本阶段仅登记证据要求）,未判定实现状态；不得复用旧审计结论
REQ-ADMINPORTAL-00817,admin-portal,docs/SPEC-§4-管理后台.md,完成能力 / 展示效果,**用户详情页：**,logic,P0,需求规定：**用户详情页：**,源码路径+测试用例/运行验证（本阶段仅登记证据要求）,未判定实现状态；不得复用旧审计结论
REQ-ADMINPORTAL-00818,admin-portal,docs/SPEC-§4-管理后台.md,完成能力 / 展示效果,- 基本信息卡片（邮箱/手机/角色/注册时间/实名状态）,permission,P0,需求规定：- 基本信息卡片（邮箱/手机/角色/注册时间/实名状态）,源码路径+测试用例/运行验证（本阶段仅登记证据要求）,未判定实现状态；不得复用旧审计结论
REQ-ADMINPORTAL-00819,admin-portal,docs/SPEC-§4-管理后台.md,完成能力 / 展示效果,- 余额 + 最近 5 条充值记录,audit,P0,需求规定：- 余额 + 最近 5 条充值记录,源码路径+测试用例/运行验证（本阶段仅登记证据要求）,未判定实现状态；不得复用旧审计结论
REQ-ADMINPORTAL-00820,admin-portal,docs/SPEC-§4-管理后台.md,完成能力 / 展示效果,- API Key 列表（状态/名称/最后调用时间）,api,P0,需求规定：- API Key 列表（状态/名称/最后调用时间）,源码路径+测试用例/运行验证（本阶段仅登记证据要求）,未判定实现状态；不得复用旧审计结论
REQ-ADMINPORTAL-00821,admin-portal,docs/SPEC-§4-管理后台.md,完成能力 / 展示效果,- 最近 10 条调用日志,audit,P0,需求规定：- 最近 10 条调用日志,源码路径+测试用例/运行验证（本阶段仅登记证据要求）,未判定实现状态；不得复用旧审计结论
REQ-ADMINPORTAL-00822,admin-portal,docs/SPEC-§4-管理后台.md,完成能力 / 展示效果,- 近 30 天消费趋势,logic,P0,需求规定：- 近 30 天消费趋势,源码路径+测试用例/运行验证（本阶段仅登记证据要求）,未判定实现状态；不得复用旧审计结论
REQ-ADMINPORTAL-00823,admin-portal,docs/SPEC-§4-管理后台.md,完成能力 / 展示效果,- 操作时间线（登录/Key 变更/充值/设置变更）,field,P0,需求规定：- 操作时间线（登录/Key 变更/充值/设置变更）,源码路径+测试用例/运行验证（本阶段仅登记证据要求）,未判定实现状态；不得复用旧审计结论
REQ-ADMINPORTAL-00824,admin-portal,docs/SPEC-§4-管理后台.md,完成能力 / 展示效果,- 关联工单,logic,P0,需求规定：- 关联工单,源码路径+测试用例/运行验证（本阶段仅登记证据要求）,未判定实现状态；不得复用旧审计结论
REQ-ADMINPORTAL-00825,admin-portal,docs/SPEC-§4-管理后台.md,4.2.1 客户管理 → 绑定代理商 `/admin/customers`,**完成能力 / 展示效果**,page,P0,需求规定：**完成能力 / 展示效果**,源码路径+测试用例/运行验证（本阶段仅登记证据要求）,未判定实现状态；不得复用旧审计结论
REQ-ADMINPORTAL-00826,admin-portal,docs/SPEC-§4-管理后台.md,4.2.1 客户管理 → 绑定代理商 `/admin/customers`,**批量绑定代理商弹窗：**,logic,P0,需求规定：**批量绑定代理商弹窗：**,源码路径+测试用例/运行验证（本阶段仅登记证据要求）,未判定实现状态；不得复用旧审计结论
REQ-ADMINPORTAL-00827,admin-portal,docs/SPEC-§4-管理后台.md,4.2.1 客户管理 → 绑定代理商 `/admin/customers`,**上下游关系**,logic,P0,需求规定：**上下游关系**,源码路径+测试用例/运行验证（本阶段仅登记证据要求）,未判定实现状态；不得复用旧审计结论
REQ-ADMINPORTAL-00828,admin-portal,docs/SPEC-§4-管理后台.md,[?] 按钮级帮助对照表,| 按钮/操作 | 帮助说明 |,page,P0,需求规定：按钮/操作 | 帮助说明,源码路径+测试用例/运行验证（本阶段仅登记证据要求）,未判定实现状态；不得复用旧审计结论
REQ-ADMINPORTAL-00829,admin-portal,docs/SPEC-§4-管理后台.md,[?] 按钮级帮助对照表,| 时间范围筛选 [?] | 默认「全部」= 不按注册时间过滤，展示全部客户,page,P0,需求规定：时间范围筛选 [?] | 默认「全部」= 不按注册时间过滤，展示全部客户,源码路径+测试用例/运行验证（本阶段仅登记证据要求）,未判定实现状态；不得复用旧审计结论
REQ-ADMINPORTAL-00830,admin-portal,docs/SPEC-§4-管理后台.md,[?] 按钮级帮助对照表,选择今日/昨日/本周/本月/自定义后按所选范围过滤注册时间。关键词搜索默认不受时间范围限制 |,field,P0,需求规定：选择今日/昨日/本周/本月/自定义后按所选范围过滤注册时间。关键词搜索默认不受时间范围限制,源码路径+测试用例/运行验证（本阶段仅登记证据要求）,未判定实现状态；不得复用旧审计结论
REQ-ADMINPORTAL-00831,admin-portal,docs/SPEC-§4-管理后台.md,[?] 按钮级帮助对照表,| 搜索 [?] | 按客户邮箱或名称模糊匹配（不区分大小写），与上方筛选条件叠加生效,field,P0,需求规定：搜索 [?] | 按客户邮箱或名称模糊匹配（不区分大小写），与上方筛选条件叠加生效,源码路径+测试用例/运行验证（本阶段仅登记证据要求）,未判定实现状态；不得复用旧审计结论
REQ-ADMINPORTAL-00832,admin-portal,docs/SPEC-§4-管理后台.md,[?] 按钮级帮助对照表,输入停顿 300ms 自动搜索，也可按回车或点击搜索图标立即搜索 |,field,P0,需求规定：输入停顿 300ms 自动搜索，也可按回车或点击搜索图标立即搜索,源码路径+测试用例/运行验证（本阶段仅登记证据要求）,未判定实现状态；不得复用旧审计结论
REQ-ADMINPORTAL-00833,admin-portal,docs/SPEC-§4-管理后台.md,[?] 按钮级帮助对照表,| 重置 [?] | 一键清空搜索关键词与全部筛选条件（时间范围/状态/累计消费/绑定代理商），恢复默认列表 |,rollback,P0,需求规定：重置 [?] | 一键清空搜索关键词与全部筛选条件（时间范围/状态/累计消费/绑定代理商），恢复默认列表,源码路径+测试用例/运行验证（本阶段仅登记证据要求）,未判定实现状态；不得复用旧审计结论
REQ-ADMINPORTAL-00834,admin-portal,docs/SPEC-§4-管理后台.md,[?] 按钮级帮助对照表,| 导出 [?] | 将当前筛选结果导出为 CSV 文件（邮箱/名称/状态/余额/累计消费/注册时间/绑定代理商）。注意：仅导出当前页数据 |,permission,P0,需求规定：导出 [?] | 将当前筛选结果导出为 CSV 文件（邮箱/名称/状态/余额/累计消费/注册时间/绑定代理商）。注意：仅导出当前页数据,源码路径+测试用例/运行验证（本阶段仅登记证据要求）,未判定实现状态；不得复用旧审计结论
REQ-ADMINPORTAL-00835,admin-portal,docs/SPEC-§4-管理后台.md,[?] 按钮级帮助对照表,| 状态筛选 [?] | 按客户账户状态筛选：正常=启用中,state,P0,需求规定：状态筛选 [?] | 按客户账户状态筛选：正常=启用中,源码路径+测试用例/运行验证（本阶段仅登记证据要求）,未判定实现状态；不得复用旧审计结论
REQ-ADMINPORTAL-00836,admin-portal,docs/SPEC-§4-管理后台.md,[?] 按钮级帮助对照表,冻结=已禁用。默认「全部」不过滤 |,state,P0,需求规定：冻结=已禁用。默认「全部」不过滤,源码路径+测试用例/运行验证（本阶段仅登记证据要求）,未判定实现状态；不得复用旧审计结论
REQ-ADMINPORTAL-00837,admin-portal,docs/SPEC-§4-管理后台.md,[?] 按钮级帮助对照表,| 累计消费筛选 [?] | 按客户累计消费金额（¥）区间筛选，可只填最低或最高,field,P0,需求规定：累计消费筛选 [?] | 按客户累计消费金额（¥）区间筛选，可只填最低或最高,源码路径+测试用例/运行验证（本阶段仅登记证据要求）,未判定实现状态；不得复用旧审计结论
REQ-ADMINPORTAL-00838,admin-portal,docs/SPEC-§4-管理后台.md,[?] 按钮级帮助对照表,与搜索及其他筛选条件叠加生效 |,logic,P0,需求规定：与搜索及其他筛选条件叠加生效,源码路径+测试用例/运行验证（本阶段仅登记证据要求）,未判定实现状态；不得复用旧审计结论
REQ-ADMINPORTAL-00839,admin-portal,docs/SPEC-§4-管理后台.md,[?] 按钮级帮助对照表,"| 充值（列表行内，余额不足时显示）[?] | 该客户可用余额低于 ¥10,000。点击进入客户详情页查看余额与充值记录，并通过「去充值」入口处理充值（充值订单审核 / 人工上账 / 调账） |",audit,P0,"需求规定：充值（列表行内，余额不足时显示）[?] | 该客户可用余额低于 ¥10,000。点击进入客户详情页查看余额与充值记录，并通过「去充值」入口处理充值（充值订单审核 / 人工上账 / 调账）",源码路径+测试用例/运行验证（本阶段仅登记证据要求）,未判定实现状态；不得复用旧审计结论
REQ-ADMINPORTAL-00840,admin-portal,docs/SPEC-§4-管理后台.md,[?] 按钮级帮助对照表,| 去充值（客户详情页）[?] | 跳转到「充值订单」页并按该客户邮箱预置搜索，查看其充值订单并审核（确认到账后余额增加）,field,P0,需求规定：去充值（客户详情页）[?] | 跳转到「充值订单」页并按该客户邮箱预置搜索，查看其充值订单并审核（确认到账后余额增加）,源码路径+测试用例/运行验证（本阶段仅登记证据要求）,未判定实现状态；不得复用旧审计结论
REQ-ADMINPORTAL-00841,admin-portal,docs/SPEC-§4-管理后台.md,[?] 按钮级帮助对照表,对公转账在「财务 → 人工上账」审核 |,logic,P0,需求规定：对公转账在「财务 → 人工上账」审核,源码路径+测试用例/运行验证（本阶段仅登记证据要求）,未判定实现状态；不得复用旧审计结论
REQ-ADMINPORTAL-00842,admin-portal,docs/SPEC-§4-管理后台.md,[?] 按钮级帮助对照表,| 编辑额度（客户详情页）[?] | 配置该客户 × 模型的 RPM/TPM 限流配额例外（非货币充值，仅调整调用速率上限） |,permission,P0,需求规定：编辑额度（客户详情页）[?] | 配置该客户 × 模型的 RPM/TPM 限流配额例外（非货币充值，仅调整调用速率上限）,源码路径+测试用例/运行验证（本阶段仅登记证据要求）,未判定实现状态；不得复用旧审计结论
REQ-ADMINPORTAL-00843,admin-portal,docs/SPEC-§4-管理后台.md,[?] 按钮级帮助对照表,| 绑定代理商筛选 [?] | 按「已绑定 / 未绑定」过滤客户列表，快速定位有归属 / 无归属客户 |,logic,P0,需求规定：绑定代理商筛选 [?] | 按「已绑定 / 未绑定」过滤客户列表，快速定位有归属 / 无归属客户,源码路径+测试用例/运行验证（本阶段仅登记证据要求）,未判定实现状态；不得复用旧审计结论
REQ-ADMINPORTAL-00844,admin-portal,docs/SPEC-§4-管理后台.md,[?] 按钮级帮助对照表,| 批量绑定代理商 [?] | 将勾选的客户归属绑定到所选代理商：绑定后该客户后续消费佣金计入该代理商，绑定前历史佣金不变,logic,P0,需求规定：批量绑定代理商 [?] | 将勾选的客户归属绑定到所选代理商：绑定后该客户后续消费佣金计入该代理商，绑定前历史佣金不变,源码路径+测试用例/运行验证（本阶段仅登记证据要求）,未判定实现状态；不得复用旧审计结论
REQ-ADMINPORTAL-00845,admin-portal,docs/SPEC-§4-管理后台.md,[?] 按钮级帮助对照表,同一客户同一时刻仅归属一个代理商（重新绑定即覆盖转移） |,permission,P0,需求规定：同一客户同一时刻仅归属一个代理商（重新绑定即覆盖转移）,源码路径+测试用例/运行验证（本阶段仅登记证据要求）,未判定实现状态；不得复用旧审计结论
REQ-ADMINPORTAL-00846,admin-portal,docs/SPEC-§4-管理后台.md,[?] 按钮级帮助对照表,| 绑定代理商列 [?] | 展示该客户当前归属的代理商名称,page,P0,需求规定：绑定代理商列 [?] | 展示该客户当前归属的代理商名称,源码路径+测试用例/运行验证（本阶段仅登记证据要求）,未判定实现状态；不得复用旧审计结论
REQ-ADMINPORTAL-00847,admin-portal,docs/SPEC-§4-管理后台.md,[?] 按钮级帮助对照表,未绑定显示「未绑定」 |,logic,P0,需求规定：未绑定显示「未绑定」,源码路径+测试用例/运行验证（本阶段仅登记证据要求）,未判定实现状态；不得复用旧审计结论
REQ-ADMINPORTAL-00848,admin-portal,docs/SPEC-§4-管理后台.md,[?] 按钮级帮助对照表,| 按钮/入口 | 功能说明 |,page,P0,需求规定：按钮/入口 | 功能说明,源码路径+测试用例/运行验证（本阶段仅登记证据要求）,未判定实现状态；不得复用旧审计结论
REQ-ADMINPORTAL-00849,admin-portal,docs/SPEC-§4-管理后台.md,[?] 按钮级帮助对照表,| `新增渠道[?]` | 添加新的模型渠道，需填写API地址、认证方式和模型列表 |,api,P0,需求规定：`新增渠道[?]` | 添加新的模型渠道，需填写API地址、认证方式和模型列表,源码路径+测试用例/运行验证（本阶段仅登记证据要求）,未判定实现状态；不得复用旧审计结论
REQ-ADMINPORTAL-00850,admin-portal,docs/SPEC-§4-管理后台.md,[?] 按钮级帮助对照表,| `连通性测试[?]` | 测试当前配置的API地址和Key是否可用 |,api,P0,需求规定：`连通性测试[?]` | 测试当前配置的API地址和Key是否可用,源码路径+测试用例/运行验证（本阶段仅登记证据要求）,未判定实现状态；不得复用旧审计结论
REQ-ADMINPORTAL-00851,admin-portal,docs/SPEC-§4-管理后台.md,[?] 按钮级帮助对照表,| `停用渠道[?]` | 停用后该渠道的所有模型将不可用，请先确认有备用渠道 |,exception,P0,需求规定：`停用渠道[?]` | 停用后该渠道的所有模型将不可用，请先确认有备用渠道,源码路径+测试用例/运行验证（本阶段仅登记证据要求）,未判定实现状态；不得复用旧审计结论
REQ-ADMINPORTAL-00852,admin-portal,docs/SPEC-§4-管理后台.md,[?] 按钮级帮助对照表,| `新增模型[?]` | 在平台上新增可售卖的模型，需设置名称、单价和渠道映射 |,field,P0,需求规定：`新增模型[?]` | 在平台上新增可售卖的模型，需设置名称、单价和渠道映射,源码路径+测试用例/运行验证（本阶段仅登记证据要求）,未判定实现状态；不得复用旧审计结论
REQ-ADMINPORTAL-00853,admin-portal,docs/SPEC-§4-管理后台.md,[?] 按钮级帮助对照表,| `下架模型[?]` | 模型下架后用户不可调用，不影响已有调用记录 |,audit,P0,需求规定：`下架模型[?]` | 模型下架后用户不可调用，不影响已有调用记录,源码路径+测试用例/运行验证（本阶段仅登记证据要求）,未判定实现状态；不得复用旧审计结论
REQ-ADMINPORTAL-00854,admin-portal,docs/SPEC-§4-管理后台.md,[?] 按钮级帮助对照表,| `编辑价格[?]` | 修改模型售价，即时生效，影响后续计费 |,logic,P0,需求规定：`编辑价格[?]` | 修改模型售价，即时生效，影响后续计费,源码路径+测试用例/运行验证（本阶段仅登记证据要求）,未判定实现状态；不得复用旧审计结论
REQ-ADMINPORTAL-00855,admin-portal,docs/SPEC-§4-管理后台.md,[?] 按钮级帮助对照表,| 按钮/入口 | 功能说明 |,page,P0,需求规定：按钮/入口 | 功能说明,源码路径+测试用例/运行验证（本阶段仅登记证据要求）,未判定实现状态；不得复用旧审计结论
REQ-ADMINPORTAL-00856,admin-portal,docs/SPEC-§4-管理后台.md,[?] 按钮级帮助对照表,| `审核通过[?]` | 确认充值订单有效，资金进入用户余额 |,logic,P0,需求规定：`审核通过[?]` | 确认充值订单有效，资金进入用户余额,源码路径+测试用例/运行验证（本阶段仅登记证据要求）,未判定实现状态；不得复用旧审计结论
REQ-ADMINPORTAL-00857,admin-portal,docs/SPEC-§4-管理后台.md,[?] 按钮级帮助对照表,| `标记异常[?]` | 充值回调异常时使用，需人工核实后补登 |,exception,P0,需求规定：`标记异常[?]` | 充值回调异常时使用，需人工核实后补登,源码路径+测试用例/运行验证（本阶段仅登记证据要求）,未判定实现状态；不得复用旧审计结论
REQ-ADMINPORTAL-00858,admin-portal,docs/SPEC-§4-管理后台.md,[?] 按钮级帮助对照表,| `发起退款[?]` | 确认后退款金额退回用户余额或原路返回 |,field,P0,需求规定：`发起退款[?]` | 确认后退款金额退回用户余额或原路返回,源码路径+测试用例/运行验证（本阶段仅登记证据要求）,未判定实现状态；不得复用旧审计结论
REQ-ADMINPORTAL-00859,admin-portal,docs/SPEC-§4-管理后台.md,[?] 按钮级帮助对照表,| `审核提现[?]` | 确认提现申请后发起实际打款 |,logic,P0,需求规定：`审核提现[?]` | 确认提现申请后发起实际打款,源码路径+测试用例/运行验证（本阶段仅登记证据要求）,未判定实现状态；不得复用旧审计结论
REQ-ADMINPORTAL-00860,admin-portal,docs/SPEC-§4-管理后台.md,[?] 按钮级帮助对照表,| `结算佣金[?]` | 计算并发放代理佣金到代理账户余额 |,concurrency,P0,需求规定：`结算佣金[?]` | 计算并发放代理佣金到代理账户余额,源码路径+测试用例/运行验证（本阶段仅登记证据要求）,未判定实现状态；不得复用旧审计结论
REQ-ADMINPORTAL-00861,admin-portal,docs/SPEC-§4-管理后台.md,[?] 按钮级帮助对照表,| `确认对账[?]` | 核对无误后标记该对账周期已完成 |,logic,P0,需求规定：`确认对账[?]` | 核对无误后标记该对账周期已完成,源码路径+测试用例/运行验证（本阶段仅登记证据要求）,未判定实现状态；不得复用旧审计结论
REQ-ADMINPORTAL-00862,admin-portal,docs/SPEC-§4-管理后台.md,[?] 按钮级帮助对照表,| 按钮/入口 | 功能说明 |,page,P0,需求规定：按钮/入口 | 功能说明,源码路径+测试用例/运行验证（本阶段仅登记证据要求）,未判定实现状态；不得复用旧审计结论
REQ-ADMINPORTAL-00863,admin-portal,docs/SPEC-§4-管理后台.md,[?] 按钮级帮助对照表,| `创建活动[?]` | 新建营销活动，需设置活动类型（充值返现/消费折扣/邀请奖励）、规则和预算 |,logic,P0,需求规定：`创建活动[?]` | 新建营销活动，需设置活动类型（充值返现/消费折扣/邀请奖励）、规则和预算,源码路径+测试用例/运行验证（本阶段仅登记证据要求）,未判定实现状态；不得复用旧审计结论
REQ-ADMINPORTAL-00864,admin-portal,docs/SPEC-§4-管理后台.md,[?] 按钮级帮助对照表,| `预览活动[?]` | 以用户视角预览活动展示效果 |,page,P0,需求规定：`预览活动[?]` | 以用户视角预览活动展示效果,源码路径+测试用例/运行验证（本阶段仅登记证据要求）,未判定实现状态；不得复用旧审计结论
REQ-ADMINPORTAL-00865,admin-portal,docs/SPEC-§4-管理后台.md,[?] 按钮级帮助对照表,| `上线活动[?]` | 活动对用户可见，到结束时间自动下线 |,state,P0,需求规定：`上线活动[?]` | 活动对用户可见，到结束时间自动下线,源码路径+测试用例/运行验证（本阶段仅登记证据要求）,未判定实现状态；不得复用旧审计结论
REQ-ADMINPORTAL-00866,admin-portal,docs/SPEC-§4-管理后台.md,[?] 按钮级帮助对照表,| `发送公告[?]` | 公告对所有用户可见，发布后不可撤回 |,state,P0,需求规定：`发送公告[?]` | 公告对所有用户可见，发布后不可撤回,源码路径+测试用例/运行验证（本阶段仅登记证据要求）,未判定实现状态；不得复用旧审计结论
REQ-ADMINPORTAL-00867,admin-portal,docs/SPEC-§4-管理后台.md,[?] 按钮级帮助对照表,| `导入敏感词[?]` | 批量导入敏感词，每行一个，支持TXT/CSV格式 |,logic,P0,需求规定：`导入敏感词[?]` | 批量导入敏感词，每行一个，支持TXT/CSV格式,源码路径+测试用例/运行验证（本阶段仅登记证据要求）,未判定实现状态；不得复用旧审计结论
REQ-ADMINPORTAL-00868,admin-portal,docs/SPEC-§4-管理后台.md,[?] 按钮级帮助对照表,| 按钮/入口 | 功能说明 |,page,P0,需求规定：按钮/入口 | 功能说明,源码路径+测试用例/运行验证（本阶段仅登记证据要求）,未判定实现状态；不得复用旧审计结论
REQ-ADMINPORTAL-00869,admin-portal,docs/SPEC-§4-管理后台.md,[?] 按钮级帮助对照表,| `标记已处置[?]` | 确认安全事件已处理，记录处理方式和结论 |,audit,P0,需求规定：`标记已处置[?]` | 确认安全事件已处理，记录处理方式和结论,源码路径+测试用例/运行验证（本阶段仅登记证据要求）,未判定实现状态；不得复用旧审计结论
REQ-ADMINPORTAL-00870,admin-portal,docs/SPEC-§4-管理后台.md,[?] 按钮级帮助对照表,| `封禁IP[?]` | 将该IP加入黑名单，立即生效 |,logic,P0,需求规定：`封禁IP[?]` | 将该IP加入黑名单，立即生效,源码路径+测试用例/运行验证（本阶段仅登记证据要求）,未判定实现状态；不得复用旧审计结论
REQ-ADMINPORTAL-00871,admin-portal,docs/SPEC-§4-管理后台.md,[?] 按钮级帮助对照表,| `解封IP[?]` | 从黑名单移除该IP，恢复访问 |,rollback,P0,需求规定：`解封IP[?]` | 从黑名单移除该IP，恢复访问,源码路径+测试用例/运行验证（本阶段仅登记证据要求）,未判定实现状态；不得复用旧审计结论
REQ-ADMINPORTAL-00872,admin-portal,docs/SPEC-§4-管理后台.md,[?] 按钮级帮助对照表,| `测试规则[?]` | 模拟运行当前风控规则，查看命中结果 |,test,P0,需求规定：`测试规则[?]` | 模拟运行当前风控规则，查看命中结果,源码路径+测试用例/运行验证（本阶段仅登记证据要求）,未判定实现状态；不得复用旧审计结论
REQ-ADMINPORTAL-00873,admin-portal,docs/SPEC-§4-管理后台.md,[?] 按钮级帮助对照表,| `导出事件[?]` | 导出安全事件列表，用于安全审计报告 |,audit,P0,需求规定：`导出事件[?]` | 导出安全事件列表，用于安全审计报告,源码路径+测试用例/运行验证（本阶段仅登记证据要求）,未判定实现状态；不得复用旧审计结论
REQ-ADMINPORTAL-00874,admin-portal,docs/SPEC-§4-管理后台.md,[?] 按钮级帮助对照表,| 按钮/入口 | 功能说明 |,page,P0,需求规定：按钮/入口 | 功能说明,源码路径+测试用例/运行验证（本阶段仅登记证据要求）,未判定实现状态；不得复用旧审计结论
REQ-ADMINPORTAL-00875,admin-portal,docs/SPEC-§4-管理后台.md,[?] 按钮级帮助对照表,| `查询日志[?]` | 按用户/时间/模型/状态筛选API调用日志 |,api,P0,需求规定：`查询日志[?]` | 按用户/时间/模型/状态筛选API调用日志,源码路径+测试用例/运行验证（本阶段仅登记证据要求）,未判定实现状态；不得复用旧审计结论
REQ-ADMINPORTAL-00876,admin-portal,docs/SPEC-§4-管理后台.md,[?] 按钮级帮助对照表,| `导出日志[?]` | 导出当前筛选条件的日志数据，支持CSV/JSON |,audit,P0,需求规定：`导出日志[?]` | 导出当前筛选条件的日志数据，支持CSV/JSON,源码路径+测试用例/运行验证（本阶段仅登记证据要求）,未判定实现状态；不得复用旧审计结论
REQ-ADMINPORTAL-00877,admin-portal,docs/SPEC-§4-管理后台.md,[?] 按钮级帮助对照表,| `操作日志[?]` | 查看全平台所有管理员的操作记录，不可删除 |,audit,P0,需求规定：`操作日志[?]` | 查看全平台所有管理员的操作记录，不可删除,源码路径+测试用例/运行验证（本阶段仅登记证据要求）,未判定实现状态；不得复用旧审计结论
REQ-ADMINPORTAL-00878,admin-portal,docs/SPEC-§4-管理后台.md,[?] 按钮级帮助对照表,| `刷新面板[?]` | 刷新当前监控面板数据，更新到最新 |,page,P0,需求规定：`刷新面板[?]` | 刷新当前监控面板数据，更新到最新,源码路径+测试用例/运行验证（本阶段仅登记证据要求）,未判定实现状态；不得复用旧审计结论
REQ-ADMINPORTAL-00879,admin-portal,docs/SPEC-§4-管理后台.md,[?] 按钮级帮助对照表,| 按钮/入口 | 功能说明 |,page,P0,需求规定：按钮/入口 | 功能说明,源码路径+测试用例/运行验证（本阶段仅登记证据要求）,未判定实现状态；不得复用旧审计结论
REQ-ADMINPORTAL-00880,admin-portal,docs/SPEC-§4-管理后台.md,[?] 按钮级帮助对照表,| `保存配置[?]` | 保存当前修改，部分配置项即时生效 |,logic,P0,需求规定：`保存配置[?]` | 保存当前修改，部分配置项即时生效,源码路径+测试用例/运行验证（本阶段仅登记证据要求）,未判定实现状态；不得复用旧审计结论
REQ-ADMINPORTAL-00881,admin-portal,docs/SPEC-§4-管理后台.md,[?] 按钮级帮助对照表,| `版本历史[?]` | 查看所有历史配置版本，可对比差异 |,logic,P0,需求规定：`版本历史[?]` | 查看所有历史配置版本，可对比差异,源码路径+测试用例/运行验证（本阶段仅登记证据要求）,未判定实现状态；不得复用旧审计结论
REQ-ADMINPORTAL-00882,admin-portal,docs/SPEC-§4-管理后台.md,[?] 按钮级帮助对照表,| `回滚版本[?]` | 恢复到指定历史版本，回滚后立即生效 |,rollback,P0,需求规定：`回滚版本[?]` | 恢复到指定历史版本，回滚后立即生效,源码路径+测试用例/运行验证（本阶段仅登记证据要求）,未判定实现状态；不得复用旧审计结论
REQ-ADMINPORTAL-00883,admin-portal,docs/SPEC-§4-管理后台.md,[?] 按钮级帮助对照表,| `导出配置[?]` | 导出当前配置为JSON文件，用于备份或导入到其他环境 |,logic,P0,需求规定：`导出配置[?]` | 导出当前配置为JSON文件，用于备份或导入到其他环境,源码路径+测试用例/运行验证（本阶段仅登记证据要求）,未判定实现状态；不得复用旧审计结论
REQ-ADMINPORTAL-00884,admin-portal,docs/SPEC-§4-管理后台.md,[?] 按钮级帮助对照表,| `导入配置[?]` | 从JSON文件导入配置，导入前会显示变更预览 |,logic,P0,需求规定：`导入配置[?]` | 从JSON文件导入配置，导入前会显示变更预览,源码路径+测试用例/运行验证（本阶段仅登记证据要求）,未判定实现状态；不得复用旧审计结论
REQ-ADMINPORTAL-00885,admin-portal,docs/SPEC-§4-管理后台.md,[?] 按钮级帮助对照表,| 按钮/入口 | 功能说明 |,page,P0,需求规定：按钮/入口 | 功能说明,源码路径+测试用例/运行验证（本阶段仅登记证据要求）,未判定实现状态；不得复用旧审计结论
REQ-ADMINPORTAL-00886,admin-portal,docs/SPEC-§4-管理后台.md,[?] 按钮级帮助对照表,| `生成报表[?]` | 选择数据源、维度和时间范围，生成自定义报表 |,field,P0,需求规定：`生成报表[?]` | 选择数据源、维度和时间范围，生成自定义报表,源码路径+测试用例/运行验证（本阶段仅登记证据要求）,未判定实现状态；不得复用旧审计结论
REQ-ADMINPORTAL-00887,admin-portal,docs/SPEC-§4-管理后台.md,[?] 按钮级帮助对照表,| `导出报表[?]` | 导出报表为CSV/Excel/PDF格式 |,logic,P0,需求规定：`导出报表[?]` | 导出报表为CSV/Excel/PDF格式,源码路径+测试用例/运行验证（本阶段仅登记证据要求）,未判定实现状态；不得复用旧审计结论
REQ-ADMINPORTAL-00888,admin-portal,docs/SPEC-§4-管理后台.md,[?] 按钮级帮助对照表,| `定时发送[?]` | 设置报表定时发送到指定邮箱 |,field,P0,需求规定：`定时发送[?]` | 设置报表定时发送到指定邮箱,源码路径+测试用例/运行验证（本阶段仅登记证据要求）,未判定实现状态；不得复用旧审计结论
REQ-ADMINPORTAL-00889,admin-portal,docs/SPEC-§4-管理后台.md,[?] 按钮级帮助对照表,| `创建A/B测试[?]` | 对路由/定价/限流策略创建A/B测试分组 |,page,P0,需求规定：`创建A/B测试[?]` | 对路由/定价/限流策略创建A/B测试分组,源码路径+测试用例/运行验证（本阶段仅登记证据要求）,未判定实现状态；不得复用旧审计结论
REQ-ADMINPORTAL-00890,admin-portal,docs/SPEC-§4-管理后台.md,[?] 按钮级帮助对照表,| 按钮/入口 | 功能说明 |,page,P0,需求规定：按钮/入口 | 功能说明,源码路径+测试用例/运行验证（本阶段仅登记证据要求）,未判定实现状态；不得复用旧审计结论
REQ-ADMINPORTAL-00891,admin-portal,docs/SPEC-§4-管理后台.md,[?] 按钮级帮助对照表,| `立即处理[?]` | 点击跳转到对应模块的处理页面 |,page,P0,需求规定：`立即处理[?]` | 点击跳转到对应模块的处理页面,源码路径+测试用例/运行验证（本阶段仅登记证据要求）,未判定实现状态；不得复用旧审计结论
REQ-ADMINPORTAL-00892,admin-portal,docs/SPEC-§4-管理后台.md,[?] 按钮级帮助对照表,| `标记已读[?]` | 将待办标记为已读，但事项仍存在直到实际处理完成 |,logic,P0,需求规定：`标记已读[?]` | 将待办标记为已读，但事项仍存在直到实际处理完成,源码路径+测试用例/运行验证（本阶段仅登记证据要求）,未判定实现状态；不得复用旧审计结论
REQ-ADMINPORTAL-00893,admin-portal,docs/SPEC-§4-管理后台.md,[?] 按钮级帮助对照表,| `展开全部[?]` | 查看所有类型的待办事项完整列表 |,logic,P0,需求规定：`展开全部[?]` | 查看所有类型的待办事项完整列表,源码路径+测试用例/运行验证（本阶段仅登记证据要求）,未判定实现状态；不得复用旧审计结论
REQ-ADMINPORTAL-00894,admin-portal,docs/SPEC-§4-管理后台.md,完成能力 / 展示效果,**首页顶部待办区域：**,logic,P0,需求规定：**首页顶部待办区域：**,源码路径+测试用例/运行验证（本阶段仅登记证据要求）,未判定实现状态；不得复用旧审计结论
REQ-ADMINPORTAL-00895,admin-portal,docs/SPEC-§4-管理后台.md,待办聚合数据来源,| 待办类型 | 数据源 | 聚合方式 |,logic,P0,需求规定：待办类型 | 数据源 | 聚合方式,源码路径+测试用例/运行验证（本阶段仅登记证据要求）,未判定实现状态；不得复用旧审计结论
REQ-ADMINPORTAL-00896,admin-portal,docs/SPEC-§4-管理后台.md,待办聚合数据来源,| 待实名审核 | real_name_reviews 表，status='pending' | 计数 |,logic,P0,需求规定：待实名审核 | real_name_reviews 表，status='pending' | 计数,源码路径+测试用例/运行验证（本阶段仅登记证据要求）,未判定实现状态；不得复用旧审计结论
REQ-ADMINPORTAL-00897,admin-portal,docs/SPEC-§4-管理后台.md,待办聚合数据来源,| 待审核代理晋升 | agent_upgrade_requests 表，status='pending' | 计数 |,logic,P0,需求规定：待审核代理晋升 | agent_upgrade_requests 表，status='pending' | 计数,源码路径+测试用例/运行验证（本阶段仅登记证据要求）,未判定实现状态；不得复用旧审计结论
REQ-ADMINPORTAL-00898,admin-portal,docs/SPEC-§4-管理后台.md,待办聚合数据来源,| 充值异常 | recharge_orders 表，status='anomaly' | 计数 |,exception,P0,需求规定：充值异常 | recharge_orders 表，status='anomaly' | 计数,源码路径+测试用例/运行验证（本阶段仅登记证据要求）,未判定实现状态；不得复用旧审计结论
REQ-ADMINPORTAL-00899,admin-portal,docs/SPEC-§4-管理后台.md,待办聚合数据来源,| 代理提现待审核 | withdraw_orders 表，status='pending' | 计数 |,logic,P0,需求规定：代理提现待审核 | withdraw_orders 表，status='pending' | 计数,源码路径+测试用例/运行验证（本阶段仅登记证据要求）,未判定实现状态；不得复用旧审计结论
REQ-ADMINPORTAL-00900,admin-portal,docs/SPEC-§4-管理后台.md,待办聚合数据来源,| 待响应工单 | tickets 表，status='pending' | 计数 |,logic,P0,需求规定：待响应工单 | tickets 表，status='pending' | 计数,源码路径+测试用例/运行验证（本阶段仅登记证据要求）,未判定实现状态；不得复用旧审计结论
REQ-ADMINPORTAL-00901,admin-portal,docs/SPEC-§4-管理后台.md,待办聚合数据来源,| 渠道可用性告警 | alert_rules/监控数据，触发条件 | 计数 |,logic,P0,需求规定：渠道可用性告警 | alert_rules/监控数据，触发条件 | 计数,源码路径+测试用例/运行验证（本阶段仅登记证据要求）,未判定实现状态；不得复用旧审计结论
REQ-ADMINPORTAL-00902,admin-portal,docs/SPEC-§4-管理后台.md,待办聚合数据来源,| 待回应对账差异 | reconciliation 表，status='unresolved' | 计数 |,logic,P0,需求规定：待回应对账差异 | reconciliation 表，status='unresolved' | 计数,源码路径+测试用例/运行验证（本阶段仅登记证据要求）,未判定实现状态；不得复用旧审计结论
REQ-ADMINPORTAL-00903,admin-portal,docs/SPEC-§4-管理后台.md,[?] 按钮级帮助对照表,| 按钮/入口 | 功能说明 |,page,P0,需求规定：按钮/入口 | 功能说明,源码路径+测试用例/运行验证（本阶段仅登记证据要求）,未判定实现状态；不得复用旧审计结论
REQ-ADMINPORTAL-00904,admin-portal,docs/SPEC-§4-管理后台.md,[?] 按钮级帮助对照表,| `上传CSV[?]` | 上传CSV文件进行批量操作，支持下载模板 |,logic,P0,需求规定：`上传CSV[?]` | 上传CSV文件进行批量操作，支持下载模板,源码路径+测试用例/运行验证（本阶段仅登记证据要求）,未判定实现状态；不得复用旧审计结论
REQ-ADMINPORTAL-00905,admin-portal,docs/SPEC-§4-管理后台.md,[?] 按钮级帮助对照表,| `预览结果[?]` | 在执行前预览将要影响的数据和用户 |,logic,P0,需求规定：`预览结果[?]` | 在执行前预览将要影响的数据和用户,源码路径+测试用例/运行验证（本阶段仅登记证据要求）,未判定实现状态；不得复用旧审计结论
REQ-ADMINPORTAL-00906,admin-portal,docs/SPEC-§4-管理后台.md,[?] 按钮级帮助对照表,| `确认执行[?]` | 确认后开始执行批量操作，不可撤销 |,logic,P0,需求规定：`确认执行[?]` | 确认后开始执行批量操作，不可撤销,源码路径+测试用例/运行验证（本阶段仅登记证据要求）,未判定实现状态；不得复用旧审计结论
REQ-ADMINPORTAL-00907,admin-portal,docs/SPEC-§4-管理后台.md,[?] 按钮级帮助对照表,| `下载错误报告[?]` | 批量操作完成后下载失败项的详细报告 |,exception,P0,需求规定：`下载错误报告[?]` | 批量操作完成后下载失败项的详细报告,源码路径+测试用例/运行验证（本阶段仅登记证据要求）,未判定实现状态；不得复用旧审计结论
REQ-ADMINPORTAL-00908,admin-portal,docs/SPEC-§4-管理后台.md,[?] 按钮级帮助对照表,| 按钮/入口 | 功能说明 |,page,P0,需求规定：按钮/入口 | 功能说明,源码路径+测试用例/运行验证（本阶段仅登记证据要求）,未判定实现状态；不得复用旧审计结论
REQ-ADMINPORTAL-00909,admin-portal,docs/SPEC-§4-管理后台.md,[?] 按钮级帮助对照表,| `补登余额[?]` | 确认后将指定金额增加到用户余额 |,field,P0,需求规定：`补登余额[?]` | 确认后将指定金额增加到用户余额,源码路径+测试用例/运行验证（本阶段仅登记证据要求）,未判定实现状态；不得复用旧审计结论
REQ-ADMINPORTAL-00910,admin-portal,docs/SPEC-§4-管理后台.md,[?] 按钮级帮助对照表,| `发起退款[?]` | 确认后将金额退回用户余额 |,field,P0,需求规定：`发起退款[?]` | 确认后将金额退回用户余额,源码路径+测试用例/运行验证（本阶段仅登记证据要求）,未判定实现状态；不得复用旧审计结论
REQ-ADMINPORTAL-00911,admin-portal,docs/SPEC-§4-管理后台.md,[?] 按钮级帮助对照表,| `标记误报[?]` | 确认该异常为系统误判，关闭异常 |,exception,P0,需求规定：`标记误报[?]` | 确认该异常为系统误判，关闭异常,源码路径+测试用例/运行验证（本阶段仅登记证据要求）,未判定实现状态；不得复用旧审计结论
REQ-ADMINPORTAL-00912,admin-portal,docs/SPEC-§4-管理后台.md,[?] 按钮级帮助对照表,| `创建工单[?]` | 为该异常创建关联工单，转客服处理 |,exception,P0,需求规定：`创建工单[?]` | 为该异常创建关联工单，转客服处理,源码路径+测试用例/运行验证（本阶段仅登记证据要求）,未判定实现状态；不得复用旧审计结论
REQ-ADMINPORTAL-00913,admin-portal,docs/SPEC-§4-管理后台.md,[?] 按钮级帮助对照表,| 按钮/入口 | 功能说明 |,page,P0,需求规定：按钮/入口 | 功能说明,源码路径+测试用例/运行验证（本阶段仅登记证据要求）,未判定实现状态；不得复用旧审计结论
REQ-ADMINPORTAL-00914,admin-portal,docs/SPEC-§4-管理后台.md,[?] 按钮级帮助对照表,| `Cmd+K[?]` | 按Cmd+K(Mac)或Ctrl+K(Win)打开快捷命令面板 |,page,P0,需求规定：`Cmd+K[?]` | 按Cmd+K(Mac)或Ctrl+K(Win)打开快捷命令面板,源码路径+测试用例/运行验证（本阶段仅登记证据要求）,未判定实现状态；不得复用旧审计结论
REQ-ADMINPORTAL-00915,admin-portal,docs/SPEC-§4-管理后台.md,[?] 按钮级帮助对照表,| `搜索页面[?]` | 输入页面名称直接跳转，支持模糊匹配 |,page,P0,需求规定：`搜索页面[?]` | 输入页面名称直接跳转，支持模糊匹配,源码路径+测试用例/运行验证（本阶段仅登记证据要求）,未判定实现状态；不得复用旧审计结论
REQ-ADMINPORTAL-00916,admin-portal,docs/SPEC-§4-管理后台.md,[?] 按钮级帮助对照表,| `搜索用户/订单[?]` | 输入用户ID/邮箱或订单号直接查看详情 |,field,P0,需求规定：`搜索用户/订单[?]` | 输入用户ID/邮箱或订单号直接查看详情,源码路径+测试用例/运行验证（本阶段仅登记证据要求）,未判定实现状态；不得复用旧审计结论
REQ-ADMINPORTAL-00917,admin-portal,docs/SPEC-§4-管理后台.md,[?] 按钮级帮助对照表,| `快速操作[?]` | 直接执行创建用户/批量充值等常用操作 |,logic,P0,需求规定：`快速操作[?]` | 直接执行创建用户/批量充值等常用操作,源码路径+测试用例/运行验证（本阶段仅登记证据要求）,未判定实现状态；不得复用旧审计结论
REQ-ADMINPORTAL-00918,admin-portal,docs/SPEC-§4-管理后台.md,[?] 按钮级帮助对照表,| 按钮/入口 | 功能说明 |,page,P0,需求规定：按钮/入口 | 功能说明,源码路径+测试用例/运行验证（本阶段仅登记证据要求）,未判定实现状态；不得复用旧审计结论
REQ-ADMINPORTAL-00919,admin-portal,docs/SPEC-§4-管理后台.md,[?] 按钮级帮助对照表,| `选择目标[?]` | 支持按全部用户/角色/条件筛选/手动选择用户ID |,permission,P0,需求规定：`选择目标[?]` | 支持按全部用户/角色/条件筛选/手动选择用户ID,源码路径+测试用例/运行验证（本阶段仅登记证据要求）,未判定实现状态；不得复用旧审计结论
REQ-ADMINPORTAL-00920,admin-portal,docs/SPEC-§4-管理后台.md,[?] 按钮级帮助对照表,| `选择模板[?]` | 选择已有通知模板或新建内容 |,logic,P0,需求规定：`选择模板[?]` | 选择已有通知模板或新建内容,源码路径+测试用例/运行验证（本阶段仅登记证据要求）,未判定实现状态；不得复用旧审计结论
REQ-ADMINPORTAL-00921,admin-portal,docs/SPEC-§4-管理后台.md,[?] 按钮级帮助对照表,| `预览发送[?]` | 预览通知内容和目标用户数量 |,logic,P0,需求规定：`预览发送[?]` | 预览通知内容和目标用户数量,源码路径+测试用例/运行验证（本阶段仅登记证据要求）,未判定实现状态；不得复用旧审计结论
REQ-ADMINPORTAL-00922,admin-portal,docs/SPEC-§4-管理后台.md,[?] 按钮级帮助对照表,| `定时发送[?]` | 设置在指定时间自动发送 |,field,P0,需求规定：`定时发送[?]` | 设置在指定时间自动发送,源码路径+测试用例/运行验证（本阶段仅登记证据要求）,未判定实现状态；不得复用旧审计结论
REQ-ADMINPORTAL-00923,admin-portal,docs/SPEC-§4-管理后台.md,[?] 按钮级帮助对照表,| 按钮/入口 | 功能说明 |,page,P0,需求规定：按钮/入口 | 功能说明,源码路径+测试用例/运行验证（本阶段仅登记证据要求）,未判定实现状态；不得复用旧审计结论
REQ-ADMINPORTAL-00924,admin-portal,docs/SPEC-§4-管理后台.md,[?] 按钮级帮助对照表,| `编辑布局[?]` | 进入编辑模式，拖拽卡片调整位置和大小 |,logic,P0,需求规定：`编辑布局[?]` | 进入编辑模式，拖拽卡片调整位置和大小,源码路径+测试用例/运行验证（本阶段仅登记证据要求）,未判定实现状态；不得复用旧审计结论
REQ-ADMINPORTAL-00925,admin-portal,docs/SPEC-§4-管理后台.md,[?] 按钮级帮助对照表,| `新增卡片[?]` | 从可用卡片列表中选择添加到仪表盘 |,logic,P0,需求规定：`新增卡片[?]` | 从可用卡片列表中选择添加到仪表盘,源码路径+测试用例/运行验证（本阶段仅登记证据要求）,未判定实现状态；不得复用旧审计结论
REQ-ADMINPORTAL-00926,admin-portal,docs/SPEC-§4-管理后台.md,[?] 按钮级帮助对照表,| `保存视图[?]` | 保存当前布局为自定义视图 |,logic,P0,需求规定：`保存视图[?]` | 保存当前布局为自定义视图,源码路径+测试用例/运行验证（本阶段仅登记证据要求）,未判定实现状态；不得复用旧审计结论
REQ-ADMINPORTAL-00927,admin-portal,docs/SPEC-§4-管理后台.md,[?] 按钮级帮助对照表,| `切换视图[?]` | 在不同保存的视图之间切换 |,logic,P0,需求规定：`切换视图[?]` | 在不同保存的视图之间切换,源码路径+测试用例/运行验证（本阶段仅登记证据要求）,未判定实现状态；不得复用旧审计结论
REQ-ADMINPORTAL-00928,admin-portal,docs/SPEC-§4-管理后台.md,[?] 按钮级帮助对照表,| 按钮/入口 | 功能说明 |,page,P0,需求规定：按钮/入口 | 功能说明,源码路径+测试用例/运行验证（本阶段仅登记证据要求）,未判定实现状态；不得复用旧审计结论
REQ-ADMINPORTAL-00929,admin-portal,docs/SPEC-§4-管理后台.md,[?] 按钮级帮助对照表,| `上传Logo[?]` | 支持PNG/JPG/SVG格式，建议尺寸200x200px |,logic,P0,需求规定：`上传Logo[?]` | 支持PNG/JPG/SVG格式，建议尺寸200x200px,源码路径+测试用例/运行验证（本阶段仅登记证据要求）,未判定实现状态；不得复用旧审计结论
REQ-ADMINPORTAL-00930,admin-portal,docs/SPEC-§4-管理后台.md,[?] 按钮级帮助对照表,| `预览效果[?]` | 保存前预览新品牌设置后的效果 |,logic,P0,需求规定：`预览效果[?]` | 保存前预览新品牌设置后的效果,源码路径+测试用例/运行验证（本阶段仅登记证据要求）,未判定实现状态；不得复用旧审计结论
REQ-ADMINPORTAL-00931,admin-portal,docs/SPEC-§4-管理后台.md,[?] 按钮级帮助对照表,| `保存并应用[?]` | 保存后所有管理员可见新品牌设置 |,logic,P0,需求规定：`保存并应用[?]` | 保存后所有管理员可见新品牌设置,源码路径+测试用例/运行验证（本阶段仅登记证据要求）,未判定实现状态；不得复用旧审计结论
REQ-ADMINPORTAL-00932,admin-portal,docs/SPEC-§4-管理后台.md,帮助系统覆盖范围,| 层级 | 触发方式 | 内容来源 |,logic,P0,需求规定：层级 | 触发方式 | 内容来源,源码路径+测试用例/运行验证（本阶段仅登记证据要求）,未判定实现状态；不得复用旧审计结论
REQ-ADMINPORTAL-00933,admin-portal,docs/SPEC-§4-管理后台.md,帮助系统覆盖范围,"| 页面级帮助 | 页面标题旁的 `[?]` 按钮，点击弹出 | SPEC-§4 每节的""[?] 页面帮助""段落 |",page,P0,"需求规定：页面级帮助 | 页面标题旁的 `[?]` 按钮，点击弹出 | SPEC-§4 每节的""[?] 页面帮助""段落",源码路径+测试用例/运行验证（本阶段仅登记证据要求）,未判定实现状态；不得复用旧审计结论
REQ-ADMINPORTAL-00934,admin-portal,docs/SPEC-§4-管理后台.md,帮助系统覆盖范围,"| 按钮级帮助 | 按钮/操作旁的小 `[?]` 图标，悬停显示 | SPEC-§4 每节的""[?] 按钮级帮助对照表"" |",page,P0,"需求规定：按钮级帮助 | 按钮/操作旁的小 `[?]` 图标，悬停显示 | SPEC-§4 每节的""[?] 按钮级帮助对照表""",源码路径+测试用例/运行验证（本阶段仅登记证据要求）,未判定实现状态；不得复用旧审计结论
REQ-ADMINPORTAL-00935,admin-portal,docs/SPEC-§4-管理后台.md,帮助系统覆盖范围,| 新手引导 | 首次登录时自动弹出引导浮层 | 基于角色权限的引导流程 |,permission,P0,需求规定：新手引导 | 首次登录时自动弹出引导浮层 | 基于角色权限的引导流程,源码路径+测试用例/运行验证（本阶段仅登记证据要求）,未判定实现状态；不得复用旧审计结论
REQ-ADMINPORTAL-00936,admin-portal,docs/SPEC-§4-管理后台.md,按钮级帮助展示形式,"- 按钮：`[批量充值]` → ""批量为选中的用户充值指定金额，支持按用户逐一指定或统一金额""",page,P0,"需求规定：- 按钮：`[批量充值]` → ""批量为选中的用户充值指定金额，支持按用户逐一指定或统一金额""",源码路径+测试用例/运行验证（本阶段仅登记证据要求）,未判定实现状态；不得复用旧审计结论
REQ-ADMINPORTAL-00937,admin-portal,docs/SPEC-§4-管理后台.md,按钮级帮助展示形式,"- 搜索框：`[搜索]` → ""支持用户 ID/邮箱/手机号模糊匹配，多条件用空格分隔""",field,P0,"需求规定：- 搜索框：`[搜索]` → ""支持用户 ID/邮箱/手机号模糊匹配，多条件用空格分隔""",源码路径+测试用例/运行验证（本阶段仅登记证据要求）,未判定实现状态；不得复用旧审计结论
REQ-ADMINPORTAL-00938,admin-portal,docs/SPEC-§4-管理后台.md,按钮级帮助展示形式,"- 链接跳转：`立即处理 →` → ""点击跳转到对应模块的处理页面""",page,P0,"需求规定：- 链接跳转：`立即处理 →` → ""点击跳转到对应模块的处理页面""",源码路径+测试用例/运行验证（本阶段仅登记证据要求）,未判定实现状态；不得复用旧审计结论
REQ-ADMINPORTAL-00939,admin-portal,docs/SPEC-§4-管理后台.md,[?] 按钮级帮助对照表,| 按钮/入口 | 功能说明 |,page,P0,需求规定：按钮/入口 | 功能说明,源码路径+测试用例/运行验证（本阶段仅登记证据要求）,未判定实现状态；不得复用旧审计结论
REQ-ADMINPORTAL-00940,admin-portal,docs/SPEC-§4-管理后台.md,[?] 按钮级帮助对照表,| `手动备份[?]` | 触发一次完整的数据库备份 |,logic,P0,需求规定：`手动备份[?]` | 触发一次完整的数据库备份,源码路径+测试用例/运行验证（本阶段仅登记证据要求）,未判定实现状态；不得复用旧审计结论
REQ-ADMINPORTAL-00941,admin-portal,docs/SPEC-§4-管理后台.md,[?] 按钮级帮助对照表,| `下载备份[?]` | 下载指定备份文件用于恢复 |,rollback,P0,需求规定：`下载备份[?]` | 下载指定备份文件用于恢复,源码路径+测试用例/运行验证（本阶段仅登记证据要求）,未判定实现状态；不得复用旧审计结论
REQ-ADMINPORTAL-00942,admin-portal,docs/SPEC-§4-管理后台.md,[?] 按钮级帮助对照表,| `删除备份[?]` | 删除指定备份以释放存储空间 |,logic,P0,需求规定：`删除备份[?]` | 删除指定备份以释放存储空间,源码路径+测试用例/运行验证（本阶段仅登记证据要求）,未判定实现状态；不得复用旧审计结论
REQ-ADMINPORTAL-00943,admin-portal,docs/SPEC-§4-管理后台.md,[?] 按钮级帮助对照表,| 按钮/入口 | 功能说明 |,page,P0,需求规定：按钮/入口 | 功能说明,源码路径+测试用例/运行验证（本阶段仅登记证据要求）,未判定实现状态；不得复用旧审计结论
REQ-ADMINPORTAL-00944,admin-portal,docs/SPEC-§4-管理后台.md,[?] 按钮级帮助对照表,| `检查更新[?]` | 联网查询最新版本信息 |,logic,P0,需求规定：`检查更新[?]` | 联网查询最新版本信息,源码路径+测试用例/运行验证（本阶段仅登记证据要求）,未判定实现状态；不得复用旧审计结论
REQ-ADMINPORTAL-00945,admin-portal,docs/SPEC-§4-管理后台.md,[?] 按钮级帮助对照表,| `查看更多[?]` | 查看版本更新日志和变更说明 |,audit,P0,需求规定：`查看更多[?]` | 查看版本更新日志和变更说明,源码路径+测试用例/运行验证（本阶段仅登记证据要求）,未判定实现状态；不得复用旧审计结论
REQ-ADMINPORTAL-00946,admin-portal,docs/SPEC-§4-管理后台.md,[?] 按钮级帮助对照表,| 按钮/入口 | 功能说明 |,page,P0,需求规定：按钮/入口 | 功能说明,源码路径+测试用例/运行验证（本阶段仅登记证据要求）,未判定实现状态；不得复用旧审计结论
REQ-ADMINPORTAL-00947,admin-portal,docs/SPEC-§4-管理后台.md,[?] 按钮级帮助对照表,| `配置策略[?]` | 修改数据表的在线保留天数和归档保留天数 |,logic,P0,需求规定：`配置策略[?]` | 修改数据表的在线保留天数和归档保留天数,源码路径+测试用例/运行验证（本阶段仅登记证据要求）,未判定实现状态；不得复用旧审计结论
REQ-ADMINPORTAL-00948,admin-portal,docs/SPEC-§4-管理后台.md,[?] 按钮级帮助对照表,| `立即归档[?]` | 手动触发归档，将过期数据移到冷存储 |,logic,P0,需求规定：`立即归档[?]` | 手动触发归档，将过期数据移到冷存储,源码路径+测试用例/运行验证（本阶段仅登记证据要求）,未判定实现状态；不得复用旧审计结论
REQ-ADMINPORTAL-00949,admin-portal,docs/SPEC-§4-管理后台.md,[?] 按钮级帮助对照表,| `立即清理[?]` | 手动触发清理，删除过期归档和临时文件 |,logic,P0,需求规定：`立即清理[?]` | 手动触发清理，删除过期归档和临时文件,源码路径+测试用例/运行验证（本阶段仅登记证据要求）,未判定实现状态；不得复用旧审计结论
REQ-ADMINPORTAL-00950,admin-portal,docs/SPEC-§4-管理后台.md,[?] 按钮级帮助对照表,| `查看日志[?]` | 查看归档和清理操作的历史记录 |,audit,P0,需求规定：`查看日志[?]` | 查看归档和清理操作的历史记录,源码路径+测试用例/运行验证（本阶段仅登记证据要求）,未判定实现状态；不得复用旧审计结论
REQ-ADMINPORTAL-00951,admin-portal,docs/SPEC-§4-管理后台.md,完成能力 / 展示效果,**管理后台 → 运维 → 数据生命周期：**,logic,P0,需求规定：**管理后台 → 运维 → 数据生命周期：**,源码路径+测试用例/运行验证（本阶段仅登记证据要求）,未判定实现状态；不得复用旧审计结论
REQ-ADMINPORTAL-00952,admin-portal,docs/SPEC-§4-管理后台.md,完成能力 / 展示效果,**数据归档流程：**,logic,P0,需求规定：**数据归档流程：**,源码路径+测试用例/运行验证（本阶段仅登记证据要求）,未判定实现状态；不得复用旧审计结论
REQ-ADMINPORTAL-00953,admin-portal,docs/SPEC-§4-管理后台.md,完成能力 / 展示效果,**数据清理流程：**,logic,P0,需求规定：**数据清理流程：**,源码路径+测试用例/运行验证（本阶段仅登记证据要求）,未判定实现状态；不得复用旧审计结论
REQ-ADMINPORTAL-00954,admin-portal,docs/SPEC-§4-管理后台.md,完成能力 / 展示效果,**用户注销数据清除流程：**,logic,P0,需求规定：**用户注销数据清除流程：**,源码路径+测试用例/运行验证（本阶段仅登记证据要求）,未判定实现状态；不得复用旧审计结论
REQ-ADMINPORTAL-00955,admin-portal,docs/SPEC-§4-管理后台.md,[?] 按钮级帮助对照表,| 按钮/入口 | 功能说明 |,page,P0,需求规定：按钮/入口 | 功能说明,源码路径+测试用例/运行验证（本阶段仅登记证据要求）,未判定实现状态；不得复用旧审计结论
REQ-ADMINPORTAL-00956,admin-portal,docs/SPEC-§4-管理后台.md,[?] 按钮级帮助对照表,| `配置渠道[?]` | 填写Webhook地址，选择推送的事件类型 |,logic,P0,需求规定：`配置渠道[?]` | 填写Webhook地址，选择推送的事件类型,源码路径+测试用例/运行验证（本阶段仅登记证据要求）,未判定实现状态；不得复用旧审计结论
REQ-ADMINPORTAL-00957,admin-portal,docs/SPEC-§4-管理后台.md,[?] 按钮级帮助对照表,| `测试发送[?]` | 发送一条测试消息到配置的渠道验证连通性 |,test,P0,需求规定：`测试发送[?]` | 发送一条测试消息到配置的渠道验证连通性,源码路径+测试用例/运行验证（本阶段仅登记证据要求）,未判定实现状态；不得复用旧审计结论
REQ-ADMINPORTAL-00958,admin-portal,docs/SPEC-§4-管理后台.md,[?] 按钮级帮助对照表,| `启用/禁用[?]` | 开启或暂停该通知渠道的推送 |,state,P0,需求规定：`启用/禁用[?]` | 开启或暂停该通知渠道的推送,源码路径+测试用例/运行验证（本阶段仅登记证据要求）,未判定实现状态；不得复用旧审计结论
REQ-ADMINPORTAL-00959,admin-portal,docs/SPEC-§4-管理后台.md,[?] 按钮级帮助对照表,| `编辑模板[?]` | 自定义各渠道的消息展示格式 |,page,P0,需求规定：`编辑模板[?]` | 自定义各渠道的消息展示格式,源码路径+测试用例/运行验证（本阶段仅登记证据要求）,未判定实现状态；不得复用旧审计结论
REQ-ADMINPORTAL-00960,admin-portal,docs/SPEC-§4-管理后台.md,完成能力 / 展示效果,**管理后台 → 设置 → 通知渠道：**,logic,P0,需求规定：**管理后台 → 设置 → 通知渠道：**,源码路径+测试用例/运行验证（本阶段仅登记证据要求）,未判定实现状态；不得复用旧审计结论
REQ-ADMINPORTAL-00961,admin-portal,docs/SPEC-§4-管理后台.md,完成能力 / 展示效果,**配置弹窗（以企业微信群机器人为例）：**,logic,P0,需求规定：**配置弹窗（以企业微信群机器人为例）：**,源码路径+测试用例/运行验证（本阶段仅登记证据要求）,未判定实现状态；不得复用旧审计结论
REQ-ADMINPORTAL-00962,admin-portal,docs/SPEC-§4-管理后台.md,完成能力 / 展示效果,**各渠道消息模板：**,logic,P0,需求规定：**各渠道消息模板：**,源码路径+测试用例/运行验证（本阶段仅登记证据要求）,未判定实现状态；不得复用旧审计结论
REQ-ADMINPORTAL-00963,admin-portal,docs/SPEC-§4-管理后台.md,⚠️ 充值异常告警,- 用户：张三 (ID: 42),logic,P0,需求规定：- 用户：张三 (ID: 42),源码路径+测试用例/运行验证（本阶段仅登记证据要求）,未判定实现状态；不得复用旧审计结论
REQ-ADMINPORTAL-00964,admin-portal,docs/SPEC-§4-管理后台.md,⚠️ 充值异常告警,- 金额：¥100.00,field,P0,需求规定：- 金额：¥100.00,源码路径+测试用例/运行验证（本阶段仅登记证据要求）,未判定实现状态；不得复用旧审计结论
REQ-ADMINPORTAL-00965,admin-portal,docs/SPEC-§4-管理后台.md,⚠️ 充值异常告警,- 时间：2026-07-28 14:23,field,P0,需求规定：- 时间：2026-07-28 14:23,源码路径+测试用例/运行验证（本阶段仅登记证据要求）,未判定实现状态；不得复用旧审计结论
REQ-ADMINPORTAL-00966,admin-portal,docs/SPEC-§4-管理后台.md,⚠️ 充值异常告警,- [查看详情](https://admin.unmisa.com/admin/anomalies/123),logic,P0,需求规定：- [查看详情](https://admin.unmisa.com/admin/anomalies/123),源码路径+测试用例/运行验证（本阶段仅登记证据要求）,未判定实现状态；不得复用旧审计结论
REQ-ADMINPORTAL-00967,admin-portal,docs/SPEC-§4-管理后台.md,事件类型与推送映射,| 事件类型 | 推送目标 | 触发条件 |,logic,P0,需求规定：事件类型 | 推送目标 | 触发条件,源码路径+测试用例/运行验证（本阶段仅登记证据要求）,未判定实现状态；不得复用旧审计结论
REQ-ADMINPORTAL-00968,admin-portal,docs/SPEC-§4-管理后台.md,事件类型与推送映射,| recharge_anomaly | 企微/钉钉/飞书群 | 充值订单状态=anomaly |,state,P0,需求规定：recharge_anomaly | 企微/钉钉/飞书群 | 充值订单状态=anomaly,源码路径+测试用例/运行验证（本阶段仅登记证据要求）,未判定实现状态；不得复用旧审计结论
REQ-ADMINPORTAL-00969,admin-portal,docs/SPEC-§4-管理后台.md,事件类型与推送映射,| vendor_availability | 企微/钉钉/飞书群 | 渠道可用率 < 99% |,performance,P0,需求规定：vendor_availability | 企微/钉钉/飞书群 | 渠道可用率 < 99%,源码路径+测试用例/运行验证（本阶段仅登记证据要求）,未判定实现状态；不得复用旧审计结论
REQ-ADMINPORTAL-00970,admin-portal,docs/SPEC-§4-管理后台.md,事件类型与推送映射,| agent_withdraw | 企微/钉钉/飞书群 | 代理提交提现申请 |,transaction,P0,需求规定：agent_withdraw | 企微/钉钉/飞书群 | 代理提交提现申请,源码路径+测试用例/运行验证（本阶段仅登记证据要求）,未判定实现状态；不得复用旧审计结论
REQ-ADMINPORTAL-00971,admin-portal,docs/SPEC-§4-管理后台.md,事件类型与推送映射,| system_error | 企微/钉钉/飞书群 | 服务端 5xx 错误率 > 5% |,exception,P0,需求规定：system_error | 企微/钉钉/飞书群 | 服务端 5xx 错误率 > 5%,源码路径+测试用例/运行验证（本阶段仅登记证据要求）,未判定实现状态；不得复用旧审计结论
REQ-ADMINPORTAL-00972,admin-portal,docs/SPEC-§4-管理后台.md,事件类型与推送映射,| daily_report | 企微/钉钉/飞书群 | 每天早上 9:00 定时发送 |,logic,P0,需求规定：daily_report | 企微/钉钉/飞书群 | 每天早上 9:00 定时发送,源码路径+测试用例/运行验证（本阶段仅登记证据要求）,未判定实现状态；不得复用旧审计结论
REQ-ADMINPORTAL-00973,admin-portal,docs/SPEC-§4-管理后台.md,[?] 按钮级帮助对照表,| 按钮/入口 | 功能说明 |,page,P0,需求规定：按钮/入口 | 功能说明,源码路径+测试用例/运行验证（本阶段仅登记证据要求）,未判定实现状态；不得复用旧审计结论
REQ-ADMINPORTAL-00974,admin-portal,docs/SPEC-§4-管理后台.md,[?] 按钮级帮助对照表,| `启用白名单[?]` | 开启后仅白名单IP可访问管理后台 |,permission,P0,需求规定：`启用白名单[?]` | 开启后仅白名单IP可访问管理后台,源码路径+测试用例/运行验证（本阶段仅登记证据要求）,未判定实现状态；不得复用旧审计结论
REQ-ADMINPORTAL-00975,admin-portal,docs/SPEC-§4-管理后台.md,[?] 按钮级帮助对照表,| `添加IP[?]` | 添加允许访问的IP地址或CIDR网段 |,logic,P0,需求规定：`添加IP[?]` | 添加允许访问的IP地址或CIDR网段,源码路径+测试用例/运行验证（本阶段仅登记证据要求）,未判定实现状态；不得复用旧审计结论
REQ-ADMINPORTAL-00976,admin-portal,docs/SPEC-§4-管理后台.md,[?] 按钮级帮助对照表,| `测试IP[?]` | 检查指定IP是否在白名单中 |,test,P0,需求规定：`测试IP[?]` | 检查指定IP是否在白名单中,源码路径+测试用例/运行验证（本阶段仅登记证据要求）,未判定实现状态；不得复用旧审计结论
REQ-ADMINPORTAL-00977,admin-portal,docs/SPEC-§4-管理后台.md,[?] 按钮级帮助对照表,| `保存会话策略[?]` | 修改超时/多设备限制/密码策略后保存生效 |,exception,P0,需求规定：`保存会话策略[?]` | 修改超时/多设备限制/密码策略后保存生效,源码路径+测试用例/运行验证（本阶段仅登记证据要求）,未判定实现状态；不得复用旧审计结论
REQ-ADMINPORTAL-00978,admin-portal,docs/SPEC-§4-管理后台.md,[?] 按钮级帮助对照表,| `查看会话[?]` | 查看当前所有活跃会话，可强制登出指定会话 |,logic,P0,需求规定：`查看会话[?]` | 查看当前所有活跃会话，可强制登出指定会话,源码路径+测试用例/运行验证（本阶段仅登记证据要求）,未判定实现状态；不得复用旧审计结论
REQ-ADMINPORTAL-00979,admin-portal,docs/SPEC-§4-管理后台.md,完成能力 / 展示效果,**管理后台 → 设置 → 安全 → IP 白名单：**,security,P0,需求规定：**管理后台 → 设置 → 安全 → IP 白名单：**,源码路径+测试用例/运行验证（本阶段仅登记证据要求）,未判定实现状态；不得复用旧审计结论
REQ-ADMINPORTAL-00980,admin-portal,docs/SPEC-§4-管理后台.md,完成能力 / 展示效果,**被拦截时的提示：**,logic,P0,需求规定：**被拦截时的提示：**,源码路径+测试用例/运行验证（本阶段仅登记证据要求）,未判定实现状态；不得复用旧审计结论
REQ-ADMINPORTAL-00981,admin-portal,docs/SPEC-§4-管理后台.md,完成能力 / 展示效果,**管理后台 → 设置 → 安全 → 会话策略：**,security,P0,需求规定：**管理后台 → 设置 → 安全 → 会话策略：**,源码路径+测试用例/运行验证（本阶段仅登记证据要求）,未判定实现状态；不得复用旧审计结论
REQ-ADMINPORTAL-00982,admin-portal,docs/SPEC-§4-管理后台.md,边界条件清单,| # | 场景 | 触发条件 | 预期行为 | 影响范围 | 优先级 |,logic,P0,需求规定：# | 场景 | 触发条件 | 预期行为 | 影响范围 | 优先级,源码路径+测试用例/运行验证（本阶段仅登记证据要求）,未判定实现状态；不得复用旧审计结论
REQ-ADMINPORTAL-00983,admin-portal,docs/SPEC-§4-管理后台.md,边界条件清单,"| ADMIN-001 | 批量操作部分失败 | 批量操作（如批量充值、批量修改用户状态）中部分项目成功、部分失败 | 采用""全部成功则提交，否则全部回滚""的事务模式",rollback,P0,"需求规定：ADMIN-001 | 批量操作部分失败 | 批量操作（如批量充值、批量修改用户状态）中部分项目成功、部分失败 | 采用""全部成功则提交，否则全部回滚""的事务模式",源码路径+测试用例/运行验证（本阶段仅登记证据要求）,未判定实现状态；不得复用旧审计结论
REQ-ADMINPORTAL-00984,admin-portal,docs/SPEC-§4-管理后台.md,边界条件清单,若不支持事务（如跨服务），逐条执行并记录成功/失败明细，返回操作报告 | 该批量操作 | P0 |,transaction,P0,需求规定：若不支持事务（如跨服务），逐条执行并记录成功/失败明细，返回操作报告 | 该批量操作 | P0,源码路径+测试用例/运行验证（本阶段仅登记证据要求）,未判定实现状态；不得复用旧审计结论
REQ-ADMINPORTAL-00985,admin-portal,docs/SPEC-§4-管理后台.md,边界条件清单,| ADMIN-002 | 角色权限变更对活跃会话的影响 | 管理员在后台修改了当前在线用户的角色或权限 | 活跃会话的权限在本次登录期间不变，权限变更在下次登录时生效（或强制重新登录后生效） | 该用户 | P0 |,permission,P0,需求规定：ADMIN-002 | 角色权限变更对活跃会话的影响 | 管理员在后台修改了当前在线用户的角色或权限 | 活跃会话的权限在本次登录期间不变，权限变更在下次登录时生效（或强制重新登录后生效） | 该用户 | P0,源码路径+测试用例/运行验证（本阶段仅登记证据要求）,未判定实现状态；不得复用旧审计结论
REQ-ADMINPORTAL-00986,admin-portal,docs/SPEC-§4-管理后台.md,边界条件清单,"| ADMIN-003 | 仪表盘数据加载失败 | 仪表盘的一个或多个数据源（如 Redis 缓存、数据库）不可用 | 降级显示：已缓存的数据优先展示并标记""缓存时间""",db,P0,"需求规定：ADMIN-003 | 仪表盘数据加载失败 | 仪表盘的一个或多个数据源（如 Redis 缓存、数据库）不可用 | 降级显示：已缓存的数据优先展示并标记""缓存时间""",源码路径+测试用例/运行验证（本阶段仅登记证据要求）,未判定实现状态；不得复用旧审计结论
REQ-ADMINPORTAL-00987,admin-portal,docs/SPEC-§4-管理后台.md,边界条件清单,"不可用数据源显示""--""或""加载失败""标记，不阻塞其他模块加载 | 仪表盘 | P0 |",exception,P0,"需求规定：不可用数据源显示""--""或""加载失败""标记，不阻塞其他模块加载 | 仪表盘 | P0",源码路径+测试用例/运行验证（本阶段仅登记证据要求）,未判定实现状态；不得复用旧审计结论
REQ-ADMINPORTAL-00988,admin-portal,docs/SPEC-§4-管理后台.md,边界条件清单,"| ADMIN-004 | 操作日志写入失败 | 后台操作的审计日志因存储故障无法写入 | 操作本身不受影响（日志是附属记录），但向管理员显示警告横幅""操作日志暂不可用""",audit,P0,"需求规定：ADMIN-004 | 操作日志写入失败 | 后台操作的审计日志因存储故障无法写入 | 操作本身不受影响（日志是附属记录），但向管理员显示警告横幅""操作日志暂不可用""",源码路径+测试用例/运行验证（本阶段仅登记证据要求）,未判定实现状态；不得复用旧审计结论
REQ-ADMINPORTAL-00989,admin-portal,docs/SPEC-§4-管理后台.md,边界条件清单,本地缓存日志到内存队列，恢复后批量写入 | 全部后台操作 | P0 |,rollback,P0,需求规定：本地缓存日志到内存队列，恢复后批量写入 | 全部后台操作 | P0,源码路径+测试用例/运行验证（本阶段仅登记证据要求）,未判定实现状态；不得复用旧审计结论
REQ-ADMINPORTAL-00990,admin-portal,docs/SPEC-§4-管理后台.md,边界条件清单,"| ADMIN-005 | 多管理员并发编辑同一记录 | 两名管理员同时打开并编辑同一条配置/用户记录 | 使用乐观锁（版本号）：后提交者检测到版本冲突，提示""记录已被修改，请刷新后重试""，保留双方修改记录在操作日志中 | 该记录 | P0 |",concurrency,P0,"需求规定：ADMIN-005 | 多管理员并发编辑同一记录 | 两名管理员同时打开并编辑同一条配置/用户记录 | 使用乐观锁（版本号）：后提交者检测到版本冲突，提示""记录已被修改，请刷新后重试""，保留双方修改记录在操作日志中 | 该记录 | P0",源码路径+测试用例/运行验证（本阶段仅登记证据要求）,未判定实现状态；不得复用旧审计结论
REQ-ADMINPORTAL-00991,admin-portal,docs/SPEC-§4-管理后台.md,边界条件清单,| ADMIN-006 | 数据生命周期管理中并发删除 | 数据清理任务与正在进行的后台查询同时操作同一数据 | 软删除优先：清理任务先标记删除（`deleted_at`）+ 延迟 24h 物理删除,concurrency,P0,需求规定：ADMIN-006 | 数据生命周期管理中并发删除 | 数据清理任务与正在进行的后台查询同时操作同一数据 | 软删除优先：清理任务先标记删除（`deleted_at`）+ 延迟 24h 物理删除,源码路径+测试用例/运行验证（本阶段仅登记证据要求）,未判定实现状态；不得复用旧审计结论
REQ-ADMINPORTAL-00992,admin-portal,docs/SPEC-§4-管理后台.md,边界条件清单,查询自动过滤已标记删除的数据 | 该数据范围 | P1 |,logic,P0,需求规定：查询自动过滤已标记删除的数据 | 该数据范围 | P1,源码路径+测试用例/运行验证（本阶段仅登记证据要求）,未判定实现状态；不得复用旧审计结论
REQ-ADMINPORTAL-00993,admin-portal,docs/SPEC-§4-管理后台.md,边界条件清单,| ADMIN-007 | 大批量数据导出超时 | 管理员导出超过 50 万行的数据报表 | 分片导出：每 10 万行生成一个分片文件，打包为 ZIP,exception,P0,需求规定：ADMIN-007 | 大批量数据导出超时 | 管理员导出超过 50 万行的数据报表 | 分片导出：每 10 万行生成一个分片文件，打包为 ZIP,源码路径+测试用例/运行验证（本阶段仅登记证据要求）,未判定实现状态；不得复用旧审计结论
REQ-ADMINPORTAL-00994,admin-portal,docs/SPEC-§4-管理后台.md,边界条件清单,前端显示导出进度条,logic,P0,需求规定：前端显示导出进度条,源码路径+测试用例/运行验证（本阶段仅登记证据要求）,未判定实现状态；不得复用旧审计结论
REQ-ADMINPORTAL-00995,admin-portal,docs/SPEC-§4-管理后台.md,边界条件清单,服务端超时上限 10 分钟，超时后异步导出并通过站内信通知下载 | 数据导出 | P0 |,exception,P0,需求规定：服务端超时上限 10 分钟，超时后异步导出并通过站内信通知下载 | 数据导出 | P0,源码路径+测试用例/运行验证（本阶段仅登记证据要求）,未判定实现状态；不得复用旧审计结论
REQ-ADMINPORTAL-00996,admin-portal,docs/SPEC-§4-管理后台.md,边界条件清单,| ADMIN-008 | 系统配置变更影响范围评估 | 管理员变更了一项可能影响运行中服务的配置 | 配置变更记录影响范围（关联模块、受影响接口数），变更前弹出确认对话框展示影响范围,api,P0,需求规定：ADMIN-008 | 系统配置变更影响范围评估 | 管理员变更了一项可能影响运行中服务的配置 | 配置变更记录影响范围（关联模块、受影响接口数），变更前弹出确认对话框展示影响范围,源码路径+测试用例/运行验证（本阶段仅登记证据要求）,未判定实现状态；不得复用旧审计结论
REQ-ADMINPORTAL-00997,admin-portal,docs/SPEC-§4-管理后台.md,边界条件清单,配置变更在服务重启或热加载后生效 | 关联模块 | P0 |,logic,P0,需求规定：配置变更在服务重启或热加载后生效 | 关联模块 | P0,源码路径+测试用例/运行验证（本阶段仅登记证据要求）,未判定实现状态；不得复用旧审计结论
REQ-ADMINPORTAL-00998,admin-portal,docs/SPEC-§4-管理后台.md,边界条件清单,| ADMIN-009 | 管理后台缓存击穿 | 高频访问的统计数据缓存过期瞬间大量请求涌入 | 使用互斥锁（Mutex）控制：仅一个请求执行数据重算，其余请求等待或获取旧缓存数据（stale-while-revalidate） | 统计数据 | P1 |,permission,P0,需求规定：ADMIN-009 | 管理后台缓存击穿 | 高频访问的统计数据缓存过期瞬间大量请求涌入 | 使用互斥锁（Mutex）控制：仅一个请求执行数据重算，其余请求等待或获取旧缓存数据（stale-while-revalidate） | 统计数据 | P1,源码路径+测试用例/运行验证（本阶段仅登记证据要求）,未判定实现状态；不得复用旧审计结论
REQ-ADMINPORTAL-00999,admin-portal,docs/SPEC-§4-管理后台.md,边界条件清单,| ADMIN-010 | 通知广播发送失败 | 系统通知向大量用户广播时部分用户推送失败 | 失败记录写入 `notification_failures` 表，按配置的重试策略（3 次，间隔 5/15/30 分钟）重试,audit,P0,需求规定：ADMIN-010 | 通知广播发送失败 | 系统通知向大量用户广播时部分用户推送失败 | 失败记录写入 `notification_failures` 表，按配置的重试策略（3 次，间隔 5/15/30 分钟）重试,源码路径+测试用例/运行验证（本阶段仅登记证据要求）,未判定实现状态；不得复用旧审计结论
REQ-ADMINPORTAL-01000,admin-portal,docs/SPEC-§4-管理后台.md,边界条件清单,最终失败的用户记录供管理员手动处理 | 广播任务 | P1 |,audit,P0,需求规定：最终失败的用户记录供管理员手动处理 | 广播任务 | P1,源码路径+测试用例/运行验证（本阶段仅登记证据要求）,未判定实现状态；不得复用旧审计结论
REQ-ADMINPORTAL-01001,admin-portal,docs/SPEC-§4-管理后台.md,ADMIN-002: 角色权限变更与活跃会话,**设计规则**:,logic,P0,需求规定：**设计规则**:,源码路径+测试用例/运行验证（本阶段仅登记证据要求）,未判定实现状态；不得复用旧审计结论
REQ-ADMINPORTAL-01002,admin-portal,docs/SPEC-§4-管理后台.md,ADMIN-002: 角色权限变更与活跃会话,- 权限变更写入后，系统标记用户的 `permission_version` +1,permission,P0,需求规定：- 权限变更写入后，系统标记用户的 `permission_version` +1,源码路径+测试用例/运行验证（本阶段仅登记证据要求）,未判定实现状态；不得复用旧审计结论
REQ-ADMINPORTAL-01003,admin-portal,docs/SPEC-§4-管理后台.md,ADMIN-002: 角色权限变更与活跃会话,- 活跃会话不主动检查版本变更（避免每秒轮询）,logic,P0,需求规定：- 活跃会话不主动检查版本变更（避免每秒轮询）,源码路径+测试用例/运行验证（本阶段仅登记证据要求）,未判定实现状态；不得复用旧审计结论
REQ-ADMINPORTAL-01004,admin-portal,docs/SPEC-§4-管理后台.md,ADMIN-002: 角色权限变更与活跃会话,"- 管理员可选""强制重新登录""选项（立即生效），通过会话 ID 推送断连信令",logic,P0,"需求规定：- 管理员可选""强制重新登录""选项（立即生效），通过会话 ID 推送断连信令",源码路径+测试用例/运行验证（本阶段仅登记证据要求）,未判定实现状态；不得复用旧审计结论
REQ-ADMINPORTAL-01005,admin-portal,docs/SPEC-§4-管理后台.md,ADMIN-002: 角色权限变更与活跃会话,- 默认策略：不强制断连，下次登录时重新加载权限,permission,P0,需求规定：- 默认策略：不强制断连，下次登录时重新加载权限,源码路径+测试用例/运行验证（本阶段仅登记证据要求）,未判定实现状态；不得复用旧审计结论
REQ-ADMINPORTAL-01006,admin-portal,docs/SPEC-§4-管理后台.md,ADMIN-005: 并发编辑冲突,**处理流程**:,logic,P0,需求规定：**处理流程**:,源码路径+测试用例/运行验证（本阶段仅登记证据要求）,未判定实现状态；不得复用旧审计结论
REQ-ADMINPORTAL-01007,admin-portal,docs/SPEC-§4-管理后台.md,ADMIN-006: 数据生命周期管理,**策略**:,logic,P0,需求规定：**策略**:,源码路径+测试用例/运行验证（本阶段仅登记证据要求）,未判定实现状态；不得复用旧审计结论
REQ-ADMINPORTAL-01008,admin-portal,docs/SPEC-§4-管理后台.md,ADMIN-006: 数据生命周期管理,- 清理计划：`soft_delete + delay_physical_delete`,logic,P0,需求规定：- 清理计划：`soft_delete + delay_physical_delete`,源码路径+测试用例/运行验证（本阶段仅登记证据要求）,未判定实现状态；不得复用旧审计结论
REQ-ADMINPORTAL-01009,admin-portal,docs/SPEC-§4-管理后台.md,ADMIN-006: 数据生命周期管理,- 软删除时间戳 `deleted_at` 设置后，查询层自动过滤（`WHERE deleted_at IS NULL`）,field,P0,需求规定：- 软删除时间戳 `deleted_at` 设置后，查询层自动过滤（`WHERE deleted_at IS NULL`）,源码路径+测试用例/运行验证（本阶段仅登记证据要求）,未判定实现状态；不得复用旧审计结论
REQ-ADMINPORTAL-01010,admin-portal,docs/SPEC-§4-管理后台.md,ADMIN-006: 数据生命周期管理,- 物理删除窗口为每日凌晨 02:00-04:00,logic,P0,需求规定：- 物理删除窗口为每日凌晨 02:00-04:00,源码路径+测试用例/运行验证（本阶段仅登记证据要求）,未判定实现状态；不得复用旧审计结论
REQ-ADMINPORTAL-01011,admin-portal,docs/SPEC-§4-管理后台.md,ADMIN-006: 数据生命周期管理,- 物理删除前再次确认数据无引用,logic,P0,需求规定：- 物理删除前再次确认数据无引用,源码路径+测试用例/运行验证（本阶段仅登记证据要求）,未判定实现状态；不得复用旧审计结论
REQ-ADMINPORTAL-01012,admin-portal,docs/SPEC-§4-管理后台.md,异常流程汇总,| 场景 | 恢复策略 | 是否通知 |,rollback,P0,需求规定：场景 | 恢复策略 | 是否通知,源码路径+测试用例/运行验证（本阶段仅登记证据要求）,未判定实现状态；不得复用旧审计结论
REQ-ADMINPORTAL-01013,admin-portal,docs/SPEC-§4-管理后台.md,异常流程汇总,| 批量操作部分失败 | 事务回滚或逐条记录 | 返回操作报告 |,rollback,P0,需求规定：批量操作部分失败 | 事务回滚或逐条记录 | 返回操作报告,源码路径+测试用例/运行验证（本阶段仅登记证据要求）,未判定实现状态；不得复用旧审计结论
REQ-ADMINPORTAL-01014,admin-portal,docs/SPEC-§4-管理后台.md,异常流程汇总,| 权限变更影响活跃会话 | 下次登录生效 | 可选强制下线通知 |,permission,P0,需求规定：权限变更影响活跃会话 | 下次登录生效 | 可选强制下线通知,源码路径+测试用例/运行验证（本阶段仅登记证据要求）,未判定实现状态；不得复用旧审计结论
REQ-ADMINPORTAL-01015,admin-portal,docs/SPEC-§4-管理后台.md,异常流程汇总,| 仪表盘数据加载失败 | 降级展示缓存 | 显示警告横幅 |,db,P0,需求规定：仪表盘数据加载失败 | 降级展示缓存 | 显示警告横幅,源码路径+测试用例/运行验证（本阶段仅登记证据要求）,未判定实现状态；不得复用旧审计结论
REQ-ADMINPORTAL-01016,admin-portal,docs/SPEC-§4-管理后台.md,异常流程汇总,| 操作日志写入失败 | 内存缓冲+批量写入 | 管理员警告 |,audit,P0,需求规定：操作日志写入失败 | 内存缓冲+批量写入 | 管理员警告,源码路径+测试用例/运行验证（本阶段仅登记证据要求）,未判定实现状态；不得复用旧审计结论
REQ-ADMINPORTAL-01017,admin-portal,docs/SPEC-§4-管理后台.md,异常流程汇总,| 并发编辑冲突 | 乐观锁+冲突提示 | 实时提示 |,concurrency,P0,需求规定：并发编辑冲突 | 乐观锁+冲突提示 | 实时提示,源码路径+测试用例/运行验证（本阶段仅登记证据要求）,未判定实现状态；不得复用旧审计结论
REQ-ADMINPORTAL-01018,admin-portal,docs/SPEC-§4-管理后台.md,异常流程汇总,| 缓存击穿 | 互斥锁 + stale-while-revalidate | 无 |,concurrency,P0,需求规定：缓存击穿 | 互斥锁 + stale-while-revalidate | 无,源码路径+测试用例/运行验证（本阶段仅登记证据要求）,未判定实现状态；不得复用旧审计结论
REQ-ADMINPORTAL-01019,growth-operations,docs/SPEC-§8-运营增长模块.md,功能说明书：§8 运营增长模块,- 配置营销活动和优惠策略,logic,P1,需求规定：- 配置营销活动和优惠策略,源码路径+测试用例/运行验证（本阶段仅登记证据要求）,未判定实现状态；不得复用旧审计结论
REQ-ADMINPORTAL-01020,growth-operations,docs/SPEC-§8-运营增长模块.md,功能说明书：§8 运营增长模块,- 分析用户增长和转化数据,logic,P1,需求规定：- 分析用户增长和转化数据,源码路径+测试用例/运行验证（本阶段仅登记证据要求）,未判定实现状态；不得复用旧审计结论
REQ-ADMINPORTAL-01021,growth-operations,docs/SPEC-§8-运营增长模块.md,功能说明书：§8 运营增长模块,- 管理推送通知和公告发布,state,P1,需求规定：- 管理推送通知和公告发布,源码路径+测试用例/运行验证（本阶段仅登记证据要求）,未判定实现状态；不得复用旧审计结论
REQ-ADMINPORTAL-01022,growth-operations,docs/SPEC-§8-运营增长模块.md,完成能力 / 展示效果,**管理员端：**,logic,P1,需求规定：**管理员端：**,源码路径+测试用例/运行验证（本阶段仅登记证据要求）,未判定实现状态；不得复用旧审计结论
REQ-ADMINPORTAL-01023,growth-operations,docs/SPEC-§8-运营增长模块.md,完成能力 / 展示效果,- 创建兑换码批次：数量 × 面额 × 有效期 → 分配给指定代理,logic,P1,需求规定：- 创建兑换码批次：数量 × 面额 × 有效期 → 分配给指定代理,源码路径+测试用例/运行验证（本阶段仅登记证据要求）,未判定实现状态；不得复用旧审计结论
REQ-ADMINPORTAL-01024,growth-operations,docs/SPEC-§8-运营增长模块.md,完成能力 / 展示效果,- 查看代理配额使用情况：已领取/已分发/已兑换/已过期,logic,P1,需求规定：- 查看代理配额使用情况：已领取/已分发/已兑换/已过期,源码路径+测试用例/运行验证（本阶段仅登记证据要求）,未判定实现状态；不得复用旧审计结论
REQ-ADMINPORTAL-01025,growth-operations,docs/SPEC-§8-运营增长模块.md,完成能力 / 展示效果,**代理端：**,logic,P1,需求规定：**代理端：**,源码路径+测试用例/运行验证（本阶段仅登记证据要求）,未判定实现状态；不得复用旧审计结论
REQ-ADMINPORTAL-01026,growth-operations,docs/SPEC-§8-运营增长模块.md,完成能力 / 展示效果,- 代理商在代理端看到自己的兑换码配额池,logic,P1,需求规定：- 代理商在代理端看到自己的兑换码配额池,源码路径+测试用例/运行验证（本阶段仅登记证据要求）,未判定实现状态；不得复用旧审计结论
REQ-ADMINPORTAL-01027,growth-operations,docs/SPEC-§8-运营增长模块.md,完成能力 / 展示效果,- 可批量生成链接或单个兑换码，分发给目标客户,logic,P1,需求规定：- 可批量生成链接或单个兑换码，分发给目标客户,源码路径+测试用例/运行验证（本阶段仅登记证据要求）,未判定实现状态；不得复用旧审计结论
REQ-ADMINPORTAL-01028,growth-operations,docs/SPEC-§8-运营增长模块.md,完成能力 / 展示效果,- 用户兑换兑换码 → 获得额度/折扣激励,logic,P1,需求规定：- 用户兑换兑换码 → 获得额度/折扣激励,源码路径+测试用例/运行验证（本阶段仅登记证据要求）,未判定实现状态；不得复用旧审计结论
REQ-ADMINPORTAL-01029,growth-operations,docs/SPEC-§8-运营增长模块.md,完成能力 / 展示效果,若该用户已归属本代理，兑换消费照常计入佣金,logic,P1,需求规定：若该用户已归属本代理，兑换消费照常计入佣金,源码路径+测试用例/运行验证（本阶段仅登记证据要求）,未判定实现状态；不得复用旧审计结论
REQ-ADMINPORTAL-01030,growth-operations,docs/SPEC-§8-运营增长模块.md,完成能力 / 展示效果,未归属用户**不会**因兑换而自动归属,logic,P1,需求规定：未归属用户**不会**因兑换而自动归属,源码路径+测试用例/运行验证（本阶段仅登记证据要求）,未判定实现状态；不得复用旧审计结论
REQ-ADMINPORTAL-01031,growth-operations,docs/SPEC-§8-运营增长模块.md,完成能力 / 展示效果,- 代理可查看兑换码使用统计（兑换数/带来的消费额）,logic,P1,需求规定：- 代理可查看兑换码使用统计（兑换数/带来的消费额）,源码路径+测试用例/运行验证（本阶段仅登记证据要求）,未判定实现状态；不得复用旧审计结论
REQ-ADMINPORTAL-01032,growth-operations,docs/SPEC-§8-运营增长模块.md,完成能力 / 展示效果,**管理员配置：**,logic,P1,需求规定：**管理员配置：**,源码路径+测试用例/运行验证（本阶段仅登记证据要求）,未判定实现状态；不得复用旧审计结论
REQ-ADMINPORTAL-01033,growth-operations,docs/SPEC-§8-运营增长模块.md,完成能力 / 展示效果,- 创建活动：活动名称 / 时间范围 / 规则（充 X 送 Y / 送比例 / 送固定金额）/ 适用用户,field,P1,需求规定：- 创建活动：活动名称 / 时间范围 / 规则（充 X 送 Y / 送比例 / 送固定金额）/ 适用用户,源码路径+测试用例/运行验证（本阶段仅登记证据要求）,未判定实现状态；不得复用旧审计结论
REQ-ADMINPORTAL-01034,growth-operations,docs/SPEC-§8-运营增长模块.md,完成能力 / 展示效果,- 效果统计：参与人数、赠送总额、带来的额外充值,logic,P1,需求规定：- 效果统计：参与人数、赠送总额、带来的额外充值,源码路径+测试用例/运行验证（本阶段仅登记证据要求）,未判定实现状态；不得复用旧审计结论
REQ-ADMINPORTAL-01035,growth-operations,docs/SPEC-§8-运营增长模块.md,完成能力 / 展示效果,**用户端：**,logic,P1,需求规定：**用户端：**,源码路径+测试用例/运行验证（本阶段仅登记证据要求）,未判定实现状态；不得复用旧审计结论
REQ-ADMINPORTAL-01036,growth-operations,docs/SPEC-§8-运营增长模块.md,完成能力 / 展示效果,"- 充值页面展示当前活动信息：""活动：充 ¥1000 送 ¥100！""",page,P1,"需求规定：- 充值页面展示当前活动信息：""活动：充 ¥1000 送 ¥100！""",源码路径+测试用例/运行验证（本阶段仅登记证据要求）,未判定实现状态；不得复用旧审计结论
REQ-ADMINPORTAL-01037,growth-operations,docs/SPEC-§8-运营增长模块.md,完成能力 / 展示效果,- 充值成功后到账金额 = 充值金额 + 赠送金额,field,P1,需求规定：- 充值成功后到账金额 = 充值金额 + 赠送金额,源码路径+测试用例/运行验证（本阶段仅登记证据要求）,未判定实现状态；不得复用旧审计结论
REQ-ADMINPORTAL-01038,growth-operations,docs/SPEC-§8-运营增长模块.md,完成能力 / 展示效果,"- 赠送金额记录在余额变动日志中（标记为""活动赠送""）",audit,P1,"需求规定：- 赠送金额记录在余额变动日志中（标记为""活动赠送""）",源码路径+测试用例/运行验证（本阶段仅登记证据要求）,未判定实现状态；不得复用旧审计结论
REQ-ADMINPORTAL-01039,growth-operations,docs/SPEC-§8-运营增长模块.md,完成能力 / 展示效果,- 选择推送分组：种子用户 / 活跃用户 / 普通用户 / 休眠用户 / 流失用户,logic,P1,需求规定：- 选择推送分组：种子用户 / 活跃用户 / 普通用户 / 休眠用户 / 流失用户,源码路径+测试用例/运行验证（本阶段仅登记证据要求）,未判定实现状态；不得复用旧审计结论
REQ-ADMINPORTAL-01040,growth-operations,docs/SPEC-§8-运营增长模块.md,完成能力 / 展示效果,"- 支持组合筛选：如""月消费 > ¥100 且 近 7 天未登录""",logic,P1,"需求规定：- 支持组合筛选：如""月消费 > ¥100 且 近 7 天未登录""",源码路径+测试用例/运行验证（本阶段仅登记证据要求）,未判定实现状态；不得复用旧审计结论
REQ-ADMINPORTAL-01041,growth-operations,docs/SPEC-§8-运营增长模块.md,完成能力 / 展示效果,- 推送形式：站内通知 + 邮件,logic,P1,需求规定：- 推送形式：站内通知 + 邮件,源码路径+测试用例/运行验证（本阶段仅登记证据要求）,未判定实现状态；不得复用旧审计结论
REQ-ADMINPORTAL-01042,growth-operations,docs/SPEC-§8-运营增长模块.md,完成能力 / 展示效果,- 推送统计：发送数 / 到达数 / 点击率,logic,P1,需求规定：- 推送统计：发送数 / 到达数 / 点击率,源码路径+测试用例/运行验证（本阶段仅登记证据要求）,未判定实现状态；不得复用旧审计结论
REQ-ADMINPORTAL-01043,growth-operations,docs/SPEC-§8-运营增长模块.md,完成能力 / 展示效果,**自动化流程：**,logic,P1,需求规定：**自动化流程：**,源码路径+测试用例/运行验证（本阶段仅登记证据要求）,未判定实现状态；不得复用旧审计结论
REQ-ADMINPORTAL-01044,growth-operations,docs/SPEC-§8-运营增长模块.md,完成能力 / 展示效果,**管理员配置：**,logic,P1,需求规定：**管理员配置：**,源码路径+测试用例/运行验证（本阶段仅登记证据要求）,未判定实现状态；不得复用旧审计结论
REQ-ADMINPORTAL-01045,growth-operations,docs/SPEC-§8-运营增长模块.md,完成能力 / 展示效果,- 召回触发条件（流失天数阈值）,logic,P1,需求规定：- 召回触发条件（流失天数阈值）,源码路径+测试用例/运行验证（本阶段仅登记证据要求）,未判定实现状态；不得复用旧审计结论
REQ-ADMINPORTAL-01046,growth-operations,docs/SPEC-§8-运营增长模块.md,完成能力 / 展示效果,- 各轮次召回的内容模板和优惠力度,logic,P1,需求规定：- 各轮次召回的内容模板和优惠力度,源码路径+测试用例/运行验证（本阶段仅登记证据要求）,未判定实现状态；不得复用旧审计结论
REQ-ADMINPORTAL-01047,growth-operations,docs/SPEC-§8-运营增长模块.md,完成能力 / 展示效果,- 召回频率和最大召回次数,logic,P1,需求规定：- 召回频率和最大召回次数,源码路径+测试用例/运行验证（本阶段仅登记证据要求）,未判定实现状态；不得复用旧审计结论
REQ-ADMINPORTAL-01048,growth-operations,docs/SPEC-§8-运营增长模块.md,完成能力 / 展示效果,- 老用户在控制台生成推荐链接/推荐码,logic,P1,需求规定：- 老用户在控制台生成推荐链接/推荐码,源码路径+测试用例/运行验证（本阶段仅登记证据要求）,未判定实现状态；不得复用旧审计结论
REQ-ADMINPORTAL-01049,growth-operations,docs/SPEC-§8-运营增长模块.md,完成能力 / 展示效果,- 新用户注册时填写推荐码，记录推荐奖励关系,audit,P1,需求规定：- 新用户注册时填写推荐码，记录推荐奖励关系,源码路径+测试用例/运行验证（本阶段仅登记证据要求）,未判定实现状态；不得复用旧审计结论
REQ-ADMINPORTAL-01050,growth-operations,docs/SPEC-§8-运营增长模块.md,完成能力 / 展示效果,- 推荐成功条件：被推荐用户首次消费 ≥ ¥X,logic,P1,需求规定：- 推荐成功条件：被推荐用户首次消费 ≥ ¥X,源码路径+测试用例/运行验证（本阶段仅登记证据要求）,未判定实现状态；不得复用旧审计结论
REQ-ADMINPORTAL-01051,growth-operations,docs/SPEC-§8-运营增长模块.md,完成能力 / 展示效果,- 奖励方式：双方各获得 ¥Y 额度（平台发放，非代理佣金）,logic,P1,需求规定：- 奖励方式：双方各获得 ¥Y 额度（平台发放，非代理佣金）,源码路径+测试用例/运行验证（本阶段仅登记证据要求）,未判定实现状态；不得复用旧审计结论
REQ-ADMINPORTAL-01052,growth-operations,docs/SPEC-§8-运营增长模块.md,完成能力 / 展示效果,- 推荐排行：展示推荐人数 Top 榜,page,P1,需求规定：- 推荐排行：展示推荐人数 Top 榜,源码路径+测试用例/运行验证（本阶段仅登记证据要求）,未判定实现状态；不得复用旧审计结论
REQ-ADMINPORTAL-01053,growth-operations,docs/SPEC-§8-运营增长模块.md,运营增长模块总览,| 模块 | 优先级 | 核心目的 |,logic,P1,需求规定：模块 | 优先级 | 核心目的,源码路径+测试用例/运行验证（本阶段仅登记证据要求）,未判定实现状态；不得复用旧审计结论
REQ-ADMINPORTAL-01054,growth-operations,docs/SPEC-§8-运营增长模块.md,运营增长模块总览,| 代理兑换码配额 | P1 | 代理拉新激励（不产生客户归属，归属走报备划拨） |,logic,P1,需求规定：代理兑换码配额 | P1 | 代理拉新激励（不产生客户归属，归属走报备划拨）,源码路径+测试用例/运行验证（本阶段仅登记证据要求）,未判定实现状态；不得复用旧审计结论
REQ-ADMINPORTAL-01055,growth-operations,docs/SPEC-§8-运营增长模块.md,运营增长模块总览,| 充值活动自动赠送 | P1 | 提升充值 ARPU |,logic,P1,需求规定：充值活动自动赠送 | P1 | 提升充值 ARPU,源码路径+测试用例/运行验证（本阶段仅登记证据要求）,未判定实现状态；不得复用旧审计结论
REQ-ADMINPORTAL-01056,growth-operations,docs/SPEC-§8-运营增长模块.md,运营增长模块总览,| 用户分组推送 | P1 | 精准运营触达 |,logic,P1,需求规定：用户分组推送 | P1 | 精准运营触达,源码路径+测试用例/运行验证（本阶段仅登记证据要求）,未判定实现状态；不得复用旧审计结论
REQ-ADMINPORTAL-01057,growth-operations,docs/SPEC-§8-运营增长模块.md,运营增长模块总览,| 自动化流失召回 | P1 | 减少用户流失 |,logic,P1,需求规定：自动化流失召回 | P1 | 减少用户流失,源码路径+测试用例/运行验证（本阶段仅登记证据要求）,未判定实现状态；不得复用旧审计结论
REQ-ADMINPORTAL-01058,growth-operations,docs/SPEC-§8-运营增长模块.md,运营增长模块总览,| 推荐码营销系统 | P2 | 平台级拉新奖励（不产生客户归属、非代理佣金） |,logic,P2,需求规定：推荐码营销系统 | P2 | 平台级拉新奖励（不产生客户归属、非代理佣金）,源码路径+测试用例/运行验证（本阶段仅登记证据要求）,未判定实现状态；不得复用旧审计结论
REQ-ADMINPORTAL-01059,growth-operations,docs/SPEC-§8-运营增长模块.md,[?] 页面帮助,**页面名称**：功能说明书：§8 运营增长模块,page,P1,需求规定：**页面名称**：功能说明书：§8 运营增长模块,源码路径+测试用例/运行验证（本阶段仅登记证据要求）,未判定实现状态；不得复用旧审计结论
REQ-ADMINPORTAL-01060,growth-operations,docs/SPEC-§8-运营增长模块.md,[?] 页面帮助,**适用角色**：视具体功能而定（参见总览中的优先级和适用角色说明）,permission,P1,需求规定：**适用角色**：视具体功能而定（参见总览中的优先级和适用角色说明）,源码路径+测试用例/运行验证（本阶段仅登记证据要求）,未判定实现状态；不得复用旧审计结论
REQ-ADMINPORTAL-01061,growth-operations,docs/SPEC-§8-运营增长模块.md,[?] 页面帮助,**功能定位**：该页面提供 功能说明书：§8 运营增长模块 相关的配置、查询和管理能力。,page,P1,需求规定：**功能定位**：该页面提供 功能说明书：§8 运营增长模块 相关的配置、查询和管理能力。,源码路径+测试用例/运行验证（本阶段仅登记证据要求）,未判定实现状态；不得复用旧审计结论
REQ-ADMINPORTAL-01062,growth-operations,docs/SPEC-§8-运营增长模块.md,[?] 页面帮助,**核心操作**：,logic,P1,需求规定：**核心操作**：,源码路径+测试用例/运行验证（本阶段仅登记证据要求）,未判定实现状态；不得复用旧审计结论
REQ-ADMINPORTAL-01063,growth-operations,docs/SPEC-§8-运营增长模块.md,[?] 页面帮助,**注意事项**：,logic,P1,需求规定：**注意事项**：,源码路径+测试用例/运行验证（本阶段仅登记证据要求）,未判定实现状态；不得复用旧审计结论
REQ-ADMINPORTAL-01064,growth-operations,docs/SPEC-§8-运营增长模块.md,[?] 页面帮助,- 部分操作涉及敏感数据，需二次确认或 2FA 身份验证,test,P1,需求规定：- 部分操作涉及敏感数据，需二次确认或 2FA 身份验证,源码路径+测试用例/运行验证（本阶段仅登记证据要求）,未判定实现状态；不得复用旧审计结论
REQ-ADMINPORTAL-01065,growth-operations,docs/SPEC-§8-运营增长模块.md,[?] 页面帮助,- 操作记录会写入操作日志,audit,P1,需求规定：- 操作记录会写入操作日志,源码路径+测试用例/运行验证（本阶段仅登记证据要求）,未判定实现状态；不得复用旧审计结论
REQ-ADMINPORTAL-01066,growth-operations,docs/SPEC-§8-运营增长模块.md,[?] 页面帮助,**常见问题**：,logic,P1,需求规定：**常见问题**：,源码路径+测试用例/运行验证（本阶段仅登记证据要求）,未判定实现状态；不得复用旧审计结论
REQ-ADMINPORTAL-01067,growth-operations,docs/SPEC-§8-运营增长模块.md,[?] 按钮级帮助对照表,| 按钮/操作 | 帮助说明 |,page,P1,需求规定：按钮/操作 | 帮助说明,源码路径+测试用例/运行验证（本阶段仅登记证据要求）,未判定实现状态；不得复用旧审计结论
REQ-ADMINPORTAL-01068,growth-operations,docs/SPEC-§8-运营增长模块.md,[?] 按钮级帮助对照表,| 创建/新增 | 添加一条新记录 |,audit,P1,需求规定：创建/新增 | 添加一条新记录,源码路径+测试用例/运行验证（本阶段仅登记证据要求）,未判定实现状态；不得复用旧审计结论
REQ-ADMINPORTAL-01069,growth-operations,docs/SPEC-§8-运营增长模块.md,[?] 按钮级帮助对照表,| 编辑 | 修改已有记录的字段内容 |,audit,P1,需求规定：编辑 | 修改已有记录的字段内容,源码路径+测试用例/运行验证（本阶段仅登记证据要求）,未判定实现状态；不得复用旧审计结论
REQ-ADMINPORTAL-01070,growth-operations,docs/SPEC-§8-运营增长模块.md,[?] 按钮级帮助对照表,| 删除 | 删除选中的记录（不可恢复，需确认） |,rollback,P1,需求规定：删除 | 删除选中的记录（不可恢复，需确认）,源码路径+测试用例/运行验证（本阶段仅登记证据要求）,未判定实现状态；不得复用旧审计结论
REQ-ADMINPORTAL-01071,growth-operations,docs/SPEC-§8-运营增长模块.md,[?] 按钮级帮助对照表,| 搜索 | 按关键词搜索匹配的记录 |,audit,P1,需求规定：搜索 | 按关键词搜索匹配的记录,源码路径+测试用例/运行验证（本阶段仅登记证据要求）,未判定实现状态；不得复用旧审计结论
REQ-ADMINPORTAL-01072,growth-operations,docs/SPEC-§8-运营增长模块.md,[?] 按钮级帮助对照表,| 筛选 | 按选中条件过滤列表 |,logic,P1,需求规定：筛选 | 按选中条件过滤列表,源码路径+测试用例/运行验证（本阶段仅登记证据要求）,未判定实现状态；不得复用旧审计结论
REQ-ADMINPORTAL-01073,growth-operations,docs/SPEC-§8-运营增长模块.md,[?] 按钮级帮助对照表,| 导出 CSV | 将当前列表数据导出为 CSV 文件 |,logic,P1,需求规定：导出 CSV | 将当前列表数据导出为 CSV 文件,源码路径+测试用例/运行验证（本阶段仅登记证据要求）,未判定实现状态；不得复用旧审计结论
REQ-ADMINPORTAL-01074,growth-operations,docs/SPEC-§8-运营增长模块.md,[?] 按钮级帮助对照表,| 查看详情 | 查看选中记录的完整信息 |,audit,P1,需求规定：查看详情 | 查看选中记录的完整信息,源码路径+测试用例/运行验证（本阶段仅登记证据要求）,未判定实现状态；不得复用旧审计结论
REQ-ADMINPORTAL-01075,customer-support,docs/SPEC-§10-客服支撑模块.md,功能说明书：§10 客服支撑模块,- 查看工单系统操作说明,logic,P1,需求规定：- 查看工单系统操作说明,源码路径+测试用例/运行验证（本阶段仅登记证据要求）,未判定实现状态；不得复用旧审计结论
REQ-ADMINPORTAL-01076,customer-support,docs/SPEC-§10-客服支撑模块.md,功能说明书：§10 客服支撑模块,- 管理客服工作台和技能组,logic,P1,需求规定：- 管理客服工作台和技能组,源码路径+测试用例/运行验证（本阶段仅登记证据要求）,未判定实现状态；不得复用旧审计结论
REQ-ADMINPORTAL-01077,customer-support,docs/SPEC-§10-客服支撑模块.md,功能说明书：§10 客服支撑模块,- 查看客服数据分析和报表,logic,P1,需求规定：- 查看客服数据分析和报表,源码路径+测试用例/运行验证（本阶段仅登记证据要求）,未判定实现状态；不得复用旧审计结论
REQ-ADMINPORTAL-01078,customer-support,docs/SPEC-§10-客服支撑模块.md,完成能力 / 展示效果,- **统一搜索**：输入用户 ID/邮箱/手机号，模糊匹配后直接进入用户信息聚合面板,page,P1,需求规定：- **统一搜索**：输入用户 ID/邮箱/手机号，模糊匹配后直接进入用户信息聚合面板,源码路径+测试用例/运行验证（本阶段仅登记证据要求）,未判定实现状态；不得复用旧审计结论
REQ-ADMINPORTAL-01079,customer-support,docs/SPEC-§10-客服支撑模块.md,完成能力 / 展示效果,- **信息聚合面板**（一个页面展示全部）：,page,P1,需求规定：- **信息聚合面板**（一个页面展示全部）：,源码路径+测试用例/运行验证（本阶段仅登记证据要求）,未判定实现状态；不得复用旧审计结论
REQ-ADMINPORTAL-01080,customer-support,docs/SPEC-§10-客服支撑模块.md,完成能力 / 展示效果,- 用户基本信息（昵称/邮箱/角色/注册时间/实名状态）,permission,P1,需求规定：- 用户基本信息（昵称/邮箱/角色/注册时间/实名状态）,源码路径+测试用例/运行验证（本阶段仅登记证据要求）,未判定实现状态；不得复用旧审计结论
REQ-ADMINPORTAL-01081,customer-support,docs/SPEC-§10-客服支撑模块.md,完成能力 / 展示效果,- 余额状态和最近 5 条充值记录,audit,P1,需求规定：- 余额状态和最近 5 条充值记录,源码路径+测试用例/运行验证（本阶段仅登记证据要求）,未判定实现状态；不得复用旧审计结论
REQ-ADMINPORTAL-01082,customer-support,docs/SPEC-§10-客服支撑模块.md,完成能力 / 展示效果,- 最近 10 条调用日志（快捷查看）,audit,P1,需求规定：- 最近 10 条调用日志（快捷查看）,源码路径+测试用例/运行验证（本阶段仅登记证据要求）,未判定实现状态；不得复用旧审计结论
REQ-ADMINPORTAL-01083,customer-support,docs/SPEC-§10-客服支撑模块.md,完成能力 / 展示效果,- 最近工单及回复记录,audit,P1,需求规定：- 最近工单及回复记录,源码路径+测试用例/运行验证（本阶段仅登记证据要求）,未判定实现状态；不得复用旧审计结论
REQ-ADMINPORTAL-01084,customer-support,docs/SPEC-§10-客服支撑模块.md,完成能力 / 展示效果,- 余额变动流水,logic,P1,需求规定：- 余额变动流水,源码路径+测试用例/运行验证（本阶段仅登记证据要求）,未判定实现状态；不得复用旧审计结论
REQ-ADMINPORTAL-01085,customer-support,docs/SPEC-§10-客服支撑模块.md,完成能力 / 展示效果,- **快捷操作**：无需跳转页面，在工作台内直接调整用户余额、启用/禁用用户,state,P1,需求规定：- **快捷操作**：无需跳转页面，在工作台内直接调整用户余额、启用/禁用用户,源码路径+测试用例/运行验证（本阶段仅登记证据要求）,未判定实现状态；不得复用旧审计结论
REQ-ADMINPORTAL-01086,customer-support,docs/SPEC-§10-客服支撑模块.md,完成能力 / 展示效果,- **操作时间线**：该用户在平台的所有操作按时间线展示,page,P1,需求规定：- **操作时间线**：该用户在平台的所有操作按时间线展示,源码路径+测试用例/运行验证（本阶段仅登记证据要求）,未判定实现状态；不得复用旧审计结论
REQ-ADMINPORTAL-01087,customer-support,docs/SPEC-§10-客服支撑模块.md,完成能力 / 展示效果,**管理员/运营：**,logic,P1,需求规定：**管理员/运营：**,源码路径+测试用例/运行验证（本阶段仅登记证据要求）,未判定实现状态；不得复用旧审计结论
REQ-ADMINPORTAL-01088,customer-support,docs/SPEC-§10-客服支撑模块.md,完成能力 / 展示效果,- 创建知识库文章：标题 | 分类 | 内容（富文本）| 标签,logic,P1,需求规定：- 创建知识库文章：标题 | 分类 | 内容（富文本）| 标签,源码路径+测试用例/运行验证（本阶段仅登记证据要求）,未判定实现状态；不得复用旧审计结论
REQ-ADMINPORTAL-01089,customer-support,docs/SPEC-§10-客服支撑模块.md,完成能力 / 展示效果,- 分类管理：自定义分类,logic,P1,需求规定：- 分类管理：自定义分类,源码路径+测试用例/运行验证（本阶段仅登记证据要求）,未判定实现状态；不得复用旧审计结论
REQ-ADMINPORTAL-01090,customer-support,docs/SPEC-§10-客服支撑模块.md,完成能力 / 展示效果,- 文章管理：发布/下架/编辑/版本历史,state,P1,需求规定：- 文章管理：发布/下架/编辑/版本历史,源码路径+测试用例/运行验证（本阶段仅登记证据要求）,未判定实现状态；不得复用旧审计结论
REQ-ADMINPORTAL-01091,customer-support,docs/SPEC-§10-客服支撑模块.md,完成能力 / 展示效果,- 在工作台内直接搜索知识库,logic,P1,需求规定：- 在工作台内直接搜索知识库,源码路径+测试用例/运行验证（本阶段仅登记证据要求）,未判定实现状态；不得复用旧审计结论
REQ-ADMINPORTAL-01092,customer-support,docs/SPEC-§10-客服支撑模块.md,完成能力 / 展示效果,- 搜索结果展示匹配的文章标题和摘要,page,P1,需求规定：- 搜索结果展示匹配的文章标题和摘要,源码路径+测试用例/运行验证（本阶段仅登记证据要求）,未判定实现状态；不得复用旧审计结论
REQ-ADMINPORTAL-01093,customer-support,docs/SPEC-§10-客服支撑模块.md,完成能力 / 展示效果,- 点击查看文章详情，可复制内容回复给用户,logic,P1,需求规定：- 点击查看文章详情，可复制内容回复给用户,源码路径+测试用例/运行验证（本阶段仅登记证据要求）,未判定实现状态；不得复用旧审计结论
REQ-ADMINPORTAL-01094,customer-support,docs/SPEC-§10-客服支撑模块.md,完成能力 / 展示效果,- 帮助首页：热门问题列表 + 分类导航,logic,P1,需求规定：- 帮助首页：热门问题列表 + 分类导航,源码路径+测试用例/运行验证（本阶段仅登记证据要求）,未判定实现状态；不得复用旧审计结论
REQ-ADMINPORTAL-01095,customer-support,docs/SPEC-§10-客服支撑模块.md,完成能力 / 展示效果,- 分类浏览：账户管理 / 充值 / API 调用 / 计费 / 安全 等,api,P1,需求规定：- 分类浏览：账户管理 / 充值 / API 调用 / 计费 / 安全 等,源码路径+测试用例/运行验证（本阶段仅登记证据要求）,未判定实现状态；不得复用旧审计结论
REQ-ADMINPORTAL-01096,customer-support,docs/SPEC-§10-客服支撑模块.md,完成能力 / 展示效果,- 全文搜索,logic,P1,需求规定：- 全文搜索,源码路径+测试用例/运行验证（本阶段仅登记证据要求）,未判定实现状态；不得复用旧审计结论
REQ-ADMINPORTAL-01097,customer-support,docs/SPEC-§10-客服支撑模块.md,完成能力 / 展示效果,- 文章阅读页：内容 + 相关文章推荐,logic,P1,需求规定：- 文章阅读页：内容 + 相关文章推荐,源码路径+测试用例/运行验证（本阶段仅登记证据要求）,未判定实现状态；不得复用旧审计结论
REQ-ADMINPORTAL-01098,customer-support,docs/SPEC-§10-客服支撑模块.md,完成能力 / 展示效果,- 反馈：文章是否有帮助,logic,P1,需求规定：- 反馈：文章是否有帮助,源码路径+测试用例/运行验证（本阶段仅登记证据要求）,未判定实现状态；不得复用旧审计结论
REQ-ADMINPORTAL-01099,customer-support,docs/SPEC-§10-客服支撑模块.md,完成能力 / 展示效果,- 模板列表：名称 | 分类 | 内容（支持变量：{用户名}、{余额} 等）,field,P1,需求规定：- 模板列表：名称 | 分类 | 内容（支持变量：{用户名}、{余额} 等）,源码路径+测试用例/运行验证（本阶段仅登记证据要求）,未判定实现状态；不得复用旧审计结论
REQ-ADMINPORTAL-01100,customer-support,docs/SPEC-§10-客服支撑模块.md,完成能力 / 展示效果,- 创建/编辑模板,logic,P1,需求规定：- 创建/编辑模板,源码路径+测试用例/运行验证（本阶段仅登记证据要求）,未判定实现状态；不得复用旧审计结论
REQ-ADMINPORTAL-01101,customer-support,docs/SPEC-§10-客服支撑模块.md,完成能力 / 展示效果,- 客服在回复时选择模板 → 自动填充内容 → 可继续编辑,logic,P1,需求规定：- 客服在回复时选择模板 → 自动填充内容 → 可继续编辑,源码路径+测试用例/运行验证（本阶段仅登记证据要求）,未判定实现状态；不得复用旧审计结论
REQ-ADMINPORTAL-01102,customer-support,docs/SPEC-§10-客服支撑模块.md,完成能力 / 展示效果,**用户端：**,logic,P1,需求规定：**用户端：**,源码路径+测试用例/运行验证（本阶段仅登记证据要求）,未判定实现状态；不得复用旧审计结论
REQ-ADMINPORTAL-01103,customer-support,docs/SPEC-§10-客服支撑模块.md,完成能力 / 展示效果,- 控制台右下角悬浮聊天按钮,page,P1,需求规定：- 控制台右下角悬浮聊天按钮,源码路径+测试用例/运行验证（本阶段仅登记证据要求）,未判定实现状态；不得复用旧审计结论
REQ-ADMINPORTAL-01104,customer-support,docs/SPEC-§10-客服支撑模块.md,完成能力 / 展示效果,- 发起咨询 → 分配客服 → 实时对话,logic,P1,需求规定：- 发起咨询 → 分配客服 → 实时对话,源码路径+测试用例/运行验证（本阶段仅登记证据要求）,未判定实现状态；不得复用旧审计结论
REQ-ADMINPORTAL-01105,customer-support,docs/SPEC-§10-客服支撑模块.md,完成能力 / 展示效果,- 消息类型：文字 + 图片,logic,P1,需求规定：- 消息类型：文字 + 图片,源码路径+测试用例/运行验证（本阶段仅登记证据要求）,未判定实现状态；不得复用旧审计结论
REQ-ADMINPORTAL-01106,customer-support,docs/SPEC-§10-客服支撑模块.md,完成能力 / 展示效果,**客服端（管理后台）：**,logic,P1,需求规定：**客服端（管理后台）：**,源码路径+测试用例/运行验证（本阶段仅登记证据要求）,未判定实现状态；不得复用旧审计结论
REQ-ADMINPORTAL-01107,customer-support,docs/SPEC-§10-客服支撑模块.md,完成能力 / 展示效果,- 待接入队列：按用户优先级/等待时间排序,field,P1,需求规定：- 待接入队列：按用户优先级/等待时间排序,源码路径+测试用例/运行验证（本阶段仅登记证据要求）,未判定实现状态；不得复用旧审计结论
REQ-ADMINPORTAL-01108,customer-support,docs/SPEC-§10-客服支撑模块.md,完成能力 / 展示效果,- 对话窗口：完整聊天记录 + 快捷回复 + 知识库搜索,audit,P1,需求规定：- 对话窗口：完整聊天记录 + 快捷回复 + 知识库搜索,源码路径+测试用例/运行验证（本阶段仅登记证据要求）,未判定实现状态；不得复用旧审计结论
REQ-ADMINPORTAL-01109,customer-support,docs/SPEC-§10-客服支撑模块.md,完成能力 / 展示效果,- 同时处理多会话,concurrency,P1,需求规定：- 同时处理多会话,源码路径+测试用例/运行验证（本阶段仅登记证据要求）,未判定实现状态；不得复用旧审计结论
REQ-ADMINPORTAL-01110,customer-support,docs/SPEC-§10-客服支撑模块.md,完成能力 / 展示效果,- [时间] 用户注册,field,P1,需求规定：- [时间] 用户注册,源码路径+测试用例/运行验证（本阶段仅登记证据要求）,未判定实现状态；不得复用旧审计结论
REQ-ADMINPORTAL-01111,customer-support,docs/SPEC-§10-客服支撑模块.md,完成能力 / 展示效果,"- [时间] 用户创建 API Key ""xxx""",api,P1,"需求规定：- [时间] 用户创建 API Key ""xxx""",源码路径+测试用例/运行验证（本阶段仅登记证据要求）,未判定实现状态；不得复用旧审计结论
REQ-ADMINPORTAL-01112,customer-support,docs/SPEC-§10-客服支撑模块.md,完成能力 / 展示效果,- [时间] 用户调用 deepseek-chat（消耗 ¥0.50）,field,P1,需求规定：- [时间] 用户调用 deepseek-chat（消耗 ¥0.50）,源码路径+测试用例/运行验证（本阶段仅登记证据要求）,未判定实现状态；不得复用旧审计结论
REQ-ADMINPORTAL-01113,customer-support,docs/SPEC-§10-客服支撑模块.md,完成能力 / 展示效果,- [时间] 用户充值 ¥100,field,P1,需求规定：- [时间] 用户充值 ¥100,源码路径+测试用例/运行验证（本阶段仅登记证据要求）,未判定实现状态；不得复用旧审计结论
REQ-ADMINPORTAL-01114,customer-support,docs/SPEC-§10-客服支撑模块.md,完成能力 / 展示效果,- [时间] 用户提交实名审核,transaction,P1,需求规定：- [时间] 用户提交实名审核,源码路径+测试用例/运行验证（本阶段仅登记证据要求）,未判定实现状态；不得复用旧审计结论
REQ-ADMINPORTAL-01115,customer-support,docs/SPEC-§10-客服支撑模块.md,完成能力 / 展示效果,- [时间] 实名审核通过,field,P1,需求规定：- [时间] 实名审核通过,源码路径+测试用例/运行验证（本阶段仅登记证据要求）,未判定实现状态；不得复用旧审计结论
REQ-ADMINPORTAL-01116,customer-support,docs/SPEC-§10-客服支撑模块.md,客服模块总览,| 模块 | 优先级 | 核心价值 |,logic,P1,需求规定：模块 | 优先级 | 核心价值,源码路径+测试用例/运行验证（本阶段仅登记证据要求）,未判定实现状态；不得复用旧审计结论
REQ-ADMINPORTAL-01117,customer-support,docs/SPEC-§10-客服支撑模块.md,客服模块总览,| 客服工作台 | P1 | 客服日常核心工具 |,logic,P1,需求规定：客服工作台 | P1 | 客服日常核心工具,源码路径+测试用例/运行验证（本阶段仅登记证据要求）,未判定实现状态；不得复用旧审计结论
REQ-ADMINPORTAL-01118,customer-support,docs/SPEC-§10-客服支撑模块.md,客服模块总览,| 知识库系统 | P1 | 客服知识赋能 |,logic,P1,需求规定：知识库系统 | P1 | 客服知识赋能,源码路径+测试用例/运行验证（本阶段仅登记证据要求）,未判定实现状态；不得复用旧审计结论
REQ-ADMINPORTAL-01119,customer-support,docs/SPEC-§10-客服支撑模块.md,客服模块总览,| 帮助中心 | P1 | 用户自助服务 |,logic,P1,需求规定：帮助中心 | P1 | 用户自助服务,源码路径+测试用例/运行验证（本阶段仅登记证据要求）,未判定实现状态；不得复用旧审计结论
REQ-ADMINPORTAL-01120,customer-support,docs/SPEC-§10-客服支撑模块.md,客服模块总览,| 快捷回复模板 | P2 | 提升客服效率 |,logic,P2,需求规定：快捷回复模板 | P2 | 提升客服效率,源码路径+测试用例/运行验证（本阶段仅登记证据要求）,未判定实现状态；不得复用旧审计结论
REQ-ADMINPORTAL-01121,customer-support,docs/SPEC-§10-客服支撑模块.md,客服模块总览,| 在线客服 | P2 | 即时服务能力 |,logic,P2,需求规定：在线客服 | P2 | 即时服务能力,源码路径+测试用例/运行验证（本阶段仅登记证据要求）,未判定实现状态；不得复用旧审计结论
REQ-ADMINPORTAL-01122,customer-support,docs/SPEC-§10-客服支撑模块.md,客服模块总览,| 操作时间线 | P2 | 问题回溯依据 |,field,P2,需求规定：操作时间线 | P2 | 问题回溯依据,源码路径+测试用例/运行验证（本阶段仅登记证据要求）,未判定实现状态；不得复用旧审计结论
REQ-ADMINPORTAL-01123,customer-support,docs/SPEC-§10-客服支撑模块.md,[?] 页面帮助,**页面名称**：功能说明书：§10 客服支撑模块,page,P1,需求规定：**页面名称**：功能说明书：§10 客服支撑模块,源码路径+测试用例/运行验证（本阶段仅登记证据要求）,未判定实现状态；不得复用旧审计结论
REQ-ADMINPORTAL-01124,customer-support,docs/SPEC-§10-客服支撑模块.md,[?] 页面帮助,**适用角色**：视具体功能而定（参见总览中的优先级和适用角色说明）,permission,P1,需求规定：**适用角色**：视具体功能而定（参见总览中的优先级和适用角色说明）,源码路径+测试用例/运行验证（本阶段仅登记证据要求）,未判定实现状态；不得复用旧审计结论
REQ-ADMINPORTAL-01125,customer-support,docs/SPEC-§10-客服支撑模块.md,[?] 页面帮助,**功能定位**：该页面提供 功能说明书：§10 客服支撑模块 相关的配置、查询和管理能力。,page,P1,需求规定：**功能定位**：该页面提供 功能说明书：§10 客服支撑模块 相关的配置、查询和管理能力。,源码路径+测试用例/运行验证（本阶段仅登记证据要求）,未判定实现状态；不得复用旧审计结论
REQ-ADMINPORTAL-01126,customer-support,docs/SPEC-§10-客服支撑模块.md,[?] 页面帮助,**核心操作**：,logic,P1,需求规定：**核心操作**：,源码路径+测试用例/运行验证（本阶段仅登记证据要求）,未判定实现状态；不得复用旧审计结论
REQ-ADMINPORTAL-01127,customer-support,docs/SPEC-§10-客服支撑模块.md,[?] 页面帮助,**注意事项**：,logic,P1,需求规定：**注意事项**：,源码路径+测试用例/运行验证（本阶段仅登记证据要求）,未判定实现状态；不得复用旧审计结论
REQ-ADMINPORTAL-01128,customer-support,docs/SPEC-§10-客服支撑模块.md,[?] 页面帮助,- 部分操作涉及敏感数据，需二次确认或 2FA 身份验证,test,P1,需求规定：- 部分操作涉及敏感数据，需二次确认或 2FA 身份验证,源码路径+测试用例/运行验证（本阶段仅登记证据要求）,未判定实现状态；不得复用旧审计结论
REQ-ADMINPORTAL-01129,customer-support,docs/SPEC-§10-客服支撑模块.md,[?] 页面帮助,- 操作记录会写入操作日志,audit,P1,需求规定：- 操作记录会写入操作日志,源码路径+测试用例/运行验证（本阶段仅登记证据要求）,未判定实现状态；不得复用旧审计结论
REQ-ADMINPORTAL-01130,customer-support,docs/SPEC-§10-客服支撑模块.md,[?] 页面帮助,**常见问题**：,logic,P1,需求规定：**常见问题**：,源码路径+测试用例/运行验证（本阶段仅登记证据要求）,未判定实现状态；不得复用旧审计结论
REQ-ADMINPORTAL-01131,customer-support,docs/SPEC-§10-客服支撑模块.md,[?] 按钮级帮助对照表,| 按钮/操作 | 帮助说明 |,page,P1,需求规定：按钮/操作 | 帮助说明,源码路径+测试用例/运行验证（本阶段仅登记证据要求）,未判定实现状态；不得复用旧审计结论
REQ-ADMINPORTAL-01132,customer-support,docs/SPEC-§10-客服支撑模块.md,[?] 按钮级帮助对照表,| 创建/新增 | 添加一条新记录 |,audit,P1,需求规定：创建/新增 | 添加一条新记录,源码路径+测试用例/运行验证（本阶段仅登记证据要求）,未判定实现状态；不得复用旧审计结论
REQ-ADMINPORTAL-01133,customer-support,docs/SPEC-§10-客服支撑模块.md,[?] 按钮级帮助对照表,| 编辑 | 修改已有记录的字段内容 |,audit,P1,需求规定：编辑 | 修改已有记录的字段内容,源码路径+测试用例/运行验证（本阶段仅登记证据要求）,未判定实现状态；不得复用旧审计结论
REQ-ADMINPORTAL-01134,customer-support,docs/SPEC-§10-客服支撑模块.md,[?] 按钮级帮助对照表,| 删除 | 删除选中的记录（不可恢复，需确认） |,rollback,P1,需求规定：删除 | 删除选中的记录（不可恢复，需确认）,源码路径+测试用例/运行验证（本阶段仅登记证据要求）,未判定实现状态；不得复用旧审计结论
REQ-ADMINPORTAL-01135,customer-support,docs/SPEC-§10-客服支撑模块.md,[?] 按钮级帮助对照表,| 搜索 | 按关键词搜索匹配的记录 |,audit,P1,需求规定：搜索 | 按关键词搜索匹配的记录,源码路径+测试用例/运行验证（本阶段仅登记证据要求）,未判定实现状态；不得复用旧审计结论
REQ-ADMINPORTAL-01136,customer-support,docs/SPEC-§10-客服支撑模块.md,[?] 按钮级帮助对照表,| 筛选 | 按选中条件过滤列表 |,logic,P1,需求规定：筛选 | 按选中条件过滤列表,源码路径+测试用例/运行验证（本阶段仅登记证据要求）,未判定实现状态；不得复用旧审计结论
REQ-ADMINPORTAL-01137,customer-support,docs/SPEC-§10-客服支撑模块.md,[?] 按钮级帮助对照表,| 导出 CSV | 将当前列表数据导出为 CSV 文件 |,logic,P1,需求规定：导出 CSV | 将当前列表数据导出为 CSV 文件,源码路径+测试用例/运行验证（本阶段仅登记证据要求）,未判定实现状态；不得复用旧审计结论
REQ-ADMINPORTAL-01138,customer-support,docs/SPEC-§10-客服支撑模块.md,[?] 按钮级帮助对照表,| 查看详情 | 查看选中记录的完整信息 |,audit,P1,需求规定：查看详情 | 查看选中记录的完整信息,源码路径+测试用例/运行验证（本阶段仅登记证据要求）,未判定实现状态；不得复用旧审计结论
REQ-ADMINPORTAL-01139,customer-support,docs/SPEC-§10-客服支撑模块.md,边界条件清单,| # | 场景 | 触发条件 | 预期行为 | 影响范围 | 优先级 |,logic,P1,需求规定：# | 场景 | 触发条件 | 预期行为 | 影响范围 | 优先级,源码路径+测试用例/运行验证（本阶段仅登记证据要求）,未判定实现状态；不得复用旧审计结论
REQ-ADMINPORTAL-01140,customer-support,docs/SPEC-§10-客服支撑模块.md,边界条件清单,"| CS-001 | 多个客服同时接待同一用户 | 同一用户被多个客服同时分配或主动接入 | 上一个客服的会话保持活跃，新接入的客服收到""该用户已有进行中会话""提示",concurrency,P1,"需求规定：CS-001 | 多个客服同时接待同一用户 | 同一用户被多个客服同时分配或主动接入 | 上一个客服的会话保持活跃，新接入的客服收到""该用户已有进行中会话""提示",源码路径+测试用例/运行验证（本阶段仅登记证据要求）,未判定实现状态；不得复用旧审计结论
REQ-ADMINPORTAL-01141,customer-support,docs/SPEC-§10-客服支撑模块.md,边界条件清单,可发起会话接管请求，原客服确认后转接 | 用户会话 | P0 |,logic,P0,需求规定：可发起会话接管请求，原客服确认后转接 | 用户会话 | P0,源码路径+测试用例/运行验证（本阶段仅登记证据要求）,未判定实现状态；不得复用旧审计结论
REQ-ADMINPORTAL-01142,customer-support,docs/SPEC-§10-客服支撑模块.md,边界条件清单,| CS-002 | 会话转接数据丢失 | 客服将会话转接给其他客服时部分聊天记录未同步 | 转接时自动保存完整会话快照（包括未读消息、附件、上下文）,audit,P1,需求规定：CS-002 | 会话转接数据丢失 | 客服将会话转接给其他客服时部分聊天记录未同步 | 转接时自动保存完整会话快照（包括未读消息、附件、上下文）,源码路径+测试用例/运行验证（本阶段仅登记证据要求）,未判定实现状态；不得复用旧审计结论
REQ-ADMINPORTAL-01143,customer-support,docs/SPEC-§10-客服支撑模块.md,边界条件清单,目标客服收到包含完整历史记录的会话摘要卡片 | 转接会话 | P0 |,audit,P0,需求规定：目标客服收到包含完整历史记录的会话摘要卡片 | 转接会话 | P0,源码路径+测试用例/运行验证（本阶段仅登记证据要求）,未判定实现状态；不得复用旧审计结论
REQ-ADMINPORTAL-01144,customer-support,docs/SPEC-§10-客服支撑模块.md,边界条件清单,"| CS-003 | 客服离线未结会话处理 | 客服突然断线或超时离线，仍有未处理完的会话 | 离线超过 5 分钟的未结会话自动进入""待分配""池",exception,P1,"需求规定：CS-003 | 客服离线未结会话处理 | 客服突然断线或超时离线，仍有未处理完的会话 | 离线超过 5 分钟的未结会话自动进入""待分配""池",源码路径+测试用例/运行验证（本阶段仅登记证据要求）,未判定实现状态；不得复用旧审计结论
REQ-ADMINPORTAL-01145,customer-support,docs/SPEC-§10-客服支撑模块.md,边界条件清单,离线期间的消息排队等待,logic,P1,需求规定：离线期间的消息排队等待,源码路径+测试用例/运行验证（本阶段仅登记证据要求）,未判定实现状态；不得复用旧审计结论
REQ-ADMINPORTAL-01146,customer-support,docs/SPEC-§10-客服支撑模块.md,边界条件清单,客服重新上线后收到离线期间的消息摘要 | 未结会话 | P0 |,logic,P0,需求规定：客服重新上线后收到离线期间的消息摘要 | 未结会话 | P0,源码路径+测试用例/运行验证（本阶段仅登记证据要求）,未判定实现状态；不得复用旧审计结论
REQ-ADMINPORTAL-01147,customer-support,docs/SPEC-§10-客服支撑模块.md,边界条件清单,| CS-004 | 知识库搜索结果为空 | 用户/客服搜索知识库时关键词无匹配结果 | 支持模糊搜索和同义词扩展,logic,P1,需求规定：CS-004 | 知识库搜索结果为空 | 用户/客服搜索知识库时关键词无匹配结果 | 支持模糊搜索和同义词扩展,源码路径+测试用例/运行验证（本阶段仅登记证据要求）,未判定实现状态；不得复用旧审计结论
REQ-ADMINPORTAL-01148,customer-support,docs/SPEC-§10-客服支撑模块.md,边界条件清单,"仍无结果时提供""建议新文章""入口",page,P1,"需求规定：仍无结果时提供""建议新文章""入口",源码路径+测试用例/运行验证（本阶段仅登记证据要求）,未判定实现状态；不得复用旧审计结论
REQ-ADMINPORTAL-01149,customer-support,docs/SPEC-§10-客服支撑模块.md,边界条件清单,"客服端显示""未找到相关内容，将转交人工处理"" | 知识库搜索 | P1 |",logic,P1,"需求规定：客服端显示""未找到相关内容，将转交人工处理"" | 知识库搜索 | P1",源码路径+测试用例/运行验证（本阶段仅登记证据要求）,未判定实现状态；不得复用旧审计结论
REQ-ADMINPORTAL-01150,customer-support,docs/SPEC-§10-客服支撑模块.md,边界条件清单,| CS-005 | 帮助中心页面并发高峰 | 大量用户同时访问帮助中心（如故障公告后） | CDN 缓存热门页面（TTL 3600s）,concurrency,P1,需求规定：CS-005 | 帮助中心页面并发高峰 | 大量用户同时访问帮助中心（如故障公告后） | CDN 缓存热门页面（TTL 3600s）,源码路径+测试用例/运行验证（本阶段仅登记证据要求）,未判定实现状态；不得复用旧审计结论
REQ-ADMINPORTAL-01151,customer-support,docs/SPEC-§10-客服支撑模块.md,边界条件清单,API 设置独立限流,api,P1,需求规定：API 设置独立限流,源码路径+测试用例/运行验证（本阶段仅登记证据要求）,未判定实现状态；不得复用旧审计结论
REQ-ADMINPORTAL-01152,customer-support,docs/SPEC-§10-客服支撑模块.md,边界条件清单,静态页面不依赖后端服务,page,P1,需求规定：静态页面不依赖后端服务,源码路径+测试用例/运行验证（本阶段仅登记证据要求）,未判定实现状态；不得复用旧审计结论
REQ-ADMINPORTAL-01153,customer-support,docs/SPEC-§10-客服支撑模块.md,边界条件清单,升级公告实时显示在帮助中心顶部 | 帮助中心 | P1 |,logic,P1,需求规定：升级公告实时显示在帮助中心顶部 | 帮助中心 | P1,源码路径+测试用例/运行验证（本阶段仅登记证据要求）,未判定实现状态；不得复用旧审计结论
REQ-ADMINPORTAL-01154,customer-support,docs/SPEC-§10-客服支撑模块.md,边界条件清单,| CS-006 | 在线客服 WebSocket 断开 | 用户处于客服会话中时 WebSocket 连接意外断开 | 客户端自动重连（指数退避）,logic,P1,需求规定：CS-006 | 在线客服 WebSocket 断开 | 用户处于客服会话中时 WebSocket 连接意外断开 | 客户端自动重连（指数退避）,源码路径+测试用例/运行验证（本阶段仅登记证据要求）,未判定实现状态；不得复用旧审计结论
REQ-ADMINPORTAL-01155,customer-support,docs/SPEC-§10-客服支撑模块.md,边界条件清单,重连后同步断连期间的消息,logic,P1,需求规定：重连后同步断连期间的消息,源码路径+测试用例/运行验证（本阶段仅登记证据要求）,未判定实现状态；不得复用旧审计结论
REQ-ADMINPORTAL-01156,customer-support,docs/SPEC-§10-客服支撑模块.md,边界条件清单,"人工客服收到""用户重新连接""的通知",logic,P1,"需求规定：人工客服收到""用户重新连接""的通知",源码路径+测试用例/运行验证（本阶段仅登记证据要求）,未判定实现状态；不得复用旧审计结论
REQ-ADMINPORTAL-01157,customer-support,docs/SPEC-§10-客服支撑模块.md,边界条件清单,消息队列保证不超过 60 秒丢失 | 当前会话 | P1 |,logic,P1,需求规定：消息队列保证不超过 60 秒丢失 | 当前会话 | P1,源码路径+测试用例/运行验证（本阶段仅登记证据要求）,未判定实现状态；不得复用旧审计结论
REQ-ADMINPORTAL-01158,customer-support,docs/SPEC-§10-客服支撑模块.md,边界条件清单,| CS-007 | 快捷回复模板内容过期 | 快捷回复引用了已失效的产品/价格信息 | 模板引用使用动态占位符（`{{product_name}}`），不硬编码,logic,P1,需求规定：CS-007 | 快捷回复模板内容过期 | 快捷回复引用了已失效的产品/价格信息 | 模板引用使用动态占位符（`{{product_name}}`），不硬编码,源码路径+测试用例/运行验证（本阶段仅登记证据要求）,未判定实现状态；不得复用旧审计结论
REQ-ADMINPORTAL-01159,customer-support,docs/SPEC-§10-客服支撑模块.md,边界条件清单,模板内容由运营团队定期审核,logic,P1,需求规定：模板内容由运营团队定期审核,源码路径+测试用例/运行验证（本阶段仅登记证据要求）,未判定实现状态；不得复用旧审计结论
REQ-ADMINPORTAL-01160,customer-support,docs/SPEC-§10-客服支撑模块.md,边界条件清单,系统自动检测包含失效引用的模板并标记 | 快捷回复 | P1 |,logic,P1,需求规定：系统自动检测包含失效引用的模板并标记 | 快捷回复 | P1,源码路径+测试用例/运行验证（本阶段仅登记证据要求）,未判定实现状态；不得复用旧审计结论
REQ-ADMINPORTAL-01161,customer-support,docs/SPEC-§10-客服支撑模块.md,边界条件清单,| CS-008 | 操作时间线数据冲突 | 用户操作时间线与实际操作存在不一致（如延迟写入） | 时间线数据来源使用事件源（Event Sourcing），顺序由全局序列号保证,concurrency,P1,需求规定：CS-008 | 操作时间线数据冲突 | 用户操作时间线与实际操作存在不一致（如延迟写入） | 时间线数据来源使用事件源（Event Sourcing），顺序由全局序列号保证,源码路径+测试用例/运行验证（本阶段仅登记证据要求）,未判定实现状态；不得复用旧审计结论
REQ-ADMINPORTAL-01162,customer-support,docs/SPEC-§10-客服支撑模块.md,边界条件清单,延迟到达的事件按实际发生时间排序，插入到正确位置 | 时间线展示 | P2 |,page,P2,需求规定：延迟到达的事件按实际发生时间排序，插入到正确位置 | 时间线展示 | P2,源码路径+测试用例/运行验证（本阶段仅登记证据要求）,未判定实现状态；不得复用旧审计结论
REQ-ADMINPORTAL-01163,customer-support,docs/SPEC-§10-客服支撑模块.md,CS-003: 客服离线未结会话,**处理流程**:,logic,P1,需求规定：**处理流程**:,源码路径+测试用例/运行验证（本阶段仅登记证据要求）,未判定实现状态；不得复用旧审计结论
REQ-ADMINPORTAL-01164,customer-support,docs/SPEC-§10-客服支撑模块.md,异常流程汇总,| 场景 | 恢复策略 | 是否通知 |,rollback,P1,需求规定：场景 | 恢复策略 | 是否通知,源码路径+测试用例/运行验证（本阶段仅登记证据要求）,未判定实现状态；不得复用旧审计结论
REQ-ADMINPORTAL-01165,customer-support,docs/SPEC-§10-客服支撑模块.md,异常流程汇总,| 多客服同时接待 | 提示已有会话 + 接管机制 | 操作提示 |,concurrency,P1,需求规定：多客服同时接待 | 提示已有会话 + 接管机制 | 操作提示,源码路径+测试用例/运行验证（本阶段仅登记证据要求）,未判定实现状态；不得复用旧审计结论
REQ-ADMINPORTAL-01166,customer-support,docs/SPEC-§10-客服支撑模块.md,异常流程汇总,| 转接数据丢失 | 完整快照同步 | 无 |,logic,P1,需求规定：转接数据丢失 | 完整快照同步 | 无,源码路径+测试用例/运行验证（本阶段仅登记证据要求）,未判定实现状态；不得复用旧审计结论
REQ-ADMINPORTAL-01167,customer-support,docs/SPEC-§10-客服支撑模块.md,异常流程汇总,| 客服离线未结会话 | 自动重新分配 | 原客服上线通知 |,logic,P1,需求规定：客服离线未结会话 | 自动重新分配 | 原客服上线通知,源码路径+测试用例/运行验证（本阶段仅登记证据要求）,未判定实现状态；不得复用旧审计结论
REQ-ADMINPORTAL-01168,customer-support,docs/SPEC-§10-客服支撑模块.md,异常流程汇总,| WebSocket 断连 | 自动重连 + 消息持久化 | 无 |,logic,P1,需求规定：WebSocket 断连 | 自动重连 + 消息持久化 | 无,源码路径+测试用例/运行验证（本阶段仅登记证据要求）,未判定实现状态；不得复用旧审计结论
REQ-ADMINPORTAL-01169,system-admin,docs/SPEC-§12-系统管理员支撑.md,功能说明书：§12 系统管理员支撑,- 管理系统环境和部署配置,logic,P1,需求规定：- 管理系统环境和部署配置,源码路径+测试用例/运行验证（本阶段仅登记证据要求）,未判定实现状态；不得复用旧审计结论
REQ-ADMINPORTAL-01170,system-admin,docs/SPEC-§12-系统管理员支撑.md,功能说明书：§12 系统管理员支撑,- 执行系统维护和健康检查,logic,P1,需求规定：- 执行系统维护和健康检查,源码路径+测试用例/运行验证（本阶段仅登记证据要求）,未判定实现状态；不得复用旧审计结论
REQ-ADMINPORTAL-01171,system-admin,docs/SPEC-§12-系统管理员支撑.md,功能说明书：§12 系统管理员支撑,- 查看系统日志和诊断信息,audit,P1,需求规定：- 查看系统日志和诊断信息,源码路径+测试用例/运行验证（本阶段仅登记证据要求）,未判定实现状态；不得复用旧审计结论
REQ-ADMINPORTAL-01172,system-admin,docs/SPEC-§12-系统管理员支撑.md,完成能力 / 展示效果,- **多维度筛选**：时间范围 / 操作人 / 操作类型 / 资源类型 / 影响范围,field,P1,需求规定：- **多维度筛选**：时间范围 / 操作人 / 操作类型 / 资源类型 / 影响范围,源码路径+测试用例/运行验证（本阶段仅登记证据要求）,未判定实现状态；不得复用旧审计结论
REQ-ADMINPORTAL-01173,system-admin,docs/SPEC-§12-系统管理员支撑.md,完成能力 / 展示效果,- **审计日志列表**：时间 | 操作人 | 操作类型 | 目标类型/ID | IP | 状态,audit,P1,需求规定：- **审计日志列表**：时间 | 操作人 | 操作类型 | 目标类型/ID | IP | 状态,源码路径+测试用例/运行验证（本阶段仅登记证据要求）,未判定实现状态；不得复用旧审计结论
REQ-ADMINPORTAL-01174,system-admin,docs/SPEC-§12-系统管理员支撑.md,完成能力 / 展示效果,- **操作详情**：点击查看 before/after JSON diff，变更字段高亮显示,field,P1,需求规定：- **操作详情**：点击查看 before/after JSON diff，变更字段高亮显示,源码路径+测试用例/运行验证（本阶段仅登记证据要求）,未判定实现状态；不得复用旧审计结论
REQ-ADMINPORTAL-01175,system-admin,docs/SPEC-§12-系统管理员支撑.md,完成能力 / 展示效果,- **异常模式识别**：系统自动标记可疑操作（如凌晨批量改配置、敏感操作）→ 异常操作列表,exception,P1,需求规定：- **异常模式识别**：系统自动标记可疑操作（如凌晨批量改配置、敏感操作）→ 异常操作列表,源码路径+测试用例/运行验证（本阶段仅登记证据要求）,未判定实现状态；不得复用旧审计结论
REQ-ADMINPORTAL-01176,system-admin,docs/SPEC-§12-系统管理员支撑.md,完成能力 / 展示效果,- **操作回滚**：对配置类变更，一键回滚到变更前状态（仅超级管理员权限）,permission,P1,需求规定：- **操作回滚**：对配置类变更，一键回滚到变更前状态（仅超级管理员权限）,源码路径+测试用例/运行验证（本阶段仅登记证据要求）,未判定实现状态；不得复用旧审计结论
REQ-ADMINPORTAL-01177,system-admin,docs/SPEC-§12-系统管理员支撑.md,完成能力 / 展示效果,- **导出**：CSV/JSON 两种格式,logic,P1,需求规定：- **导出**：CSV/JSON 两种格式,源码路径+测试用例/运行验证（本阶段仅登记证据要求）,未判定实现状态；不得复用旧审计结论
REQ-ADMINPORTAL-01178,system-admin,docs/SPEC-§12-系统管理员支撑.md,完成能力 / 展示效果,- **表空间概览**：按大小排序展示所有表（行数/磁盘占用/增长趋势）,page,P1,需求规定：- **表空间概览**：按大小排序展示所有表（行数/磁盘占用/增长趋势）,源码路径+测试用例/运行验证（本阶段仅登记证据要求）,未判定实现状态；不得复用旧审计结论
REQ-ADMINPORTAL-01179,system-admin,docs/SPEC-§12-系统管理员支撑.md,完成能力 / 展示效果,- **索引管理**：索引列表（大小/使用率/冗余索引检测）,logic,P1,需求规定：- **索引管理**：索引列表（大小/使用率/冗余索引检测）,源码路径+测试用例/运行验证（本阶段仅登记证据要求）,未判定实现状态；不得复用旧审计结论
REQ-ADMINPORTAL-01180,system-admin,docs/SPEC-§12-系统管理员支撑.md,完成能力 / 展示效果,- **慢查询**：慢查询日志列表 + 执行计划查看,audit,P1,需求规定：- **慢查询**：慢查询日志列表 + 执行计划查看,源码路径+测试用例/运行验证（本阶段仅登记证据要求）,未判定实现状态；不得复用旧审计结论
REQ-ADMINPORTAL-01181,system-admin,docs/SPEC-§12-系统管理员支撑.md,完成能力 / 展示效果,- **连接监控**：当前连接数/活跃连接/等待连接,logic,P1,需求规定：- **连接监控**：当前连接数/活跃连接/等待连接,源码路径+测试用例/运行验证（本阶段仅登记证据要求）,未判定实现状态；不得复用旧审计结论
REQ-ADMINPORTAL-01182,system-admin,docs/SPEC-§12-系统管理员支撑.md,完成能力 / 展示效果,- **表分区状态**：分区表的各分区数据量,state,P1,需求规定：- **表分区状态**：分区表的各分区数据量,源码路径+测试用例/运行验证（本阶段仅登记证据要求）,未判定实现状态；不得复用旧审计结论
REQ-ADMINPORTAL-01183,system-admin,docs/SPEC-§12-系统管理员支撑.md,完成能力 / 展示效果,- **缓存概览**：Redis 内存使用率 / Key 数量 / 命中率,db,P1,需求规定：- **缓存概览**：Redis 内存使用率 / Key 数量 / 命中率,源码路径+测试用例/运行验证（本阶段仅登记证据要求）,未判定实现状态；不得复用旧审计结论
REQ-ADMINPORTAL-01184,system-admin,docs/SPEC-§12-系统管理员支撑.md,完成能力 / 展示效果,"- **缓存列表**：按前缀分组的 Key 列表（如 billing:*, routing:*）",db,P1,"需求规定：- **缓存列表**：按前缀分组的 Key 列表（如 billing:*, routing:*）",源码路径+测试用例/运行验证（本阶段仅登记证据要求）,未判定实现状态；不得复用旧审计结论
REQ-ADMINPORTAL-01185,system-admin,docs/SPEC-§12-系统管理员支撑.md,完成能力 / 展示效果,- **清空缓存**：按前缀清空 / 按 Key 精确清空 / 全清,db,P1,需求规定：- **清空缓存**：按前缀清空 / 按 Key 精确清空 / 全清,源码路径+测试用例/运行验证（本阶段仅登记证据要求）,未判定实现状态；不得复用旧审计结论
REQ-ADMINPORTAL-01186,system-admin,docs/SPEC-§12-系统管理员支撑.md,完成能力 / 展示效果,- **缓存命中率趋势图**,db,P1,需求规定：- **缓存命中率趋势图**,源码路径+测试用例/运行验证（本阶段仅登记证据要求）,未判定实现状态；不得复用旧审计结论
REQ-ADMINPORTAL-01187,system-admin,docs/SPEC-§12-系统管理员支撑.md,完成能力 / 展示效果,- **任务列表**：任务名 | 调度表达式 | 上次执行时间 | 上次结果 | 状态（运行中/暂停/失败）,exception,P1,需求规定：- **任务列表**：任务名 | 调度表达式 | 上次执行时间 | 上次结果 | 状态（运行中/暂停/失败）,源码路径+测试用例/运行验证（本阶段仅登记证据要求）,未判定实现状态；不得复用旧审计结论
REQ-ADMINPORTAL-01188,system-admin,docs/SPEC-§12-系统管理员支撑.md,完成能力 / 展示效果,- **任务详情**：执行历史（每次的执行时间/耗时/结果/错误日志）,audit,P1,需求规定：- **任务详情**：执行历史（每次的执行时间/耗时/结果/错误日志）,源码路径+测试用例/运行验证（本阶段仅登记证据要求）,未判定实现状态；不得复用旧审计结论
REQ-ADMINPORTAL-01189,system-admin,docs/SPEC-§12-系统管理员支撑.md,完成能力 / 展示效果,- **手动触发**：手动立即执行一次任务,logic,P1,需求规定：- **手动触发**：手动立即执行一次任务,源码路径+测试用例/运行验证（本阶段仅登记证据要求）,未判定实现状态；不得复用旧审计结论
REQ-ADMINPORTAL-01190,system-admin,docs/SPEC-§12-系统管理员支撑.md,完成能力 / 展示效果,- **暂停/恢复**：控制任务调度,rollback,P1,需求规定：- **暂停/恢复**：控制任务调度,源码路径+测试用例/运行验证（本阶段仅登记证据要求）,未判定实现状态；不得复用旧审计结论
REQ-ADMINPORTAL-01191,system-admin,docs/SPEC-§12-系统管理员支撑.md,完成能力 / 展示效果,- **任务类型**：,logic,P1,需求规定：- **任务类型**：,源码路径+测试用例/运行验证（本阶段仅登记证据要求）,未判定实现状态；不得复用旧审计结论
REQ-ADMINPORTAL-01192,system-admin,docs/SPEC-§12-系统管理员支撑.md,完成能力 / 展示效果,- 财务类：每日对账、月度账单生成、结算,logic,P1,需求规定：- 财务类：每日对账、月度账单生成、结算,源码路径+测试用例/运行验证（本阶段仅登记证据要求）,未判定实现状态；不得复用旧审计结论
REQ-ADMINPORTAL-01193,system-admin,docs/SPEC-§12-系统管理员支撑.md,完成能力 / 展示效果,- 运营类：用户分层计算、召回扫描、日报推送,logic,P1,需求规定：- 运营类：用户分层计算、召回扫描、日报推送,源码路径+测试用例/运行验证（本阶段仅登记证据要求）,未判定实现状态；不得复用旧审计结论
REQ-ADMINPORTAL-01194,system-admin,docs/SPEC-§12-系统管理员支撑.md,完成能力 / 展示效果,- 系统类：缓存预热、数据清理、健康检查,db,P1,需求规定：- 系统类：缓存预热、数据清理、健康检查,源码路径+测试用例/运行验证（本阶段仅登记证据要求）,未判定实现状态；不得复用旧审计结论
REQ-ADMINPORTAL-01195,system-admin,docs/SPEC-§12-系统管理员支撑.md,完成能力 / 展示效果,- 安全类：安全事件检测、风险评分更新,security,P1,需求规定：- 安全类：安全事件检测、风险评分更新,源码路径+测试用例/运行验证（本阶段仅登记证据要求）,未判定实现状态；不得复用旧审计结论
REQ-ADMINPORTAL-01196,system-admin,docs/SPEC-§12-系统管理员支撑.md,完成能力 / 展示效果,- **日志查看**：实时 tail 模式 / 历史搜索,audit,P1,需求规定：- **日志查看**：实时 tail 模式 / 历史搜索,源码路径+测试用例/运行验证（本阶段仅登记证据要求）,未判定实现状态；不得复用旧审计结论
REQ-ADMINPORTAL-01197,system-admin,docs/SPEC-§12-系统管理员支撑.md,完成能力 / 展示效果,- **日志筛选**：按级别（ERROR/WARN/INFO/DEBUG）、时间范围、模块,audit,P1,需求规定：- **日志筛选**：按级别（ERROR/WARN/INFO/DEBUG）、时间范围、模块,源码路径+测试用例/运行验证（本阶段仅登记证据要求）,未判定实现状态；不得复用旧审计结论
REQ-ADMINPORTAL-01198,system-admin,docs/SPEC-§12-系统管理员支撑.md,完成能力 / 展示效果,- **日志分析**：错误聚合（相同错误分组计数）、趋势图,audit,P1,需求规定：- **日志分析**：错误聚合（相同错误分组计数）、趋势图,源码路径+测试用例/运行验证（本阶段仅登记证据要求）,未判定实现状态；不得复用旧审计结论
REQ-ADMINPORTAL-01199,system-admin,docs/SPEC-§12-系统管理员支撑.md,完成能力 / 展示效果,- **日志下载**：导出筛选后的日志片段,audit,P1,需求规定：- **日志下载**：导出筛选后的日志片段,源码路径+测试用例/运行验证（本阶段仅登记证据要求）,未判定实现状态；不得复用旧审计结论
REQ-ADMINPORTAL-01200,system-admin,docs/SPEC-§12-系统管理员支撑.md,完成能力 / 展示效果,- **服务列表**：服务名 | 状态（正常/异常/离线）| 响应时间 | 上次检查时间,exception,P1,需求规定：- **服务列表**：服务名 | 状态（正常/异常/离线）| 响应时间 | 上次检查时间,源码路径+测试用例/运行验证（本阶段仅登记证据要求）,未判定实现状态；不得复用旧审计结论
REQ-ADMINPORTAL-01201,system-admin,docs/SPEC-§12-系统管理员支撑.md,完成能力 / 展示效果,- **健康评分**：综合计算平台整体健康分（0-100）,logic,P1,需求规定：- **健康评分**：综合计算平台整体健康分（0-100）,源码路径+测试用例/运行验证（本阶段仅登记证据要求）,未判定实现状态；不得复用旧审计结论
REQ-ADMINPORTAL-01202,system-admin,docs/SPEC-§12-系统管理员支撑.md,完成能力 / 展示效果,- **历史趋势**：各服务健康状态变化时间线,state,P1,需求规定：- **历史趋势**：各服务健康状态变化时间线,源码路径+测试用例/运行验证（本阶段仅登记证据要求）,未判定实现状态；不得复用旧审计结论
REQ-ADMINPORTAL-01203,system-admin,docs/SPEC-§12-系统管理员支撑.md,完成能力 / 展示效果,- **故障关联分析**：当多个服务同时异常时，标注可能关联,concurrency,P1,需求规定：- **故障关联分析**：当多个服务同时异常时，标注可能关联,源码路径+测试用例/运行验证（本阶段仅登记证据要求）,未判定实现状态；不得复用旧审计结论
REQ-ADMINPORTAL-01204,system-admin,docs/SPEC-§12-系统管理员支撑.md,完成能力 / 展示效果,- **变更计划**：创建计划 → 填写变更内容/影响范围/回滚方案/时间窗口,rollback,P1,需求规定：- **变更计划**：创建计划 → 填写变更内容/影响范围/回滚方案/时间窗口,源码路径+测试用例/运行验证（本阶段仅登记证据要求）,未判定实现状态；不得复用旧审计结论
REQ-ADMINPORTAL-01205,system-admin,docs/SPEC-§12-系统管理员支撑.md,完成能力 / 展示效果,- **沙箱预览**：在沙箱环境执行变更 → 验证结果 → 确认后才推生产,test,P1,需求规定：- **沙箱预览**：在沙箱环境执行变更 → 验证结果 → 确认后才推生产,源码路径+测试用例/运行验证（本阶段仅登记证据要求）,未判定实现状态；不得复用旧审计结论
REQ-ADMINPORTAL-01206,system-admin,docs/SPEC-§12-系统管理员支撑.md,完成能力 / 展示效果,- **变更审批**：重要变更需审批 → 审批通过执行,logic,P1,需求规定：- **变更审批**：重要变更需审批 → 审批通过执行,源码路径+测试用例/运行验证（本阶段仅登记证据要求）,未判定实现状态；不得复用旧审计结论
REQ-ADMINPORTAL-01207,system-admin,docs/SPEC-§12-系统管理员支撑.md,完成能力 / 展示效果,- **变更记录**：历史变更列表 → 可追溯每次变更,audit,P1,需求规定：- **变更记录**：历史变更列表 → 可追溯每次变更,源码路径+测试用例/运行验证（本阶段仅登记证据要求）,未判定实现状态；不得复用旧审计结论
REQ-ADMINPORTAL-01208,system-admin,docs/SPEC-§12-系统管理员支撑.md,变更类型与审批策略,| 变更类型 | 沙箱验证要求 | 审批人数 | 通知范围 | 回滚策略 |,rollback,P1,需求规定：变更类型 | 沙箱验证要求 | 审批人数 | 通知范围 | 回滚策略,源码路径+测试用例/运行验证（本阶段仅登记证据要求）,未判定实现状态；不得复用旧审计结论
REQ-ADMINPORTAL-01209,system-admin,docs/SPEC-§12-系统管理员支撑.md,变更类型与审批策略,| 配置参数修改 | 自动执行 | 1 人 | 变更发起人 | 一键回滚上一个版本 |,rollback,P1,需求规定：配置参数修改 | 自动执行 | 1 人 | 变更发起人 | 一键回滚上一个版本,源码路径+测试用例/运行验证（本阶段仅登记证据要求）,未判定实现状态；不得复用旧审计结论
REQ-ADMINPORTAL-01210,system-admin,docs/SPEC-§12-系统管理员支撑.md,变更类型与审批策略,| 模型价格变更 | 自动验证 + 手动确认 | 2 人 | 运营 + 财务 | 自动回滚 + 价格检查 |,rollback,P1,需求规定：模型价格变更 | 自动验证 + 手动确认 | 2 人 | 运营 + 财务 | 自动回滚 + 价格检查,源码路径+测试用例/运行验证（本阶段仅登记证据要求）,未判定实现状态；不得复用旧审计结论
REQ-ADMINPORTAL-01211,system-admin,docs/SPEC-§12-系统管理员支撑.md,变更类型与审批策略,| 路由策略调整 | 运行测试用例 | 2 人 | 运维 + 运营 | 自动回滚 + 熔断恢复 |,rollback,P1,需求规定：路由策略调整 | 运行测试用例 | 2 人 | 运维 + 运营 | 自动回滚 + 熔断恢复,源码路径+测试用例/运行验证（本阶段仅登记证据要求）,未判定实现状态；不得复用旧审计结论
REQ-ADMINPORTAL-01212,system-admin,docs/SPEC-§12-系统管理员支撑.md,变更类型与审批策略,| 功能发布（前端） | 自动 E2E 测试 | 1 人 | 相关方 | 前端版本回滚 |,rollback,P1,需求规定：功能发布（前端） | 自动 E2E 测试 | 1 人 | 相关方 | 前端版本回滚,源码路径+测试用例/运行验证（本阶段仅登记证据要求）,未判定实现状态；不得复用旧审计结论
REQ-ADMINPORTAL-01213,system-admin,docs/SPEC-§12-系统管理员支撑.md,变更类型与审批策略,| 功能发布（后端） | 自动 E2E 测试 + 性能测试 | 2 人 | 所有管理员 | 数据库迁移回滚 |,rollback,P1,需求规定：功能发布（后端） | 自动 E2E 测试 + 性能测试 | 2 人 | 所有管理员 | 数据库迁移回滚,源码路径+测试用例/运行验证（本阶段仅登记证据要求）,未判定实现状态；不得复用旧审计结论
REQ-ADMINPORTAL-01214,system-admin,docs/SPEC-§12-系统管理员支撑.md,变更类型与审批策略,| 数据库结构变更 | 需 DBA 审核 | super_admin 仅 | 所有管理员 | 迁移回滚脚本执行 |,permission,P1,需求规定：数据库结构变更 | 需 DBA 审核 | super_admin 仅 | 所有管理员 | 迁移回滚脚本执行,源码路径+测试用例/运行验证（本阶段仅登记证据要求）,未判定实现状态；不得复用旧审计结论
REQ-ADMINPORTAL-01215,system-admin,docs/SPEC-§12-系统管理员支撑.md,完成能力 / 展示效果,- **版本列表**：版本号 | 发布时间 | 变更日志 | 当前生产版本,audit,P1,需求规定：- **版本列表**：版本号 | 发布时间 | 变更日志 | 当前生产版本,源码路径+测试用例/运行验证（本阶段仅登记证据要求）,未判定实现状态；不得复用旧审计结论
REQ-ADMINPORTAL-01216,system-admin,docs/SPEC-§12-系统管理员支撑.md,完成能力 / 展示效果,- **版本部署**：一键部署到指定环境（需审批）,logic,P1,需求规定：- **版本部署**：一键部署到指定环境（需审批）,源码路径+测试用例/运行验证（本阶段仅登记证据要求）,未判定实现状态；不得复用旧审计结论
REQ-ADMINPORTAL-01217,system-admin,docs/SPEC-§12-系统管理员支撑.md,完成能力 / 展示效果,- **回滚**：一键回滚到上一个版本,rollback,P1,需求规定：- **回滚**：一键回滚到上一个版本,源码路径+测试用例/运行验证（本阶段仅登记证据要求）,未判定实现状态；不得复用旧审计结论
REQ-ADMINPORTAL-01218,system-admin,docs/SPEC-§12-系统管理员支撑.md,完成能力 / 展示效果,- **版本差异**：展示两个版本之间的代码/配置差异,page,P1,需求规定：- **版本差异**：展示两个版本之间的代码/配置差异,源码路径+测试用例/运行验证（本阶段仅登记证据要求）,未判定实现状态；不得复用旧审计结论
REQ-ADMINPORTAL-01219,system-admin,docs/SPEC-§12-系统管理员支撑.md,12.9 系统管理员模块总览,| 模块 | 优先级 | 预估工作量 | 核心价值 |,logic,P1,需求规定：模块 | 优先级 | 预估工作量 | 核心价值,源码路径+测试用例/运行验证（本阶段仅登记证据要求）,未判定实现状态；不得复用旧审计结论
REQ-ADMINPORTAL-01220,system-admin,docs/SPEC-§12-系统管理员支撑.md,12.9 系统管理员模块总览,| 操作审计控制台 | P0 | 后端 3d + 前端 4d | 操作追责+异常模式识别，安全合规 |,audit,P0,需求规定：操作审计控制台 | P0 | 后端 3d + 前端 4d | 操作追责+异常模式识别，安全合规,源码路径+测试用例/运行验证（本阶段仅登记证据要求）,未判定实现状态；不得复用旧审计结论
REQ-ADMINPORTAL-01221,system-admin,docs/SPEC-§12-系统管理员支撑.md,12.9 系统管理员模块总览,| 健康检查大屏 | P0 | 后端 3d + 前端 4d | 一眼掌握系统状态，故障快速定位 |,state,P0,需求规定：健康检查大屏 | P0 | 后端 3d + 前端 4d | 一眼掌握系统状态，故障快速定位,源码路径+测试用例/运行验证（本阶段仅登记证据要求）,未判定实现状态；不得复用旧审计结论
REQ-ADMINPORTAL-01222,system-admin,docs/SPEC-§12-系统管理员支撑.md,12.9 系统管理员模块总览,| 任务调度中心 | P1 | 后端 4d + 前端 4d | 定时任务统一管理，失败及时发现 |,exception,P1,需求规定：任务调度中心 | P1 | 后端 4d + 前端 4d | 定时任务统一管理，失败及时发现,源码路径+测试用例/运行验证（本阶段仅登记证据要求）,未判定实现状态；不得复用旧审计结论
REQ-ADMINPORTAL-01223,system-admin,docs/SPEC-§12-系统管理员支撑.md,12.9 系统管理员模块总览,| 在线日志查看器 | P1 | 后端 3d + 前端 3d | 无需 SSH 即可查看日志，安全便捷 |,audit,P1,需求规定：在线日志查看器 | P1 | 后端 3d + 前端 3d | 无需 SSH 即可查看日志，安全便捷,源码路径+测试用例/运行验证（本阶段仅登记证据要求）,未判定实现状态；不得复用旧审计结论
REQ-ADMINPORTAL-01224,system-admin,docs/SPEC-§12-系统管理员支撑.md,12.9 系统管理员模块总览,| 缓存管理控制台 | P1 | 后端 2d + 前端 3d | 缓存可视化，按需清理 |,db,P1,需求规定：缓存管理控制台 | P1 | 后端 2d + 前端 3d | 缓存可视化，按需清理,源码路径+测试用例/运行验证（本阶段仅登记证据要求）,未判定实现状态；不得复用旧审计结论
REQ-ADMINPORTAL-01225,system-admin,docs/SPEC-§12-系统管理员支撑.md,12.9 系统管理员模块总览,| 数据库管理面板 | P2 | 后端 4d + 前端 4d | 数据库状态可视化，辅助性能调优 |,state,P2,需求规定：数据库管理面板 | P2 | 后端 4d + 前端 4d | 数据库状态可视化，辅助性能调优,源码路径+测试用例/运行验证（本阶段仅登记证据要求）,未判定实现状态；不得复用旧审计结论
REQ-ADMINPORTAL-01226,system-admin,docs/SPEC-§12-系统管理员支撑.md,12.9 系统管理员模块总览,| 变更计划与沙箱预览 | P2 | 后端 4d + 前端 4d | 降低变更风险，支持计划编排 |,logic,P2,需求规定：变更计划与沙箱预览 | P2 | 后端 4d + 前端 4d | 降低变更风险，支持计划编排,源码路径+测试用例/运行验证（本阶段仅登记证据要求）,未判定实现状态；不得复用旧审计结论
REQ-ADMINPORTAL-01227,system-admin,docs/SPEC-§12-系统管理员支撑.md,12.9 系统管理员模块总览,| 系统升级与版本管理 | P2 | 后端 3d + 前端 3d | 版本可追溯，一键回滚，灰度发布 |,rollback,P2,需求规定：系统升级与版本管理 | P2 | 后端 3d + 前端 3d | 版本可追溯，一键回滚，灰度发布,源码路径+测试用例/运行验证（本阶段仅登记证据要求）,未判定实现状态；不得复用旧审计结论
REQ-ADMINPORTAL-01228,system-admin,docs/SPEC-§12-系统管理员支撑.md,12.9 系统管理员模块总览,**合计**：后端 26 人天 + 前端 29 人天 = 约 7 周,logic,P1,需求规定：**合计**：后端 26 人天 + 前端 29 人天 = 约 7 周,源码路径+测试用例/运行验证（本阶段仅登记证据要求）,未判定实现状态；不得复用旧审计结论
REQ-ADMINPORTAL-01229,system-admin,docs/SPEC-§12-系统管理员支撑.md,系统工具权限矩阵（与 §30 权限系统集成）,| 模块 | 资源标识 | 可操作角色 | 高危操作 | 二次确认要求 |,permission,P1,需求规定：模块 | 资源标识 | 可操作角色 | 高危操作 | 二次确认要求,源码路径+测试用例/运行验证（本阶段仅登记证据要求）,未判定实现状态；不得复用旧审计结论
REQ-ADMINPORTAL-01230,system-admin,docs/SPEC-§12-系统管理员支撑.md,系统工具权限矩阵（与 §30 权限系统集成）,| 操作审计控制台 | `admin_tools:audit` | super_admin / admin / auditor | 操作回滚 | 需二次确认弹窗 + 输入登录密码 |,rollback,P1,需求规定：操作审计控制台 | `admin_tools:audit` | super_admin / admin / auditor | 操作回滚 | 需二次确认弹窗 + 输入登录密码,源码路径+测试用例/运行验证（本阶段仅登记证据要求）,未判定实现状态；不得复用旧审计结论
REQ-ADMINPORTAL-01231,system-admin,docs/SPEC-§12-系统管理员支撑.md,系统工具权限矩阵（与 §30 权限系统集成）,| 数据库管理面板 | `admin_tools:database` | super_admin 仅可查看，不可执行 SQL | 慢查询查看、表空间查看 | 查看慢查询需二次确认 |,permission,P1,需求规定：数据库管理面板 | `admin_tools:database` | super_admin 仅可查看，不可执行 SQL | 慢查询查看、表空间查看 | 查看慢查询需二次确认,源码路径+测试用例/运行验证（本阶段仅登记证据要求）,未判定实现状态；不得复用旧审计结论
REQ-ADMINPORTAL-01232,system-admin,docs/SPEC-§12-系统管理员支撑.md,系统工具权限矩阵（与 §30 权限系统集成）,| 缓存管理控制台 | `admin_tools:cache` | super_admin / admin | 清空指定缓存、全清缓存 | 清空缓存需二次确认,db,P1,需求规定：缓存管理控制台 | `admin_tools:cache` | super_admin / admin | 清空指定缓存、全清缓存 | 清空缓存需二次确认,源码路径+测试用例/运行验证（本阶段仅登记证据要求）,未判定实现状态；不得复用旧审计结论
REQ-ADMINPORTAL-01233,system-admin,docs/SPEC-§12-系统管理员支撑.md,系统工具权限矩阵（与 §30 权限系统集成）,全清需双人审批 |,logic,P1,需求规定：全清需双人审批,源码路径+测试用例/运行验证（本阶段仅登记证据要求）,未判定实现状态；不得复用旧审计结论
REQ-ADMINPORTAL-01234,system-admin,docs/SPEC-§12-系统管理员支撑.md,系统工具权限矩阵（与 §30 权限系统集成）,| 任务调度中心 | `admin_tools:scheduler` | super_admin / admin | 手动触发任务、暂停/恢复任务 | 暂停关键任务需二次确认 |,rollback,P1,需求规定：任务调度中心 | `admin_tools:scheduler` | super_admin / admin | 手动触发任务、暂停/恢复任务 | 暂停关键任务需二次确认,源码路径+测试用例/运行验证（本阶段仅登记证据要求）,未判定实现状态；不得复用旧审计结论
REQ-ADMINPORTAL-01235,system-admin,docs/SPEC-§12-系统管理员支撑.md,系统工具权限矩阵（与 §30 权限系统集成）,| 在线日志查看器 | `admin_tools:logs` | super_admin / admin / ops | 无（只读） | 无 |,audit,P1,需求规定：在线日志查看器 | `admin_tools:logs` | super_admin / admin / ops | 无（只读） | 无,源码路径+测试用例/运行验证（本阶段仅登记证据要求）,未判定实现状态；不得复用旧审计结论
REQ-ADMINPORTAL-01236,system-admin,docs/SPEC-§12-系统管理员支撑.md,系统工具权限矩阵（与 §30 权限系统集成）,| 健康检查大屏 | `admin_tools:health` | super_admin / admin / ops | 无（只读） | 无 |,logic,P1,需求规定：健康检查大屏 | `admin_tools:health` | super_admin / admin / ops | 无（只读） | 无,源码路径+测试用例/运行验证（本阶段仅登记证据要求）,未判定实现状态；不得复用旧审计结论
REQ-ADMINPORTAL-01237,system-admin,docs/SPEC-§12-系统管理员支撑.md,系统工具权限矩阵（与 §30 权限系统集成）,| 变更计划与沙箱预览 | `admin_tools:changes` | super_admin / admin | 沙箱→生产推送 | 需审批流程（见 §12.7 变更管理）|,logic,P1,需求规定：变更计划与沙箱预览 | `admin_tools:changes` | super_admin / admin | 沙箱→生产推送 | 需审批流程（见 §12.7 变更管理）,源码路径+测试用例/运行验证（本阶段仅登记证据要求）,未判定实现状态；不得复用旧审计结论
REQ-ADMINPORTAL-01238,system-admin,docs/SPEC-§12-系统管理员支撑.md,系统工具权限矩阵（与 §30 权限系统集成）,| 系统升级与版本管理 | `admin_tools:upgrade` | super_admin 仅 | 版本部署、一键回滚 | 回滚需二次确认 + 输入登录密码,permission,P1,需求规定：系统升级与版本管理 | `admin_tools:upgrade` | super_admin 仅 | 版本部署、一键回滚 | 回滚需二次确认 + 输入登录密码,源码路径+测试用例/运行验证（本阶段仅登记证据要求）,未判定实现状态；不得复用旧审计结论
REQ-ADMINPORTAL-01239,system-admin,docs/SPEC-§12-系统管理员支撑.md,系统工具权限矩阵（与 §30 权限系统集成）,版本部署需双人审批 |,logic,P1,需求规定：版本部署需双人审批,源码路径+测试用例/运行验证（本阶段仅登记证据要求）,未判定实现状态；不得复用旧审计结论
REQ-ADMINPORTAL-01240,system-admin,docs/SPEC-§12-系统管理员支撑.md,权限边界条件,| 场景 | 行为 |,logic,P1,需求规定：场景 | 行为,源码路径+测试用例/运行验证（本阶段仅登记证据要求）,未判定实现状态；不得复用旧审计结论
REQ-ADMINPORTAL-01241,system-admin,docs/SPEC-§12-系统管理员支撑.md,权限边界条件,| admin 角色尝试清空全部缓存 | 弹窗：,permission,P1,需求规定：admin 角色尝试清空全部缓存 | 弹窗：,源码路径+测试用例/运行验证（本阶段仅登记证据要求）,未判定实现状态；不得复用旧审计结论
REQ-ADMINPORTAL-01242,system-admin,docs/SPEC-§12-系统管理员支撑.md,[?] 页面帮助,**页面名称**：功能说明书：§12 系统管理员支撑,page,P1,需求规定：**页面名称**：功能说明书：§12 系统管理员支撑,源码路径+测试用例/运行验证（本阶段仅登记证据要求）,未判定实现状态；不得复用旧审计结论
REQ-ADMINPORTAL-01243,system-admin,docs/SPEC-§12-系统管理员支撑.md,[?] 页面帮助,**适用角色**：视具体功能而定（参见总览中的优先级和适用角色说明）,permission,P1,需求规定：**适用角色**：视具体功能而定（参见总览中的优先级和适用角色说明）,源码路径+测试用例/运行验证（本阶段仅登记证据要求）,未判定实现状态；不得复用旧审计结论
REQ-ADMINPORTAL-01244,system-admin,docs/SPEC-§12-系统管理员支撑.md,[?] 页面帮助,**功能定位**：该页面提供 功能说明书：§12 系统管理员支撑 相关的配置、查询和管理能力。,page,P1,需求规定：**功能定位**：该页面提供 功能说明书：§12 系统管理员支撑 相关的配置、查询和管理能力。,源码路径+测试用例/运行验证（本阶段仅登记证据要求）,未判定实现状态；不得复用旧审计结论
REQ-ADMINPORTAL-01245,system-admin,docs/SPEC-§12-系统管理员支撑.md,[?] 页面帮助,**核心操作**：,logic,P1,需求规定：**核心操作**：,源码路径+测试用例/运行验证（本阶段仅登记证据要求）,未判定实现状态；不得复用旧审计结论
REQ-ADMINPORTAL-01246,system-admin,docs/SPEC-§12-系统管理员支撑.md,[?] 页面帮助,**注意事项**：,logic,P1,需求规定：**注意事项**：,源码路径+测试用例/运行验证（本阶段仅登记证据要求）,未判定实现状态；不得复用旧审计结论
REQ-ADMINPORTAL-01247,system-admin,docs/SPEC-§12-系统管理员支撑.md,[?] 页面帮助,- 部分操作涉及敏感数据，需二次确认或 2FA 身份验证,test,P1,需求规定：- 部分操作涉及敏感数据，需二次确认或 2FA 身份验证,源码路径+测试用例/运行验证（本阶段仅登记证据要求）,未判定实现状态；不得复用旧审计结论
REQ-ADMINPORTAL-01248,system-admin,docs/SPEC-§12-系统管理员支撑.md,[?] 页面帮助,- 操作记录会写入操作日志,audit,P1,需求规定：- 操作记录会写入操作日志,源码路径+测试用例/运行验证（本阶段仅登记证据要求）,未判定实现状态；不得复用旧审计结论
REQ-ADMINPORTAL-01249,system-admin,docs/SPEC-§12-系统管理员支撑.md,[?] 页面帮助,**常见问题**：,logic,P1,需求规定：**常见问题**：,源码路径+测试用例/运行验证（本阶段仅登记证据要求）,未判定实现状态；不得复用旧审计结论
REQ-ADMINPORTAL-01250,system-admin,docs/SPEC-§12-系统管理员支撑.md,[?] 按钮级帮助对照表,| 按钮/操作 | 帮助说明 |,page,P1,需求规定：按钮/操作 | 帮助说明,源码路径+测试用例/运行验证（本阶段仅登记证据要求）,未判定实现状态；不得复用旧审计结论
REQ-ADMINPORTAL-01251,system-admin,docs/SPEC-§12-系统管理员支撑.md,[?] 按钮级帮助对照表,| 创建/新增 | 添加一条新记录 |,audit,P1,需求规定：创建/新增 | 添加一条新记录,源码路径+测试用例/运行验证（本阶段仅登记证据要求）,未判定实现状态；不得复用旧审计结论
REQ-ADMINPORTAL-01252,system-admin,docs/SPEC-§12-系统管理员支撑.md,[?] 按钮级帮助对照表,| 编辑 | 修改已有记录的字段内容 |,audit,P1,需求规定：编辑 | 修改已有记录的字段内容,源码路径+测试用例/运行验证（本阶段仅登记证据要求）,未判定实现状态；不得复用旧审计结论
REQ-ADMINPORTAL-01253,system-admin,docs/SPEC-§12-系统管理员支撑.md,[?] 按钮级帮助对照表,| 删除 | 删除选中的记录（不可恢复，需确认） |,rollback,P1,需求规定：删除 | 删除选中的记录（不可恢复，需确认）,源码路径+测试用例/运行验证（本阶段仅登记证据要求）,未判定实现状态；不得复用旧审计结论
REQ-ADMINPORTAL-01254,system-admin,docs/SPEC-§12-系统管理员支撑.md,[?] 按钮级帮助对照表,| 搜索 | 按关键词搜索匹配的记录 |,audit,P1,需求规定：搜索 | 按关键词搜索匹配的记录,源码路径+测试用例/运行验证（本阶段仅登记证据要求）,未判定实现状态；不得复用旧审计结论
REQ-ADMINPORTAL-01255,system-admin,docs/SPEC-§12-系统管理员支撑.md,[?] 按钮级帮助对照表,| 筛选 | 按选中条件过滤列表 |,logic,P1,需求规定：筛选 | 按选中条件过滤列表,源码路径+测试用例/运行验证（本阶段仅登记证据要求）,未判定实现状态；不得复用旧审计结论
REQ-ADMINPORTAL-01256,system-admin,docs/SPEC-§12-系统管理员支撑.md,[?] 按钮级帮助对照表,| 导出 CSV | 将当前列表数据导出为 CSV 文件 |,logic,P1,需求规定：导出 CSV | 将当前列表数据导出为 CSV 文件,源码路径+测试用例/运行验证（本阶段仅登记证据要求）,未判定实现状态；不得复用旧审计结论
REQ-ADMINPORTAL-01257,system-admin,docs/SPEC-§12-系统管理员支撑.md,[?] 按钮级帮助对照表,| 查看详情 | 查看选中记录的完整信息 |,audit,P1,需求规定：查看详情 | 查看选中记录的完整信息,源码路径+测试用例/运行验证（本阶段仅登记证据要求）,未判定实现状态；不得复用旧审计结论
REQ-ADMINPORTAL-01258,system-admin,docs/SPEC-§12-系统管理员支撑.md,系统级边界条件,| # | 场景 | 触发条件 | 预期行为 |,logic,P1,需求规定：# | 场景 | 触发条件 | 预期行为,源码路径+测试用例/运行验证（本阶段仅登记证据要求）,未判定实现状态；不得复用旧审计结论
REQ-ADMINPORTAL-01259,system-admin,docs/SPEC-§12-系统管理员支撑.md,系统级边界条件,| SYS-001 | 审计日志容量告警 | 审计日志占用存储超过阈值的 80% | 系统触发告警通知 super_admin，自动归档 30 天前的日志,audit,P1,需求规定：SYS-001 | 审计日志容量告警 | 审计日志占用存储超过阈值的 80% | 系统触发告警通知 super_admin，自动归档 30 天前的日志,源码路径+测试用例/运行验证（本阶段仅登记证据要求）,未判定实现状态；不得复用旧审计结论
REQ-ADMINPORTAL-01260,system-admin,docs/SPEC-§12-系统管理员支撑.md,系统级边界条件,| SYS-002 | DB 管理面板连接超时 | DB 管理面板在空闲 15 分钟后尝试执行 SQL | 会话自动断开，需重新认证后可继续操作,exception,P1,需求规定：SYS-002 | DB 管理面板连接超时 | DB 管理面板在空闲 15 分钟后尝试执行 SQL | 会话自动断开，需重新认证后可继续操作,源码路径+测试用例/运行验证（本阶段仅登记证据要求）,未判定实现状态；不得复用旧审计结论
REQ-ADMINPORTAL-01261,system-admin,docs/SPEC-§12-系统管理员支撑.md,系统级边界条件,| SYS-003 | 任务调度并发限制 | 同一时间内触发的后台任务超过最大并发数（10） | 新任务进入等待队列，按优先级依次执行,concurrency,P1,需求规定：SYS-003 | 任务调度并发限制 | 同一时间内触发的后台任务超过最大并发数（10） | 新任务进入等待队列，按优先级依次执行,源码路径+测试用例/运行验证（本阶段仅登记证据要求）,未判定实现状态；不得复用旧审计结论
REQ-ADMINPORTAL-01262,system-admin,docs/SPEC-§12-系统管理员支撑.md,系统级边界条件,"| SYS-004 | 系统升级期间拒绝关键操作 | 版本升级过程中用户尝试执行数据变更操作 | 弹窗提示""系统升级中，请稍后再试""并阻止操作",logic,P1,"需求规定：SYS-004 | 系统升级期间拒绝关键操作 | 版本升级过程中用户尝试执行数据变更操作 | 弹窗提示""系统升级中，请稍后再试""并阻止操作",源码路径+测试用例/运行验证（本阶段仅登记证据要求）,未判定实现状态；不得复用旧审计结论
REQ-ADMINPORTAL-01263,system-admin,docs/SPEC-§12-系统管理员支撑.md,系统级边界条件,"| SYS-005 | 健康检查大屏数据延迟 | 健康检查大屏数据超过 30 秒未刷新 | 前端显示旧状态并标记""数据延迟""警告",state,P1,"需求规定：SYS-005 | 健康检查大屏数据延迟 | 健康检查大屏数据超过 30 秒未刷新 | 前端显示旧状态并标记""数据延迟""警告",源码路径+测试用例/运行验证（本阶段仅登记证据要求）,未判定实现状态；不得复用旧审计结论
REQ-ADMINPORTAL-01264,admin-portal,docs/SPEC-§13-数据迁移方案.md,功能说明书：§13 数据迁移方案,- 了解数据迁移计划和方案,logic,P1,需求规定：- 了解数据迁移计划和方案,源码路径+测试用例/运行验证（本阶段仅登记证据要求）,未判定实现状态；不得复用旧审计结论
REQ-ADMINPORTAL-01265,admin-portal,docs/SPEC-§13-数据迁移方案.md,功能说明书：§13 数据迁移方案,- 查看迁移工具和脚本说明,logic,P1,需求规定：- 查看迁移工具和脚本说明,源码路径+测试用例/运行验证（本阶段仅登记证据要求）,未判定实现状态；不得复用旧审计结论
REQ-ADMINPORTAL-01266,admin-portal,docs/SPEC-§13-数据迁移方案.md,功能说明书：§13 数据迁移方案,- 确认数据完整性和验证方式,test,P1,需求规定：- 确认数据完整性和验证方式,源码路径+测试用例/运行验证（本阶段仅登记证据要求）,未判定实现状态；不得复用旧审计结论
REQ-ADMINPORTAL-01267,admin-portal,docs/SPEC-§13-数据迁移方案.md,完成能力,**迁移场景覆盖：**,logic,P1,需求规定：**迁移场景覆盖：**,源码路径+测试用例/运行验证（本阶段仅登记证据要求）,未判定实现状态；不得复用旧审计结论
REQ-ADMINPORTAL-01268,admin-portal,docs/SPEC-§13-数据迁移方案.md,完成能力,| 场景 | 说明 |,logic,P1,需求规定：场景 | 说明,源码路径+测试用例/运行验证（本阶段仅登记证据要求）,未判定实现状态；不得复用旧审计结论
REQ-ADMINPORTAL-01269,admin-portal,docs/SPEC-§13-数据迁移方案.md,完成能力,| 零基础初始化 | 全新系统从空数据库开始，seed 脚本可重复执行 |,idempotency,P1,需求规定：零基础初始化 | 全新系统从空数据库开始，seed 脚本可重复执行,源码路径+测试用例/运行验证（本阶段仅登记证据要求）,未判定实现状态；不得复用旧审计结论
REQ-ADMINPORTAL-01270,admin-portal,docs/SPEC-§13-数据迁移方案.md,完成能力,| 旧版数据迁移 | 从旧版或其他平台迁入用户/订单/消费记录 |,audit,P1,需求规定：旧版数据迁移 | 从旧版或其他平台迁入用户/订单/消费记录,源码路径+测试用例/运行验证（本阶段仅登记证据要求）,未判定实现状态；不得复用旧审计结论
REQ-ADMINPORTAL-01271,admin-portal,docs/SPEC-§13-数据迁移方案.md,完成能力,| 第三方导入 | 从其他聚合平台批量导入用户和 Key |,logic,P1,需求规定：第三方导入 | 从其他聚合平台批量导入用户和 Key,源码路径+测试用例/运行验证（本阶段仅登记证据要求）,未判定实现状态；不得复用旧审计结论
REQ-ADMINPORTAL-01272,admin-portal,docs/SPEC-§13-数据迁移方案.md,完成能力,| 表结构变更 | migration 执行后的数据迁移和校验 |,logic,P1,需求规定：表结构变更 | migration 执行后的数据迁移和校验,源码路径+测试用例/运行验证（本阶段仅登记证据要求）,未判定实现状态；不得复用旧审计结论
REQ-ADMINPORTAL-01273,admin-portal,docs/SPEC-§13-数据迁移方案.md,完成能力,**目录结构规范：**,logic,P1,需求规定：**目录结构规范：**,源码路径+测试用例/运行验证（本阶段仅登记证据要求）,未判定实现状态；不得复用旧审计结论
REQ-ADMINPORTAL-01274,admin-portal,docs/SPEC-§13-数据迁移方案.md,完成能力,- `seeds/` — 种子数据（角色权限 / 管理员 / 分类 / 邮件模板 / 系统配置）,permission,P1,需求规定：- `seeds/` — 种子数据（角色权限 / 管理员 / 分类 / 邮件模板 / 系统配置）,源码路径+测试用例/运行验证（本阶段仅登记证据要求）,未判定实现状态；不得复用旧审计结论
REQ-ADMINPORTAL-01275,admin-portal,docs/SPEC-§13-数据迁移方案.md,完成能力,- `transforms/` — 数据转换脚本（用户 / 订单 / Key）,logic,P1,需求规定：- `transforms/` — 数据转换脚本（用户 / 订单 / Key）,源码路径+测试用例/运行验证（本阶段仅登记证据要求）,未判定实现状态；不得复用旧审计结论
REQ-ADMINPORTAL-01276,admin-portal,docs/SPEC-§13-数据迁移方案.md,完成能力,- `validate/` — 校验脚本（数据完整性 / 引用完整性 / 数据一致性）,logic,P1,需求规定：- `validate/` — 校验脚本（数据完整性 / 引用完整性 / 数据一致性）,源码路径+测试用例/运行验证（本阶段仅登记证据要求）,未判定实现状态；不得复用旧审计结论
REQ-ADMINPORTAL-01277,admin-portal,docs/SPEC-§13-数据迁移方案.md,完成能力,- 所有脚本可重复执行（IF NOT EXISTS / 幂等设计）,idempotency,P1,需求规定：- 所有脚本可重复执行（IF NOT EXISTS / 幂等设计）,源码路径+测试用例/运行验证（本阶段仅登记证据要求）,未判定实现状态；不得复用旧审计结论
REQ-ADMINPORTAL-01278,admin-portal,docs/SPEC-§13-数据迁移方案.md,完成能力,- 迁移前自动备份受影响表,logic,P1,需求规定：- 迁移前自动备份受影响表,源码路径+测试用例/运行验证（本阶段仅登记证据要求）,未判定实现状态；不得复用旧审计结论
REQ-ADMINPORTAL-01279,admin-portal,docs/SPEC-§13-数据迁移方案.md,完成能力,- 迁移完成后自动校验数据完整性,logic,P1,需求规定：- 迁移完成后自动校验数据完整性,源码路径+测试用例/运行验证（本阶段仅登记证据要求）,未判定实现状态；不得复用旧审计结论
REQ-ADMINPORTAL-01280,admin-portal,docs/SPEC-§13-数据迁移方案.md,完成能力,- 大表分批迁移（每批 1000 条），支持断点续传,logic,P1,需求规定：- 大表分批迁移（每批 1000 条），支持断点续传,源码路径+测试用例/运行验证（本阶段仅登记证据要求）,未判定实现状态；不得复用旧审计结论
REQ-ADMINPORTAL-01281,admin-portal,docs/SPEC-§13-数据迁移方案.md,完成能力,**迁移脚本规范：**,logic,P1,需求规定：**迁移脚本规范：**,源码路径+测试用例/运行验证（本阶段仅登记证据要求）,未判定实现状态；不得复用旧审计结论
REQ-ADMINPORTAL-01282,admin-portal,docs/SPEC-§13-数据迁移方案.md,完成能力,- 脚本统一放在 `api/src/migrations/` 目录，分三类：,logic,P1,需求规定：- 脚本统一放在 `api/src/migrations/` 目录，分三类：,源码路径+测试用例/运行验证（本阶段仅登记证据要求）,未判定实现状态；不得复用旧审计结论
REQ-ADMINPORTAL-01283,admin-portal,docs/SPEC-§13-数据迁移方案.md,完成能力,- `seeds/` — 种子数据（角色权限/管理员/分类/模板/配置）,permission,P1,需求规定：- `seeds/` — 种子数据（角色权限/管理员/分类/模板/配置）,源码路径+测试用例/运行验证（本阶段仅登记证据要求）,未判定实现状态；不得复用旧审计结论
REQ-ADMINPORTAL-01284,admin-portal,docs/SPEC-§13-数据迁移方案.md,完成能力,- `transforms/` — 数据转换脚本（用户/订单/Key）,logic,P1,需求规定：- `transforms/` — 数据转换脚本（用户/订单/Key）,源码路径+测试用例/运行验证（本阶段仅登记证据要求）,未判定实现状态；不得复用旧审计结论
REQ-ADMINPORTAL-01285,admin-portal,docs/SPEC-§13-数据迁移方案.md,完成能力,- `validate/` — 校验脚本,logic,P1,需求规定：- `validate/` — 校验脚本,源码路径+测试用例/运行验证（本阶段仅登记证据要求）,未判定实现状态；不得复用旧审计结论
REQ-ADMINPORTAL-01286,admin-portal,docs/SPEC-§13-数据迁移方案.md,完成能力,- 每次迁移必须有对应的回滚脚本,rollback,P1,需求规定：- 每次迁移必须有对应的回滚脚本,源码路径+测试用例/运行验证（本阶段仅登记证据要求）,未判定实现状态；不得复用旧审计结论
REQ-ADMINPORTAL-01287,admin-portal,docs/SPEC-§13-数据迁移方案.md,完成能力,- 执行后自动记录迁移版本号到 `migration_versions` 表,audit,P1,需求规定：- 执行后自动记录迁移版本号到 `migration_versions` 表,源码路径+测试用例/运行验证（本阶段仅登记证据要求）,未判定实现状态；不得复用旧审计结论
REQ-ADMINPORTAL-01288,admin-portal,docs/SPEC-§13-数据迁移方案.md,完成能力,**数据校验规则：**,logic,P1,需求规定：**数据校验规则：**,源码路径+测试用例/运行验证（本阶段仅登记证据要求）,未判定实现状态；不得复用旧审计结论
REQ-ADMINPORTAL-01289,admin-portal,docs/SPEC-§13-数据迁移方案.md,完成能力,- 完整性校验：源表行数 = 目标表行数,logic,P1,需求规定：- 完整性校验：源表行数 = 目标表行数,源码路径+测试用例/运行验证（本阶段仅登记证据要求）,未判定实现状态；不得复用旧审计结论
REQ-ADMINPORTAL-01290,admin-portal,docs/SPEC-§13-数据迁移方案.md,完成能力,- 引用完整性校验：外键关联无断裂,logic,P1,需求规定：- 引用完整性校验：外键关联无断裂,源码路径+测试用例/运行验证（本阶段仅登记证据要求）,未判定实现状态；不得复用旧审计结论
REQ-ADMINPORTAL-01291,admin-portal,docs/SPEC-§13-数据迁移方案.md,完成能力,- 数据一致性校验：关键字段（余额/金额）サンプリング对比,field,P1,需求规定：- 数据一致性校验：关键字段（余额/金额）サンプリング对比,源码路径+测试用例/运行验证（本阶段仅登记证据要求）,未判定实现状态；不得复用旧审计结论
REQ-ADMINPORTAL-01292,admin-portal,docs/SPEC-§13-数据迁移方案.md,完成能力,- 校验结果报告：通过/失败项目列表,exception,P1,需求规定：- 校验结果报告：通过/失败项目列表,源码路径+测试用例/运行验证（本阶段仅登记证据要求）,未判定实现状态；不得复用旧审计结论
REQ-ADMINPORTAL-01293,admin-portal,docs/SPEC-§13-数据迁移方案.md,完成能力,**API 接口：**,api,P1,需求规定：**API 接口：**,源码路径+测试用例/运行验证（本阶段仅登记证据要求）,未判定实现状态；不得复用旧审计结论
REQ-ADMINPORTAL-01294,admin-portal,docs/SPEC-§13-数据迁移方案.md,完成能力,| 方法 | 路径 | 说明 | 权限 |,permission,P1,需求规定：方法 | 路径 | 说明 | 权限,源码路径+测试用例/运行验证（本阶段仅登记证据要求）,未判定实现状态；不得复用旧审计结论
REQ-ADMINPORTAL-01295,admin-portal,docs/SPEC-§13-数据迁移方案.md,完成能力,| POST | /api/v1/admin/migrations/run | 执行迁移 | 超级管理员 |,api,P1,需求规定：POST | /api/v1/admin/migrations/run | 执行迁移 | 超级管理员,源码路径+测试用例/运行验证（本阶段仅登记证据要求）,未判定实现状态；不得复用旧审计结论
REQ-ADMINPORTAL-01296,admin-portal,docs/SPEC-§13-数据迁移方案.md,完成能力,| POST | /api/v1/admin/migrations/rollback | 回滚迁移 | 超级管理员 |,api,P1,需求规定：POST | /api/v1/admin/migrations/rollback | 回滚迁移 | 超级管理员,源码路径+测试用例/运行验证（本阶段仅登记证据要求）,未判定实现状态；不得复用旧审计结论
REQ-ADMINPORTAL-01297,admin-portal,docs/SPEC-§13-数据迁移方案.md,完成能力,| GET | /api/v1/admin/migrations/status | 迁移状态列表 | 管理员 |,api,P1,需求规定：GET | /api/v1/admin/migrations/status | 迁移状态列表 | 管理员,源码路径+测试用例/运行验证（本阶段仅登记证据要求）,未判定实现状态；不得复用旧审计结论
REQ-ADMINPORTAL-01298,admin-portal,docs/SPEC-§13-数据迁移方案.md,完成能力,| GET | /api/v1/admin/migrations/validate | 执行数据校验 | 超级管理员 |,api,P1,需求规定：GET | /api/v1/admin/migrations/validate | 执行数据校验 | 超级管理员,源码路径+测试用例/运行验证（本阶段仅登记证据要求）,未判定实现状态；不得复用旧审计结论
REQ-ADMINPORTAL-01299,admin-portal,docs/SPEC-§13-数据迁移方案.md,[?] 页面帮助,**页面名称**：功能说明书：§13 数据迁移方案,page,P1,需求规定：**页面名称**：功能说明书：§13 数据迁移方案,源码路径+测试用例/运行验证（本阶段仅登记证据要求）,未判定实现状态；不得复用旧审计结论
REQ-ADMINPORTAL-01300,admin-portal,docs/SPEC-§13-数据迁移方案.md,[?] 页面帮助,**适用角色**：视具体功能而定（参见总览中的优先级和适用角色说明）,permission,P1,需求规定：**适用角色**：视具体功能而定（参见总览中的优先级和适用角色说明）,源码路径+测试用例/运行验证（本阶段仅登记证据要求）,未判定实现状态；不得复用旧审计结论
REQ-ADMINPORTAL-01301,admin-portal,docs/SPEC-§13-数据迁移方案.md,[?] 页面帮助,**功能定位**：该页面提供 功能说明书：§13 数据迁移方案 相关的配置、查询和管理能力。,page,P1,需求规定：**功能定位**：该页面提供 功能说明书：§13 数据迁移方案 相关的配置、查询和管理能力。,源码路径+测试用例/运行验证（本阶段仅登记证据要求）,未判定实现状态；不得复用旧审计结论
REQ-ADMINPORTAL-01302,admin-portal,docs/SPEC-§13-数据迁移方案.md,[?] 页面帮助,**核心操作**：,logic,P1,需求规定：**核心操作**：,源码路径+测试用例/运行验证（本阶段仅登记证据要求）,未判定实现状态；不得复用旧审计结论
REQ-ADMINPORTAL-01303,admin-portal,docs/SPEC-§13-数据迁移方案.md,[?] 页面帮助,**注意事项**：,logic,P1,需求规定：**注意事项**：,源码路径+测试用例/运行验证（本阶段仅登记证据要求）,未判定实现状态；不得复用旧审计结论
REQ-ADMINPORTAL-01304,admin-portal,docs/SPEC-§13-数据迁移方案.md,[?] 页面帮助,- 部分操作涉及敏感数据，需二次确认或 2FA 身份验证,test,P1,需求规定：- 部分操作涉及敏感数据，需二次确认或 2FA 身份验证,源码路径+测试用例/运行验证（本阶段仅登记证据要求）,未判定实现状态；不得复用旧审计结论
REQ-ADMINPORTAL-01305,admin-portal,docs/SPEC-§13-数据迁移方案.md,[?] 页面帮助,- 操作记录会写入操作日志,audit,P1,需求规定：- 操作记录会写入操作日志,源码路径+测试用例/运行验证（本阶段仅登记证据要求）,未判定实现状态；不得复用旧审计结论
REQ-ADMINPORTAL-01306,admin-portal,docs/SPEC-§13-数据迁移方案.md,[?] 页面帮助,**常见问题**：,logic,P1,需求规定：**常见问题**：,源码路径+测试用例/运行验证（本阶段仅登记证据要求）,未判定实现状态；不得复用旧审计结论
REQ-ADMINPORTAL-01307,admin-portal,docs/SPEC-§13-数据迁移方案.md,[?] 按钮级帮助对照表,| 按钮/操作 | 帮助说明 |,page,P1,需求规定：按钮/操作 | 帮助说明,源码路径+测试用例/运行验证（本阶段仅登记证据要求）,未判定实现状态；不得复用旧审计结论
REQ-ADMINPORTAL-01308,admin-portal,docs/SPEC-§13-数据迁移方案.md,[?] 按钮级帮助对照表,| 创建/新增 | 添加一条新记录 |,audit,P1,需求规定：创建/新增 | 添加一条新记录,源码路径+测试用例/运行验证（本阶段仅登记证据要求）,未判定实现状态；不得复用旧审计结论
REQ-ADMINPORTAL-01309,admin-portal,docs/SPEC-§13-数据迁移方案.md,[?] 按钮级帮助对照表,| 编辑 | 修改已有记录的字段内容 |,audit,P1,需求规定：编辑 | 修改已有记录的字段内容,源码路径+测试用例/运行验证（本阶段仅登记证据要求）,未判定实现状态；不得复用旧审计结论
REQ-ADMINPORTAL-01310,admin-portal,docs/SPEC-§13-数据迁移方案.md,[?] 按钮级帮助对照表,| 删除 | 删除选中的记录（不可恢复，需确认） |,rollback,P1,需求规定：删除 | 删除选中的记录（不可恢复，需确认）,源码路径+测试用例/运行验证（本阶段仅登记证据要求）,未判定实现状态；不得复用旧审计结论
REQ-ADMINPORTAL-01311,admin-portal,docs/SPEC-§13-数据迁移方案.md,[?] 按钮级帮助对照表,| 搜索 | 按关键词搜索匹配的记录 |,audit,P1,需求规定：搜索 | 按关键词搜索匹配的记录,源码路径+测试用例/运行验证（本阶段仅登记证据要求）,未判定实现状态；不得复用旧审计结论
REQ-ADMINPORTAL-01312,admin-portal,docs/SPEC-§13-数据迁移方案.md,[?] 按钮级帮助对照表,| 筛选 | 按选中条件过滤列表 |,logic,P1,需求规定：筛选 | 按选中条件过滤列表,源码路径+测试用例/运行验证（本阶段仅登记证据要求）,未判定实现状态；不得复用旧审计结论
REQ-ADMINPORTAL-01313,admin-portal,docs/SPEC-§13-数据迁移方案.md,[?] 按钮级帮助对照表,| 导出 CSV | 将当前列表数据导出为 CSV 文件 |,logic,P1,需求规定：导出 CSV | 将当前列表数据导出为 CSV 文件,源码路径+测试用例/运行验证（本阶段仅登记证据要求）,未判定实现状态；不得复用旧审计结论
REQ-ADMINPORTAL-01314,admin-portal,docs/SPEC-§13-数据迁移方案.md,[?] 按钮级帮助对照表,| 查看详情 | 查看选中记录的完整信息 |,audit,P1,需求规定：查看详情 | 查看选中记录的完整信息,源码路径+测试用例/运行验证（本阶段仅登记证据要求）,未判定实现状态；不得复用旧审计结论
REQ-ADMINPORTAL-01315,admin-portal,docs/SPEC-§13-数据迁移方案.md,边界条件,| # | 场景 | 触发条件 | 预期行为 |,logic,P1,需求规定：# | 场景 | 触发条件 | 预期行为,源码路径+测试用例/运行验证（本阶段仅登记证据要求）,未判定实现状态；不得复用旧审计结论
REQ-ADMINPORTAL-01316,admin-portal,docs/SPEC-§13-数据迁移方案.md,边界条件,"| MIG-001 | 迁移执行中断后恢复 | 分批迁移执行到第 N 批时进程崩溃/网络中断 | 重启迁移时自动从断点处继续，不重复执行已提交批次，状态标记为""部分完成"" |",idempotency,P1,"需求规定：MIG-001 | 迁移执行中断后恢复 | 分批迁移执行到第 N 批时进程崩溃/网络中断 | 重启迁移时自动从断点处继续，不重复执行已提交批次，状态标记为""部分完成""",源码路径+测试用例/运行验证（本阶段仅登记证据要求）,未判定实现状态；不得复用旧审计结论
REQ-ADMINPORTAL-01317,admin-portal,docs/SPEC-§13-数据迁移方案.md,边界条件,"| MIG-002 | 数据一致性校验失败 | 迁移完成后行数校验或抽样校验发现源/目标不一致 | 迁移任务标记为""校验失败""，自动回滚已迁移数据，生成差异报告供人工核查 |",rollback,P1,"需求规定：MIG-002 | 数据一致性校验失败 | 迁移完成后行数校验或抽样校验发现源/目标不一致 | 迁移任务标记为""校验失败""，自动回滚已迁移数据，生成差异报告供人工核查",源码路径+测试用例/运行验证（本阶段仅登记证据要求）,未判定实现状态；不得复用旧审计结论
REQ-ADMINPORTAL-01318,admin-portal,docs/SPEC-§13-数据迁移方案.md,边界条件,| MIG-003 | 迁移时间窗口超时 | 大表迁移实际耗时超过预设的维护窗口时间 | 暂停当前迁移进程，保留已完成批次数据，等待下一个维护窗口继续执行 |,exception,P1,需求规定：MIG-003 | 迁移时间窗口超时 | 大表迁移实际耗时超过预设的维护窗口时间 | 暂停当前迁移进程，保留已完成批次数据，等待下一个维护窗口继续执行,源码路径+测试用例/运行验证（本阶段仅登记证据要求）,未判定实现状态；不得复用旧审计结论
REQ-ADMINPORTAL-01319,admin-portal,docs/SPEC-§13-数据迁移方案.md,边界条件,| MIG-004 | 增量迁移与存量迁移冲突 | 在执行存量数据迁移期间，业务系统持续产生增量数据导致数据版本不一致 | 采用快照+增量双阶段策略：先锁定快照时间点迁移存量，再追平增量日志 |,concurrency,P1,需求规定：MIG-004 | 增量迁移与存量迁移冲突 | 在执行存量数据迁移期间，业务系统持续产生增量数据导致数据版本不一致 | 采用快照+增量双阶段策略：先锁定快照时间点迁移存量，再追平增量日志,源码路径+测试用例/运行验证（本阶段仅登记证据要求）,未判定实现状态；不得复用旧审计结论
REQ-ADMINPORTAL-01320,admin-portal,docs/SPEC-§13-数据迁移方案.md,边界条件,"| MIG-005 | 回滚脚本执行失败 | 迁移需回滚时，回滚脚本因数据依赖或版本兼容性问题执行失败 | 标记回滚为""手动介入""状态，输出当前数据库差异报告，提供人工修复指引 |",rollback,P1,"需求规定：MIG-005 | 回滚脚本执行失败 | 迁移需回滚时，回滚脚本因数据依赖或版本兼容性问题执行失败 | 标记回滚为""手动介入""状态，输出当前数据库差异报告，提供人工修复指引",源码路径+测试用例/运行验证（本阶段仅登记证据要求）,未判定实现状态；不得复用旧审计结论
REQ-ADMINPORTAL-01321,admin-portal,docs/SPEC-§13-数据迁移方案.md,边界条件,| MIG-006 | 迁移版本号冲突 | 在分布式环境中两个节点同时执行了不同的迁移版本 | 以最先提交的迁移版本为准，后续冲突版本打回并提示需重新编号 |,concurrency,P1,需求规定：MIG-006 | 迁移版本号冲突 | 在分布式环境中两个节点同时执行了不同的迁移版本 | 以最先提交的迁移版本为准，后续冲突版本打回并提示需重新编号,源码路径+测试用例/运行验证（本阶段仅登记证据要求）,未判定实现状态；不得复用旧审计结论
REQ-ADMINPORTAL-01322,admin-portal,docs/SPEC-§13-数据迁移方案.md,边界条件,| MIG-007 | 迁移中断恢复 | 数据迁移过程中网络中断或服务重启 | 迁移任务自动暂停，重启后从中断点继续执行，不重复迁移已完成数据 |,idempotency,P1,需求规定：MIG-007 | 迁移中断恢复 | 数据迁移过程中网络中断或服务重启 | 迁移任务自动暂停，重启后从中断点继续执行，不重复迁移已完成数据,源码路径+测试用例/运行验证（本阶段仅登记证据要求）,未判定实现状态；不得复用旧审计结论
REQ-ADMINPORTAL-01323,admin-portal,docs/SPEC-§13-数据迁移方案.md,边界条件,| MIG-008 | 数据校验失败-修复选项 | 迁移后数据校验发现源与目标记录不一致 | 标记不一致记录并生成差异报告，提供自动修复或手动修复选项 |,audit,P1,需求规定：MIG-008 | 数据校验失败-修复选项 | 迁移后数据校验发现源与目标记录不一致 | 标记不一致记录并生成差异报告，提供自动修复或手动修复选项,源码路径+测试用例/运行验证（本阶段仅登记证据要求）,未判定实现状态；不得复用旧审计结论
REQ-ADMINPORTAL-01324,admin-portal,docs/SPEC-§13-数据迁移方案.md,边界条件,"| MIG-009 | 增量迁移冲突-源目标冲突 | 增量迁移期间源端和目标端同时对同一条记录进行修改 | 以目标端版本为基准，冲突记录标记为""手动修复""并通知管理员介入 |",concurrency,P1,"需求规定：MIG-009 | 增量迁移冲突-源目标冲突 | 增量迁移期间源端和目标端同时对同一条记录进行修改 | 以目标端版本为基准，冲突记录标记为""手动修复""并通知管理员介入",源码路径+测试用例/运行验证（本阶段仅登记证据要求）,未判定实现状态；不得复用旧审计结论
REQ-ADMINPORTAL-01325,admin-portal,docs/SPEC-§13-数据迁移方案.md,边界条件,| MIG-010 | 迁移目标空间不足 | 目标数据库存储空间不足以容纳待迁移数据 | 迁移任务暂停并发出告警，要求扩容后继续 |,concurrency,P1,需求规定：MIG-010 | 迁移目标空间不足 | 目标数据库存储空间不足以容纳待迁移数据 | 迁移任务暂停并发出告警，要求扩容后继续,源码路径+测试用例/运行验证（本阶段仅登记证据要求）,未判定实现状态；不得复用旧审计结论
REQ-ADMINPORTAL-01326,admin-portal,docs/SPEC-§13-数据迁移方案.md,边界条件,| MIG-011 | 大数据量迁移性能 | 单次迁移记录数超过 100 万条 | 自动启用批量分片（每批 10000 条），显示进度百分比并预估剩余时间 |,audit,P1,需求规定：MIG-011 | 大数据量迁移性能 | 单次迁移记录数超过 100 万条 | 自动启用批量分片（每批 10000 条），显示进度百分比并预估剩余时间,源码路径+测试用例/运行验证（本阶段仅登记证据要求）,未判定实现状态；不得复用旧审计结论
REQ-ADMINPORTAL-01327,admin-portal,docs/SPEC-§13-数据迁移方案.md,边界条件,| MIG-012 | 迁移版本不兼容 | 源数据库版本与目标数据库版本差异超过一个大版本 | 拒绝执行迁移，提示升级或降级源/目标版本 |,logic,P1,需求规定：MIG-012 | 迁移版本不兼容 | 源数据库版本与目标数据库版本差异超过一个大版本 | 拒绝执行迁移，提示升级或降级源/目标版本,源码路径+测试用例/运行验证（本阶段仅登记证据要求）,未判定实现状态；不得复用旧审计结论
REQ-ADMINPORTAL-01328,admin-portal,docs/SPEC-§14-错误码规范.md,功能说明书：§14 错误码规范,- 查询平台错误码定义和含义,exception,P1,需求规定：- 查询平台错误码定义和含义,源码路径+测试用例/运行验证（本阶段仅登记证据要求）,未判定实现状态；不得复用旧审计结论
REQ-ADMINPORTAL-01329,admin-portal,docs/SPEC-§14-错误码规范.md,功能说明书：§14 错误码规范,- 了解错误处理最佳实践,exception,P1,需求规定：- 了解错误处理最佳实践,源码路径+测试用例/运行验证（本阶段仅登记证据要求）,未判定实现状态；不得复用旧审计结论
REQ-ADMINPORTAL-01330,admin-portal,docs/SPEC-§14-错误码规范.md,功能说明书：§14 错误码规范,- 快速定位 API 调用失败原因,api,P1,需求规定：- 快速定位 API 调用失败原因,源码路径+测试用例/运行验证（本阶段仅登记证据要求）,未判定实现状态；不得复用旧审计结论
REQ-ADMINPORTAL-01331,admin-portal,docs/SPEC-§14-错误码规范.md,完成能力,**统一错误响应格式：**,exception,P1,需求规定：**统一错误响应格式：**,源码路径+测试用例/运行验证（本阶段仅登记证据要求）,未判定实现状态；不得复用旧审计结论
REQ-ADMINPORTAL-01332,admin-portal,docs/SPEC-§14-错误码规范.md,完成能力,**完整错误码列表：**,exception,P1,需求规定：**完整错误码列表：**,源码路径+测试用例/运行验证（本阶段仅登记证据要求）,未判定实现状态；不得复用旧审计结论
REQ-ADMINPORTAL-01333,admin-portal,docs/SPEC-§14-错误码规范.md,完成能力,| 错误码 | HTTP 状态码 | 含义 | 处理建议 |,api,P1,需求规定：错误码 | HTTP 状态码 | 含义 | 处理建议,源码路径+测试用例/运行验证（本阶段仅登记证据要求）,未判定实现状态；不得复用旧审计结论
REQ-ADMINPORTAL-01334,admin-portal,docs/SPEC-§14-错误码规范.md,完成能力,| `invalid_api_key` | 401 | API Key 不存在 | 检查请求头 Authorization |,api,P1,需求规定：`invalid_api_key` | 401 | API Key 不存在 | 检查请求头 Authorization,源码路径+测试用例/运行验证（本阶段仅登记证据要求）,未判定实现状态；不得复用旧审计结论
REQ-ADMINPORTAL-01335,admin-portal,docs/SPEC-§14-错误码规范.md,完成能力,| `key_disabled` | 403 | API Key 已被禁用 | 在控制台启用该 Key |,api,P1,需求规定：`key_disabled` | 403 | API Key 已被禁用 | 在控制台启用该 Key,源码路径+测试用例/运行验证（本阶段仅登记证据要求）,未判定实现状态；不得复用旧审计结论
REQ-ADMINPORTAL-01336,admin-portal,docs/SPEC-§14-错误码规范.md,完成能力,| `key_expired` | 403 | API Key 已过期 | 在控制台续期或创建新 Key |,api,P1,需求规定：`key_expired` | 403 | API Key 已过期 | 在控制台续期或创建新 Key,源码路径+测试用例/运行验证（本阶段仅登记证据要求）,未判定实现状态；不得复用旧审计结论
REQ-ADMINPORTAL-01337,admin-portal,docs/SPEC-§14-错误码规范.md,完成能力,| `insufficient_balance` | 402 | 余额不足 | 充值后重试 |,logic,P1,需求规定：`insufficient_balance` | 402 | 余额不足 | 充值后重试,源码路径+测试用例/运行验证（本阶段仅登记证据要求）,未判定实现状态；不得复用旧审计结论
REQ-ADMINPORTAL-01338,admin-portal,docs/SPEC-§14-错误码规范.md,完成能力,| `rate_limit_exceeded` | 429 | 请求频率超限 | 降低请求频率，等待 retry_after |,logic,P1,需求规定：`rate_limit_exceeded` | 429 | 请求频率超限 | 降低请求频率，等待 retry_after,源码路径+测试用例/运行验证（本阶段仅登记证据要求）,未判定实现状态；不得复用旧审计结论
REQ-ADMINPORTAL-01339,admin-portal,docs/SPEC-§14-错误码规范.md,完成能力,| `model_not_found` | 404 | 模型不存在 | 检查请求中的 model 参数 |,logic,P1,需求规定：`model_not_found` | 404 | 模型不存在 | 检查请求中的 model 参数,源码路径+测试用例/运行验证（本阶段仅登记证据要求）,未判定实现状态；不得复用旧审计结论
REQ-ADMINPORTAL-01340,admin-portal,docs/SPEC-§14-错误码规范.md,完成能力,| `model_unavailable` | 503 | 模型暂时不可用 | 稍后重试或切换到其他模型 |,exception,P1,需求规定：`model_unavailable` | 503 | 模型暂时不可用 | 稍后重试或切换到其他模型,源码路径+测试用例/运行验证（本阶段仅登记证据要求）,未判定实现状态；不得复用旧审计结论
REQ-ADMINPORTAL-01341,admin-portal,docs/SPEC-§14-错误码规范.md,完成能力,| `content_filtered` | 400 | 请求命中内容过滤 | 修改请求内容 |,logic,P1,需求规定：`content_filtered` | 400 | 请求命中内容过滤 | 修改请求内容,源码路径+测试用例/运行验证（本阶段仅登记证据要求）,未判定实现状态；不得复用旧审计结论
REQ-ADMINPORTAL-01342,admin-portal,docs/SPEC-§14-错误码规范.md,完成能力,| `ip_not_allowed` | 403 | IP 不在白名单 | 检查 IP 白名单设置 |,security,P1,需求规定：`ip_not_allowed` | 403 | IP 不在白名单 | 检查 IP 白名单设置,源码路径+测试用例/运行验证（本阶段仅登记证据要求）,未判定实现状态；不得复用旧审计结论
REQ-ADMINPORTAL-01343,admin-portal,docs/SPEC-§14-错误码规范.md,完成能力,| `region_blocked` | 403 | 地区被封锁 | 联系管理员解除封锁 |,concurrency,P1,需求规定：`region_blocked` | 403 | 地区被封锁 | 联系管理员解除封锁,源码路径+测试用例/运行验证（本阶段仅登记证据要求）,未判定实现状态；不得复用旧审计结论
REQ-ADMINPORTAL-01344,admin-portal,docs/SPEC-§14-错误码规范.md,完成能力,| `internal_error` | 500 | 服务器内部错误 | 稍后重试，持续请联系客服 |,exception,P1,需求规定：`internal_error` | 500 | 服务器内部错误 | 稍后重试，持续请联系客服,源码路径+测试用例/运行验证（本阶段仅登记证据要求）,未判定实现状态；不得复用旧审计结论
REQ-ADMINPORTAL-01345,admin-portal,docs/SPEC-§14-错误码规范.md,完成能力,**全局错误码规范（§14.1）：**,exception,P1,需求规定：**全局错误码规范（§14.1）：**,源码路径+测试用例/运行验证（本阶段仅登记证据要求）,未判定实现状态；不得复用旧审计结论
REQ-ADMINPORTAL-01346,admin-portal,docs/SPEC-§14-错误码规范.md,完成能力,- 所有 API 响应使用统一 JSON 格式,api,P1,需求规定：- 所有 API 响应使用统一 JSON 格式,源码路径+测试用例/运行验证（本阶段仅登记证据要求）,未判定实现状态；不得复用旧审计结论
REQ-ADMINPORTAL-01347,admin-portal,docs/SPEC-§14-错误码规范.md,完成能力,- 错误码字符串化，不暴露内部技术细节,exception,P1,需求规定：- 错误码字符串化，不暴露内部技术细节,源码路径+测试用例/运行验证（本阶段仅登记证据要求）,未判定实现状态；不得复用旧审计结论
REQ-ADMINPORTAL-01348,admin-portal,docs/SPEC-§14-错误码规范.md,完成能力,- 每个错误附带中文可读消息,exception,P1,需求规定：- 每个错误附带中文可读消息,源码路径+测试用例/运行验证（本阶段仅登记证据要求）,未判定实现状态；不得复用旧审计结论
REQ-ADMINPORTAL-01349,admin-portal,docs/SPEC-§14-错误码规范.md,完成能力,- 限流错误额外返回 `retry_after`（重试等待秒数）,exception,P1,需求规定：- 限流错误额外返回 `retry_after`（重试等待秒数）,源码路径+测试用例/运行验证（本阶段仅登记证据要求）,未判定实现状态；不得复用旧审计结论
REQ-ADMINPORTAL-01350,admin-portal,docs/SPEC-§14-错误码规范.md,完成能力,- 错误码定义在统一枚举中，前后端共享,exception,P1,需求规定：- 错误码定义在统一枚举中，前后端共享,源码路径+测试用例/运行验证（本阶段仅登记证据要求）,未判定实现状态；不得复用旧审计结论
REQ-ADMINPORTAL-01351,admin-portal,docs/SPEC-§14-错误码规范.md,完成能力,**前端异常处理策略（§14.3）：**,exception,P1,需求规定：**前端异常处理策略（§14.3）：**,源码路径+测试用例/运行验证（本阶段仅登记证据要求）,未判定实现状态；不得复用旧审计结论
REQ-ADMINPORTAL-01352,admin-portal,docs/SPEC-§14-错误码规范.md,完成能力,- 全局 HTTP 拦截器统一捕获错误码,api,P1,需求规定：- 全局 HTTP 拦截器统一捕获错误码,源码路径+测试用例/运行验证（本阶段仅登记证据要求）,未判定实现状态；不得复用旧审计结论
REQ-ADMINPORTAL-01353,admin-portal,docs/SPEC-§14-错误码规范.md,完成能力,- 401/403 → 跳转登录页或提示无权限,permission,P1,需求规定：- 401/403 → 跳转登录页或提示无权限,源码路径+测试用例/运行验证（本阶段仅登记证据要求）,未判定实现状态；不得复用旧审计结论
REQ-ADMINPORTAL-01354,admin-portal,docs/SPEC-§14-错误码规范.md,完成能力,- 402 → 弹窗引导用户充值,logic,P1,需求规定：- 402 → 弹窗引导用户充值,源码路径+测试用例/运行验证（本阶段仅登记证据要求）,未判定实现状态；不得复用旧审计结论
REQ-ADMINPORTAL-01355,admin-portal,docs/SPEC-§14-错误码规范.md,完成能力,"- 429 → 显示友好的""请求过于频繁""提示",logic,P1,"需求规定：- 429 → 显示友好的""请求过于频繁""提示",源码路径+测试用例/运行验证（本阶段仅登记证据要求）,未判定实现状态；不得复用旧审计结论
REQ-ADMINPORTAL-01356,admin-portal,docs/SPEC-§14-错误码规范.md,完成能力,"- 500 → 统一弹窗""服务异常，请稍后重试""",exception,P1,"需求规定：- 500 → 统一弹窗""服务异常，请稍后重试""",源码路径+测试用例/运行验证（本阶段仅登记证据要求）,未判定实现状态；不得复用旧审计结论
REQ-ADMINPORTAL-01357,admin-portal,docs/SPEC-§14-错误码规范.md,[?] 页面帮助,**页面名称**：功能说明书：§14 错误码规范,exception,P1,需求规定：**页面名称**：功能说明书：§14 错误码规范,源码路径+测试用例/运行验证（本阶段仅登记证据要求）,未判定实现状态；不得复用旧审计结论
REQ-ADMINPORTAL-01358,admin-portal,docs/SPEC-§14-错误码规范.md,[?] 页面帮助,**适用角色**：视具体功能而定（参见总览中的优先级和适用角色说明）,permission,P1,需求规定：**适用角色**：视具体功能而定（参见总览中的优先级和适用角色说明）,源码路径+测试用例/运行验证（本阶段仅登记证据要求）,未判定实现状态；不得复用旧审计结论
REQ-ADMINPORTAL-01359,admin-portal,docs/SPEC-§14-错误码规范.md,[?] 页面帮助,**功能定位**：该页面提供 功能说明书：§14 错误码规范 相关的配置、查询和管理能力。,exception,P1,需求规定：**功能定位**：该页面提供 功能说明书：§14 错误码规范 相关的配置、查询和管理能力。,源码路径+测试用例/运行验证（本阶段仅登记证据要求）,未判定实现状态；不得复用旧审计结论
REQ-ADMINPORTAL-01360,admin-portal,docs/SPEC-§14-错误码规范.md,[?] 页面帮助,**核心操作**：,logic,P1,需求规定：**核心操作**：,源码路径+测试用例/运行验证（本阶段仅登记证据要求）,未判定实现状态；不得复用旧审计结论
REQ-ADMINPORTAL-01361,admin-portal,docs/SPEC-§14-错误码规范.md,[?] 页面帮助,**注意事项**：,logic,P1,需求规定：**注意事项**：,源码路径+测试用例/运行验证（本阶段仅登记证据要求）,未判定实现状态；不得复用旧审计结论
REQ-ADMINPORTAL-01362,admin-portal,docs/SPEC-§14-错误码规范.md,[?] 页面帮助,- 部分操作涉及敏感数据，需二次确认或 2FA 身份验证,test,P1,需求规定：- 部分操作涉及敏感数据，需二次确认或 2FA 身份验证,源码路径+测试用例/运行验证（本阶段仅登记证据要求）,未判定实现状态；不得复用旧审计结论
REQ-ADMINPORTAL-01363,admin-portal,docs/SPEC-§14-错误码规范.md,[?] 页面帮助,- 操作记录会写入操作日志,audit,P1,需求规定：- 操作记录会写入操作日志,源码路径+测试用例/运行验证（本阶段仅登记证据要求）,未判定实现状态；不得复用旧审计结论
REQ-ADMINPORTAL-01364,admin-portal,docs/SPEC-§14-错误码规范.md,[?] 页面帮助,**常见问题**：,logic,P1,需求规定：**常见问题**：,源码路径+测试用例/运行验证（本阶段仅登记证据要求）,未判定实现状态；不得复用旧审计结论
REQ-ADMINPORTAL-01365,admin-portal,docs/SPEC-§14-错误码规范.md,[?] 按钮级帮助对照表,| 按钮/操作 | 帮助说明 |,page,P1,需求规定：按钮/操作 | 帮助说明,源码路径+测试用例/运行验证（本阶段仅登记证据要求）,未判定实现状态；不得复用旧审计结论
REQ-ADMINPORTAL-01366,admin-portal,docs/SPEC-§14-错误码规范.md,[?] 按钮级帮助对照表,| 创建/新增 | 添加一条新记录 |,audit,P1,需求规定：创建/新增 | 添加一条新记录,源码路径+测试用例/运行验证（本阶段仅登记证据要求）,未判定实现状态；不得复用旧审计结论
REQ-ADMINPORTAL-01367,admin-portal,docs/SPEC-§14-错误码规范.md,[?] 按钮级帮助对照表,| 编辑 | 修改已有记录的字段内容 |,audit,P1,需求规定：编辑 | 修改已有记录的字段内容,源码路径+测试用例/运行验证（本阶段仅登记证据要求）,未判定实现状态；不得复用旧审计结论
REQ-ADMINPORTAL-01368,admin-portal,docs/SPEC-§14-错误码规范.md,[?] 按钮级帮助对照表,| 删除 | 删除选中的记录（不可恢复，需确认） |,rollback,P1,需求规定：删除 | 删除选中的记录（不可恢复，需确认）,源码路径+测试用例/运行验证（本阶段仅登记证据要求）,未判定实现状态；不得复用旧审计结论
REQ-ADMINPORTAL-01369,admin-portal,docs/SPEC-§14-错误码规范.md,[?] 按钮级帮助对照表,| 搜索 | 按关键词搜索匹配的记录 |,audit,P1,需求规定：搜索 | 按关键词搜索匹配的记录,源码路径+测试用例/运行验证（本阶段仅登记证据要求）,未判定实现状态；不得复用旧审计结论
REQ-ADMINPORTAL-01370,admin-portal,docs/SPEC-§14-错误码规范.md,[?] 按钮级帮助对照表,| 筛选 | 按选中条件过滤列表 |,logic,P1,需求规定：筛选 | 按选中条件过滤列表,源码路径+测试用例/运行验证（本阶段仅登记证据要求）,未判定实现状态；不得复用旧审计结论
REQ-ADMINPORTAL-01371,admin-portal,docs/SPEC-§14-错误码规范.md,[?] 按钮级帮助对照表,| 导出 CSV | 将当前列表数据导出为 CSV 文件 |,logic,P1,需求规定：导出 CSV | 将当前列表数据导出为 CSV 文件,源码路径+测试用例/运行验证（本阶段仅登记证据要求）,未判定实现状态；不得复用旧审计结论
REQ-ADMINPORTAL-01372,admin-portal,docs/SPEC-§14-错误码规范.md,[?] 按钮级帮助对照表,| 查看详情 | 查看选中记录的完整信息 |,audit,P1,需求规定：查看详情 | 查看选中记录的完整信息,源码路径+测试用例/运行验证（本阶段仅登记证据要求）,未判定实现状态；不得复用旧审计结论
REQ-ADMINPORTAL-01373,admin-portal,docs/SPEC-§14-错误码规范.md,边界条件,| # | 场景 | 触发条件 | 预期行为 |,logic,P1,需求规定：# | 场景 | 触发条件 | 预期行为,源码路径+测试用例/运行验证（本阶段仅登记证据要求）,未判定实现状态；不得复用旧审计结论
REQ-ADMINPORTAL-01374,admin-portal,docs/SPEC-§14-错误码规范.md,边界条件,"| ERR-001 | 未知错误码 | 系统返回的错误码未在规范表中定义 | 前端统一展示为""未知错误（代码 XXXX）""并记录到监控系统",audit,P1,"需求规定：ERR-001 | 未知错误码 | 系统返回的错误码未在规范表中定义 | 前端统一展示为""未知错误（代码 XXXX）""并记录到监控系统",源码路径+测试用例/运行验证（本阶段仅登记证据要求）,未判定实现状态；不得复用旧审计结论
REQ-ADMINPORTAL-01375,admin-portal,docs/SPEC-§14-错误码规范.md,边界条件,| ERR-002 | 错误码冲突 | 新定义的错误码与已有错误码重复 | 系统拒绝注册，提示开发者使用唯一错误码,concurrency,P1,需求规定：ERR-002 | 错误码冲突 | 新定义的错误码与已有错误码重复 | 系统拒绝注册，提示开发者使用唯一错误码,源码路径+测试用例/运行验证（本阶段仅登记证据要求）,未判定实现状态；不得复用旧审计结论
REQ-ADMINPORTAL-01376,admin-portal,docs/SPEC-§14-错误码规范.md,边界条件,| ERR-003 | 国际化缺失 | 返回的错误码缺少对应语言的错误消息 | 回退显示英文默认错误消息，并记录翻译缺失日志,audit,P1,需求规定：ERR-003 | 国际化缺失 | 返回的错误码缺少对应语言的错误消息 | 回退显示英文默认错误消息，并记录翻译缺失日志,源码路径+测试用例/运行验证（本阶段仅登记证据要求）,未判定实现状态；不得复用旧审计结论
REQ-ADMINPORTAL-01377,admin-portal,docs/SPEC-§14-错误码规范.md,边界条件,| ERR-004 | 错误码分类混乱 | 前端/后端/第三方返回的错误码未按规范分类 | 错误聚合层按来源前缀自动归类，不能归类的统一归入 UNKNOWN 类别,exception,P1,需求规定：ERR-004 | 错误码分类混乱 | 前端/后端/第三方返回的错误码未按规范分类 | 错误聚合层按来源前缀自动归类，不能归类的统一归入 UNKNOWN 类别,源码路径+测试用例/运行验证（本阶段仅登记证据要求）,未判定实现状态；不得复用旧审计结论
REQ-ADMINPORTAL-01378,admin-portal,docs/SPEC-§14-错误码规范.md,边界条件,| ERR-005 | 敏感信息泄露风险 | 错误消息中包含数据库表名、堆栈或 SQL 语句 | 生产环境过滤敏感信息，仅返回通用错误提示，详细日志写入内部系统,permission,P1,需求规定：ERR-005 | 敏感信息泄露风险 | 错误消息中包含数据库表名、堆栈或 SQL 语句 | 生产环境过滤敏感信息，仅返回通用错误提示，详细日志写入内部系统,源码路径+测试用例/运行验证（本阶段仅登记证据要求）,未判定实现状态；不得复用旧审计结论
REQ-ADMINPORTAL-01379,admin-portal,docs/SPEC-§15-前端组件库规范.md,功能说明书：§15 前端组件库规范,- 查阅公共组件定义和使用方法,api,P1,需求规定：- 查阅公共组件定义和使用方法,源码路径+测试用例/运行验证（本阶段仅登记证据要求）,未判定实现状态；不得复用旧审计结论
REQ-ADMINPORTAL-01380,admin-portal,docs/SPEC-§15-前端组件库规范.md,功能说明书：§15 前端组件库规范,- 了解组件属性和事件接口,api,P1,需求规定：- 了解组件属性和事件接口,源码路径+测试用例/运行验证（本阶段仅登记证据要求）,未判定实现状态；不得复用旧审计结论
REQ-ADMINPORTAL-01381,admin-portal,docs/SPEC-§15-前端组件库规范.md,功能说明书：§15 前端组件库规范,- 查看组件视觉规范和示例,logic,P1,需求规定：- 查看组件视觉规范和示例,源码路径+测试用例/运行验证（本阶段仅登记证据要求）,未判定实现状态；不得复用旧审计结论
REQ-ADMINPORTAL-01382,admin-portal,docs/SPEC-§15-前端组件库规范.md,完成能力,**15.1 公共组件清单：**,logic,P1,需求规定：**15.1 公共组件清单：**,源码路径+测试用例/运行验证（本阶段仅登记证据要求）,未判定实现状态；不得复用旧审计结论
REQ-ADMINPORTAL-01383,admin-portal,docs/SPEC-§15-前端组件库规范.md,完成能力,**基础组件：**,logic,P1,需求规定：**基础组件：**,源码路径+测试用例/运行验证（本阶段仅登记证据要求）,未判定实现状态；不得复用旧审计结论
REQ-ADMINPORTAL-01384,admin-portal,docs/SPEC-§15-前端组件库规范.md,完成能力,- Button（含 loading/disabled 状态、多色系 variant）,state,P1,需求规定：- Button（含 loading/disabled 状态、多色系 variant）,源码路径+测试用例/运行验证（本阶段仅登记证据要求）,未判定实现状态；不得复用旧审计结论
REQ-ADMINPORTAL-01385,admin-portal,docs/SPEC-§15-前端组件库规范.md,完成能力,- Input（含搜索框/密码框/数字输入）,field,P1,需求规定：- Input（含搜索框/密码框/数字输入）,源码路径+测试用例/运行验证（本阶段仅登记证据要求）,未判定实现状态；不得复用旧审计结论
REQ-ADMINPORTAL-01386,admin-portal,docs/SPEC-§15-前端组件库规范.md,完成能力,- Modal / Drawer（弹窗/抽屉）,logic,P1,需求规定：- Modal / Drawer（弹窗/抽屉）,源码路径+测试用例/运行验证（本阶段仅登记证据要求）,未判定实现状态；不得复用旧审计结论
REQ-ADMINPORTAL-01387,admin-portal,docs/SPEC-§15-前端组件库规范.md,完成能力,- Table（含排序/筛选/分页/批量选择）,logic,P1,需求规定：- Table（含排序/筛选/分页/批量选择）,源码路径+测试用例/运行验证（本阶段仅登记证据要求）,未判定实现状态；不得复用旧审计结论
REQ-ADMINPORTAL-01388,admin-portal,docs/SPEC-§15-前端组件库规范.md,完成能力,- Form（含表单校验/布局）,logic,P1,需求规定：- Form（含表单校验/布局）,源码路径+测试用例/运行验证（本阶段仅登记证据要求）,未判定实现状态；不得复用旧审计结论
REQ-ADMINPORTAL-01389,admin-portal,docs/SPEC-§15-前端组件库规范.md,完成能力,- Select（单选/多选/搜索选择）,logic,P1,需求规定：- Select（单选/多选/搜索选择）,源码路径+测试用例/运行验证（本阶段仅登记证据要求）,未判定实现状态；不得复用旧审计结论
REQ-ADMINPORTAL-01390,admin-portal,docs/SPEC-§15-前端组件库规范.md,完成能力,- Tag / Badge（标签/徽章）,logic,P1,需求规定：- Tag / Badge（标签/徽章）,源码路径+测试用例/运行验证（本阶段仅登记证据要求）,未判定实现状态；不得复用旧审计结论
REQ-ADMINPORTAL-01391,admin-portal,docs/SPEC-§15-前端组件库规范.md,完成能力,- Card / StatCard（卡片/统计卡片）,logic,P1,需求规定：- Card / StatCard（卡片/统计卡片）,源码路径+测试用例/运行验证（本阶段仅登记证据要求）,未判定实现状态；不得复用旧审计结论
REQ-ADMINPORTAL-01392,admin-portal,docs/SPEC-§15-前端组件库规范.md,完成能力,- Loading（加载动画/骨架屏）,logic,P1,需求规定：- Loading（加载动画/骨架屏）,源码路径+测试用例/运行验证（本阶段仅登记证据要求）,未判定实现状态；不得复用旧审计结论
REQ-ADMINPORTAL-01393,admin-portal,docs/SPEC-§15-前端组件库规范.md,完成能力,- Empty（空状态占位）,state,P1,需求规定：- Empty（空状态占位）,源码路径+测试用例/运行验证（本阶段仅登记证据要求）,未判定实现状态；不得复用旧审计结论
REQ-ADMINPORTAL-01394,admin-portal,docs/SPEC-§15-前端组件库规范.md,完成能力,- ErrorBoundary（错误边界）,exception,P1,需求规定：- ErrorBoundary（错误边界）,源码路径+测试用例/运行验证（本阶段仅登记证据要求）,未判定实现状态；不得复用旧审计结论
REQ-ADMINPORTAL-01395,admin-portal,docs/SPEC-§15-前端组件库规范.md,完成能力,- Pagination（分页）,logic,P1,需求规定：- Pagination（分页）,源码路径+测试用例/运行验证（本阶段仅登记证据要求）,未判定实现状态；不得复用旧审计结论
REQ-ADMINPORTAL-01396,admin-portal,docs/SPEC-§15-前端组件库规范.md,完成能力,**业务组件：**,logic,P1,需求规定：**业务组件：**,源码路径+测试用例/运行验证（本阶段仅登记证据要求）,未判定实现状态；不得复用旧审计结论
REQ-ADMINPORTAL-01397,admin-portal,docs/SPEC-§15-前端组件库规范.md,完成能力,- UserSelect（用户搜索选择器）,logic,P1,需求规定：- UserSelect（用户搜索选择器）,源码路径+测试用例/运行验证（本阶段仅登记证据要求）,未判定实现状态；不得复用旧审计结论
REQ-ADMINPORTAL-01398,admin-portal,docs/SPEC-§15-前端组件库规范.md,完成能力,- ModelCard（模型卡片）,logic,P1,需求规定：- ModelCard（模型卡片）,源码路径+测试用例/运行验证（本阶段仅登记证据要求）,未判定实现状态；不得复用旧审计结论
REQ-ADMINPORTAL-01399,admin-portal,docs/SPEC-§15-前端组件库规范.md,完成能力,- KeyDisplay（Key 展示/复制组件）,page,P1,需求规定：- KeyDisplay（Key 展示/复制组件）,源码路径+测试用例/运行验证（本阶段仅登记证据要求）,未判定实现状态；不得复用旧审计结论
REQ-ADMINPORTAL-01400,admin-portal,docs/SPEC-§15-前端组件库规范.md,完成能力,- BalanceCard（余额卡片）,logic,P1,需求规定：- BalanceCard（余额卡片）,源码路径+测试用例/运行验证（本阶段仅登记证据要求）,未判定实现状态；不得复用旧审计结论
REQ-ADMINPORTAL-01401,admin-portal,docs/SPEC-§15-前端组件库规范.md,完成能力,- LogTable（日志表格）,audit,P1,需求规定：- LogTable（日志表格）,源码路径+测试用例/运行验证（本阶段仅登记证据要求）,未判定实现状态；不得复用旧审计结论
REQ-ADMINPORTAL-01402,admin-portal,docs/SPEC-§15-前端组件库规范.md,完成能力,- StatCard（统计指标卡片）,logic,P1,需求规定：- StatCard（统计指标卡片）,源码路径+测试用例/运行验证（本阶段仅登记证据要求）,未判定实现状态；不得复用旧审计结论
REQ-ADMINPORTAL-01403,admin-portal,docs/SPEC-§15-前端组件库规范.md,完成能力,- TrendChart（趋势图）,logic,P1,需求规定：- TrendChart（趋势图）,源码路径+测试用例/运行验证（本阶段仅登记证据要求）,未判定实现状态；不得复用旧审计结论
REQ-ADMINPORTAL-01404,admin-portal,docs/SPEC-§15-前端组件库规范.md,完成能力,- StatusTag（状态标签）,state,P1,需求规定：- StatusTag（状态标签）,源码路径+测试用例/运行验证（本阶段仅登记证据要求）,未判定实现状态；不得复用旧审计结论
REQ-ADMINPORTAL-01405,admin-portal,docs/SPEC-§15-前端组件库规范.md,完成能力,**15.2 组件 Props 规范：**,logic,P1,需求规定：**15.2 组件 Props 规范：**,源码路径+测试用例/运行验证（本阶段仅登记证据要求）,未判定实现状态；不得复用旧审计结论
REQ-ADMINPORTAL-01406,admin-portal,docs/SPEC-§15-前端组件库规范.md,完成能力,- 所有组件 TypeScript 类型定义完整,logic,P1,需求规定：- 所有组件 TypeScript 类型定义完整,源码路径+测试用例/运行验证（本阶段仅登记证据要求）,未判定实现状态；不得复用旧审计结论
REQ-ADMINPORTAL-01407,admin-portal,docs/SPEC-§15-前端组件库规范.md,完成能力,- Props 命名一致：`value` / `onChange` / `disabled` / `loading`,logic,P1,需求规定：- Props 命名一致：`value` / `onChange` / `disabled` / `loading`,源码路径+测试用例/运行验证（本阶段仅登记证据要求）,未判定实现状态；不得复用旧审计结论
REQ-ADMINPORTAL-01408,admin-portal,docs/SPEC-§15-前端组件库规范.md,完成能力,- 组件 Props 类型定义为 `interface` 而非 `type`,logic,P1,需求规定：- 组件 Props 类型定义为 `interface` 而非 `type`,源码路径+测试用例/运行验证（本阶段仅登记证据要求）,未判定实现状态；不得复用旧审计结论
REQ-ADMINPORTAL-01409,admin-portal,docs/SPEC-§15-前端组件库规范.md,完成能力,- 可选 Props 必须有默认值,logic,P1,需求规定：- 可选 Props 必须有默认值,源码路径+测试用例/运行验证（本阶段仅登记证据要求）,未判定实现状态；不得复用旧审计结论
REQ-ADMINPORTAL-01410,admin-portal,docs/SPEC-§15-前端组件库规范.md,完成能力,**15.3 UI 风格指南：**,logic,P1,需求规定：**15.3 UI 风格指南：**,源码路径+测试用例/运行验证（本阶段仅登记证据要求）,未判定实现状态；不得复用旧审计结论
REQ-ADMINPORTAL-01411,admin-portal,docs/SPEC-§15-前端组件库规范.md,完成能力,- StatsCard 统一 border-2 边框（异常标红/黄）,exception,P1,需求规定：- StatsCard 统一 border-2 边框（异常标红/黄）,源码路径+测试用例/运行验证（本阶段仅登记证据要求）,未判定实现状态；不得复用旧审计结论
REQ-ADMINPORTAL-01412,admin-portal,docs/SPEC-§15-前端组件库规范.md,完成能力,- 组件配合 ErrorBoundary 使用时包裹 fallback,logic,P1,需求规定：- 组件配合 ErrorBoundary 使用时包裹 fallback,源码路径+测试用例/运行验证（本阶段仅登记证据要求）,未判定实现状态；不得复用旧审计结论
REQ-ADMINPORTAL-01413,admin-portal,docs/SPEC-§15-前端组件库规范.md,完成能力,- 每个组件的 Props 参数定义在独立 interface 文件中,logic,P1,需求规定：- 每个组件的 Props 参数定义在独立 interface 文件中,源码路径+测试用例/运行验证（本阶段仅登记证据要求）,未判定实现状态；不得复用旧审计结论
REQ-ADMINPORTAL-01414,admin-portal,docs/SPEC-§15-前端组件库规范.md,完成能力,- 工具函数统一导入：`formatNumber` / `formatCurrency` / `formatDate` / `formatRelative`,logic,P1,需求规定：- 工具函数统一导入：`formatNumber` / `formatCurrency` / `formatDate` / `formatRelative`,源码路径+测试用例/运行验证（本阶段仅登记证据要求）,未判定实现状态；不得复用旧审计结论
REQ-ADMINPORTAL-01415,admin-portal,docs/SPEC-§15-前端组件库规范.md,完成能力,- Token 计数单位自动转换：K/M/B,logic,P1,需求规定：- Token 计数单位自动转换：K/M/B,源码路径+测试用例/运行验证（本阶段仅登记证据要求）,未判定实现状态；不得复用旧审计结论
REQ-ADMINPORTAL-01416,admin-portal,docs/SPEC-§15-前端组件库规范.md,[?] 页面帮助,**页面名称**：功能说明书：§15 前端组件库规范,page,P1,需求规定：**页面名称**：功能说明书：§15 前端组件库规范,源码路径+测试用例/运行验证（本阶段仅登记证据要求）,未判定实现状态；不得复用旧审计结论
REQ-ADMINPORTAL-01417,admin-portal,docs/SPEC-§15-前端组件库规范.md,[?] 页面帮助,**适用角色**：视具体功能而定（参见总览中的优先级和适用角色说明）,permission,P1,需求规定：**适用角色**：视具体功能而定（参见总览中的优先级和适用角色说明）,源码路径+测试用例/运行验证（本阶段仅登记证据要求）,未判定实现状态；不得复用旧审计结论
REQ-ADMINPORTAL-01418,admin-portal,docs/SPEC-§15-前端组件库规范.md,[?] 页面帮助,**功能定位**：该页面提供 功能说明书：§15 前端组件库规范 相关的配置、查询和管理能力。,page,P1,需求规定：**功能定位**：该页面提供 功能说明书：§15 前端组件库规范 相关的配置、查询和管理能力。,源码路径+测试用例/运行验证（本阶段仅登记证据要求）,未判定实现状态；不得复用旧审计结论
REQ-ADMINPORTAL-01419,admin-portal,docs/SPEC-§15-前端组件库规范.md,[?] 页面帮助,**核心操作**：,logic,P1,需求规定：**核心操作**：,源码路径+测试用例/运行验证（本阶段仅登记证据要求）,未判定实现状态；不得复用旧审计结论
REQ-ADMINPORTAL-01420,admin-portal,docs/SPEC-§15-前端组件库规范.md,[?] 页面帮助,**注意事项**：,logic,P1,需求规定：**注意事项**：,源码路径+测试用例/运行验证（本阶段仅登记证据要求）,未判定实现状态；不得复用旧审计结论
REQ-ADMINPORTAL-01421,admin-portal,docs/SPEC-§15-前端组件库规范.md,[?] 页面帮助,- 部分操作涉及敏感数据，需二次确认或 2FA 身份验证,test,P1,需求规定：- 部分操作涉及敏感数据，需二次确认或 2FA 身份验证,源码路径+测试用例/运行验证（本阶段仅登记证据要求）,未判定实现状态；不得复用旧审计结论
REQ-ADMINPORTAL-01422,admin-portal,docs/SPEC-§15-前端组件库规范.md,[?] 页面帮助,- 操作记录会写入操作日志,audit,P1,需求规定：- 操作记录会写入操作日志,源码路径+测试用例/运行验证（本阶段仅登记证据要求）,未判定实现状态；不得复用旧审计结论
REQ-ADMINPORTAL-01423,admin-portal,docs/SPEC-§15-前端组件库规范.md,[?] 页面帮助,**常见问题**：,logic,P1,需求规定：**常见问题**：,源码路径+测试用例/运行验证（本阶段仅登记证据要求）,未判定实现状态；不得复用旧审计结论
REQ-ADMINPORTAL-01424,admin-portal,docs/SPEC-§15-前端组件库规范.md,[?] 按钮级帮助对照表,| 按钮/操作 | 帮助说明 |,page,P1,需求规定：按钮/操作 | 帮助说明,源码路径+测试用例/运行验证（本阶段仅登记证据要求）,未判定实现状态；不得复用旧审计结论
REQ-ADMINPORTAL-01425,admin-portal,docs/SPEC-§15-前端组件库规范.md,[?] 按钮级帮助对照表,| 创建/新增 | 添加一条新记录 |,audit,P1,需求规定：创建/新增 | 添加一条新记录,源码路径+测试用例/运行验证（本阶段仅登记证据要求）,未判定实现状态；不得复用旧审计结论
REQ-ADMINPORTAL-01426,admin-portal,docs/SPEC-§15-前端组件库规范.md,[?] 按钮级帮助对照表,| 编辑 | 修改已有记录的字段内容 |,audit,P1,需求规定：编辑 | 修改已有记录的字段内容,源码路径+测试用例/运行验证（本阶段仅登记证据要求）,未判定实现状态；不得复用旧审计结论
REQ-ADMINPORTAL-01427,admin-portal,docs/SPEC-§15-前端组件库规范.md,[?] 按钮级帮助对照表,| 删除 | 删除选中的记录（不可恢复，需确认） |,rollback,P1,需求规定：删除 | 删除选中的记录（不可恢复，需确认）,源码路径+测试用例/运行验证（本阶段仅登记证据要求）,未判定实现状态；不得复用旧审计结论
REQ-ADMINPORTAL-01428,admin-portal,docs/SPEC-§15-前端组件库规范.md,[?] 按钮级帮助对照表,| 搜索 | 按关键词搜索匹配的记录 |,audit,P1,需求规定：搜索 | 按关键词搜索匹配的记录,源码路径+测试用例/运行验证（本阶段仅登记证据要求）,未判定实现状态；不得复用旧审计结论
REQ-ADMINPORTAL-01429,admin-portal,docs/SPEC-§15-前端组件库规范.md,[?] 按钮级帮助对照表,| 筛选 | 按选中条件过滤列表 |,logic,P1,需求规定：筛选 | 按选中条件过滤列表,源码路径+测试用例/运行验证（本阶段仅登记证据要求）,未判定实现状态；不得复用旧审计结论
REQ-ADMINPORTAL-01430,admin-portal,docs/SPEC-§15-前端组件库规范.md,[?] 按钮级帮助对照表,| 导出 CSV | 将当前列表数据导出为 CSV 文件 |,logic,P1,需求规定：导出 CSV | 将当前列表数据导出为 CSV 文件,源码路径+测试用例/运行验证（本阶段仅登记证据要求）,未判定实现状态；不得复用旧审计结论
REQ-ADMINPORTAL-01431,admin-portal,docs/SPEC-§15-前端组件库规范.md,[?] 按钮级帮助对照表,| 查看详情 | 查看选中记录的完整信息 |,audit,P1,需求规定：查看详情 | 查看选中记录的完整信息,源码路径+测试用例/运行验证（本阶段仅登记证据要求）,未判定实现状态；不得复用旧审计结论
REQ-ADMINPORTAL-01432,admin-portal,docs/SPEC-§15-前端组件库规范.md,边界条件,| # | 场景 | 触发条件 | 预期行为 |,logic,P1,需求规定：# | 场景 | 触发条件 | 预期行为,源码路径+测试用例/运行验证（本阶段仅登记证据要求）,未判定实现状态；不得复用旧审计结论
REQ-ADMINPORTAL-01433,admin-portal,docs/SPEC-§15-前端组件库规范.md,边界条件,| UI-001 | 组件 prop 类型不匹配 | 父组件传入的 prop 类型与组件定义的 interface 不一致（TypeScript 编译通过但运行时异常） | 开发环境控制台输出警告日志，生产环境组件渲染降级为默认值并记录 error boundary 异常 |,audit,P1,需求规定：UI-001 | 组件 prop 类型不匹配 | 父组件传入的 prop 类型与组件定义的 interface 不一致（TypeScript 编译通过但运行时异常） | 开发环境控制台输出警告日志，生产环境组件渲染降级为默认值并记录 error boundary 异常,源码路径+测试用例/运行验证（本阶段仅登记证据要求）,未判定实现状态；不得复用旧审计结论
REQ-ADMINPORTAL-01434,admin-portal,docs/SPEC-§15-前端组件库规范.md,边界条件,| UI-002 | 第三方组件版本升级破坏兼容性 | 基础组件依赖的第三方库（如 antd/echarts）版本升级后接口变更 | 在 package.json 中锁定主版本号，升级前运行全量回归测试，测试失败阻塞发布流水线 |,api,P1,需求规定：UI-002 | 第三方组件版本升级破坏兼容性 | 基础组件依赖的第三方库（如 antd/echarts）版本升级后接口变更 | 在 package.json 中锁定主版本号，升级前运行全量回归测试，测试失败阻塞发布流水线,源码路径+测试用例/运行验证（本阶段仅登记证据要求）,未判定实现状态；不得复用旧审计结论
REQ-ADMINPORTAL-01435,admin-portal,docs/SPEC-§15-前端组件库规范.md,边界条件,"| UI-003 | 主题覆盖优先级冲突 | 多个组件在不同层级设置了相同 CSS 变量，导致主题样式冲突 | 遵循""就近覆盖""原则：组件级样式 > 页面级样式 > 全局主题变量",concurrency,P1,"需求规定：UI-003 | 主题覆盖优先级冲突 | 多个组件在不同层级设置了相同 CSS 变量，导致主题样式冲突 | 遵循""就近覆盖""原则：组件级样式 > 页面级样式 > 全局主题变量",源码路径+测试用例/运行验证（本阶段仅登记证据要求）,未判定实现状态；不得复用旧审计结论
REQ-ADMINPORTAL-01436,admin-portal,docs/SPEC-§15-前端组件库规范.md,边界条件,覆盖前输出 deprecation 警告 |,logic,P1,需求规定：覆盖前输出 deprecation 警告,源码路径+测试用例/运行验证（本阶段仅登记证据要求）,未判定实现状态；不得复用旧审计结论
REQ-ADMINPORTAL-01437,admin-portal,docs/SPEC-§15-前端组件库规范.md,边界条件,| UI-004 | ErrorBoundary 嵌套多层后失效 | 组件树中多个 ErrorBoundary 嵌套，内层抛错时外层无法正确捕获 | ErrorBoundary 仅捕获直属子组件异常，嵌套使用时需在其中手动重新抛出或逐层上报 |,permission,P1,需求规定：UI-004 | ErrorBoundary 嵌套多层后失效 | 组件树中多个 ErrorBoundary 嵌套，内层抛错时外层无法正确捕获 | ErrorBoundary 仅捕获直属子组件异常，嵌套使用时需在其中手动重新抛出或逐层上报,源码路径+测试用例/运行验证（本阶段仅登记证据要求）,未判定实现状态；不得复用旧审计结论
REQ-ADMINPORTAL-01438,admin-portal,docs/SPEC-§15-前端组件库规范.md,边界条件,| UI-005 | 骨架屏与真实内容尺寸突变 | 骨架屏渲染尺寸与实际内容加载后的尺寸差异过大 | 骨架屏容器的 min-height/min-width 与实际数据占位一致，避免加载完成后布局跳动 |,logic,P1,需求规定：UI-005 | 骨架屏与真实内容尺寸突变 | 骨架屏渲染尺寸与实际内容加载后的尺寸差异过大 | 骨架屏容器的 min-height/min-width 与实际数据占位一致，避免加载完成后布局跳动,源码路径+测试用例/运行验证（本阶段仅登记证据要求）,未判定实现状态；不得复用旧审计结论
REQ-ADMINPORTAL-01439,admin-portal,docs/SPEC-§15-前端组件库规范.md,边界条件,| UI-006 | 性能面板频繁重渲染 | TrendChart 组件在实时数据流场景下每秒更新导致卡顿 | 内置 requestAnimationFrame 节流和 React.memo 比较，更新频率不超过 60fps |,page,P1,需求规定：UI-006 | 性能面板频繁重渲染 | TrendChart 组件在实时数据流场景下每秒更新导致卡顿 | 内置 requestAnimationFrame 节流和 React.memo 比较，更新频率不超过 60fps,源码路径+测试用例/运行验证（本阶段仅登记证据要求）,未判定实现状态；不得复用旧审计结论
REQ-ADMINPORTAL-01440,integrations-sso,docs/SPEC-§16-第三方集成.md,功能说明书：§16 第三方集成,- 了解第三方服务集成方式,logic,P1,需求规定：- 了解第三方服务集成方式,源码路径+测试用例/运行验证（本阶段仅登记证据要求）,未判定实现状态；不得复用旧审计结论
REQ-ADMINPORTAL-01441,integrations-sso,docs/SPEC-§16-第三方集成.md,功能说明书：§16 第三方集成,- 查看各集成状态和配置方法,api,P1,需求规定：- 查看各集成状态和配置方法,源码路径+测试用例/运行验证（本阶段仅登记证据要求）,未判定实现状态；不得复用旧审计结论
REQ-ADMINPORTAL-01442,integrations-sso,docs/SPEC-§16-第三方集成.md,功能说明书：§16 第三方集成,- 管理集成接入凭证和回调,logic,P1,需求规定：- 管理集成接入凭证和回调,源码路径+测试用例/运行验证（本阶段仅登记证据要求）,未判定实现状态；不得复用旧审计结论
REQ-ADMINPORTAL-01443,integrations-sso,docs/SPEC-§16-第三方集成.md,完成能力,**16.1 第三方服务总览：**,logic,P1,需求规定：**16.1 第三方服务总览：**,源码路径+测试用例/运行验证（本阶段仅登记证据要求）,未判定实现状态；不得复用旧审计结论
REQ-ADMINPORTAL-01444,integrations-sso,docs/SPEC-§16-第三方集成.md,完成能力,| 系统 | 用途 | 状态 | 集成方式 |,state,P1,需求规定：系统 | 用途 | 状态 | 集成方式,源码路径+测试用例/运行验证（本阶段仅登记证据要求）,未判定实现状态；不得复用旧审计结论
REQ-ADMINPORTAL-01445,integrations-sso,docs/SPEC-§16-第三方集成.md,完成能力,| 支付宝/微信支付 | 用户充值 | ✅ 已完成 | 支付回调 webhook |,logic,P1,需求规定：支付宝/微信支付 | 用户充值 | ✅ 已完成 | 支付回调 webhook,源码路径+测试用例/运行验证（本阶段仅登记证据要求）,未判定实现状态；不得复用旧审计结论
REQ-ADMINPORTAL-01446,integrations-sso,docs/SPEC-§16-第三方集成.md,完成能力,| SMTP 邮件服务 | 通知推送 | ✅ 已完成 | 异步队列消费 |,logic,P1,需求规定：SMTP 邮件服务 | 通知推送 | ✅ 已完成 | 异步队列消费,源码路径+测试用例/运行验证（本阶段仅登记证据要求）,未判定实现状态；不得复用旧审计结论
REQ-ADMINPORTAL-01447,integrations-sso,docs/SPEC-§16-第三方集成.md,完成能力,| WebSocket | 实时推送 | ✅ 已完成 | 在线用户/告警推送 |,logic,P1,需求规定：WebSocket | 实时推送 | ✅ 已完成 | 在线用户/告警推送,源码路径+测试用例/运行验证（本阶段仅登记证据要求）,未判定实现状态；不得复用旧审计结论
REQ-ADMINPORTAL-01448,integrations-sso,docs/SPEC-§16-第三方集成.md,完成能力,| 电子签章（法大大/上上签）| 合同签署 | 📋 P1 | API 对接 |,api,P1,需求规定：电子签章（法大大/上上签）| 合同签署 | 📋 P1 | API 对接,源码路径+测试用例/运行验证（本阶段仅登记证据要求）,未判定实现状态；不得复用旧审计结论
REQ-ADMINPORTAL-01449,integrations-sso,docs/SPEC-§16-第三方集成.md,完成能力,| 短信服务（阿里云/腾讯云）| 重要告警短信 | 📋 P1 | API 对接 |,api,P1,需求规定：短信服务（阿里云/腾讯云）| 重要告警短信 | 📋 P1 | API 对接,源码路径+测试用例/运行验证（本阶段仅登记证据要求）,未判定实现状态；不得复用旧审计结论
REQ-ADMINPORTAL-01450,integrations-sso,docs/SPEC-§16-第三方集成.md,完成能力,| 对象存储（OSS/S3）| 文件/头像/合同存储 | 📋 P1 | SDK 集成 |,logic,P1,需求规定：对象存储（OSS/S3）| 文件/头像/合同存储 | 📋 P1 | SDK 集成,源码路径+测试用例/运行验证（本阶段仅登记证据要求）,未判定实现状态；不得复用旧审计结论
REQ-ADMINPORTAL-01451,integrations-sso,docs/SPEC-§16-第三方集成.md,完成能力,| 企业微信/钉钉 | 运营报表推送 | 📋 P2 | Webhook |,logic,P2,需求规定：企业微信/钉钉 | 运营报表推送 | 📋 P2 | Webhook,源码路径+测试用例/运行验证（本阶段仅登记证据要求）,未判定实现状态；不得复用旧审计结论
REQ-ADMINPORTAL-01452,integrations-sso,docs/SPEC-§16-第三方集成.md,完成能力,| IP 地理库 | IP 归属地解析 | ✅ 已完成 | 本地库/API |,api,P1,需求规定：IP 地理库 | IP 归属地解析 | ✅ 已完成 | 本地库/API,源码路径+测试用例/运行验证（本阶段仅登记证据要求）,未判定实现状态；不得复用旧审计结论
REQ-ADMINPORTAL-01453,integrations-sso,docs/SPEC-§16-第三方集成.md,完成能力,**16.2 支付网关集成：**,logic,P1,需求规定：**16.2 支付网关集成：**,源码路径+测试用例/运行验证（本阶段仅登记证据要求）,未判定实现状态；不得复用旧审计结论
REQ-ADMINPORTAL-01454,integrations-sso,docs/SPEC-§16-第三方集成.md,完成能力,- 支持支付宝和微信支付,logic,P1,需求规定：- 支持支付宝和微信支付,源码路径+测试用例/运行验证（本阶段仅登记证据要求）,未判定实现状态；不得复用旧审计结论
REQ-ADMINPORTAL-01455,integrations-sso,docs/SPEC-§16-第三方集成.md,完成能力,- 配置项：APP ID、商户号、API Key、回调 URL,api,P1,需求规定：- 配置项：APP ID、商户号、API Key、回调 URL,源码路径+测试用例/运行验证（本阶段仅登记证据要求）,未判定实现状态；不得复用旧审计结论
REQ-ADMINPORTAL-01456,integrations-sso,docs/SPEC-§16-第三方集成.md,完成能力,- 回调处理：异步接收支付结果 → 更新订单状态 → 通知用户,state,P1,需求规定：- 回调处理：异步接收支付结果 → 更新订单状态 → 通知用户,源码路径+测试用例/运行验证（本阶段仅登记证据要求）,未判定实现状态；不得复用旧审计结论
REQ-ADMINPORTAL-01457,integrations-sso,docs/SPEC-§16-第三方集成.md,完成能力,- 掉单处理：定时查询未完成订单状态,state,P1,需求规定：- 掉单处理：定时查询未完成订单状态,源码路径+测试用例/运行验证（本阶段仅登记证据要求）,未判定实现状态；不得复用旧审计结论
REQ-ADMINPORTAL-01458,integrations-sso,docs/SPEC-§16-第三方集成.md,完成能力,**16.3 短信服务集成：**,logic,P1,需求规定：**16.3 短信服务集成：**,源码路径+测试用例/运行验证（本阶段仅登记证据要求）,未判定实现状态；不得复用旧审计结论
REQ-ADMINPORTAL-01459,integrations-sso,docs/SPEC-§16-第三方集成.md,完成能力,- 发送场景：验证码、重要告警通知,test,P1,需求规定：- 发送场景：验证码、重要告警通知,源码路径+测试用例/运行验证（本阶段仅登记证据要求）,未判定实现状态；不得复用旧审计结论
REQ-ADMINPORTAL-01460,integrations-sso,docs/SPEC-§16-第三方集成.md,完成能力,- 模板化管理：在平台后台创建短信模板,logic,P1,需求规定：- 模板化管理：在平台后台创建短信模板,源码路径+测试用例/运行验证（本阶段仅登记证据要求）,未判定实现状态；不得复用旧审计结论
REQ-ADMINPORTAL-01461,integrations-sso,docs/SPEC-§16-第三方集成.md,完成能力,- 发送频率限制：同一手机号每分钟最多 1 条,logic,P1,需求规定：- 发送频率限制：同一手机号每分钟最多 1 条,源码路径+测试用例/运行验证（本阶段仅登记证据要求）,未判定实现状态；不得复用旧审计结论
REQ-ADMINPORTAL-01462,integrations-sso,docs/SPEC-§16-第三方集成.md,完成能力,**16.4 对象存储集成：**,logic,P1,需求规定：**16.4 对象存储集成：**,源码路径+测试用例/运行验证（本阶段仅登记证据要求）,未判定实现状态；不得复用旧审计结论
REQ-ADMINPORTAL-01463,integrations-sso,docs/SPEC-§16-第三方集成.md,完成能力,- 用途：用户头像、合同文件、证书照片,logic,P1,需求规定：- 用途：用户头像、合同文件、证书照片,源码路径+测试用例/运行验证（本阶段仅登记证据要求）,未判定实现状态；不得复用旧审计结论
REQ-ADMINPORTAL-01464,integrations-sso,docs/SPEC-§16-第三方集成.md,完成能力,- 配置：Bucket/Region/AccessKey/SecretKey,logic,P1,需求规定：- 配置：Bucket/Region/AccessKey/SecretKey,源码路径+测试用例/运行验证（本阶段仅登记证据要求）,未判定实现状态；不得复用旧审计结论
REQ-ADMINPORTAL-01465,integrations-sso,docs/SPEC-§16-第三方集成.md,完成能力,- 权限控制：仅平台后台可写，通过签名 URL 可读,permission,P1,需求规定：- 权限控制：仅平台后台可写，通过签名 URL 可读,源码路径+测试用例/运行验证（本阶段仅登记证据要求）,未判定实现状态；不得复用旧审计结论
REQ-ADMINPORTAL-01466,integrations-sso,docs/SPEC-§16-第三方集成.md,完成能力,**16.5 故障切换策略：**,logic,P1,需求规定：**16.5 故障切换策略：**,源码路径+测试用例/运行验证（本阶段仅登记证据要求）,未判定实现状态；不得复用旧审计结论
REQ-ADMINPORTAL-01467,integrations-sso,docs/SPEC-§16-第三方集成.md,完成能力,- 第三方服务故障 → 记录错误日志 + 告警通知,audit,P1,需求规定：- 第三方服务故障 → 记录错误日志 + 告警通知,源码路径+测试用例/运行验证（本阶段仅登记证据要求）,未判定实现状态；不得复用旧审计结论
REQ-ADMINPORTAL-01468,integrations-sso,docs/SPEC-§16-第三方集成.md,完成能力,"- 支付网关故障 → 标记订单""充值中""，定时重查",logic,P1,"需求规定：- 支付网关故障 → 标记订单""充值中""，定时重查",源码路径+测试用例/运行验证（本阶段仅登记证据要求）,未判定实现状态；不得复用旧审计结论
REQ-ADMINPORTAL-01469,integrations-sso,docs/SPEC-§16-第三方集成.md,完成能力,- 短信故障 → 降级为邮件通知,logic,P1,需求规定：- 短信故障 → 降级为邮件通知,源码路径+测试用例/运行验证（本阶段仅登记证据要求）,未判定实现状态；不得复用旧审计结论
REQ-ADMINPORTAL-01470,integrations-sso,docs/SPEC-§16-第三方集成.md,完成能力,- 所有第三方调用通过 adapter 模式封装，替换实现无需修改业务代码,logic,P1,需求规定：- 所有第三方调用通过 adapter 模式封装，替换实现无需修改业务代码,源码路径+测试用例/运行验证（本阶段仅登记证据要求）,未判定实现状态；不得复用旧审计结论
REQ-ADMINPORTAL-01471,integrations-sso,docs/SPEC-§16-第三方集成.md,[?] 页面帮助,**页面名称**：功能说明书：§16 第三方集成,page,P1,需求规定：**页面名称**：功能说明书：§16 第三方集成,源码路径+测试用例/运行验证（本阶段仅登记证据要求）,未判定实现状态；不得复用旧审计结论
REQ-ADMINPORTAL-01472,integrations-sso,docs/SPEC-§16-第三方集成.md,[?] 页面帮助,**适用角色**：视具体功能而定（参见总览中的优先级和适用角色说明）,permission,P1,需求规定：**适用角色**：视具体功能而定（参见总览中的优先级和适用角色说明）,源码路径+测试用例/运行验证（本阶段仅登记证据要求）,未判定实现状态；不得复用旧审计结论
REQ-ADMINPORTAL-01473,integrations-sso,docs/SPEC-§16-第三方集成.md,[?] 页面帮助,**功能定位**：该页面提供 功能说明书：§16 第三方集成 相关的配置、查询和管理能力。,page,P1,需求规定：**功能定位**：该页面提供 功能说明书：§16 第三方集成 相关的配置、查询和管理能力。,源码路径+测试用例/运行验证（本阶段仅登记证据要求）,未判定实现状态；不得复用旧审计结论
REQ-ADMINPORTAL-01474,integrations-sso,docs/SPEC-§16-第三方集成.md,[?] 页面帮助,**核心操作**：,logic,P1,需求规定：**核心操作**：,源码路径+测试用例/运行验证（本阶段仅登记证据要求）,未判定实现状态；不得复用旧审计结论
REQ-ADMINPORTAL-01475,integrations-sso,docs/SPEC-§16-第三方集成.md,[?] 页面帮助,**注意事项**：,logic,P1,需求规定：**注意事项**：,源码路径+测试用例/运行验证（本阶段仅登记证据要求）,未判定实现状态；不得复用旧审计结论
REQ-ADMINPORTAL-01476,integrations-sso,docs/SPEC-§16-第三方集成.md,[?] 页面帮助,- 部分操作涉及敏感数据，需二次确认或 2FA 身份验证,test,P1,需求规定：- 部分操作涉及敏感数据，需二次确认或 2FA 身份验证,源码路径+测试用例/运行验证（本阶段仅登记证据要求）,未判定实现状态；不得复用旧审计结论
REQ-ADMINPORTAL-01477,integrations-sso,docs/SPEC-§16-第三方集成.md,[?] 页面帮助,- 操作记录会写入操作日志,audit,P1,需求规定：- 操作记录会写入操作日志,源码路径+测试用例/运行验证（本阶段仅登记证据要求）,未判定实现状态；不得复用旧审计结论
REQ-ADMINPORTAL-01478,integrations-sso,docs/SPEC-§16-第三方集成.md,[?] 页面帮助,**常见问题**：,logic,P1,需求规定：**常见问题**：,源码路径+测试用例/运行验证（本阶段仅登记证据要求）,未判定实现状态；不得复用旧审计结论
REQ-ADMINPORTAL-01479,integrations-sso,docs/SPEC-§16-第三方集成.md,[?] 按钮级帮助对照表,| 按钮/操作 | 帮助说明 |,page,P1,需求规定：按钮/操作 | 帮助说明,源码路径+测试用例/运行验证（本阶段仅登记证据要求）,未判定实现状态；不得复用旧审计结论
REQ-ADMINPORTAL-01480,integrations-sso,docs/SPEC-§16-第三方集成.md,[?] 按钮级帮助对照表,| 创建/新增 | 添加一条新记录 |,audit,P1,需求规定：创建/新增 | 添加一条新记录,源码路径+测试用例/运行验证（本阶段仅登记证据要求）,未判定实现状态；不得复用旧审计结论
REQ-ADMINPORTAL-01481,integrations-sso,docs/SPEC-§16-第三方集成.md,[?] 按钮级帮助对照表,| 编辑 | 修改已有记录的字段内容 |,audit,P1,需求规定：编辑 | 修改已有记录的字段内容,源码路径+测试用例/运行验证（本阶段仅登记证据要求）,未判定实现状态；不得复用旧审计结论
REQ-ADMINPORTAL-01482,integrations-sso,docs/SPEC-§16-第三方集成.md,[?] 按钮级帮助对照表,| 删除 | 删除选中的记录（不可恢复，需确认） |,rollback,P1,需求规定：删除 | 删除选中的记录（不可恢复，需确认）,源码路径+测试用例/运行验证（本阶段仅登记证据要求）,未判定实现状态；不得复用旧审计结论
REQ-ADMINPORTAL-01483,integrations-sso,docs/SPEC-§16-第三方集成.md,[?] 按钮级帮助对照表,| 搜索 | 按关键词搜索匹配的记录 |,audit,P1,需求规定：搜索 | 按关键词搜索匹配的记录,源码路径+测试用例/运行验证（本阶段仅登记证据要求）,未判定实现状态；不得复用旧审计结论
REQ-ADMINPORTAL-01484,integrations-sso,docs/SPEC-§16-第三方集成.md,[?] 按钮级帮助对照表,| 筛选 | 按选中条件过滤列表 |,logic,P1,需求规定：筛选 | 按选中条件过滤列表,源码路径+测试用例/运行验证（本阶段仅登记证据要求）,未判定实现状态；不得复用旧审计结论
REQ-ADMINPORTAL-01485,integrations-sso,docs/SPEC-§16-第三方集成.md,[?] 按钮级帮助对照表,| 导出 CSV | 将当前列表数据导出为 CSV 文件 |,logic,P1,需求规定：导出 CSV | 将当前列表数据导出为 CSV 文件,源码路径+测试用例/运行验证（本阶段仅登记证据要求）,未判定实现状态；不得复用旧审计结论
REQ-ADMINPORTAL-01486,integrations-sso,docs/SPEC-§16-第三方集成.md,[?] 按钮级帮助对照表,| 查看详情 | 查看选中记录的完整信息 |,audit,P1,需求规定：查看详情 | 查看选中记录的完整信息,源码路径+测试用例/运行验证（本阶段仅登记证据要求）,未判定实现状态；不得复用旧审计结论
REQ-ADMINPORTAL-01487,integrations-sso,docs/SPEC-§16-第三方集成.md,边界条件,| # | 场景 | 触发条件 | 预期行为 |,logic,P1,需求规定：# | 场景 | 触发条件 | 预期行为,源码路径+测试用例/运行验证（本阶段仅登记证据要求）,未判定实现状态；不得复用旧审计结论
REQ-ADMINPORTAL-01488,integrations-sso,docs/SPEC-§16-第三方集成.md,边界条件,| THIRD-001 | 第三方 API 限流 | 短时内调用次数超过第三方服务商限流阈值（如支付网关 QPS > 100） | 采用本地令牌桶限流，超过阈值的请求排队等待或降级为异步处理，记录限流日志 |,api,P1,需求规定：THIRD-001 | 第三方 API 限流 | 短时内调用次数超过第三方服务商限流阈值（如支付网关 QPS > 100） | 采用本地令牌桶限流，超过阈值的请求排队等待或降级为异步处理，记录限流日志,源码路径+测试用例/运行验证（本阶段仅登记证据要求）,未判定实现状态；不得复用旧审计结论
REQ-ADMINPORTAL-01489,integrations-sso,docs/SPEC-§16-第三方集成.md,边界条件,| THIRD-002 | 支付回调超时 | 用户完成支付后，第三方支付网关回调接口超过配置超时（默认 30s）未响应 | 定时任务轮询未完成订单（每 2 分钟），调用第三方对账接口确认支付状态 |,api,P1,需求规定：THIRD-002 | 支付回调超时 | 用户完成支付后，第三方支付网关回调接口超过配置超时（默认 30s）未响应 | 定时任务轮询未完成订单（每 2 分钟），调用第三方对账接口确认支付状态,源码路径+测试用例/运行验证（本阶段仅登记证据要求）,未判定实现状态；不得复用旧审计结论
REQ-ADMINPORTAL-01490,integrations-sso,docs/SPEC-§16-第三方集成.md,边界条件,"| THIRD-003 | Webhook 重试耗尽 | 第三方 Webhook 推送失败后重试 3 次仍失败 | 标记 Webhook 为""死信""状态，持久化到死信队列，触发人工介入告警，支持手动重推 |",exception,P1,"需求规定：THIRD-003 | Webhook 重试耗尽 | 第三方 Webhook 推送失败后重试 3 次仍失败 | 标记 Webhook 为""死信""状态，持久化到死信队列，触发人工介入告警，支持手动重推",源码路径+测试用例/运行验证（本阶段仅登记证据要求）,未判定实现状态；不得复用旧审计结论
REQ-ADMINPORTAL-01491,integrations-sso,docs/SPEC-§16-第三方集成.md,边界条件,| THIRD-004 | 短信服务商切换 | 主短信服务商故障后自动切换到备选服务商 | 通过 adapter 模式无缝切换，切换期间请求排队等待（最长 5s），切换完成后自动恢复 |,rollback,P1,需求规定：THIRD-004 | 短信服务商切换 | 主短信服务商故障后自动切换到备选服务商 | 通过 adapter 模式无缝切换，切换期间请求排队等待（最长 5s），切换完成后自动恢复,源码路径+测试用例/运行验证（本阶段仅登记证据要求）,未判定实现状态；不得复用旧审计结论
REQ-ADMINPORTAL-01492,integrations-sso,docs/SPEC-§16-第三方集成.md,边界条件,| THIRD-005 | OSS 签名 URL 过期 | 用户通过已过期的签名 URL 访问存储文件 | 返回 403 Forbidden，前端引导用户重新获取签名 URL |,field,P1,需求规定：THIRD-005 | OSS 签名 URL 过期 | 用户通过已过期的签名 URL 访问存储文件 | 返回 403 Forbidden，前端引导用户重新获取签名 URL,源码路径+测试用例/运行验证（本阶段仅登记证据要求）,未判定实现状态；不得复用旧审计结论
REQ-ADMINPORTAL-01493,integrations-sso,docs/SPEC-§16-第三方集成.md,边界条件,| THIRD-006 | 第三方凭证变更未同步 | 运营人员在第三方平台更换了 API Key/Secret，但未同步更新到 3cloud 配置 | 集成健康检查模块定时验证第三方凭证有效性，发现失效后发送告警通知 |,api,P1,需求规定：THIRD-006 | 第三方凭证变更未同步 | 运营人员在第三方平台更换了 API Key/Secret，但未同步更新到 3cloud 配置 | 集成健康检查模块定时验证第三方凭证有效性，发现失效后发送告警通知,源码路径+测试用例/运行验证（本阶段仅登记证据要求）,未判定实现状态；不得复用旧审计结论
REQ-ADMINPORTAL-01494,admin-portal,docs/SPEC-§23-系统级能力增强.md,功能说明书：§23 系统级能力增强,- 了解系统架构增强功能,logic,P1,需求规定：- 了解系统架构增强功能,源码路径+测试用例/运行验证（本阶段仅登记证据要求）,未判定实现状态；不得复用旧审计结论
REQ-ADMINPORTAL-01495,admin-portal,docs/SPEC-§23-系统级能力增强.md,功能说明书：§23 系统级能力增强,- 查看高可用和灾备能力,logic,P1,需求规定：- 查看高可用和灾备能力,源码路径+测试用例/运行验证（本阶段仅登记证据要求）,未判定实现状态；不得复用旧审计结论
REQ-ADMINPORTAL-01496,admin-portal,docs/SPEC-§23-系统级能力增强.md,功能说明书：§23 系统级能力增强,- 配置系统级扩展功能,logic,P1,需求规定：- 配置系统级扩展功能,源码路径+测试用例/运行验证（本阶段仅登记证据要求）,未判定实现状态；不得复用旧审计结论
REQ-ADMINPORTAL-01497,admin-portal,docs/SPEC-§23-系统级能力增强.md,子模块清单,| 编号 | 模块 | 优先级 | 核心价值 |,logic,P1,需求规定：编号 | 模块 | 优先级 | 核心价值,源码路径+测试用例/运行验证（本阶段仅登记证据要求）,未判定实现状态；不得复用旧审计结论
REQ-ADMINPORTAL-01498,admin-portal,docs/SPEC-§23-系统级能力增强.md,子模块清单,"| 23.1 | 操作审计追溯增强 | P1 | 用户和管理员可追溯""谁在什么时候改了什么"" |",audit,P1,"需求规定：23.1 | 操作审计追溯增强 | P1 | 用户和管理员可追溯""谁在什么时候改了什么""",源码路径+测试用例/运行验证（本阶段仅登记证据要求）,未判定实现状态；不得复用旧审计结论
REQ-ADMINPORTAL-01499,admin-portal,docs/SPEC-§23-系统级能力增强.md,子模块清单,| 23.2 | 全局搜索（Cmd+K） | P2 | 管理后台一键搜索用户/Key/模型/订单 |,logic,P2,需求规定：23.2 | 全局搜索（Cmd+K） | P2 | 管理后台一键搜索用户/Key/模型/订单,源码路径+测试用例/运行验证（本阶段仅登记证据要求）,未判定实现状态；不得复用旧审计结论
REQ-ADMINPORTAL-01500,admin-portal,docs/SPEC-§23-系统级能力增强.md,子模块清单,| 23.3 | 快捷键支持 | P2 | 常用操作键盘快速跳转 |,logic,P2,需求规定：23.3 | 快捷键支持 | P2 | 常用操作键盘快速跳转,源码路径+测试用例/运行验证（本阶段仅登记证据要求）,未判定实现状态；不得复用旧审计结论
REQ-ADMINPORTAL-01501,admin-portal,docs/SPEC-§23-系统级能力增强.md,子模块清单,| 23.4 | i18n 国际化架构 | P2 | 规划多语言框架，Portal 先支持英文 |,logic,P2,需求规定：23.4 | i18n 国际化架构 | P2 | 规划多语言框架，Portal 先支持英文,源码路径+测试用例/运行验证（本阶段仅登记证据要求）,未判定实现状态；不得复用旧审计结论
REQ-ADMINPORTAL-01502,admin-portal,docs/SPEC-§23-系统级能力增强.md,子模块清单,| 23.5 | 移动端适配 | P2 | 用户端关键页面响应式适配 |,page,P2,需求规定：23.5 | 移动端适配 | P2 | 用户端关键页面响应式适配,源码路径+测试用例/运行验证（本阶段仅登记证据要求）,未判定实现状态；不得复用旧审计结论
REQ-ADMINPORTAL-01503,admin-portal,docs/SPEC-§23-系统级能力增强.md,完成能力 / 展示效果,**用户端操作日志页增强：**,audit,P1,需求规定：**用户端操作日志页增强：**,源码路径+测试用例/运行验证（本阶段仅登记证据要求）,未判定实现状态；不得复用旧审计结论
REQ-ADMINPORTAL-01504,admin-portal,docs/SPEC-§23-系统级能力增强.md,完成能力 / 展示效果,**管理后台审计日志页增强：**,audit,P1,需求规定：**管理后台审计日志页增强：**,源码路径+测试用例/运行验证（本阶段仅登记证据要求）,未判定实现状态；不得复用旧审计结论
REQ-ADMINPORTAL-01505,admin-portal,docs/SPEC-§23-系统级能力增强.md,完成能力 / 展示效果,**审计详情弹窗（点击某行后）：**,audit,P1,需求规定：**审计详情弹窗（点击某行后）：**,源码路径+测试用例/运行验证（本阶段仅登记证据要求）,未判定实现状态；不得复用旧审计结论
REQ-ADMINPORTAL-01506,admin-portal,docs/SPEC-§23-系统级能力增强.md,功能规格,| 维度 | 用户端操作日志 | 管理后台审计日志 |,audit,P1,需求规定：维度 | 用户端操作日志 | 管理后台审计日志,源码路径+测试用例/运行验证（本阶段仅登记证据要求）,未判定实现状态；不得复用旧审计结论
REQ-ADMINPORTAL-01507,admin-portal,docs/SPEC-§23-系统级能力增强.md,功能规格,| 数据范围 | 仅当前用户的操作 | 所有用户的操作 |,permission,P1,需求规定：数据范围 | 仅当前用户的操作 | 所有用户的操作,源码路径+测试用例/运行验证（本阶段仅登记证据要求）,未判定实现状态；不得复用旧审计结论
REQ-ADMINPORTAL-01508,admin-portal,docs/SPEC-§23-系统级能力增强.md,功能规格,| 筛选条件 | 操作类型/时间 | 操作用户/目标/时间 |,field,P1,需求规定：筛选条件 | 操作类型/时间 | 操作用户/目标/时间,源码路径+测试用例/运行验证（本阶段仅登记证据要求）,未判定实现状态；不得复用旧审计结论
REQ-ADMINPORTAL-01509,admin-portal,docs/SPEC-§23-系统级能力增强.md,功能规格,| 查看权限 | 用户本人 | audit_admin 或 super_admin |,permission,P1,需求规定：查看权限 | 用户本人 | audit_admin 或 super_admin,源码路径+测试用例/运行验证（本阶段仅登记证据要求）,未判定实现状态；不得复用旧审计结论
REQ-ADMINPORTAL-01510,admin-portal,docs/SPEC-§23-系统级能力增强.md,功能规格,| 导出 | 支持 CSV 导出 | 支持 CSV/JSON 导出 |,logic,P1,需求规定：导出 | 支持 CSV 导出 | 支持 CSV/JSON 导出,源码路径+测试用例/运行验证（本阶段仅登记证据要求）,未判定实现状态；不得复用旧审计结论
REQ-ADMINPORTAL-01511,admin-portal,docs/SPEC-§23-系统级能力增强.md,搜索范围,| 搜索类型 | 搜索结果 | 跳转目标 |,logic,P1,需求规定：搜索类型 | 搜索结果 | 跳转目标,源码路径+测试用例/运行验证（本阶段仅登记证据要求）,未判定实现状态；不得复用旧审计结论
REQ-ADMINPORTAL-01512,admin-portal,docs/SPEC-§23-系统级能力增强.md,搜索范围,| 用户 | 按 ID/邮箱/用户名模糊匹配 | 用户详情页 |,field,P1,需求规定：用户 | 按 ID/邮箱/用户名模糊匹配 | 用户详情页,源码路径+测试用例/运行验证（本阶段仅登记证据要求）,未判定实现状态；不得复用旧审计结论
REQ-ADMINPORTAL-01513,admin-portal,docs/SPEC-§23-系统级能力增强.md,搜索范围,| API Key | 按 Key 名称/掩码匹配 | Key 管理页 |,api,P1,需求规定：API Key | 按 Key 名称/掩码匹配 | Key 管理页,源码路径+测试用例/运行验证（本阶段仅登记证据要求）,未判定实现状态；不得复用旧审计结论
REQ-ADMINPORTAL-01514,admin-portal,docs/SPEC-§23-系统级能力增强.md,搜索范围,| 模型 | 按模型 ID/名称匹配 | 模型配置页 |,field,P1,需求规定：模型 | 按模型 ID/名称匹配 | 模型配置页,源码路径+测试用例/运行验证（本阶段仅登记证据要求）,未判定实现状态；不得复用旧审计结论
REQ-ADMINPORTAL-01515,admin-portal,docs/SPEC-§23-系统级能力增强.md,搜索范围,| 渠道 | 按渠道名称匹配 | 渠道详情页 |,field,P1,需求规定：渠道 | 按渠道名称匹配 | 渠道详情页,源码路径+测试用例/运行验证（本阶段仅登记证据要求）,未判定实现状态；不得复用旧审计结论
REQ-ADMINPORTAL-01516,admin-portal,docs/SPEC-§23-系统级能力增强.md,搜索范围,| 订单（充值/提现） | 按订单号匹配 | 订单详情页 |,logic,P1,需求规定：订单（充值/提现） | 按订单号匹配 | 订单详情页,源码路径+测试用例/运行验证（本阶段仅登记证据要求）,未判定实现状态；不得复用旧审计结论
REQ-ADMINPORTAL-01517,admin-portal,docs/SPEC-§23-系统级能力增强.md,搜索范围,"| 页面跳转 | 输入 ""用户管理"" ""日志"" 等 → 显示路由匹配 | 对应页面 |",audit,P1,"需求规定：页面跳转 | 输入 ""用户管理"" ""日志"" 等 → 显示路由匹配 | 对应页面",源码路径+测试用例/运行验证（本阶段仅登记证据要求）,未判定实现状态；不得复用旧审计结论
REQ-ADMINPORTAL-01518,admin-portal,docs/SPEC-§23-系统级能力增强.md,快捷键清单,| 快捷键 | 作用 | 范围 |,logic,P1,需求规定：快捷键 | 作用 | 范围,源码路径+测试用例/运行验证（本阶段仅登记证据要求）,未判定实现状态；不得复用旧审计结论
REQ-ADMINPORTAL-01519,admin-portal,docs/SPEC-§23-系统级能力增强.md,快捷键清单,| `g + d` | 跳转仪表盘 | 管理后台/用户端 |,logic,P1,需求规定：`g + d` | 跳转仪表盘 | 管理后台/用户端,源码路径+测试用例/运行验证（本阶段仅登记证据要求）,未判定实现状态；不得复用旧审计结论
REQ-ADMINPORTAL-01520,admin-portal,docs/SPEC-§23-系统级能力增强.md,快捷键清单,| `g + k` | 跳转 API Key 管理 | 用户端 |,api,P1,需求规定：`g + k` | 跳转 API Key 管理 | 用户端,源码路径+测试用例/运行验证（本阶段仅登记证据要求）,未判定实现状态；不得复用旧审计结论
REQ-ADMINPORTAL-01521,admin-portal,docs/SPEC-§23-系统级能力增强.md,快捷键清单,| `g + l` | 跳转调用日志 | 用户端/管理后台 |,audit,P1,需求规定：`g + l` | 跳转调用日志 | 用户端/管理后台,源码路径+测试用例/运行验证（本阶段仅登记证据要求）,未判定实现状态；不得复用旧审计结论
REQ-ADMINPORTAL-01522,admin-portal,docs/SPEC-§23-系统级能力增强.md,快捷键清单,| `g + u` | 跳转用户管理 | 管理后台 |,logic,P1,需求规定：`g + u` | 跳转用户管理 | 管理后台,源码路径+测试用例/运行验证（本阶段仅登记证据要求）,未判定实现状态；不得复用旧审计结论
REQ-ADMINPORTAL-01523,admin-portal,docs/SPEC-§23-系统级能力增强.md,快捷键清单,| `g + m` | 跳转模型管理 | 管理后台 |,logic,P1,需求规定：`g + m` | 跳转模型管理 | 管理后台,源码路径+测试用例/运行验证（本阶段仅登记证据要求）,未判定实现状态；不得复用旧审计结论
REQ-ADMINPORTAL-01524,admin-portal,docs/SPEC-§23-系统级能力增强.md,快捷键清单,| `g + v` | 跳转渠道管理 | 管理后台 |,logic,P1,需求规定：`g + v` | 跳转渠道管理 | 管理后台,源码路径+测试用例/运行验证（本阶段仅登记证据要求）,未判定实现状态；不得复用旧审计结论
REQ-ADMINPORTAL-01525,admin-portal,docs/SPEC-§23-系统级能力增强.md,快捷键清单,| `?` | 显示所有快捷键帮助 | 全部 |,logic,P1,需求规定：`?` | 显示所有快捷键帮助 | 全部,源码路径+测试用例/运行验证（本阶段仅登记证据要求）,未判定实现状态；不得复用旧审计结论
REQ-ADMINPORTAL-01526,admin-portal,docs/SPEC-§23-系统级能力增强.md,快捷键清单,| `Ctrl+Enter` | 提交当前表单（Playground） | 用户端 |,transaction,P1,需求规定：`Ctrl+Enter` | 提交当前表单（Playground） | 用户端,源码路径+测试用例/运行验证（本阶段仅登记证据要求）,未判定实现状态；不得复用旧审计结论
REQ-ADMINPORTAL-01527,admin-portal,docs/SPEC-§23-系统级能力增强.md,快捷键清单,| `Escape` | 关闭弹窗/取消选择 | 全部 |,logic,P1,需求规定：`Escape` | 关闭弹窗/取消选择 | 全部,源码路径+测试用例/运行验证（本阶段仅登记证据要求）,未判定实现状态；不得复用旧审计结论
REQ-ADMINPORTAL-01528,admin-portal,docs/SPEC-§23-系统级能力增强.md,实现,- 使用 `react-hotkeys-hook` 或 `mousetrap.js`,logic,P1,需求规定：- 使用 `react-hotkeys-hook` 或 `mousetrap.js`,源码路径+测试用例/运行验证（本阶段仅登记证据要求）,未判定实现状态；不得复用旧审计结论
REQ-ADMINPORTAL-01529,admin-portal,docs/SPEC-§23-系统级能力增强.md,实现,- 快捷键仅在焦点不在输入框时触发（防止输入框内误触发）,permission,P1,需求规定：- 快捷键仅在焦点不在输入框时触发（防止输入框内误触发）,源码路径+测试用例/运行验证（本阶段仅登记证据要求）,未判定实现状态；不得复用旧审计结论
REQ-ADMINPORTAL-01530,admin-portal,docs/SPEC-§23-系统级能力增强.md,实现,- 快捷键帮助面板：按 `?` 弹窗显示全部快捷键,page,P1,需求规定：- 快捷键帮助面板：按 `?` 弹窗显示全部快捷键,源码路径+测试用例/运行验证（本阶段仅登记证据要求）,未判定实现状态；不得复用旧审计结论
REQ-ADMINPORTAL-01531,admin-portal,docs/SPEC-§23-系统级能力增强.md,Portal 翻译范围（第一阶段）,| 页面 | 翻译要素 | 工作量估计 |,page,P1,需求规定：页面 | 翻译要素 | 工作量估计,源码路径+测试用例/运行验证（本阶段仅登记证据要求）,未判定实现状态；不得复用旧审计结论
REQ-ADMINPORTAL-01532,admin-portal,docs/SPEC-§23-系统级能力增强.md,Portal 翻译范围（第一阶段）,| 首页 | Hero/特性/HowItWorks/CTA | ~50 条 |,logic,P1,需求规定：首页 | Hero/特性/HowItWorks/CTA | ~50 条,源码路径+测试用例/运行验证（本阶段仅登记证据要求）,未判定实现状态；不得复用旧审计结论
REQ-ADMINPORTAL-01533,admin-portal,docs/SPEC-§23-系统级能力增强.md,Portal 翻译范围（第一阶段）,| 定价页 | 定价表/FAQ | ~30 条 |,logic,P1,需求规定：定价页 | 定价表/FAQ | ~30 条,源码路径+测试用例/运行验证（本阶段仅登记证据要求）,未判定实现状态；不得复用旧审计结论
REQ-ADMINPORTAL-01534,admin-portal,docs/SPEC-§23-系统级能力增强.md,Portal 翻译范围（第一阶段）,| 模型目录 | 分类/筛选/模型名称（保留英文） | ~20 条 |,field,P1,需求规定：模型目录 | 分类/筛选/模型名称（保留英文） | ~20 条,源码路径+测试用例/运行验证（本阶段仅登记证据要求）,未判定实现状态；不得复用旧审计结论
REQ-ADMINPORTAL-01535,admin-portal,docs/SPEC-§23-系统级能力增强.md,Portal 翻译范围（第一阶段）,| 文档页 | 全部文档内容 | ~200 条 |,logic,P1,需求规定：文档页 | 全部文档内容 | ~200 条,源码路径+测试用例/运行验证（本阶段仅登记证据要求）,未判定实现状态；不得复用旧审计结论
REQ-ADMINPORTAL-01536,admin-portal,docs/SPEC-§23-系统级能力增强.md,Portal 翻译范围（第一阶段）,| Blog/帮助中心 | 用户生产的内容不翻译 | — |,logic,P1,需求规定：Blog/帮助中心 | 用户生产的内容不翻译 | —,源码路径+测试用例/运行验证（本阶段仅登记证据要求）,未判定实现状态；不得复用旧审计结论
REQ-ADMINPORTAL-01537,admin-portal,docs/SPEC-§23-系统级能力增强.md,适配页面优先级,| 优先级 | 页面 | 适配要求 |,page,P1,需求规定：优先级 | 页面 | 适配要求,源码路径+测试用例/运行验证（本阶段仅登记证据要求）,未判定实现状态；不得复用旧审计结论
REQ-ADMINPORTAL-01538,admin-portal,docs/SPEC-§23-系统级能力增强.md,适配页面优先级,| P1 | `/console/dashboard` | 卡片布局改为垂直堆叠，核心指标数字放大 |,logic,P1,需求规定：P1 | `/console/dashboard` | 卡片布局改为垂直堆叠，核心指标数字放大,源码路径+测试用例/运行验证（本阶段仅登记证据要求）,未判定实现状态；不得复用旧审计结论
REQ-ADMINPORTAL-01539,admin-portal,docs/SPEC-§23-系统级能力增强.md,适配页面优先级,"| P1 | `/console/api-keys` | 表格改为卡片列表，操作按钮折叠到""更多"" |",page,P1,"需求规定：P1 | `/console/api-keys` | 表格改为卡片列表，操作按钮折叠到""更多""",源码路径+测试用例/运行验证（本阶段仅登记证据要求）,未判定实现状态；不得复用旧审计结论
REQ-ADMINPORTAL-01540,admin-portal,docs/SPEC-§23-系统级能力增强.md,适配页面优先级,| P1 | `/console/logs` | 列减少（仅显示时间和关键信息），筛选折叠 |,permission,P1,需求规定：P1 | `/console/logs` | 列减少（仅显示时间和关键信息），筛选折叠,源码路径+测试用例/运行验证（本阶段仅登记证据要求）,未判定实现状态；不得复用旧审计结论
REQ-ADMINPORTAL-01541,admin-portal,docs/SPEC-§23-系统级能力增强.md,适配页面优先级,| P2 | `/console/stats` | 图表缩小但保持可读，切换周/月视图 |,logic,P2,需求规定：P2 | `/console/stats` | 图表缩小但保持可读，切换周/月视图,源码路径+测试用例/运行验证（本阶段仅登记证据要求）,未判定实现状态；不得复用旧审计结论
REQ-ADMINPORTAL-01542,admin-portal,docs/SPEC-§23-系统级能力增强.md,适配页面优先级,| P2 | `/console/recharge` | 输入框和按钮适配触屏 |,page,P2,需求规定：P2 | `/console/recharge` | 输入框和按钮适配触屏,源码路径+测试用例/运行验证（本阶段仅登记证据要求）,未判定实现状态；不得复用旧审计结论
REQ-ADMINPORTAL-01543,admin-portal,docs/SPEC-§23-系统级能力增强.md,适配页面优先级,| P2 | `/console/settings` | 侧边栏改为底部 tab |,logic,P2,需求规定：P2 | `/console/settings` | 侧边栏改为底部 tab,源码路径+测试用例/运行验证（本阶段仅登记证据要求）,未判定实现状态；不得复用旧审计结论
REQ-ADMINPORTAL-01544,admin-portal,docs/SPEC-§23-系统级能力增强.md,[?] 页面帮助,**页面名称**：功能说明书：§23 系统级能力增强,page,P1,需求规定：**页面名称**：功能说明书：§23 系统级能力增强,源码路径+测试用例/运行验证（本阶段仅登记证据要求）,未判定实现状态；不得复用旧审计结论
REQ-ADMINPORTAL-01545,admin-portal,docs/SPEC-§23-系统级能力增强.md,[?] 页面帮助,**适用角色**：视具体功能而定（参见总览中的优先级和适用角色说明）,permission,P1,需求规定：**适用角色**：视具体功能而定（参见总览中的优先级和适用角色说明）,源码路径+测试用例/运行验证（本阶段仅登记证据要求）,未判定实现状态；不得复用旧审计结论
REQ-ADMINPORTAL-01546,admin-portal,docs/SPEC-§23-系统级能力增强.md,[?] 页面帮助,**功能定位**：该页面提供 功能说明书：§23 系统级能力增强 相关的配置、查询和管理能力。,page,P1,需求规定：**功能定位**：该页面提供 功能说明书：§23 系统级能力增强 相关的配置、查询和管理能力。,源码路径+测试用例/运行验证（本阶段仅登记证据要求）,未判定实现状态；不得复用旧审计结论
REQ-ADMINPORTAL-01547,admin-portal,docs/SPEC-§23-系统级能力增强.md,[?] 页面帮助,**核心操作**：,logic,P1,需求规定：**核心操作**：,源码路径+测试用例/运行验证（本阶段仅登记证据要求）,未判定实现状态；不得复用旧审计结论
REQ-ADMINPORTAL-01548,admin-portal,docs/SPEC-§23-系统级能力增强.md,[?] 页面帮助,**注意事项**：,logic,P1,需求规定：**注意事项**：,源码路径+测试用例/运行验证（本阶段仅登记证据要求）,未判定实现状态；不得复用旧审计结论
REQ-ADMINPORTAL-01549,admin-portal,docs/SPEC-§23-系统级能力增强.md,[?] 页面帮助,- 部分操作涉及敏感数据，需二次确认或 2FA 身份验证,test,P1,需求规定：- 部分操作涉及敏感数据，需二次确认或 2FA 身份验证,源码路径+测试用例/运行验证（本阶段仅登记证据要求）,未判定实现状态；不得复用旧审计结论
REQ-ADMINPORTAL-01550,admin-portal,docs/SPEC-§23-系统级能力增强.md,[?] 页面帮助,- 操作记录会写入操作日志,audit,P1,需求规定：- 操作记录会写入操作日志,源码路径+测试用例/运行验证（本阶段仅登记证据要求）,未判定实现状态；不得复用旧审计结论
REQ-ADMINPORTAL-01551,admin-portal,docs/SPEC-§23-系统级能力增强.md,[?] 页面帮助,**常见问题**：,logic,P1,需求规定：**常见问题**：,源码路径+测试用例/运行验证（本阶段仅登记证据要求）,未判定实现状态；不得复用旧审计结论
REQ-ADMINPORTAL-01552,admin-portal,docs/SPEC-§23-系统级能力增强.md,[?] 按钮级帮助对照表,| 按钮/操作 | 帮助说明 |,page,P1,需求规定：按钮/操作 | 帮助说明,源码路径+测试用例/运行验证（本阶段仅登记证据要求）,未判定实现状态；不得复用旧审计结论
REQ-ADMINPORTAL-01553,admin-portal,docs/SPEC-§23-系统级能力增强.md,[?] 按钮级帮助对照表,| 创建/新增 | 添加一条新记录 |,audit,P1,需求规定：创建/新增 | 添加一条新记录,源码路径+测试用例/运行验证（本阶段仅登记证据要求）,未判定实现状态；不得复用旧审计结论
REQ-ADMINPORTAL-01554,admin-portal,docs/SPEC-§23-系统级能力增强.md,[?] 按钮级帮助对照表,| 编辑 | 修改已有记录的字段内容 |,audit,P1,需求规定：编辑 | 修改已有记录的字段内容,源码路径+测试用例/运行验证（本阶段仅登记证据要求）,未判定实现状态；不得复用旧审计结论
REQ-ADMINPORTAL-01555,admin-portal,docs/SPEC-§23-系统级能力增强.md,[?] 按钮级帮助对照表,| 删除 | 删除选中的记录（不可恢复，需确认） |,rollback,P1,需求规定：删除 | 删除选中的记录（不可恢复，需确认）,源码路径+测试用例/运行验证（本阶段仅登记证据要求）,未判定实现状态；不得复用旧审计结论
REQ-ADMINPORTAL-01556,admin-portal,docs/SPEC-§23-系统级能力增强.md,[?] 按钮级帮助对照表,| 搜索 | 按关键词搜索匹配的记录 |,audit,P1,需求规定：搜索 | 按关键词搜索匹配的记录,源码路径+测试用例/运行验证（本阶段仅登记证据要求）,未判定实现状态；不得复用旧审计结论
REQ-ADMINPORTAL-01557,admin-portal,docs/SPEC-§23-系统级能力增强.md,[?] 按钮级帮助对照表,| 筛选 | 按选中条件过滤列表 |,logic,P1,需求规定：筛选 | 按选中条件过滤列表,源码路径+测试用例/运行验证（本阶段仅登记证据要求）,未判定实现状态；不得复用旧审计结论
REQ-ADMINPORTAL-01558,admin-portal,docs/SPEC-§23-系统级能力增强.md,[?] 按钮级帮助对照表,| 导出 CSV | 将当前列表数据导出为 CSV 文件 |,logic,P1,需求规定：导出 CSV | 将当前列表数据导出为 CSV 文件,源码路径+测试用例/运行验证（本阶段仅登记证据要求）,未判定实现状态；不得复用旧审计结论
REQ-ADMINPORTAL-01559,admin-portal,docs/SPEC-§23-系统级能力增强.md,[?] 按钮级帮助对照表,| 查看详情 | 查看选中记录的完整信息 |,audit,P1,需求规定：查看详情 | 查看选中记录的完整信息,源码路径+测试用例/运行验证（本阶段仅登记证据要求）,未判定实现状态；不得复用旧审计结论
REQ-ADMINPORTAL-01560,admin-portal,docs/SPEC-§23-系统级能力增强.md,边界条件清单,| # | 场景 | 触发条件 | 预期行为 | 影响范围 | 优先级 |,logic,P1,需求规定：# | 场景 | 触发条件 | 预期行为 | 影响范围 | 优先级,源码路径+测试用例/运行验证（本阶段仅登记证据要求）,未判定实现状态；不得复用旧审计结论
REQ-ADMINPORTAL-01561,admin-portal,docs/SPEC-§23-系统级能力增强.md,边界条件清单,| SYS-001 | 全局搜索索引失败 | 全局搜索引擎重建索引时部分数据源不可用 | 已成功索引的数据源正常搜索,exception,P1,需求规定：SYS-001 | 全局搜索索引失败 | 全局搜索引擎重建索引时部分数据源不可用 | 已成功索引的数据源正常搜索,源码路径+测试用例/运行验证（本阶段仅登记证据要求）,未判定实现状态；不得复用旧审计结论
REQ-ADMINPORTAL-01562,admin-portal,docs/SPEC-§23-系统级能力增强.md,边界条件清单,"失败的数据源标记""索引暂不可用""，并在搜索结果中显示数量较少的提示",exception,P1,"需求规定：失败的数据源标记""索引暂不可用""，并在搜索结果中显示数量较少的提示",源码路径+测试用例/运行验证（本阶段仅登记证据要求）,未判定实现状态；不得复用旧审计结论
REQ-ADMINPORTAL-01563,admin-portal,docs/SPEC-§23-系统级能力增强.md,边界条件清单,索引任务自动重试 | 全局搜索 | P0 |,logic,P0,需求规定：索引任务自动重试 | 全局搜索 | P0,源码路径+测试用例/运行验证（本阶段仅登记证据要求）,未判定实现状态；不得复用旧审计结论
REQ-ADMINPORTAL-01564,admin-portal,docs/SPEC-§23-系统级能力增强.md,边界条件清单,| SYS-002 | i18n 语言切换不全 | 切换语言后部分界面文字未翻译（缺少翻译文件） | 未翻译的 key 使用 key 本身或英文 fallback 展示,page,P1,需求规定：SYS-002 | i18n 语言切换不全 | 切换语言后部分界面文字未翻译（缺少翻译文件） | 未翻译的 key 使用 key 本身或英文 fallback 展示,源码路径+测试用例/运行验证（本阶段仅登记证据要求）,未判定实现状态；不得复用旧审计结论
REQ-ADMINPORTAL-01565,admin-portal,docs/SPEC-§23-系统级能力增强.md,边界条件清单,翻译缺失不阻塞功能使用,logic,P1,需求规定：翻译缺失不阻塞功能使用,源码路径+测试用例/运行验证（本阶段仅登记证据要求）,未判定实现状态；不得复用旧审计结论
REQ-ADMINPORTAL-01566,admin-portal,docs/SPEC-§23-系统级能力增强.md,边界条件清单,"后台显示""翻译覆盖率""监控面板 | 用户界面 | P1 |",page,P1,"需求规定：后台显示""翻译覆盖率""监控面板 | 用户界面 | P1",源码路径+测试用例/运行验证（本阶段仅登记证据要求）,未判定实现状态；不得复用旧审计结论
REQ-ADMINPORTAL-01567,admin-portal,docs/SPEC-§23-系统级能力增强.md,边界条件清单,| SYS-003 | 快捷键冲突 | 系统内置快捷键与用户浏览器默认快捷键冲突 | 系统快捷键重新绑定可自定义,concurrency,P1,需求规定：SYS-003 | 快捷键冲突 | 系统内置快捷键与用户浏览器默认快捷键冲突 | 系统快捷键重新绑定可自定义,源码路径+测试用例/运行验证（本阶段仅登记证据要求）,未判定实现状态；不得复用旧审计结论
REQ-ADMINPORTAL-01568,admin-portal,docs/SPEC-§23-系统级能力增强.md,边界条件清单,检测到冲突时提示用户选择,concurrency,P1,需求规定：检测到冲突时提示用户选择,源码路径+测试用例/运行验证（本阶段仅登记证据要求）,未判定实现状态；不得复用旧审计结论
REQ-ADMINPORTAL-01569,admin-portal,docs/SPEC-§23-系统级能力增强.md,边界条件清单,使用 `Ctrl+Shift+` 前缀以减少与浏览器默认冲突 | 快捷键系统 | P1 |,concurrency,P1,需求规定：使用 `Ctrl+Shift+` 前缀以减少与浏览器默认冲突 | 快捷键系统 | P1,源码路径+测试用例/运行验证（本阶段仅登记证据要求）,未判定实现状态；不得复用旧审计结论
REQ-ADMINPORTAL-01570,admin-portal,docs/SPEC-§23-系统级能力增强.md,边界条件清单,| SYS-004 | 审计追溯查询超时 | 查询跨度很大（如 1 年）的操作审计日志 | 审计日志查询超时 30 秒，返回已查询的部分结果,audit,P1,需求规定：SYS-004 | 审计追溯查询超时 | 查询跨度很大（如 1 年）的操作审计日志 | 审计日志查询超时 30 秒，返回已查询的部分结果,源码路径+测试用例/运行验证（本阶段仅登记证据要求）,未判定实现状态；不得复用旧审计结论
REQ-ADMINPORTAL-01571,admin-portal,docs/SPEC-§23-系统级能力增强.md,边界条件清单,建议缩小时间范围,field,P1,需求规定：建议缩小时间范围,源码路径+测试用例/运行验证（本阶段仅登记证据要求）,未判定实现状态；不得复用旧审计结论
REQ-ADMINPORTAL-01572,admin-portal,docs/SPEC-§23-系统级能力增强.md,边界条件清单,支持按模块、操作类型、操作人分片查询 | 审计追溯 | P1 |,audit,P1,需求规定：支持按模块、操作类型、操作人分片查询 | 审计追溯 | P1,源码路径+测试用例/运行验证（本阶段仅登记证据要求）,未判定实现状态；不得复用旧审计结论
REQ-ADMINPORTAL-01573,admin-portal,docs/SPEC-§23-系统级能力增强.md,边界条件清单,| SYS-005 | 移动端适配布局断裂 | 在非标准分辨率或老旧浏览器上使用移动端 | 移动端使用响应式断点设计（320px / 375px / 414px / 768px）,logic,P1,需求规定：SYS-005 | 移动端适配布局断裂 | 在非标准分辨率或老旧浏览器上使用移动端 | 移动端使用响应式断点设计（320px / 375px / 414px / 768px）,源码路径+测试用例/运行验证（本阶段仅登记证据要求）,未判定实现状态；不得复用旧审计结论
REQ-ADMINPORTAL-01574,admin-portal,docs/SPEC-§23-系统级能力增强.md,边界条件清单,对 ES6+ 特性使用 polyfill,logic,P1,需求规定：对 ES6+ 特性使用 polyfill,源码路径+测试用例/运行验证（本阶段仅登记证据要求）,未判定实现状态；不得复用旧审计结论
REQ-ADMINPORTAL-01575,admin-portal,docs/SPEC-§23-系统级能力增强.md,边界条件清单,"不支持的浏览器显示""浏览器版本过低""提示 | 移动端页面 | P1 |",page,P1,"需求规定：不支持的浏览器显示""浏览器版本过低""提示 | 移动端页面 | P1",源码路径+测试用例/运行验证（本阶段仅登记证据要求）,未判定实现状态；不得复用旧审计结论
REQ-ADMINPORTAL-01576,admin-portal,docs/SPEC-§23-系统级能力增强.md,边界条件清单,| SYS-006 | 操作审计事件积压 | 审计事件产生速率超过事件处理速率 | 审计使用独立的事件处理队列,audit,P1,需求规定：SYS-006 | 操作审计事件积压 | 审计事件产生速率超过事件处理速率 | 审计使用独立的事件处理队列,源码路径+测试用例/运行验证（本阶段仅登记证据要求）,未判定实现状态；不得复用旧审计结论
REQ-ADMINPORTAL-01577,admin-portal,docs/SPEC-§23-系统级能力增强.md,边界条件清单,队列积压超过 10000 条时触发告警,logic,P1,需求规定：队列积压超过 10000 条时触发告警,源码路径+测试用例/运行验证（本阶段仅登记证据要求）,未判定实现状态；不得复用旧审计结论
REQ-ADMINPORTAL-01578,admin-portal,docs/SPEC-§23-系统级能力增强.md,边界条件清单,若积压持续增长，降级为批量提交（每 5 秒提交一次） | 审计系统 | P2 |,transaction,P2,需求规定：若积压持续增长，降级为批量提交（每 5 秒提交一次） | 审计系统 | P2,源码路径+测试用例/运行验证（本阶段仅登记证据要求）,未判定实现状态；不得复用旧审计结论
REQ-ADMINPORTAL-01579,admin-portal,docs/SPEC-§23-系统级能力增强.md,边界条件清单,| SYS-007 | i18n 动态内容翻译丢失 | 后端动态生成的错误消息/通知缺少翻译 | 动态消息使用预定义的翻译键（message key），参数化填充,exception,P1,需求规定：SYS-007 | i18n 动态内容翻译丢失 | 后端动态生成的错误消息/通知缺少翻译 | 动态消息使用预定义的翻译键（message key），参数化填充,源码路径+测试用例/运行验证（本阶段仅登记证据要求）,未判定实现状态；不得复用旧审计结论
REQ-ADMINPORTAL-01580,admin-portal,docs/SPEC-§23-系统级能力增强.md,边界条件清单,缺少翻译键时显示英文原始消息 + 语言标签 | 用户界面 | P2 |,logic,P2,需求规定：缺少翻译键时显示英文原始消息 + 语言标签 | 用户界面 | P2,源码路径+测试用例/运行验证（本阶段仅登记证据要求）,未判定实现状态；不得复用旧审计结论
REQ-ADMINPORTAL-01581,admin-portal,docs/SPEC-§23-系统级能力增强.md,SYS-001: 全局搜索索引失败,**恢复策略**:,rollback,P1,需求规定：**恢复策略**:,源码路径+测试用例/运行验证（本阶段仅登记证据要求）,未判定实现状态；不得复用旧审计结论
REQ-ADMINPORTAL-01582,admin-portal,docs/SPEC-§23-系统级能力增强.md,SYS-001: 全局搜索索引失败,- 数据源索引失败后自动重试 3 次（间隔 30s/2min/5min）,exception,P1,需求规定：- 数据源索引失败后自动重试 3 次（间隔 30s/2min/5min）,源码路径+测试用例/运行验证（本阶段仅登记证据要求）,未判定实现状态；不得复用旧审计结论
REQ-ADMINPORTAL-01583,admin-portal,docs/SPEC-§23-系统级能力增强.md,SYS-001: 全局搜索索引失败,- 连续 3 次失败则标记该数据源索引为 `FAILED`,exception,P1,需求规定：- 连续 3 次失败则标记该数据源索引为 `FAILED`,源码路径+测试用例/运行验证（本阶段仅登记证据要求）,未判定实现状态；不得复用旧审计结论
REQ-ADMINPORTAL-01584,admin-portal,docs/SPEC-§23-系统级能力增强.md,SYS-001: 全局搜索索引失败,- 管理员可在搜索设置中手动触发单独重建,logic,P1,需求规定：- 管理员可在搜索设置中手动触发单独重建,源码路径+测试用例/运行验证（本阶段仅登记证据要求）,未判定实现状态；不得复用旧审计结论
REQ-ADMINPORTAL-01585,admin-portal,docs/SPEC-§23-系统级能力增强.md,SYS-001: 全局搜索索引失败,- 索引失败不影响其他健康数据源的搜索功能,exception,P1,需求规定：- 索引失败不影响其他健康数据源的搜索功能,源码路径+测试用例/运行验证（本阶段仅登记证据要求）,未判定实现状态；不得复用旧审计结论
REQ-ADMINPORTAL-01586,admin-portal,docs/SPEC-§23-系统级能力增强.md,SYS-003: 快捷键冲突,**处理规则**:,logic,P1,需求规定：**处理规则**:,源码路径+测试用例/运行验证（本阶段仅登记证据要求）,未判定实现状态；不得复用旧审计结论
REQ-ADMINPORTAL-01587,admin-portal,docs/SPEC-§23-系统级能力增强.md,SYS-003: 快捷键冲突,- 系统内置快捷键使用 `Ctrl+Shift+Key` 组合，减少与浏览器默认冲突,concurrency,P1,需求规定：- 系统内置快捷键使用 `Ctrl+Shift+Key` 组合，减少与浏览器默认冲突,源码路径+测试用例/运行验证（本阶段仅登记证据要求）,未判定实现状态；不得复用旧审计结论
REQ-ADMINPORTAL-01588,admin-portal,docs/SPEC-§23-系统级能力增强.md,SYS-003: 快捷键冲突,- 用户可在设置中自定义快捷键绑定的操作,logic,P1,需求规定：- 用户可在设置中自定义快捷键绑定的操作,源码路径+测试用例/运行验证（本阶段仅登记证据要求）,未判定实现状态；不得复用旧审计结论
REQ-ADMINPORTAL-01589,admin-portal,docs/SPEC-§23-系统级能力增强.md,SYS-003: 快捷键冲突,- 检测到已占用的快捷键时，在高亮显示冲突并让用户选择,concurrency,P1,需求规定：- 检测到已占用的快捷键时，在高亮显示冲突并让用户选择,源码路径+测试用例/运行验证（本阶段仅登记证据要求）,未判定实现状态；不得复用旧审计结论
REQ-ADMINPORTAL-01590,admin-portal,docs/SPEC-§23-系统级能力增强.md,SYS-003: 快捷键冲突,- 重置所有快捷键为默认的入口,page,P1,需求规定：- 重置所有快捷键为默认的入口,源码路径+测试用例/运行验证（本阶段仅登记证据要求）,未判定实现状态；不得复用旧审计结论
REQ-ADMINPORTAL-01591,admin-portal,docs/SPEC-§23-系统级能力增强.md,异常流程汇总,| 场景 | 恢复策略 | 是否通知 |,rollback,P1,需求规定：场景 | 恢复策略 | 是否通知,源码路径+测试用例/运行验证（本阶段仅登记证据要求）,未判定实现状态；不得复用旧审计结论
REQ-ADMINPORTAL-01592,admin-portal,docs/SPEC-§23-系统级能力增强.md,异常流程汇总,| 搜索索引失败 | 部分索引可用 + 自动重试 | P2 运维通知 |,exception,P2,需求规定：搜索索引失败 | 部分索引可用 + 自动重试 | P2 运维通知,源码路径+测试用例/运行验证（本阶段仅登记证据要求）,未判定实现状态；不得复用旧审计结论
REQ-ADMINPORTAL-01593,admin-portal,docs/SPEC-§23-系统级能力增强.md,异常流程汇总,| i18n 翻译缺失 | 英文 fallback | 无 |,logic,P1,需求规定：i18n 翻译缺失 | 英文 fallback | 无,源码路径+测试用例/运行验证（本阶段仅登记证据要求）,未判定实现状态；不得复用旧审计结论
REQ-ADMINPORTAL-01594,admin-portal,docs/SPEC-§23-系统级能力增强.md,异常流程汇总,| 快捷键冲突 | 自定义绑定 + 冲突提示 | 用户提示 |,concurrency,P1,需求规定：快捷键冲突 | 自定义绑定 + 冲突提示 | 用户提示,源码路径+测试用例/运行验证（本阶段仅登记证据要求）,未判定实现状态；不得复用旧审计结论
REQ-ADMINPORTAL-01595,admin-portal,docs/SPEC-§23-系统级能力增强.md,异常流程汇总,| 审计查询超时 | 返回部分结果 | 用户提示 |,audit,P1,需求规定：审计查询超时 | 返回部分结果 | 用户提示,源码路径+测试用例/运行验证（本阶段仅登记证据要求）,未判定实现状态；不得复用旧审计结论
REQ-ADMINPORTAL-01596,admin-portal,docs/SPEC-§23-系统级能力增强.md,异常流程汇总,| 事件积压 | 降级写入 + 告警 | P2 运维通知 |,logic,P2,需求规定：事件积压 | 降级写入 + 告警 | P2 运维通知,源码路径+测试用例/运行验证（本阶段仅登记证据要求）,未判定实现状态；不得复用旧审计结论
REQ-ADMINPORTAL-01597,customer-support,docs/SPEC-§28-智能客服与测试工具.md,功能说明书：§28 智能客服辅助与测试工具,- 使用 AI 辅助客服功能,logic,P1,需求规定：- 使用 AI 辅助客服功能,源码路径+测试用例/运行验证（本阶段仅登记证据要求）,未判定实现状态；不得复用旧审计结论
REQ-ADMINPORTAL-01598,customer-support,docs/SPEC-§28-智能客服与测试工具.md,功能说明书：§28 智能客服辅助与测试工具,- 运行测试工具模拟对话,test,P1,需求规定：- 运行测试工具模拟对话,源码路径+测试用例/运行验证（本阶段仅登记证据要求）,未判定实现状态；不得复用旧审计结论
REQ-ADMINPORTAL-01599,customer-support,docs/SPEC-§28-智能客服与测试工具.md,功能说明书：§28 智能客服辅助与测试工具,- 查看意图识别和知识推荐结果,logic,P1,需求规定：- 查看意图识别和知识推荐结果,源码路径+测试用例/运行验证（本阶段仅登记证据要求）,未判定实现状态；不得复用旧审计结论
REQ-ADMINPORTAL-01600,customer-support,docs/SPEC-§28-智能客服与测试工具.md,子模块清单,| 编号 | 模块 | 优先级 | 核心价值 |,logic,P1,需求规定：编号 | 模块 | 优先级 | 核心价值,源码路径+测试用例/运行验证（本阶段仅登记证据要求）,未判定实现状态；不得复用旧审计结论
REQ-ADMINPORTAL-01601,customer-support,docs/SPEC-§28-智能客服与测试工具.md,子模块清单,| 28.1 | 智能客服辅助 | P2 | 意图识别+知识推荐+异常自动诊断 |,exception,P2,需求规定：28.1 | 智能客服辅助 | P2 | 意图识别+知识推荐+异常自动诊断,源码路径+测试用例/运行验证（本阶段仅登记证据要求）,未判定实现状态；不得复用旧审计结论
REQ-ADMINPORTAL-01602,customer-support,docs/SPEC-§28-智能客服与测试工具.md,子模块清单,| 28.2 | 客服测试工具 | P2 | 模拟用户视角+测试 Key+复现故障 |,test,P2,需求规定：28.2 | 客服测试工具 | P2 | 模拟用户视角+测试 Key+复现故障,源码路径+测试用例/运行验证（本阶段仅登记证据要求）,未判定实现状态；不得复用旧审计结论
REQ-ADMINPORTAL-01603,customer-support,docs/SPEC-§28-智能客服与测试工具.md,28.1.1 用户意图识别,**聊天窗口中的智能推荐：**,logic,P1,需求规定：**聊天窗口中的智能推荐：**,源码路径+测试用例/运行验证（本阶段仅登记证据要求）,未判定实现状态；不得复用旧审计结论
REQ-ADMINPORTAL-01604,customer-support,docs/SPEC-§28-智能客服与测试工具.md,28.1.1 用户意图识别,**意图分类清单：**,logic,P1,需求规定：**意图分类清单：**,源码路径+测试用例/运行验证（本阶段仅登记证据要求）,未判定实现状态；不得复用旧审计结论
REQ-ADMINPORTAL-01605,customer-support,docs/SPEC-§28-智能客服与测试工具.md,28.1.1 用户意图识别,| 用户输入特征 | 识别意图 | 推荐动作 |,field,P1,需求规定：用户输入特征 | 识别意图 | 推荐动作,源码路径+测试用例/运行验证（本阶段仅登记证据要求）,未判定实现状态；不得复用旧审计结论
REQ-ADMINPORTAL-01606,customer-support,docs/SPEC-§28-智能客服与测试工具.md,28.1.1 用户意图识别,"| ""充值/付款后没到账/余额没变"" | 充值未到账 | 查看充值记录+推荐排查步骤 |",audit,P1,"需求规定：""充值/付款后没到账/余额没变"" | 充值未到账 | 查看充值记录+推荐排查步骤",源码路径+测试用例/运行验证（本阶段仅登记证据要求）,未判定实现状态；不得复用旧审计结论
REQ-ADMINPORTAL-01607,customer-support,docs/SPEC-§28-智能客服与测试工具.md,28.1.1 用户意图识别,"| ""调用/接口返回 401/403"" | API 鉴权失败 | 查看 Key 状态+推荐 Key 配置指南 |",api,P1,"需求规定：""调用/接口返回 401/403"" | API 鉴权失败 | 查看 Key 状态+推荐 Key 配置指南",源码路径+测试用例/运行验证（本阶段仅登记证据要求）,未判定实现状态；不得复用旧审计结论
REQ-ADMINPORTAL-01608,customer-support,docs/SPEC-§28-智能客服与测试工具.md,28.1.1 用户意图识别,"| ""余额不足/不够用"" | 余额查看 | 显示当前余额+充值入口 |",page,P1,"需求规定：""余额不足/不够用"" | 余额查看 | 显示当前余额+充值入口",源码路径+测试用例/运行验证（本阶段仅登记证据要求）,未判定实现状态；不得复用旧审计结论
REQ-ADMINPORTAL-01609,customer-support,docs/SPEC-§28-智能客服与测试工具.md,28.1.1 用户意图识别,"| ""发票/开票"" | 发票问题 | 推荐发票申请流程+查看历史发票 |",logic,P1,"需求规定：""发票/开票"" | 发票问题 | 推荐发票申请流程+查看历史发票",源码路径+测试用例/运行验证（本阶段仅登记证据要求）,未判定实现状态；不得复用旧审计结论
REQ-ADMINPORTAL-01610,customer-support,docs/SPEC-§28-智能客服与测试工具.md,28.1.1 用户意图识别,"| ""Key 被禁/不能用了"" | Key 状态异常 | 查看 Key 状态和操作日志 |",audit,P1,"需求规定：""Key 被禁/不能用了"" | Key 状态异常 | 查看 Key 状态和操作日志",源码路径+测试用例/运行验证（本阶段仅登记证据要求）,未判定实现状态；不得复用旧审计结论
REQ-ADMINPORTAL-01611,customer-support,docs/SPEC-§28-智能客服与测试工具.md,28.1.1 用户意图识别,"| ""速度慢/延迟高"" | 性能问题 | 查看最近调用延迟统计 |",performance,P1,"需求规定：""速度慢/延迟高"" | 性能问题 | 查看最近调用延迟统计",源码路径+测试用例/运行验证（本阶段仅登记证据要求）,未判定实现状态；不得复用旧审计结论
REQ-ADMINPORTAL-01612,customer-support,docs/SPEC-§28-智能客服与测试工具.md,28.1.1 用户意图识别,"| ""退款/退钱"" | 退款申请 | 推荐退款政策+创建退款工单 |",logic,P1,"需求规定：""退款/退钱"" | 退款申请 | 推荐退款政策+创建退款工单",源码路径+测试用例/运行验证（本阶段仅登记证据要求）,未判定实现状态；不得复用旧审计结论
REQ-ADMINPORTAL-01613,customer-support,docs/SPEC-§28-智能客服与测试工具.md,28.1.3 异常自动诊断,**诊断触发时机：**,logic,P1,需求规定：**诊断触发时机：**,源码路径+测试用例/运行验证（本阶段仅登记证据要求）,未判定实现状态；不得复用旧审计结论
REQ-ADMINPORTAL-01614,customer-support,docs/SPEC-§28-智能客服与测试工具.md,28.1.3 异常自动诊断,**诊断数据范围：**,logic,P1,需求规定：**诊断数据范围：**,源码路径+测试用例/运行验证（本阶段仅登记证据要求）,未判定实现状态；不得复用旧审计结论
REQ-ADMINPORTAL-01615,customer-support,docs/SPEC-§28-智能客服与测试工具.md,28.2.1 模拟用户调用,**使用流程：**,logic,P1,需求规定：**使用流程：**,源码路径+测试用例/运行验证（本阶段仅登记证据要求）,未判定实现状态；不得复用旧审计结论
REQ-ADMINPORTAL-01616,customer-support,docs/SPEC-§28-智能客服与测试工具.md,28.2.1 模拟用户调用,**权限控制：**,permission,P1,需求规定：**权限控制：**,源码路径+测试用例/运行验证（本阶段仅登记证据要求）,未判定实现状态；不得复用旧审计结论
REQ-ADMINPORTAL-01617,customer-support,docs/SPEC-§28-智能客服与测试工具.md,28.2.2 查看用户视角,**使用流程：**,logic,P1,需求规定：**使用流程：**,源码路径+测试用例/运行验证（本阶段仅登记证据要求）,未判定实现状态；不得复用旧审计结论
REQ-ADMINPORTAL-01618,customer-support,docs/SPEC-§28-智能客服与测试工具.md,28.2.2 查看用户视角,**权限控制：**,permission,P1,需求规定：**权限控制：**,源码路径+测试用例/运行验证（本阶段仅登记证据要求）,未判定实现状态；不得复用旧审计结论
REQ-ADMINPORTAL-01619,customer-support,docs/SPEC-§28-智能客服与测试工具.md,[?] 页面帮助,**页面名称**：功能说明书：§28 智能客服辅助与测试工具,page,P1,需求规定：**页面名称**：功能说明书：§28 智能客服辅助与测试工具,源码路径+测试用例/运行验证（本阶段仅登记证据要求）,未判定实现状态；不得复用旧审计结论
REQ-ADMINPORTAL-01620,customer-support,docs/SPEC-§28-智能客服与测试工具.md,[?] 页面帮助,**适用角色**：视具体功能而定（参见总览中的优先级和适用角色说明）,permission,P1,需求规定：**适用角色**：视具体功能而定（参见总览中的优先级和适用角色说明）,源码路径+测试用例/运行验证（本阶段仅登记证据要求）,未判定实现状态；不得复用旧审计结论
REQ-ADMINPORTAL-01621,customer-support,docs/SPEC-§28-智能客服与测试工具.md,[?] 页面帮助,**功能定位**：该页面提供 功能说明书：§28 智能客服辅助与测试工具 相关的配置、查询和管理能力。,page,P1,需求规定：**功能定位**：该页面提供 功能说明书：§28 智能客服辅助与测试工具 相关的配置、查询和管理能力。,源码路径+测试用例/运行验证（本阶段仅登记证据要求）,未判定实现状态；不得复用旧审计结论
REQ-ADMINPORTAL-01622,customer-support,docs/SPEC-§28-智能客服与测试工具.md,[?] 页面帮助,**核心操作**：,logic,P1,需求规定：**核心操作**：,源码路径+测试用例/运行验证（本阶段仅登记证据要求）,未判定实现状态；不得复用旧审计结论
REQ-ADMINPORTAL-01623,customer-support,docs/SPEC-§28-智能客服与测试工具.md,[?] 页面帮助,**注意事项**：,logic,P1,需求规定：**注意事项**：,源码路径+测试用例/运行验证（本阶段仅登记证据要求）,未判定实现状态；不得复用旧审计结论
REQ-ADMINPORTAL-01624,customer-support,docs/SPEC-§28-智能客服与测试工具.md,[?] 页面帮助,- 部分操作涉及敏感数据，需二次确认或 2FA 身份验证,test,P1,需求规定：- 部分操作涉及敏感数据，需二次确认或 2FA 身份验证,源码路径+测试用例/运行验证（本阶段仅登记证据要求）,未判定实现状态；不得复用旧审计结论
REQ-ADMINPORTAL-01625,customer-support,docs/SPEC-§28-智能客服与测试工具.md,[?] 页面帮助,- 操作记录会写入操作日志,audit,P1,需求规定：- 操作记录会写入操作日志,源码路径+测试用例/运行验证（本阶段仅登记证据要求）,未判定实现状态；不得复用旧审计结论
REQ-ADMINPORTAL-01626,customer-support,docs/SPEC-§28-智能客服与测试工具.md,[?] 页面帮助,**常见问题**：,logic,P1,需求规定：**常见问题**：,源码路径+测试用例/运行验证（本阶段仅登记证据要求）,未判定实现状态；不得复用旧审计结论
REQ-ADMINPORTAL-01627,customer-support,docs/SPEC-§28-智能客服与测试工具.md,[?] 按钮级帮助对照表,| 按钮/操作 | 帮助说明 |,page,P1,需求规定：按钮/操作 | 帮助说明,源码路径+测试用例/运行验证（本阶段仅登记证据要求）,未判定实现状态；不得复用旧审计结论
REQ-ADMINPORTAL-01628,customer-support,docs/SPEC-§28-智能客服与测试工具.md,[?] 按钮级帮助对照表,| 创建/新增 | 添加一条新记录 |,audit,P1,需求规定：创建/新增 | 添加一条新记录,源码路径+测试用例/运行验证（本阶段仅登记证据要求）,未判定实现状态；不得复用旧审计结论
REQ-ADMINPORTAL-01629,customer-support,docs/SPEC-§28-智能客服与测试工具.md,[?] 按钮级帮助对照表,| 编辑 | 修改已有记录的字段内容 |,audit,P1,需求规定：编辑 | 修改已有记录的字段内容,源码路径+测试用例/运行验证（本阶段仅登记证据要求）,未判定实现状态；不得复用旧审计结论
REQ-ADMINPORTAL-01630,customer-support,docs/SPEC-§28-智能客服与测试工具.md,[?] 按钮级帮助对照表,| 删除 | 删除选中的记录（不可恢复，需确认） |,rollback,P1,需求规定：删除 | 删除选中的记录（不可恢复，需确认）,源码路径+测试用例/运行验证（本阶段仅登记证据要求）,未判定实现状态；不得复用旧审计结论
REQ-ADMINPORTAL-01631,customer-support,docs/SPEC-§28-智能客服与测试工具.md,[?] 按钮级帮助对照表,| 搜索 | 按关键词搜索匹配的记录 |,audit,P1,需求规定：搜索 | 按关键词搜索匹配的记录,源码路径+测试用例/运行验证（本阶段仅登记证据要求）,未判定实现状态；不得复用旧审计结论
REQ-ADMINPORTAL-01632,customer-support,docs/SPEC-§28-智能客服与测试工具.md,[?] 按钮级帮助对照表,| 筛选 | 按选中条件过滤列表 |,logic,P1,需求规定：筛选 | 按选中条件过滤列表,源码路径+测试用例/运行验证（本阶段仅登记证据要求）,未判定实现状态；不得复用旧审计结论
REQ-ADMINPORTAL-01633,customer-support,docs/SPEC-§28-智能客服与测试工具.md,[?] 按钮级帮助对照表,| 导出 CSV | 将当前列表数据导出为 CSV 文件 |,logic,P1,需求规定：导出 CSV | 将当前列表数据导出为 CSV 文件,源码路径+测试用例/运行验证（本阶段仅登记证据要求）,未判定实现状态；不得复用旧审计结论
REQ-ADMINPORTAL-01634,customer-support,docs/SPEC-§28-智能客服与测试工具.md,[?] 按钮级帮助对照表,| 查看详情 | 查看选中记录的完整信息 |,audit,P1,需求规定：查看详情 | 查看选中记录的完整信息,源码路径+测试用例/运行验证（本阶段仅登记证据要求）,未判定实现状态；不得复用旧审计结论
REQ-ADMINPORTAL-01635,customer-support,docs/SPEC-§28-智能客服与测试工具.md,边界条件清单,| # | 场景 | 触发条件 | 预期行为 | 影响范围 | 优先级 |,logic,P1,需求规定：# | 场景 | 触发条件 | 预期行为 | 影响范围 | 优先级,源码路径+测试用例/运行验证（本阶段仅登记证据要求）,未判定实现状态；不得复用旧审计结论
REQ-ADMINPORTAL-01636,customer-support,docs/SPEC-§28-智能客服与测试工具.md,边界条件清单,"| AI-001 | AI 意图识别准确率低时降级 | AI 模型对用户输入意图识别的置信度低于阈值（默认 0.6） | 不触发自动回复，标记为""需人工处理""，将用户的输入直接分配给人工客服，并附带模型认为可能的多意图候选 | 智能客服 | P0 |",field,P0,"需求规定：AI-001 | AI 意图识别准确率低时降级 | AI 模型对用户输入意图识别的置信度低于阈值（默认 0.6） | 不触发自动回复，标记为""需人工处理""，将用户的输入直接分配给人工客服，并附带模型认为可能的多意图候选 | 智能客服 | P0",源码路径+测试用例/运行验证（本阶段仅登记证据要求）,未判定实现状态；不得复用旧审计结论
REQ-ADMINPORTAL-01637,customer-support,docs/SPEC-§28-智能客服与测试工具.md,边界条件清单,| AI-002 | 测试工具模拟数据导致真实数据污染 | 测试工具生成的模拟数据意外写入生产环境 | 测试工具使用独立的测试数据库/Redis 实例，配置独立的 API Key,api,P1,需求规定：AI-002 | 测试工具模拟数据导致真实数据污染 | 测试工具生成的模拟数据意外写入生产环境 | 测试工具使用独立的测试数据库/Redis 实例，配置独立的 API Key,源码路径+测试用例/运行验证（本阶段仅登记证据要求）,未判定实现状态；不得复用旧审计结论
REQ-ADMINPORTAL-01638,customer-support,docs/SPEC-§28-智能客服与测试工具.md,边界条件清单,测试数据写入前严格校验 `env=test` 标记,test,P1,需求规定：测试数据写入前严格校验 `env=test` 标记,源码路径+测试用例/运行验证（本阶段仅登记证据要求）,未判定实现状态；不得复用旧审计结论
REQ-ADMINPORTAL-01639,customer-support,docs/SPEC-§28-智能客服与测试工具.md,边界条件清单,数据模型中增加 `is_test_data` 标记 | 测试工具 | P0 |,test,P0,需求规定：数据模型中增加 `is_test_data` 标记 | 测试工具 | P0,源码路径+测试用例/运行验证（本阶段仅登记证据要求）,未判定实现状态；不得复用旧审计结论
REQ-ADMINPORTAL-01640,customer-support,docs/SPEC-§28-智能客服与测试工具.md,边界条件清单,| AI-003 | 临时测试 Key 泄漏风险 | 测试用的临时 API Key 被滥用或泄漏 | 测试 Key 设置较短的有效期（默认 24h 自动过期）、较低的配额（如 100 次调用）和受限权限范围,permission,P1,需求规定：AI-003 | 临时测试 Key 泄漏风险 | 测试用的临时 API Key 被滥用或泄漏 | 测试 Key 设置较短的有效期（默认 24h 自动过期）、较低的配额（如 100 次调用）和受限权限范围,源码路径+测试用例/运行验证（本阶段仅登记证据要求）,未判定实现状态；不得复用旧审计结论
REQ-ADMINPORTAL-01641,customer-support,docs/SPEC-§28-智能客服与测试工具.md,边界条件清单,泄漏后可通过管理后台立即吊销 | 测试 Key | P0 |,test,P0,需求规定：泄漏后可通过管理后台立即吊销 | 测试 Key | P0,源码路径+测试用例/运行验证（本阶段仅登记证据要求）,未判定实现状态；不得复用旧审计结论
REQ-ADMINPORTAL-01642,customer-support,docs/SPEC-§28-智能客服与测试工具.md,边界条件清单,| AI-004 | AI 知识库内容过期 | 自动回复引用的知识库内容已过时或不准确 | 知识库内容自动标记版本和有效期,logic,P1,需求规定：AI-004 | AI 知识库内容过期 | 自动回复引用的知识库内容已过时或不准确 | 知识库内容自动标记版本和有效期,源码路径+测试用例/运行验证（本阶段仅登记证据要求）,未判定实现状态；不得复用旧审计结论
REQ-ADMINPORTAL-01643,customer-support,docs/SPEC-§28-智能客服与测试工具.md,边界条件清单,"AI 在回复时附带引用来源和""最后更新时间""",field,P1,"需求规定：AI 在回复时附带引用来源和""最后更新时间""",源码路径+测试用例/运行验证（本阶段仅登记证据要求）,未判定实现状态；不得复用旧审计结论
REQ-ADMINPORTAL-01644,customer-support,docs/SPEC-§28-智能客服与测试工具.md,边界条件清单,"过期内容在回复中标记""该信息可能已过时"" | AI 回复 | P1 |",logic,P1,"需求规定：过期内容在回复中标记""该信息可能已过时"" | AI 回复 | P1",源码路径+测试用例/运行验证（本阶段仅登记证据要求）,未判定实现状态；不得复用旧审计结论
REQ-ADMINPORTAL-01645,customer-support,docs/SPEC-§28-智能客服与测试工具.md,边界条件清单,| AI-005 | 测试任务并发限制 | 大量测试任务同时运行导致系统资源耗尽 | 测试任务设置最大并发数（默认 10 个）,concurrency,P1,需求规定：AI-005 | 测试任务并发限制 | 大量测试任务同时运行导致系统资源耗尽 | 测试任务设置最大并发数（默认 10 个）,源码路径+测试用例/运行验证（本阶段仅登记证据要求）,未判定实现状态；不得复用旧审计结论
REQ-ADMINPORTAL-01646,customer-support,docs/SPEC-§28-智能客服与测试工具.md,边界条件清单,超出限制的任务排队等待，前端显示排队状态,state,P1,需求规定：超出限制的任务排队等待，前端显示排队状态,源码路径+测试用例/运行验证（本阶段仅登记证据要求）,未判定实现状态；不得复用旧审计结论
REQ-ADMINPORTAL-01647,customer-support,docs/SPEC-§28-智能客服与测试工具.md,边界条件清单,单用户最大同时运行 3 个测试 | 测试工具 | P1 |,concurrency,P1,需求规定：单用户最大同时运行 3 个测试 | 测试工具 | P1,源码路径+测试用例/运行验证（本阶段仅登记证据要求）,未判定实现状态；不得复用旧审计结论
REQ-ADMINPORTAL-01648,customer-support,docs/SPEC-§28-智能客服与测试工具.md,边界条件清单,"| AI-006 | AI 回复内容安全审查 | AI 生成的回复内容触发了内容安全规则 | 安全审查拦截的回复不发送给用户，替换为""该回复正在审核中，稍后将由人工客服跟进""",security,P1,"需求规定：AI-006 | AI 回复内容安全审查 | AI 生成的回复内容触发了内容安全规则 | 安全审查拦截的回复不发送给用户，替换为""该回复正在审核中，稍后将由人工客服跟进""",源码路径+测试用例/运行验证（本阶段仅登记证据要求）,未判定实现状态；不得复用旧审计结论
REQ-ADMINPORTAL-01649,customer-support,docs/SPEC-§28-智能客服与测试工具.md,边界条件清单,触发审查的记录进入安全审核队列 | AI 回复 | P1 |,audit,P1,需求规定：触发审查的记录进入安全审核队列 | AI 回复 | P1,源码路径+测试用例/运行验证（本阶段仅登记证据要求）,未判定实现状态；不得复用旧审计结论
REQ-ADMINPORTAL-01650,customer-support,docs/SPEC-§28-智能客服与测试工具.md,边界条件清单,| AI-007 | 测试报告生成失败 | 测试工具生成测试报告时数据源不可用 | 使用已采集的局部数据生成部分报告,exception,P1,需求规定：AI-007 | 测试报告生成失败 | 测试工具生成测试报告时数据源不可用 | 使用已采集的局部数据生成部分报告,源码路径+测试用例/运行验证（本阶段仅登记证据要求）,未判定实现状态；不得复用旧审计结论
REQ-ADMINPORTAL-01651,customer-support,docs/SPEC-§28-智能客服与测试工具.md,边界条件清单,"失败的指标标记为""数据不可用""",exception,P1,"需求规定：失败的指标标记为""数据不可用""",源码路径+测试用例/运行验证（本阶段仅登记证据要求）,未判定实现状态；不得复用旧审计结论
REQ-ADMINPORTAL-01652,customer-support,docs/SPEC-§28-智能客服与测试工具.md,边界条件清单,提供重新生成按钮 | 测试报告 | P2 |,page,P2,需求规定：提供重新生成按钮 | 测试报告 | P2,源码路径+测试用例/运行验证（本阶段仅登记证据要求）,未判定实现状态；不得复用旧审计结论
REQ-ADMINPORTAL-01653,customer-support,docs/SPEC-§28-智能客服与测试工具.md,边界条件清单,| AI-008 | 智能客服多轮上下文丢失 | 用户在多轮对话中切换话题，AI 的上文理解丢失 | 每轮对话携带完整的上下文摘要（前 5 轮摘要）,logic,P1,需求规定：AI-008 | 智能客服多轮上下文丢失 | 用户在多轮对话中切换话题，AI 的上文理解丢失 | 每轮对话携带完整的上下文摘要（前 5 轮摘要）,源码路径+测试用例/运行验证（本阶段仅登记证据要求）,未判定实现状态；不得复用旧审计结论
REQ-ADMINPORTAL-01654,customer-support,docs/SPEC-§28-智能客服与测试工具.md,边界条件清单,超过 10 轮的对话自动裁剪最旧的轮次,logic,P1,需求规定：超过 10 轮的对话自动裁剪最旧的轮次,源码路径+测试用例/运行验证（本阶段仅登记证据要求）,未判定实现状态；不得复用旧审计结论
REQ-ADMINPORTAL-01655,customer-support,docs/SPEC-§28-智能客服与测试工具.md,边界条件清单,对话超时（30 分钟无消息）自动结束 | 智能客服对话 | P1 |,exception,P1,需求规定：对话超时（30 分钟无消息）自动结束 | 智能客服对话 | P1,源码路径+测试用例/运行验证（本阶段仅登记证据要求）,未判定实现状态；不得复用旧审计结论
REQ-ADMINPORTAL-01656,customer-support,docs/SPEC-§28-智能客服与测试工具.md,AI-001: 意图识别置信度降级,**处理逻辑**:,logic,P1,需求规定：**处理逻辑**:,源码路径+测试用例/运行验证（本阶段仅登记证据要求）,未判定实现状态；不得复用旧审计结论
REQ-ADMINPORTAL-01657,customer-support,docs/SPEC-§28-智能客服与测试工具.md,AI-001: 意图识别置信度降级,- 置信度阈值可在后台按业务场景调整,logic,P1,需求规定：- 置信度阈值可在后台按业务场景调整,源码路径+测试用例/运行验证（本阶段仅登记证据要求）,未判定实现状态；不得复用旧审计结论
REQ-ADMINPORTAL-01658,customer-support,docs/SPEC-§28-智能客服与测试工具.md,AI-001: 意图识别置信度降级,- 每季度评估一次准确率，调整默认阈值,logic,P1,需求规定：- 每季度评估一次准确率，调整默认阈值,源码路径+测试用例/运行验证（本阶段仅登记证据要求）,未判定实现状态；不得复用旧审计结论
REQ-ADMINPORTAL-01659,customer-support,docs/SPEC-§28-智能客服与测试工具.md,AI-002: 测试数据污染防护,**多层防护**:,logic,P1,需求规定：**多层防护**:,源码路径+测试用例/运行验证（本阶段仅登记证据要求）,未判定实现状态；不得复用旧审计结论
REQ-ADMINPORTAL-01660,customer-support,docs/SPEC-§28-智能客服与测试工具.md,异常流程汇总,| 场景 | 恢复策略 | 是否通知 |,rollback,P1,需求规定：场景 | 恢复策略 | 是否通知,源码路径+测试用例/运行验证（本阶段仅登记证据要求）,未判定实现状态；不得复用旧审计结论
REQ-ADMINPORTAL-01661,customer-support,docs/SPEC-§28-智能客服与测试工具.md,异常流程汇总,| 意图识别准确率低 | 自动转人工 | 无（正常降级） |,logic,P1,需求规定：意图识别准确率低 | 自动转人工 | 无（正常降级）,源码路径+测试用例/运行验证（本阶段仅登记证据要求）,未判定实现状态；不得复用旧审计结论
REQ-ADMINPORTAL-01662,customer-support,docs/SPEC-§28-智能客服与测试工具.md,异常流程汇总,| 测试数据污染 | 环境隔离 + 多重校验 | P0 告警 |,test,P0,需求规定：测试数据污染 | 环境隔离 + 多重校验 | P0 告警,源码路径+测试用例/运行验证（本阶段仅登记证据要求）,未判定实现状态；不得复用旧审计结论
REQ-ADMINPORTAL-01663,customer-support,docs/SPEC-§28-智能客服与测试工具.md,异常流程汇总,| 测试 Key 泄漏 | 自动过期 + 即时吊销 | 安全事件告警 |,test,P1,需求规定：测试 Key 泄漏 | 自动过期 + 即时吊销 | 安全事件告警,源码路径+测试用例/运行验证（本阶段仅登记证据要求）,未判定实现状态；不得复用旧审计结论
REQ-ADMINPORTAL-01664,customer-support,docs/SPEC-§28-智能客服与测试工具.md,异常流程汇总,| 知识库内容过期 | 标记过期 → 降级为人工 | 运营审核通知 |,logic,P1,需求规定：知识库内容过期 | 标记过期 → 降级为人工 | 运营审核通知,源码路径+测试用例/运行验证（本阶段仅登记证据要求）,未判定实现状态；不得复用旧审计结论
REQ-ADMINPORTAL-01665,customer-support,docs/SPEC-§28-智能客服与测试工具.md,异常流程汇总,| AI 回复安全审查 | 替换 + 安全审核队列 | 安全运营通知 |,security,P1,需求规定：AI 回复安全审查 | 替换 + 安全审核队列 | 安全运营通知,源码路径+测试用例/运行验证（本阶段仅登记证据要求）,未判定实现状态；不得复用旧审计结论
REQ-ADMINPORTAL-01666,authorization,docs/SPEC-§30-权限管理.md,功能说明书：§30 权限管理,- 配置角色和权限策略,permission,P1,需求规定：- 配置角色和权限策略,源码路径+测试用例/运行验证（本阶段仅登记证据要求）,未判定实现状态；不得复用旧审计结论
REQ-ADMINPORTAL-01667,authorization,docs/SPEC-§30-权限管理.md,功能说明书：§30 权限管理,- 管理用户角色分配,permission,P1,需求规定：- 管理用户角色分配,源码路径+测试用例/运行验证（本阶段仅登记证据要求）,未判定实现状态；不得复用旧审计结论
REQ-ADMINPORTAL-01668,authorization,docs/SPEC-§30-权限管理.md,功能说明书：§30 权限管理,- 查看权限审计和变更记录,permission,P1,需求规定：- 查看权限审计和变更记录,源码路径+测试用例/运行验证（本阶段仅登记证据要求）,未判定实现状态；不得复用旧审计结论
REQ-ADMINPORTAL-01669,authorization,docs/SPEC-§30-权限管理.md,子模块清单,| 编号 | 模块 | 优先级 | 核心价值 |,logic,P1,需求规定：编号 | 模块 | 优先级 | 核心价值,源码路径+测试用例/运行验证（本阶段仅登记证据要求）,未判定实现状态；不得复用旧审计结论
REQ-ADMINPORTAL-01670,authorization,docs/SPEC-§30-权限管理.md,子模块清单,| 30.1 | 角色管理增强 | P0 | 角色创建/编辑/删除、权限树可视化勾选、预设角色 |,permission,P0,需求规定：30.1 | 角色管理增强 | P0 | 角色创建/编辑/删除、权限树可视化勾选、预设角色,源码路径+测试用例/运行验证（本阶段仅登记证据要求）,未判定实现状态；不得复用旧审计结论
REQ-ADMINPORTAL-01671,authorization,docs/SPEC-§30-权限管理.md,子模块清单,| 30.2 | 用户权限一览 | P0 | 查看任意用户的最终有效权限（角色权限+覆写叠加） |,permission,P0,需求规定：30.2 | 用户权限一览 | P0 | 查看任意用户的最终有效权限（角色权限+覆写叠加）,源码路径+测试用例/运行验证（本阶段仅登记证据要求）,未判定实现状态；不得复用旧审计结论
REQ-ADMINPORTAL-01672,authorization,docs/SPEC-§30-权限管理.md,子模块清单,| 30.3 | 权限变更审计 | P1 | 角色分配/权限覆写的变更记录和追溯 |,permission,P1,需求规定：30.3 | 权限变更审计 | P1 | 角色分配/权限覆写的变更记录和追溯,源码路径+测试用例/运行验证（本阶段仅登记证据要求）,未判定实现状态；不得复用旧审计结论
REQ-ADMINPORTAL-01673,authorization,docs/SPEC-§30-权限管理.md,子模块清单,| 30.4 | API Key 细粒度权限 | P1 | Key 级别模型/IP/域名/每日限额/费用上限 |,permission,P1,需求规定：30.4 | API Key 细粒度权限 | P1 | Key 级别模型/IP/域名/每日限额/费用上限,源码路径+测试用例/运行验证（本阶段仅登记证据要求）,未判定实现状态；不得复用旧审计结论
REQ-ADMINPORTAL-01674,authorization,docs/SPEC-§30-权限管理.md,子模块清单,| 30.5 | 权限模板与预设 | P1 | 初始化预设角色模板（运营/财务/客服/审计） |,permission,P1,需求规定：30.5 | 权限模板与预设 | P1 | 初始化预设角色模板（运营/财务/客服/审计）,源码路径+测试用例/运行验证（本阶段仅登记证据要求）,未判定实现状态；不得复用旧审计结论
REQ-ADMINPORTAL-01675,authorization,docs/SPEC-§30-权限管理.md,子模块清单,| 30.6 | 权限自检 | P2 | 管理员查看自己当前拥有的权限 |,permission,P2,需求规定：30.6 | 权限自检 | P2 | 管理员查看自己当前拥有的权限,源码路径+测试用例/运行验证（本阶段仅登记证据要求）,未判定实现状态；不得复用旧审计结论
REQ-ADMINPORTAL-01676,authorization,docs/SPEC-§30-权限管理.md,完成能力 / 展示效果,**管理后台 → 设置 → 角色管理：**,permission,P1,需求规定：**管理后台 → 设置 → 角色管理：**,源码路径+测试用例/运行验证（本阶段仅登记证据要求）,未判定实现状态；不得复用旧审计结论
REQ-ADMINPORTAL-01677,authorization,docs/SPEC-§30-权限管理.md,完成能力 / 展示效果,**创建/编辑角色弹窗：**,permission,P1,需求规定：**创建/编辑角色弹窗：**,源码路径+测试用例/运行验证（本阶段仅登记证据要求）,未判定实现状态；不得复用旧审计结论
REQ-ADMINPORTAL-01678,authorization,docs/SPEC-§30-权限管理.md,完成能力 / 展示效果,**权限分组与权限位：**,permission,P1,需求规定：**权限分组与权限位：**,源码路径+测试用例/运行验证（本阶段仅登记证据要求）,未判定实现状态；不得复用旧审计结论
REQ-ADMINPORTAL-01679,authorization,docs/SPEC-§30-权限管理.md,完成能力 / 展示效果,**用户详情 → 权限标签页：**,permission,P1,需求规定：**用户详情 → 权限标签页：**,源码路径+测试用例/运行验证（本阶段仅登记证据要求）,未判定实现状态；不得复用旧审计结论
REQ-ADMINPORTAL-01680,authorization,docs/SPEC-§30-权限管理.md,完成能力 / 展示效果,**权限覆写操作：**,permission,P1,需求规定：**权限覆写操作：**,源码路径+测试用例/运行验证（本阶段仅登记证据要求）,未判定实现状态；不得复用旧审计结论
REQ-ADMINPORTAL-01681,authorization,docs/SPEC-§30-权限管理.md,完成能力 / 展示效果,**创建 Key 弹窗增强：**,logic,P1,需求规定：**创建 Key 弹窗增强：**,源码路径+测试用例/运行验证（本阶段仅登记证据要求）,未判定实现状态；不得复用旧审计结论
REQ-ADMINPORTAL-01682,authorization,docs/SPEC-§30-权限管理.md,预设角色,| 角色 | 权限范围 | 说明 |,permission,P1,需求规定：角色 | 权限范围 | 说明,源码路径+测试用例/运行验证（本阶段仅登记证据要求）,未判定实现状态；不得复用旧审计结论
REQ-ADMINPORTAL-01683,authorization,docs/SPEC-§30-权限管理.md,预设角色,| super_admin | 全部权限 | 最高权限，不可编辑 |,permission,P1,需求规定：super_admin | 全部权限 | 最高权限，不可编辑,源码路径+测试用例/运行验证（本阶段仅登记证据要求）,未判定实现状态；不得复用旧审计结论
REQ-ADMINPORTAL-01684,authorization,docs/SPEC-§30-权限管理.md,预设角色,| admin | 全部权限（不含角色管理） | 管理员 |,permission,P1,需求规定：admin | 全部权限（不含角色管理） | 管理员,源码路径+测试用例/运行验证（本阶段仅登记证据要求）,未判定实现状态；不得复用旧审计结论
REQ-ADMINPORTAL-01685,authorization,docs/SPEC-§30-权限管理.md,预设角色,| operator | 数据查看 + 用户管理 + 运营 + 渠道 | 日常运营 |,permission,P1,需求规定：operator | 数据查看 + 用户管理 + 运营 + 渠道 | 日常运营,源码路径+测试用例/运行验证（本阶段仅登记证据要求）,未判定实现状态；不得复用旧审计结论
REQ-ADMINPORTAL-01686,authorization,docs/SPEC-§30-权限管理.md,预设角色,| finance | 数据查看 + 财务全部 + 退款 + 对账 | 财务 |,logic,P1,需求规定：finance | 数据查看 + 财务全部 + 退款 + 对账 | 财务,源码路径+测试用例/运行验证（本阶段仅登记证据要求）,未判定实现状态；不得复用旧审计结论
REQ-ADMINPORTAL-01687,authorization,docs/SPEC-§30-权限管理.md,预设角色,| support | 数据查看（不含财务）+ 工单管理 + 查看余额 | 客服 |,logic,P1,需求规定：support | 数据查看（不含财务）+ 工单管理 + 查看余额 | 客服,源码路径+测试用例/运行验证（本阶段仅登记证据要求）,未判定实现状态；不得复用旧审计结论
REQ-ADMINPORTAL-01688,authorization,docs/SPEC-§30-权限管理.md,预设角色,| support_leader | 同 support + 工单分配 + 绩效查看 | 客服主管 |,logic,P1,需求规定：support_leader | 同 support + 工单分配 + 绩效查看 | 客服主管,源码路径+测试用例/运行验证（本阶段仅登记证据要求）,未判定实现状态；不得复用旧审计结论
REQ-ADMINPORTAL-01689,authorization,docs/SPEC-§30-权限管理.md,预设角色,| auditor | 全部查看权限（无操作权限） | 审计 |,permission,P1,需求规定：auditor | 全部查看权限（无操作权限） | 审计,源码路径+测试用例/运行验证（本阶段仅登记证据要求）,未判定实现状态；不得复用旧审计结论
REQ-ADMINPORTAL-01690,authorization,docs/SPEC-§30-权限管理.md,预设角色,| viewer | 全部查看权限（无操作权限） | 只读查看者 |,permission,P1,需求规定：viewer | 全部查看权限（无操作权限） | 只读查看者,源码路径+测试用例/运行验证（本阶段仅登记证据要求）,未判定实现状态；不得复用旧审计结论
REQ-ADMINPORTAL-01691,authorization,docs/SPEC-§30-权限管理.md,预设角色,| vendor | 仅自己渠道数据 | 渠道自助 |,permission,P1,需求规定：vendor | 仅自己渠道数据 | 渠道自助,源码路径+测试用例/运行验证（本阶段仅登记证据要求）,未判定实现状态；不得复用旧审计结论
REQ-ADMINPORTAL-01692,authorization,docs/SPEC-§30-权限管理.md,[?] 页面帮助,**页面名称**：功能说明书：§30 权限管理,permission,P1,需求规定：**页面名称**：功能说明书：§30 权限管理,源码路径+测试用例/运行验证（本阶段仅登记证据要求）,未判定实现状态；不得复用旧审计结论
REQ-ADMINPORTAL-01693,authorization,docs/SPEC-§30-权限管理.md,[?] 页面帮助,**适用角色**：视具体功能而定（参见总览中的优先级和适用角色说明）,permission,P1,需求规定：**适用角色**：视具体功能而定（参见总览中的优先级和适用角色说明）,源码路径+测试用例/运行验证（本阶段仅登记证据要求）,未判定实现状态；不得复用旧审计结论
REQ-ADMINPORTAL-01694,authorization,docs/SPEC-§30-权限管理.md,[?] 页面帮助,**功能定位**：该页面提供 功能说明书：§30 权限管理 相关的配置、查询和管理能力。,permission,P1,需求规定：**功能定位**：该页面提供 功能说明书：§30 权限管理 相关的配置、查询和管理能力。,源码路径+测试用例/运行验证（本阶段仅登记证据要求）,未判定实现状态；不得复用旧审计结论
REQ-ADMINPORTAL-01695,authorization,docs/SPEC-§30-权限管理.md,[?] 页面帮助,**核心操作**：,logic,P1,需求规定：**核心操作**：,源码路径+测试用例/运行验证（本阶段仅登记证据要求）,未判定实现状态；不得复用旧审计结论
REQ-ADMINPORTAL-01696,authorization,docs/SPEC-§30-权限管理.md,[?] 页面帮助,**注意事项**：,logic,P1,需求规定：**注意事项**：,源码路径+测试用例/运行验证（本阶段仅登记证据要求）,未判定实现状态；不得复用旧审计结论
REQ-ADMINPORTAL-01697,authorization,docs/SPEC-§30-权限管理.md,[?] 页面帮助,- 部分操作涉及敏感数据，需二次确认或 2FA 身份验证,test,P1,需求规定：- 部分操作涉及敏感数据，需二次确认或 2FA 身份验证,源码路径+测试用例/运行验证（本阶段仅登记证据要求）,未判定实现状态；不得复用旧审计结论
REQ-ADMINPORTAL-01698,authorization,docs/SPEC-§30-权限管理.md,[?] 页面帮助,- 操作记录会写入操作日志,audit,P1,需求规定：- 操作记录会写入操作日志,源码路径+测试用例/运行验证（本阶段仅登记证据要求）,未判定实现状态；不得复用旧审计结论
REQ-ADMINPORTAL-01699,authorization,docs/SPEC-§30-权限管理.md,[?] 页面帮助,**常见问题**：,logic,P1,需求规定：**常见问题**：,源码路径+测试用例/运行验证（本阶段仅登记证据要求）,未判定实现状态；不得复用旧审计结论
REQ-ADMINPORTAL-01700,authorization,docs/SPEC-§30-权限管理.md,[?] 按钮级帮助对照表,| 按钮/操作 | 帮助说明 |,page,P1,需求规定：按钮/操作 | 帮助说明,源码路径+测试用例/运行验证（本阶段仅登记证据要求）,未判定实现状态；不得复用旧审计结论
REQ-ADMINPORTAL-01701,authorization,docs/SPEC-§30-权限管理.md,[?] 按钮级帮助对照表,| 创建/新增 | 添加一条新记录 |,audit,P1,需求规定：创建/新增 | 添加一条新记录,源码路径+测试用例/运行验证（本阶段仅登记证据要求）,未判定实现状态；不得复用旧审计结论
REQ-ADMINPORTAL-01702,authorization,docs/SPEC-§30-权限管理.md,[?] 按钮级帮助对照表,| 编辑 | 修改已有记录的字段内容 |,audit,P1,需求规定：编辑 | 修改已有记录的字段内容,源码路径+测试用例/运行验证（本阶段仅登记证据要求）,未判定实现状态；不得复用旧审计结论
REQ-ADMINPORTAL-01703,authorization,docs/SPEC-§30-权限管理.md,[?] 按钮级帮助对照表,| 删除 | 删除选中的记录（不可恢复，需确认） |,rollback,P1,需求规定：删除 | 删除选中的记录（不可恢复，需确认）,源码路径+测试用例/运行验证（本阶段仅登记证据要求）,未判定实现状态；不得复用旧审计结论
REQ-ADMINPORTAL-01704,authorization,docs/SPEC-§30-权限管理.md,[?] 按钮级帮助对照表,| 搜索 | 按关键词搜索匹配的记录 |,audit,P1,需求规定：搜索 | 按关键词搜索匹配的记录,源码路径+测试用例/运行验证（本阶段仅登记证据要求）,未判定实现状态；不得复用旧审计结论
REQ-ADMINPORTAL-01705,authorization,docs/SPEC-§30-权限管理.md,[?] 按钮级帮助对照表,| 筛选 | 按选中条件过滤列表 |,logic,P1,需求规定：筛选 | 按选中条件过滤列表,源码路径+测试用例/运行验证（本阶段仅登记证据要求）,未判定实现状态；不得复用旧审计结论
REQ-ADMINPORTAL-01706,authorization,docs/SPEC-§30-权限管理.md,[?] 按钮级帮助对照表,| 导出 CSV | 将当前列表数据导出为 CSV 文件 |,logic,P1,需求规定：导出 CSV | 将当前列表数据导出为 CSV 文件,源码路径+测试用例/运行验证（本阶段仅登记证据要求）,未判定实现状态；不得复用旧审计结论
REQ-ADMINPORTAL-01707,authorization,docs/SPEC-§30-权限管理.md,[?] 按钮级帮助对照表,| 查看详情 | 查看选中记录的完整信息 |,audit,P1,需求规定：查看详情 | 查看选中记录的完整信息,源码路径+测试用例/运行验证（本阶段仅登记证据要求）,未判定实现状态；不得复用旧审计结论
REQ-ADMINPORTAL-01708,authorization,docs/SPEC-§30-权限管理.md,边界条件清单,| # | 场景 | 触发条件 | 预期行为 | 影响范围 | 优先级 |,logic,P1,需求规定：# | 场景 | 触发条件 | 预期行为 | 影响范围 | 优先级,源码路径+测试用例/运行验证（本阶段仅登记证据要求）,未判定实现状态；不得复用旧审计结论
REQ-ADMINPORTAL-01709,authorization,docs/SPEC-§30-权限管理.md,边界条件清单,"| PERM-001 | 权限变更级联影响 | 删除或修改了一个被多个子角色继承的父角色权限 | 权限变更遵循""继承链""规则，变更父角色权限后自动影响所有子角色",permission,P1,"需求规定：PERM-001 | 权限变更级联影响 | 删除或修改了一个被多个子角色继承的父角色权限 | 权限变更遵循""继承链""规则，变更父角色权限后自动影响所有子角色",源码路径+测试用例/运行验证（本阶段仅登记证据要求）,未判定实现状态；不得复用旧审计结论
REQ-ADMINPORTAL-01710,authorization,docs/SPEC-§30-权限管理.md,边界条件清单,变更前展示影响范围（影响的角色数和用户数）确认 | 权限继承链 | P0 |,permission,P0,需求规定：变更前展示影响范围（影响的角色数和用户数）确认 | 权限继承链 | P0,源码路径+测试用例/运行验证（本阶段仅登记证据要求）,未判定实现状态；不得复用旧审计结论
REQ-ADMINPORTAL-01711,authorization,docs/SPEC-§30-权限管理.md,边界条件清单,| PERM-002 | 角色删除时成员处理 | 删除了一个仍关联了用户的角色 | 不允许直接删除有关联用户的角色,permission,P1,需求规定：PERM-002 | 角色删除时成员处理 | 删除了一个仍关联了用户的角色 | 不允许直接删除有关联用户的角色,源码路径+测试用例/运行验证（本阶段仅登记证据要求）,未判定实现状态；不得复用旧审计结论
REQ-ADMINPORTAL-01712,authorization,docs/SPEC-§30-权限管理.md,边界条件清单,删除时需要先批量转移成员到其他角色，确认无成员关联后才可删除 | 角色管理 | P0 |,permission,P0,需求规定：删除时需要先批量转移成员到其他角色，确认无成员关联后才可删除 | 角色管理 | P0,源码路径+测试用例/运行验证（本阶段仅登记证据要求）,未判定实现状态；不得复用旧审计结论
REQ-ADMINPORTAL-01713,authorization,docs/SPEC-§30-权限管理.md,边界条件清单,| PERM-003 | 权限缓存不一致 | 权限变更后，部分服务实例的权限缓存未及时刷新 | 权限变更事件通过 Redis Pub/Sub 广播到所有实例,permission,P1,需求规定：PERM-003 | 权限缓存不一致 | 权限变更后，部分服务实例的权限缓存未及时刷新 | 权限变更事件通过 Redis Pub/Sub 广播到所有实例,源码路径+测试用例/运行验证（本阶段仅登记证据要求）,未判定实现状态；不得复用旧审计结论
REQ-ADMINPORTAL-01714,authorization,docs/SPEC-§30-权限管理.md,边界条件清单,缓存 TTL 最大 60 秒，偏差窗口内允许最多 60 秒的不一致 | 全部实例 | P0 |,db,P0,需求规定：缓存 TTL 最大 60 秒，偏差窗口内允许最多 60 秒的不一致 | 全部实例 | P0,源码路径+测试用例/运行验证（本阶段仅登记证据要求）,未判定实现状态；不得复用旧审计结论
REQ-ADMINPORTAL-01715,authorization,docs/SPEC-§30-权限管理.md,边界条件清单,"| PERM-004 | 权限模板冲突 | 用户同时被分配了多个权限模板，模板间存在权限冲突 | 权限合并遵循""取并集""原则：只要任一模板授予了某权限，用户即拥有该权限",permission,P1,"需求规定：PERM-004 | 权限模板冲突 | 用户同时被分配了多个权限模板，模板间存在权限冲突 | 权限合并遵循""取并集""原则：只要任一模板授予了某权限，用户即拥有该权限",源码路径+测试用例/运行验证（本阶段仅登记证据要求）,未判定实现状态；不得复用旧审计结论
REQ-ADMINPORTAL-01716,authorization,docs/SPEC-§30-权限管理.md,边界条件清单,"取差集时遵循""最小权限""原则 | 用户权限 | P1 |",permission,P1,"需求规定：取差集时遵循""最小权限""原则 | 用户权限 | P1",源码路径+测试用例/运行验证（本阶段仅登记证据要求）,未判定实现状态；不得复用旧审计结论
REQ-ADMINPORTAL-01717,authorization,docs/SPEC-§30-权限管理.md,边界条件清单,| PERM-005 | 最大角色嵌套深度 | 角色继承链过长导致权限计算超时 | 设置最大角色嵌套深度（默认 5 层），超过后返回 `ROLE_DEPTH_EXCEEDED` 错误,permission,P1,需求规定：PERM-005 | 最大角色嵌套深度 | 角色继承链过长导致权限计算超时 | 设置最大角色嵌套深度（默认 5 层），超过后返回 `ROLE_DEPTH_EXCEEDED` 错误,源码路径+测试用例/运行验证（本阶段仅登记证据要求）,未判定实现状态；不得复用旧审计结论
REQ-ADMINPORTAL-01718,authorization,docs/SPEC-§30-权限管理.md,边界条件清单,建议将深层嵌套的角色扁平化 | 角色定义 | P1 |,permission,P1,需求规定：建议将深层嵌套的角色扁平化 | 角色定义 | P1,源码路径+测试用例/运行验证（本阶段仅登记证据要求）,未判定实现状态；不得复用旧审计结论
REQ-ADMINPORTAL-01719,authorization,docs/SPEC-§30-权限管理.md,边界条件清单,| PERM-006 | API Key 细粒度权限变更延迟生效 | 用户修改了 API Key 的权限范围，但正在使用的长连接 Token 还未更新 | 已签发的 Token 在有效期（默认 24h）内保持原有权限,permission,P1,需求规定：PERM-006 | API Key 细粒度权限变更延迟生效 | 用户修改了 API Key 的权限范围，但正在使用的长连接 Token 还未更新 | 已签发的 Token 在有效期（默认 24h）内保持原有权限,源码路径+测试用例/运行验证（本阶段仅登记证据要求）,未判定实现状态；不得复用旧审计结论
REQ-ADMINPORTAL-01720,authorization,docs/SPEC-§30-权限管理.md,边界条件清单,权限变更在 Token 刷新后或新 Token 签发时生效 | API Key | P1 |,permission,P1,需求规定：权限变更在 Token 刷新后或新 Token 签发时生效 | API Key | P1,源码路径+测试用例/运行验证（本阶段仅登记证据要求）,未判定实现状态；不得复用旧审计结论
REQ-ADMINPORTAL-01721,authorization,docs/SPEC-§30-权限管理.md,边界条件清单,| PERM-007 | 权限自检工具误判 | 权限自检工具因缓存或分布式延迟检查出不存在的权限异常 | 自检工具对比多个数据源（DB + Cache + 运行时），多数一致时以多数源为准,permission,P1,需求规定：PERM-007 | 权限自检工具误判 | 权限自检工具因缓存或分布式延迟检查出不存在的权限异常 | 自检工具对比多个数据源（DB + Cache + 运行时），多数一致时以多数源为准,源码路径+测试用例/运行验证（本阶段仅登记证据要求）,未判定实现状态；不得复用旧审计结论
REQ-ADMINPORTAL-01722,authorization,docs/SPEC-§30-权限管理.md,边界条件清单,"自检结果标注""置信度""（低/中/高） | 权限自检 | P2 |",permission,P2,"需求规定：自检结果标注""置信度""（低/中/高） | 权限自检 | P2",源码路径+测试用例/运行验证（本阶段仅登记证据要求）,未判定实现状态；不得复用旧审计结论
REQ-ADMINPORTAL-01723,authorization,docs/SPEC-§30-权限管理.md,边界条件清单,| PERM-008 | 租户隔离权限越界 | 租户 A 的管理员通过越权操作访问了租户 B 的数据 | 所有权限检查强制附加 `tenant_id` 过滤条件,permission,P1,需求规定：PERM-008 | 租户隔离权限越界 | 租户 A 的管理员通过越权操作访问了租户 B 的数据 | 所有权限检查强制附加 `tenant_id` 过滤条件,源码路径+测试用例/运行验证（本阶段仅登记证据要求）,未判定实现状态；不得复用旧审计结论
REQ-ADMINPORTAL-01724,authorization,docs/SPEC-§30-权限管理.md,边界条件清单,查询时自动注入 `WHERE tenant_id = ?`,logic,P1,需求规定：查询时自动注入 `WHERE tenant_id = ?`,源码路径+测试用例/运行验证（本阶段仅登记证据要求）,未判定实现状态；不得复用旧审计结论
REQ-ADMINPORTAL-01725,authorization,docs/SPEC-§30-权限管理.md,边界条件清单,API 级别做二次鉴权 | 多租户数据 | P0 |,api,P0,需求规定：API 级别做二次鉴权 | 多租户数据 | P0,源码路径+测试用例/运行验证（本阶段仅登记证据要求）,未判定实现状态；不得复用旧审计结论
REQ-ADMINPORTAL-01726,authorization,docs/SPEC-§30-权限管理.md,PERM-001: 权限变更级联影响,**变更前展示信息**:,page,P1,需求规定：**变更前展示信息**:,源码路径+测试用例/运行验证（本阶段仅登记证据要求）,未判定实现状态；不得复用旧审计结论
REQ-ADMINPORTAL-01727,authorization,docs/SPEC-§30-权限管理.md,PERM-001: 权限变更级联影响,- 直接影响的子角色数量：5,permission,P1,需求规定：- 直接影响的子角色数量：5,源码路径+测试用例/运行验证（本阶段仅登记证据要求）,未判定实现状态；不得复用旧审计结论
REQ-ADMINPORTAL-01728,authorization,docs/SPEC-§30-权限管理.md,PERM-001: 权限变更级联影响,- 受影响用户总数：128,logic,P1,需求规定：- 受影响用户总数：128,源码路径+测试用例/运行验证（本阶段仅登记证据要求）,未判定实现状态；不得复用旧审计结论
REQ-ADMINPORTAL-01729,authorization,docs/SPEC-§30-权限管理.md,PERM-001: 权限变更级联影响,"- 详细受影响角色列表：[角色A, 角色B, ...]",permission,P1,"需求规定：- 详细受影响角色列表：[角色A, 角色B, ...]",源码路径+测试用例/运行验证（本阶段仅登记证据要求）,未判定实现状态；不得复用旧审计结论
REQ-ADMINPORTAL-01730,authorization,docs/SPEC-§30-权限管理.md,PERM-001: 权限变更级联影响,**变更审批**:,logic,P1,需求规定：**变更审批**:,源码路径+测试用例/运行验证（本阶段仅登记证据要求）,未判定实现状态；不得复用旧审计结论
REQ-ADMINPORTAL-01731,authorization,docs/SPEC-§30-权限管理.md,PERM-001: 权限变更级联影响,- P0 权限变更（影响所有用户）需 2 人审批,permission,P0,需求规定：- P0 权限变更（影响所有用户）需 2 人审批,源码路径+测试用例/运行验证（本阶段仅登记证据要求）,未判定实现状态；不得复用旧审计结论
REQ-ADMINPORTAL-01732,authorization,docs/SPEC-§30-权限管理.md,PERM-001: 权限变更级联影响,- 普通权限变更需 1 人确认,permission,P1,需求规定：- 普通权限变更需 1 人确认,源码路径+测试用例/运行验证（本阶段仅登记证据要求）,未判定实现状态；不得复用旧审计结论
REQ-ADMINPORTAL-01733,authorization,docs/SPEC-§30-权限管理.md,PERM-001: 权限变更级联影响,- 变更记录写入审计日志,audit,P1,需求规定：- 变更记录写入审计日志,源码路径+测试用例/运行验证（本阶段仅登记证据要求）,未判定实现状态；不得复用旧审计结论
REQ-ADMINPORTAL-01734,authorization,docs/SPEC-§30-权限管理.md,PERM-003: 缓存不一致处理,**设计策略**:,logic,P1,需求规定：**设计策略**:,源码路径+测试用例/运行验证（本阶段仅登记证据要求）,未判定实现状态；不得复用旧审计结论
REQ-ADMINPORTAL-01735,authorization,docs/SPEC-§30-权限管理.md,异常流程汇总,| 场景 | 恢复策略 | 是否通知 |,rollback,P1,需求规定：场景 | 恢复策略 | 是否通知,源码路径+测试用例/运行验证（本阶段仅登记证据要求）,未判定实现状态；不得复用旧审计结论
REQ-ADMINPORTAL-01736,authorization,docs/SPEC-§30-权限管理.md,异常流程汇总,| 权限变更级联影响 | 展示影响范围 + 审批 | 审计日志 |,permission,P1,需求规定：权限变更级联影响 | 展示影响范围 + 审批 | 审计日志,源码路径+测试用例/运行验证（本阶段仅登记证据要求）,未判定实现状态；不得复用旧审计结论
REQ-ADMINPORTAL-01737,authorization,docs/SPEC-§30-权限管理.md,异常流程汇总,| 角色删除有成员 | 禁止删除，需先转移成员 | 操作提示 |,permission,P1,需求规定：角色删除有成员 | 禁止删除，需先转移成员 | 操作提示,源码路径+测试用例/运行验证（本阶段仅登记证据要求）,未判定实现状态；不得复用旧审计结论
REQ-ADMINPORTAL-01738,authorization,docs/SPEC-§30-权限管理.md,异常流程汇总,| 缓存不一致 | Pub/Sub 广播刷新 | 仅日志 |,permission,P1,需求规定：缓存不一致 | Pub/Sub 广播刷新 | 仅日志,源码路径+测试用例/运行验证（本阶段仅登记证据要求）,未判定实现状态；不得复用旧审计结论
REQ-ADMINPORTAL-01739,authorization,docs/SPEC-§30-权限管理.md,异常流程汇总,| 嵌套深度超限 | 返回错误 + 扁平化建议 | 操作提示 |,exception,P1,需求规定：嵌套深度超限 | 返回错误 + 扁平化建议 | 操作提示,源码路径+测试用例/运行验证（本阶段仅登记证据要求）,未判定实现状态；不得复用旧审计结论
REQ-ADMINPORTAL-01740,authorization,docs/SPEC-§30-权限管理.md,异常流程汇总,| 权限越界 | 强制租户隔离 | P1 安全事件 |,permission,P1,需求规定：权限越界 | 强制租户隔离 | P1 安全事件,源码路径+测试用例/运行验证（本阶段仅登记证据要求）,未判定实现状态；不得复用旧审计结论
REQ-ADMINPORTAL-01741,integrations-sso,docs/SPEC-§32-第三方集成与SSO.md,功能说明书：§32 第三方集成与 SSO 单点登录,- 配置 SSO 单点登录集成,logic,P1,需求规定：- 配置 SSO 单点登录集成,源码路径+测试用例/运行验证（本阶段仅登记证据要求）,未判定实现状态；不得复用旧审计结论
REQ-ADMINPORTAL-01742,integrations-sso,docs/SPEC-§32-第三方集成与SSO.md,功能说明书：§32 第三方集成与 SSO 单点登录,- 管理第三方应用授权,logic,P1,需求规定：- 管理第三方应用授权,源码路径+测试用例/运行验证（本阶段仅登记证据要求）,未判定实现状态；不得复用旧审计结论
REQ-ADMINPORTAL-01743,integrations-sso,docs/SPEC-§32-第三方集成与SSO.md,功能说明书：§32 第三方集成与 SSO 单点登录,- 查看集成日志和连接状态,audit,P1,需求规定：- 查看集成日志和连接状态,源码路径+测试用例/运行验证（本阶段仅登记证据要求）,未判定实现状态；不得复用旧审计结论
REQ-ADMINPORTAL-01744,integrations-sso,docs/SPEC-§32-第三方集成与SSO.md,子模块清单,| 编号 | 模块 | 优先级 | 核心价值 |,logic,P1,需求规定：编号 | 模块 | 优先级 | 核心价值,源码路径+测试用例/运行验证（本阶段仅登记证据要求）,未判定实现状态；不得复用旧审计结论
REQ-ADMINPORTAL-01745,integrations-sso,docs/SPEC-§32-第三方集成与SSO.md,子模块清单,| 32.1 | 全局 Webhook 出站 | P1 | 所有订单/事件变更推送到外部系统 |,logic,P1,需求规定：32.1 | 全局 Webhook 出站 | P1 | 所有订单/事件变更推送到外部系统,源码路径+测试用例/运行验证（本阶段仅登记证据要求）,未判定实现状态；不得复用旧审计结论
REQ-ADMINPORTAL-01746,integrations-sso,docs/SPEC-§32-第三方集成与SSO.md,子模块清单,| 32.2 | SSO 单点登录 | P1 | 企业客户对接 LDAP/OIDC/SAML，用公司账号登录 |,logic,P1,需求规定：32.2 | SSO 单点登录 | P1 | 企业客户对接 LDAP/OIDC/SAML，用公司账号登录,源码路径+测试用例/运行验证（本阶段仅登记证据要求）,未判定实现状态；不得复用旧审计结论
REQ-ADMINPORTAL-01747,integrations-sso,docs/SPEC-§32-第三方集成与SSO.md,子模块清单,| 32.3 | 企业通讯录账号登录 | P1 | 企业微信/钉钉/飞书扫码登录管理后台 |,logic,P1,需求规定：32.3 | 企业通讯录账号登录 | P1 | 企业微信/钉钉/飞书扫码登录管理后台,源码路径+测试用例/运行验证（本阶段仅登记证据要求）,未判定实现状态；不得复用旧审计结论
REQ-ADMINPORTAL-01748,integrations-sso,docs/SPEC-§32-第三方集成与SSO.md,完成能力 / 展示效果,**管理后台 → 设置 → Webhook：**,logic,P1,需求规定：**管理后台 → 设置 → Webhook：**,源码路径+测试用例/运行验证（本阶段仅登记证据要求）,未判定实现状态；不得复用旧审计结论
REQ-ADMINPORTAL-01749,integrations-sso,docs/SPEC-§32-第三方集成与SSO.md,完成能力 / 展示效果,**创建 Webhook 弹窗：**,logic,P1,需求规定：**创建 Webhook 弹窗：**,源码路径+测试用例/运行验证（本阶段仅登记证据要求）,未判定实现状态；不得复用旧审计结论
REQ-ADMINPORTAL-01750,integrations-sso,docs/SPEC-§32-第三方集成与SSO.md,完成能力 / 展示效果,**推送消息格式：**,logic,P1,需求规定：**推送消息格式：**,源码路径+测试用例/运行验证（本阶段仅登记证据要求）,未判定实现状态；不得复用旧审计结论
REQ-ADMINPORTAL-01751,integrations-sso,docs/SPEC-§32-第三方集成与SSO.md,完成能力 / 展示效果,**管理后台 → 设置 → SSO 配置：**,logic,P1,需求规定：**管理后台 → 设置 → SSO 配置：**,源码路径+测试用例/运行验证（本阶段仅登记证据要求）,未判定实现状态；不得复用旧审计结论
REQ-ADMINPORTAL-01752,integrations-sso,docs/SPEC-§32-第三方集成与SSO.md,完成能力 / 展示效果,**登录页效果：**,logic,P1,需求规定：**登录页效果：**,源码路径+测试用例/运行验证（本阶段仅登记证据要求）,未判定实现状态；不得复用旧审计结论
REQ-ADMINPORTAL-01753,integrations-sso,docs/SPEC-§32-第三方集成与SSO.md,完成能力 / 展示效果,**SSO 账户映射规则：**,logic,P1,需求规定：**SSO 账户映射规则：**,源码路径+测试用例/运行验证（本阶段仅登记证据要求）,未判定实现状态；不得复用旧审计结论
REQ-ADMINPORTAL-01754,integrations-sso,docs/SPEC-§32-第三方集成与SSO.md,完成能力 / 展示效果,**登录页新增按钮：**,page,P1,需求规定：**登录页新增按钮：**,源码路径+测试用例/运行验证（本阶段仅登记证据要求）,未判定实现状态；不得复用旧审计结论
REQ-ADMINPORTAL-01755,integrations-sso,docs/SPEC-§32-第三方集成与SSO.md,完成能力 / 展示效果,**数据表：**,logic,P1,需求规定：**数据表：**,源码路径+测试用例/运行验证（本阶段仅登记证据要求）,未判定实现状态；不得复用旧审计结论
REQ-ADMINPORTAL-01756,integrations-sso,docs/SPEC-§32-第三方集成与SSO.md,[?] 页面帮助,**页面名称**：功能说明书：§32 第三方集成与 SSO 单点登录,page,P1,需求规定：**页面名称**：功能说明书：§32 第三方集成与 SSO 单点登录,源码路径+测试用例/运行验证（本阶段仅登记证据要求）,未判定实现状态；不得复用旧审计结论
REQ-ADMINPORTAL-01757,integrations-sso,docs/SPEC-§32-第三方集成与SSO.md,[?] 页面帮助,**适用角色**：视具体功能而定（参见总览中的优先级和适用角色说明）,permission,P1,需求规定：**适用角色**：视具体功能而定（参见总览中的优先级和适用角色说明）,源码路径+测试用例/运行验证（本阶段仅登记证据要求）,未判定实现状态；不得复用旧审计结论
REQ-ADMINPORTAL-01758,integrations-sso,docs/SPEC-§32-第三方集成与SSO.md,[?] 页面帮助,**功能定位**：该页面提供 功能说明书：§32 第三方集成与 SSO 单点登录 相关的配置、查询和管理能力。,page,P1,需求规定：**功能定位**：该页面提供 功能说明书：§32 第三方集成与 SSO 单点登录 相关的配置、查询和管理能力。,源码路径+测试用例/运行验证（本阶段仅登记证据要求）,未判定实现状态；不得复用旧审计结论
REQ-ADMINPORTAL-01759,integrations-sso,docs/SPEC-§32-第三方集成与SSO.md,[?] 页面帮助,**核心操作**：,logic,P1,需求规定：**核心操作**：,源码路径+测试用例/运行验证（本阶段仅登记证据要求）,未判定实现状态；不得复用旧审计结论
REQ-ADMINPORTAL-01760,integrations-sso,docs/SPEC-§32-第三方集成与SSO.md,[?] 页面帮助,**注意事项**：,logic,P1,需求规定：**注意事项**：,源码路径+测试用例/运行验证（本阶段仅登记证据要求）,未判定实现状态；不得复用旧审计结论
REQ-ADMINPORTAL-01761,integrations-sso,docs/SPEC-§32-第三方集成与SSO.md,[?] 页面帮助,- 部分操作涉及敏感数据，需二次确认或 2FA 身份验证,test,P1,需求规定：- 部分操作涉及敏感数据，需二次确认或 2FA 身份验证,源码路径+测试用例/运行验证（本阶段仅登记证据要求）,未判定实现状态；不得复用旧审计结论
REQ-ADMINPORTAL-01762,integrations-sso,docs/SPEC-§32-第三方集成与SSO.md,[?] 页面帮助,- 操作记录会写入操作日志,audit,P1,需求规定：- 操作记录会写入操作日志,源码路径+测试用例/运行验证（本阶段仅登记证据要求）,未判定实现状态；不得复用旧审计结论
REQ-ADMINPORTAL-01763,integrations-sso,docs/SPEC-§32-第三方集成与SSO.md,[?] 页面帮助,**常见问题**：,logic,P1,需求规定：**常见问题**：,源码路径+测试用例/运行验证（本阶段仅登记证据要求）,未判定实现状态；不得复用旧审计结论
REQ-ADMINPORTAL-01764,integrations-sso,docs/SPEC-§32-第三方集成与SSO.md,[?] 按钮级帮助对照表,| 按钮/操作 | 帮助说明 |,page,P1,需求规定：按钮/操作 | 帮助说明,源码路径+测试用例/运行验证（本阶段仅登记证据要求）,未判定实现状态；不得复用旧审计结论
REQ-ADMINPORTAL-01765,integrations-sso,docs/SPEC-§32-第三方集成与SSO.md,[?] 按钮级帮助对照表,| 创建/新增 | 添加一条新记录 |,audit,P1,需求规定：创建/新增 | 添加一条新记录,源码路径+测试用例/运行验证（本阶段仅登记证据要求）,未判定实现状态；不得复用旧审计结论
REQ-ADMINPORTAL-01766,integrations-sso,docs/SPEC-§32-第三方集成与SSO.md,[?] 按钮级帮助对照表,| 编辑 | 修改已有记录的字段内容 |,audit,P1,需求规定：编辑 | 修改已有记录的字段内容,源码路径+测试用例/运行验证（本阶段仅登记证据要求）,未判定实现状态；不得复用旧审计结论
REQ-ADMINPORTAL-01767,integrations-sso,docs/SPEC-§32-第三方集成与SSO.md,[?] 按钮级帮助对照表,| 删除 | 删除选中的记录（不可恢复，需确认） |,rollback,P1,需求规定：删除 | 删除选中的记录（不可恢复，需确认）,源码路径+测试用例/运行验证（本阶段仅登记证据要求）,未判定实现状态；不得复用旧审计结论
REQ-ADMINPORTAL-01768,integrations-sso,docs/SPEC-§32-第三方集成与SSO.md,[?] 按钮级帮助对照表,| 搜索 | 按关键词搜索匹配的记录 |,audit,P1,需求规定：搜索 | 按关键词搜索匹配的记录,源码路径+测试用例/运行验证（本阶段仅登记证据要求）,未判定实现状态；不得复用旧审计结论
REQ-ADMINPORTAL-01769,integrations-sso,docs/SPEC-§32-第三方集成与SSO.md,[?] 按钮级帮助对照表,| 筛选 | 按选中条件过滤列表 |,logic,P1,需求规定：筛选 | 按选中条件过滤列表,源码路径+测试用例/运行验证（本阶段仅登记证据要求）,未判定实现状态；不得复用旧审计结论
REQ-ADMINPORTAL-01770,integrations-sso,docs/SPEC-§32-第三方集成与SSO.md,[?] 按钮级帮助对照表,| 导出 CSV | 将当前列表数据导出为 CSV 文件 |,logic,P1,需求规定：导出 CSV | 将当前列表数据导出为 CSV 文件,源码路径+测试用例/运行验证（本阶段仅登记证据要求）,未判定实现状态；不得复用旧审计结论
REQ-ADMINPORTAL-01771,integrations-sso,docs/SPEC-§32-第三方集成与SSO.md,[?] 按钮级帮助对照表,| 查看详情 | 查看选中记录的完整信息 |,audit,P1,需求规定：查看详情 | 查看选中记录的完整信息,源码路径+测试用例/运行验证（本阶段仅登记证据要求）,未判定实现状态；不得复用旧审计结论
REQ-ADMINPORTAL-01772,integrations-sso,docs/SPEC-§32-第三方集成与SSO.md,边界条件清单,| # | 场景 | 触发条件 | 预期行为 | 影响范围 | 优先级 |,logic,P1,需求规定：# | 场景 | 触发条件 | 预期行为 | 影响范围 | 优先级,源码路径+测试用例/运行验证（本阶段仅登记证据要求）,未判定实现状态；不得复用旧审计结论
REQ-ADMINPORTAL-01773,integrations-sso,docs/SPEC-§32-第三方集成与SSO.md,边界条件清单,| SSO-001 | SSO 提供商不可用 | 用户发起 SSO 登录时，IdP（身份提供商）服务不可用 | 降级到平台本地登录,exception,P1,需求规定：SSO-001 | SSO 提供商不可用 | 用户发起 SSO 登录时，IdP（身份提供商）服务不可用 | 降级到平台本地登录,源码路径+测试用例/运行验证（本阶段仅登记证据要求）,未判定实现状态；不得复用旧审计结论
REQ-ADMINPORTAL-01774,integrations-sso,docs/SPEC-§32-第三方集成与SSO.md,边界条件清单,"SSO 登录页面显示""IdP 不可用，请使用账户密码登录""提示",exception,P1,"需求规定：SSO 登录页面显示""IdP 不可用，请使用账户密码登录""提示",源码路径+测试用例/运行验证（本阶段仅登记证据要求）,未判定实现状态；不得复用旧审计结论
REQ-ADMINPORTAL-01775,integrations-sso,docs/SPEC-§32-第三方集成与SSO.md,边界条件清单,系统后台记录 IdP 不可用事件 | SSO 登录 | P0 |,audit,P0,需求规定：系统后台记录 IdP 不可用事件 | SSO 登录 | P0,源码路径+测试用例/运行验证（本阶段仅登记证据要求）,未判定实现状态；不得复用旧审计结论
REQ-ADMINPORTAL-01776,integrations-sso,docs/SPEC-§32-第三方集成与SSO.md,边界条件清单,| SSO-002 | OAuth 回调 URL 不匹配 | OAuth 授权服务器回调的 URL 与配置的 redirect_uri 不一致 | 拒绝回调，记录安全事件并通知管理员,audit,P1,需求规定：SSO-002 | OAuth 回调 URL 不匹配 | OAuth 授权服务器回调的 URL 与配置的 redirect_uri 不一致 | 拒绝回调，记录安全事件并通知管理员,源码路径+测试用例/运行验证（本阶段仅登记证据要求）,未判定实现状态；不得复用旧审计结论
REQ-ADMINPORTAL-01777,integrations-sso,docs/SPEC-§32-第三方集成与SSO.md,边界条件清单,攻击行为可能性较高时触发安全告警 | OAuth 流程 | P0 |,security,P0,需求规定：攻击行为可能性较高时触发安全告警 | OAuth 流程 | P0,源码路径+测试用例/运行验证（本阶段仅登记证据要求）,未判定实现状态；不得复用旧审计结论
REQ-ADMINPORTAL-01778,integrations-sso,docs/SPEC-§32-第三方集成与SSO.md,边界条件清单,| SSO-003 | 企业通讯录同步失败 | 从企业 AD/LDAP 同步通讯录时连接失败或超时 | 使用最后一次成功同步的数据作为基线,exception,P1,需求规定：SSO-003 | 企业通讯录同步失败 | 从企业 AD/LDAP 同步通讯录时连接失败或超时 | 使用最后一次成功同步的数据作为基线,源码路径+测试用例/运行验证（本阶段仅登记证据要求）,未判定实现状态；不得复用旧审计结论
REQ-ADMINPORTAL-01779,integrations-sso,docs/SPEC-§32-第三方集成与SSO.md,边界条件清单,同步任务设置超时（默认 30 秒），超时后标记为失败并重试（最多 3 次） | 通讯录 | P0 |,exception,P0,需求规定：同步任务设置超时（默认 30 秒），超时后标记为失败并重试（最多 3 次） | 通讯录 | P0,源码路径+测试用例/运行验证（本阶段仅登记证据要求）,未判定实现状态；不得复用旧审计结论
REQ-ADMINPORTAL-01780,integrations-sso,docs/SPEC-§32-第三方集成与SSO.md,边界条件清单,"| SSO-004 | 多个 SSO 提供商配置冲突 | 同一用户同时启用了多个 SSO 提供商，且邮箱/用户名相同 | 用户选择""默认 SSO 提供商""（登录时自动使用）",concurrency,P1,"需求规定：SSO-004 | 多个 SSO 提供商配置冲突 | 同一用户同时启用了多个 SSO 提供商，且邮箱/用户名相同 | 用户选择""默认 SSO 提供商""（登录时自动使用）",源码路径+测试用例/运行验证（本阶段仅登记证据要求）,未判定实现状态；不得复用旧审计结论
REQ-ADMINPORTAL-01781,integrations-sso,docs/SPEC-§32-第三方集成与SSO.md,边界条件清单,若未设置默认，显示 SSO 提供商选择页面 | 用户登录 | P1 |,page,P1,需求规定：若未设置默认，显示 SSO 提供商选择页面 | 用户登录 | P1,源码路径+测试用例/运行验证（本阶段仅登记证据要求）,未判定实现状态；不得复用旧审计结论
REQ-ADMINPORTAL-01782,integrations-sso,docs/SPEC-§32-第三方集成与SSO.md,边界条件清单,| SSO-005 | Webhook 签名验证失败 | Webhook 回调请求的签名与本地计算的签名不一致 | 拒绝该请求，记录安全事件,audit,P1,需求规定：SSO-005 | Webhook 签名验证失败 | Webhook 回调请求的签名与本地计算的签名不一致 | 拒绝该请求，记录安全事件,源码路径+测试用例/运行验证（本阶段仅登记证据要求）,未判定实现状态；不得复用旧审计结论
REQ-ADMINPORTAL-01783,integrations-sso,docs/SPEC-§32-第三方集成与SSO.md,边界条件清单,若连续 5 次签名失败，暂时锁定该 Webhook 目标 URL | Webhook 回调 | P0 |,concurrency,P0,需求规定：若连续 5 次签名失败，暂时锁定该 Webhook 目标 URL | Webhook 回调 | P0,源码路径+测试用例/运行验证（本阶段仅登记证据要求）,未判定实现状态；不得复用旧审计结论
REQ-ADMINPORTAL-01784,integrations-sso,docs/SPEC-§32-第三方集成与SSO.md,边界条件清单,| SSO-006 | 通讯录用户映射冲突 | 通讯录中的企业邮箱与已有平台账号的邮箱冲突 | 优先匹配已有账号并关联,concurrency,P1,需求规定：SSO-006 | 通讯录用户映射冲突 | 通讯录中的企业邮箱与已有平台账号的邮箱冲突 | 优先匹配已有账号并关联,源码路径+测试用例/运行验证（本阶段仅登记证据要求）,未判定实现状态；不得复用旧审计结论
REQ-ADMINPORTAL-01785,integrations-sso,docs/SPEC-§32-第三方集成与SSO.md,边界条件清单,若邮箱已被另一个用户使用，提示冲突并需要管理员手动处理 | 账号映射 | P1 |,concurrency,P1,需求规定：若邮箱已被另一个用户使用，提示冲突并需要管理员手动处理 | 账号映射 | P1,源码路径+测试用例/运行验证（本阶段仅登记证据要求）,未判定实现状态；不得复用旧审计结论
REQ-ADMINPORTAL-01786,integrations-sso,docs/SPEC-§32-第三方集成与SSO.md,边界条件清单,| SSO-007 | 企业 SSO 退出单点注销失败 | 用户从 IdP 发起单点注销（SLO）时，平台未能正确终止会话 | 平台在接收 SLO 请求后，清理该用户在所有服务中的会话 Token,exception,P1,需求规定：SSO-007 | 企业 SSO 退出单点注销失败 | 用户从 IdP 发起单点注销（SLO）时，平台未能正确终止会话 | 平台在接收 SLO 请求后，清理该用户在所有服务中的会话 Token,源码路径+测试用例/运行验证（本阶段仅登记证据要求）,未判定实现状态；不得复用旧审计结论
REQ-ADMINPORTAL-01787,integrations-sso,docs/SPEC-§32-第三方集成与SSO.md,边界条件清单,若 SLO 流程超时（5 秒），强制结束本地会话 | 用户会话 | P1 |,exception,P1,需求规定：若 SLO 流程超时（5 秒），强制结束本地会话 | 用户会话 | P1,源码路径+测试用例/运行验证（本阶段仅登记证据要求）,未判定实现状态；不得复用旧审计结论
REQ-ADMINPORTAL-01788,integrations-sso,docs/SPEC-§32-第三方集成与SSO.md,边界条件清单,"| SSO-008 | Webhook 目标 URL 变更延迟生效 | 目标 URL 变更后，仍有请求发往旧 URL | Webhook 配置变更使用""软切换""：旧 URL 在变更后继续接收最多 5 分钟（过渡期），期间新旧 URL 同时有效 | Webhook 投递 | P1 |",concurrency,P1,"需求规定：SSO-008 | Webhook 目标 URL 变更延迟生效 | 目标 URL 变更后，仍有请求发往旧 URL | Webhook 配置变更使用""软切换""：旧 URL 在变更后继续接收最多 5 分钟（过渡期），期间新旧 URL 同时有效 | Webhook 投递 | P1",源码路径+测试用例/运行验证（本阶段仅登记证据要求）,未判定实现状态；不得复用旧审计结论
REQ-ADMINPORTAL-01789,integrations-sso,docs/SPEC-§32-第三方集成与SSO.md,SSO-001: SSO 提供商不可用,**降级流程**:,logic,P1,需求规定：**降级流程**:,源码路径+测试用例/运行验证（本阶段仅登记证据要求）,未判定实现状态；不得复用旧审计结论
REQ-ADMINPORTAL-01790,integrations-sso,docs/SPEC-§32-第三方集成与SSO.md,SSO-001: SSO 提供商不可用,- 若平台未启用本地密码登录（纯 SSO 模式），则显示维护公告,state,P1,需求规定：- 若平台未启用本地密码登录（纯 SSO 模式），则显示维护公告,源码路径+测试用例/运行验证（本阶段仅登记证据要求）,未判定实现状态；不得复用旧审计结论
REQ-ADMINPORTAL-01791,integrations-sso,docs/SPEC-§32-第三方集成与SSO.md,SSO-002: OAuth 回调 URL 不匹配,**安全处理**:,security,P1,需求规定：**安全处理**:,源码路径+测试用例/运行验证（本阶段仅登记证据要求）,未判定实现状态；不得复用旧审计结论
REQ-ADMINPORTAL-01792,integrations-sso,docs/SPEC-§32-第三方集成与SSO.md,SSO-002: OAuth 回调 URL 不匹配,- 严格匹配已注册的 redirect_uri（精确字符串匹配，不支持通配符）,logic,P1,需求规定：- 严格匹配已注册的 redirect_uri（精确字符串匹配，不支持通配符）,源码路径+测试用例/运行验证（本阶段仅登记证据要求）,未判定实现状态；不得复用旧审计结论
REQ-ADMINPORTAL-01793,integrations-sso,docs/SPEC-§32-第三方集成与SSO.md,SSO-002: OAuth 回调 URL 不匹配,- 不匹配时返回 `redirect_uri_mismatch` 错误,exception,P1,需求规定：- 不匹配时返回 `redirect_uri_mismatch` 错误,源码路径+测试用例/运行验证（本阶段仅登记证据要求）,未判定实现状态；不得复用旧审计结论
REQ-ADMINPORTAL-01794,integrations-sso,docs/SPEC-§32-第三方集成与SSO.md,SSO-002: OAuth 回调 URL 不匹配,- 记录完整的回调请求头，便于安全分析,audit,P1,需求规定：- 记录完整的回调请求头，便于安全分析,源码路径+测试用例/运行验证（本阶段仅登记证据要求）,未判定实现状态；不得复用旧审计结论
REQ-ADMINPORTAL-01795,integrations-sso,docs/SPEC-§32-第三方集成与SSO.md,SSO-002: OAuth 回调 URL 不匹配,- 短时间内（5 分钟）连续 3 次不匹配则临时锁定该 SSO 配置,concurrency,P1,需求规定：- 短时间内（5 分钟）连续 3 次不匹配则临时锁定该 SSO 配置,源码路径+测试用例/运行验证（本阶段仅登记证据要求）,未判定实现状态；不得复用旧审计结论
REQ-ADMINPORTAL-01796,integrations-sso,docs/SPEC-§32-第三方集成与SSO.md,异常流程汇总,| 场景 | 恢复策略 | 是否通知 |,rollback,P1,需求规定：场景 | 恢复策略 | 是否通知,源码路径+测试用例/运行验证（本阶段仅登记证据要求）,未判定实现状态；不得复用旧审计结论
REQ-ADMINPORTAL-01797,integrations-sso,docs/SPEC-§32-第三方集成与SSO.md,异常流程汇总,| SSO IdP 不可用 | 降级本地登录 | P1 运维通知 |,exception,P1,需求规定：SSO IdP 不可用 | 降级本地登录 | P1 运维通知,源码路径+测试用例/运行验证（本阶段仅登记证据要求）,未判定实现状态；不得复用旧审计结论
REQ-ADMINPORTAL-01798,integrations-sso,docs/SPEC-§32-第三方集成与SSO.md,异常流程汇总,| OAuth 回调 URL 不匹配 | 拒绝 + 记录安全事件 | P0 安全告警 |,audit,P0,需求规定：OAuth 回调 URL 不匹配 | 拒绝 + 记录安全事件 | P0 安全告警,源码路径+测试用例/运行验证（本阶段仅登记证据要求）,未判定实现状态；不得复用旧审计结论
REQ-ADMINPORTAL-01799,integrations-sso,docs/SPEC-§32-第三方集成与SSO.md,异常流程汇总,| 通讯录同步失败 | 使用缓存数据 | P1 运维通知 |,db,P1,需求规定：通讯录同步失败 | 使用缓存数据 | P1 运维通知,源码路径+测试用例/运行验证（本阶段仅登记证据要求）,未判定实现状态；不得复用旧审计结论
REQ-ADMINPORTAL-01800,integrations-sso,docs/SPEC-§32-第三方集成与SSO.md,异常流程汇总,| SSO 提供商冲突 | 默认提供商 + 选择页 | 用户提示 |,concurrency,P1,需求规定：SSO 提供商冲突 | 默认提供商 + 选择页 | 用户提示,源码路径+测试用例/运行验证（本阶段仅登记证据要求）,未判定实现状态；不得复用旧审计结论
REQ-ADMINPORTAL-01801,integrations-sso,docs/SPEC-§32-第三方集成与SSO.md,异常流程汇总,| Webhook 签名失败 | 拒绝 + 锁定 | P0 安全事件 |,concurrency,P0,需求规定：Webhook 签名失败 | 拒绝 + 锁定 | P0 安全事件,源码路径+测试用例/运行验证（本阶段仅登记证据要求）,未判定实现状态；不得复用旧审计结论
REQ-ADMINPORTAL-01802,integrations-sso,docs/SPEC-§32-第三方集成与SSO.md,异常流程汇总,| SLO 失败 | 超时强制结束 | 仅日志 |,permission,P1,需求规定：SLO 失败 | 超时强制结束 | 仅日志,源码路径+测试用例/运行验证（本阶段仅登记证据要求）,未判定实现状态；不得复用旧审计结论
REQ-ADMINPORTAL-01803,admin-portal,docs/SPEC-§33-合规法务与成本分析.md,功能说明书：§33 合规法务与成本分析,- 查看合规要求和审计报告,audit,P1,需求规定：- 查看合规要求和审计报告,源码路径+测试用例/运行验证（本阶段仅登记证据要求）,未判定实现状态；不得复用旧审计结论
REQ-ADMINPORTAL-01804,admin-portal,docs/SPEC-§33-合规法务与成本分析.md,功能说明书：§33 合规法务与成本分析,- 执行成本分析和优化建议,logic,P1,需求规定：- 执行成本分析和优化建议,源码路径+测试用例/运行验证（本阶段仅登记证据要求）,未判定实现状态；不得复用旧审计结论
REQ-ADMINPORTAL-01805,admin-portal,docs/SPEC-§33-合规法务与成本分析.md,功能说明书：§33 合规法务与成本分析,- 管理 SLA 和渠道合同,logic,P1,需求规定：- 管理 SLA 和渠道合同,源码路径+测试用例/运行验证（本阶段仅登记证据要求）,未判定实现状态；不得复用旧审计结论
REQ-ADMINPORTAL-01806,admin-portal,docs/SPEC-§33-合规法务与成本分析.md,子模块清单,| 编号 | 模块 | 优先级 | 核心价值 |,logic,P1,需求规定：编号 | 模块 | 优先级 | 核心价值,源码路径+测试用例/运行验证（本阶段仅登记证据要求）,未判定实现状态；不得复用旧审计结论
REQ-ADMINPORTAL-01807,admin-portal,docs/SPEC-§33-合规法务与成本分析.md,子模块清单,| 33.1 | 隐私政策管理 | P1 | 隐私政策发布、版本管理、用户重新确认 |,state,P1,需求规定：33.1 | 隐私政策管理 | P1 | 隐私政策发布、版本管理、用户重新确认,源码路径+测试用例/运行验证（本阶段仅登记证据要求）,未判定实现状态；不得复用旧审计结论
REQ-ADMINPORTAL-01808,admin-portal,docs/SPEC-§33-合规法务与成本分析.md,子模块清单,| 33.2 | 服务条款版本管理 | P1 | 服务条款更新时用户重新确认 |,logic,P1,需求规定：33.2 | 服务条款版本管理 | P1 | 服务条款更新时用户重新确认,源码路径+测试用例/运行验证（本阶段仅登记证据要求）,未判定实现状态；不得复用旧审计结论
REQ-ADMINPORTAL-01809,admin-portal,docs/SPEC-§33-合规法务与成本分析.md,子模块清单,| 33.3 | 用户数据导出 | P2 | 用户可申请导出自己的全部数据 |,logic,P2,需求规定：33.3 | 用户数据导出 | P2 | 用户可申请导出自己的全部数据,源码路径+测试用例/运行验证（本阶段仅登记证据要求）,未判定实现状态；不得复用旧审计结论
REQ-ADMINPORTAL-01810,admin-portal,docs/SPEC-§33-合规法务与成本分析.md,子模块清单,| 33.4 | 渠道成本分析 | P2 | 每个渠道的成本效率分析 |,logic,P2,需求规定：33.4 | 渠道成本分析 | P2 | 每个渠道的成本效率分析,源码路径+测试用例/运行验证（本阶段仅登记证据要求）,未判定实现状态；不得复用旧审计结论
REQ-ADMINPORTAL-01811,admin-portal,docs/SPEC-§33-合规法务与成本分析.md,子模块清单,| 33.5 | 运营活动 ROI 分析 | P1 | 每次活动的成本和收益核算 |,logic,P1,需求规定：33.5 | 运营活动 ROI 分析 | P1 | 每次活动的成本和收益核算,源码路径+测试用例/运行验证（本阶段仅登记证据要求）,未判定实现状态；不得复用旧审计结论
REQ-ADMINPORTAL-01812,admin-portal,docs/SPEC-§33-合规法务与成本分析.md,完成能力 / 展示效果,**管理后台 → 设置 → 隐私政策：**,logic,P1,需求规定：**管理后台 → 设置 → 隐私政策：**,源码路径+测试用例/运行验证（本阶段仅登记证据要求）,未判定实现状态；不得复用旧审计结论
REQ-ADMINPORTAL-01813,admin-portal,docs/SPEC-§33-合规法务与成本分析.md,完成能力 / 展示效果,**发布新版本流程：**,state,P1,需求规定：**发布新版本流程：**,源码路径+测试用例/运行验证（本阶段仅登记证据要求）,未判定实现状态；不得复用旧审计结论
REQ-ADMINPORTAL-01814,admin-portal,docs/SPEC-§33-合规法务与成本分析.md,完成能力 / 展示效果,**用户端：**,logic,P1,需求规定：**用户端：**,源码路径+测试用例/运行验证（本阶段仅登记证据要求）,未判定实现状态；不得复用旧审计结论
REQ-ADMINPORTAL-01815,admin-portal,docs/SPEC-§33-合规法务与成本分析.md,完成能力 / 展示效果,**管理员端：**,logic,P1,需求规定：**管理员端：**,源码路径+测试用例/运行验证（本阶段仅登记证据要求）,未判定实现状态；不得复用旧审计结论
REQ-ADMINPORTAL-01816,admin-portal,docs/SPEC-§33-合规法务与成本分析.md,ZIP 内容结构,**数据格式**：所有 JSON 文件使用 `utf-8` 编码，每行一个 JSON 对象（JSON Lines 格式），方便程序逐行处理。,logic,P1,需求规定：**数据格式**：所有 JSON 文件使用 `utf-8` 编码，每行一个 JSON 对象（JSON Lines 格式），方便程序逐行处理。,源码路径+测试用例/运行验证（本阶段仅登记证据要求）,未判定实现状态；不得复用旧审计结论
REQ-ADMINPORTAL-01817,admin-portal,docs/SPEC-§33-合规法务与成本分析.md,ZIP 内容结构,**数据范围**：,logic,P1,需求规定：**数据范围**：,源码路径+测试用例/运行验证（本阶段仅登记证据要求）,未判定实现状态；不得复用旧审计结论
REQ-ADMINPORTAL-01818,admin-portal,docs/SPEC-§33-合规法务与成本分析.md,ZIP 内容结构,- 时间范围：默认导出用户全量数据（不受 90 天调用日志查询限制）,audit,P1,需求规定：- 时间范围：默认导出用户全量数据（不受 90 天调用日志查询限制）,源码路径+测试用例/运行验证（本阶段仅登记证据要求）,未判定实现状态；不得复用旧审计结论
REQ-ADMINPORTAL-01819,admin-portal,docs/SPEC-§33-合规法务与成本分析.md,ZIP 内容结构,- 数据时效：以管理员处理请求的时间点为基准，导出该时刻的存量数据,field,P1,需求规定：- 数据时效：以管理员处理请求的时间点为基准，导出该时刻的存量数据,源码路径+测试用例/运行验证（本阶段仅登记证据要求）,未判定实现状态；不得复用旧审计结论
REQ-ADMINPORTAL-01820,admin-portal,docs/SPEC-§33-合规法务与成本分析.md,ZIP 内容结构,- 不包含：其他用户信息、系统配置、管理员操作记录,audit,P1,需求规定：- 不包含：其他用户信息、系统配置、管理员操作记录,源码路径+测试用例/运行验证（本阶段仅登记证据要求）,未判定实现状态；不得复用旧审计结论
REQ-ADMINPORTAL-01821,admin-portal,docs/SPEC-§33-合规法务与成本分析.md,大文件与异常处理,| 场景 | 处理方式 |,logic,P1,需求规定：场景 | 处理方式,源码路径+测试用例/运行验证（本阶段仅登记证据要求）,未判定实现状态；不得复用旧审计结论
REQ-ADMINPORTAL-01822,admin-portal,docs/SPEC-§33-合规法务与成本分析.md,大文件与异常处理,| 调用日志超过 10 万条 | 按日分片生成多个 `call-logs-{date}.json` 文件 |,audit,P1,需求规定：调用日志超过 10 万条 | 按日分片生成多个 `call-logs-{date}.json` 文件,源码路径+测试用例/运行验证（本阶段仅登记证据要求）,未判定实现状态；不得复用旧审计结论
REQ-ADMINPORTAL-01823,admin-portal,docs/SPEC-§33-合规法务与成本分析.md,大文件与异常处理,| ZIP 文件超过 50MB | 自动分卷为多个 ZIP（`part1.zip`、`part2.zip`），逐个发送 |,logic,P1,需求规定：ZIP 文件超过 50MB | 自动分卷为多个 ZIP（`part1.zip`、`part2.zip`），逐个发送,源码路径+测试用例/运行验证（本阶段仅登记证据要求）,未判定实现状态；不得复用旧审计结论
REQ-ADMINPORTAL-01824,admin-portal,docs/SPEC-§33-合规法务与成本分析.md,大文件与异常处理,| 导出任务执行超时 | 队列后台任务，最长执行时间 30 分钟,exception,P1,需求规定：导出任务执行超时 | 队列后台任务，最长执行时间 30 分钟,源码路径+测试用例/运行验证（本阶段仅登记证据要求）,未判定实现状态；不得复用旧审计结论
REQ-ADMINPORTAL-01825,admin-portal,docs/SPEC-§33-合规法务与成本分析.md,大文件与异常处理,超时后标记失败并通知管理员 |,exception,P1,需求规定：超时后标记失败并通知管理员,源码路径+测试用例/运行验证（本阶段仅登记证据要求）,未判定实现状态；不得复用旧审计结论
REQ-ADMINPORTAL-01826,admin-portal,docs/SPEC-§33-合规法务与成本分析.md,大文件与异常处理,| 生成过程中数据变更 | 以请求时的数据库快照为准，导出说明中标注导出时间点 |,field,P1,需求规定：生成过程中数据变更 | 以请求时的数据库快照为准，导出说明中标注导出时间点,源码路径+测试用例/运行验证（本阶段仅登记证据要求）,未判定实现状态；不得复用旧审计结论
REQ-ADMINPORTAL-01827,admin-portal,docs/SPEC-§33-合规法务与成本分析.md,大文件与异常处理,| 文件下载链接过期 | 下载链接有效期 7 天，过期后可重新申请 |,logic,P1,需求规定：文件下载链接过期 | 下载链接有效期 7 天，过期后可重新申请,源码路径+测试用例/运行验证（本阶段仅登记证据要求）,未判定实现状态；不得复用旧审计结论
REQ-ADMINPORTAL-01828,admin-portal,docs/SPEC-§33-合规法务与成本分析.md,大文件与异常处理,"| 邮件发送失败 | 管理员端显示""邮件发送失败""状态，支持手动重发链接 |",exception,P1,"需求规定：邮件发送失败 | 管理员端显示""邮件发送失败""状态，支持手动重发链接",源码路径+测试用例/运行验证（本阶段仅登记证据要求）,未判定实现状态；不得复用旧审计结论
REQ-ADMINPORTAL-01829,admin-portal,docs/SPEC-§33-合规法务与成本分析.md,[] 页面帮助,**页面名称**：功能说明书：§33 合规法务与成本分析,page,P1,需求规定：**页面名称**：功能说明书：§33 合规法务与成本分析,源码路径+测试用例/运行验证（本阶段仅登记证据要求）,未判定实现状态；不得复用旧审计结论
REQ-ADMINPORTAL-01830,admin-portal,docs/SPEC-§33-合规法务与成本分析.md,[] 页面帮助,**适用角色**：视具体功能而定（参见总览中的优先级和适用角色说明）,permission,P1,需求规定：**适用角色**：视具体功能而定（参见总览中的优先级和适用角色说明）,源码路径+测试用例/运行验证（本阶段仅登记证据要求）,未判定实现状态；不得复用旧审计结论
REQ-ADMINPORTAL-01831,admin-portal,docs/SPEC-§33-合规法务与成本分析.md,[] 页面帮助,**功能定位**：该页面提供 功能说明书：§33 合规法务与成本分析 相关的配置、查询和管理能力。,page,P1,需求规定：**功能定位**：该页面提供 功能说明书：§33 合规法务与成本分析 相关的配置、查询和管理能力。,源码路径+测试用例/运行验证（本阶段仅登记证据要求）,未判定实现状态；不得复用旧审计结论
REQ-ADMINPORTAL-01832,admin-portal,docs/SPEC-§33-合规法务与成本分析.md,[] 页面帮助,**核心操作**：,logic,P1,需求规定：**核心操作**：,源码路径+测试用例/运行验证（本阶段仅登记证据要求）,未判定实现状态；不得复用旧审计结论
REQ-ADMINPORTAL-01833,admin-portal,docs/SPEC-§33-合规法务与成本分析.md,[] 页面帮助,**注意事项**：,logic,P1,需求规定：**注意事项**：,源码路径+测试用例/运行验证（本阶段仅登记证据要求）,未判定实现状态；不得复用旧审计结论
REQ-ADMINPORTAL-01834,admin-portal,docs/SPEC-§33-合规法务与成本分析.md,[] 页面帮助,- 部分操作涉及敏感数据，需二次确认或 2FA 身份验证,test,P1,需求规定：- 部分操作涉及敏感数据，需二次确认或 2FA 身份验证,源码路径+测试用例/运行验证（本阶段仅登记证据要求）,未判定实现状态；不得复用旧审计结论
REQ-ADMINPORTAL-01835,admin-portal,docs/SPEC-§33-合规法务与成本分析.md,[] 页面帮助,- 操作记录会写入操作日志,audit,P1,需求规定：- 操作记录会写入操作日志,源码路径+测试用例/运行验证（本阶段仅登记证据要求）,未判定实现状态；不得复用旧审计结论
REQ-ADMINPORTAL-01836,admin-portal,docs/SPEC-§33-合规法务与成本分析.md,[] 页面帮助,**常见问题**：,logic,P1,需求规定：**常见问题**：,源码路径+测试用例/运行验证（本阶段仅登记证据要求）,未判定实现状态；不得复用旧审计结论
REQ-ADMINPORTAL-01837,admin-portal,docs/SPEC-§33-合规法务与成本分析.md,[] 按钮级帮助对照表,| 按钮/操作 | 帮助说明 |,page,P1,需求规定：按钮/操作 | 帮助说明,源码路径+测试用例/运行验证（本阶段仅登记证据要求）,未判定实现状态；不得复用旧审计结论
REQ-ADMINPORTAL-01838,admin-portal,docs/SPEC-§33-合规法务与成本分析.md,[] 按钮级帮助对照表,| 创建/新增 | 添加一条新记录 |,audit,P1,需求规定：创建/新增 | 添加一条新记录,源码路径+测试用例/运行验证（本阶段仅登记证据要求）,未判定实现状态；不得复用旧审计结论
REQ-ADMINPORTAL-01839,admin-portal,docs/SPEC-§33-合规法务与成本分析.md,[] 按钮级帮助对照表,| 编辑 | 修改已有记录的字段内容 |,audit,P1,需求规定：编辑 | 修改已有记录的字段内容,源码路径+测试用例/运行验证（本阶段仅登记证据要求）,未判定实现状态；不得复用旧审计结论
REQ-ADMINPORTAL-01840,admin-portal,docs/SPEC-§33-合规法务与成本分析.md,[] 按钮级帮助对照表,| 删除 | 删除选中的记录（不可恢复，需确认） |,rollback,P1,需求规定：删除 | 删除选中的记录（不可恢复，需确认）,源码路径+测试用例/运行验证（本阶段仅登记证据要求）,未判定实现状态；不得复用旧审计结论
REQ-ADMINPORTAL-01841,admin-portal,docs/SPEC-§33-合规法务与成本分析.md,[] 按钮级帮助对照表,| 搜索 | 按关键词搜索匹配的记录 |,audit,P1,需求规定：搜索 | 按关键词搜索匹配的记录,源码路径+测试用例/运行验证（本阶段仅登记证据要求）,未判定实现状态；不得复用旧审计结论
REQ-ADMINPORTAL-01842,admin-portal,docs/SPEC-§33-合规法务与成本分析.md,[] 按钮级帮助对照表,| 筛选 | 按选中条件过滤列表 |,logic,P1,需求规定：筛选 | 按选中条件过滤列表,源码路径+测试用例/运行验证（本阶段仅登记证据要求）,未判定实现状态；不得复用旧审计结论
REQ-ADMINPORTAL-01843,admin-portal,docs/SPEC-§33-合规法务与成本分析.md,[] 按钮级帮助对照表,| 导出 CSV | 将当前列表数据导出为 CSV 文件 |,logic,P1,需求规定：导出 CSV | 将当前列表数据导出为 CSV 文件,源码路径+测试用例/运行验证（本阶段仅登记证据要求）,未判定实现状态；不得复用旧审计结论
REQ-ADMINPORTAL-01844,admin-portal,docs/SPEC-§33-合规法务与成本分析.md,[] 按钮级帮助对照表,| 查看详情 | 查看选中记录的完整信息 |,audit,P1,需求规定：查看详情 | 查看选中记录的完整信息,源码路径+测试用例/运行验证（本阶段仅登记证据要求）,未判定实现状态；不得复用旧审计结论
REQ-ADMINPORTAL-01845,admin-portal,docs/SPEC-§33-合规法务与成本分析.md,边界条件清单,| # | 场景 | 触发条件 | 预期行为 | 影响范围 | 优先级 |,logic,P1,需求规定：# | 场景 | 触发条件 | 预期行为 | 影响范围 | 优先级,源码路径+测试用例/运行验证（本阶段仅登记证据要求）,未判定实现状态；不得复用旧审计结论
REQ-ADMINPORTAL-01846,admin-portal,docs/SPEC-§33-合规法务与成本分析.md,边界条件清单,| COMP-001 | 数据导出大文件处理 | 用户请求导出账号数据，导出数据量超过 100 MB | 采用异步导出机制：创建导出任务 → 后台打包 → 完成后发送下载链接（有效期 7 天）,logic,P1,需求规定：COMP-001 | 数据导出大文件处理 | 用户请求导出账号数据，导出数据量超过 100 MB | 采用异步导出机制：创建导出任务 → 后台打包 → 完成后发送下载链接（有效期 7 天）,源码路径+测试用例/运行验证（本阶段仅登记证据要求）,未判定实现状态；不得复用旧审计结论
REQ-ADMINPORTAL-01847,admin-portal,docs/SPEC-§33-合规法务与成本分析.md,边界条件清单,大文件分片压缩，支持断点续传下载 | 数据导出 | P0 |,logic,P0,需求规定：大文件分片压缩，支持断点续传下载 | 数据导出 | P0,源码路径+测试用例/运行验证（本阶段仅登记证据要求）,未判定实现状态；不得复用旧审计结论
REQ-ADMINPORTAL-01848,admin-portal,docs/SPEC-§33-合规法务与成本分析.md,边界条件清单,"| COMP-002 | 成本分析数据延迟 | 渠道成本数据延迟到达（如 T+2 日仍未到账） | 成本分析页面显示""部分数据待更新""标记",page,P1,"需求规定：COMP-002 | 成本分析数据延迟 | 渠道成本数据延迟到达（如 T+2 日仍未到账） | 成本分析页面显示""部分数据待更新""标记",源码路径+测试用例/运行验证（本阶段仅登记证据要求）,未判定实现状态；不得复用旧审计结论
REQ-ADMINPORTAL-01849,admin-portal,docs/SPEC-§33-合规法务与成本分析.md,边界条件清单,延迟数据到达后自动刷新分析结果,performance,P1,需求规定：延迟数据到达后自动刷新分析结果,源码路径+测试用例/运行验证（本阶段仅登记证据要求）,未判定实现状态；不得复用旧审计结论
REQ-ADMINPORTAL-01850,admin-portal,docs/SPEC-§33-合规法务与成本分析.md,边界条件清单,"未到账的数据在图表中用虚线标记为""预估"" | 成本分析 | P1 |",logic,P1,"需求规定：未到账的数据在图表中用虚线标记为""预估"" | 成本分析 | P1",源码路径+测试用例/运行验证（本阶段仅登记证据要求）,未判定实现状态；不得复用旧审计结论
REQ-ADMINPORTAL-01851,admin-portal,docs/SPEC-§33-合规法务与成本分析.md,边界条件清单,| COMP-003 | GDPR 数据删除请求过期处理 | 用户提交的 GDPR 数据删除请求在规定的 30 天窗口内未完成处理 | 标记请求为 `OVERDUE`，自动升级通知到法务负责人和系统管理员,transaction,P1,需求规定：COMP-003 | GDPR 数据删除请求过期处理 | 用户提交的 GDPR 数据删除请求在规定的 30 天窗口内未完成处理 | 标记请求为 `OVERDUE`，自动升级通知到法务负责人和系统管理员,源码路径+测试用例/运行验证（本阶段仅登记证据要求）,未判定实现状态；不得复用旧审计结论
REQ-ADMINPORTAL-01852,admin-portal,docs/SPEC-§33-合规法务与成本分析.md,边界条件清单,请求过期不影响删除义务的履行，延期处理仍须完成 | GDPR 请求 | P0 |,logic,P0,需求规定：请求过期不影响删除义务的履行，延期处理仍须完成 | GDPR 请求 | P0,源码路径+测试用例/运行验证（本阶段仅登记证据要求）,未判定实现状态；不得复用旧审计结论
REQ-ADMINPORTAL-01853,admin-portal,docs/SPEC-§33-合规法务与成本分析.md,边界条件清单,"| COMP-004 | 活动 ROI 计算异常 | 运营活动 ROI 计算时，某个数据源（如投放成本、转化收入）不可用 | 使用已有数据计算部分 ROI，不可用的数据标记为""待补充""",exception,P1,"需求规定：COMP-004 | 活动 ROI 计算异常 | 运营活动 ROI 计算时，某个数据源（如投放成本、转化收入）不可用 | 使用已有数据计算部分 ROI，不可用的数据标记为""待补充""",源码路径+测试用例/运行验证（本阶段仅登记证据要求）,未判定实现状态；不得复用旧审计结论
REQ-ADMINPORTAL-01854,admin-portal,docs/SPEC-§33-合规法务与成本分析.md,边界条件清单,"ROI 报告显示""数据完整度""百分比",logic,P1,"需求规定：ROI 报告显示""数据完整度""百分比",源码路径+测试用例/运行验证（本阶段仅登记证据要求）,未判定实现状态；不得复用旧审计结论
REQ-ADMINPORTAL-01855,admin-portal,docs/SPEC-§33-合规法务与成本分析.md,边界条件清单,"数据完整度 < 60% 时 ROI 报告标注为""低置信度"" | ROI 分析 | P1 |",logic,P1,"需求规定：数据完整度 < 60% 时 ROI 报告标注为""低置信度"" | ROI 分析 | P1",源码路径+测试用例/运行验证（本阶段仅登记证据要求）,未判定实现状态；不得复用旧审计结论
REQ-ADMINPORTAL-01856,admin-portal,docs/SPEC-§33-合规法务与成本分析.md,边界条件清单,| COMP-005 | 隐私政策版本回滚 | 隐私政策发版后需紧急回滚到上一版本 | 版本管理支持一键回滚，回滚后当前版本标记为 `REVOKED`,rollback,P1,需求规定：COMP-005 | 隐私政策版本回滚 | 隐私政策发版后需紧急回滚到上一版本 | 版本管理支持一键回滚，回滚后当前版本标记为 `REVOKED`,源码路径+测试用例/运行验证（本阶段仅登记证据要求）,未判定实现状态；不得复用旧审计结论
REQ-ADMINPORTAL-01857,admin-portal,docs/SPEC-§33-合规法务与成本分析.md,边界条件清单,用户重新看到回滚后的版本，系统引导用户重新确认 | 隐私政策 | P0 |,rollback,P0,需求规定：用户重新看到回滚后的版本，系统引导用户重新确认 | 隐私政策 | P0,源码路径+测试用例/运行验证（本阶段仅登记证据要求）,未判定实现状态；不得复用旧审计结论
REQ-ADMINPORTAL-01858,admin-portal,docs/SPEC-§33-合规法务与成本分析.md,边界条件清单,| COMP-006 | 服务条款批量确认超时 | 服务条款更新后，大量用户同时确认新协议导致系统压力 | 确认操作为异步低负载写入,concurrency,P1,需求规定：COMP-006 | 服务条款批量确认超时 | 服务条款更新后，大量用户同时确认新协议导致系统压力 | 确认操作为异步低负载写入,源码路径+测试用例/运行验证（本阶段仅登记证据要求）,未判定实现状态；不得复用旧审计结论
REQ-ADMINPORTAL-01859,admin-portal,docs/SPEC-§33-合规法务与成本分析.md,边界条件清单,"系统设置用户""最后操作期限""，期限内未确认的逐步限制功能（先限制新 API 创建，再限制 API 调用） | 服务条款 | P1 |",api,P1,"需求规定：系统设置用户""最后操作期限""，期限内未确认的逐步限制功能（先限制新 API 创建，再限制 API 调用） | 服务条款 | P1",源码路径+测试用例/运行验证（本阶段仅登记证据要求）,未判定实现状态；不得复用旧审计结论
REQ-ADMINPORTAL-01860,admin-portal,docs/SPEC-§33-合规法务与成本分析.md,边界条件清单,| COMP-007 | 渠道成本多维度聚合异常 | 渠道成本按多维度（模型、时间、区域）聚合时出现数据不一致 | 使用 OLAP 预聚合（物化视图）保证各维度聚合结果一致性,exception,P1,需求规定：COMP-007 | 渠道成本多维度聚合异常 | 渠道成本按多维度（模型、时间、区域）聚合时出现数据不一致 | 使用 OLAP 预聚合（物化视图）保证各维度聚合结果一致性,源码路径+测试用例/运行验证（本阶段仅登记证据要求）,未判定实现状态；不得复用旧审计结论
REQ-ADMINPORTAL-01861,admin-portal,docs/SPEC-§33-合规法务与成本分析.md,边界条件清单,发现不一致时刷新物化视图,logic,P1,需求规定：发现不一致时刷新物化视图,源码路径+测试用例/运行验证（本阶段仅登记证据要求）,未判定实现状态；不得复用旧审计结论
REQ-ADMINPORTAL-01862,admin-portal,docs/SPEC-§33-合规法务与成本分析.md,边界条件清单,告警记录不一致的范围和差值 | 成本分析 | P2 |,audit,P2,需求规定：告警记录不一致的范围和差值 | 成本分析 | P2,源码路径+测试用例/运行验证（本阶段仅登记证据要求）,未判定实现状态；不得复用旧审计结论
REQ-ADMINPORTAL-01863,admin-portal,docs/SPEC-§33-合规法务与成本分析.md,边界条件清单,| COMP-008 | 合规数据归档冲突 | 合规数据在归档过程中被新的操作访问 | 归档前检查是否有未完成的事务,concurrency,P1,需求规定：COMP-008 | 合规数据归档冲突 | 合规数据在归档过程中被新的操作访问 | 归档前检查是否有未完成的事务,源码路径+测试用例/运行验证（本阶段仅登记证据要求）,未判定实现状态；不得复用旧审计结论
REQ-ADMINPORTAL-01864,admin-portal,docs/SPEC-§33-合规法务与成本分析.md,边界条件清单,归档中的数据标记为 `ARCHIVING` 状态，新操作自动跳过,state,P1,需求规定：归档中的数据标记为 `ARCHIVING` 状态，新操作自动跳过,源码路径+测试用例/运行验证（本阶段仅登记证据要求）,未判定实现状态；不得复用旧审计结论
REQ-ADMINPORTAL-01865,admin-portal,docs/SPEC-§33-合规法务与成本分析.md,边界条件清单,归档完成后更新访问权限 | 数据归档 | P2 |,permission,P2,需求规定：归档完成后更新访问权限 | 数据归档 | P2,源码路径+测试用例/运行验证（本阶段仅登记证据要求）,未判定实现状态；不得复用旧审计结论
REQ-ADMINPORTAL-01866,admin-portal,docs/SPEC-§33-合规法务与成本分析.md,COMP-001: GDPR 数据删除请求过期,**处理流程**:,logic,P1,需求规定：**处理流程**:,源码路径+测试用例/运行验证（本阶段仅登记证据要求）,未判定实现状态；不得复用旧审计结论
REQ-ADMINPORTAL-01867,admin-portal,docs/SPEC-§33-合规法务与成本分析.md,COMP-002: 大文件导出处理,**技术实现**:,logic,P1,需求规定：**技术实现**:,源码路径+测试用例/运行验证（本阶段仅登记证据要求）,未判定实现状态；不得复用旧审计结论
REQ-ADMINPORTAL-01868,admin-portal,docs/SPEC-§33-合规法务与成本分析.md,COMP-002: 大文件导出处理,- 导出任务创建后立即返回 `task_id`,logic,P1,需求规定：- 导出任务创建后立即返回 `task_id`,源码路径+测试用例/运行验证（本阶段仅登记证据要求）,未判定实现状态；不得复用旧审计结论
REQ-ADMINPORTAL-01869,admin-portal,docs/SPEC-§33-合规法务与成本分析.md,COMP-002: 大文件导出处理,- 后台异步执行数据收集、格式转换、压缩打包,logic,P1,需求规定：- 后台异步执行数据收集、格式转换、压缩打包,源码路径+测试用例/运行验证（本阶段仅登记证据要求）,未判定实现状态；不得复用旧审计结论
REQ-ADMINPORTAL-01870,admin-portal,docs/SPEC-§33-合规法务与成本分析.md,COMP-002: 大文件导出处理,- 文件大小 > 100MB 自动分片（每片 50MB）,logic,P1,需求规定：- 文件大小 > 100MB 自动分片（每片 50MB）,源码路径+测试用例/运行验证（本阶段仅登记证据要求）,未判定实现状态；不得复用旧审计结论
REQ-ADMINPORTAL-01871,admin-portal,docs/SPEC-§33-合规法务与成本分析.md,COMP-002: 大文件导出处理,- 下载链接使用预签名 URL（临时 Token，有效期 7 天）,field,P1,需求规定：- 下载链接使用预签名 URL（临时 Token，有效期 7 天）,源码路径+测试用例/运行验证（本阶段仅登记证据要求）,未判定实现状态；不得复用旧审计结论
REQ-ADMINPORTAL-01872,admin-portal,docs/SPEC-§33-合规法务与成本分析.md,COMP-002: 大文件导出处理,- 支持断点续传（HTTP Range 头）,api,P1,需求规定：- 支持断点续传（HTTP Range 头）,源码路径+测试用例/运行验证（本阶段仅登记证据要求）,未判定实现状态；不得复用旧审计结论
REQ-ADMINPORTAL-01873,admin-portal,docs/SPEC-§33-合规法务与成本分析.md,异常流程汇总,| 场景 | 恢复策略 | 是否通知 |,rollback,P1,需求规定：场景 | 恢复策略 | 是否通知,源码路径+测试用例/运行验证（本阶段仅登记证据要求）,未判定实现状态；不得复用旧审计结论
REQ-ADMINPORTAL-01874,admin-portal,docs/SPEC-§33-合规法务与成本分析.md,异常流程汇总,| 大文件导出 | 异步分片 + 预签名 | 任务完成通知 |,logic,P1,需求规定：大文件导出 | 异步分片 + 预签名 | 任务完成通知,源码路径+测试用例/运行验证（本阶段仅登记证据要求）,未判定实现状态；不得复用旧审计结论
REQ-ADMINPORTAL-01875,admin-portal,docs/SPEC-§33-合规法务与成本分析.md,异常流程汇总,| 成本分析数据延迟 | 部分数据标记 + 自动刷新 | P2 运维通知 |,performance,P2,需求规定：成本分析数据延迟 | 部分数据标记 + 自动刷新 | P2 运维通知,源码路径+测试用例/运行验证（本阶段仅登记证据要求）,未判定实现状态；不得复用旧审计结论
REQ-ADMINPORTAL-01876,admin-portal,docs/SPEC-§33-合规法务与成本分析.md,异常流程汇总,| GDPR 请求过期 | 升级通知 + 延期处理 | P0 法务通知 |,logic,P0,需求规定：GDPR 请求过期 | 升级通知 + 延期处理 | P0 法务通知,源码路径+测试用例/运行验证（本阶段仅登记证据要求）,未判定实现状态；不得复用旧审计结论
REQ-ADMINPORTAL-01877,admin-portal,docs/SPEC-§33-合规法务与成本分析.md,异常流程汇总,| ROI 计算异常 | 部分结果 + 低置信度标记 | 仅报告标记 |,permission,P1,需求规定：ROI 计算异常 | 部分结果 + 低置信度标记 | 仅报告标记,源码路径+测试用例/运行验证（本阶段仅登记证据要求）,未判定实现状态；不得复用旧审计结论
REQ-ADMINPORTAL-01878,admin-portal,docs/SPEC-§33-合规法务与成本分析.md,异常流程汇总,| 隐私政策回滚 | 版本回滚 + 重新确认 | 用户重新确认 |,rollback,P1,需求规定：隐私政策回滚 | 版本回滚 + 重新确认 | 用户重新确认,源码路径+测试用例/运行验证（本阶段仅登记证据要求）,未判定实现状态；不得复用旧审计结论
REQ-ADMINPORTAL-01879,admin-portal,docs/SPEC-§33-合规法务与成本分析.md,异常流程汇总,| 条款确认超时 | 逐步限制功能 | 用户通知 |,exception,P1,需求规定：条款确认超时 | 逐步限制功能 | 用户通知,源码路径+测试用例/运行验证（本阶段仅登记证据要求）,未判定实现状态；不得复用旧审计结论
REQ-ADMINPORTAL-01880,non-functional,docs/SPEC-§7-非功能需求.md,功能说明书：§7 非功能需求,- 了解平台性能目标和服务等级,performance,P1,需求规定：- 了解平台性能目标和服务等级,源码路径+测试用例/运行验证（本阶段仅登记证据要求）,未判定实现状态；不得复用旧审计结论
REQ-ADMINPORTAL-01881,non-functional,docs/SPEC-§7-非功能需求.md,功能说明书：§7 非功能需求,- 查看安全合规要求,security,P1,需求规定：- 查看安全合规要求,源码路径+测试用例/运行验证（本阶段仅登记证据要求）,未判定实现状态；不得复用旧审计结论
REQ-ADMINPORTAL-01882,non-functional,docs/SPEC-§7-非功能需求.md,功能说明书：§7 非功能需求,- 确认可扩展性和高可用设计,logic,P1,需求规定：- 确认可扩展性和高可用设计,源码路径+测试用例/运行验证（本阶段仅登记证据要求）,未判定实现状态；不得复用旧审计结论
REQ-ADMINPORTAL-01883,non-functional,docs/SPEC-§7-非功能需求.md,完成能力,**性能指标：**,performance,P1,需求规定：**性能指标：**,源码路径+测试用例/运行验证（本阶段仅登记证据要求）,未判定实现状态；不得复用旧审计结论
REQ-ADMINPORTAL-01884,non-functional,docs/SPEC-§7-非功能需求.md,完成能力,| 指标 | 目标 P95 | 当前状态 |,state,P1,需求规定：指标 | 目标 P95 | 当前状态,源码路径+测试用例/运行验证（本阶段仅登记证据要求）,未判定实现状态；不得复用旧审计结论
REQ-ADMINPORTAL-01885,non-functional,docs/SPEC-§7-非功能需求.md,完成能力,| 简单查询（单表/主键） | < 100ms | ✅ 已达标 |,logic,P1,需求规定：简单查询（单表/主键） | < 100ms | ✅ 已达标,源码路径+测试用例/运行验证（本阶段仅登记证据要求）,未判定实现状态；不得复用旧审计结论
REQ-ADMINPORTAL-01886,non-functional,docs/SPEC-§7-非功能需求.md,完成能力,| 列表分页（含筛选） | < 200ms | ✅ 已达标 |,logic,P1,需求规定：列表分页（含筛选） | < 200ms | ✅ 已达标,源码路径+测试用例/运行验证（本阶段仅登记证据要求）,未判定实现状态；不得复用旧审计结论
REQ-ADMINPORTAL-01887,non-functional,docs/SPEC-§7-非功能需求.md,完成能力,| 复杂聚合（统计/趋势） | < 500ms | ✅ 已达标 |,logic,P1,需求规定：复杂聚合（统计/趋势） | < 500ms | ✅ 已达标,源码路径+测试用例/运行验证（本阶段仅登记证据要求）,未判定实现状态；不得复用旧审计结论
REQ-ADMINPORTAL-01888,non-functional,docs/SPEC-§7-非功能需求.md,完成能力,| 模糊搜索（ILIKE） | < 100ms | ✅ 已达标 |,logic,P1,需求规定：模糊搜索（ILIKE） | < 100ms | ✅ 已达标,源码路径+测试用例/运行验证（本阶段仅登记证据要求）,未判定实现状态；不得复用旧审计结论
REQ-ADMINPORTAL-01889,non-functional,docs/SPEC-§7-非功能需求.md,完成能力,| 日志查询（分区表） | < 1s | ✅ 已达标 |,audit,P1,需求规定：日志查询（分区表） | < 1s | ✅ 已达标,源码路径+测试用例/运行验证（本阶段仅登记证据要求）,未判定实现状态；不得复用旧审计结论
REQ-ADMINPORTAL-01890,non-functional,docs/SPEC-§7-非功能需求.md,完成能力,| 批量操作（万级） | < 3s | ✅ 已达标 |,logic,P1,需求规定：批量操作（万级） | < 3s | ✅ 已达标,源码路径+测试用例/运行验证（本阶段仅登记证据要求）,未判定实现状态；不得复用旧审计结论
REQ-ADMINPORTAL-01891,non-functional,docs/SPEC-§7-非功能需求.md,完成能力,| API 并发 | 1000+ QPS | ✅ 经四级限流保护 |,api,P1,需求规定：API 并发 | 1000+ QPS | ✅ 经四级限流保护,源码路径+测试用例/运行验证（本阶段仅登记证据要求）,未判定实现状态；不得复用旧审计结论
REQ-ADMINPORTAL-01892,non-functional,docs/SPEC-§7-非功能需求.md,完成能力,**可用性**：单机部署，PM2 cluster 自动重启，渠道故障自动熔断切换,logic,P1,需求规定：**可用性**：单机部署，PM2 cluster 自动重启，渠道故障自动熔断切换,源码路径+测试用例/运行验证（本阶段仅登记证据要求）,未判定实现状态；不得复用旧审计结论
REQ-ADMINPORTAL-01893,non-functional,docs/SPEC-§7-非功能需求.md,完成能力,**安全**：HTTP Only Cookie 鉴权、bcrypt API Key hash、CORS 配置、IP 黑白名单、2FA,api,P1,需求规定：**安全**：HTTP Only Cookie 鉴权、bcrypt API Key hash、CORS 配置、IP 黑白名单、2FA,源码路径+测试用例/运行验证（本阶段仅登记证据要求）,未判定实现状态；不得复用旧审计结论
REQ-ADMINPORTAL-01894,non-functional,docs/SPEC-§7-非功能需求.md,完成能力,**可扩展性**：API 无状态设计，数据库水平扩展预留（读写分离），前端组件化,api,P1,需求规定：**可扩展性**：API 无状态设计，数据库水平扩展预留（读写分离），前端组件化,源码路径+测试用例/运行验证（本阶段仅登记证据要求）,未判定实现状态；不得复用旧审计结论
REQ-ADMINPORTAL-01895,non-functional,docs/SPEC-§7-非功能需求.md,完成能力,**兼容性**：兼容 OpenAI Chat Completions 与 Anthropic Messages 双格式（独立 API 域名 `api.<host>` 同域双 base_url，后台可配置，2026-08-17 定稿）,api,P1,需求规定：**兼容性**：兼容 OpenAI Chat Completions 与 Anthropic Messages 双格式（独立 API 域名 `api.<host>` 同域双 base_url，后台可配置，2026-08-17 定稿）,源码路径+测试用例/运行验证（本阶段仅登记证据要求）,未判定实现状态；不得复用旧审计结论
REQ-ADMINPORTAL-01896,non-functional,docs/SPEC-§7-非功能需求.md,完成能力,OpenAI 用户零代码迁移,logic,P1,需求规定：OpenAI 用户零代码迁移,源码路径+测试用例/运行验证（本阶段仅登记证据要求）,未判定实现状态；不得复用旧审计结论
REQ-ADMINPORTAL-01897,non-functional,docs/SPEC-§7-非功能需求.md,完成能力,**可维护性**：代码风格统一（DrizzleORM + Fastify + TypeScript），组件拆分完成,logic,P1,需求规定：**可维护性**：代码风格统一（DrizzleORM + Fastify + TypeScript），组件拆分完成,源码路径+测试用例/运行验证（本阶段仅登记证据要求）,未判定实现状态；不得复用旧审计结论
REQ-ADMINPORTAL-01898,non-functional,docs/SPEC-§7-非功能需求.md,完成能力,**数据合规**：个人电话脱敏、证件号脱敏、操作日志可审计、数据保留策略可配置,audit,P1,需求规定：**数据合规**：个人电话脱敏、证件号脱敏、操作日志可审计、数据保留策略可配置,源码路径+测试用例/运行验证（本阶段仅登记证据要求）,未判定实现状态；不得复用旧审计结论
REQ-ADMINPORTAL-01899,non-functional,docs/SPEC-§7-非功能需求.md,[?] 页面帮助,**页面名称**：功能说明书：§7 非功能需求,page,P1,需求规定：**页面名称**：功能说明书：§7 非功能需求,源码路径+测试用例/运行验证（本阶段仅登记证据要求）,未判定实现状态；不得复用旧审计结论
REQ-ADMINPORTAL-01900,non-functional,docs/SPEC-§7-非功能需求.md,[?] 页面帮助,**适用角色**：视具体功能而定（参见总览中的优先级和适用角色说明）,permission,P1,需求规定：**适用角色**：视具体功能而定（参见总览中的优先级和适用角色说明）,源码路径+测试用例/运行验证（本阶段仅登记证据要求）,未判定实现状态；不得复用旧审计结论
REQ-ADMINPORTAL-01901,non-functional,docs/SPEC-§7-非功能需求.md,[?] 页面帮助,**功能定位**：该页面提供 功能说明书：§7 非功能需求 相关的配置、查询和管理能力。,page,P1,需求规定：**功能定位**：该页面提供 功能说明书：§7 非功能需求 相关的配置、查询和管理能力。,源码路径+测试用例/运行验证（本阶段仅登记证据要求）,未判定实现状态；不得复用旧审计结论
REQ-ADMINPORTAL-01902,non-functional,docs/SPEC-§7-非功能需求.md,[?] 页面帮助,**核心操作**：,logic,P1,需求规定：**核心操作**：,源码路径+测试用例/运行验证（本阶段仅登记证据要求）,未判定实现状态；不得复用旧审计结论
REQ-ADMINPORTAL-01903,non-functional,docs/SPEC-§7-非功能需求.md,[?] 页面帮助,**注意事项**：,logic,P1,需求规定：**注意事项**：,源码路径+测试用例/运行验证（本阶段仅登记证据要求）,未判定实现状态；不得复用旧审计结论
REQ-ADMINPORTAL-01904,non-functional,docs/SPEC-§7-非功能需求.md,[?] 页面帮助,- 部分操作涉及敏感数据，需二次确认或 2FA 身份验证,test,P1,需求规定：- 部分操作涉及敏感数据，需二次确认或 2FA 身份验证,源码路径+测试用例/运行验证（本阶段仅登记证据要求）,未判定实现状态；不得复用旧审计结论
REQ-ADMINPORTAL-01905,non-functional,docs/SPEC-§7-非功能需求.md,[?] 页面帮助,- 操作记录会写入操作日志,audit,P1,需求规定：- 操作记录会写入操作日志,源码路径+测试用例/运行验证（本阶段仅登记证据要求）,未判定实现状态；不得复用旧审计结论
REQ-ADMINPORTAL-01906,non-functional,docs/SPEC-§7-非功能需求.md,[?] 页面帮助,**常见问题**：,logic,P1,需求规定：**常见问题**：,源码路径+测试用例/运行验证（本阶段仅登记证据要求）,未判定实现状态；不得复用旧审计结论
REQ-ADMINPORTAL-01907,non-functional,docs/SPEC-§7-非功能需求.md,[?] 按钮级帮助对照表,| 按钮/操作 | 帮助说明 |,page,P1,需求规定：按钮/操作 | 帮助说明,源码路径+测试用例/运行验证（本阶段仅登记证据要求）,未判定实现状态；不得复用旧审计结论
REQ-ADMINPORTAL-01908,non-functional,docs/SPEC-§7-非功能需求.md,[?] 按钮级帮助对照表,| 创建/新增 | 添加一条新记录 |,audit,P1,需求规定：创建/新增 | 添加一条新记录,源码路径+测试用例/运行验证（本阶段仅登记证据要求）,未判定实现状态；不得复用旧审计结论
REQ-ADMINPORTAL-01909,non-functional,docs/SPEC-§7-非功能需求.md,[?] 按钮级帮助对照表,| 编辑 | 修改已有记录的字段内容 |,audit,P1,需求规定：编辑 | 修改已有记录的字段内容,源码路径+测试用例/运行验证（本阶段仅登记证据要求）,未判定实现状态；不得复用旧审计结论
REQ-ADMINPORTAL-01910,non-functional,docs/SPEC-§7-非功能需求.md,[?] 按钮级帮助对照表,| 删除 | 删除选中的记录（不可恢复，需确认） |,rollback,P1,需求规定：删除 | 删除选中的记录（不可恢复，需确认）,源码路径+测试用例/运行验证（本阶段仅登记证据要求）,未判定实现状态；不得复用旧审计结论
REQ-ADMINPORTAL-01911,non-functional,docs/SPEC-§7-非功能需求.md,[?] 按钮级帮助对照表,| 搜索 | 按关键词搜索匹配的记录 |,audit,P1,需求规定：搜索 | 按关键词搜索匹配的记录,源码路径+测试用例/运行验证（本阶段仅登记证据要求）,未判定实现状态；不得复用旧审计结论
REQ-ADMINPORTAL-01912,non-functional,docs/SPEC-§7-非功能需求.md,[?] 按钮级帮助对照表,| 筛选 | 按选中条件过滤列表 |,logic,P1,需求规定：筛选 | 按选中条件过滤列表,源码路径+测试用例/运行验证（本阶段仅登记证据要求）,未判定实现状态；不得复用旧审计结论
REQ-ADMINPORTAL-01913,non-functional,docs/SPEC-§7-非功能需求.md,[?] 按钮级帮助对照表,| 导出 CSV | 将当前列表数据导出为 CSV 文件 |,logic,P1,需求规定：导出 CSV | 将当前列表数据导出为 CSV 文件,源码路径+测试用例/运行验证（本阶段仅登记证据要求）,未判定实现状态；不得复用旧审计结论
REQ-ADMINPORTAL-01914,non-functional,docs/SPEC-§7-非功能需求.md,[?] 按钮级帮助对照表,| 查看详情 | 查看选中记录的完整信息 |,audit,P1,需求规定：查看详情 | 查看选中记录的完整信息,源码路径+测试用例/运行验证（本阶段仅登记证据要求）,未判定实现状态；不得复用旧审计结论
REQ-ADMINPORTAL-01915,portal,docs/SPEC-§21-Portal门户增强.md,功能说明书：§21 Portal 门户增强,- 了解门户新功能,logic,P1,需求规定：- 了解门户新功能,源码路径+测试用例/运行验证（本阶段仅登记证据要求）,未判定实现状态；不得复用旧审计结论
REQ-ADMINPORTAL-01916,portal,docs/SPEC-§21-Portal门户增强.md,功能说明书：§21 Portal 门户增强,- 查看改进的注册和体验流程,logic,P1,需求规定：- 查看改进的注册和体验流程,源码路径+测试用例/运行验证（本阶段仅登记证据要求）,未判定实现状态；不得复用旧审计结论
REQ-ADMINPORTAL-01917,portal,docs/SPEC-§21-Portal门户增强.md,子模块清单,| 编号 | 模块 | 优先级 | 核心价值 |,logic,P1,需求规定：编号 | 模块 | 优先级 | 核心价值,源码路径+测试用例/运行验证（本阶段仅登记证据要求）,未判定实现状态；不得复用旧审计结论
REQ-ADMINPORTAL-01918,portal,docs/SPEC-§21-Portal门户增强.md,子模块清单,| 21.1 | Portal 首页 SEO 优化 | P1 | 让搜索引擎能收录 Portal 页面，提升自然流量 |,page,P1,需求规定：21.1 | Portal 首页 SEO 优化 | P1 | 让搜索引擎能收录 Portal 页面，提升自然流量,源码路径+测试用例/运行验证（本阶段仅登记证据要求）,未判定实现状态；不得复用旧审计结论
REQ-ADMINPORTAL-01919,portal,docs/SPEC-§21-Portal门户增强.md,子模块清单,| 21.2 | Blog / Changelog 模块 | P1 | 内容运营阵地，提升用户粘性和 SEO 内容量 |,logic,P1,需求规定：21.2 | Blog / Changelog 模块 | P1 | 内容运营阵地，提升用户粘性和 SEO 内容量,源码路径+测试用例/运行验证（本阶段仅登记证据要求）,未判定实现状态；不得复用旧审计结论
REQ-ADMINPORTAL-01920,portal,docs/SPEC-§21-Portal门户增强.md,子模块清单,| 21.3 | 帮助中心（Help Center） | P1 | 用户自助解决问题，降低客服成本 |,logic,P1,需求规定：21.3 | 帮助中心（Help Center） | P1 | 用户自助解决问题，降低客服成本,源码路径+测试用例/运行验证（本阶段仅登记证据要求）,未判定实现状态；不得复用旧审计结论
REQ-ADMINPORTAL-01921,portal,docs/SPEC-§21-Portal门户增强.md,子模块清单,| 21.4 | 联系我们 / 销售咨询 | P1 | 获取销售线索，提升转化率 |,logic,P1,需求规定：21.4 | 联系我们 / 销售咨询 | P1 | 获取销售线索，提升转化率,源码路径+测试用例/运行验证（本阶段仅登记证据要求）,未判定实现状态；不得复用旧审计结论
REQ-ADMINPORTAL-01922,portal,docs/SPEC-§21-Portal门户增强.md,子模块清单,| 21.5 | 价格计算器 | P1 | 交互式成本预估，辅助购买决策 |,logic,P1,需求规定：21.5 | 价格计算器 | P1 | 交互式成本预估，辅助购买决策,源码路径+测试用例/运行验证（本阶段仅登记证据要求）,未判定实现状态；不得复用旧审计结论
REQ-ADMINPORTAL-01923,portal,docs/SPEC-§21-Portal门户增强.md,子模块清单,| 21.6 | 产品更新通知（用户侧） | P2 | 产品更新触达已注册用户 |,logic,P2,需求规定：21.6 | 产品更新通知（用户侧） | P2 | 产品更新触达已注册用户,源码路径+测试用例/运行验证（本阶段仅登记证据要求）,未判定实现状态；不得复用旧审计结论
REQ-ADMINPORTAL-01924,portal,docs/SPEC-§21-Portal门户增强.md,完成能力 / 展示效果,**SEO 元数据覆盖页面：**,page,P1,需求规定：**SEO 元数据覆盖页面：**,源码路径+测试用例/运行验证（本阶段仅登记证据要求）,未判定实现状态；不得复用旧审计结论
REQ-ADMINPORTAL-01925,portal,docs/SPEC-§21-Portal门户增强.md,完成能力 / 展示效果,| 页面 | URL | title | description |,page,P1,需求规定：页面 | URL | title | description,源码路径+测试用例/运行验证（本阶段仅登记证据要求）,未判定实现状态；不得复用旧审计结论
REQ-ADMINPORTAL-01926,portal,docs/SPEC-§21-Portal门户增强.md,完成能力 / 展示效果,| 首页 | `/` | 3Cloud - 一站式 AI API 聚合平台 | 接入 DeepSeek、OpenAI、Anthropic 等主流模型，统一计费、智能路由、精细运营 |,api,P1,需求规定：首页 | `/` | 3Cloud - 一站式 AI API 聚合平台 | 接入 DeepSeek、OpenAI、Anthropic 等主流模型，统一计费、智能路由、精细运营,源码路径+测试用例/运行验证（本阶段仅登记证据要求）,未判定实现状态；不得复用旧审计结论
REQ-ADMINPORTAL-01927,portal,docs/SPEC-§21-Portal门户增强.md,完成能力 / 展示效果,| 定价页 | `/pricing` | 3Cloud 定价 - 透明计费，按量付费 | 查看所有 AI 模型价格，输入输出分别计费，无隐藏费用 |,field,P1,需求规定：定价页 | `/pricing` | 3Cloud 定价 - 透明计费，按量付费 | 查看所有 AI 模型价格，输入输出分别计费，无隐藏费用,源码路径+测试用例/运行验证（本阶段仅登记证据要求）,未判定实现状态；不得复用旧审计结论
REQ-ADMINPORTAL-01928,portal,docs/SPEC-§21-Portal门户增强.md,完成能力 / 展示效果,| 模型目录 | `/models` | 3Cloud 模型目录 - 138+ AI 模型 | DeepSeek、Qwen、GLM 等主流模型一览 |,logic,P1,需求规定：模型目录 | `/models` | 3Cloud 模型目录 - 138+ AI 模型 | DeepSeek、Qwen、GLM 等主流模型一览,源码路径+测试用例/运行验证（本阶段仅登记证据要求）,未判定实现状态；不得复用旧审计结论
REQ-ADMINPORTAL-01929,portal,docs/SPEC-§21-Portal门户增强.md,完成能力 / 展示效果,| 文档页 | `/docs` | 3Cloud 开发者文档 - API 接入指南 | 快速接入 3Cloud API，兼容 OpenAI 与 Anthropic 双格式（base_url 随后台 api_domain 配置），零代码迁移 |,api,P1,需求规定：文档页 | `/docs` | 3Cloud 开发者文档 - API 接入指南 | 快速接入 3Cloud API，兼容 OpenAI 与 Anthropic 双格式（base_url 随后台 api_domain 配置），零代码迁移,源码路径+测试用例/运行验证（本阶段仅登记证据要求）,未判定实现状态；不得复用旧审计结论
REQ-ADMINPORTAL-01930,portal,docs/SPEC-§21-Portal门户增强.md,完成能力 / 展示效果,| 状态页 | `/status` | 3Cloud 系统状态 - 服务健康实时监控 | 实时查看 3Cloud 各 API 端点和服务状态 |,api,P1,需求规定：状态页 | `/status` | 3Cloud 系统状态 - 服务健康实时监控 | 实时查看 3Cloud 各 API 端点和服务状态,源码路径+测试用例/运行验证（本阶段仅登记证据要求）,未判定实现状态；不得复用旧审计结论
REQ-ADMINPORTAL-01931,portal,docs/SPEC-§21-Portal门户增强.md,完成能力 / 展示效果,**技术方案：**,logic,P1,需求规定：**技术方案：**,源码路径+测试用例/运行验证（本阶段仅登记证据要求）,未判定实现状态；不得复用旧审计结论
REQ-ADMINPORTAL-01932,portal,docs/SPEC-§21-Portal门户增强.md,完成能力 / 展示效果,**SEO 增强文件：**,logic,P1,需求规定：**SEO 增强文件：**,源码路径+测试用例/运行验证（本阶段仅登记证据要求）,未判定实现状态；不得复用旧审计结论
REQ-ADMINPORTAL-01933,portal,docs/SPEC-§21-Portal门户增强.md,边界条件,| 场景 | 处理方式 |,logic,P1,需求规定：场景 | 处理方式,源码路径+测试用例/运行验证（本阶段仅登记证据要求）,未判定实现状态；不得复用旧审计结论
REQ-ADMINPORTAL-01934,portal,docs/SPEC-§21-Portal门户增强.md,边界条件,| SSR 服务器宕机 | Nginx 回退到 SPA 模式（index.html），功能只影响 SEO，不影响用户交互 |,logic,P1,需求规定：SSR 服务器宕机 | Nginx 回退到 SPA 模式（index.html），功能只影响 SEO，不影响用户交互,源码路径+测试用例/运行验证（本阶段仅登记证据要求）,未判定实现状态；不得复用旧审计结论
REQ-ADMINPORTAL-01935,portal,docs/SPEC-§21-Portal门户增强.md,边界条件,| 爬虫频繁请求 | SSR 页面缓存 5 分钟，减少服务器压力 |,db,P1,需求规定：爬虫频繁请求 | SSR 页面缓存 5 分钟，减少服务器压力,源码路径+测试用例/运行验证（本阶段仅登记证据要求）,未判定实现状态；不得复用旧审计结论
REQ-ADMINPORTAL-01936,portal,docs/SPEC-§21-Portal门户增强.md,边界条件,| 动态内容（如模型数量）在 SSR 中过期 | SSR 页面中嵌入客户端初始化脚本，页面加载后更新动态数据 |,page,P1,需求规定：动态内容（如模型数量）在 SSR 中过期 | SSR 页面中嵌入客户端初始化脚本，页面加载后更新动态数据,源码路径+测试用例/运行验证（本阶段仅登记证据要求）,未判定实现状态；不得复用旧审计结论
REQ-ADMINPORTAL-01937,portal,docs/SPEC-§21-Portal门户增强.md,边界条件,| 多语言 SEO | 初期仅支持中文，URL 结构 `/zh/...` 预留 |,permission,P1,需求规定：多语言 SEO | 初期仅支持中文，URL 结构 `/zh/...` 预留,源码路径+测试用例/运行验证（本阶段仅登记证据要求）,未判定实现状态；不得复用旧审计结论
REQ-ADMINPORTAL-01938,portal,docs/SPEC-§21-Portal门户增强.md,完成能力 / 展示效果,**Portal 文章列表页 `/blog`：**,logic,P1,需求规定：**Portal 文章列表页 `/blog`：**,源码路径+测试用例/运行验证（本阶段仅登记证据要求）,未判定实现状态；不得复用旧审计结论
REQ-ADMINPORTAL-01939,portal,docs/SPEC-§21-Portal门户增强.md,完成能力 / 展示效果,**Portal 文章详情页 `/blog/:slug`：**,logic,P1,需求规定：**Portal 文章详情页 `/blog/:slug`：**,源码路径+测试用例/运行验证（本阶段仅登记证据要求）,未判定实现状态；不得复用旧审计结论
REQ-ADMINPORTAL-01940,portal,docs/SPEC-§21-Portal门户增强.md,完成能力 / 展示效果,- v2.0.0 发布公告 - 统一计费与多模型支持,state,P1,需求规定：- v2.0.0 发布公告 - 统一计费与多模型支持,源码路径+测试用例/运行验证（本阶段仅登记证据要求）,未判定实现状态；不得复用旧审计结论
REQ-ADMINPORTAL-01941,portal,docs/SPEC-§21-Portal门户增强.md,完成能力 / 展示效果,- 智能路由技术原理详解,page,P1,需求规定：- 智能路由技术原理详解,源码路径+测试用例/运行验证（本阶段仅登记证据要求）,未判定实现状态；不得复用旧审计结论
REQ-ADMINPORTAL-01942,portal,docs/SPEC-§21-Portal门户增强.md,完成能力 / 展示效果,**管理后台文章编辑器：**,logic,P1,需求规定：**管理后台文章编辑器：**,源码路径+测试用例/运行验证（本阶段仅登记证据要求）,未判定实现状态；不得复用旧审计结论
REQ-ADMINPORTAL-01943,portal,docs/SPEC-§21-Portal门户增强.md,边界条件,| 场景 | 处理方式 |,logic,P1,需求规定：场景 | 处理方式,源码路径+测试用例/运行验证（本阶段仅登记证据要求）,未判定实现状态；不得复用旧审计结论
REQ-ADMINPORTAL-01944,portal,docs/SPEC-§21-Portal门户增强.md,边界条件,| 文章定时发布 | 后端 cron 每分钟检查 `scheduledAt ≤ now AND status=draft` → 自动设为 published |,state,P1,需求规定：文章定时发布 | 后端 cron 每分钟检查 `scheduledAt ≤ now AND status=draft` → 自动设为 published,源码路径+测试用例/运行验证（本阶段仅登记证据要求）,未判定实现状态；不得复用旧审计结论
REQ-ADMINPORTAL-01945,portal,docs/SPEC-§21-Portal门户增强.md,边界条件,| slug 冲突 | slug 唯一索引 → 重复 slug 自动追加数字后缀（如 `v2-1-0-1`） |,concurrency,P1,需求规定：slug 冲突 | slug 唯一索引 → 重复 slug 自动追加数字后缀（如 `v2-1-0-1`）,源码路径+测试用例/运行验证（本阶段仅登记证据要求）,未判定实现状态；不得复用旧审计结论
REQ-ADMINPORTAL-01946,portal,docs/SPEC-§21-Portal门户增强.md,边界条件,| 文章删除 | 软删除（status=archived），列表页过滤 archived |,logic,P1,需求规定：文章删除 | 软删除（status=archived），列表页过滤 archived,源码路径+测试用例/运行验证（本阶段仅登记证据要求）,未判定实现状态；不得复用旧审计结论
REQ-ADMINPORTAL-01947,portal,docs/SPEC-§21-Portal门户增强.md,边界条件,| RSS 大文章量 | 最多返回最近 50 条 |,logic,P1,需求规定：RSS 大文章量 | 最多返回最近 50 条,源码路径+测试用例/运行验证（本阶段仅登记证据要求）,未判定实现状态；不得复用旧审计结论
REQ-ADMINPORTAL-01948,portal,docs/SPEC-§21-Portal门户增强.md,边界条件,| 封面图过大 | 上传时限制 5MB，自动压缩为 1200×630px（OG 标准尺寸） |,logic,P1,需求规定：封面图过大 | 上传时限制 5MB，自动压缩为 1200×630px（OG 标准尺寸）,源码路径+测试用例/运行验证（本阶段仅登记证据要求）,未判定实现状态；不得复用旧审计结论
REQ-ADMINPORTAL-01949,portal,docs/SPEC-§21-Portal门户增强.md,完成能力 / 展示效果,**Portal 帮助中心首页 `/help`：**,logic,P1,需求规定：**Portal 帮助中心首页 `/help`：**,源码路径+测试用例/运行验证（本阶段仅登记证据要求）,未判定实现状态；不得复用旧审计结论
REQ-ADMINPORTAL-01950,portal,docs/SPEC-§21-Portal门户增强.md,完成能力 / 展示效果,**Portal 帮助文章详情 `/help/:category/:slug`：**,logic,P1,需求规定：**Portal 帮助文章详情 `/help/:category/:slug`：**,源码路径+测试用例/运行验证（本阶段仅登记证据要求）,未判定实现状态；不得复用旧审计结论
REQ-ADMINPORTAL-01951,portal,docs/SPEC-§21-Portal门户增强.md,完成能力 / 展示效果,**管理后台帮助文章管理：**,logic,P1,需求规定：**管理后台帮助文章管理：**,源码路径+测试用例/运行验证（本阶段仅登记证据要求）,未判定实现状态；不得复用旧审计结论
REQ-ADMINPORTAL-01952,portal,docs/SPEC-§21-Portal门户增强.md,边界条件,| 场景 | 处理方式 |,logic,P1,需求规定：场景 | 处理方式,源码路径+测试用例/运行验证（本阶段仅登记证据要求）,未判定实现状态；不得复用旧审计结论
REQ-ADMINPORTAL-01953,portal,docs/SPEC-§21-Portal门户增强.md,边界条件,"| 搜索无结果 | 显示""没有找到答案"" → 建议联系客服（跳转 `/contact`） |",logic,P1,"需求规定：搜索无结果 | 显示""没有找到答案"" → 建议联系客服（跳转 `/contact`）",源码路径+测试用例/运行验证（本阶段仅登记证据要求）,未判定实现状态；不得复用旧审计结论
REQ-ADMINPORTAL-01954,portal,docs/SPEC-§21-Portal门户增强.md,边界条件,| 文章不存在 | 404 页面 + 推荐相关文章 |,page,P1,需求规定：文章不存在 | 404 页面 + 推荐相关文章,源码路径+测试用例/运行验证（本阶段仅登记证据要求）,未判定实现状态；不得复用旧审计结论
REQ-ADMINPORTAL-01955,portal,docs/SPEC-§21-Portal门户增强.md,边界条件,"| 分类下无文章 | 显示""暂无文章"" + 其他分类推荐 |",logic,P1,"需求规定：分类下无文章 | 显示""暂无文章"" + 其他分类推荐",源码路径+测试用例/运行验证（本阶段仅登记证据要求）,未判定实现状态；不得复用旧审计结论
REQ-ADMINPORTAL-01956,portal,docs/SPEC-§21-Portal门户增强.md,边界条件,"| 反馈数字过大 | 仅显示显示整数，不显示小数（如""有帮助 23 人""） |",permission,P1,"需求规定：反馈数字过大 | 仅显示显示整数，不显示小数（如""有帮助 23 人""）",源码路径+测试用例/运行验证（本阶段仅登记证据要求）,未判定实现状态；不得复用旧审计结论
REQ-ADMINPORTAL-01957,portal,docs/SPEC-§21-Portal门户增强.md,完成能力 / 展示效果,**Portal 联系表单页 `/contact`：**,logic,P1,需求规定：**Portal 联系表单页 `/contact`：**,源码路径+测试用例/运行验证（本阶段仅登记证据要求）,未判定实现状态；不得复用旧审计结论
REQ-ADMINPORTAL-01958,portal,docs/SPEC-§21-Portal门户增强.md,完成能力 / 展示效果,**管理后台咨询列表：**,logic,P1,需求规定：**管理后台咨询列表：**,源码路径+测试用例/运行验证（本阶段仅登记证据要求）,未判定实现状态；不得复用旧审计结论
REQ-ADMINPORTAL-01959,portal,docs/SPEC-§21-Portal门户增强.md,边界条件,| 场景 | 处理方式 |,logic,P1,需求规定：场景 | 处理方式,源码路径+测试用例/运行验证（本阶段仅登记证据要求）,未判定实现状态；不得复用旧审计结论
REQ-ADMINPORTAL-01960,portal,docs/SPEC-§21-Portal门户增强.md,边界条件,| 表单字段校验失败 | 在对应字段下方显示具体错误原因 |,exception,P1,需求规定：表单字段校验失败 | 在对应字段下方显示具体错误原因,源码路径+测试用例/运行验证（本阶段仅登记证据要求）,未判定实现状态；不得复用旧审计结论
REQ-ADMINPORTAL-01961,portal,docs/SPEC-§21-Portal门户增强.md,边界条件,| 验证码失败 | 刷新验证码，提示重新操作 |,exception,P1,需求规定：验证码失败 | 刷新验证码，提示重新操作,源码路径+测试用例/运行验证（本阶段仅登记证据要求）,未判定实现状态；不得复用旧审计结论
REQ-ADMINPORTAL-01962,portal,docs/SPEC-§21-Portal门户增强.md,边界条件,"| 频繁提交（同一 IP 1 小时内 > 3 次） | 返回 429 ""提交过于频繁，请稍后再试"" |",transaction,P1,"需求规定：频繁提交（同一 IP 1 小时内 > 3 次） | 返回 429 ""提交过于频繁，请稍后再试""",源码路径+测试用例/运行验证（本阶段仅登记证据要求）,未判定实现状态；不得复用旧审计结论
REQ-ADMINPORTAL-01963,portal,docs/SPEC-§21-Portal门户增强.md,边界条件,| 提交成功后邮件发送失败 | 不影响用户反馈，后端重试 3 次，记录错误日志 |,transaction,P1,需求规定：提交成功后邮件发送失败 | 不影响用户反馈，后端重试 3 次，记录错误日志,源码路径+测试用例/运行验证（本阶段仅登记证据要求）,未判定实现状态；不得复用旧审计结论
REQ-ADMINPORTAL-01964,portal,docs/SPEC-§21-Portal门户增强.md,边界条件,"| 用户重复提交同一内容 | 后端 5 分钟内同一邮箱+消息内容视为重复，拒绝并提示""已收到您的咨询"" |",idempotency,P1,"需求规定：用户重复提交同一内容 | 后端 5 分钟内同一邮箱+消息内容视为重复，拒绝并提示""已收到您的咨询""",源码路径+测试用例/运行验证（本阶段仅登记证据要求）,未判定实现状态；不得复用旧审计结论
REQ-ADMINPORTAL-01965,portal,docs/SPEC-§21-Portal门户增强.md,完成能力 / 展示效果,**定价页计算器区域：**,logic,P1,需求规定：**定价页计算器区域：**,源码路径+测试用例/运行验证（本阶段仅登记证据要求）,未判定实现状态；不得复用旧审计结论
REQ-ADMINPORTAL-01966,portal,docs/SPEC-§21-Portal门户增强.md,边界条件,| 场景 | 处理方式 |,logic,P1,需求规定：场景 | 处理方式,源码路径+测试用例/运行验证（本阶段仅登记证据要求）,未判定实现状态；不得复用旧审计结论
REQ-ADMINPORTAL-01967,portal,docs/SPEC-§21-Portal门户增强.md,边界条件,| Token 数为 0 | 费用显示 ¥0.0000 |,logic,P1,需求规定：Token 数为 0 | 费用显示 ¥0.0000,源码路径+测试用例/运行验证（本阶段仅登记证据要求）,未判定实现状态；不得复用旧审计结论
REQ-ADMINPORTAL-01968,portal,docs/SPEC-§21-Portal门户增强.md,边界条件,"| Token 数过大（> 1B） | 输入框上限锁定 1,000,000,000 |",concurrency,P1,"需求规定：Token 数过大（> 1B） | 输入框上限锁定 1,000,000,000",源码路径+测试用例/运行验证（本阶段仅登记证据要求）,未判定实现状态；不得复用旧审计结论
REQ-ADMINPORTAL-01969,portal,docs/SPEC-§21-Portal门户增强.md,边界条件,"| 模型价格数据加载失败 | 显示""暂无法获取价格"" + 重试按钮 |",exception,P1,"需求规定：模型价格数据加载失败 | 显示""暂无法获取价格"" + 重试按钮",源码路径+测试用例/运行验证（本阶段仅登记证据要求）,未判定实现状态；不得复用旧审计结论
REQ-ADMINPORTAL-01970,portal,docs/SPEC-§21-Portal门户增强.md,边界条件,| 对比模式添加重复模型 | 不允许添加已有模型 |,idempotency,P1,需求规定：对比模式添加重复模型 | 不允许添加已有模型,源码路径+测试用例/运行验证（本阶段仅登记证据要求）,未判定实现状态；不得复用旧审计结论
REQ-ADMINPORTAL-01971,portal,docs/SPEC-§21-Portal门户增强.md,完成能力 / 展示效果,**通知触发场景：**,logic,P1,需求规定：**通知触发场景：**,源码路径+测试用例/运行验证（本阶段仅登记证据要求）,未判定实现状态；不得复用旧审计结论
REQ-ADMINPORTAL-01972,portal,docs/SPEC-§21-Portal门户增强.md,完成能力 / 展示效果,**通知内容格式：**,logic,P1,需求规定：**通知内容格式：**,源码路径+测试用例/运行验证（本阶段仅登记证据要求）,未判定实现状态；不得复用旧审计结论
REQ-ADMINPORTAL-01973,portal,docs/SPEC-§21-Portal门户增强.md,边界条件,| 场景 | 处理方式 |,logic,P1,需求规定：场景 | 处理方式,源码路径+测试用例/运行验证（本阶段仅登记证据要求）,未判定实现状态；不得复用旧审计结论
REQ-ADMINPORTAL-01974,portal,docs/SPEC-§21-Portal门户增强.md,边界条件,| 管理员编辑已发布的文章（不重新发布） | 不触发二次通知 |,state,P1,需求规定：管理员编辑已发布的文章（不重新发布） | 不触发二次通知,源码路径+测试用例/运行验证（本阶段仅登记证据要求）,未判定实现状态；不得复用旧审计结论
REQ-ADMINPORTAL-01975,portal,docs/SPEC-§21-Portal门户增强.md,边界条件,| 管理员发布并立即撤回 | 如果已有用户阅读通知，不撤回 |,state,P1,需求规定：管理员发布并立即撤回 | 如果已有用户阅读通知，不撤回,源码路径+测试用例/运行验证（本阶段仅登记证据要求）,未判定实现状态；不得复用旧审计结论
REQ-ADMINPORTAL-01976,portal,docs/SPEC-§21-Portal门户增强.md,边界条件,| 通知推送失败 | 记录错误，不阻塞文章发布流程 |,audit,P1,需求规定：通知推送失败 | 记录错误，不阻塞文章发布流程,源码路径+测试用例/运行验证（本阶段仅登记证据要求）,未判定实现状态；不得复用旧审计结论
REQ-ADMINPORTAL-01977,portal,docs/SPEC-§21-Portal门户增强.md,边界条件,| 同一用户多次触发同类通知 | 按通知频率限制（同一事件每分钟最多推送一次） |,logic,P1,需求规定：同一用户多次触发同类通知 | 按通知频率限制（同一事件每分钟最多推送一次）,源码路径+测试用例/运行验证（本阶段仅登记证据要求）,未判定实现状态；不得复用旧审计结论
REQ-ADMINPORTAL-01978,portal,docs/SPEC-§21-Portal门户增强.md,Portal 增强总览,| 模块 | 编号 | 优先级 | 核心价值 | 依赖 |,logic,P1,需求规定：模块 | 编号 | 优先级 | 核心价值 | 依赖,源码路径+测试用例/运行验证（本阶段仅登记证据要求）,未判定实现状态；不得复用旧审计结论
REQ-ADMINPORTAL-01979,portal,docs/SPEC-§21-Portal门户增强.md,Portal 增强总览,| SEO 优化 | §21.1 | P1 | 自然流量增长 | 前端 SSR 改造 |,logic,P1,需求规定：SEO 优化 | §21.1 | P1 | 自然流量增长 | 前端 SSR 改造,源码路径+测试用例/运行验证（本阶段仅登记证据要求）,未判定实现状态；不得复用旧审计结论
REQ-ADMINPORTAL-01980,portal,docs/SPEC-§21-Portal门户增强.md,Portal 增强总览,| Blog / Changelog | §21.2 | P1 | 内容运营 + SEO 内容 | 管理后台 + 数据库 |,logic,P1,需求规定：Blog / Changelog | §21.2 | P1 | 内容运营 + SEO 内容 | 管理后台 + 数据库,源码路径+测试用例/运行验证（本阶段仅登记证据要求）,未判定实现状态；不得复用旧审计结论
REQ-ADMINPORTAL-01981,portal,docs/SPEC-§21-Portal门户增强.md,Portal 增强总览,| 帮助中心 | §21.3 | P1 | 用户自助服务 | 管理后台 + 数据库 |,logic,P1,需求规定：帮助中心 | §21.3 | P1 | 用户自助服务 | 管理后台 + 数据库,源码路径+测试用例/运行验证（本阶段仅登记证据要求）,未判定实现状态；不得复用旧审计结论
REQ-ADMINPORTAL-01982,portal,docs/SPEC-§21-Portal门户增强.md,Portal 增强总览,| 联系我们 | §21.4 | P1 | 销售线索转化 | 邮件服务 + 验证码服务 |,test,P1,需求规定：联系我们 | §21.4 | P1 | 销售线索转化 | 邮件服务 + 验证码服务,源码路径+测试用例/运行验证（本阶段仅登记证据要求）,未判定实现状态；不得复用旧审计结论
REQ-ADMINPORTAL-01983,portal,docs/SPEC-§21-Portal门户增强.md,Portal 增强总览,| 价格计算器 | §21.5 | P1 | 购买决策辅助 | 现有定价 API |,api,P1,需求规定：价格计算器 | §21.5 | P1 | 购买决策辅助 | 现有定价 API,源码路径+测试用例/运行验证（本阶段仅登记证据要求）,未判定实现状态；不得复用旧审计结论
REQ-ADMINPORTAL-01984,portal,docs/SPEC-§21-Portal门户增强.md,Portal 增强总览,| 产品更新通知 | §21.6 | P2 | 用户触达 | 通知系统 + Blog |,logic,P2,需求规定：产品更新通知 | §21.6 | P2 | 用户触达 | 通知系统 + Blog,源码路径+测试用例/运行验证（本阶段仅登记证据要求）,未判定实现状态；不得复用旧审计结论
REQ-ADMINPORTAL-01985,portal,docs/SPEC-§21-Portal门户增强.md,Portal 增强总览,| 在线 Demo 体验 | §21.7 | P1 | 降低试用门槛、获客转化 | 后端 Demo API + Redis 限流 |,api,P1,需求规定：在线 Demo 体验 | §21.7 | P1 | 降低试用门槛、获客转化 | 后端 Demo API + Redis 限流,源码路径+测试用例/运行验证（本阶段仅登记证据要求）,未判定实现状态；不得复用旧审计结论
REQ-ADMINPORTAL-01986,portal,docs/SPEC-§21-Portal门户增强.md,Portal 增强总览,| 系统状态页增强 | §21.8 | P2 | 展示专业度 | 后端监控 API + WebSocket |,api,P2,需求规定：系统状态页增强 | §21.8 | P2 | 展示专业度 | 后端监控 API + WebSocket,源码路径+测试用例/运行验证（本阶段仅登记证据要求）,未判定实现状态；不得复用旧审计结论
REQ-ADMINPORTAL-01987,portal,docs/SPEC-§21-Portal门户增强.md,Portal 增强总览,| 平台对比页面 | §21.9 | P2 | 说服访客选择 | 定价 API + 静态内容 |,api,P2,需求规定：平台对比页面 | §21.9 | P2 | 说服访客选择 | 定价 API + 静态内容,源码路径+测试用例/运行验证（本阶段仅登记证据要求）,未判定实现状态；不得复用旧审计结论
REQ-ADMINPORTAL-01988,portal,docs/SPEC-§21-Portal门户增强.md,Portal 增强总览,| 免费 API Key 引导条 | §21.10 | P0 | 全站获客引流 | 仅前端组件 |,permission,P0,需求规定：免费 API Key 引导条 | §21.10 | P0 | 全站获客引流 | 仅前端组件,源码路径+测试用例/运行验证（本阶段仅登记证据要求）,未判定实现状态；不得复用旧审计结论
REQ-ADMINPORTAL-01989,portal,docs/SPEC-§21-Portal门户增强.md,Portal 增强总览,| SLA 与合规页面 | §21.11 | P1 | 企业客户信任背书 | 静态内容 + CMS |,page,P1,需求规定：SLA 与合规页面 | §21.11 | P1 | 企业客户信任背书 | 静态内容 + CMS,源码路径+测试用例/运行验证（本阶段仅登记证据要求）,未判定实现状态；不得复用旧审计结论
REQ-ADMINPORTAL-01990,portal,docs/SPEC-§21-Portal门户增强.md,Portal 增强总览,| 客户案例 | §21.12 | P2 | 信任背书 | Blog 模块复用 |,logic,P2,需求规定：客户案例 | §21.12 | P2 | 信任背书 | Blog 模块复用,源码路径+测试用例/运行验证（本阶段仅登记证据要求）,未判定实现状态；不得复用旧审计结论
REQ-ADMINPORTAL-01991,portal,docs/SPEC-§21-Portal门户增强.md,数据迁移要求,| 表 | 用途 | 初始种子数据 |,logic,P1,需求规定：表 | 用途 | 初始种子数据,源码路径+测试用例/运行验证（本阶段仅登记证据要求）,未判定实现状态；不得复用旧审计结论
REQ-ADMINPORTAL-01992,portal,docs/SPEC-§21-Portal门户增强.md,数据迁移要求,| `blog_posts` | 博客/Changelog/案例文章 | 建议预设 3-5 篇 |,logic,P1,需求规定：`blog_posts` | 博客/Changelog/案例文章 | 建议预设 3-5 篇,源码路径+测试用例/运行验证（本阶段仅登记证据要求）,未判定实现状态；不得复用旧审计结论
REQ-ADMINPORTAL-01993,portal,docs/SPEC-§21-Portal门户增强.md,数据迁移要求,| `help_articles` | 帮助文章 | 建议预设 10-15 篇 |,logic,P1,需求规定：`help_articles` | 帮助文章 | 建议预设 10-15 篇,源码路径+测试用例/运行验证（本阶段仅登记证据要求）,未判定实现状态；不得复用旧审计结论
REQ-ADMINPORTAL-01994,portal,docs/SPEC-§21-Portal门户增强.md,数据迁移要求,| `help_categories` | 帮助分类 | 6 个种子分类 |,logic,P1,需求规定：`help_categories` | 帮助分类 | 6 个种子分类,源码路径+测试用例/运行验证（本阶段仅登记证据要求）,未判定实现状态；不得复用旧审计结论
REQ-ADMINPORTAL-01995,portal,docs/SPEC-§21-Portal门户增强.md,数据迁移要求,| `contact_inquiries` | 咨询表单 | 无 |,logic,P1,需求规定：`contact_inquiries` | 咨询表单 | 无,源码路径+测试用例/运行验证（本阶段仅登记证据要求）,未判定实现状态；不得复用旧审计结论
REQ-ADMINPORTAL-01996,portal,docs/SPEC-§21-Portal门户增强.md,数据迁移要求,| `demo_access_logs` | Demo 访问日志 | 无 |,audit,P1,需求规定：`demo_access_logs` | Demo 访问日志 | 无,源码路径+测试用例/运行验证（本阶段仅登记证据要求）,未判定实现状态；不得复用旧审计结论
REQ-ADMINPORTAL-01997,portal,docs/SPEC-§21-Portal门户增强.md,数据迁移要求,| `demo_blocked_ips` | Demo 封禁 | 无 |,logic,P1,需求规定：`demo_blocked_ips` | Demo 封禁 | 无,源码路径+测试用例/运行验证（本阶段仅登记证据要求）,未判定实现状态；不得复用旧审计结论
REQ-ADMINPORTAL-01998,portal,docs/SPEC-§21-Portal门户增强.md,数据迁移要求,| `system_incidents` | 故障事件 | 无 |,logic,P1,需求规定：`system_incidents` | 故障事件 | 无,源码路径+测试用例/运行验证（本阶段仅登记证据要求）,未判定实现状态；不得复用旧审计结论
REQ-ADMINPORTAL-01999,portal,docs/SPEC-§21-Portal门户增强.md,数据迁移要求,| `status_page_subscribers` | 状态订阅 | 无 |,state,P1,需求规定：`status_page_subscribers` | 状态订阅 | 无,源码路径+测试用例/运行验证（本阶段仅登记证据要求）,未判定实现状态；不得复用旧审计结论
REQ-ADMINPORTAL-02000,portal,docs/SPEC-§21-Portal门户增强.md,[?] 页面帮助,**页面名称**：功能说明书：§21 Portal 门户增强,page,P1,需求规定：**页面名称**：功能说明书：§21 Portal 门户增强,源码路径+测试用例/运行验证（本阶段仅登记证据要求）,未判定实现状态；不得复用旧审计结论
REQ-ADMINPORTAL-02001,portal,docs/SPEC-§21-Portal门户增强.md,[?] 页面帮助,**适用角色**：视具体功能而定（参见总览中的优先级和适用角色说明）,permission,P1,需求规定：**适用角色**：视具体功能而定（参见总览中的优先级和适用角色说明）,源码路径+测试用例/运行验证（本阶段仅登记证据要求）,未判定实现状态；不得复用旧审计结论
REQ-ADMINPORTAL-02002,portal,docs/SPEC-§21-Portal门户增强.md,[?] 页面帮助,**功能定位**：该页面提供 功能说明书：§21 Portal 门户增强 相关的配置、查询和管理能力。,page,P1,需求规定：**功能定位**：该页面提供 功能说明书：§21 Portal 门户增强 相关的配置、查询和管理能力。,源码路径+测试用例/运行验证（本阶段仅登记证据要求）,未判定实现状态；不得复用旧审计结论
REQ-ADMINPORTAL-02003,portal,docs/SPEC-§21-Portal门户增强.md,[?] 页面帮助,**核心操作**：,logic,P1,需求规定：**核心操作**：,源码路径+测试用例/运行验证（本阶段仅登记证据要求）,未判定实现状态；不得复用旧审计结论
REQ-ADMINPORTAL-02004,portal,docs/SPEC-§21-Portal门户增强.md,[?] 页面帮助,**注意事项**：,logic,P1,需求规定：**注意事项**：,源码路径+测试用例/运行验证（本阶段仅登记证据要求）,未判定实现状态；不得复用旧审计结论
REQ-ADMINPORTAL-02005,portal,docs/SPEC-§21-Portal门户增强.md,[?] 页面帮助,- 部分操作涉及敏感数据，需二次确认或 2FA 身份验证,test,P1,需求规定：- 部分操作涉及敏感数据，需二次确认或 2FA 身份验证,源码路径+测试用例/运行验证（本阶段仅登记证据要求）,未判定实现状态；不得复用旧审计结论
REQ-ADMINPORTAL-02006,portal,docs/SPEC-§21-Portal门户增强.md,[?] 页面帮助,- 操作记录会写入操作日志,audit,P1,需求规定：- 操作记录会写入操作日志,源码路径+测试用例/运行验证（本阶段仅登记证据要求）,未判定实现状态；不得复用旧审计结论
REQ-ADMINPORTAL-02007,portal,docs/SPEC-§21-Portal门户增强.md,[?] 页面帮助,**常见问题**：,logic,P1,需求规定：**常见问题**：,源码路径+测试用例/运行验证（本阶段仅登记证据要求）,未判定实现状态；不得复用旧审计结论
REQ-ADMINPORTAL-02008,portal,docs/SPEC-§21-Portal门户增强.md,[?] 按钮级帮助对照表,| 按钮/操作 | 帮助说明 |,page,P1,需求规定：按钮/操作 | 帮助说明,源码路径+测试用例/运行验证（本阶段仅登记证据要求）,未判定实现状态；不得复用旧审计结论
REQ-ADMINPORTAL-02009,portal,docs/SPEC-§21-Portal门户增强.md,[?] 按钮级帮助对照表,| 创建/新增 | 添加一条新记录 |,audit,P1,需求规定：创建/新增 | 添加一条新记录,源码路径+测试用例/运行验证（本阶段仅登记证据要求）,未判定实现状态；不得复用旧审计结论
REQ-ADMINPORTAL-02010,portal,docs/SPEC-§21-Portal门户增强.md,[?] 按钮级帮助对照表,| 编辑 | 修改已有记录的字段内容 |,audit,P1,需求规定：编辑 | 修改已有记录的字段内容,源码路径+测试用例/运行验证（本阶段仅登记证据要求）,未判定实现状态；不得复用旧审计结论
REQ-ADMINPORTAL-02011,portal,docs/SPEC-§21-Portal门户增强.md,[?] 按钮级帮助对照表,| 删除 | 删除选中的记录（不可恢复，需确认） |,rollback,P1,需求规定：删除 | 删除选中的记录（不可恢复，需确认）,源码路径+测试用例/运行验证（本阶段仅登记证据要求）,未判定实现状态；不得复用旧审计结论
REQ-ADMINPORTAL-02012,portal,docs/SPEC-§21-Portal门户增强.md,[?] 按钮级帮助对照表,| 搜索 | 按关键词搜索匹配的记录 |,audit,P1,需求规定：搜索 | 按关键词搜索匹配的记录,源码路径+测试用例/运行验证（本阶段仅登记证据要求）,未判定实现状态；不得复用旧审计结论
REQ-ADMINPORTAL-02013,portal,docs/SPEC-§21-Portal门户增强.md,[?] 按钮级帮助对照表,| 筛选 | 按选中条件过滤列表 |,logic,P1,需求规定：筛选 | 按选中条件过滤列表,源码路径+测试用例/运行验证（本阶段仅登记证据要求）,未判定实现状态；不得复用旧审计结论
REQ-ADMINPORTAL-02014,portal,docs/SPEC-§21-Portal门户增强.md,[?] 按钮级帮助对照表,| 导出 CSV | 将当前列表数据导出为 CSV 文件 |,logic,P1,需求规定：导出 CSV | 将当前列表数据导出为 CSV 文件,源码路径+测试用例/运行验证（本阶段仅登记证据要求）,未判定实现状态；不得复用旧审计结论
REQ-ADMINPORTAL-02015,portal,docs/SPEC-§21-Portal门户增强.md,[?] 按钮级帮助对照表,| 查看详情 | 查看选中记录的完整信息 |,audit,P1,需求规定：查看详情 | 查看选中记录的完整信息,源码路径+测试用例/运行验证（本阶段仅登记证据要求）,未判定实现状态；不得复用旧审计结论
REQ-ADMINPORTAL-02016,portal,docs/SPEC-§6-Portal门户.md,功能说明书：§6 Portal 门户,- 了解平台公开信息和定价,logic,P1,需求规定：- 了解平台公开信息和定价,源码路径+测试用例/运行验证（本阶段仅登记证据要求）,未判定实现状态；不得复用旧审计结论
REQ-ADMINPORTAL-02017,portal,docs/SPEC-§6-Portal门户.md,功能说明书：§6 Portal 门户,- 注册/登录进入用户控制台,logic,P1,需求规定：- 注册/登录进入用户控制台,源码路径+测试用例/运行验证（本阶段仅登记证据要求）,未判定实现状态；不得复用旧审计结论
REQ-ADMINPORTAL-02018,portal,docs/SPEC-§6-Portal门户.md,功能说明书：§6 Portal 门户,- 查看平台状态和公告,state,P1,需求规定：- 查看平台状态和公告,源码路径+测试用例/运行验证（本阶段仅登记证据要求）,未判定实现状态；不得复用旧审计结论
REQ-ADMINPORTAL-02019,portal,docs/SPEC-§6-Portal门户.md,完成能力 / 展示效果,**Hero 区域：**,logic,P1,需求规定：**Hero 区域：**,源码路径+测试用例/运行验证（本阶段仅登记证据要求）,未判定实现状态；不得复用旧审计结论
REQ-ADMINPORTAL-02020,portal,docs/SPEC-§6-Portal门户.md,完成能力 / 展示效果,"- 标题标语：""一站式 AI API 聚合平台""",api,P1,"需求规定：- 标题标语：""一站式 AI API 聚合平台""",源码路径+测试用例/运行验证（本阶段仅登记证据要求）,未判定实现状态；不得复用旧审计结论
REQ-ADMINPORTAL-02021,portal,docs/SPEC-§6-Portal门户.md,完成能力 / 展示效果,"- 副标题：""接入 DeepSeek、OpenAI、Anthropic 等主流模型，统一计费、智能路由、精细运营""",page,P1,"需求规定：- 副标题：""接入 DeepSeek、OpenAI、Anthropic 等主流模型，统一计费、智能路由、精细运营""",源码路径+测试用例/运行验证（本阶段仅登记证据要求）,未判定实现状态；不得复用旧审计结论
REQ-ADMINPORTAL-02022,portal,docs/SPEC-§6-Portal门户.md,完成能力 / 展示效果,- 3 个 CTA 按钮：[立即注册] [查看文档] [查看模型],page,P1,需求规定：- 3 个 CTA 按钮：[立即注册] [查看文档] [查看模型],源码路径+测试用例/运行验证（本阶段仅登记证据要求）,未判定实现状态；不得复用旧审计结论
REQ-ADMINPORTAL-02023,portal,docs/SPEC-§6-Portal门户.md,完成能力 / 展示效果,**StatsBanner（实时统计数据）：**,logic,P1,需求规定：**StatsBanner（实时统计数据）：**,源码路径+测试用例/运行验证（本阶段仅登记证据要求）,未判定实现状态；不得复用旧审计结论
REQ-ADMINPORTAL-02024,portal,docs/SPEC-§6-Portal门户.md,完成能力 / 展示效果,- 已接入模型：138+（实际数据，从数据库实时读取）,logic,P1,需求规定：- 已接入模型：138+（实际数据，从数据库实时读取）,源码路径+测试用例/运行验证（本阶段仅登记证据要求）,未判定实现状态；不得复用旧审计结论
REQ-ADMINPORTAL-02025,portal,docs/SPEC-§6-Portal门户.md,完成能力 / 展示效果,- 服务用户：813+（实际数据）,logic,P1,需求规定：- 服务用户：813+（实际数据）,源码路径+测试用例/运行验证（本阶段仅登记证据要求）,未判定实现状态；不得复用旧审计结论
REQ-ADMINPORTAL-02026,portal,docs/SPEC-§6-Portal门户.md,完成能力 / 展示效果,- 累计处理 Token：5.96B+（实际数据，5 分钟缓存）,db,P1,需求规定：- 累计处理 Token：5.96B+（实际数据，5 分钟缓存）,源码路径+测试用例/运行验证（本阶段仅登记证据要求）,未判定实现状态；不得复用旧审计结论
REQ-ADMINPORTAL-02027,portal,docs/SPEC-§6-Portal门户.md,完成能力 / 展示效果,**功能特性（3 张 Feature Card）：**,logic,P1,需求规定：**功能特性（3 张 Feature Card）：**,源码路径+测试用例/运行验证（本阶段仅登记证据要求）,未判定实现状态；不得复用旧审计结论
REQ-ADMINPORTAL-02028,portal,docs/SPEC-§6-Portal门户.md,完成能力 / 展示效果,- 统一接入：一套 API Key 接入 138+ 模型，兼容 OpenAI 与 Anthropic 双格式（独立 API 域名双 base_url，后台可配置）,api,P1,需求规定：- 统一接入：一套 API Key 接入 138+ 模型，兼容 OpenAI 与 Anthropic 双格式（独立 API 域名双 base_url，后台可配置）,源码路径+测试用例/运行验证（本阶段仅登记证据要求）,未判定实现状态；不得复用旧审计结论
REQ-ADMINPORTAL-02029,portal,docs/SPEC-§6-Portal门户.md,完成能力 / 展示效果,- 智能路由：自动选择最优渠道，故障自动切换,page,P1,需求规定：- 智能路由：自动选择最优渠道，故障自动切换,源码路径+测试用例/运行验证（本阶段仅登记证据要求）,未判定实现状态；不得复用旧审计结论
REQ-ADMINPORTAL-02030,portal,docs/SPEC-§6-Portal门户.md,完成能力 / 展示效果,- 精细运营：多级代理体系、实时监控、自动对账、财务双审、安全风控,security,P1,需求规定：- 精细运营：多级代理体系、实时监控、自动对账、财务双审、安全风控,源码路径+测试用例/运行验证（本阶段仅登记证据要求）,未判定实现状态；不得复用旧审计结论
REQ-ADMINPORTAL-02031,portal,docs/SPEC-§6-Portal门户.md,完成能力 / 展示效果,**数据来源**：`GET /api/v1/public/stats`（5 分钟缓存），请求从 `call_logs` 和 `users` 表聚合,api,P1,需求规定：**数据来源**：`GET /api/v1/public/stats`（5 分钟缓存），请求从 `call_logs` 和 `users` 表聚合,源码路径+测试用例/运行验证（本阶段仅登记证据要求）,未判定实现状态；不得复用旧审计结论
REQ-ADMINPORTAL-02032,portal,docs/SPEC-§6-Portal门户.md,完成能力 / 展示效果,- 分类标签：全部模型 / 对话 / 嵌入 / 图像 / 音频,logic,P1,需求规定：- 分类标签：全部模型 / 对话 / 嵌入 / 图像 / 音频,源码路径+测试用例/运行验证（本阶段仅登记证据要求）,未判定实现状态；不得复用旧审计结论
REQ-ADMINPORTAL-02033,portal,docs/SPEC-§6-Portal门户.md,完成能力 / 展示效果,- 表格列：模型名称 | 渠道 | 输入价格 (¥/1K tokens) | 输出价格 (¥/1K tokens) | 上下文长度,field,P1,需求规定：- 表格列：模型名称 | 渠道 | 输入价格 (¥/1K tokens) | 输出价格 (¥/1K tokens) | 上下文长度,源码路径+测试用例/运行验证（本阶段仅登记证据要求）,未判定实现状态；不得复用旧审计结论
REQ-ADMINPORTAL-02034,portal,docs/SPEC-§6-Portal门户.md,完成能力 / 展示效果,- 数据源自 `GET /api/v1/public/pricing`（5 分钟缓存），仅展示 active 状态的模型,permission,P1,需求规定：- 数据源自 `GET /api/v1/public/pricing`（5 分钟缓存），仅展示 active 状态的模型,源码路径+测试用例/运行验证（本阶段仅登记证据要求）,未判定实现状态；不得复用旧审计结论
REQ-ADMINPORTAL-02035,portal,docs/SPEC-§6-Portal门户.md,完成能力 / 展示效果,- Q: 如何计费？→ 按 Token 计费，输入和输出分别计价,field,P1,需求规定：- Q: 如何计费？→ 按 Token 计费，输入和输出分别计价,源码路径+测试用例/运行验证（本阶段仅登记证据要求）,未判定实现状态；不得复用旧审计结论
REQ-ADMINPORTAL-02036,portal,docs/SPEC-§6-Portal门户.md,完成能力 / 展示效果,- Q: 有套餐吗？→ 按量计费，用多少付多少。可联系销售获取企业定制方案,logic,P1,需求规定：- Q: 有套餐吗？→ 按量计费，用多少付多少。可联系销售获取企业定制方案,源码路径+测试用例/运行验证（本阶段仅登记证据要求）,未判定实现状态；不得复用旧审计结论
REQ-ADMINPORTAL-02037,portal,docs/SPEC-§6-Portal门户.md,完成能力 / 展示效果,- Q: 有免费额度吗？→ 注册即送 ¥5 试用额度,logic,P1,需求规定：- Q: 有免费额度吗？→ 注册即送 ¥5 试用额度,源码路径+测试用例/运行验证（本阶段仅登记证据要求）,未判定实现状态；不得复用旧审计结论
REQ-ADMINPORTAL-02038,portal,docs/SPEC-§6-Portal门户.md,完成能力 / 展示效果,- 搜索框：按模型名称搜索,field,P1,需求规定：- 搜索框：按模型名称搜索,源码路径+测试用例/运行验证（本阶段仅登记证据要求）,未判定实现状态；不得复用旧审计结论
REQ-ADMINPORTAL-02039,portal,docs/SPEC-§6-Portal门户.md,完成能力 / 展示效果,- 分类筛选：全部 / 对话 / 嵌入 / 图像 / 音频 / 重排序 / 视频,logic,P1,需求规定：- 分类筛选：全部 / 对话 / 嵌入 / 图像 / 音频 / 重排序 / 视频,源码路径+测试用例/运行验证（本阶段仅登记证据要求）,未判定实现状态；不得复用旧审计结论
REQ-ADMINPORTAL-02040,portal,docs/SPEC-§6-Portal门户.md,完成能力 / 展示效果,- 模型卡片网格（每行 3-4 个）：模型名 / 渠道 / 类型标签 / 价格 / 上下文长度,logic,P1,需求规定：- 模型卡片网格（每行 3-4 个）：模型名 / 渠道 / 类型标签 / 价格 / 上下文长度,源码路径+测试用例/运行验证（本阶段仅登记证据要求）,未判定实现状态；不得复用旧审计结论
REQ-ADMINPORTAL-02041,portal,docs/SPEC-§6-Portal门户.md,完成能力 / 展示效果,- 点击弹窗详情：模型名 | 渠道 | 类型 | 上下文长度 | 输入价格 | 输出价格 | 支持特性 | 描述,field,P1,需求规定：- 点击弹窗详情：模型名 | 渠道 | 类型 | 上下文长度 | 输入价格 | 输出价格 | 支持特性 | 描述,源码路径+测试用例/运行验证（本阶段仅登记证据要求）,未判定实现状态；不得复用旧审计结论
REQ-ADMINPORTAL-02042,portal,docs/SPEC-§6-Portal门户.md,完成能力 / 展示效果,- [立即使用] 按钮 → 跳转到注册/登录,page,P1,需求规定：- [立即使用] 按钮 → 跳转到注册/登录,源码路径+测试用例/运行验证（本阶段仅登记证据要求）,未判定实现状态；不得复用旧审计结论
REQ-ADMINPORTAL-02043,portal,docs/SPEC-§6-Portal门户.md,完成能力 / 展示效果,**快速开始（3 分钟）：**,logic,P1,需求规定：**快速开始（3 分钟）：**,源码路径+测试用例/运行验证（本阶段仅登记证据要求）,未判定实现状态；不得复用旧审计结论
REQ-ADMINPORTAL-02044,portal,docs/SPEC-§6-Portal门户.md,完成能力 / 展示效果,**API 参考：**,api,P1,需求规定：**API 参考：**,源码路径+测试用例/运行验证（本阶段仅登记证据要求）,未判定实现状态；不得复用旧审计结论
REQ-ADMINPORTAL-02045,portal,docs/SPEC-§6-Portal门户.md,完成能力 / 展示效果,- 认证方式,logic,P1,需求规定：- 认证方式,源码路径+测试用例/运行验证（本阶段仅登记证据要求）,未判定实现状态；不得复用旧审计结论
REQ-ADMINPORTAL-02046,portal,docs/SPEC-§6-Portal门户.md,完成能力 / 展示效果,- Chat Completions,logic,P1,需求规定：- Chat Completions,源码路径+测试用例/运行验证（本阶段仅登记证据要求）,未判定实现状态；不得复用旧审计结论
REQ-ADMINPORTAL-02047,portal,docs/SPEC-§6-Portal门户.md,完成能力 / 展示效果,- 模型列表,logic,P1,需求规定：- 模型列表,源码路径+测试用例/运行验证（本阶段仅登记证据要求）,未判定实现状态；不得复用旧审计结论
REQ-ADMINPORTAL-02048,portal,docs/SPEC-§6-Portal门户.md,完成能力 / 展示效果,- 错误码参考,exception,P1,需求规定：- 错误码参考,源码路径+测试用例/运行验证（本阶段仅登记证据要求）,未判定实现状态；不得复用旧审计结论
REQ-ADMINPORTAL-02049,portal,docs/SPEC-§6-Portal门户.md,完成能力 / 展示效果,- 速率限制,logic,P1,需求规定：- 速率限制,源码路径+测试用例/运行验证（本阶段仅登记证据要求）,未判定实现状态；不得复用旧审计结论
REQ-ADMINPORTAL-02050,portal,docs/SPEC-§6-Portal门户.md,完成能力 / 展示效果,**代码示例：** cURL / Python / JavaScript / Java / Go / Rust,field,P1,需求规定：**代码示例：** cURL / Python / JavaScript / Java / Go / Rust,源码路径+测试用例/运行验证（本阶段仅登记证据要求）,未判定实现状态；不得复用旧审计结论
REQ-ADMINPORTAL-02051,portal,docs/SPEC-§6-Portal门户.md,完成能力 / 展示效果,**最佳实践：** 错误重试策略 / 成本优化建议 / 安全性配置 / 高并发场景,concurrency,P1,需求规定：**最佳实践：** 错误重试策略 / 成本优化建议 / 安全性配置 / 高并发场景,源码路径+测试用例/运行验证（本阶段仅登记证据要求）,未判定实现状态；不得复用旧审计结论
REQ-ADMINPORTAL-02052,portal,docs/SPEC-§6-Portal门户.md,边界条件,| 场景 | 行为 |,logic,P1,需求规定：场景 | 行为,源码路径+测试用例/运行验证（本阶段仅登记证据要求）,未判定实现状态；不得复用旧审计结论
REQ-ADMINPORTAL-02053,portal,docs/SPEC-§6-Portal门户.md,边界条件,"| 统计数据无法获取 | 展示上一次缓存值，标注""数据来自缓存"" |",db,P1,"需求规定：统计数据无法获取 | 展示上一次缓存值，标注""数据来自缓存""",源码路径+测试用例/运行验证（本阶段仅登记证据要求）,未判定实现状态；不得复用旧审计结论
REQ-ADMINPORTAL-02054,portal,docs/SPEC-§6-Portal门户.md,边界条件,"| 模型全部下线 | 定价页展示""暂无可用模型""提示 |",state,P1,"需求规定：模型全部下线 | 定价页展示""暂无可用模型""提示",源码路径+测试用例/运行验证（本阶段仅登记证据要求）,未判定实现状态；不得复用旧审计结论
REQ-ADMINPORTAL-02055,portal,docs/SPEC-§6-Portal门户.md,边界条件,| 注册按钮 | 已登录用户跳转到控制台，未登录跳转到注册页 |,page,P1,需求规定：注册按钮 | 已登录用户跳转到控制台，未登录跳转到注册页,源码路径+测试用例/运行验证（本阶段仅登记证据要求）,未判定实现状态；不得复用旧审计结论
REQ-ADMINPORTAL-02056,portal,docs/SPEC-§6-Portal门户.md,错误码参考页,- 错误码 | HTTP 状态 | 含义 | 处理建议 | 代码示例,api,P1,需求规定：- 错误码 | HTTP 状态 | 含义 | 处理建议 | 代码示例,源码路径+测试用例/运行验证（本阶段仅登记证据要求）,未判定实现状态；不得复用旧审计结论
REQ-ADMINPORTAL-02057,portal,docs/SPEC-§6-Portal门户.md,错误码参考页,- 涵盖：invalid_api_key(401) / key_disabled(403) / insufficient_balance(402) / rate_limit_exceeded(429) / model_not_found(404) 等,logic,P1,需求规定：- 涵盖：invalid_api_key(401) / key_disabled(403) / insufficient_balance(402) / rate_limit_exceeded(429) / model_not_found(404) 等,源码路径+测试用例/运行验证（本阶段仅登记证据要求）,未判定实现状态；不得复用旧审计结论
REQ-ADMINPORTAL-02058,portal,docs/SPEC-§6-Portal门户.md,错误码参考页,- 限流错误额外展示 retry_after 使用方式,exception,P1,需求规定：- 限流错误额外展示 retry_after 使用方式,源码路径+测试用例/运行验证（本阶段仅登记证据要求）,未判定实现状态；不得复用旧审计结论
REQ-ADMINPORTAL-02059,portal,docs/SPEC-§6-Portal门户.md,错误码参考页,- 每个错误码附带代码示例（cURL/Python）说明如何正确处理,exception,P1,需求规定：- 每个错误码附带代码示例（cURL/Python）说明如何正确处理,源码路径+测试用例/运行验证（本阶段仅登记证据要求）,未判定实现状态；不得复用旧审计结论
REQ-ADMINPORTAL-02060,portal,docs/SPEC-§6-Portal门户.md,[?] 页面帮助,**页面名称**：功能说明书：§6 Portal 门户,page,P1,需求规定：**页面名称**：功能说明书：§6 Portal 门户,源码路径+测试用例/运行验证（本阶段仅登记证据要求）,未判定实现状态；不得复用旧审计结论
REQ-ADMINPORTAL-02061,portal,docs/SPEC-§6-Portal门户.md,[?] 页面帮助,**适用角色**：视具体功能而定（参见总览中的优先级和适用角色说明）,permission,P1,需求规定：**适用角色**：视具体功能而定（参见总览中的优先级和适用角色说明）,源码路径+测试用例/运行验证（本阶段仅登记证据要求）,未判定实现状态；不得复用旧审计结论
REQ-ADMINPORTAL-02062,portal,docs/SPEC-§6-Portal门户.md,[?] 页面帮助,**功能定位**：该页面提供 功能说明书：§6 Portal 门户 相关的配置、查询和管理能力。,page,P1,需求规定：**功能定位**：该页面提供 功能说明书：§6 Portal 门户 相关的配置、查询和管理能力。,源码路径+测试用例/运行验证（本阶段仅登记证据要求）,未判定实现状态；不得复用旧审计结论
REQ-ADMINPORTAL-02063,portal,docs/SPEC-§6-Portal门户.md,[?] 页面帮助,**核心操作**：,logic,P1,需求规定：**核心操作**：,源码路径+测试用例/运行验证（本阶段仅登记证据要求）,未判定实现状态；不得复用旧审计结论
REQ-ADMINPORTAL-02064,portal,docs/SPEC-§6-Portal门户.md,[?] 页面帮助,**注意事项**：,logic,P1,需求规定：**注意事项**：,源码路径+测试用例/运行验证（本阶段仅登记证据要求）,未判定实现状态；不得复用旧审计结论
REQ-ADMINPORTAL-02065,portal,docs/SPEC-§6-Portal门户.md,[?] 页面帮助,- 部分操作涉及敏感数据，需二次确认或 2FA 身份验证,test,P1,需求规定：- 部分操作涉及敏感数据，需二次确认或 2FA 身份验证,源码路径+测试用例/运行验证（本阶段仅登记证据要求）,未判定实现状态；不得复用旧审计结论
REQ-ADMINPORTAL-02066,portal,docs/SPEC-§6-Portal门户.md,[?] 页面帮助,- 操作记录会写入操作日志,audit,P1,需求规定：- 操作记录会写入操作日志,源码路径+测试用例/运行验证（本阶段仅登记证据要求）,未判定实现状态；不得复用旧审计结论
REQ-ADMINPORTAL-02067,portal,docs/SPEC-§6-Portal门户.md,[?] 页面帮助,**常见问题**：,logic,P1,需求规定：**常见问题**：,源码路径+测试用例/运行验证（本阶段仅登记证据要求）,未判定实现状态；不得复用旧审计结论
REQ-ADMINPORTAL-02068,portal,docs/SPEC-§6-Portal门户.md,[?] 按钮级帮助对照表,| 按钮/操作 | 帮助说明 |,page,P1,需求规定：按钮/操作 | 帮助说明,源码路径+测试用例/运行验证（本阶段仅登记证据要求）,未判定实现状态；不得复用旧审计结论
REQ-ADMINPORTAL-02069,portal,docs/SPEC-§6-Portal门户.md,[?] 按钮级帮助对照表,| 创建/新增 | 添加一条新记录 |,audit,P1,需求规定：创建/新增 | 添加一条新记录,源码路径+测试用例/运行验证（本阶段仅登记证据要求）,未判定实现状态；不得复用旧审计结论
REQ-ADMINPORTAL-02070,portal,docs/SPEC-§6-Portal门户.md,[?] 按钮级帮助对照表,| 编辑 | 修改已有记录的字段内容 |,audit,P1,需求规定：编辑 | 修改已有记录的字段内容,源码路径+测试用例/运行验证（本阶段仅登记证据要求）,未判定实现状态；不得复用旧审计结论
REQ-ADMINPORTAL-02071,portal,docs/SPEC-§6-Portal门户.md,[?] 按钮级帮助对照表,| 删除 | 删除选中的记录（不可恢复，需确认） |,rollback,P1,需求规定：删除 | 删除选中的记录（不可恢复，需确认）,源码路径+测试用例/运行验证（本阶段仅登记证据要求）,未判定实现状态；不得复用旧审计结论
REQ-ADMINPORTAL-02072,portal,docs/SPEC-§6-Portal门户.md,[?] 按钮级帮助对照表,| 搜索 | 按关键词搜索匹配的记录 |,audit,P1,需求规定：搜索 | 按关键词搜索匹配的记录,源码路径+测试用例/运行验证（本阶段仅登记证据要求）,未判定实现状态；不得复用旧审计结论
REQ-ADMINPORTAL-02073,portal,docs/SPEC-§6-Portal门户.md,[?] 按钮级帮助对照表,| 筛选 | 按选中条件过滤列表 |,logic,P1,需求规定：筛选 | 按选中条件过滤列表,源码路径+测试用例/运行验证（本阶段仅登记证据要求）,未判定实现状态；不得复用旧审计结论
REQ-ADMINPORTAL-02074,portal,docs/SPEC-§6-Portal门户.md,[?] 按钮级帮助对照表,| 导出 CSV | 将当前列表数据导出为 CSV 文件 |,logic,P1,需求规定：导出 CSV | 将当前列表数据导出为 CSV 文件,源码路径+测试用例/运行验证（本阶段仅登记证据要求）,未判定实现状态；不得复用旧审计结论
REQ-ADMINPORTAL-02075,portal,docs/SPEC-§6-Portal门户.md,[?] 按钮级帮助对照表,| 查看详情 | 查看选中记录的完整信息 |,audit,P1,需求规定：查看详情 | 查看选中记录的完整信息,源码路径+测试用例/运行验证（本阶段仅登记证据要求）,未判定实现状态；不得复用旧审计结论
REQ-ADMINPORTAL-02076,admin-portal,docs/ref-4.1-admin-dashboard.md,2.1 GET `/api/v1/admin/dashboard/summary` — 看板概览,**响应**：,logic,P1,需求规定：**响应**：,源码路径+测试用例/运行验证（本阶段仅登记证据要求）,未判定实现状态；不得复用旧审计结论
REQ-ADMINPORTAL-02077,admin-portal,docs/ref-4.1-admin-dashboard.md,2.2 待办计数,| 待办项 | 数据源 | 查询方式 |,logic,P1,需求规定：待办项 | 数据源 | 查询方式,源码路径+测试用例/运行验证（本阶段仅登记证据要求）,未判定实现状态；不得复用旧审计结论
REQ-ADMINPORTAL-02078,admin-portal,docs/ref-4.1-admin-dashboard.md,2.2 待办计数,| 未处置安全事件 | `security_events` | WHERE acknowledged=false |,security,P1,需求规定：未处置安全事件 | `security_events` | WHERE acknowledged=false,源码路径+测试用例/运行验证（本阶段仅登记证据要求）,未判定实现状态；不得复用旧审计结论
REQ-ADMINPORTAL-02079,admin-portal,docs/ref-4.1-admin-dashboard.md,2.2 待办计数,| 代理晋升待审 | `agents` | WHERE audit_status='pending' |,logic,P1,需求规定：代理晋升待审 | `agents` | WHERE audit_status='pending',源码路径+测试用例/运行验证（本阶段仅登记证据要求）,未判定实现状态；不得复用旧审计结论
REQ-ADMINPORTAL-02080,admin-portal,docs/ref-4.1-admin-dashboard.md,2.2 待办计数,| 公告待推送 | `announcements` | WHERE is_published=false AND scheduledAt IS NULL |,logic,P1,需求规定：公告待推送 | `announcements` | WHERE is_published=false AND scheduledAt IS NULL,源码路径+测试用例/运行验证（本阶段仅登记证据要求）,未判定实现状态；不得复用旧审计结论
REQ-ADMINPORTAL-02081,admin-portal,docs/ref-4.1-admin-dashboard.md,2.2 待办计数,| 异常告警待处理 | `operation_alerts` | WHERE status='pending' |,exception,P1,需求规定：异常告警待处理 | `operation_alerts` | WHERE status='pending',源码路径+测试用例/运行验证（本阶段仅登记证据要求）,未判定实现状态；不得复用旧审计结论
REQ-ADMINPORTAL-02082,admin-portal,docs/ref-4.1-admin-dashboard.md,3. 前端组件,**AdminDashboardKpiCardProps**：,logic,P1,需求规定：**AdminDashboardKpiCardProps**：,源码路径+测试用例/运行验证（本阶段仅登记证据要求）,未判定实现状态；不得复用旧审计结论
REQ-ADMINPORTAL-02083,admin-portal,docs/ref-4.1-admin-dashboard.md,3. 前端组件,**PendingTaskBadgeProps**：,logic,P1,需求规定：**PendingTaskBadgeProps**：,源码路径+测试用例/运行验证（本阶段仅登记证据要求）,未判定实现状态；不得复用旧审计结论
REQ-ADMINPORTAL-02084,admin-portal,docs/ref-4.1-admin-dashboard.md,看板数据场景,| # | 场景 | 触发条件 | 预期行为 |,logic,P1,需求规定：# | 场景 | 触发条件 | 预期行为,源码路径+测试用例/运行验证（本阶段仅登记证据要求）,未判定实现状态；不得复用旧审计结论
REQ-ADMINPORTAL-02085,admin-portal,docs/ref-4.1-admin-dashboard.md,看板数据场景,| ADM-001 | 统计数据不一致 | KPI 卡片间交叉依赖数据未在同一事务中读取，导致 DAU 和日调用量统计口径不一 | 每项 KPI 独立缓存和计算，前端不做强制一致性校验，后端在缓存写入时确保时间窗口一致 |,transaction,P1,需求规定：ADM-001 | 统计数据不一致 | KPI 卡片间交叉依赖数据未在同一事务中读取，导致 DAU 和日调用量统计口径不一 | 每项 KPI 独立缓存和计算，前端不做强制一致性校验，后端在缓存写入时确保时间窗口一致,源码路径+测试用例/运行验证（本阶段仅登记证据要求）,未判定实现状态；不得复用旧审计结论
REQ-ADMINPORTAL-02086,admin-portal,docs/ref-4.1-admin-dashboard.md,看板数据场景,| ADM-002 | 待办中心加载失败 | 待办计数查询（安全事件/代理晋升/公告/告警）中某一项数据源不可用 | 该待办项展示 `--` 替代数字，不阻塞其他待办项显示，页面上保留待办区域但不显示数字徽标 |,exception,P1,需求规定：ADM-002 | 待办中心加载失败 | 待办计数查询（安全事件/代理晋升/公告/告警）中某一项数据源不可用 | 该待办项展示 `--` 替代数字，不阻塞其他待办项显示，页面上保留待办区域但不显示数字徽标,源码路径+测试用例/运行验证（本阶段仅登记证据要求）,未判定实现状态；不得复用旧审计结论
REQ-ADMINPORTAL-02087,admin-portal,docs/ref-4.1-admin-dashboard.md,看板数据场景,| ADM-003 | 自定义视图保存失败 | 管理员尝试保存自定义看板布局配置时 Redis/DB 写入异常 | 前端提示「视图保存失败，请重试」，保留当前页面的临时修改不丢失 |,db,P1,需求规定：ADM-003 | 自定义视图保存失败 | 管理员尝试保存自定义看板布局配置时 Redis/DB 写入异常 | 前端提示「视图保存失败，请重试」，保留当前页面的临时修改不丢失,源码路径+测试用例/运行验证（本阶段仅登记证据要求）,未判定实现状态；不得复用旧审计结论
REQ-ADMINPORTAL-02088,admin-portal,docs/ref-4.1-admin-dashboard.md,看板数据场景,| ADM-004 | 实时活动流 WebSocket 断连 | 页面长时间无操作或网络波动导致 WebSocket 连接断开 | 断线重连提示「连接已断开，正在重连...」，自动每 3 秒尝试重连，最多 10 次 |,page,P1,需求规定：ADM-004 | 实时活动流 WebSocket 断连 | 页面长时间无操作或网络波动导致 WebSocket 连接断开 | 断线重连提示「连接已断开，正在重连...」，自动每 3 秒尝试重连，最多 10 次,源码路径+测试用例/运行验证（本阶段仅登记证据要求）,未判定实现状态；不得复用旧审计结论
REQ-ADMINPORTAL-02089,admin-portal,docs/ref-4.1-admin-dashboard.md,看板数据场景,| ADM-005 | 异常指标面板空数据的看板显示 | 无任何指标触发告警阈值 | 异常指标面板展示「当前无异常指标」，不显示红框/黄框高亮 |,exception,P1,需求规定：ADM-005 | 异常指标面板空数据的看板显示 | 无任何指标触发告警阈值 | 异常指标面板展示「当前无异常指标」，不显示红框/黄框高亮,源码路径+测试用例/运行验证（本阶段仅登记证据要求）,未判定实现状态；不得复用旧审计结论
REQ-ADMINPORTAL-02090,admin-portal,docs/ref-4.1-admin-dashboard.md,异常流程,| 场景 | 恢复策略 |,rollback,P1,需求规定：场景 | 恢复策略,源码路径+测试用例/运行验证（本阶段仅登记证据要求）,未判定实现状态；不得复用旧审计结论
REQ-ADMINPORTAL-02091,admin-portal,docs/ref-4.1-admin-dashboard.md,异常流程,| 看板概览 API 整体超时（> 5s） | 每项 KPI 独立降级展示缓存数据，待办区域不展示，前端显示局部刷新按钮 |,api,P1,需求规定：看板概览 API 整体超时（> 5s） | 每项 KPI 独立降级展示缓存数据，待办区域不展示，前端显示局部刷新按钮,源码路径+测试用例/运行验证（本阶段仅登记证据要求）,未判定实现状态；不得复用旧审计结论
REQ-ADMINPORTAL-02092,admin-portal,docs/ref-4.1-admin-dashboard.md,异常流程,| 近 7 天趋势图数据不完整（部分日期缺失）| 缺失日期标记为「数据缺失」虚线连接，不影响其他数据点展示 |,page,P1,需求规定：近 7 天趋势图数据不完整（部分日期缺失）| 缺失日期标记为「数据缺失」虚线连接，不影响其他数据点展示,源码路径+测试用例/运行验证（本阶段仅登记证据要求）,未判定实现状态；不得复用旧审计结论
REQ-ADMINPORTAL-02093,admin-portal,docs/ref-4.1-admin-dashboard.md,异常流程,| 待办计数持续失败 3 次以上 | 停止自动轮询该待办项，提供手动刷新入口，记录告警日志通知运维 |,audit,P1,需求规定：待办计数持续失败 3 次以上 | 停止自动轮询该待办项，提供手动刷新入口，记录告警日志通知运维,源码路径+测试用例/运行验证（本阶段仅登记证据要求）,未判定实现状态；不得复用旧审计结论
REQ-ADMINPORTAL-02094,growth-operations,docs/ref-4.10-user-segmentation.md,1.1 `user_tags` — 用户标签定义,**标签分类（category）预设**：,logic,P1,需求规定：**标签分类（category）预设**：,源码路径+测试用例/运行验证（本阶段仅登记证据要求）,未判定实现状态；不得复用旧审计结论
REQ-ADMINPORTAL-02095,growth-operations,docs/ref-4.10-user-segmentation.md,1.1 `user_tags` — 用户标签定义,| 分类 | 说明 | 系统预置标签示例 |,logic,P1,需求规定：分类 | 说明 | 系统预置标签示例,源码路径+测试用例/运行验证（本阶段仅登记证据要求）,未判定实现状态；不得复用旧审计结论
REQ-ADMINPORTAL-02096,growth-operations,docs/ref-4.10-user-segmentation.md,1.1 `user_tags` — 用户标签定义,| `lifecycle` | 用户生命周期 | 新注册、活跃、沉睡、流失 |,logic,P1,需求规定：`lifecycle` | 用户生命周期 | 新注册、活跃、沉睡、流失,源码路径+测试用例/运行验证（本阶段仅登记证据要求）,未判定实现状态；不得复用旧审计结论
REQ-ADMINPORTAL-02097,growth-operations,docs/ref-4.10-user-segmentation.md,1.1 `user_tags` — 用户标签定义,| `consumption` | 消费行为 | 高消费、中消费、低消费、零消费 |,logic,P1,需求规定：`consumption` | 消费行为 | 高消费、中消费、低消费、零消费,源码路径+测试用例/运行验证（本阶段仅登记证据要求）,未判定实现状态；不得复用旧审计结论
REQ-ADMINPORTAL-02098,growth-operations,docs/ref-4.10-user-segmentation.md,1.1 `user_tags` — 用户标签定义,| `identity` | 身份属性 | 企业认证、个人认证、未认证 |,logic,P1,需求规定：`identity` | 身份属性 | 企业认证、个人认证、未认证,源码路径+测试用例/运行验证（本阶段仅登记证据要求）,未判定实现状态；不得复用旧审计结论
REQ-ADMINPORTAL-02099,growth-operations,docs/ref-4.10-user-segmentation.md,1.1 `user_tags` — 用户标签定义,| `channel` | 来源渠道 | 自然流量、代理引入、活动引流 |,logic,P1,需求规定：`channel` | 来源渠道 | 自然流量、代理引入、活动引流,源码路径+测试用例/运行验证（本阶段仅登记证据要求）,未判定实现状态；不得复用旧审计结论
REQ-ADMINPORTAL-02100,growth-operations,docs/ref-4.10-user-segmentation.md,1.1 `user_tags` — 用户标签定义,| `model` | 模型偏好 | GPT系、DeepSeek系、Claude系、多模型 |,logic,P1,需求规定：`model` | 模型偏好 | GPT系、DeepSeek系、Claude系、多模型,源码路径+测试用例/运行验证（本阶段仅登记证据要求）,未判定实现状态；不得复用旧审计结论
REQ-ADMINPORTAL-02101,growth-operations,docs/ref-4.10-user-segmentation.md,1.1 `user_tags` — 用户标签定义,| `custom` | 自定义 | 运营自定义标签 |,logic,P1,需求规定：`custom` | 自定义 | 运营自定义标签,源码路径+测试用例/运行验证（本阶段仅登记证据要求）,未判定实现状态；不得复用旧审计结论
REQ-ADMINPORTAL-02102,growth-operations,docs/ref-4.10-user-segmentation.md,1.6 `user_segment_snapshots` — 分群快照,**SegmentSnapshotData 类型**：,logic,P1,需求规定：**SegmentSnapshotData 类型**：,源码路径+测试用例/运行验证（本阶段仅登记证据要求）,未判定实现状态；不得复用旧审计结论
REQ-ADMINPORTAL-02103,growth-operations,docs/ref-4.10-user-segmentation.md,2.1 标签 CRUD,**标签列表页**,logic,P1,需求规定：**标签列表页**,源码路径+测试用例/运行验证（本阶段仅登记证据要求）,未判定实现状态；不得复用旧审计结论
REQ-ADMINPORTAL-02104,growth-operations,docs/ref-4.10-user-segmentation.md,2.1 标签 CRUD,| 功能 | 说明 |,logic,P1,需求规定：功能 | 说明,源码路径+测试用例/运行验证（本阶段仅登记证据要求）,未判定实现状态；不得复用旧审计结论
REQ-ADMINPORTAL-02105,growth-operations,docs/ref-4.10-user-segmentation.md,2.1 标签 CRUD,| 标签列表 | 按分类 tab 分组，卡片网格展示 |,page,P1,需求规定：标签列表 | 按分类 tab 分组，卡片网格展示,源码路径+测试用例/运行验证（本阶段仅登记证据要求）,未判定实现状态；不得复用旧审计结论
REQ-ADMINPORTAL-02106,growth-operations,docs/ref-4.10-user-segmentation.md,2.1 标签 CRUD,| 排序 | 拖拽排序（sort_order） |,logic,P1,需求规定：排序 | 拖拽排序（sort_order）,源码路径+测试用例/运行验证（本阶段仅登记证据要求）,未判定实现状态；不得复用旧审计结论
REQ-ADMINPORTAL-02107,growth-operations,docs/ref-4.10-user-segmentation.md,2.1 标签 CRUD,| 搜索 | 按标签名模糊搜索 |,logic,P1,需求规定：搜索 | 按标签名模糊搜索,源码路径+测试用例/运行验证（本阶段仅登记证据要求）,未判定实现状态；不得复用旧审计结论
REQ-ADMINPORTAL-02108,growth-operations,docs/ref-4.10-user-segmentation.md,2.1 标签 CRUD,| 筛选 | 按分类、来源筛选 |,logic,P1,需求规定：筛选 | 按分类、来源筛选,源码路径+测试用例/运行验证（本阶段仅登记证据要求）,未判定实现状态；不得复用旧审计结论
REQ-ADMINPORTAL-02109,growth-operations,docs/ref-4.10-user-segmentation.md,2.1 标签 CRUD,| 每个标签卡片 | 显示名称、颜色、分类、来源、打标人数 |,field,P1,需求规定：每个标签卡片 | 显示名称、颜色、分类、来源、打标人数,源码路径+测试用例/运行验证（本阶段仅登记证据要求）,未判定实现状态；不得复用旧审计结论
REQ-ADMINPORTAL-02110,growth-operations,docs/ref-4.10-user-segmentation.md,2.1 标签 CRUD,"| 系统标签 | 带""🔒 系统""标记，不可编辑删除 |",logic,P1,"需求规定：系统标签 | 带""🔒 系统""标记，不可编辑删除",源码路径+测试用例/运行验证（本阶段仅登记证据要求）,未判定实现状态；不得复用旧审计结论
REQ-ADMINPORTAL-02111,growth-operations,docs/ref-4.10-user-segmentation.md,2.1 标签 CRUD,**创建/编辑标签弹窗**,logic,P1,需求规定：**创建/编辑标签弹窗**,源码路径+测试用例/运行验证（本阶段仅登记证据要求）,未判定实现状态；不得复用旧审计结论
REQ-ADMINPORTAL-02112,growth-operations,docs/ref-4.10-user-segmentation.md,2.1 标签 CRUD,| 字段 | 必填 | 类型 | 说明 |,field,P1,需求规定：字段 | 必填 | 类型 | 说明,源码路径+测试用例/运行验证（本阶段仅登记证据要求）,未判定实现状态；不得复用旧审计结论
REQ-ADMINPORTAL-02113,growth-operations,docs/ref-4.10-user-segmentation.md,2.1 标签 CRUD,"| 标签名 | ✅ | text(64) | 全局唯一，如""高价值用户"" |",logic,P1,"需求规定：标签名 | ✅ | text(64) | 全局唯一，如""高价值用户""",源码路径+测试用例/运行验证（本阶段仅登记证据要求）,未判定实现状态；不得复用旧审计结论
REQ-ADMINPORTAL-02114,growth-operations,docs/ref-4.10-user-segmentation.md,2.1 标签 CRUD,| 颜色 | ✅ | color picker | 默认 #3B82F6，影响卡片和标注颜色 |,logic,P1,需求规定：颜色 | ✅ | color picker | 默认 #3B82F6，影响卡片和标注颜色,源码路径+测试用例/运行验证（本阶段仅登记证据要求）,未判定实现状态；不得复用旧审计结论
REQ-ADMINPORTAL-02115,growth-operations,docs/ref-4.10-user-segmentation.md,2.1 标签 CRUD,| 分类 | ✅ | select | lifecycle / consumption / identity / channel / model / custom |,logic,P1,需求规定：分类 | ✅ | select | lifecycle / consumption / identity / channel / model / custom,源码路径+测试用例/运行验证（本阶段仅登记证据要求）,未判定实现状态；不得复用旧审计结论
REQ-ADMINPORTAL-02116,growth-operations,docs/ref-4.10-user-segmentation.md,2.1 标签 CRUD,| 描述 | ❌ | textarea(256) | 说明标签用途和打标规则 |,logic,P1,需求规定：描述 | ❌ | textarea(256) | 说明标签用途和打标规则,源码路径+测试用例/运行验证（本阶段仅登记证据要求）,未判定实现状态；不得复用旧审计结论
REQ-ADMINPORTAL-02117,growth-operations,docs/ref-4.10-user-segmentation.md,2.1 标签 CRUD,**标签操作**,logic,P1,需求规定：**标签操作**,源码路径+测试用例/运行验证（本阶段仅登记证据要求）,未判定实现状态；不得复用旧审计结论
REQ-ADMINPORTAL-02118,growth-operations,docs/ref-4.10-user-segmentation.md,2.1 标签 CRUD,| 操作 | 限制 | 说明 |,logic,P1,需求规定：操作 | 限制 | 说明,源码路径+测试用例/运行验证（本阶段仅登记证据要求）,未判定实现状态；不得复用旧审计结论
REQ-ADMINPORTAL-02119,growth-operations,docs/ref-4.10-user-segmentation.md,2.1 标签 CRUD,| 编辑 | 系统标签不可编辑 | 修改名称/颜色/分类/描述 |,field,P1,需求规定：编辑 | 系统标签不可编辑 | 修改名称/颜色/分类/描述,源码路径+测试用例/运行验证（本阶段仅登记证据要求）,未判定实现状态；不得复用旧审计结论
REQ-ADMINPORTAL-02120,growth-operations,docs/ref-4.10-user-segmentation.md,2.1 标签 CRUD,| 删除 | 系统标签不可删除,logic,P1,需求规定：删除 | 系统标签不可删除,源码路径+测试用例/运行验证（本阶段仅登记证据要求）,未判定实现状态；不得复用旧审计结论
REQ-ADMINPORTAL-02121,growth-operations,docs/ref-4.10-user-segmentation.md,2.1 标签 CRUD,有关联用户时二次确认 | 删除标签同时清除所有用户关联 |,concurrency,P1,需求规定：有关联用户时二次确认 | 删除标签同时清除所有用户关联,源码路径+测试用例/运行验证（本阶段仅登记证据要求）,未判定实现状态；不得复用旧审计结论
REQ-ADMINPORTAL-02122,growth-operations,docs/ref-4.10-user-segmentation.md,2.1 标签 CRUD,| 合并 | — | 将标签 B 合并到标签 A，所有关联用户转移 |,logic,P1,需求规定：合并 | — | 将标签 B 合并到标签 A，所有关联用户转移,源码路径+测试用例/运行验证（本阶段仅登记证据要求）,未判定实现状态；不得复用旧审计结论
REQ-ADMINPORTAL-02123,growth-operations,docs/ref-4.10-user-segmentation.md,2.1 标签 CRUD,| 停用 | — | 隐藏但保留数据和关联（软删除） |,logic,P1,需求规定：停用 | — | 隐藏但保留数据和关联（软删除）,源码路径+测试用例/运行验证（本阶段仅登记证据要求）,未判定实现状态；不得复用旧审计结论
REQ-ADMINPORTAL-02124,growth-operations,docs/ref-4.10-user-segmentation.md,2.2 手动打标/去标,**用户列表批量操作**：,logic,P1,需求规定：**用户列表批量操作**：,源码路径+测试用例/运行验证（本阶段仅登记证据要求）,未判定实现状态；不得复用旧审计结论
REQ-ADMINPORTAL-02125,growth-operations,docs/ref-4.10-user-segmentation.md,2.2 手动打标/去标,**用户详情页**：,logic,P1,需求规定：**用户详情页**：,源码路径+测试用例/运行验证（本阶段仅登记证据要求）,未判定实现状态；不得复用旧审计结论
REQ-ADMINPORTAL-02126,growth-operations,docs/ref-4.10-user-segmentation.md,2.2 手动打标/去标,- 标签区域展示用户已有标签（彩色 tag 组件）,page,P1,需求规定：- 标签区域展示用户已有标签（彩色 tag 组件）,源码路径+测试用例/运行验证（本阶段仅登记证据要求）,未判定实现状态；不得复用旧审计结论
REQ-ADMINPORTAL-02127,growth-operations,docs/ref-4.10-user-segmentation.md,2.2 手动打标/去标,"- 点击 ""+"" 按钮弹出标签选择器",page,P1,"需求规定：- 点击 ""+"" 按钮弹出标签选择器",源码路径+测试用例/运行验证（本阶段仅登记证据要求）,未判定实现状态；不得复用旧审计结论
REQ-ADMINPORTAL-02128,growth-operations,docs/ref-4.10-user-segmentation.md,2.2 手动打标/去标,"- 点击标签上的 ""×"" 去标",logic,P1,"需求规定：- 点击标签上的 ""×"" 去标",源码路径+测试用例/运行验证（本阶段仅登记证据要求）,未判定实现状态；不得复用旧审计结论
REQ-ADMINPORTAL-02129,growth-operations,docs/ref-4.10-user-segmentation.md,2.2 手动打标/去标,- 单个用户操作立即生效,logic,P1,需求规定：- 单个用户操作立即生效,源码路径+测试用例/运行验证（本阶段仅登记证据要求）,未判定实现状态；不得复用旧审计结论
REQ-ADMINPORTAL-02130,growth-operations,docs/ref-4.10-user-segmentation.md,2.2 手动打标/去标,**权限要求**：`USER_EDIT`,permission,P1,需求规定：**权限要求**：`USER_EDIT`,源码路径+测试用例/运行验证（本阶段仅登记证据要求）,未判定实现状态；不得复用旧审计结论
REQ-ADMINPORTAL-02131,growth-operations,docs/ref-4.10-user-segmentation.md,2.3 自动打标规则,**规则创建**：,logic,P1,需求规定：**规则创建**：,源码路径+测试用例/运行验证（本阶段仅登记证据要求）,未判定实现状态；不得复用旧审计结论
REQ-ADMINPORTAL-02132,growth-operations,docs/ref-4.10-user-segmentation.md,2.3 自动打标规则,| 步骤 | 内容 |,logic,P1,需求规定：步骤 | 内容,源码路径+测试用例/运行验证（本阶段仅登记证据要求）,未判定实现状态；不得复用旧审计结论
REQ-ADMINPORTAL-02133,growth-operations,docs/ref-4.10-user-segmentation.md,2.3 自动打标规则,| 1. 选择目标标签 | 将规则匹配的用户打上哪个标签 |,logic,P1,需求规定：1. 选择目标标签 | 将规则匹配的用户打上哪个标签,源码路径+测试用例/运行验证（本阶段仅登记证据要求）,未判定实现状态；不得复用旧审计结论
REQ-ADMINPORTAL-02134,growth-operations,docs/ref-4.10-user-segmentation.md,2.3 自动打标规则,| 2. 设置筛选条件 | 使用圈选引擎生成 conditions JSON |,logic,P1,需求规定：2. 设置筛选条件 | 使用圈选引擎生成 conditions JSON,源码路径+测试用例/运行验证（本阶段仅登记证据要求）,未判定实现状态；不得复用旧审计结论
REQ-ADMINPORTAL-02135,growth-operations,docs/ref-4.10-user-segmentation.md,2.3 自动打标规则,| 3. 设置执行频率 | realtime(实时)/ hourly(每小时)/ daily(每日)/ manual(手动) |,logic,P1,需求规定：3. 设置执行频率 | realtime(实时)/ hourly(每小时)/ daily(每日)/ manual(手动),源码路径+测试用例/运行验证（本阶段仅登记证据要求）,未判定实现状态；不得复用旧审计结论
REQ-ADMINPORTAL-02136,growth-operations,docs/ref-4.10-user-segmentation.md,2.3 自动打标规则,| 4. 启用规则 | 创建后默认启用 |,state,P1,需求规定：4. 启用规则 | 创建后默认启用,源码路径+测试用例/运行验证（本阶段仅登记证据要求）,未判定实现状态；不得复用旧审计结论
REQ-ADMINPORTAL-02137,growth-operations,docs/ref-4.10-user-segmentation.md,2.3 自动打标规则,**执行逻辑**：,logic,P1,需求规定：**执行逻辑**：,源码路径+测试用例/运行验证（本阶段仅登记证据要求）,未判定实现状态；不得复用旧审计结论
REQ-ADMINPORTAL-02138,growth-operations,docs/ref-4.10-user-segmentation.md,2.3 自动打标规则,**执行日志**：,audit,P1,需求规定：**执行日志**：,源码路径+测试用例/运行验证（本阶段仅登记证据要求）,未判定实现状态；不得复用旧审计结论
REQ-ADMINPORTAL-02139,growth-operations,docs/ref-4.10-user-segmentation.md,2.3 自动打标规则,| 字段 | 说明 |,field,P1,需求规定：字段 | 说明,源码路径+测试用例/运行验证（本阶段仅登记证据要求）,未判定实现状态；不得复用旧审计结论
REQ-ADMINPORTAL-02140,growth-operations,docs/ref-4.10-user-segmentation.md,2.3 自动打标规则,| 规则名称 | 对应 auto_tag_rules.name |,field,P1,需求规定：规则名称 | 对应 auto_tag_rules.name,源码路径+测试用例/运行验证（本阶段仅登记证据要求）,未判定实现状态；不得复用旧审计结论
REQ-ADMINPORTAL-02141,growth-operations,docs/ref-4.10-user-segmentation.md,2.3 自动打标规则,| 执行时间 | 开始执行的时间 |,field,P1,需求规定：执行时间 | 开始执行的时间,源码路径+测试用例/运行验证（本阶段仅登记证据要求）,未判定实现状态；不得复用旧审计结论
REQ-ADMINPORTAL-02142,growth-operations,docs/ref-4.10-user-segmentation.md,2.3 自动打标规则,| 新增打标 | 本次新增打标人数 |,logic,P1,需求规定：新增打标 | 本次新增打标人数,源码路径+测试用例/运行验证（本阶段仅登记证据要求）,未判定实现状态；不得复用旧审计结论
REQ-ADMINPORTAL-02143,growth-operations,docs/ref-4.10-user-segmentation.md,2.3 自动打标规则,| 移除标签 | 本次移除标签人数 |,logic,P1,需求规定：移除标签 | 本次移除标签人数,源码路径+测试用例/运行验证（本阶段仅登记证据要求）,未判定实现状态；不得复用旧审计结论
REQ-ADMINPORTAL-02144,growth-operations,docs/ref-4.10-user-segmentation.md,2.3 自动打标规则,| 总耗时 | ms |,logic,P1,需求规定：总耗时 | ms,源码路径+测试用例/运行验证（本阶段仅登记证据要求）,未判定实现状态；不得复用旧审计结论
REQ-ADMINPORTAL-02145,growth-operations,docs/ref-4.10-user-segmentation.md,2.3 自动打标规则,| 状态 | 成功/部分失败/失败 |,exception,P1,需求规定：状态 | 成功/部分失败/失败,源码路径+测试用例/运行验证（本阶段仅登记证据要求）,未判定实现状态；不得复用旧审计结论
REQ-ADMINPORTAL-02146,growth-operations,docs/ref-4.10-user-segmentation.md,3.1 分群列表页,| 列 | 说明 |,logic,P1,需求规定：列 | 说明,源码路径+测试用例/运行验证（本阶段仅登记证据要求）,未判定实现状态；不得复用旧审计结论
REQ-ADMINPORTAL-02147,growth-operations,docs/ref-4.10-user-segmentation.md,3.1 分群列表页,| 分群名称 | 可点击进入详情 |,field,P1,需求规定：分群名称 | 可点击进入详情,源码路径+测试用例/运行验证（本阶段仅登记证据要求）,未判定实现状态；不得复用旧审计结论
REQ-ADMINPORTAL-02148,growth-operations,docs/ref-4.10-user-segmentation.md,3.1 分群列表页,"| 类型 | ""静态""（手动维护） / ""动态""（条件自动刷新） |",logic,P1,"需求规定：类型 | ""静态""（手动维护） / ""动态""（条件自动刷新）",源码路径+测试用例/运行验证（本阶段仅登记证据要求）,未判定实现状态；不得复用旧审计结论
REQ-ADMINPORTAL-02149,growth-operations,docs/ref-4.10-user-segmentation.md,3.1 分群列表页,| 成员数 | 当前成员数量 |,logic,P1,需求规定：成员数 | 当前成员数量,源码路径+测试用例/运行验证（本阶段仅登记证据要求）,未判定实现状态；不得复用旧审计结论
REQ-ADMINPORTAL-02150,growth-operations,docs/ref-4.10-user-segmentation.md,3.1 分群列表页,| 上次刷新 | 动态分群的最后一次刷新时间 |,field,P1,需求规定：上次刷新 | 动态分群的最后一次刷新时间,源码路径+测试用例/运行验证（本阶段仅登记证据要求）,未判定实现状态；不得复用旧审计结论
REQ-ADMINPORTAL-02151,growth-operations,docs/ref-4.10-user-segmentation.md,3.1 分群列表页,| 创建时间 | — |,field,P1,需求规定：创建时间 | —,源码路径+测试用例/运行验证（本阶段仅登记证据要求）,未判定实现状态；不得复用旧审计结论
REQ-ADMINPORTAL-02152,growth-operations,docs/ref-4.10-user-segmentation.md,3.1 分群列表页,| 状态 | active / archived |,state,P1,需求规定：状态 | active / archived,源码路径+测试用例/运行验证（本阶段仅登记证据要求）,未判定实现状态；不得复用旧审计结论
REQ-ADMINPORTAL-02153,growth-operations,docs/ref-4.10-user-segmentation.md,3.1 分群列表页,| 操作 | 编辑 / 查看成员 / 刷新(动态) / 导出 / 归档 / 删除 |,logic,P1,需求规定：操作 | 编辑 / 查看成员 / 刷新(动态) / 导出 / 归档 / 删除,源码路径+测试用例/运行验证（本阶段仅登记证据要求）,未判定实现状态；不得复用旧审计结论
REQ-ADMINPORTAL-02154,growth-operations,docs/ref-4.10-user-segmentation.md,3.1 分群列表页,**筛选**: 按类型(static/dynamic)、状态(active/archived)筛选,state,P1,需求规定：**筛选**: 按类型(static/dynamic)、状态(active/archived)筛选,源码路径+测试用例/运行验证（本阶段仅登记证据要求）,未判定实现状态；不得复用旧审计结论
REQ-ADMINPORTAL-02155,growth-operations,docs/ref-4.10-user-segmentation.md,3.2 创建分群,**静态分群**：,logic,P1,需求规定：**静态分群**：,源码路径+测试用例/运行验证（本阶段仅登记证据要求）,未判定实现状态；不得复用旧审计结论
REQ-ADMINPORTAL-02156,growth-operations,docs/ref-4.10-user-segmentation.md,3.2 创建分群,- 支持标签筛选快速定位,logic,P1,需求规定：- 支持标签筛选快速定位,源码路径+测试用例/运行验证（本阶段仅登记证据要求）,未判定实现状态；不得复用旧审计结论
REQ-ADMINPORTAL-02157,growth-operations,docs/ref-4.10-user-segmentation.md,3.2 创建分群,- 支持搜索用户昵称/邮箱/ID,field,P1,需求规定：- 支持搜索用户昵称/邮箱/ID,源码路径+测试用例/运行验证（本阶段仅登记证据要求）,未判定实现状态；不得复用旧审计结论
REQ-ADMINPORTAL-02158,growth-operations,docs/ref-4.10-user-segmentation.md,3.2 创建分群,- 支持导入 CSV/粘贴 ID 列表,logic,P1,需求规定：- 支持导入 CSV/粘贴 ID 列表,源码路径+测试用例/运行验证（本阶段仅登记证据要求）,未判定实现状态；不得复用旧审计结论
REQ-ADMINPORTAL-02159,growth-operations,docs/ref-4.10-user-segmentation.md,3.2 创建分群,**动态分群**：,logic,P1,需求规定：**动态分群**：,源码路径+测试用例/运行验证（本阶段仅登记证据要求）,未判定实现状态；不得复用旧审计结论
REQ-ADMINPORTAL-02160,growth-operations,docs/ref-4.10-user-segmentation.md,3.3 分群详情页,**分群画像卡片**（参考 §5）：,logic,P1,需求规定：**分群画像卡片**（参考 §5）：,源码路径+测试用例/运行验证（本阶段仅登记证据要求）,未判定实现状态；不得复用旧审计结论
REQ-ADMINPORTAL-02161,growth-operations,docs/ref-4.10-user-segmentation.md,3.3 分群详情页,**成员管理（静态分群）**：,logic,P1,需求规定：**成员管理（静态分群）**：,源码路径+测试用例/运行验证（本阶段仅登记证据要求）,未判定实现状态；不得复用旧审计结论
REQ-ADMINPORTAL-02162,growth-operations,docs/ref-4.10-user-segmentation.md,3.3 分群详情页,- 添加成员：搜索用户 → 选择 → 添加,logic,P1,需求规定：- 添加成员：搜索用户 → 选择 → 添加,源码路径+测试用例/运行验证（本阶段仅登记证据要求）,未判定实现状态；不得复用旧审计结论
REQ-ADMINPORTAL-02163,growth-operations,docs/ref-4.10-user-segmentation.md,3.3 分群详情页,- 移除成员：单个移除 / 批量选中移除,logic,P1,需求规定：- 移除成员：单个移除 / 批量选中移除,源码路径+测试用例/运行验证（本阶段仅登记证据要求）,未判定实现状态；不得复用旧审计结论
REQ-ADMINPORTAL-02164,growth-operations,docs/ref-4.10-user-segmentation.md,3.3 分群详情页,- 批量导入：CSV/粘贴 ID → 预览 → 确认添加,logic,P1,需求规定：- 批量导入：CSV/粘贴 ID → 预览 → 确认添加,源码路径+测试用例/运行验证（本阶段仅登记证据要求）,未判定实现状态；不得复用旧审计结论
REQ-ADMINPORTAL-02165,growth-operations,docs/ref-4.10-user-segmentation.md,3.3 分群详情页,**操作记录**：,audit,P1,需求规定：**操作记录**：,源码路径+测试用例/运行验证（本阶段仅登记证据要求）,未判定实现状态；不得复用旧审计结论
REQ-ADMINPORTAL-02166,growth-operations,docs/ref-4.10-user-segmentation.md,3.3 分群详情页,| 记录项 | 说明 |,audit,P1,需求规定：记录项 | 说明,源码路径+测试用例/运行验证（本阶段仅登记证据要求）,未判定实现状态；不得复用旧审计结论
REQ-ADMINPORTAL-02167,growth-operations,docs/ref-4.10-user-segmentation.md,3.3 分群详情页,| 时间 | 操作时间 |,field,P1,需求规定：时间 | 操作时间,源码路径+测试用例/运行验证（本阶段仅登记证据要求）,未判定实现状态；不得复用旧审计结论
REQ-ADMINPORTAL-02168,growth-operations,docs/ref-4.10-user-segmentation.md,3.3 分群详情页,| 操作人 | 管理员昵称 |,logic,P1,需求规定：操作人 | 管理员昵称,源码路径+测试用例/运行验证（本阶段仅登记证据要求）,未判定实现状态；不得复用旧审计结论
REQ-ADMINPORTAL-02169,growth-operations,docs/ref-4.10-user-segmentation.md,3.3 分群详情页,| 操作 | 创建/添加成员/移除成员/修改条件/手动刷新 |,logic,P1,需求规定：操作 | 创建/添加成员/移除成员/修改条件/手动刷新,源码路径+测试用例/运行验证（本阶段仅登记证据要求）,未判定实现状态；不得复用旧审计结论
REQ-ADMINPORTAL-02170,growth-operations,docs/ref-4.10-user-segmentation.md,3.3 分群详情页,| 详情 | 操作前后变化 |,logic,P1,需求规定：详情 | 操作前后变化,源码路径+测试用例/运行验证（本阶段仅登记证据要求）,未判定实现状态；不得复用旧审计结论
REQ-ADMINPORTAL-02171,growth-operations,docs/ref-4.10-user-segmentation.md,4.1 筛选条件类型,**用户属性维度**：,logic,P1,需求规定：**用户属性维度**：,源码路径+测试用例/运行验证（本阶段仅登记证据要求）,未判定实现状态；不得复用旧审计结论
REQ-ADMINPORTAL-02172,growth-operations,docs/ref-4.10-user-segmentation.md,4.1 筛选条件类型,| 维度 | 操作符 | 值类型 | 示例 |,logic,P1,需求规定：维度 | 操作符 | 值类型 | 示例,源码路径+测试用例/运行验证（本阶段仅登记证据要求）,未判定实现状态；不得复用旧审计结论
REQ-ADMINPORTAL-02173,growth-operations,docs/ref-4.10-user-segmentation.md,4.1 筛选条件类型,"| 注册时间 | =, >=, <=, between | 日期 | ""注册时间 between 2026-01-01 and 2026-06-30"" |",field,P1,"需求规定：注册时间 | =, >=, <=, between | 日期 | ""注册时间 between 2026-01-01 and 2026-06-30""",源码路径+测试用例/运行验证（本阶段仅登记证据要求）,未判定实现状态；不得复用旧审计结论
REQ-ADMINPORTAL-02174,growth-operations,docs/ref-4.10-user-segmentation.md,4.1 筛选条件类型,"| 角色 | =, in | 多选 | ""角色 in [user, agent]"" |",permission,P1,"需求规定：角色 | =, in | 多选 | ""角色 in [user, agent]""",源码路径+测试用例/运行验证（本阶段仅登记证据要求）,未判定实现状态；不得复用旧审计结论
REQ-ADMINPORTAL-02175,growth-operations,docs/ref-4.10-user-segmentation.md,4.1 筛选条件类型,"| 状态 | =, in | 多选 | ""状态 = active"" |",state,P1,"需求规定：状态 | =, in | 多选 | ""状态 = active""",源码路径+测试用例/运行验证（本阶段仅登记证据要求）,未判定实现状态；不得复用旧审计结论
REQ-ADMINPORTAL-02176,growth-operations,docs/ref-4.10-user-segmentation.md,4.1 筛选条件类型,"| 实名状态 | = | select | ""实名状态 = approved"" |",state,P1,"需求规定：实名状态 | = | select | ""实名状态 = approved""",源码路径+测试用例/运行验证（本阶段仅登记证据要求）,未判定实现状态；不得复用旧审计结论
REQ-ADMINPORTAL-02177,growth-operations,docs/ref-4.10-user-segmentation.md,4.1 筛选条件类型,"| VIP 等级 | >=, = | 数字 | ""VIP >= 2"" |",logic,P1,"需求规定：VIP 等级 | >=, = | 数字 | ""VIP >= 2""",源码路径+测试用例/运行验证（本阶段仅登记证据要求）,未判定实现状态；不得复用旧审计结论
REQ-ADMINPORTAL-02178,growth-operations,docs/ref-4.10-user-segmentation.md,4.1 筛选条件类型,"| 标签 | has_any, has_all, not_has | 多选 | ""标签 has_any [企业认证, 高消费]"" |",logic,P1,"需求规定：标签 | has_any, has_all, not_has | 多选 | ""标签 has_any [企业认证, 高消费]""",源码路径+测试用例/运行验证（本阶段仅登记证据要求）,未判定实现状态；不得复用旧审计结论
REQ-ADMINPORTAL-02179,growth-operations,docs/ref-4.10-user-segmentation.md,4.1 筛选条件类型,"| 代理归属 | =, in, not_null | select | ""代理归属 = agent_3"" |",logic,P1,"需求规定：代理归属 | =, in, not_null | select | ""代理归属 = agent_3""",源码路径+测试用例/运行验证（本阶段仅登记证据要求）,未判定实现状态；不得复用旧审计结论
REQ-ADMINPORTAL-02180,growth-operations,docs/ref-4.10-user-segmentation.md,4.1 筛选条件类型,**消费行为维度**：,logic,P1,需求规定：**消费行为维度**：,源码路径+测试用例/运行验证（本阶段仅登记证据要求）,未判定实现状态；不得复用旧审计结论
REQ-ADMINPORTAL-02181,growth-operations,docs/ref-4.10-user-segmentation.md,4.1 筛选条件类型,| 维度 | 操作符 | 值类型 | 示例 |,logic,P1,需求规定：维度 | 操作符 | 值类型 | 示例,源码路径+测试用例/运行验证（本阶段仅登记证据要求）,未判定实现状态；不得复用旧审计结论
REQ-ADMINPORTAL-02182,growth-operations,docs/ref-4.10-user-segmentation.md,4.1 筛选条件类型,"| 累计消费 | >=, <=, between | 金额 | ""累计消费 >= 1000"" |",field,P1,"需求规定：累计消费 | >=, <=, between | 金额 | ""累计消费 >= 1000""",源码路径+测试用例/运行验证（本阶段仅登记证据要求）,未判定实现状态；不得复用旧审计结论
REQ-ADMINPORTAL-02183,growth-operations,docs/ref-4.10-user-segmentation.md,4.1 筛选条件类型,"| 近7天消费 | >=, <=, between | 金额 | ""近7天消费 between 100 and 1000"" |",field,P1,"需求规定：近7天消费 | >=, <=, between | 金额 | ""近7天消费 between 100 and 1000""",源码路径+测试用例/运行验证（本阶段仅登记证据要求）,未判定实现状态；不得复用旧审计结论
REQ-ADMINPORTAL-02184,growth-operations,docs/ref-4.10-user-segmentation.md,4.1 筛选条件类型,"| 近30天消费 | >=, <=, between | 金额 | ""近30天消费 < 10"" |",field,P1,"需求规定：近30天消费 | >=, <=, between | 金额 | ""近30天消费 < 10""",源码路径+测试用例/运行验证（本阶段仅登记证据要求）,未判定实现状态；不得复用旧审计结论
REQ-ADMINPORTAL-02185,growth-operations,docs/ref-4.10-user-segmentation.md,4.1 筛选条件类型,"| 账户余额 | >=, <=, = | 金额 | ""余额 = 0"" |",field,P1,"需求规定：账户余额 | >=, <=, = | 金额 | ""余额 = 0""",源码路径+测试用例/运行验证（本阶段仅登记证据要求）,未判定实现状态；不得复用旧审计结论
REQ-ADMINPORTAL-02186,growth-operations,docs/ref-4.10-user-segmentation.md,4.1 筛选条件类型,"| 充值次数 | >=, = | 整数 | ""充值次数 >= 2"" |",logic,P1,"需求规定：充值次数 | >=, = | 整数 | ""充值次数 >= 2""",源码路径+测试用例/运行验证（本阶段仅登记证据要求）,未判定实现状态；不得复用旧审计结论
REQ-ADMINPORTAL-02187,growth-operations,docs/ref-4.10-user-segmentation.md,4.1 筛选条件类型,"| 首次充值时间 | >=, between | 日期 | ""首次充值 >= 2026-06-01"" |",field,P1,"需求规定：首次充值时间 | >=, between | 日期 | ""首次充值 >= 2026-06-01""",源码路径+测试用例/运行验证（本阶段仅登记证据要求）,未判定实现状态；不得复用旧审计结论
REQ-ADMINPORTAL-02188,growth-operations,docs/ref-4.10-user-segmentation.md,4.1 筛选条件类型,"| 最后一次充值距今 | >=, <= | 天数 | ""最后充值距今 > 30"" |",logic,P1,"需求规定：最后一次充值距今 | >=, <= | 天数 | ""最后充值距今 > 30""",源码路径+测试用例/运行验证（本阶段仅登记证据要求）,未判定实现状态；不得复用旧审计结论
REQ-ADMINPORTAL-02189,growth-operations,docs/ref-4.10-user-segmentation.md,4.1 筛选条件类型,**调用行为维度**：,logic,P1,需求规定：**调用行为维度**：,源码路径+测试用例/运行验证（本阶段仅登记证据要求）,未判定实现状态；不得复用旧审计结论
REQ-ADMINPORTAL-02190,growth-operations,docs/ref-4.10-user-segmentation.md,4.1 筛选条件类型,| 维度 | 操作符 | 值类型 | 示例 |,logic,P1,需求规定：维度 | 操作符 | 值类型 | 示例,源码路径+测试用例/运行验证（本阶段仅登记证据要求）,未判定实现状态；不得复用旧审计结论
REQ-ADMINPORTAL-02191,growth-operations,docs/ref-4.10-user-segmentation.md,4.1 筛选条件类型,"| 总调用次数 | >=, <=, between | 整数 | ""总调用 >= 1000"" |",logic,P1,"需求规定：总调用次数 | >=, <=, between | 整数 | ""总调用 >= 1000""",源码路径+测试用例/运行验证（本阶段仅登记证据要求）,未判定实现状态；不得复用旧审计结论
REQ-ADMINPORTAL-02192,growth-operations,docs/ref-4.10-user-segmentation.md,4.1 筛选条件类型,"| 近7天调用次数 | >=, <=, = | 整数 | ""近7天调用 = 0"" |",logic,P1,"需求规定：近7天调用次数 | >=, <=, = | 整数 | ""近7天调用 = 0""",源码路径+测试用例/运行验证（本阶段仅登记证据要求）,未判定实现状态；不得复用旧审计结论
REQ-ADMINPORTAL-02193,growth-operations,docs/ref-4.10-user-segmentation.md,4.1 筛选条件类型,"| 近30天调用次数 | >=, <= | 整数 | ""近30天调用 > 100"" |",logic,P1,"需求规定：近30天调用次数 | >=, <= | 整数 | ""近30天调用 > 100""",源码路径+测试用例/运行验证（本阶段仅登记证据要求）,未判定实现状态；不得复用旧审计结论
REQ-ADMINPORTAL-02194,growth-operations,docs/ref-4.10-user-segmentation.md,4.1 筛选条件类型,"| 常用模型 | has_any, has_all | 多选 | ""常用模型 has_any [deepseek-chat, gpt-4o]"" |",logic,P1,"需求规定：常用模型 | has_any, has_all | 多选 | ""常用模型 has_any [deepseek-chat, gpt-4o]""",源码路径+测试用例/运行验证（本阶段仅登记证据要求）,未判定实现状态；不得复用旧审计结论
REQ-ADMINPORTAL-02195,growth-operations,docs/ref-4.10-user-segmentation.md,4.1 筛选条件类型,"| 成功率 | >=, <= | 百分比 | ""成功率 < 80%"" |",logic,P1,"需求规定：成功率 | >=, <= | 百分比 | ""成功率 < 80%""",源码路径+测试用例/运行验证（本阶段仅登记证据要求）,未判定实现状态；不得复用旧审计结论
REQ-ADMINPORTAL-02196,growth-operations,docs/ref-4.10-user-segmentation.md,4.1 筛选条件类型,"| 平均延迟 | >= | 毫秒 | ""平均延迟 > 5000"" |",performance,P1,"需求规定：平均延迟 | >= | 毫秒 | ""平均延迟 > 5000""",源码路径+测试用例/运行验证（本阶段仅登记证据要求）,未判定实现状态；不得复用旧审计结论
REQ-ADMINPORTAL-02197,growth-operations,docs/ref-4.10-user-segmentation.md,4.1 筛选条件类型,"| 最后调用距今 | >=, <= | 天数 | ""最后调用距今 > 30"" |",logic,P1,"需求规定：最后调用距今 | >=, <= | 天数 | ""最后调用距今 > 30""",源码路径+测试用例/运行验证（本阶段仅登记证据要求）,未判定实现状态；不得复用旧审计结论
REQ-ADMINPORTAL-02198,growth-operations,docs/ref-4.10-user-segmentation.md,4.1 筛选条件类型,"| Key 数量 | >=, <=, = | 整数 | ""Key数量 >= 3"" |",logic,P1,"需求规定：Key 数量 | >=, <=, = | 整数 | ""Key数量 >= 3""",源码路径+测试用例/运行验证（本阶段仅登记证据要求）,未判定实现状态；不得复用旧审计结论
REQ-ADMINPORTAL-02199,growth-operations,docs/ref-4.10-user-segmentation.md,4.1 筛选条件类型,**来源维度**：,logic,P1,需求规定：**来源维度**：,源码路径+测试用例/运行验证（本阶段仅登记证据要求）,未判定实现状态；不得复用旧审计结论
REQ-ADMINPORTAL-02200,growth-operations,docs/ref-4.10-user-segmentation.md,4.1 筛选条件类型,| 维度 | 操作符 | 值类型 | 示例 |,logic,P1,需求规定：维度 | 操作符 | 值类型 | 示例,源码路径+测试用例/运行验证（本阶段仅登记证据要求）,未判定实现状态；不得复用旧审计结论
REQ-ADMINPORTAL-02201,growth-operations,docs/ref-4.10-user-segmentation.md,4.1 筛选条件类型,"| 注册来源 | =, in | select | ""来源 = campaign:summer-2026"" |",logic,P1,"需求规定：注册来源 | =, in | select | ""来源 = campaign:summer-2026""",源码路径+测试用例/运行验证（本阶段仅登记证据要求）,未判定实现状态；不得复用旧审计结论
REQ-ADMINPORTAL-02202,growth-operations,docs/ref-4.10-user-segmentation.md,4.1 筛选条件类型,"| 邀请人 | = | user select | ""邀请人 = u_xxxx"" |",logic,P1,"需求规定：邀请人 | = | user select | ""邀请人 = u_xxxx""",源码路径+测试用例/运行验证（本阶段仅登记证据要求）,未判定实现状态；不得复用旧审计结论
REQ-ADMINPORTAL-02203,growth-operations,docs/ref-4.10-user-segmentation.md,4.1 筛选条件类型,"| 首次接入渠道 | =, in | select | ""首次接入 = web_console"" |",logic,P1,"需求规定：首次接入渠道 | =, in | select | ""首次接入 = web_console""",源码路径+测试用例/运行验证（本阶段仅登记证据要求）,未判定实现状态；不得复用旧审计结论
REQ-ADMINPORTAL-02204,growth-operations,docs/ref-4.10-user-segmentation.md,4.2 条件组合规则,**前端 UI 交互**：,logic,P1,需求规定：**前端 UI 交互**：,源码路径+测试用例/运行验证（本阶段仅登记证据要求）,未判定实现状态；不得复用旧审计结论
REQ-ADMINPORTAL-02205,growth-operations,docs/ref-4.10-user-segmentation.md,4.3 条件预览与估算,"- 点击""预估匹配人数""触发后端 COUNT 查询",logic,P1,"需求规定：- 点击""预估匹配人数""触发后端 COUNT 查询",源码路径+测试用例/运行验证（本阶段仅登记证据要求）,未判定实现状态；不得复用旧审计结论
REQ-ADMINPORTAL-02206,growth-operations,docs/ref-4.10-user-segmentation.md,4.3 条件预览与估算,"- 如果超过 1000 人，显示 ""1,000+"" 并标注""开启后精确计数""",logic,P1,"需求规定：- 如果超过 1000 人，显示 ""1,000+"" 并标注""开启后精确计数""",源码路径+测试用例/运行验证（本阶段仅登记证据要求）,未判定实现状态；不得复用旧审计结论
REQ-ADMINPORTAL-02207,growth-operations,docs/ref-4.10-user-segmentation.md,4.3 条件预览与估算,"- 前端展示预估人数的同时，提供""查看样本""功能（返回前 20 条用户记录）",concurrency,P1,"需求规定：- 前端展示预估人数的同时，提供""查看样本""功能（返回前 20 条用户记录）",源码路径+测试用例/运行验证（本阶段仅登记证据要求）,未判定实现状态；不得复用旧审计结论
REQ-ADMINPORTAL-02208,growth-operations,docs/ref-4.10-user-segmentation.md,4.3 条件预览与估算,- 人数随条件变更实时重新估算（防抖 500ms）,logic,P1,需求规定：- 人数随条件变更实时重新估算（防抖 500ms）,源码路径+测试用例/运行验证（本阶段仅登记证据要求）,未判定实现状态；不得复用旧审计结论
REQ-ADMINPORTAL-02209,growth-operations,docs/ref-4.10-user-segmentation.md,5.1 标签分布,**数据来源**：`user_tag_mappings` JOIN `user_segment_members` 聚合。,logic,P1,需求规定：**数据来源**：`user_tag_mappings` JOIN `user_segment_members` 聚合。,源码路径+测试用例/运行验证（本阶段仅登记证据要求）,未判定实现状态；不得复用旧审计结论
REQ-ADMINPORTAL-02210,growth-operations,docs/ref-4.10-user-segmentation.md,5.2 消费分层,| 分层 | 范围 | 分群内人数 | 分群内占比 | 全平台平均占比 |,logic,P1,需求规定：分层 | 范围 | 分群内人数 | 分群内占比 | 全平台平均占比,源码路径+测试用例/运行验证（本阶段仅登记证据要求）,未判定实现状态；不得复用旧审计结论
REQ-ADMINPORTAL-02211,growth-operations,docs/ref-4.10-user-segmentation.md,5.2 消费分层,| 高消费 | 月消费 > ¥1000 | 34 | 21.8% | 5.0% |,logic,P1,需求规定：高消费 | 月消费 > ¥1000 | 34 | 21.8% | 5.0%,源码路径+测试用例/运行验证（本阶段仅登记证据要求）,未判定实现状态；不得复用旧审计结论
REQ-ADMINPORTAL-02212,growth-operations,docs/ref-4.10-user-segmentation.md,5.2 消费分层,| 中消费 | ¥100-1000 | 89 | 57.1% | 15.0% |,logic,P1,需求规定：中消费 | ¥100-1000 | 89 | 57.1% | 15.0%,源码路径+测试用例/运行验证（本阶段仅登记证据要求）,未判定实现状态；不得复用旧审计结论
REQ-ADMINPORTAL-02213,growth-operations,docs/ref-4.10-user-segmentation.md,5.2 消费分层,| 低消费 | ¥10-100 | 28 | 17.9% | 30.0% |,logic,P1,需求规定：低消费 | ¥10-100 | 28 | 17.9% | 30.0%,源码路径+测试用例/运行验证（本阶段仅登记证据要求）,未判定实现状态；不得复用旧审计结论
REQ-ADMINPORTAL-02214,growth-operations,docs/ref-4.10-user-segmentation.md,5.2 消费分层,| 零消费 | ¥0-10 | 5 | 3.2% | 50.0% |,logic,P1,需求规定：零消费 | ¥0-10 | 5 | 3.2% | 50.0%,源码路径+测试用例/运行验证（本阶段仅登记证据要求）,未判定实现状态；不得复用旧审计结论
REQ-ADMINPORTAL-02215,growth-operations,docs/ref-4.10-user-segmentation.md,5.4 时间维度分析,- 新增趋势：分群内用户按注册月份分布,logic,P1,需求规定：- 新增趋势：分群内用户按注册月份分布,源码路径+测试用例/运行验证（本阶段仅登记证据要求）,未判定实现状态；不得复用旧审计结论
REQ-ADMINPORTAL-02216,growth-operations,docs/ref-4.10-user-segmentation.md,5.4 时间维度分析,- 活跃趋势：分群内用户近 30 天活跃天数分布,logic,P1,需求规定：- 活跃趋势：分群内用户近 30 天活跃天数分布,源码路径+测试用例/运行验证（本阶段仅登记证据要求）,未判定实现状态；不得复用旧审计结论
REQ-ADMINPORTAL-02217,growth-operations,docs/ref-4.10-user-segmentation.md,5.4 时间维度分析,"- 如果分群人数过少（< 50），部分图表替换为""样本不足，无法展示统计""占位",page,P1,"需求规定：- 如果分群人数过少（< 50），部分图表替换为""样本不足，无法展示统计""占位",源码路径+测试用例/运行验证（本阶段仅登记证据要求）,未判定实现状态；不得复用旧审计结论
REQ-ADMINPORTAL-02218,growth-operations,docs/ref-4.10-user-segmentation.md,6.4 数据导出,| 导出类型 | 格式 | 内容 |,logic,P1,需求规定：导出类型 | 格式 | 内容,源码路径+测试用例/运行验证（本阶段仅登记证据要求）,未判定实现状态；不得复用旧审计结论
REQ-ADMINPORTAL-02219,growth-operations,docs/ref-4.10-user-segmentation.md,6.4 数据导出,| 分群成员列表 | CSV/Excel | 用户ID、昵称、邮箱、注册时间、标签、月消费 |,field,P1,需求规定：分群成员列表 | CSV/Excel | 用户ID、昵称、邮箱、注册时间、标签、月消费,源码路径+测试用例/运行验证（本阶段仅登记证据要求）,未判定实现状态；不得复用旧审计结论
REQ-ADMINPORTAL-02220,growth-operations,docs/ref-4.10-user-segmentation.md,6.4 数据导出,| 分群画像报告 | PDF | 包含所有画像图表和数据表 |,logic,P1,需求规定：分群画像报告 | PDF | 包含所有画像图表和数据表,源码路径+测试用例/运行验证（本阶段仅登记证据要求）,未判定实现状态；不得复用旧审计结论
REQ-ADMINPORTAL-02221,growth-operations,docs/ref-4.10-user-segmentation.md,6.4 数据导出,| 分群快照 | JSON | 完整快照数据，用于历史对比 |,logic,P1,需求规定：分群快照 | JSON | 完整快照数据，用于历史对比,源码路径+测试用例/运行验证（本阶段仅登记证据要求）,未判定实现状态；不得复用旧审计结论
REQ-ADMINPORTAL-02222,growth-operations,docs/ref-4.10-user-segmentation.md,7.1 标签管理 API,| 方法 | 路径 | 说明 | 权限 |,permission,P1,需求规定：方法 | 路径 | 说明 | 权限,源码路径+测试用例/运行验证（本阶段仅登记证据要求）,未判定实现状态；不得复用旧审计结论
REQ-ADMINPORTAL-02223,growth-operations,docs/ref-4.10-user-segmentation.md,7.1 标签管理 API,| GET | `/api/v1/admin/user-tags` | 标签列表（支持筛选/搜索） | USER_VIEW |,permission,P1,需求规定：GET | `/api/v1/admin/user-tags` | 标签列表（支持筛选/搜索） | USER_VIEW,源码路径+测试用例/运行验证（本阶段仅登记证据要求）,未判定实现状态；不得复用旧审计结论
REQ-ADMINPORTAL-02224,growth-operations,docs/ref-4.10-user-segmentation.md,7.1 标签管理 API,| POST | `/api/v1/admin/user-tags` | 创建标签 | USER_EDIT |,permission,P1,需求规定：POST | `/api/v1/admin/user-tags` | 创建标签 | USER_EDIT,源码路径+测试用例/运行验证（本阶段仅登记证据要求）,未判定实现状态；不得复用旧审计结论
REQ-ADMINPORTAL-02225,growth-operations,docs/ref-4.10-user-segmentation.md,7.1 标签管理 API,| PATCH | `/api/v1/admin/user-tags/:id` | 编辑标签 | USER_EDIT |,permission,P1,需求规定：PATCH | `/api/v1/admin/user-tags/:id` | 编辑标签 | USER_EDIT,源码路径+测试用例/运行验证（本阶段仅登记证据要求）,未判定实现状态；不得复用旧审计结论
REQ-ADMINPORTAL-02226,growth-operations,docs/ref-4.10-user-segmentation.md,7.1 标签管理 API,| DELETE | `/api/v1/admin/user-tags/:id` | 删除标签 | USER_EDIT |,permission,P1,需求规定：DELETE | `/api/v1/admin/user-tags/:id` | 删除标签 | USER_EDIT,源码路径+测试用例/运行验证（本阶段仅登记证据要求）,未判定实现状态；不得复用旧审计结论
REQ-ADMINPORTAL-02227,growth-operations,docs/ref-4.10-user-segmentation.md,7.1 标签管理 API,| POST | `/api/v1/admin/user-tags/:id/merge` | 合并标签 | USER_EDIT |,permission,P1,需求规定：POST | `/api/v1/admin/user-tags/:id/merge` | 合并标签 | USER_EDIT,源码路径+测试用例/运行验证（本阶段仅登记证据要求）,未判定实现状态；不得复用旧审计结论
REQ-ADMINPORTAL-02228,growth-operations,docs/ref-4.10-user-segmentation.md,7.1 标签管理 API,| POST | `/api/v1/admin/user-tags/batch` | 批量打标/去标 | USER_EDIT |,permission,P1,需求规定：POST | `/api/v1/admin/user-tags/batch` | 批量打标/去标 | USER_EDIT,源码路径+测试用例/运行验证（本阶段仅登记证据要求）,未判定实现状态；不得复用旧审计结论
REQ-ADMINPORTAL-02229,growth-operations,docs/ref-4.10-user-segmentation.md,7.1 标签管理 API,**批量打标请求体**：,logic,P1,需求规定：**批量打标请求体**：,源码路径+测试用例/运行验证（本阶段仅登记证据要求）,未判定实现状态；不得复用旧审计结论
REQ-ADMINPORTAL-02230,growth-operations,docs/ref-4.10-user-segmentation.md,7.2 用户标签 API,| 方法 | 路径 | 说明 | 权限 |,permission,P1,需求规定：方法 | 路径 | 说明 | 权限,源码路径+测试用例/运行验证（本阶段仅登记证据要求）,未判定实现状态；不得复用旧审计结论
REQ-ADMINPORTAL-02231,growth-operations,docs/ref-4.10-user-segmentation.md,7.2 用户标签 API,| GET | `/api/v1/admin/users/:id/tags` | 获取用户标签 | USER_VIEW |,permission,P1,需求规定：GET | `/api/v1/admin/users/:id/tags` | 获取用户标签 | USER_VIEW,源码路径+测试用例/运行验证（本阶段仅登记证据要求）,未判定实现状态；不得复用旧审计结论
REQ-ADMINPORTAL-02232,growth-operations,docs/ref-4.10-user-segmentation.md,7.2 用户标签 API,| POST | `/api/v1/admin/users/:id/tags` | 给用户打标签 | USER_EDIT |,permission,P1,需求规定：POST | `/api/v1/admin/users/:id/tags` | 给用户打标签 | USER_EDIT,源码路径+测试用例/运行验证（本阶段仅登记证据要求）,未判定实现状态；不得复用旧审计结论
REQ-ADMINPORTAL-02233,growth-operations,docs/ref-4.10-user-segmentation.md,7.2 用户标签 API,| DELETE | `/api/v1/admin/users/:id/tags/:tagId` | 移除用户标签 | USER_EDIT |,permission,P1,需求规定：DELETE | `/api/v1/admin/users/:id/tags/:tagId` | 移除用户标签 | USER_EDIT,源码路径+测试用例/运行验证（本阶段仅登记证据要求）,未判定实现状态；不得复用旧审计结论
REQ-ADMINPORTAL-02234,growth-operations,docs/ref-4.10-user-segmentation.md,7.3 自动打标规则 API,| 方法 | 路径 | 说明 | 权限 |,permission,P1,需求规定：方法 | 路径 | 说明 | 权限,源码路径+测试用例/运行验证（本阶段仅登记证据要求）,未判定实现状态；不得复用旧审计结论
REQ-ADMINPORTAL-02235,growth-operations,docs/ref-4.10-user-segmentation.md,7.3 自动打标规则 API,| GET | `/api/v1/admin/auto-tag-rules` | 规则列表 | USER_VIEW |,permission,P1,需求规定：GET | `/api/v1/admin/auto-tag-rules` | 规则列表 | USER_VIEW,源码路径+测试用例/运行验证（本阶段仅登记证据要求）,未判定实现状态；不得复用旧审计结论
REQ-ADMINPORTAL-02236,growth-operations,docs/ref-4.10-user-segmentation.md,7.3 自动打标规则 API,| POST | `/api/v1/admin/auto-tag-rules` | 创建规则 | USER_EDIT |,permission,P1,需求规定：POST | `/api/v1/admin/auto-tag-rules` | 创建规则 | USER_EDIT,源码路径+测试用例/运行验证（本阶段仅登记证据要求）,未判定实现状态；不得复用旧审计结论
REQ-ADMINPORTAL-02237,growth-operations,docs/ref-4.10-user-segmentation.md,7.3 自动打标规则 API,| PATCH | `/api/v1/admin/auto-tag-rules/:id` | 编辑规则 | USER_EDIT |,permission,P1,需求规定：PATCH | `/api/v1/admin/auto-tag-rules/:id` | 编辑规则 | USER_EDIT,源码路径+测试用例/运行验证（本阶段仅登记证据要求）,未判定实现状态；不得复用旧审计结论
REQ-ADMINPORTAL-02238,growth-operations,docs/ref-4.10-user-segmentation.md,7.3 自动打标规则 API,| DELETE | `/api/v1/admin/auto-tag-rules/:id` | 删除规则 | USER_EDIT |,permission,P1,需求规定：DELETE | `/api/v1/admin/auto-tag-rules/:id` | 删除规则 | USER_EDIT,源码路径+测试用例/运行验证（本阶段仅登记证据要求）,未判定实现状态；不得复用旧审计结论
REQ-ADMINPORTAL-02239,growth-operations,docs/ref-4.10-user-segmentation.md,7.3 自动打标规则 API,| POST | `/api/v1/admin/auto-tag-rules/:id/execute` | 手动执行规则 | USER_EDIT |,permission,P1,需求规定：POST | `/api/v1/admin/auto-tag-rules/:id/execute` | 手动执行规则 | USER_EDIT,源码路径+测试用例/运行验证（本阶段仅登记证据要求）,未判定实现状态；不得复用旧审计结论
REQ-ADMINPORTAL-02240,growth-operations,docs/ref-4.10-user-segmentation.md,7.3 自动打标规则 API,| PATCH | `/api/v1/admin/auto-tag-rules/:id/toggle` | 启用/停用 | USER_EDIT |,permission,P1,需求规定：PATCH | `/api/v1/admin/auto-tag-rules/:id/toggle` | 启用/停用 | USER_EDIT,源码路径+测试用例/运行验证（本阶段仅登记证据要求）,未判定实现状态；不得复用旧审计结论
REQ-ADMINPORTAL-02241,growth-operations,docs/ref-4.10-user-segmentation.md,7.3 自动打标规则 API,| GET | `/api/v1/admin/auto-tag-rules/:id/logs` | 执行日志 | USER_VIEW |,permission,P1,需求规定：GET | `/api/v1/admin/auto-tag-rules/:id/logs` | 执行日志 | USER_VIEW,源码路径+测试用例/运行验证（本阶段仅登记证据要求）,未判定实现状态；不得复用旧审计结论
REQ-ADMINPORTAL-02242,growth-operations,docs/ref-4.10-user-segmentation.md,7.4 分群管理 API,| 方法 | 路径 | 说明 | 权限 |,permission,P1,需求规定：方法 | 路径 | 说明 | 权限,源码路径+测试用例/运行验证（本阶段仅登记证据要求）,未判定实现状态；不得复用旧审计结论
REQ-ADMINPORTAL-02243,growth-operations,docs/ref-4.10-user-segmentation.md,7.4 分群管理 API,| GET | `/api/v1/admin/user-segments` | 分群列表 | USER_VIEW |,permission,P1,需求规定：GET | `/api/v1/admin/user-segments` | 分群列表 | USER_VIEW,源码路径+测试用例/运行验证（本阶段仅登记证据要求）,未判定实现状态；不得复用旧审计结论
REQ-ADMINPORTAL-02244,growth-operations,docs/ref-4.10-user-segmentation.md,7.4 分群管理 API,| POST | `/api/v1/admin/user-segments` | 创建分群 | USER_EDIT |,permission,P1,需求规定：POST | `/api/v1/admin/user-segments` | 创建分群 | USER_EDIT,源码路径+测试用例/运行验证（本阶段仅登记证据要求）,未判定实现状态；不得复用旧审计结论
REQ-ADMINPORTAL-02245,growth-operations,docs/ref-4.10-user-segmentation.md,7.4 分群管理 API,| GET | `/api/v1/admin/user-segments/:id` | 分群详情+成员列表 | USER_VIEW |,permission,P1,需求规定：GET | `/api/v1/admin/user-segments/:id` | 分群详情+成员列表 | USER_VIEW,源码路径+测试用例/运行验证（本阶段仅登记证据要求）,未判定实现状态；不得复用旧审计结论
REQ-ADMINPORTAL-02246,growth-operations,docs/ref-4.10-user-segmentation.md,7.4 分群管理 API,| PATCH | `/api/v1/admin/user-segments/:id` | 编辑分群 | USER_EDIT |,permission,P1,需求规定：PATCH | `/api/v1/admin/user-segments/:id` | 编辑分群 | USER_EDIT,源码路径+测试用例/运行验证（本阶段仅登记证据要求）,未判定实现状态；不得复用旧审计结论
REQ-ADMINPORTAL-02247,growth-operations,docs/ref-4.10-user-segmentation.md,7.4 分群管理 API,| DELETE | `/api/v1/admin/user-segments/:id` | 删除分群 | USER_EDIT |,permission,P1,需求规定：DELETE | `/api/v1/admin/user-segments/:id` | 删除分群 | USER_EDIT,源码路径+测试用例/运行验证（本阶段仅登记证据要求）,未判定实现状态；不得复用旧审计结论
REQ-ADMINPORTAL-02248,growth-operations,docs/ref-4.10-user-segmentation.md,7.4 分群管理 API,| POST | `/api/v1/admin/user-segments/:id/refresh` | 手动刷新动态分群 | USER_EDIT |,permission,P1,需求规定：POST | `/api/v1/admin/user-segments/:id/refresh` | 手动刷新动态分群 | USER_EDIT,源码路径+测试用例/运行验证（本阶段仅登记证据要求）,未判定实现状态；不得复用旧审计结论
REQ-ADMINPORTAL-02249,growth-operations,docs/ref-4.10-user-segmentation.md,7.4 分群管理 API,| POST | `/api/v1/admin/user-segments/:id/members` | 添加成员(静态) | USER_EDIT |,permission,P1,需求规定：POST | `/api/v1/admin/user-segments/:id/members` | 添加成员(静态) | USER_EDIT,源码路径+测试用例/运行验证（本阶段仅登记证据要求）,未判定实现状态；不得复用旧审计结论
REQ-ADMINPORTAL-02250,growth-operations,docs/ref-4.10-user-segmentation.md,7.4 分群管理 API,| DELETE | `/api/v1/admin/user-segments/:id/members/:userId` | 移除成员(静态) | USER_EDIT |,permission,P1,需求规定：DELETE | `/api/v1/admin/user-segments/:id/members/:userId` | 移除成员(静态) | USER_EDIT,源码路径+测试用例/运行验证（本阶段仅登记证据要求）,未判定实现状态；不得复用旧审计结论
REQ-ADMINPORTAL-02251,growth-operations,docs/ref-4.10-user-segmentation.md,7.4 分群管理 API,| POST | `/api/v1/admin/user-segments/:id/members/batch` | 批量添加/移除 | USER_EDIT |,permission,P1,需求规定：POST | `/api/v1/admin/user-segments/:id/members/batch` | 批量添加/移除 | USER_EDIT,源码路径+测试用例/运行验证（本阶段仅登记证据要求）,未判定实现状态；不得复用旧审计结论
REQ-ADMINPORTAL-02252,growth-operations,docs/ref-4.10-user-segmentation.md,7.4 分群管理 API,| GET | `/api/v1/admin/user-segments/:id/export` | 导出成员 CSV | USER_EDIT |,permission,P1,需求规定：GET | `/api/v1/admin/user-segments/:id/export` | 导出成员 CSV | USER_EDIT,源码路径+测试用例/运行验证（本阶段仅登记证据要求）,未判定实现状态；不得复用旧审计结论
REQ-ADMINPORTAL-02253,growth-operations,docs/ref-4.10-user-segmentation.md,7.4 分群管理 API,| GET | `/api/v1/admin/user-segments/:id/profile` | 分群画像数据 | USER_VIEW |,permission,P1,需求规定：GET | `/api/v1/admin/user-segments/:id/profile` | 分群画像数据 | USER_VIEW,源码路径+测试用例/运行验证（本阶段仅登记证据要求）,未判定实现状态；不得复用旧审计结论
REQ-ADMINPORTAL-02254,growth-operations,docs/ref-4.10-user-segmentation.md,7.4 分群管理 API,| GET | `/api/v1/admin/user-segments/:id/snapshots` | 历史快照列表 | USER_VIEW |,permission,P1,需求规定：GET | `/api/v1/admin/user-segments/:id/snapshots` | 历史快照列表 | USER_VIEW,源码路径+测试用例/运行验证（本阶段仅登记证据要求）,未判定实现状态；不得复用旧审计结论
REQ-ADMINPORTAL-02255,growth-operations,docs/ref-4.10-user-segmentation.md,7.4 分群管理 API,| GET | `/api/v1/admin/user-segments/compare` | 对比两个分群 | USER_VIEW |,permission,P1,需求规定：GET | `/api/v1/admin/user-segments/compare` | 对比两个分群 | USER_VIEW,源码路径+测试用例/运行验证（本阶段仅登记证据要求）,未判定实现状态；不得复用旧审计结论
REQ-ADMINPORTAL-02256,growth-operations,docs/ref-4.10-user-segmentation.md,7.5 圈选预览 API,| 方法 | 路径 | 说明 | 权限 |,permission,P1,需求规定：方法 | 路径 | 说明 | 权限,源码路径+测试用例/运行验证（本阶段仅登记证据要求）,未判定实现状态；不得复用旧审计结论
REQ-ADMINPORTAL-02257,growth-operations,docs/ref-4.10-user-segmentation.md,7.5 圈选预览 API,| POST | `/api/v1/admin/segmentation/estimate` | 预估匹配人数 | USER_VIEW |,permission,P1,需求规定：POST | `/api/v1/admin/segmentation/estimate` | 预估匹配人数 | USER_VIEW,源码路径+测试用例/运行验证（本阶段仅登记证据要求）,未判定实现状态；不得复用旧审计结论
REQ-ADMINPORTAL-02258,growth-operations,docs/ref-4.10-user-segmentation.md,7.5 圈选预览 API,| POST | `/api/v1/admin/segmentation/preview` | 查看匹配样本（20条） | USER_VIEW |,permission,P1,需求规定：POST | `/api/v1/admin/segmentation/preview` | 查看匹配样本（20条） | USER_VIEW,源码路径+测试用例/运行验证（本阶段仅登记证据要求）,未判定实现状态；不得复用旧审计结论
REQ-ADMINPORTAL-02259,growth-operations,docs/ref-4.10-user-segmentation.md,7.5 圈选预览 API,| GET | `/api/v1/admin/segmentation/dimensions` | 获取可用筛选维度列表 | USER_VIEW |,permission,P1,需求规定：GET | `/api/v1/admin/segmentation/dimensions` | 获取可用筛选维度列表 | USER_VIEW,源码路径+测试用例/运行验证（本阶段仅登记证据要求）,未判定实现状态；不得复用旧审计结论
REQ-ADMINPORTAL-02260,growth-operations,docs/ref-4.10-user-segmentation.md,7.5 圈选预览 API,**estimate 请求体**：,logic,P1,需求规定：**estimate 请求体**：,源码路径+测试用例/运行验证（本阶段仅登记证据要求）,未判定实现状态；不得复用旧审计结论
REQ-ADMINPORTAL-02261,growth-operations,docs/ref-4.10-user-segmentation.md,7.5 圈选预览 API,**回应**：,logic,P1,需求规定：**回应**：,源码路径+测试用例/运行验证（本阶段仅登记证据要求）,未判定实现状态；不得复用旧审计结论
REQ-ADMINPORTAL-02262,growth-operations,docs/ref-4.10-user-segmentation.md,交叉引用,| 关联模块 | 文档 | 关系 |,logic,P1,需求规定：关联模块 | 文档 | 关系,源码路径+测试用例/运行验证（本阶段仅登记证据要求）,未判定实现状态；不得复用旧审计结论
REQ-ADMINPORTAL-02263,growth-operations,docs/ref-4.10-user-segmentation.md,交叉引用,| 用户管理 | ref-4.1-admin-dashboard.md | 用户详情页集成标签+分群入口 |,page,P1,需求规定：用户管理 | ref-4.1-admin-dashboard.md | 用户详情页集成标签+分群入口,源码路径+测试用例/运行验证（本阶段仅登记证据要求）,未判定实现状态；不得复用旧审计结论
REQ-ADMINPORTAL-02264,growth-operations,docs/ref-4.10-user-segmentation.md,交叉引用,| 营销运营 | ref-4.5-marketing.md | 活动/公告可按分群定向推送 |,logic,P1,需求规定：营销运营 | ref-4.5-marketing.md | 活动/公告可按分群定向推送,源码路径+测试用例/运行验证（本阶段仅登记证据要求）,未判定实现状态；不得复用旧审计结论
REQ-ADMINPORTAL-02265,growth-operations,docs/ref-4.10-user-segmentation.md,交叉引用,| 运营总纲 | ref-1-operational-summary.md | 分群画像数据汇入运营 KPI |,logic,P1,需求规定：运营总纲 | ref-1-operational-summary.md | 分群画像数据汇入运营 KPI,源码路径+测试用例/运行验证（本阶段仅登记证据要求）,未判定实现状态；不得复用旧审计结论
REQ-ADMINPORTAL-02266,growth-operations,docs/ref-4.10-user-segmentation.md,交叉引用,| 通知系统 | PRD-README.md §2.2 区域6 | 分群定向推送通知 |,logic,P1,需求规定：通知系统 | PRD-README.md §2.2 区域6 | 分群定向推送通知,源码路径+测试用例/运行验证（本阶段仅登记证据要求）,未判定实现状态；不得复用旧审计结论
REQ-ADMINPORTAL-02267,growth-operations,docs/ref-4.10-user-segmentation.md,交叉引用,"| 新手引导 | PRD-README.md §2.2 区域10 | 自动打标""新用户""触发引导展示 |",page,P1,"需求规定：新手引导 | PRD-README.md §2.2 区域10 | 自动打标""新用户""触发引导展示",源码路径+测试用例/运行验证（本阶段仅登记证据要求）,未判定实现状态；不得复用旧审计结论
REQ-ADMINPORTAL-02268,growth-operations,docs/ref-4.10-user-segmentation.md,边界条件,| # | 场景 | 触发条件 | 预期行为 |,logic,P1,需求规定：# | 场景 | 触发条件 | 预期行为,源码路径+测试用例/运行验证（本阶段仅登记证据要求）,未判定实现状态；不得复用旧审计结论
REQ-ADMINPORTAL-02269,growth-operations,docs/ref-4.10-user-segmentation.md,边界条件,"| US-001 | 分群条件过多导致查询超时 | 圈选条件中组合维度 ≥ 8 个，或嵌套层级超过 3 层，或预估人数 > 50 万 | 后端对复杂查询设置超时（默认 10s），超时后返回错误提示""条件过于复杂，请简化筛选条件""",exception,P1,"需求规定：US-001 | 分群条件过多导致查询超时 | 圈选条件中组合维度 ≥ 8 个，或嵌套层级超过 3 层，或预估人数 > 50 万 | 后端对复杂查询设置超时（默认 10s），超时后返回错误提示""条件过于复杂，请简化筛选条件""",源码路径+测试用例/运行验证（本阶段仅登记证据要求）,未判定实现状态；不得复用旧审计结论
REQ-ADMINPORTAL-02270,growth-operations,docs/ref-4.10-user-segmentation.md,边界条件,前端展示简化建议并阻止提交 |,transaction,P1,需求规定：前端展示简化建议并阻止提交,源码路径+测试用例/运行验证（本阶段仅登记证据要求）,未判定实现状态；不得复用旧审计结论
REQ-ADMINPORTAL-02271,growth-operations,docs/ref-4.10-user-segmentation.md,边界条件,"| US-002 | 分群结果为空 | 圈选条件匹配人数为 0，或手动导入的用户 ID 均为无效/已注销用户 | 创建分群时弹出确认提示""当前条件匹配 0 位用户，是否继续创建""",logic,P1,"需求规定：US-002 | 分群结果为空 | 圈选条件匹配人数为 0，或手动导入的用户 ID 均为无效/已注销用户 | 创建分群时弹出确认提示""当前条件匹配 0 位用户，是否继续创建""",源码路径+测试用例/运行验证（本阶段仅登记证据要求）,未判定实现状态；不得复用旧审计结论
REQ-ADMINPORTAL-02272,growth-operations,docs/ref-4.10-user-segmentation.md,边界条件,"创建后分群详情页展示空状态提示""暂无成员""，并建议修改圈选条件 |",state,P1,"需求规定：创建后分群详情页展示空状态提示""暂无成员""，并建议修改圈选条件",源码路径+测试用例/运行验证（本阶段仅登记证据要求）,未判定实现状态；不得复用旧审计结论
REQ-ADMINPORTAL-02273,growth-operations,docs/ref-4.10-user-segmentation.md,边界条件,| US-003 | 分群计算周期长于预期 | dynamic 类型分群配置 refreshInterval=daily，但全量扫描用户表（百万级）耗时超过 10 分钟 | 后台异步执行，不阻塞前端操作,logic,P1,需求规定：US-003 | 分群计算周期长于预期 | dynamic 类型分群配置 refreshInterval=daily，但全量扫描用户表（百万级）耗时超过 10 分钟 | 后台异步执行，不阻塞前端操作,源码路径+测试用例/运行验证（本阶段仅登记证据要求）,未判定实现状态；不得复用旧审计结论
REQ-ADMINPORTAL-02274,growth-operations,docs/ref-4.10-user-segmentation.md,边界条件,"更新分群列表的""上次刷新""时间为""计算中…""",field,P1,"需求规定：更新分群列表的""上次刷新""时间为""计算中…""",源码路径+测试用例/运行验证（本阶段仅登记证据要求）,未判定实现状态；不得复用旧审计结论
REQ-ADMINPORTAL-02275,growth-operations,docs/ref-4.10-user-segmentation.md,边界条件,完成后发送站内通知,logic,P1,需求规定：完成后发送站内通知,源码路径+测试用例/运行验证（本阶段仅登记证据要求）,未判定实现状态；不得复用旧审计结论
REQ-ADMINPORTAL-02276,growth-operations,docs/ref-4.10-user-segmentation.md,边界条件,若连续 3 次超时则自动降级为 manual 模式 |,exception,P1,需求规定：若连续 3 次超时则自动降级为 manual 模式,源码路径+测试用例/运行验证（本阶段仅登记证据要求）,未判定实现状态；不得复用旧审计结论
REQ-ADMINPORTAL-02277,growth-operations,docs/ref-4.10-user-segmentation.md,边界条件,| US-004 | 分群被删除仍有引用 | 已删除的分群仍被营销活动、通知推送或资源位规则引用为目标受众 | 删除分群前弹窗列出所有引用（活动数/通知数/资源位数）,logic,P1,需求规定：US-004 | 分群被删除仍有引用 | 已删除的分群仍被营销活动、通知推送或资源位规则引用为目标受众 | 删除分群前弹窗列出所有引用（活动数/通知数/资源位数）,源码路径+测试用例/运行验证（本阶段仅登记证据要求）,未判定实现状态；不得复用旧审计结论
REQ-ADMINPORTAL-02278,growth-operations,docs/ref-4.10-user-segmentation.md,边界条件,"强制管理员确认后变为""已归档""状态（软删除）而非物理删除",state,P1,"需求规定：强制管理员确认后变为""已归档""状态（软删除）而非物理删除",源码路径+测试用例/运行验证（本阶段仅登记证据要求）,未判定实现状态；不得复用旧审计结论
REQ-ADMINPORTAL-02279,growth-operations,docs/ref-4.10-user-segmentation.md,边界条件,"引用方在关联时自动标记""❌ 目标分群已删除"" |",logic,P1,"需求规定：引用方在关联时自动标记""❌ 目标分群已删除""",源码路径+测试用例/运行验证（本阶段仅登记证据要求）,未判定实现状态；不得复用旧审计结论
REQ-ADMINPORTAL-02280,growth-operations,docs/ref-4.10-user-segmentation.md,边界条件,| US-005 | 批量打标/去标中途失败 | 对 1000+ 用户批量打标时，部分用户 ID 不存在或数据库写入出现唯一键冲突 | 事务分批处理（每次 200 条），记录失败明细,concurrency,P1,需求规定：US-005 | 批量打标/去标中途失败 | 对 1000+ 用户批量打标时，部分用户 ID 不存在或数据库写入出现唯一键冲突 | 事务分批处理（每次 200 条），记录失败明细,源码路径+测试用例/运行验证（本阶段仅登记证据要求）,未判定实现状态；不得复用旧审计结论
REQ-ADMINPORTAL-02281,growth-operations,docs/ref-4.10-user-segmentation.md,边界条件,"前端展示""成功 N 条，失败 M 条""及失败原因列表",exception,P1,"需求规定：前端展示""成功 N 条，失败 M 条""及失败原因列表",源码路径+测试用例/运行验证（本阶段仅登记证据要求）,未判定实现状态；不得复用旧审计结论
REQ-ADMINPORTAL-02282,growth-operations,docs/ref-4.10-user-segmentation.md,边界条件,"提供""一键重试失败项""功能 |",exception,P1,"需求规定：提供""一键重试失败项""功能",源码路径+测试用例/运行验证（本阶段仅登记证据要求）,未判定实现状态；不得复用旧审计结论
REQ-ADMINPORTAL-02283,growth-operations,docs/ref-4.10-user-segmentation.md,边界条件,| US-006 | 自动打标规则循环触发 | A 规则的输出条件恰好满足 B 规则的输入条件，且 B 规则的输出又反向触发 A 规则 | 单次执行周期内每个用户最多只评估一次每条规则,field,P1,需求规定：US-006 | 自动打标规则循环触发 | A 规则的输出条件恰好满足 B 规则的输入条件，且 B 规则的输出又反向触发 A 规则 | 单次执行周期内每个用户最多只评估一次每条规则,源码路径+测试用例/运行验证（本阶段仅登记证据要求）,未判定实现状态；不得复用旧审计结论
REQ-ADMINPORTAL-02284,growth-operations,docs/ref-4.10-user-segmentation.md,边界条件,检测到循环依赖时记录 warning 日志，暂停相关规则并通知管理员 |,audit,P1,需求规定：检测到循环依赖时记录 warning 日志，暂停相关规则并通知管理员,源码路径+测试用例/运行验证（本阶段仅登记证据要求）,未判定实现状态；不得复用旧审计结论
REQ-ADMINPORTAL-02285,growth-operations,docs/ref-4.10-user-segmentation.md,异常流程,| 场景 | 恢复策略 |,rollback,P1,需求规定：场景 | 恢复策略,源码路径+测试用例/运行验证（本阶段仅登记证据要求）,未判定实现状态；不得复用旧审计结论
REQ-ADMINPORTAL-02286,growth-operations,docs/ref-4.10-user-segmentation.md,异常流程,"| 圈选预估接口超时或返回异常 | 前端降级显示""预估失败""，允许用户跳过预览直接创建分群",api,P1,"需求规定：圈选预估接口超时或返回异常 | 前端降级显示""预估失败""，允许用户跳过预览直接创建分群",源码路径+测试用例/运行验证（本阶段仅登记证据要求）,未判定实现状态；不得复用旧审计结论
REQ-ADMINPORTAL-02287,growth-operations,docs/ref-4.10-user-segmentation.md,异常流程,后端重试 1 次后返回兜底估算值 |,logic,P1,需求规定：后端重试 1 次后返回兜底估算值,源码路径+测试用例/运行验证（本阶段仅登记证据要求）,未判定实现状态；不得复用旧审计结论
REQ-ADMINPORTAL-02288,growth-operations,docs/ref-4.10-user-segmentation.md,异常流程,| 动态分群刷新期间数据源变更 | 锁定刷新时的快照版本，刷新完成后与最新数据做增量合并,concurrency,P1,需求规定：动态分群刷新期间数据源变更 | 锁定刷新时的快照版本，刷新完成后与最新数据做增量合并,源码路径+测试用例/运行验证（本阶段仅登记证据要求）,未判定实现状态；不得复用旧审计结论
REQ-ADMINPORTAL-02289,growth-operations,docs/ref-4.10-user-segmentation.md,异常流程,若冲突超过 5%，触发人工复核 |,concurrency,P1,需求规定：若冲突超过 5%，触发人工复核,源码路径+测试用例/运行验证（本阶段仅登记证据要求）,未判定实现状态；不得复用旧审计结论
REQ-ADMINPORTAL-02290,growth-operations,docs/ref-4.10-user-segmentation.md,异常流程,"| 标签合并过程中目标标签被删除 | 事务回滚，提示""目标标签已被删除""，建议重新选择合并目标 |",rollback,P1,"需求规定：标签合并过程中目标标签被删除 | 事务回滚，提示""目标标签已被删除""，建议重新选择合并目标",源码路径+测试用例/运行验证（本阶段仅登记证据要求）,未判定实现状态；不得复用旧审计结论
REQ-ADMINPORTAL-02291,growth-operations,docs/ref-4.10-user-segmentation.md,异常流程,"| 分群画像分析数据不足（成员 < 50） | 部分图表替换为""样本不足，无法展示统计""占位，避免误导性分布展示 |",page,P1,"需求规定：分群画像分析数据不足（成员 < 50） | 部分图表替换为""样本不足，无法展示统计""占位，避免误导性分布展示",源码路径+测试用例/运行验证（本阶段仅登记证据要求）,未判定实现状态；不得复用旧审计结论
REQ-ADMINPORTAL-02292,customer-support,docs/ref-4.11-ticketing.md,1.1 `ticket_categories` — 工单分类,**预置分类**：,logic,P1,需求规定：**预置分类**：,源码路径+测试用例/运行验证（本阶段仅登记证据要求）,未判定实现状态；不得复用旧审计结论
REQ-ADMINPORTAL-02293,customer-support,docs/ref-4.11-ticketing.md,1.1 `ticket_categories` — 工单分类,| 一级分类 | 二级分类 | SLA | 说明 |,logic,P1,需求规定：一级分类 | 二级分类 | SLA | 说明,源码路径+测试用例/运行验证（本阶段仅登记证据要求）,未判定实现状态；不得复用旧审计结论
REQ-ADMINPORTAL-02294,customer-support,docs/ref-4.11-ticketing.md,1.1 `ticket_categories` — 工单分类,| 账户问题 | 实名认证 | normal | 实名审核进度、信息修改 |,logic,P1,需求规定：账户问题 | 实名认证 | normal | 实名审核进度、信息修改,源码路径+测试用例/运行验证（本阶段仅登记证据要求）,未判定实现状态；不得复用旧审计结论
REQ-ADMINPORTAL-02295,customer-support,docs/ref-4.11-ticketing.md,1.1 `ticket_categories` — 工单分类,| | 密码/登录 | urgent | 忘记密码、账号被盗 |,logic,P1,需求规定：| 密码/登录 | urgent | 忘记密码、账号被盗,源码路径+测试用例/运行验证（本阶段仅登记证据要求）,未判定实现状态；不得复用旧审计结论
REQ-ADMINPORTAL-02296,customer-support,docs/ref-4.11-ticketing.md,1.1 `ticket_categories` — 工单分类,| | 账号注销 | normal | 注销进度、撤销注销 |,logic,P1,需求规定：| 账号注销 | normal | 注销进度、撤销注销,源码路径+测试用例/运行验证（本阶段仅登记证据要求）,未判定实现状态；不得复用旧审计结论
REQ-ADMINPORTAL-02297,customer-support,docs/ref-4.11-ticketing.md,1.1 `ticket_categories` — 工单分类,| | 权限变更 | normal | 角色/权限申请 |,permission,P1,需求规定：| 权限变更 | normal | 角色/权限申请,源码路径+测试用例/运行验证（本阶段仅登记证据要求）,未判定实现状态；不得复用旧审计结论
REQ-ADMINPORTAL-02298,customer-support,docs/ref-4.11-ticketing.md,1.1 `ticket_categories` — 工单分类,| 充值/财务 | 充值问题 | urgent | 充值未到账、金额错误 |,exception,P1,需求规定：充值/财务 | 充值问题 | urgent | 充值未到账、金额错误,源码路径+测试用例/运行验证（本阶段仅登记证据要求）,未判定实现状态；不得复用旧审计结论
REQ-ADMINPORTAL-02299,customer-support,docs/ref-4.11-ticketing.md,1.1 `ticket_categories` — 工单分类,| | 退款申请 | normal | 退款进度、退款原因 |,logic,P1,需求规定：| 退款申请 | normal | 退款进度、退款原因,源码路径+测试用例/运行验证（本阶段仅登记证据要求）,未判定实现状态；不得复用旧审计结论
REQ-ADMINPORTAL-02300,customer-support,docs/ref-4.11-ticketing.md,1.1 `ticket_categories` — 工单分类,| | 发票问题 | normal | 发票申请、信息修改 |,logic,P1,需求规定：| 发票问题 | normal | 发票申请、信息修改,源码路径+测试用例/运行验证（本阶段仅登记证据要求）,未判定实现状态；不得复用旧审计结论
REQ-ADMINPORTAL-02301,customer-support,docs/ref-4.11-ticketing.md,1.1 `ticket_categories` — 工单分类,| | 余额异常 | urgent | 余额被多扣、不明消费 |,exception,P1,需求规定：| 余额异常 | urgent | 余额被多扣、不明消费,源码路径+测试用例/运行验证（本阶段仅登记证据要求）,未判定实现状态；不得复用旧审计结论
REQ-ADMINPORTAL-02302,customer-support,docs/ref-4.11-ticketing.md,1.1 `ticket_categories` — 工单分类,| 技术问题 | API 调用异常 | urgent | 接口报错、响应异常 |,api,P1,需求规定：技术问题 | API 调用异常 | urgent | 接口报错、响应异常,源码路径+测试用例/运行验证（本阶段仅登记证据要求）,未判定实现状态；不得复用旧审计结论
REQ-ADMINPORTAL-02303,customer-support,docs/ref-4.11-ticketing.md,1.1 `ticket_categories` — 工单分类,| | 模型问题 | normal | 模型不可用、输出异常 |,exception,P1,需求规定：| 模型问题 | normal | 模型不可用、输出异常,源码路径+测试用例/运行验证（本阶段仅登记证据要求）,未判定实现状态；不得复用旧审计结论
REQ-ADMINPORTAL-02304,customer-support,docs/ref-4.11-ticketing.md,1.1 `ticket_categories` — 工单分类,| | Key 管理 | normal | Key 创建/禁用/权限 |,permission,P1,需求规定：| Key 管理 | normal | Key 创建/禁用/权限,源码路径+测试用例/运行验证（本阶段仅登记证据要求）,未判定实现状态；不得复用旧审计结论
REQ-ADMINPORTAL-02305,customer-support,docs/ref-4.11-ticketing.md,1.1 `ticket_categories` — 工单分类,| | 接入咨询 | low | 文档、SDK、示例代码 |,logic,P1,需求规定：| 接入咨询 | low | 文档、SDK、示例代码,源码路径+测试用例/运行验证（本阶段仅登记证据要求）,未判定实现状态；不得复用旧审计结论
REQ-ADMINPORTAL-02306,customer-support,docs/ref-4.11-ticketing.md,1.1 `ticket_categories` — 工单分类,| 商务合作 | 企业接入 | low | 企业定制、批量采购 |,logic,P1,需求规定：商务合作 | 企业接入 | low | 企业定制、批量采购,源码路径+测试用例/运行验证（本阶段仅登记证据要求）,未判定实现状态；不得复用旧审计结论
REQ-ADMINPORTAL-02307,customer-support,docs/ref-4.11-ticketing.md,1.1 `ticket_categories` — 工单分类,| | 代理加盟 | low | 代理申请、政策咨询 |,logic,P1,需求规定：| 代理加盟 | low | 代理申请、政策咨询,源码路径+测试用例/运行验证（本阶段仅登记证据要求）,未判定实现状态；不得复用旧审计结论
REQ-ADMINPORTAL-02308,customer-support,docs/ref-4.11-ticketing.md,1.1 `ticket_categories` — 工单分类,| | 其他合作 | low | 商务拓展、联合推广 |,logic,P1,需求规定：| 其他合作 | low | 商务拓展、联合推广,源码路径+测试用例/运行验证（本阶段仅登记证据要求）,未判定实现状态；不得复用旧审计结论
REQ-ADMINPORTAL-02309,customer-support,docs/ref-4.11-ticketing.md,1.1 `ticket_categories` — 工单分类,| 投诉建议 | 服务投诉 | urgent | 客服态度、服务质量 |,logic,P1,需求规定：投诉建议 | 服务投诉 | urgent | 客服态度、服务质量,源码路径+测试用例/运行验证（本阶段仅登记证据要求）,未判定实现状态；不得复用旧审计结论
REQ-ADMINPORTAL-02310,customer-support,docs/ref-4.11-ticketing.md,1.1 `ticket_categories` — 工单分类,| | 功能建议 | low | 新功能、优化建议 |,logic,P1,需求规定：| 功能建议 | low | 新功能、优化建议,源码路径+测试用例/运行验证（本阶段仅登记证据要求）,未判定实现状态；不得复用旧审计结论
REQ-ADMINPORTAL-02311,customer-support,docs/ref-4.11-ticketing.md,1.1 `ticket_categories` — 工单分类,| | 投诉其他 | normal | 其他投诉 |,logic,P1,需求规定：| 投诉其他 | normal | 其他投诉,源码路径+测试用例/运行验证（本阶段仅登记证据要求）,未判定实现状态；不得复用旧审计结论
REQ-ADMINPORTAL-02312,customer-support,docs/ref-4.11-ticketing.md,1.2 `tickets` — 工单,**工单号生成规则**：,logic,P1,需求规定：**工单号生成规则**：,源码路径+测试用例/运行验证（本阶段仅登记证据要求）,未判定实现状态；不得复用旧审计结论
REQ-ADMINPORTAL-02313,customer-support,docs/ref-4.11-ticketing.md,1.4 `ticket_history` — 工单操作记录,**action 枚举**：,logic,P1,需求规定：**action 枚举**：,源码路径+测试用例/运行验证（本阶段仅登记证据要求）,未判定实现状态；不得复用旧审计结论
REQ-ADMINPORTAL-02314,customer-support,docs/ref-4.11-ticketing.md,1.4 `ticket_history` — 工单操作记录,| action | 说明 |,logic,P1,需求规定：action | 说明,源码路径+测试用例/运行验证（本阶段仅登记证据要求）,未判定实现状态；不得复用旧审计结论
REQ-ADMINPORTAL-02315,customer-support,docs/ref-4.11-ticketing.md,1.4 `ticket_history` — 工单操作记录,| `created` | 创建工单 |,logic,P1,需求规定：`created` | 创建工单,源码路径+测试用例/运行验证（本阶段仅登记证据要求）,未判定实现状态；不得复用旧审计结论
REQ-ADMINPORTAL-02316,customer-support,docs/ref-4.11-ticketing.md,1.4 `ticket_history` — 工单操作记录,| `assigned` | 分配处理人 |,logic,P1,需求规定：`assigned` | 分配处理人,源码路径+测试用例/运行验证（本阶段仅登记证据要求）,未判定实现状态；不得复用旧审计结论
REQ-ADMINPORTAL-02317,customer-support,docs/ref-4.11-ticketing.md,1.4 `ticket_history` — 工单操作记录,| `claimed` | 客服接单 |,logic,P1,需求规定：`claimed` | 客服接单,源码路径+测试用例/运行验证（本阶段仅登记证据要求）,未判定实现状态；不得复用旧审计结论
REQ-ADMINPORTAL-02318,customer-support,docs/ref-4.11-ticketing.md,1.4 `ticket_history` — 工单操作记录,| `replied` | 回复（客服/用户） |,logic,P1,需求规定：`replied` | 回复（客服/用户）,源码路径+测试用例/运行验证（本阶段仅登记证据要求）,未判定实现状态；不得复用旧审计结论
REQ-ADMINPORTAL-02319,customer-support,docs/ref-4.11-ticketing.md,1.4 `ticket_history` — 工单操作记录,| `status_changed` | 状态变更 |,state,P1,需求规定：`status_changed` | 状态变更,源码路径+测试用例/运行验证（本阶段仅登记证据要求）,未判定实现状态；不得复用旧审计结论
REQ-ADMINPORTAL-02320,customer-support,docs/ref-4.11-ticketing.md,1.4 `ticket_history` — 工单操作记录,| `priority_changed` | 优先级变更 |,logic,P1,需求规定：`priority_changed` | 优先级变更,源码路径+测试用例/运行验证（本阶段仅登记证据要求）,未判定实现状态；不得复用旧审计结论
REQ-ADMINPORTAL-02321,customer-support,docs/ref-4.11-ticketing.md,1.4 `ticket_history` — 工单操作记录,| `category_changed` | 分类变更 |,logic,P1,需求规定：`category_changed` | 分类变更,源码路径+测试用例/运行验证（本阶段仅登记证据要求）,未判定实现状态；不得复用旧审计结论
REQ-ADMINPORTAL-02322,customer-support,docs/ref-4.11-ticketing.md,1.4 `ticket_history` — 工单操作记录,| `reopened` | 重开工单 |,logic,P1,需求规定：`reopened` | 重开工单,源码路径+测试用例/运行验证（本阶段仅登记证据要求）,未判定实现状态；不得复用旧审计结论
REQ-ADMINPORTAL-02323,customer-support,docs/ref-4.11-ticketing.md,1.4 `ticket_history` — 工单操作记录,| `resolved` | 标记解决 |,logic,P1,需求规定：`resolved` | 标记解决,源码路径+测试用例/运行验证（本阶段仅登记证据要求）,未判定实现状态；不得复用旧审计结论
REQ-ADMINPORTAL-02324,customer-support,docs/ref-4.11-ticketing.md,1.4 `ticket_history` — 工单操作记录,| `closed` | 关闭工单 |,logic,P1,需求规定：`closed` | 关闭工单,源码路径+测试用例/运行验证（本阶段仅登记证据要求）,未判定实现状态；不得复用旧审计结论
REQ-ADMINPORTAL-02325,customer-support,docs/ref-4.11-ticketing.md,1.5 `ticket_sla_policies` — SLA 策略,**预置 SLA 策略**：,logic,P1,需求规定：**预置 SLA 策略**：,源码路径+测试用例/运行验证（本阶段仅登记证据要求）,未判定实现状态；不得复用旧审计结论
REQ-ADMINPORTAL-02326,customer-support,docs/ref-4.11-ticketing.md,1.5 `ticket_sla_policies` — SLA 策略,| 策略名 | 优先级 | 首次响应 | 解决时限 | 说明 |,logic,P1,需求规定：策略名 | 优先级 | 首次响应 | 解决时限 | 说明,源码路径+测试用例/运行验证（本阶段仅登记证据要求）,未判定实现状态；不得复用旧审计结论
REQ-ADMINPORTAL-02327,customer-support,docs/ref-4.11-ticketing.md,1.5 `ticket_sla_policies` — SLA 策略,| 紧急策略 | urgent | 30分钟 | 4小时 | 服务中断、充值异常类 |,exception,P1,需求规定：紧急策略 | urgent | 30分钟 | 4小时 | 服务中断、充值异常类,源码路径+测试用例/运行验证（本阶段仅登记证据要求）,未判定实现状态；不得复用旧审计结论
REQ-ADMINPORTAL-02328,customer-support,docs/ref-4.11-ticketing.md,1.5 `ticket_sla_policies` — SLA 策略,| 标准策略 | high | 1小时 | 8小时 | API异常、投诉类 |,api,P1,需求规定：标准策略 | high | 1小时 | 8小时 | API异常、投诉类,源码路径+测试用例/运行验证（本阶段仅登记证据要求）,未判定实现状态；不得复用旧审计结论
REQ-ADMINPORTAL-02329,customer-support,docs/ref-4.11-ticketing.md,1.5 `ticket_sla_policies` — SLA 策略,| 普通策略 | normal | 4小时 | 24小时 | 账户/财务/技术问题 |,logic,P1,需求规定：普通策略 | normal | 4小时 | 24小时 | 账户/财务/技术问题,源码路径+测试用例/运行验证（本阶段仅登记证据要求）,未判定实现状态；不得复用旧审计结论
REQ-ADMINPORTAL-02330,customer-support,docs/ref-4.11-ticketing.md,1.5 `ticket_sla_policies` — SLA 策略,| 非紧急策略 | low | 8小时 | 72小时 | 咨询/建议/合作 |,logic,P1,需求规定：非紧急策略 | low | 8小时 | 72小时 | 咨询/建议/合作,源码路径+测试用例/运行验证（本阶段仅登记证据要求）,未判定实现状态；不得复用旧审计结论
REQ-ADMINPORTAL-02331,customer-support,docs/ref-4.11-ticketing.md,1.5 `ticket_sla_policies` — SLA 策略,**SLA 截止时间计算**：,field,P1,需求规定：**SLA 截止时间计算**：,源码路径+测试用例/运行验证（本阶段仅登记证据要求）,未判定实现状态；不得复用旧审计结论
REQ-ADMINPORTAL-02332,customer-support,docs/ref-4.11-ticketing.md,2.1 分类管理,| 操作 | 权限 | 说明 |,permission,P1,需求规定：操作 | 权限 | 说明,源码路径+测试用例/运行验证（本阶段仅登记证据要求）,未判定实现状态；不得复用旧审计结论
REQ-ADMINPORTAL-02333,customer-support,docs/ref-4.11-ticketing.md,2.1 分类管理,| 查看分类树 | USER_VIEW | 树形展示所有分类 |,permission,P1,需求规定：查看分类树 | USER_VIEW | 树形展示所有分类,源码路径+测试用例/运行验证（本阶段仅登记证据要求）,未判定实现状态；不得复用旧审计结论
REQ-ADMINPORTAL-02334,customer-support,docs/ref-4.11-ticketing.md,2.1 分类管理,| 新增分类 | USER_EDIT | 一级/二级分类 |,permission,P1,需求规定：新增分类 | USER_EDIT | 一级/二级分类,源码路径+测试用例/运行验证（本阶段仅登记证据要求）,未判定实现状态；不得复用旧审计结论
REQ-ADMINPORTAL-02335,customer-support,docs/ref-4.11-ticketing.md,2.1 分类管理,| 编辑分类 | USER_EDIT | 名称/SLA类型/默认分配人/图标/排序 |,permission,P1,需求规定：编辑分类 | USER_EDIT | 名称/SLA类型/默认分配人/图标/排序,源码路径+测试用例/运行验证（本阶段仅登记证据要求）,未判定实现状态；不得复用旧审计结论
REQ-ADMINPORTAL-02336,customer-support,docs/ref-4.11-ticketing.md,2.1 分类管理,| 启用/停用 | USER_EDIT | 停用后用户无法选择该分类 |,permission,P1,需求规定：启用/停用 | USER_EDIT | 停用后用户无法选择该分类,源码路径+测试用例/运行验证（本阶段仅登记证据要求）,未判定实现状态；不得复用旧审计结论
REQ-ADMINPORTAL-02337,customer-support,docs/ref-4.11-ticketing.md,2.1 分类管理,| 删除分类 | USER_EDIT | 无关联工单时可删除 |,permission,P1,需求规定：删除分类 | USER_EDIT | 无关联工单时可删除,源码路径+测试用例/运行验证（本阶段仅登记证据要求）,未判定实现状态；不得复用旧审计结论
REQ-ADMINPORTAL-02338,customer-support,docs/ref-4.11-ticketing.md,2.2 分类与 SLA 映射,- 当工单创建时根据分类自动确定初始 priority,logic,P1,需求规定：- 当工单创建时根据分类自动确定初始 priority,源码路径+测试用例/运行验证（本阶段仅登记证据要求）,未判定实现状态；不得复用旧审计结论
REQ-ADMINPORTAL-02339,customer-support,docs/ref-4.11-ticketing.md,2.2 分类与 SLA 映射,- 运营可手动调整单个工单的 priority,logic,P1,需求规定：- 运营可手动调整单个工单的 priority,源码路径+测试用例/运行验证（本阶段仅登记证据要求）,未判定实现状态；不得复用旧审计结论
REQ-ADMINPORTAL-02340,customer-support,docs/ref-4.11-ticketing.md,3.1 状态机,**关闭规则**：,logic,P1,需求规定：**关闭规则**：,源码路径+测试用例/运行验证（本阶段仅登记证据要求）,未判定实现状态；不得复用旧审计结论
REQ-ADMINPORTAL-02341,customer-support,docs/ref-4.11-ticketing.md,3.1 状态机,| 场景 | 自动关闭条件 |,logic,P1,需求规定：场景 | 自动关闭条件,源码路径+测试用例/运行验证（本阶段仅登记证据要求）,未判定实现状态；不得复用旧审计结论
REQ-ADMINPORTAL-02342,customer-support,docs/ref-4.11-ticketing.md,3.1 状态机,| 等待用户回复 | 7天未回复 → 自动 close，附系统消息 |,logic,P1,需求规定：等待用户回复 | 7天未回复 → 自动 close，附系统消息,源码路径+测试用例/运行验证（本阶段仅登记证据要求）,未判定实现状态；不得复用旧审计结论
REQ-ADMINPORTAL-02343,customer-support,docs/ref-4.11-ticketing.md,3.1 状态机,| 已解决 | 用户7天未确认 → 自动 close |,logic,P1,需求规定：已解决 | 用户7天未确认 → 自动 close,源码路径+测试用例/运行验证（本阶段仅登记证据要求）,未判定实现状态；不得复用旧审计结论
REQ-ADMINPORTAL-02344,customer-support,docs/ref-4.11-ticketing.md,3.1 状态机,| 超时未处理 | SLA 超时 3 倍仍未处理 → 升级给 escalateToUserId |,exception,P1,需求规定：超时未处理 | SLA 超时 3 倍仍未处理 → 升级给 escalateToUserId,源码路径+测试用例/运行验证（本阶段仅登记证据要求）,未判定实现状态；不得复用旧审计结论
REQ-ADMINPORTAL-02345,customer-support,docs/ref-4.11-ticketing.md,3.2 操作权限矩阵,| 操作 | user | agent | admin/support | super_admin |,logic,P1,需求规定：操作 | user | agent | admin/support | super_admin,源码路径+测试用例/运行验证（本阶段仅登记证据要求）,未判定实现状态；不得复用旧审计结论
REQ-ADMINPORTAL-02346,customer-support,docs/ref-4.11-ticketing.md,3.2 操作权限矩阵,| 创建工单 | ✅ | ✅ | ✅ | ✅ |,logic,P1,需求规定：创建工单 | ✅ | ✅ | ✅ | ✅,源码路径+测试用例/运行验证（本阶段仅登记证据要求）,未判定实现状态；不得复用旧审计结论
REQ-ADMINPORTAL-02347,customer-support,docs/ref-4.11-ticketing.md,3.2 操作权限矩阵,| 查看自己的工单 | ✅ | ✅ | ✅ | ✅ |,logic,P1,需求规定：查看自己的工单 | ✅ | ✅ | ✅ | ✅,源码路径+测试用例/运行验证（本阶段仅登记证据要求）,未判定实现状态；不得复用旧审计结论
REQ-ADMINPORTAL-02348,customer-support,docs/ref-4.11-ticketing.md,3.2 操作权限矩阵,| 查看所有人的工单 | ❌ | ❌ | ✅ | ✅ |,logic,P1,需求规定：查看所有人的工单 | ❌ | ❌ | ✅ | ✅,源码路径+测试用例/运行验证（本阶段仅登记证据要求）,未判定实现状态；不得复用旧审计结论
REQ-ADMINPORTAL-02349,customer-support,docs/ref-4.11-ticketing.md,3.2 操作权限矩阵,| 回复工单 | ✅(自己的) | ✅(自己的) | ✅ | ✅ |,logic,P1,需求规定：回复工单 | ✅(自己的) | ✅(自己的) | ✅ | ✅,源码路径+测试用例/运行验证（本阶段仅登记证据要求）,未判定实现状态；不得复用旧审计结论
REQ-ADMINPORTAL-02350,customer-support,docs/ref-4.11-ticketing.md,3.2 操作权限矩阵,| 接单 | ❌ | ❌ | ✅ | ✅ |,logic,P1,需求规定：接单 | ❌ | ❌ | ✅ | ✅,源码路径+测试用例/运行验证（本阶段仅登记证据要求）,未判定实现状态；不得复用旧审计结论
REQ-ADMINPORTAL-02351,customer-support,docs/ref-4.11-ticketing.md,3.2 操作权限矩阵,| 分配处理人 | ❌ | ❌ | ✅ | ✅ |,logic,P1,需求规定：分配处理人 | ❌ | ❌ | ✅ | ✅,源码路径+测试用例/运行验证（本阶段仅登记证据要求）,未判定实现状态；不得复用旧审计结论
REQ-ADMINPORTAL-02352,customer-support,docs/ref-4.11-ticketing.md,3.2 操作权限矩阵,| 变更优先级 | ❌ | ❌ | ✅ | ✅ |,logic,P1,需求规定：变更优先级 | ❌ | ❌ | ✅ | ✅,源码路径+测试用例/运行验证（本阶段仅登记证据要求）,未判定实现状态；不得复用旧审计结论
REQ-ADMINPORTAL-02353,customer-support,docs/ref-4.11-ticketing.md,3.2 操作权限矩阵,| 变更分类 | ❌ | ❌ | ✅ | ✅ |,logic,P1,需求规定：变更分类 | ❌ | ❌ | ✅ | ✅,源码路径+测试用例/运行验证（本阶段仅登记证据要求）,未判定实现状态；不得复用旧审计结论
REQ-ADMINPORTAL-02354,customer-support,docs/ref-4.11-ticketing.md,3.2 操作权限矩阵,| 标记已解决 | ❌ | ❌ | ✅ | ✅ |,logic,P1,需求规定：标记已解决 | ❌ | ❌ | ✅ | ✅,源码路径+测试用例/运行验证（本阶段仅登记证据要求）,未判定实现状态；不得复用旧审计结论
REQ-ADMINPORTAL-02355,customer-support,docs/ref-4.11-ticketing.md,3.2 操作权限矩阵,| 关闭工单 | ❌ | ❌ | ✅ | ✅ |,logic,P1,需求规定：关闭工单 | ❌ | ❌ | ✅ | ✅,源码路径+测试用例/运行验证（本阶段仅登记证据要求）,未判定实现状态；不得复用旧审计结论
REQ-ADMINPORTAL-02356,customer-support,docs/ref-4.11-ticketing.md,3.2 操作权限矩阵,| 重开工单 | ✅(自己的已解决) | ✅(自己的已解决) | ✅ | ✅ |,logic,P1,需求规定：重开工单 | ✅(自己的已解决) | ✅(自己的已解决) | ✅ | ✅,源码路径+测试用例/运行验证（本阶段仅登记证据要求）,未判定实现状态；不得复用旧审计结论
REQ-ADMINPORTAL-02357,customer-support,docs/ref-4.11-ticketing.md,3.2 操作权限矩阵,| 评价满意度 | ✅(自己的已解决) | ✅(自己的已解决) | ❌ | ❌ |,logic,P1,需求规定：评价满意度 | ✅(自己的已解决) | ✅(自己的已解决) | ❌ | ❌,源码路径+测试用例/运行验证（本阶段仅登记证据要求）,未判定实现状态；不得复用旧审计结论
REQ-ADMINPORTAL-02358,customer-support,docs/ref-4.11-ticketing.md,3.2 操作权限矩阵,| 管理分类/SLA | ❌ | ❌ | ❌ | ✅ |,logic,P1,需求规定：管理分类/SLA | ❌ | ❌ | ❌ | ✅,源码路径+测试用例/运行验证（本阶段仅登记证据要求）,未判定实现状态；不得复用旧审计结论
REQ-ADMINPORTAL-02359,customer-support,docs/ref-4.11-ticketing.md,4.1 创建工单,**入口**：用户端导航栏 →「帮助中心」→「提交工单」,transaction,P1,需求规定：**入口**：用户端导航栏 →「帮助中心」→「提交工单」,源码路径+测试用例/运行验证（本阶段仅登记证据要求）,未判定实现状态；不得复用旧审计结论
REQ-ADMINPORTAL-02360,customer-support,docs/ref-4.11-ticketing.md,4.1 创建工单,**创建表单**：,logic,P1,需求规定：**创建表单**：,源码路径+测试用例/运行验证（本阶段仅登记证据要求）,未判定实现状态；不得复用旧审计结论
REQ-ADMINPORTAL-02361,customer-support,docs/ref-4.11-ticketing.md,4.1 创建工单,| 字段 | 必填 | 类型 | 说明 |,field,P1,需求规定：字段 | 必填 | 类型 | 说明,源码路径+测试用例/运行验证（本阶段仅登记证据要求）,未判定实现状态；不得复用旧审计结论
REQ-ADMINPORTAL-02362,customer-support,docs/ref-4.11-ticketing.md,4.1 创建工单,| 工单分类 | ✅ | 级联选择（一级→二级） | 根据系统配置可用分类 |,logic,P1,需求规定：工单分类 | ✅ | 级联选择（一级→二级） | 根据系统配置可用分类,源码路径+测试用例/运行验证（本阶段仅登记证据要求）,未判定实现状态；不得复用旧审计结论
REQ-ADMINPORTAL-02363,customer-support,docs/ref-4.11-ticketing.md,4.1 创建工单,| 标题 | ✅ | text(256) | 简明扼要描述问题 |,logic,P1,需求规定：标题 | ✅ | text(256) | 简明扼要描述问题,源码路径+测试用例/运行验证（本阶段仅登记证据要求）,未判定实现状态；不得复用旧审计结论
REQ-ADMINPORTAL-02364,customer-support,docs/ref-4.11-ticketing.md,4.1 创建工单,| 详细描述 | ✅ | 富文本编辑器 | 支持文本格式、列表、代码块 |,logic,P1,需求规定：详细描述 | ✅ | 富文本编辑器 | 支持文本格式、列表、代码块,源码路径+测试用例/运行验证（本阶段仅登记证据要求）,未判定实现状态；不得复用旧审计结论
REQ-ADMINPORTAL-02365,customer-support,docs/ref-4.11-ticketing.md,4.1 创建工单,| 优先级 | ❌ | select | 用户可选 normal/high，系统定级 urgent 需额外理由 |,logic,P1,需求规定：优先级 | ❌ | select | 用户可选 normal/high，系统定级 urgent 需额外理由,源码路径+测试用例/运行验证（本阶段仅登记证据要求）,未判定实现状态；不得复用旧审计结论
REQ-ADMINPORTAL-02366,customer-support,docs/ref-4.11-ticketing.md,4.1 创建工单,| 附件 | ❌ | 文件上传 | 支持图片/PDF/文本，单文件≤10MB，总≤5个 |,logic,P1,需求规定：附件 | ❌ | 文件上传 | 支持图片/PDF/文本，单文件≤10MB，总≤5个,源码路径+测试用例/运行验证（本阶段仅登记证据要求）,未判定实现状态；不得复用旧审计结论
REQ-ADMINPORTAL-02367,customer-support,docs/ref-4.11-ticketing.md,4.1 创建工单,**创建后行为**：,logic,P1,需求规定：**创建后行为**：,源码路径+测试用例/运行验证（本阶段仅登记证据要求）,未判定实现状态；不得复用旧审计结论
REQ-ADMINPORTAL-02368,customer-support,docs/ref-4.11-ticketing.md,4.2 我的工单列表,**页面路径**：`/console/tickets`,api,P1,需求规定：**页面路径**：`/console/tickets`,源码路径+测试用例/运行验证（本阶段仅登记证据要求）,未判定实现状态；不得复用旧审计结论
REQ-ADMINPORTAL-02369,customer-support,docs/ref-4.11-ticketing.md,4.2 我的工单列表,| 列 | 说明 |,logic,P1,需求规定：列 | 说明,源码路径+测试用例/运行验证（本阶段仅登记证据要求）,未判定实现状态；不得复用旧审计结论
REQ-ADMINPORTAL-02370,customer-support,docs/ref-4.11-ticketing.md,4.2 我的工单列表,| 工单号 | TK-260728-0001，可点击进入详情 |,logic,P1,需求规定：工单号 | TK-260728-0001，可点击进入详情,源码路径+测试用例/运行验证（本阶段仅登记证据要求）,未判定实现状态；不得复用旧审计结论
REQ-ADMINPORTAL-02371,customer-support,docs/ref-4.11-ticketing.md,4.2 我的工单列表,| 标题 | 截断显示 |,logic,P1,需求规定：标题 | 截断显示,源码路径+测试用例/运行验证（本阶段仅登记证据要求）,未判定实现状态；不得复用旧审计结论
REQ-ADMINPORTAL-02372,customer-support,docs/ref-4.11-ticketing.md,4.2 我的工单列表,| 分类 | 二级分类名 |,logic,P1,需求规定：分类 | 二级分类名,源码路径+测试用例/运行验证（本阶段仅登记证据要求）,未判定实现状态；不得复用旧审计结论
REQ-ADMINPORTAL-02373,customer-support,docs/ref-4.11-ticketing.md,4.2 我的工单列表,| 状态 | 彩色标签（open黄色/in_progress蓝色/resolved绿色/closed灰色） |,state,P1,需求规定：状态 | 彩色标签（open黄色/in_progress蓝色/resolved绿色/closed灰色）,源码路径+测试用例/运行验证（本阶段仅登记证据要求）,未判定实现状态；不得复用旧审计结论
REQ-ADMINPORTAL-02374,customer-support,docs/ref-4.11-ticketing.md,4.2 我的工单列表,| 优先级 | 彩色标签（urgent红/high橙/normal蓝/low灰） |,logic,P1,需求规定：优先级 | 彩色标签（urgent红/high橙/normal蓝/low灰）,源码路径+测试用例/运行验证（本阶段仅登记证据要求）,未判定实现状态；不得复用旧审计结论
REQ-ADMINPORTAL-02375,customer-support,docs/ref-4.11-ticketing.md,4.2 我的工单列表,| 创建时间 | — |,field,P1,需求规定：创建时间 | —,源码路径+测试用例/运行验证（本阶段仅登记证据要求）,未判定实现状态；不得复用旧审计结论
REQ-ADMINPORTAL-02376,customer-support,docs/ref-4.11-ticketing.md,4.2 我的工单列表,| 最后更新 | 最近一条回复+时间 |,field,P1,需求规定：最后更新 | 最近一条回复+时间,源码路径+测试用例/运行验证（本阶段仅登记证据要求）,未判定实现状态；不得复用旧审计结论
REQ-ADMINPORTAL-02377,customer-support,docs/ref-4.11-ticketing.md,4.2 我的工单列表,| 满意度 | 已闭环的显示评分 |,logic,P1,需求规定：满意度 | 已闭环的显示评分,源码路径+测试用例/运行验证（本阶段仅登记证据要求）,未判定实现状态；不得复用旧审计结论
REQ-ADMINPORTAL-02378,customer-support,docs/ref-4.11-ticketing.md,4.2 我的工单列表,**筛选器**：状态 / 分类 / 创建时间范围 / 关键词搜索,state,P1,需求规定：**筛选器**：状态 / 分类 / 创建时间范围 / 关键词搜索,源码路径+测试用例/运行验证（本阶段仅登记证据要求）,未判定实现状态；不得复用旧审计结论
REQ-ADMINPORTAL-02379,customer-support,docs/ref-4.11-ticketing.md,4.4 满意度评价,**触发时机**：客服标记 `resolved` 后，用户可见评价入口。,page,P1,需求规定：**触发时机**：客服标记 `resolved` 后，用户可见评价入口。,源码路径+测试用例/运行验证（本阶段仅登记证据要求）,未判定实现状态；不得复用旧审计结论
REQ-ADMINPORTAL-02380,customer-support,docs/ref-4.11-ticketing.md,4.4 满意度评价,**评价维度**：满意度(1-5星) + 选填评语。写入 `tickets.satisfaction` 和 `satisfaction_comment`。,logic,P1,需求规定：**评价维度**：满意度(1-5星) + 选填评语。写入 `tickets.satisfaction` 和 `satisfaction_comment`。,源码路径+测试用例/运行验证（本阶段仅登记证据要求）,未判定实现状态；不得复用旧审计结论
REQ-ADMINPORTAL-02381,customer-support,docs/ref-4.11-ticketing.md,5.1 工单工作台,**页面路径**：`/admin/tickets`,api,P1,需求规定：**页面路径**：`/admin/tickets`,源码路径+测试用例/运行验证（本阶段仅登记证据要求）,未判定实现状态；不得复用旧审计结论
REQ-ADMINPORTAL-02382,customer-support,docs/ref-4.11-ticketing.md,5.1 工单工作台,**顶部统计栏**（实时轮询）：,logic,P1,需求规定：**顶部统计栏**（实时轮询）：,源码路径+测试用例/运行验证（本阶段仅登记证据要求）,未判定实现状态；不得复用旧审计结论
REQ-ADMINPORTAL-02383,customer-support,docs/ref-4.11-ticketing.md,5.1 工单工作台,| 指标 | 数据源 |,logic,P1,需求规定：指标 | 数据源,源码路径+测试用例/运行验证（本阶段仅登记证据要求）,未判定实现状态；不得复用旧审计结论
REQ-ADMINPORTAL-02384,customer-support,docs/ref-4.11-ticketing.md,5.1 工单工作台,| 待接单 | status=open COUNT |,logic,P1,需求规定：待接单 | status=open COUNT,源码路径+测试用例/运行验证（本阶段仅登记证据要求）,未判定实现状态；不得复用旧审计结论
REQ-ADMINPORTAL-02385,customer-support,docs/ref-4.11-ticketing.md,5.1 工单工作台,| 处理中 | status=in_progress COUNT |,logic,P1,需求规定：处理中 | status=in_progress COUNT,源码路径+测试用例/运行验证（本阶段仅登记证据要求）,未判定实现状态；不得复用旧审计结论
REQ-ADMINPORTAL-02386,customer-support,docs/ref-4.11-ticketing.md,5.1 工单工作台,| 等待用户 | status=waiting_user COUNT |,logic,P1,需求规定：等待用户 | status=waiting_user COUNT,源码路径+测试用例/运行验证（本阶段仅登记证据要求）,未判定实现状态；不得复用旧审计结论
REQ-ADMINPORTAL-02387,customer-support,docs/ref-4.11-ticketing.md,5.1 工单工作台,| 今日已解决 | resolvedAt 在今天 |,logic,P1,需求规定：今日已解决 | resolvedAt 在今天,源码路径+测试用例/运行验证（本阶段仅登记证据要求）,未判定实现状态；不得复用旧审计结论
REQ-ADMINPORTAL-02388,customer-support,docs/ref-4.11-ticketing.md,5.1 工单工作台,| SLA 超期 | slaBreached=true 且未解决 |,logic,P1,需求规定：SLA 超期 | slaBreached=true 且未解决,源码路径+测试用例/运行验证（本阶段仅登记证据要求）,未判定实现状态；不得复用旧审计结论
REQ-ADMINPORTAL-02389,customer-support,docs/ref-4.11-ticketing.md,5.1 工单工作台,**列表列**：工单号/标题(含优先级色标)/用户(昵称+ID)/分类/状态/处理人/SLA倒计时(🟢>4h 🟡1-4h 🔴<1h)/创建时间/操作(接单/分配/查看),state,P1,需求规定：**列表列**：工单号/标题(含优先级色标)/用户(昵称+ID)/分类/状态/处理人/SLA倒计时(🟢>4h 🟡1-4h 🔴<1h)/创建时间/操作(接单/分配/查看),源码路径+测试用例/运行验证（本阶段仅登记证据要求）,未判定实现状态；不得复用旧审计结论
REQ-ADMINPORTAL-02390,customer-support,docs/ref-4.11-ticketing.md,5.1 工单工作台,**快速视图切换**：我的工单 | 未分配 | 全部 | 已解决 | 已关闭,logic,P1,需求规定：**快速视图切换**：我的工单 | 未分配 | 全部 | 已解决 | 已关闭,源码路径+测试用例/运行验证（本阶段仅登记证据要求）,未判定实现状态；不得复用旧审计结论
REQ-ADMINPORTAL-02391,customer-support,docs/ref-4.11-ticketing.md,6. SLA 策略配置,**页面路径**：`/admin/config/ticket-sla`,api,P1,需求规定：**页面路径**：`/admin/config/ticket-sla`,源码路径+测试用例/运行验证（本阶段仅登记证据要求）,未判定实现状态；不得复用旧审计结论
REQ-ADMINPORTAL-02392,customer-support,docs/ref-4.11-ticketing.md,6. SLA 策略配置,| 字段 | 说明 |,field,P1,需求规定：字段 | 说明,源码路径+测试用例/运行验证（本阶段仅登记证据要求）,未判定实现状态；不得复用旧审计结论
REQ-ADMINPORTAL-02393,customer-support,docs/ref-4.11-ticketing.md,6. SLA 策略配置,"| 策略名 | 如""紧急策略"" |",logic,P1,"需求规定：策略名 | 如""紧急策略""",源码路径+测试用例/运行验证（本阶段仅登记证据要求）,未判定实现状态；不得复用旧审计结论
REQ-ADMINPORTAL-02394,customer-support,docs/ref-4.11-ticketing.md,6. SLA 策略配置,| 适用优先级 | urgent/high/normal/low |,logic,P1,需求规定：适用优先级 | urgent/high/normal/low,源码路径+测试用例/运行验证（本阶段仅登记证据要求）,未判定实现状态；不得复用旧审计结论
REQ-ADMINPORTAL-02395,customer-support,docs/ref-4.11-ticketing.md,6. SLA 策略配置,| 首次响应时限 | 数字+单位 |,logic,P1,需求规定：首次响应时限 | 数字+单位,源码路径+测试用例/运行验证（本阶段仅登记证据要求）,未判定实现状态；不得复用旧审计结论
REQ-ADMINPORTAL-02396,customer-support,docs/ref-4.11-ticketing.md,6. SLA 策略配置,| 解决时限 | 数字+单位 |,logic,P1,需求规定：解决时限 | 数字+单位,源码路径+测试用例/运行验证（本阶段仅登记证据要求）,未判定实现状态；不得复用旧审计结论
REQ-ADMINPORTAL-02397,customer-support,docs/ref-4.11-ticketing.md,6. SLA 策略配置,| 仅计算工作时间 | 开关(工作日 9:00-18:00) |,permission,P1,需求规定：仅计算工作时间 | 开关(工作日 9:00-18:00),源码路径+测试用例/运行验证（本阶段仅登记证据要求）,未判定实现状态；不得复用旧审计结论
REQ-ADMINPORTAL-02398,customer-support,docs/ref-4.11-ticketing.md,6. SLA 策略配置,| 启用自动升级 | 开关 + 升级阈值% + 升级对象 |,state,P1,需求规定：启用自动升级 | 开关 + 升级阈值% + 升级对象,源码路径+测试用例/运行验证（本阶段仅登记证据要求）,未判定实现状态；不得复用旧审计结论
REQ-ADMINPORTAL-02399,customer-support,docs/ref-4.11-ticketing.md,6. SLA 策略配置,**SLA 超时检测**：cron 每 5 分钟扫描 → 标记 slaBreached=true → 记录事件 → 发送通知。,audit,P1,需求规定：**SLA 超时检测**：cron 每 5 分钟扫描 → 标记 slaBreached=true → 记录事件 → 发送通知。,源码路径+测试用例/运行验证（本阶段仅登记证据要求）,未判定实现状态；不得复用旧审计结论
REQ-ADMINPORTAL-02400,customer-support,docs/ref-4.11-ticketing.md,7. 客服排班与分配,**分配策略**：round_robin(轮流)、least_busy(最少待处理)、weighted(加权)、category_based(按分类)、manual(手动),logic,P1,需求规定：**分配策略**：round_robin(轮流)、least_busy(最少待处理)、weighted(加权)、category_based(按分类)、manual(手动),源码路径+测试用例/运行验证（本阶段仅登记证据要求）,未判定实现状态；不得复用旧审计结论
REQ-ADMINPORTAL-02401,customer-support,docs/ref-4.11-ticketing.md,7. 客服排班与分配,**负载保护**：每客服最多 maxPerAgent 个待处理工单，满载时保持 open 状态,state,P1,需求规定：**负载保护**：每客服最多 maxPerAgent 个待处理工单，满载时保持 open 状态,源码路径+测试用例/运行验证（本阶段仅登记证据要求）,未判定实现状态；不得复用旧审计结论
REQ-ADMINPORTAL-02402,customer-support,docs/ref-4.11-ticketing.md,8. 工单统计分析,**路径**：`/admin/tickets/analytics`,api,P1,需求规定：**路径**：`/admin/tickets/analytics`,源码路径+测试用例/运行验证（本阶段仅登记证据要求）,未判定实现状态；不得复用旧审计结论
REQ-ADMINPORTAL-02403,customer-support,docs/ref-4.11-ticketing.md,8. 工单统计分析,**核心指标**：工单总量/解决率/平均解决时间/平均首次响应/SLA达标率/满意度/重开率,field,P1,需求规定：**核心指标**：工单总量/解决率/平均解决时间/平均首次响应/SLA达标率/满意度/重开率,源码路径+测试用例/运行验证（本阶段仅登记证据要求）,未判定实现状态；不得复用旧审计结论
REQ-ADMINPORTAL-02404,customer-support,docs/ref-4.11-ticketing.md,8. 工单统计分析,**图表**：创建量vs解决量趋势/各分类分布(饼图)/客服绩效对比(条形图),logic,P1,需求规定：**图表**：创建量vs解决量趋势/各分类分布(饼图)/客服绩效对比(条形图),源码路径+测试用例/运行验证（本阶段仅登记证据要求）,未判定实现状态；不得复用旧审计结论
REQ-ADMINPORTAL-02405,customer-support,docs/ref-4.11-ticketing.md,9.1 用户端,| 方法 | 路径 | 说明 |,api,P1,需求规定：方法 | 路径 | 说明,源码路径+测试用例/运行验证（本阶段仅登记证据要求）,未判定实现状态；不得复用旧审计结论
REQ-ADMINPORTAL-02406,customer-support,docs/ref-4.11-ticketing.md,9.1 用户端,| GET | `/api/v1/me/tickets` | 我的工单列表 |,api,P1,需求规定：GET | `/api/v1/me/tickets` | 我的工单列表,源码路径+测试用例/运行验证（本阶段仅登记证据要求）,未判定实现状态；不得复用旧审计结论
REQ-ADMINPORTAL-02407,customer-support,docs/ref-4.11-ticketing.md,9.1 用户端,| POST | `/api/v1/me/tickets` | 创建工单 |,api,P1,需求规定：POST | `/api/v1/me/tickets` | 创建工单,源码路径+测试用例/运行验证（本阶段仅登记证据要求）,未判定实现状态；不得复用旧审计结论
REQ-ADMINPORTAL-02408,customer-support,docs/ref-4.11-ticketing.md,9.1 用户端,| GET | `/api/v1/me/tickets/:id` | 工单详情(含全部回复) |,api,P1,需求规定：GET | `/api/v1/me/tickets/:id` | 工单详情(含全部回复),源码路径+测试用例/运行验证（本阶段仅登记证据要求）,未判定实现状态；不得复用旧审计结论
REQ-ADMINPORTAL-02409,customer-support,docs/ref-4.11-ticketing.md,9.1 用户端,| POST | `/api/v1/me/tickets/:id/replies` | 回复工单 |,api,P1,需求规定：POST | `/api/v1/me/tickets/:id/replies` | 回复工单,源码路径+测试用例/运行验证（本阶段仅登记证据要求）,未判定实现状态；不得复用旧审计结论
REQ-ADMINPORTAL-02410,customer-support,docs/ref-4.11-ticketing.md,9.1 用户端,| POST | `/api/v1/me/tickets/:id/reopen` | 重开工单 |,api,P1,需求规定：POST | `/api/v1/me/tickets/:id/reopen` | 重开工单,源码路径+测试用例/运行验证（本阶段仅登记证据要求）,未判定实现状态；不得复用旧审计结论
REQ-ADMINPORTAL-02411,customer-support,docs/ref-4.11-ticketing.md,9.1 用户端,| POST | `/api/v1/me/tickets/:id/satisfaction` | 评价满意度 |,api,P1,需求规定：POST | `/api/v1/me/tickets/:id/satisfaction` | 评价满意度,源码路径+测试用例/运行验证（本阶段仅登记证据要求）,未判定实现状态；不得复用旧审计结论
REQ-ADMINPORTAL-02412,customer-support,docs/ref-4.11-ticketing.md,9.2 管理端,| 方法 | 路径 | 说明 |,api,P1,需求规定：方法 | 路径 | 说明,源码路径+测试用例/运行验证（本阶段仅登记证据要求）,未判定实现状态；不得复用旧审计结论
REQ-ADMINPORTAL-02413,customer-support,docs/ref-4.11-ticketing.md,9.2 管理端,| GET | `/api/v1/admin/tickets` | 工单列表(分页+筛选) |,api,P1,需求规定：GET | `/api/v1/admin/tickets` | 工单列表(分页+筛选),源码路径+测试用例/运行验证（本阶段仅登记证据要求）,未判定实现状态；不得复用旧审计结论
REQ-ADMINPORTAL-02414,customer-support,docs/ref-4.11-ticketing.md,9.2 管理端,| GET | `/api/v1/admin/tickets/:id` | 工单详情 |,api,P1,需求规定：GET | `/api/v1/admin/tickets/:id` | 工单详情,源码路径+测试用例/运行验证（本阶段仅登记证据要求）,未判定实现状态；不得复用旧审计结论
REQ-ADMINPORTAL-02415,customer-support,docs/ref-4.11-ticketing.md,9.2 管理端,| POST | `/api/v1/admin/tickets` | 管理员代为创建 |,api,P1,需求规定：POST | `/api/v1/admin/tickets` | 管理员代为创建,源码路径+测试用例/运行验证（本阶段仅登记证据要求）,未判定实现状态；不得复用旧审计结论
REQ-ADMINPORTAL-02416,customer-support,docs/ref-4.11-ticketing.md,9.2 管理端,| POST | `/api/v1/admin/tickets/:id/replies` | 回复(含内部备注) |,api,P1,需求规定：POST | `/api/v1/admin/tickets/:id/replies` | 回复(含内部备注),源码路径+测试用例/运行验证（本阶段仅登记证据要求）,未判定实现状态；不得复用旧审计结论
REQ-ADMINPORTAL-02417,customer-support,docs/ref-4.11-ticketing.md,9.2 管理端,| PATCH | `/api/v1/admin/tickets/:id` | 更新(状态/优先级/分类/处理人) |,api,P1,需求规定：PATCH | `/api/v1/admin/tickets/:id` | 更新(状态/优先级/分类/处理人),源码路径+测试用例/运行验证（本阶段仅登记证据要求）,未判定实现状态；不得复用旧审计结论
REQ-ADMINPORTAL-02418,customer-support,docs/ref-4.11-ticketing.md,9.2 管理端,| POST | `/api/v1/admin/tickets/:id/claim` | 接单 |,api,P1,需求规定：POST | `/api/v1/admin/tickets/:id/claim` | 接单,源码路径+测试用例/运行验证（本阶段仅登记证据要求）,未判定实现状态；不得复用旧审计结论
REQ-ADMINPORTAL-02419,customer-support,docs/ref-4.11-ticketing.md,9.2 管理端,| POST | `/api/v1/admin/tickets/:id/assign` | 分配处理人 |,api,P1,需求规定：POST | `/api/v1/admin/tickets/:id/assign` | 分配处理人,源码路径+测试用例/运行验证（本阶段仅登记证据要求）,未判定实现状态；不得复用旧审计结论
REQ-ADMINPORTAL-02420,customer-support,docs/ref-4.11-ticketing.md,9.2 管理端,| POST | `/api/v1/admin/tickets/batch` | 批量操作 |,api,P1,需求规定：POST | `/api/v1/admin/tickets/batch` | 批量操作,源码路径+测试用例/运行验证（本阶段仅登记证据要求）,未判定实现状态；不得复用旧审计结论
REQ-ADMINPORTAL-02421,customer-support,docs/ref-4.11-ticketing.md,9.2 管理端,| GET | `/api/v1/admin/tickets/stats` | 工单统计 |,api,P1,需求规定：GET | `/api/v1/admin/tickets/stats` | 工单统计,源码路径+测试用例/运行验证（本阶段仅登记证据要求）,未判定实现状态；不得复用旧审计结论
REQ-ADMINPORTAL-02422,customer-support,docs/ref-4.11-ticketing.md,9.2 管理端,| GET | `/api/v1/admin/tickets/analytics` | 分析报表 |,api,P1,需求规定：GET | `/api/v1/admin/tickets/analytics` | 分析报表,源码路径+测试用例/运行验证（本阶段仅登记证据要求）,未判定实现状态；不得复用旧审计结论
REQ-ADMINPORTAL-02423,customer-support,docs/ref-4.11-ticketing.md,9.2 管理端,| GET | `/api/v1/admin/tickets/categories` | 分类列表(树形) |,api,P1,需求规定：GET | `/api/v1/admin/tickets/categories` | 分类列表(树形),源码路径+测试用例/运行验证（本阶段仅登记证据要求）,未判定实现状态；不得复用旧审计结论
REQ-ADMINPORTAL-02424,customer-support,docs/ref-4.11-ticketing.md,9.2 管理端,| POST | `/api/v1/admin/tickets/categories` | 创建分类 |,api,P1,需求规定：POST | `/api/v1/admin/tickets/categories` | 创建分类,源码路径+测试用例/运行验证（本阶段仅登记证据要求）,未判定实现状态；不得复用旧审计结论
REQ-ADMINPORTAL-02425,customer-support,docs/ref-4.11-ticketing.md,9.2 管理端,| PATCH | `/api/v1/admin/tickets/categories/:id` | 编辑分类 |,api,P1,需求规定：PATCH | `/api/v1/admin/tickets/categories/:id` | 编辑分类,源码路径+测试用例/运行验证（本阶段仅登记证据要求）,未判定实现状态；不得复用旧审计结论
REQ-ADMINPORTAL-02426,customer-support,docs/ref-4.11-ticketing.md,9.2 管理端,| DELETE | `/api/v1/admin/tickets/categories/:id` | 删除分类 |,api,P1,需求规定：DELETE | `/api/v1/admin/tickets/categories/:id` | 删除分类,源码路径+测试用例/运行验证（本阶段仅登记证据要求）,未判定实现状态；不得复用旧审计结论
REQ-ADMINPORTAL-02427,customer-support,docs/ref-4.11-ticketing.md,9.3 SLA 管理,| 方法 | 路径 | 说明 |,api,P1,需求规定：方法 | 路径 | 说明,源码路径+测试用例/运行验证（本阶段仅登记证据要求）,未判定实现状态；不得复用旧审计结论
REQ-ADMINPORTAL-02428,customer-support,docs/ref-4.11-ticketing.md,9.3 SLA 管理,| GET | `/api/v1/admin/ticket-sla` | SLA策略列表 |,api,P1,需求规定：GET | `/api/v1/admin/ticket-sla` | SLA策略列表,源码路径+测试用例/运行验证（本阶段仅登记证据要求）,未判定实现状态；不得复用旧审计结论
REQ-ADMINPORTAL-02429,customer-support,docs/ref-4.11-ticketing.md,9.3 SLA 管理,| POST | `/api/v1/admin/ticket-sla` | 创建策略 |,api,P1,需求规定：POST | `/api/v1/admin/ticket-sla` | 创建策略,源码路径+测试用例/运行验证（本阶段仅登记证据要求）,未判定实现状态；不得复用旧审计结论
REQ-ADMINPORTAL-02430,customer-support,docs/ref-4.11-ticketing.md,9.3 SLA 管理,| PATCH | `/api/v1/admin/ticket-sla/:id` | 编辑策略 |,api,P1,需求规定：PATCH | `/api/v1/admin/ticket-sla/:id` | 编辑策略,源码路径+测试用例/运行验证（本阶段仅登记证据要求）,未判定实现状态；不得复用旧审计结论
REQ-ADMINPORTAL-02431,customer-support,docs/ref-4.11-ticketing.md,9.3 SLA 管理,| DELETE | `/api/v1/admin/ticket-sla/:id` | 删除策略 |,api,P1,需求规定：DELETE | `/api/v1/admin/ticket-sla/:id` | 删除策略,源码路径+测试用例/运行验证（本阶段仅登记证据要求）,未判定实现状态；不得复用旧审计结论
REQ-ADMINPORTAL-02432,customer-support,docs/ref-4.11-ticketing.md,9.3 SLA 管理,| PATCH | `/api/v1/admin/ticket-sla/:id/toggle` | 启用/停用 |,api,P1,需求规定：PATCH | `/api/v1/admin/ticket-sla/:id/toggle` | 启用/停用,源码路径+测试用例/运行验证（本阶段仅登记证据要求）,未判定实现状态；不得复用旧审计结论
REQ-ADMINPORTAL-02433,customer-support,docs/ref-4.11-ticketing.md,交叉引用,| 关联模块 | 文档 | 关系 |,logic,P1,需求规定：关联模块 | 文档 | 关系,源码路径+测试用例/运行验证（本阶段仅登记证据要求）,未判定实现状态；不得复用旧审计结论
REQ-ADMINPORTAL-02434,customer-support,docs/ref-4.11-ticketing.md,交叉引用,| 用户管理 | PRD-README.md §2 | 工单关联用户，用户详情页查看工单历史 |,logic,P1,需求规定：用户管理 | PRD-README.md §2 | 工单关联用户，用户详情页查看工单历史,源码路径+测试用例/运行验证（本阶段仅登记证据要求）,未判定实现状态；不得复用旧审计结论
REQ-ADMINPORTAL-02435,customer-support,docs/ref-4.11-ticketing.md,交叉引用,| 通知系统 | PRD-README.md §2.2 | 新工单/状态变更/SLA超期通知 |,state,P1,需求规定：通知系统 | PRD-README.md §2.2 | 新工单/状态变更/SLA超期通知,源码路径+测试用例/运行验证（本阶段仅登记证据要求）,未判定实现状态；不得复用旧审计结论
REQ-ADMINPORTAL-02436,customer-support,docs/ref-4.11-ticketing.md,交叉引用,| 操作日志 | ref-4.7-monitor-logs.md | 工单操作记录汇入全局操作日志 |,audit,P1,需求规定：操作日志 | ref-4.7-monitor-logs.md | 工单操作记录汇入全局操作日志,源码路径+测试用例/运行验证（本阶段仅登记证据要求）,未判定实现状态；不得复用旧审计结论
REQ-ADMINPORTAL-02437,customer-support,docs/ref-4.11-ticketing.md,交叉引用,| 角色权限 | ref-2.1-roles-permissions.md | 新增 support 角色工单权限 |,permission,P1,需求规定：角色权限 | ref-2.1-roles-permissions.md | 新增 support 角色工单权限,源码路径+测试用例/运行验证（本阶段仅登记证据要求）,未判定实现状态；不得复用旧审计结论
REQ-ADMINPORTAL-02438,customer-support,docs/ref-4.11-ticketing.md,交叉引用,| 运营总纲 | ref-1-operational-summary.md | 工单统计汇入运营 KPI |,logic,P1,需求规定：运营总纲 | ref-1-operational-summary.md | 工单统计汇入运营 KPI,源码路径+测试用例/运行验证（本阶段仅登记证据要求）,未判定实现状态；不得复用旧审计结论
REQ-ADMINPORTAL-02439,customer-support,docs/ref-4.11-ticketing.md,边界条件,| # | 场景 | 触发条件 | 预期行为 |,logic,P1,需求规定：# | 场景 | 触发条件 | 预期行为,源码路径+测试用例/运行验证（本阶段仅登记证据要求）,未判定实现状态；不得复用旧审计结论
REQ-ADMINPORTAL-02440,customer-support,docs/ref-4.11-ticketing.md,边界条件,"| TK-001 | 工单转交死循环 | 客服 A 将工单转交给客服 B，客服 B 又将工单转回给客服 A，或多人间形成转交环 | 系统检测转交链路，若目标处理人过去 7 天内曾持有该工单，则阻止转交并提示""该工单不可重复转交给此前处理人""",idempotency,P1,"需求规定：TK-001 | 工单转交死循环 | 客服 A 将工单转交给客服 B，客服 B 又将工单转回给客服 A，或多人间形成转交环 | 系统检测转交链路，若目标处理人过去 7 天内曾持有该工单，则阻止转交并提示""该工单不可重复转交给此前处理人""",源码路径+测试用例/运行验证（本阶段仅登记证据要求）,未判定实现状态；不得复用旧审计结论
REQ-ADMINPORTAL-02441,customer-support,docs/ref-4.11-ticketing.md,边界条件,转交记录超过 5 次时自动上报管理员人工介入 |,audit,P1,需求规定：转交记录超过 5 次时自动上报管理员人工介入,源码路径+测试用例/运行验证（本阶段仅登记证据要求）,未判定实现状态；不得复用旧审计结论
REQ-ADMINPORTAL-02442,customer-support,docs/ref-4.11-ticketing.md,边界条件,"| TK-002 | 工单状态变更冲突 | 客服 A 和处理人 B 同时对同一工单执行状态变更操作（如 A 标记 resolved，B 同时执行 reopen） | 后端使用乐观锁（version 字段），后提交者收到冲突提示""该工单状态已被变更，请刷新后重试""",concurrency,P1,"需求规定：TK-002 | 工单状态变更冲突 | 客服 A 和处理人 B 同时对同一工单执行状态变更操作（如 A 标记 resolved，B 同时执行 reopen） | 后端使用乐观锁（version 字段），后提交者收到冲突提示""该工单状态已被变更，请刷新后重试""",源码路径+测试用例/运行验证（本阶段仅登记证据要求）,未判定实现状态；不得复用旧审计结论
REQ-ADMINPORTAL-02443,customer-support,docs/ref-4.11-ticketing.md,边界条件,前端通过 WebSocket 推送实时状态同步，降低并发冲突概率 |,concurrency,P1,需求规定：前端通过 WebSocket 推送实时状态同步，降低并发冲突概率,源码路径+测试用例/运行验证（本阶段仅登记证据要求）,未判定实现状态；不得复用旧审计结论
REQ-ADMINPORTAL-02444,customer-support,docs/ref-4.11-ticketing.md,边界条件,| TK-003 | 附件上传失败 | 用户或客服在回复工单时上传附件，文件大小超限（单文件 > 10MB / 总数 > 5 个）或格式不受支持 | 前端在文件选择时即校验大小和格式，超过限制立即提示不可选择,exception,P1,需求规定：TK-003 | 附件上传失败 | 用户或客服在回复工单时上传附件，文件大小超限（单文件 > 10MB / 总数 > 5 个）或格式不受支持 | 前端在文件选择时即校验大小和格式，超过限制立即提示不可选择,源码路径+测试用例/运行验证（本阶段仅登记证据要求）,未判定实现状态；不得复用旧审计结论
REQ-ADMINPORTAL-02445,customer-support,docs/ref-4.11-ticketing.md,边界条件,上传超时（30s）或网络中断时显示失败状态，允许用户重新上传,exception,P1,需求规定：上传超时（30s）或网络中断时显示失败状态，允许用户重新上传,源码路径+测试用例/运行验证（本阶段仅登记证据要求）,未判定实现状态；不得复用旧审计结论
REQ-ADMINPORTAL-02446,customer-support,docs/ref-4.11-ticketing.md,边界条件,已上传成功的附件在发送前可删除替换 |,logic,P1,需求规定：已上传成功的附件在发送前可删除替换,源码路径+测试用例/运行验证（本阶段仅登记证据要求）,未判定实现状态；不得复用旧审计结论
REQ-ADMINPORTAL-02447,customer-support,docs/ref-4.11-ticketing.md,边界条件,"| TK-004 | 工单关闭后再次回复 | 用户或客服在工单已标记为 ""closed"" 状态后尝试新增回复内容 | 工单关闭后回复输入框置灰并提示""该工单已关闭，如需继续咨询请重开工单或提交新工单""",transaction,P1,"需求规定：TK-004 | 工单关闭后再次回复 | 用户或客服在工单已标记为 ""closed"" 状态后尝试新增回复内容 | 工单关闭后回复输入框置灰并提示""该工单已关闭，如需继续咨询请重开工单或提交新工单""",源码路径+测试用例/运行验证（本阶段仅登记证据要求）,未判定实现状态；不得复用旧审计结论
REQ-ADMINPORTAL-02448,customer-support,docs/ref-4.11-ticketing.md,边界条件,"系统提供""重开工单""快捷入口，重开后自动将工单状态设为 ""reopened"" 并记录操作历史 |",audit,P1,"需求规定：系统提供""重开工单""快捷入口，重开后自动将工单状态设为 ""reopened"" 并记录操作历史",源码路径+测试用例/运行验证（本阶段仅登记证据要求）,未判定实现状态；不得复用旧审计结论
REQ-ADMINPORTAL-02449,customer-support,docs/ref-4.11-ticketing.md,边界条件,| TK-005 | SLA 超时检测遗漏 | cron 扫描周期内（每 5 分钟）因集群节点故障导致部分工单的 SLA 截止时间未被扫描到 | 补偿机制：每次扫描时除检查当前到期工单外，还检查上次扫描周期内遗漏的工单,exception,P1,需求规定：TK-005 | SLA 超时检测遗漏 | cron 扫描周期内（每 5 分钟）因集群节点故障导致部分工单的 SLA 截止时间未被扫描到 | 补偿机制：每次扫描时除检查当前到期工单外，还检查上次扫描周期内遗漏的工单,源码路径+测试用例/运行验证（本阶段仅登记证据要求）,未判定实现状态；不得复用旧审计结论
REQ-ADMINPORTAL-02450,customer-support,docs/ref-4.11-ticketing.md,边界条件,SLA 超时检测支持手动触发全量扫描,exception,P1,需求规定：SLA 超时检测支持手动触发全量扫描,源码路径+测试用例/运行验证（本阶段仅登记证据要求）,未判定实现状态；不得复用旧审计结论
REQ-ADMINPORTAL-02451,customer-support,docs/ref-4.11-ticketing.md,边界条件,超时记录不可逆，避免重复标记导致状态翻转 |,idempotency,P1,需求规定：超时记录不可逆，避免重复标记导致状态翻转,源码路径+测试用例/运行验证（本阶段仅登记证据要求）,未判定实现状态；不得复用旧审计结论
REQ-ADMINPORTAL-02452,customer-support,docs/ref-4.11-ticketing.md,边界条件,"| TK-006 | 自动分配满载无可用客服 | 所有在线客服的待处理工单数均达到 maxPerAgent 上限，新工单无人可分配 | 新建工单保持 ""open"" 状态，不自动分配",state,P1,"需求规定：TK-006 | 自动分配满载无可用客服 | 所有在线客服的待处理工单数均达到 maxPerAgent 上限，新工单无人可分配 | 新建工单保持 ""open"" 状态，不自动分配",源码路径+测试用例/运行验证（本阶段仅登记证据要求）,未判定实现状态；不得复用旧审计结论
REQ-ADMINPORTAL-02453,customer-support,docs/ref-4.11-ticketing.md,边界条件,"工单列表顶部展示橙色提示""当前客服满载，工单暂未分配""",page,P1,"需求规定：工单列表顶部展示橙色提示""当前客服满载，工单暂未分配""",源码路径+测试用例/运行验证（本阶段仅登记证据要求）,未判定实现状态；不得复用旧审计结论
REQ-ADMINPORTAL-02454,customer-support,docs/ref-4.11-ticketing.md,边界条件,"排班中即将上班的客服或休息时间结束的客服将被标记为""即将可用""并优先分配 |",field,P1,"需求规定：排班中即将上班的客服或休息时间结束的客服将被标记为""即将可用""并优先分配",源码路径+测试用例/运行验证（本阶段仅登记证据要求）,未判定实现状态；不得复用旧审计结论
REQ-ADMINPORTAL-02455,customer-support,docs/ref-4.11-ticketing.md,异常流程,| 场景 | 恢复策略 |,rollback,P1,需求规定：场景 | 恢复策略,源码路径+测试用例/运行验证（本阶段仅登记证据要求）,未判定实现状态；不得复用旧审计结论
REQ-ADMINPORTAL-02456,customer-support,docs/ref-4.11-ticketing.md,异常流程,| 用户 7 天未回复工单自动关闭 | 自动关闭前 24 小时发送站内通知提醒用户,logic,P1,需求规定：用户 7 天未回复工单自动关闭 | 自动关闭前 24 小时发送站内通知提醒用户,源码路径+测试用例/运行验证（本阶段仅登记证据要求）,未判定实现状态；不得复用旧审计结论
REQ-ADMINPORTAL-02457,customer-support,docs/ref-4.11-ticketing.md,异常流程,关闭后用户仍可重开工单 |,logic,P1,需求规定：关闭后用户仍可重开工单,源码路径+测试用例/运行验证（本阶段仅登记证据要求）,未判定实现状态；不得复用旧审计结论
REQ-ADMINPORTAL-02458,customer-support,docs/ref-4.11-ticketing.md,异常流程,"| 工单分类被删除后仍有关联工单 | 分类删除改为软删除（不可见但保留数据），关联工单显示""已删除分类""占位",logic,P1,"需求规定：工单分类被删除后仍有关联工单 | 分类删除改为软删除（不可见但保留数据），关联工单显示""已删除分类""占位",源码路径+测试用例/运行验证（本阶段仅登记证据要求）,未判定实现状态；不得复用旧审计结论
REQ-ADMINPORTAL-02459,customer-support,docs/ref-4.11-ticketing.md,异常流程,新建工单不再可选该分类 |,logic,P1,需求规定：新建工单不再可选该分类,源码路径+测试用例/运行验证（本阶段仅登记证据要求）,未判定实现状态；不得复用旧审计结论
REQ-ADMINPORTAL-02460,customer-support,docs/ref-4.11-ticketing.md,异常流程,| 满意度评价数据为空 | 标记 resolved 后用户未评价时，7 天后自动关闭，satisfaction 字段留空统计中不计入，不强制用户评价 |,field,P1,需求规定：满意度评价数据为空 | 标记 resolved 后用户未评价时，7 天后自动关闭，satisfaction 字段留空统计中不计入，不强制用户评价,源码路径+测试用例/运行验证（本阶段仅登记证据要求）,未判定实现状态；不得复用旧审计结论
REQ-ADMINPORTAL-02461,customer-support,docs/ref-4.11-ticketing.md,异常流程,| 工单查看权限越界 | 用户只能查看和操作自己的工单,permission,P1,需求规定：工单查看权限越界 | 用户只能查看和操作自己的工单,源码路径+测试用例/运行验证（本阶段仅登记证据要求）,未判定实现状态；不得复用旧审计结论
REQ-ADMINPORTAL-02462,customer-support,docs/ref-4.11-ticketing.md,异常流程,管理员/客服只能查看权限范围内的工单（按角色和分类过滤）,permission,P1,需求规定：管理员/客服只能查看权限范围内的工单（按角色和分类过滤）,源码路径+测试用例/运行验证（本阶段仅登记证据要求）,未判定实现状态；不得复用旧审计结论
REQ-ADMINPORTAL-02463,customer-support,docs/ref-4.11-ticketing.md,异常流程,内部备注仅管理员可见 |,permission,P1,需求规定：内部备注仅管理员可见,源码路径+测试用例/运行验证（本阶段仅登记证据要求）,未判定实现状态；不得复用旧审计结论
REQ-ADMINPORTAL-02464,admin-portal,docs/ref-4.12-dashboard-pro.md,1. 定位与场景,| 场景 | 用户 | 需求 |,logic,P1,需求规定：场景 | 用户 | 需求,源码路径+测试用例/运行验证（本阶段仅登记证据要求）,未判定实现状态；不得复用旧审计结论
REQ-ADMINPORTAL-02465,admin-portal,docs/ref-4.12-dashboard-pro.md,1. 定位与场景,| 公司作战室大屏 | CEO/运营总监 | 全屏投屏展示核心业务指标 |,page,P1,需求规定：公司作战室大屏 | CEO/运营总监 | 全屏投屏展示核心业务指标,源码路径+测试用例/运行验证（本阶段仅登记证据要求）,未判定实现状态；不得复用旧审计结论
REQ-ADMINPORTAL-02466,admin-portal,docs/ref-4.12-dashboard-pro.md,1. 定位与场景,| 运营监控中心 | 运营团队 | 多屏轮播不同看板（营收/用户/告警） |,logic,P1,需求规定：运营监控中心 | 运营团队 | 多屏轮播不同看板（营收/用户/告警）,源码路径+测试用例/运行验证（本阶段仅登记证据要求）,未判定实现状态；不得复用旧审计结论
REQ-ADMINPORTAL-02467,admin-portal,docs/ref-4.12-dashboard-pro.md,1. 定位与场景,| 对外展示 | 投资方/合作方 | 对外展示平台实力和运营数据 |,page,P1,需求规定：对外展示 | 投资方/合作方 | 对外展示平台实力和运营数据,源码路径+测试用例/运行验证（本阶段仅登记证据要求）,未判定实现状态；不得复用旧审计结论
REQ-ADMINPORTAL-02468,admin-portal,docs/ref-4.12-dashboard-pro.md,1. 定位与场景,| 日常运营 | 运营人员 | 在管理后台查看实时运营概览 |,logic,P1,需求规定：日常运营 | 运营人员 | 在管理后台查看实时运营概览,源码路径+测试用例/运行验证（本阶段仅登记证据要求）,未判定实现状态；不得复用旧审计结论
REQ-ADMINPORTAL-02469,admin-portal,docs/ref-4.12-dashboard-pro.md,1. 定位与场景,**与现有管理看板的区别**：,logic,P1,需求规定：**与现有管理看板的区别**：,源码路径+测试用例/运行验证（本阶段仅登记证据要求）,未判定实现状态；不得复用旧审计结论
REQ-ADMINPORTAL-02470,admin-portal,docs/ref-4.12-dashboard-pro.md,1. 定位与场景,| 维度 | 管理看板 | 运营大屏 |,logic,P1,需求规定：维度 | 管理看板 | 运营大屏,源码路径+测试用例/运行验证（本阶段仅登记证据要求）,未判定实现状态；不得复用旧审计结论
REQ-ADMINPORTAL-02471,admin-portal,docs/ref-4.12-dashboard-pro.md,1. 定位与场景,| 展示形态 | 内嵌后台页面 | 全屏独占模式 |,page,P1,需求规定：展示形态 | 内嵌后台页面 | 全屏独占模式,源码路径+测试用例/运行验证（本阶段仅登记证据要求）,未判定实现状态；不得复用旧审计结论
REQ-ADMINPORTAL-02472,admin-portal,docs/ref-4.12-dashboard-pro.md,1. 定位与场景,| 刷新方式 | 手动/定时刷新 | 实时推送/3秒轮询 |,logic,P1,需求规定：刷新方式 | 手动/定时刷新 | 实时推送/3秒轮询,源码路径+测试用例/运行验证（本阶段仅登记证据要求）,未判定实现状态；不得复用旧审计结论
REQ-ADMINPORTAL-02473,admin-portal,docs/ref-4.12-dashboard-pro.md,1. 定位与场景,| 数据粒度 | 可交互/下钻 | 纯展示，关键指标突出 |,page,P1,需求规定：数据粒度 | 可交互/下钻 | 纯展示，关键指标突出,源码路径+测试用例/运行验证（本阶段仅登记证据要求）,未判定实现状态；不得复用旧审计结论
REQ-ADMINPORTAL-02474,admin-portal,docs/ref-4.12-dashboard-pro.md,1. 定位与场景,| 交互 | 丰富（点击/筛选/操作） | 无交互（纯展示） |,page,P1,需求规定：交互 | 丰富（点击/筛选/操作） | 无交互（纯展示）,源码路径+测试用例/运行验证（本阶段仅登记证据要求）,未判定实现状态；不得复用旧审计结论
REQ-ADMINPORTAL-02475,admin-portal,docs/ref-4.12-dashboard-pro.md,1. 定位与场景,| 配色 | 浅色主题 | 深色主题（大屏专用） |,logic,P1,需求规定：配色 | 浅色主题 | 深色主题（大屏专用）,源码路径+测试用例/运行验证（本阶段仅登记证据要求）,未判定实现状态；不得复用旧审计结论
REQ-ADMINPORTAL-02476,admin-portal,docs/ref-4.12-dashboard-pro.md,1. 定位与场景,| 入口 | `/admin` 仪表盘 | `/admin/dashboard-pro`（独立页面） |,page,P1,需求规定：入口 | `/admin` 仪表盘 | `/admin/dashboard-pro`（独立页面）,源码路径+测试用例/运行验证（本阶段仅登记证据要求）,未判定实现状态；不得复用旧审计结论
REQ-ADMINPORTAL-02477,admin-portal,docs/ref-4.12-dashboard-pro.md,2.3 响应式适配,| 分辨率 | 布局调整 |,logic,P1,需求规定：分辨率 | 布局调整,源码路径+测试用例/运行验证（本阶段仅登记证据要求）,未判定实现状态；不得复用旧审计结论
REQ-ADMINPORTAL-02478,admin-portal,docs/ref-4.12-dashboard-pro.md,2.3 响应式适配,| 1920×1080 (标准大屏) | 默认 6 列 2 行布局 |,logic,P1,需求规定：1920×1080 (标准大屏) | 默认 6 列 2 行布局,源码路径+测试用例/运行验证（本阶段仅登记证据要求）,未判定实现状态；不得复用旧审计结论
REQ-ADMINPORTAL-02479,admin-portal,docs/ref-4.12-dashboard-pro.md,2.3 响应式适配,| 2560×1440 (2K大屏) | 动态增加面板，8 列 3 行 |,page,P1,需求规定：2560×1440 (2K大屏) | 动态增加面板，8 列 3 行,源码路径+测试用例/运行验证（本阶段仅登记证据要求）,未判定实现状态；不得复用旧审计结论
REQ-ADMINPORTAL-02480,admin-portal,docs/ref-4.12-dashboard-pro.md,2.3 响应式适配,| 3840×2160 (4K大屏) | 全量面板，10 列 3 行，更大字号 |,page,P1,需求规定：3840×2160 (4K大屏) | 全量面板，10 列 3 行，更大字号,源码路径+测试用例/运行验证（本阶段仅登记证据要求）,未判定实现状态；不得复用旧审计结论
REQ-ADMINPORTAL-02481,admin-portal,docs/ref-4.12-dashboard-pro.md,2.3 响应式适配,| 1366×768 (笔记本) | 降级为 4 列单行滚动布局 |,logic,P1,需求规定：1366×768 (笔记本) | 降级为 4 列单行滚动布局,源码路径+测试用例/运行验证（本阶段仅登记证据要求）,未判定实现状态；不得复用旧审计结论
REQ-ADMINPORTAL-02482,admin-portal,docs/ref-4.12-dashboard-pro.md,3.1 KPI 卡片规格,**单个卡片布局**：,logic,P1,需求规定：**单个卡片布局**：,源码路径+测试用例/运行验证（本阶段仅登记证据要求）,未判定实现状态；不得复用旧审计结论
REQ-ADMINPORTAL-02483,admin-portal,docs/ref-4.12-dashboard-pro.md,3.1 KPI 卡片规格,**卡片动画**：,logic,P1,需求规定：**卡片动画**：,源码路径+测试用例/运行验证（本阶段仅登记证据要求）,未判定实现状态；不得复用旧审计结论
REQ-ADMINPORTAL-02484,admin-portal,docs/ref-4.12-dashboard-pro.md,3.1 KPI 卡片规格,- 数值变化时：数字滚动动画（tweening，持续 1.5s）,logic,P1,需求规定：- 数值变化时：数字滚动动画（tweening，持续 1.5s）,源码路径+测试用例/运行验证（本阶段仅登记证据要求）,未判定实现状态；不得复用旧审计结论
REQ-ADMINPORTAL-02485,admin-portal,docs/ref-4.12-dashboard-pro.md,3.1 KPI 卡片规格,"- 状态变更时：边框颜色渐变过渡（warning=黄, critical=红）",state,P1,"需求规定：- 状态变更时：边框颜色渐变过渡（warning=黄, critical=红）",源码路径+测试用例/运行验证（本阶段仅登记证据要求）,未判定实现状态；不得复用旧审计结论
REQ-ADMINPORTAL-02486,admin-portal,docs/ref-4.12-dashboard-pro.md,3.1 KPI 卡片规格,- 数据刷新时：短暂脉冲高亮（200ms 背景变亮再恢复）,rollback,P1,需求规定：- 数据刷新时：短暂脉冲高亮（200ms 背景变亮再恢复）,源码路径+测试用例/运行验证（本阶段仅登记证据要求）,未判定实现状态；不得复用旧审计结论
REQ-ADMINPORTAL-02487,admin-portal,docs/ref-4.12-dashboard-pro.md,3.2 预设 KPI 卡片列表,| 卡片ID | 标题 | 数据源 | 刷新频率 | 进度条 |,logic,P1,需求规定：卡片ID | 标题 | 数据源 | 刷新频率 | 进度条,源码路径+测试用例/运行验证（本阶段仅登记证据要求）,未判定实现状态；不得复用旧审计结论
REQ-ADMINPORTAL-02488,admin-portal,docs/ref-4.12-dashboard-pro.md,3.2 预设 KPI 卡片列表,| `dau` | 今日 DAU | KPI API | 10s | 对比目标DAU |,api,P1,需求规定：`dau` | 今日 DAU | KPI API | 10s | 对比目标DAU,源码路径+测试用例/运行验证（本阶段仅登记证据要求）,未判定实现状态；不得复用旧审计结论
REQ-ADMINPORTAL-02489,admin-portal,docs/ref-4.12-dashboard-pro.md,3.2 预设 KPI 卡片列表,| `daily_calls` | 日调用量 | KPI API | 10s | — |,api,P1,需求规定：`daily_calls` | 日调用量 | KPI API | 10s | —,源码路径+测试用例/运行验证（本阶段仅登记证据要求）,未判定实现状态；不得复用旧审计结论
REQ-ADMINPORTAL-02490,admin-portal,docs/ref-4.12-dashboard-pro.md,3.2 预设 KPI 卡片列表,| `mrr` | 月流水 MRR | KPI API | 60s | 对比月度目标 |,api,P1,需求规定：`mrr` | 月流水 MRR | KPI API | 60s | 对比月度目标,源码路径+测试用例/运行验证（本阶段仅登记证据要求）,未判定实现状态；不得复用旧审计结论
REQ-ADMINPORTAL-02491,admin-portal,docs/ref-4.12-dashboard-pro.md,3.2 预设 KPI 卡片列表,| `gross_margin` | 毛利率 | KPI API | 60s | 基准线 30% |,api,P1,需求规定：`gross_margin` | 毛利率 | KPI API | 60s | 基准线 30%,源码路径+测试用例/运行验证（本阶段仅登记证据要求）,未判定实现状态；不得复用旧审计结论
REQ-ADMINPORTAL-02492,admin-portal,docs/ref-4.12-dashboard-pro.md,3.2 预设 KPI 卡片列表,| `retention_7d` | 7日留存率 | KPI API | 3600s | 基准线 20% |,api,P1,需求规定：`retention_7d` | 7日留存率 | KPI API | 3600s | 基准线 20%,源码路径+测试用例/运行验证（本阶段仅登记证据要求）,未判定实现状态；不得复用旧审计结论
REQ-ADMINPORTAL-02493,admin-portal,docs/ref-4.12-dashboard-pro.md,3.2 预设 KPI 卡片列表,| `arpu` | 客单价 ARPU | KPI API | 3600s | — |,api,P1,需求规定：`arpu` | 客单价 ARPU | KPI API | 3600s | —,源码路径+测试用例/运行验证（本阶段仅登记证据要求）,未判定实现状态；不得复用旧审计结论
REQ-ADMINPORTAL-02494,admin-portal,docs/ref-4.12-dashboard-pro.md,3.2 预设 KPI 卡片列表,| `vendor_health` | 渠道健康度 | KPI API | 10s | 基准线 99% |,api,P1,需求规定：`vendor_health` | 渠道健康度 | KPI API | 10s | 基准线 99%,源码路径+测试用例/运行验证（本阶段仅登记证据要求）,未判定实现状态；不得复用旧审计结论
REQ-ADMINPORTAL-02495,admin-portal,docs/ref-4.12-dashboard-pro.md,3.2 预设 KPI 卡片列表,| `agent_activity` | 代理活跃度 | KPI API | 3600s | — |,api,P1,需求规定：`agent_activity` | 代理活跃度 | KPI API | 3600s | —,源码路径+测试用例/运行验证（本阶段仅登记证据要求）,未判定实现状态；不得复用旧审计结论
REQ-ADMINPORTAL-02496,admin-portal,docs/ref-4.12-dashboard-pro.md,3.2 预设 KPI 卡片列表,| `today_revenue` | 今日营收 | billing聚合 | 30s | 对比昨日 |,logic,P1,需求规定：`today_revenue` | 今日营收 | billing聚合 | 30s | 对比昨日,源码路径+测试用例/运行验证（本阶段仅登记证据要求）,未判定实现状态；不得复用旧审计结论
REQ-ADMINPORTAL-02497,admin-portal,docs/ref-4.12-dashboard-pro.md,3.2 预设 KPI 卡片列表,| `today_new_users` | 今日新增用户 | users聚合 | 30s | 对比昨日 |,logic,P1,需求规定：`today_new_users` | 今日新增用户 | users聚合 | 30s | 对比昨日,源码路径+测试用例/运行验证（本阶段仅登记证据要求）,未判定实现状态；不得复用旧审计结论
REQ-ADMINPORTAL-02498,admin-portal,docs/ref-4.12-dashboard-pro.md,3.2 预设 KPI 卡片列表,| `active_keys` | 活跃Key数 | api_keys聚合 | 30s | — |,logic,P1,需求规定：`active_keys` | 活跃Key数 | api_keys聚合 | 30s | —,源码路径+测试用例/运行验证（本阶段仅登记证据要求）,未判定实现状态；不得复用旧审计结论
REQ-ADMINPORTAL-02499,admin-portal,docs/ref-4.12-dashboard-pro.md,3.2 预设 KPI 卡片列表,| `avg_latency` | 平均延迟 | call_logs聚合 | 10s | < 3000ms 绿色 |,performance,P1,需求规定：`avg_latency` | 平均延迟 | call_logs聚合 | 10s | < 3000ms 绿色,源码路径+测试用例/运行验证（本阶段仅登记证据要求）,未判定实现状态；不得复用旧审计结论
REQ-ADMINPORTAL-02500,admin-portal,docs/ref-4.12-dashboard-pro.md,4.1 WebSocket 推送机制,**连接**：大屏页面加载时建立 WebSocket 连接到 `/ws/dashboard-pro`,page,P1,需求规定：**连接**：大屏页面加载时建立 WebSocket 连接到 `/ws/dashboard-pro`,源码路径+测试用例/运行验证（本阶段仅登记证据要求）,未判定实现状态；不得复用旧审计结论
REQ-ADMINPORTAL-02501,admin-portal,docs/ref-4.12-dashboard-pro.md,4.1 WebSocket 推送机制,**消息格式**：,logic,P1,需求规定：**消息格式**：,源码路径+测试用例/运行验证（本阶段仅登记证据要求）,未判定实现状态；不得复用旧审计结论
REQ-ADMINPORTAL-02502,admin-portal,docs/ref-4.12-dashboard-pro.md,4.1 WebSocket 推送机制,**降级策略**：WebSocket 断线 → 自动切换到 3 秒 HTTP 轮询 → 重连成功后切回 WS,api,P1,需求规定：**降级策略**：WebSocket 断线 → 自动切换到 3 秒 HTTP 轮询 → 重连成功后切回 WS,源码路径+测试用例/运行验证（本阶段仅登记证据要求）,未判定实现状态；不得复用旧审计结论
REQ-ADMINPORTAL-02503,admin-portal,docs/ref-4.12-dashboard-pro.md,4.2 HTTP 轮询 API,| 方法 | 路径 | 说明 | 缓存 |,api,P1,需求规定：方法 | 路径 | 说明 | 缓存,源码路径+测试用例/运行验证（本阶段仅登记证据要求）,未判定实现状态；不得复用旧审计结论
REQ-ADMINPORTAL-02504,admin-portal,docs/ref-4.12-dashboard-pro.md,4.2 HTTP 轮询 API,| GET | `/api/v1/admin/dashboard-pro/kpi` | 全部 KPI 指标 | Redis 10s |,api,P1,需求规定：GET | `/api/v1/admin/dashboard-pro/kpi` | 全部 KPI 指标 | Redis 10s,源码路径+测试用例/运行验证（本阶段仅登记证据要求）,未判定实现状态；不得复用旧审计结论
REQ-ADMINPORTAL-02505,admin-portal,docs/ref-4.12-dashboard-pro.md,4.2 HTTP 轮询 API,| GET | `/api/v1/admin/dashboard-pro/charts` | 全部图表数据 | Redis 30s |,api,P1,需求规定：GET | `/api/v1/admin/dashboard-pro/charts` | 全部图表数据 | Redis 30s,源码路径+测试用例/运行验证（本阶段仅登记证据要求）,未判定实现状态；不得复用旧审计结论
REQ-ADMINPORTAL-02506,admin-portal,docs/ref-4.12-dashboard-pro.md,4.2 HTTP 轮询 API,| GET | `/api/v1/admin/dashboard-pro/realtime` | 实时轻量数据 | 无缓存 |,api,P1,需求规定：GET | `/api/v1/admin/dashboard-pro/realtime` | 实时轻量数据 | 无缓存,源码路径+测试用例/运行验证（本阶段仅登记证据要求）,未判定实现状态；不得复用旧审计结论
REQ-ADMINPORTAL-02507,admin-portal,docs/ref-4.12-dashboard-pro.md,4.2 HTTP 轮询 API,**realtime 接口响应**（最小化数据，适合 3s 轮询）：,api,P1,需求规定：**realtime 接口响应**（最小化数据，适合 3s 轮询）：,源码路径+测试用例/运行验证（本阶段仅登记证据要求）,未判定实现状态；不得复用旧审计结论
REQ-ADMINPORTAL-02508,admin-portal,docs/ref-4.12-dashboard-pro.md,5.2 预设屏幕模板,| 屏ID | 名称 | 内容 |,field,P1,需求规定：屏ID | 名称 | 内容,源码路径+测试用例/运行验证（本阶段仅登记证据要求）,未判定实现状态；不得复用旧审计结论
REQ-ADMINPORTAL-02509,admin-portal,docs/ref-4.12-dashboard-pro.md,5.2 预设屏幕模板,| `revenue` | 营收总览 | MRR/毛利率/日营收/Top消费模型/收入趋势/代理商排行 |,logic,P1,需求规定：`revenue` | 营收总览 | MRR/毛利率/日营收/Top消费模型/收入趋势/代理商排行,源码路径+测试用例/运行验证（本阶段仅登记证据要求）,未判定实现状态；不得复用旧审计结论
REQ-ADMINPORTAL-02510,admin-portal,docs/ref-4.12-dashboard-pro.md,5.2 预设屏幕模板,| `user_growth` | 用户增长 | DAU/新增/留存/活跃趋势/注册来源/用户分层 |,logic,P1,需求规定：`user_growth` | 用户增长 | DAU/新增/留存/活跃趋势/注册来源/用户分层,源码路径+测试用例/运行验证（本阶段仅登记证据要求）,未判定实现状态；不得复用旧审计结论
REQ-ADMINPORTAL-02511,admin-portal,docs/ref-4.12-dashboard-pro.md,5.2 预设屏幕模板,| `tech_monitor` | 技术监控 | 渠道健康/平均延迟/失败率/告警流/调用量热力图 |,exception,P1,需求规定：`tech_monitor` | 技术监控 | 渠道健康/平均延迟/失败率/告警流/调用量热力图,源码路径+测试用例/运行验证（本阶段仅登记证据要求）,未判定实现状态；不得复用旧审计结论
REQ-ADMINPORTAL-02512,admin-portal,docs/ref-4.12-dashboard-pro.md,5.2 预设屏幕模板,| `agent_performance` | 代理业绩 | 代理活跃度/Top代理/佣金发放/提现统计 |,logic,P1,需求规定：`agent_performance` | 代理业绩 | 代理活跃度/Top代理/佣金发放/提现统计,源码路径+测试用例/运行验证（本阶段仅登记证据要求）,未判定实现状态；不得复用旧审计结论
REQ-ADMINPORTAL-02513,admin-portal,docs/ref-4.12-dashboard-pro.md,5.3 屏切换动画,- 过渡动画：淡入淡出（duration 500ms）,logic,P1,需求规定：- 过渡动画：淡入淡出（duration 500ms）,源码路径+测试用例/运行验证（本阶段仅登记证据要求）,未判定实现状态；不得复用旧审计结论
REQ-ADMINPORTAL-02514,admin-portal,docs/ref-4.12-dashboard-pro.md,5.3 屏切换动画,- 切换前 3 秒：右上角显示下一屏名称倒计时小标签,field,P1,需求规定：- 切换前 3 秒：右上角显示下一屏名称倒计时小标签,源码路径+测试用例/运行验证（本阶段仅登记证据要求）,未判定实现状态；不得复用旧审计结论
REQ-ADMINPORTAL-02515,admin-portal,docs/ref-4.12-dashboard-pro.md,5.3 屏切换动画,"- 手动锁定：点击""暂停轮播""按钮停止自动切换",concurrency,P1,"需求规定：- 手动锁定：点击""暂停轮播""按钮停止自动切换",源码路径+测试用例/运行验证（本阶段仅登记证据要求）,未判定实现状态；不得复用旧审计结论
REQ-ADMINPORTAL-02516,admin-portal,docs/ref-4.12-dashboard-pro.md,6.2 配置管理页面,**路径**：`/admin/config/dashboard-pro`,api,P1,需求规定：**路径**：`/admin/config/dashboard-pro`,源码路径+测试用例/运行验证（本阶段仅登记证据要求）,未判定实现状态；不得复用旧审计结论
REQ-ADMINPORTAL-02517,admin-portal,docs/ref-4.12-dashboard-pro.md,6.2 配置管理页面,**可配置项**：,logic,P1,需求规定：**可配置项**：,源码路径+测试用例/运行验证（本阶段仅登记证据要求）,未判定实现状态；不得复用旧审计结论
REQ-ADMINPORTAL-02518,admin-portal,docs/ref-4.12-dashboard-pro.md,6.2 配置管理页面,| 配置项 | 说明 |,logic,P1,需求规定：配置项 | 说明,源码路径+测试用例/运行验证（本阶段仅登记证据要求）,未判定实现状态；不得复用旧审计结论
REQ-ADMINPORTAL-02519,admin-portal,docs/ref-4.12-dashboard-pro.md,6.2 配置管理页面,| 启用大屏 | 开关，关闭后入口隐藏 |,state,P1,需求规定：启用大屏 | 开关，关闭后入口隐藏,源码路径+测试用例/运行验证（本阶段仅登记证据要求）,未判定实现状态；不得复用旧审计结论
REQ-ADMINPORTAL-02520,admin-portal,docs/ref-4.12-dashboard-pro.md,6.2 配置管理页面,| 自动轮播 | 开关 |,logic,P1,需求规定：自动轮播 | 开关,源码路径+测试用例/运行验证（本阶段仅登记证据要求）,未判定实现状态；不得复用旧审计结论
REQ-ADMINPORTAL-02521,admin-portal,docs/ref-4.12-dashboard-pro.md,6.2 配置管理页面,| 切换间隔 | 15s / 30s / 60s / 自定义 |,logic,P1,需求规定：切换间隔 | 15s / 30s / 60s / 自定义,源码路径+测试用例/运行验证（本阶段仅登记证据要求）,未判定实现状态；不得复用旧审计结论
REQ-ADMINPORTAL-02522,admin-portal,docs/ref-4.12-dashboard-pro.md,6.2 配置管理页面,| 数据刷新频率 | 3s / 5s / 10s / 30s |,logic,P1,需求规定：数据刷新频率 | 3s / 5s / 10s / 30s,源码路径+测试用例/运行验证（本阶段仅登记证据要求）,未判定实现状态；不得复用旧审计结论
REQ-ADMINPORTAL-02523,admin-portal,docs/ref-4.12-dashboard-pro.md,6.2 配置管理页面,| 配色方案 | 深色/浅色 |,logic,P1,需求规定：配色方案 | 深色/浅色,源码路径+测试用例/运行验证（本阶段仅登记证据要求）,未判定实现状态；不得复用旧审计结论
REQ-ADMINPORTAL-02524,admin-portal,docs/ref-4.12-dashboard-pro.md,6.2 配置管理页面,| 屏管理 | 增删改屏、每个屏的面板自由拖拽排序 |,page,P1,需求规定：屏管理 | 增删改屏、每个屏的面板自由拖拽排序,源码路径+测试用例/运行验证（本阶段仅登记证据要求）,未判定实现状态；不得复用旧审计结论
REQ-ADMINPORTAL-02525,admin-portal,docs/ref-4.12-dashboard-pro.md,6.3 面板拖拽配置,- 从面板库拖拽到布局网格,page,P1,需求规定：- 从面板库拖拽到布局网格,源码路径+测试用例/运行验证（本阶段仅登记证据要求）,未判定实现状态；不得复用旧审计结论
REQ-ADMINPORTAL-02526,admin-portal,docs/ref-4.12-dashboard-pro.md,6.3 面板拖拽配置,- 拖拽调整面板位置和大小（rowSpan/colSpan）,page,P1,需求规定：- 拖拽调整面板位置和大小（rowSpan/colSpan）,源码路径+测试用例/运行验证（本阶段仅登记证据要求）,未判定实现状态；不得复用旧审计结论
REQ-ADMINPORTAL-02527,admin-portal,docs/ref-4.12-dashboard-pro.md,6.3 面板拖拽配置,- 双击面板进入配置详情（数据源/标题/阈值/显示选项）,page,P1,需求规定：- 双击面板进入配置详情（数据源/标题/阈值/显示选项）,源码路径+测试用例/运行验证（本阶段仅登记证据要求）,未判定实现状态；不得复用旧审计结论
REQ-ADMINPORTAL-02528,admin-portal,docs/ref-4.12-dashboard-pro.md,6.3 面板拖拽配置,- 右键删除面板,page,P1,需求规定：- 右键删除面板,源码路径+测试用例/运行验证（本阶段仅登记证据要求）,未判定实现状态；不得复用旧审计结论
REQ-ADMINPORTAL-02529,admin-portal,docs/ref-4.12-dashboard-pro.md,6.3 面板拖拽配置,- 保存为屏模板（供其他屏复用）,logic,P1,需求规定：- 保存为屏模板（供其他屏复用）,源码路径+测试用例/运行验证（本阶段仅登记证据要求）,未判定实现状态；不得复用旧审计结论
REQ-ADMINPORTAL-02530,admin-portal,docs/ref-4.12-dashboard-pro.md,7. API 接口规格,| 方法 | 路径 | 说明 | 权限 |,permission,P1,需求规定：方法 | 路径 | 说明 | 权限,源码路径+测试用例/运行验证（本阶段仅登记证据要求）,未判定实现状态；不得复用旧审计结论
REQ-ADMINPORTAL-02531,admin-portal,docs/ref-4.12-dashboard-pro.md,7. API 接口规格,| GET | `/api/v1/admin/dashboard-pro/config` | 获取大屏配置 | DASHBOARD_VIEW |,api,P1,需求规定：GET | `/api/v1/admin/dashboard-pro/config` | 获取大屏配置 | DASHBOARD_VIEW,源码路径+测试用例/运行验证（本阶段仅登记证据要求）,未判定实现状态；不得复用旧审计结论
REQ-ADMINPORTAL-02532,admin-portal,docs/ref-4.12-dashboard-pro.md,7. API 接口规格,| PUT | `/api/v1/admin/dashboard-pro/config` | 更新大屏配置 | USER_EDIT |,permission,P1,需求规定：PUT | `/api/v1/admin/dashboard-pro/config` | 更新大屏配置 | USER_EDIT,源码路径+测试用例/运行验证（本阶段仅登记证据要求）,未判定实现状态；不得复用旧审计结论
REQ-ADMINPORTAL-02533,admin-portal,docs/ref-4.12-dashboard-pro.md,7. API 接口规格,| GET | `/api/v1/admin/dashboard-pro/kpi` | 获取全部KPI指标 | DASHBOARD_VIEW |,api,P1,需求规定：GET | `/api/v1/admin/dashboard-pro/kpi` | 获取全部KPI指标 | DASHBOARD_VIEW,源码路径+测试用例/运行验证（本阶段仅登记证据要求）,未判定实现状态；不得复用旧审计结论
REQ-ADMINPORTAL-02534,admin-portal,docs/ref-4.12-dashboard-pro.md,7. API 接口规格,| GET | `/api/v1/admin/dashboard-pro/charts` | 获取全部图表数据 | DASHBOARD_VIEW |,api,P1,需求规定：GET | `/api/v1/admin/dashboard-pro/charts` | 获取全部图表数据 | DASHBOARD_VIEW,源码路径+测试用例/运行验证（本阶段仅登记证据要求）,未判定实现状态；不得复用旧审计结论
REQ-ADMINPORTAL-02535,admin-portal,docs/ref-4.12-dashboard-pro.md,7. API 接口规格,| GET | `/api/v1/admin/dashboard-pro/realtime` | 轻量实时快照 | DASHBOARD_VIEW |,api,P1,需求规定：GET | `/api/v1/admin/dashboard-pro/realtime` | 轻量实时快照 | DASHBOARD_VIEW,源码路径+测试用例/运行验证（本阶段仅登记证据要求）,未判定实现状态；不得复用旧审计结论
REQ-ADMINPORTAL-02536,admin-portal,docs/ref-4.12-dashboard-pro.md,7. API 接口规格,| GET | `/api/v1/admin/dashboard-pro/screens` | 屏模板列表 | DASHBOARD_VIEW |,api,P1,需求规定：GET | `/api/v1/admin/dashboard-pro/screens` | 屏模板列表 | DASHBOARD_VIEW,源码路径+测试用例/运行验证（本阶段仅登记证据要求）,未判定实现状态；不得复用旧审计结论
REQ-ADMINPORTAL-02537,admin-portal,docs/ref-4.12-dashboard-pro.md,7. API 接口规格,| POST | `/api/v1/admin/dashboard-pro/screens` | 创建屏模板 | USER_EDIT |,permission,P1,需求规定：POST | `/api/v1/admin/dashboard-pro/screens` | 创建屏模板 | USER_EDIT,源码路径+测试用例/运行验证（本阶段仅登记证据要求）,未判定实现状态；不得复用旧审计结论
REQ-ADMINPORTAL-02538,admin-portal,docs/ref-4.12-dashboard-pro.md,7. API 接口规格,| PUT | `/api/v1/admin/dashboard-pro/screens/:id` | 更新屏模板 | USER_EDIT |,permission,P1,需求规定：PUT | `/api/v1/admin/dashboard-pro/screens/:id` | 更新屏模板 | USER_EDIT,源码路径+测试用例/运行验证（本阶段仅登记证据要求）,未判定实现状态；不得复用旧审计结论
REQ-ADMINPORTAL-02539,admin-portal,docs/ref-4.12-dashboard-pro.md,7. API 接口规格,| DELETE | `/api/v1/admin/dashboard-pro/screens/:id` | 删除屏模板 | USER_EDIT |,permission,P1,需求规定：DELETE | `/api/v1/admin/dashboard-pro/screens/:id` | 删除屏模板 | USER_EDIT,源码路径+测试用例/运行验证（本阶段仅登记证据要求）,未判定实现状态；不得复用旧审计结论
REQ-ADMINPORTAL-02540,admin-portal,docs/ref-4.12-dashboard-pro.md,7. API 接口规格,**WebSocket**：`/ws/dashboard-pro` — 实时数据推送,logic,P1,需求规定：**WebSocket**：`/ws/dashboard-pro` — 实时数据推送,源码路径+测试用例/运行验证（本阶段仅登记证据要求）,未判定实现状态；不得复用旧审计结论
REQ-ADMINPORTAL-02541,admin-portal,docs/ref-4.12-dashboard-pro.md,交叉引用,| 关联模块 | 文档 | 关系 |,logic,P1,需求规定：关联模块 | 文档 | 关系,源码路径+测试用例/运行验证（本阶段仅登记证据要求）,未判定实现状态；不得复用旧审计结论
REQ-ADMINPORTAL-02542,admin-portal,docs/ref-4.12-dashboard-pro.md,交叉引用,| KPI 指标 | ref-1-operational-summary.md | 大屏数据源复用运营KPI API |,api,P1,需求规定：KPI 指标 | ref-1-operational-summary.md | 大屏数据源复用运营KPI API,源码路径+测试用例/运行验证（本阶段仅登记证据要求）,未判定实现状态；不得复用旧审计结论
REQ-ADMINPORTAL-02543,admin-portal,docs/ref-4.12-dashboard-pro.md,交叉引用,| 告警规则 | ref-5.4-alert-rules.md | 大屏告警事件流源数据 |,logic,P1,需求规定：告警规则 | ref-5.4-alert-rules.md | 大屏告警事件流源数据,源码路径+测试用例/运行验证（本阶段仅登记证据要求）,未判定实现状态；不得复用旧审计结论
REQ-ADMINPORTAL-02544,admin-portal,docs/ref-4.12-dashboard-pro.md,交叉引用,| 渠道管理 | ref-4.3-vendor-model.md | 大屏渠道健康面板数据源 |,page,P1,需求规定：渠道管理 | ref-4.3-vendor-model.md | 大屏渠道健康面板数据源,源码路径+测试用例/运行验证（本阶段仅登记证据要求）,未判定实现状态；不得复用旧审计结论
REQ-ADMINPORTAL-02545,admin-portal,docs/ref-4.12-dashboard-pro.md,交叉引用,| 管理看板 | ref-4.1-admin-dashboard.md | 二者共享数据，大屏为全屏增强版 |,logic,P1,需求规定：管理看板 | ref-4.1-admin-dashboard.md | 二者共享数据，大屏为全屏增强版,源码路径+测试用例/运行验证（本阶段仅登记证据要求）,未判定实现状态；不得复用旧审计结论
REQ-ADMINPORTAL-02546,admin-portal,docs/ref-4.12-dashboard-pro.md,交叉引用,| 系统配置 | ref-4.8-system-config.md | 大屏配置存储在 site_configs |,logic,P1,需求规定：系统配置 | ref-4.8-system-config.md | 大屏配置存储在 site_configs,源码路径+测试用例/运行验证（本阶段仅登记证据要求）,未判定实现状态；不得复用旧审计结论
REQ-ADMINPORTAL-02547,admin-portal,docs/ref-4.12-dashboard-pro.md,边界条件,| # | 场景 | 触发条件 | 预期行为 |,logic,P1,需求规定：# | 场景 | 触发条件 | 预期行为,源码路径+测试用例/运行验证（本阶段仅登记证据要求）,未判定实现状态；不得复用旧审计结论
REQ-ADMINPORTAL-02548,admin-portal,docs/ref-4.12-dashboard-pro.md,边界条件,"| DP-001 | 自定义图表配置错误 | 管理员在配置面板时选择了不兼容的数据源和图表类型组合（如将渠道健康状态数据加载到折线图），或图表 SQL/聚合参数无效 | 前端在拖拽配置时校验数据源-图表类型兼容性矩阵，不兼容组合标记为""❌ 不可用""并提示可选类型",exception,P1,"需求规定：DP-001 | 自定义图表配置错误 | 管理员在配置面板时选择了不兼容的数据源和图表类型组合（如将渠道健康状态数据加载到折线图），或图表 SQL/聚合参数无效 | 前端在拖拽配置时校验数据源-图表类型兼容性矩阵，不兼容组合标记为""❌ 不可用""并提示可选类型",源码路径+测试用例/运行验证（本阶段仅登记证据要求）,未判定实现状态；不得复用旧审计结论
REQ-ADMINPORTAL-02549,admin-portal,docs/ref-4.12-dashboard-pro.md,边界条件,服务端在保存配置时再次校验有效性，无效配置拒绝保存并返回具体错误信息 |,exception,P1,需求规定：服务端在保存配置时再次校验有效性，无效配置拒绝保存并返回具体错误信息,源码路径+测试用例/运行验证（本阶段仅登记证据要求）,未判定实现状态；不得复用旧审计结论
REQ-ADMINPORTAL-02550,admin-portal,docs/ref-4.12-dashboard-pro.md,边界条件,| DP-002 | 大数据量图表渲染性能 | 图表数据点超过 1000 个（如调用量趋势按分钟粒度展示 7 天数据），导致浏览器渲染卡顿或内存溢出 | 后端在数据查询时自动降采样：数据点 > 500 时按时间窗口聚合（取均值/最大值）,page,P1,需求规定：DP-002 | 大数据量图表渲染性能 | 图表数据点超过 1000 个（如调用量趋势按分钟粒度展示 7 天数据），导致浏览器渲染卡顿或内存溢出 | 后端在数据查询时自动降采样：数据点 > 500 时按时间窗口聚合（取均值/最大值）,源码路径+测试用例/运行验证（本阶段仅登记证据要求）,未判定实现状态；不得复用旧审计结论
REQ-ADMINPORTAL-02551,admin-portal,docs/ref-4.12-dashboard-pro.md,边界条件,前端图表组件启用虚拟数据点渲染，超过 500 点仅渲染可视区域内的数据点,permission,P1,需求规定：前端图表组件启用虚拟数据点渲染，超过 500 点仅渲染可视区域内的数据点,源码路径+测试用例/运行验证（本阶段仅登记证据要求）,未判定实现状态；不得复用旧审计结论
REQ-ADMINPORTAL-02552,admin-portal,docs/ref-4.12-dashboard-pro.md,边界条件,"提供""原始数据""下载入口替代图内展示 |",page,P1,"需求规定：提供""原始数据""下载入口替代图内展示",源码路径+测试用例/运行验证（本阶段仅登记证据要求）,未判定实现状态；不得复用旧审计结论
REQ-ADMINPORTAL-02553,admin-portal,docs/ref-4.12-dashboard-pro.md,边界条件,| DP-003 | 时间范围切换数据丢失 | 用户在大屏或配置页中切换时间范围（如从 24h 切换到 7d），部分指标因数据源不支持该粒度返回空值 | 前端在切换前预查询数据源支持的时间粒度范围,field,P1,需求规定：DP-003 | 时间范围切换数据丢失 | 用户在大屏或配置页中切换时间范围（如从 24h 切换到 7d），部分指标因数据源不支持该粒度返回空值 | 前端在切换前预查询数据源支持的时间粒度范围,源码路径+测试用例/运行验证（本阶段仅登记证据要求）,未判定实现状态；不得复用旧审计结论
REQ-ADMINPORTAL-02554,admin-portal,docs/ref-4.12-dashboard-pro.md,边界条件,"不支持的时间范围对应面板显示""该时间范围暂不支持""占位",page,P1,"需求规定：不支持的时间范围对应面板显示""该时间范围暂不支持""占位",源码路径+测试用例/运行验证（本阶段仅登记证据要求）,未判定实现状态；不得复用旧审计结论
REQ-ADMINPORTAL-02555,admin-portal,docs/ref-4.12-dashboard-pro.md,边界条件,切换后保持已加载面板不闪烁抖动，新面板数据加载完成前保留上一个时间范围的最后快照 |,page,P1,需求规定：切换后保持已加载面板不闪烁抖动，新面板数据加载完成前保留上一个时间范围的最后快照,源码路径+测试用例/运行验证（本阶段仅登记证据要求）,未判定实现状态；不得复用旧审计结论
REQ-ADMINPORTAL-02556,admin-portal,docs/ref-4.12-dashboard-pro.md,边界条件,"| DP-004 | 多个仪表盘共享冲突 | 多个管理员同时编辑同一个大屏配置，后保存者覆盖先保存者的修改 | 配置存储使用乐观锁（version 字段），后保存者若检测到版本变更则提示""配置已被他人修改，请刷新后重试""",concurrency,P1,"需求规定：DP-004 | 多个仪表盘共享冲突 | 多个管理员同时编辑同一个大屏配置，后保存者覆盖先保存者的修改 | 配置存储使用乐观锁（version 字段），后保存者若检测到版本变更则提示""配置已被他人修改，请刷新后重试""",源码路径+测试用例/运行验证（本阶段仅登记证据要求）,未判定实现状态；不得复用旧审计结论
REQ-ADMINPORTAL-02557,admin-portal,docs/ref-4.12-dashboard-pro.md,边界条件,配置编辑页设置 5 分钟编辑锁定（类似 Google Docs 的协作指示器） |,concurrency,P1,需求规定：配置编辑页设置 5 分钟编辑锁定（类似 Google Docs 的协作指示器）,源码路径+测试用例/运行验证（本阶段仅登记证据要求）,未判定实现状态；不得复用旧审计结论
REQ-ADMINPORTAL-02558,admin-portal,docs/ref-4.12-dashboard-pro.md,边界条件,"| DP-005 | WebSocket 连接断开 | 大屏页面因网络波动或服务端重启导致 WebSocket 连接中断，实时数据停止推送 | 前端自动检测连接状态，断线后立即切换到 HTTP 轮询模式（3 秒间隔），并在大屏右上角显示""实时连接已断开，切换为轮询模式""黄色提示",api,P1,"需求规定：DP-005 | WebSocket 连接断开 | 大屏页面因网络波动或服务端重启导致 WebSocket 连接中断，实时数据停止推送 | 前端自动检测连接状态，断线后立即切换到 HTTP 轮询模式（3 秒间隔），并在大屏右上角显示""实时连接已断开，切换为轮询模式""黄色提示",源码路径+测试用例/运行验证（本阶段仅登记证据要求）,未判定实现状态；不得复用旧审计结论
REQ-ADMINPORTAL-02559,admin-portal,docs/ref-4.12-dashboard-pro.md,边界条件,后台每 15 秒尝试重连，成功后切回 WS 并隐藏提示 |,logic,P1,需求规定：后台每 15 秒尝试重连，成功后切回 WS 并隐藏提示,源码路径+测试用例/运行验证（本阶段仅登记证据要求）,未判定实现状态；不得复用旧审计结论
REQ-ADMINPORTAL-02560,admin-portal,docs/ref-4.12-dashboard-pro.md,边界条件,| DP-006 | 大屏长时间运行内存泄漏 | 大屏页面持续运行超过 24 小时（投屏场景），由于实时数据流不断累积或图表动画未清理导致浏览器内存持续增长 | 前端实现数据窗口滑动：实时数据流仅保留最近 1 小时的事件，超出部分自动丢弃,permission,P1,需求规定：DP-006 | 大屏长时间运行内存泄漏 | 大屏页面持续运行超过 24 小时（投屏场景），由于实时数据流不断累积或图表动画未清理导致浏览器内存持续增长 | 前端实现数据窗口滑动：实时数据流仅保留最近 1 小时的事件，超出部分自动丢弃,源码路径+测试用例/运行验证（本阶段仅登记证据要求）,未判定实现状态；不得复用旧审计结论
REQ-ADMINPORTAL-02561,admin-portal,docs/ref-4.12-dashboard-pro.md,边界条件,图表数据点超过上限时自动裁剪旧数据,logic,P1,需求规定：图表数据点超过上限时自动裁剪旧数据,源码路径+测试用例/运行验证（本阶段仅登记证据要求）,未判定实现状态；不得复用旧审计结论
REQ-ADMINPORTAL-02562,admin-portal,docs/ref-4.12-dashboard-pro.md,边界条件,设置每 30 分钟自动清理一次内部缓存和未使用的订阅,db,P1,需求规定：设置每 30 分钟自动清理一次内部缓存和未使用的订阅,源码路径+测试用例/运行验证（本阶段仅登记证据要求）,未判定实现状态；不得复用旧审计结论
REQ-ADMINPORTAL-02563,admin-portal,docs/ref-4.12-dashboard-pro.md,边界条件,"用户可点击""刷新页面""重建大屏状态（不丢失屏配置） |",state,P1,"需求规定：用户可点击""刷新页面""重建大屏状态（不丢失屏配置）",源码路径+测试用例/运行验证（本阶段仅登记证据要求）,未判定实现状态；不得复用旧审计结论
REQ-ADMINPORTAL-02564,admin-portal,docs/ref-4.12-dashboard-pro.md,异常流程,| 场景 | 恢复策略 |,rollback,P1,需求规定：场景 | 恢复策略,源码路径+测试用例/运行验证（本阶段仅登记证据要求）,未判定实现状态；不得复用旧审计结论
REQ-ADMINPORTAL-02565,admin-portal,docs/ref-4.12-dashboard-pro.md,异常流程,"| KPI 数据查询接口超时 | 卡片显示""--""占位值，保留上次有效数据",api,P1,"需求规定：KPI 数据查询接口超时 | 卡片显示""--""占位值，保留上次有效数据",源码路径+测试用例/运行验证（本阶段仅登记证据要求）,未判定实现状态；不得复用旧审计结论
REQ-ADMINPORTAL-02566,admin-portal,docs/ref-4.12-dashboard-pro.md,异常流程,超时接口自动重试 1 次后若仍失败则跳过该卡片刷新 |,api,P1,需求规定：超时接口自动重试 1 次后若仍失败则跳过该卡片刷新,源码路径+测试用例/运行验证（本阶段仅登记证据要求）,未判定实现状态；不得复用旧审计结论
REQ-ADMINPORTAL-02567,admin-portal,docs/ref-4.12-dashboard-pro.md,异常流程,"| 告警事件流拥塞（突发大量告警） | 事件流限速：每秒最多展示 10 条，超出部分合并为""+N 条同类告警""折叠按钮 |",page,P1,"需求规定：告警事件流拥塞（突发大量告警） | 事件流限速：每秒最多展示 10 条，超出部分合并为""+N 条同类告警""折叠按钮",源码路径+测试用例/运行验证（本阶段仅登记证据要求）,未判定实现状态；不得复用旧审计结论
REQ-ADMINPORTAL-02568,admin-portal,docs/ref-4.12-dashboard-pro.md,异常流程,| 大屏全屏 API 被浏览器限制 | 提示用户手动点击浏览器全屏按钮（F11），或使用系统提供的全屏替代方案 |,api,P1,需求规定：大屏全屏 API 被浏览器限制 | 提示用户手动点击浏览器全屏按钮（F11），或使用系统提供的全屏替代方案,源码路径+测试用例/运行验证（本阶段仅登记证据要求）,未判定实现状态；不得复用旧审计结论
REQ-ADMINPORTAL-02569,admin-portal,docs/ref-4.12-dashboard-pro.md,异常流程,"| 屏幕轮播时某屏面板加载失败 | 跳过该屏，展示 3 秒""数据加载中…""后自动切换到下一屏，失败屏标记为""需手动刷新"" |",exception,P1,"需求规定：屏幕轮播时某屏面板加载失败 | 跳过该屏，展示 3 秒""数据加载中…""后自动切换到下一屏，失败屏标记为""需手动刷新""",源码路径+测试用例/运行验证（本阶段仅登记证据要求）,未判定实现状态；不得复用旧审计结论
REQ-ADMINPORTAL-02570,admin-portal,docs/ref-4.13-operation-timeline.md,1.2 操作聚合索引,-- 按用户的时间线索引,field,P1,需求规定：-- 按用户的时间线索引,源码路径+测试用例/运行验证（本阶段仅登记证据要求）,未判定实现状态；不得复用旧审计结论
REQ-ADMINPORTAL-02571,admin-portal,docs/ref-4.13-operation-timeline.md,1.2 操作聚合索引,-- 按操作对象+时间,field,P1,需求规定：-- 按操作对象+时间,源码路径+测试用例/运行验证（本阶段仅登记证据要求）,未判定实现状态；不得复用旧审计结论
REQ-ADMINPORTAL-02572,admin-portal,docs/ref-4.13-operation-timeline.md,1.2 操作聚合索引,-- 按操作类型+时间（用于全局时间线）,field,P1,需求规定：-- 按操作类型+时间（用于全局时间线）,源码路径+测试用例/运行验证（本阶段仅登记证据要求）,未判定实现状态；不得复用旧审计结论
REQ-ADMINPORTAL-02573,admin-portal,docs/ref-4.13-operation-timeline.md,1.2 操作聚合索引,-- 风险评分索引,logic,P1,需求规定：-- 风险评分索引,源码路径+测试用例/运行验证（本阶段仅登记证据要求）,未判定实现状态；不得复用旧审计结论
REQ-ADMINPORTAL-02574,admin-portal,docs/ref-4.13-operation-timeline.md,2.1 用户详情页时间线,**入口**：管理端 → 用户详情页 → 「操作轨迹」Tab,page,P1,需求规定：**入口**：管理端 → 用户详情页 → 「操作轨迹」Tab,源码路径+测试用例/运行验证（本阶段仅登记证据要求）,未判定实现状态；不得复用旧审计结论
REQ-ADMINPORTAL-02575,admin-portal,docs/ref-4.13-operation-timeline.md,2.1 用户详情页时间线,**时间线展示**：,page,P1,需求规定：**时间线展示**：,源码路径+测试用例/运行验证（本阶段仅登记证据要求）,未判定实现状态；不得复用旧审计结论
REQ-ADMINPORTAL-02576,admin-portal,docs/ref-4.13-operation-timeline.md,2.2 时间线节点类型,| 节点类型 | 图标 | 颜色 | 包含操作 |,logic,P1,需求规定：节点类型 | 图标 | 颜色 | 包含操作,源码路径+测试用例/运行验证（本阶段仅登记证据要求）,未判定实现状态；不得复用旧审计结论
REQ-ADMINPORTAL-02577,admin-portal,docs/ref-4.13-operation-timeline.md,2.2 时间线节点类型,| 登录 | 🔐 | 蓝色 | 登录成功/登录失败/退出登录 |,exception,P1,需求规定：登录 | 🔐 | 蓝色 | 登录成功/登录失败/退出登录,源码路径+测试用例/运行验证（本阶段仅登记证据要求）,未判定实现状态；不得复用旧审计结论
REQ-ADMINPORTAL-02578,admin-portal,docs/ref-4.13-operation-timeline.md,2.2 时间线节点类型,| 密钥管理 | 🔑 | 紫色 | Key 创建/编辑/禁用/删除/重新生成 |,state,P1,需求规定：密钥管理 | 🔑 | 紫色 | Key 创建/编辑/禁用/删除/重新生成,源码路径+测试用例/运行验证（本阶段仅登记证据要求）,未判定实现状态；不得复用旧审计结论
REQ-ADMINPORTAL-02579,admin-portal,docs/ref-4.13-operation-timeline.md,2.2 时间线节点类型,| 余额变动 | 💰 | 绿色 | 充值/消费/退款/平台调整/兑换码 |,logic,P1,需求规定：余额变动 | 💰 | 绿色 | 充值/消费/退款/平台调整/兑换码,源码路径+测试用例/运行验证（本阶段仅登记证据要求）,未判定实现状态；不得复用旧审计结论
REQ-ADMINPORTAL-02580,admin-portal,docs/ref-4.13-operation-timeline.md,2.2 时间线节点类型,| 资料变更 | 👤 | 青色 | 修改昵称/邮箱/密码/实名 |,field,P1,需求规定：资料变更 | 👤 | 青色 | 修改昵称/邮箱/密码/实名,源码路径+测试用例/运行验证（本阶段仅登记证据要求）,未判定实现状态；不得复用旧审计结论
REQ-ADMINPORTAL-02581,admin-portal,docs/ref-4.13-operation-timeline.md,2.2 时间线节点类型,| 安全事件 | 🛡️ | 红色 | 异常登录/密码错误/IP变更/封禁 |,exception,P1,需求规定：安全事件 | 🛡️ | 红色 | 异常登录/密码错误/IP变更/封禁,源码路径+测试用例/运行验证（本阶段仅登记证据要求）,未判定实现状态；不得复用旧审计结论
REQ-ADMINPORTAL-02582,admin-portal,docs/ref-4.13-operation-timeline.md,2.2 时间线节点类型,| 设置变更 | ⚙️ | 灰色 | 修改偏好/通知设置/API配置 |,api,P1,需求规定：设置变更 | ⚙️ | 灰色 | 修改偏好/通知设置/API配置,源码路径+测试用例/运行验证（本阶段仅登记证据要求）,未判定实现状态；不得复用旧审计结论
REQ-ADMINPORTAL-02583,admin-portal,docs/ref-4.13-operation-timeline.md,2.2 时间线节点类型,| 管理操作 | 👑 | 黄色 | 管理员对用户的任何操作(仅管理端可见) |,permission,P1,需求规定：管理操作 | 👑 | 黄色 | 管理员对用户的任何操作(仅管理端可见),源码路径+测试用例/运行验证（本阶段仅登记证据要求）,未判定实现状态；不得复用旧审计结论
REQ-ADMINPORTAL-02584,admin-portal,docs/ref-4.13-operation-timeline.md,2.3 时间线交互,| 交互 | 行为 |,logic,P1,需求规定：交互 | 行为,源码路径+测试用例/运行验证（本阶段仅登记证据要求）,未判定实现状态；不得复用旧审计结论
REQ-ADMINPORTAL-02585,admin-portal,docs/ref-4.13-operation-timeline.md,2.3 时间线交互,| 点击节点 | 展开显示完整操作详情（before/after 值对比、完整IP/UA、备注） |,logic,P1,需求规定：点击节点 | 展开显示完整操作详情（before/after 值对比、完整IP/UA、备注）,源码路径+测试用例/运行验证（本阶段仅登记证据要求）,未判定实现状态；不得复用旧审计结论
REQ-ADMINPORTAL-02586,admin-portal,docs/ref-4.13-operation-timeline.md,2.3 时间线交互,| 右键节点 | 复制操作ID、复制IP、查看IP详细地理位置 |,logic,P1,需求规定：右键节点 | 复制操作ID、复制IP、查看IP详细地理位置,源码路径+测试用例/运行验证（本阶段仅登记证据要求）,未判定实现状态；不得复用旧审计结论
REQ-ADMINPORTAL-02587,admin-portal,docs/ref-4.13-operation-timeline.md,2.3 时间线交互,| 筛选异常事件 | 仅展示风险评分 > 50 的操作 |,permission,P1,需求规定：筛选异常事件 | 仅展示风险评分 > 50 的操作,源码路径+测试用例/运行验证（本阶段仅登记证据要求）,未判定实现状态；不得复用旧审计结论
REQ-ADMINPORTAL-02588,admin-portal,docs/ref-4.13-operation-timeline.md,2.3 时间线交互,"| ""导出操作轨迹""按钮 | 导出选定时间范围的所有操作为 PDF/CSV |",page,P1,"需求规定：""导出操作轨迹""按钮 | 导出选定时间范围的所有操作为 PDF/CSV",源码路径+测试用例/运行验证（本阶段仅登记证据要求）,未判定实现状态；不得复用旧审计结论
REQ-ADMINPORTAL-02589,admin-portal,docs/ref-4.13-operation-timeline.md,2.3 时间线交互,| 虚拟滚动 | 超过 100 条记录时启用虚拟滚动，仅渲染可视区域 |,permission,P1,需求规定：虚拟滚动 | 超过 100 条记录时启用虚拟滚动，仅渲染可视区域,源码路径+测试用例/运行验证（本阶段仅登记证据要求）,未判定实现状态；不得复用旧审计结论
REQ-ADMINPORTAL-02590,admin-portal,docs/ref-4.13-operation-timeline.md,3.1 管理端页面,**路径**：`/admin/logs/operation-timeline`,api,P1,需求规定：**路径**：`/admin/logs/operation-timeline`,源码路径+测试用例/运行验证（本阶段仅登记证据要求）,未判定实现状态；不得复用旧审计结论
REQ-ADMINPORTAL-02591,admin-portal,docs/ref-4.13-operation-timeline.md,3.1 管理端页面,**页面布局**：,page,P1,需求规定：**页面布局**：,源码路径+测试用例/运行验证（本阶段仅登记证据要求）,未判定实现状态；不得复用旧审计结论
REQ-ADMINPORTAL-02592,admin-portal,docs/ref-4.13-operation-timeline.md,3.2 实时流模式,- WebSocket 推送新的操作事件，实时插入时间线顶部,field,P1,需求规定：- WebSocket 推送新的操作事件，实时插入时间线顶部,源码路径+测试用例/运行验证（本阶段仅登记证据要求）,未判定实现状态；不得复用旧审计结论
REQ-ADMINPORTAL-02593,admin-portal,docs/ref-4.13-operation-timeline.md,3.2 实时流模式,- 新事件插入时带淡入动画（300ms）,logic,P1,需求规定：- 新事件插入时带淡入动画（300ms）,源码路径+测试用例/运行验证（本阶段仅登记证据要求）,未判定实现状态；不得复用旧审计结论
REQ-ADMINPORTAL-02594,admin-portal,docs/ref-4.13-operation-timeline.md,3.2 实时流模式,"- 每秒最多展示 10 条，超过的放入""+N 条""折叠按钮",page,P1,"需求规定：- 每秒最多展示 10 条，超过的放入""+N 条""折叠按钮",源码路径+测试用例/运行验证（本阶段仅登记证据要求）,未判定实现状态；不得复用旧审计结论
REQ-ADMINPORTAL-02595,admin-portal,docs/ref-4.13-operation-timeline.md,3.2 实时流模式,"- ""暂停""按钮：冻结时间线，但继续在后台收集，恢复后批量插入",rollback,P1,"需求规定：- ""暂停""按钮：冻结时间线，但继续在后台收集，恢复后批量插入",源码路径+测试用例/运行验证（本阶段仅登记证据要求）,未判定实现状态；不得复用旧审计结论
REQ-ADMINPORTAL-02596,admin-portal,docs/ref-4.13-operation-timeline.md,3.2 实时流模式,"- ""滚动锁定""：自动跟随最新事件滚动 / 手动滚动后暂时解锁 5s",concurrency,P1,"需求规定：- ""滚动锁定""：自动跟随最新事件滚动 / 手动滚动后暂时解锁 5s",源码路径+测试用例/运行验证（本阶段仅登记证据要求）,未判定实现状态；不得复用旧审计结论
REQ-ADMINPORTAL-02597,admin-portal,docs/ref-4.13-operation-timeline.md,4.1 检测规则,| 检测类型 | 规则 | 风险评分 | 风险标签 |,logic,P1,需求规定：检测类型 | 规则 | 风险评分 | 风险标签,源码路径+测试用例/运行验证（本阶段仅登记证据要求）,未判定实现状态；不得复用旧审计结论
REQ-ADMINPORTAL-02598,admin-portal,docs/ref-4.13-operation-timeline.md,4.1 检测规则,| 夜间异常操作 | 操作时间 23:00-06:00 且为敏感操作 | 60 | `night_operation` |,exception,P1,需求规定：夜间异常操作 | 操作时间 23:00-06:00 且为敏感操作 | 60 | `night_operation`,源码路径+测试用例/运行验证（本阶段仅登记证据要求）,未判定实现状态；不得复用旧审计结论
REQ-ADMINPORTAL-02599,admin-portal,docs/ref-4.13-operation-timeline.md,4.1 检测规则,| 高频操作 | 5 分钟内同类型操作 > 10 次 | 70 | `high_frequency` |,logic,P1,需求规定：高频操作 | 5 分钟内同类型操作 > 10 次 | 70 | `high_frequency`,源码路径+测试用例/运行验证（本阶段仅登记证据要求）,未判定实现状态；不得复用旧审计结论
REQ-ADMINPORTAL-02600,admin-portal,docs/ref-4.13-operation-timeline.md,4.1 检测规则,| IP 突变 | IP 地址与最近 24h 常用 IP 不同城市 | 65 | `ip_change` |,logic,P1,需求规定：IP 突变 | IP 地址与最近 24h 常用 IP 不同城市 | 65 | `ip_change`,源码路径+测试用例/运行验证（本阶段仅登记证据要求）,未判定实现状态；不得复用旧审计结论
REQ-ADMINPORTAL-02601,admin-portal,docs/ref-4.13-operation-timeline.md,4.1 检测规则,| 异地操作 | 与前次操作地理位置 > 500km | 75 | `geo_anomaly` |,logic,P1,需求规定：异地操作 | 与前次操作地理位置 > 500km | 75 | `geo_anomaly`,源码路径+测试用例/运行验证（本阶段仅登记证据要求）,未判定实现状态；不得复用旧审计结论
REQ-ADMINPORTAL-02602,admin-portal,docs/ref-4.13-operation-timeline.md,4.1 检测规则,| 风险国家IP | IP 来自非中国/非合作国家 | 80 | `risk_country` |,logic,P1,需求规定：风险国家IP | IP 来自非中国/非合作国家 | 80 | `risk_country`,源码路径+测试用例/运行验证（本阶段仅登记证据要求）,未判定实现状态；不得复用旧审计结论
REQ-ADMINPORTAL-02603,admin-portal,docs/ref-4.13-operation-timeline.md,4.1 检测规则,| 连续失败操作 | 同一操作连续失败 > 3 次 | 55 | `consecutive_failure` |,exception,P1,需求规定：连续失败操作 | 同一操作连续失败 > 3 次 | 55 | `consecutive_failure`,源码路径+测试用例/运行验证（本阶段仅登记证据要求）,未判定实现状态；不得复用旧审计结论
REQ-ADMINPORTAL-02604,admin-portal,docs/ref-4.13-operation-timeline.md,4.1 检测规则,| 超大数据量导出 | 单次导出 > 10000 条 | 40 | `large_export` |,logic,P1,需求规定：超大数据量导出 | 单次导出 > 10000 条 | 40 | `large_export`,源码路径+测试用例/运行验证（本阶段仅登记证据要求）,未判定实现状态；不得复用旧审计结论
REQ-ADMINPORTAL-02605,admin-portal,docs/ref-4.13-operation-timeline.md,4.1 检测规则,| 短时间内大量删改 | 10 分钟内 DELETE/UPDATE > 5 个不同对象 | 85 | `mass_mutation` |,field,P1,需求规定：短时间内大量删改 | 10 分钟内 DELETE/UPDATE > 5 个不同对象 | 85 | `mass_mutation`,源码路径+测试用例/运行验证（本阶段仅登记证据要求）,未判定实现状态；不得复用旧审计结论
REQ-ADMINPORTAL-02606,admin-portal,docs/ref-4.13-operation-timeline.md,4.1 检测规则,| 非工作时间敏感操作 | 工作日 18:00-09:00 或周末的敏感操作 | 50 | `off_hours_sensitive` |,field,P1,需求规定：非工作时间敏感操作 | 工作日 18:00-09:00 或周末的敏感操作 | 50 | `off_hours_sensitive`,源码路径+测试用例/运行验证（本阶段仅登记证据要求）,未判定实现状态；不得复用旧审计结论
REQ-ADMINPORTAL-02607,admin-portal,docs/ref-4.13-operation-timeline.md,4.2 风险评分计算,- 高频操作: 1.2,logic,P1,需求规定：- 高频操作: 1.2,源码路径+测试用例/运行验证（本阶段仅登记证据要求）,未判定实现状态；不得复用旧审计结论
REQ-ADMINPORTAL-02608,admin-portal,docs/ref-4.13-operation-timeline.md,4.2 风险评分计算,- 异地操作: 1.5,logic,P1,需求规定：- 异地操作: 1.5,源码路径+测试用例/运行验证（本阶段仅登记证据要求）,未判定实现状态；不得复用旧审计结论
REQ-ADMINPORTAL-02609,admin-portal,docs/ref-4.13-operation-timeline.md,4.2 风险评分计算,- 风险国家IP: 2.0,logic,P1,需求规定：- 风险国家IP: 2.0,源码路径+测试用例/运行验证（本阶段仅登记证据要求）,未判定实现状态；不得复用旧审计结论
REQ-ADMINPORTAL-02610,admin-portal,docs/ref-4.13-operation-timeline.md,4.2 风险评分计算,- 连续失败: 0.8,exception,P1,需求规定：- 连续失败: 0.8,源码路径+测试用例/运行验证（本阶段仅登记证据要求）,未判定实现状态；不得复用旧审计结论
REQ-ADMINPORTAL-02611,admin-portal,docs/ref-4.13-operation-timeline.md,4.2 风险评分计算,- 其他: 1.0,logic,P1,需求规定：- 其他: 1.0,源码路径+测试用例/运行验证（本阶段仅登记证据要求）,未判定实现状态；不得复用旧审计结论
REQ-ADMINPORTAL-02612,admin-portal,docs/ref-4.13-operation-timeline.md,5.1 敏感操作列表视图,**路径**：`/admin/logs/sensitive-operations`,api,P1,需求规定：**路径**：`/admin/logs/sensitive-operations`,源码路径+测试用例/运行验证（本阶段仅登记证据要求）,未判定实现状态；不得复用旧审计结论
REQ-ADMINPORTAL-02613,admin-portal,docs/ref-4.13-operation-timeline.md,5.1 敏感操作列表视图,| 列 | 说明 |,logic,P1,需求规定：列 | 说明,源码路径+测试用例/运行验证（本阶段仅登记证据要求）,未判定实现状态；不得复用旧审计结论
REQ-ADMINPORTAL-02614,admin-portal,docs/ref-4.13-operation-timeline.md,5.1 敏感操作列表视图,| 时间 | 操作时间 |,field,P1,需求规定：时间 | 操作时间,源码路径+测试用例/运行验证（本阶段仅登记证据要求）,未判定实现状态；不得复用旧审计结论
REQ-ADMINPORTAL-02615,admin-portal,docs/ref-4.13-operation-timeline.md,5.1 敏感操作列表视图,| 操作人 | 管理员昵称+角色 |,permission,P1,需求规定：操作人 | 管理员昵称+角色,源码路径+测试用例/运行验证（本阶段仅登记证据要求）,未判定实现状态；不得复用旧审计结论
REQ-ADMINPORTAL-02616,admin-portal,docs/ref-4.13-operation-timeline.md,5.1 敏感操作列表视图,| 操作类型 | 余额调整/角色变更/价格变更/提现审核 等 |,permission,P1,需求规定：操作类型 | 余额调整/角色变更/价格变更/提现审核 等,源码路径+测试用例/运行验证（本阶段仅登记证据要求）,未判定实现状态；不得复用旧审计结论
REQ-ADMINPORTAL-02617,admin-portal,docs/ref-4.13-operation-timeline.md,5.1 敏感操作列表视图,| 操作对象 | 受影响的用户/资源 |,logic,P1,需求规定：操作对象 | 受影响的用户/资源,源码路径+测试用例/运行验证（本阶段仅登记证据要求）,未判定实现状态；不得复用旧审计结论
REQ-ADMINPORTAL-02618,admin-portal,docs/ref-4.13-operation-timeline.md,5.1 敏感操作列表视图,| 变化 | 前后值对比（如：¥500 → ¥300） |,logic,P1,需求规定：变化 | 前后值对比（如：¥500 → ¥300）,源码路径+测试用例/运行验证（本阶段仅登记证据要求）,未判定实现状态；不得复用旧审计结论
REQ-ADMINPORTAL-02619,admin-portal,docs/ref-4.13-operation-timeline.md,5.1 敏感操作列表视图,| 原因 | 操作备注 |,logic,P1,需求规定：原因 | 操作备注,源码路径+测试用例/运行验证（本阶段仅登记证据要求）,未判定实现状态；不得复用旧审计结论
REQ-ADMINPORTAL-02620,admin-portal,docs/ref-4.13-operation-timeline.md,5.1 敏感操作列表视图,| IP | 操作来源 IP |,logic,P1,需求规定：IP | 操作来源 IP,源码路径+测试用例/运行验证（本阶段仅登记证据要求）,未判定实现状态；不得复用旧审计结论
REQ-ADMINPORTAL-02621,admin-portal,docs/ref-4.13-operation-timeline.md,5.1 敏感操作列表视图,| 风险评分 | 彩色标签 |,logic,P1,需求规定：风险评分 | 彩色标签,源码路径+测试用例/运行验证（本阶段仅登记证据要求）,未判定实现状态；不得复用旧审计结论
REQ-ADMINPORTAL-02622,admin-portal,docs/ref-4.13-operation-timeline.md,5.1 敏感操作列表视图,| 操作 | 查看完整上下文 |,logic,P1,需求规定：操作 | 查看完整上下文,源码路径+测试用例/运行验证（本阶段仅登记证据要求）,未判定实现状态；不得复用旧审计结论
REQ-ADMINPORTAL-02623,admin-portal,docs/ref-4.13-operation-timeline.md,5.1 敏感操作列表视图,**与普通操作日志的区别**：,audit,P1,需求规定：**与普通操作日志的区别**：,源码路径+测试用例/运行验证（本阶段仅登记证据要求）,未判定实现状态；不得复用旧审计结论
REQ-ADMINPORTAL-02624,admin-portal,docs/ref-4.13-operation-timeline.md,5.1 敏感操作列表视图,- 敏感操作采用**红色高亮**行背景,logic,P1,需求规定：- 敏感操作采用**红色高亮**行背景,源码路径+测试用例/运行验证（本阶段仅登记证据要求）,未判定实现状态；不得复用旧审计结论
REQ-ADMINPORTAL-02625,admin-portal,docs/ref-4.13-operation-timeline.md,5.1 敏感操作列表视图,- 前后值对比直接展示在列表中（无需展开）,page,P1,需求规定：- 前后值对比直接展示在列表中（无需展开）,源码路径+测试用例/运行验证（本阶段仅登记证据要求）,未判定实现状态；不得复用旧审计结论
REQ-ADMINPORTAL-02626,admin-portal,docs/ref-4.13-operation-timeline.md,5.1 敏感操作列表视图,"- 额外展示""二次确认""记录（是否弹窗确认/确认时间）",audit,P1,"需求规定：- 额外展示""二次确认""记录（是否弹窗确认/确认时间）",源码路径+测试用例/运行验证（本阶段仅登记证据要求）,未判定实现状态；不得复用旧审计结论
REQ-ADMINPORTAL-02627,admin-portal,docs/ref-4.13-operation-timeline.md,5.1 敏感操作列表视图,"- 超阈值操作展示额外标记""⚠️ 已通知 super_admin""",page,P1,"需求规定：- 超阈值操作展示额外标记""⚠️ 已通知 super_admin""",源码路径+测试用例/运行验证（本阶段仅登记证据要求）,未判定实现状态；不得复用旧审计结论
REQ-ADMINPORTAL-02628,admin-portal,docs/ref-4.13-operation-timeline.md,6.1 用户操作轨迹,| 方法 | 路径 | 说明 | 权限 |,permission,P1,需求规定：方法 | 路径 | 说明 | 权限,源码路径+测试用例/运行验证（本阶段仅登记证据要求）,未判定实现状态；不得复用旧审计结论
REQ-ADMINPORTAL-02629,admin-portal,docs/ref-4.13-operation-timeline.md,6.1 用户操作轨迹,| GET | `/api/v1/admin/users/:id/timeline` | 用户操作轨迹 | USER_VIEW |,permission,P1,需求规定：GET | `/api/v1/admin/users/:id/timeline` | 用户操作轨迹 | USER_VIEW,源码路径+测试用例/运行验证（本阶段仅登记证据要求）,未判定实现状态；不得复用旧审计结论
REQ-ADMINPORTAL-02630,admin-portal,docs/ref-4.13-operation-timeline.md,6.1 用户操作轨迹,| GET | `/api/v1/admin/users/:id/timeline/summary` | 轨迹摘要（统计） | USER_VIEW |,permission,P1,需求规定：GET | `/api/v1/admin/users/:id/timeline/summary` | 轨迹摘要（统计） | USER_VIEW,源码路径+测试用例/运行验证（本阶段仅登记证据要求）,未判定实现状态；不得复用旧审计结论
REQ-ADMINPORTAL-02631,admin-portal,docs/ref-4.13-operation-timeline.md,6.1 用户操作轨迹,| GET | `/api/v1/admin/users/:id/timeline/export` | 导出轨迹 | USER_EDIT |,permission,P1,需求规定：GET | `/api/v1/admin/users/:id/timeline/export` | 导出轨迹 | USER_EDIT,源码路径+测试用例/运行验证（本阶段仅登记证据要求）,未判定实现状态；不得复用旧审计结论
REQ-ADMINPORTAL-02632,admin-portal,docs/ref-4.13-operation-timeline.md,6.1 用户操作轨迹,**查询参数**：,logic,P1,需求规定：**查询参数**：,源码路径+测试用例/运行验证（本阶段仅登记证据要求）,未判定实现状态；不得复用旧审计结论
REQ-ADMINPORTAL-02633,admin-portal,docs/ref-4.13-operation-timeline.md,6.1 用户操作轨迹,**轨迹摘要响应**：,logic,P1,需求规定：**轨迹摘要响应**：,源码路径+测试用例/运行验证（本阶段仅登记证据要求）,未判定实现状态；不得复用旧审计结论
REQ-ADMINPORTAL-02634,admin-portal,docs/ref-4.13-operation-timeline.md,6.2 全局操作时间线,| 方法 | 路径 | 说明 | 权限 |,permission,P1,需求规定：方法 | 路径 | 说明 | 权限,源码路径+测试用例/运行验证（本阶段仅登记证据要求）,未判定实现状态；不得复用旧审计结论
REQ-ADMINPORTAL-02635,admin-portal,docs/ref-4.13-operation-timeline.md,6.2 全局操作时间线,| GET | `/api/v1/admin/operations/timeline` | 全局时间线（分页） | USER_VIEW |,permission,P1,需求规定：GET | `/api/v1/admin/operations/timeline` | 全局时间线（分页） | USER_VIEW,源码路径+测试用例/运行验证（本阶段仅登记证据要求）,未判定实现状态；不得复用旧审计结论
REQ-ADMINPORTAL-02636,admin-portal,docs/ref-4.13-operation-timeline.md,6.2 全局操作时间线,| GET | `/api/v1/admin/operations/timeline/realtime` | 实时操作流(WS) | USER_VIEW |,permission,P1,需求规定：GET | `/api/v1/admin/operations/timeline/realtime` | 实时操作流(WS) | USER_VIEW,源码路径+测试用例/运行验证（本阶段仅登记证据要求）,未判定实现状态；不得复用旧审计结论
REQ-ADMINPORTAL-02637,admin-portal,docs/ref-4.13-operation-timeline.md,6.2 全局操作时间线,**WebSocket**：`/ws/admin/operations`,logic,P1,需求规定：**WebSocket**：`/ws/admin/operations`,源码路径+测试用例/运行验证（本阶段仅登记证据要求）,未判定实现状态；不得复用旧审计结论
REQ-ADMINPORTAL-02638,admin-portal,docs/ref-4.13-operation-timeline.md,6.3 敏感操作,| 方法 | 路径 | 说明 | 权限 |,permission,P1,需求规定：方法 | 路径 | 说明 | 权限,源码路径+测试用例/运行验证（本阶段仅登记证据要求）,未判定实现状态；不得复用旧审计结论
REQ-ADMINPORTAL-02639,admin-portal,docs/ref-4.13-operation-timeline.md,6.3 敏感操作,| GET | `/api/v1/admin/operations/sensitive` | 敏感操作列表 | USER_VIEW |,permission,P1,需求规定：GET | `/api/v1/admin/operations/sensitive` | 敏感操作列表 | USER_VIEW,源码路径+测试用例/运行验证（本阶段仅登记证据要求）,未判定实现状态；不得复用旧审计结论
REQ-ADMINPORTAL-02640,admin-portal,docs/ref-4.13-operation-timeline.md,交叉引用,| 关联模块 | 文档 | 关系 |,logic,P1,需求规定：关联模块 | 文档 | 关系,源码路径+测试用例/运行验证（本阶段仅登记证据要求）,未判定实现状态；不得复用旧审计结论
REQ-ADMINPORTAL-02641,admin-portal,docs/ref-4.13-operation-timeline.md,交叉引用,| 审计日志 | ref-4.7-monitor-logs.md | 基于 audit_logs 数据构建时间线视图 |,audit,P1,需求规定：审计日志 | ref-4.7-monitor-logs.md | 基于 audit_logs 数据构建时间线视图,源码路径+测试用例/运行验证（本阶段仅登记证据要求）,未判定实现状态；不得复用旧审计结论
REQ-ADMINPORTAL-02642,admin-portal,docs/ref-4.13-operation-timeline.md,交叉引用,| 安全风控 | ref-4.6-security.md | 异常检测规则引擎驱动风险评分 |,exception,P1,需求规定：安全风控 | ref-4.6-security.md | 异常检测规则引擎驱动风险评分,源码路径+测试用例/运行验证（本阶段仅登记证据要求）,未判定实现状态；不得复用旧审计结论
REQ-ADMINPORTAL-02643,admin-portal,docs/ref-4.13-operation-timeline.md,交叉引用,| 用户管理 | PRD-README.md §2.1 | 用户详情页集成操作轨迹Tab |,logic,P1,需求规定：用户管理 | PRD-README.md §2.1 | 用户详情页集成操作轨迹Tab,源码路径+测试用例/运行验证（本阶段仅登记证据要求）,未判定实现状态；不得复用旧审计结论
REQ-ADMINPORTAL-02644,admin-portal,docs/ref-4.13-operation-timeline.md,交叉引用,| 操作日志 | PRD-README.md §2.1.3 | 敏感操作列表复用现有操作日志 |,audit,P1,需求规定：操作日志 | PRD-README.md §2.1.3 | 敏感操作列表复用现有操作日志,源码路径+测试用例/运行验证（本阶段仅登记证据要求）,未判定实现状态；不得复用旧审计结论
REQ-ADMINPORTAL-02645,admin-portal,docs/ref-4.13-operation-timeline.md,交叉引用,| 告警规则 | ref-5.4-alert-rules.md | 高风险操作触发告警通知 |,logic,P1,需求规定：告警规则 | ref-5.4-alert-rules.md | 高风险操作触发告警通知,源码路径+测试用例/运行验证（本阶段仅登记证据要求）,未判定实现状态；不得复用旧审计结论
REQ-ADMINPORTAL-02646,admin-portal,docs/ref-4.13-operation-timeline.md,边界条件,| # | 场景 | 触发条件 | 预期行为 |,logic,P1,需求规定：# | 场景 | 触发条件 | 预期行为,源码路径+测试用例/运行验证（本阶段仅登记证据要求）,未判定实现状态；不得复用旧审计结论
REQ-ADMINPORTAL-02647,admin-portal,docs/ref-4.13-operation-timeline.md,边界条件,| OT-001 | 时间线事件积压 | 用户操作频率极高（如每分钟调用 API 数百次），导致时间线在短时间内生成大量事件记录，加载和渲染时数据量过大 | 时间线按天分页，每页最多 50 条事件,api,P1,需求规定：OT-001 | 时间线事件积压 | 用户操作频率极高（如每分钟调用 API 数百次），导致时间线在短时间内生成大量事件记录，加载和渲染时数据量过大 | 时间线按天分页，每页最多 50 条事件,源码路径+测试用例/运行验证（本阶段仅登记证据要求）,未判定实现状态；不得复用旧审计结论
REQ-ADMINPORTAL-02648,admin-portal,docs/ref-4.13-operation-timeline.md,边界条件,"超过 50 条时展示""+N 条待加载""折叠按钮",page,P1,"需求规定：超过 50 条时展示""+N 条待加载""折叠按钮",源码路径+测试用例/运行验证（本阶段仅登记证据要求）,未判定实现状态；不得复用旧审计结论
REQ-ADMINPORTAL-02649,admin-portal,docs/ref-4.13-operation-timeline.md,边界条件,"事件按优先级折叠合并：同类型连续事件（如同模型大量调用）合并为一条聚合节点，标注""连续调用 N 次"" |",logic,P1,"需求规定：事件按优先级折叠合并：同类型连续事件（如同模型大量调用）合并为一条聚合节点，标注""连续调用 N 次""",源码路径+测试用例/运行验证（本阶段仅登记证据要求）,未判定实现状态；不得复用旧审计结论
REQ-ADMINPORTAL-02650,admin-portal,docs/ref-4.13-operation-timeline.md,边界条件,| OT-002 | 事件排序冲突 | 两个或多个事件在同一毫秒内发生（如系统自动操作和管理员手动操作时间戳完全一致），导致时间线上排序不确定 | 以数据库自增 ID 作为二级排序字段（同毫秒内按 ID 升序）,concurrency,P1,需求规定：OT-002 | 事件排序冲突 | 两个或多个事件在同一毫秒内发生（如系统自动操作和管理员手动操作时间戳完全一致），导致时间线上排序不确定 | 以数据库自增 ID 作为二级排序字段（同毫秒内按 ID 升序）,源码路径+测试用例/运行验证（本阶段仅登记证据要求）,未判定实现状态；不得复用旧审计结论
REQ-ADMINPORTAL-02651,admin-portal,docs/ref-4.13-operation-timeline.md,边界条件,系统操作和管理员操作分别标记图标颜色（🔧 系统 / 👤 管理），同一时刻的事件按类型分组展示 |,page,P1,需求规定：系统操作和管理员操作分别标记图标颜色（🔧 系统 / 👤 管理），同一时刻的事件按类型分组展示,源码路径+测试用例/运行验证（本阶段仅登记证据要求）,未判定实现状态；不得复用旧审计结论
REQ-ADMINPORTAL-02652,admin-portal,docs/ref-4.13-operation-timeline.md,边界条件,"| OT-003 | 批量事件折叠显示异常 | 运营人员在短时间内批量处理操作（如批量审核、批量导出），时间线上同时涌入了 N 条高度相似的独立事件 | 相同 action + 操作人 + 时间窗口 ≤ 60s 的连续事件自动折叠为聚合节点，标注""批量 N 条操作""，点击展开详细列表",concurrency,P1,"需求规定：OT-003 | 批量事件折叠显示异常 | 运营人员在短时间内批量处理操作（如批量审核、批量导出），时间线上同时涌入了 N 条高度相似的独立事件 | 相同 action + 操作人 + 时间窗口 ≤ 60s 的连续事件自动折叠为聚合节点，标注""批量 N 条操作""，点击展开详细列表",源码路径+测试用例/运行验证（本阶段仅登记证据要求）,未判定实现状态；不得复用旧审计结论
REQ-ADMINPORTAL-02653,admin-portal,docs/ref-4.13-operation-timeline.md,边界条件,折叠/展开状态持久化到 localStorage |,state,P1,需求规定：折叠/展开状态持久化到 localStorage,源码路径+测试用例/运行验证（本阶段仅登记证据要求）,未判定实现状态；不得复用旧审计结论
REQ-ADMINPORTAL-02654,admin-portal,docs/ref-4.13-operation-timeline.md,边界条件,| OT-004 | 跨时区时间显示 | 管理员位于不同时区（如北京时间 +8 和纽约时间 -4），查看同一时间线时事件时间信息混乱 | 所有时间数据统一以 UTC 存储，前端根据用户浏览器时区自动转换显示,concurrency,P1,需求规定：OT-004 | 跨时区时间显示 | 管理员位于不同时区（如北京时间 +8 和纽约时间 -4），查看同一时间线时事件时间信息混乱 | 所有时间数据统一以 UTC 存储，前端根据用户浏览器时区自动转换显示,源码路径+测试用例/运行验证（本阶段仅登记证据要求）,未判定实现状态；不得复用旧审计结论
REQ-ADMINPORTAL-02655,admin-portal,docs/ref-4.13-operation-timeline.md,边界条件,"时间线顶部显示""时区：UTC+8""提示，提供手动切换时区选项",field,P1,"需求规定：时间线顶部显示""时区：UTC+8""提示，提供手动切换时区选项",源码路径+测试用例/运行验证（本阶段仅登记证据要求）,未判定实现状态；不得复用旧审计结论
REQ-ADMINPORTAL-02656,admin-portal,docs/ref-4.13-operation-timeline.md,边界条件,用户鼠标悬停时间戳时 tooltip 显示 UTC 标准时间 |,field,P1,需求规定：用户鼠标悬停时间戳时 tooltip 显示 UTC 标准时间,源码路径+测试用例/运行验证（本阶段仅登记证据要求）,未判定实现状态；不得复用旧审计结论
REQ-ADMINPORTAL-02657,admin-portal,docs/ref-4.13-operation-timeline.md,边界条件,"| OT-005 | 实时流模式 WebSocket 断连 | 全局时间线实时流模式中 WebSocket 断线后，后台收集的事件在重连后一次性批量插入 | 断线期间在时间线顶部显示""已断开，正在缓存事件""横幅",db,P1,"需求规定：OT-005 | 实时流模式 WebSocket 断连 | 全局时间线实时流模式中 WebSocket 断线后，后台收集的事件在重连后一次性批量插入 | 断线期间在时间线顶部显示""已断开，正在缓存事件""横幅",源码路径+测试用例/运行验证（本阶段仅登记证据要求）,未判定实现状态；不得复用旧审计结论
REQ-ADMINPORTAL-02658,admin-portal,docs/ref-4.13-operation-timeline.md,边界条件,重连后按时间顺序批量插入断线期间缓存事件（每秒最多插入 10 条以避免界面抖动）,db,P1,需求规定：重连后按时间顺序批量插入断线期间缓存事件（每秒最多插入 10 条以避免界面抖动）,源码路径+测试用例/运行验证（本阶段仅登记证据要求）,未判定实现状态；不得复用旧审计结论
REQ-ADMINPORTAL-02659,admin-portal,docs/ref-4.13-operation-timeline.md,边界条件,"用户可点击""跳过历史，跳转实时""忽略缓存事件 |",db,P1,"需求规定：用户可点击""跳过历史，跳转实时""忽略缓存事件",源码路径+测试用例/运行验证（本阶段仅登记证据要求）,未判定实现状态；不得复用旧审计结论
REQ-ADMINPORTAL-02660,admin-portal,docs/ref-4.13-operation-timeline.md,边界条件,| OT-006 | 敏感操作二次确认被强行关闭 | 二次确认弹窗被用户强行关闭（点击弹窗外的遮罩层或按 ESC），敏感操作未经确认即执行 | 弹窗关闭（非确认/取消）视为操作取消，不执行后续敏感操作,logic,P1,需求规定：OT-006 | 敏感操作二次确认被强行关闭 | 二次确认弹窗被用户强行关闭（点击弹窗外的遮罩层或按 ESC），敏感操作未经确认即执行 | 弹窗关闭（非确认/取消）视为操作取消，不执行后续敏感操作,源码路径+测试用例/运行验证（本阶段仅登记证据要求）,未判定实现状态；不得复用旧审计结论
REQ-ADMINPORTAL-02661,admin-portal,docs/ref-4.13-operation-timeline.md,边界条件,用户关闭弹窗后按钮恢复可用状态，可重新点击触发二次确认流程,rollback,P1,需求规定：用户关闭弹窗后按钮恢复可用状态，可重新点击触发二次确认流程,源码路径+测试用例/运行验证（本阶段仅登记证据要求）,未判定实现状态；不得复用旧审计结论
REQ-ADMINPORTAL-02662,admin-portal,docs/ref-4.13-operation-timeline.md,边界条件,"操作日志中记录""敏感操作二次确认弹窗被关闭（未确认）"" |",audit,P1,"需求规定：操作日志中记录""敏感操作二次确认弹窗被关闭（未确认）""",源码路径+测试用例/运行验证（本阶段仅登记证据要求）,未判定实现状态；不得复用旧审计结论
REQ-ADMINPORTAL-02663,admin-portal,docs/ref-4.13-operation-timeline.md,异常流程,| 场景 | 恢复策略 |,rollback,P1,需求规定：场景 | 恢复策略,源码路径+测试用例/运行验证（本阶段仅登记证据要求）,未判定实现状态；不得复用旧审计结论
REQ-ADMINPORTAL-02664,admin-portal,docs/ref-4.13-operation-timeline.md,异常流程,| 时间线导出 PDF/CSV 超过数据量限制 | 导出任务转为异步后台执行，完成后发送站内信下载链接,field,P1,需求规定：时间线导出 PDF/CSV 超过数据量限制 | 导出任务转为异步后台执行，完成后发送站内信下载链接,源码路径+测试用例/运行验证（本阶段仅登记证据要求）,未判定实现状态；不得复用旧审计结论
REQ-ADMINPORTAL-02665,admin-portal,docs/ref-4.13-operation-timeline.md,异常流程,"导出数据量超过 10 万条时提示""数据量过大，仅导出最近 10000 条"" |",permission,P1,"需求规定：导出数据量超过 10 万条时提示""数据量过大，仅导出最近 10000 条""",源码路径+测试用例/运行验证（本阶段仅登记证据要求）,未判定实现状态；不得复用旧审计结论
REQ-ADMINPORTAL-02666,admin-portal,docs/ref-4.13-operation-timeline.md,异常流程,"| 风险评分计算依赖的外部数据源异常 | 跳过异常检测规则中依赖该数据源的规则项，用已有规则计算部分评分，前端标记""部分异常检测不可用"" |",exception,P1,"需求规定：风险评分计算依赖的外部数据源异常 | 跳过异常检测规则中依赖该数据源的规则项，用已有规则计算部分评分，前端标记""部分异常检测不可用""",源码路径+测试用例/运行验证（本阶段仅登记证据要求）,未判定实现状态；不得复用旧审计结论
REQ-ADMINPORTAL-02667,admin-portal,docs/ref-4.13-operation-timeline.md,异常流程,| 时间线虚拟滚动时筛选条件变更 | 重置滚动位置到顶部并重新加载数据，保持当前时间范围筛选状态不变 |,state,P1,需求规定：时间线虚拟滚动时筛选条件变更 | 重置滚动位置到顶部并重新加载数据，保持当前时间范围筛选状态不变,源码路径+测试用例/运行验证（本阶段仅登记证据要求）,未判定实现状态；不得复用旧审计结论
REQ-ADMINPORTAL-02668,growth-operations,docs/ref-4.14-report-push.md,2.1 系统预置模板,**日报模板（daily_report）**：,logic,P1,需求规定：**日报模板（daily_report）**：,源码路径+测试用例/运行验证（本阶段仅登记证据要求）,未判定实现状态；不得复用旧审计结论
REQ-ADMINPORTAL-02669,growth-operations,docs/ref-4.14-report-push.md,2.1 系统预置模板,| 章节 | 类型 | 内容 |,logic,P1,需求规定：章节 | 类型 | 内容,源码路径+测试用例/运行验证（本阶段仅登记证据要求）,未判定实现状态；不得复用旧审计结论
REQ-ADMINPORTAL-02670,growth-operations,docs/ref-4.14-report-push.md,2.1 系统预置模板,| 核心指标概览 | kpi_cards | DAU/日调用量/日营收/新增用户/失败率/平均延迟 |,exception,P1,需求规定：核心指标概览 | kpi_cards | DAU/日调用量/日营收/新增用户/失败率/平均延迟,源码路径+测试用例/运行验证（本阶段仅登记证据要求）,未判定实现状态；不得复用旧审计结论
REQ-ADMINPORTAL-02671,growth-operations,docs/ref-4.14-report-push.md,2.1 系统预置模板,| 营收趋势 | chart | 近7天每日营收柱状图 + 环比 |,logic,P1,需求规定：营收趋势 | chart | 近7天每日营收柱状图 + 环比,源码路径+测试用例/运行验证（本阶段仅登记证据要求）,未判定实现状态；不得复用旧审计结论
REQ-ADMINPORTAL-02672,growth-operations,docs/ref-4.14-report-push.md,2.1 系统预置模板,| 用户增长 | chart | 近7天每日新增用户折线图 |,logic,P1,需求规定：用户增长 | chart | 近7天每日新增用户折线图,源码路径+测试用例/运行验证（本阶段仅登记证据要求）,未判定实现状态；不得复用旧审计结论
REQ-ADMINPORTAL-02673,growth-operations,docs/ref-4.14-report-push.md,2.1 系统预置模板,| 模型调用分布 | table | Top 10 模型：调用量/Token消耗/费用 |,logic,P1,需求规定：模型调用分布 | table | Top 10 模型：调用量/Token消耗/费用,源码路径+测试用例/运行验证（本阶段仅登记证据要求）,未判定实现状态；不得复用旧审计结论
REQ-ADMINPORTAL-02674,growth-operations,docs/ref-4.14-report-push.md,2.1 系统预置模板,| 告警汇总 | text | 过去24h的告警事件列表和状态 |,state,P1,需求规定：告警汇总 | text | 过去24h的告警事件列表和状态,源码路径+测试用例/运行验证（本阶段仅登记证据要求）,未判定实现状态；不得复用旧审计结论
REQ-ADMINPORTAL-02675,growth-operations,docs/ref-4.14-report-push.md,2.1 系统预置模板,| 待处理事项 | text | 待处理工单数/待审核提现/待审核实名 |,logic,P1,需求规定：待处理事项 | text | 待处理工单数/待审核提现/待审核实名,源码路径+测试用例/运行验证（本阶段仅登记证据要求）,未判定实现状态；不得复用旧审计结论
REQ-ADMINPORTAL-02676,growth-operations,docs/ref-4.14-report-push.md,2.1 系统预置模板,**周报模板（weekly_report）**：,logic,P1,需求规定：**周报模板（weekly_report）**：,源码路径+测试用例/运行验证（本阶段仅登记证据要求）,未判定实现状态；不得复用旧审计结论
REQ-ADMINPORTAL-02677,growth-operations,docs/ref-4.14-report-push.md,2.1 系统预置模板,| 章节 | 类型 | 内容 |,logic,P1,需求规定：章节 | 类型 | 内容,源码路径+测试用例/运行验证（本阶段仅登记证据要求）,未判定实现状态；不得复用旧审计结论
REQ-ADMINPORTAL-02678,growth-operations,docs/ref-4.14-report-push.md,2.1 系统预置模板,| 核心指标趋势 | kpi_cards | 周维度 DAU/调用量/营收/新增/留存/毛利率 |,logic,P1,需求规定：核心指标趋势 | kpi_cards | 周维度 DAU/调用量/营收/新增/留存/毛利率,源码路径+测试用例/运行验证（本阶段仅登记证据要求）,未判定实现状态；不得复用旧审计结论
REQ-ADMINPORTAL-02679,growth-operations,docs/ref-4.14-report-push.md,2.1 系统预置模板,| 营收与成本分析 | chart | 本周每日营收+成本双轴图 |,logic,P1,需求规定：营收与成本分析 | chart | 本周每日营收+成本双轴图,源码路径+测试用例/运行验证（本阶段仅登记证据要求）,未判定实现状态；不得复用旧审计结论
REQ-ADMINPORTAL-02680,growth-operations,docs/ref-4.14-report-push.md,2.1 系统预置模板,| 用户生命周期 | chart | 新注册/活跃/沉睡/流失分布饼图 |,logic,P1,需求规定：用户生命周期 | chart | 新注册/活跃/沉睡/流失分布饼图,源码路径+测试用例/运行验证（本阶段仅登记证据要求）,未判定实现状态；不得复用旧审计结论
REQ-ADMINPORTAL-02681,growth-operations,docs/ref-4.14-report-push.md,2.1 系统预置模板,| 模型消费 Top 10 | table | 本周各模型消费排行 |,logic,P1,需求规定：模型消费 Top 10 | table | 本周各模型消费排行,源码路径+测试用例/运行验证（本阶段仅登记证据要求）,未判定实现状态；不得复用旧审计结论
REQ-ADMINPORTAL-02682,growth-operations,docs/ref-4.14-report-push.md,2.1 系统预置模板,| 代理商业绩 | table | Top 10 代理：客户数/业绩/佣金 |,logic,P1,需求规定：代理商业绩 | table | Top 10 代理：客户数/业绩/佣金,源码路径+测试用例/运行验证（本阶段仅登记证据要求）,未判定实现状态；不得复用旧审计结论
REQ-ADMINPORTAL-02683,growth-operations,docs/ref-4.14-report-push.md,2.1 系统预置模板,| 工单效率 | chart | 工单创建vs解决/平均响应时间/SLA达标率 |,field,P1,需求规定：工单效率 | chart | 工单创建vs解决/平均响应时间/SLA达标率,源码路径+测试用例/运行验证（本阶段仅登记证据要求）,未判定实现状态；不得复用旧审计结论
REQ-ADMINPORTAL-02684,growth-operations,docs/ref-4.14-report-push.md,2.1 系统预置模板,| 安全事件 | text | 本周安全事件汇总+风险趋势 |,security,P1,需求规定：安全事件 | text | 本周安全事件汇总+风险趋势,源码路径+测试用例/运行验证（本阶段仅登记证据要求）,未判定实现状态；不得复用旧审计结论
REQ-ADMINPORTAL-02685,growth-operations,docs/ref-4.14-report-push.md,2.1 系统预置模板,| 下周预测 | text | 基于历史数据的下周营收/调用量预估 |,logic,P1,需求规定：下周预测 | text | 基于历史数据的下周营收/调用量预估,源码路径+测试用例/运行验证（本阶段仅登记证据要求）,未判定实现状态；不得复用旧审计结论
REQ-ADMINPORTAL-02686,growth-operations,docs/ref-4.14-report-push.md,2.1 系统预置模板,**月报模板（monthly_report）**：,logic,P1,需求规定：**月报模板（monthly_report）**：,源码路径+测试用例/运行验证（本阶段仅登记证据要求）,未判定实现状态；不得复用旧审计结论
REQ-ADMINPORTAL-02687,growth-operations,docs/ref-4.14-report-push.md,2.1 系统预置模板,| 章节 | 类型 | 内容 |,logic,P1,需求规定：章节 | 类型 | 内容,源码路径+测试用例/运行验证（本阶段仅登记证据要求）,未判定实现状态；不得复用旧审计结论
REQ-ADMINPORTAL-02688,growth-operations,docs/ref-4.14-report-push.md,2.1 系统预置模板,| 月度核心指标 | kpi_cards | MRR/月调用量/毛利率/7日留存/ARPUS |,logic,P1,需求规定：月度核心指标 | kpi_cards | MRR/月调用量/毛利率/7日留存/ARPUS,源码路径+测试用例/运行验证（本阶段仅登记证据要求）,未判定实现状态；不得复用旧审计结论
REQ-ADMINPORTAL-02689,growth-operations,docs/ref-4.14-report-push.md,2.1 系统预置模板,| 月度营收趋势 | chart | 每日营收折线图+月累计 |,logic,P1,需求规定：月度营收趋势 | chart | 每日营收折线图+月累计,源码路径+测试用例/运行验证（本阶段仅登记证据要求）,未判定实现状态；不得复用旧审计结论
REQ-ADMINPORTAL-02690,growth-operations,docs/ref-4.14-report-push.md,2.1 系统预置模板,| 渠道健康 | chart | 各渠道可用率/响应延迟/调用占比 |,performance,P1,需求规定：渠道健康 | chart | 各渠道可用率/响应延迟/调用占比,源码路径+测试用例/运行验证（本阶段仅登记证据要求）,未判定实现状态；不得复用旧审计结论
REQ-ADMINPORTAL-02691,growth-operations,docs/ref-4.14-report-push.md,2.1 系统预置模板,| 代理月度业绩 | table | 月度代理业绩排名 |,logic,P1,需求规定：代理月度业绩 | table | 月度代理业绩排名,源码路径+测试用例/运行验证（本阶段仅登记证据要求）,未判定实现状态；不得复用旧审计结论
REQ-ADMINPORTAL-02692,growth-operations,docs/ref-4.14-report-push.md,2.1 系统预置模板,| 用户分层变化 | chart | 用户分层占比变化（与上月对比） |,logic,P1,需求规定：用户分层变化 | chart | 用户分层占比变化（与上月对比）,源码路径+测试用例/运行验证（本阶段仅登记证据要求）,未判定实现状态；不得复用旧审计结论
REQ-ADMINPORTAL-02693,growth-operations,docs/ref-4.14-report-push.md,2.1 系统预置模板,| 月度财务摘要 | text | 充值总额/退款总额/毛利/对账差异 |,logic,P1,需求规定：月度财务摘要 | text | 充值总额/退款总额/毛利/对账差异,源码路径+测试用例/运行验证（本阶段仅登记证据要求）,未判定实现状态；不得复用旧审计结论
REQ-ADMINPORTAL-02694,growth-operations,docs/ref-4.14-report-push.md,3.1 收件人管理,| 维度 | 说明 |,logic,P1,需求规定：维度 | 说明,源码路径+测试用例/运行验证（本阶段仅登记证据要求）,未判定实现状态；不得复用旧审计结论
REQ-ADMINPORTAL-02695,growth-operations,docs/ref-4.14-report-push.md,3.1 收件人管理,"| 按角色 | 如""所有 admin + finance 角色"" |",permission,P1,"需求规定：按角色 | 如""所有 admin + finance 角色""",源码路径+测试用例/运行验证（本阶段仅登记证据要求）,未判定实现状态；不得复用旧审计结论
REQ-ADMINPORTAL-02696,growth-operations,docs/ref-4.14-report-push.md,3.1 收件人管理,| 按用户 | 手动选择指定用户 |,logic,P1,需求规定：按用户 | 手动选择指定用户,源码路径+测试用例/运行验证（本阶段仅登记证据要求）,未判定实现状态；不得复用旧审计结论
REQ-ADMINPORTAL-02697,growth-operations,docs/ref-4.14-report-push.md,3.1 收件人管理,| 按邮箱 | 手动输入外部邮箱（非平台用户也可接收） |,field,P1,需求规定：按邮箱 | 手动输入外部邮箱（非平台用户也可接收）,源码路径+测试用例/运行验证（本阶段仅登记证据要求）,未判定实现状态；不得复用旧审计结论
REQ-ADMINPORTAL-02698,growth-operations,docs/ref-4.14-report-push.md,3.1 收件人管理,| 按分群 | 选择已有分群（关联 user_segments） |,logic,P1,需求规定：按分群 | 选择已有分群（关联 user_segments）,源码路径+测试用例/运行验证（本阶段仅登记证据要求）,未判定实现状态；不得复用旧审计结论
REQ-ADMINPORTAL-02699,growth-operations,docs/ref-4.14-report-push.md,3.2 推送渠道,| 渠道 | 说明 | 前提条件 | 内容丰富度 |,logic,P1,需求规定：渠道 | 说明 | 前提条件 | 内容丰富度,源码路径+测试用例/运行验证（本阶段仅登记证据要求）,未判定实现状态；不得复用旧审计结论
REQ-ADMINPORTAL-02700,growth-operations,docs/ref-4.14-report-push.md,3.2 推送渠道,| 站内通知 | 平台内消息推送 | 收件人是平台用户 | 摘要+链接（点击进入报告详情页） |,logic,P1,需求规定：站内通知 | 平台内消息推送 | 收件人是平台用户 | 摘要+链接（点击进入报告详情页）,源码路径+测试用例/运行验证（本阶段仅登记证据要求）,未判定实现状态；不得复用旧审计结论
REQ-ADMINPORTAL-02701,growth-operations,docs/ref-4.14-report-push.md,3.2 推送渠道,| 邮件 | SMTP发送 | 已配置邮件服务 | 摘要+PDF附件+在线查看链接 |,logic,P1,需求规定：邮件 | SMTP发送 | 已配置邮件服务 | 摘要+PDF附件+在线查看链接,源码路径+测试用例/运行验证（本阶段仅登记证据要求）,未判定实现状态；不得复用旧审计结论
REQ-ADMINPORTAL-02702,growth-operations,docs/ref-4.14-report-push.md,3.2 推送渠道,| 企业微信 | 企业微信机器人 | 已配置Webhook | 摘要+报告链接 |,logic,P1,需求规定：企业微信 | 企业微信机器人 | 已配置Webhook | 摘要+报告链接,源码路径+测试用例/运行验证（本阶段仅登记证据要求）,未判定实现状态；不得复用旧审计结论
REQ-ADMINPORTAL-02703,growth-operations,docs/ref-4.14-report-push.md,3.2 推送渠道,| Webhook | 自定义回调 | 配置接收URL | JSON格式报告数据 |,field,P1,需求规定：Webhook | 自定义回调 | 配置接收URL | JSON格式报告数据,源码路径+测试用例/运行验证（本阶段仅登记证据要求）,未判定实现状态；不得复用旧审计结论
REQ-ADMINPORTAL-02704,growth-operations,docs/ref-4.14-report-push.md,3.3 推送时间,| 报告类型 | 建议推送时间 | 数据截止点 |,field,P1,需求规定：报告类型 | 建议推送时间 | 数据截止点,源码路径+测试用例/运行验证（本阶段仅登记证据要求）,未判定实现状态；不得复用旧审计结论
REQ-ADMINPORTAL-02705,growth-operations,docs/ref-4.14-report-push.md,3.3 推送时间,| 日报 | 每日 09:00 | 昨日 23:59:59 |,logic,P1,需求规定：日报 | 每日 09:00 | 昨日 23:59:59,源码路径+测试用例/运行验证（本阶段仅登记证据要求）,未判定实现状态；不得复用旧审计结论
REQ-ADMINPORTAL-02706,growth-operations,docs/ref-4.14-report-push.md,3.3 推送时间,| 周报 | 每周一 09:00 | 上周日 23:59:59 |,logic,P1,需求规定：周报 | 每周一 09:00 | 上周日 23:59:59,源码路径+测试用例/运行验证（本阶段仅登记证据要求）,未判定实现状态；不得复用旧审计结论
REQ-ADMINPORTAL-02707,growth-operations,docs/ref-4.14-report-push.md,3.3 推送时间,| 月报 | 每月 1 日 09:00 | 上月末 23:59:59 |,logic,P1,需求规定：月报 | 每月 1 日 09:00 | 上月末 23:59:59,源码路径+测试用例/运行验证（本阶段仅登记证据要求）,未判定实现状态；不得复用旧审计结论
REQ-ADMINPORTAL-02708,growth-operations,docs/ref-4.14-report-push.md,4.2 PDF 生成参数,| 参数 | 日报 | 周报 | 月报 |,logic,P1,需求规定：参数 | 日报 | 周报 | 月报,源码路径+测试用例/运行验证（本阶段仅登记证据要求）,未判定实现状态；不得复用旧审计结论
REQ-ADMINPORTAL-02709,growth-operations,docs/ref-4.14-report-push.md,4.2 PDF 生成参数,| 页面大小 | A4 | A4 | A4 |,page,P1,需求规定：页面大小 | A4 | A4 | A4,源码路径+测试用例/运行验证（本阶段仅登记证据要求）,未判定实现状态；不得复用旧审计结论
REQ-ADMINPORTAL-02710,growth-operations,docs/ref-4.14-report-push.md,4.2 PDF 生成参数,| 方向 | 纵向 | 纵向 | 横向 |,logic,P1,需求规定：方向 | 纵向 | 纵向 | 横向,源码路径+测试用例/运行验证（本阶段仅登记证据要求）,未判定实现状态；不得复用旧审计结论
REQ-ADMINPORTAL-02711,growth-operations,docs/ref-4.14-report-push.md,4.2 PDF 生成参数,| 预计页数 | 3-5 页 | 5-8 页 | 8-12 页 |,logic,P1,需求规定：预计页数 | 3-5 页 | 5-8 页 | 8-12 页,源码路径+测试用例/运行验证（本阶段仅登记证据要求）,未判定实现状态；不得复用旧审计结论
REQ-ADMINPORTAL-02712,growth-operations,docs/ref-4.14-report-push.md,4.2 PDF 生成参数,| 图表渲染 | SVG/Canvas→PNG | 同 | 同 |,logic,P1,需求规定：图表渲染 | SVG/Canvas→PNG | 同 | 同,源码路径+测试用例/运行验证（本阶段仅登记证据要求）,未判定实现状态；不得复用旧审计结论
REQ-ADMINPORTAL-02713,growth-operations,docs/ref-4.14-report-push.md,4.2 PDF 生成参数,| 文件大小 | < 2MB | < 3MB | < 5MB |,logic,P1,需求规定：文件大小 | < 2MB | < 3MB | < 5MB,源码路径+测试用例/运行验证（本阶段仅登记证据要求）,未判定实现状态；不得复用旧审计结论
REQ-ADMINPORTAL-02714,growth-operations,docs/ref-4.14-report-push.md,4.3 异常处理,| 场景 | 处理 |,logic,P1,需求规定：场景 | 处理,源码路径+测试用例/运行验证（本阶段仅登记证据要求）,未判定实现状态；不得复用旧审计结论
REQ-ADMINPORTAL-02715,growth-operations,docs/ref-4.14-report-push.md,4.3 异常处理,"| 数据源查询失败 | 对应章节显示""数据获取失败""，不影响其他章节生成 |",exception,P1,"需求规定：数据源查询失败 | 对应章节显示""数据获取失败""，不影响其他章节生成",源码路径+测试用例/运行验证（本阶段仅登记证据要求）,未判定实现状态；不得复用旧审计结论
REQ-ADMINPORTAL-02716,growth-operations,docs/ref-4.14-report-push.md,4.3 异常处理,| PDF 生成失败 | status=failed + errorMessage，重试 3 次 |,exception,P1,需求规定：PDF 生成失败 | status=failed + errorMessage，重试 3 次,源码路径+测试用例/运行验证（本阶段仅登记证据要求）,未判定实现状态；不得复用旧审计结论
REQ-ADMINPORTAL-02717,growth-operations,docs/ref-4.14-report-push.md,4.3 异常处理,| 邮件发送失败 | pushStatus 标记 failed，不重试（避免重复发送） |,idempotency,P1,需求规定：邮件发送失败 | pushStatus 标记 failed，不重试（避免重复发送）,源码路径+测试用例/运行验证（本阶段仅登记证据要求）,未判定实现状态；不得复用旧审计结论
REQ-ADMINPORTAL-02718,growth-operations,docs/ref-4.14-report-push.md,4.3 异常处理,| 全部失败 | 记录 error，通知 super_admin |,audit,P1,需求规定：全部失败 | 记录 error，通知 super_admin,源码路径+测试用例/运行验证（本阶段仅登记证据要求）,未判定实现状态；不得复用旧审计结论
REQ-ADMINPORTAL-02719,growth-operations,docs/ref-4.14-report-push.md,5.1 报告列表页,**路径**：`/admin/reports/schedules`,api,P1,需求规定：**路径**：`/admin/reports/schedules`,源码路径+测试用例/运行验证（本阶段仅登记证据要求）,未判定实现状态；不得复用旧审计结论
REQ-ADMINPORTAL-02720,growth-operations,docs/ref-4.14-report-push.md,5.2 报告详情页,**路径**：`/admin/reports/:id`,api,P1,需求规定：**路径**：`/admin/reports/:id`,源码路径+测试用例/运行验证（本阶段仅登记证据要求）,未判定实现状态；不得复用旧审计结论
REQ-ADMINPORTAL-02721,growth-operations,docs/ref-4.14-report-push.md,5.2 报告详情页,- 内嵌 PDF 预览（iframe 或 PDF.js）,logic,P1,需求规定：- 内嵌 PDF 预览（iframe 或 PDF.js）,源码路径+测试用例/运行验证（本阶段仅登记证据要求）,未判定实现状态；不得复用旧审计结论
REQ-ADMINPORTAL-02722,growth-operations,docs/ref-4.14-report-push.md,5.2 报告详情页,- 下方展示数据快照摘要（关键指标当时值）,page,P1,需求规定：- 下方展示数据快照摘要（关键指标当时值）,源码路径+测试用例/运行验证（本阶段仅登记证据要求）,未判定实现状态；不得复用旧审计结论
REQ-ADMINPORTAL-02723,growth-operations,docs/ref-4.14-report-push.md,5.2 报告详情页,- 显示推送结果：每个收件人的发送状态和阅读状态,state,P1,需求规定：- 显示推送结果：每个收件人的发送状态和阅读状态,源码路径+测试用例/运行验证（本阶段仅登记证据要求）,未判定实现状态；不得复用旧审计结论
REQ-ADMINPORTAL-02724,growth-operations,docs/ref-4.14-report-push.md,5.2 报告详情页,"- ""重新生成""按钮：手动触发补充生成",page,P1,"需求规定：- ""重新生成""按钮：手动触发补充生成",源码路径+测试用例/运行验证（本阶段仅登记证据要求）,未判定实现状态；不得复用旧审计结论
REQ-ADMINPORTAL-02725,growth-operations,docs/ref-4.14-report-push.md,5.2 报告详情页,"- ""分享""按钮：复制在线查看链接",page,P1,"需求规定：- ""分享""按钮：复制在线查看链接",源码路径+测试用例/运行验证（本阶段仅登记证据要求）,未判定实现状态；不得复用旧审计结论
REQ-ADMINPORTAL-02726,growth-operations,docs/ref-4.14-report-push.md,6.1 定时调度管理,| 方法 | 路径 | 说明 | 权限 |,permission,P1,需求规定：方法 | 路径 | 说明 | 权限,源码路径+测试用例/运行验证（本阶段仅登记证据要求）,未判定实现状态；不得复用旧审计结论
REQ-ADMINPORTAL-02727,growth-operations,docs/ref-4.14-report-push.md,6.1 定时调度管理,| GET | `/api/v1/admin/report-schedules` | 调度列表 | USER_VIEW |,permission,P1,需求规定：GET | `/api/v1/admin/report-schedules` | 调度列表 | USER_VIEW,源码路径+测试用例/运行验证（本阶段仅登记证据要求）,未判定实现状态；不得复用旧审计结论
REQ-ADMINPORTAL-02728,growth-operations,docs/ref-4.14-report-push.md,6.1 定时调度管理,| POST | `/api/v1/admin/report-schedules` | 创建调度 | USER_EDIT |,permission,P1,需求规定：POST | `/api/v1/admin/report-schedules` | 创建调度 | USER_EDIT,源码路径+测试用例/运行验证（本阶段仅登记证据要求）,未判定实现状态；不得复用旧审计结论
REQ-ADMINPORTAL-02729,growth-operations,docs/ref-4.14-report-push.md,6.1 定时调度管理,| GET | `/api/v1/admin/report-schedules/:id` | 调度详情 | USER_VIEW |,permission,P1,需求规定：GET | `/api/v1/admin/report-schedules/:id` | 调度详情 | USER_VIEW,源码路径+测试用例/运行验证（本阶段仅登记证据要求）,未判定实现状态；不得复用旧审计结论
REQ-ADMINPORTAL-02730,growth-operations,docs/ref-4.14-report-push.md,6.1 定时调度管理,| PATCH | `/api/v1/admin/report-schedules/:id` | 编辑调度 | USER_EDIT |,permission,P1,需求规定：PATCH | `/api/v1/admin/report-schedules/:id` | 编辑调度 | USER_EDIT,源码路径+测试用例/运行验证（本阶段仅登记证据要求）,未判定实现状态；不得复用旧审计结论
REQ-ADMINPORTAL-02731,growth-operations,docs/ref-4.14-report-push.md,6.1 定时调度管理,| DELETE | `/api/v1/admin/report-schedules/:id` | 删除调度 | USER_EDIT |,permission,P1,需求规定：DELETE | `/api/v1/admin/report-schedules/:id` | 删除调度 | USER_EDIT,源码路径+测试用例/运行验证（本阶段仅登记证据要求）,未判定实现状态；不得复用旧审计结论
REQ-ADMINPORTAL-02732,growth-operations,docs/ref-4.14-report-push.md,6.1 定时调度管理,| PATCH | `/api/v1/admin/report-schedules/:id/toggle` | 启用/停用 | USER_EDIT |,permission,P1,需求规定：PATCH | `/api/v1/admin/report-schedules/:id/toggle` | 启用/停用 | USER_EDIT,源码路径+测试用例/运行验证（本阶段仅登记证据要求）,未判定实现状态；不得复用旧审计结论
REQ-ADMINPORTAL-02733,growth-operations,docs/ref-4.14-report-push.md,6.1 定时调度管理,| POST | `/api/v1/admin/report-schedules/:id/run` | 手动触发 | USER_EDIT |,permission,P1,需求规定：POST | `/api/v1/admin/report-schedules/:id/run` | 手动触发 | USER_EDIT,源码路径+测试用例/运行验证（本阶段仅登记证据要求）,未判定实现状态；不得复用旧审计结论
REQ-ADMINPORTAL-02734,growth-operations,docs/ref-4.14-report-push.md,6.2 模板管理,| 方法 | 路径 | 说明 | 权限 |,permission,P1,需求规定：方法 | 路径 | 说明 | 权限,源码路径+测试用例/运行验证（本阶段仅登记证据要求）,未判定实现状态；不得复用旧审计结论
REQ-ADMINPORTAL-02735,growth-operations,docs/ref-4.14-report-push.md,6.2 模板管理,| GET | `/api/v1/admin/report-templates` | 模板列表 | USER_VIEW |,permission,P1,需求规定：GET | `/api/v1/admin/report-templates` | 模板列表 | USER_VIEW,源码路径+测试用例/运行验证（本阶段仅登记证据要求）,未判定实现状态；不得复用旧审计结论
REQ-ADMINPORTAL-02736,growth-operations,docs/ref-4.14-report-push.md,6.2 模板管理,| POST | `/api/v1/admin/report-templates` | 创建模板 | USER_EDIT |,permission,P1,需求规定：POST | `/api/v1/admin/report-templates` | 创建模板 | USER_EDIT,源码路径+测试用例/运行验证（本阶段仅登记证据要求）,未判定实现状态；不得复用旧审计结论
REQ-ADMINPORTAL-02737,growth-operations,docs/ref-4.14-report-push.md,6.2 模板管理,| GET | `/api/v1/admin/report-templates/:id` | 模板详情 | USER_VIEW |,permission,P1,需求规定：GET | `/api/v1/admin/report-templates/:id` | 模板详情 | USER_VIEW,源码路径+测试用例/运行验证（本阶段仅登记证据要求）,未判定实现状态；不得复用旧审计结论
REQ-ADMINPORTAL-02738,growth-operations,docs/ref-4.14-report-push.md,6.2 模板管理,| PATCH | `/api/v1/admin/report-templates/:id` | 编辑模板 | USER_EDIT |,permission,P1,需求规定：PATCH | `/api/v1/admin/report-templates/:id` | 编辑模板 | USER_EDIT,源码路径+测试用例/运行验证（本阶段仅登记证据要求）,未判定实现状态；不得复用旧审计结论
REQ-ADMINPORTAL-02739,growth-operations,docs/ref-4.14-report-push.md,6.2 模板管理,| DELETE | `/api/v1/admin/report-templates/:id` | 删除模板 | USER_EDIT |,permission,P1,需求规定：DELETE | `/api/v1/admin/report-templates/:id` | 删除模板 | USER_EDIT,源码路径+测试用例/运行验证（本阶段仅登记证据要求）,未判定实现状态；不得复用旧审计结论
REQ-ADMINPORTAL-02740,growth-operations,docs/ref-4.14-report-push.md,6.2 模板管理,| POST | `/api/v1/admin/report-templates/:id/preview` | 预览模板 | USER_VIEW |,permission,P1,需求规定：POST | `/api/v1/admin/report-templates/:id/preview` | 预览模板 | USER_VIEW,源码路径+测试用例/运行验证（本阶段仅登记证据要求）,未判定实现状态；不得复用旧审计结论
REQ-ADMINPORTAL-02741,growth-operations,docs/ref-4.14-report-push.md,6.2 模板管理,| POST | `/api/v1/admin/report-templates/:id/clone` | 复制模板 | USER_EDIT |,permission,P1,需求规定：POST | `/api/v1/admin/report-templates/:id/clone` | 复制模板 | USER_EDIT,源码路径+测试用例/运行验证（本阶段仅登记证据要求）,未判定实现状态；不得复用旧审计结论
REQ-ADMINPORTAL-02742,growth-operations,docs/ref-4.14-report-push.md,6.3 报告历史,| 方法 | 路径 | 说明 | 权限 |,permission,P1,需求规定：方法 | 路径 | 说明 | 权限,源码路径+测试用例/运行验证（本阶段仅登记证据要求）,未判定实现状态；不得复用旧审计结论
REQ-ADMINPORTAL-02743,growth-operations,docs/ref-4.14-report-push.md,6.3 报告历史,| GET | `/api/v1/admin/report-history` | 历史列表 | USER_VIEW |,permission,P1,需求规定：GET | `/api/v1/admin/report-history` | 历史列表 | USER_VIEW,源码路径+测试用例/运行验证（本阶段仅登记证据要求）,未判定实现状态；不得复用旧审计结论
REQ-ADMINPORTAL-02744,growth-operations,docs/ref-4.14-report-push.md,6.3 报告历史,| GET | `/api/v1/admin/report-history/:id` | 报告详情 | USER_VIEW |,permission,P1,需求规定：GET | `/api/v1/admin/report-history/:id` | 报告详情 | USER_VIEW,源码路径+测试用例/运行验证（本阶段仅登记证据要求）,未判定实现状态；不得复用旧审计结论
REQ-ADMINPORTAL-02745,growth-operations,docs/ref-4.14-report-push.md,6.3 报告历史,| GET | `/api/v1/admin/report-history/:id/download` | 下载 PDF | USER_VIEW |,permission,P1,需求规定：GET | `/api/v1/admin/report-history/:id/download` | 下载 PDF | USER_VIEW,源码路径+测试用例/运行验证（本阶段仅登记证据要求）,未判定实现状态；不得复用旧审计结论
REQ-ADMINPORTAL-02746,growth-operations,docs/ref-4.14-report-push.md,6.3 报告历史,| GET | `/api/v1/admin/report-history/compare` | 对比两份报告 | USER_VIEW |,permission,P1,需求规定：GET | `/api/v1/admin/report-history/compare` | 对比两份报告 | USER_VIEW,源码路径+测试用例/运行验证（本阶段仅登记证据要求）,未判定实现状态；不得复用旧审计结论
REQ-ADMINPORTAL-02747,growth-operations,docs/ref-4.14-report-push.md,6.3 报告历史,| PATCH | `/api/v1/admin/report-history/:id/mark-read` | 标记已读 | user |,api,P1,需求规定：PATCH | `/api/v1/admin/report-history/:id/mark-read` | 标记已读 | user,源码路径+测试用例/运行验证（本阶段仅登记证据要求）,未判定实现状态；不得复用旧审计结论
REQ-ADMINPORTAL-02748,growth-operations,docs/ref-4.14-report-push.md,6.4 用户端,| 方法 | 路径 | 说明 | 权限 |,permission,P1,需求规定：方法 | 路径 | 说明 | 权限,源码路径+测试用例/运行验证（本阶段仅登记证据要求）,未判定实现状态；不得复用旧审计结论
REQ-ADMINPORTAL-02749,growth-operations,docs/ref-4.14-report-push.md,6.4 用户端,| GET | `/api/v1/me/reports` | 推送给我的报告列表 | user |,api,P1,需求规定：GET | `/api/v1/me/reports` | 推送给我的报告列表 | user,源码路径+测试用例/运行验证（本阶段仅登记证据要求）,未判定实现状态；不得复用旧审计结论
REQ-ADMINPORTAL-02750,growth-operations,docs/ref-4.14-report-push.md,6.4 用户端,| GET | `/api/v1/me/reports/:id` | 查看报告 | user |,api,P1,需求规定：GET | `/api/v1/me/reports/:id` | 查看报告 | user,源码路径+测试用例/运行验证（本阶段仅登记证据要求）,未判定实现状态；不得复用旧审计结论
REQ-ADMINPORTAL-02751,growth-operations,docs/ref-4.14-report-push.md,交叉引用,| 关联模块 | 文档 | 关系 |,logic,P1,需求规定：关联模块 | 文档 | 关系,源码路径+测试用例/运行验证（本阶段仅登记证据要求）,未判定实现状态；不得复用旧审计结论
REQ-ADMINPORTAL-02752,growth-operations,docs/ref-4.14-report-push.md,交叉引用,| 运营 KPI | ref-1-operational-summary.md | 报告数据源复用 KPI 指标 |,logic,P1,需求规定：运营 KPI | ref-1-operational-summary.md | 报告数据源复用 KPI 指标,源码路径+测试用例/运行验证（本阶段仅登记证据要求）,未判定实现状态；不得复用旧审计结论
REQ-ADMINPORTAL-02753,growth-operations,docs/ref-4.14-report-push.md,交叉引用,| 自定义报表 | ref-4.9-report-testing.md | 报告模板可与自定义报表共享数据 |,logic,P1,需求规定：自定义报表 | ref-4.9-report-testing.md | 报告模板可与自定义报表共享数据,源码路径+测试用例/运行验证（本阶段仅登记证据要求）,未判定实现状态；不得复用旧审计结论
REQ-ADMINPORTAL-02754,growth-operations,docs/ref-4.14-report-push.md,交叉引用,| 用户分群 | ref-4.10-user-segmentation.md | 按分群指定收件人 |,logic,P1,需求规定：用户分群 | ref-4.10-user-segmentation.md | 按分群指定收件人,源码路径+测试用例/运行验证（本阶段仅登记证据要求）,未判定实现状态；不得复用旧审计结论
REQ-ADMINPORTAL-02755,growth-operations,docs/ref-4.14-report-push.md,交叉引用,| 工单系统 | ref-4.11-ticketing.md | 日报含工单摘要 |,logic,P1,需求规定：工单系统 | ref-4.11-ticketing.md | 日报含工单摘要,源码路径+测试用例/运行验证（本阶段仅登记证据要求）,未判定实现状态；不得复用旧审计结论
REQ-ADMINPORTAL-02756,growth-operations,docs/ref-4.14-report-push.md,交叉引用,| 通知系统 | PRD-README.md §2.2 | 站内信推送报告通知 |,logic,P1,需求规定：通知系统 | PRD-README.md §2.2 | 站内信推送报告通知,源码路径+测试用例/运行验证（本阶段仅登记证据要求）,未判定实现状态；不得复用旧审计结论
REQ-ADMINPORTAL-02757,growth-operations,docs/ref-4.14-report-push.md,交叉引用,| 邮件模板 | ref-4.5-marketing.md | 报告推送邮件样式复用 |,logic,P1,需求规定：邮件模板 | ref-4.5-marketing.md | 报告推送邮件样式复用,源码路径+测试用例/运行验证（本阶段仅登记证据要求）,未判定实现状态；不得复用旧审计结论
REQ-ADMINPORTAL-02758,growth-operations,docs/ref-4.14-report-push.md,边界条件,| # | 场景 | 触发条件 | 预期行为 |,logic,P1,需求规定：# | 场景 | 触发条件 | 预期行为,源码路径+测试用例/运行验证（本阶段仅登记证据要求）,未判定实现状态；不得复用旧审计结论
REQ-ADMINPORTAL-02759,growth-operations,docs/ref-4.14-report-push.md,边界条件,| RP-001 | 推送任务失败重试 | 报告生成完成后通过邮件/站内信推送时，因 SMTP 服务不可用或推送接口超时导致发送失败 | 推送失败自动重试 2 次（间隔 5 分钟/15 分钟）,api,P1,需求规定：RP-001 | 推送任务失败重试 | 报告生成完成后通过邮件/站内信推送时，因 SMTP 服务不可用或推送接口超时导致发送失败 | 推送失败自动重试 2 次（间隔 5 分钟/15 分钟）,源码路径+测试用例/运行验证（本阶段仅登记证据要求）,未判定实现状态；不得复用旧审计结论
REQ-ADMINPORTAL-02760,growth-operations,docs/ref-4.14-report-push.md,边界条件,重试均失败后标记 pushStatus 为 failed，不再自动重试（防止重复发送同一份报告）,idempotency,P1,需求规定：重试均失败后标记 pushStatus 为 failed，不再自动重试（防止重复发送同一份报告）,源码路径+测试用例/运行验证（本阶段仅登记证据要求）,未判定实现状态；不得复用旧审计结论
REQ-ADMINPORTAL-02761,growth-operations,docs/ref-4.14-report-push.md,边界条件,"管理员可在报告详情页手动点击""重新推送""按钮触发重新发送 |",page,P1,"需求规定：管理员可在报告详情页手动点击""重新推送""按钮触发重新发送",源码路径+测试用例/运行验证（本阶段仅登记证据要求）,未判定实现状态；不得复用旧审计结论
REQ-ADMINPORTAL-02762,growth-operations,docs/ref-4.14-report-push.md,边界条件,"| RP-002 | 推送频率超限 | 同一收件人在短时间内收到多份不同调度推送的报告（如日报和多个自定义日报同时推送） | 同一收件人的多份报告合并推送，合并间隔 ≤ 30 分钟的推送为一条聚合消息（""您有 N 份新报告""）",concurrency,P1,"需求规定：RP-002 | 推送频率超限 | 同一收件人在短时间内收到多份不同调度推送的报告（如日报和多个自定义日报同时推送） | 同一收件人的多份报告合并推送，合并间隔 ≤ 30 分钟的推送为一条聚合消息（""您有 N 份新报告""）",源码路径+测试用例/运行验证（本阶段仅登记证据要求）,未判定实现状态；不得复用旧审计结论
REQ-ADMINPORTAL-02763,growth-operations,docs/ref-4.14-report-push.md,边界条件,收件人端站内信/邮件列表分组展示，避免单一收件箱被报告刷屏 |,page,P1,需求规定：收件人端站内信/邮件列表分组展示，避免单一收件箱被报告刷屏,源码路径+测试用例/运行验证（本阶段仅登记证据要求）,未判定实现状态；不得复用旧审计结论
REQ-ADMINPORTAL-02764,growth-operations,docs/ref-4.14-report-push.md,边界条件,"| RP-003 | 推送目标不可达 | 收件人邮箱已失效/退订/不存在，或站内信目标用户已被禁用/删除 | 邮件发送失败记录具体错误原因（""邮箱不存在"" / ""用户已退订""），不再尝试发送",audit,P1,"需求规定：RP-003 | 推送目标不可达 | 收件人邮箱已失效/退订/不存在，或站内信目标用户已被禁用/删除 | 邮件发送失败记录具体错误原因（""邮箱不存在"" / ""用户已退订""），不再尝试发送",源码路径+测试用例/运行验证（本阶段仅登记证据要求）,未判定实现状态；不得复用旧审计结论
REQ-ADMINPORTAL-02765,growth-operations,docs/ref-4.14-report-push.md,边界条件,站内信目标用户不存在时跳过该收件人,logic,P1,需求规定：站内信目标用户不存在时跳过该收件人,源码路径+测试用例/运行验证（本阶段仅登记证据要求）,未判定实现状态；不得复用旧审计结论
REQ-ADMINPORTAL-02766,growth-operations,docs/ref-4.14-report-push.md,边界条件,收件人管理页面列表展示各收件人最近一次推送状态，失效目标标注为红色 |,state,P1,需求规定：收件人管理页面列表展示各收件人最近一次推送状态，失效目标标注为红色,源码路径+测试用例/运行验证（本阶段仅登记证据要求）,未判定实现状态；不得复用旧审计结论
REQ-ADMINPORTAL-02767,growth-operations,docs/ref-4.14-report-push.md,边界条件,"| RP-004 | 定时任务执行时间偏差 | 日报调度 cron ""0 9 * * *"" 因服务器时区设置错误或 cron 队列延迟导致实际执行时间与预期偏差超过 15 分钟 | 报告中注明数据截止时间和实际生成时间（""数据截至 2026-07-29 23:59:59""，""报告生成于 2026-07-30 09:12:34""）",exception,P1,"需求规定：RP-004 | 定时任务执行时间偏差 | 日报调度 cron ""0 9 * * *"" 因服务器时区设置错误或 cron 队列延迟导致实际执行时间与预期偏差超过 15 分钟 | 报告中注明数据截止时间和实际生成时间（""数据截至 2026-07-29 23:59:59""，""报告生成于 2026-07-30 09:12:34""）",源码路径+测试用例/运行验证（本阶段仅登记证据要求）,未判定实现状态；不得复用旧审计结论
REQ-ADMINPORTAL-02768,growth-operations,docs/ref-4.14-report-push.md,边界条件,推送消息中附带生成时间戳,field,P1,需求规定：推送消息中附带生成时间戳,源码路径+测试用例/运行验证（本阶段仅登记证据要求）,未判定实现状态；不得复用旧审计结论
REQ-ADMINPORTAL-02769,growth-operations,docs/ref-4.14-report-push.md,边界条件,若偏差超过 1 小时则在调度列表中标注黄色警告 |,logic,P1,需求规定：若偏差超过 1 小时则在调度列表中标注黄色警告,源码路径+测试用例/运行验证（本阶段仅登记证据要求）,未判定实现状态；不得复用旧审计结论
REQ-ADMINPORTAL-02770,growth-operations,docs/ref-4.14-report-push.md,边界条件,"| RP-005 | 报告生成数据源部分失败 | 报告中某个章节的数据源查询超时或报错（如工单统计接口不可用），但其他章节数据正常 | 受影响章节显示""数据获取失败，请稍后重试""，不影响其他章节正常生成和推送",api,P1,"需求规定：RP-005 | 报告生成数据源部分失败 | 报告中某个章节的数据源查询超时或报错（如工单统计接口不可用），但其他章节数据正常 | 受影响章节显示""数据获取失败，请稍后重试""，不影响其他章节正常生成和推送",源码路径+测试用例/运行验证（本阶段仅登记证据要求）,未判定实现状态；不得复用旧审计结论
REQ-ADMINPORTAL-02771,growth-operations,docs/ref-4.14-report-push.md,边界条件,"报告状态标记为""部分失败""（status=completed_with_errors）",exception,P1,"需求规定：报告状态标记为""部分失败""（status=completed_with_errors）",源码路径+测试用例/运行验证（本阶段仅登记证据要求）,未判定实现状态；不得复用旧审计结论
REQ-ADMINPORTAL-02772,growth-operations,docs/ref-4.14-report-push.md,边界条件,管理员可在该报告中查看具体失败章节并单独重新生成 |,exception,P1,需求规定：管理员可在该报告中查看具体失败章节并单独重新生成,源码路径+测试用例/运行验证（本阶段仅登记证据要求）,未判定实现状态；不得复用旧审计结论
REQ-ADMINPORTAL-02773,growth-operations,docs/ref-4.14-report-push.md,边界条件,| RP-006 | 报告对比时版本不一致 | 用户选择的两份对比报告因模板差异（章节结构不同）导致无法直接逐项对比 | 仅对比同名章节的相同指标项,permission,P1,需求规定：RP-006 | 报告对比时版本不一致 | 用户选择的两份对比报告因模板差异（章节结构不同）导致无法直接逐项对比 | 仅对比同名章节的相同指标项,源码路径+测试用例/运行验证（本阶段仅登记证据要求）,未判定实现状态；不得复用旧审计结论
REQ-ADMINPORTAL-02774,growth-operations,docs/ref-4.14-report-push.md,边界条件,"不同章节显示""该章节仅存在于其中一份报告中，无法对比""",permission,P1,"需求规定：不同章节显示""该章节仅存在于其中一份报告中，无法对比""",源码路径+测试用例/运行验证（本阶段仅登记证据要求）,未判定实现状态；不得复用旧审计结论
REQ-ADMINPORTAL-02775,growth-operations,docs/ref-4.14-report-push.md,边界条件,展示两份报告的章节存在率对比矩阵 |,page,P1,需求规定：展示两份报告的章节存在率对比矩阵,源码路径+测试用例/运行验证（本阶段仅登记证据要求）,未判定实现状态；不得复用旧审计结论
REQ-ADMINPORTAL-02776,growth-operations,docs/ref-4.14-report-push.md,异常流程,| 场景 | 恢复策略 |,rollback,P1,需求规定：场景 | 恢复策略,源码路径+测试用例/运行验证（本阶段仅登记证据要求）,未判定实现状态；不得复用旧审计结论
REQ-ADMINPORTAL-02777,growth-operations,docs/ref-4.14-report-push.md,异常流程,| PDF 生成服务（puppeteer）内存不足 | 单个报告生成任务设置内存上限 512MB，超限后降级为 HTML 格式报告（非 PDF）,logic,P1,需求规定：PDF 生成服务（puppeteer）内存不足 | 单个报告生成任务设置内存上限 512MB，超限后降级为 HTML 格式报告（非 PDF）,源码路径+测试用例/运行验证（本阶段仅登记证据要求）,未判定实现状态；不得复用旧审计结论
REQ-ADMINPORTAL-02778,growth-operations,docs/ref-4.14-report-push.md,异常流程,告警通知运维人员检查 PDF 生成服务健康状态 |,state,P1,需求规定：告警通知运维人员检查 PDF 生成服务健康状态,源码路径+测试用例/运行验证（本阶段仅登记证据要求）,未判定实现状态；不得复用旧审计结论
REQ-ADMINPORTAL-02779,growth-operations,docs/ref-4.14-report-push.md,异常流程,| 报告调度被误删除后恢复 | 调度记录执行软删除（is_deleted 标记），保留下次执行时间,rollback,P1,需求规定：报告调度被误删除后恢复 | 调度记录执行软删除（is_deleted 标记），保留下次执行时间,源码路径+测试用例/运行验证（本阶段仅登记证据要求）,未判定实现状态；不得复用旧审计结论
REQ-ADMINPORTAL-02780,growth-operations,docs/ref-4.14-report-push.md,异常流程,已删除调度不停止已生成的报告历史（可正常查看历史报告的 PDF） |,logic,P1,需求规定：已删除调度不停止已生成的报告历史（可正常查看历史报告的 PDF）,源码路径+测试用例/运行验证（本阶段仅登记证据要求）,未判定实现状态；不得复用旧审计结论
REQ-ADMINPORTAL-02781,growth-operations,docs/ref-4.14-report-push.md,异常流程,| 手动触发生成时 cron 调度冲突 | 手动触发生成的报告和自动调度生成的报告独立存储，不互相覆盖,concurrency,P1,需求规定：手动触发生成时 cron 调度冲突 | 手动触发生成的报告和自动调度生成的报告独立存储，不互相覆盖,源码路径+测试用例/运行验证（本阶段仅登记证据要求）,未判定实现状态；不得复用旧审计结论
REQ-ADMINPORTAL-02782,growth-operations,docs/ref-4.14-report-push.md,异常流程,手动触发不修改 schedule 的 lastRunAt 和 nextRunAt |,logic,P1,需求规定：手动触发不修改 schedule 的 lastRunAt 和 nextRunAt,源码路径+测试用例/运行验证（本阶段仅登记证据要求）,未判定实现状态；不得复用旧审计结论
REQ-ADMINPORTAL-02783,admin-portal,docs/PRD-管理后台.md,原子审计维度覆盖,输入维度应有独立可验证需求断言,field,P1,该需求域必须单独定义并验证“输入”维度。,对应源码路径、测试名称或动态验证输出；若需求未定义则记录N/A及依据,维度覆盖登记，不代表需求文档已有该断言
REQ-ADMINPORTAL-02784,admin-portal,docs/PRD-管理后台.md,原子审计维度覆盖,前置维度应有独立可验证需求断言,logic,P1,该需求域必须单独定义并验证“前置”维度。,对应源码路径、测试名称或动态验证输出；若需求未定义则记录N/A及依据,维度覆盖登记，不代表需求文档已有该断言
REQ-ADMINPORTAL-02785,admin-portal,docs/PRD-管理后台.md,原子审计维度覆盖,角色维度应有独立可验证需求断言,permission,P1,该需求域必须单独定义并验证“角色”维度。,对应源码路径、测试名称或动态验证输出；若需求未定义则记录N/A及依据,维度覆盖登记，不代表需求文档已有该断言
REQ-ADMINPORTAL-02786,admin-portal,docs/PRD-管理后台.md,原子审计维度覆盖,权限维度应有独立可验证需求断言,permission,P0,该需求域必须单独定义并验证“权限”维度。,对应源码路径、测试名称或动态验证输出；若需求未定义则记录N/A及依据,维度覆盖登记，不代表需求文档已有该断言
REQ-ADMINPORTAL-02787,admin-portal,docs/PRD-管理后台.md,原子审计维度覆盖,状态维度应有独立可验证需求断言,state,P1,该需求域必须单独定义并验证“状态”维度。,对应源码路径、测试名称或动态验证输出；若需求未定义则记录N/A及依据,维度覆盖登记，不代表需求文档已有该断言
REQ-ADMINPORTAL-02788,admin-portal,docs/PRD-管理后台.md,原子审计维度覆盖,正常维度应有独立可验证需求断言,logic,P1,该需求域必须单独定义并验证“正常”维度。,对应源码路径、测试名称或动态验证输出；若需求未定义则记录N/A及依据,维度覆盖登记，不代表需求文档已有该断言
REQ-ADMINPORTAL-02789,admin-portal,docs/PRD-管理后台.md,原子审计维度覆盖,边界维度应有独立可验证需求断言,boundary,P1,该需求域必须单独定义并验证“边界”维度。,对应源码路径、测试名称或动态验证输出；若需求未定义则记录N/A及依据,维度覆盖登记，不代表需求文档已有该断言
REQ-ADMINPORTAL-02790,admin-portal,docs/PRD-管理后台.md,原子审计维度覆盖,异常维度应有独立可验证需求断言,exception,P0,该需求域必须单独定义并验证“异常”维度。,对应源码路径、测试名称或动态验证输出；若需求未定义则记录N/A及依据,维度覆盖登记，不代表需求文档已有该断言
REQ-ADMINPORTAL-02791,admin-portal,docs/PRD-管理后台.md,原子审计维度覆盖,并发维度应有独立可验证需求断言,concurrency,P1,该需求域必须单独定义并验证“并发”维度。,对应源码路径、测试名称或动态验证输出；若需求未定义则记录N/A及依据,维度覆盖登记，不代表需求文档已有该断言
REQ-ADMINPORTAL-02792,admin-portal,docs/PRD-管理后台.md,原子审计维度覆盖,幂等维度应有独立可验证需求断言,idempotency,P1,该需求域必须单独定义并验证“幂等”维度。,对应源码路径、测试名称或动态验证输出；若需求未定义则记录N/A及依据,维度覆盖登记，不代表需求文档已有该断言
REQ-ADMINPORTAL-02793,admin-portal,docs/PRD-管理后台.md,原子审计维度覆盖,事务维度应有独立可验证需求断言,transaction,P1,该需求域必须单独定义并验证“事务”维度。,对应源码路径、测试名称或动态验证输出；若需求未定义则记录N/A及依据,维度覆盖登记，不代表需求文档已有该断言
REQ-ADMINPORTAL-02794,admin-portal,docs/PRD-管理后台.md,原子审计维度覆盖,回滚维度应有独立可验证需求断言,rollback,P1,该需求域必须单独定义并验证“回滚”维度。,对应源码路径、测试名称或动态验证输出；若需求未定义则记录N/A及依据,维度覆盖登记，不代表需求文档已有该断言
REQ-ADMINPORTAL-02795,admin-portal,docs/PRD-管理后台.md,原子审计维度覆盖,落库维度应有独立可验证需求断言,db,P1,该需求域必须单独定义并验证“落库”维度。,对应源码路径、测试名称或动态验证输出；若需求未定义则记录N/A及依据,维度覆盖登记，不代表需求文档已有该断言
REQ-ADMINPORTAL-02796,admin-portal,docs/PRD-管理后台.md,原子审计维度覆盖,缓存维度应有独立可验证需求断言,db,P1,该需求域必须单独定义并验证“缓存”维度。,对应源码路径、测试名称或动态验证输出；若需求未定义则记录N/A及依据,维度覆盖登记，不代表需求文档已有该断言
REQ-ADMINPORTAL-02797,admin-portal,docs/PRD-管理后台.md,原子审计维度覆盖,通知维度应有独立可验证需求断言,logic,P1,该需求域必须单独定义并验证“通知”维度。,对应源码路径、测试名称或动态验证输出；若需求未定义则记录N/A及依据,维度覆盖登记，不代表需求文档已有该断言
REQ-ADMINPORTAL-02798,admin-portal,docs/PRD-管理后台.md,原子审计维度覆盖,审计维度应有独立可验证需求断言,audit,P0,该需求域必须单独定义并验证“审计”维度。,对应源码路径、测试名称或动态验证输出；若需求未定义则记录N/A及依据,维度覆盖登记，不代表需求文档已有该断言
REQ-ADMINPORTAL-02799,admin-portal,docs/PRD-管理后台.md,原子审计维度覆盖,监控维度应有独立可验证需求断言,performance,P1,该需求域必须单独定义并验证“监控”维度。,对应源码路径、测试名称或动态验证输出；若需求未定义则记录N/A及依据,维度覆盖登记，不代表需求文档已有该断言
REQ-ADMINPORTAL-02800,admin-portal,docs/PRD-管理后台.md,原子审计维度覆盖,测试维度应有独立可验证需求断言,test,P0,该需求域必须单独定义并验证“测试”维度。,对应源码路径、测试名称或动态验证输出；若需求未定义则记录N/A及依据,维度覆盖登记，不代表需求文档已有该断言
REQ-ADMINPORTAL-02801,growth-operations,docs/PRD-概览与运营模型.md,原子审计维度覆盖,输入维度应有独立可验证需求断言,field,P1,该需求域必须单独定义并验证“输入”维度。,对应源码路径、测试名称或动态验证输出；若需求未定义则记录N/A及依据,维度覆盖登记，不代表需求文档已有该断言
REQ-ADMINPORTAL-02802,growth-operations,docs/PRD-概览与运营模型.md,原子审计维度覆盖,前置维度应有独立可验证需求断言,logic,P1,该需求域必须单独定义并验证“前置”维度。,对应源码路径、测试名称或动态验证输出；若需求未定义则记录N/A及依据,维度覆盖登记，不代表需求文档已有该断言
REQ-ADMINPORTAL-02803,growth-operations,docs/PRD-概览与运营模型.md,原子审计维度覆盖,角色维度应有独立可验证需求断言,permission,P1,该需求域必须单独定义并验证“角色”维度。,对应源码路径、测试名称或动态验证输出；若需求未定义则记录N/A及依据,维度覆盖登记，不代表需求文档已有该断言
REQ-ADMINPORTAL-02804,growth-operations,docs/PRD-概览与运营模型.md,原子审计维度覆盖,权限维度应有独立可验证需求断言,permission,P0,该需求域必须单独定义并验证“权限”维度。,对应源码路径、测试名称或动态验证输出；若需求未定义则记录N/A及依据,维度覆盖登记，不代表需求文档已有该断言
REQ-ADMINPORTAL-02805,growth-operations,docs/PRD-概览与运营模型.md,原子审计维度覆盖,状态维度应有独立可验证需求断言,state,P1,该需求域必须单独定义并验证“状态”维度。,对应源码路径、测试名称或动态验证输出；若需求未定义则记录N/A及依据,维度覆盖登记，不代表需求文档已有该断言
REQ-ADMINPORTAL-02806,growth-operations,docs/PRD-概览与运营模型.md,原子审计维度覆盖,正常维度应有独立可验证需求断言,logic,P1,该需求域必须单独定义并验证“正常”维度。,对应源码路径、测试名称或动态验证输出；若需求未定义则记录N/A及依据,维度覆盖登记，不代表需求文档已有该断言
REQ-ADMINPORTAL-02807,growth-operations,docs/PRD-概览与运营模型.md,原子审计维度覆盖,边界维度应有独立可验证需求断言,boundary,P1,该需求域必须单独定义并验证“边界”维度。,对应源码路径、测试名称或动态验证输出；若需求未定义则记录N/A及依据,维度覆盖登记，不代表需求文档已有该断言
REQ-ADMINPORTAL-02808,growth-operations,docs/PRD-概览与运营模型.md,原子审计维度覆盖,异常维度应有独立可验证需求断言,exception,P0,该需求域必须单独定义并验证“异常”维度。,对应源码路径、测试名称或动态验证输出；若需求未定义则记录N/A及依据,维度覆盖登记，不代表需求文档已有该断言
REQ-ADMINPORTAL-02809,growth-operations,docs/PRD-概览与运营模型.md,原子审计维度覆盖,并发维度应有独立可验证需求断言,concurrency,P1,该需求域必须单独定义并验证“并发”维度。,对应源码路径、测试名称或动态验证输出；若需求未定义则记录N/A及依据,维度覆盖登记，不代表需求文档已有该断言
REQ-ADMINPORTAL-02810,growth-operations,docs/PRD-概览与运营模型.md,原子审计维度覆盖,幂等维度应有独立可验证需求断言,idempotency,P1,该需求域必须单独定义并验证“幂等”维度。,对应源码路径、测试名称或动态验证输出；若需求未定义则记录N/A及依据,维度覆盖登记，不代表需求文档已有该断言
REQ-ADMINPORTAL-02811,growth-operations,docs/PRD-概览与运营模型.md,原子审计维度覆盖,事务维度应有独立可验证需求断言,transaction,P1,该需求域必须单独定义并验证“事务”维度。,对应源码路径、测试名称或动态验证输出；若需求未定义则记录N/A及依据,维度覆盖登记，不代表需求文档已有该断言
REQ-ADMINPORTAL-02812,growth-operations,docs/PRD-概览与运营模型.md,原子审计维度覆盖,回滚维度应有独立可验证需求断言,rollback,P1,该需求域必须单独定义并验证“回滚”维度。,对应源码路径、测试名称或动态验证输出；若需求未定义则记录N/A及依据,维度覆盖登记，不代表需求文档已有该断言
REQ-ADMINPORTAL-02813,growth-operations,docs/PRD-概览与运营模型.md,原子审计维度覆盖,落库维度应有独立可验证需求断言,db,P1,该需求域必须单独定义并验证“落库”维度。,对应源码路径、测试名称或动态验证输出；若需求未定义则记录N/A及依据,维度覆盖登记，不代表需求文档已有该断言
REQ-ADMINPORTAL-02814,growth-operations,docs/PRD-概览与运营模型.md,原子审计维度覆盖,缓存维度应有独立可验证需求断言,db,P1,该需求域必须单独定义并验证“缓存”维度。,对应源码路径、测试名称或动态验证输出；若需求未定义则记录N/A及依据,维度覆盖登记，不代表需求文档已有该断言
REQ-ADMINPORTAL-02815,growth-operations,docs/PRD-概览与运营模型.md,原子审计维度覆盖,通知维度应有独立可验证需求断言,logic,P1,该需求域必须单独定义并验证“通知”维度。,对应源码路径、测试名称或动态验证输出；若需求未定义则记录N/A及依据,维度覆盖登记，不代表需求文档已有该断言
REQ-ADMINPORTAL-02816,growth-operations,docs/PRD-概览与运营模型.md,原子审计维度覆盖,审计维度应有独立可验证需求断言,audit,P0,该需求域必须单独定义并验证“审计”维度。,对应源码路径、测试名称或动态验证输出；若需求未定义则记录N/A及依据,维度覆盖登记，不代表需求文档已有该断言
REQ-ADMINPORTAL-02817,growth-operations,docs/PRD-概览与运营模型.md,原子审计维度覆盖,监控维度应有独立可验证需求断言,performance,P1,该需求域必须单独定义并验证“监控”维度。,对应源码路径、测试名称或动态验证输出；若需求未定义则记录N/A及依据,维度覆盖登记，不代表需求文档已有该断言
REQ-ADMINPORTAL-02818,growth-operations,docs/PRD-概览与运营模型.md,原子审计维度覆盖,测试维度应有独立可验证需求断言,test,P0,该需求域必须单独定义并验证“测试”维度。,对应源码路径、测试名称或动态验证输出；若需求未定义则记录N/A及依据,维度覆盖登记，不代表需求文档已有该断言
REQ-ADMINPORTAL-02819,customer-support,docs/PRD-客服支撑模块.md,原子审计维度覆盖,输入维度应有独立可验证需求断言,field,P1,该需求域必须单独定义并验证“输入”维度。,对应源码路径、测试名称或动态验证输出；若需求未定义则记录N/A及依据,维度覆盖登记，不代表需求文档已有该断言
REQ-ADMINPORTAL-02820,customer-support,docs/PRD-客服支撑模块.md,原子审计维度覆盖,前置维度应有独立可验证需求断言,logic,P1,该需求域必须单独定义并验证“前置”维度。,对应源码路径、测试名称或动态验证输出；若需求未定义则记录N/A及依据,维度覆盖登记，不代表需求文档已有该断言
REQ-ADMINPORTAL-02821,customer-support,docs/PRD-客服支撑模块.md,原子审计维度覆盖,角色维度应有独立可验证需求断言,permission,P1,该需求域必须单独定义并验证“角色”维度。,对应源码路径、测试名称或动态验证输出；若需求未定义则记录N/A及依据,维度覆盖登记，不代表需求文档已有该断言
REQ-ADMINPORTAL-02822,customer-support,docs/PRD-客服支撑模块.md,原子审计维度覆盖,权限维度应有独立可验证需求断言,permission,P0,该需求域必须单独定义并验证“权限”维度。,对应源码路径、测试名称或动态验证输出；若需求未定义则记录N/A及依据,维度覆盖登记，不代表需求文档已有该断言
REQ-ADMINPORTAL-02823,customer-support,docs/PRD-客服支撑模块.md,原子审计维度覆盖,状态维度应有独立可验证需求断言,state,P1,该需求域必须单独定义并验证“状态”维度。,对应源码路径、测试名称或动态验证输出；若需求未定义则记录N/A及依据,维度覆盖登记，不代表需求文档已有该断言
REQ-ADMINPORTAL-02824,customer-support,docs/PRD-客服支撑模块.md,原子审计维度覆盖,正常维度应有独立可验证需求断言,logic,P1,该需求域必须单独定义并验证“正常”维度。,对应源码路径、测试名称或动态验证输出；若需求未定义则记录N/A及依据,维度覆盖登记，不代表需求文档已有该断言
REQ-ADMINPORTAL-02825,customer-support,docs/PRD-客服支撑模块.md,原子审计维度覆盖,边界维度应有独立可验证需求断言,boundary,P1,该需求域必须单独定义并验证“边界”维度。,对应源码路径、测试名称或动态验证输出；若需求未定义则记录N/A及依据,维度覆盖登记，不代表需求文档已有该断言
REQ-ADMINPORTAL-02826,customer-support,docs/PRD-客服支撑模块.md,原子审计维度覆盖,异常维度应有独立可验证需求断言,exception,P0,该需求域必须单独定义并验证“异常”维度。,对应源码路径、测试名称或动态验证输出；若需求未定义则记录N/A及依据,维度覆盖登记，不代表需求文档已有该断言
REQ-ADMINPORTAL-02827,customer-support,docs/PRD-客服支撑模块.md,原子审计维度覆盖,并发维度应有独立可验证需求断言,concurrency,P1,该需求域必须单独定义并验证“并发”维度。,对应源码路径、测试名称或动态验证输出；若需求未定义则记录N/A及依据,维度覆盖登记，不代表需求文档已有该断言
REQ-ADMINPORTAL-02828,customer-support,docs/PRD-客服支撑模块.md,原子审计维度覆盖,幂等维度应有独立可验证需求断言,idempotency,P1,该需求域必须单独定义并验证“幂等”维度。,对应源码路径、测试名称或动态验证输出；若需求未定义则记录N/A及依据,维度覆盖登记，不代表需求文档已有该断言
REQ-ADMINPORTAL-02829,customer-support,docs/PRD-客服支撑模块.md,原子审计维度覆盖,事务维度应有独立可验证需求断言,transaction,P1,该需求域必须单独定义并验证“事务”维度。,对应源码路径、测试名称或动态验证输出；若需求未定义则记录N/A及依据,维度覆盖登记，不代表需求文档已有该断言
REQ-ADMINPORTAL-02830,customer-support,docs/PRD-客服支撑模块.md,原子审计维度覆盖,回滚维度应有独立可验证需求断言,rollback,P1,该需求域必须单独定义并验证“回滚”维度。,对应源码路径、测试名称或动态验证输出；若需求未定义则记录N/A及依据,维度覆盖登记，不代表需求文档已有该断言
REQ-ADMINPORTAL-02831,customer-support,docs/PRD-客服支撑模块.md,原子审计维度覆盖,落库维度应有独立可验证需求断言,db,P1,该需求域必须单独定义并验证“落库”维度。,对应源码路径、测试名称或动态验证输出；若需求未定义则记录N/A及依据,维度覆盖登记，不代表需求文档已有该断言
REQ-ADMINPORTAL-02832,customer-support,docs/PRD-客服支撑模块.md,原子审计维度覆盖,缓存维度应有独立可验证需求断言,db,P1,该需求域必须单独定义并验证“缓存”维度。,对应源码路径、测试名称或动态验证输出；若需求未定义则记录N/A及依据,维度覆盖登记，不代表需求文档已有该断言
REQ-ADMINPORTAL-02833,customer-support,docs/PRD-客服支撑模块.md,原子审计维度覆盖,通知维度应有独立可验证需求断言,logic,P1,该需求域必须单独定义并验证“通知”维度。,对应源码路径、测试名称或动态验证输出；若需求未定义则记录N/A及依据,维度覆盖登记，不代表需求文档已有该断言
REQ-ADMINPORTAL-02834,customer-support,docs/PRD-客服支撑模块.md,原子审计维度覆盖,审计维度应有独立可验证需求断言,audit,P0,该需求域必须单独定义并验证“审计”维度。,对应源码路径、测试名称或动态验证输出；若需求未定义则记录N/A及依据,维度覆盖登记，不代表需求文档已有该断言
REQ-ADMINPORTAL-02835,customer-support,docs/PRD-客服支撑模块.md,原子审计维度覆盖,监控维度应有独立可验证需求断言,performance,P1,该需求域必须单独定义并验证“监控”维度。,对应源码路径、测试名称或动态验证输出；若需求未定义则记录N/A及依据,维度覆盖登记，不代表需求文档已有该断言
REQ-ADMINPORTAL-02836,customer-support,docs/PRD-客服支撑模块.md,原子审计维度覆盖,测试维度应有独立可验证需求断言,test,P0,该需求域必须单独定义并验证“测试”维度。,对应源码路径、测试名称或动态验证输出；若需求未定义则记录N/A及依据,维度覆盖登记，不代表需求文档已有该断言
REQ-ADMINPORTAL-02837,system-admin,docs/PRD-系统管理员支撑.md,原子审计维度覆盖,输入维度应有独立可验证需求断言,field,P1,该需求域必须单独定义并验证“输入”维度。,对应源码路径、测试名称或动态验证输出；若需求未定义则记录N/A及依据,维度覆盖登记，不代表需求文档已有该断言
REQ-ADMINPORTAL-02838,system-admin,docs/PRD-系统管理员支撑.md,原子审计维度覆盖,前置维度应有独立可验证需求断言,logic,P1,该需求域必须单独定义并验证“前置”维度。,对应源码路径、测试名称或动态验证输出；若需求未定义则记录N/A及依据,维度覆盖登记，不代表需求文档已有该断言
REQ-ADMINPORTAL-02839,system-admin,docs/PRD-系统管理员支撑.md,原子审计维度覆盖,角色维度应有独立可验证需求断言,permission,P1,该需求域必须单独定义并验证“角色”维度。,对应源码路径、测试名称或动态验证输出；若需求未定义则记录N/A及依据,维度覆盖登记，不代表需求文档已有该断言
REQ-ADMINPORTAL-02840,system-admin,docs/PRD-系统管理员支撑.md,原子审计维度覆盖,权限维度应有独立可验证需求断言,permission,P0,该需求域必须单独定义并验证“权限”维度。,对应源码路径、测试名称或动态验证输出；若需求未定义则记录N/A及依据,维度覆盖登记，不代表需求文档已有该断言
REQ-ADMINPORTAL-02841,system-admin,docs/PRD-系统管理员支撑.md,原子审计维度覆盖,状态维度应有独立可验证需求断言,state,P1,该需求域必须单独定义并验证“状态”维度。,对应源码路径、测试名称或动态验证输出；若需求未定义则记录N/A及依据,维度覆盖登记，不代表需求文档已有该断言
REQ-ADMINPORTAL-02842,system-admin,docs/PRD-系统管理员支撑.md,原子审计维度覆盖,正常维度应有独立可验证需求断言,logic,P1,该需求域必须单独定义并验证“正常”维度。,对应源码路径、测试名称或动态验证输出；若需求未定义则记录N/A及依据,维度覆盖登记，不代表需求文档已有该断言
REQ-ADMINPORTAL-02843,system-admin,docs/PRD-系统管理员支撑.md,原子审计维度覆盖,边界维度应有独立可验证需求断言,boundary,P1,该需求域必须单独定义并验证“边界”维度。,对应源码路径、测试名称或动态验证输出；若需求未定义则记录N/A及依据,维度覆盖登记，不代表需求文档已有该断言
REQ-ADMINPORTAL-02844,system-admin,docs/PRD-系统管理员支撑.md,原子审计维度覆盖,异常维度应有独立可验证需求断言,exception,P0,该需求域必须单独定义并验证“异常”维度。,对应源码路径、测试名称或动态验证输出；若需求未定义则记录N/A及依据,维度覆盖登记，不代表需求文档已有该断言
REQ-ADMINPORTAL-02845,system-admin,docs/PRD-系统管理员支撑.md,原子审计维度覆盖,并发维度应有独立可验证需求断言,concurrency,P1,该需求域必须单独定义并验证“并发”维度。,对应源码路径、测试名称或动态验证输出；若需求未定义则记录N/A及依据,维度覆盖登记，不代表需求文档已有该断言
REQ-ADMINPORTAL-02846,system-admin,docs/PRD-系统管理员支撑.md,原子审计维度覆盖,幂等维度应有独立可验证需求断言,idempotency,P1,该需求域必须单独定义并验证“幂等”维度。,对应源码路径、测试名称或动态验证输出；若需求未定义则记录N/A及依据,维度覆盖登记，不代表需求文档已有该断言
REQ-ADMINPORTAL-02847,system-admin,docs/PRD-系统管理员支撑.md,原子审计维度覆盖,事务维度应有独立可验证需求断言,transaction,P1,该需求域必须单独定义并验证“事务”维度。,对应源码路径、测试名称或动态验证输出；若需求未定义则记录N/A及依据,维度覆盖登记，不代表需求文档已有该断言
REQ-ADMINPORTAL-02848,system-admin,docs/PRD-系统管理员支撑.md,原子审计维度覆盖,回滚维度应有独立可验证需求断言,rollback,P1,该需求域必须单独定义并验证“回滚”维度。,对应源码路径、测试名称或动态验证输出；若需求未定义则记录N/A及依据,维度覆盖登记，不代表需求文档已有该断言
REQ-ADMINPORTAL-02849,system-admin,docs/PRD-系统管理员支撑.md,原子审计维度覆盖,落库维度应有独立可验证需求断言,db,P1,该需求域必须单独定义并验证“落库”维度。,对应源码路径、测试名称或动态验证输出；若需求未定义则记录N/A及依据,维度覆盖登记，不代表需求文档已有该断言
REQ-ADMINPORTAL-02850,system-admin,docs/PRD-系统管理员支撑.md,原子审计维度覆盖,缓存维度应有独立可验证需求断言,db,P1,该需求域必须单独定义并验证“缓存”维度。,对应源码路径、测试名称或动态验证输出；若需求未定义则记录N/A及依据,维度覆盖登记，不代表需求文档已有该断言
REQ-ADMINPORTAL-02851,system-admin,docs/PRD-系统管理员支撑.md,原子审计维度覆盖,通知维度应有独立可验证需求断言,logic,P1,该需求域必须单独定义并验证“通知”维度。,对应源码路径、测试名称或动态验证输出；若需求未定义则记录N/A及依据,维度覆盖登记，不代表需求文档已有该断言
REQ-ADMINPORTAL-02852,system-admin,docs/PRD-系统管理员支撑.md,原子审计维度覆盖,审计维度应有独立可验证需求断言,audit,P0,该需求域必须单独定义并验证“审计”维度。,对应源码路径、测试名称或动态验证输出；若需求未定义则记录N/A及依据,维度覆盖登记，不代表需求文档已有该断言
REQ-ADMINPORTAL-02853,system-admin,docs/PRD-系统管理员支撑.md,原子审计维度覆盖,监控维度应有独立可验证需求断言,performance,P1,该需求域必须单独定义并验证“监控”维度。,对应源码路径、测试名称或动态验证输出；若需求未定义则记录N/A及依据,维度覆盖登记，不代表需求文档已有该断言
REQ-ADMINPORTAL-02854,system-admin,docs/PRD-系统管理员支撑.md,原子审计维度覆盖,测试维度应有独立可验证需求断言,test,P0,该需求域必须单独定义并验证“测试”维度。,对应源码路径、测试名称或动态验证输出；若需求未定义则记录N/A及依据,维度覆盖登记，不代表需求文档已有该断言
REQ-ADMINPORTAL-02855,growth-operations,docs/PRD-运营增长模块.md,原子审计维度覆盖,输入维度应有独立可验证需求断言,field,P1,该需求域必须单独定义并验证“输入”维度。,对应源码路径、测试名称或动态验证输出；若需求未定义则记录N/A及依据,维度覆盖登记，不代表需求文档已有该断言
REQ-ADMINPORTAL-02856,growth-operations,docs/PRD-运营增长模块.md,原子审计维度覆盖,前置维度应有独立可验证需求断言,logic,P1,该需求域必须单独定义并验证“前置”维度。,对应源码路径、测试名称或动态验证输出；若需求未定义则记录N/A及依据,维度覆盖登记，不代表需求文档已有该断言
REQ-ADMINPORTAL-02857,growth-operations,docs/PRD-运营增长模块.md,原子审计维度覆盖,角色维度应有独立可验证需求断言,permission,P1,该需求域必须单独定义并验证“角色”维度。,对应源码路径、测试名称或动态验证输出；若需求未定义则记录N/A及依据,维度覆盖登记，不代表需求文档已有该断言
REQ-ADMINPORTAL-02858,growth-operations,docs/PRD-运营增长模块.md,原子审计维度覆盖,权限维度应有独立可验证需求断言,permission,P0,该需求域必须单独定义并验证“权限”维度。,对应源码路径、测试名称或动态验证输出；若需求未定义则记录N/A及依据,维度覆盖登记，不代表需求文档已有该断言
REQ-ADMINPORTAL-02859,growth-operations,docs/PRD-运营增长模块.md,原子审计维度覆盖,状态维度应有独立可验证需求断言,state,P1,该需求域必须单独定义并验证“状态”维度。,对应源码路径、测试名称或动态验证输出；若需求未定义则记录N/A及依据,维度覆盖登记，不代表需求文档已有该断言
REQ-ADMINPORTAL-02860,growth-operations,docs/PRD-运营增长模块.md,原子审计维度覆盖,正常维度应有独立可验证需求断言,logic,P1,该需求域必须单独定义并验证“正常”维度。,对应源码路径、测试名称或动态验证输出；若需求未定义则记录N/A及依据,维度覆盖登记，不代表需求文档已有该断言
REQ-ADMINPORTAL-02861,growth-operations,docs/PRD-运营增长模块.md,原子审计维度覆盖,边界维度应有独立可验证需求断言,boundary,P1,该需求域必须单独定义并验证“边界”维度。,对应源码路径、测试名称或动态验证输出；若需求未定义则记录N/A及依据,维度覆盖登记，不代表需求文档已有该断言
REQ-ADMINPORTAL-02862,growth-operations,docs/PRD-运营增长模块.md,原子审计维度覆盖,异常维度应有独立可验证需求断言,exception,P0,该需求域必须单独定义并验证“异常”维度。,对应源码路径、测试名称或动态验证输出；若需求未定义则记录N/A及依据,维度覆盖登记，不代表需求文档已有该断言
REQ-ADMINPORTAL-02863,growth-operations,docs/PRD-运营增长模块.md,原子审计维度覆盖,并发维度应有独立可验证需求断言,concurrency,P1,该需求域必须单独定义并验证“并发”维度。,对应源码路径、测试名称或动态验证输出；若需求未定义则记录N/A及依据,维度覆盖登记，不代表需求文档已有该断言
REQ-ADMINPORTAL-02864,growth-operations,docs/PRD-运营增长模块.md,原子审计维度覆盖,幂等维度应有独立可验证需求断言,idempotency,P1,该需求域必须单独定义并验证“幂等”维度。,对应源码路径、测试名称或动态验证输出；若需求未定义则记录N/A及依据,维度覆盖登记，不代表需求文档已有该断言
REQ-ADMINPORTAL-02865,growth-operations,docs/PRD-运营增长模块.md,原子审计维度覆盖,事务维度应有独立可验证需求断言,transaction,P1,该需求域必须单独定义并验证“事务”维度。,对应源码路径、测试名称或动态验证输出；若需求未定义则记录N/A及依据,维度覆盖登记，不代表需求文档已有该断言
REQ-ADMINPORTAL-02866,growth-operations,docs/PRD-运营增长模块.md,原子审计维度覆盖,回滚维度应有独立可验证需求断言,rollback,P1,该需求域必须单独定义并验证“回滚”维度。,对应源码路径、测试名称或动态验证输出；若需求未定义则记录N/A及依据,维度覆盖登记，不代表需求文档已有该断言
REQ-ADMINPORTAL-02867,growth-operations,docs/PRD-运营增长模块.md,原子审计维度覆盖,落库维度应有独立可验证需求断言,db,P1,该需求域必须单独定义并验证“落库”维度。,对应源码路径、测试名称或动态验证输出；若需求未定义则记录N/A及依据,维度覆盖登记，不代表需求文档已有该断言
REQ-ADMINPORTAL-02868,growth-operations,docs/PRD-运营增长模块.md,原子审计维度覆盖,缓存维度应有独立可验证需求断言,db,P1,该需求域必须单独定义并验证“缓存”维度。,对应源码路径、测试名称或动态验证输出；若需求未定义则记录N/A及依据,维度覆盖登记，不代表需求文档已有该断言
REQ-ADMINPORTAL-02869,growth-operations,docs/PRD-运营增长模块.md,原子审计维度覆盖,通知维度应有独立可验证需求断言,logic,P1,该需求域必须单独定义并验证“通知”维度。,对应源码路径、测试名称或动态验证输出；若需求未定义则记录N/A及依据,维度覆盖登记，不代表需求文档已有该断言
REQ-ADMINPORTAL-02870,growth-operations,docs/PRD-运营增长模块.md,原子审计维度覆盖,审计维度应有独立可验证需求断言,audit,P0,该需求域必须单独定义并验证“审计”维度。,对应源码路径、测试名称或动态验证输出；若需求未定义则记录N/A及依据,维度覆盖登记，不代表需求文档已有该断言
REQ-ADMINPORTAL-02871,growth-operations,docs/PRD-运营增长模块.md,原子审计维度覆盖,监控维度应有独立可验证需求断言,performance,P1,该需求域必须单独定义并验证“监控”维度。,对应源码路径、测试名称或动态验证输出；若需求未定义则记录N/A及依据,维度覆盖登记，不代表需求文档已有该断言
REQ-ADMINPORTAL-02872,growth-operations,docs/PRD-运营增长模块.md,原子审计维度覆盖,测试维度应有独立可验证需求断言,test,P0,该需求域必须单独定义并验证“测试”维度。,对应源码路径、测试名称或动态验证输出；若需求未定义则记录N/A及依据,维度覆盖登记，不代表需求文档已有该断言
REQ-ADMINPORTAL-02873,integrations-sso,docs/PRD-第三方集成.md,原子审计维度覆盖,输入维度应有独立可验证需求断言,field,P1,该需求域必须单独定义并验证“输入”维度。,对应源码路径、测试名称或动态验证输出；若需求未定义则记录N/A及依据,维度覆盖登记，不代表需求文档已有该断言
REQ-ADMINPORTAL-02874,integrations-sso,docs/PRD-第三方集成.md,原子审计维度覆盖,前置维度应有独立可验证需求断言,logic,P1,该需求域必须单独定义并验证“前置”维度。,对应源码路径、测试名称或动态验证输出；若需求未定义则记录N/A及依据,维度覆盖登记，不代表需求文档已有该断言
REQ-ADMINPORTAL-02875,integrations-sso,docs/PRD-第三方集成.md,原子审计维度覆盖,角色维度应有独立可验证需求断言,permission,P1,该需求域必须单独定义并验证“角色”维度。,对应源码路径、测试名称或动态验证输出；若需求未定义则记录N/A及依据,维度覆盖登记，不代表需求文档已有该断言
REQ-ADMINPORTAL-02876,integrations-sso,docs/PRD-第三方集成.md,原子审计维度覆盖,权限维度应有独立可验证需求断言,permission,P0,该需求域必须单独定义并验证“权限”维度。,对应源码路径、测试名称或动态验证输出；若需求未定义则记录N/A及依据,维度覆盖登记，不代表需求文档已有该断言
REQ-ADMINPORTAL-02877,integrations-sso,docs/PRD-第三方集成.md,原子审计维度覆盖,状态维度应有独立可验证需求断言,state,P1,该需求域必须单独定义并验证“状态”维度。,对应源码路径、测试名称或动态验证输出；若需求未定义则记录N/A及依据,维度覆盖登记，不代表需求文档已有该断言
REQ-ADMINPORTAL-02878,integrations-sso,docs/PRD-第三方集成.md,原子审计维度覆盖,正常维度应有独立可验证需求断言,logic,P1,该需求域必须单独定义并验证“正常”维度。,对应源码路径、测试名称或动态验证输出；若需求未定义则记录N/A及依据,维度覆盖登记，不代表需求文档已有该断言
REQ-ADMINPORTAL-02879,integrations-sso,docs/PRD-第三方集成.md,原子审计维度覆盖,边界维度应有独立可验证需求断言,boundary,P1,该需求域必须单独定义并验证“边界”维度。,对应源码路径、测试名称或动态验证输出；若需求未定义则记录N/A及依据,维度覆盖登记，不代表需求文档已有该断言
REQ-ADMINPORTAL-02880,integrations-sso,docs/PRD-第三方集成.md,原子审计维度覆盖,异常维度应有独立可验证需求断言,exception,P0,该需求域必须单独定义并验证“异常”维度。,对应源码路径、测试名称或动态验证输出；若需求未定义则记录N/A及依据,维度覆盖登记，不代表需求文档已有该断言
REQ-ADMINPORTAL-02881,integrations-sso,docs/PRD-第三方集成.md,原子审计维度覆盖,并发维度应有独立可验证需求断言,concurrency,P1,该需求域必须单独定义并验证“并发”维度。,对应源码路径、测试名称或动态验证输出；若需求未定义则记录N/A及依据,维度覆盖登记，不代表需求文档已有该断言
REQ-ADMINPORTAL-02882,integrations-sso,docs/PRD-第三方集成.md,原子审计维度覆盖,幂等维度应有独立可验证需求断言,idempotency,P1,该需求域必须单独定义并验证“幂等”维度。,对应源码路径、测试名称或动态验证输出；若需求未定义则记录N/A及依据,维度覆盖登记，不代表需求文档已有该断言
REQ-ADMINPORTAL-02883,integrations-sso,docs/PRD-第三方集成.md,原子审计维度覆盖,事务维度应有独立可验证需求断言,transaction,P1,该需求域必须单独定义并验证“事务”维度。,对应源码路径、测试名称或动态验证输出；若需求未定义则记录N/A及依据,维度覆盖登记，不代表需求文档已有该断言
REQ-ADMINPORTAL-02884,integrations-sso,docs/PRD-第三方集成.md,原子审计维度覆盖,回滚维度应有独立可验证需求断言,rollback,P1,该需求域必须单独定义并验证“回滚”维度。,对应源码路径、测试名称或动态验证输出；若需求未定义则记录N/A及依据,维度覆盖登记，不代表需求文档已有该断言
REQ-ADMINPORTAL-02885,integrations-sso,docs/PRD-第三方集成.md,原子审计维度覆盖,落库维度应有独立可验证需求断言,db,P1,该需求域必须单独定义并验证“落库”维度。,对应源码路径、测试名称或动态验证输出；若需求未定义则记录N/A及依据,维度覆盖登记，不代表需求文档已有该断言
REQ-ADMINPORTAL-02886,integrations-sso,docs/PRD-第三方集成.md,原子审计维度覆盖,缓存维度应有独立可验证需求断言,db,P1,该需求域必须单独定义并验证“缓存”维度。,对应源码路径、测试名称或动态验证输出；若需求未定义则记录N/A及依据,维度覆盖登记，不代表需求文档已有该断言
REQ-ADMINPORTAL-02887,integrations-sso,docs/PRD-第三方集成.md,原子审计维度覆盖,通知维度应有独立可验证需求断言,logic,P1,该需求域必须单独定义并验证“通知”维度。,对应源码路径、测试名称或动态验证输出；若需求未定义则记录N/A及依据,维度覆盖登记，不代表需求文档已有该断言
REQ-ADMINPORTAL-02888,integrations-sso,docs/PRD-第三方集成.md,原子审计维度覆盖,审计维度应有独立可验证需求断言,audit,P0,该需求域必须单独定义并验证“审计”维度。,对应源码路径、测试名称或动态验证输出；若需求未定义则记录N/A及依据,维度覆盖登记，不代表需求文档已有该断言
REQ-ADMINPORTAL-02889,integrations-sso,docs/PRD-第三方集成.md,原子审计维度覆盖,监控维度应有独立可验证需求断言,performance,P1,该需求域必须单独定义并验证“监控”维度。,对应源码路径、测试名称或动态验证输出；若需求未定义则记录N/A及依据,维度覆盖登记，不代表需求文档已有该断言
REQ-ADMINPORTAL-02890,integrations-sso,docs/PRD-第三方集成.md,原子审计维度覆盖,测试维度应有独立可验证需求断言,test,P0,该需求域必须单独定义并验证“测试”维度。,对应源码路径、测试名称或动态验证输出；若需求未定义则记录N/A及依据,维度覆盖登记，不代表需求文档已有该断言
REQ-ADMINPORTAL-02891,non-functional,docs/PRD-非功能需求.md,原子审计维度覆盖,输入维度应有独立可验证需求断言,field,P1,该需求域必须单独定义并验证“输入”维度。,对应源码路径、测试名称或动态验证输出；若需求未定义则记录N/A及依据,维度覆盖登记，不代表需求文档已有该断言
REQ-ADMINPORTAL-02892,non-functional,docs/PRD-非功能需求.md,原子审计维度覆盖,前置维度应有独立可验证需求断言,logic,P1,该需求域必须单独定义并验证“前置”维度。,对应源码路径、测试名称或动态验证输出；若需求未定义则记录N/A及依据,维度覆盖登记，不代表需求文档已有该断言
REQ-ADMINPORTAL-02893,non-functional,docs/PRD-非功能需求.md,原子审计维度覆盖,角色维度应有独立可验证需求断言,permission,P1,该需求域必须单独定义并验证“角色”维度。,对应源码路径、测试名称或动态验证输出；若需求未定义则记录N/A及依据,维度覆盖登记，不代表需求文档已有该断言
REQ-ADMINPORTAL-02894,non-functional,docs/PRD-非功能需求.md,原子审计维度覆盖,权限维度应有独立可验证需求断言,permission,P0,该需求域必须单独定义并验证“权限”维度。,对应源码路径、测试名称或动态验证输出；若需求未定义则记录N/A及依据,维度覆盖登记，不代表需求文档已有该断言
REQ-ADMINPORTAL-02895,non-functional,docs/PRD-非功能需求.md,原子审计维度覆盖,状态维度应有独立可验证需求断言,state,P1,该需求域必须单独定义并验证“状态”维度。,对应源码路径、测试名称或动态验证输出；若需求未定义则记录N/A及依据,维度覆盖登记，不代表需求文档已有该断言
REQ-ADMINPORTAL-02896,non-functional,docs/PRD-非功能需求.md,原子审计维度覆盖,正常维度应有独立可验证需求断言,logic,P1,该需求域必须单独定义并验证“正常”维度。,对应源码路径、测试名称或动态验证输出；若需求未定义则记录N/A及依据,维度覆盖登记，不代表需求文档已有该断言
REQ-ADMINPORTAL-02897,non-functional,docs/PRD-非功能需求.md,原子审计维度覆盖,边界维度应有独立可验证需求断言,boundary,P1,该需求域必须单独定义并验证“边界”维度。,对应源码路径、测试名称或动态验证输出；若需求未定义则记录N/A及依据,维度覆盖登记，不代表需求文档已有该断言
REQ-ADMINPORTAL-02898,non-functional,docs/PRD-非功能需求.md,原子审计维度覆盖,异常维度应有独立可验证需求断言,exception,P0,该需求域必须单独定义并验证“异常”维度。,对应源码路径、测试名称或动态验证输出；若需求未定义则记录N/A及依据,维度覆盖登记，不代表需求文档已有该断言
REQ-ADMINPORTAL-02899,non-functional,docs/PRD-非功能需求.md,原子审计维度覆盖,并发维度应有独立可验证需求断言,concurrency,P1,该需求域必须单独定义并验证“并发”维度。,对应源码路径、测试名称或动态验证输出；若需求未定义则记录N/A及依据,维度覆盖登记，不代表需求文档已有该断言
REQ-ADMINPORTAL-02900,non-functional,docs/PRD-非功能需求.md,原子审计维度覆盖,幂等维度应有独立可验证需求断言,idempotency,P1,该需求域必须单独定义并验证“幂等”维度。,对应源码路径、测试名称或动态验证输出；若需求未定义则记录N/A及依据,维度覆盖登记，不代表需求文档已有该断言
REQ-ADMINPORTAL-02901,non-functional,docs/PRD-非功能需求.md,原子审计维度覆盖,事务维度应有独立可验证需求断言,transaction,P1,该需求域必须单独定义并验证“事务”维度。,对应源码路径、测试名称或动态验证输出；若需求未定义则记录N/A及依据,维度覆盖登记，不代表需求文档已有该断言
REQ-ADMINPORTAL-02902,non-functional,docs/PRD-非功能需求.md,原子审计维度覆盖,回滚维度应有独立可验证需求断言,rollback,P1,该需求域必须单独定义并验证“回滚”维度。,对应源码路径、测试名称或动态验证输出；若需求未定义则记录N/A及依据,维度覆盖登记，不代表需求文档已有该断言
REQ-ADMINPORTAL-02903,non-functional,docs/PRD-非功能需求.md,原子审计维度覆盖,落库维度应有独立可验证需求断言,db,P1,该需求域必须单独定义并验证“落库”维度。,对应源码路径、测试名称或动态验证输出；若需求未定义则记录N/A及依据,维度覆盖登记，不代表需求文档已有该断言
REQ-ADMINPORTAL-02904,non-functional,docs/PRD-非功能需求.md,原子审计维度覆盖,缓存维度应有独立可验证需求断言,db,P1,该需求域必须单独定义并验证“缓存”维度。,对应源码路径、测试名称或动态验证输出；若需求未定义则记录N/A及依据,维度覆盖登记，不代表需求文档已有该断言
REQ-ADMINPORTAL-02905,non-functional,docs/PRD-非功能需求.md,原子审计维度覆盖,通知维度应有独立可验证需求断言,logic,P1,该需求域必须单独定义并验证“通知”维度。,对应源码路径、测试名称或动态验证输出；若需求未定义则记录N/A及依据,维度覆盖登记，不代表需求文档已有该断言
REQ-ADMINPORTAL-02906,non-functional,docs/PRD-非功能需求.md,原子审计维度覆盖,审计维度应有独立可验证需求断言,audit,P0,该需求域必须单独定义并验证“审计”维度。,对应源码路径、测试名称或动态验证输出；若需求未定义则记录N/A及依据,维度覆盖登记，不代表需求文档已有该断言
REQ-ADMINPORTAL-02907,non-functional,docs/PRD-非功能需求.md,原子审计维度覆盖,监控维度应有独立可验证需求断言,performance,P1,该需求域必须单独定义并验证“监控”维度。,对应源码路径、测试名称或动态验证输出；若需求未定义则记录N/A及依据,维度覆盖登记，不代表需求文档已有该断言
REQ-ADMINPORTAL-02908,non-functional,docs/PRD-非功能需求.md,原子审计维度覆盖,测试维度应有独立可验证需求断言,test,P0,该需求域必须单独定义并验证“测试”维度。,对应源码路径、测试名称或动态验证输出；若需求未定义则记录N/A及依据,维度覆盖登记，不代表需求文档已有该断言
REQ-ADMINPORTAL-02909,admin-portal,docs/PRD-组件库规范.md,原子审计维度覆盖,输入维度应有独立可验证需求断言,field,P1,该需求域必须单独定义并验证“输入”维度。,对应源码路径、测试名称或动态验证输出；若需求未定义则记录N/A及依据,维度覆盖登记，不代表需求文档已有该断言
REQ-ADMINPORTAL-02910,admin-portal,docs/PRD-组件库规范.md,原子审计维度覆盖,前置维度应有独立可验证需求断言,logic,P1,该需求域必须单独定义并验证“前置”维度。,对应源码路径、测试名称或动态验证输出；若需求未定义则记录N/A及依据,维度覆盖登记，不代表需求文档已有该断言
REQ-ADMINPORTAL-02911,admin-portal,docs/PRD-组件库规范.md,原子审计维度覆盖,角色维度应有独立可验证需求断言,permission,P1,该需求域必须单独定义并验证“角色”维度。,对应源码路径、测试名称或动态验证输出；若需求未定义则记录N/A及依据,维度覆盖登记，不代表需求文档已有该断言
REQ-ADMINPORTAL-02912,admin-portal,docs/PRD-组件库规范.md,原子审计维度覆盖,权限维度应有独立可验证需求断言,permission,P0,该需求域必须单独定义并验证“权限”维度。,对应源码路径、测试名称或动态验证输出；若需求未定义则记录N/A及依据,维度覆盖登记，不代表需求文档已有该断言
REQ-ADMINPORTAL-02913,admin-portal,docs/PRD-组件库规范.md,原子审计维度覆盖,状态维度应有独立可验证需求断言,state,P1,该需求域必须单独定义并验证“状态”维度。,对应源码路径、测试名称或动态验证输出；若需求未定义则记录N/A及依据,维度覆盖登记，不代表需求文档已有该断言
REQ-ADMINPORTAL-02914,admin-portal,docs/PRD-组件库规范.md,原子审计维度覆盖,正常维度应有独立可验证需求断言,logic,P1,该需求域必须单独定义并验证“正常”维度。,对应源码路径、测试名称或动态验证输出；若需求未定义则记录N/A及依据,维度覆盖登记，不代表需求文档已有该断言
REQ-ADMINPORTAL-02915,admin-portal,docs/PRD-组件库规范.md,原子审计维度覆盖,边界维度应有独立可验证需求断言,boundary,P1,该需求域必须单独定义并验证“边界”维度。,对应源码路径、测试名称或动态验证输出；若需求未定义则记录N/A及依据,维度覆盖登记，不代表需求文档已有该断言
REQ-ADMINPORTAL-02916,admin-portal,docs/PRD-组件库规范.md,原子审计维度覆盖,异常维度应有独立可验证需求断言,exception,P0,该需求域必须单独定义并验证“异常”维度。,对应源码路径、测试名称或动态验证输出；若需求未定义则记录N/A及依据,维度覆盖登记，不代表需求文档已有该断言
REQ-ADMINPORTAL-02917,admin-portal,docs/PRD-组件库规范.md,原子审计维度覆盖,并发维度应有独立可验证需求断言,concurrency,P1,该需求域必须单独定义并验证“并发”维度。,对应源码路径、测试名称或动态验证输出；若需求未定义则记录N/A及依据,维度覆盖登记，不代表需求文档已有该断言
REQ-ADMINPORTAL-02918,admin-portal,docs/PRD-组件库规范.md,原子审计维度覆盖,幂等维度应有独立可验证需求断言,idempotency,P1,该需求域必须单独定义并验证“幂等”维度。,对应源码路径、测试名称或动态验证输出；若需求未定义则记录N/A及依据,维度覆盖登记，不代表需求文档已有该断言
REQ-ADMINPORTAL-02919,admin-portal,docs/PRD-组件库规范.md,原子审计维度覆盖,事务维度应有独立可验证需求断言,transaction,P1,该需求域必须单独定义并验证“事务”维度。,对应源码路径、测试名称或动态验证输出；若需求未定义则记录N/A及依据,维度覆盖登记，不代表需求文档已有该断言
REQ-ADMINPORTAL-02920,admin-portal,docs/PRD-组件库规范.md,原子审计维度覆盖,回滚维度应有独立可验证需求断言,rollback,P1,该需求域必须单独定义并验证“回滚”维度。,对应源码路径、测试名称或动态验证输出；若需求未定义则记录N/A及依据,维度覆盖登记，不代表需求文档已有该断言
REQ-ADMINPORTAL-02921,admin-portal,docs/PRD-组件库规范.md,原子审计维度覆盖,落库维度应有独立可验证需求断言,db,P1,该需求域必须单独定义并验证“落库”维度。,对应源码路径、测试名称或动态验证输出；若需求未定义则记录N/A及依据,维度覆盖登记，不代表需求文档已有该断言
REQ-ADMINPORTAL-02922,admin-portal,docs/PRD-组件库规范.md,原子审计维度覆盖,缓存维度应有独立可验证需求断言,db,P1,该需求域必须单独定义并验证“缓存”维度。,对应源码路径、测试名称或动态验证输出；若需求未定义则记录N/A及依据,维度覆盖登记，不代表需求文档已有该断言
REQ-ADMINPORTAL-02923,admin-portal,docs/PRD-组件库规范.md,原子审计维度覆盖,通知维度应有独立可验证需求断言,logic,P1,该需求域必须单独定义并验证“通知”维度。,对应源码路径、测试名称或动态验证输出；若需求未定义则记录N/A及依据,维度覆盖登记，不代表需求文档已有该断言
REQ-ADMINPORTAL-02924,admin-portal,docs/PRD-组件库规范.md,原子审计维度覆盖,审计维度应有独立可验证需求断言,audit,P0,该需求域必须单独定义并验证“审计”维度。,对应源码路径、测试名称或动态验证输出；若需求未定义则记录N/A及依据,维度覆盖登记，不代表需求文档已有该断言
REQ-ADMINPORTAL-02925,admin-portal,docs/PRD-组件库规范.md,原子审计维度覆盖,监控维度应有独立可验证需求断言,performance,P1,该需求域必须单独定义并验证“监控”维度。,对应源码路径、测试名称或动态验证输出；若需求未定义则记录N/A及依据,维度覆盖登记，不代表需求文档已有该断言
REQ-ADMINPORTAL-02926,admin-portal,docs/PRD-组件库规范.md,原子审计维度覆盖,测试维度应有独立可验证需求断言,test,P0,该需求域必须单独定义并验证“测试”维度。,对应源码路径、测试名称或动态验证输出；若需求未定义则记录N/A及依据,维度覆盖登记，不代表需求文档已有该断言
REQ-ADMINPORTAL-02927,admin-portal,docs/SPEC-§4-管理后台.md,原子审计维度覆盖,输入维度应有独立可验证需求断言,field,P1,该需求域必须单独定义并验证“输入”维度。,对应源码路径、测试名称或动态验证输出；若需求未定义则记录N/A及依据,维度覆盖登记，不代表需求文档已有该断言
REQ-ADMINPORTAL-02928,admin-portal,docs/SPEC-§4-管理后台.md,原子审计维度覆盖,前置维度应有独立可验证需求断言,logic,P1,该需求域必须单独定义并验证“前置”维度。,对应源码路径、测试名称或动态验证输出；若需求未定义则记录N/A及依据,维度覆盖登记，不代表需求文档已有该断言
REQ-ADMINPORTAL-02929,admin-portal,docs/SPEC-§4-管理后台.md,原子审计维度覆盖,角色维度应有独立可验证需求断言,permission,P1,该需求域必须单独定义并验证“角色”维度。,对应源码路径、测试名称或动态验证输出；若需求未定义则记录N/A及依据,维度覆盖登记，不代表需求文档已有该断言
REQ-ADMINPORTAL-02930,admin-portal,docs/SPEC-§4-管理后台.md,原子审计维度覆盖,权限维度应有独立可验证需求断言,permission,P0,该需求域必须单独定义并验证“权限”维度。,对应源码路径、测试名称或动态验证输出；若需求未定义则记录N/A及依据,维度覆盖登记，不代表需求文档已有该断言
REQ-ADMINPORTAL-02931,admin-portal,docs/SPEC-§4-管理后台.md,原子审计维度覆盖,状态维度应有独立可验证需求断言,state,P1,该需求域必须单独定义并验证“状态”维度。,对应源码路径、测试名称或动态验证输出；若需求未定义则记录N/A及依据,维度覆盖登记，不代表需求文档已有该断言
REQ-ADMINPORTAL-02932,admin-portal,docs/SPEC-§4-管理后台.md,原子审计维度覆盖,正常维度应有独立可验证需求断言,logic,P1,该需求域必须单独定义并验证“正常”维度。,对应源码路径、测试名称或动态验证输出；若需求未定义则记录N/A及依据,维度覆盖登记，不代表需求文档已有该断言
REQ-ADMINPORTAL-02933,admin-portal,docs/SPEC-§4-管理后台.md,原子审计维度覆盖,边界维度应有独立可验证需求断言,boundary,P1,该需求域必须单独定义并验证“边界”维度。,对应源码路径、测试名称或动态验证输出；若需求未定义则记录N/A及依据,维度覆盖登记，不代表需求文档已有该断言
REQ-ADMINPORTAL-02934,admin-portal,docs/SPEC-§4-管理后台.md,原子审计维度覆盖,异常维度应有独立可验证需求断言,exception,P0,该需求域必须单独定义并验证“异常”维度。,对应源码路径、测试名称或动态验证输出；若需求未定义则记录N/A及依据,维度覆盖登记，不代表需求文档已有该断言
REQ-ADMINPORTAL-02935,admin-portal,docs/SPEC-§4-管理后台.md,原子审计维度覆盖,并发维度应有独立可验证需求断言,concurrency,P1,该需求域必须单独定义并验证“并发”维度。,对应源码路径、测试名称或动态验证输出；若需求未定义则记录N/A及依据,维度覆盖登记，不代表需求文档已有该断言
REQ-ADMINPORTAL-02936,admin-portal,docs/SPEC-§4-管理后台.md,原子审计维度覆盖,幂等维度应有独立可验证需求断言,idempotency,P1,该需求域必须单独定义并验证“幂等”维度。,对应源码路径、测试名称或动态验证输出；若需求未定义则记录N/A及依据,维度覆盖登记，不代表需求文档已有该断言
REQ-ADMINPORTAL-02937,admin-portal,docs/SPEC-§4-管理后台.md,原子审计维度覆盖,事务维度应有独立可验证需求断言,transaction,P1,该需求域必须单独定义并验证“事务”维度。,对应源码路径、测试名称或动态验证输出；若需求未定义则记录N/A及依据,维度覆盖登记，不代表需求文档已有该断言
REQ-ADMINPORTAL-02938,admin-portal,docs/SPEC-§4-管理后台.md,原子审计维度覆盖,回滚维度应有独立可验证需求断言,rollback,P1,该需求域必须单独定义并验证“回滚”维度。,对应源码路径、测试名称或动态验证输出；若需求未定义则记录N/A及依据,维度覆盖登记，不代表需求文档已有该断言
REQ-ADMINPORTAL-02939,admin-portal,docs/SPEC-§4-管理后台.md,原子审计维度覆盖,落库维度应有独立可验证需求断言,db,P1,该需求域必须单独定义并验证“落库”维度。,对应源码路径、测试名称或动态验证输出；若需求未定义则记录N/A及依据,维度覆盖登记，不代表需求文档已有该断言
REQ-ADMINPORTAL-02940,admin-portal,docs/SPEC-§4-管理后台.md,原子审计维度覆盖,缓存维度应有独立可验证需求断言,db,P1,该需求域必须单独定义并验证“缓存”维度。,对应源码路径、测试名称或动态验证输出；若需求未定义则记录N/A及依据,维度覆盖登记，不代表需求文档已有该断言
REQ-ADMINPORTAL-02941,admin-portal,docs/SPEC-§4-管理后台.md,原子审计维度覆盖,通知维度应有独立可验证需求断言,logic,P1,该需求域必须单独定义并验证“通知”维度。,对应源码路径、测试名称或动态验证输出；若需求未定义则记录N/A及依据,维度覆盖登记，不代表需求文档已有该断言
REQ-ADMINPORTAL-02942,admin-portal,docs/SPEC-§4-管理后台.md,原子审计维度覆盖,审计维度应有独立可验证需求断言,audit,P0,该需求域必须单独定义并验证“审计”维度。,对应源码路径、测试名称或动态验证输出；若需求未定义则记录N/A及依据,维度覆盖登记，不代表需求文档已有该断言
REQ-ADMINPORTAL-02943,admin-portal,docs/SPEC-§4-管理后台.md,原子审计维度覆盖,监控维度应有独立可验证需求断言,performance,P1,该需求域必须单独定义并验证“监控”维度。,对应源码路径、测试名称或动态验证输出；若需求未定义则记录N/A及依据,维度覆盖登记，不代表需求文档已有该断言
REQ-ADMINPORTAL-02944,admin-portal,docs/SPEC-§4-管理后台.md,原子审计维度覆盖,测试维度应有独立可验证需求断言,test,P0,该需求域必须单独定义并验证“测试”维度。,对应源码路径、测试名称或动态验证输出；若需求未定义则记录N/A及依据,维度覆盖登记，不代表需求文档已有该断言
REQ-ADMINPORTAL-02945,growth-operations,docs/SPEC-§8-运营增长模块.md,原子审计维度覆盖,输入维度应有独立可验证需求断言,field,P1,该需求域必须单独定义并验证“输入”维度。,对应源码路径、测试名称或动态验证输出；若需求未定义则记录N/A及依据,维度覆盖登记，不代表需求文档已有该断言
REQ-ADMINPORTAL-02946,growth-operations,docs/SPEC-§8-运营增长模块.md,原子审计维度覆盖,前置维度应有独立可验证需求断言,logic,P1,该需求域必须单独定义并验证“前置”维度。,对应源码路径、测试名称或动态验证输出；若需求未定义则记录N/A及依据,维度覆盖登记，不代表需求文档已有该断言
REQ-ADMINPORTAL-02947,growth-operations,docs/SPEC-§8-运营增长模块.md,原子审计维度覆盖,角色维度应有独立可验证需求断言,permission,P1,该需求域必须单独定义并验证“角色”维度。,对应源码路径、测试名称或动态验证输出；若需求未定义则记录N/A及依据,维度覆盖登记，不代表需求文档已有该断言
REQ-ADMINPORTAL-02948,growth-operations,docs/SPEC-§8-运营增长模块.md,原子审计维度覆盖,权限维度应有独立可验证需求断言,permission,P0,该需求域必须单独定义并验证“权限”维度。,对应源码路径、测试名称或动态验证输出；若需求未定义则记录N/A及依据,维度覆盖登记，不代表需求文档已有该断言
REQ-ADMINPORTAL-02949,growth-operations,docs/SPEC-§8-运营增长模块.md,原子审计维度覆盖,状态维度应有独立可验证需求断言,state,P1,该需求域必须单独定义并验证“状态”维度。,对应源码路径、测试名称或动态验证输出；若需求未定义则记录N/A及依据,维度覆盖登记，不代表需求文档已有该断言
REQ-ADMINPORTAL-02950,growth-operations,docs/SPEC-§8-运营增长模块.md,原子审计维度覆盖,正常维度应有独立可验证需求断言,logic,P1,该需求域必须单独定义并验证“正常”维度。,对应源码路径、测试名称或动态验证输出；若需求未定义则记录N/A及依据,维度覆盖登记，不代表需求文档已有该断言
REQ-ADMINPORTAL-02951,growth-operations,docs/SPEC-§8-运营增长模块.md,原子审计维度覆盖,边界维度应有独立可验证需求断言,boundary,P1,该需求域必须单独定义并验证“边界”维度。,对应源码路径、测试名称或动态验证输出；若需求未定义则记录N/A及依据,维度覆盖登记，不代表需求文档已有该断言
REQ-ADMINPORTAL-02952,growth-operations,docs/SPEC-§8-运营增长模块.md,原子审计维度覆盖,异常维度应有独立可验证需求断言,exception,P0,该需求域必须单独定义并验证“异常”维度。,对应源码路径、测试名称或动态验证输出；若需求未定义则记录N/A及依据,维度覆盖登记，不代表需求文档已有该断言
REQ-ADMINPORTAL-02953,growth-operations,docs/SPEC-§8-运营增长模块.md,原子审计维度覆盖,并发维度应有独立可验证需求断言,concurrency,P1,该需求域必须单独定义并验证“并发”维度。,对应源码路径、测试名称或动态验证输出；若需求未定义则记录N/A及依据,维度覆盖登记，不代表需求文档已有该断言
REQ-ADMINPORTAL-02954,growth-operations,docs/SPEC-§8-运营增长模块.md,原子审计维度覆盖,幂等维度应有独立可验证需求断言,idempotency,P1,该需求域必须单独定义并验证“幂等”维度。,对应源码路径、测试名称或动态验证输出；若需求未定义则记录N/A及依据,维度覆盖登记，不代表需求文档已有该断言
REQ-ADMINPORTAL-02955,growth-operations,docs/SPEC-§8-运营增长模块.md,原子审计维度覆盖,事务维度应有独立可验证需求断言,transaction,P1,该需求域必须单独定义并验证“事务”维度。,对应源码路径、测试名称或动态验证输出；若需求未定义则记录N/A及依据,维度覆盖登记，不代表需求文档已有该断言
REQ-ADMINPORTAL-02956,growth-operations,docs/SPEC-§8-运营增长模块.md,原子审计维度覆盖,回滚维度应有独立可验证需求断言,rollback,P1,该需求域必须单独定义并验证“回滚”维度。,对应源码路径、测试名称或动态验证输出；若需求未定义则记录N/A及依据,维度覆盖登记，不代表需求文档已有该断言
REQ-ADMINPORTAL-02957,growth-operations,docs/SPEC-§8-运营增长模块.md,原子审计维度覆盖,落库维度应有独立可验证需求断言,db,P1,该需求域必须单独定义并验证“落库”维度。,对应源码路径、测试名称或动态验证输出；若需求未定义则记录N/A及依据,维度覆盖登记，不代表需求文档已有该断言
REQ-ADMINPORTAL-02958,growth-operations,docs/SPEC-§8-运营增长模块.md,原子审计维度覆盖,缓存维度应有独立可验证需求断言,db,P1,该需求域必须单独定义并验证“缓存”维度。,对应源码路径、测试名称或动态验证输出；若需求未定义则记录N/A及依据,维度覆盖登记，不代表需求文档已有该断言
REQ-ADMINPORTAL-02959,growth-operations,docs/SPEC-§8-运营增长模块.md,原子审计维度覆盖,通知维度应有独立可验证需求断言,logic,P1,该需求域必须单独定义并验证“通知”维度。,对应源码路径、测试名称或动态验证输出；若需求未定义则记录N/A及依据,维度覆盖登记，不代表需求文档已有该断言
REQ-ADMINPORTAL-02960,growth-operations,docs/SPEC-§8-运营增长模块.md,原子审计维度覆盖,审计维度应有独立可验证需求断言,audit,P0,该需求域必须单独定义并验证“审计”维度。,对应源码路径、测试名称或动态验证输出；若需求未定义则记录N/A及依据,维度覆盖登记，不代表需求文档已有该断言
REQ-ADMINPORTAL-02961,growth-operations,docs/SPEC-§8-运营增长模块.md,原子审计维度覆盖,监控维度应有独立可验证需求断言,performance,P1,该需求域必须单独定义并验证“监控”维度。,对应源码路径、测试名称或动态验证输出；若需求未定义则记录N/A及依据,维度覆盖登记，不代表需求文档已有该断言
REQ-ADMINPORTAL-02962,growth-operations,docs/SPEC-§8-运营增长模块.md,原子审计维度覆盖,测试维度应有独立可验证需求断言,test,P0,该需求域必须单独定义并验证“测试”维度。,对应源码路径、测试名称或动态验证输出；若需求未定义则记录N/A及依据,维度覆盖登记，不代表需求文档已有该断言
REQ-ADMINPORTAL-02963,customer-support,docs/SPEC-§10-客服支撑模块.md,原子审计维度覆盖,输入维度应有独立可验证需求断言,field,P1,该需求域必须单独定义并验证“输入”维度。,对应源码路径、测试名称或动态验证输出；若需求未定义则记录N/A及依据,维度覆盖登记，不代表需求文档已有该断言
REQ-ADMINPORTAL-02964,customer-support,docs/SPEC-§10-客服支撑模块.md,原子审计维度覆盖,前置维度应有独立可验证需求断言,logic,P1,该需求域必须单独定义并验证“前置”维度。,对应源码路径、测试名称或动态验证输出；若需求未定义则记录N/A及依据,维度覆盖登记，不代表需求文档已有该断言
REQ-ADMINPORTAL-02965,customer-support,docs/SPEC-§10-客服支撑模块.md,原子审计维度覆盖,角色维度应有独立可验证需求断言,permission,P1,该需求域必须单独定义并验证“角色”维度。,对应源码路径、测试名称或动态验证输出；若需求未定义则记录N/A及依据,维度覆盖登记，不代表需求文档已有该断言
REQ-ADMINPORTAL-02966,customer-support,docs/SPEC-§10-客服支撑模块.md,原子审计维度覆盖,权限维度应有独立可验证需求断言,permission,P0,该需求域必须单独定义并验证“权限”维度。,对应源码路径、测试名称或动态验证输出；若需求未定义则记录N/A及依据,维度覆盖登记，不代表需求文档已有该断言
REQ-ADMINPORTAL-02967,customer-support,docs/SPEC-§10-客服支撑模块.md,原子审计维度覆盖,状态维度应有独立可验证需求断言,state,P1,该需求域必须单独定义并验证“状态”维度。,对应源码路径、测试名称或动态验证输出；若需求未定义则记录N/A及依据,维度覆盖登记，不代表需求文档已有该断言
REQ-ADMINPORTAL-02968,customer-support,docs/SPEC-§10-客服支撑模块.md,原子审计维度覆盖,正常维度应有独立可验证需求断言,logic,P1,该需求域必须单独定义并验证“正常”维度。,对应源码路径、测试名称或动态验证输出；若需求未定义则记录N/A及依据,维度覆盖登记，不代表需求文档已有该断言
REQ-ADMINPORTAL-02969,customer-support,docs/SPEC-§10-客服支撑模块.md,原子审计维度覆盖,边界维度应有独立可验证需求断言,boundary,P1,该需求域必须单独定义并验证“边界”维度。,对应源码路径、测试名称或动态验证输出；若需求未定义则记录N/A及依据,维度覆盖登记，不代表需求文档已有该断言
REQ-ADMINPORTAL-02970,customer-support,docs/SPEC-§10-客服支撑模块.md,原子审计维度覆盖,异常维度应有独立可验证需求断言,exception,P0,该需求域必须单独定义并验证“异常”维度。,对应源码路径、测试名称或动态验证输出；若需求未定义则记录N/A及依据,维度覆盖登记，不代表需求文档已有该断言
REQ-ADMINPORTAL-02971,customer-support,docs/SPEC-§10-客服支撑模块.md,原子审计维度覆盖,并发维度应有独立可验证需求断言,concurrency,P1,该需求域必须单独定义并验证“并发”维度。,对应源码路径、测试名称或动态验证输出；若需求未定义则记录N/A及依据,维度覆盖登记，不代表需求文档已有该断言
REQ-ADMINPORTAL-02972,customer-support,docs/SPEC-§10-客服支撑模块.md,原子审计维度覆盖,幂等维度应有独立可验证需求断言,idempotency,P1,该需求域必须单独定义并验证“幂等”维度。,对应源码路径、测试名称或动态验证输出；若需求未定义则记录N/A及依据,维度覆盖登记，不代表需求文档已有该断言
REQ-ADMINPORTAL-02973,customer-support,docs/SPEC-§10-客服支撑模块.md,原子审计维度覆盖,事务维度应有独立可验证需求断言,transaction,P1,该需求域必须单独定义并验证“事务”维度。,对应源码路径、测试名称或动态验证输出；若需求未定义则记录N/A及依据,维度覆盖登记，不代表需求文档已有该断言
REQ-ADMINPORTAL-02974,customer-support,docs/SPEC-§10-客服支撑模块.md,原子审计维度覆盖,回滚维度应有独立可验证需求断言,rollback,P1,该需求域必须单独定义并验证“回滚”维度。,对应源码路径、测试名称或动态验证输出；若需求未定义则记录N/A及依据,维度覆盖登记，不代表需求文档已有该断言
REQ-ADMINPORTAL-02975,customer-support,docs/SPEC-§10-客服支撑模块.md,原子审计维度覆盖,落库维度应有独立可验证需求断言,db,P1,该需求域必须单独定义并验证“落库”维度。,对应源码路径、测试名称或动态验证输出；若需求未定义则记录N/A及依据,维度覆盖登记，不代表需求文档已有该断言
REQ-ADMINPORTAL-02976,customer-support,docs/SPEC-§10-客服支撑模块.md,原子审计维度覆盖,缓存维度应有独立可验证需求断言,db,P1,该需求域必须单独定义并验证“缓存”维度。,对应源码路径、测试名称或动态验证输出；若需求未定义则记录N/A及依据,维度覆盖登记，不代表需求文档已有该断言
REQ-ADMINPORTAL-02977,customer-support,docs/SPEC-§10-客服支撑模块.md,原子审计维度覆盖,通知维度应有独立可验证需求断言,logic,P1,该需求域必须单独定义并验证“通知”维度。,对应源码路径、测试名称或动态验证输出；若需求未定义则记录N/A及依据,维度覆盖登记，不代表需求文档已有该断言
REQ-ADMINPORTAL-02978,customer-support,docs/SPEC-§10-客服支撑模块.md,原子审计维度覆盖,审计维度应有独立可验证需求断言,audit,P0,该需求域必须单独定义并验证“审计”维度。,对应源码路径、测试名称或动态验证输出；若需求未定义则记录N/A及依据,维度覆盖登记，不代表需求文档已有该断言
REQ-ADMINPORTAL-02979,customer-support,docs/SPEC-§10-客服支撑模块.md,原子审计维度覆盖,监控维度应有独立可验证需求断言,performance,P1,该需求域必须单独定义并验证“监控”维度。,对应源码路径、测试名称或动态验证输出；若需求未定义则记录N/A及依据,维度覆盖登记，不代表需求文档已有该断言
REQ-ADMINPORTAL-02980,customer-support,docs/SPEC-§10-客服支撑模块.md,原子审计维度覆盖,测试维度应有独立可验证需求断言,test,P0,该需求域必须单独定义并验证“测试”维度。,对应源码路径、测试名称或动态验证输出；若需求未定义则记录N/A及依据,维度覆盖登记，不代表需求文档已有该断言
REQ-ADMINPORTAL-02981,system-admin,docs/SPEC-§12-系统管理员支撑.md,原子审计维度覆盖,输入维度应有独立可验证需求断言,field,P1,该需求域必须单独定义并验证“输入”维度。,对应源码路径、测试名称或动态验证输出；若需求未定义则记录N/A及依据,维度覆盖登记，不代表需求文档已有该断言
REQ-ADMINPORTAL-02982,system-admin,docs/SPEC-§12-系统管理员支撑.md,原子审计维度覆盖,前置维度应有独立可验证需求断言,logic,P1,该需求域必须单独定义并验证“前置”维度。,对应源码路径、测试名称或动态验证输出；若需求未定义则记录N/A及依据,维度覆盖登记，不代表需求文档已有该断言
REQ-ADMINPORTAL-02983,system-admin,docs/SPEC-§12-系统管理员支撑.md,原子审计维度覆盖,角色维度应有独立可验证需求断言,permission,P1,该需求域必须单独定义并验证“角色”维度。,对应源码路径、测试名称或动态验证输出；若需求未定义则记录N/A及依据,维度覆盖登记，不代表需求文档已有该断言
REQ-ADMINPORTAL-02984,system-admin,docs/SPEC-§12-系统管理员支撑.md,原子审计维度覆盖,权限维度应有独立可验证需求断言,permission,P0,该需求域必须单独定义并验证“权限”维度。,对应源码路径、测试名称或动态验证输出；若需求未定义则记录N/A及依据,维度覆盖登记，不代表需求文档已有该断言
REQ-ADMINPORTAL-02985,system-admin,docs/SPEC-§12-系统管理员支撑.md,原子审计维度覆盖,状态维度应有独立可验证需求断言,state,P1,该需求域必须单独定义并验证“状态”维度。,对应源码路径、测试名称或动态验证输出；若需求未定义则记录N/A及依据,维度覆盖登记，不代表需求文档已有该断言
REQ-ADMINPORTAL-02986,system-admin,docs/SPEC-§12-系统管理员支撑.md,原子审计维度覆盖,正常维度应有独立可验证需求断言,logic,P1,该需求域必须单独定义并验证“正常”维度。,对应源码路径、测试名称或动态验证输出；若需求未定义则记录N/A及依据,维度覆盖登记，不代表需求文档已有该断言
REQ-ADMINPORTAL-02987,system-admin,docs/SPEC-§12-系统管理员支撑.md,原子审计维度覆盖,边界维度应有独立可验证需求断言,boundary,P1,该需求域必须单独定义并验证“边界”维度。,对应源码路径、测试名称或动态验证输出；若需求未定义则记录N/A及依据,维度覆盖登记，不代表需求文档已有该断言
REQ-ADMINPORTAL-02988,system-admin,docs/SPEC-§12-系统管理员支撑.md,原子审计维度覆盖,异常维度应有独立可验证需求断言,exception,P0,该需求域必须单独定义并验证“异常”维度。,对应源码路径、测试名称或动态验证输出；若需求未定义则记录N/A及依据,维度覆盖登记，不代表需求文档已有该断言
REQ-ADMINPORTAL-02989,system-admin,docs/SPEC-§12-系统管理员支撑.md,原子审计维度覆盖,并发维度应有独立可验证需求断言,concurrency,P1,该需求域必须单独定义并验证“并发”维度。,对应源码路径、测试名称或动态验证输出；若需求未定义则记录N/A及依据,维度覆盖登记，不代表需求文档已有该断言
REQ-ADMINPORTAL-02990,system-admin,docs/SPEC-§12-系统管理员支撑.md,原子审计维度覆盖,幂等维度应有独立可验证需求断言,idempotency,P1,该需求域必须单独定义并验证“幂等”维度。,对应源码路径、测试名称或动态验证输出；若需求未定义则记录N/A及依据,维度覆盖登记，不代表需求文档已有该断言
REQ-ADMINPORTAL-02991,system-admin,docs/SPEC-§12-系统管理员支撑.md,原子审计维度覆盖,事务维度应有独立可验证需求断言,transaction,P1,该需求域必须单独定义并验证“事务”维度。,对应源码路径、测试名称或动态验证输出；若需求未定义则记录N/A及依据,维度覆盖登记，不代表需求文档已有该断言
REQ-ADMINPORTAL-02992,system-admin,docs/SPEC-§12-系统管理员支撑.md,原子审计维度覆盖,回滚维度应有独立可验证需求断言,rollback,P1,该需求域必须单独定义并验证“回滚”维度。,对应源码路径、测试名称或动态验证输出；若需求未定义则记录N/A及依据,维度覆盖登记，不代表需求文档已有该断言
REQ-ADMINPORTAL-02993,system-admin,docs/SPEC-§12-系统管理员支撑.md,原子审计维度覆盖,落库维度应有独立可验证需求断言,db,P1,该需求域必须单独定义并验证“落库”维度。,对应源码路径、测试名称或动态验证输出；若需求未定义则记录N/A及依据,维度覆盖登记，不代表需求文档已有该断言
REQ-ADMINPORTAL-02994,system-admin,docs/SPEC-§12-系统管理员支撑.md,原子审计维度覆盖,缓存维度应有独立可验证需求断言,db,P1,该需求域必须单独定义并验证“缓存”维度。,对应源码路径、测试名称或动态验证输出；若需求未定义则记录N/A及依据,维度覆盖登记，不代表需求文档已有该断言
REQ-ADMINPORTAL-02995,system-admin,docs/SPEC-§12-系统管理员支撑.md,原子审计维度覆盖,通知维度应有独立可验证需求断言,logic,P1,该需求域必须单独定义并验证“通知”维度。,对应源码路径、测试名称或动态验证输出；若需求未定义则记录N/A及依据,维度覆盖登记，不代表需求文档已有该断言
REQ-ADMINPORTAL-02996,system-admin,docs/SPEC-§12-系统管理员支撑.md,原子审计维度覆盖,审计维度应有独立可验证需求断言,audit,P0,该需求域必须单独定义并验证“审计”维度。,对应源码路径、测试名称或动态验证输出；若需求未定义则记录N/A及依据,维度覆盖登记，不代表需求文档已有该断言
REQ-ADMINPORTAL-02997,system-admin,docs/SPEC-§12-系统管理员支撑.md,原子审计维度覆盖,监控维度应有独立可验证需求断言,performance,P1,该需求域必须单独定义并验证“监控”维度。,对应源码路径、测试名称或动态验证输出；若需求未定义则记录N/A及依据,维度覆盖登记，不代表需求文档已有该断言
REQ-ADMINPORTAL-02998,system-admin,docs/SPEC-§12-系统管理员支撑.md,原子审计维度覆盖,测试维度应有独立可验证需求断言,test,P0,该需求域必须单独定义并验证“测试”维度。,对应源码路径、测试名称或动态验证输出；若需求未定义则记录N/A及依据,维度覆盖登记，不代表需求文档已有该断言
REQ-ADMINPORTAL-02999,admin-portal,docs/SPEC-§13-数据迁移方案.md,原子审计维度覆盖,输入维度应有独立可验证需求断言,field,P1,该需求域必须单独定义并验证“输入”维度。,对应源码路径、测试名称或动态验证输出；若需求未定义则记录N/A及依据,维度覆盖登记，不代表需求文档已有该断言
REQ-ADMINPORTAL-03000,admin-portal,docs/SPEC-§13-数据迁移方案.md,原子审计维度覆盖,前置维度应有独立可验证需求断言,logic,P1,该需求域必须单独定义并验证“前置”维度。,对应源码路径、测试名称或动态验证输出；若需求未定义则记录N/A及依据,维度覆盖登记，不代表需求文档已有该断言
REQ-ADMINPORTAL-03001,admin-portal,docs/SPEC-§13-数据迁移方案.md,原子审计维度覆盖,角色维度应有独立可验证需求断言,permission,P1,该需求域必须单独定义并验证“角色”维度。,对应源码路径、测试名称或动态验证输出；若需求未定义则记录N/A及依据,维度覆盖登记，不代表需求文档已有该断言
REQ-ADMINPORTAL-03002,admin-portal,docs/SPEC-§13-数据迁移方案.md,原子审计维度覆盖,权限维度应有独立可验证需求断言,permission,P0,该需求域必须单独定义并验证“权限”维度。,对应源码路径、测试名称或动态验证输出；若需求未定义则记录N/A及依据,维度覆盖登记，不代表需求文档已有该断言
REQ-ADMINPORTAL-03003,admin-portal,docs/SPEC-§13-数据迁移方案.md,原子审计维度覆盖,状态维度应有独立可验证需求断言,state,P1,该需求域必须单独定义并验证“状态”维度。,对应源码路径、测试名称或动态验证输出；若需求未定义则记录N/A及依据,维度覆盖登记，不代表需求文档已有该断言
REQ-ADMINPORTAL-03004,admin-portal,docs/SPEC-§13-数据迁移方案.md,原子审计维度覆盖,正常维度应有独立可验证需求断言,logic,P1,该需求域必须单独定义并验证“正常”维度。,对应源码路径、测试名称或动态验证输出；若需求未定义则记录N/A及依据,维度覆盖登记，不代表需求文档已有该断言
REQ-ADMINPORTAL-03005,admin-portal,docs/SPEC-§13-数据迁移方案.md,原子审计维度覆盖,边界维度应有独立可验证需求断言,boundary,P1,该需求域必须单独定义并验证“边界”维度。,对应源码路径、测试名称或动态验证输出；若需求未定义则记录N/A及依据,维度覆盖登记，不代表需求文档已有该断言
REQ-ADMINPORTAL-03006,admin-portal,docs/SPEC-§13-数据迁移方案.md,原子审计维度覆盖,异常维度应有独立可验证需求断言,exception,P0,该需求域必须单独定义并验证“异常”维度。,对应源码路径、测试名称或动态验证输出；若需求未定义则记录N/A及依据,维度覆盖登记，不代表需求文档已有该断言
REQ-ADMINPORTAL-03007,admin-portal,docs/SPEC-§13-数据迁移方案.md,原子审计维度覆盖,并发维度应有独立可验证需求断言,concurrency,P1,该需求域必须单独定义并验证“并发”维度。,对应源码路径、测试名称或动态验证输出；若需求未定义则记录N/A及依据,维度覆盖登记，不代表需求文档已有该断言
REQ-ADMINPORTAL-03008,admin-portal,docs/SPEC-§13-数据迁移方案.md,原子审计维度覆盖,幂等维度应有独立可验证需求断言,idempotency,P1,该需求域必须单独定义并验证“幂等”维度。,对应源码路径、测试名称或动态验证输出；若需求未定义则记录N/A及依据,维度覆盖登记，不代表需求文档已有该断言
REQ-ADMINPORTAL-03009,admin-portal,docs/SPEC-§13-数据迁移方案.md,原子审计维度覆盖,事务维度应有独立可验证需求断言,transaction,P1,该需求域必须单独定义并验证“事务”维度。,对应源码路径、测试名称或动态验证输出；若需求未定义则记录N/A及依据,维度覆盖登记，不代表需求文档已有该断言
REQ-ADMINPORTAL-03010,admin-portal,docs/SPEC-§13-数据迁移方案.md,原子审计维度覆盖,回滚维度应有独立可验证需求断言,rollback,P1,该需求域必须单独定义并验证“回滚”维度。,对应源码路径、测试名称或动态验证输出；若需求未定义则记录N/A及依据,维度覆盖登记，不代表需求文档已有该断言
REQ-ADMINPORTAL-03011,admin-portal,docs/SPEC-§13-数据迁移方案.md,原子审计维度覆盖,落库维度应有独立可验证需求断言,db,P1,该需求域必须单独定义并验证“落库”维度。,对应源码路径、测试名称或动态验证输出；若需求未定义则记录N/A及依据,维度覆盖登记，不代表需求文档已有该断言
REQ-ADMINPORTAL-03012,admin-portal,docs/SPEC-§13-数据迁移方案.md,原子审计维度覆盖,缓存维度应有独立可验证需求断言,db,P1,该需求域必须单独定义并验证“缓存”维度。,对应源码路径、测试名称或动态验证输出；若需求未定义则记录N/A及依据,维度覆盖登记，不代表需求文档已有该断言
REQ-ADMINPORTAL-03013,admin-portal,docs/SPEC-§13-数据迁移方案.md,原子审计维度覆盖,通知维度应有独立可验证需求断言,logic,P1,该需求域必须单独定义并验证“通知”维度。,对应源码路径、测试名称或动态验证输出；若需求未定义则记录N/A及依据,维度覆盖登记，不代表需求文档已有该断言
REQ-ADMINPORTAL-03014,admin-portal,docs/SPEC-§13-数据迁移方案.md,原子审计维度覆盖,审计维度应有独立可验证需求断言,audit,P0,该需求域必须单独定义并验证“审计”维度。,对应源码路径、测试名称或动态验证输出；若需求未定义则记录N/A及依据,维度覆盖登记，不代表需求文档已有该断言
REQ-ADMINPORTAL-03015,admin-portal,docs/SPEC-§13-数据迁移方案.md,原子审计维度覆盖,监控维度应有独立可验证需求断言,performance,P1,该需求域必须单独定义并验证“监控”维度。,对应源码路径、测试名称或动态验证输出；若需求未定义则记录N/A及依据,维度覆盖登记，不代表需求文档已有该断言
REQ-ADMINPORTAL-03016,admin-portal,docs/SPEC-§13-数据迁移方案.md,原子审计维度覆盖,测试维度应有独立可验证需求断言,test,P0,该需求域必须单独定义并验证“测试”维度。,对应源码路径、测试名称或动态验证输出；若需求未定义则记录N/A及依据,维度覆盖登记，不代表需求文档已有该断言
REQ-ADMINPORTAL-03017,admin-portal,docs/SPEC-§14-错误码规范.md,原子审计维度覆盖,输入维度应有独立可验证需求断言,field,P1,该需求域必须单独定义并验证“输入”维度。,对应源码路径、测试名称或动态验证输出；若需求未定义则记录N/A及依据,维度覆盖登记，不代表需求文档已有该断言
REQ-ADMINPORTAL-03018,admin-portal,docs/SPEC-§14-错误码规范.md,原子审计维度覆盖,前置维度应有独立可验证需求断言,logic,P1,该需求域必须单独定义并验证“前置”维度。,对应源码路径、测试名称或动态验证输出；若需求未定义则记录N/A及依据,维度覆盖登记，不代表需求文档已有该断言
REQ-ADMINPORTAL-03019,admin-portal,docs/SPEC-§14-错误码规范.md,原子审计维度覆盖,角色维度应有独立可验证需求断言,permission,P1,该需求域必须单独定义并验证“角色”维度。,对应源码路径、测试名称或动态验证输出；若需求未定义则记录N/A及依据,维度覆盖登记，不代表需求文档已有该断言
REQ-ADMINPORTAL-03020,admin-portal,docs/SPEC-§14-错误码规范.md,原子审计维度覆盖,权限维度应有独立可验证需求断言,permission,P0,该需求域必须单独定义并验证“权限”维度。,对应源码路径、测试名称或动态验证输出；若需求未定义则记录N/A及依据,维度覆盖登记，不代表需求文档已有该断言
REQ-ADMINPORTAL-03021,admin-portal,docs/SPEC-§14-错误码规范.md,原子审计维度覆盖,状态维度应有独立可验证需求断言,state,P1,该需求域必须单独定义并验证“状态”维度。,对应源码路径、测试名称或动态验证输出；若需求未定义则记录N/A及依据,维度覆盖登记，不代表需求文档已有该断言
REQ-ADMINPORTAL-03022,admin-portal,docs/SPEC-§14-错误码规范.md,原子审计维度覆盖,正常维度应有独立可验证需求断言,logic,P1,该需求域必须单独定义并验证“正常”维度。,对应源码路径、测试名称或动态验证输出；若需求未定义则记录N/A及依据,维度覆盖登记，不代表需求文档已有该断言
REQ-ADMINPORTAL-03023,admin-portal,docs/SPEC-§14-错误码规范.md,原子审计维度覆盖,边界维度应有独立可验证需求断言,boundary,P1,该需求域必须单独定义并验证“边界”维度。,对应源码路径、测试名称或动态验证输出；若需求未定义则记录N/A及依据,维度覆盖登记，不代表需求文档已有该断言
REQ-ADMINPORTAL-03024,admin-portal,docs/SPEC-§14-错误码规范.md,原子审计维度覆盖,异常维度应有独立可验证需求断言,exception,P0,该需求域必须单独定义并验证“异常”维度。,对应源码路径、测试名称或动态验证输出；若需求未定义则记录N/A及依据,维度覆盖登记，不代表需求文档已有该断言
REQ-ADMINPORTAL-03025,admin-portal,docs/SPEC-§14-错误码规范.md,原子审计维度覆盖,并发维度应有独立可验证需求断言,concurrency,P1,该需求域必须单独定义并验证“并发”维度。,对应源码路径、测试名称或动态验证输出；若需求未定义则记录N/A及依据,维度覆盖登记，不代表需求文档已有该断言
REQ-ADMINPORTAL-03026,admin-portal,docs/SPEC-§14-错误码规范.md,原子审计维度覆盖,幂等维度应有独立可验证需求断言,idempotency,P1,该需求域必须单独定义并验证“幂等”维度。,对应源码路径、测试名称或动态验证输出；若需求未定义则记录N/A及依据,维度覆盖登记，不代表需求文档已有该断言
REQ-ADMINPORTAL-03027,admin-portal,docs/SPEC-§14-错误码规范.md,原子审计维度覆盖,事务维度应有独立可验证需求断言,transaction,P1,该需求域必须单独定义并验证“事务”维度。,对应源码路径、测试名称或动态验证输出；若需求未定义则记录N/A及依据,维度覆盖登记，不代表需求文档已有该断言
REQ-ADMINPORTAL-03028,admin-portal,docs/SPEC-§14-错误码规范.md,原子审计维度覆盖,回滚维度应有独立可验证需求断言,rollback,P1,该需求域必须单独定义并验证“回滚”维度。,对应源码路径、测试名称或动态验证输出；若需求未定义则记录N/A及依据,维度覆盖登记，不代表需求文档已有该断言
REQ-ADMINPORTAL-03029,admin-portal,docs/SPEC-§14-错误码规范.md,原子审计维度覆盖,落库维度应有独立可验证需求断言,db,P1,该需求域必须单独定义并验证“落库”维度。,对应源码路径、测试名称或动态验证输出；若需求未定义则记录N/A及依据,维度覆盖登记，不代表需求文档已有该断言
REQ-ADMINPORTAL-03030,admin-portal,docs/SPEC-§14-错误码规范.md,原子审计维度覆盖,缓存维度应有独立可验证需求断言,db,P1,该需求域必须单独定义并验证“缓存”维度。,对应源码路径、测试名称或动态验证输出；若需求未定义则记录N/A及依据,维度覆盖登记，不代表需求文档已有该断言
REQ-ADMINPORTAL-03031,admin-portal,docs/SPEC-§14-错误码规范.md,原子审计维度覆盖,通知维度应有独立可验证需求断言,logic,P1,该需求域必须单独定义并验证“通知”维度。,对应源码路径、测试名称或动态验证输出；若需求未定义则记录N/A及依据,维度覆盖登记，不代表需求文档已有该断言
REQ-ADMINPORTAL-03032,admin-portal,docs/SPEC-§14-错误码规范.md,原子审计维度覆盖,审计维度应有独立可验证需求断言,audit,P0,该需求域必须单独定义并验证“审计”维度。,对应源码路径、测试名称或动态验证输出；若需求未定义则记录N/A及依据,维度覆盖登记，不代表需求文档已有该断言
REQ-ADMINPORTAL-03033,admin-portal,docs/SPEC-§14-错误码规范.md,原子审计维度覆盖,监控维度应有独立可验证需求断言,performance,P1,该需求域必须单独定义并验证“监控”维度。,对应源码路径、测试名称或动态验证输出；若需求未定义则记录N/A及依据,维度覆盖登记，不代表需求文档已有该断言
REQ-ADMINPORTAL-03034,admin-portal,docs/SPEC-§14-错误码规范.md,原子审计维度覆盖,测试维度应有独立可验证需求断言,test,P0,该需求域必须单独定义并验证“测试”维度。,对应源码路径、测试名称或动态验证输出；若需求未定义则记录N/A及依据,维度覆盖登记，不代表需求文档已有该断言
REQ-ADMINPORTAL-03035,admin-portal,docs/SPEC-§15-前端组件库规范.md,原子审计维度覆盖,输入维度应有独立可验证需求断言,field,P1,该需求域必须单独定义并验证“输入”维度。,对应源码路径、测试名称或动态验证输出；若需求未定义则记录N/A及依据,维度覆盖登记，不代表需求文档已有该断言
REQ-ADMINPORTAL-03036,admin-portal,docs/SPEC-§15-前端组件库规范.md,原子审计维度覆盖,前置维度应有独立可验证需求断言,logic,P1,该需求域必须单独定义并验证“前置”维度。,对应源码路径、测试名称或动态验证输出；若需求未定义则记录N/A及依据,维度覆盖登记，不代表需求文档已有该断言
REQ-ADMINPORTAL-03037,admin-portal,docs/SPEC-§15-前端组件库规范.md,原子审计维度覆盖,角色维度应有独立可验证需求断言,permission,P1,该需求域必须单独定义并验证“角色”维度。,对应源码路径、测试名称或动态验证输出；若需求未定义则记录N/A及依据,维度覆盖登记，不代表需求文档已有该断言
REQ-ADMINPORTAL-03038,admin-portal,docs/SPEC-§15-前端组件库规范.md,原子审计维度覆盖,权限维度应有独立可验证需求断言,permission,P0,该需求域必须单独定义并验证“权限”维度。,对应源码路径、测试名称或动态验证输出；若需求未定义则记录N/A及依据,维度覆盖登记，不代表需求文档已有该断言
REQ-ADMINPORTAL-03039,admin-portal,docs/SPEC-§15-前端组件库规范.md,原子审计维度覆盖,状态维度应有独立可验证需求断言,state,P1,该需求域必须单独定义并验证“状态”维度。,对应源码路径、测试名称或动态验证输出；若需求未定义则记录N/A及依据,维度覆盖登记，不代表需求文档已有该断言
REQ-ADMINPORTAL-03040,admin-portal,docs/SPEC-§15-前端组件库规范.md,原子审计维度覆盖,正常维度应有独立可验证需求断言,logic,P1,该需求域必须单独定义并验证“正常”维度。,对应源码路径、测试名称或动态验证输出；若需求未定义则记录N/A及依据,维度覆盖登记，不代表需求文档已有该断言
REQ-ADMINPORTAL-03041,admin-portal,docs/SPEC-§15-前端组件库规范.md,原子审计维度覆盖,边界维度应有独立可验证需求断言,boundary,P1,该需求域必须单独定义并验证“边界”维度。,对应源码路径、测试名称或动态验证输出；若需求未定义则记录N/A及依据,维度覆盖登记，不代表需求文档已有该断言
REQ-ADMINPORTAL-03042,admin-portal,docs/SPEC-§15-前端组件库规范.md,原子审计维度覆盖,异常维度应有独立可验证需求断言,exception,P0,该需求域必须单独定义并验证“异常”维度。,对应源码路径、测试名称或动态验证输出；若需求未定义则记录N/A及依据,维度覆盖登记，不代表需求文档已有该断言
REQ-ADMINPORTAL-03043,admin-portal,docs/SPEC-§15-前端组件库规范.md,原子审计维度覆盖,并发维度应有独立可验证需求断言,concurrency,P1,该需求域必须单独定义并验证“并发”维度。,对应源码路径、测试名称或动态验证输出；若需求未定义则记录N/A及依据,维度覆盖登记，不代表需求文档已有该断言
REQ-ADMINPORTAL-03044,admin-portal,docs/SPEC-§15-前端组件库规范.md,原子审计维度覆盖,幂等维度应有独立可验证需求断言,idempotency,P1,该需求域必须单独定义并验证“幂等”维度。,对应源码路径、测试名称或动态验证输出；若需求未定义则记录N/A及依据,维度覆盖登记，不代表需求文档已有该断言
REQ-ADMINPORTAL-03045,admin-portal,docs/SPEC-§15-前端组件库规范.md,原子审计维度覆盖,事务维度应有独立可验证需求断言,transaction,P1,该需求域必须单独定义并验证“事务”维度。,对应源码路径、测试名称或动态验证输出；若需求未定义则记录N/A及依据,维度覆盖登记，不代表需求文档已有该断言
REQ-ADMINPORTAL-03046,admin-portal,docs/SPEC-§15-前端组件库规范.md,原子审计维度覆盖,回滚维度应有独立可验证需求断言,rollback,P1,该需求域必须单独定义并验证“回滚”维度。,对应源码路径、测试名称或动态验证输出；若需求未定义则记录N/A及依据,维度覆盖登记，不代表需求文档已有该断言
REQ-ADMINPORTAL-03047,admin-portal,docs/SPEC-§15-前端组件库规范.md,原子审计维度覆盖,落库维度应有独立可验证需求断言,db,P1,该需求域必须单独定义并验证“落库”维度。,对应源码路径、测试名称或动态验证输出；若需求未定义则记录N/A及依据,维度覆盖登记，不代表需求文档已有该断言
REQ-ADMINPORTAL-03048,admin-portal,docs/SPEC-§15-前端组件库规范.md,原子审计维度覆盖,缓存维度应有独立可验证需求断言,db,P1,该需求域必须单独定义并验证“缓存”维度。,对应源码路径、测试名称或动态验证输出；若需求未定义则记录N/A及依据,维度覆盖登记，不代表需求文档已有该断言
REQ-ADMINPORTAL-03049,admin-portal,docs/SPEC-§15-前端组件库规范.md,原子审计维度覆盖,通知维度应有独立可验证需求断言,logic,P1,该需求域必须单独定义并验证“通知”维度。,对应源码路径、测试名称或动态验证输出；若需求未定义则记录N/A及依据,维度覆盖登记，不代表需求文档已有该断言
REQ-ADMINPORTAL-03050,admin-portal,docs/SPEC-§15-前端组件库规范.md,原子审计维度覆盖,审计维度应有独立可验证需求断言,audit,P0,该需求域必须单独定义并验证“审计”维度。,对应源码路径、测试名称或动态验证输出；若需求未定义则记录N/A及依据,维度覆盖登记，不代表需求文档已有该断言
REQ-ADMINPORTAL-03051,admin-portal,docs/SPEC-§15-前端组件库规范.md,原子审计维度覆盖,监控维度应有独立可验证需求断言,performance,P1,该需求域必须单独定义并验证“监控”维度。,对应源码路径、测试名称或动态验证输出；若需求未定义则记录N/A及依据,维度覆盖登记，不代表需求文档已有该断言
REQ-ADMINPORTAL-03052,admin-portal,docs/SPEC-§15-前端组件库规范.md,原子审计维度覆盖,测试维度应有独立可验证需求断言,test,P0,该需求域必须单独定义并验证“测试”维度。,对应源码路径、测试名称或动态验证输出；若需求未定义则记录N/A及依据,维度覆盖登记，不代表需求文档已有该断言
REQ-ADMINPORTAL-03053,integrations-sso,docs/SPEC-§16-第三方集成.md,原子审计维度覆盖,输入维度应有独立可验证需求断言,field,P1,该需求域必须单独定义并验证“输入”维度。,对应源码路径、测试名称或动态验证输出；若需求未定义则记录N/A及依据,维度覆盖登记，不代表需求文档已有该断言
REQ-ADMINPORTAL-03054,integrations-sso,docs/SPEC-§16-第三方集成.md,原子审计维度覆盖,前置维度应有独立可验证需求断言,logic,P1,该需求域必须单独定义并验证“前置”维度。,对应源码路径、测试名称或动态验证输出；若需求未定义则记录N/A及依据,维度覆盖登记，不代表需求文档已有该断言
REQ-ADMINPORTAL-03055,integrations-sso,docs/SPEC-§16-第三方集成.md,原子审计维度覆盖,角色维度应有独立可验证需求断言,permission,P1,该需求域必须单独定义并验证“角色”维度。,对应源码路径、测试名称或动态验证输出；若需求未定义则记录N/A及依据,维度覆盖登记，不代表需求文档已有该断言
REQ-ADMINPORTAL-03056,integrations-sso,docs/SPEC-§16-第三方集成.md,原子审计维度覆盖,权限维度应有独立可验证需求断言,permission,P0,该需求域必须单独定义并验证“权限”维度。,对应源码路径、测试名称或动态验证输出；若需求未定义则记录N/A及依据,维度覆盖登记，不代表需求文档已有该断言
REQ-ADMINPORTAL-03057,integrations-sso,docs/SPEC-§16-第三方集成.md,原子审计维度覆盖,状态维度应有独立可验证需求断言,state,P1,该需求域必须单独定义并验证“状态”维度。,对应源码路径、测试名称或动态验证输出；若需求未定义则记录N/A及依据,维度覆盖登记，不代表需求文档已有该断言
REQ-ADMINPORTAL-03058,integrations-sso,docs/SPEC-§16-第三方集成.md,原子审计维度覆盖,正常维度应有独立可验证需求断言,logic,P1,该需求域必须单独定义并验证“正常”维度。,对应源码路径、测试名称或动态验证输出；若需求未定义则记录N/A及依据,维度覆盖登记，不代表需求文档已有该断言
REQ-ADMINPORTAL-03059,integrations-sso,docs/SPEC-§16-第三方集成.md,原子审计维度覆盖,边界维度应有独立可验证需求断言,boundary,P1,该需求域必须单独定义并验证“边界”维度。,对应源码路径、测试名称或动态验证输出；若需求未定义则记录N/A及依据,维度覆盖登记，不代表需求文档已有该断言
REQ-ADMINPORTAL-03060,integrations-sso,docs/SPEC-§16-第三方集成.md,原子审计维度覆盖,异常维度应有独立可验证需求断言,exception,P0,该需求域必须单独定义并验证“异常”维度。,对应源码路径、测试名称或动态验证输出；若需求未定义则记录N/A及依据,维度覆盖登记，不代表需求文档已有该断言
REQ-ADMINPORTAL-03061,integrations-sso,docs/SPEC-§16-第三方集成.md,原子审计维度覆盖,并发维度应有独立可验证需求断言,concurrency,P1,该需求域必须单独定义并验证“并发”维度。,对应源码路径、测试名称或动态验证输出；若需求未定义则记录N/A及依据,维度覆盖登记，不代表需求文档已有该断言
REQ-ADMINPORTAL-03062,integrations-sso,docs/SPEC-§16-第三方集成.md,原子审计维度覆盖,幂等维度应有独立可验证需求断言,idempotency,P1,该需求域必须单独定义并验证“幂等”维度。,对应源码路径、测试名称或动态验证输出；若需求未定义则记录N/A及依据,维度覆盖登记，不代表需求文档已有该断言
REQ-ADMINPORTAL-03063,integrations-sso,docs/SPEC-§16-第三方集成.md,原子审计维度覆盖,事务维度应有独立可验证需求断言,transaction,P1,该需求域必须单独定义并验证“事务”维度。,对应源码路径、测试名称或动态验证输出；若需求未定义则记录N/A及依据,维度覆盖登记，不代表需求文档已有该断言
REQ-ADMINPORTAL-03064,integrations-sso,docs/SPEC-§16-第三方集成.md,原子审计维度覆盖,回滚维度应有独立可验证需求断言,rollback,P1,该需求域必须单独定义并验证“回滚”维度。,对应源码路径、测试名称或动态验证输出；若需求未定义则记录N/A及依据,维度覆盖登记，不代表需求文档已有该断言
REQ-ADMINPORTAL-03065,integrations-sso,docs/SPEC-§16-第三方集成.md,原子审计维度覆盖,落库维度应有独立可验证需求断言,db,P1,该需求域必须单独定义并验证“落库”维度。,对应源码路径、测试名称或动态验证输出；若需求未定义则记录N/A及依据,维度覆盖登记，不代表需求文档已有该断言
REQ-ADMINPORTAL-03066,integrations-sso,docs/SPEC-§16-第三方集成.md,原子审计维度覆盖,缓存维度应有独立可验证需求断言,db,P1,该需求域必须单独定义并验证“缓存”维度。,对应源码路径、测试名称或动态验证输出；若需求未定义则记录N/A及依据,维度覆盖登记，不代表需求文档已有该断言
REQ-ADMINPORTAL-03067,integrations-sso,docs/SPEC-§16-第三方集成.md,原子审计维度覆盖,通知维度应有独立可验证需求断言,logic,P1,该需求域必须单独定义并验证“通知”维度。,对应源码路径、测试名称或动态验证输出；若需求未定义则记录N/A及依据,维度覆盖登记，不代表需求文档已有该断言
REQ-ADMINPORTAL-03068,integrations-sso,docs/SPEC-§16-第三方集成.md,原子审计维度覆盖,审计维度应有独立可验证需求断言,audit,P0,该需求域必须单独定义并验证“审计”维度。,对应源码路径、测试名称或动态验证输出；若需求未定义则记录N/A及依据,维度覆盖登记，不代表需求文档已有该断言
REQ-ADMINPORTAL-03069,integrations-sso,docs/SPEC-§16-第三方集成.md,原子审计维度覆盖,监控维度应有独立可验证需求断言,performance,P1,该需求域必须单独定义并验证“监控”维度。,对应源码路径、测试名称或动态验证输出；若需求未定义则记录N/A及依据,维度覆盖登记，不代表需求文档已有该断言
REQ-ADMINPORTAL-03070,integrations-sso,docs/SPEC-§16-第三方集成.md,原子审计维度覆盖,测试维度应有独立可验证需求断言,test,P0,该需求域必须单独定义并验证“测试”维度。,对应源码路径、测试名称或动态验证输出；若需求未定义则记录N/A及依据,维度覆盖登记，不代表需求文档已有该断言
REQ-ADMINPORTAL-03071,admin-portal,docs/SPEC-§23-系统级能力增强.md,原子审计维度覆盖,输入维度应有独立可验证需求断言,field,P1,该需求域必须单独定义并验证“输入”维度。,对应源码路径、测试名称或动态验证输出；若需求未定义则记录N/A及依据,维度覆盖登记，不代表需求文档已有该断言
REQ-ADMINPORTAL-03072,admin-portal,docs/SPEC-§23-系统级能力增强.md,原子审计维度覆盖,前置维度应有独立可验证需求断言,logic,P1,该需求域必须单独定义并验证“前置”维度。,对应源码路径、测试名称或动态验证输出；若需求未定义则记录N/A及依据,维度覆盖登记，不代表需求文档已有该断言
REQ-ADMINPORTAL-03073,admin-portal,docs/SPEC-§23-系统级能力增强.md,原子审计维度覆盖,角色维度应有独立可验证需求断言,permission,P1,该需求域必须单独定义并验证“角色”维度。,对应源码路径、测试名称或动态验证输出；若需求未定义则记录N/A及依据,维度覆盖登记，不代表需求文档已有该断言
REQ-ADMINPORTAL-03074,admin-portal,docs/SPEC-§23-系统级能力增强.md,原子审计维度覆盖,权限维度应有独立可验证需求断言,permission,P0,该需求域必须单独定义并验证“权限”维度。,对应源码路径、测试名称或动态验证输出；若需求未定义则记录N/A及依据,维度覆盖登记，不代表需求文档已有该断言
REQ-ADMINPORTAL-03075,admin-portal,docs/SPEC-§23-系统级能力增强.md,原子审计维度覆盖,状态维度应有独立可验证需求断言,state,P1,该需求域必须单独定义并验证“状态”维度。,对应源码路径、测试名称或动态验证输出；若需求未定义则记录N/A及依据,维度覆盖登记，不代表需求文档已有该断言
REQ-ADMINPORTAL-03076,admin-portal,docs/SPEC-§23-系统级能力增强.md,原子审计维度覆盖,正常维度应有独立可验证需求断言,logic,P1,该需求域必须单独定义并验证“正常”维度。,对应源码路径、测试名称或动态验证输出；若需求未定义则记录N/A及依据,维度覆盖登记，不代表需求文档已有该断言
REQ-ADMINPORTAL-03077,admin-portal,docs/SPEC-§23-系统级能力增强.md,原子审计维度覆盖,边界维度应有独立可验证需求断言,boundary,P1,该需求域必须单独定义并验证“边界”维度。,对应源码路径、测试名称或动态验证输出；若需求未定义则记录N/A及依据,维度覆盖登记，不代表需求文档已有该断言
REQ-ADMINPORTAL-03078,admin-portal,docs/SPEC-§23-系统级能力增强.md,原子审计维度覆盖,异常维度应有独立可验证需求断言,exception,P0,该需求域必须单独定义并验证“异常”维度。,对应源码路径、测试名称或动态验证输出；若需求未定义则记录N/A及依据,维度覆盖登记，不代表需求文档已有该断言
REQ-ADMINPORTAL-03079,admin-portal,docs/SPEC-§23-系统级能力增强.md,原子审计维度覆盖,并发维度应有独立可验证需求断言,concurrency,P1,该需求域必须单独定义并验证“并发”维度。,对应源码路径、测试名称或动态验证输出；若需求未定义则记录N/A及依据,维度覆盖登记，不代表需求文档已有该断言
REQ-ADMINPORTAL-03080,admin-portal,docs/SPEC-§23-系统级能力增强.md,原子审计维度覆盖,幂等维度应有独立可验证需求断言,idempotency,P1,该需求域必须单独定义并验证“幂等”维度。,对应源码路径、测试名称或动态验证输出；若需求未定义则记录N/A及依据,维度覆盖登记，不代表需求文档已有该断言
REQ-ADMINPORTAL-03081,admin-portal,docs/SPEC-§23-系统级能力增强.md,原子审计维度覆盖,事务维度应有独立可验证需求断言,transaction,P1,该需求域必须单独定义并验证“事务”维度。,对应源码路径、测试名称或动态验证输出；若需求未定义则记录N/A及依据,维度覆盖登记，不代表需求文档已有该断言
REQ-ADMINPORTAL-03082,admin-portal,docs/SPEC-§23-系统级能力增强.md,原子审计维度覆盖,回滚维度应有独立可验证需求断言,rollback,P1,该需求域必须单独定义并验证“回滚”维度。,对应源码路径、测试名称或动态验证输出；若需求未定义则记录N/A及依据,维度覆盖登记，不代表需求文档已有该断言
REQ-ADMINPORTAL-03083,admin-portal,docs/SPEC-§23-系统级能力增强.md,原子审计维度覆盖,落库维度应有独立可验证需求断言,db,P1,该需求域必须单独定义并验证“落库”维度。,对应源码路径、测试名称或动态验证输出；若需求未定义则记录N/A及依据,维度覆盖登记，不代表需求文档已有该断言
REQ-ADMINPORTAL-03084,admin-portal,docs/SPEC-§23-系统级能力增强.md,原子审计维度覆盖,缓存维度应有独立可验证需求断言,db,P1,该需求域必须单独定义并验证“缓存”维度。,对应源码路径、测试名称或动态验证输出；若需求未定义则记录N/A及依据,维度覆盖登记，不代表需求文档已有该断言
REQ-ADMINPORTAL-03085,admin-portal,docs/SPEC-§23-系统级能力增强.md,原子审计维度覆盖,通知维度应有独立可验证需求断言,logic,P1,该需求域必须单独定义并验证“通知”维度。,对应源码路径、测试名称或动态验证输出；若需求未定义则记录N/A及依据,维度覆盖登记，不代表需求文档已有该断言
REQ-ADMINPORTAL-03086,admin-portal,docs/SPEC-§23-系统级能力增强.md,原子审计维度覆盖,审计维度应有独立可验证需求断言,audit,P0,该需求域必须单独定义并验证“审计”维度。,对应源码路径、测试名称或动态验证输出；若需求未定义则记录N/A及依据,维度覆盖登记，不代表需求文档已有该断言
REQ-ADMINPORTAL-03087,admin-portal,docs/SPEC-§23-系统级能力增强.md,原子审计维度覆盖,监控维度应有独立可验证需求断言,performance,P1,该需求域必须单独定义并验证“监控”维度。,对应源码路径、测试名称或动态验证输出；若需求未定义则记录N/A及依据,维度覆盖登记，不代表需求文档已有该断言
REQ-ADMINPORTAL-03088,admin-portal,docs/SPEC-§23-系统级能力增强.md,原子审计维度覆盖,测试维度应有独立可验证需求断言,test,P0,该需求域必须单独定义并验证“测试”维度。,对应源码路径、测试名称或动态验证输出；若需求未定义则记录N/A及依据,维度覆盖登记，不代表需求文档已有该断言
REQ-ADMINPORTAL-03089,customer-support,docs/SPEC-§28-智能客服与测试工具.md,原子审计维度覆盖,输入维度应有独立可验证需求断言,field,P1,该需求域必须单独定义并验证“输入”维度。,对应源码路径、测试名称或动态验证输出；若需求未定义则记录N/A及依据,维度覆盖登记，不代表需求文档已有该断言
REQ-ADMINPORTAL-03090,customer-support,docs/SPEC-§28-智能客服与测试工具.md,原子审计维度覆盖,前置维度应有独立可验证需求断言,logic,P1,该需求域必须单独定义并验证“前置”维度。,对应源码路径、测试名称或动态验证输出；若需求未定义则记录N/A及依据,维度覆盖登记，不代表需求文档已有该断言
REQ-ADMINPORTAL-03091,customer-support,docs/SPEC-§28-智能客服与测试工具.md,原子审计维度覆盖,角色维度应有独立可验证需求断言,permission,P1,该需求域必须单独定义并验证“角色”维度。,对应源码路径、测试名称或动态验证输出；若需求未定义则记录N/A及依据,维度覆盖登记，不代表需求文档已有该断言
REQ-ADMINPORTAL-03092,customer-support,docs/SPEC-§28-智能客服与测试工具.md,原子审计维度覆盖,权限维度应有独立可验证需求断言,permission,P0,该需求域必须单独定义并验证“权限”维度。,对应源码路径、测试名称或动态验证输出；若需求未定义则记录N/A及依据,维度覆盖登记，不代表需求文档已有该断言
REQ-ADMINPORTAL-03093,customer-support,docs/SPEC-§28-智能客服与测试工具.md,原子审计维度覆盖,状态维度应有独立可验证需求断言,state,P1,该需求域必须单独定义并验证“状态”维度。,对应源码路径、测试名称或动态验证输出；若需求未定义则记录N/A及依据,维度覆盖登记，不代表需求文档已有该断言
REQ-ADMINPORTAL-03094,customer-support,docs/SPEC-§28-智能客服与测试工具.md,原子审计维度覆盖,正常维度应有独立可验证需求断言,logic,P1,该需求域必须单独定义并验证“正常”维度。,对应源码路径、测试名称或动态验证输出；若需求未定义则记录N/A及依据,维度覆盖登记，不代表需求文档已有该断言
REQ-ADMINPORTAL-03095,customer-support,docs/SPEC-§28-智能客服与测试工具.md,原子审计维度覆盖,边界维度应有独立可验证需求断言,boundary,P1,该需求域必须单独定义并验证“边界”维度。,对应源码路径、测试名称或动态验证输出；若需求未定义则记录N/A及依据,维度覆盖登记，不代表需求文档已有该断言
REQ-ADMINPORTAL-03096,customer-support,docs/SPEC-§28-智能客服与测试工具.md,原子审计维度覆盖,异常维度应有独立可验证需求断言,exception,P0,该需求域必须单独定义并验证“异常”维度。,对应源码路径、测试名称或动态验证输出；若需求未定义则记录N/A及依据,维度覆盖登记，不代表需求文档已有该断言
REQ-ADMINPORTAL-03097,customer-support,docs/SPEC-§28-智能客服与测试工具.md,原子审计维度覆盖,并发维度应有独立可验证需求断言,concurrency,P1,该需求域必须单独定义并验证“并发”维度。,对应源码路径、测试名称或动态验证输出；若需求未定义则记录N/A及依据,维度覆盖登记，不代表需求文档已有该断言
REQ-ADMINPORTAL-03098,customer-support,docs/SPEC-§28-智能客服与测试工具.md,原子审计维度覆盖,幂等维度应有独立可验证需求断言,idempotency,P1,该需求域必须单独定义并验证“幂等”维度。,对应源码路径、测试名称或动态验证输出；若需求未定义则记录N/A及依据,维度覆盖登记，不代表需求文档已有该断言
REQ-ADMINPORTAL-03099,customer-support,docs/SPEC-§28-智能客服与测试工具.md,原子审计维度覆盖,事务维度应有独立可验证需求断言,transaction,P1,该需求域必须单独定义并验证“事务”维度。,对应源码路径、测试名称或动态验证输出；若需求未定义则记录N/A及依据,维度覆盖登记，不代表需求文档已有该断言
REQ-ADMINPORTAL-03100,customer-support,docs/SPEC-§28-智能客服与测试工具.md,原子审计维度覆盖,回滚维度应有独立可验证需求断言,rollback,P1,该需求域必须单独定义并验证“回滚”维度。,对应源码路径、测试名称或动态验证输出；若需求未定义则记录N/A及依据,维度覆盖登记，不代表需求文档已有该断言
REQ-ADMINPORTAL-03101,customer-support,docs/SPEC-§28-智能客服与测试工具.md,原子审计维度覆盖,落库维度应有独立可验证需求断言,db,P1,该需求域必须单独定义并验证“落库”维度。,对应源码路径、测试名称或动态验证输出；若需求未定义则记录N/A及依据,维度覆盖登记，不代表需求文档已有该断言
REQ-ADMINPORTAL-03102,customer-support,docs/SPEC-§28-智能客服与测试工具.md,原子审计维度覆盖,缓存维度应有独立可验证需求断言,db,P1,该需求域必须单独定义并验证“缓存”维度。,对应源码路径、测试名称或动态验证输出；若需求未定义则记录N/A及依据,维度覆盖登记，不代表需求文档已有该断言
REQ-ADMINPORTAL-03103,customer-support,docs/SPEC-§28-智能客服与测试工具.md,原子审计维度覆盖,通知维度应有独立可验证需求断言,logic,P1,该需求域必须单独定义并验证“通知”维度。,对应源码路径、测试名称或动态验证输出；若需求未定义则记录N/A及依据,维度覆盖登记，不代表需求文档已有该断言
REQ-ADMINPORTAL-03104,customer-support,docs/SPEC-§28-智能客服与测试工具.md,原子审计维度覆盖,审计维度应有独立可验证需求断言,audit,P0,该需求域必须单独定义并验证“审计”维度。,对应源码路径、测试名称或动态验证输出；若需求未定义则记录N/A及依据,维度覆盖登记，不代表需求文档已有该断言
REQ-ADMINPORTAL-03105,customer-support,docs/SPEC-§28-智能客服与测试工具.md,原子审计维度覆盖,监控维度应有独立可验证需求断言,performance,P1,该需求域必须单独定义并验证“监控”维度。,对应源码路径、测试名称或动态验证输出；若需求未定义则记录N/A及依据,维度覆盖登记，不代表需求文档已有该断言
REQ-ADMINPORTAL-03106,customer-support,docs/SPEC-§28-智能客服与测试工具.md,原子审计维度覆盖,测试维度应有独立可验证需求断言,test,P0,该需求域必须单独定义并验证“测试”维度。,对应源码路径、测试名称或动态验证输出；若需求未定义则记录N/A及依据,维度覆盖登记，不代表需求文档已有该断言
REQ-ADMINPORTAL-03107,authorization,docs/SPEC-§30-权限管理.md,原子审计维度覆盖,输入维度应有独立可验证需求断言,field,P1,该需求域必须单独定义并验证“输入”维度。,对应源码路径、测试名称或动态验证输出；若需求未定义则记录N/A及依据,维度覆盖登记，不代表需求文档已有该断言
REQ-ADMINPORTAL-03108,authorization,docs/SPEC-§30-权限管理.md,原子审计维度覆盖,前置维度应有独立可验证需求断言,logic,P1,该需求域必须单独定义并验证“前置”维度。,对应源码路径、测试名称或动态验证输出；若需求未定义则记录N/A及依据,维度覆盖登记，不代表需求文档已有该断言
REQ-ADMINPORTAL-03109,authorization,docs/SPEC-§30-权限管理.md,原子审计维度覆盖,角色维度应有独立可验证需求断言,permission,P1,该需求域必须单独定义并验证“角色”维度。,对应源码路径、测试名称或动态验证输出；若需求未定义则记录N/A及依据,维度覆盖登记，不代表需求文档已有该断言
REQ-ADMINPORTAL-03110,authorization,docs/SPEC-§30-权限管理.md,原子审计维度覆盖,权限维度应有独立可验证需求断言,permission,P0,该需求域必须单独定义并验证“权限”维度。,对应源码路径、测试名称或动态验证输出；若需求未定义则记录N/A及依据,维度覆盖登记，不代表需求文档已有该断言
REQ-ADMINPORTAL-03111,authorization,docs/SPEC-§30-权限管理.md,原子审计维度覆盖,状态维度应有独立可验证需求断言,state,P1,该需求域必须单独定义并验证“状态”维度。,对应源码路径、测试名称或动态验证输出；若需求未定义则记录N/A及依据,维度覆盖登记，不代表需求文档已有该断言
REQ-ADMINPORTAL-03112,authorization,docs/SPEC-§30-权限管理.md,原子审计维度覆盖,正常维度应有独立可验证需求断言,logic,P1,该需求域必须单独定义并验证“正常”维度。,对应源码路径、测试名称或动态验证输出；若需求未定义则记录N/A及依据,维度覆盖登记，不代表需求文档已有该断言
REQ-ADMINPORTAL-03113,authorization,docs/SPEC-§30-权限管理.md,原子审计维度覆盖,边界维度应有独立可验证需求断言,boundary,P1,该需求域必须单独定义并验证“边界”维度。,对应源码路径、测试名称或动态验证输出；若需求未定义则记录N/A及依据,维度覆盖登记，不代表需求文档已有该断言
REQ-ADMINPORTAL-03114,authorization,docs/SPEC-§30-权限管理.md,原子审计维度覆盖,异常维度应有独立可验证需求断言,exception,P0,该需求域必须单独定义并验证“异常”维度。,对应源码路径、测试名称或动态验证输出；若需求未定义则记录N/A及依据,维度覆盖登记，不代表需求文档已有该断言
REQ-ADMINPORTAL-03115,authorization,docs/SPEC-§30-权限管理.md,原子审计维度覆盖,并发维度应有独立可验证需求断言,concurrency,P1,该需求域必须单独定义并验证“并发”维度。,对应源码路径、测试名称或动态验证输出；若需求未定义则记录N/A及依据,维度覆盖登记，不代表需求文档已有该断言
REQ-ADMINPORTAL-03116,authorization,docs/SPEC-§30-权限管理.md,原子审计维度覆盖,幂等维度应有独立可验证需求断言,idempotency,P1,该需求域必须单独定义并验证“幂等”维度。,对应源码路径、测试名称或动态验证输出；若需求未定义则记录N/A及依据,维度覆盖登记，不代表需求文档已有该断言
REQ-ADMINPORTAL-03117,authorization,docs/SPEC-§30-权限管理.md,原子审计维度覆盖,事务维度应有独立可验证需求断言,transaction,P1,该需求域必须单独定义并验证“事务”维度。,对应源码路径、测试名称或动态验证输出；若需求未定义则记录N/A及依据,维度覆盖登记，不代表需求文档已有该断言
REQ-ADMINPORTAL-03118,authorization,docs/SPEC-§30-权限管理.md,原子审计维度覆盖,回滚维度应有独立可验证需求断言,rollback,P1,该需求域必须单独定义并验证“回滚”维度。,对应源码路径、测试名称或动态验证输出；若需求未定义则记录N/A及依据,维度覆盖登记，不代表需求文档已有该断言
REQ-ADMINPORTAL-03119,authorization,docs/SPEC-§30-权限管理.md,原子审计维度覆盖,落库维度应有独立可验证需求断言,db,P1,该需求域必须单独定义并验证“落库”维度。,对应源码路径、测试名称或动态验证输出；若需求未定义则记录N/A及依据,维度覆盖登记，不代表需求文档已有该断言
REQ-ADMINPORTAL-03120,authorization,docs/SPEC-§30-权限管理.md,原子审计维度覆盖,缓存维度应有独立可验证需求断言,db,P1,该需求域必须单独定义并验证“缓存”维度。,对应源码路径、测试名称或动态验证输出；若需求未定义则记录N/A及依据,维度覆盖登记，不代表需求文档已有该断言
REQ-ADMINPORTAL-03121,authorization,docs/SPEC-§30-权限管理.md,原子审计维度覆盖,通知维度应有独立可验证需求断言,logic,P1,该需求域必须单独定义并验证“通知”维度。,对应源码路径、测试名称或动态验证输出；若需求未定义则记录N/A及依据,维度覆盖登记，不代表需求文档已有该断言
REQ-ADMINPORTAL-03122,authorization,docs/SPEC-§30-权限管理.md,原子审计维度覆盖,审计维度应有独立可验证需求断言,audit,P0,该需求域必须单独定义并验证“审计”维度。,对应源码路径、测试名称或动态验证输出；若需求未定义则记录N/A及依据,维度覆盖登记，不代表需求文档已有该断言
REQ-ADMINPORTAL-03123,authorization,docs/SPEC-§30-权限管理.md,原子审计维度覆盖,监控维度应有独立可验证需求断言,performance,P1,该需求域必须单独定义并验证“监控”维度。,对应源码路径、测试名称或动态验证输出；若需求未定义则记录N/A及依据,维度覆盖登记，不代表需求文档已有该断言
REQ-ADMINPORTAL-03124,authorization,docs/SPEC-§30-权限管理.md,原子审计维度覆盖,测试维度应有独立可验证需求断言,test,P0,该需求域必须单独定义并验证“测试”维度。,对应源码路径、测试名称或动态验证输出；若需求未定义则记录N/A及依据,维度覆盖登记，不代表需求文档已有该断言
REQ-ADMINPORTAL-03125,integrations-sso,docs/SPEC-§32-第三方集成与SSO.md,原子审计维度覆盖,输入维度应有独立可验证需求断言,field,P1,该需求域必须单独定义并验证“输入”维度。,对应源码路径、测试名称或动态验证输出；若需求未定义则记录N/A及依据,维度覆盖登记，不代表需求文档已有该断言
REQ-ADMINPORTAL-03126,integrations-sso,docs/SPEC-§32-第三方集成与SSO.md,原子审计维度覆盖,前置维度应有独立可验证需求断言,logic,P1,该需求域必须单独定义并验证“前置”维度。,对应源码路径、测试名称或动态验证输出；若需求未定义则记录N/A及依据,维度覆盖登记，不代表需求文档已有该断言
REQ-ADMINPORTAL-03127,integrations-sso,docs/SPEC-§32-第三方集成与SSO.md,原子审计维度覆盖,角色维度应有独立可验证需求断言,permission,P1,该需求域必须单独定义并验证“角色”维度。,对应源码路径、测试名称或动态验证输出；若需求未定义则记录N/A及依据,维度覆盖登记，不代表需求文档已有该断言
REQ-ADMINPORTAL-03128,integrations-sso,docs/SPEC-§32-第三方集成与SSO.md,原子审计维度覆盖,权限维度应有独立可验证需求断言,permission,P0,该需求域必须单独定义并验证“权限”维度。,对应源码路径、测试名称或动态验证输出；若需求未定义则记录N/A及依据,维度覆盖登记，不代表需求文档已有该断言
REQ-ADMINPORTAL-03129,integrations-sso,docs/SPEC-§32-第三方集成与SSO.md,原子审计维度覆盖,状态维度应有独立可验证需求断言,state,P1,该需求域必须单独定义并验证“状态”维度。,对应源码路径、测试名称或动态验证输出；若需求未定义则记录N/A及依据,维度覆盖登记，不代表需求文档已有该断言
REQ-ADMINPORTAL-03130,integrations-sso,docs/SPEC-§32-第三方集成与SSO.md,原子审计维度覆盖,正常维度应有独立可验证需求断言,logic,P1,该需求域必须单独定义并验证“正常”维度。,对应源码路径、测试名称或动态验证输出；若需求未定义则记录N/A及依据,维度覆盖登记，不代表需求文档已有该断言
REQ-ADMINPORTAL-03131,integrations-sso,docs/SPEC-§32-第三方集成与SSO.md,原子审计维度覆盖,边界维度应有独立可验证需求断言,boundary,P1,该需求域必须单独定义并验证“边界”维度。,对应源码路径、测试名称或动态验证输出；若需求未定义则记录N/A及依据,维度覆盖登记，不代表需求文档已有该断言
REQ-ADMINPORTAL-03132,integrations-sso,docs/SPEC-§32-第三方集成与SSO.md,原子审计维度覆盖,异常维度应有独立可验证需求断言,exception,P0,该需求域必须单独定义并验证“异常”维度。,对应源码路径、测试名称或动态验证输出；若需求未定义则记录N/A及依据,维度覆盖登记，不代表需求文档已有该断言
REQ-ADMINPORTAL-03133,integrations-sso,docs/SPEC-§32-第三方集成与SSO.md,原子审计维度覆盖,并发维度应有独立可验证需求断言,concurrency,P1,该需求域必须单独定义并验证“并发”维度。,对应源码路径、测试名称或动态验证输出；若需求未定义则记录N/A及依据,维度覆盖登记，不代表需求文档已有该断言
REQ-ADMINPORTAL-03134,integrations-sso,docs/SPEC-§32-第三方集成与SSO.md,原子审计维度覆盖,幂等维度应有独立可验证需求断言,idempotency,P1,该需求域必须单独定义并验证“幂等”维度。,对应源码路径、测试名称或动态验证输出；若需求未定义则记录N/A及依据,维度覆盖登记，不代表需求文档已有该断言
REQ-ADMINPORTAL-03135,integrations-sso,docs/SPEC-§32-第三方集成与SSO.md,原子审计维度覆盖,事务维度应有独立可验证需求断言,transaction,P1,该需求域必须单独定义并验证“事务”维度。,对应源码路径、测试名称或动态验证输出；若需求未定义则记录N/A及依据,维度覆盖登记，不代表需求文档已有该断言
REQ-ADMINPORTAL-03136,integrations-sso,docs/SPEC-§32-第三方集成与SSO.md,原子审计维度覆盖,回滚维度应有独立可验证需求断言,rollback,P1,该需求域必须单独定义并验证“回滚”维度。,对应源码路径、测试名称或动态验证输出；若需求未定义则记录N/A及依据,维度覆盖登记，不代表需求文档已有该断言
REQ-ADMINPORTAL-03137,integrations-sso,docs/SPEC-§32-第三方集成与SSO.md,原子审计维度覆盖,落库维度应有独立可验证需求断言,db,P1,该需求域必须单独定义并验证“落库”维度。,对应源码路径、测试名称或动态验证输出；若需求未定义则记录N/A及依据,维度覆盖登记，不代表需求文档已有该断言
REQ-ADMINPORTAL-03138,integrations-sso,docs/SPEC-§32-第三方集成与SSO.md,原子审计维度覆盖,缓存维度应有独立可验证需求断言,db,P1,该需求域必须单独定义并验证“缓存”维度。,对应源码路径、测试名称或动态验证输出；若需求未定义则记录N/A及依据,维度覆盖登记，不代表需求文档已有该断言
REQ-ADMINPORTAL-03139,integrations-sso,docs/SPEC-§32-第三方集成与SSO.md,原子审计维度覆盖,通知维度应有独立可验证需求断言,logic,P1,该需求域必须单独定义并验证“通知”维度。,对应源码路径、测试名称或动态验证输出；若需求未定义则记录N/A及依据,维度覆盖登记，不代表需求文档已有该断言
REQ-ADMINPORTAL-03140,integrations-sso,docs/SPEC-§32-第三方集成与SSO.md,原子审计维度覆盖,审计维度应有独立可验证需求断言,audit,P0,该需求域必须单独定义并验证“审计”维度。,对应源码路径、测试名称或动态验证输出；若需求未定义则记录N/A及依据,维度覆盖登记，不代表需求文档已有该断言
REQ-ADMINPORTAL-03141,integrations-sso,docs/SPEC-§32-第三方集成与SSO.md,原子审计维度覆盖,监控维度应有独立可验证需求断言,performance,P1,该需求域必须单独定义并验证“监控”维度。,对应源码路径、测试名称或动态验证输出；若需求未定义则记录N/A及依据,维度覆盖登记，不代表需求文档已有该断言
REQ-ADMINPORTAL-03142,integrations-sso,docs/SPEC-§32-第三方集成与SSO.md,原子审计维度覆盖,测试维度应有独立可验证需求断言,test,P0,该需求域必须单独定义并验证“测试”维度。,对应源码路径、测试名称或动态验证输出；若需求未定义则记录N/A及依据,维度覆盖登记，不代表需求文档已有该断言
REQ-ADMINPORTAL-03143,admin-portal,docs/SPEC-§33-合规法务与成本分析.md,原子审计维度覆盖,输入维度应有独立可验证需求断言,field,P1,该需求域必须单独定义并验证“输入”维度。,对应源码路径、测试名称或动态验证输出；若需求未定义则记录N/A及依据,维度覆盖登记，不代表需求文档已有该断言
REQ-ADMINPORTAL-03144,admin-portal,docs/SPEC-§33-合规法务与成本分析.md,原子审计维度覆盖,前置维度应有独立可验证需求断言,logic,P1,该需求域必须单独定义并验证“前置”维度。,对应源码路径、测试名称或动态验证输出；若需求未定义则记录N/A及依据,维度覆盖登记，不代表需求文档已有该断言
REQ-ADMINPORTAL-03145,admin-portal,docs/SPEC-§33-合规法务与成本分析.md,原子审计维度覆盖,角色维度应有独立可验证需求断言,permission,P1,该需求域必须单独定义并验证“角色”维度。,对应源码路径、测试名称或动态验证输出；若需求未定义则记录N/A及依据,维度覆盖登记，不代表需求文档已有该断言
REQ-ADMINPORTAL-03146,admin-portal,docs/SPEC-§33-合规法务与成本分析.md,原子审计维度覆盖,权限维度应有独立可验证需求断言,permission,P0,该需求域必须单独定义并验证“权限”维度。,对应源码路径、测试名称或动态验证输出；若需求未定义则记录N/A及依据,维度覆盖登记，不代表需求文档已有该断言
REQ-ADMINPORTAL-03147,admin-portal,docs/SPEC-§33-合规法务与成本分析.md,原子审计维度覆盖,状态维度应有独立可验证需求断言,state,P1,该需求域必须单独定义并验证“状态”维度。,对应源码路径、测试名称或动态验证输出；若需求未定义则记录N/A及依据,维度覆盖登记，不代表需求文档已有该断言
REQ-ADMINPORTAL-03148,admin-portal,docs/SPEC-§33-合规法务与成本分析.md,原子审计维度覆盖,正常维度应有独立可验证需求断言,logic,P1,该需求域必须单独定义并验证“正常”维度。,对应源码路径、测试名称或动态验证输出；若需求未定义则记录N/A及依据,维度覆盖登记，不代表需求文档已有该断言
REQ-ADMINPORTAL-03149,admin-portal,docs/SPEC-§33-合规法务与成本分析.md,原子审计维度覆盖,边界维度应有独立可验证需求断言,boundary,P1,该需求域必须单独定义并验证“边界”维度。,对应源码路径、测试名称或动态验证输出；若需求未定义则记录N/A及依据,维度覆盖登记，不代表需求文档已有该断言
REQ-ADMINPORTAL-03150,admin-portal,docs/SPEC-§33-合规法务与成本分析.md,原子审计维度覆盖,异常维度应有独立可验证需求断言,exception,P0,该需求域必须单独定义并验证“异常”维度。,对应源码路径、测试名称或动态验证输出；若需求未定义则记录N/A及依据,维度覆盖登记，不代表需求文档已有该断言
REQ-ADMINPORTAL-03151,admin-portal,docs/SPEC-§33-合规法务与成本分析.md,原子审计维度覆盖,并发维度应有独立可验证需求断言,concurrency,P1,该需求域必须单独定义并验证“并发”维度。,对应源码路径、测试名称或动态验证输出；若需求未定义则记录N/A及依据,维度覆盖登记，不代表需求文档已有该断言
REQ-ADMINPORTAL-03152,admin-portal,docs/SPEC-§33-合规法务与成本分析.md,原子审计维度覆盖,幂等维度应有独立可验证需求断言,idempotency,P1,该需求域必须单独定义并验证“幂等”维度。,对应源码路径、测试名称或动态验证输出；若需求未定义则记录N/A及依据,维度覆盖登记，不代表需求文档已有该断言
REQ-ADMINPORTAL-03153,admin-portal,docs/SPEC-§33-合规法务与成本分析.md,原子审计维度覆盖,事务维度应有独立可验证需求断言,transaction,P1,该需求域必须单独定义并验证“事务”维度。,对应源码路径、测试名称或动态验证输出；若需求未定义则记录N/A及依据,维度覆盖登记，不代表需求文档已有该断言
REQ-ADMINPORTAL-03154,admin-portal,docs/SPEC-§33-合规法务与成本分析.md,原子审计维度覆盖,回滚维度应有独立可验证需求断言,rollback,P1,该需求域必须单独定义并验证“回滚”维度。,对应源码路径、测试名称或动态验证输出；若需求未定义则记录N/A及依据,维度覆盖登记，不代表需求文档已有该断言
REQ-ADMINPORTAL-03155,admin-portal,docs/SPEC-§33-合规法务与成本分析.md,原子审计维度覆盖,落库维度应有独立可验证需求断言,db,P1,该需求域必须单独定义并验证“落库”维度。,对应源码路径、测试名称或动态验证输出；若需求未定义则记录N/A及依据,维度覆盖登记，不代表需求文档已有该断言
REQ-ADMINPORTAL-03156,admin-portal,docs/SPEC-§33-合规法务与成本分析.md,原子审计维度覆盖,缓存维度应有独立可验证需求断言,db,P1,该需求域必须单独定义并验证“缓存”维度。,对应源码路径、测试名称或动态验证输出；若需求未定义则记录N/A及依据,维度覆盖登记，不代表需求文档已有该断言
REQ-ADMINPORTAL-03157,admin-portal,docs/SPEC-§33-合规法务与成本分析.md,原子审计维度覆盖,通知维度应有独立可验证需求断言,logic,P1,该需求域必须单独定义并验证“通知”维度。,对应源码路径、测试名称或动态验证输出；若需求未定义则记录N/A及依据,维度覆盖登记，不代表需求文档已有该断言
REQ-ADMINPORTAL-03158,admin-portal,docs/SPEC-§33-合规法务与成本分析.md,原子审计维度覆盖,审计维度应有独立可验证需求断言,audit,P0,该需求域必须单独定义并验证“审计”维度。,对应源码路径、测试名称或动态验证输出；若需求未定义则记录N/A及依据,维度覆盖登记，不代表需求文档已有该断言
REQ-ADMINPORTAL-03159,admin-portal,docs/SPEC-§33-合规法务与成本分析.md,原子审计维度覆盖,监控维度应有独立可验证需求断言,performance,P1,该需求域必须单独定义并验证“监控”维度。,对应源码路径、测试名称或动态验证输出；若需求未定义则记录N/A及依据,维度覆盖登记，不代表需求文档已有该断言
REQ-ADMINPORTAL-03160,admin-portal,docs/SPEC-§33-合规法务与成本分析.md,原子审计维度覆盖,测试维度应有独立可验证需求断言,test,P0,该需求域必须单独定义并验证“测试”维度。,对应源码路径、测试名称或动态验证输出；若需求未定义则记录N/A及依据,维度覆盖登记，不代表需求文档已有该断言
REQ-ADMINPORTAL-03161,non-functional,docs/SPEC-§7-非功能需求.md,原子审计维度覆盖,输入维度应有独立可验证需求断言,field,P1,该需求域必须单独定义并验证“输入”维度。,对应源码路径、测试名称或动态验证输出；若需求未定义则记录N/A及依据,维度覆盖登记，不代表需求文档已有该断言
REQ-ADMINPORTAL-03162,non-functional,docs/SPEC-§7-非功能需求.md,原子审计维度覆盖,前置维度应有独立可验证需求断言,logic,P1,该需求域必须单独定义并验证“前置”维度。,对应源码路径、测试名称或动态验证输出；若需求未定义则记录N/A及依据,维度覆盖登记，不代表需求文档已有该断言
REQ-ADMINPORTAL-03163,non-functional,docs/SPEC-§7-非功能需求.md,原子审计维度覆盖,角色维度应有独立可验证需求断言,permission,P1,该需求域必须单独定义并验证“角色”维度。,对应源码路径、测试名称或动态验证输出；若需求未定义则记录N/A及依据,维度覆盖登记，不代表需求文档已有该断言
REQ-ADMINPORTAL-03164,non-functional,docs/SPEC-§7-非功能需求.md,原子审计维度覆盖,权限维度应有独立可验证需求断言,permission,P0,该需求域必须单独定义并验证“权限”维度。,对应源码路径、测试名称或动态验证输出；若需求未定义则记录N/A及依据,维度覆盖登记，不代表需求文档已有该断言
REQ-ADMINPORTAL-03165,non-functional,docs/SPEC-§7-非功能需求.md,原子审计维度覆盖,状态维度应有独立可验证需求断言,state,P1,该需求域必须单独定义并验证“状态”维度。,对应源码路径、测试名称或动态验证输出；若需求未定义则记录N/A及依据,维度覆盖登记，不代表需求文档已有该断言
REQ-ADMINPORTAL-03166,non-functional,docs/SPEC-§7-非功能需求.md,原子审计维度覆盖,正常维度应有独立可验证需求断言,logic,P1,该需求域必须单独定义并验证“正常”维度。,对应源码路径、测试名称或动态验证输出；若需求未定义则记录N/A及依据,维度覆盖登记，不代表需求文档已有该断言
REQ-ADMINPORTAL-03167,non-functional,docs/SPEC-§7-非功能需求.md,原子审计维度覆盖,边界维度应有独立可验证需求断言,boundary,P1,该需求域必须单独定义并验证“边界”维度。,对应源码路径、测试名称或动态验证输出；若需求未定义则记录N/A及依据,维度覆盖登记，不代表需求文档已有该断言
REQ-ADMINPORTAL-03168,non-functional,docs/SPEC-§7-非功能需求.md,原子审计维度覆盖,异常维度应有独立可验证需求断言,exception,P0,该需求域必须单独定义并验证“异常”维度。,对应源码路径、测试名称或动态验证输出；若需求未定义则记录N/A及依据,维度覆盖登记，不代表需求文档已有该断言
REQ-ADMINPORTAL-03169,non-functional,docs/SPEC-§7-非功能需求.md,原子审计维度覆盖,并发维度应有独立可验证需求断言,concurrency,P1,该需求域必须单独定义并验证“并发”维度。,对应源码路径、测试名称或动态验证输出；若需求未定义则记录N/A及依据,维度覆盖登记，不代表需求文档已有该断言
REQ-ADMINPORTAL-03170,non-functional,docs/SPEC-§7-非功能需求.md,原子审计维度覆盖,幂等维度应有独立可验证需求断言,idempotency,P1,该需求域必须单独定义并验证“幂等”维度。,对应源码路径、测试名称或动态验证输出；若需求未定义则记录N/A及依据,维度覆盖登记，不代表需求文档已有该断言
REQ-ADMINPORTAL-03171,non-functional,docs/SPEC-§7-非功能需求.md,原子审计维度覆盖,事务维度应有独立可验证需求断言,transaction,P1,该需求域必须单独定义并验证“事务”维度。,对应源码路径、测试名称或动态验证输出；若需求未定义则记录N/A及依据,维度覆盖登记，不代表需求文档已有该断言
REQ-ADMINPORTAL-03172,non-functional,docs/SPEC-§7-非功能需求.md,原子审计维度覆盖,回滚维度应有独立可验证需求断言,rollback,P1,该需求域必须单独定义并验证“回滚”维度。,对应源码路径、测试名称或动态验证输出；若需求未定义则记录N/A及依据,维度覆盖登记，不代表需求文档已有该断言
REQ-ADMINPORTAL-03173,non-functional,docs/SPEC-§7-非功能需求.md,原子审计维度覆盖,落库维度应有独立可验证需求断言,db,P1,该需求域必须单独定义并验证“落库”维度。,对应源码路径、测试名称或动态验证输出；若需求未定义则记录N/A及依据,维度覆盖登记，不代表需求文档已有该断言
REQ-ADMINPORTAL-03174,non-functional,docs/SPEC-§7-非功能需求.md,原子审计维度覆盖,缓存维度应有独立可验证需求断言,db,P1,该需求域必须单独定义并验证“缓存”维度。,对应源码路径、测试名称或动态验证输出；若需求未定义则记录N/A及依据,维度覆盖登记，不代表需求文档已有该断言
REQ-ADMINPORTAL-03175,non-functional,docs/SPEC-§7-非功能需求.md,原子审计维度覆盖,通知维度应有独立可验证需求断言,logic,P1,该需求域必须单独定义并验证“通知”维度。,对应源码路径、测试名称或动态验证输出；若需求未定义则记录N/A及依据,维度覆盖登记，不代表需求文档已有该断言
REQ-ADMINPORTAL-03176,non-functional,docs/SPEC-§7-非功能需求.md,原子审计维度覆盖,审计维度应有独立可验证需求断言,audit,P0,该需求域必须单独定义并验证“审计”维度。,对应源码路径、测试名称或动态验证输出；若需求未定义则记录N/A及依据,维度覆盖登记，不代表需求文档已有该断言
REQ-ADMINPORTAL-03177,non-functional,docs/SPEC-§7-非功能需求.md,原子审计维度覆盖,监控维度应有独立可验证需求断言,performance,P1,该需求域必须单独定义并验证“监控”维度。,对应源码路径、测试名称或动态验证输出；若需求未定义则记录N/A及依据,维度覆盖登记，不代表需求文档已有该断言
REQ-ADMINPORTAL-03178,non-functional,docs/SPEC-§7-非功能需求.md,原子审计维度覆盖,测试维度应有独立可验证需求断言,test,P0,该需求域必须单独定义并验证“测试”维度。,对应源码路径、测试名称或动态验证输出；若需求未定义则记录N/A及依据,维度覆盖登记，不代表需求文档已有该断言
REQ-ADMINPORTAL-03179,portal,docs/SPEC-§21-Portal门户增强.md,原子审计维度覆盖,输入维度应有独立可验证需求断言,field,P1,该需求域必须单独定义并验证“输入”维度。,对应源码路径、测试名称或动态验证输出；若需求未定义则记录N/A及依据,维度覆盖登记，不代表需求文档已有该断言
REQ-ADMINPORTAL-03180,portal,docs/SPEC-§21-Portal门户增强.md,原子审计维度覆盖,前置维度应有独立可验证需求断言,logic,P1,该需求域必须单独定义并验证“前置”维度。,对应源码路径、测试名称或动态验证输出；若需求未定义则记录N/A及依据,维度覆盖登记，不代表需求文档已有该断言
REQ-ADMINPORTAL-03181,portal,docs/SPEC-§21-Portal门户增强.md,原子审计维度覆盖,角色维度应有独立可验证需求断言,permission,P1,该需求域必须单独定义并验证“角色”维度。,对应源码路径、测试名称或动态验证输出；若需求未定义则记录N/A及依据,维度覆盖登记，不代表需求文档已有该断言
REQ-ADMINPORTAL-03182,portal,docs/SPEC-§21-Portal门户增强.md,原子审计维度覆盖,权限维度应有独立可验证需求断言,permission,P0,该需求域必须单独定义并验证“权限”维度。,对应源码路径、测试名称或动态验证输出；若需求未定义则记录N/A及依据,维度覆盖登记，不代表需求文档已有该断言
REQ-ADMINPORTAL-03183,portal,docs/SPEC-§21-Portal门户增强.md,原子审计维度覆盖,状态维度应有独立可验证需求断言,state,P1,该需求域必须单独定义并验证“状态”维度。,对应源码路径、测试名称或动态验证输出；若需求未定义则记录N/A及依据,维度覆盖登记，不代表需求文档已有该断言
REQ-ADMINPORTAL-03184,portal,docs/SPEC-§21-Portal门户增强.md,原子审计维度覆盖,正常维度应有独立可验证需求断言,logic,P1,该需求域必须单独定义并验证“正常”维度。,对应源码路径、测试名称或动态验证输出；若需求未定义则记录N/A及依据,维度覆盖登记，不代表需求文档已有该断言
REQ-ADMINPORTAL-03185,portal,docs/SPEC-§21-Portal门户增强.md,原子审计维度覆盖,边界维度应有独立可验证需求断言,boundary,P1,该需求域必须单独定义并验证“边界”维度。,对应源码路径、测试名称或动态验证输出；若需求未定义则记录N/A及依据,维度覆盖登记，不代表需求文档已有该断言
REQ-ADMINPORTAL-03186,portal,docs/SPEC-§21-Portal门户增强.md,原子审计维度覆盖,异常维度应有独立可验证需求断言,exception,P0,该需求域必须单独定义并验证“异常”维度。,对应源码路径、测试名称或动态验证输出；若需求未定义则记录N/A及依据,维度覆盖登记，不代表需求文档已有该断言
REQ-ADMINPORTAL-03187,portal,docs/SPEC-§21-Portal门户增强.md,原子审计维度覆盖,并发维度应有独立可验证需求断言,concurrency,P1,该需求域必须单独定义并验证“并发”维度。,对应源码路径、测试名称或动态验证输出；若需求未定义则记录N/A及依据,维度覆盖登记，不代表需求文档已有该断言
REQ-ADMINPORTAL-03188,portal,docs/SPEC-§21-Portal门户增强.md,原子审计维度覆盖,幂等维度应有独立可验证需求断言,idempotency,P1,该需求域必须单独定义并验证“幂等”维度。,对应源码路径、测试名称或动态验证输出；若需求未定义则记录N/A及依据,维度覆盖登记，不代表需求文档已有该断言
REQ-ADMINPORTAL-03189,portal,docs/SPEC-§21-Portal门户增强.md,原子审计维度覆盖,事务维度应有独立可验证需求断言,transaction,P1,该需求域必须单独定义并验证“事务”维度。,对应源码路径、测试名称或动态验证输出；若需求未定义则记录N/A及依据,维度覆盖登记，不代表需求文档已有该断言
REQ-ADMINPORTAL-03190,portal,docs/SPEC-§21-Portal门户增强.md,原子审计维度覆盖,回滚维度应有独立可验证需求断言,rollback,P1,该需求域必须单独定义并验证“回滚”维度。,对应源码路径、测试名称或动态验证输出；若需求未定义则记录N/A及依据,维度覆盖登记，不代表需求文档已有该断言
REQ-ADMINPORTAL-03191,portal,docs/SPEC-§21-Portal门户增强.md,原子审计维度覆盖,落库维度应有独立可验证需求断言,db,P1,该需求域必须单独定义并验证“落库”维度。,对应源码路径、测试名称或动态验证输出；若需求未定义则记录N/A及依据,维度覆盖登记，不代表需求文档已有该断言
REQ-ADMINPORTAL-03192,portal,docs/SPEC-§21-Portal门户增强.md,原子审计维度覆盖,缓存维度应有独立可验证需求断言,db,P1,该需求域必须单独定义并验证“缓存”维度。,对应源码路径、测试名称或动态验证输出；若需求未定义则记录N/A及依据,维度覆盖登记，不代表需求文档已有该断言
REQ-ADMINPORTAL-03193,portal,docs/SPEC-§21-Portal门户增强.md,原子审计维度覆盖,通知维度应有独立可验证需求断言,logic,P1,该需求域必须单独定义并验证“通知”维度。,对应源码路径、测试名称或动态验证输出；若需求未定义则记录N/A及依据,维度覆盖登记，不代表需求文档已有该断言
REQ-ADMINPORTAL-03194,portal,docs/SPEC-§21-Portal门户增强.md,原子审计维度覆盖,审计维度应有独立可验证需求断言,audit,P0,该需求域必须单独定义并验证“审计”维度。,对应源码路径、测试名称或动态验证输出；若需求未定义则记录N/A及依据,维度覆盖登记，不代表需求文档已有该断言
REQ-ADMINPORTAL-03195,portal,docs/SPEC-§21-Portal门户增强.md,原子审计维度覆盖,监控维度应有独立可验证需求断言,performance,P1,该需求域必须单独定义并验证“监控”维度。,对应源码路径、测试名称或动态验证输出；若需求未定义则记录N/A及依据,维度覆盖登记，不代表需求文档已有该断言
REQ-ADMINPORTAL-03196,portal,docs/SPEC-§21-Portal门户增强.md,原子审计维度覆盖,测试维度应有独立可验证需求断言,test,P0,该需求域必须单独定义并验证“测试”维度。,对应源码路径、测试名称或动态验证输出；若需求未定义则记录N/A及依据,维度覆盖登记，不代表需求文档已有该断言
REQ-ADMINPORTAL-03197,portal,docs/SPEC-§6-Portal门户.md,原子审计维度覆盖,输入维度应有独立可验证需求断言,field,P1,该需求域必须单独定义并验证“输入”维度。,对应源码路径、测试名称或动态验证输出；若需求未定义则记录N/A及依据,维度覆盖登记，不代表需求文档已有该断言
REQ-ADMINPORTAL-03198,portal,docs/SPEC-§6-Portal门户.md,原子审计维度覆盖,前置维度应有独立可验证需求断言,logic,P1,该需求域必须单独定义并验证“前置”维度。,对应源码路径、测试名称或动态验证输出；若需求未定义则记录N/A及依据,维度覆盖登记，不代表需求文档已有该断言
REQ-ADMINPORTAL-03199,portal,docs/SPEC-§6-Portal门户.md,原子审计维度覆盖,角色维度应有独立可验证需求断言,permission,P1,该需求域必须单独定义并验证“角色”维度。,对应源码路径、测试名称或动态验证输出；若需求未定义则记录N/A及依据,维度覆盖登记，不代表需求文档已有该断言
REQ-ADMINPORTAL-03200,portal,docs/SPEC-§6-Portal门户.md,原子审计维度覆盖,权限维度应有独立可验证需求断言,permission,P0,该需求域必须单独定义并验证“权限”维度。,对应源码路径、测试名称或动态验证输出；若需求未定义则记录N/A及依据,维度覆盖登记，不代表需求文档已有该断言
REQ-ADMINPORTAL-03201,portal,docs/SPEC-§6-Portal门户.md,原子审计维度覆盖,状态维度应有独立可验证需求断言,state,P1,该需求域必须单独定义并验证“状态”维度。,对应源码路径、测试名称或动态验证输出；若需求未定义则记录N/A及依据,维度覆盖登记，不代表需求文档已有该断言
REQ-ADMINPORTAL-03202,portal,docs/SPEC-§6-Portal门户.md,原子审计维度覆盖,正常维度应有独立可验证需求断言,logic,P1,该需求域必须单独定义并验证“正常”维度。,对应源码路径、测试名称或动态验证输出；若需求未定义则记录N/A及依据,维度覆盖登记，不代表需求文档已有该断言
REQ-ADMINPORTAL-03203,portal,docs/SPEC-§6-Portal门户.md,原子审计维度覆盖,边界维度应有独立可验证需求断言,boundary,P1,该需求域必须单独定义并验证“边界”维度。,对应源码路径、测试名称或动态验证输出；若需求未定义则记录N/A及依据,维度覆盖登记，不代表需求文档已有该断言
REQ-ADMINPORTAL-03204,portal,docs/SPEC-§6-Portal门户.md,原子审计维度覆盖,异常维度应有独立可验证需求断言,exception,P0,该需求域必须单独定义并验证“异常”维度。,对应源码路径、测试名称或动态验证输出；若需求未定义则记录N/A及依据,维度覆盖登记，不代表需求文档已有该断言
REQ-ADMINPORTAL-03205,portal,docs/SPEC-§6-Portal门户.md,原子审计维度覆盖,并发维度应有独立可验证需求断言,concurrency,P1,该需求域必须单独定义并验证“并发”维度。,对应源码路径、测试名称或动态验证输出；若需求未定义则记录N/A及依据,维度覆盖登记，不代表需求文档已有该断言
REQ-ADMINPORTAL-03206,portal,docs/SPEC-§6-Portal门户.md,原子审计维度覆盖,幂等维度应有独立可验证需求断言,idempotency,P1,该需求域必须单独定义并验证“幂等”维度。,对应源码路径、测试名称或动态验证输出；若需求未定义则记录N/A及依据,维度覆盖登记，不代表需求文档已有该断言
REQ-ADMINPORTAL-03207,portal,docs/SPEC-§6-Portal门户.md,原子审计维度覆盖,事务维度应有独立可验证需求断言,transaction,P1,该需求域必须单独定义并验证“事务”维度。,对应源码路径、测试名称或动态验证输出；若需求未定义则记录N/A及依据,维度覆盖登记，不代表需求文档已有该断言
REQ-ADMINPORTAL-03208,portal,docs/SPEC-§6-Portal门户.md,原子审计维度覆盖,回滚维度应有独立可验证需求断言,rollback,P1,该需求域必须单独定义并验证“回滚”维度。,对应源码路径、测试名称或动态验证输出；若需求未定义则记录N/A及依据,维度覆盖登记，不代表需求文档已有该断言
REQ-ADMINPORTAL-03209,portal,docs/SPEC-§6-Portal门户.md,原子审计维度覆盖,落库维度应有独立可验证需求断言,db,P1,该需求域必须单独定义并验证“落库”维度。,对应源码路径、测试名称或动态验证输出；若需求未定义则记录N/A及依据,维度覆盖登记，不代表需求文档已有该断言
REQ-ADMINPORTAL-03210,portal,docs/SPEC-§6-Portal门户.md,原子审计维度覆盖,缓存维度应有独立可验证需求断言,db,P1,该需求域必须单独定义并验证“缓存”维度。,对应源码路径、测试名称或动态验证输出；若需求未定义则记录N/A及依据,维度覆盖登记，不代表需求文档已有该断言
REQ-ADMINPORTAL-03211,portal,docs/SPEC-§6-Portal门户.md,原子审计维度覆盖,通知维度应有独立可验证需求断言,logic,P1,该需求域必须单独定义并验证“通知”维度。,对应源码路径、测试名称或动态验证输出；若需求未定义则记录N/A及依据,维度覆盖登记，不代表需求文档已有该断言
REQ-ADMINPORTAL-03212,portal,docs/SPEC-§6-Portal门户.md,原子审计维度覆盖,审计维度应有独立可验证需求断言,audit,P0,该需求域必须单独定义并验证“审计”维度。,对应源码路径、测试名称或动态验证输出；若需求未定义则记录N/A及依据,维度覆盖登记，不代表需求文档已有该断言
REQ-ADMINPORTAL-03213,portal,docs/SPEC-§6-Portal门户.md,原子审计维度覆盖,监控维度应有独立可验证需求断言,performance,P1,该需求域必须单独定义并验证“监控”维度。,对应源码路径、测试名称或动态验证输出；若需求未定义则记录N/A及依据,维度覆盖登记，不代表需求文档已有该断言
REQ-ADMINPORTAL-03214,portal,docs/SPEC-§6-Portal门户.md,原子审计维度覆盖,测试维度应有独立可验证需求断言,test,P0,该需求域必须单独定义并验证“测试”维度。,对应源码路径、测试名称或动态验证输出；若需求未定义则记录N/A及依据,维度覆盖登记，不代表需求文档已有该断言
REQ-ADMINPORTAL-03215,admin-portal,docs/ref-4.1-admin-dashboard.md,原子审计维度覆盖,输入维度应有独立可验证需求断言,field,P1,该需求域必须单独定义并验证“输入”维度。,对应源码路径、测试名称或动态验证输出；若需求未定义则记录N/A及依据,维度覆盖登记，不代表需求文档已有该断言
REQ-ADMINPORTAL-03216,admin-portal,docs/ref-4.1-admin-dashboard.md,原子审计维度覆盖,前置维度应有独立可验证需求断言,logic,P1,该需求域必须单独定义并验证“前置”维度。,对应源码路径、测试名称或动态验证输出；若需求未定义则记录N/A及依据,维度覆盖登记，不代表需求文档已有该断言
REQ-ADMINPORTAL-03217,admin-portal,docs/ref-4.1-admin-dashboard.md,原子审计维度覆盖,角色维度应有独立可验证需求断言,permission,P1,该需求域必须单独定义并验证“角色”维度。,对应源码路径、测试名称或动态验证输出；若需求未定义则记录N/A及依据,维度覆盖登记，不代表需求文档已有该断言
REQ-ADMINPORTAL-03218,admin-portal,docs/ref-4.1-admin-dashboard.md,原子审计维度覆盖,权限维度应有独立可验证需求断言,permission,P0,该需求域必须单独定义并验证“权限”维度。,对应源码路径、测试名称或动态验证输出；若需求未定义则记录N/A及依据,维度覆盖登记，不代表需求文档已有该断言
REQ-ADMINPORTAL-03219,admin-portal,docs/ref-4.1-admin-dashboard.md,原子审计维度覆盖,状态维度应有独立可验证需求断言,state,P1,该需求域必须单独定义并验证“状态”维度。,对应源码路径、测试名称或动态验证输出；若需求未定义则记录N/A及依据,维度覆盖登记，不代表需求文档已有该断言
REQ-ADMINPORTAL-03220,admin-portal,docs/ref-4.1-admin-dashboard.md,原子审计维度覆盖,正常维度应有独立可验证需求断言,logic,P1,该需求域必须单独定义并验证“正常”维度。,对应源码路径、测试名称或动态验证输出；若需求未定义则记录N/A及依据,维度覆盖登记，不代表需求文档已有该断言
REQ-ADMINPORTAL-03221,admin-portal,docs/ref-4.1-admin-dashboard.md,原子审计维度覆盖,边界维度应有独立可验证需求断言,boundary,P1,该需求域必须单独定义并验证“边界”维度。,对应源码路径、测试名称或动态验证输出；若需求未定义则记录N/A及依据,维度覆盖登记，不代表需求文档已有该断言
REQ-ADMINPORTAL-03222,admin-portal,docs/ref-4.1-admin-dashboard.md,原子审计维度覆盖,异常维度应有独立可验证需求断言,exception,P0,该需求域必须单独定义并验证“异常”维度。,对应源码路径、测试名称或动态验证输出；若需求未定义则记录N/A及依据,维度覆盖登记，不代表需求文档已有该断言
REQ-ADMINPORTAL-03223,admin-portal,docs/ref-4.1-admin-dashboard.md,原子审计维度覆盖,并发维度应有独立可验证需求断言,concurrency,P1,该需求域必须单独定义并验证“并发”维度。,对应源码路径、测试名称或动态验证输出；若需求未定义则记录N/A及依据,维度覆盖登记，不代表需求文档已有该断言
REQ-ADMINPORTAL-03224,admin-portal,docs/ref-4.1-admin-dashboard.md,原子审计维度覆盖,幂等维度应有独立可验证需求断言,idempotency,P1,该需求域必须单独定义并验证“幂等”维度。,对应源码路径、测试名称或动态验证输出；若需求未定义则记录N/A及依据,维度覆盖登记，不代表需求文档已有该断言
REQ-ADMINPORTAL-03225,admin-portal,docs/ref-4.1-admin-dashboard.md,原子审计维度覆盖,事务维度应有独立可验证需求断言,transaction,P1,该需求域必须单独定义并验证“事务”维度。,对应源码路径、测试名称或动态验证输出；若需求未定义则记录N/A及依据,维度覆盖登记，不代表需求文档已有该断言
REQ-ADMINPORTAL-03226,admin-portal,docs/ref-4.1-admin-dashboard.md,原子审计维度覆盖,回滚维度应有独立可验证需求断言,rollback,P1,该需求域必须单独定义并验证“回滚”维度。,对应源码路径、测试名称或动态验证输出；若需求未定义则记录N/A及依据,维度覆盖登记，不代表需求文档已有该断言
REQ-ADMINPORTAL-03227,admin-portal,docs/ref-4.1-admin-dashboard.md,原子审计维度覆盖,落库维度应有独立可验证需求断言,db,P1,该需求域必须单独定义并验证“落库”维度。,对应源码路径、测试名称或动态验证输出；若需求未定义则记录N/A及依据,维度覆盖登记，不代表需求文档已有该断言
REQ-ADMINPORTAL-03228,admin-portal,docs/ref-4.1-admin-dashboard.md,原子审计维度覆盖,缓存维度应有独立可验证需求断言,db,P1,该需求域必须单独定义并验证“缓存”维度。,对应源码路径、测试名称或动态验证输出；若需求未定义则记录N/A及依据,维度覆盖登记，不代表需求文档已有该断言
REQ-ADMINPORTAL-03229,admin-portal,docs/ref-4.1-admin-dashboard.md,原子审计维度覆盖,通知维度应有独立可验证需求断言,logic,P1,该需求域必须单独定义并验证“通知”维度。,对应源码路径、测试名称或动态验证输出；若需求未定义则记录N/A及依据,维度覆盖登记，不代表需求文档已有该断言
REQ-ADMINPORTAL-03230,admin-portal,docs/ref-4.1-admin-dashboard.md,原子审计维度覆盖,审计维度应有独立可验证需求断言,audit,P0,该需求域必须单独定义并验证“审计”维度。,对应源码路径、测试名称或动态验证输出；若需求未定义则记录N/A及依据,维度覆盖登记，不代表需求文档已有该断言
REQ-ADMINPORTAL-03231,admin-portal,docs/ref-4.1-admin-dashboard.md,原子审计维度覆盖,监控维度应有独立可验证需求断言,performance,P1,该需求域必须单独定义并验证“监控”维度。,对应源码路径、测试名称或动态验证输出；若需求未定义则记录N/A及依据,维度覆盖登记，不代表需求文档已有该断言
REQ-ADMINPORTAL-03232,admin-portal,docs/ref-4.1-admin-dashboard.md,原子审计维度覆盖,测试维度应有独立可验证需求断言,test,P0,该需求域必须单独定义并验证“测试”维度。,对应源码路径、测试名称或动态验证输出；若需求未定义则记录N/A及依据,维度覆盖登记，不代表需求文档已有该断言
REQ-ADMINPORTAL-03233,growth-operations,docs/ref-4.10-user-segmentation.md,原子审计维度覆盖,输入维度应有独立可验证需求断言,field,P1,该需求域必须单独定义并验证“输入”维度。,对应源码路径、测试名称或动态验证输出；若需求未定义则记录N/A及依据,维度覆盖登记，不代表需求文档已有该断言
REQ-ADMINPORTAL-03234,growth-operations,docs/ref-4.10-user-segmentation.md,原子审计维度覆盖,前置维度应有独立可验证需求断言,logic,P1,该需求域必须单独定义并验证“前置”维度。,对应源码路径、测试名称或动态验证输出；若需求未定义则记录N/A及依据,维度覆盖登记，不代表需求文档已有该断言
REQ-ADMINPORTAL-03235,growth-operations,docs/ref-4.10-user-segmentation.md,原子审计维度覆盖,角色维度应有独立可验证需求断言,permission,P1,该需求域必须单独定义并验证“角色”维度。,对应源码路径、测试名称或动态验证输出；若需求未定义则记录N/A及依据,维度覆盖登记，不代表需求文档已有该断言
REQ-ADMINPORTAL-03236,growth-operations,docs/ref-4.10-user-segmentation.md,原子审计维度覆盖,权限维度应有独立可验证需求断言,permission,P0,该需求域必须单独定义并验证“权限”维度。,对应源码路径、测试名称或动态验证输出；若需求未定义则记录N/A及依据,维度覆盖登记，不代表需求文档已有该断言
REQ-ADMINPORTAL-03237,growth-operations,docs/ref-4.10-user-segmentation.md,原子审计维度覆盖,状态维度应有独立可验证需求断言,state,P1,该需求域必须单独定义并验证“状态”维度。,对应源码路径、测试名称或动态验证输出；若需求未定义则记录N/A及依据,维度覆盖登记，不代表需求文档已有该断言
REQ-ADMINPORTAL-03238,growth-operations,docs/ref-4.10-user-segmentation.md,原子审计维度覆盖,正常维度应有独立可验证需求断言,logic,P1,该需求域必须单独定义并验证“正常”维度。,对应源码路径、测试名称或动态验证输出；若需求未定义则记录N/A及依据,维度覆盖登记，不代表需求文档已有该断言
REQ-ADMINPORTAL-03239,growth-operations,docs/ref-4.10-user-segmentation.md,原子审计维度覆盖,边界维度应有独立可验证需求断言,boundary,P1,该需求域必须单独定义并验证“边界”维度。,对应源码路径、测试名称或动态验证输出；若需求未定义则记录N/A及依据,维度覆盖登记，不代表需求文档已有该断言
REQ-ADMINPORTAL-03240,growth-operations,docs/ref-4.10-user-segmentation.md,原子审计维度覆盖,异常维度应有独立可验证需求断言,exception,P0,该需求域必须单独定义并验证“异常”维度。,对应源码路径、测试名称或动态验证输出；若需求未定义则记录N/A及依据,维度覆盖登记，不代表需求文档已有该断言
REQ-ADMINPORTAL-03241,growth-operations,docs/ref-4.10-user-segmentation.md,原子审计维度覆盖,并发维度应有独立可验证需求断言,concurrency,P1,该需求域必须单独定义并验证“并发”维度。,对应源码路径、测试名称或动态验证输出；若需求未定义则记录N/A及依据,维度覆盖登记，不代表需求文档已有该断言
REQ-ADMINPORTAL-03242,growth-operations,docs/ref-4.10-user-segmentation.md,原子审计维度覆盖,幂等维度应有独立可验证需求断言,idempotency,P1,该需求域必须单独定义并验证“幂等”维度。,对应源码路径、测试名称或动态验证输出；若需求未定义则记录N/A及依据,维度覆盖登记，不代表需求文档已有该断言
REQ-ADMINPORTAL-03243,growth-operations,docs/ref-4.10-user-segmentation.md,原子审计维度覆盖,事务维度应有独立可验证需求断言,transaction,P1,该需求域必须单独定义并验证“事务”维度。,对应源码路径、测试名称或动态验证输出；若需求未定义则记录N/A及依据,维度覆盖登记，不代表需求文档已有该断言
REQ-ADMINPORTAL-03244,growth-operations,docs/ref-4.10-user-segmentation.md,原子审计维度覆盖,回滚维度应有独立可验证需求断言,rollback,P1,该需求域必须单独定义并验证“回滚”维度。,对应源码路径、测试名称或动态验证输出；若需求未定义则记录N/A及依据,维度覆盖登记，不代表需求文档已有该断言
REQ-ADMINPORTAL-03245,growth-operations,docs/ref-4.10-user-segmentation.md,原子审计维度覆盖,落库维度应有独立可验证需求断言,db,P1,该需求域必须单独定义并验证“落库”维度。,对应源码路径、测试名称或动态验证输出；若需求未定义则记录N/A及依据,维度覆盖登记，不代表需求文档已有该断言
REQ-ADMINPORTAL-03246,growth-operations,docs/ref-4.10-user-segmentation.md,原子审计维度覆盖,缓存维度应有独立可验证需求断言,db,P1,该需求域必须单独定义并验证“缓存”维度。,对应源码路径、测试名称或动态验证输出；若需求未定义则记录N/A及依据,维度覆盖登记，不代表需求文档已有该断言
REQ-ADMINPORTAL-03247,growth-operations,docs/ref-4.10-user-segmentation.md,原子审计维度覆盖,通知维度应有独立可验证需求断言,logic,P1,该需求域必须单独定义并验证“通知”维度。,对应源码路径、测试名称或动态验证输出；若需求未定义则记录N/A及依据,维度覆盖登记，不代表需求文档已有该断言
REQ-ADMINPORTAL-03248,growth-operations,docs/ref-4.10-user-segmentation.md,原子审计维度覆盖,审计维度应有独立可验证需求断言,audit,P0,该需求域必须单独定义并验证“审计”维度。,对应源码路径、测试名称或动态验证输出；若需求未定义则记录N/A及依据,维度覆盖登记，不代表需求文档已有该断言
REQ-ADMINPORTAL-03249,growth-operations,docs/ref-4.10-user-segmentation.md,原子审计维度覆盖,监控维度应有独立可验证需求断言,performance,P1,该需求域必须单独定义并验证“监控”维度。,对应源码路径、测试名称或动态验证输出；若需求未定义则记录N/A及依据,维度覆盖登记，不代表需求文档已有该断言
REQ-ADMINPORTAL-03250,growth-operations,docs/ref-4.10-user-segmentation.md,原子审计维度覆盖,测试维度应有独立可验证需求断言,test,P0,该需求域必须单独定义并验证“测试”维度。,对应源码路径、测试名称或动态验证输出；若需求未定义则记录N/A及依据,维度覆盖登记，不代表需求文档已有该断言
REQ-ADMINPORTAL-03251,customer-support,docs/ref-4.11-ticketing.md,原子审计维度覆盖,输入维度应有独立可验证需求断言,field,P1,该需求域必须单独定义并验证“输入”维度。,对应源码路径、测试名称或动态验证输出；若需求未定义则记录N/A及依据,维度覆盖登记，不代表需求文档已有该断言
REQ-ADMINPORTAL-03252,customer-support,docs/ref-4.11-ticketing.md,原子审计维度覆盖,前置维度应有独立可验证需求断言,logic,P1,该需求域必须单独定义并验证“前置”维度。,对应源码路径、测试名称或动态验证输出；若需求未定义则记录N/A及依据,维度覆盖登记，不代表需求文档已有该断言
REQ-ADMINPORTAL-03253,customer-support,docs/ref-4.11-ticketing.md,原子审计维度覆盖,角色维度应有独立可验证需求断言,permission,P1,该需求域必须单独定义并验证“角色”维度。,对应源码路径、测试名称或动态验证输出；若需求未定义则记录N/A及依据,维度覆盖登记，不代表需求文档已有该断言
REQ-ADMINPORTAL-03254,customer-support,docs/ref-4.11-ticketing.md,原子审计维度覆盖,权限维度应有独立可验证需求断言,permission,P0,该需求域必须单独定义并验证“权限”维度。,对应源码路径、测试名称或动态验证输出；若需求未定义则记录N/A及依据,维度覆盖登记，不代表需求文档已有该断言
REQ-ADMINPORTAL-03255,customer-support,docs/ref-4.11-ticketing.md,原子审计维度覆盖,状态维度应有独立可验证需求断言,state,P1,该需求域必须单独定义并验证“状态”维度。,对应源码路径、测试名称或动态验证输出；若需求未定义则记录N/A及依据,维度覆盖登记，不代表需求文档已有该断言
REQ-ADMINPORTAL-03256,customer-support,docs/ref-4.11-ticketing.md,原子审计维度覆盖,正常维度应有独立可验证需求断言,logic,P1,该需求域必须单独定义并验证“正常”维度。,对应源码路径、测试名称或动态验证输出；若需求未定义则记录N/A及依据,维度覆盖登记，不代表需求文档已有该断言
REQ-ADMINPORTAL-03257,customer-support,docs/ref-4.11-ticketing.md,原子审计维度覆盖,边界维度应有独立可验证需求断言,boundary,P1,该需求域必须单独定义并验证“边界”维度。,对应源码路径、测试名称或动态验证输出；若需求未定义则记录N/A及依据,维度覆盖登记，不代表需求文档已有该断言
REQ-ADMINPORTAL-03258,customer-support,docs/ref-4.11-ticketing.md,原子审计维度覆盖,异常维度应有独立可验证需求断言,exception,P0,该需求域必须单独定义并验证“异常”维度。,对应源码路径、测试名称或动态验证输出；若需求未定义则记录N/A及依据,维度覆盖登记，不代表需求文档已有该断言
REQ-ADMINPORTAL-03259,customer-support,docs/ref-4.11-ticketing.md,原子审计维度覆盖,并发维度应有独立可验证需求断言,concurrency,P1,该需求域必须单独定义并验证“并发”维度。,对应源码路径、测试名称或动态验证输出；若需求未定义则记录N/A及依据,维度覆盖登记，不代表需求文档已有该断言
REQ-ADMINPORTAL-03260,customer-support,docs/ref-4.11-ticketing.md,原子审计维度覆盖,幂等维度应有独立可验证需求断言,idempotency,P1,该需求域必须单独定义并验证“幂等”维度。,对应源码路径、测试名称或动态验证输出；若需求未定义则记录N/A及依据,维度覆盖登记，不代表需求文档已有该断言
REQ-ADMINPORTAL-03261,customer-support,docs/ref-4.11-ticketing.md,原子审计维度覆盖,事务维度应有独立可验证需求断言,transaction,P1,该需求域必须单独定义并验证“事务”维度。,对应源码路径、测试名称或动态验证输出；若需求未定义则记录N/A及依据,维度覆盖登记，不代表需求文档已有该断言
REQ-ADMINPORTAL-03262,customer-support,docs/ref-4.11-ticketing.md,原子审计维度覆盖,回滚维度应有独立可验证需求断言,rollback,P1,该需求域必须单独定义并验证“回滚”维度。,对应源码路径、测试名称或动态验证输出；若需求未定义则记录N/A及依据,维度覆盖登记，不代表需求文档已有该断言
REQ-ADMINPORTAL-03263,customer-support,docs/ref-4.11-ticketing.md,原子审计维度覆盖,落库维度应有独立可验证需求断言,db,P1,该需求域必须单独定义并验证“落库”维度。,对应源码路径、测试名称或动态验证输出；若需求未定义则记录N/A及依据,维度覆盖登记，不代表需求文档已有该断言
REQ-ADMINPORTAL-03264,customer-support,docs/ref-4.11-ticketing.md,原子审计维度覆盖,缓存维度应有独立可验证需求断言,db,P1,该需求域必须单独定义并验证“缓存”维度。,对应源码路径、测试名称或动态验证输出；若需求未定义则记录N/A及依据,维度覆盖登记，不代表需求文档已有该断言
REQ-ADMINPORTAL-03265,customer-support,docs/ref-4.11-ticketing.md,原子审计维度覆盖,通知维度应有独立可验证需求断言,logic,P1,该需求域必须单独定义并验证“通知”维度。,对应源码路径、测试名称或动态验证输出；若需求未定义则记录N/A及依据,维度覆盖登记，不代表需求文档已有该断言
REQ-ADMINPORTAL-03266,customer-support,docs/ref-4.11-ticketing.md,原子审计维度覆盖,审计维度应有独立可验证需求断言,audit,P0,该需求域必须单独定义并验证“审计”维度。,对应源码路径、测试名称或动态验证输出；若需求未定义则记录N/A及依据,维度覆盖登记，不代表需求文档已有该断言
REQ-ADMINPORTAL-03267,customer-support,docs/ref-4.11-ticketing.md,原子审计维度覆盖,监控维度应有独立可验证需求断言,performance,P1,该需求域必须单独定义并验证“监控”维度。,对应源码路径、测试名称或动态验证输出；若需求未定义则记录N/A及依据,维度覆盖登记，不代表需求文档已有该断言
REQ-ADMINPORTAL-03268,customer-support,docs/ref-4.11-ticketing.md,原子审计维度覆盖,测试维度应有独立可验证需求断言,test,P0,该需求域必须单独定义并验证“测试”维度。,对应源码路径、测试名称或动态验证输出；若需求未定义则记录N/A及依据,维度覆盖登记，不代表需求文档已有该断言
REQ-ADMINPORTAL-03269,admin-portal,docs/ref-4.12-dashboard-pro.md,原子审计维度覆盖,输入维度应有独立可验证需求断言,field,P1,该需求域必须单独定义并验证“输入”维度。,对应源码路径、测试名称或动态验证输出；若需求未定义则记录N/A及依据,维度覆盖登记，不代表需求文档已有该断言
REQ-ADMINPORTAL-03270,admin-portal,docs/ref-4.12-dashboard-pro.md,原子审计维度覆盖,前置维度应有独立可验证需求断言,logic,P1,该需求域必须单独定义并验证“前置”维度。,对应源码路径、测试名称或动态验证输出；若需求未定义则记录N/A及依据,维度覆盖登记，不代表需求文档已有该断言
REQ-ADMINPORTAL-03271,admin-portal,docs/ref-4.12-dashboard-pro.md,原子审计维度覆盖,角色维度应有独立可验证需求断言,permission,P1,该需求域必须单独定义并验证“角色”维度。,对应源码路径、测试名称或动态验证输出；若需求未定义则记录N/A及依据,维度覆盖登记，不代表需求文档已有该断言
REQ-ADMINPORTAL-03272,admin-portal,docs/ref-4.12-dashboard-pro.md,原子审计维度覆盖,权限维度应有独立可验证需求断言,permission,P0,该需求域必须单独定义并验证“权限”维度。,对应源码路径、测试名称或动态验证输出；若需求未定义则记录N/A及依据,维度覆盖登记，不代表需求文档已有该断言
REQ-ADMINPORTAL-03273,admin-portal,docs/ref-4.12-dashboard-pro.md,原子审计维度覆盖,状态维度应有独立可验证需求断言,state,P1,该需求域必须单独定义并验证“状态”维度。,对应源码路径、测试名称或动态验证输出；若需求未定义则记录N/A及依据,维度覆盖登记，不代表需求文档已有该断言
REQ-ADMINPORTAL-03274,admin-portal,docs/ref-4.12-dashboard-pro.md,原子审计维度覆盖,正常维度应有独立可验证需求断言,logic,P1,该需求域必须单独定义并验证“正常”维度。,对应源码路径、测试名称或动态验证输出；若需求未定义则记录N/A及依据,维度覆盖登记，不代表需求文档已有该断言
REQ-ADMINPORTAL-03275,admin-portal,docs/ref-4.12-dashboard-pro.md,原子审计维度覆盖,边界维度应有独立可验证需求断言,boundary,P1,该需求域必须单独定义并验证“边界”维度。,对应源码路径、测试名称或动态验证输出；若需求未定义则记录N/A及依据,维度覆盖登记，不代表需求文档已有该断言
REQ-ADMINPORTAL-03276,admin-portal,docs/ref-4.12-dashboard-pro.md,原子审计维度覆盖,异常维度应有独立可验证需求断言,exception,P0,该需求域必须单独定义并验证“异常”维度。,对应源码路径、测试名称或动态验证输出；若需求未定义则记录N/A及依据,维度覆盖登记，不代表需求文档已有该断言
REQ-ADMINPORTAL-03277,admin-portal,docs/ref-4.12-dashboard-pro.md,原子审计维度覆盖,并发维度应有独立可验证需求断言,concurrency,P1,该需求域必须单独定义并验证“并发”维度。,对应源码路径、测试名称或动态验证输出；若需求未定义则记录N/A及依据,维度覆盖登记，不代表需求文档已有该断言
REQ-ADMINPORTAL-03278,admin-portal,docs/ref-4.12-dashboard-pro.md,原子审计维度覆盖,幂等维度应有独立可验证需求断言,idempotency,P1,该需求域必须单独定义并验证“幂等”维度。,对应源码路径、测试名称或动态验证输出；若需求未定义则记录N/A及依据,维度覆盖登记，不代表需求文档已有该断言
REQ-ADMINPORTAL-03279,admin-portal,docs/ref-4.12-dashboard-pro.md,原子审计维度覆盖,事务维度应有独立可验证需求断言,transaction,P1,该需求域必须单独定义并验证“事务”维度。,对应源码路径、测试名称或动态验证输出；若需求未定义则记录N/A及依据,维度覆盖登记，不代表需求文档已有该断言
REQ-ADMINPORTAL-03280,admin-portal,docs/ref-4.12-dashboard-pro.md,原子审计维度覆盖,回滚维度应有独立可验证需求断言,rollback,P1,该需求域必须单独定义并验证“回滚”维度。,对应源码路径、测试名称或动态验证输出；若需求未定义则记录N/A及依据,维度覆盖登记，不代表需求文档已有该断言
REQ-ADMINPORTAL-03281,admin-portal,docs/ref-4.12-dashboard-pro.md,原子审计维度覆盖,落库维度应有独立可验证需求断言,db,P1,该需求域必须单独定义并验证“落库”维度。,对应源码路径、测试名称或动态验证输出；若需求未定义则记录N/A及依据,维度覆盖登记，不代表需求文档已有该断言
REQ-ADMINPORTAL-03282,admin-portal,docs/ref-4.12-dashboard-pro.md,原子审计维度覆盖,缓存维度应有独立可验证需求断言,db,P1,该需求域必须单独定义并验证“缓存”维度。,对应源码路径、测试名称或动态验证输出；若需求未定义则记录N/A及依据,维度覆盖登记，不代表需求文档已有该断言
REQ-ADMINPORTAL-03283,admin-portal,docs/ref-4.12-dashboard-pro.md,原子审计维度覆盖,通知维度应有独立可验证需求断言,logic,P1,该需求域必须单独定义并验证“通知”维度。,对应源码路径、测试名称或动态验证输出；若需求未定义则记录N/A及依据,维度覆盖登记，不代表需求文档已有该断言
REQ-ADMINPORTAL-03284,admin-portal,docs/ref-4.12-dashboard-pro.md,原子审计维度覆盖,审计维度应有独立可验证需求断言,audit,P0,该需求域必须单独定义并验证“审计”维度。,对应源码路径、测试名称或动态验证输出；若需求未定义则记录N/A及依据,维度覆盖登记，不代表需求文档已有该断言
REQ-ADMINPORTAL-03285,admin-portal,docs/ref-4.12-dashboard-pro.md,原子审计维度覆盖,监控维度应有独立可验证需求断言,performance,P1,该需求域必须单独定义并验证“监控”维度。,对应源码路径、测试名称或动态验证输出；若需求未定义则记录N/A及依据,维度覆盖登记，不代表需求文档已有该断言
REQ-ADMINPORTAL-03286,admin-portal,docs/ref-4.12-dashboard-pro.md,原子审计维度覆盖,测试维度应有独立可验证需求断言,test,P0,该需求域必须单独定义并验证“测试”维度。,对应源码路径、测试名称或动态验证输出；若需求未定义则记录N/A及依据,维度覆盖登记，不代表需求文档已有该断言
REQ-ADMINPORTAL-03287,admin-portal,docs/ref-4.13-operation-timeline.md,原子审计维度覆盖,输入维度应有独立可验证需求断言,field,P1,该需求域必须单独定义并验证“输入”维度。,对应源码路径、测试名称或动态验证输出；若需求未定义则记录N/A及依据,维度覆盖登记，不代表需求文档已有该断言
REQ-ADMINPORTAL-03288,admin-portal,docs/ref-4.13-operation-timeline.md,原子审计维度覆盖,前置维度应有独立可验证需求断言,logic,P1,该需求域必须单独定义并验证“前置”维度。,对应源码路径、测试名称或动态验证输出；若需求未定义则记录N/A及依据,维度覆盖登记，不代表需求文档已有该断言
REQ-ADMINPORTAL-03289,admin-portal,docs/ref-4.13-operation-timeline.md,原子审计维度覆盖,角色维度应有独立可验证需求断言,permission,P1,该需求域必须单独定义并验证“角色”维度。,对应源码路径、测试名称或动态验证输出；若需求未定义则记录N/A及依据,维度覆盖登记，不代表需求文档已有该断言
REQ-ADMINPORTAL-03290,admin-portal,docs/ref-4.13-operation-timeline.md,原子审计维度覆盖,权限维度应有独立可验证需求断言,permission,P0,该需求域必须单独定义并验证“权限”维度。,对应源码路径、测试名称或动态验证输出；若需求未定义则记录N/A及依据,维度覆盖登记，不代表需求文档已有该断言
REQ-ADMINPORTAL-03291,admin-portal,docs/ref-4.13-operation-timeline.md,原子审计维度覆盖,状态维度应有独立可验证需求断言,state,P1,该需求域必须单独定义并验证“状态”维度。,对应源码路径、测试名称或动态验证输出；若需求未定义则记录N/A及依据,维度覆盖登记，不代表需求文档已有该断言
REQ-ADMINPORTAL-03292,admin-portal,docs/ref-4.13-operation-timeline.md,原子审计维度覆盖,正常维度应有独立可验证需求断言,logic,P1,该需求域必须单独定义并验证“正常”维度。,对应源码路径、测试名称或动态验证输出；若需求未定义则记录N/A及依据,维度覆盖登记，不代表需求文档已有该断言
REQ-ADMINPORTAL-03293,admin-portal,docs/ref-4.13-operation-timeline.md,原子审计维度覆盖,边界维度应有独立可验证需求断言,boundary,P1,该需求域必须单独定义并验证“边界”维度。,对应源码路径、测试名称或动态验证输出；若需求未定义则记录N/A及依据,维度覆盖登记，不代表需求文档已有该断言
REQ-ADMINPORTAL-03294,admin-portal,docs/ref-4.13-operation-timeline.md,原子审计维度覆盖,异常维度应有独立可验证需求断言,exception,P0,该需求域必须单独定义并验证“异常”维度。,对应源码路径、测试名称或动态验证输出；若需求未定义则记录N/A及依据,维度覆盖登记，不代表需求文档已有该断言
REQ-ADMINPORTAL-03295,admin-portal,docs/ref-4.13-operation-timeline.md,原子审计维度覆盖,并发维度应有独立可验证需求断言,concurrency,P1,该需求域必须单独定义并验证“并发”维度。,对应源码路径、测试名称或动态验证输出；若需求未定义则记录N/A及依据,维度覆盖登记，不代表需求文档已有该断言
REQ-ADMINPORTAL-03296,admin-portal,docs/ref-4.13-operation-timeline.md,原子审计维度覆盖,幂等维度应有独立可验证需求断言,idempotency,P1,该需求域必须单独定义并验证“幂等”维度。,对应源码路径、测试名称或动态验证输出；若需求未定义则记录N/A及依据,维度覆盖登记，不代表需求文档已有该断言
REQ-ADMINPORTAL-03297,admin-portal,docs/ref-4.13-operation-timeline.md,原子审计维度覆盖,事务维度应有独立可验证需求断言,transaction,P1,该需求域必须单独定义并验证“事务”维度。,对应源码路径、测试名称或动态验证输出；若需求未定义则记录N/A及依据,维度覆盖登记，不代表需求文档已有该断言
REQ-ADMINPORTAL-03298,admin-portal,docs/ref-4.13-operation-timeline.md,原子审计维度覆盖,回滚维度应有独立可验证需求断言,rollback,P1,该需求域必须单独定义并验证“回滚”维度。,对应源码路径、测试名称或动态验证输出；若需求未定义则记录N/A及依据,维度覆盖登记，不代表需求文档已有该断言
REQ-ADMINPORTAL-03299,admin-portal,docs/ref-4.13-operation-timeline.md,原子审计维度覆盖,落库维度应有独立可验证需求断言,db,P1,该需求域必须单独定义并验证“落库”维度。,对应源码路径、测试名称或动态验证输出；若需求未定义则记录N/A及依据,维度覆盖登记，不代表需求文档已有该断言
REQ-ADMINPORTAL-03300,admin-portal,docs/ref-4.13-operation-timeline.md,原子审计维度覆盖,缓存维度应有独立可验证需求断言,db,P1,该需求域必须单独定义并验证“缓存”维度。,对应源码路径、测试名称或动态验证输出；若需求未定义则记录N/A及依据,维度覆盖登记，不代表需求文档已有该断言
REQ-ADMINPORTAL-03301,admin-portal,docs/ref-4.13-operation-timeline.md,原子审计维度覆盖,通知维度应有独立可验证需求断言,logic,P1,该需求域必须单独定义并验证“通知”维度。,对应源码路径、测试名称或动态验证输出；若需求未定义则记录N/A及依据,维度覆盖登记，不代表需求文档已有该断言
REQ-ADMINPORTAL-03302,admin-portal,docs/ref-4.13-operation-timeline.md,原子审计维度覆盖,审计维度应有独立可验证需求断言,audit,P0,该需求域必须单独定义并验证“审计”维度。,对应源码路径、测试名称或动态验证输出；若需求未定义则记录N/A及依据,维度覆盖登记，不代表需求文档已有该断言
REQ-ADMINPORTAL-03303,admin-portal,docs/ref-4.13-operation-timeline.md,原子审计维度覆盖,监控维度应有独立可验证需求断言,performance,P1,该需求域必须单独定义并验证“监控”维度。,对应源码路径、测试名称或动态验证输出；若需求未定义则记录N/A及依据,维度覆盖登记，不代表需求文档已有该断言
REQ-ADMINPORTAL-03304,admin-portal,docs/ref-4.13-operation-timeline.md,原子审计维度覆盖,测试维度应有独立可验证需求断言,test,P0,该需求域必须单独定义并验证“测试”维度。,对应源码路径、测试名称或动态验证输出；若需求未定义则记录N/A及依据,维度覆盖登记，不代表需求文档已有该断言
REQ-ADMINPORTAL-03305,growth-operations,docs/ref-4.14-report-push.md,原子审计维度覆盖,输入维度应有独立可验证需求断言,field,P1,该需求域必须单独定义并验证“输入”维度。,对应源码路径、测试名称或动态验证输出；若需求未定义则记录N/A及依据,维度覆盖登记，不代表需求文档已有该断言
REQ-ADMINPORTAL-03306,growth-operations,docs/ref-4.14-report-push.md,原子审计维度覆盖,前置维度应有独立可验证需求断言,logic,P1,该需求域必须单独定义并验证“前置”维度。,对应源码路径、测试名称或动态验证输出；若需求未定义则记录N/A及依据,维度覆盖登记，不代表需求文档已有该断言
REQ-ADMINPORTAL-03307,growth-operations,docs/ref-4.14-report-push.md,原子审计维度覆盖,角色维度应有独立可验证需求断言,permission,P1,该需求域必须单独定义并验证“角色”维度。,对应源码路径、测试名称或动态验证输出；若需求未定义则记录N/A及依据,维度覆盖登记，不代表需求文档已有该断言
REQ-ADMINPORTAL-03308,growth-operations,docs/ref-4.14-report-push.md,原子审计维度覆盖,权限维度应有独立可验证需求断言,permission,P0,该需求域必须单独定义并验证“权限”维度。,对应源码路径、测试名称或动态验证输出；若需求未定义则记录N/A及依据,维度覆盖登记，不代表需求文档已有该断言
REQ-ADMINPORTAL-03309,growth-operations,docs/ref-4.14-report-push.md,原子审计维度覆盖,状态维度应有独立可验证需求断言,state,P1,该需求域必须单独定义并验证“状态”维度。,对应源码路径、测试名称或动态验证输出；若需求未定义则记录N/A及依据,维度覆盖登记，不代表需求文档已有该断言
REQ-ADMINPORTAL-03310,growth-operations,docs/ref-4.14-report-push.md,原子审计维度覆盖,正常维度应有独立可验证需求断言,logic,P1,该需求域必须单独定义并验证“正常”维度。,对应源码路径、测试名称或动态验证输出；若需求未定义则记录N/A及依据,维度覆盖登记，不代表需求文档已有该断言
REQ-ADMINPORTAL-03311,growth-operations,docs/ref-4.14-report-push.md,原子审计维度覆盖,边界维度应有独立可验证需求断言,boundary,P1,该需求域必须单独定义并验证“边界”维度。,对应源码路径、测试名称或动态验证输出；若需求未定义则记录N/A及依据,维度覆盖登记，不代表需求文档已有该断言
REQ-ADMINPORTAL-03312,growth-operations,docs/ref-4.14-report-push.md,原子审计维度覆盖,异常维度应有独立可验证需求断言,exception,P0,该需求域必须单独定义并验证“异常”维度。,对应源码路径、测试名称或动态验证输出；若需求未定义则记录N/A及依据,维度覆盖登记，不代表需求文档已有该断言
REQ-ADMINPORTAL-03313,growth-operations,docs/ref-4.14-report-push.md,原子审计维度覆盖,并发维度应有独立可验证需求断言,concurrency,P1,该需求域必须单独定义并验证“并发”维度。,对应源码路径、测试名称或动态验证输出；若需求未定义则记录N/A及依据,维度覆盖登记，不代表需求文档已有该断言
REQ-ADMINPORTAL-03314,growth-operations,docs/ref-4.14-report-push.md,原子审计维度覆盖,幂等维度应有独立可验证需求断言,idempotency,P1,该需求域必须单独定义并验证“幂等”维度。,对应源码路径、测试名称或动态验证输出；若需求未定义则记录N/A及依据,维度覆盖登记，不代表需求文档已有该断言
REQ-ADMINPORTAL-03315,growth-operations,docs/ref-4.14-report-push.md,原子审计维度覆盖,事务维度应有独立可验证需求断言,transaction,P1,该需求域必须单独定义并验证“事务”维度。,对应源码路径、测试名称或动态验证输出；若需求未定义则记录N/A及依据,维度覆盖登记，不代表需求文档已有该断言
REQ-ADMINPORTAL-03316,growth-operations,docs/ref-4.14-report-push.md,原子审计维度覆盖,回滚维度应有独立可验证需求断言,rollback,P1,该需求域必须单独定义并验证“回滚”维度。,对应源码路径、测试名称或动态验证输出；若需求未定义则记录N/A及依据,维度覆盖登记，不代表需求文档已有该断言
REQ-ADMINPORTAL-03317,growth-operations,docs/ref-4.14-report-push.md,原子审计维度覆盖,落库维度应有独立可验证需求断言,db,P1,该需求域必须单独定义并验证“落库”维度。,对应源码路径、测试名称或动态验证输出；若需求未定义则记录N/A及依据,维度覆盖登记，不代表需求文档已有该断言
REQ-ADMINPORTAL-03318,growth-operations,docs/ref-4.14-report-push.md,原子审计维度覆盖,缓存维度应有独立可验证需求断言,db,P1,该需求域必须单独定义并验证“缓存”维度。,对应源码路径、测试名称或动态验证输出；若需求未定义则记录N/A及依据,维度覆盖登记，不代表需求文档已有该断言
REQ-ADMINPORTAL-03319,growth-operations,docs/ref-4.14-report-push.md,原子审计维度覆盖,通知维度应有独立可验证需求断言,logic,P1,该需求域必须单独定义并验证“通知”维度。,对应源码路径、测试名称或动态验证输出；若需求未定义则记录N/A及依据,维度覆盖登记，不代表需求文档已有该断言
REQ-ADMINPORTAL-03320,growth-operations,docs/ref-4.14-report-push.md,原子审计维度覆盖,审计维度应有独立可验证需求断言,audit,P0,该需求域必须单独定义并验证“审计”维度。,对应源码路径、测试名称或动态验证输出；若需求未定义则记录N/A及依据,维度覆盖登记，不代表需求文档已有该断言
REQ-ADMINPORTAL-03321,growth-operations,docs/ref-4.14-report-push.md,原子审计维度覆盖,监控维度应有独立可验证需求断言,performance,P1,该需求域必须单独定义并验证“监控”维度。,对应源码路径、测试名称或动态验证输出；若需求未定义则记录N/A及依据,维度覆盖登记，不代表需求文档已有该断言
REQ-ADMINPORTAL-03322,growth-operations,docs/ref-4.14-report-push.md,原子审计维度覆盖,测试维度应有独立可验证需求断言,test,P0,该需求域必须单独定义并验证“测试”维度。,对应源码路径、测试名称或动态验证输出；若需求未定义则记录N/A及依据,维度覆盖登记，不代表需求文档已有该断言
