req_id,domain,source_path,suspect_fields,compound_assertion,review_status
REQ-CF-00001,core-finance,docs/PRD-核心引擎.md,source_section;source_quote;atomic_assertion,NO,OPEN
REQ-CF-00002,core-finance,docs/PRD-核心引擎.md,source_section;source_quote,NO,OPEN
REQ-CF-00003,core-finance,docs/PRD-核心引擎.md,source_section;source_quote,NO,OPEN
REQ-CF-00004,core-finance,docs/PRD-核心引擎.md,source_section;source_quote,NO,OPEN
REQ-CF-00005,core-finance,docs/PRD-核心引擎.md,source_section;source_quote,NO,OPEN
REQ-CF-00006,core-finance,docs/PRD-核心引擎.md,source_section;source_quote,NO,OPEN
REQ-CF-00007,core-finance,docs/PRD-核心引擎.md,source_section;source_quote,NO,OPEN
REQ-CF-00008,core-finance,docs/PRD-核心引擎.md,source_section;source_quote,NO,OPEN
REQ-CF-00009,core-finance,docs/PRD-核心引擎.md,source_section;source_quote,NO,OPEN
REQ-CF-00010,core-finance,docs/PRD-核心引擎.md,source_section;source_quote,NO,OPEN
REQ-CF-00011,core-finance,docs/PRD-核心引擎.md,source_section;source_quote,NO,OPEN
REQ-CF-00012,core-finance,docs/PRD-核心引擎.md,source_section;source_quote,NO,OPEN
REQ-CF-00013,core-finance,docs/PRD-核心引擎.md,source_section;source_quote,NO,OPEN
REQ-CF-00014,core-finance,docs/PRD-核心引擎.md,source_section;source_quote,NO,OPEN
REQ-CF-00015,core-finance,docs/PRD-核心引擎.md,source_section;source_quote,NO,OPEN
REQ-CF-00016,core-finance,docs/PRD-核心引擎.md,source_section;source_quote,NO,OPEN
REQ-CF-00017,core-finance,docs/PRD-核心引擎.md,source_section;source_quote,NO,OPEN
REQ-CF-00018,core-finance,docs/PRD-核心引擎.md,source_section;source_quote,NO,OPEN
REQ-CF-00019,core-finance,docs/PRD-核心引擎.md,source_section;source_quote,NO,OPEN
REQ-CF-00020,core-finance,docs/PRD-核心引擎.md,source_section;source_quote,NO,OPEN
REQ-CF-00021,core-finance,docs/PRD-核心引擎.md,source_section;source_quote,NO,OPEN
REQ-CF-00022,core-finance,docs/PRD-核心引擎.md,source_section;source_quote,NO,OPEN
REQ-CF-00023,core-finance,docs/PRD-核心引擎.md,source_section;source_quote,NO,OPEN
REQ-CF-00024,core-finance,docs/PRD-核心引擎.md,source_section;source_quote,NO,OPEN
REQ-CF-00025,core-finance,docs/PRD-核心引擎.md,source_section;source_quote,NO,OPEN
REQ-CF-00026,core-finance,docs/PRD-核心引擎.md,source_section;source_quote,NO,OPEN
REQ-CF-00027,core-finance,docs/PRD-核心引擎.md,source_section;source_quote;atomic_assertion,NO,OPEN
REQ-CF-00028,core-finance,docs/PRD-核心引擎.md,source_section;source_quote,NO,OPEN
REQ-CF-00029,core-finance,docs/PRD-核心引擎.md,source_quote;atomic_assertion,NO,OPEN
REQ-CF-00030,core-finance,docs/PRD-核心引擎.md,source_quote;atomic_assertion,NO,OPEN
REQ-CF-00042,core-finance,docs/PRD-核心引擎.md,atomic_assertion,NO,OPEN
REQ-CF-00057,core-finance,docs/PRD-核心引擎.md,source_section;source_quote,NO,OPEN
REQ-CF-00058,core-finance,docs/PRD-核心引擎.md,source_quote;atomic_assertion,NO,OPEN
REQ-CF-00120,core-finance,docs/PRD-核心引擎.md,source_quote;atomic_assertion,NO,OPEN
REQ-CF-00121,core-finance,docs/PRD-核心引擎.md,source_section;source_quote,NO,OPEN
REQ-CF-00122,core-finance,docs/PRD-核心引擎.md,source_section;source_quote;atomic_assertion,NO,OPEN
REQ-CF-00123,core-finance,docs/PRD-核心引擎.md,source_section;source_quote,NO,OPEN
REQ-CF-00124,core-finance,docs/PRD-核心引擎.md,source_section,NO,OPEN
REQ-CF-00125,core-finance,docs/PRD-核心引擎.md,source_section;source_quote,NO,OPEN
REQ-CF-00126,core-finance,docs/PRD-核心引擎.md,source_section;source_quote;atomic_assertion,NO,OPEN
REQ-CF-00127,core-finance,docs/PRD-核心引擎.md,source_section;source_quote,NO,OPEN
REQ-CF-00129,core-finance,docs/PRD-核心引擎.md,source_section;source_quote,NO,OPEN
REQ-CF-00130,core-finance,docs/PRD-核心引擎.md,source_section;source_quote;atomic_assertion,NO,OPEN
REQ-CF-00132,core-finance,docs/PRD-核心引擎.md,source_section;source_quote,NO,OPEN
REQ-CF-00133,core-finance,docs/PRD-核心引擎.md,source_section,NO,OPEN
REQ-CF-00134,core-finance,docs/PRD-核心引擎.md,source_section;source_quote,NO,OPEN
REQ-CF-00135,core-finance,docs/PRD-核心引擎.md,source_section;source_quote;atomic_assertion,NO,OPEN
REQ-CF-00136,core-finance,docs/PRD-核心引擎.md,source_section;source_quote,NO,OPEN
REQ-CF-00137,core-finance,docs/PRD-核心引擎.md,source_section,NO,OPEN
REQ-CF-00138,core-finance,docs/PRD-核心引擎.md,source_section;source_quote,NO,OPEN
REQ-CF-00139,core-finance,docs/PRD-核心引擎.md,source_section;source_quote;atomic_assertion,NO,OPEN
REQ-CF-00140,core-finance,docs/PRD-核心引擎.md,source_section;source_quote,NO,OPEN
REQ-CF-00142,core-finance,docs/PRD-核心引擎.md,source_section;source_quote,NO,OPEN
REQ-CF-00143,core-finance,docs/PRD-核心引擎.md,source_section;source_quote,NO,OPEN
REQ-CF-00145,core-finance,docs/PRD-核心引擎.md,source_section,NO,OPEN
REQ-CF-00146,core-finance,docs/PRD-核心引擎.md,source_section;source_quote,NO,OPEN
REQ-CF-00147,core-finance,docs/PRD-核心引擎.md,source_section;source_quote,NO,OPEN
REQ-CF-00148,core-finance,docs/PRD-核心引擎.md,source_section;source_quote;atomic_assertion,NO,OPEN
REQ-CF-00150,core-finance,docs/PRD-核心引擎.md,source_section;source_quote,NO,OPEN
REQ-CF-00154,core-finance,docs/PRD-财务模块增强.md,source_quote;atomic_assertion,NO,OPEN
REQ-CF-00155,core-finance,docs/PRD-财务模块增强.md,source_quote,NO,OPEN
REQ-CF-00156,core-finance,docs/PRD-财务模块增强.md,source_quote;atomic_assertion,NO,OPEN
REQ-CF-00157,core-finance,docs/PRD-财务模块增强.md,source_quote,NO,OPEN
REQ-CF-00158,core-finance,docs/PRD-财务模块增强.md,source_quote;atomic_assertion,NO,OPEN
REQ-CF-00159,core-finance,docs/PRD-财务模块增强.md,source_quote;atomic_assertion,NO,OPEN
REQ-CF-00160,core-finance,docs/PRD-财务模块增强.md,source_quote,NO,OPEN
REQ-CF-00184,core-finance,docs/PRD-财务模块增强.md,source_quote,NO,OPEN
REQ-CF-00185,core-finance,docs/PRD-财务模块增强.md,atomic_assertion,NO,OPEN
REQ-CF-00186,core-finance,docs/PRD-财务模块增强.md,atomic_assertion,NO,OPEN
REQ-CF-00188,core-finance,docs/PRD-财务模块增强.md,atomic_assertion,NO,OPEN
REQ-CF-00209,core-finance,docs/PRD-财务模块增强.md,atomic_assertion,NO,OPEN
REQ-CF-00210,core-finance,docs/PRD-财务模块增强.md,atomic_assertion,NO,OPEN
REQ-CF-00212,core-finance,docs/PRD-财务模块增强.md,atomic_assertion,NO,OPEN
REQ-CF-00214,core-finance,docs/PRD-财务模块增强.md,atomic_assertion,NO,OPEN
REQ-CF-00218,core-finance,docs/PRD-财务模块增强.md,atomic_assertion,NO,OPEN
REQ-CF-00233,core-finance,docs/PRD-财务模块增强.md,atomic_assertion,NO,OPEN
REQ-CF-00238,core-finance,docs/PRD-财务模块增强.md,atomic_assertion,NO,OPEN
REQ-CF-00240,core-finance,docs/PRD-财务模块增强.md,atomic_assertion,NO,OPEN
REQ-CF-00241,core-finance,docs/PRD-财务模块增强.md,source_quote;atomic_assertion,NO,OPEN
REQ-CF-00247,core-finance,docs/PRD-财务模块增强.md,atomic_assertion,NO,OPEN
REQ-CF-00249,core-finance,docs/PRD-财务模块增强.md,source_quote;atomic_assertion,NO,OPEN
REQ-CF-00251,core-finance,docs/PRD-财务模块增强.md,atomic_assertion,NO,OPEN
REQ-CF-00253,core-finance,docs/PRD-财务模块增强.md,atomic_assertion,NO,OPEN
REQ-CF-00270,core-finance,docs/PRD-财务模块增强.md,source_quote;atomic_assertion,NO,OPEN
REQ-CF-00272,core-finance,docs/PRD-财务模块增强.md,atomic_assertion,NO,OPEN
REQ-CF-00275,core-finance,docs/PRD-财务模块增强.md,source_quote,NO,OPEN
REQ-CF-00279,core-finance,docs/PRD-财务模块增强.md,source_quote,NO,OPEN
REQ-CF-00280,core-finance,docs/PRD-财务模块增强.md,source_quote;atomic_assertion,NO,OPEN
REQ-CF-00297,core-finance,docs/PRD-财务模块增强.md,source_quote;atomic_assertion,NO,OPEN
REQ-CF-00298,core-finance,docs/PRD-财务模块增强.md,source_quote,NO,OPEN
REQ-CF-00299,core-finance,docs/PRD-财务模块增强.md,source_quote;atomic_assertion,NO,OPEN
REQ-CF-00310,core-finance,docs/PRD-财务模块增强.md,source_quote,NO,OPEN
REQ-CF-00312,core-finance,docs/PRD-财务模块增强.md,source_quote;atomic_assertion,NO,OPEN
REQ-CF-00314,core-finance,docs/PRD-财务模块增强.md,source_quote,NO,OPEN
REQ-CF-00319,core-finance,docs/PRD-财务模块增强.md,atomic_assertion,NO,OPEN
REQ-CF-00708,core-finance,docs/PRD-整改R1-R4-人工上账与资金入账.md,,YES,OPEN
REQ-CF-00972,core-finance,docs/PRD-整改R5-R7-资金风控.md,,YES,OPEN
REQ-CF-01355,core-finance,docs/PRD-整改R5-R7-资金风控.md,,YES,OPEN
REQ-CF-01916,core-finance,docs/PRD-模型缓存定价与缓存计量.md,,YES,OPEN
REQ-CF-01999,core-finance,docs/PRD-模型缓存定价与缓存计量.md,,YES,OPEN
REQ-CF-02580,core-finance,docs/PRD-运营增长模块.md,source_quote;atomic_assertion,NO,OPEN
REQ-CF-02581,core-finance,docs/PRD-运营增长模块.md,atomic_assertion,NO,OPEN
REQ-CF-02582,core-finance,docs/PRD-运营增长模块.md,source_quote,NO,OPEN
REQ-CF-02583,core-finance,docs/PRD-运营增长模块.md,source_quote;atomic_assertion,NO,OPEN
REQ-CF-02586,core-finance,docs/PRD-运营增长模块.md,source_quote,NO,OPEN
REQ-CF-02587,core-finance,docs/PRD-运营增长模块.md,source_quote;atomic_assertion,NO,OPEN
REQ-CF-02614,core-finance,docs/PRD-运营增长模块.md,source_quote,NO,OPEN
REQ-CF-02615,core-finance,docs/PRD-运营增长模块.md,source_quote;atomic_assertion,NO,OPEN
REQ-CF-02620,core-finance,docs/PRD-运营增长模块.md,source_quote;atomic_assertion,NO,OPEN
REQ-CF-02621,core-finance,docs/PRD-运营增长模块.md,atomic_assertion,NO,OPEN
REQ-CF-02623,core-finance,docs/PRD-运营增长模块.md,source_quote;atomic_assertion,NO,OPEN
REQ-CF-02625,core-finance,docs/PRD-运营增长模块.md,atomic_assertion,NO,OPEN
REQ-CF-02626,core-finance,docs/PRD-运营增长模块.md,source_quote,NO,OPEN
REQ-CF-02627,core-finance,docs/PRD-运营增长模块.md,atomic_assertion,NO,OPEN
REQ-CF-02629,core-finance,docs/PRD-运营增长模块.md,atomic_assertion,NO,OPEN
REQ-CF-02631,core-finance,docs/PRD-运营增长模块.md,atomic_assertion,NO,OPEN
REQ-CF-02648,core-finance,docs/PRD-运营增长模块.md,source_quote,NO,OPEN
REQ-CF-02649,core-finance,docs/PRD-运营增长模块.md,atomic_assertion,NO,OPEN
REQ-CF-02651,core-finance,docs/PRD-运营增长模块.md,atomic_assertion,NO,OPEN
REQ-CF-02656,core-finance,docs/PRD-运营增长模块.md,source_quote;atomic_assertion,NO,OPEN
REQ-CF-02659,core-finance,docs/PRD-运营增长模块.md,source_quote,NO,OPEN
REQ-CF-02661,core-finance,docs/PRD-运营增长模块.md,atomic_assertion,NO,OPEN
REQ-CF-02663,core-finance,docs/PRD-运营增长模块.md,atomic_assertion,NO,OPEN
REQ-CF-02667,core-finance,docs/PRD-运营增长模块.md,atomic_assertion,NO,OPEN
REQ-CF-02695,core-finance,docs/PRD-运营增长模块.md,atomic_assertion,NO,OPEN
REQ-CF-02697,core-finance,docs/PRD-运营增长模块.md,atomic_assertion,NO,OPEN
REQ-CF-02700,core-finance,docs/PRD-运营增长模块.md,source_quote;atomic_assertion,NO,OPEN
REQ-CF-02701,core-finance,docs/PRD-运营增长模块.md,atomic_assertion,NO,OPEN
REQ-CF-02703,core-finance,docs/PRD-运营增长模块.md,source_quote;atomic_assertion,NO,OPEN
REQ-CF-02713,core-finance,docs/PRD-运营增长模块.md,atomic_assertion,NO,OPEN
REQ-CF-02739,core-finance,docs/PRD-运营增长模块.md,atomic_assertion,NO,OPEN
REQ-CF-02741,core-finance,docs/PRD-运营增长模块.md,atomic_assertion,NO,OPEN
REQ-CF-02742,core-finance,docs/PRD-运营增长模块.md,source_quote,NO,OPEN
REQ-CF-02744,core-finance,docs/PRD-运营增长模块.md,source_quote,NO,OPEN
REQ-CF-02745,core-finance,docs/PRD-运营增长模块.md,source_quote;atomic_assertion,NO,OPEN
REQ-CF-02750,core-finance,docs/PRD-运营增长模块.md,source_quote,NO,OPEN
REQ-CF-02752,core-finance,docs/PRD-运营增长模块.md,source_quote,NO,OPEN
REQ-CF-02753,core-finance,docs/PRD-运营增长模块.md,source_quote;atomic_assertion,NO,OPEN
REQ-CF-02754,core-finance,docs/PRD-运营增长模块.md,source_quote,NO,OPEN
REQ-CF-02757,core-finance,docs/PRD-运营增长模块.md,source_quote;atomic_assertion,NO,OPEN
REQ-CF-02758,core-finance,docs/PRD-运营增长模块.md,atomic_assertion,NO,OPEN
REQ-CF-02759,core-finance,docs/PRD-运营增长模块.md,source_section;source_quote;atomic_assertion,NO,OPEN
REQ-CF-02760,core-finance,docs/PRD-运营增长模块.md,source_section;source_quote;atomic_assertion,NO,OPEN
REQ-CF-02761,core-finance,docs/PRD-运营增长模块.md,source_section;source_quote;atomic_assertion,NO,OPEN
REQ-CF-02762,core-finance,docs/PRD-运营增长模块.md,atomic_assertion,NO,OPEN
REQ-CF-02764,core-finance,docs/PRD-运营增长模块.md,source_quote;atomic_assertion,NO,OPEN
REQ-CF-02766,core-finance,docs/PRD-运营增长模块.md,source_quote;atomic_assertion,NO,OPEN
REQ-CF-02768,core-finance,docs/PRD-运营增长模块.md,atomic_assertion,NO,OPEN
REQ-CF-02770,core-finance,docs/PRD-运营增长模块.md,source_quote;atomic_assertion,NO,OPEN
REQ-CF-02772,core-finance,docs/PRD-运营增长模块.md,source_quote;atomic_assertion,NO,OPEN
REQ-CF-02777,core-finance,docs/PRD-运营增长模块.md,source_quote;atomic_assertion,NO,OPEN
REQ-CF-02778,core-finance,docs/PRD-运营增长模块.md,atomic_assertion,NO,OPEN
REQ-CF-02779,core-finance,docs/PRD-运营增长模块.md,atomic_assertion,NO,OPEN
REQ-CF-02788,core-finance,docs/PRD-运营增长模块.md,atomic_assertion,NO,OPEN
REQ-CF-02791,core-finance,docs/PRD-运营增长模块.md,atomic_assertion,NO,OPEN
REQ-CF-02827,core-finance,docs/PRD-运营增长模块.md,source_quote;atomic_assertion,NO,OPEN
REQ-CF-02828,core-finance,docs/PRD-运营增长模块.md,source_quote,NO,OPEN
REQ-CF-02844,core-finance,docs/PRD-运营增长模块.md,source_section;source_quote,NO,OPEN
REQ-CF-02845,core-finance,docs/PRD-运营增长模块.md,source_section,NO,OPEN
REQ-CF-02846,core-finance,docs/PRD-运营增长模块.md,source_section;source_quote,NO,OPEN
REQ-CF-02847,core-finance,docs/PRD-运营增长模块.md,source_section;source_quote;atomic_assertion,NO,OPEN
REQ-CF-02848,core-finance,docs/PRD-运营增长模块.md,source_section,NO,OPEN
REQ-CF-02850,core-finance,docs/PRD-运营增长模块.md,source_section,NO,OPEN
REQ-CF-02851,core-finance,docs/PRD-运营增长模块.md,source_section,NO,OPEN
REQ-CF-02852,core-finance,docs/PRD-运营增长模块.md,source_section;source_quote,NO,OPEN
REQ-CF-02854,core-finance,docs/PRD-运营增长模块.md,source_section;source_quote,NO,OPEN
REQ-CF-02855,core-finance,docs/PRD-运营增长模块.md,source_section;source_quote;atomic_assertion,NO,OPEN
REQ-CF-02856,core-finance,docs/PRD-运营增长模块.md,source_section;source_quote,NO,OPEN
REQ-CF-02859,core-finance,docs/PRD-运营增长模块.md,source_section;source_quote;atomic_assertion,NO,OPEN
REQ-CF-02860,core-finance,docs/PRD-运营增长模块.md,source_section;source_quote;atomic_assertion,NO,OPEN
REQ-CF-02861,core-finance,docs/PRD-运营增长模块.md,source_section,NO,OPEN
REQ-CF-02862,core-finance,docs/PRD-运营增长模块.md,source_section,NO,OPEN
REQ-CF-02863,core-finance,docs/PRD-运营增长模块.md,source_section;source_quote;atomic_assertion,NO,OPEN
REQ-CF-02864,core-finance,docs/PRD-运营增长模块.md,source_section;source_quote;atomic_assertion,NO,OPEN
REQ-CF-03098,core-finance,docs/SPEC-§5-核心引擎.md,,YES,OPEN
REQ-CF-03109,core-finance,docs/SPEC-§5-核心引擎.md,,YES,OPEN
REQ-CF-03110,core-finance,docs/SPEC-§5-核心引擎.md,,YES,OPEN
REQ-CF-03111,core-finance,docs/SPEC-§5-核心引擎.md,,YES,OPEN
REQ-CF-03652,core-finance,docs/ref-5.1-routing.md,,YES,OPEN
REQ-CF-04354,core-finance,docs/ref-5.4-alert-rules.md,,YES,OPEN
REQ-CF-04640,core-finance,docs/ref-4.4-finance.md,,YES,OPEN
REQ-ADMINPORTAL-00003,admin-portal,docs/PRD-管理后台.md,atomic_assertion,NO,OPEN
REQ-ADMINPORTAL-00005,admin-portal,docs/PRD-管理后台.md,atomic_assertion,NO,OPEN
REQ-ADMINPORTAL-00006,admin-portal,docs/PRD-管理后台.md,atomic_assertion,NO,OPEN
REQ-ADMINPORTAL-00007,admin-portal,docs/PRD-管理后台.md,atomic_assertion,NO,OPEN
REQ-ADMINPORTAL-00013,admin-portal,docs/PRD-管理后台.md,atomic_assertion,NO,OPEN
REQ-ADMINPORTAL-00019,admin-portal,docs/PRD-管理后台.md,source_section;source_quote,NO,OPEN
REQ-ADMINPORTAL-00020,admin-portal,docs/PRD-管理后台.md,source_section;source_quote,NO,OPEN
REQ-ADMINPORTAL-00021,admin-portal,docs/PRD-管理后台.md,source_section;source_quote,NO,OPEN
REQ-ADMINPORTAL-00022,admin-portal,docs/PRD-管理后台.md,source_section;source_quote,NO,OPEN
REQ-ADMINPORTAL-00023,admin-portal,docs/PRD-管理后台.md,source_section;source_quote,NO,OPEN
REQ-ADMINPORTAL-00024,admin-portal,docs/PRD-管理后台.md,source_section;source_quote;atomic_assertion,NO,OPEN
REQ-ADMINPORTAL-00025,admin-portal,docs/PRD-管理后台.md,source_section;source_quote,NO,OPEN
REQ-ADMINPORTAL-00026,admin-portal,docs/PRD-管理后台.md,source_section;source_quote;atomic_assertion,NO,OPEN
REQ-ADMINPORTAL-00027,admin-portal,docs/PRD-管理后台.md,source_section;source_quote,NO,OPEN
REQ-ADMINPORTAL-00028,admin-portal,docs/PRD-管理后台.md,source_section;source_quote,NO,OPEN
REQ-ADMINPORTAL-00029,admin-portal,docs/PRD-管理后台.md,source_section;source_quote,NO,OPEN
REQ-ADMINPORTAL-00030,admin-portal,docs/PRD-管理后台.md,source_section;source_quote,NO,OPEN
REQ-ADMINPORTAL-00031,admin-portal,docs/PRD-管理后台.md,source_section;source_quote;atomic_assertion,NO,OPEN
REQ-ADMINPORTAL-00032,admin-portal,docs/PRD-管理后台.md,source_section;source_quote;atomic_assertion,NO,OPEN
REQ-ADMINPORTAL-00033,admin-portal,docs/PRD-管理后台.md,source_section;source_quote;atomic_assertion,NO,OPEN
REQ-ADMINPORTAL-00034,admin-portal,docs/PRD-管理后台.md,source_section;source_quote,NO,OPEN
REQ-ADMINPORTAL-00035,admin-portal,docs/PRD-管理后台.md,source_section;source_quote;atomic_assertion,NO,OPEN
REQ-ADMINPORTAL-00036,admin-portal,docs/PRD-管理后台.md,source_section;source_quote;atomic_assertion,NO,OPEN
REQ-ADMINPORTAL-00037,admin-portal,docs/PRD-管理后台.md,source_section;source_quote;atomic_assertion,NO,OPEN
REQ-ADMINPORTAL-00038,admin-portal,docs/PRD-管理后台.md,source_section;source_quote;atomic_assertion,NO,OPEN
REQ-ADMINPORTAL-00039,admin-portal,docs/PRD-管理后台.md,source_section;source_quote;atomic_assertion,NO,OPEN
REQ-ADMINPORTAL-00040,admin-portal,docs/PRD-管理后台.md,source_section;source_quote,NO,OPEN
REQ-ADMINPORTAL-00041,admin-portal,docs/PRD-管理后台.md,source_section;source_quote,NO,OPEN
REQ-ADMINPORTAL-00047,admin-portal,docs/PRD-管理后台.md,atomic_assertion,NO,OPEN
REQ-ADMINPORTAL-00050,admin-portal,docs/PRD-管理后台.md,atomic_assertion,NO,OPEN
REQ-ADMINPORTAL-00081,admin-portal,docs/PRD-管理后台.md,atomic_assertion,NO,OPEN
REQ-ADMINPORTAL-00088,admin-portal,docs/PRD-管理后台.md,source_section;source_quote,NO,OPEN
REQ-ADMINPORTAL-00089,admin-portal,docs/PRD-管理后台.md,source_section;source_quote,NO,OPEN
REQ-ADMINPORTAL-00090,admin-portal,docs/PRD-管理后台.md,source_section;source_quote,NO,OPEN
REQ-ADMINPORTAL-00091,admin-portal,docs/PRD-管理后台.md,source_section;source_quote;atomic_assertion,NO,OPEN
REQ-ADMINPORTAL-00092,admin-portal,docs/PRD-管理后台.md,source_section;source_quote,NO,OPEN
REQ-ADMINPORTAL-00093,admin-portal,docs/PRD-管理后台.md,source_section;source_quote,NO,OPEN
REQ-ADMINPORTAL-00094,admin-portal,docs/PRD-管理后台.md,source_section;source_quote,NO,OPEN
REQ-ADMINPORTAL-00095,admin-portal,docs/PRD-管理后台.md,source_section;source_quote,NO,OPEN
REQ-ADMINPORTAL-00096,admin-portal,docs/PRD-管理后台.md,source_section;source_quote;atomic_assertion,NO,OPEN
REQ-ADMINPORTAL-00097,admin-portal,docs/PRD-管理后台.md,source_section;source_quote,NO,OPEN
REQ-ADMINPORTAL-00098,admin-portal,docs/PRD-管理后台.md,source_section;source_quote,NO,OPEN
REQ-ADMINPORTAL-00099,admin-portal,docs/PRD-管理后台.md,source_section;source_quote,NO,OPEN
REQ-ADMINPORTAL-00100,admin-portal,docs/PRD-管理后台.md,source_section;source_quote,NO,OPEN
REQ-ADMINPORTAL-00101,admin-portal,docs/PRD-管理后台.md,source_section;source_quote,NO,OPEN
REQ-ADMINPORTAL-00104,admin-portal,docs/PRD-管理后台.md,atomic_assertion,NO,OPEN
REQ-ADMINPORTAL-00108,admin-portal,docs/PRD-管理后台.md,atomic_assertion,NO,OPEN
REQ-ADMINPORTAL-00115,admin-portal,docs/PRD-管理后台.md,atomic_assertion,NO,OPEN
REQ-ADMINPORTAL-00145,admin-portal,docs/PRD-管理后台.md,atomic_assertion,NO,OPEN
REQ-ADMINPORTAL-00148,admin-portal,docs/PRD-管理后台.md,atomic_assertion,NO,OPEN
REQ-ADMINPORTAL-00150,admin-portal,docs/PRD-管理后台.md,atomic_assertion,NO,OPEN
REQ-ADMINPORTAL-00153,admin-portal,docs/PRD-管理后台.md,atomic_assertion,NO,OPEN
REQ-ADMINPORTAL-00154,admin-portal,docs/PRD-管理后台.md,source_section;source_quote,NO,OPEN
REQ-ADMINPORTAL-00155,admin-portal,docs/PRD-管理后台.md,source_section;source_quote,NO,OPEN
REQ-ADMINPORTAL-00156,admin-portal,docs/PRD-管理后台.md,source_section;source_quote;atomic_assertion,NO,OPEN
REQ-ADMINPORTAL-00157,admin-portal,docs/PRD-管理后台.md,source_section;source_quote;atomic_assertion,NO,OPEN
REQ-ADMINPORTAL-00158,admin-portal,docs/PRD-管理后台.md,source_section;source_quote,NO,OPEN
REQ-ADMINPORTAL-00159,admin-portal,docs/PRD-管理后台.md,source_section;source_quote,NO,OPEN
REQ-ADMINPORTAL-00160,admin-portal,docs/PRD-管理后台.md,source_section;source_quote,NO,OPEN
REQ-ADMINPORTAL-00161,admin-portal,docs/PRD-管理后台.md,source_section;source_quote,NO,OPEN
REQ-ADMINPORTAL-00162,admin-portal,docs/PRD-管理后台.md,source_section;source_quote,NO,OPEN
REQ-ADMINPORTAL-00163,admin-portal,docs/PRD-管理后台.md,source_section;source_quote,NO,OPEN
REQ-ADMINPORTAL-00164,admin-portal,docs/PRD-管理后台.md,source_section;source_quote,NO,OPEN
REQ-ADMINPORTAL-00165,admin-portal,docs/PRD-管理后台.md,source_section;source_quote,NO,OPEN
REQ-ADMINPORTAL-00166,admin-portal,docs/PRD-管理后台.md,source_section;source_quote;atomic_assertion,NO,OPEN
REQ-ADMINPORTAL-00167,admin-portal,docs/PRD-管理后台.md,source_section;source_quote,NO,OPEN
REQ-ADMINPORTAL-00168,admin-portal,docs/PRD-管理后台.md,source_section;source_quote,NO,OPEN
REQ-ADMINPORTAL-00169,admin-portal,docs/PRD-管理后台.md,source_section;source_quote,NO,OPEN
REQ-ADMINPORTAL-00170,admin-portal,docs/PRD-管理后台.md,source_section;source_quote,NO,OPEN
REQ-ADMINPORTAL-00171,admin-portal,docs/PRD-管理后台.md,source_section;source_quote,NO,OPEN
REQ-ADMINPORTAL-00172,admin-portal,docs/PRD-管理后台.md,source_section;source_quote,NO,OPEN
REQ-ADMINPORTAL-00173,admin-portal,docs/PRD-管理后台.md,source_section;source_quote,NO,OPEN
REQ-ADMINPORTAL-00174,admin-portal,docs/PRD-管理后台.md,source_section;source_quote,NO,OPEN
REQ-ADMINPORTAL-00175,admin-portal,docs/PRD-管理后台.md,source_section;source_quote,NO,OPEN
REQ-ADMINPORTAL-00176,admin-portal,docs/PRD-管理后台.md,source_section;source_quote,NO,OPEN
REQ-ADMINPORTAL-00177,admin-portal,docs/PRD-管理后台.md,source_section;source_quote,NO,OPEN
REQ-ADMINPORTAL-00178,admin-portal,docs/PRD-管理后台.md,source_section;source_quote,NO,OPEN
REQ-ADMINPORTAL-00179,admin-portal,docs/PRD-管理后台.md,source_section;source_quote,NO,OPEN
REQ-ADMINPORTAL-00184,admin-portal,docs/PRD-管理后台.md,atomic_assertion,NO,OPEN
REQ-ADMINPORTAL-00185,admin-portal,docs/PRD-管理后台.md,atomic_assertion,NO,OPEN
REQ-ADMINPORTAL-00187,admin-portal,docs/PRD-管理后台.md,atomic_assertion,NO,OPEN
REQ-ADMINPORTAL-00193,admin-portal,docs/PRD-管理后台.md,atomic_assertion,NO,OPEN
REQ-ADMINPORTAL-00194,admin-portal,docs/PRD-管理后台.md,atomic_assertion,NO,OPEN
REQ-ADMINPORTAL-00196,admin-portal,docs/PRD-管理后台.md,atomic_assertion,NO,OPEN
REQ-ADMINPORTAL-00197,admin-portal,docs/PRD-管理后台.md,atomic_assertion,NO,OPEN
REQ-ADMINPORTAL-00201,admin-portal,docs/PRD-管理后台.md,source_section;source_quote,NO,OPEN
REQ-ADMINPORTAL-00202,admin-portal,docs/PRD-管理后台.md,source_section;source_quote,NO,OPEN
REQ-ADMINPORTAL-00203,admin-portal,docs/PRD-管理后台.md,source_section;source_quote,NO,OPEN
REQ-ADMINPORTAL-00204,admin-portal,docs/PRD-管理后台.md,source_section;source_quote,NO,OPEN
REQ-ADMINPORTAL-00205,admin-portal,docs/PRD-管理后台.md,source_section;source_quote,NO,OPEN
REQ-ADMINPORTAL-00206,admin-portal,docs/PRD-管理后台.md,source_section;source_quote,NO,OPEN
REQ-ADMINPORTAL-00207,admin-portal,docs/PRD-管理后台.md,source_section;source_quote,NO,OPEN
REQ-ADMINPORTAL-00208,admin-portal,docs/PRD-管理后台.md,source_section;source_quote;atomic_assertion,NO,OPEN
REQ-ADMINPORTAL-00209,admin-portal,docs/PRD-管理后台.md,source_section;source_quote,NO,OPEN
REQ-ADMINPORTAL-00210,admin-portal,docs/PRD-管理后台.md,source_section;source_quote,NO,OPEN
REQ-ADMINPORTAL-00211,admin-portal,docs/PRD-管理后台.md,source_section;source_quote,NO,OPEN
REQ-ADMINPORTAL-00212,admin-portal,docs/PRD-管理后台.md,source_section;source_quote,NO,OPEN
REQ-ADMINPORTAL-00220,admin-portal,docs/PRD-管理后台.md,atomic_assertion,NO,OPEN
REQ-ADMINPORTAL-00225,admin-portal,docs/PRD-管理后台.md,source_section;source_quote,NO,OPEN
REQ-ADMINPORTAL-00226,admin-portal,docs/PRD-管理后台.md,source_section;source_quote,NO,OPEN
REQ-ADMINPORTAL-00227,admin-portal,docs/PRD-管理后台.md,source_section;source_quote,NO,OPEN
REQ-ADMINPORTAL-00228,admin-portal,docs/PRD-管理后台.md,source_section;source_quote;atomic_assertion,NO,OPEN
REQ-ADMINPORTAL-00229,admin-portal,docs/PRD-管理后台.md,source_section;source_quote;atomic_assertion,NO,OPEN
REQ-ADMINPORTAL-00230,admin-portal,docs/PRD-管理后台.md,source_section;source_quote;atomic_assertion,NO,OPEN
REQ-ADMINPORTAL-00231,admin-portal,docs/PRD-管理后台.md,source_section;source_quote;atomic_assertion,NO,OPEN
REQ-ADMINPORTAL-00232,admin-portal,docs/PRD-管理后台.md,source_section;source_quote;atomic_assertion,NO,OPEN
REQ-ADMINPORTAL-00233,admin-portal,docs/PRD-管理后台.md,source_section;source_quote;atomic_assertion,NO,OPEN
REQ-ADMINPORTAL-00234,admin-portal,docs/PRD-管理后台.md,source_section;source_quote,NO,OPEN
REQ-ADMINPORTAL-00235,admin-portal,docs/PRD-管理后台.md,source_section;source_quote;atomic_assertion,NO,OPEN
REQ-ADMINPORTAL-00236,admin-portal,docs/PRD-管理后台.md,source_section;source_quote,NO,OPEN
REQ-ADMINPORTAL-00237,admin-portal,docs/PRD-管理后台.md,source_section;source_quote,NO,OPEN
REQ-ADMINPORTAL-00238,admin-portal,docs/PRD-管理后台.md,source_section;source_quote,NO,OPEN
REQ-ADMINPORTAL-00239,admin-portal,docs/PRD-管理后台.md,source_section;source_quote,NO,OPEN
REQ-ADMINPORTAL-00240,admin-portal,docs/PRD-管理后台.md,source_section;source_quote,NO,OPEN
REQ-ADMINPORTAL-00241,admin-portal,docs/PRD-管理后台.md,source_section;source_quote,NO,OPEN
REQ-ADMINPORTAL-00242,admin-portal,docs/PRD-管理后台.md,source_section;source_quote,NO,OPEN
REQ-ADMINPORTAL-00243,admin-portal,docs/PRD-管理后台.md,source_section;source_quote,NO,OPEN
REQ-ADMINPORTAL-00244,admin-portal,docs/PRD-管理后台.md,source_section;source_quote,NO,OPEN
REQ-ADMINPORTAL-00245,admin-portal,docs/PRD-管理后台.md,source_section;source_quote,NO,OPEN
REQ-ADMINPORTAL-00246,admin-portal,docs/PRD-管理后台.md,source_section;source_quote,NO,OPEN
REQ-ADMINPORTAL-00247,admin-portal,docs/PRD-管理后台.md,source_section;source_quote,NO,OPEN
REQ-ADMINPORTAL-00248,admin-portal,docs/PRD-管理后台.md,source_section;source_quote,NO,OPEN
REQ-ADMINPORTAL-00249,admin-portal,docs/PRD-管理后台.md,source_section;source_quote,NO,OPEN
REQ-ADMINPORTAL-00250,admin-portal,docs/PRD-管理后台.md,source_section;source_quote,NO,OPEN
REQ-ADMINPORTAL-00251,admin-portal,docs/PRD-管理后台.md,source_section;source_quote;atomic_assertion,NO,OPEN
REQ-ADMINPORTAL-00252,admin-portal,docs/PRD-管理后台.md,source_section;source_quote;atomic_assertion,NO,OPEN
REQ-ADMINPORTAL-00253,admin-portal,docs/PRD-管理后台.md,source_section;source_quote;atomic_assertion,NO,OPEN
REQ-ADMINPORTAL-00254,admin-portal,docs/PRD-管理后台.md,source_section;source_quote,NO,OPEN
REQ-ADMINPORTAL-00255,admin-portal,docs/PRD-管理后台.md,source_section;source_quote,NO,OPEN
REQ-ADMINPORTAL-00256,admin-portal,docs/PRD-管理后台.md,source_section;source_quote;atomic_assertion,NO,OPEN
REQ-ADMINPORTAL-00257,admin-portal,docs/PRD-管理后台.md,source_section;source_quote;atomic_assertion,NO,OPEN
REQ-ADMINPORTAL-00258,admin-portal,docs/PRD-管理后台.md,source_section;source_quote,NO,OPEN
REQ-ADMINPORTAL-00259,admin-portal,docs/PRD-管理后台.md,source_section;source_quote,NO,OPEN
REQ-ADMINPORTAL-00260,admin-portal,docs/PRD-管理后台.md,source_section;source_quote,NO,OPEN
REQ-ADMINPORTAL-00261,admin-portal,docs/PRD-管理后台.md,source_section;source_quote,NO,OPEN
REQ-ADMINPORTAL-00262,admin-portal,docs/PRD-管理后台.md,source_section;source_quote,NO,OPEN
REQ-ADMINPORTAL-00263,admin-portal,docs/PRD-管理后台.md,source_section;source_quote,NO,OPEN
REQ-ADMINPORTAL-00264,admin-portal,docs/PRD-管理后台.md,source_section;source_quote,NO,OPEN
REQ-ADMINPORTAL-00265,admin-portal,docs/PRD-管理后台.md,source_section;source_quote;atomic_assertion,NO,OPEN
REQ-ADMINPORTAL-00266,admin-portal,docs/PRD-管理后台.md,source_section;source_quote;atomic_assertion,NO,OPEN
REQ-ADMINPORTAL-00267,admin-portal,docs/PRD-管理后台.md,source_section;source_quote;atomic_assertion,NO,OPEN
REQ-ADMINPORTAL-00268,admin-portal,docs/PRD-管理后台.md,source_section;source_quote,NO,OPEN
REQ-ADMINPORTAL-00269,admin-portal,docs/PRD-管理后台.md,source_section;source_quote,NO,OPEN
REQ-ADMINPORTAL-00270,admin-portal,docs/PRD-管理后台.md,source_section;source_quote,NO,OPEN
REQ-ADMINPORTAL-00271,admin-portal,docs/PRD-管理后台.md,source_section;source_quote,NO,OPEN
REQ-ADMINPORTAL-00272,admin-portal,docs/PRD-管理后台.md,source_section;source_quote,NO,OPEN
REQ-ADMINPORTAL-00273,admin-portal,docs/PRD-管理后台.md,source_section;source_quote;atomic_assertion,NO,OPEN
REQ-ADMINPORTAL-00274,admin-portal,docs/PRD-管理后台.md,source_section;source_quote,NO,OPEN
REQ-ADMINPORTAL-00275,admin-portal,docs/PRD-管理后台.md,source_section;source_quote,NO,OPEN
REQ-ADMINPORTAL-00276,admin-portal,docs/PRD-管理后台.md,source_section;source_quote,NO,OPEN
REQ-ADMINPORTAL-00277,admin-portal,docs/PRD-管理后台.md,source_section;source_quote,NO,OPEN
REQ-ADMINPORTAL-00278,admin-portal,docs/PRD-管理后台.md,source_section;source_quote,NO,OPEN
REQ-ADMINPORTAL-00279,admin-portal,docs/PRD-管理后台.md,source_section;source_quote,NO,OPEN
REQ-ADMINPORTAL-00280,admin-portal,docs/PRD-管理后台.md,source_section;source_quote;atomic_assertion,NO,OPEN
REQ-ADMINPORTAL-00281,admin-portal,docs/PRD-管理后台.md,source_section;source_quote,NO,OPEN
REQ-ADMINPORTAL-00282,admin-portal,docs/PRD-管理后台.md,source_section;source_quote,NO,OPEN
REQ-ADMINPORTAL-00283,admin-portal,docs/PRD-管理后台.md,source_section;source_quote,NO,OPEN
REQ-ADMINPORTAL-00284,admin-portal,docs/PRD-管理后台.md,source_section;source_quote;atomic_assertion,NO,OPEN
REQ-ADMINPORTAL-00285,admin-portal,docs/PRD-管理后台.md,source_section;source_quote,NO,OPEN
REQ-ADMINPORTAL-00286,admin-portal,docs/PRD-管理后台.md,source_section;source_quote,NO,OPEN
REQ-ADMINPORTAL-00287,admin-portal,docs/PRD-管理后台.md,source_section;source_quote,NO,OPEN
REQ-ADMINPORTAL-00288,admin-portal,docs/PRD-管理后台.md,source_section;source_quote,NO,OPEN
REQ-ADMINPORTAL-00289,admin-portal,docs/PRD-管理后台.md,source_section;source_quote,NO,OPEN
REQ-ADMINPORTAL-00290,admin-portal,docs/PRD-管理后台.md,source_section;source_quote,NO,OPEN
REQ-ADMINPORTAL-00291,admin-portal,docs/PRD-管理后台.md,source_section;source_quote,NO,OPEN
REQ-ADMINPORTAL-00292,admin-portal,docs/PRD-管理后台.md,source_section;source_quote,NO,OPEN
REQ-ADMINPORTAL-00293,admin-portal,docs/PRD-管理后台.md,source_section;source_quote,NO,OPEN
REQ-ADMINPORTAL-00294,admin-portal,docs/PRD-管理后台.md,source_section;source_quote,NO,OPEN
REQ-ADMINPORTAL-00295,admin-portal,docs/PRD-管理后台.md,source_section;source_quote,NO,OPEN
REQ-ADMINPORTAL-00296,admin-portal,docs/PRD-管理后台.md,source_section;source_quote,NO,OPEN
REQ-ADMINPORTAL-00297,admin-portal,docs/PRD-管理后台.md,source_section;source_quote,NO,OPEN
REQ-ADMINPORTAL-00298,admin-portal,docs/PRD-管理后台.md,source_section;source_quote,NO,OPEN
REQ-ADMINPORTAL-00299,admin-portal,docs/PRD-管理后台.md,source_section;source_quote,NO,OPEN
REQ-ADMINPORTAL-00301,growth-operations,docs/PRD-概览与运营模型.md,source_quote;atomic_assertion,NO,OPEN
REQ-ADMINPORTAL-00303,growth-operations,docs/PRD-概览与运营模型.md,source_quote;atomic_assertion,NO,OPEN
REQ-ADMINPORTAL-00304,growth-operations,docs/PRD-概览与运营模型.md,source_quote;atomic_assertion,NO,OPEN
REQ-ADMINPORTAL-00306,growth-operations,docs/PRD-概览与运营模型.md,source_quote;atomic_assertion,NO,OPEN
REQ-ADMINPORTAL-00307,growth-operations,docs/PRD-概览与运营模型.md,source_section,NO,OPEN
REQ-ADMINPORTAL-00308,growth-operations,docs/PRD-概览与运营模型.md,source_section;source_quote;atomic_assertion,NO,OPEN
REQ-ADMINPORTAL-00309,growth-operations,docs/PRD-概览与运营模型.md,source_section;source_quote;atomic_assertion,NO,OPEN
REQ-ADMINPORTAL-00310,growth-operations,docs/PRD-概览与运营模型.md,source_section,NO,OPEN
REQ-ADMINPORTAL-00311,growth-operations,docs/PRD-概览与运营模型.md,source_section,NO,OPEN
REQ-ADMINPORTAL-00312,growth-operations,docs/PRD-概览与运营模型.md,source_section,NO,OPEN
REQ-ADMINPORTAL-00313,growth-operations,docs/PRD-概览与运营模型.md,source_section,NO,OPEN
REQ-ADMINPORTAL-00314,growth-operations,docs/PRD-概览与运营模型.md,source_section;source_quote;atomic_assertion,NO,OPEN
REQ-ADMINPORTAL-00315,growth-operations,docs/PRD-概览与运营模型.md,source_section;source_quote;atomic_assertion,NO,OPEN
REQ-ADMINPORTAL-00316,growth-operations,docs/PRD-概览与运营模型.md,source_section;source_quote;atomic_assertion,NO,OPEN
REQ-ADMINPORTAL-00317,growth-operations,docs/PRD-概览与运营模型.md,source_section,NO,OPEN
REQ-ADMINPORTAL-00318,growth-operations,docs/PRD-概览与运营模型.md,source_section,NO,OPEN
REQ-ADMINPORTAL-00319,growth-operations,docs/PRD-概览与运营模型.md,source_section,NO,OPEN
REQ-ADMINPORTAL-00320,growth-operations,docs/PRD-概览与运营模型.md,source_quote;atomic_assertion,NO,OPEN
REQ-ADMINPORTAL-00330,customer-support,docs/PRD-客服支撑模块.md,source_quote;atomic_assertion,NO,OPEN
REQ-ADMINPORTAL-00332,customer-support,docs/PRD-客服支撑模块.md,source_quote;atomic_assertion,NO,OPEN
REQ-ADMINPORTAL-00344,customer-support,docs/PRD-客服支撑模块.md,atomic_assertion,NO,OPEN
REQ-ADMINPORTAL-00346,customer-support,docs/PRD-客服支撑模块.md,source_quote,NO,OPEN
REQ-ADMINPORTAL-00347,customer-support,docs/PRD-客服支撑模块.md,source_quote,NO,OPEN
REQ-ADMINPORTAL-00348,customer-support,docs/PRD-客服支撑模块.md,source_quote,NO,OPEN
REQ-ADMINPORTAL-00349,customer-support,docs/PRD-客服支撑模块.md,source_quote,NO,OPEN
REQ-ADMINPORTAL-00350,customer-support,docs/PRD-客服支撑模块.md,source_quote,NO,OPEN
REQ-ADMINPORTAL-00351,customer-support,docs/PRD-客服支撑模块.md,source_quote,NO,OPEN
REQ-ADMINPORTAL-00352,customer-support,docs/PRD-客服支撑模块.md,source_quote,NO,OPEN
REQ-ADMINPORTAL-00353,customer-support,docs/PRD-客服支撑模块.md,source_quote;atomic_assertion,NO,OPEN
REQ-ADMINPORTAL-00355,customer-support,docs/PRD-客服支撑模块.md,atomic_assertion,NO,OPEN
REQ-ADMINPORTAL-00357,customer-support,docs/PRD-客服支撑模块.md,atomic_assertion,NO,OPEN
REQ-ADMINPORTAL-00360,customer-support,docs/PRD-客服支撑模块.md,atomic_assertion,NO,OPEN
REQ-ADMINPORTAL-00362,customer-support,docs/PRD-客服支撑模块.md,atomic_assertion,NO,OPEN
REQ-ADMINPORTAL-00363,customer-support,docs/PRD-客服支撑模块.md,atomic_assertion,NO,OPEN
REQ-ADMINPORTAL-00366,customer-support,docs/PRD-客服支撑模块.md,source_quote,NO,OPEN
REQ-ADMINPORTAL-00367,customer-support,docs/PRD-客服支撑模块.md,source_quote;atomic_assertion,NO,OPEN
REQ-ADMINPORTAL-00368,customer-support,docs/PRD-客服支撑模块.md,source_quote,NO,OPEN
REQ-ADMINPORTAL-00369,customer-support,docs/PRD-客服支撑模块.md,source_quote,NO,OPEN
REQ-ADMINPORTAL-00377,customer-support,docs/PRD-客服支撑模块.md,atomic_assertion,NO,OPEN
REQ-ADMINPORTAL-00378,customer-support,docs/PRD-客服支撑模块.md,atomic_assertion,NO,OPEN
REQ-ADMINPORTAL-00380,customer-support,docs/PRD-客服支撑模块.md,source_quote,NO,OPEN
REQ-ADMINPORTAL-00381,customer-support,docs/PRD-客服支撑模块.md,source_quote,NO,OPEN
REQ-ADMINPORTAL-00382,customer-support,docs/PRD-客服支撑模块.md,source_quote,NO,OPEN
REQ-ADMINPORTAL-00383,customer-support,docs/PRD-客服支撑模块.md,source_quote,NO,OPEN
REQ-ADMINPORTAL-00393,customer-support,docs/PRD-客服支撑模块.md,source_quote,NO,OPEN
REQ-ADMINPORTAL-00395,customer-support,docs/PRD-客服支撑模块.md,source_quote,NO,OPEN
REQ-ADMINPORTAL-00396,customer-support,docs/PRD-客服支撑模块.md,source_quote,NO,OPEN
REQ-ADMINPORTAL-00397,customer-support,docs/PRD-客服支撑模块.md,source_quote,NO,OPEN
REQ-ADMINPORTAL-00398,customer-support,docs/PRD-客服支撑模块.md,source_quote,NO,OPEN
REQ-ADMINPORTAL-00404,customer-support,docs/PRD-客服支撑模块.md,atomic_assertion,NO,OPEN
REQ-ADMINPORTAL-00407,customer-support,docs/PRD-客服支撑模块.md,atomic_assertion,NO,OPEN
REQ-ADMINPORTAL-00413,customer-support,docs/PRD-客服支撑模块.md,source_quote;atomic_assertion,NO,OPEN
REQ-ADMINPORTAL-00414,customer-support,docs/PRD-客服支撑模块.md,source_quote;atomic_assertion,NO,OPEN
REQ-ADMINPORTAL-00417,customer-support,docs/PRD-客服支撑模块.md,source_quote;atomic_assertion,NO,OPEN
REQ-ADMINPORTAL-00419,customer-support,docs/PRD-客服支撑模块.md,atomic_assertion,NO,OPEN
REQ-ADMINPORTAL-00422,system-admin,docs/PRD-系统管理员支撑.md,source_quote;atomic_assertion,NO,OPEN
REQ-ADMINPORTAL-00423,system-admin,docs/PRD-系统管理员支撑.md,source_quote;atomic_assertion,NO,OPEN
REQ-ADMINPORTAL-00424,system-admin,docs/PRD-系统管理员支撑.md,source_quote;atomic_assertion,NO,OPEN
REQ-ADMINPORTAL-00427,system-admin,docs/PRD-系统管理员支撑.md,source_quote;atomic_assertion,NO,OPEN
REQ-ADMINPORTAL-00428,system-admin,docs/PRD-系统管理员支撑.md,source_quote;atomic_assertion,NO,OPEN
REQ-ADMINPORTAL-00439,system-admin,docs/PRD-系统管理员支撑.md,atomic_assertion,NO,OPEN
REQ-ADMINPORTAL-00440,system-admin,docs/PRD-系统管理员支撑.md,source_quote,NO,OPEN
REQ-ADMINPORTAL-00441,system-admin,docs/PRD-系统管理员支撑.md,source_quote;atomic_assertion,NO,OPEN
REQ-ADMINPORTAL-00444,system-admin,docs/PRD-系统管理员支撑.md,source_quote,NO,OPEN
REQ-ADMINPORTAL-00445,system-admin,docs/PRD-系统管理员支撑.md,source_quote,NO,OPEN
REQ-ADMINPORTAL-00446,system-admin,docs/PRD-系统管理员支撑.md,source_quote,NO,OPEN
REQ-ADMINPORTAL-00447,system-admin,docs/PRD-系统管理员支撑.md,source_quote,NO,OPEN
REQ-ADMINPORTAL-00448,system-admin,docs/PRD-系统管理员支撑.md,source_quote,NO,OPEN
REQ-ADMINPORTAL-00456,system-admin,docs/PRD-系统管理员支撑.md,atomic_assertion,NO,OPEN
REQ-ADMINPORTAL-00457,system-admin,docs/PRD-系统管理员支撑.md,atomic_assertion,NO,OPEN
REQ-ADMINPORTAL-00458,system-admin,docs/PRD-系统管理员支撑.md,atomic_assertion,NO,OPEN
REQ-ADMINPORTAL-00461,system-admin,docs/PRD-系统管理员支撑.md,source_quote,NO,OPEN
REQ-ADMINPORTAL-00462,system-admin,docs/PRD-系统管理员支撑.md,source_quote,NO,OPEN
REQ-ADMINPORTAL-00463,system-admin,docs/PRD-系统管理员支撑.md,source_quote;atomic_assertion,NO,OPEN
REQ-ADMINPORTAL-00464,system-admin,docs/PRD-系统管理员支撑.md,source_quote,NO,OPEN
REQ-ADMINPORTAL-00465,system-admin,docs/PRD-系统管理员支撑.md,source_quote,NO,OPEN
REQ-ADMINPORTAL-00470,system-admin,docs/PRD-系统管理员支撑.md,atomic_assertion,NO,OPEN
REQ-ADMINPORTAL-00472,system-admin,docs/PRD-系统管理员支撑.md,atomic_assertion,NO,OPEN
REQ-ADMINPORTAL-00476,system-admin,docs/PRD-系统管理员支撑.md,source_quote,NO,OPEN
REQ-ADMINPORTAL-00477,system-admin,docs/PRD-系统管理员支撑.md,source_quote,NO,OPEN
REQ-ADMINPORTAL-00478,system-admin,docs/PRD-系统管理员支撑.md,source_quote,NO,OPEN
REQ-ADMINPORTAL-00481,system-admin,docs/PRD-系统管理员支撑.md,source_quote,NO,OPEN
REQ-ADMINPORTAL-00485,system-admin,docs/PRD-系统管理员支撑.md,atomic_assertion,NO,OPEN
REQ-ADMINPORTAL-00486,system-admin,docs/PRD-系统管理员支撑.md,atomic_assertion,NO,OPEN
REQ-ADMINPORTAL-00488,system-admin,docs/PRD-系统管理员支撑.md,atomic_assertion,NO,OPEN
REQ-ADMINPORTAL-00492,system-admin,docs/PRD-系统管理员支撑.md,source_quote,NO,OPEN
REQ-ADMINPORTAL-00493,system-admin,docs/PRD-系统管理员支撑.md,source_quote;atomic_assertion,NO,OPEN
REQ-ADMINPORTAL-00495,system-admin,docs/PRD-系统管理员支撑.md,source_quote,NO,OPEN
REQ-ADMINPORTAL-00499,system-admin,docs/PRD-系统管理员支撑.md,atomic_assertion,NO,OPEN
REQ-ADMINPORTAL-00502,system-admin,docs/PRD-系统管理员支撑.md,atomic_assertion,NO,OPEN
REQ-ADMINPORTAL-00503,system-admin,docs/PRD-系统管理员支撑.md,atomic_assertion,NO,OPEN
REQ-ADMINPORTAL-00504,system-admin,docs/PRD-系统管理员支撑.md,atomic_assertion,NO,OPEN
REQ-ADMINPORTAL-00510,system-admin,docs/PRD-系统管理员支撑.md,source_quote;atomic_assertion,NO,OPEN
REQ-ADMINPORTAL-00517,system-admin,docs/PRD-系统管理员支撑.md,source_quote,NO,OPEN
REQ-ADMINPORTAL-00518,system-admin,docs/PRD-系统管理员支撑.md,source_quote,NO,OPEN
REQ-ADMINPORTAL-00519,system-admin,docs/PRD-系统管理员支撑.md,source_quote,NO,OPEN
REQ-ADMINPORTAL-00520,system-admin,docs/PRD-系统管理员支撑.md,source_quote,NO,OPEN
REQ-ADMINPORTAL-00521,system-admin,docs/PRD-系统管理员支撑.md,source_quote,NO,OPEN
REQ-ADMINPORTAL-00528,system-admin,docs/PRD-系统管理员支撑.md,atomic_assertion,NO,OPEN
REQ-ADMINPORTAL-00529,system-admin,docs/PRD-系统管理员支撑.md,source_quote;atomic_assertion,NO,OPEN
REQ-ADMINPORTAL-00530,system-admin,docs/PRD-系统管理员支撑.md,source_quote;atomic_assertion,NO,OPEN
REQ-ADMINPORTAL-00531,system-admin,docs/PRD-系统管理员支撑.md,source_quote,NO,OPEN
REQ-ADMINPORTAL-00532,system-admin,docs/PRD-系统管理员支撑.md,source_quote;atomic_assertion,NO,OPEN
REQ-ADMINPORTAL-00535,system-admin,docs/PRD-系统管理员支撑.md,source_quote,NO,OPEN
REQ-ADMINPORTAL-00536,system-admin,docs/PRD-系统管理员支撑.md,source_quote,NO,OPEN
REQ-ADMINPORTAL-00537,system-admin,docs/PRD-系统管理员支撑.md,source_quote,NO,OPEN
REQ-ADMINPORTAL-00549,system-admin,docs/PRD-系统管理员支撑.md,atomic_assertion,NO,OPEN
REQ-ADMINPORTAL-00550,system-admin,docs/PRD-系统管理员支撑.md,atomic_assertion,NO,OPEN
REQ-ADMINPORTAL-00551,system-admin,docs/PRD-系统管理员支撑.md,atomic_assertion,NO,OPEN
REQ-ADMINPORTAL-00552,system-admin,docs/PRD-系统管理员支撑.md,source_quote,NO,OPEN
REQ-ADMINPORTAL-00555,system-admin,docs/PRD-系统管理员支撑.md,source_quote,NO,OPEN
REQ-ADMINPORTAL-00556,system-admin,docs/PRD-系统管理员支撑.md,source_quote,NO,OPEN
REQ-ADMINPORTAL-00559,system-admin,docs/PRD-系统管理员支撑.md,source_quote,NO,OPEN
REQ-ADMINPORTAL-00560,system-admin,docs/PRD-系统管理员支撑.md,source_quote,NO,OPEN
REQ-ADMINPORTAL-00564,system-admin,docs/PRD-系统管理员支撑.md,source_section,NO,OPEN
REQ-ADMINPORTAL-00565,system-admin,docs/PRD-系统管理员支撑.md,source_section;source_quote;atomic_assertion,NO,OPEN
REQ-ADMINPORTAL-00566,system-admin,docs/PRD-系统管理员支撑.md,source_section,NO,OPEN
REQ-ADMINPORTAL-00567,system-admin,docs/PRD-系统管理员支撑.md,source_section;source_quote;atomic_assertion,NO,OPEN
REQ-ADMINPORTAL-00568,system-admin,docs/PRD-系统管理员支撑.md,source_section;source_quote;atomic_assertion,NO,OPEN
REQ-ADMINPORTAL-00569,system-admin,docs/PRD-系统管理员支撑.md,source_section,NO,OPEN
REQ-ADMINPORTAL-00570,system-admin,docs/PRD-系统管理员支撑.md,source_section;source_quote;atomic_assertion,NO,OPEN
REQ-ADMINPORTAL-00571,system-admin,docs/PRD-系统管理员支撑.md,source_section;source_quote;atomic_assertion,NO,OPEN
REQ-ADMINPORTAL-00572,system-admin,docs/PRD-系统管理员支撑.md,source_section;source_quote;atomic_assertion,NO,OPEN
REQ-ADMINPORTAL-00573,system-admin,docs/PRD-系统管理员支撑.md,source_section;source_quote;atomic_assertion,NO,OPEN
REQ-ADMINPORTAL-00575,growth-operations,docs/PRD-运营增长模块.md,source_quote;atomic_assertion,NO,OPEN
REQ-ADMINPORTAL-00577,growth-operations,docs/PRD-运营增长模块.md,source_quote;atomic_assertion,NO,OPEN
REQ-ADMINPORTAL-00588,growth-operations,docs/PRD-运营增长模块.md,source_quote;atomic_assertion,NO,OPEN
REQ-ADMINPORTAL-00592,growth-operations,docs/PRD-运营增长模块.md,source_quote;atomic_assertion,NO,OPEN
REQ-ADMINPORTAL-00593,growth-operations,docs/PRD-运营增长模块.md,atomic_assertion,NO,OPEN
REQ-ADMINPORTAL-00594,growth-operations,docs/PRD-运营增长模块.md,atomic_assertion,NO,OPEN
REQ-ADMINPORTAL-00595,growth-operations,docs/PRD-运营增长模块.md,atomic_assertion,NO,OPEN
REQ-ADMINPORTAL-00596,growth-operations,docs/PRD-运营增长模块.md,atomic_assertion,NO,OPEN
REQ-ADMINPORTAL-00603,growth-operations,docs/PRD-运营增长模块.md,source_quote;atomic_assertion,NO,OPEN
REQ-ADMINPORTAL-00604,growth-operations,docs/PRD-运营增长模块.md,atomic_assertion,NO,OPEN
REQ-ADMINPORTAL-00608,growth-operations,docs/PRD-运营增长模块.md,source_quote,NO,OPEN
REQ-ADMINPORTAL-00609,growth-operations,docs/PRD-运营增长模块.md,atomic_assertion,NO,OPEN
REQ-ADMINPORTAL-00610,growth-operations,docs/PRD-运营增长模块.md,atomic_assertion,NO,OPEN
REQ-ADMINPORTAL-00612,growth-operations,docs/PRD-运营增长模块.md,atomic_assertion,NO,OPEN
REQ-ADMINPORTAL-00622,growth-operations,docs/PRD-运营增长模块.md,atomic_assertion,NO,OPEN
REQ-ADMINPORTAL-00623,growth-operations,docs/PRD-运营增长模块.md,atomic_assertion,NO,OPEN
REQ-ADMINPORTAL-00626,growth-operations,docs/PRD-运营增长模块.md,source_quote;atomic_assertion,NO,OPEN
REQ-ADMINPORTAL-00631,growth-operations,docs/PRD-运营增长模块.md,atomic_assertion,NO,OPEN
REQ-ADMINPORTAL-00641,growth-operations,docs/PRD-运营增长模块.md,atomic_assertion,NO,OPEN
REQ-ADMINPORTAL-00642,growth-operations,docs/PRD-运营增长模块.md,atomic_assertion,NO,OPEN
REQ-ADMINPORTAL-00644,growth-operations,docs/PRD-运营增长模块.md,source_quote;atomic_assertion,NO,OPEN
REQ-ADMINPORTAL-00646,growth-operations,docs/PRD-运营增长模块.md,source_quote;atomic_assertion,NO,OPEN
REQ-ADMINPORTAL-00647,growth-operations,docs/PRD-运营增长模块.md,source_quote;atomic_assertion,NO,OPEN
REQ-ADMINPORTAL-00648,growth-operations,docs/PRD-运营增长模块.md,atomic_assertion,NO,OPEN
REQ-ADMINPORTAL-00650,growth-operations,docs/PRD-运营增长模块.md,source_quote;atomic_assertion,NO,OPEN
REQ-ADMINPORTAL-00651,growth-operations,docs/PRD-运营增长模块.md,source_quote;atomic_assertion,NO,OPEN
REQ-ADMINPORTAL-00652,growth-operations,docs/PRD-运营增长模块.md,atomic_assertion,NO,OPEN
REQ-ADMINPORTAL-00653,growth-operations,docs/PRD-运营增长模块.md,source_quote;atomic_assertion,NO,OPEN
REQ-ADMINPORTAL-00654,growth-operations,docs/PRD-运营增长模块.md,source_quote;atomic_assertion,NO,OPEN
REQ-ADMINPORTAL-00657,growth-operations,docs/PRD-运营增长模块.md,source_quote;atomic_assertion,NO,OPEN
REQ-ADMINPORTAL-00658,growth-operations,docs/PRD-运营增长模块.md,atomic_assertion,NO,OPEN
REQ-ADMINPORTAL-00659,growth-operations,docs/PRD-运营增长模块.md,atomic_assertion,NO,OPEN
REQ-ADMINPORTAL-00663,growth-operations,docs/PRD-运营增长模块.md,atomic_assertion,NO,OPEN
REQ-ADMINPORTAL-00664,growth-operations,docs/PRD-运营增长模块.md,atomic_assertion,NO,OPEN
REQ-ADMINPORTAL-00676,growth-operations,docs/PRD-运营增长模块.md,source_quote;atomic_assertion,NO,OPEN
REQ-ADMINPORTAL-00677,growth-operations,docs/PRD-运营增长模块.md,source_quote,NO,OPEN
REQ-ADMINPORTAL-00686,growth-operations,docs/PRD-运营增长模块.md,source_section,NO,OPEN
REQ-ADMINPORTAL-00687,growth-operations,docs/PRD-运营增长模块.md,source_section;source_quote;atomic_assertion,NO,OPEN
REQ-ADMINPORTAL-00688,growth-operations,docs/PRD-运营增长模块.md,source_section,NO,OPEN
REQ-ADMINPORTAL-00689,growth-operations,docs/PRD-运营增长模块.md,source_section;source_quote;atomic_assertion,NO,OPEN
REQ-ADMINPORTAL-00690,growth-operations,docs/PRD-运营增长模块.md,source_section;source_quote;atomic_assertion,NO,OPEN
REQ-ADMINPORTAL-00691,growth-operations,docs/PRD-运营增长模块.md,source_section;source_quote;atomic_assertion,NO,OPEN
REQ-ADMINPORTAL-00692,growth-operations,docs/PRD-运营增长模块.md,source_section;source_quote;atomic_assertion,NO,OPEN
REQ-ADMINPORTAL-00702,integrations-sso,docs/PRD-第三方集成.md,source_quote;atomic_assertion,NO,OPEN
REQ-ADMINPORTAL-00709,integrations-sso,docs/PRD-第三方集成.md,source_quote;atomic_assertion,NO,OPEN
REQ-ADMINPORTAL-00710,integrations-sso,docs/PRD-第三方集成.md,source_quote;atomic_assertion,NO,OPEN
REQ-ADMINPORTAL-00714,integrations-sso,docs/PRD-第三方集成.md,source_quote;atomic_assertion,NO,OPEN
REQ-ADMINPORTAL-00715,integrations-sso,docs/PRD-第三方集成.md,source_quote;atomic_assertion,NO,OPEN
REQ-ADMINPORTAL-00718,integrations-sso,docs/PRD-第三方集成.md,source_quote;atomic_assertion,NO,OPEN
REQ-ADMINPORTAL-00737,admin-portal,docs/PRD-组件库规范.md,source_quote;atomic_assertion,NO,OPEN
REQ-ADMINPORTAL-00740,admin-portal,docs/PRD-组件库规范.md,source_quote;atomic_assertion,NO,OPEN
REQ-ADMINPORTAL-00744,admin-portal,docs/PRD-组件库规范.md,source_quote;atomic_assertion,NO,OPEN
REQ-ADMINPORTAL-00746,admin-portal,docs/PRD-组件库规范.md,source_quote;atomic_assertion,NO,OPEN
REQ-ADMINPORTAL-00747,admin-portal,docs/PRD-组件库规范.md,source_quote;atomic_assertion,NO,OPEN
REQ-ADMINPORTAL-00749,admin-portal,docs/PRD-组件库规范.md,source_quote;atomic_assertion,NO,OPEN
REQ-ADMINPORTAL-00751,admin-portal,docs/PRD-组件库规范.md,source_quote;atomic_assertion,NO,OPEN
REQ-ADMINPORTAL-00752,admin-portal,docs/PRD-组件库规范.md,source_quote;atomic_assertion,NO,OPEN
REQ-ADMINPORTAL-00753,admin-portal,docs/PRD-组件库规范.md,source_quote;atomic_assertion,NO,OPEN
REQ-ADMINPORTAL-00754,admin-portal,docs/PRD-组件库规范.md,source_quote;atomic_assertion,NO,OPEN
REQ-ADMINPORTAL-00755,admin-portal,docs/PRD-组件库规范.md,source_quote;atomic_assertion,NO,OPEN
REQ-ADMINPORTAL-00757,admin-portal,docs/PRD-组件库规范.md,source_quote;atomic_assertion,NO,OPEN
REQ-ADMINPORTAL-00759,admin-portal,docs/PRD-组件库规范.md,source_quote;atomic_assertion,NO,OPEN
REQ-ADMINPORTAL-00760,admin-portal,docs/PRD-组件库规范.md,source_quote;atomic_assertion,NO,OPEN
REQ-ADMINPORTAL-00763,admin-portal,docs/PRD-组件库规范.md,source_quote;atomic_assertion,NO,OPEN
REQ-ADMINPORTAL-00765,admin-portal,docs/PRD-组件库规范.md,source_quote;atomic_assertion,NO,OPEN
REQ-ADMINPORTAL-00769,admin-portal,docs/PRD-组件库规范.md,source_quote;atomic_assertion,NO,OPEN
REQ-ADMINPORTAL-00990,admin-portal,docs/SPEC-§4-管理后台.md,,YES,OPEN
REQ-ADMINPORTAL-00991,admin-portal,docs/SPEC-§4-管理后台.md,,YES,OPEN
REQ-ADMINPORTAL-01109,customer-support,docs/SPEC-§10-客服支撑模块.md,,YES,OPEN
REQ-ADMINPORTAL-01140,customer-support,docs/SPEC-§10-客服支撑模块.md,,YES,OPEN
REQ-ADMINPORTAL-01150,customer-support,docs/SPEC-§10-客服支撑模块.md,,YES,OPEN
REQ-ADMINPORTAL-01165,customer-support,docs/SPEC-§10-客服支撑模块.md,,YES,OPEN
REQ-ADMINPORTAL-01203,system-admin,docs/SPEC-§12-系统管理员支撑.md,,YES,OPEN
REQ-ADMINPORTAL-01321,admin-portal,docs/SPEC-§13-数据迁移方案.md,,YES,OPEN
REQ-ADMINPORTAL-01324,admin-portal,docs/SPEC-§13-数据迁移方案.md,,YES,OPEN
REQ-ADMINPORTAL-01645,customer-support,docs/SPEC-§28-智能客服与测试工具.md,,YES,OPEN
REQ-ADMINPORTAL-01647,customer-support,docs/SPEC-§28-智能客服与测试工具.md,,YES,OPEN
REQ-ADMINPORTAL-01715,authorization,docs/SPEC-§30-权限管理.md,,YES,OPEN
REQ-ADMINPORTAL-01780,integrations-sso,docs/SPEC-§32-第三方集成与SSO.md,,YES,OPEN
REQ-ADMINPORTAL-01788,integrations-sso,docs/SPEC-§32-第三方集成与SSO.md,,YES,OPEN
REQ-ADMINPORTAL-01858,admin-portal,docs/SPEC-§33-合规法务与成本分析.md,,YES,OPEN
REQ-ADMINPORTAL-02121,growth-operations,docs/ref-4.10-user-segmentation.md,,YES,OPEN
REQ-ADMINPORTAL-02207,growth-operations,docs/ref-4.10-user-segmentation.md,,YES,OPEN
REQ-ADMINPORTAL-02442,customer-support,docs/ref-4.11-ticketing.md,,YES,OPEN
REQ-ADMINPORTAL-02556,admin-portal,docs/ref-4.12-dashboard-pro.md,,YES,OPEN
REQ-ADMINPORTAL-02652,admin-portal,docs/ref-4.13-operation-timeline.md,,YES,OPEN
REQ-ADMINPORTAL-02654,admin-portal,docs/ref-4.13-operation-timeline.md,,YES,OPEN
REQ-ADMINPORTAL-02762,growth-operations,docs/ref-4.14-report-push.md,,YES,OPEN
REQ-ADMINPORTAL-02819,customer-support,docs/PRD-客服支撑模块.md,source_section;source_quote,NO,OPEN
REQ-ADMINPORTAL-02820,customer-support,docs/PRD-客服支撑模块.md,source_section;source_quote,NO,OPEN
REQ-ADMINPORTAL-02821,customer-support,docs/PRD-客服支撑模块.md,source_section;source_quote,NO,OPEN
REQ-ADMINPORTAL-02822,customer-support,docs/PRD-客服支撑模块.md,source_section;source_quote,NO,OPEN
REQ-ADMINPORTAL-02823,customer-support,docs/PRD-客服支撑模块.md,source_section;source_quote,NO,OPEN
REQ-ADMINPORTAL-02824,customer-support,docs/PRD-客服支撑模块.md,source_section;source_quote,NO,OPEN
REQ-ADMINPORTAL-02825,customer-support,docs/PRD-客服支撑模块.md,source_section;source_quote,NO,OPEN
REQ-ADMINPORTAL-02826,customer-support,docs/PRD-客服支撑模块.md,source_section;source_quote,NO,OPEN
REQ-ADMINPORTAL-02827,customer-support,docs/PRD-客服支撑模块.md,source_section;source_quote,NO,OPEN
REQ-ADMINPORTAL-02828,customer-support,docs/PRD-客服支撑模块.md,source_section;source_quote,NO,OPEN
REQ-ADMINPORTAL-02829,customer-support,docs/PRD-客服支撑模块.md,source_section;source_quote,NO,OPEN
REQ-ADMINPORTAL-02830,customer-support,docs/PRD-客服支撑模块.md,source_section;source_quote,NO,OPEN
REQ-ADMINPORTAL-02831,customer-support,docs/PRD-客服支撑模块.md,source_section;source_quote,NO,OPEN
REQ-ADMINPORTAL-02832,customer-support,docs/PRD-客服支撑模块.md,source_section;source_quote,NO,OPEN
REQ-ADMINPORTAL-02833,customer-support,docs/PRD-客服支撑模块.md,source_section;source_quote,NO,OPEN
REQ-ADMINPORTAL-02834,customer-support,docs/PRD-客服支撑模块.md,source_section;source_quote,NO,OPEN
REQ-ADMINPORTAL-02835,customer-support,docs/PRD-客服支撑模块.md,source_section;source_quote,NO,OPEN
REQ-ADMINPORTAL-02836,customer-support,docs/PRD-客服支撑模块.md,source_section;source_quote,NO,OPEN
REQ-ADMINPORTAL-02837,system-admin,docs/PRD-系统管理员支撑.md,source_section;source_quote,NO,OPEN
REQ-ADMINPORTAL-02838,system-admin,docs/PRD-系统管理员支撑.md,source_section;source_quote,NO,OPEN
REQ-ADMINPORTAL-02839,system-admin,docs/PRD-系统管理员支撑.md,source_section;source_quote,NO,OPEN
REQ-ADMINPORTAL-02840,system-admin,docs/PRD-系统管理员支撑.md,source_section;source_quote,NO,OPEN
REQ-ADMINPORTAL-02841,system-admin,docs/PRD-系统管理员支撑.md,source_section;source_quote,NO,OPEN
REQ-ADMINPORTAL-02842,system-admin,docs/PRD-系统管理员支撑.md,source_section;source_quote,NO,OPEN
REQ-ADMINPORTAL-02843,system-admin,docs/PRD-系统管理员支撑.md,source_section;source_quote,NO,OPEN
REQ-ADMINPORTAL-02844,system-admin,docs/PRD-系统管理员支撑.md,source_section;source_quote,NO,OPEN
REQ-ADMINPORTAL-02845,system-admin,docs/PRD-系统管理员支撑.md,source_section;source_quote,NO,OPEN
REQ-ADMINPORTAL-02846,system-admin,docs/PRD-系统管理员支撑.md,source_section;source_quote,NO,OPEN
REQ-ADMINPORTAL-02847,system-admin,docs/PRD-系统管理员支撑.md,source_section;source_quote,NO,OPEN
REQ-ADMINPORTAL-02848,system-admin,docs/PRD-系统管理员支撑.md,source_section;source_quote,NO,OPEN
REQ-ADMINPORTAL-02849,system-admin,docs/PRD-系统管理员支撑.md,source_section;source_quote,NO,OPEN
REQ-ADMINPORTAL-02850,system-admin,docs/PRD-系统管理员支撑.md,source_section;source_quote,NO,OPEN
REQ-ADMINPORTAL-02851,system-admin,docs/PRD-系统管理员支撑.md,source_section;source_quote,NO,OPEN
REQ-ADMINPORTAL-02852,system-admin,docs/PRD-系统管理员支撑.md,source_section;source_quote,NO,OPEN
REQ-ADMINPORTAL-02853,system-admin,docs/PRD-系统管理员支撑.md,source_section;source_quote,NO,OPEN
REQ-ADMINPORTAL-02854,system-admin,docs/PRD-系统管理员支撑.md,source_section;source_quote,NO,OPEN
REQ-ADMINPORTAL-02855,growth-operations,docs/PRD-运营增长模块.md,source_section;source_quote,NO,OPEN
REQ-ADMINPORTAL-02856,growth-operations,docs/PRD-运营增长模块.md,source_section;source_quote,NO,OPEN
REQ-ADMINPORTAL-02857,growth-operations,docs/PRD-运营增长模块.md,source_section;source_quote,NO,OPEN
REQ-ADMINPORTAL-02858,growth-operations,docs/PRD-运营增长模块.md,source_section;source_quote,NO,OPEN
REQ-ADMINPORTAL-02859,growth-operations,docs/PRD-运营增长模块.md,source_section;source_quote,NO,OPEN
REQ-ADMINPORTAL-02860,growth-operations,docs/PRD-运营增长模块.md,source_section;source_quote,NO,OPEN
REQ-ADMINPORTAL-02861,growth-operations,docs/PRD-运营增长模块.md,source_section;source_quote,NO,OPEN
REQ-ADMINPORTAL-02862,growth-operations,docs/PRD-运营增长模块.md,source_section;source_quote,NO,OPEN
REQ-ADMINPORTAL-02863,growth-operations,docs/PRD-运营增长模块.md,source_section;source_quote,NO,OPEN
REQ-ADMINPORTAL-02864,growth-operations,docs/PRD-运营增长模块.md,source_section;source_quote,NO,OPEN
REQ-ADMINPORTAL-02865,growth-operations,docs/PRD-运营增长模块.md,source_section;source_quote,NO,OPEN
REQ-ADMINPORTAL-02866,growth-operations,docs/PRD-运营增长模块.md,source_section;source_quote,NO,OPEN
REQ-ADMINPORTAL-02867,growth-operations,docs/PRD-运营增长模块.md,source_section;source_quote,NO,OPEN
REQ-ADMINPORTAL-02868,growth-operations,docs/PRD-运营增长模块.md,source_section;source_quote,NO,OPEN
REQ-ADMINPORTAL-02869,growth-operations,docs/PRD-运营增长模块.md,source_section;source_quote,NO,OPEN
REQ-ADMINPORTAL-02870,growth-operations,docs/PRD-运营增长模块.md,source_section;source_quote,NO,OPEN
REQ-ADMINPORTAL-02871,growth-operations,docs/PRD-运营增长模块.md,source_section;source_quote,NO,OPEN
REQ-ADMINPORTAL-02872,growth-operations,docs/PRD-运营增长模块.md,source_section;source_quote,NO,OPEN
UA2-00001,user-agent,docs/PRD-用户体系.md,source_quote;atomic_assertion,NO,OPEN
UA2-00004,user-agent,docs/PRD-用户体系.md,source_quote;atomic_assertion,NO,OPEN
UA2-00009,user-agent,docs/PRD-用户体系.md,source_quote;atomic_assertion,NO,OPEN
UA2-00044,user-agent,docs/PRD-用户体系.md,source_quote;atomic_assertion,NO,OPEN
UA2-00049,user-agent,docs/PRD-用户体系.md,source_quote;atomic_assertion,NO,OPEN
UA2-00052,user-agent,docs/PRD-用户体系.md,source_quote;atomic_assertion,NO,OPEN
UA2-00078,user-agent,docs/PRD-用户体系.md,source_quote;atomic_assertion,NO,OPEN
UA2-00083,user-agent,docs/PRD-用户体系.md,source_quote;atomic_assertion,NO,OPEN
UA2-00102,user-agent,docs/PRD-用户体系.md,source_quote;atomic_assertion,NO,OPEN
UA2-00103,user-agent,docs/PRD-用户体系.md,source_quote;atomic_assertion,NO,OPEN
UA2-00104,user-agent,docs/PRD-用户体系.md,source_quote;atomic_assertion,NO,OPEN
UA2-00113,user-agent,docs/PRD-用户体系.md,source_quote;atomic_assertion,NO,OPEN
UA2-00116,user-agent,docs/PRD-用户体系.md,source_quote;atomic_assertion,NO,OPEN
UA2-00117,user-agent,docs/PRD-用户体系.md,source_quote;atomic_assertion,NO,OPEN
UA2-00136,user-agent,docs/PRD-用户体系.md,source_quote;atomic_assertion,NO,OPEN
UA2-00156,user-agent,docs/PRD-用户体系.md,source_quote;atomic_assertion,NO,OPEN
UA2-00158,user-agent,docs/PRD-用户体系.md,source_quote;atomic_assertion,NO,OPEN
UA2-00168,user-agent,docs/PRD-用户体系.md,source_quote;atomic_assertion,NO,OPEN
UA2-00169,user-agent,docs/PRD-用户体系.md,source_quote;atomic_assertion,NO,OPEN
UA2-00170,user-agent,docs/PRD-用户体系.md,source_quote;atomic_assertion,NO,OPEN
UA2-00171,user-agent,docs/PRD-用户体系.md,source_section,NO,OPEN
UA2-00172,user-agent,docs/PRD-用户体系.md,source_section,NO,OPEN
UA2-00173,user-agent,docs/PRD-用户体系.md,source_section,NO,OPEN
UA2-00174,user-agent,docs/PRD-用户体系.md,source_section,NO,OPEN
UA2-00175,user-agent,docs/PRD-用户体系.md,source_section,NO,OPEN
UA2-00176,user-agent,docs/PRD-用户体系.md,source_section,NO,OPEN
UA2-00177,user-agent,docs/PRD-用户体系.md,source_section,NO,OPEN
UA2-00178,user-agent,docs/PRD-用户体系.md,source_section,NO,OPEN
UA2-00179,user-agent,docs/PRD-用户体系.md,source_section,NO,OPEN
UA2-00181,user-agent,docs/PRD-用户体系.md,source_section,NO,OPEN
UA2-00182,user-agent,docs/PRD-用户体系.md,source_section,NO,OPEN
UA2-00184,user-agent,docs/PRD-用户体系.md,source_section,NO,OPEN
UA2-00186,user-agent,docs/PRD-用户体系.md,source_section,NO,OPEN
UA2-00187,user-agent,docs/PRD-用户体系.md,source_section,NO,OPEN
UA2-00188,user-agent,docs/PRD-用户体系.md,source_section,NO,OPEN
UA2-00189,user-agent,docs/PRD-用户体系.md,source_section,NO,OPEN
UA2-00190,user-agent,docs/PRD-用户体系.md,source_section,NO,OPEN
UA2-00191,user-agent,docs/PRD-用户体系.md,source_section,NO,OPEN
UA2-00192,user-agent,docs/PRD-用户体系.md,source_section,NO,OPEN
UA2-00193,user-agent,docs/PRD-用户体系.md,source_section,NO,OPEN
UA2-00194,user-agent,docs/PRD-用户体系.md,source_section;source_quote;atomic_assertion,NO,OPEN
UA2-00195,user-agent,docs/PRD-用户体系.md,source_section,NO,OPEN
UA2-00196,user-agent,docs/PRD-用户体系.md,source_section,NO,OPEN
UA2-00197,user-agent,docs/PRD-用户体系.md,source_section,NO,OPEN
UA2-00198,user-agent,docs/PRD-用户体系.md,source_section,NO,OPEN
UA2-00199,user-agent,docs/PRD-用户体系.md,source_section,NO,OPEN
UA2-00200,user-agent,docs/PRD-用户体系.md,source_section,NO,OPEN
UA2-00201,user-agent,docs/PRD-用户体系.md,source_section,NO,OPEN
UA2-00202,user-agent,docs/PRD-用户体系.md,source_section,NO,OPEN
UA2-00204,user-agent,docs/PRD-用户体系.md,source_section,NO,OPEN
UA2-00206,user-agent,docs/PRD-用户体系.md,source_section,NO,OPEN
UA2-00207,user-agent,docs/PRD-用户体系.md,source_section,NO,OPEN
UA2-00208,user-agent,docs/PRD-用户体系.md,source_section,NO,OPEN
UA2-00209,user-agent,docs/PRD-用户体系.md,source_section,NO,OPEN
UA2-00211,user-agent,docs/PRD-用户体系.md,source_section,NO,OPEN
UA2-00212,user-agent,docs/PRD-用户体系.md,source_section,NO,OPEN
UA2-00214,user-agent,docs/PRD-用户体系.md,source_section,NO,OPEN
UA2-00216,user-agent,docs/PRD-用户体系.md,source_section,NO,OPEN
UA2-00218,user-agent,docs/PRD-用户体系.md,source_section,NO,OPEN
UA2-00220,user-agent,docs/PRD-用户体系.md,source_section,NO,OPEN
UA2-00221,user-agent,docs/PRD-用户体系.md,source_section,NO,OPEN
UA2-00222,user-agent,docs/PRD-用户体系.md,source_section,NO,OPEN
UA2-00223,user-agent,docs/PRD-用户体系.md,source_section,NO,OPEN
UA2-00224,user-agent,docs/PRD-用户体系.md,source_section,NO,OPEN
UA2-00225,user-agent,docs/PRD-用户体系.md,source_section,NO,OPEN
UA2-00226,user-agent,docs/PRD-用户体系.md,source_section,NO,OPEN
UA2-00227,user-agent,docs/PRD-用户体系.md,source_section,NO,OPEN
UA2-00228,user-agent,docs/PRD-用户体系.md,source_section,NO,OPEN
UA2-00229,user-agent,docs/PRD-用户体系.md,source_section,NO,OPEN
UA2-00230,user-agent,docs/PRD-用户体系.md,source_section,NO,OPEN
UA2-00231,user-agent,docs/PRD-用户体系.md,source_section,NO,OPEN
UA2-00232,user-agent,docs/PRD-用户体系.md,source_section,NO,OPEN
UA2-00233,user-agent,docs/PRD-用户体系.md,source_section,NO,OPEN
UA2-00234,user-agent,docs/PRD-用户体系.md,source_section,NO,OPEN
UA2-00235,user-agent,docs/PRD-用户体系.md,source_section,NO,OPEN
UA2-00236,user-agent,docs/PRD-用户体系.md,source_section,NO,OPEN
UA2-00237,user-agent,docs/PRD-用户体系.md,source_section,NO,OPEN
UA2-00238,user-agent,docs/PRD-用户体系.md,source_section;source_quote;atomic_assertion,NO,OPEN
UA2-00239,user-agent,docs/PRD-用户体系.md,source_section;source_quote;atomic_assertion,NO,OPEN
UA2-00240,user-agent,docs/PRD-用户体系.md,source_section,NO,OPEN
UA2-00241,user-agent,docs/PRD-用户体系.md,source_section,NO,OPEN
UA2-00242,user-agent,docs/PRD-用户体系.md,source_section,NO,OPEN
UA2-00243,user-agent,docs/PRD-用户体系.md,source_section;source_quote;atomic_assertion,NO,OPEN
UA2-00244,user-agent,docs/PRD-用户体系.md,source_section,NO,OPEN
UA2-00245,user-agent,docs/PRD-用户体系.md,source_section,NO,OPEN
UA2-00246,user-agent,docs/PRD-用户体系.md,source_section,NO,OPEN
UA2-00247,user-agent,docs/PRD-用户体系.md,source_section,NO,OPEN
UA2-00248,user-agent,docs/PRD-用户体系.md,source_section,NO,OPEN
UA2-00249,user-agent,docs/PRD-用户体系.md,source_section,NO,OPEN
UA2-00250,user-agent,docs/PRD-用户体系.md,source_section,NO,OPEN
UA2-00251,user-agent,docs/PRD-用户体系.md,source_section,NO,OPEN
UA2-00252,user-agent,docs/PRD-用户体系.md,source_section,NO,OPEN
UA2-00254,user-agent,docs/PRD-用户体系.md,source_section,NO,OPEN
UA2-00255,user-agent,docs/PRD-用户体系.md,source_section,NO,OPEN
UA2-00256,user-agent,docs/PRD-用户体系.md,source_section,NO,OPEN
UA2-00257,user-agent,docs/PRD-用户体系.md,source_section,NO,OPEN
UA2-00259,user-agent,docs/PRD-用户体系.md,source_section,NO,OPEN
UA2-00260,user-agent,docs/PRD-用户体系.md,source_section,NO,OPEN
UA2-00261,user-agent,docs/PRD-用户体系.md,source_section,NO,OPEN
UA2-00262,user-agent,docs/PRD-用户体系.md,source_section,NO,OPEN
UA2-00263,user-agent,docs/PRD-用户体系.md,source_section,NO,OPEN
UA2-00264,user-agent,docs/PRD-用户体系.md,source_section,NO,OPEN
UA2-00265,user-agent,docs/PRD-用户体系.md,source_section,NO,OPEN
UA2-00266,user-agent,docs/PRD-用户体系.md,source_section,NO,OPEN
UA2-00267,user-agent,docs/PRD-用户体系.md,source_section;source_quote;atomic_assertion,NO,OPEN
UA2-00268,user-agent,docs/PRD-用户体系.md,source_section;source_quote;atomic_assertion,NO,OPEN
UA2-00269,user-agent,docs/PRD-用户体系.md,source_section;source_quote;atomic_assertion,NO,OPEN
UA2-00270,user-agent,docs/PRD-用户体系.md,source_section,NO,OPEN
UA2-00271,user-agent,docs/PRD-用户体系.md,source_section,NO,OPEN
UA2-00272,user-agent,docs/PRD-用户体系.md,source_section,NO,OPEN
UA2-00273,user-agent,docs/PRD-用户体系.md,source_section,NO,OPEN
UA2-00274,user-agent,docs/PRD-用户体系.md,source_section,NO,OPEN
UA2-00275,user-agent,docs/PRD-用户体系.md,source_section;source_quote;atomic_assertion,NO,OPEN
UA2-00276,user-agent,docs/PRD-用户体系.md,source_section,NO,OPEN
UA2-00277,user-agent,docs/PRD-用户体系.md,source_section,NO,OPEN
UA2-00278,user-agent,docs/PRD-用户体系.md,source_section,NO,OPEN
UA2-00279,user-agent,docs/PRD-用户体系.md,source_section;source_quote;atomic_assertion,NO,OPEN
UA2-00280,user-agent,docs/PRD-用户体系.md,source_section,NO,OPEN
UA2-00282,user-agent,docs/PRD-用户体系.md,source_section,NO,OPEN
UA2-00283,user-agent,docs/PRD-用户体系.md,source_section,NO,OPEN
UA2-00284,user-agent,docs/PRD-用户体系.md,source_section,NO,OPEN
UA2-00285,user-agent,docs/PRD-用户体系.md,source_section,NO,OPEN
UA2-00286,user-agent,docs/PRD-用户体系.md,source_section,NO,OPEN
UA2-00288,user-agent,docs/PRD-用户体系.md,source_section,NO,OPEN
UA2-00289,user-agent,docs/PRD-用户体系.md,source_section;source_quote;atomic_assertion,NO,OPEN
UA2-00290,user-agent,docs/PRD-用户体系.md,source_section,NO,OPEN
UA2-00291,user-agent,docs/PRD-用户体系.md,source_section,NO,OPEN
UA2-00292,user-agent,docs/PRD-用户体系.md,source_section;source_quote;atomic_assertion,NO,OPEN
UA2-00293,user-agent,docs/PRD-用户体系.md,source_section;source_quote;atomic_assertion,NO,OPEN
UA2-00294,user-agent,docs/PRD-用户体系.md,source_section;source_quote;atomic_assertion,NO,OPEN
UA2-00295,user-agent,docs/PRD-用户体系.md,source_section,NO,OPEN
UA2-00296,user-agent,docs/PRD-用户体系.md,source_section;source_quote;atomic_assertion,NO,OPEN
UA2-00297,user-agent,docs/PRD-用户体系.md,source_section,NO,OPEN
UA2-00298,user-agent,docs/PRD-用户体系.md,source_section,NO,OPEN
UA2-00299,user-agent,docs/PRD-用户体系.md,source_section,NO,OPEN
UA2-00300,user-agent,docs/PRD-用户体系.md,source_section,NO,OPEN
UA2-00301,user-agent,docs/PRD-用户体系.md,source_section,NO,OPEN
UA2-00302,user-agent,docs/PRD-用户体系.md,source_section;source_quote;atomic_assertion,NO,OPEN
UA2-00303,user-agent,docs/PRD-用户体系.md,source_section,NO,OPEN
UA2-00304,user-agent,docs/PRD-用户体系.md,source_section;source_quote;atomic_assertion,NO,OPEN
UA2-00305,user-agent,docs/PRD-用户体系.md,source_section;source_quote;atomic_assertion,NO,OPEN
UA2-00306,user-agent,docs/PRD-用户体系.md,source_section,NO,OPEN
UA2-00307,user-agent,docs/PRD-用户体系.md,source_section,NO,OPEN
UA2-00308,user-agent,docs/PRD-用户体系.md,source_section,NO,OPEN
UA2-00309,user-agent,docs/PRD-用户体系.md,source_section,NO,OPEN
UA2-00310,user-agent,docs/PRD-用户体系.md,source_section,NO,OPEN
UA2-00311,user-agent,docs/PRD-用户体系.md,source_section,NO,OPEN
UA2-00312,user-agent,docs/PRD-用户体系.md,source_section,NO,OPEN
UA2-00313,user-agent,docs/PRD-用户体系.md,source_section,NO,OPEN
UA2-00314,user-agent,docs/PRD-用户体系.md,source_section,NO,OPEN
UA2-00315,user-agent,docs/PRD-用户体系.md,source_section,NO,OPEN
UA2-00316,user-agent,docs/PRD-用户体系.md,source_section,NO,OPEN
UA2-00317,user-agent,docs/PRD-用户体系.md,source_section,NO,OPEN
UA2-00318,user-agent,docs/PRD-用户体系.md,source_section,NO,OPEN
UA2-00319,user-agent,docs/PRD-用户体系.md,source_section,NO,OPEN
UA2-00320,user-agent,docs/PRD-用户体系.md,source_section,NO,OPEN
UA2-00321,user-agent,docs/PRD-用户体系.md,source_section,NO,OPEN
UA2-00322,user-agent,docs/PRD-用户体系.md,source_section,NO,OPEN
UA2-00323,user-agent,docs/PRD-用户体系.md,source_section,NO,OPEN
UA2-00324,user-agent,docs/PRD-用户体系.md,source_section,NO,OPEN
UA2-00325,user-agent,docs/PRD-用户体系.md,source_section,NO,OPEN
UA2-00326,user-agent,docs/PRD-用户体系.md,source_section;source_quote;atomic_assertion,NO,OPEN
UA2-00327,user-agent,docs/PRD-用户体系.md,source_section,NO,OPEN
UA2-00328,user-agent,docs/PRD-用户体系.md,source_section;source_quote;atomic_assertion,NO,OPEN
UA2-00329,user-agent,docs/PRD-用户体系.md,source_section,NO,OPEN
UA2-00330,user-agent,docs/PRD-用户体系.md,source_section,NO,OPEN
UA2-00331,user-agent,docs/PRD-用户体系.md,source_section;source_quote;atomic_assertion,NO,OPEN
UA2-00332,user-agent,docs/PRD-用户体系.md,source_section,NO,OPEN
UA2-00333,user-agent,docs/PRD-用户体系.md,source_section;source_quote;atomic_assertion,NO,OPEN
UA2-00334,user-agent,docs/PRD-用户体系.md,source_section,NO,OPEN
UA2-00335,user-agent,docs/PRD-用户体系.md,source_section,NO,OPEN
UA2-00336,user-agent,docs/PRD-用户体系.md,source_section,NO,OPEN
UA2-00337,user-agent,docs/PRD-用户体系.md,source_section,NO,OPEN
UA2-00338,user-agent,docs/PRD-用户体系.md,source_section,NO,OPEN
UA2-00339,user-agent,docs/PRD-用户体系.md,source_section,NO,OPEN
UA2-00340,user-agent,docs/PRD-用户体系.md,source_section,NO,OPEN
UA2-00341,user-agent,docs/PRD-用户体系.md,source_section,NO,OPEN
UA2-00342,user-agent,docs/PRD-用户体系.md,source_section,NO,OPEN
UA2-00343,user-agent,docs/PRD-用户体系.md,source_section,NO,OPEN
UA2-00344,user-agent,docs/PRD-用户体系.md,source_section,NO,OPEN
UA2-00345,user-agent,docs/PRD-用户体系.md,source_section;source_quote;atomic_assertion,NO,OPEN
UA2-00346,user-agent,docs/PRD-用户体系.md,source_section,NO,OPEN
UA2-00347,user-agent,docs/PRD-用户体系.md,source_section;source_quote;atomic_assertion,NO,OPEN
UA2-00348,user-agent,docs/PRD-用户体系.md,source_section,NO,OPEN
UA2-00349,user-agent,docs/PRD-用户体系.md,source_section,NO,OPEN
UA2-00350,user-agent,docs/PRD-用户体系.md,source_section,NO,OPEN
UA2-00351,user-agent,docs/PRD-用户体系.md,source_section,NO,OPEN
UA2-00352,user-agent,docs/PRD-用户体系.md,source_section;source_quote;atomic_assertion,NO,OPEN
UA2-00353,user-agent,docs/PRD-用户体系.md,source_section,NO,OPEN
UA2-00354,user-agent,docs/PRD-用户体系.md,source_section;source_quote;atomic_assertion,NO,OPEN
UA2-00355,user-agent,docs/PRD-用户体系.md,source_section,NO,OPEN
UA2-00356,user-agent,docs/PRD-用户体系.md,source_section,NO,OPEN
UA2-00357,user-agent,docs/PRD-用户体系.md,source_section,NO,OPEN
UA2-00358,user-agent,docs/PRD-用户体系.md,source_section,NO,OPEN
UA2-00359,user-agent,docs/PRD-用户体系.md,source_section,NO,OPEN
UA2-00360,user-agent,docs/PRD-用户体系.md,source_section,NO,OPEN
UA2-00361,user-agent,docs/PRD-用户体系.md,source_section,NO,OPEN
UA2-00362,user-agent,docs/PRD-用户体系.md,source_section,NO,OPEN
UA2-00363,user-agent,docs/PRD-用户体系.md,source_section,NO,OPEN
UA2-00364,user-agent,docs/PRD-用户体系.md,source_section;source_quote;atomic_assertion,NO,OPEN
UA2-00365,user-agent,docs/PRD-用户体系.md,source_section;source_quote;atomic_assertion,NO,OPEN
UA2-00366,user-agent,docs/PRD-用户体系.md,source_section,NO,OPEN
UA2-00367,user-agent,docs/PRD-用户体系.md,source_section,NO,OPEN
UA2-00368,user-agent,docs/PRD-用户体系.md,source_section,NO,OPEN
UA2-00369,user-agent,docs/PRD-用户体系.md,source_section,NO,OPEN
UA2-00370,user-agent,docs/PRD-用户体系.md,source_section,NO,OPEN
UA2-00372,user-agent,docs/PRD-用户体系.md,source_section;source_quote;atomic_assertion,NO,OPEN
UA2-00373,user-agent,docs/PRD-用户体系.md,source_section,NO,OPEN
UA2-00375,user-agent,docs/PRD-用户体系.md,source_section,NO,OPEN
UA2-00377,user-agent,docs/PRD-用户体系.md,source_section,NO,OPEN
UA2-00379,user-agent,docs/PRD-用户体系.md,source_section,NO,OPEN
UA2-00381,user-agent,docs/PRD-用户体系.md,source_section,NO,OPEN
UA2-00382,user-agent,docs/PRD-用户体系.md,source_section;source_quote;atomic_assertion,NO,OPEN
UA2-00383,user-agent,docs/PRD-用户体系.md,source_section,NO,OPEN
UA2-00384,user-agent,docs/PRD-用户体系.md,source_section;source_quote;atomic_assertion,NO,OPEN
UA2-00385,user-agent,docs/PRD-用户体系.md,source_section,NO,OPEN
UA2-00386,user-agent,docs/PRD-用户体系.md,source_section,NO,OPEN
UA2-00387,user-agent,docs/PRD-用户体系.md,source_section,NO,OPEN
UA2-00388,user-agent,docs/PRD-用户体系.md,source_section,NO,OPEN
UA2-00389,user-agent,docs/PRD-用户体系.md,source_section,NO,OPEN
UA2-00390,user-agent,docs/PRD-用户体系.md,source_section,NO,OPEN
UA2-00391,user-agent,docs/PRD-用户体系.md,source_section,NO,OPEN
UA2-00392,user-agent,docs/PRD-用户体系.md,source_section,NO,OPEN
UA2-00393,user-agent,docs/PRD-用户体系.md,source_section,NO,OPEN
UA2-00394,user-agent,docs/PRD-用户体系.md,source_section,NO,OPEN
UA2-00395,user-agent,docs/PRD-用户体系.md,source_section,NO,OPEN
UA2-00396,user-agent,docs/PRD-用户体系.md,source_section,NO,OPEN
UA2-00397,user-agent,docs/PRD-用户体系.md,source_section;source_quote;atomic_assertion,NO,OPEN
UA2-00398,user-agent,docs/PRD-用户体系.md,source_section,NO,OPEN
UA2-00399,user-agent,docs/PRD-用户体系.md,source_section,NO,OPEN
UA2-00400,user-agent,docs/PRD-用户体系.md,source_section,NO,OPEN
UA2-00401,user-agent,docs/PRD-用户体系.md,source_section,NO,OPEN
UA2-00402,user-agent,docs/PRD-用户体系.md,source_section,NO,OPEN
UA2-00403,user-agent,docs/PRD-用户体系.md,source_section,NO,OPEN
UA2-00404,user-agent,docs/PRD-用户体系.md,source_section,NO,OPEN
UA2-00405,user-agent,docs/PRD-用户体系.md,source_section,NO,OPEN
UA2-00406,user-agent,docs/PRD-用户体系.md,source_section,NO,OPEN
UA2-00407,user-agent,docs/PRD-用户体系.md,source_section,NO,OPEN
UA2-00408,user-agent,docs/PRD-用户体系.md,source_section,NO,OPEN
UA2-00409,user-agent,docs/PRD-用户体系.md,source_section,NO,OPEN
UA2-00410,user-agent,docs/PRD-用户体系.md,source_section,NO,OPEN
UA2-00411,user-agent,docs/PRD-用户体系.md,source_section,NO,OPEN
UA2-00412,user-agent,docs/PRD-用户体系.md,source_section,NO,OPEN
UA2-00413,user-agent,docs/PRD-用户体系.md,source_section,NO,OPEN
UA2-00414,user-agent,docs/PRD-用户体系.md,source_section;source_quote;atomic_assertion,NO,OPEN
UA2-00415,user-agent,docs/PRD-用户体系.md,source_section;source_quote;atomic_assertion,NO,OPEN
UA2-00416,user-agent,docs/PRD-用户体系.md,source_section;source_quote;atomic_assertion,NO,OPEN
UA2-00417,user-agent,docs/PRD-用户体系.md,source_section,NO,OPEN
UA2-00418,user-agent,docs/PRD-用户体系.md,source_section,NO,OPEN
UA2-00419,user-agent,docs/PRD-用户体系.md,source_section;source_quote;atomic_assertion,NO,OPEN
UA2-00420,user-agent,docs/PRD-用户体系.md,source_section;source_quote;atomic_assertion,NO,OPEN
UA2-00421,user-agent,docs/PRD-用户体系.md,source_section,NO,OPEN
UA2-00422,user-agent,docs/PRD-用户体系.md,source_section,NO,OPEN
UA2-00423,user-agent,docs/PRD-用户体系.md,source_section,NO,OPEN
UA2-00424,user-agent,docs/PRD-用户体系.md,source_section,NO,OPEN
UA2-00425,user-agent,docs/PRD-用户体系.md,source_section;source_quote;atomic_assertion,NO,OPEN
UA2-00426,user-agent,docs/PRD-用户体系.md,source_section,NO,OPEN
UA2-00427,user-agent,docs/PRD-用户体系.md,source_section;source_quote;atomic_assertion,NO,OPEN
UA2-00428,user-agent,docs/PRD-用户体系.md,source_section,NO,OPEN
UA2-00429,user-agent,docs/PRD-用户体系.md,source_section;source_quote;atomic_assertion,NO,OPEN
UA2-00430,user-agent,docs/PRD-用户体系.md,source_section,NO,OPEN
UA2-00431,user-agent,docs/PRD-用户体系.md,source_section,NO,OPEN
UA2-00432,user-agent,docs/PRD-用户体系.md,source_section;source_quote;atomic_assertion,NO,OPEN
UA2-00433,user-agent,docs/PRD-用户体系.md,source_section;source_quote;atomic_assertion,NO,OPEN
UA2-00434,user-agent,docs/PRD-用户体系.md,source_section,NO,OPEN
UA2-00435,user-agent,docs/PRD-用户体系.md,source_section;source_quote;atomic_assertion,NO,OPEN
UA2-00436,user-agent,docs/PRD-用户体系.md,source_section;source_quote;atomic_assertion,NO,OPEN
UA2-00437,user-agent,docs/PRD-用户体系.md,source_section,NO,OPEN
UA2-00438,user-agent,docs/PRD-用户体系.md,source_section;source_quote;atomic_assertion,NO,OPEN
UA2-00439,user-agent,docs/PRD-用户体系.md,source_section,NO,OPEN
UA2-00440,user-agent,docs/PRD-用户体系.md,source_section,NO,OPEN
UA2-00441,user-agent,docs/PRD-用户体系.md,source_section,NO,OPEN
UA2-00442,user-agent,docs/PRD-用户体系.md,source_section,NO,OPEN
UA2-00443,user-agent,docs/PRD-用户体系.md,source_section;source_quote;atomic_assertion,NO,OPEN
UA2-00444,user-agent,docs/PRD-用户体系.md,source_section,NO,OPEN
UA2-00445,user-agent,docs/PRD-用户体系.md,source_section,NO,OPEN
UA2-00446,user-agent,docs/PRD-用户体系.md,source_section,NO,OPEN
UA2-00447,user-agent,docs/PRD-用户体系.md,source_section;source_quote;atomic_assertion,NO,OPEN
UA2-00448,user-agent,docs/PRD-用户体系.md,source_section,NO,OPEN
UA2-00449,user-agent,docs/PRD-用户体系.md,source_section,NO,OPEN
UA2-00450,user-agent,docs/PRD-用户体系.md,source_section,NO,OPEN
UA2-00452,user-agent,docs/PRD-用户体系.md,source_section,NO,OPEN
UA2-00453,user-agent,docs/PRD-用户体系.md,source_section,NO,OPEN
UA2-00454,user-agent,docs/PRD-用户体系.md,source_section,NO,OPEN
UA2-00456,user-agent,docs/PRD-用户体系.md,source_section,NO,OPEN
UA2-00457,user-agent,docs/PRD-用户体系.md,source_section,NO,OPEN
UA2-00458,user-agent,docs/PRD-用户体系.md,source_section;source_quote;atomic_assertion,NO,OPEN
UA2-00459,user-agent,docs/PRD-用户体系.md,source_section,NO,OPEN
UA2-00460,user-agent,docs/PRD-用户体系.md,source_section,NO,OPEN
UA2-00461,user-agent,docs/PRD-用户体系.md,source_section,NO,OPEN
UA2-00463,user-agent,docs/PRD-用户体系.md,source_section,NO,OPEN
UA2-00464,user-agent,docs/PRD-用户体系.md,source_section,NO,OPEN
UA2-00465,user-agent,docs/PRD-用户体系.md,source_section,NO,OPEN
UA2-00466,user-agent,docs/PRD-用户体系.md,source_section,NO,OPEN
UA2-00467,user-agent,docs/PRD-用户体系.md,source_section,NO,OPEN
UA2-00468,user-agent,docs/PRD-用户体系.md,source_section;source_quote;atomic_assertion,NO,OPEN
UA2-00469,user-agent,docs/PRD-用户体系.md,source_section,NO,OPEN
UA2-00470,user-agent,docs/PRD-用户体系.md,source_section,NO,OPEN
UA2-00471,user-agent,docs/PRD-用户体系.md,source_section,NO,OPEN
UA2-00472,user-agent,docs/PRD-用户体系.md,source_section,NO,OPEN
UA2-00473,user-agent,docs/PRD-用户体系.md,source_section,NO,OPEN
UA2-00474,user-agent,docs/PRD-用户体系.md,source_section,NO,OPEN
UA2-00475,user-agent,docs/PRD-用户体系.md,source_section,NO,OPEN
UA2-00476,user-agent,docs/PRD-用户体系.md,source_section,NO,OPEN
UA2-00477,user-agent,docs/PRD-用户体系.md,source_section,NO,OPEN
UA2-00478,user-agent,docs/PRD-用户体系.md,source_section;source_quote;atomic_assertion,NO,OPEN
UA2-00479,user-agent,docs/PRD-用户体系.md,source_section,NO,OPEN
UA2-00480,user-agent,docs/PRD-用户体系.md,source_section,NO,OPEN
UA2-00481,user-agent,docs/PRD-用户体系.md,source_section,NO,OPEN
UA2-00482,user-agent,docs/PRD-用户体系.md,source_section,NO,OPEN
UA2-00483,user-agent,docs/PRD-用户体系.md,source_section,NO,OPEN
UA2-00484,user-agent,docs/PRD-用户体系.md,source_section,NO,OPEN
UA2-00485,user-agent,docs/PRD-用户体系.md,source_section;source_quote;atomic_assertion,NO,OPEN
UA2-00486,user-agent,docs/PRD-用户体系.md,source_section,NO,OPEN
UA2-00487,user-agent,docs/PRD-用户体系.md,source_section,NO,OPEN
UA2-00488,user-agent,docs/PRD-用户体系.md,source_section,NO,OPEN
UA2-00489,user-agent,docs/PRD-用户体系.md,source_section,NO,OPEN
UA2-00490,user-agent,docs/PRD-用户体系.md,source_section;source_quote;atomic_assertion,NO,OPEN
UA2-00491,user-agent,docs/PRD-用户体系.md,source_section,NO,OPEN
UA2-00492,user-agent,docs/PRD-用户体系.md,source_section,NO,OPEN
UA2-00493,user-agent,docs/PRD-用户体系.md,source_section,NO,OPEN
UA2-00494,user-agent,docs/PRD-用户体系.md,source_section;source_quote;atomic_assertion,NO,OPEN
UA2-00495,user-agent,docs/PRD-用户体系.md,source_section,NO,OPEN
UA2-00496,user-agent,docs/PRD-用户体系.md,source_section,NO,OPEN
UA2-00497,user-agent,docs/PRD-用户体系.md,source_section,NO,OPEN
UA2-00498,user-agent,docs/PRD-用户体系.md,source_section,NO,OPEN
UA2-00499,user-agent,docs/PRD-用户体系.md,source_section,NO,OPEN
UA2-00500,user-agent,docs/PRD-用户体系.md,source_section;source_quote;atomic_assertion,NO,OPEN
UA2-00501,user-agent,docs/PRD-用户体系.md,source_section,NO,OPEN
UA2-00502,user-agent,docs/PRD-用户体系.md,source_section,NO,OPEN
UA2-00503,user-agent,docs/PRD-用户体系.md,source_section,NO,OPEN
UA2-00504,user-agent,docs/PRD-用户体系.md,source_section;source_quote;atomic_assertion,NO,OPEN
UA2-00505,user-agent,docs/PRD-用户体系.md,source_section,NO,OPEN
UA2-00506,user-agent,docs/PRD-用户体系.md,source_section,NO,OPEN
UA2-00513,user-agent,docs/PRD-用户体系.md,source_quote;atomic_assertion,NO,OPEN
UA2-00525,user-agent,docs/PRD-用户体系.md,source_quote;atomic_assertion,NO,OPEN
UA2-00529,user-agent,docs/PRD-用户体系.md,source_quote;atomic_assertion,NO,OPEN
UA2-00546,user-agent,docs/PRD-用户体系.md,source_quote;atomic_assertion,NO,OPEN
UA2-00557,user-agent,docs/PRD-用户体系.md,source_quote;atomic_assertion,NO,OPEN
UA2-00564,user-agent,docs/PRD-用户体系.md,source_quote;atomic_assertion,NO,OPEN
UA2-00566,user-agent,docs/PRD-用户体系.md,source_quote;atomic_assertion,NO,OPEN
UA2-00587,user-agent,docs/PRD-用户体系.md,source_quote;atomic_assertion,NO,OPEN
UA2-00589,user-agent,docs/PRD-用户体系.md,source_quote;atomic_assertion,NO,OPEN
UA2-00595,user-agent,docs/PRD-用户体系.md,source_quote;atomic_assertion,NO,OPEN
UA2-00606,user-agent,docs/PRD-用户体系.md,source_quote;atomic_assertion,NO,OPEN
UA2-00612,user-agent,docs/PRD-用户体系.md,source_quote;atomic_assertion,NO,OPEN
UA2-00644,user-agent,docs/PRD-用户体系.md,source_quote;atomic_assertion,NO,OPEN
UA2-00653,user-agent,docs/PRD-用户体系.md,source_quote;atomic_assertion,NO,OPEN
UA2-00656,user-agent,docs/PRD-用户体系.md,source_quote;atomic_assertion,NO,OPEN
UA2-00657,user-agent,docs/PRD-用户体系.md,source_quote;atomic_assertion,NO,OPEN
UA2-00658,user-agent,docs/PRD-用户体系.md,source_quote;atomic_assertion,NO,OPEN
UA2-00666,user-agent,docs/PRD-用户体系.md,source_quote;atomic_assertion,NO,OPEN
UA2-00668,user-agent,docs/PRD-用户体系.md,source_quote;atomic_assertion,NO,OPEN
UA2-00673,user-agent,docs/PRD-用户体系.md,source_quote;atomic_assertion,NO,OPEN
UA2-00677,user-agent,docs/PRD-用户体系.md,source_quote;atomic_assertion,NO,OPEN
UA2-00679,user-agent,docs/PRD-用户体系.md,source_quote;atomic_assertion,NO,OPEN
UA2-00680,user-agent,docs/PRD-用户体系.md,source_section,NO,OPEN
UA2-00681,user-agent,docs/PRD-用户体系.md,source_section,NO,OPEN
UA2-00682,user-agent,docs/PRD-用户体系.md,source_section;source_quote;atomic_assertion,NO,OPEN
UA2-00683,user-agent,docs/PRD-用户体系.md,source_section,NO,OPEN
UA2-00684,user-agent,docs/PRD-用户体系.md,source_section,NO,OPEN
UA2-00685,user-agent,docs/PRD-用户体系.md,source_section,NO,OPEN
UA2-00686,user-agent,docs/PRD-用户体系.md,source_section,NO,OPEN
UA2-00687,user-agent,docs/PRD-用户体系.md,source_section,NO,OPEN
UA2-00688,user-agent,docs/PRD-用户体系.md,source_section,NO,OPEN
UA2-00689,user-agent,docs/PRD-用户体系.md,source_section,NO,OPEN
UA2-00690,user-agent,docs/PRD-用户体系.md,source_section;source_quote;atomic_assertion,NO,OPEN
UA2-00691,user-agent,docs/PRD-用户体系.md,source_section;source_quote;atomic_assertion,NO,OPEN
UA2-00692,user-agent,docs/PRD-用户体系.md,source_section;source_quote;atomic_assertion,NO,OPEN
UA2-00693,user-agent,docs/PRD-用户体系.md,source_section,NO,OPEN
UA2-00694,user-agent,docs/PRD-用户体系.md,source_section,NO,OPEN
UA2-00695,user-agent,docs/PRD-用户体系.md,source_section,NO,OPEN
UA2-00696,user-agent,docs/PRD-用户体系.md,source_section,NO,OPEN
UA2-00697,user-agent,docs/PRD-用户体系.md,source_section,NO,OPEN
UA2-00698,user-agent,docs/PRD-用户体系.md,source_section,NO,OPEN
UA2-00699,user-agent,docs/PRD-用户体系.md,source_section,NO,OPEN
UA2-00700,user-agent,docs/PRD-用户体系.md,source_section;source_quote;atomic_assertion,NO,OPEN
UA2-00701,user-agent,docs/PRD-用户体系.md,source_section,NO,OPEN
UA2-00703,user-agent,docs/PRD-用户体系.md,source_section,NO,OPEN
UA2-00704,user-agent,docs/PRD-用户体系.md,source_section,NO,OPEN
UA2-00706,user-agent,docs/PRD-用户体系.md,source_section;source_quote;atomic_assertion,NO,OPEN
UA2-00707,user-agent,docs/PRD-用户体系.md,source_section,NO,OPEN
UA2-00708,user-agent,docs/PRD-用户体系.md,source_quote;atomic_assertion,NO,OPEN
UA2-00726,user-agent,docs/PRD-用户体系.md,source_quote;atomic_assertion,NO,OPEN
UA2-00738,user-agent,docs/PRD-用户体系.md,source_quote;atomic_assertion,NO,OPEN
UA2-00744,user-agent,docs/PRD-用户体系.md,source_quote;atomic_assertion,NO,OPEN
UA2-00751,user-agent,docs/PRD-用户体系.md,source_quote;atomic_assertion,NO,OPEN
UA2-00753,user-agent,docs/PRD-用户体系.md,source_quote;atomic_assertion,NO,OPEN
UA2-00772,user-agent,docs/PRD-用户体系.md,source_quote;atomic_assertion,NO,OPEN
UA2-00782,user-agent,docs/PRD-用户体系.md,source_quote;atomic_assertion,NO,OPEN
UA2-00784,user-agent,docs/PRD-用户体系.md,source_quote;atomic_assertion,NO,OPEN
UA2-00787,user-agent,docs/PRD-用户体系.md,source_quote;atomic_assertion,NO,OPEN
UA2-00788,user-agent,docs/PRD-用户体系.md,source_quote;atomic_assertion,NO,OPEN
UA2-00791,user-agent,docs/PRD-用户体系.md,source_quote;atomic_assertion,NO,OPEN
UA2-00811,user-agent,docs/PRD-用户体系.md,source_quote;atomic_assertion,NO,OPEN
UA2-00814,user-agent,docs/PRD-用户体系.md,source_quote;atomic_assertion,NO,OPEN
UA2-00815,user-agent,docs/PRD-用户体系.md,source_quote;atomic_assertion,NO,OPEN
UA2-00817,user-agent,docs/PRD-用户体系.md,source_quote;atomic_assertion,NO,OPEN
UA2-00820,user-agent,docs/PRD-用户体系.md,source_quote;atomic_assertion,NO,OPEN
UA2-00828,user-agent,docs/PRD-用户体系.md,source_quote;atomic_assertion,NO,OPEN
UA2-00837,user-agent,docs/PRD-用户体系.md,source_quote;atomic_assertion,NO,OPEN
UA2-00871,user-agent,docs/PRD-用户体系.md,source_quote;atomic_assertion,NO,OPEN
UA2-00874,user-agent,docs/PRD-用户体系.md,source_quote;atomic_assertion,NO,OPEN
UA2-00883,user-agent,docs/PRD-用户体系.md,source_quote;atomic_assertion,NO,OPEN
UA2-00889,user-agent,docs/PRD-用户体系.md,source_quote;atomic_assertion,NO,OPEN
UA2-00892,user-agent,docs/PRD-用户体系.md,source_quote;atomic_assertion,NO,OPEN
UA2-00899,user-agent,docs/PRD-用户体系.md,source_quote;atomic_assertion,NO,OPEN
UA2-00913,user-agent,docs/PRD-代理商体系.md,source_quote;atomic_assertion,NO,OPEN
UA2-00949,user-agent,docs/PRD-代理商体系.md,source_quote;atomic_assertion,NO,OPEN
UA2-00958,user-agent,docs/PRD-代理商体系.md,source_quote;atomic_assertion,NO,OPEN
UA2-00973,user-agent,docs/PRD-代理商体系.md,source_quote;atomic_assertion,NO,OPEN
UA2-00974,user-agent,docs/PRD-代理商体系.md,source_quote;atomic_assertion,NO,OPEN
UA2-00987,user-agent,docs/PRD-代理商支撑增强.md,source_quote;atomic_assertion,NO,OPEN
UA2-00988,user-agent,docs/PRD-代理商支撑增强.md,source_quote;atomic_assertion,NO,OPEN
UA2-00989,user-agent,docs/PRD-代理商支撑增强.md,source_quote;atomic_assertion,NO,OPEN
UA2-00990,user-agent,docs/PRD-代理商支撑增强.md,source_quote;atomic_assertion,NO,OPEN
UA2-00996,user-agent,docs/PRD-代理商支撑增强.md,source_quote;atomic_assertion,NO,OPEN
UA2-01002,user-agent,docs/PRD-代理商支撑增强.md,source_quote;atomic_assertion,NO,OPEN
UA2-01009,user-agent,docs/PRD-代理商支撑增强.md,source_quote;atomic_assertion,NO,OPEN
UA2-01031,user-agent,docs/PRD-代理商支撑增强.md,source_quote;atomic_assertion,NO,OPEN
UA2-01033,user-agent,docs/PRD-代理商支撑增强.md,source_quote;atomic_assertion,NO,OPEN
UA2-01037,user-agent,docs/PRD-代理商支撑增强.md,source_quote;atomic_assertion,NO,OPEN
UA2-01043,user-agent,docs/PRD-代理商支撑增强.md,source_quote;atomic_assertion,NO,OPEN
UA2-01074,user-agent,docs/PRD-代理商支撑增强.md,source_quote;atomic_assertion,NO,OPEN
UA2-01082,user-agent,docs/PRD-代理商支撑增强.md,source_quote;atomic_assertion,NO,OPEN
UA2-01110,user-agent,docs/PRD-代理商支撑增强.md,source_quote;atomic_assertion,NO,OPEN
UA2-01111,user-agent,docs/PRD-代理商支撑增强.md,source_quote;atomic_assertion,NO,OPEN
UA2-01113,user-agent,docs/PRD-代理商支撑增强.md,source_quote;atomic_assertion,NO,OPEN
UA2-01115,user-agent,docs/PRD-代理商支撑增强.md,source_quote;atomic_assertion,NO,OPEN
UA2-01122,user-agent,docs/PRD-代理商支撑增强.md,source_quote;atomic_assertion,NO,OPEN
UA2-01125,user-agent,docs/PRD-代理商支撑增强.md,source_quote;atomic_assertion,NO,OPEN
UA2-01143,user-agent,docs/PRD-代理商支撑增强.md,source_quote;atomic_assertion,NO,OPEN
UA2-01147,user-agent,docs/PRD-代理商支撑增强.md,source_quote;atomic_assertion,NO,OPEN
UA2-01149,user-agent,docs/PRD-代理商支撑增强.md,source_quote;atomic_assertion,NO,OPEN
UA2-01151,user-agent,docs/PRD-代理商支撑增强.md,source_quote;atomic_assertion,NO,OPEN
UA2-01153,user-agent,docs/PRD-代理商支撑增强.md,source_quote;atomic_assertion,NO,OPEN
UA2-01173,user-agent,docs/PRD-代理商支撑增强.md,source_quote;atomic_assertion,NO,OPEN
UA2-01176,user-agent,docs/PRD-代理商支撑增强.md,source_quote;atomic_assertion,NO,OPEN
UA2-01178,user-agent,docs/PRD-代理商支撑增强.md,source_quote;atomic_assertion,NO,OPEN
UA2-01180,user-agent,docs/PRD-代理商支撑增强.md,source_quote;atomic_assertion,NO,OPEN
UA2-01186,user-agent,docs/PRD-代理商支撑增强.md,source_quote;atomic_assertion,NO,OPEN
UA2-01201,user-agent,docs/PRD-代理商支撑增强.md,source_quote;atomic_assertion,NO,OPEN
UA2-01211,user-agent,docs/PRD-代理商支撑增强.md,source_quote;atomic_assertion,NO,OPEN
UA2-01212,user-agent,docs/PRD-代理商支撑增强.md,source_quote;atomic_assertion,NO,OPEN
UA2-01789,user-agent,docs/PRD-用户端体验增强.md,source_quote;atomic_assertion,NO,OPEN
UA2-01790,user-agent,docs/PRD-用户端体验增强.md,source_quote;atomic_assertion,NO,OPEN
UA2-01791,user-agent,docs/PRD-用户端体验增强.md,source_quote;atomic_assertion,NO,OPEN
UA2-01793,user-agent,docs/PRD-用户端体验增强.md,source_quote;atomic_assertion,NO,OPEN
UA2-01797,user-agent,docs/PRD-用户端体验增强.md,source_quote;atomic_assertion,NO,OPEN
UA2-01799,user-agent,docs/PRD-用户端体验增强.md,source_quote;atomic_assertion,NO,OPEN
UA2-01801,user-agent,docs/PRD-用户端体验增强.md,source_quote;atomic_assertion,NO,OPEN
UA2-01803,user-agent,docs/PRD-用户端体验增强.md,source_quote;atomic_assertion,NO,OPEN
UA2-01805,user-agent,docs/PRD-用户端体验增强.md,source_quote;atomic_assertion,NO,OPEN
UA2-01808,user-agent,docs/PRD-用户端体验增强.md,source_quote;atomic_assertion,NO,OPEN
UA2-01811,user-agent,docs/PRD-用户端体验增强.md,source_quote;atomic_assertion,NO,OPEN
UA2-01824,user-agent,docs/PRD-用户端体验增强.md,source_quote;atomic_assertion,NO,OPEN
UA2-01829,user-agent,docs/PRD-用户端体验增强.md,source_quote;atomic_assertion,NO,OPEN
UA2-01852,user-agent,docs/PRD-用户端体验增强.md,source_quote;atomic_assertion,NO,OPEN
UA2-01853,user-agent,docs/PRD-用户端体验增强.md,source_quote;atomic_assertion,NO,OPEN
UA2-01863,user-agent,docs/PRD-用户端体验增强.md,source_quote;atomic_assertion,NO,OPEN
UA2-01896,user-agent,docs/PRD-用户端体验增强.md,source_quote;atomic_assertion,NO,OPEN
UA2-01900,user-agent,docs/PRD-用户端体验增强.md,source_quote;atomic_assertion,NO,OPEN
UA2-01902,user-agent,docs/PRD-用户端体验增强.md,source_quote;atomic_assertion,NO,OPEN
UA2-01904,user-agent,docs/PRD-用户端体验增强.md,source_quote;atomic_assertion,NO,OPEN
UA2-01924,user-agent,docs/PRD-用户端体验增强.md,source_quote;atomic_assertion,NO,OPEN
UA2-01929,user-agent,docs/PRD-用户端体验增强.md,source_quote;atomic_assertion,NO,OPEN
UA2-01931,user-agent,docs/PRD-用户端体验增强.md,source_quote;atomic_assertion,NO,OPEN
UA2-01937,user-agent,docs/PRD-用户端体验增强.md,source_quote;atomic_assertion,NO,OPEN
UA2-01941,user-agent,docs/PRD-用户端体验增强.md,source_quote;atomic_assertion,NO,OPEN
UA2-01956,user-agent,docs/PRD-用户端体验增强.md,source_quote;atomic_assertion,NO,OPEN
UA2-01972,user-agent,docs/PRD-用户端体验增强.md,source_quote;atomic_assertion,NO,OPEN
UA2-01980,user-agent,docs/PRD-用户端体验增强.md,source_quote;atomic_assertion,NO,OPEN
UA2-02009,user-agent,docs/PRD-用户端体验增强.md,source_quote;atomic_assertion,NO,OPEN
UA2-02011,user-agent,docs/PRD-用户端体验增强.md,source_quote;atomic_assertion,NO,OPEN
UA2-02052,user-agent,docs/PRD-用户端体验增强.md,source_quote;atomic_assertion,NO,OPEN
UA2-02058,user-agent,docs/PRD-用户端体验增强.md,source_quote;atomic_assertion,NO,OPEN
UA2-02060,user-agent,docs/PRD-用户端体验增强.md,source_quote;atomic_assertion,NO,OPEN
UA2-02094,user-agent,docs/PRD-用户端体验增强.md,source_quote;atomic_assertion,NO,OPEN
UA2-02098,user-agent,docs/PRD-用户端体验增强.md,source_quote;atomic_assertion,NO,OPEN
UA2-02100,user-agent,docs/PRD-用户端体验增强.md,source_quote;atomic_assertion,NO,OPEN
UA2-02102,user-agent,docs/PRD-用户端体验增强.md,source_quote;atomic_assertion,NO,OPEN
UA2-02104,user-agent,docs/PRD-用户端体验增强.md,source_quote;atomic_assertion,NO,OPEN
UA2-02137,user-agent,docs/PRD-用户端体验增强.md,source_quote;atomic_assertion,NO,OPEN
UA2-02140,user-agent,docs/PRD-用户端体验增强.md,source_quote;atomic_assertion,NO,OPEN
UA2-02146,user-agent,docs/PRD-用户端体验增强.md,source_quote;atomic_assertion,NO,OPEN
UA2-02152,user-agent,docs/PRD-用户端体验增强.md,source_quote;atomic_assertion,NO,OPEN
UA2-02158,user-agent,docs/PRD-用户端体验增强.md,source_quote;atomic_assertion,NO,OPEN
UA2-02159,user-agent,docs/PRD-用户端体验增强.md,source_quote;atomic_assertion,NO,OPEN
UA2-02160,user-agent,docs/PRD-用户端体验增强.md,source_quote;atomic_assertion,NO,OPEN
UA2-02688,user-agent,docs/SPEC-§11-业务员支撑模块.md,,YES,OPEN
UA2-02985,user-agent,docs/SPEC-§22-用户端体验增强.md,source_quote;atomic_assertion,NO,OPEN
UA2-02986,user-agent,docs/SPEC-§22-用户端体验增强.md,source_quote;atomic_assertion,NO,OPEN
UA2-03005,user-agent,docs/SPEC-§22-用户端体验增强.md,source_quote;atomic_assertion,NO,OPEN
UA2-03006,user-agent,docs/SPEC-§22-用户端体验增强.md,source_quote;atomic_assertion,NO,OPEN
UA2-03007,user-agent,docs/SPEC-§22-用户端体验增强.md,source_quote;atomic_assertion,NO,OPEN
UA2-03008,user-agent,docs/SPEC-§22-用户端体验增强.md,source_quote;atomic_assertion,NO,OPEN
UA2-03009,user-agent,docs/SPEC-§22-用户端体验增强.md,source_quote;atomic_assertion,NO,OPEN
UA2-03010,user-agent,docs/SPEC-§22-用户端体验增强.md,source_quote;atomic_assertion,NO,OPEN
UA2-03011,user-agent,docs/SPEC-§22-用户端体验增强.md,source_quote;atomic_assertion,NO,OPEN
UA2-03012,user-agent,docs/SPEC-§22-用户端体验增强.md,source_quote;atomic_assertion,NO,OPEN
UA2-03013,user-agent,docs/SPEC-§22-用户端体验增强.md,source_quote;atomic_assertion,NO,OPEN
UA2-03014,user-agent,docs/SPEC-§22-用户端体验增强.md,source_quote;atomic_assertion,NO,OPEN
UA2-03015,user-agent,docs/SPEC-§22-用户端体验增强.md,source_quote;atomic_assertion,NO,OPEN
UA2-03016,user-agent,docs/SPEC-§22-用户端体验增强.md,source_quote;atomic_assertion,NO,OPEN
UA2-03019,user-agent,docs/SPEC-§22-用户端体验增强.md,source_quote;atomic_assertion,NO,OPEN
UA2-03021,user-agent,docs/SPEC-§22-用户端体验增强.md,source_quote;atomic_assertion,NO,OPEN
UA2-03022,user-agent,docs/SPEC-§22-用户端体验增强.md,source_quote;atomic_assertion,NO,OPEN
UA2-03024,user-agent,docs/SPEC-§22-用户端体验增强.md,source_quote;atomic_assertion,NO,OPEN
UA2-03025,user-agent,docs/SPEC-§22-用户端体验增强.md,source_quote;atomic_assertion,NO,OPEN
UA2-03026,user-agent,docs/SPEC-§22-用户端体验增强.md,source_quote;atomic_assertion,NO,OPEN
UA2-03027,user-agent,docs/SPEC-§22-用户端体验增强.md,source_quote;atomic_assertion,NO,OPEN
UA2-03030,user-agent,docs/SPEC-§22-用户端体验增强.md,source_quote;atomic_assertion,NO,OPEN
UA2-03031,user-agent,docs/SPEC-§22-用户端体验增强.md,source_quote;atomic_assertion,NO,OPEN
UA2-03032,user-agent,docs/SPEC-§22-用户端体验增强.md,source_quote;atomic_assertion,NO,OPEN
UA2-03033,user-agent,docs/SPEC-§22-用户端体验增强.md,source_quote;atomic_assertion,NO,OPEN
UA2-03034,user-agent,docs/SPEC-§22-用户端体验增强.md,source_quote;atomic_assertion,NO,OPEN
UA2-03036,user-agent,docs/SPEC-§22-用户端体验增强.md,source_quote;atomic_assertion,NO,OPEN
UA2-03039,user-agent,docs/SPEC-§22-用户端体验增强.md,source_quote;atomic_assertion,NO,OPEN
UA2-03040,user-agent,docs/SPEC-§22-用户端体验增强.md,source_quote;atomic_assertion,NO,OPEN
UA2-03041,user-agent,docs/SPEC-§22-用户端体验增强.md,source_quote;atomic_assertion,NO,OPEN
UA2-03042,user-agent,docs/SPEC-§22-用户端体验增强.md,source_quote;atomic_assertion,NO,OPEN
UA2-03044,user-agent,docs/SPEC-§22-用户端体验增强.md,source_quote;atomic_assertion,NO,OPEN
UA2-03046,user-agent,docs/SPEC-§22-用户端体验增强.md,source_quote;atomic_assertion,NO,OPEN
UA2-03047,user-agent,docs/SPEC-§22-用户端体验增强.md,source_quote;atomic_assertion,NO,OPEN
UA2-03048,user-agent,docs/SPEC-§22-用户端体验增强.md,source_quote;atomic_assertion,NO,OPEN
UA2-03049,user-agent,docs/SPEC-§22-用户端体验增强.md,source_quote;atomic_assertion,NO,OPEN
UA2-03050,user-agent,docs/SPEC-§22-用户端体验增强.md,source_quote;atomic_assertion,NO,OPEN
UA2-03052,user-agent,docs/SPEC-§22-用户端体验增强.md,source_quote;atomic_assertion,NO,OPEN
UA2-03056,user-agent,docs/SPEC-§22-用户端体验增强.md,source_quote;atomic_assertion,NO,OPEN
UA2-03058,user-agent,docs/SPEC-§22-用户端体验增强.md,source_quote;atomic_assertion,NO,OPEN
UA2-03060,user-agent,docs/SPEC-§22-用户端体验增强.md,source_quote;atomic_assertion,NO,OPEN
UA2-03062,user-agent,docs/SPEC-§22-用户端体验增强.md,source_quote;atomic_assertion,NO,OPEN
UA2-03063,user-agent,docs/SPEC-§22-用户端体验增强.md,source_quote;atomic_assertion,NO,OPEN
UA2-03064,user-agent,docs/SPEC-§22-用户端体验增强.md,source_quote;atomic_assertion,NO,OPEN
UA2-03065,user-agent,docs/SPEC-§22-用户端体验增强.md,source_section;source_quote;atomic_assertion,NO,OPEN
UA2-03066,user-agent,docs/SPEC-§22-用户端体验增强.md,source_section;source_quote;atomic_assertion,NO,OPEN
UA2-03068,user-agent,docs/SPEC-§22-用户端体验增强.md,source_quote;atomic_assertion,NO,OPEN
UA2-03070,user-agent,docs/SPEC-§22-用户端体验增强.md,source_quote;atomic_assertion,NO,OPEN
UA2-03074,user-agent,docs/SPEC-§22-用户端体验增强.md,source_quote;atomic_assertion,NO,OPEN
UA2-03075,user-agent,docs/SPEC-§22-用户端体验增强.md,source_quote;atomic_assertion,NO,OPEN
UA2-03076,user-agent,docs/SPEC-§22-用户端体验增强.md,source_quote;atomic_assertion,NO,OPEN
UA2-03078,user-agent,docs/SPEC-§22-用户端体验增强.md,source_quote;atomic_assertion,NO,OPEN
UA2-03080,user-agent,docs/SPEC-§22-用户端体验增强.md,source_quote;atomic_assertion,NO,OPEN
UA2-03082,user-agent,docs/SPEC-§22-用户端体验增强.md,source_quote;atomic_assertion,NO,OPEN
UA2-03088,user-agent,docs/SPEC-§22-用户端体验增强.md,source_quote;atomic_assertion,NO,OPEN
UA2-03091,user-agent,docs/SPEC-§22-用户端体验增强.md,source_quote;atomic_assertion,NO,OPEN
UA2-03097,user-agent,docs/SPEC-§22-用户端体验增强.md,source_quote;atomic_assertion,NO,OPEN
UA2-03108,user-agent,docs/SPEC-§22-用户端体验增强.md,source_quote;atomic_assertion,NO,OPEN
UA2-03109,user-agent,docs/SPEC-§22-用户端体验增强.md,source_quote;atomic_assertion,NO,OPEN
UA2-03113,user-agent,docs/SPEC-§22-用户端体验增强.md,source_quote;atomic_assertion,NO,OPEN
UA2-03114,user-agent,docs/SPEC-§22-用户端体验增强.md,source_quote;atomic_assertion,NO,OPEN
UA2-03115,user-agent,docs/SPEC-§22-用户端体验增强.md,source_quote;atomic_assertion,NO,OPEN
UA2-03116,user-agent,docs/SPEC-§22-用户端体验增强.md,source_quote;atomic_assertion,NO,OPEN
UA2-03120,user-agent,docs/SPEC-§22-用户端体验增强.md,source_quote;atomic_assertion,NO,OPEN
UA2-03124,user-agent,docs/SPEC-§22-用户端体验增强.md,source_quote;atomic_assertion,NO,OPEN
UA2-03148,user-agent,docs/SPEC-§22-用户端体验增强.md,source_quote;atomic_assertion,NO,OPEN
UA2-03161,user-agent,docs/SPEC-§22-用户端体验增强.md,source_quote;atomic_assertion,NO,OPEN
UA2-03163,user-agent,docs/SPEC-§22-用户端体验增强.md,source_quote;atomic_assertion,NO,OPEN
UA2-03164,user-agent,docs/SPEC-§22-用户端体验增强.md,source_quote;atomic_assertion,NO,OPEN
UA2-03165,user-agent,docs/SPEC-§22-用户端体验增强.md,source_quote;atomic_assertion,NO,OPEN
UA2-03179,user-agent,docs/SPEC-§22-用户端体验增强.md,source_quote;atomic_assertion,NO,OPEN
UA2-03181,user-agent,docs/SPEC-§22-用户端体验增强.md,source_quote;atomic_assertion,NO,OPEN
UA2-03182,user-agent,docs/SPEC-§22-用户端体验增强.md,source_quote;atomic_assertion,NO,OPEN
UA2-03183,user-agent,docs/SPEC-§22-用户端体验增强.md,source_quote;atomic_assertion,NO,OPEN
UA2-03186,user-agent,docs/SPEC-§22-用户端体验增强.md,source_quote;atomic_assertion,NO,OPEN
UA2-03187,user-agent,docs/SPEC-§22-用户端体验增强.md,source_quote;atomic_assertion,NO,OPEN
UA2-03188,user-agent,docs/SPEC-§22-用户端体验增强.md,source_quote;atomic_assertion,NO,OPEN
UA2-03222,user-agent,docs/SPEC-§22-用户端体验增强.md,source_quote;atomic_assertion,NO,OPEN
UA2-03223,user-agent,docs/SPEC-§22-用户端体验增强.md,source_quote;atomic_assertion,NO,OPEN
UA2-03226,user-agent,docs/SPEC-§22-用户端体验增强.md,source_quote;atomic_assertion,NO,OPEN
UA2-03227,user-agent,docs/SPEC-§22-用户端体验增强.md,source_quote;atomic_assertion,NO,OPEN
UA2-03228,user-agent,docs/SPEC-§22-用户端体验增强.md,source_quote;atomic_assertion,NO,OPEN
UA2-03229,user-agent,docs/SPEC-§22-用户端体验增强.md,source_quote;atomic_assertion,NO,OPEN
UA2-03230,user-agent,docs/SPEC-§22-用户端体验增强.md,source_quote;atomic_assertion,NO,OPEN
UA2-03247,user-agent,docs/SPEC-§22-用户端体验增强.md,source_quote;atomic_assertion,NO,OPEN
UA2-03253,user-agent,docs/SPEC-§22-用户端体验增强.md,source_quote;atomic_assertion,NO,OPEN
UA2-03257,user-agent,docs/SPEC-§22-用户端体验增强.md,source_quote;atomic_assertion,NO,OPEN
UA2-03260,user-agent,docs/SPEC-§22-用户端体验增强.md,source_quote;atomic_assertion,NO,OPEN
UA2-03281,user-agent,docs/SPEC-§22-用户端体验增强.md,source_quote;atomic_assertion,NO,OPEN
UA2-03283,user-agent,docs/SPEC-§22-用户端体验增强.md,source_quote;atomic_assertion,NO,OPEN
UA2-03284,user-agent,docs/SPEC-§22-用户端体验增强.md,source_quote;atomic_assertion,NO,OPEN
UA2-03285,user-agent,docs/SPEC-§22-用户端体验增强.md,source_quote;atomic_assertion,NO,OPEN
UA2-03286,user-agent,docs/SPEC-§22-用户端体验增强.md,source_quote;atomic_assertion,NO,OPEN
UA2-03287,user-agent,docs/SPEC-§22-用户端体验增强.md,source_quote;atomic_assertion,NO,OPEN
UA2-03288,user-agent,docs/SPEC-§22-用户端体验增强.md,source_quote;atomic_assertion,NO,OPEN
UA2-03291,user-agent,docs/SPEC-§22-用户端体验增强.md,source_quote;atomic_assertion,NO,OPEN
UA2-03292,user-agent,docs/SPEC-§22-用户端体验增强.md,source_quote;atomic_assertion,NO,OPEN
UA2-03294,user-agent,docs/SPEC-§22-用户端体验增强.md,source_quote;atomic_assertion,NO,OPEN
UA2-03296,user-agent,docs/SPEC-§22-用户端体验增强.md,source_quote;atomic_assertion,NO,OPEN
UA2-03297,user-agent,docs/SPEC-§22-用户端体验增强.md,source_quote;atomic_assertion,NO,OPEN
UA2-03298,user-agent,docs/SPEC-§22-用户端体验增强.md,source_quote;atomic_assertion,NO,OPEN
UA2-03299,user-agent,docs/SPEC-§22-用户端体验增强.md,source_quote;atomic_assertion,NO,OPEN
UA2-03300,user-agent,docs/SPEC-§22-用户端体验增强.md,source_quote;atomic_assertion,NO,OPEN
UA2-03302,user-agent,docs/SPEC-§22-用户端体验增强.md,source_quote;atomic_assertion,NO,OPEN
UA2-03303,user-agent,docs/SPEC-§22-用户端体验增强.md,source_quote;atomic_assertion,NO,OPEN
UA2-03305,user-agent,docs/SPEC-§22-用户端体验增强.md,source_quote;atomic_assertion,NO,OPEN
UA2-03306,user-agent,docs/SPEC-§22-用户端体验增强.md,source_quote;atomic_assertion,NO,OPEN
UA2-03307,user-agent,docs/SPEC-§22-用户端体验增强.md,source_quote;atomic_assertion,NO,OPEN
UA2-03308,user-agent,docs/SPEC-§22-用户端体验增强.md,source_quote;atomic_assertion,NO,OPEN
UA2-03309,user-agent,docs/SPEC-§22-用户端体验增强.md,source_quote;atomic_assertion,NO,OPEN
UA2-03311,user-agent,docs/SPEC-§22-用户端体验增强.md,source_quote;atomic_assertion,NO,OPEN
UA2-03312,user-agent,docs/SPEC-§22-用户端体验增强.md,source_quote;atomic_assertion,NO,OPEN
UA2-03313,user-agent,docs/SPEC-§22-用户端体验增强.md,source_quote;atomic_assertion,NO,OPEN
UA2-03314,user-agent,docs/SPEC-§22-用户端体验增强.md,source_quote;atomic_assertion,NO,OPEN
UA2-03316,user-agent,docs/SPEC-§22-用户端体验增强.md,source_quote;atomic_assertion,NO,OPEN
UA2-03317,user-agent,docs/SPEC-§22-用户端体验增强.md,source_quote;atomic_assertion,NO,OPEN
UA2-03318,user-agent,docs/SPEC-§22-用户端体验增强.md,source_quote;atomic_assertion,NO,OPEN
UA2-03319,user-agent,docs/SPEC-§22-用户端体验增强.md,source_quote;atomic_assertion,NO,OPEN
UA2-03322,user-agent,docs/SPEC-§22-用户端体验增强.md,source_quote;atomic_assertion,NO,OPEN
UA2-03323,user-agent,docs/SPEC-§22-用户端体验增强.md,source_quote;atomic_assertion,NO,OPEN
UA2-03334,user-agent,docs/SPEC-§22-用户端体验增强.md,source_quote;atomic_assertion,NO,OPEN
UA2-03338,user-agent,docs/SPEC-§22-用户端体验增强.md,source_quote;atomic_assertion,NO,OPEN
UA2-03343,user-agent,docs/SPEC-§22-用户端体验增强.md,source_quote;atomic_assertion,NO,OPEN
UA2-03345,user-agent,docs/SPEC-§22-用户端体验增强.md,source_quote;atomic_assertion,NO,OPEN
UA2-03347,user-agent,docs/SPEC-§22-用户端体验增强.md,source_quote;atomic_assertion,NO,OPEN
UA2-03348,user-agent,docs/SPEC-§22-用户端体验增强.md,source_quote;atomic_assertion,NO,OPEN
UA2-03350,user-agent,docs/SPEC-§22-用户端体验增强.md,source_quote;atomic_assertion,NO,OPEN
UA2-03356,user-agent,docs/SPEC-§22-用户端体验增强.md,source_quote;atomic_assertion,NO,OPEN
UA2-03383,user-agent,docs/SPEC-§22-用户端体验增强.md,source_quote;atomic_assertion,NO,OPEN
UA2-03395,user-agent,docs/SPEC-§22-用户端体验增强.md,source_quote;atomic_assertion,NO,OPEN
UA2-03422,user-agent,docs/SPEC-§22-用户端体验增强.md,source_quote;atomic_assertion,NO,OPEN
UA2-03430,user-agent,docs/SPEC-§22-用户端体验增强.md,source_quote;atomic_assertion,NO,OPEN
UA2-03431,user-agent,docs/SPEC-§22-用户端体验增强.md,source_quote;atomic_assertion,NO,OPEN
UA2-03464,user-agent,docs/SPEC-§22-用户端体验增强.md,source_quote;atomic_assertion,NO,OPEN
UA2-03465,user-agent,docs/SPEC-§22-用户端体验增强.md,source_quote;atomic_assertion,NO,OPEN
UA2-03466,user-agent,docs/SPEC-§22-用户端体验增强.md,source_quote;atomic_assertion,NO,OPEN
UA2-03468,user-agent,docs/SPEC-§22-用户端体验增强.md,source_quote;atomic_assertion,NO,OPEN
UA2-03469,user-agent,docs/SPEC-§22-用户端体验增强.md,source_quote;atomic_assertion,NO,OPEN
UA2-03470,user-agent,docs/SPEC-§22-用户端体验增强.md,source_quote;atomic_assertion,NO,OPEN
UA2-03472,user-agent,docs/SPEC-§22-用户端体验增强.md,source_quote;atomic_assertion,NO,OPEN
UA2-03486,user-agent,docs/SPEC-§22-用户端体验增强.md,source_quote;atomic_assertion,NO,OPEN
UA2-03494,user-agent,docs/SPEC-§22-用户端体验增强.md,source_quote;atomic_assertion,NO,OPEN
UA2-03498,user-agent,docs/SPEC-§22-用户端体验增强.md,source_quote;atomic_assertion,NO,OPEN
UA2-03500,user-agent,docs/SPEC-§22-用户端体验增强.md,source_quote;atomic_assertion,NO,OPEN
UA2-03502,user-agent,docs/SPEC-§22-用户端体验增强.md,source_quote;atomic_assertion,NO,OPEN
UA2-03506,user-agent,docs/SPEC-§22-用户端体验增强.md,source_quote;atomic_assertion,NO,OPEN
UA2-03508,user-agent,docs/SPEC-§22-用户端体验增强.md,source_quote;atomic_assertion,NO,OPEN
UA2-03510,user-agent,docs/SPEC-§22-用户端体验增强.md,source_quote;atomic_assertion,NO,OPEN
UA2-03517,user-agent,docs/SPEC-§22-用户端体验增强.md,source_quote;atomic_assertion,NO,OPEN
UA2-03520,user-agent,docs/SPEC-§22-用户端体验增强.md,source_quote;atomic_assertion,NO,OPEN
UA2-03523,user-agent,docs/SPEC-§22-用户端体验增强.md,source_quote;atomic_assertion,NO,OPEN
UA2-03532,user-agent,docs/SPEC-§22-用户端体验增强.md,source_quote;atomic_assertion,NO,OPEN
UA2-03535,user-agent,docs/SPEC-§22-用户端体验增强.md,source_quote;atomic_assertion,NO,OPEN
UA2-03542,user-agent,docs/SPEC-§22-用户端体验增强.md,source_quote;atomic_assertion,NO,OPEN
UA2-03543,user-agent,docs/SPEC-§22-用户端体验增强.md,source_quote;atomic_assertion,NO,OPEN
UA2-03546,user-agent,docs/SPEC-§22-用户端体验增强.md,source_quote;atomic_assertion,NO,OPEN
UA2-03547,user-agent,docs/SPEC-§22-用户端体验增强.md,source_quote;atomic_assertion,NO,OPEN
UA2-03548,user-agent,docs/SPEC-§22-用户端体验增强.md,source_section;source_quote;atomic_assertion,NO,OPEN
UA2-03549,user-agent,docs/SPEC-§22-用户端体验增强.md,source_section;source_quote;atomic_assertion,NO,OPEN
UA2-03550,user-agent,docs/SPEC-§22-用户端体验增强.md,source_section,NO,OPEN
UA2-03551,user-agent,docs/SPEC-§22-用户端体验增强.md,source_section,NO,OPEN
UA2-03552,user-agent,docs/SPEC-§22-用户端体验增强.md,source_section,NO,OPEN
UA2-03553,user-agent,docs/SPEC-§22-用户端体验增强.md,source_section,NO,OPEN
UA2-03554,user-agent,docs/SPEC-§22-用户端体验增强.md,source_section,NO,OPEN
UA2-03555,user-agent,docs/SPEC-§22-用户端体验增强.md,source_section,NO,OPEN
UA2-03556,user-agent,docs/SPEC-§22-用户端体验增强.md,source_section,NO,OPEN
UA2-03557,user-agent,docs/SPEC-§22-用户端体验增强.md,source_section,NO,OPEN
UA2-03558,user-agent,docs/SPEC-§22-用户端体验增强.md,source_section,NO,OPEN
UA2-03559,user-agent,docs/SPEC-§22-用户端体验增强.md,source_section,NO,OPEN
UA2-03560,user-agent,docs/SPEC-§22-用户端体验增强.md,source_section,NO,OPEN
UA2-03561,user-agent,docs/SPEC-§22-用户端体验增强.md,source_section,NO,OPEN
UA2-03562,user-agent,docs/SPEC-§22-用户端体验增强.md,source_section,NO,OPEN
UA2-03563,user-agent,docs/SPEC-§22-用户端体验增强.md,source_section,NO,OPEN
UA2-03564,user-agent,docs/SPEC-§22-用户端体验增强.md,source_section,NO,OPEN
UA2-03565,user-agent,docs/SPEC-§22-用户端体验增强.md,source_section,NO,OPEN
UA2-03566,user-agent,docs/SPEC-§22-用户端体验增强.md,source_section,NO,OPEN
UA2-03567,user-agent,docs/SPEC-§22-用户端体验增强.md,source_section;source_quote;atomic_assertion,NO,OPEN
UA2-03568,user-agent,docs/SPEC-§22-用户端体验增强.md,source_section;source_quote;atomic_assertion,NO,OPEN
UA2-03569,user-agent,docs/SPEC-§22-用户端体验增强.md,source_section;source_quote;atomic_assertion,NO,OPEN
UA2-03570,user-agent,docs/SPEC-§22-用户端体验增强.md,source_section;source_quote;atomic_assertion,NO,OPEN
UA2-03571,user-agent,docs/SPEC-§22-用户端体验增强.md,source_section;source_quote;atomic_assertion,NO,OPEN
UA2-03572,user-agent,docs/SPEC-§22-用户端体验增强.md,source_section;source_quote;atomic_assertion,NO,OPEN
UA2-03573,user-agent,docs/SPEC-§22-用户端体验增强.md,source_section;source_quote;atomic_assertion,NO,OPEN
UA2-03574,user-agent,docs/SPEC-§22-用户端体验增强.md,source_section;source_quote;atomic_assertion,NO,OPEN
UA2-03575,user-agent,docs/SPEC-§22-用户端体验增强.md,source_section;source_quote;atomic_assertion,NO,OPEN
UA2-03576,user-agent,docs/SPEC-§22-用户端体验增强.md,source_section;source_quote;atomic_assertion,NO,OPEN
UA2-03577,user-agent,docs/SPEC-§22-用户端体验增强.md,source_section;source_quote;atomic_assertion,NO,OPEN
UA2-03578,user-agent,docs/SPEC-§22-用户端体验增强.md,source_section;source_quote;atomic_assertion,NO,OPEN
UA2-03579,user-agent,docs/SPEC-§22-用户端体验增强.md,source_section;source_quote;atomic_assertion,NO,OPEN
UA2-03580,user-agent,docs/SPEC-§22-用户端体验增强.md,source_section;source_quote;atomic_assertion,NO,OPEN
UA2-03581,user-agent,docs/SPEC-§22-用户端体验增强.md,source_section;source_quote;atomic_assertion,NO,OPEN
UA2-03582,user-agent,docs/SPEC-§22-用户端体验增强.md,source_section;source_quote;atomic_assertion,NO,OPEN
UA2-03583,user-agent,docs/SPEC-§22-用户端体验增强.md,source_section;source_quote;atomic_assertion,NO,OPEN
UA2-03584,user-agent,docs/SPEC-§22-用户端体验增强.md,source_section;source_quote;atomic_assertion,NO,OPEN
UA2-03585,user-agent,docs/SPEC-§22-用户端体验增强.md,source_section,NO,OPEN
UA2-03586,user-agent,docs/SPEC-§22-用户端体验增强.md,source_section,NO,OPEN
UA2-03587,user-agent,docs/SPEC-§22-用户端体验增强.md,source_section,NO,OPEN
UA2-03588,user-agent,docs/SPEC-§22-用户端体验增强.md,source_section,NO,OPEN
UA2-03589,user-agent,docs/SPEC-§22-用户端体验增强.md,source_section;source_quote;atomic_assertion,NO,OPEN
UA2-03590,user-agent,docs/SPEC-§22-用户端体验增强.md,source_section,NO,OPEN
UA2-03591,user-agent,docs/SPEC-§22-用户端体验增强.md,source_section,NO,OPEN
UA2-03592,user-agent,docs/SPEC-§22-用户端体验增强.md,source_section;source_quote;atomic_assertion,NO,OPEN
UA2-03593,user-agent,docs/SPEC-§22-用户端体验增强.md,source_section,NO,OPEN
UA2-03594,user-agent,docs/SPEC-§22-用户端体验增强.md,source_section,NO,OPEN
UA2-03595,user-agent,docs/SPEC-§22-用户端体验增强.md,source_section;source_quote;atomic_assertion,NO,OPEN
UA2-03596,user-agent,docs/SPEC-§22-用户端体验增强.md,source_section,NO,OPEN
UA2-03597,user-agent,docs/SPEC-§22-用户端体验增强.md,source_section,NO,OPEN
UA2-03598,user-agent,docs/SPEC-§22-用户端体验增强.md,source_section,NO,OPEN
UA2-03599,user-agent,docs/SPEC-§22-用户端体验增强.md,source_section,NO,OPEN
UA2-03600,user-agent,docs/SPEC-§22-用户端体验增强.md,source_section,NO,OPEN
UA2-03601,user-agent,docs/SPEC-§22-用户端体验增强.md,source_section,NO,OPEN
UA2-03602,user-agent,docs/SPEC-§22-用户端体验增强.md,source_section,NO,OPEN
UA2-03603,user-agent,docs/SPEC-§22-用户端体验增强.md,source_section,NO,OPEN
UA2-03604,user-agent,docs/SPEC-§22-用户端体验增强.md,source_section,NO,OPEN
UA2-03605,user-agent,docs/SPEC-§22-用户端体验增强.md,source_section,NO,OPEN
UA2-03606,user-agent,docs/SPEC-§22-用户端体验增强.md,source_section,NO,OPEN
UA2-03607,user-agent,docs/SPEC-§22-用户端体验增强.md,source_section,NO,OPEN
UA2-03608,user-agent,docs/SPEC-§22-用户端体验增强.md,source_section,NO,OPEN
UA2-03609,user-agent,docs/SPEC-§22-用户端体验增强.md,source_section,NO,OPEN
UA2-03610,user-agent,docs/SPEC-§22-用户端体验增强.md,source_section,NO,OPEN
UA2-03611,user-agent,docs/SPEC-§22-用户端体验增强.md,source_section,NO,OPEN
UA2-03612,user-agent,docs/SPEC-§22-用户端体验增强.md,source_section,NO,OPEN
UA2-03613,user-agent,docs/SPEC-§22-用户端体验增强.md,source_section,NO,OPEN
UA2-03614,user-agent,docs/SPEC-§22-用户端体验增强.md,source_section,NO,OPEN
UA2-03615,user-agent,docs/SPEC-§22-用户端体验增强.md,source_section,NO,OPEN
UA2-03616,user-agent,docs/SPEC-§22-用户端体验增强.md,source_section,NO,OPEN
UA2-03617,user-agent,docs/SPEC-§22-用户端体验增强.md,source_section;source_quote;atomic_assertion,NO,OPEN
UA2-03618,user-agent,docs/SPEC-§22-用户端体验增强.md,source_section;source_quote;atomic_assertion,NO,OPEN
UA2-03619,user-agent,docs/SPEC-§22-用户端体验增强.md,source_section,NO,OPEN
UA2-03620,user-agent,docs/SPEC-§22-用户端体验增强.md,source_section;source_quote;atomic_assertion,NO,OPEN
UA2-03621,user-agent,docs/SPEC-§22-用户端体验增强.md,source_section;source_quote;atomic_assertion,NO,OPEN
UA2-03622,user-agent,docs/SPEC-§22-用户端体验增强.md,source_section;source_quote;atomic_assertion,NO,OPEN
UA2-03623,user-agent,docs/SPEC-§22-用户端体验增强.md,source_section;source_quote;atomic_assertion,NO,OPEN
UA2-03624,user-agent,docs/SPEC-§22-用户端体验增强.md,source_section;source_quote;atomic_assertion,NO,OPEN
UA2-03658,user-agent,docs/SPEC-§22-用户端体验增强.md,source_quote;atomic_assertion,NO,OPEN
UA2-03660,user-agent,docs/SPEC-§22-用户端体验增强.md,source_quote;atomic_assertion,NO,OPEN
UA2-03667,user-agent,docs/SPEC-§22-用户端体验增强.md,source_quote;atomic_assertion,NO,OPEN
UA2-03669,user-agent,docs/SPEC-§22-用户端体验增强.md,source_quote;atomic_assertion,NO,OPEN
UA2-03703,user-agent,docs/SPEC-§22-用户端体验增强.md,source_quote;atomic_assertion,NO,OPEN
UA2-03711,user-agent,docs/SPEC-§22-用户端体验增强.md,source_quote;atomic_assertion,NO,OPEN
UA2-03712,user-agent,docs/SPEC-§22-用户端体验增强.md,source_quote;atomic_assertion,NO,OPEN
UA2-03713,user-agent,docs/SPEC-§22-用户端体验增强.md,source_quote;atomic_assertion,NO,OPEN
UA2-03714,user-agent,docs/SPEC-§22-用户端体验增强.md,source_quote;atomic_assertion,NO,OPEN
UA2-03716,user-agent,docs/SPEC-§22-用户端体验增强.md,source_quote;atomic_assertion,NO,OPEN
UA2-03718,user-agent,docs/SPEC-§22-用户端体验增强.md,source_quote;atomic_assertion,NO,OPEN
UA2-03719,user-agent,docs/SPEC-§22-用户端体验增强.md,source_quote;atomic_assertion,NO,OPEN
UA2-03720,user-agent,docs/SPEC-§22-用户端体验增强.md,source_quote;atomic_assertion,NO,OPEN
UA2-03721,user-agent,docs/SPEC-§22-用户端体验增强.md,source_quote;atomic_assertion,NO,OPEN
UA2-03722,user-agent,docs/SPEC-§22-用户端体验增强.md,source_quote;atomic_assertion,NO,OPEN
UA2-03724,user-agent,docs/SPEC-§22-用户端体验增强.md,source_quote;atomic_assertion,NO,OPEN
UA2-03726,user-agent,docs/SPEC-§22-用户端体验增强.md,source_quote;atomic_assertion,NO,OPEN
UA2-03728,user-agent,docs/SPEC-§22-用户端体验增强.md,source_quote;atomic_assertion,NO,OPEN
UA2-03730,user-agent,docs/SPEC-§22-用户端体验增强.md,source_quote;atomic_assertion,NO,OPEN
UA2-03732,user-agent,docs/SPEC-§22-用户端体验增强.md,source_quote;atomic_assertion,NO,OPEN
UA2-03747,user-agent,docs/SPEC-§22-用户端体验增强.md,source_quote;atomic_assertion,NO,OPEN
UA2-03750,user-agent,docs/SPEC-§22-用户端体验增强.md,source_quote;atomic_assertion,NO,OPEN
UA2-03758,user-agent,docs/SPEC-§22-用户端体验增强.md,source_quote;atomic_assertion,NO,OPEN
UA2-03762,user-agent,docs/SPEC-§22-用户端体验增强.md,source_quote;atomic_assertion,NO,OPEN
UA2-03766,user-agent,docs/SPEC-§22-用户端体验增强.md,source_quote;atomic_assertion,NO,OPEN
UA2-03770,user-agent,docs/SPEC-§22-用户端体验增强.md,source_quote;atomic_assertion,NO,OPEN
UA2-03774,user-agent,docs/SPEC-§22-用户端体验增强.md,source_quote;atomic_assertion,NO,OPEN
UA2-03777,user-agent,docs/SPEC-§22-用户端体验增强.md,source_quote;atomic_assertion,NO,OPEN
UA2-03797,user-agent,docs/SPEC-§22-用户端体验增强.md,source_quote;atomic_assertion,NO,OPEN
UA2-03818,user-agent,docs/SPEC-§22-用户端体验增强.md,source_quote;atomic_assertion,NO,OPEN
UA2-03819,user-agent,docs/SPEC-§22-用户端体验增强.md,source_quote;atomic_assertion,NO,OPEN
UA2-03821,user-agent,docs/SPEC-§22-用户端体验增强.md,source_quote;atomic_assertion,NO,OPEN
UA2-03826,user-agent,docs/SPEC-§22-用户端体验增强.md,source_quote;atomic_assertion,NO,OPEN
UA2-03827,user-agent,docs/SPEC-§22-用户端体验增强.md,source_quote;atomic_assertion,NO,OPEN
UA2-03829,user-agent,docs/SPEC-§22-用户端体验增强.md,source_quote;atomic_assertion,NO,OPEN
UA2-03830,user-agent,docs/SPEC-§22-用户端体验增强.md,source_quote;atomic_assertion,NO,OPEN
UA2-03832,user-agent,docs/SPEC-§22-用户端体验增强.md,source_quote;atomic_assertion,NO,OPEN
UA2-03833,user-agent,docs/SPEC-§22-用户端体验增强.md,source_quote;atomic_assertion,NO,OPEN
UA2-03845,user-agent,docs/SPEC-§22-用户端体验增强.md,source_quote;atomic_assertion,NO,OPEN
UA2-03846,user-agent,docs/SPEC-§22-用户端体验增强.md,source_quote;atomic_assertion,NO,OPEN
UA2-03847,user-agent,docs/SPEC-§22-用户端体验增强.md,source_quote;atomic_assertion,NO,OPEN
UA2-03894,user-agent,docs/SPEC-§22-用户端体验增强.md,source_quote;atomic_assertion,NO,OPEN
UA2-03895,user-agent,docs/SPEC-§22-用户端体验增强.md,source_quote;atomic_assertion,NO,OPEN
UA2-03898,user-agent,docs/SPEC-§22-用户端体验增强.md,source_quote;atomic_assertion,NO,OPEN
UA2-03899,user-agent,docs/SPEC-§22-用户端体验增强.md,source_quote;atomic_assertion,NO,OPEN
UA2-03900,user-agent,docs/SPEC-§22-用户端体验增强.md,source_quote;atomic_assertion,NO,OPEN
UA2-03905,user-agent,docs/SPEC-§22-用户端体验增强.md,source_quote;atomic_assertion,NO,OPEN
UA2-03907,user-agent,docs/SPEC-§22-用户端体验增强.md,source_quote;atomic_assertion,NO,OPEN
UA2-03908,user-agent,docs/SPEC-§22-用户端体验增强.md,source_quote;atomic_assertion,NO,OPEN
UA2-03909,user-agent,docs/SPEC-§22-用户端体验增强.md,source_quote;atomic_assertion,NO,OPEN
UA2-03910,user-agent,docs/SPEC-§22-用户端体验增强.md,source_quote;atomic_assertion,NO,OPEN
UA2-03926,user-agent,docs/SPEC-§22-用户端体验增强.md,source_quote;atomic_assertion,NO,OPEN
UA2-03930,user-agent,docs/SPEC-§22-用户端体验增强.md,source_quote;atomic_assertion,NO,OPEN
UA2-03931,user-agent,docs/SPEC-§22-用户端体验增强.md,source_quote;atomic_assertion,NO,OPEN
UA2-03935,user-agent,docs/SPEC-§22-用户端体验增强.md,source_quote;atomic_assertion,NO,OPEN
UA2-03953,user-agent,docs/SPEC-§22-用户端体验增强.md,source_quote;atomic_assertion,NO,OPEN
UA2-04120,user-agent,docs/SPEC-§24-代理商增强.md,,YES,OPEN
UA2-04179,user-agent,docs/SPEC-§25-供应商增强.md,,YES,OPEN
UA2-04690,user-agent,docs/ref-2.2.2-model-center.md,,YES,OPEN
UA2-05126,user-agent,docs/ref-2.2.8-redemption-invoices.md,,YES,OPEN
UA2-05409,user-agent,docs/ref-3-agent-system.md,,YES,OPEN
UA2-05661,user-agent,docs/ref-24-agent-enhance.md,,YES,OPEN
UA2-05741,user-agent,docs/ref-30-permission-management.md,,YES,OPEN
UA2-05895,user-agent,docs/ref-11.1-crm.md,,YES,OPEN
UA2-06277,user-agent,docs/ref-11.5-performance.md,source_quote;atomic_assertion,NO,OPEN
UA2-06278,user-agent,docs/ref-11.5-performance.md,source_quote;atomic_assertion,NO,OPEN
UA2-06279,user-agent,docs/ref-11.5-performance.md,source_quote;atomic_assertion,NO,OPEN
UA2-06280,user-agent,docs/ref-11.5-performance.md,source_quote;atomic_assertion,NO,OPEN
UA2-06281,user-agent,docs/ref-11.5-performance.md,source_quote;atomic_assertion,NO,OPEN
UA2-06282,user-agent,docs/ref-11.5-performance.md,source_quote;atomic_assertion,NO,OPEN
UA2-06283,user-agent,docs/ref-11.5-performance.md,source_quote;atomic_assertion,NO,OPEN
UA2-06292,user-agent,docs/ref-11.5-performance.md,source_quote;atomic_assertion,NO,OPEN
UA2-06328,user-agent,docs/ref-11.5-performance.md,source_quote;atomic_assertion,NO,OPEN
UA2-06338,user-agent,docs/ref-11.5-performance.md,source_quote;atomic_assertion,NO,OPEN
UA2-06349,user-agent,docs/ref-11.6-quote-contract.md,source_quote;atomic_assertion,NO,OPEN
UA2-06350,user-agent,docs/ref-11.6-quote-contract.md,source_quote;atomic_assertion,NO,OPEN
UA2-06351,user-agent,docs/ref-11.6-quote-contract.md,source_quote;atomic_assertion,NO,OPEN
UA2-06352,user-agent,docs/ref-11.6-quote-contract.md,source_quote;atomic_assertion,NO,OPEN
UA2-06353,user-agent,docs/ref-11.6-quote-contract.md,source_quote;atomic_assertion,NO,OPEN
UA2-06354,user-agent,docs/ref-11.6-quote-contract.md,source_quote;atomic_assertion,NO,OPEN
UA2-06359,user-agent,docs/ref-11.6-quote-contract.md,source_quote;atomic_assertion,NO,OPEN
UA2-06363,user-agent,docs/ref-11.6-quote-contract.md,source_quote;atomic_assertion,NO,OPEN
UA2-06365,user-agent,docs/ref-11.6-quote-contract.md,source_quote;atomic_assertion,NO,OPEN
UA2-06373,user-agent,docs/ref-11.6-quote-contract.md,source_quote;atomic_assertion,NO,OPEN
UA2-06377,user-agent,docs/ref-11.6-quote-contract.md,source_quote;atomic_assertion,NO,OPEN
UA2-06383,user-agent,docs/ref-11.6-quote-contract.md,source_quote;atomic_assertion,NO,OPEN
UA2-06393,user-agent,docs/ref-11.6-quote-contract.md,source_quote;atomic_assertion,NO,OPEN
UA2-06394,user-agent,docs/ref-11.6-quote-contract.md,source_quote;atomic_assertion,NO,OPEN
UA2-06395,user-agent,docs/ref-11.6-quote-contract.md,source_quote;atomic_assertion,NO,OPEN
UA2-06406,user-agent,docs/ref-11.6-quote-contract.md,source_quote;atomic_assertion,NO,OPEN
UA2-06440,user-agent,docs/ref-11.6-quote-contract.md,source_quote;atomic_assertion,NO,OPEN
UA2-06447,user-agent,docs/ref-11.6-quote-contract.md,source_quote;atomic_assertion,NO,OPEN
UA2-06448,user-agent,docs/ref-11.6-quote-contract.md,source_quote;atomic_assertion,NO,OPEN
UA2-06453,user-agent,docs/ref-11.6-quote-contract.md,source_quote;atomic_assertion,NO,OPEN
UA2-06454,user-agent,docs/ref-11.6-quote-contract.md,source_quote;atomic_assertion,NO,OPEN
UA2-06455,user-agent,docs/ref-11.6-quote-contract.md,source_quote;atomic_assertion,NO,OPEN
UA2-06456,user-agent,docs/ref-11.6-quote-contract.md,source_quote;atomic_assertion,NO,OPEN
UA2-06461,user-agent,docs/ref-11.6-quote-contract.md,source_quote;atomic_assertion,NO,OPEN
UA2-06462,user-agent,docs/ref-11.6-quote-contract.md,source_quote;atomic_assertion,NO,OPEN
UA2-06465,user-agent,docs/ref-11.6-quote-contract.md,source_quote;atomic_assertion,NO,OPEN
UA2-06472,user-agent,docs/ref-11.6-quote-contract.md,source_section,NO,OPEN
UA2-06473,user-agent,docs/ref-11.6-quote-contract.md,source_section,NO,OPEN
UA2-06474,user-agent,docs/ref-11.6-quote-contract.md,source_section;source_quote;atomic_assertion,NO,OPEN
UA2-06475,user-agent,docs/ref-11.6-quote-contract.md,source_section,NO,OPEN
UA2-06476,user-agent,docs/ref-11.6-quote-contract.md,source_section,NO,OPEN
UA2-06477,user-agent,docs/ref-11.6-quote-contract.md,source_section;source_quote;atomic_assertion,NO,OPEN
UA2-06478,user-agent,docs/ref-11.6-quote-contract.md,source_section,NO,OPEN
UA2-06479,user-agent,docs/ref-11.6-quote-contract.md,source_section,NO,OPEN
UA2-06480,user-agent,docs/ref-11.6-quote-contract.md,source_section,NO,OPEN
UA2-06481,user-agent,docs/ref-11.6-quote-contract.md,source_section,NO,OPEN
UA2-06483,user-agent,docs/ref-11.6-quote-contract.md,source_section,NO,OPEN
UA2-06484,user-agent,docs/ref-11.6-quote-contract.md,source_section,NO,OPEN
UA2-06485,user-agent,docs/ref-11.6-quote-contract.md,source_section,NO,OPEN
UA2-06486,user-agent,docs/ref-11.6-quote-contract.md,source_section,NO,OPEN
UA2-06487,user-agent,docs/ref-11.6-quote-contract.md,source_section,NO,OPEN
UA2-06488,user-agent,docs/ref-11.6-quote-contract.md,source_section,NO,OPEN
UA2-06489,user-agent,docs/ref-11.6-quote-contract.md,source_section,NO,OPEN
UA2-06490,user-agent,docs/ref-11.6-quote-contract.md,source_section;source_quote;atomic_assertion,NO,OPEN
UA2-06491,user-agent,docs/ref-11.6-quote-contract.md,source_section,NO,OPEN
UA2-06492,user-agent,docs/ref-11.6-quote-contract.md,source_section,NO,OPEN
UA2-06493,user-agent,docs/ref-11.6-quote-contract.md,source_section,NO,OPEN
UA2-06494,user-agent,docs/ref-11.6-quote-contract.md,source_section,NO,OPEN
UA2-06495,user-agent,docs/ref-11.6-quote-contract.md,source_section,NO,OPEN
UA2-06496,user-agent,docs/ref-11.6-quote-contract.md,source_section,NO,OPEN
UA2-06497,user-agent,docs/ref-11.6-quote-contract.md,source_section,NO,OPEN
UA2-06499,user-agent,docs/ref-11.6-quote-contract.md,source_section,NO,OPEN
UA2-06500,user-agent,docs/ref-11.6-quote-contract.md,source_section,NO,OPEN
UA2-06501,user-agent,docs/ref-11.6-quote-contract.md,source_section,NO,OPEN
UA2-06502,user-agent,docs/ref-11.6-quote-contract.md,source_section,NO,OPEN
UA2-06503,user-agent,docs/ref-11.6-quote-contract.md,source_section,NO,OPEN
UA2-06505,user-agent,docs/ref-11.6-quote-contract.md,source_section,NO,OPEN
UA2-06506,user-agent,docs/ref-11.6-quote-contract.md,source_section,NO,OPEN
UA2-06507,user-agent,docs/ref-11.6-quote-contract.md,source_section,NO,OPEN
UA2-06508,user-agent,docs/ref-11.6-quote-contract.md,source_section,NO,OPEN
UA2-06509,user-agent,docs/ref-11.6-quote-contract.md,source_section,NO,OPEN
UA2-06511,user-agent,docs/ref-11.6-quote-contract.md,source_section,NO,OPEN
UA2-06512,user-agent,docs/ref-11.6-quote-contract.md,source_section,NO,OPEN
UA2-06513,user-agent,docs/ref-11.6-quote-contract.md,source_section,NO,OPEN
UA2-06514,user-agent,docs/ref-11.6-quote-contract.md,source_section,NO,OPEN
UA2-06515,user-agent,docs/ref-11.6-quote-contract.md,source_section,NO,OPEN
UA2-06516,user-agent,docs/ref-11.6-quote-contract.md,source_section,NO,OPEN
UA2-06517,user-agent,docs/ref-11.6-quote-contract.md,source_section,NO,OPEN
UA2-06518,user-agent,docs/ref-11.6-quote-contract.md,source_section,NO,OPEN
UA2-06519,user-agent,docs/ref-11.6-quote-contract.md,source_section,NO,OPEN
UA2-06520,user-agent,docs/ref-11.6-quote-contract.md,source_section,NO,OPEN
UA2-06521,user-agent,docs/ref-11.6-quote-contract.md,source_section,NO,OPEN
UA2-06522,user-agent,docs/ref-11.6-quote-contract.md,source_section,NO,OPEN
UA2-06523,user-agent,docs/ref-11.6-quote-contract.md,source_section,NO,OPEN
UA2-06524,user-agent,docs/ref-11.6-quote-contract.md,source_section,NO,OPEN
UA2-06525,user-agent,docs/ref-11.6-quote-contract.md,source_section,NO,OPEN
UA2-06526,user-agent,docs/ref-11.6-quote-contract.md,source_section,NO,OPEN
UA2-06527,user-agent,docs/ref-11.6-quote-contract.md,source_section,NO,OPEN
UA2-06528,user-agent,docs/ref-11.6-quote-contract.md,source_section,NO,OPEN
UA2-06529,user-agent,docs/ref-11.6-quote-contract.md,source_section,NO,OPEN
UA2-06531,user-agent,docs/ref-11.6-quote-contract.md,source_section,NO,OPEN
UA2-06532,user-agent,docs/ref-11.6-quote-contract.md,source_section,NO,OPEN
UA2-06533,user-agent,docs/ref-11.6-quote-contract.md,source_section,NO,OPEN
UA2-06534,user-agent,docs/ref-11.6-quote-contract.md,source_section,NO,OPEN
UA2-06535,user-agent,docs/ref-11.6-quote-contract.md,source_section,NO,OPEN
UA2-06537,user-agent,docs/ref-11.6-quote-contract.md,source_section,NO,OPEN
UA2-06538,user-agent,docs/ref-11.6-quote-contract.md,source_section,NO,OPEN
UA2-06539,user-agent,docs/ref-11.6-quote-contract.md,source_section,NO,OPEN
UA2-06540,user-agent,docs/ref-11.6-quote-contract.md,source_section;source_quote;atomic_assertion,NO,OPEN
UA2-06541,user-agent,docs/ref-11.6-quote-contract.md,source_section,NO,OPEN
UA2-06542,user-agent,docs/ref-11.6-quote-contract.md,source_section,NO,OPEN
UA2-06543,user-agent,docs/ref-11.6-quote-contract.md,source_section;source_quote;atomic_assertion,NO,OPEN
UA2-06544,user-agent,docs/ref-11.6-quote-contract.md,source_section;source_quote;atomic_assertion,NO,OPEN
UA2-06545,user-agent,docs/ref-11.6-quote-contract.md,source_section,NO,OPEN
UA2-06546,user-agent,docs/ref-11.6-quote-contract.md,source_section,NO,OPEN
UA2-06547,user-agent,docs/ref-11.6-quote-contract.md,source_section,NO,OPEN
UA2-06548,user-agent,docs/ref-11.6-quote-contract.md,source_section,NO,OPEN
UA2-06550,user-agent,docs/ref-11.6-quote-contract.md,source_section,NO,OPEN
UA2-06551,user-agent,docs/ref-11.6-quote-contract.md,source_section,NO,OPEN
UA2-06553,user-agent,docs/ref-11.6-quote-contract.md,source_section,NO,OPEN
UA2-06554,user-agent,docs/ref-11.6-quote-contract.md,source_section,NO,OPEN
UA2-06555,user-agent,docs/ref-11.6-quote-contract.md,source_section,NO,OPEN
UA2-06556,user-agent,docs/ref-11.6-quote-contract.md,source_section,NO,OPEN
UA2-06557,user-agent,docs/ref-11.6-quote-contract.md,source_section,NO,OPEN
UA2-06558,user-agent,docs/ref-11.6-quote-contract.md,source_section,NO,OPEN
UA2-06559,user-agent,docs/ref-11.6-quote-contract.md,source_section,NO,OPEN
UA2-06560,user-agent,docs/ref-11.6-quote-contract.md,source_section,NO,OPEN
UA2-06561,user-agent,docs/ref-11.6-quote-contract.md,source_section,NO,OPEN
UA2-06562,user-agent,docs/ref-11.6-quote-contract.md,source_section,NO,OPEN
UA2-06563,user-agent,docs/ref-11.6-quote-contract.md,source_section,NO,OPEN
UA2-06564,user-agent,docs/ref-11.6-quote-contract.md,source_section,NO,OPEN
UA2-06565,user-agent,docs/ref-11.6-quote-contract.md,source_section,NO,OPEN
UA2-06566,user-agent,docs/ref-11.6-quote-contract.md,source_section,NO,OPEN
UA2-06568,user-agent,docs/ref-11.6-quote-contract.md,source_section,NO,OPEN
UA2-06569,user-agent,docs/ref-11.6-quote-contract.md,source_section,NO,OPEN
UA2-06570,user-agent,docs/ref-11.6-quote-contract.md,source_section,NO,OPEN
UA2-06571,user-agent,docs/ref-11.6-quote-contract.md,source_section,NO,OPEN
UA2-06572,user-agent,docs/ref-11.6-quote-contract.md,source_section;source_quote;atomic_assertion,NO,OPEN
UA2-06573,user-agent,docs/ref-11.6-quote-contract.md,source_section,NO,OPEN
UA2-06574,user-agent,docs/ref-11.6-quote-contract.md,source_section,NO,OPEN
UA2-06575,user-agent,docs/ref-11.6-quote-contract.md,source_section,NO,OPEN
UA2-06576,user-agent,docs/ref-11.6-quote-contract.md,source_section,NO,OPEN
UA2-06578,user-agent,docs/ref-11.6-quote-contract.md,source_section,NO,OPEN
UA2-06579,user-agent,docs/ref-11.6-quote-contract.md,source_section,NO,OPEN
UA2-06581,user-agent,docs/ref-11.6-quote-contract.md,source_section,NO,OPEN
UA2-06582,user-agent,docs/ref-11.6-quote-contract.md,source_section,NO,OPEN
UA2-06584,user-agent,docs/ref-11.6-quote-contract.md,source_section,NO,OPEN
UA2-06585,user-agent,docs/ref-11.6-quote-contract.md,source_section,NO,OPEN
UA2-06587,user-agent,docs/ref-11.6-quote-contract.md,source_section,NO,OPEN
UA2-06626,user-agent,docs/ref-11.6-quote-contract.md,source_quote;atomic_assertion,NO,OPEN
UA2-06659,user-agent,docs/ref-11.6-quote-contract.md,source_quote;atomic_assertion,NO,OPEN
UA2-06661,user-agent,docs/ref-11.6-quote-contract.md,source_quote;atomic_assertion,NO,OPEN
UA2-06663,user-agent,docs/ref-11.6-quote-contract.md,source_quote;atomic_assertion,NO,OPEN
UA2-06665,user-agent,docs/ref-11.6-quote-contract.md,source_quote;atomic_assertion,NO,OPEN
UA2-06667,user-agent,docs/ref-11.6-quote-contract.md,source_quote;atomic_assertion,NO,OPEN
UA2-06669,user-agent,docs/ref-11.6-quote-contract.md,source_quote;atomic_assertion,NO,OPEN
UA2-06671,user-agent,docs/ref-11.6-quote-contract.md,source_quote;atomic_assertion,NO,OPEN
UA2-06673,user-agent,docs/ref-11.6-quote-contract.md,source_quote;atomic_assertion,NO,OPEN
UA2-06675,user-agent,docs/ref-11.6-quote-contract.md,source_quote;atomic_assertion,NO,OPEN
UA2-06677,user-agent,docs/ref-11.6-quote-contract.md,source_quote;atomic_assertion,NO,OPEN
UA2-06679,user-agent,docs/ref-11.6-quote-contract.md,source_quote;atomic_assertion,NO,OPEN
UA2-06686,user-agent,docs/ref-11.6-quote-contract.md,source_quote;atomic_assertion,NO,OPEN
UA2-06687,user-agent,docs/ref-11.6-quote-contract.md,source_quote;atomic_assertion,NO,OPEN
UA2-06688,user-agent,docs/ref-11.6-quote-contract.md,source_quote;atomic_assertion,NO,OPEN
UA2-06692,user-agent,docs/ref-11.6-quote-contract.md,source_quote;atomic_assertion,NO,OPEN
UA2-06698,user-agent,docs/ref-11.6-quote-contract.md,source_quote;atomic_assertion,NO,OPEN
UA2-06700,user-agent,docs/ref-11.6-quote-contract.md,source_quote;atomic_assertion,NO,OPEN
UA2-07073,user-agent,docs/ref-11.8-team-collaboration.md,,YES,OPEN
