req_id,domain,source_path,source_section,source_quote,category,priority,atomic_assertion,expected_evidence,notes
REQ-CF-00001,core-finance,docs/PRD-核心引擎.md,5.1 鏅鸿兘璺敱绯荤粺,馃搸 **娣卞寲鍙傝€?*锛歔`docs/ref-5.1-routing.md`](ref-5.1-routing.md) 鈥?鍚矾鐢辩瓥鐣ョ鐞?API銆佺啍鏂櫒閰嶇疆鎸佷箙鍖栵紙鏂拌〃 Schema锛夈€佹墜鍔ㄨ鐩栨満鍒躲€佽矾鐢辨帹鑽愬垎鏋愮紦瀛樸€佽矾鐢遍厤缃鐞嗛〉闈㈠畬鏁磋鏍硷紙鍥涗釜椤电鐨勭粍浠?Props锛夈€佷氦鍙夊紩鐢ㄤ笌璋冪敤閾?,api,P1,馃搸 **娣卞寲鍙傝€?*锛歔`docs/ref-5.1-routing.md`](ref-5.1-routing.md) 鈥?鍚矾鐢辩瓥鐣ョ鐞?API銆佺啍鏂櫒閰嶇疆鎸佷箙鍖栵紙鏂拌〃 Schema锛夈€佹墜鍔ㄨ鐩栨満鍒躲€佽矾鐢辨帹鑽愬垎鏋愮紦瀛樸€佽矾鐢遍厤缃鐞嗛〉闈㈠畬鏁磋鏍硷紙鍥涗釜椤电鐨勭粍浠?Props锛夈€佷氦鍙夊紩鐢ㄤ笌璋冪敤閾?,源码路径+行号、对应运行测试或数据库/Redis/队列证据,N/A：原审计记录未提供补充依据；待复核源码、测试及运行证据。
REQ-CF-00002,core-finance,docs/PRD-核心引擎.md,5.1.2 璐熻浇鍧囪　绠楁硶锛圥2锛?,#### 5.1.2 璐熻浇鍧囪　绠楁硶锛圥2锛?,logic,P1,**鍔犳潈杞瀹炵幇**,源码路径+行号、对应运行测试或数据库/Redis/队列证据,N/A：原审计记录未提供补充依据；待复核源码、测试及运行证据。
REQ-CF-00003,core-finance,docs/PRD-核心引擎.md,5.1.2 璐熻浇鍧囪　绠楁硶锛圥2锛?,#### 5.1.2 璐熻浇鍧囪　绠楁硶锛圥2锛?,logic,P1,**鏈€灏戣繛鎺ヤ紭鍏?*,源码路径+行号、对应运行测试或数据库/Redis/队列证据,N/A：原审计记录未提供补充依据；待复核源码、测试及运行证据。
REQ-CF-00004,core-finance,docs/PRD-核心引擎.md,5.1.3 鐔旀柇鍣ㄧ姸鎬佹満锛圥2锛?,#### 5.1.3 鐔旀柇鍣ㄧ姸鎬佹満锛圥2锛?,logic,P1,**鐔旀柇閰嶇疆鍙傛暟**,源码路径+行号、对应运行测试或数据库/Redis/队列证据,N/A：原审计记录未提供补充依据；待复核源码、测试及运行证据。
REQ-CF-00005,core-finance,docs/PRD-核心引擎.md,5.1.3 鐔旀柇鍣ㄧ姸鎬佹満锛圥2锛?,#### 5.1.3 鐔旀柇鍣ㄧ姸鎬佹満锛圥2锛?,logic,P1,鍙傛暟应满足：澶辫触闃堝€?,源码路径+行号、对应运行测试或数据库/Redis/队列证据,表格单元格已拆为单一字段断言
REQ-CF-00006,core-finance,docs/PRD-核心引擎.md,5.1.3 鐔旀柇鍣ㄧ姸鎬佹満锛圥2锛?,#### 5.1.3 鐔旀柇鍣ㄧ姸鎬佹満锛圥2锛?,logic,P1,榛樿鍊?应满足：5 娆?,源码路径+行号、对应运行测试或数据库/Redis/队列证据,表格单元格已拆为单一字段断言
REQ-CF-00007,core-finance,docs/PRD-核心引擎.md,5.1.3 鐔旀柇鍣ㄧ姸鎬佹満锛圥2锛?,#### 5.1.3 鐔旀柇鍣ㄧ姸鎬佹満锛圥2锛?,logic,P1,璇存槑应满足：杩炵画澶辫触娆℃暟杈炬鍊艰Е鍙戝崐寮€,源码路径+行号、对应运行测试或数据库/Redis/队列证据,表格单元格已拆为单一字段断言
REQ-CF-00008,core-finance,docs/PRD-核心引擎.md,5.1.3 鐔旀柇鍣ㄧ姸鎬佹満锛圥2锛?,#### 5.1.3 鐔旀柇鍣ㄧ姸鎬佹満锛圥2锛?,logic,P1,鍙傛暟应满足：鐔旀柇瓒呮椂,源码路径+行号、对应运行测试或数据库/Redis/队列证据,表格单元格已拆为单一字段断言
REQ-CF-00009,core-finance,docs/PRD-核心引擎.md,5.1.3 鐔旀柇鍣ㄧ姸鎬佹満锛圥2锛?,#### 5.1.3 鐔旀柇鍣ㄧ姸鎬佹満锛圥2锛?,logic,P1,榛樿鍊?应满足：30 绉?,源码路径+行号、对应运行测试或数据库/Redis/队列证据,表格单元格已拆为单一字段断言
REQ-CF-00010,core-finance,docs/PRD-核心引擎.md,5.1.3 鐔旀柇鍣ㄧ姸鎬佹満锛圥2锛?,#### 5.1.3 鐔旀柇鍣ㄧ姸鎬佹満锛圥2锛?,logic,P1,璇存槑应满足：鍏ㄥ紑鐘舵€佷笅绛夊緟澶氫箙杩涘叆鍗婂紑,源码路径+行号、对应运行测试或数据库/Redis/队列证据,表格单元格已拆为单一字段断言
REQ-CF-00011,core-finance,docs/PRD-核心引擎.md,5.1.3 鐔旀柇鍣ㄧ姸鎬佹満锛圥2锛?,#### 5.1.3 鐔旀柇鍣ㄧ姸鎬佹満锛圥2锛?,logic,P1,鍙傛暟应满足：鎺㈤拡鏁?,源码路径+行号、对应运行测试或数据库/Redis/队列证据,表格单元格已拆为单一字段断言
REQ-CF-00012,core-finance,docs/PRD-核心引擎.md,5.1.3 鐔旀柇鍣ㄧ姸鎬佹満锛圥2锛?,#### 5.1.3 鐔旀柇鍣ㄧ姸鎬佹満锛圥2锛?,logic,P1,榛樿鍊?应满足：3 娆?,源码路径+行号、对应运行测试或数据库/Redis/队列证据,表格单元格已拆为单一字段断言
REQ-CF-00013,core-finance,docs/PRD-核心引擎.md,5.1.3 鐔旀柇鍣ㄧ姸鎬佹満锛圥2锛?,#### 5.1.3 鐔旀柇鍣ㄧ姸鎬佹満锛圥2锛?,logic,P1,璇存槑应满足：鍗婂紑鐘舵€佷笅杩炵画鎴愬姛澶氬皯娆℃仮澶?,源码路径+行号、对应运行测试或数据库/Redis/队列证据,表格单元格已拆为单一字段断言
REQ-CF-00014,core-finance,docs/PRD-核心引擎.md,5.1.3 鐔旀柇鍣ㄧ姸鎬佹満锛圥2锛?,#### 5.1.3 鐔旀柇鍣ㄧ姸鎬佹満锛圥2锛?,logic,P1,鍙傛暟应满足：鎺㈤拡闂撮殧,源码路径+行号、对应运行测试或数据库/Redis/队列证据,表格单元格已拆为单一字段断言
REQ-CF-00015,core-finance,docs/PRD-核心引擎.md,5.1.3 鐔旀柇鍣ㄧ姸鎬佹満锛圥2锛?,#### 5.1.3 鐔旀柇鍣ㄧ姸鎬佹満锛圥2锛?,logic,P1,榛樿鍊?应满足：10 绉?,源码路径+行号、对应运行测试或数据库/Redis/队列证据,表格单元格已拆为单一字段断言
REQ-CF-00016,core-finance,docs/PRD-核心引擎.md,5.1.3 鐔旀柇鍣ㄧ姸鎬佹満锛圥2锛?,#### 5.1.3 鐔旀柇鍣ㄧ姸鎬佹満锛圥2锛?,logic,P1,璇存槑应满足：鍗婂紑鐘舵€佹斁琛岃姹傜殑闂撮殧,源码路径+行号、对应运行测试或数据库/Redis/队列证据,表格单元格已拆为单一字段断言
REQ-CF-00017,core-finance,docs/PRD-核心引擎.md,5.1.3 鐔旀柇鍣ㄧ姸鎬佹満锛圥2锛?,#### 5.1.3 鐔旀柇鍣ㄧ姸鎬佹満锛圥2锛?,logic,P1,鍙傛暟应满足：绾у埆,源码路径+行号、对应运行测试或数据库/Redis/队列证据,表格单元格已拆为单一字段断言
REQ-CF-00018,core-finance,docs/PRD-核心引擎.md,5.1.3 鐔旀柇鍣ㄧ姸鎬佹満锛圥2锛?,#### 5.1.3 鐔旀柇鍣ㄧ姸鎬佹満锛圥2锛?,logic,P1,榛樿鍊?应满足：鐔旀柇瀵硅薄,源码路径+行号、对应运行测试或数据库/Redis/队列证据,表格单元格已拆为单一字段断言
REQ-CF-00019,core-finance,docs/PRD-核心引擎.md,5.1.3 鐔旀柇鍣ㄧ姸鎬佹満锛圥2锛?,#### 5.1.3 鐔旀柇鍣ㄧ姸鎬佹満锛圥2锛?,logic,P1,璇存槑应满足：褰卞搷鑼冨洿,源码路径+行号、对应运行测试或数据库/Redis/队列证据,表格单元格已拆为单一字段断言
REQ-CF-00020,core-finance,docs/PRD-核心引擎.md,5.1.3 鐔旀柇鍣ㄧ姸鎬佹満锛圥2锛?,#### 5.1.3 鐔旀柇鍣ㄧ姸鎬佹満锛圥2锛?,logic,P1,鍙傛暟应满足：Key 绾?,源码路径+行号、对应运行测试或数据库/Redis/队列证据,表格单元格已拆为单一字段断言
REQ-CF-00021,core-finance,docs/PRD-核心引擎.md,5.1.3 鐔旀柇鍣ㄧ姸鎬佹満锛圥2锛?,#### 5.1.3 鐔旀柇鍣ㄧ姸鎬佹満锛圥2锛?,api,P1,榛樿鍊?应满足：鍗曚釜 API Key,源码路径+行号、对应运行测试或数据库/Redis/队列证据,表格单元格已拆为单一字段断言
REQ-CF-00022,core-finance,docs/PRD-核心引擎.md,5.1.3 鐔旀柇鍣ㄧ姸鎬佹満锛圥2锛?,#### 5.1.3 鐔旀柇鍣ㄧ姸鎬佹満锛圥2锛?,logic,P1,璇存槑应满足：璇?Key 琚Щ闄よ疆璇紝鍏朵粬 Key 姝ｅ父,源码路径+行号、对应运行测试或数据库/Redis/队列证据,表格单元格已拆为单一字段断言
REQ-CF-00023,core-finance,docs/PRD-核心引擎.md,5.1.3 鐔旀柇鍣ㄧ姸鎬佹満锛圥2锛?,#### 5.1.3 鐔旀柇鍣ㄧ姸鎬佹満锛圥2锛?,logic,P1,鍙傛暟应满足：渚涘簲鍟嗙骇,源码路径+行号、对应运行测试或数据库/Redis/队列证据,表格单元格已拆为单一字段断言
REQ-CF-00024,core-finance,docs/PRD-核心引擎.md,5.1.3 鐔旀柇鍣ㄧ姸鎬佹満锛圥2锛?,#### 5.1.3 鐔旀柇鍣ㄧ姸鎬佹満锛圥2锛?,logic,P1,榛樿鍊?应满足：鏁翠釜渚涘簲鍟?,源码路径+行号、对应运行测试或数据库/Redis/队列证据,表格单元格已拆为单一字段断言
REQ-CF-00025,core-finance,docs/PRD-核心引擎.md,5.1.3 鐔旀柇鍣ㄧ姸鎬佹満锛圥2锛?,#### 5.1.3 鐔旀柇鍣ㄧ姸鎬佹満锛圥2锛?,logic,P1,璇存槑应满足：鎵€鏈夎姹傚垏鎹㈠埌澶囩敤渚涘簲鍟?,源码路径+行号、对应运行测试或数据库/Redis/队列证据,表格单元格已拆为单一字段断言
REQ-CF-00026,core-finance,docs/PRD-核心引擎.md,5.1.3 鐔旀柇鍣ㄧ姸鎬佹満锛圥2锛?,#### 5.1.3 鐔旀柇鍣ㄧ姸鎬佹満锛圥2锛?,logic,P1,鍙傛暟应满足：妯″瀷绾?,源码路径+行号、对应运行测试或数据库/Redis/队列证据,表格单元格已拆为单一字段断言
REQ-CF-00027,core-finance,docs/PRD-核心引擎.md,5.1.3 鐔旀柇鍣ㄧ姸鎬佹満锛圥2锛?,#### 5.1.3 鐔旀柇鍣ㄧ姸鎬佹満锛圥2锛?,logic,P1,榛樿鍊?应满足：鐗瑰畾妯″瀷鐨勬墍鏈変緵搴斿晢,源码路径+行号、对应运行测试或数据库/Redis/队列证据,表格单元格已拆为单一字段断言
REQ-CF-00028,core-finance,docs/PRD-核心引擎.md,5.1.3 鐔旀柇鍣ㄧ姸鎬佹満锛圥2锛?,#### 5.1.3 鐔旀柇鍣ㄧ姸鎬佹満锛圥2锛?,logic,P1,璇存槑应满足：杩斿洖妯″瀷涓嶅彲鐢ㄩ敊璇?,源码路径+行号、对应运行测试或数据库/Redis/队列证据,表格单元格已拆为单一字段断言
REQ-CF-00029,core-finance,docs/PRD-核心引擎.md,5.2 璁¤垂涓庣粨绠楃簿鍖?,馃搸 **娣卞寲鍙傝€?*锛歔`docs/ref-5.2-billing.md`](ref-5.2-billing.md) 鈥?鍚叚灞傚畾浠蜂綋绯汇€佸疄鏃惰璐规祦绋嬶紙棰勬墸鈫掑閫€灏戣ˉ锛夈€丏rizzle Schema銆佽处鍗曞懆鏈熴€佽嚜鍔ㄥ璐︺€佷环鏍奸厤缃€佽璐瑰紓甯稿鐞?,db,P1,馃搸 **娣卞寲鍙傝€?*锛歔`docs/ref-5.2-billing.md`](ref-5.2-billing.md) 鈥?鍚叚灞傚畾浠蜂綋绯汇€佸疄鏃惰璐规祦绋嬶紙棰勬墸鈫掑閫€灏戣ˉ锛夈€丏rizzle Schema銆佽处鍗曞懆鏈熴€佽嚜鍔ㄥ璐︺€佷环鏍奸厤缃€佽璐瑰紓甯稿鐞?,源码路径+行号、对应运行测试或数据库/Redis/队列证据,N/A：原审计记录未提供补充依据；待复核源码、测试及运行证据。
REQ-CF-00030,core-finance,docs/PRD-核心引擎.md,5.2 璁¤垂涓庣粨绠楃簿鍖?,馃搸 **娣卞寲鍙傝€?*锛歔`docs/ref-4.4-finance.md`](ref-4.4-finance.md) 鈥?鍚环鏍煎紩鎿庡叚灞傚疄鐜般€佸疄鏃惰璐归摼璺€佸璐﹀紩鎿庛€佽处鍗?PDF 鐢熸垚,logic,P1,馃搸 **娣卞寲鍙傝€?*锛歔`docs/ref-4.4-finance.md`](ref-4.4-finance.md) 鈥?鍚环鏍煎紩鎿庡叚灞傚疄鐜般€佸疄鏃惰璐归摼璺€佸璐﹀紩鎿庛€佽处鍗?PDF 鐢熸垚,源码路径+行号、对应运行测试或数据库/Redis/队列证据,N/A：原审计记录未提供补充依据；待复核源码、测试及运行证据。
REQ-CF-00031,core-finance,docs/PRD-核心引擎.md,5.2.1 浠锋牸灞傜骇涓庝紭鍏堢骇,#### 5.2.1 浠锋牸灞傜骇涓庝紭鍏堢骇,logic,P1,**浠锋牸灞傜骇瀹氫箟**,源码路径+行号、对应运行测试或数据库/Redis/队列证据,N/A：原审计记录未提供补充依据；待复核源码、测试及运行证据。
REQ-CF-00032,core-finance,docs/PRD-核心引擎.md,5.2.1 浠锋牸灞傜骇涓庝紭鍏堢骇,#### 5.2.1 浠锋牸灞傜骇涓庝紭鍏堢骇,logic,P1,灞傜骇应满足：L0,源码路径+行号、对应运行测试或数据库/Redis/队列证据,表格单元格已拆为单一字段断言
REQ-CF-00033,core-finance,docs/PRD-核心引擎.md,5.2.1 浠锋牸灞傜骇涓庝紭鍏堢骇,#### 5.2.1 浠锋牸灞傜骇涓庝紭鍏堢骇,logic,P1,鍚嶇О应满足：渚涘簲鍟嗘垚鏈环,源码路径+行号、对应运行测试或数据库/Redis/队列证据,表格单元格已拆为单一字段断言
REQ-CF-00034,core-finance,docs/PRD-核心引擎.md,5.2.1 浠锋牸灞傜骇涓庝紭鍏堢骇,#### 5.2.1 浠锋牸灞傜骇涓庝紭鍏堢骇,logic,P1,璇存槑应满足：涓婃父鍘熷浠锋牸,源码路径+行号、对应运行测试或数据库/Redis/队列证据,表格单元格已拆为单一字段断言
REQ-CF-00035,core-finance,docs/PRD-核心引擎.md,5.2.1 浠锋牸灞傜骇涓庝紭鍏堢骇,#### 5.2.1 浠锋牸灞傜骇涓庝紭鍏堢骇,logic,P1,鍗曚环鏉ユ簮应满足：`vendor_models.input/output_price`,源码路径+行号、对应运行测试或数据库/Redis/队列证据,表格单元格已拆为单一字段断言
REQ-CF-00036,core-finance,docs/PRD-核心引擎.md,5.2.1 浠锋牸灞傜骇涓庝紭鍏堢骇,#### 5.2.1 浠锋牸灞傜骇涓庝紭鍏堢骇,logic,P1,灞傜骇应满足：L1,源码路径+行号、对应运行测试或数据库/Redis/队列证据,表格单元格已拆为单一字段断言
REQ-CF-00037,core-finance,docs/PRD-核心引擎.md,5.2.1 浠锋牸灞傜骇涓庝紭鍏堢骇,#### 5.2.1 浠锋牸灞傜骇涓庝紭鍏堢骇,logic,P1,鍚嶇О应满足：骞冲彴鏍囧噯浠?,源码路径+行号、对应运行测试或数据库/Redis/队列证据,表格单元格已拆为单一字段断言
REQ-CF-00038,core-finance,docs/PRD-核心引擎.md,5.2.1 浠锋牸灞傜骇涓庝紭鍏堢骇,#### 5.2.1 浠锋牸灞傜骇涓庝紭鍏堢骇,logic,P1,璇存槑应满足：L0 脳 (1 + 鍏ㄥ眬鍔犱环鐜?,源码路径+行号、对应运行测试或数据库/Redis/队列证据,表格单元格已拆为单一字段断言
REQ-CF-00039,core-finance,docs/PRD-核心引擎.md,5.2.1 浠锋牸灞傜骇涓庝紭鍏堢骇,#### 5.2.1 浠锋牸灞傜骇涓庝紭鍏堢骇,logic,P1,鍗曚环鏉ユ簮应满足：`site_configs.default_markup_rate`,源码路径+行号、对应运行测试或数据库/Redis/队列证据,表格单元格已拆为单一字段断言
REQ-CF-00040,core-finance,docs/PRD-核心引擎.md,5.2.1 浠锋牸灞傜骇涓庝紭鍏堢骇,#### 5.2.1 浠锋牸灞傜骇涓庝紭鍏堢骇,logic,P1,灞傜骇应满足：L2,源码路径+行号、对应运行测试或数据库/Redis/队列证据,表格单元格已拆为单一字段断言
REQ-CF-00041,core-finance,docs/PRD-核心引擎.md,5.2.1 浠锋牸灞傜骇涓庝紭鍏堢骇,#### 5.2.1 浠锋牸灞傜骇涓庝紭鍏堢骇,logic,P1,鍚嶇О应满足：妯″瀷瑕嗙洊浠?,源码路径+行号、对应运行测试或数据库/Redis/队列证据,表格单元格已拆为单一字段断言
REQ-CF-00042,core-finance,docs/PRD-核心引擎.md,5.2.1 浠锋牸灞傜骇涓庝紭鍏堢骇,#### 5.2.1 浠锋牸灞傜骇涓庝紭鍏堢骇,logic,P1,璇存槑应满足：鐗瑰畾妯″瀷鐨勭嫭绔嬪敭浠?,源码路径+行号、对应运行测试或数据库/Redis/队列证据,表格单元格已拆为单一字段断言
REQ-CF-00043,core-finance,docs/PRD-核心引擎.md,5.2.1 浠锋牸灞傜骇涓庝紭鍏堢骇,#### 5.2.1 浠锋牸灞傜骇涓庝紭鍏堢骇,logic,P1,鍗曚环鏉ユ簮应满足：`models.override_price`,源码路径+行号、对应运行测试或数据库/Redis/队列证据,表格单元格已拆为单一字段断言
REQ-CF-00044,core-finance,docs/PRD-核心引擎.md,5.2.1 浠锋牸灞傜骇涓庝紭鍏堢骇,#### 5.2.1 浠锋牸灞傜骇涓庝紭鍏堢骇,logic,P1,灞傜骇应满足：L3,源码路径+行号、对应运行测试或数据库/Redis/队列证据,表格单元格已拆为单一字段断言
REQ-CF-00045,core-finance,docs/PRD-核心引擎.md,5.2.1 浠锋牸灞傜骇涓庝紭鍏堢骇,#### 5.2.1 浠锋牸灞傜骇涓庝紭鍏堢骇,logic,P1,鍚嶇О应满足：浠ｇ悊鎶樻墸浠?,源码路径+行号、对应运行测试或数据库/Redis/队列证据,表格单元格已拆为单一字段断言
REQ-CF-00046,core-finance,docs/PRD-核心引擎.md,5.2.1 浠锋牸灞傜骇涓庝紭鍏堢骇,#### 5.2.1 浠锋牸灞傜骇涓庝紭鍏堢骇,logic,P1,璇存槑应满足：浠ｇ悊鍚嶄笅鐢ㄦ埛涓撳睘浠锋牸,源码路径+行号、对应运行测试或数据库/Redis/队列证据,表格单元格已拆为单一字段断言
REQ-CF-00047,core-finance,docs/PRD-核心引擎.md,5.2.1 浠锋牸灞傜骇涓庝紭鍏堢骇,#### 5.2.1 浠锋牸灞傜骇涓庝紭鍏堢骇,logic,P1,鍗曚环鏉ユ簮应满足：`agent_commission.discount_rate`,源码路径+行号、对应运行测试或数据库/Redis/队列证据,表格单元格已拆为单一字段断言
REQ-CF-00048,core-finance,docs/PRD-核心引擎.md,5.2.1 浠锋牸灞傜骇涓庝紭鍏堢骇,#### 5.2.1 浠锋牸灞傜骇涓庝紭鍏堢骇,logic,P1,灞傜骇应满足：L4,源码路径+行号、对应运行测试或数据库/Redis/队列证据,表格单元格已拆为单一字段断言
REQ-CF-00049,core-finance,docs/PRD-核心引擎.md,5.2.1 浠锋牸灞傜骇涓庝紭鍏堢骇,#### 5.2.1 浠锋牸灞傜骇涓庝紭鍏堢骇,logic,P1,鍚嶇О应满足：鍒嗙粍瀹氫环,源码路径+行号、对应运行测试或数据库/Redis/队列证据,表格单元格已拆为单一字段断言
REQ-CF-00050,core-finance,docs/PRD-核心引擎.md,5.2.1 浠锋牸灞傜骇涓庝紭鍏堢骇,#### 5.2.1 浠锋牸灞傜骇涓庝紭鍏堢骇,logic,P1,璇存槑应满足：Key 缁勪笓灞炰环鏍?,源码路径+行号、对应运行测试或数据库/Redis/队列证据,表格单元格已拆为单一字段断言
REQ-CF-00051,core-finance,docs/PRD-核心引擎.md,5.2.1 浠锋牸灞傜骇涓庝紭鍏堢骇,#### 5.2.1 浠锋牸灞傜骇涓庝紭鍏堢骇,logic,P1,鍗曚环鏉ユ簮应满足：`key_group_pricing.unit_price`,源码路径+行号、对应运行测试或数据库/Redis/队列证据,表格单元格已拆为单一字段断言
REQ-CF-00052,core-finance,docs/PRD-核心引擎.md,5.2.1 浠锋牸灞傜骇涓庝紭鍏堢骇,#### 5.2.1 浠锋牸灞傜骇涓庝紭鍏堢骇,logic,P1,灞傜骇应满足：L5,源码路径+行号、对应运行测试或数据库/Redis/队列证据,表格单元格已拆为单一字段断言
REQ-CF-00053,core-finance,docs/PRD-核心引擎.md,5.2.1 浠锋牸灞傜骇涓庝紭鍏堢骇,#### 5.2.1 浠锋牸灞傜骇涓庝紭鍏堢骇,logic,P1,鍚嶇О应满足：娲诲姩浠?,源码路径+行号、对应运行测试或数据库/Redis/队列证据,表格单元格已拆为单一字段断言
REQ-CF-00054,core-finance,docs/PRD-核心引擎.md,5.2.1 浠锋牸灞傜骇涓庝紭鍏堢骇,#### 5.2.1 浠锋牸灞傜骇涓庝紭鍏堢骇,logic,P1,璇存槑应满足：娲诲姩鏈熼棿涓存椂浠锋牸,源码路径+行号、对应运行测试或数据库/Redis/队列证据,表格单元格已拆为单一字段断言
REQ-CF-00055,core-finance,docs/PRD-核心引擎.md,5.2.1 浠锋牸灞傜骇涓庝紭鍏堢骇,#### 5.2.1 浠锋牸灞傜骇涓庝紭鍏堢骇,logic,P1,鍗曚环鏉ユ簮应满足：`campaign_prices.discount_rate`,源码路径+行号、对应运行测试或数据库/Redis/队列证据,表格单元格已拆为单一字段断言
REQ-CF-00056,core-finance,docs/PRD-核心引擎.md,5.2.1 浠锋牸灞傜骇涓庝紭鍏堢骇,#### 5.2.1 浠锋牸灞傜骇涓庝紭鍏堢骇,logic,P1,**瀹氫环浼樺厛绾ц鍒?*,源码路径+行号、对应运行测试或数据库/Redis/队列证据,N/A：原审计记录未提供补充依据；待复核源码、测试及运行证据。
REQ-CF-00057,core-finance,docs/PRD-核心引擎.md,5.2.3 璐﹀崟鍛ㄦ湡锛圥1锛?,#### 5.2.3 璐﹀崟鍛ㄦ湡锛圥1锛?,logic,P1,**璐﹀崟 PDF 鍐呭**,源码路径+行号、对应运行测试或数据库/Redis/队列证据,N/A：原审计记录未提供补充依据；待复核源码、测试及运行证据。
REQ-CF-00058,core-finance,docs/PRD-核心引擎.md,5.3 闄愭祦寮曟搸绮惧寲,馃搸 **娣卞寲鍙傝€?*锛歔`docs/ref-5.3-rate-limiter.md`](ref-5.3-rate-limiter.md) 鈥?鍚洓绾ч檺娴佹灦鏋勩€丏rizzle Schema 鍏ㄦ枃銆丄PI 鎺ュ彛銆佸墠绔粍浠?Props銆侀檺娴佺畻娉曠粏鑺傘€侀殧绂荤瓥鐣ャ€侀檷绾х瓥鐣ャ€侀厤缃」姹囨€?,db,P1,馃搸 **娣卞寲鍙傝€?*锛歔`docs/ref-5.3-rate-limiter.md`](ref-5.3-rate-limiter.md) 鈥?鍚洓绾ч檺娴佹灦鏋勩€丏rizzle Schema 鍏ㄦ枃銆丄PI 鎺ュ彛銆佸墠绔粍浠?Props銆侀檺娴佺畻娉曠粏鑺傘€侀殧绂荤瓥鐣ャ€侀檷绾х瓥鐣ャ€侀厤缃」姹囨€?,源码路径+行号、对应运行测试或数据库/Redis/队列证据,N/A：原审计记录未提供补充依据；待复核源码、测试及运行证据。
REQ-CF-00059,core-finance,docs/PRD-核心引擎.md,5.3.1 鍥涚骇闄愭祦璇︾粏瑙勬牸,| L1 鍏ㄥ眬 | 鍏ㄧ郴缁?QPS | `site_configs` | 10000 | 鎵€鏈夎姹?| 涓嶅彲瓒呰秺 |,logic,P1,绾у埆应满足：L1 鍏ㄥ眬,源码路径+行号、对应运行测试或数据库/Redis/队列证据,表格单元格已拆为单一字段断言
REQ-CF-00060,core-finance,docs/PRD-核心引擎.md,5.3.1 鍥涚骇闄愭祦璇︾粏瑙勬牸,| L1 鍏ㄥ眬 | 鍏ㄧ郴缁?QPS | `site_configs` | 10000 | 鎵€鏈夎姹?| 涓嶅彲瓒呰秺 |,logic,P1,闄愬埗缁村害应满足：鍏ㄧ郴缁?QPS,源码路径+行号、对应运行测试或数据库/Redis/队列证据,表格单元格已拆为单一字段断言
REQ-CF-00061,core-finance,docs/PRD-核心引擎.md,5.3.1 鍥涚骇闄愭祦璇︾粏瑙勬牸,| L1 鍏ㄥ眬 | 鍏ㄧ郴缁?QPS | `site_configs` | 10000 | 鎵€鏈夎姹?| 涓嶅彲瓒呰秺 |,logic,P1,閰嶇疆鏂瑰紡应满足：`site_configs`,源码路径+行号、对应运行测试或数据库/Redis/队列证据,表格单元格已拆为单一字段断言
REQ-CF-00062,core-finance,docs/PRD-核心引擎.md,5.3.1 鍥涚骇闄愭祦璇︾粏瑙勬牸,| L1 鍏ㄥ眬 | 鍏ㄧ郴缁?QPS | `site_configs` | 10000 | 鎵€鏈夎姹?| 涓嶅彲瓒呰秺 |,logic,P1,榛樿鍊?应满足：10000,源码路径+行号、对应运行测试或数据库/Redis/队列证据,表格单元格已拆为单一字段断言
REQ-CF-00063,core-finance,docs/PRD-核心引擎.md,5.3.1 鍥涚骇闄愭祦璇︾粏瑙勬牸,| 绾у埆 | 闄愬埗缁村害 | 閰嶇疆鏂瑰紡 | 榛樿鍊?| 浣滅敤鑼冨洿 | 瓒呰秺鏂瑰紡 |,logic,P1,浣滅敤鑼冨洿应满足：鎵€鏈夎姹?,源码路径+行号、对应运行测试或数据库/Redis/队列证据,表格单元格已拆为单一字段断言
REQ-CF-00064,core-finance,docs/PRD-核心引擎.md,5.3.1 鍥涚骇闄愭祦璇︾粏瑙勬牸,| 绾у埆 | 闄愬埗缁村害 | 閰嶇疆鏂瑰紡 | 榛樿鍊?| 浣滅敤鑼冨洿 | 瓒呰秺鏂瑰紡 |,logic,P1,瓒呰秺鏂瑰紡应满足：涓嶅彲瓒呰秺,源码路径+行号、对应运行测试或数据库/Redis/队列证据,表格单元格已拆为单一字段断言
REQ-CF-00066,core-finance,docs/PRD-核心引擎.md,5.3.1 鍥涚骇闄愭祦璇︾粏瑙勬牸,| L1 鍏ㄥ眬 | 鍏ㄧ郴缁?TPM | `site_configs` | 60000000 | 鎵€鏈夎姹?| 涓嶅彲瓒呰秺 |,logic,P1,闄愬埗缁村害应满足：鍏ㄧ郴缁?TPM,源码路径+行号、对应运行测试或数据库/Redis/队列证据,表格单元格已拆为单一字段断言
REQ-CF-00068,core-finance,docs/PRD-核心引擎.md,5.3.1 鍥涚骇闄愭祦璇︾粏瑙勬牸,| L1 鍏ㄥ眬 | 鍏ㄧ郴缁?TPM | `site_configs` | 60000000 | 鎵€鏈夎姹?| 涓嶅彲瓒呰秺 |,logic,P1,榛樿鍊?应满足：60000000,源码路径+行号、对应运行测试或数据库/Redis/队列证据,表格单元格已拆为单一字段断言
REQ-CF-00071,core-finance,docs/PRD-核心引擎.md,5.3.1 鍥涚骇闄愭祦璇︾粏瑙勬牸,| L2 鐢ㄦ埛 | 鐢ㄦ埛 QPS | `user_quotas` | 100 | 璇ョ敤鎴?| admin 鍙皟鏁?|,logic,P1,绾у埆应满足：L2 鐢ㄦ埛,源码路径+行号、对应运行测试或数据库/Redis/队列证据,表格单元格已拆为单一字段断言
REQ-CF-00072,core-finance,docs/PRD-核心引擎.md,5.3.1 鍥涚骇闄愭祦璇︾粏瑙勬牸,| 绾у埆 | 闄愬埗缁村害 | 閰嶇疆鏂瑰紡 | 榛樿鍊?| 浣滅敤鑼冨洿 | 瓒呰秺鏂瑰紡 |,logic,P1,闄愬埗缁村害应满足：鐢ㄦ埛 QPS,源码路径+行号、对应运行测试或数据库/Redis/队列证据,表格单元格已拆为单一字段断言
REQ-CF-00073,core-finance,docs/PRD-核心引擎.md,5.3.1 鍥涚骇闄愭祦璇︾粏瑙勬牸,| L2 鐢ㄦ埛 | 鐢ㄦ埛 QPS | `user_quotas` | 100 | 璇ョ敤鎴?| admin 鍙皟鏁?|,logic,P1,閰嶇疆鏂瑰紡应满足：`user_quotas`,源码路径+行号、对应运行测试或数据库/Redis/队列证据,表格单元格已拆为单一字段断言
REQ-CF-00074,core-finance,docs/PRD-核心引擎.md,5.3.1 鍥涚骇闄愭祦璇︾粏瑙勬牸,| 绾у埆 | 闄愬埗缁村害 | 閰嶇疆鏂瑰紡 | 榛樿鍊?| 浣滅敤鑼冨洿 | 瓒呰秺鏂瑰紡 |,logic,P1,榛樿鍊?应满足：100,源码路径+行号、对应运行测试或数据库/Redis/队列证据,表格单元格已拆为单一字段断言
REQ-CF-00075,core-finance,docs/PRD-核心引擎.md,5.3.1 鍥涚骇闄愭祦璇︾粏瑙勬牸,| 绾у埆 | 闄愬埗缁村害 | 閰嶇疆鏂瑰紡 | 榛樿鍊?| 浣滅敤鑼冨洿 | 瓒呰秺鏂瑰紡 |,logic,P1,浣滅敤鑼冨洿应满足：璇ョ敤鎴?,源码路径+行号、对应运行测试或数据库/Redis/队列证据,表格单元格已拆为单一字段断言
REQ-CF-00076,core-finance,docs/PRD-核心引擎.md,5.3.1 鍥涚骇闄愭祦璇︾粏瑙勬牸,| L2 鐢ㄦ埛 | 鐢ㄦ埛 QPS | `user_quotas` | 100 | 璇ョ敤鎴?| admin 鍙皟鏁?|,logic,P1,瓒呰秺鏂瑰紡应满足：admin 鍙皟鏁?,源码路径+行号、对应运行测试或数据库/Redis/队列证据,表格单元格已拆为单一字段断言
REQ-CF-00078,core-finance,docs/PRD-核心引擎.md,5.3.1 鍥涚骇闄愭祦璇︾粏瑙勬牸,| 绾у埆 | 闄愬埗缁村害 | 閰嶇疆鏂瑰紡 | 榛樿鍊?| 浣滅敤鑼冨洿 | 瓒呰秺鏂瑰紡 |,logic,P1,闄愬埗缁村害应满足：鐢ㄦ埛 TPM,源码路径+行号、对应运行测试或数据库/Redis/队列证据,表格单元格已拆为单一字段断言
REQ-CF-00080,core-finance,docs/PRD-核心引擎.md,5.3.1 鍥涚骇闄愭祦璇︾粏瑙勬牸,| L1 鍏ㄥ眬 | 鍏ㄧ郴缁?TPM | `site_configs` | 60000000 | 鎵€鏈夎姹?| 涓嶅彲瓒呰秺 |,logic,P1,榛樿鍊?应满足：600000,源码路径+行号、对应运行测试或数据库/Redis/队列证据,表格单元格已拆为单一字段断言
REQ-CF-00084,core-finance,docs/PRD-核心引擎.md,5.3.1 鍥涚骇闄愭祦璇︾粏瑙勬牸,| L2 鐢ㄦ埛 | 鐢ㄦ埛鏃ヨ皟鐢?| `user_quotas` | 涓嶉檺 | 璇ョ敤鎴?| admin 鍙皟鏁?|,logic,P1,闄愬埗缁村害应满足：鐢ㄦ埛鏃ヨ皟鐢?,源码路径+行号、对应运行测试或数据库/Redis/队列证据,表格单元格已拆为单一字段断言
REQ-CF-00086,core-finance,docs/PRD-核心引擎.md,5.3.1 鍥涚骇闄愭祦璇︾粏瑙勬牸,| 绾у埆 | 闄愬埗缁村害 | 閰嶇疆鏂瑰紡 | 榛樿鍊?| 浣滅敤鑼冨洿 | 瓒呰秺鏂瑰紡 |,logic,P1,榛樿鍊?应满足：涓嶉檺,源码路径+行号、对应运行测试或数据库/Redis/队列证据,表格单元格已拆为单一字段断言
REQ-CF-00089,core-finance,docs/PRD-核心引擎.md,5.3.1 鍥涚骇闄愭祦璇︾粏瑙勬牸,| L3 Key | Key QPS | `api_keys` | 50 | 璇?Key | 鐢ㄦ埛鍙皟鏁?|,logic,P1,绾у埆应满足：L3 Key,源码路径+行号、对应运行测试或数据库/Redis/队列证据,表格单元格已拆为单一字段断言
REQ-CF-00090,core-finance,docs/PRD-核心引擎.md,5.3.1 鍥涚骇闄愭祦璇︾粏瑙勬牸,| 绾у埆 | 闄愬埗缁村害 | 閰嶇疆鏂瑰紡 | 榛樿鍊?| 浣滅敤鑼冨洿 | 瓒呰秺鏂瑰紡 |,logic,P1,闄愬埗缁村害应满足：Key QPS,源码路径+行号、对应运行测试或数据库/Redis/队列证据,表格单元格已拆为单一字段断言
REQ-CF-00091,core-finance,docs/PRD-核心引擎.md,5.3.1 鍥涚骇闄愭祦璇︾粏瑙勬牸,| L3 Key | Key QPS | `api_keys` | 50 | 璇?Key | 鐢ㄦ埛鍙皟鏁?|,api,P1,閰嶇疆鏂瑰紡应满足：`api_keys`,源码路径+行号、对应运行测试或数据库/Redis/队列证据,表格单元格已拆为单一字段断言
REQ-CF-00092,core-finance,docs/PRD-核心引擎.md,5.3.1 鍥涚骇闄愭祦璇︾粏瑙勬牸,| 绾у埆 | 闄愬埗缁村害 | 閰嶇疆鏂瑰紡 | 榛樿鍊?| 浣滅敤鑼冨洿 | 瓒呰秺鏂瑰紡 |,logic,P1,榛樿鍊?应满足：50,源码路径+行号、对应运行测试或数据库/Redis/队列证据,表格单元格已拆为单一字段断言
REQ-CF-00093,core-finance,docs/PRD-核心引擎.md,5.3.1 鍥涚骇闄愭祦璇︾粏瑙勬牸,| 绾у埆 | 闄愬埗缁村害 | 閰嶇疆鏂瑰紡 | 榛樿鍊?| 浣滅敤鑼冨洿 | 瓒呰秺鏂瑰紡 |,logic,P1,浣滅敤鑼冨洿应满足：璇?Key,源码路径+行号、对应运行测试或数据库/Redis/队列证据,表格单元格已拆为单一字段断言
REQ-CF-00094,core-finance,docs/PRD-核心引擎.md,5.3.1 鍥涚骇闄愭祦璇︾粏瑙勬牸,| 绾у埆 | 闄愬埗缁村害 | 閰嶇疆鏂瑰紡 | 榛樿鍊?| 浣滅敤鑼冨洿 | 瓒呰秺鏂瑰紡 |,logic,P1,瓒呰秺鏂瑰紡应满足：鐢ㄦ埛鍙皟鏁?,源码路径+行号、对应运行测试或数据库/Redis/队列证据,表格单元格已拆为单一字段断言
REQ-CF-00096,core-finance,docs/PRD-核心引擎.md,5.3.1 鍥涚骇闄愭祦璇︾粏瑙勬牸,| 绾у埆 | 闄愬埗缁村害 | 閰嶇疆鏂瑰紡 | 榛樿鍊?| 浣滅敤鑼冨洿 | 瓒呰秺鏂瑰紡 |,logic,P1,闄愬埗缁村害应满足：Key TPM,源码路径+行号、对应运行测试或数据库/Redis/队列证据,表格单元格已拆为单一字段断言
REQ-CF-00098,core-finance,docs/PRD-核心引擎.md,5.3.1 鍥涚骇闄愭祦璇︾粏瑙勬牸,| L3 Key | Key TPM | `api_keys` | 300000 | 璇?Key | 鐢ㄦ埛鍙皟鏁?|,logic,P1,榛樿鍊?应满足：300000,源码路径+行号、对应运行测试或数据库/Redis/队列证据,表格单元格已拆为单一字段断言
REQ-CF-00102,core-finance,docs/PRD-核心引擎.md,5.3.1 鍥涚骇闄愭祦璇︾粏瑙勬牸,| L3 Key | Key 鏃ヨ皟鐢?| `api_keys` | 涓嶉檺 | 璇?Key | 鐢ㄦ埛鍙皟鏁?|,logic,P1,闄愬埗缁村害应满足：Key 鏃ヨ皟鐢?,源码路径+行号、对应运行测试或数据库/Redis/队列证据,表格单元格已拆为单一字段断言
REQ-CF-00107,core-finance,docs/PRD-核心引擎.md,5.3.1 鍥涚骇闄愭祦璇︾粏瑙勬牸,| L4 妯″瀷 | 妯″瀷鍏ㄥ眬 QPS | `rate_limits` | 2000 | 璇ユā鍨嬫墍鏈夎姹?| admin 鍙皟鏁?|,logic,P1,绾у埆应满足：L4 妯″瀷,源码路径+行号、对应运行测试或数据库/Redis/队列证据,表格单元格已拆为单一字段断言
REQ-CF-00108,core-finance,docs/PRD-核心引擎.md,5.3.1 鍥涚骇闄愭祦璇︾粏瑙勬牸,| L4 妯″瀷 | 妯″瀷鍏ㄥ眬 QPS | `rate_limits` | 2000 | 璇ユā鍨嬫墍鏈夎姹?| admin 鍙皟鏁?|,logic,P1,闄愬埗缁村害应满足：妯″瀷鍏ㄥ眬 QPS,源码路径+行号、对应运行测试或数据库/Redis/队列证据,表格单元格已拆为单一字段断言
REQ-CF-00109,core-finance,docs/PRD-核心引擎.md,5.3.1 鍥涚骇闄愭祦璇︾粏瑙勬牸,| L4 妯″瀷 | 妯″瀷鍏ㄥ眬 QPS | `rate_limits` | 2000 | 璇ユā鍨嬫墍鏈夎姹?| admin 鍙皟鏁?|,logic,P1,閰嶇疆鏂瑰紡应满足：`rate_limits`,源码路径+行号、对应运行测试或数据库/Redis/队列证据,表格单元格已拆为单一字段断言
REQ-CF-00110,core-finance,docs/PRD-核心引擎.md,5.3.1 鍥涚骇闄愭祦璇︾粏瑙勬牸,| L4 妯″瀷 | 妯″瀷鍏ㄥ眬 QPS | `rate_limits` | 2000 | 璇ユā鍨嬫墍鏈夎姹?| admin 鍙皟鏁?|,logic,P1,榛樿鍊?应满足：2000,源码路径+行号、对应运行测试或数据库/Redis/队列证据,表格单元格已拆为单一字段断言
REQ-CF-00111,core-finance,docs/PRD-核心引擎.md,5.3.1 鍥涚骇闄愭祦璇︾粏瑙勬牸,| L4 妯″瀷 | 妯″瀷鍏ㄥ眬 QPS | `rate_limits` | 2000 | 璇ユā鍨嬫墍鏈夎姹?| admin 鍙皟鏁?|,logic,P1,浣滅敤鑼冨洿应满足：璇ユā鍨嬫墍鏈夎姹?,源码路径+行号、对应运行测试或数据库/Redis/队列证据,表格单元格已拆为单一字段断言
REQ-CF-00114,core-finance,docs/PRD-核心引擎.md,5.3.1 鍥涚骇闄愭祦璇︾粏瑙勬牸,| L4 妯″瀷 | 妯″瀷鐢ㄦ埛绾?QPS | `rate_limits` | 50 | 姣忕敤鎴峰璇ユā鍨?| admin 鍙皟鏁?|,logic,P1,闄愬埗缁村害应满足：妯″瀷鐢ㄦ埛绾?QPS,源码路径+行号、对应运行测试或数据库/Redis/队列证据,表格单元格已拆为单一字段断言
REQ-CF-00117,core-finance,docs/PRD-核心引擎.md,5.3.1 鍥涚骇闄愭祦璇︾粏瑙勬牸,| L4 妯″瀷 | 妯″瀷鐢ㄦ埛绾?QPS | `rate_limits` | 50 | 姣忕敤鎴峰璇ユā鍨?| admin 鍙皟鏁?|,logic,P1,浣滅敤鑼冨洿应满足：姣忕敤鎴峰璇ユā鍨?,源码路径+行号、对应运行测试或数据库/Redis/队列证据,表格单元格已拆为单一字段断言
REQ-CF-00119,core-finance,docs/PRD-核心引擎.md,5.3.1 鍥涚骇闄愭祦璇︾粏瑙勬牸,#### 5.3.1 鍥涚骇闄愭祦璇︾粏瑙勬牸,logic,P1,**闄愭祦鍛戒腑鍝嶅簲**,源码路径+行号、对应运行测试或数据库/Redis/队列证据,N/A：原审计记录未提供补充依据；待复核源码、测试及运行证据。
REQ-CF-00120,core-finance,docs/PRD-核心引擎.md,5.4 閫氱煡涓庡憡璀︾簿鍖?,馃搸 **娣卞寲鍙傝€?*锛歔`docs/ref-5.4-alert-rules.md`](ref-5.4-alert-rules.md) 鈥?鍚?monitoring_rules/alerts/notification 鍏ㄨ〃缁撴瀯銆? 椤瑰憡璀︽寚鏍?CRUD API銆佸憡璀﹁鍒欓厤缃〉闈㈣鏍硷紙鍥涗釜椤电鐨勭粍浠?Props锛夈€佸憡璀﹀懡涓秼鍔挎煴鐘跺浘鏁版嵁娴併€佷氦鍙夊紩鐢ㄤ笌璋冪敤閾?,api,P1,馃搸 **娣卞寲鍙傝€?*锛歔`docs/ref-5.4-alert-rules.md`](ref-5.4-alert-rules.md) 鈥?鍚?monitoring_rules/alerts/notification 鍏ㄨ〃缁撴瀯銆? 椤瑰憡璀︽寚鏍?CRUD API銆佸憡璀﹁鍒欓厤缃〉闈㈣鏍硷紙鍥涗釜椤电鐨勭粍浠?Props锛夈€佸憡璀﹀懡涓秼鍔挎煴鐘跺浘鏁版嵁娴併€佷氦鍙夊紩鐢ㄤ笌璋冪敤閾?,源码路径+行号、对应运行测试或数据库/Redis/队列证据,N/A：原审计记录未提供补充依据；待复核源码、测试及运行证据。
REQ-CF-00121,core-finance,docs/PRD-核心引擎.md,5.4.2 鍛婅瑙勫垯閰嶇疆锛圥2锛?,| API 澶辫触鐜?| > 5%锛堟渶杩?5 鍒嗛挓锛墊 馃敶 绱ф€?| 鍏ㄩ儴绠＄悊鍛?| 5 鍒嗛挓 1 娆?|,api,P1,鍛婅鎸囨爣应满足：API 澶辫触鐜?,源码路径+行号、对应运行测试或数据库/Redis/队列证据,表格单元格已拆为单一字段断言
REQ-CF-00122,core-finance,docs/PRD-核心引擎.md,5.4.2 鍛婅瑙勫垯閰嶇疆锛圥2锛?,| API 澶辫触鐜?| > 5%锛堟渶杩?5 鍒嗛挓锛墊 馃敶 绱ф€?| 鍏ㄩ儴绠＄悊鍛?| 5 鍒嗛挓 1 娆?|,logic,P1,鏉′欢应满足：> 5%锛堟渶杩?5 鍒嗛挓锛墊 馃敶 绱ф€?,源码路径+行号、对应运行测试或数据库/Redis/队列证据,表格单元格已拆为单一字段断言
REQ-CF-00123,core-finance,docs/PRD-核心引擎.md,5.4.2 鍛婅瑙勫垯閰嶇疆锛圥2锛?,| API 澶辫触鐜?| > 5%锛堟渶杩?5 鍒嗛挓锛墊 馃敶 绱ф€?| 鍏ㄩ儴绠＄悊鍛?| 5 鍒嗛挓 1 娆?|,logic,P1,绛夌骇应满足：鍏ㄩ儴绠＄悊鍛?,源码路径+行号、对应运行测试或数据库/Redis/队列证据,表格单元格已拆为单一字段断言
REQ-CF-00124,core-finance,docs/PRD-核心引擎.md,5.4.2 鍛婅瑙勫垯閰嶇疆锛圥2锛?,| 鍛婅鎸囨爣 | 鏉′欢 | 绛夌骇 | 閫氱煡瀵硅薄 | 棰戠巼闄愬埗 |,logic,P1,閫氱煡瀵硅薄应满足：5 鍒嗛挓 1 娆?,源码路径+行号、对应运行测试或数据库/Redis/队列证据,表格单元格已拆为单一字段断言
REQ-CF-00125,core-finance,docs/PRD-核心引擎.md,5.4.2 鍛婅瑙勫垯閰嶇疆锛圥2锛?,| 渚涘簲鍟嗗彲鐢ㄧ巼 | < 95%锛堟渶杩?5 鍒嗛挓锛墊 馃敶 绱ф€?| 杩愮淮绠＄悊鍛?| 5 鍒嗛挓 1 娆?|,logic,P1,鍛婅鎸囨爣应满足：渚涘簲鍟嗗彲鐢ㄧ巼,源码路径+行号、对应运行测试或数据库/Redis/队列证据,表格单元格已拆为单一字段断言
REQ-CF-00126,core-finance,docs/PRD-核心引擎.md,5.4.2 鍛婅瑙勫垯閰嶇疆锛圥2锛?,| 渚涘簲鍟嗗彲鐢ㄧ巼 | < 95%锛堟渶杩?5 鍒嗛挓锛墊 馃敶 绱ф€?| 杩愮淮绠＄悊鍛?| 5 鍒嗛挓 1 娆?|,logic,P1,鏉′欢应满足：< 95%锛堟渶杩?5 鍒嗛挓锛墊 馃敶 绱ф€?,源码路径+行号、对应运行测试或数据库/Redis/队列证据,表格单元格已拆为单一字段断言
REQ-CF-00127,core-finance,docs/PRD-核心引擎.md,5.4.2 鍛婅瑙勫垯閰嶇疆锛圥2锛?,| 渚涘簲鍟嗗彲鐢ㄧ巼 | < 95%锛堟渶杩?5 鍒嗛挓锛墊 馃敶 绱ф€?| 杩愮淮绠＄悊鍛?| 5 鍒嗛挓 1 娆?|,logic,P1,绛夌骇应满足：杩愮淮绠＄悊鍛?,源码路径+行号、对应运行测试或数据库/Redis/队列证据,表格单元格已拆为单一字段断言
REQ-CF-00129,core-finance,docs/PRD-核心引擎.md,5.4.2 鍛婅瑙勫垯閰嶇疆锛圥2锛?,| 鍝嶅簲鏃堕棿 P95 | > 2s锛堟渶杩?5 鍒嗛挓锛墊 馃煛 鍛婅 | 杩愮淮绠＄悊鍛?| 15 鍒嗛挓 1 娆?|,logic,P1,鍛婅鎸囨爣应满足：鍝嶅簲鏃堕棿 P95,源码路径+行号、对应运行测试或数据库/Redis/队列证据,表格单元格已拆为单一字段断言
REQ-CF-00130,core-finance,docs/PRD-核心引擎.md,5.4.2 鍛婅瑙勫垯閰嶇疆锛圥2锛?,| 鍝嶅簲鏃堕棿 P95 | > 2s锛堟渶杩?5 鍒嗛挓锛墊 馃煛 鍛婅 | 杩愮淮绠＄悊鍛?| 15 鍒嗛挓 1 娆?|,logic,P1,鏉′欢应满足：> 2s锛堟渶杩?5 鍒嗛挓锛墊 馃煛 鍛婅,源码路径+行号、对应运行测试或数据库/Redis/队列证据,表格单元格已拆为单一字段断言
REQ-CF-00132,core-finance,docs/PRD-核心引擎.md,5.4.2 鍛婅瑙勫垯閰嶇疆锛圥2锛?,| 鍝嶅簲鏃堕棿 P95 | > 2s锛堟渶杩?5 鍒嗛挓锛墊 馃煛 鍛婅 | 杩愮淮绠＄悊鍛?| 15 鍒嗛挓 1 娆?|,logic,P1,閫氱煡瀵硅薄应满足：15 鍒嗛挓 1 娆?,源码路径+行号、对应运行测试或数据库/Redis/队列证据,表格单元格已拆为单一字段断言
REQ-CF-00133,core-finance,docs/PRD-核心引擎.md,5.4.2 鍛婅瑙勫垯閰嶇疆锛圥2锛?,| 鍛婅鎸囨爣 | 鏉′欢 | 绛夌骇 | 閫氱煡瀵硅薄 | 棰戠巼闄愬埗 |,logic,P1,鍛婅鎸囨爣应满足：骞冲彴浣欓,源码路径+行号、对应运行测试或数据库/Redis/队列证据,表格单元格已拆为单一字段断言
REQ-CF-00134,core-finance,docs/PRD-核心引擎.md,5.4.2 鍛婅瑙勫垯閰嶇疆锛圥2锛?,| 骞冲彴浣欓 | < 楼100 | 馃煛 鍛婅 | super_admin | 1 灏忔椂 1 娆?|,logic,P1,鏉′欢应满足：< 楼100,源码路径+行号、对应运行测试或数据库/Redis/队列证据,表格单元格已拆为单一字段断言
REQ-CF-00135,core-finance,docs/PRD-核心引擎.md,5.4.2 鍛婅瑙勫垯閰嶇疆锛圥2锛?,| 鍝嶅簲鏃堕棿 P95 | > 2s锛堟渶杩?5 鍒嗛挓锛墊 馃煛 鍛婅 | 杩愮淮绠＄悊鍛?| 15 鍒嗛挓 1 娆?|,logic,P1,绛夌骇应满足：馃煛 鍛婅,源码路径+行号、对应运行测试或数据库/Redis/队列证据,表格单元格已拆为单一字段断言
REQ-CF-00136,core-finance,docs/PRD-核心引擎.md,5.4.2 鍛婅瑙勫垯閰嶇疆锛圥2锛?,| 骞冲彴浣欓 | < 楼100 | 馃煛 鍛婅 | super_admin | 1 灏忔椂 1 娆?|,logic,P1,閫氱煡瀵硅薄应满足：super_admin,源码路径+行号、对应运行测试或数据库/Redis/队列证据,表格单元格已拆为单一字段断言
REQ-CF-00137,core-finance,docs/PRD-核心引擎.md,5.4.2 鍛婅瑙勫垯閰嶇疆锛圥2锛?,| 鍛婅鎸囨爣 | 鏉′欢 | 绛夌骇 | 閫氱煡瀵硅薄 | 棰戠巼闄愬埗 |,logic,P1,棰戠巼闄愬埗应满足：1 灏忔椂 1 娆?,源码路径+行号、对应运行测试或数据库/Redis/队列证据,表格单元格已拆为单一字段断言
REQ-CF-00138,core-finance,docs/PRD-核心引擎.md,5.4.2 鍛婅瑙勫垯閰嶇疆锛圥2锛?,| 鐢ㄦ埛澶辫触鐜?| 鍗曠敤鎴?> 20%锛? 鍒嗛挓锛墊 馃煝 鎻愰啋 | 瀹夊叏绠＄悊鍛?| 15 鍒嗛挓 1 娆?|,logic,P1,鍛婅鎸囨爣应满足：鐢ㄦ埛澶辫触鐜?,源码路径+行号、对应运行测试或数据库/Redis/队列证据,表格单元格已拆为单一字段断言
REQ-CF-00139,core-finance,docs/PRD-核心引擎.md,5.4.2 鍛婅瑙勫垯閰嶇疆锛圥2锛?,| 鐢ㄦ埛澶辫触鐜?| 鍗曠敤鎴?> 20%锛? 鍒嗛挓锛墊 馃煝 鎻愰啋 | 瀹夊叏绠＄悊鍛?| 15 鍒嗛挓 1 娆?|,logic,P1,鏉′欢应满足：鍗曠敤鎴?> 20%锛? 鍒嗛挓锛墊 馃煝 鎻愰啋,源码路径+行号、对应运行测试或数据库/Redis/队列证据,表格单元格已拆为单一字段断言
REQ-CF-00140,core-finance,docs/PRD-核心引擎.md,5.4.2 鍛婅瑙勫垯閰嶇疆锛圥2锛?,| 鐢ㄦ埛澶辫触鐜?| 鍗曠敤鎴?> 20%锛? 鍒嗛挓锛墊 馃煝 鎻愰啋 | 瀹夊叏绠＄悊鍛?| 15 鍒嗛挓 1 娆?|,logic,P1,绛夌骇应满足：瀹夊叏绠＄悊鍛?,源码路径+行号、对应运行测试或数据库/Redis/队列证据,表格单元格已拆为单一字段断言
REQ-CF-00142,core-finance,docs/PRD-核心引擎.md,5.4.2 鍛婅瑙勫垯閰嶇疆锛圥2锛?,| 纾佺洏浣跨敤鐜?| > 85% | 馃煛 鍛婅 | 杩愮淮绠＄悊鍛?| 30 鍒嗛挓 1 娆?|,logic,P1,鍛婅鎸囨爣应满足：纾佺洏浣跨敤鐜?,源码路径+行号、对应运行测试或数据库/Redis/队列证据,表格单元格已拆为单一字段断言
REQ-CF-00143,core-finance,docs/PRD-核心引擎.md,5.4.2 鍛婅瑙勫垯閰嶇疆锛圥2锛?,#### 5.4.2 鍛婅瑙勫垯閰嶇疆锛圥2锛?,logic,P1,鏉′欢应满足：> 85%,源码路径+行号、对应运行测试或数据库/Redis/队列证据,表格单元格已拆为单一字段断言
REQ-CF-00145,core-finance,docs/PRD-核心引擎.md,5.4.2 鍛婅瑙勫垯閰嶇疆锛圥2锛?,| 鍛婅鎸囨爣 | 鏉′欢 | 绛夌骇 | 閫氱煡瀵硅薄 | 棰戠巼闄愬埗 |,logic,P1,閫氱煡瀵硅薄应满足：杩愮淮绠＄悊鍛?,源码路径+行号、对应运行测试或数据库/Redis/队列证据,表格单元格已拆为单一字段断言
REQ-CF-00146,core-finance,docs/PRD-核心引擎.md,5.4.2 鍛婅瑙勫垯閰嶇疆锛圥2锛?,| 纾佺洏浣跨敤鐜?| > 85% | 馃煛 鍛婅 | 杩愮淮绠＄悊鍛?| 30 鍒嗛挓 1 娆?|,logic,P1,棰戠巼闄愬埗应满足：30 鍒嗛挓 1 娆?,源码路径+行号、对应运行测试或数据库/Redis/队列证据,表格单元格已拆为单一字段断言
REQ-CF-00147,core-finance,docs/PRD-核心引擎.md,5.4.2 鍛婅瑙勫垯閰嶇疆锛圥2锛?,| CPU 浣跨敤鐜?| > 80%锛堟寔缁?5 鍒嗛挓锛墊 馃煛 鍛婅 | 杩愮淮绠＄悊鍛?| 30 鍒嗛挓 1 娆?|,logic,P1,鍛婅鎸囨爣应满足：CPU 浣跨敤鐜?,源码路径+行号、对应运行测试或数据库/Redis/队列证据,表格单元格已拆为单一字段断言
REQ-CF-00148,core-finance,docs/PRD-核心引擎.md,5.4.2 鍛婅瑙勫垯閰嶇疆锛圥2锛?,| CPU 浣跨敤鐜?| > 80%锛堟寔缁?5 鍒嗛挓锛墊 馃煛 鍛婅 | 杩愮淮绠＄悊鍛?| 30 鍒嗛挓 1 娆?|,logic,P1,鏉′欢应满足：> 80%锛堟寔缁?5 鍒嗛挓锛墊 馃煛 鍛婅,源码路径+行号、对应运行测试或数据库/Redis/队列证据,表格单元格已拆为单一字段断言
REQ-CF-00150,core-finance,docs/PRD-核心引擎.md,5.4.2 鍛婅瑙勫垯閰嶇疆锛圥2锛?,| 纾佺洏浣跨敤鐜?| > 85% | 馃煛 鍛婅 | 杩愮淮绠＄悊鍛?| 30 鍒嗛挓 1 娆?|,logic,P1,閫氱煡瀵硅薄应满足：30 鍒嗛挓 1 娆?,源码路径+行号、对应运行测试或数据库/Redis/队列证据,表格单元格已拆为单一字段断言
REQ-CF-00151,core-finance,docs/PRD-财务模块增强.md,9.1 财务总账（科目余额表）,⚠️ **此模块已合并至 SPEC-§29 资金与对账管理**,logic,P0,⚠️ **此模块已合并至 SPEC-§29 资金与对账管理**,源码路径+行号、对应运行测试或数据库/Redis/队列证据,N/A：原审计记录未提供补充依据；待复核源码、测试及运行证据。
REQ-CF-00152,core-finance,docs/PRD-财务模块增强.md,9.1 财务总账（科目余额表）,platform_ledger`（逐笔流水）替代 `finance_ledger_snapshots`（每日快照）。,logic,P1,platform_ledger`（逐笔流水）替代 `finance_ledger_snapshots`（每日快照）。,源码路径+行号、对应运行测试或数据库/Redis/队列证据,N/A：原审计记录未提供补充依据；待复核源码、测试及运行证据。
REQ-CF-00153,core-finance,docs/PRD-财务模块增强.md,9.1 财务总账（科目余额表）,逐笔流水可通过聚合查询生成每日科目余额汇总，无需双写。,logic,P0,逐笔流水可通过聚合查询生成每日科目余额汇总，无需双写。,源码路径+行号、对应运行测试或数据库/Redis/队列证据,N/A：原审计记录未提供补充依据；待复核源码、测试及运行证据。
REQ-CF-00154,core-finance,docs/PRD-财务模块增强.md,鑳屾櫙,姣忔湀璐㈠姟闇€瑕佸悜绠＄悊灞傝緭鍑哄畬鏁寸殑璐㈠姟鎶ュ憡锛屽綋鍓嶅彧鏈夋瘺鍒╂鼎鍒嗘瀽锛屾病鏈夋湀搴︽姤鍛婃ā鏉裤€傝储鍔℃瘡鏈堟墜鍔ㄤ粠绯荤粺鍚勫瀵煎嚭鏁版嵁鎷?Excel锛岃€楁椂 2-3 澶┿€?,logic,P1,姣忔湀璐㈠姟闇€瑕佸悜绠＄悊灞傝緭鍑哄畬鏁寸殑璐㈠姟鎶ュ憡锛屽綋鍓嶅彧鏈夋瘺鍒╂鼎鍒嗘瀽锛屾病鏈夋湀搴︽姤鍛婃ā鏉裤€傝储鍔℃瘡鏈堟墜鍔ㄤ粠绯荤粺鍚勫瀵煎嚭鏁版嵁鎷?Excel锛岃€楁椂 2-3 澶┿€?,源码路径+行号、对应运行测试或数据库/Redis/队列证据,N/A：原审计记录未提供补充依据；待复核源码、测试及运行证据。
REQ-CF-00155,core-finance,docs/PRD-财务模块增强.md,鍔熻兘瑙勬牸,| 鎶ュ憡妯℃澘 | 鑷姩鐢熸垚鏈堝害璐㈠姟鎶ュ憡锛屽寘鍚敹鍏?鏀嚭/鍒╂鼎/瓒嬪娍/瀵规瘮 |,logic,P1,妯″潡应满足：鎶ュ憡妯℃澘,源码路径+行号、对应运行测试或数据库/Redis/队列证据,表格单元格已拆为单一字段断言
REQ-CF-00156,core-finance,docs/PRD-财务模块增强.md,鍔熻兘瑙勬牸,| 鎶ュ憡妯℃澘 | 鑷姩鐢熸垚鏈堝害璐㈠姟鎶ュ憡锛屽寘鍚敹鍏?鏀嚭/鍒╂鼎/瓒嬪娍/瀵规瘮 |,logic,P1,璇存槑应满足：鑷姩鐢熸垚鏈堝害璐㈠姟鎶ュ憡锛屽寘鍚敹鍏?鏀嚭/鍒╂鼎/瓒嬪娍/瀵规瘮,源码路径+行号、对应运行测试或数据库/Redis/队列证据,表格单元格已拆为单一字段断言
REQ-CF-00157,core-finance,docs/PRD-财务模块增强.md,鍔熻兘瑙勬牸,| 鎶ュ憡鍐呭 | 鏀跺叆鍒嗘瀽锛堟寜閫氶亾/妯″瀷/浠ｇ悊鍒嗭級銆佹敮鍑哄垎鏋愶紙鎸変緵搴斿晢鍒嗭級銆佹瘺鍒╃巼鍒嗘瀽銆佺敤鎴峰厖鍊?娑堣€楄秼鍔裤€佷唬鐞嗕剑閲戞敮鍑恒€佷緵搴斿晢缁撶畻鏄庣粏 |,logic,P1,妯″潡应满足：鎶ュ憡鍐呭,源码路径+行号、对应运行测试或数据库/Redis/队列证据,表格单元格已拆为单一字段断言
REQ-CF-00158,core-finance,docs/PRD-财务模块增强.md,鍔熻兘瑙勬牸,| 鎶ュ憡鍐呭 | 鏀跺叆鍒嗘瀽锛堟寜閫氶亾/妯″瀷/浠ｇ悊鍒嗭級銆佹敮鍑哄垎鏋愶紙鎸変緵搴斿晢鍒嗭級銆佹瘺鍒╃巼鍒嗘瀽銆佺敤鎴峰厖鍊?娑堣€楄秼鍔裤€佷唬鐞嗕剑閲戞敮鍑恒€佷緵搴斿晢缁撶畻鏄庣粏 |,logic,P1,璇存槑应满足：鏀跺叆鍒嗘瀽锛堟寜閫氶亾/妯″瀷/浠ｇ悊鍒嗭級銆佹敮鍑哄垎鏋愶紙鎸変緵搴斿晢鍒嗭級銆佹瘺鍒╃巼鍒嗘瀽銆佺敤鎴峰厖鍊?娑堣€楄秼鍔裤€佷唬鐞嗕剑閲戞敮鍑恒€佷緵搴斿晢缁撶畻鏄庣粏,源码路径+行号、对应运行测试或数据库/Redis/队列证据,表格单元格已拆为单一字段断言
REQ-CF-00159,core-finance,docs/PRD-财务模块增强.md,鍔熻兘瑙勬牸,| 瀵煎嚭鏍煎紡 | PDF锛堟墦鍗扮増锛? Excel锛堝垎鏋愮増锛墊,logic,P1,| 瀵煎嚭鏍煎紡 | PDF锛堟墦鍗扮増锛? Excel锛堝垎鏋愮増锛墊,源码路径+行号、对应运行测试或数据库/Redis/队列证据,N/A：原审计记录未提供补充依据；待复核源码、测试及运行证据。
REQ-CF-00160,core-finance,docs/PRD-财务模块增强.md,鍔熻兘瑙勬牸,| 鎶ュ憡妯℃澘 | 鑷姩鐢熸垚鏈堝害璐㈠姟鎶ュ憡锛屽寘鍚敹鍏?鏀嚭/鍒╂鼎/瓒嬪娍/瀵规瘮 |,logic,P1,妯″潡应满足：鑷姩鐢熸垚,源码路径+行号、对应运行测试或数据库/Redis/队列证据,表格单元格已拆为单一字段断言
REQ-CF-00161,core-finance,docs/PRD-财务模块增强.md,鍔熻兘瑙勬牸,| 鑷姩鐢熸垚 | 娆℃湀 3 鏃?00:00 鑷姩鐢熸垚涓婃湀鎶ュ憡 |,logic,P1,璇存槑应满足：娆℃湀 3 鏃?00:00 鑷姩鐢熸垚涓婃湀鎶ュ憡,源码路径+行号、对应运行测试或数据库/Redis/队列证据,表格单元格已拆为单一字段断言
REQ-CF-00162,core-finance,docs/PRD-财务模块增强.md,鍔熻兘瑙勬牸,#### 鍔熻兘瑙勬牸,logic,P1,妯″潡应满足：鎺ㄩ€?,源码路径+行号、对应运行测试或数据库/Redis/队列证据,表格单元格已拆为单一字段断言
REQ-CF-00163,core-finance,docs/PRD-财务模块增强.md,鍔熻兘瑙勬牸,| 鎺ㄩ€?| 鐢熸垚鍚庤嚜鍔ㄩ€氱煡璐㈠姟鍜?super_admin |,logic,P1,璇存槑应满足：鐢熸垚鍚庤嚜鍔ㄩ€氱煡璐㈠姟鍜?super_admin,源码路径+行号、对应运行测试或数据库/Redis/队列证据,表格单元格已拆为单一字段断言
REQ-CF-00164,core-finance,docs/PRD-财务模块增强.md,API 鎺ュ彛,| 鏂规硶 | 璺緞 | 璇存槑 | 鏉冮檺 |,api,P1,鏂规硶应满足：`GET`,源码路径+行号、对应运行测试或数据库/Redis/队列证据,表格单元格已拆为单一字段断言
REQ-CF-00165,core-finance,docs/PRD-财务模块增强.md,API 鎺ュ彛,| `GET` | `/api/v1/admin/finance/reports/monthly` | 鏈堝害鎶ュ憡鍒楄〃 | finance 浠ヤ笂 |,api,P1,璺緞应满足：`/api/v1/admin/finance/reports/monthly`,源码路径+行号、对应运行测试或数据库/Redis/队列证据,表格单元格已拆为单一字段断言
REQ-CF-00166,core-finance,docs/PRD-财务模块增强.md,API 鎺ュ彛,| `GET` | `/api/v1/admin/finance/reports/monthly` | 鏈堝害鎶ュ憡鍒楄〃 | finance 浠ヤ笂 |,api,P1,璇存槑应满足：鏈堝害鎶ュ憡鍒楄〃,源码路径+行号、对应运行测试或数据库/Redis/队列证据,表格单元格已拆为单一字段断言
REQ-CF-00167,core-finance,docs/PRD-财务模块增强.md,API 鎺ュ彛,| `GET` | `/api/v1/admin/finance/reports/monthly` | 鏈堝害鎶ュ憡鍒楄〃 | finance 浠ヤ笂 |,api,P1,鏉冮檺应满足：finance 浠ヤ笂,源码路径+行号、对应运行测试或数据库/Redis/队列证据,表格单元格已拆为单一字段断言
REQ-CF-00169,core-finance,docs/PRD-财务模块增强.md,API 鎺ュ彛,| `GET` | `/api/v1/admin/finance/reports/monthly/:period` | 鎸囧畾鏈堜唤鎶ュ憡璇︽儏 | finance 浠ヤ笂 |,api,P1,璺緞应满足：`/api/v1/admin/finance/reports/monthly/:period`,源码路径+行号、对应运行测试或数据库/Redis/队列证据,表格单元格已拆为单一字段断言
REQ-CF-00170,core-finance,docs/PRD-财务模块增强.md,API 鎺ュ彛,| `GET` | `/api/v1/admin/finance/reports/monthly/:period` | 鎸囧畾鏈堜唤鎶ュ憡璇︽儏 | finance 浠ヤ笂 |,api,P1,璇存槑应满足：鎸囧畾鏈堜唤鎶ュ憡璇︽儏,源码路径+行号、对应运行测试或数据库/Redis/队列证据,表格单元格已拆为单一字段断言
REQ-CF-00172,core-finance,docs/PRD-财务模块增强.md,API 鎺ュ彛,| `POST` | `/api/v1/admin/finance/reports/monthly/generate` | 鎵嬪姩鐢熸垚鎶ュ憡 | finance 浠ヤ笂 |,api,P1,鏂规硶应满足：`POST`,源码路径+行号、对应运行测试或数据库/Redis/队列证据,表格单元格已拆为单一字段断言
REQ-CF-00173,core-finance,docs/PRD-财务模块增强.md,API 鎺ュ彛,| `POST` | `/api/v1/admin/finance/reports/monthly/generate` | 鎵嬪姩鐢熸垚鎶ュ憡 | finance 浠ヤ笂 |,api,P1,璺緞应满足：`/api/v1/admin/finance/reports/monthly/generate`,源码路径+行号、对应运行测试或数据库/Redis/队列证据,表格单元格已拆为单一字段断言
REQ-CF-00174,core-finance,docs/PRD-财务模块增强.md,API 鎺ュ彛,| `POST` | `/api/v1/admin/finance/reports/monthly/generate` | 鎵嬪姩鐢熸垚鎶ュ憡 | finance 浠ヤ笂 |,api,P1,璇存槑应满足：鎵嬪姩鐢熸垚鎶ュ憡,源码路径+行号、对应运行测试或数据库/Redis/队列证据,表格单元格已拆为单一字段断言
REQ-CF-00177,core-finance,docs/PRD-财务模块增强.md,API 鎺ュ彛,| `GET` | `/api/v1/admin/finance/reports/monthly/:period/pdf` | 涓嬭浇 PDF | finance 浠ヤ笂 |,api,P1,璺緞应满足：`/api/v1/admin/finance/reports/monthly/:period/pdf`,源码路径+行号、对应运行测试或数据库/Redis/队列证据,表格单元格已拆为单一字段断言
REQ-CF-00178,core-finance,docs/PRD-财务模块增强.md,API 鎺ュ彛,| `GET` | `/api/v1/admin/finance/reports/monthly/:period/pdf` | 涓嬭浇 PDF | finance 浠ヤ笂 |,api,P1,璇存槑应满足：涓嬭浇 PDF,源码路径+行号、对应运行测试或数据库/Redis/队列证据,表格单元格已拆为单一字段断言
REQ-CF-00180,core-finance,docs/PRD-财务模块增强.md,鍓嶇鍙樻洿,"| 璐㈠姟 鈫?鏂板""鏈堝害鎶ュ憡""鍏ュ彛 | 鎶ュ憡鍒楄〃椤碉紝灞曠ず宸茬敓鎴愮殑鏈堝害鎶ュ憡 |",logic,P1,"椤甸潰应满足：璐㈠姟 鈫?鏂板""鏈堝害鎶ュ憡""鍏ュ彛",源码路径+行号、对应运行测试或数据库/Redis/队列证据,表格单元格已拆为单一字段断言
REQ-CF-00181,core-finance,docs/PRD-财务模块增强.md,鍓嶇鍙樻洿,"| 璐㈠姟 鈫?鏂板""鏈堝害鎶ュ憡""鍏ュ彛 | 鎶ュ憡鍒楄〃椤碉紝灞曠ず宸茬敓鎴愮殑鏈堝害鎶ュ憡 |",logic,P1,鍙樻洿应满足：鎶ュ憡鍒楄〃椤碉紝灞曠ず宸茬敓鎴愮殑鏈堝害鎶ュ憡,源码路径+行号、对应运行测试或数据库/Redis/队列证据,表格单元格已拆为单一字段断言
REQ-CF-00182,core-finance,docs/PRD-财务模块增强.md,鍓嶇鍙樻洿,| 璐㈠姟 鈫?鏈堝害鎶ュ憡 鈫?璇︽儏 | 鎶ュ憡璇︽儏椤碉紝瀹屾暣灞曠ず鏀跺叆/鏀嚭/鍒╂鼎/瓒嬪娍 |,logic,P1,椤甸潰应满足：璐㈠姟 鈫?鏈堝害鎶ュ憡 鈫?璇︽儏,源码路径+行号、对应运行测试或数据库/Redis/队列证据,表格单元格已拆为单一字段断言
REQ-CF-00183,core-finance,docs/PRD-财务模块增强.md,鍓嶇鍙樻洿,| 璐㈠姟 鈫?鏈堝害鎶ュ憡 鈫?璇︽儏 | 鎶ュ憡璇︽儏椤碉紝瀹屾暣灞曠ず鏀跺叆/鏀嚭/鍒╂鼎/瓒嬪娍 |,logic,P1,鍙樻洿应满足：鎶ュ憡璇︽儏椤碉紝瀹屾暣灞曠ず鏀跺叆/鏀嚭/鍒╂鼎/瓒嬪娍,源码路径+行号、对应运行测试或数据库/Redis/队列证据,表格单元格已拆为单一字段断言
REQ-CF-00184,core-finance,docs/PRD-财务模块增强.md,鑳屾櫙,姣忔湀璐㈠姟闇€瑕佸悜绠＄悊灞傝緭鍑哄畬鏁寸殑璐㈠姟鎶ュ憡锛屽綋鍓嶅彧鏈夋瘺鍒╂鼎鍒嗘瀽锛屾病鏈夋湀搴︽姤鍛婃ā鏉裤€傝储鍔℃瘡鏈堟墜鍔ㄤ粠绯荤粺鍚勫瀵煎嚭鏁版嵁鎷?Excel锛岃€楁椂 2-3 澶┿€?,api,P1,璐㈠姟姣忓ぉ鏃╀笂闇€瑕佹煡鐪嬫槰鏃ヨ储鍔℃暟鎹€傚綋鍓嶆湁 API 浣嗘棤鑷姩鎺ㄩ€佹満鍒讹紝璐㈠姟姣忓ぉ鎵嬪姩鏌ヨ銆?,源码路径+行号、对应运行测试或数据库/Redis/队列证据,N/A：原审计记录未提供补充依据；待复核源码、测试及运行证据。
REQ-CF-00185,core-finance,docs/PRD-财务模块增强.md,鍔熻兘瑙勬牸,#### 鍔熻兘瑙勬牸,logic,P1,| 鎺ㄩ€佹椂闂?| 姣忓ぉ鏃╀笂 9:00锛堝彲閰嶇疆锛墊,源码路径+行号、对应运行测试或数据库/Redis/队列证据,N/A：原审计记录未提供补充依据；待复核源码、测试及运行证据。
REQ-CF-00186,core-finance,docs/PRD-财务模块增强.md,鍔熻兘瑙勬牸,#### 鍔熻兘瑙勬牸,logic,P1,| 鎺ㄩ€佹笭閬?| 閭欢锛堟敹浠朵汉鍙厤缃紝鏀寔澶氭敹浠朵汉锛墊,源码路径+行号、对应运行测试或数据库/Redis/队列证据,N/A：原审计记录未提供补充依据；待复核源码、测试及运行证据。
REQ-CF-00187,core-finance,docs/PRD-财务模块增强.md,鍔熻兘瑙勬牸,#### 鍔熻兘瑙勬牸,logic,P1,妯″潡应满足：鎺ㄩ€佸唴瀹?,源码路径+行号、对应运行测试或数据库/Redis/队列证据,表格单元格已拆为单一字段断言
REQ-CF-00188,core-finance,docs/PRD-财务模块增强.md,鍔熻兘瑙勬牸,| 妯″潡 | 璇存槑 |,logic,P1,璇存槑应满足：鏄ㄦ棩璐㈠姟鏃ユ姤锛氬厖鍊兼敹鍏?娑堣€楅噾棰?鎻愮幇閲戦/浣ｉ噾鏀嚭/閫€娆鹃噾棰?瀵硅处鐘舵€?骞冲彴浣欓鎬婚,源码路径+行号、对应运行测试或数据库/Redis/队列证据,表格单元格已拆为单一字段断言
REQ-CF-00189,core-finance,docs/PRD-财务模块增强.md,鍔熻兘瑙勬牸,#### 鍔熻兘瑙勬牸,logic,P1,妯″潡应满足：寮傚父鏍囪,源码路径+行号、对应运行测试或数据库/Redis/队列证据,表格单元格已拆为单一字段断言
REQ-CF-00190,core-finance,docs/PRD-财务模块增强.md,鍔熻兘瑙勬牸,| 妯″潡 | 璇存槑 |,logic,P1,璇存槑应满足：瀵硅处涓嶅钩銆佸紓甯告寚鏍囪嚜鍔ㄧ孩鑹叉爣璁?,源码路径+行号、对应运行测试或数据库/Redis/队列证据,表格单元格已拆为单一字段断言
REQ-CF-00191,core-finance,docs/PRD-财务模块增强.md,鍔熻兘瑙勬牸,#### 鍔熻兘瑙勬牸,logic,P1,妯″潡应满足：鎺ㄩ€佸巻鍙?,源码路径+行号、对应运行测试或数据库/Redis/队列证据,表格单元格已拆为单一字段断言
REQ-CF-00192,core-finance,docs/PRD-财务模块增强.md,鍔熻兘瑙勬牸,| 妯″潡 | 璇存槑 |,logic,P1,璇存槑应满足：鏌ョ湅鍘嗗彶鎺ㄩ€佽褰曪紝纭鏄惁姝ｅ父閫佽揪,源码路径+行号、对应运行测试或数据库/Redis/队列证据,表格单元格已拆为单一字段断言
REQ-CF-00194,core-finance,docs/PRD-财务模块增强.md,API 鎺ュ彛,| `GET` | `/api/v1/admin/finance/reports/monthly` | 鏈堝害鎶ュ憡鍒楄〃 | finance 浠ヤ笂 |,api,P1,璺緞应满足：`/api/v1/admin/finance/daily-report/config`,源码路径+行号、对应运行测试或数据库/Redis/队列证据,表格单元格已拆为单一字段断言
REQ-CF-00195,core-finance,docs/PRD-财务模块增强.md,API 鎺ュ彛,| 鏂规硶 | 璺緞 | 璇存槑 | 鏉冮檺 |,api,P1,璇存槑应满足：閰嶇疆鏃ユ姤鎺ㄩ€?,源码路径+行号、对应运行测试或数据库/Redis/队列证据,表格单元格已拆为单一字段断言
REQ-CF-00199,core-finance,docs/PRD-财务模块增强.md,API 鎺ュ彛,| 鏂规硶 | 璺緞 | 璇存槑 | 鏉冮檺 |,api,P1,璇存槑应满足：鏌ョ湅鏃ユ姤閰嶇疆,源码路径+行号、对应运行测试或数据库/Redis/队列证据,表格单元格已拆为单一字段断言
REQ-CF-00202,core-finance,docs/PRD-财务模块增强.md,API 鎺ュ彛,| `GET` | `/api/v1/admin/finance/reports/monthly` | 鏈堝害鎶ュ憡鍒楄〃 | finance 浠ヤ笂 |,api,P1,璺緞应满足：`/api/v1/admin/finance/daily-report/history`,源码路径+行号、对应运行测试或数据库/Redis/队列证据,表格单元格已拆为单一字段断言
REQ-CF-00203,core-finance,docs/PRD-财务模块增强.md,API 鎺ュ彛,| 鏂规硶 | 璺緞 | 璇存槑 | 鏉冮檺 |,api,P1,璇存槑应满足：鎺ㄩ€佸巻鍙茶褰?,源码路径+行号、对应运行测试或数据库/Redis/队列证据,表格单元格已拆为单一字段断言
REQ-CF-00206,core-finance,docs/PRD-财务模块增强.md,API 鎺ュ彛,| `GET` | `/api/v1/admin/finance/reports/monthly` | 鏈堝害鎶ュ憡鍒楄〃 | finance 浠ヤ笂 |,api,P1,璺緞应满足：`/api/v1/admin/finance/daily-report/test`,源码路径+行号、对应运行测试或数据库/Redis/队列证据,表格单元格已拆为单一字段断言
REQ-CF-00207,core-finance,docs/PRD-财务模块增强.md,API 鎺ュ彛,| 鏂规硶 | 璺緞 | 璇存槑 | 鏉冮檺 |,api,P1,璇存槑应满足：鍙戦€佹祴璇曟棩鎶?,源码路径+行号、对应运行测试或数据库/Redis/队列证据,表格单元格已拆为单一字段断言
REQ-CF-00209,core-finance,docs/PRD-财务模块增强.md,鑳屾櫙,#### 鑳屾櫙,logic,P1,浼佷笟瀹㈡埛/浠ｇ悊鏈夊厛娑堣垂鍚庣粨绠楃殑闇€姹傦紙鏈堢粨/璐︽湡锛夈€傚綋鍓嶇郴缁熸棤鎺堜俊棰濆害姒傚康锛岀敤鎴蜂綑棰濅负璐熸椂鐩存帴绂佺敤锛屾棤娉曟敮鎸佸ぇ瀹㈡埛璧婅处鍦烘櫙銆?,源码路径+行号、对应运行测试或数据库/Redis/队列证据,N/A：原审计记录未提供补充依据；待复核源码、测试及运行证据。
REQ-CF-00210,core-finance,docs/PRD-财务模块增强.md,鍔熻兘瑙勬牸,#### 鍔熻兘瑙勬牸,logic,P1,| 鎺堜俊棰濆害閰嶇疆 | 杩愯惀绔负鎸囧畾鐢ㄦ埛璁剧疆鎺堜俊棰濆害锛埪? = 涓嶆敮鎸佽祳璐︼級|锛堝弬鑰冿細鐢ㄦ埛浣欓涓嶈冻鏃讹紝鍙户缁秷璐硅嚦浣欓涓?-鎺堜俊棰濆害锛墊,源码路径+行号、对应运行测试或数据库/Redis/队列证据,N/A：原审计记录未提供补充依据；待复核源码、测试及运行证据。
REQ-CF-00211,core-finance,docs/PRD-财务模块增强.md,鍔熻兘瑙勬牸,#### 鍔熻兘瑙勬牸,logic,P1,妯″潡应满足：娑堣垂瑙勫垯,源码路径+行号、对应运行测试或数据库/Redis/队列证据,表格单元格已拆为单一字段断言
REQ-CF-00212,core-finance,docs/PRD-财务模块增强.md,鍔熻兘瑙勬牸,| 妯″潡 | 璇存槑 |,logic,P1,璇存槑应满足：鐢ㄦ埛浣欓 > 0锛氫紭鍏堟墸浣欓锛涗綑棰濅负 0 浣嗘巿淇￠搴?> 0锛氳鍏ユ瑺璐癸紱娆犺垂瓒呰繃鎺堜俊棰濆害锛氱姝㈣皟鐢?,源码路径+行号、对应运行测试或数据库/Redis/队列证据,表格单元格已拆为单一字段断言
REQ-CF-00213,core-finance,docs/PRD-财务模块增强.md,鍔熻兘瑙勬牸,#### 鍔熻兘瑙勬牸,logic,P1,妯″潡应满足：璐︽湡绠＄悊,源码路径+行号、对应运行测试或数据库/Redis/队列证据,表格单元格已拆为单一字段断言
REQ-CF-00214,core-finance,docs/PRD-财务模块增强.md,鍔熻兘瑙勬牸,| 妯″潡 | 璇存槑 |,logic,P1,璇存槑应满足：閰嶇疆鎺堜俊鐢ㄦ埛鐨勭粨绠楀懆鏈燂紙鏈堢粨/鍗婃湀缁擄級锛屽埌鏈熻嚜鍔ㄧ敓鎴愯处鍗?,源码路径+行号、对应运行测试或数据库/Redis/队列证据,表格单元格已拆为单一字段断言
REQ-CF-00215,core-finance,docs/PRD-财务模块增强.md,鍔熻兘瑙勬牸,#### 鍔熻兘瑙勬牸,logic,P1,妯″潡应满足：娆犺垂鎻愰啋,源码路径+行号、对应运行测试或数据库/Redis/队列证据,表格单元格已拆为单一字段断言
REQ-CF-00216,core-finance,docs/PRD-财务模块增强.md,鍔熻兘瑙勬牸,| 妯″潡 | 璇存槑 |,logic,P1,璇存槑应满足：娆犺垂杈炬巿淇￠搴?50%/80%/100% 鏃跺垎鍒€氱煡,源码路径+行号、对应运行测试或数据库/Redis/队列证据,表格单元格已拆为单一字段断言
REQ-CF-00217,core-finance,docs/PRD-财务模块增强.md,鍔熻兘瑙勬牸,#### 鍔熻兘瑙勬牸,logic,P1,妯″潡应满足：鎺堜俊瀹℃壒,源码路径+行号、对应运行测试或数据库/Redis/队列证据,表格单元格已拆为单一字段断言
REQ-CF-00218,core-finance,docs/PRD-财务模块增强.md,鍔熻兘瑙勬牸,| 鎺ㄩ€?| 鐢熸垚鍚庤嚜鍔ㄩ€氱煡璐㈠姟鍜?super_admin |,logic,P1,璇存槑应满足：璁剧疆鎺堜俊棰濆害闇€ super_admin 瀹℃壒锛岃褰曟搷浣滄棩蹇?,源码路径+行号、对应运行测试或数据库/Redis/队列证据,表格单元格已拆为单一字段断言
REQ-CF-00219,core-finance,docs/PRD-财务模块增强.md,API 鎺ュ彛,| 鏂规硶 | 璺緞 | 璇存槑 | 鏉冮檺 |,api,P1,鏂规硶应满足：`PUT`,源码路径+行号、对应运行测试或数据库/Redis/队列证据,表格单元格已拆为单一字段断言
REQ-CF-00220,core-finance,docs/PRD-财务模块增强.md,API 鎺ュ彛,| `GET` | `/api/v1/admin/finance/reports/monthly` | 鏈堝害鎶ュ憡鍒楄〃 | finance 浠ヤ笂 |,api,P1,璺緞应满足：`/api/v1/admin/users/:id/credit-limit`,源码路径+行号、对应运行测试或数据库/Redis/队列证据,表格单元格已拆为单一字段断言
REQ-CF-00221,core-finance,docs/PRD-财务模块增强.md,API 鎺ュ彛,| 鏂规硶 | 璺緞 | 璇存槑 | 鏉冮檺 |,api,P1,璇存槑应满足：璁剧疆鐢ㄦ埛鎺堜俊棰濆害,源码路径+行号、对应运行测试或数据库/Redis/队列证据,表格单元格已拆为单一字段断言
REQ-CF-00222,core-finance,docs/PRD-财务模块增强.md,API 鎺ュ彛,| `GET` | `/api/v1/admin/finance/reports/monthly` | 鏈堝害鎶ュ憡鍒楄〃 | finance 浠ヤ笂 |,api,P1,鏉冮檺应满足：super_admin,源码路径+行号、对应运行测试或数据库/Redis/队列证据,表格单元格已拆为单一字段断言
REQ-CF-00224,core-finance,docs/PRD-财务模块增强.md,API 鎺ュ彛,| `GET` | `/api/v1/admin/finance/reports/monthly` | 鏈堝害鎶ュ憡鍒楄〃 | finance 浠ヤ笂 |,api,P1,璺緞应满足：`/api/v1/admin/users/credit-list`,源码路径+行号、对应运行测试或数据库/Redis/队列证据,表格单元格已拆为单一字段断言
REQ-CF-00225,core-finance,docs/PRD-财务模块增强.md,API 鎺ュ彛,| 鏂规硶 | 璺緞 | 璇存槑 | 鏉冮檺 |,api,P1,璇存槑应满足：鎺堜俊鐢ㄦ埛鍒楄〃,源码路径+行号、对应运行测试或数据库/Redis/队列证据,表格单元格已拆为单一字段断言
REQ-CF-00228,core-finance,docs/PRD-财务模块增强.md,API 鎺ュ彛,| `GET` | `/api/v1/admin/finance/reports/monthly` | 鏈堝害鎶ュ憡鍒楄〃 | finance 浠ヤ笂 |,api,P1,璺緞应满足：`/api/v1/admin/credit/usage`,源码路径+行号、对应运行测试或数据库/Redis/队列证据,表格单元格已拆为单一字段断言
REQ-CF-00229,core-finance,docs/PRD-财务模块增强.md,API 鎺ュ彛,| 鏂规硶 | 璺緞 | 璇存槑 | 鏉冮檺 |,api,P1,璇存槑应满足：鎺堜俊棰濆害浣跨敤缁熻,源码路径+行号、对应运行测试或数据库/Redis/队列证据,表格单元格已拆为单一字段断言
REQ-CF-00232,core-finance,docs/PRD-财务模块增强.md,API 鎺ュ彛,| `GET` | `/api/v1/admin/finance/reports/monthly` | 鏈堝害鎶ュ憡鍒楄〃 | finance 浠ヤ笂 |,api,P1,璺緞应满足：`/api/v1/me/credit`,源码路径+行号、对应运行测试或数据库/Redis/队列证据,表格单元格已拆为单一字段断言
REQ-CF-00233,core-finance,docs/PRD-财务模块增强.md,API 鎺ュ彛,| 鏂规硶 | 璺緞 | 璇存槑 | 鏉冮檺 |,api,P1,璇存槑应满足：鐢ㄦ埛鏌ョ湅鑷繁鐨勬巿淇′俊鎭?,源码路径+行号、对应运行测试或数据库/Redis/队列证据,表格单元格已拆为单一字段断言
REQ-CF-00234,core-finance,docs/PRD-财务模块增强.md,API 鎺ュ彛,| 鏂规硶 | 璺緞 | 璇存槑 | 鏉冮檺 |,api,P1,鏉冮檺应满足：鐢ㄦ埛,源码路径+行号、对应运行测试或数据库/Redis/队列证据,表格单元格已拆为单一字段断言
REQ-CF-00235,core-finance,docs/PRD-财务模块增强.md,鍓嶇鍙樻洿,| 椤甸潰 | 鍙樻洿 |,logic,P1,"椤甸潰应满足：绠＄悊鍚庡彴 鈫?鐢ㄦ埛璇︽儏 鈫?鏂板""鎺堜俊绠＄悊""鏍囩椤?",源码路径+行号、对应运行测试或数据库/Redis/队列证据,表格单元格已拆为单一字段断言
REQ-CF-00236,core-finance,docs/PRD-财务模块增强.md,鍓嶇鍙樻洿,| 椤甸潰 | 鍙樻洿 |,logic,P1,鍙樻洿应满足：璁剧疆鎺堜俊棰濆害銆佹煡鐪嬩娇鐢ㄨ褰?,源码路径+行号、对应运行测试或数据库/Redis/队列证据,表格单元格已拆为单一字段断言
REQ-CF-00237,core-finance,docs/PRD-财务模块增强.md,鍓嶇鍙樻洿,| 椤甸潰 | 鍙樻洿 |,logic,P1,"椤甸潰应满足：绠＄悊鍚庡彴 鈫?鏂板""鎺堜俊绠＄悊""鍏ュ彛",源码路径+行号、对应运行测试或数据库/Redis/队列证据,表格单元格已拆为单一字段断言
REQ-CF-00238,core-finance,docs/PRD-财务模块增强.md,鍓嶇鍙樻洿,| 椤甸潰 | 鍙樻洿 |,logic,P1,鍙樻洿应满足：鎺堜俊鐢ㄦ埛鍒楄〃锛屽睍绀洪搴?宸茬敤/鍙敤/璐︽湡,源码路径+行号、对应运行测试或数据库/Redis/队列证据,表格单元格已拆为单一字段断言
REQ-CF-00239,core-finance,docs/PRD-财务模块增强.md,鍓嶇鍙樻洿,| 椤甸潰 | 鍙樻洿 |,logic,P1,椤甸潰应满足：鐢ㄦ埛绔?鈫?浣欓鍗＄墖,源码路径+行号、对应运行测试或数据库/Redis/队列证据,表格单元格已拆为单一字段断言
REQ-CF-00240,core-finance,docs/PRD-财务模块增强.md,鍓嶇鍙樻洿,| 椤甸潰 | 鍙樻洿 |,logic,P1,"鍙樻洿应满足：灞曠ず鎺堜俊棰濆害淇℃伅锛?鍙敤棰濆害 楼XX / 宸茬敤 楼XX""",源码路径+行号、对应运行测试或数据库/Redis/队列证据,表格单元格已拆为单一字段断言
REQ-CF-00241,core-finance,docs/PRD-财务模块增强.md,鑳屾櫙,姣忔湀璐㈠姟闇€瑕佸悜绠＄悊灞傝緭鍑哄畬鏁寸殑璐㈠姟鎶ュ憡锛屽綋鍓嶅彧鏈夋瘺鍒╂鼎鍒嗘瀽锛屾病鏈夋湀搴︽姤鍛婃ā鏉裤€傝储鍔℃瘡鏈堟墜鍔ㄤ粠绯荤粺鍚勫瀵煎嚭鏁版嵁鎷?Excel锛岃€楁椂 2-3 澶┿€?,logic,P1,褰撳墠閫€娆炬祦绋嬶細鐢ㄦ埛鐢宠 鈫?璐㈠姟瀹℃牳 鈫?鎵嬪姩璋冩暣浣欓 鈫?鎵嬪姩璁＄畻浣ｉ噾鎵ｅ洖銆傛搷浣滈闄╅珮锛屼笖瀹规槗婕忕畻宸插彂鏀剧殑浣ｉ噾銆?,源码路径+行号、对应运行测试或数据库/Redis/队列证据,N/A：原审计记录未提供补充依据；待复核源码、测试及运行证据。
REQ-CF-00242,core-finance,docs/PRD-财务模块增强.md,鍔熻兘瑙勬牸,#### 鍔熻兘瑙勬牸,logic,P1,妯″潡应满足：閫€娆剧敵璇?,源码路径+行号、对应运行测试或数据库/Redis/队列证据,表格单元格已拆为单一字段断言
REQ-CF-00243,core-finance,docs/PRD-财务模块增强.md,鍔熻兘瑙勬牸,| 妯″潡 | 璇存槑 |,logic,P1,璇存槑应满足：鐢ㄦ埛绔彁浜ら€€娆剧敵璇凤紝閫夋嫨閫€娆惧師鍥?,源码路径+行号、对应运行测试或数据库/Redis/队列证据,表格单元格已拆为单一字段断言
REQ-CF-00244,core-finance,docs/PRD-财务模块增强.md,鍔熻兘瑙勬牸,#### 鍔熻兘瑙勬牸,logic,P1,妯″潡应满足：閫€娆惧鏍?,源码路径+行号、对应运行测试或数据库/Redis/队列证据,表格单元格已拆为单一字段断言
REQ-CF-00245,core-finance,docs/PRD-财务模块增强.md,鍔熻兘瑙勬牸,| 妯″潡 | 璇存槑 |,logic,P1,璇存槑应满足：璐㈠姟瀹℃牳閫€娆剧敵璇凤紝纭閫€娆鹃噾棰?,源码路径+行号、对应运行测试或数据库/Redis/队列证据,表格单元格已拆为单一字段断言
REQ-CF-00246,core-finance,docs/PRD-财务模块增强.md,鍔熻兘瑙勬牸,#### 鍔熻兘瑙勬牸,logic,P1,妯″潡应满足：鑷姩浣欓璋冩暣,源码路径+行号、对应运行测试或数据库/Redis/队列证据,表格单元格已拆为单一字段断言
REQ-CF-00247,core-finance,docs/PRD-财务模块增强.md,鍔熻兘瑙勬牸,| 妯″潡 | 璇存槑 |,logic,P1,璇存槑应满足：瀹℃牳閫氳繃鍚庣郴缁熻嚜鍔ㄦ墸鍑忎綑棰濓紙涓嶅啀鎵嬪姩鎿嶄綔锛墊,源码路径+行号、对应运行测试或数据库/Redis/队列证据,表格单元格已拆为单一字段断言
REQ-CF-00248,core-finance,docs/PRD-财务模块增强.md,鍔熻兘瑙勬牸,#### 鍔熻兘瑙勬牸,logic,P1,妯″潡应满足：浣ｉ噾鎵ｅ洖璁＄畻,源码路径+行号、对应运行测试或数据库/Redis/队列证据,表格单元格已拆为单一字段断言
REQ-CF-00249,core-finance,docs/PRD-财务模块增强.md,鍔熻兘瑙勬牸,| 鎶ュ憡鍐呭 | 鏀跺叆鍒嗘瀽锛堟寜閫氶亾/妯″瀷/浠ｇ悊鍒嗭級銆佹敮鍑哄垎鏋愶紙鎸変緵搴斿晢鍒嗭級銆佹瘺鍒╃巼鍒嗘瀽銆佺敤鎴峰厖鍊?娑堣€楄秼鍔裤€佷唬鐞嗕剑閲戞敮鍑恒€佷緵搴斿晢缁撶畻鏄庣粏 |,logic,P1,璇存槑应满足：鑷姩璁＄畻璇ョ敤鎴锋渶杩戠殑娑堣垂涓凡鍙戞斁鐨勪唬鐞嗕剑閲戯紝鎸夋瘮渚嬫墸鍥?,源码路径+行号、对应运行测试或数据库/Redis/队列证据,表格单元格已拆为单一字段断言
REQ-CF-00250,core-finance,docs/PRD-财务模块增强.md,鍔熻兘瑙勬牸,#### 鍔熻兘瑙勬牸,logic,P1,妯″潡应满足：浣ｉ噾鎵ｅ洖鎵ц,源码路径+行号、对应运行测试或数据库/Redis/队列证据,表格单元格已拆为单一字段断言
REQ-CF-00251,core-finance,docs/PRD-财务模块增强.md,鍔熻兘瑙勬牸,| 妯″潡 | 璇存槑 |,logic,P1,璇存槑应满足：鎵ｅ洖閲戦浠庝唬鐞嗙殑寰呯粨绠椾剑閲戜腑鎵ｉ櫎锛屽涓嶈冻鍒欒鍏ヤ唬鐞嗘瑺娆?,源码路径+行号、对应运行测试或数据库/Redis/队列证据,表格单元格已拆为单一字段断言
REQ-CF-00252,core-finance,docs/PRD-财务模块增强.md,鍔熻兘瑙勬牸,#### 鍔熻兘瑙勬牸,logic,P1,妯″潡应满足：閫€娆捐褰?,源码路径+行号、对应运行测试或数据库/Redis/队列证据,表格单元格已拆为单一字段断言
REQ-CF-00253,core-finance,docs/PRD-财务模块增强.md,鍔熻兘瑙勬牸,| 妯″潡 | 璇存槑 |,logic,P1,璇存槑应满足：瀹屾暣鐨勯€€娆?浣ｉ噾鎵ｅ洖瀹¤閾捐矾,源码路径+行号、对应运行测试或数据库/Redis/队列证据,表格单元格已拆为单一字段断言
REQ-CF-00255,core-finance,docs/PRD-财务模块增强.md,API 鎺ュ彛,| `GET` | `/api/v1/admin/finance/reports/monthly` | 鏈堝害鎶ュ憡鍒楄〃 | finance 浠ヤ笂 |,api,P1,璺緞应满足：`/api/v1/me/refunds`,源码路径+行号、对应运行测试或数据库/Redis/队列证据,表格单元格已拆为单一字段断言
REQ-CF-00256,core-finance,docs/PRD-财务模块增强.md,API 鎺ュ彛,| 鏂规硶 | 璺緞 | 璇存槑 | 鏉冮檺 |,api,P1,璇存槑应满足：鐢ㄦ埛鎻愪氦閫€娆剧敵璇?,源码路径+行号、对应运行测试或数据库/Redis/队列证据,表格单元格已拆为单一字段断言
REQ-CF-00259,core-finance,docs/PRD-财务模块增强.md,API 鎺ュ彛,| `GET` | `/api/v1/admin/finance/reports/monthly` | 鏈堝害鎶ュ憡鍒楄〃 | finance 浠ヤ笂 |,api,P1,璺緞应满足：`/api/v1/admin/refunds`,源码路径+行号、对应运行测试或数据库/Redis/队列证据,表格单元格已拆为单一字段断言
REQ-CF-00260,core-finance,docs/PRD-财务模块增强.md,API 鎺ュ彛,| 鏂规硶 | 璺緞 | 璇存槑 | 鏉冮檺 |,api,P1,璇存槑应满足：閫€娆惧垪琛?,源码路径+行号、对应运行测试或数据库/Redis/队列证据,表格单元格已拆为单一字段断言
REQ-CF-00263,core-finance,docs/PRD-财务模块增强.md,API 鎺ュ彛,| `GET` | `/api/v1/admin/finance/reports/monthly` | 鏈堝害鎶ュ憡鍒楄〃 | finance 浠ヤ笂 |,api,P1,璺緞应满足：`/api/v1/admin/refunds/:id/review`,源码路径+行号、对应运行测试或数据库/Redis/队列证据,表格单元格已拆为单一字段断言
REQ-CF-00264,core-finance,docs/PRD-财务模块增强.md,API 鎺ュ彛,| 鏂规硶 | 璺緞 | 璇存槑 | 鏉冮檺 |,api,P1,璇存槑应满足：瀹℃牳閫€娆撅紙鍚嚜鍔ㄤ剑閲戞墸鍥炶绠楋級,源码路径+行号、对应运行测试或数据库/Redis/队列证据,表格单元格已拆为单一字段断言
REQ-CF-00267,core-finance,docs/PRD-财务模块增强.md,API 鎺ュ彛,| `GET` | `/api/v1/admin/finance/reports/monthly` | 鏈堝害鎶ュ憡鍒楄〃 | finance 浠ヤ笂 |,api,P1,璺緞应满足：`/api/v1/admin/refunds/:id/commission-impact`,源码路径+行号、对应运行测试或数据库/Redis/队列证据,表格单元格已拆为单一字段断言
REQ-CF-00268,core-finance,docs/PRD-财务模块增强.md,API 鎺ュ彛,| 鏂规硶 | 璺緞 | 璇存槑 | 鏉冮檺 |,api,P1,璇存槑应满足：鏌ョ湅閫€娆炬秹鍙婄殑浣ｉ噾鎵ｅ洖鏄庣粏,源码路径+行号、对应运行测试或数据库/Redis/队列证据,表格单元格已拆为单一字段断言
REQ-CF-00270,core-finance,docs/PRD-财务模块增强.md,鑳屾櫙,姣忔湀璐㈠姟闇€瑕佸悜绠＄悊灞傝緭鍑哄畬鏁寸殑璐㈠姟鎶ュ憡锛屽綋鍓嶅彧鏈夋瘺鍒╂鼎鍒嗘瀽锛屾病鏈夋湀搴︽姤鍛婃ā鏉裤€傝储鍔℃瘡鏈堟墜鍔ㄤ粠绯荤粺鍚勫瀵煎嚭鏁版嵁鎷?Excel锛岃€楁椂 2-3 澶┿€?,logic,P1,璐㈠姟姣忔湀闇€瑕佸悜绋庡姟閮ㄩ棬鐢虫姤锛岄渶瑕佺煡閬撴湰鏈堝紑绁ㄩ噾棰濄€佹湭寮€绁ㄩ噾棰濄€佸鍊肩◣涓撶敤鍙戠エ缁熻銆傚綋鍓嶇郴缁熷彧璁板綍鍙戠エ鐢宠娴佺▼锛屾病鏈夊紑绁ㄧ粺璁″拰绋庣エ鍒嗘瀽銆?,源码路径+行号、对应运行测试或数据库/Redis/队列证据,N/A：原审计记录未提供补充依据；待复核源码、测试及运行证据。
REQ-CF-00271,core-finance,docs/PRD-财务模块增强.md,鍔熻兘瑙勬牸,#### 鍔熻兘瑙勬牸,logic,P1,妯″潡应满足：寮€绁ㄧ粺璁?,源码路径+行号、对应运行测试或数据库/Redis/队列证据,表格单元格已拆为单一字段断言
REQ-CF-00272,core-finance,docs/PRD-财务模块增强.md,鍔熻兘瑙勬牸,| 妯″潡 | 璇存槑 |,logic,P1,璇存槑应满足：鏈湀寮€绁ㄩ噾棰濓紙鏅エ/涓撶エ鍒嗗埆缁熻锛夈€佸紑绁ㄧ瑪鏁般€佸悓姣?鐜瘮,源码路径+行号、对应运行测试或数据库/Redis/队列证据,表格单元格已拆为单一字段断言
REQ-CF-00273,core-finance,docs/PRD-财务模块增强.md,鍔熻兘瑙勬牸,#### 鍔熻兘瑙勬牸,logic,P1,妯″潡应满足：鏈紑绁ㄧ粺璁?,源码路径+行号、对应运行测试或数据库/Redis/队列证据,表格单元格已拆为单一字段断言
REQ-CF-00274,core-finance,docs/PRD-财务模块增强.md,鍔熻兘瑙勬牸,| 妯″潡 | 璇存槑 |,logic,P1,璇存槑应满足：鏈紑绁ㄦ秷璐归噾棰濄€佸彲寮€绁ㄤ絾鏈敵璇风殑鏈堜唤,源码路径+行号、对应运行测试或数据库/Redis/队列证据,表格单元格已拆为单一字段断言
REQ-CF-00275,core-finance,docs/PRD-财务模块增强.md,鍔熻兘瑙勬牸,| 鎶ュ憡鍐呭 | 鏀跺叆鍒嗘瀽锛堟寜閫氶亾/妯″瀷/浠ｇ悊鍒嗭級銆佹敮鍑哄垎鏋愶紙鎸変緵搴斿晢鍒嗭級銆佹瘺鍒╃巼鍒嗘瀽銆佺敤鎴峰厖鍊?娑堣€楄秼鍔裤€佷唬鐞嗕剑閲戞敮鍑恒€佷緵搴斿晢缁撶畻鏄庣粏 |,logic,P1,妯″潡应满足：绋庣エ鍒嗘瀽,源码路径+行号、对应运行测试或数据库/Redis/队列证据,表格单元格已拆为单一字段断言
REQ-CF-00276,core-finance,docs/PRD-财务模块增强.md,鍔熻兘瑙勬牸,| 妯″潡 | 璇存槑 |,logic,P1,璇存槑应满足：澧炲€肩◣涓撶敤鍙戠エ鍗犳瘮銆佽繘椤规姷鎵ｉ浼?,源码路径+行号、对应运行测试或数据库/Redis/队列证据,表格单元格已拆为单一字段断言
REQ-CF-00277,core-finance,docs/PRD-财务模块增强.md,鍔熻兘瑙勬牸,#### 鍔熻兘瑙勬牸,logic,P1,妯″潡应满足：寮€绁ㄨ秼鍔?,源码路径+行号、对应运行测试或数据库/Redis/队列证据,表格单元格已拆为单一字段断言
REQ-CF-00278,core-finance,docs/PRD-财务模块增强.md,鍔熻兘瑙勬牸,| 妯″潡 | 璇存槑 |,logic,P1,璇存槑应满足：杩?12 涓湀寮€绁ㄩ噾棰濊秼鍔垮浘,源码路径+行号、对应运行测试或数据库/Redis/队列证据,表格单元格已拆为单一字段断言
REQ-CF-00279,core-finance,docs/PRD-财务模块增强.md,鍔熻兘瑙勬牸,| 瀵煎嚭鏍煎紡 | PDF锛堟墦鍗扮増锛? Excel锛堝垎鏋愮増锛墊,logic,P1,妯″潡应满足：瀵煎嚭,源码路径+行号、对应运行测试或数据库/Redis/队列证据,表格单元格已拆为单一字段断言
REQ-CF-00280,core-finance,docs/PRD-财务模块增强.md,鍔熻兘瑙勬牸,| 瀵煎嚭鏍煎紡 | PDF锛堟墦鍗扮増锛? Excel锛堝垎鏋愮増锛墊,logic,P1,璇存槑应满足：寮€绁ㄦ槑缁嗗鍑轰负 CSV/Excel锛岀敤浜庣◣鍔＄敵鎶?,源码路径+行号、对应运行测试或数据库/Redis/队列证据,表格单元格已拆为单一字段断言
REQ-CF-00282,core-finance,docs/PRD-财务模块增强.md,API 鎺ュ彛,| `GET` | `/api/v1/admin/finance/reports/monthly` | 鏈堝害鎶ュ憡鍒楄〃 | finance 浠ヤ笂 |,api,P1,璺緞应满足：`/api/v1/admin/finance/tax-summary`,源码路径+行号、对应运行测试或数据库/Redis/队列证据,表格单元格已拆为单一字段断言
REQ-CF-00283,core-finance,docs/PRD-财务模块增强.md,API 鎺ュ彛,| 鏂规硶 | 璺緞 | 璇存槑 | 鏉冮檺 |,api,P1,璇存槑应满足：绋庣エ缁熻鎬昏,源码路径+行号、对应运行测试或数据库/Redis/队列证据,表格单元格已拆为单一字段断言
REQ-CF-00286,core-finance,docs/PRD-财务模块增强.md,API 鎺ュ彛,| `GET` | `/api/v1/admin/finance/reports/monthly` | 鏈堝害鎶ュ憡鍒楄〃 | finance 浠ヤ笂 |,api,P1,璺緞应满足：`/api/v1/admin/finance/tax-summary/detail`,源码路径+行号、对应运行测试或数据库/Redis/队列证据,表格单元格已拆为单一字段断言
REQ-CF-00287,core-finance,docs/PRD-财务模块增强.md,API 鎺ュ彛,| 鏂规硶 | 璺緞 | 璇存槑 | 鏉冮檺 |,api,P1,璇存槑应满足：寮€绁ㄦ槑缁?,源码路径+行号、对应运行测试或数据库/Redis/队列证据,表格单元格已拆为单一字段断言
REQ-CF-00290,core-finance,docs/PRD-财务模块增强.md,API 鎺ュ彛,| `GET` | `/api/v1/admin/finance/reports/monthly` | 鏈堝害鎶ュ憡鍒楄〃 | finance 浠ヤ笂 |,api,P1,璺緞应满足：`/api/v1/admin/finance/tax-summary/uninvoiced`,源码路径+行号、对应运行测试或数据库/Redis/队列证据,表格单元格已拆为单一字段断言
REQ-CF-00291,core-finance,docs/PRD-财务模块增强.md,API 鎺ュ彛,| 鏂规硶 | 璺緞 | 璇存槑 | 鏉冮檺 |,api,P1,璇存槑应满足：鏈紑绁ㄦ秷璐规槑缁?,源码路径+行号、对应运行测试或数据库/Redis/队列证据,表格单元格已拆为单一字段断言
REQ-CF-00293,core-finance,docs/PRD-财务模块增强.md,鍓嶇鍙樻洿,"| 璐㈠姟 鈫?鏂板""鏈堝害鎶ュ憡""鍏ュ彛 | 鎶ュ憡鍒楄〃椤碉紝灞曠ず宸茬敓鎴愮殑鏈堝害鎶ュ憡 |",logic,P1,"椤甸潰应满足：璐㈠姟 鈫?鏂板""绋庣エ缁熻""鍏ュ彛",源码路径+行号、对应运行测试或数据库/Redis/队列证据,表格单元格已拆为单一字段断言
REQ-CF-00294,core-finance,docs/PRD-财务模块增强.md,鍓嶇鍙樻洿,"| 璐㈠姟 鈫?鏂板""鏈堝害鎶ュ憡""鍏ュ彛 | 鎶ュ憡鍒楄〃椤碉紝灞曠ず宸茬敓鎴愮殑鏈堝害鎶ュ憡 |",logic,P1,鍙樻洿应满足：寮€绁ㄧ粺璁＄湅鏉匡紝灞曠ず寮€绁ㄩ噾棰?鏈紑绁ㄩ噾棰?瓒嬪娍,源码路径+行号、对应运行测试或数据库/Redis/队列证据,表格单元格已拆为单一字段断言
REQ-CF-00295,core-finance,docs/PRD-财务模块增强.md,鍓嶇鍙樻洿,"| 璐㈠姟 鈫?鏂板""鏈堝害鎶ュ憡""鍏ュ彛 | 鎶ュ憡鍒楄〃椤碉紝灞曠ず宸茬敓鎴愮殑鏈堝害鎶ュ憡 |",logic,P1,椤甸潰应满足：璐㈠姟 鈫?绋庣エ缁熻 鈫?鏄庣粏,源码路径+行号、对应运行测试或数据库/Redis/队列证据,表格单元格已拆为单一字段断言
REQ-CF-00296,core-finance,docs/PRD-财务模块增强.md,鍓嶇鍙樻洿,| 椤甸潰 | 鍙樻洿 |,logic,P1,鍙樻洿应满足：寮€绁ㄦ槑缁嗗垪琛紝鏀寔瀵煎嚭,源码路径+行号、对应运行测试或数据库/Redis/队列证据,表格单元格已拆为单一字段断言
REQ-CF-00297,core-finance,docs/PRD-财务模块增强.md,9.7 璐㈠姟妯″潡鎬昏,| 璐㈠姟鎬昏处锛堢鐩綑棰濊〃锛墊 P0 | 鍚庣5d+鍓嶇3d | 璐㈠姟鏃ュ父宸ヤ綔鐨勬牳蹇冨伐鍏?|,logic,P0,妯″潡应满足：璐㈠姟鎬昏处锛堢鐩綑棰濊〃锛墊 P0,源码路径+行号、对应运行测试或数据库/Redis/队列证据,表格单元格已拆为单一字段断言
REQ-CF-00298,core-finance,docs/PRD-财务模块增强.md,9.7 璐㈠姟妯″潡鎬昏,| 璐㈠姟鎬昏处锛堢鐩綑棰濊〃锛墊 P0 | 鍚庣5d+鍓嶇3d | 璐㈠姟鏃ュ父宸ヤ綔鐨勬牳蹇冨伐鍏?|,logic,P1,浼樺厛绾?应满足：鍚庣5d+鍓嶇3d,源码路径+行号、对应运行测试或数据库/Redis/队列证据,表格单元格已拆为单一字段断言
REQ-CF-00299,core-finance,docs/PRD-财务模块增强.md,9.7 璐㈠姟妯″潡鎬昏,| 璐㈠姟鎬昏处锛堢鐩綑棰濊〃锛墊 P0 | 鍚庣5d+鍓嶇3d | 璐㈠姟鏃ュ父宸ヤ綔鐨勬牳蹇冨伐鍏?|,logic,P1,棰勪及宸ヤ綔閲?应满足：璐㈠姟鏃ュ父宸ヤ綔鐨勬牳蹇冨伐鍏?,源码路径+行号、对应运行测试或数据库/Redis/队列证据,表格单元格已拆为单一字段断言
REQ-CF-00300,core-finance,docs/PRD-财务模块增强.md,9.7 璐㈠姟妯″潡鎬昏,| 鏈堝害璐㈠姟鎶ュ憡 | P0 | 鍚庣3d+鍓嶇2d | 绠＄悊灞傚喅绛栫殑鏍稿績鏁版嵁 |,logic,P1,妯″潡应满足：鏈堝害璐㈠姟鎶ュ憡,源码路径+行号、对应运行测试或数据库/Redis/队列证据,表格单元格已拆为单一字段断言
REQ-CF-00301,core-finance,docs/PRD-财务模块增强.md,9.7 璐㈠姟妯″潡鎬昏,| 妯″潡 | 浼樺厛绾?| 棰勪及宸ヤ綔閲?| 鏍稿績浠峰€?|,logic,P0,浼樺厛绾?应满足：P0,源码路径+行号、对应运行测试或数据库/Redis/队列证据,表格单元格已拆为单一字段断言
REQ-CF-00302,core-finance,docs/PRD-财务模块增强.md,9.7 璐㈠姟妯″潡鎬昏,| 鏈堝害璐㈠姟鎶ュ憡 | P0 | 鍚庣3d+鍓嶇2d | 绠＄悊灞傚喅绛栫殑鏍稿績鏁版嵁 |,logic,P1,棰勪及宸ヤ綔閲?应满足：鍚庣3d+鍓嶇2d,源码路径+行号、对应运行测试或数据库/Redis/队列证据,表格单元格已拆为单一字段断言
REQ-CF-00303,core-finance,docs/PRD-财务模块增强.md,9.7 璐㈠姟妯″潡鎬昏,| 鏈堝害璐㈠姟鎶ュ憡 | P0 | 鍚庣3d+鍓嶇2d | 绠＄悊灞傚喅绛栫殑鏍稿績鏁版嵁 |,logic,P1,鏍稿績浠峰€?应满足：绠＄悊灞傚喅绛栫殑鏍稿績鏁版嵁,源码路径+行号、对应运行测试或数据库/Redis/队列证据,表格单元格已拆为单一字段断言
REQ-CF-00304,core-finance,docs/PRD-财务模块增强.md,9.7 璐㈠姟妯″潡鎬昏,| 璐㈠姟鏃ユ姤鑷姩鎺ㄩ€?| P0 | 鍚庣2d | 姣忓ぉ鏃╀笂蹇呴』鐪?|,logic,P1,妯″潡应满足：璐㈠姟鏃ユ姤鑷姩鎺ㄩ€?,源码路径+行号、对应运行测试或数据库/Redis/队列证据,表格单元格已拆为单一字段断言
REQ-CF-00306,core-finance,docs/PRD-财务模块增强.md,9.7 璐㈠姟妯″潡鎬昏,| 妯″潡 | 浼樺厛绾?| 棰勪及宸ヤ綔閲?| 鏍稿績浠峰€?|,logic,P1,棰勪及宸ヤ綔閲?应满足：鍚庣2d,源码路径+行号、对应运行测试或数据库/Redis/队列证据,表格单元格已拆为单一字段断言
REQ-CF-00307,core-finance,docs/PRD-财务模块增强.md,9.7 璐㈠姟妯″潡鎬昏,| 璐㈠姟鏃ユ姤鑷姩鎺ㄩ€?| P0 | 鍚庣2d | 姣忓ぉ鏃╀笂蹇呴』鐪?|,logic,P1,鏍稿績浠峰€?应满足：姣忓ぉ鏃╀笂蹇呴』鐪?,源码路径+行号、对应运行测试或数据库/Redis/队列证据,表格单元格已拆为单一字段断言
REQ-CF-00308,core-finance,docs/PRD-财务模块增强.md,9.7 璐㈠姟妯″潡鎬昏,| 鎺堜俊棰濆害浣撶郴 | P1 | 鍚庣5d+鍓嶇3d | 澶у鎴蜂笟鍔＄殑鍓嶆彁鏉′欢 |,logic,P1,妯″潡应满足：鎺堜俊棰濆害浣撶郴,源码路径+行号、对应运行测试或数据库/Redis/队列证据,表格单元格已拆为单一字段断言
REQ-CF-00309,core-finance,docs/PRD-财务模块增强.md,9.7 璐㈠姟妯″潡鎬昏,| 妯″潡 | 浼樺厛绾?| 棰勪及宸ヤ綔閲?| 鏍稿績浠峰€?|,logic,P1,浼樺厛绾?应满足：P1,源码路径+行号、对应运行测试或数据库/Redis/队列证据,表格单元格已拆为单一字段断言
REQ-CF-00310,core-finance,docs/PRD-财务模块增强.md,9.7 璐㈠姟妯″潡鎬昏,| 璐㈠姟鎬昏处锛堢鐩綑棰濊〃锛墊 P0 | 鍚庣5d+鍓嶇3d | 璐㈠姟鏃ュ父宸ヤ綔鐨勬牳蹇冨伐鍏?|,logic,P1,棰勪及宸ヤ綔閲?应满足：鍚庣5d+鍓嶇3d,源码路径+行号、对应运行测试或数据库/Redis/队列证据,表格单元格已拆为单一字段断言
REQ-CF-00311,core-finance,docs/PRD-财务模块增强.md,9.7 璐㈠姟妯″潡鎬昏,| 鎺堜俊棰濆害浣撶郴 | P1 | 鍚庣5d+鍓嶇3d | 澶у鎴蜂笟鍔＄殑鍓嶆彁鏉′欢 |,logic,P1,鏍稿績浠峰€?应满足：澶у鎴蜂笟鍔＄殑鍓嶆彁鏉′欢,源码路径+行号、对应运行测试或数据库/Redis/队列证据,表格单元格已拆为单一字段断言
REQ-CF-00312,core-finance,docs/PRD-财务模块增强.md,9.7 璐㈠姟妯″潡鎬昏,| 閫€娆捐嚜鍔ㄥ寲锛堝惈浣ｉ噾鎵ｅ洖锛墊 P1 | 鍚庣4d | 闄嶄綆鎿嶄綔椋庨櫓 |,logic,P1,妯″潡应满足：閫€娆捐嚜鍔ㄥ寲锛堝惈浣ｉ噾鎵ｅ洖锛墊 P1,源码路径+行号、对应运行测试或数据库/Redis/队列证据,表格单元格已拆为单一字段断言
REQ-CF-00313,core-finance,docs/PRD-财务模块增强.md,9.7 璐㈠姟妯″潡鎬昏,| 妯″潡 | 浼樺厛绾?| 棰勪及宸ヤ綔閲?| 鏍稿績浠峰€?|,logic,P1,浼樺厛绾?应满足：鍚庣4d,源码路径+行号、对应运行测试或数据库/Redis/队列证据,表格单元格已拆为单一字段断言
REQ-CF-00314,core-finance,docs/PRD-财务模块增强.md,9.7 璐㈠姟妯″潡鎬昏,| 閫€娆捐嚜鍔ㄥ寲锛堝惈浣ｉ噾鎵ｅ洖锛墊 P1 | 鍚庣4d | 闄嶄綆鎿嶄綔椋庨櫓 |,logic,P1,棰勪及宸ヤ綔閲?应满足：闄嶄綆鎿嶄綔椋庨櫓,源码路径+行号、对应运行测试或数据库/Redis/队列证据,表格单元格已拆为单一字段断言
REQ-CF-00315,core-finance,docs/PRD-财务模块增强.md,9.7 璐㈠姟妯″潡鎬昏,| 绋庣エ缁熻鐪嬫澘 | P1 | 鍚庣3d+鍓嶇2d | 绋庡姟鍚堣闇€姹?|,logic,P1,妯″潡应满足：绋庣エ缁熻鐪嬫澘,源码路径+行号、对应运行测试或数据库/Redis/队列证据,表格单元格已拆为单一字段断言
REQ-CF-00318,core-finance,docs/PRD-财务模块增强.md,9.7 璐㈠姟妯″潡鎬昏,| 绋庣エ缁熻鐪嬫澘 | P1 | 鍚庣3d+鍓嶇2d | 绋庡姟鍚堣闇€姹?|,logic,P1,鏍稿績浠峰€?应满足：绋庡姟鍚堣闇€姹?,源码路径+行号、对应运行测试或数据库/Redis/队列证据,表格单元格已拆为单一字段断言
REQ-CF-00319,core-finance,docs/PRD-财务模块增强.md,9.7 璐㈠姟妯″潡鎬昏,### 9.7 璐㈠姟妯″潡鎬昏,logic,P1,**鍚堣**锛氬悗绔?22 浜哄ぉ + 鍓嶇 10 浜哄ぉ = 绾?4 鍛?,源码路径+行号、对应运行测试或数据库/Redis/队列证据,N/A：原审计记录未提供补充依据；待复核源码、测试及运行证据。
REQ-CF-00320,core-finance,docs/PRD-整改R1-R4-人工上账与资金入账.md,PRD：整改阶段一 R1–R4 —— 人工上账与资金入账（P0 止血）,**定位**：本 PRD 为「管理员为用户充值」业务演练整改方案的**阶段一（P0 止血）**正式产品规格，覆盖 R1–R4 四项整改。,logic,P0,**定位**：本 PRD 为「管理员为用户充值」业务演练整改方案的**阶段一（P0 止血）**正式产品规格，覆盖 R1–R4 四项整改。,源码路径+行号、对应运行测试或数据库/Redis/队列证据,N/A：原审计记录未提供补充依据；待复核源码、测试及运行证据。
REQ-CF-00321,core-finance,docs/PRD-整改R1-R4-人工上账与资金入账.md,PRD：整改阶段一 R1–R4 —— 人工上账与资金入账（P0 止血）,"**范围边界**：只定义""做什么""（业务规则、字段、状态、交互、验收），不定义""怎么做""（接口路径、存储方案、代码实现由 arch-agent / backend-agent 承接）。",test,P0,"**范围边界**：只定义""做什么""（业务规则、字段、状态、交互、验收），不定义""怎么做""（接口路径、存储方案、代码实现由 arch-agent / backend-agent 承接）。",源码路径+行号、对应运行测试或数据库/Redis/队列证据,N/A：原审计记录未提供补充依据；待复核源码、测试及运行证据。
REQ-CF-00322,core-finance,docs/PRD-整改R1-R4-人工上账与资金入账.md,PRD：整改阶段一 R1–R4 —— 人工上账与资金入账（P0 止血）,**P1 合规**：本 PRD 已含 `### [?] 页面帮助` 与 `### [?] 按钮级帮助对照表`，满足 PRODUCT-DESIGN-PRINCIPLES P1（不可降级），可进入开发。,action,P1,**P1 合规**：本 PRD 已含 `### [?] 页面帮助` 与 `### [?] 按钮级帮助对照表`，满足 PRODUCT-DESIGN-PRINCIPLES P1（不可降级），可进入开发。,源码路径+行号、对应运行测试或数据库/Redis/队列证据,N/A：原审计记录未提供补充依据；待复核源码、测试及运行证据。
REQ-CF-00323,core-finance,docs/PRD-整改R1-R4-人工上账与资金入账.md,1. 文档头,| 文档编号 | PRD-RECT-P0-R1R4-001 |,field,P1,字段应满足：文档编号,源码路径+行号、对应运行测试或数据库/Redis/队列证据,表格单元格已拆为单一字段断言
REQ-CF-00324,core-finance,docs/PRD-整改R1-R4-人工上账与资金入账.md,1. 文档头,| 文档编号 | PRD-RECT-P0-R1R4-001 |,logic,P0,值应满足：PRD-RECT-P0-R1R4-001,源码路径+行号、对应运行测试或数据库/Redis/队列证据,表格单元格已拆为单一字段断言
REQ-CF-00325,core-finance,docs/PRD-整改R1-R4-人工上账与资金入账.md,1. 文档头,| 文档名称 | 整改阶段一：人工上账与资金入账（R1–R4） |,field,P1,字段应满足：文档名称,源码路径+行号、对应运行测试或数据库/Redis/队列证据,表格单元格已拆为单一字段断言
REQ-CF-00326,core-finance,docs/PRD-整改R1-R4-人工上账与资金入账.md,1. 文档头,| 文档名称 | 整改阶段一：人工上账与资金入账（R1–R4） |,logic,P0,值应满足：整改阶段一：人工上账与资金入账（R1–R4）,源码路径+行号、对应运行测试或数据库/Redis/队列证据,表格单元格已拆为单一字段断言
REQ-CF-00327,core-finance,docs/PRD-整改R1-R4-人工上账与资金入账.md,1. 文档头,## 1. 文档头,field,P1,字段应满足：版本,源码路径+行号、对应运行测试或数据库/Redis/队列证据,表格单元格已拆为单一字段断言
REQ-CF-00328,core-finance,docs/PRD-整改R1-R4-人工上账与资金入账.md,1. 文档头,| 版本 | v1.0（评审稿） |,logic,P1,值应满足：v1.0（评审稿）,源码路径+行号、对应运行测试或数据库/Redis/队列证据,表格单元格已拆为单一字段断言
REQ-CF-00329,core-finance,docs/PRD-整改R1-R4-人工上账与资金入账.md,1. 文档头,## 1. 文档头,field,P1,字段应满足：日期,源码路径+行号、对应运行测试或数据库/Redis/队列证据,表格单元格已拆为单一字段断言
REQ-CF-00330,core-finance,docs/PRD-整改R1-R4-人工上账与资金入账.md,1. 文档头,| 日期 | 2026-08-18 |,logic,P1,值应满足：2026-08-18,源码路径+行号、对应运行测试或数据库/Redis/队列证据,表格单元格已拆为单一字段断言
REQ-CF-00331,core-finance,docs/PRD-整改R1-R4-人工上账与资金入账.md,1. 文档头,| 作者 / 维护者 | product-agent |,field,P1,字段应满足：作者 / 维护者,源码路径+行号、对应运行测试或数据库/Redis/队列证据,表格单元格已拆为单一字段断言
REQ-CF-00332,core-finance,docs/PRD-整改R1-R4-人工上账与资金入账.md,1. 文档头,| 作者 / 维护者 | product-agent |,logic,P1,值应满足：product-agent,源码路径+行号、对应运行测试或数据库/Redis/队列证据,表格单元格已拆为单一字段断言
REQ-CF-00333,core-finance,docs/PRD-整改R1-R4-人工上账与资金入账.md,1. 文档头,| 上游需求 | `docs/整改方案-管理员充值业务演练.md`（RECT-2026-ADMIN-RECHARGE-001，第三节 P0-1~P0-4、第四节 R1–R4、第五节 SPEC 映射） |,field,P1,字段应满足：上游需求,源码路径+行号、对应运行测试或数据库/Redis/队列证据,表格单元格已拆为单一字段断言
REQ-CF-00334,core-finance,docs/PRD-整改R1-R4-人工上账与资金入账.md,1. 文档头,| 上游需求 | `docs/整改方案-管理员充值业务演练.md`（RECT-2026-ADMIN-RECHARGE-001，第三节 P0-1~P0-4、第四节 R1–R4、第五节 SPEC 映射） |,logic,P0,值应满足：`docs/整改方案-管理员充值业务演练.md`（RECT-2026-ADMIN-RECHARGE-001，第三节 P0-1~P0-4、第四节 R1–R4、第五节 SPEC 映射）,源码路径+行号、对应运行测试或数据库/Redis/队列证据,表格单元格已拆为单一字段断言
REQ-CF-00335,core-finance,docs/PRD-整改R1-R4-人工上账与资金入账.md,1. 文档头,| 关联文档 | `docs/PRODUCT-DESIGN-PRINCIPLES.md`（P1 不可降级）、`docs/SPEC-§4-管理后台.md`（§4.4 财务管理）、`docs/SPEC-§2-用户体系.md`（§2.7 充值）、`docs/SPEC-§20-用户端安全与预算增强.md`（§20.2 2FA 分层，仅预留）、`docs/SPEC-§22-用户端体验增强.md`（§22.6 通知偏好）、`docs/SPEC-§29-资金与对账管理.md`、`docs/SPEC-§30-权限管理.md`（RECHARGE_MANAGE）、`docs/ref-2.2.6-recharge.md`（§4.4 金额约束、§7.1.3 人工补单 SOP、§7.2 对公转账分级） |,field,P1,字段应满足：关联文档,源码路径+行号、对应运行测试或数据库/Redis/队列证据,表格单元格已拆为单一字段断言
REQ-CF-00336,core-finance,docs/PRD-整改R1-R4-人工上账与资金入账.md,1. 文档头,| 关联文档 | `docs/PRODUCT-DESIGN-PRINCIPLES.md`（P1 不可降级）、`docs/SPEC-§4-管理后台.md`（§4.4 财务管理）、`docs/SPEC-§2-用户体系.md`（§2.7 充值）、`docs/SPEC-§20-用户端安全与预算增强.md`（§20.2 2FA 分层，仅预留）、`docs/SPEC-§22-用户端体验增强.md`（§22.6 通知偏好）、`docs/SPEC-§29-资金与对账管理.md`、`docs/SPEC-§30-权限管理.md`（RECHARGE_MANAGE）、`docs/ref-2.2.6-recharge.md`（§4.4 金额约束、§7.1.3 人工补单 SOP、§7.2 对公转账分级） |,permission,P1,值应满足：`docs/PRODUCT-DESIGN-PRINCIPLES.md`（P1 不可降级）、`docs/SPEC-§4-管理后台.md`（§4.4 财务管理）、`docs/SPEC-§2-用户体系.md`（§2.7 充值）、`docs/SPEC-§20-用户端安全与预算增强.md`（§20.2 2FA 分层，仅预留）、`docs/SPEC-§22-用户端体验增强.md`（§22.6 通知偏好）、`docs/SPEC-§29-资金与对账管理.md`、`docs/SPEC-§30-权限管理.md`（RECHARGE_MANAGE）、`docs/ref-2.2.6-recharge.md`（§4.4 金额约束、§7.1.3 人工补单 SOP、§7.2 对公转账分级）,源码路径+行号、对应运行测试或数据库/Redis/队列证据,表格单元格已拆为单一字段断言
REQ-CF-00337,core-finance,docs/PRD-整改R1-R4-人工上账与资金入账.md,1. 文档头,| 适用角色 | super_admin / admin / finance；对接 arch-agent（评审）、backend-agent / frontend-agent（开发）、test-agent（验收）、review-agent（门禁） |,permission,P1,字段应满足：适用角色,源码路径+行号、对应运行测试或数据库/Redis/队列证据,表格单元格已拆为单一字段断言
REQ-CF-00338,core-finance,docs/PRD-整改R1-R4-人工上账与资金入账.md,1. 文档头,| 适用角色 | super_admin / admin / finance；对接 arch-agent（评审）、backend-agent / frontend-agent（开发）、test-agent（验收）、review-agent（门禁） |,test,P1,值应满足：super_admin / admin / finance；对接 arch-agent（评审）、backend-agent / frontend-agent（开发）、test-agent（验收）、review-agent（门禁）,源码路径+行号、对应运行测试或数据库/Redis/队列证据,表格单元格已拆为单一字段断言
REQ-CF-00339,core-finance,docs/PRD-整改R1-R4-人工上账与资金入账.md,1. 文档头,| 本期范围 | R1 人工上账创建入口、R2 余额账户兜底、R3 权限点鉴权对齐、R4 入账通知闭环 |,field,P1,字段应满足：本期范围,源码路径+行号、对应运行测试或数据库/Redis/队列证据,表格单元格已拆为单一字段断言
REQ-CF-00340,core-finance,docs/PRD-整改R1-R4-人工上账与资金入账.md,1. 文档头,| 本期范围 | R1 人工上账创建入口、R2 余额账户兜底、R3 权限点鉴权对齐、R4 入账通知闭环 |,permission,P0,值应满足：R1 人工上账创建入口、R2 余额账户兜底、R3 权限点鉴权对齐、R4 入账通知闭环,源码路径+行号、对应运行测试或数据库/Redis/队列证据,表格单元格已拆为单一字段断言
REQ-CF-00341,core-finance,docs/PRD-整改R1-R4-人工上账与资金入账.md,1. 文档头,| 本期明确不做 | R5 分级审批、R6 拆分规避与限额、R7 2FA、R8 platform_ledger、R9 凭证落库、R10 幂等键、R11–R15（见整改方案阶段二/三，本 PRD 仅作预留说明） |,field,P1,字段应满足：本期明确不做,源码路径+行号、对应运行测试或数据库/Redis/队列证据,表格单元格已拆为单一字段断言
REQ-CF-00342,core-finance,docs/PRD-整改R1-R4-人工上账与资金入账.md,1. 文档头,| 本期明确不做 | R5 分级审批、R6 拆分规避与限额、R7 2FA、R8 platform_ledger、R9 凭证落库、R10 幂等键、R11–R15（见整改方案阶段二/三，本 PRD 仅作预留说明） |,db,P0,值应满足：R5 分级审批、R6 拆分规避与限额、R7 2FA、R8 platform_ledger、R9 凭证落库、R10 幂等键、R11–R15（见整改方案阶段二/三，本 PRD 仅作预留说明）,源码路径+行号、对应运行测试或数据库/Redis/队列证据,表格单元格已拆为单一字段断言
REQ-CF-00343,core-finance,docs/PRD-整改R1-R4-人工上账与资金入账.md,2.1 背景（引用整改方案）,"整改方案（RECT-2026-ADMIN-RECHARGE-001）以""管理员给用户 `13819008800@163.com` 充值 ¥1,000""为场景完成系统演练，结论：该业务**可以完成，但只能借道「手动调账」路径**；语义上最应走的「人工上账」路径缺少创建入口，且两条资金路径共暴露 **4 个 P0** 问题：",logic,P0,"整改方案（RECT-2026-ADMIN-RECHARGE-001）以""管理员给用户 `13819008800@163.com` 充值 ¥1,000""为场景完成系统演练，结论：该业务**可以完成，但只能借道「手动调账」路径**；语义上最应走的「人工上账」路径缺少创建入口，且两条资金路径共暴露 **4 个 P0** 问题：",源码路径+行号、对应运行测试或数据库/Redis/队列证据,N/A：原审计记录未提供补充依据；待复核源码、测试及运行证据。
REQ-CF-00344,core-finance,docs/PRD-整改R1-R4-人工上账与资金入账.md,2.1 背景（引用整改方案）,"| P0-1 | 人工上账无创建入口：只有列表 + 审核，无创建能力；用户端 `ALLOWED_METHODS` 不含 `manual` | 管理员""充值""语义无正规通道，只能借道调账，财务口径混乱 |",logic,P0,#应满足：P0-1,源码路径+行号、对应运行测试或数据库/Redis/队列证据,表格单元格已拆为单一字段断言
REQ-CF-00345,core-finance,docs/PRD-整改R1-R4-人工上账与资金入账.md,2.1 背景（引用整改方案）,"| P0-1 | 人工上账无创建入口：只有列表 + 审核，无创建能力；用户端 `ALLOWED_METHODS` 不含 `manual` | 管理员""充值""语义无正规通道，只能借道调账，财务口径混乱 |",logic,P1,问题应满足：人工上账无创建入口：只有列表 + 审核，无创建能力；用户端 `ALLOWED_METHODS` 不含 `manual`,源码路径+行号、对应运行测试或数据库/Redis/队列证据,表格单元格已拆为单一字段断言
REQ-CF-00346,core-finance,docs/PRD-整改R1-R4-人工上账与资金入账.md,2.1 背景（引用整改方案）,"| P0-1 | 人工上账无创建入口：只有列表 + 审核，无创建能力；用户端 `ALLOWED_METHODS` 不含 `manual` | 管理员""充值""语义无正规通道，只能借道调账，财务口径混乱 |",logic,P1,"核心影响应满足：管理员""充值""语义无正规通道，只能借道调账，财务口径混乱",源码路径+行号、对应运行测试或数据库/Redis/队列证据,表格单元格已拆为单一字段断言
REQ-CF-00347,core-finance,docs/PRD-整改R1-R4-人工上账与资金入账.md,2.1 背景（引用整改方案）,| P0-2 | 余额账户缺失无兜底：入账统一 `UPDATE customer_balances ... RETURNING`，无余额行即 404 `BALANCE_NOT_FOUND`；`initBalance` 仅在注册时调用 | 历史/异常用户充值直接失败且无自愈 |,logic,P0,#应满足：P0-2,源码路径+行号、对应运行测试或数据库/Redis/队列证据,表格单元格已拆为单一字段断言
REQ-CF-00348,core-finance,docs/PRD-整改R1-R4-人工上账与资金入账.md,2.1 背景（引用整改方案）,| P0-2 | 余额账户缺失无兜底：入账统一 `UPDATE customer_balances ... RETURNING`，无余额行即 404 `BALANCE_NOT_FOUND`；`initBalance` 仅在注册时调用 | 历史/异常用户充值直接失败且无自愈 |,logic,P0,问题应满足：余额账户缺失无兜底：入账统一 `UPDATE customer_balances ... RETURNING`，无余额行即 404 `BALANCE_NOT_FOUND`；`initBalance` 仅在注册时调用,源码路径+行号、对应运行测试或数据库/Redis/队列证据,表格单元格已拆为单一字段断言
REQ-CF-00349,core-finance,docs/PRD-整改R1-R4-人工上账与资金入账.md,2.1 背景（引用整改方案）,| P0-2 | 余额账户缺失无兜底：入账统一 `UPDATE customer_balances ... RETURNING`，无余额行即 404 `BALANCE_NOT_FOUND`；`initBalance` 仅在注册时调用 | 历史/异常用户充值直接失败且无自愈 |,exception,P1,核心影响应满足：历史/异常用户充值直接失败且无自愈,源码路径+行号、对应运行测试或数据库/Redis/队列证据,表格单元格已拆为单一字段断言
REQ-CF-00350,core-finance,docs/PRD-整改R1-R4-人工上账与资金入账.md,2.1 背景（引用整改方案）,"| P0-3 | 权限""假授权""与按角色硬编码：权限树授予 `finance.topup`，但路由层只放行 `admin/super_admin`，未按权限点鉴权 | finance 角色""有权限却操作不了""，权限体系形同虚设 |",logic,P0,#应满足：P0-3,源码路径+行号、对应运行测试或数据库/Redis/队列证据,表格单元格已拆为单一字段断言
REQ-CF-00351,core-finance,docs/PRD-整改R1-R4-人工上账与资金入账.md,2.1 背景（引用整改方案）,"| P0-3 | 权限""假授权""与按角色硬编码：权限树授予 `finance.topup`，但路由层只放行 `admin/super_admin`，未按权限点鉴权 | finance 角色""有权限却操作不了""，权限体系形同虚设 |",permission,P1,"问题应满足：权限""假授权""与按角色硬编码：权限树授予 `finance.topup`，但路由层只放行 `admin/super_admin`，未按权限点鉴权",源码路径+行号、对应运行测试或数据库/Redis/队列证据,表格单元格已拆为单一字段断言
REQ-CF-00352,core-finance,docs/PRD-整改R1-R4-人工上账与资金入账.md,2.1 背景（引用整改方案）,"| P0-3 | 权限""假授权""与按角色硬编码：权限树授予 `finance.topup`，但路由层只放行 `admin/super_admin`，未按权限点鉴权 | finance 角色""有权限却操作不了""，权限体系形同虚设 |",permission,P1,"核心影响应满足：finance 角色""有权限却操作不了""，权限体系形同虚设",源码路径+行号、对应运行测试或数据库/Redis/队列证据,表格单元格已拆为单一字段断言
REQ-CF-00353,core-finance,docs/PRD-整改R1-R4-人工上账与资金入账.md,2.1 背景（引用整改方案）,"| P0-4 | 入账后无用户通知：人工上账审核、调账生效、充值订单审核均未触发站内信/邮件 | 用户无感知 → ""充值未到账""客诉、SLA 风险 |",logic,P0,#应满足：P0-4,源码路径+行号、对应运行测试或数据库/Redis/队列证据,表格单元格已拆为单一字段断言
REQ-CF-00354,core-finance,docs/PRD-整改R1-R4-人工上账与资金入账.md,2.1 背景（引用整改方案）,"| P0-4 | 入账后无用户通知：人工上账审核、调账生效、充值订单审核均未触发站内信/邮件 | 用户无感知 → ""充值未到账""客诉、SLA 风险 |",action,P1,问题应满足：入账后无用户通知：人工上账审核、调账生效、充值订单审核均未触发站内信/邮件,源码路径+行号、对应运行测试或数据库/Redis/队列证据,表格单元格已拆为单一字段断言
REQ-CF-00355,core-finance,docs/PRD-整改R1-R4-人工上账与资金入账.md,2.1 背景（引用整改方案）,"| P0-4 | 入账后无用户通知：人工上账审核、调账生效、充值订单审核均未触发站内信/邮件 | 用户无感知 → ""充值未到账""客诉、SLA 风险 |",logic,P1,"核心影响应满足：用户无感知 → ""充值未到账""客诉、SLA 风险",源码路径+行号、对应运行测试或数据库/Redis/队列证据,表格单元格已拆为单一字段断言
REQ-CF-00356,core-finance,docs/PRD-整改R1-R4-人工上账与资金入账.md,2.2 阶段目标,### 2.2 阶段目标,logic,P0,阶段一（约 1 周）完成 P0 止血，使下述主流程可完整闭环：,源码路径+行号、对应运行测试或数据库/Redis/队列证据,N/A：原审计记录未提供补充依据；待复核源码、测试及运行证据。
REQ-CF-00357,core-finance,docs/PRD-整改R1-R4-人工上账与资金入账.md,2.3 产品设计原则对齐,P1（不可降级）：本期涉及页面/按钮全部按本 PRD 第 7、8 节实现 `[?]` 帮助；,action,P1,P1（不可降级）：本期涉及页面/按钮全部按本 PRD 第 7、8 节实现 `[?]` 帮助；,源码路径+行号、对应运行测试或数据库/Redis/队列证据,N/A：原审计记录未提供补充依据；待复核源码、测试及运行证据。
REQ-CF-00358,core-finance,docs/PRD-整改R1-R4-人工上账与资金入账.md,2.3 产品设计原则对齐,P3（操作可逆与安全优先）：发起上账、审核入账均为资金写操作，前端必须二次确认；全部写审计日志；,audit,P3,P3（操作可逆与安全优先）：发起上账、审核入账均为资金写操作，前端必须二次确认；全部写审计日志；,源码路径+行号、对应运行测试或数据库/Redis/队列证据,N/A：原审计记录未提供补充依据；待复核源码、测试及运行证据。
REQ-CF-00359,core-finance,docs/PRD-整改R1-R4-人工上账与资金入账.md,2.3 产品设计原则对齐,P4（状态可见性）：创建/审核成功/失败必须有明确 toast 反馈，列表状态实时刷新，空列表有引导文案。,state,P0,P4（状态可见性）：创建/审核成功/失败必须有明确 toast 反馈，列表状态实时刷新，空列表有引导文案。,源码路径+行号、对应运行测试或数据库/Redis/队列证据,N/A：原审计记录未提供补充依据；待复核源码、测试及运行证据。
REQ-CF-00360,core-finance,docs/PRD-整改R1-R4-人工上账与资金入账.md,3.1.1 业务规则,1. **谁可以发起**：持有权限点 `finance.topup` 的操作者（finance / admin / super_admin）。无该权限点 → 前端隐藏/禁用入口 + 后端 403（详见 R3）。,permission,P1,1. **谁可以发起**：持有权限点 `finance.topup` 的操作者（finance / admin / super_admin）。无该权限点 → 前端隐藏/禁用入口 + 后端 403（详见 R3）。,源码路径+行号、对应运行测试或数据库/Redis/队列证据,N/A：原审计记录未提供补充依据；待复核源码、测试及运行证据。
REQ-CF-00361,core-finance,docs/PRD-整改R1-R4-人工上账与资金入账.md,3.1.1 业务规则,2. **给谁上账**：目标用户必须是已存在的平台用户（`users` 表），通过用户搜索选择，搜索维度：**邮箱（精确/模糊）、用户 ID（精确）、手机号（精确，仅对已绑定手机号的用户）**。,logic,P0,2. **给谁上账**：目标用户必须是已存在的平台用户（`users` 表），通过用户搜索选择，搜索维度：**邮箱（精确/模糊）、用户 ID（精确）、手机号（精确，仅对已绑定手机号的用户）**。,源码路径+行号、对应运行测试或数据库/Redis/队列证据,N/A：原审计记录未提供补充依据；待复核源码、测试及运行证据。
REQ-CF-00362,core-finance,docs/PRD-整改R1-R4-人工上账与资金入账.md,3.1.1 业务规则,"3. **入账类型（建议新增产品字段，待裁决 A6）**：为驱动""凭证/转账单号是否必填""，创建时需选择入账类型：",field,P1,"3. **入账类型（建议新增产品字段，待裁决 A6）**：为驱动""凭证/转账单号是否必填""，创建时需选择入账类型：",源码路径+行号、对应运行测试或数据库/Redis/队列证据,产品裁决/后续阶段
REQ-CF-00363,core-finance,docs/PRD-整改R1-R4-人工上账与资金入账.md,3.1.1 业务规则,bank_transfer`（对公/线下到账入账）：凭证 + 转账单号**必填**；,logic,P1,bank_transfer`（对公/线下到账入账）：凭证 + 转账单号**必填**；,源码路径+行号、对应运行测试或数据库/Redis/队列证据,N/A：原审计记录未提供补充依据；待复核源码、测试及运行证据。
REQ-CF-00364,core-finance,docs/PRD-整改R1-R4-人工上账与资金入账.md,3.1.1 业务规则,grant`（平台赠送/补偿/纠错/客服补单）：凭证 + 转账单号**选填**（原因 note 必填）。,logic,P1,grant`（平台赠送/补偿/纠错/客服补单）：凭证 + 转账单号**选填**（原因 note 必填）。,源码路径+行号、对应运行测试或数据库/Redis/队列证据,N/A：原审计记录未提供补充依据；待复核源码、测试及运行证据。
REQ-CF-00365,core-finance,docs/PRD-整改R1-R4-人工上账与资金入账.md,3.1.1 业务规则,"4. **金额约束**：> 0；≤ 单笔上限（**裁决建议 ¥50,000**，见 §9 差异说明 A1）；最多 2 位小数（元/分）。超限直接拒绝创建，提示""大额入账需走分级审批（后续版本开放）""。",field,P1,"4. **金额约束**：> 0；≤ 单笔上限（**裁决建议 ¥50,000**，见 §9 差异说明 A1）；最多 2 位小数（元/分）。超限直接拒绝创建，提示""大额入账需走分级审批（后续版本开放）""。",源码路径+行号、对应运行测试或数据库/Redis/队列证据,产品裁决/后续阶段
REQ-CF-00366,core-finance,docs/PRD-整改R1-R4-人工上账与资金入账.md,3.1.1 业务规则,5. **凭证**：对公到账场景必填，格式 JPG/PNG/PDF，≤ 5MB（对齐 ref-2.2.6 §7.2.1 凭证要求）。,logic,P1,5. **凭证**：对公到账场景必填，格式 JPG/PNG/PDF，≤ 5MB（对齐 ref-2.2.6 §7.2.1 凭证要求）。,源码路径+行号、对应运行测试或数据库/Redis/队列证据,N/A：原审计记录未提供补充依据；待复核源码、测试及运行证据。
REQ-CF-00367,core-finance,docs/PRD-整改R1-R4-人工上账与资金入账.md,3.1.1 业务规则,"6. **转账单号唯一性**：若填写 `transfer_no`，全平台唯一 —— 同一转账单号重复创建被拒绝（对应整改方案 R1 验收""重复创建同单号被拒""，也是防重复入账的第一道闸）。",test,P0,"6. **转账单号唯一性**：若填写 `transfer_no`，全平台唯一 —— 同一转账单号重复创建被拒绝（对应整改方案 R1 验收""重复创建同单号被拒""，也是防重复入账的第一道闸）。",源码路径+行号、对应运行测试或数据库/Redis/队列证据,N/A：原审计记录未提供补充依据；待复核源码、测试及运行证据。
REQ-CF-00368,core-finance,docs/PRD-整改R1-R4-人工上账与资金入账.md,3.1.1 业务规则,"7. **审核规则（本期）**：单步审核，对齐现状（`pending → paid/failed`）；**不做金额分级、不强制""创建人 ≠ 审核人""** —— 分级审批与职责分离属 **R5 后续阶段，本期预留**。",field,P1,"7. **审核规则（本期）**：单步审核，对齐现状（`pending → paid/failed`）；**不做金额分级、不强制""创建人 ≠ 审核人""** —— 分级审批与职责分离属 **R5 后续阶段，本期预留**。",源码路径+行号、对应运行测试或数据库/Redis/队列证据,产品裁决/后续阶段
REQ-CF-00369,core-finance,docs/PRD-整改R1-R4-人工上账与资金入账.md,3.1.1 业务规则,8. **2FA 预留说明**：按 `SPEC-§20` L3 分层，资金写操作（发起上账 / 审核入账）应要求 2FA + 二次确认；**本期不实现 2FA 校验（R7 阶段接入）**，但创建/审核交互流程须预留二次确认弹窗位（前端二次确认本期即实现）。,logic,P0,8. **2FA 预留说明**：按 `SPEC-§20` L3 分层，资金写操作（发起上账 / 审核入账）应要求 2FA + 二次确认；**本期不实现 2FA 校验（R7 阶段接入）**，但创建/审核交互流程须预留二次确认弹窗位（前端二次确认本期即实现）。,源码路径+行号、对应运行测试或数据库/Redis/队列证据,产品裁决/后续阶段
REQ-CF-00370,core-finance,docs/PRD-整改R1-R4-人工上账与资金入账.md,3.1.1 业务规则,9. **入账后动作**（联动 R2/R4）：审核通过 → 余额入账（自动建户兜底）→ 写资金流水 → 触发 `recharge_success` 通知 → 写审计。,action,P0,9. **入账后动作**（联动 R2/R4）：审核通过 → 余额入账（自动建户兜底）→ 写资金流水 → 触发 `recharge_success` 通知 → 写审计。,源码路径+行号、对应运行测试或数据库/Redis/队列证据,N/A：原审计记录未提供补充依据；待复核源码、测试及运行证据。
REQ-CF-00371,core-finance,docs/PRD-整改R1-R4-人工上账与资金入账.md,3.1.1 业务规则,10. **错误入账处理**：本期无独立冲正入口；若审核通过后发现错误，由 admin/super_admin 走现有调账（红字冲销）纠正，正式方案见 R12（后续阶段）。,logic,P1,10. **错误入账处理**：本期无独立冲正入口；若审核通过后发现错误，由 admin/super_admin 走现有调账（红字冲销）纠正，正式方案见 R12（后续阶段）。,源码路径+行号、对应运行测试或数据库/Redis/队列证据,产品裁决/后续阶段
REQ-CF-00372,core-finance,docs/PRD-整改R1-R4-人工上账与资金入账.md,3.1.2 字段定义表,| `user_id` | 目标用户 ID | ✅ | integer | — | 用户必须存在且状态正常（见 A8） | 通过用户搜索选择，展示邮箱/名称/当前余额/状态 |,field,P1,字段应满足：`user_id`,源码路径+行号、对应运行测试或数据库/Redis/队列证据,表格单元格已拆为单一字段断言
REQ-CF-00373,core-finance,docs/PRD-整改R1-R4-人工上账与资金入账.md,3.1.2 字段定义表,| `user_id` | 目标用户 ID | ✅ | integer | — | 用户必须存在且状态正常（见 A8） | 通过用户搜索选择，展示邮箱/名称/当前余额/状态 |,field,P1,业务含义应满足：目标用户 ID,源码路径+行号、对应运行测试或数据库/Redis/队列证据,表格单元格已拆为单一字段断言
REQ-CF-00374,core-finance,docs/PRD-整改R1-R4-人工上账与资金入账.md,3.1.2 字段定义表,| `user_id` | 目标用户 ID | ✅ | integer | — | 用户必须存在且状态正常（见 A8） | 通过用户搜索选择，展示邮箱/名称/当前余额/状态 |,field,P1,类型应满足：integer,源码路径+行号、对应运行测试或数据库/Redis/队列证据,表格单元格已拆为单一字段断言
REQ-CF-00375,core-finance,docs/PRD-整改R1-R4-人工上账与资金入账.md,3.1.2 字段定义表,| `user_id` | 目标用户 ID | ✅ | integer | — | 用户必须存在且状态正常（见 A8） | 通过用户搜索选择，展示邮箱/名称/当前余额/状态 |,field,P0,校验规则应满足：用户必须存在且状态正常（见 A8）,源码路径+行号、对应运行测试或数据库/Redis/队列证据,表格单元格已拆为单一字段断言
REQ-CF-00376,core-finance,docs/PRD-整改R1-R4-人工上账与资金入账.md,3.1.2 字段定义表,| `user_id` | 目标用户 ID | ✅ | integer | — | 用户必须存在且状态正常（见 A8） | 通过用户搜索选择，展示邮箱/名称/当前余额/状态 |,field,P0,备注应满足：通过用户搜索选择，展示邮箱/名称/当前余额/状态,源码路径+行号、对应运行测试或数据库/Redis/队列证据,表格单元格已拆为单一字段断言
REQ-CF-00377,core-finance,docs/PRD-整改R1-R4-人工上账与资金入账.md,3.1.2 字段定义表,"| `amount` | 入账金额（CNY） | ✅ | numeric | 18,2 | >0；≤50,000；最多 2 位小数 | 与用户端充值金额口径一致 |",field,P1,字段应满足：`amount`,源码路径+行号、对应运行测试或数据库/Redis/队列证据,表格单元格已拆为单一字段断言
REQ-CF-00378,core-finance,docs/PRD-整改R1-R4-人工上账与资金入账.md,3.1.2 字段定义表,"| `amount` | 入账金额（CNY） | ✅ | numeric | 18,2 | >0；≤50,000；最多 2 位小数 | 与用户端充值金额口径一致 |",field,P1,业务含义应满足：入账金额（CNY）,源码路径+行号、对应运行测试或数据库/Redis/队列证据,表格单元格已拆为单一字段断言
REQ-CF-00379,core-finance,docs/PRD-整改R1-R4-人工上账与资金入账.md,3.1.2 字段定义表,"| `amount` | 入账金额（CNY） | ✅ | numeric | 18,2 | >0；≤50,000；最多 2 位小数 | 与用户端充值金额口径一致 |",field,P1,类型应满足：numeric,源码路径+行号、对应运行测试或数据库/Redis/队列证据,表格单元格已拆为单一字段断言
REQ-CF-00380,core-finance,docs/PRD-整改R1-R4-人工上账与资金入账.md,3.1.2 字段定义表,| 字段 | 业务含义 | 必填 | 类型 | 长度/精度 | 校验规则 | 备注 |,field,P1,"长度/精度应满足：18,2",源码路径+行号、对应运行测试或数据库/Redis/队列证据,表格单元格已拆为单一字段断言
REQ-CF-00381,core-finance,docs/PRD-整改R1-R4-人工上账与资金入账.md,3.1.2 字段定义表,"| `amount` | 入账金额（CNY） | ✅ | numeric | 18,2 | >0；≤50,000；最多 2 位小数 | 与用户端充值金额口径一致 |",field,P1,"校验规则应满足：>0；≤50,000；最多 2 位小数",源码路径+行号、对应运行测试或数据库/Redis/队列证据,表格单元格已拆为单一字段断言
REQ-CF-00382,core-finance,docs/PRD-整改R1-R4-人工上账与资金入账.md,3.1.2 字段定义表,"| `amount` | 入账金额（CNY） | ✅ | numeric | 18,2 | >0；≤50,000；最多 2 位小数 | 与用户端充值金额口径一致 |",field,P1,备注应满足：与用户端充值金额口径一致,源码路径+行号、对应运行测试或数据库/Redis/队列证据,表格单元格已拆为单一字段断言
REQ-CF-00383,core-finance,docs/PRD-整改R1-R4-人工上账与资金入账.md,3.1.2 字段定义表,| `topup_type` | 入账类型 | ✅ | enum | — | `bank_transfer` / `grant` | 建议新增；驱动凭证/单号必填逻辑（待裁决 A6） |,field,P1,字段应满足：`topup_type`,源码路径+行号、对应运行测试或数据库/Redis/队列证据,表格单元格已拆为单一字段断言
REQ-CF-00384,core-finance,docs/PRD-整改R1-R4-人工上账与资金入账.md,3.1.2 字段定义表,| 字段 | 业务含义 | 必填 | 类型 | 长度/精度 | 校验规则 | 备注 |,field,P1,业务含义应满足：入账类型,源码路径+行号、对应运行测试或数据库/Redis/队列证据,表格单元格已拆为单一字段断言
REQ-CF-00385,core-finance,docs/PRD-整改R1-R4-人工上账与资金入账.md,3.1.2 字段定义表,| `topup_type` | 入账类型 | ✅ | enum | — | `bank_transfer` / `grant` | 建议新增；驱动凭证/单号必填逻辑（待裁决 A6） |,field,P1,类型应满足：enum,源码路径+行号、对应运行测试或数据库/Redis/队列证据,表格单元格已拆为单一字段断言
REQ-CF-00386,core-finance,docs/PRD-整改R1-R4-人工上账与资金入账.md,3.1.2 字段定义表,| `topup_type` | 入账类型 | ✅ | enum | — | `bank_transfer` / `grant` | 建议新增；驱动凭证/单号必填逻辑（待裁决 A6） |,field,P1,校验规则应满足：`bank_transfer` / `grant`,源码路径+行号、对应运行测试或数据库/Redis/队列证据,表格单元格已拆为单一字段断言
REQ-CF-00387,core-finance,docs/PRD-整改R1-R4-人工上账与资金入账.md,3.1.2 字段定义表,| `topup_type` | 入账类型 | ✅ | enum | — | `bank_transfer` / `grant` | 建议新增；驱动凭证/单号必填逻辑（待裁决 A6） |,field,P1,备注应满足：建议新增；驱动凭证/单号必填逻辑（待裁决 A6）,源码路径+行号、对应运行测试或数据库/Redis/队列证据,表格单元格已拆为单一字段断言
REQ-CF-00388,core-finance,docs/PRD-整改R1-R4-人工上账与资金入账.md,3.1.2 字段定义表,"| `note` | 入账原因 | ✅ | text | ≤500 字 | 非空（trim 后）；对公填""银行流水核实说明""，赠送填""赠送/补偿原因，可含工单号"" | 列表页展示；驳回后作驳回原因展示源之一 |",field,P1,字段应满足：`note`,源码路径+行号、对应运行测试或数据库/Redis/队列证据,表格单元格已拆为单一字段断言
REQ-CF-00389,core-finance,docs/PRD-整改R1-R4-人工上账与资金入账.md,3.1.2 字段定义表,| 字段 | 业务含义 | 必填 | 类型 | 长度/精度 | 校验规则 | 备注 |,field,P1,业务含义应满足：入账原因,源码路径+行号、对应运行测试或数据库/Redis/队列证据,表格单元格已拆为单一字段断言
REQ-CF-00390,core-finance,docs/PRD-整改R1-R4-人工上账与资金入账.md,3.1.2 字段定义表,"| `note` | 入账原因 | ✅ | text | ≤500 字 | 非空（trim 后）；对公填""银行流水核实说明""，赠送填""赠送/补偿原因，可含工单号"" | 列表页展示；驳回后作驳回原因展示源之一 |",field,P1,类型应满足：text,源码路径+行号、对应运行测试或数据库/Redis/队列证据,表格单元格已拆为单一字段断言
REQ-CF-00391,core-finance,docs/PRD-整改R1-R4-人工上账与资金入账.md,3.1.2 字段定义表,| 字段 | 业务含义 | 必填 | 类型 | 长度/精度 | 校验规则 | 备注 |,field,P1,长度/精度应满足：≤500 字,源码路径+行号、对应运行测试或数据库/Redis/队列证据,表格单元格已拆为单一字段断言
REQ-CF-00392,core-finance,docs/PRD-整改R1-R4-人工上账与资金入账.md,3.1.2 字段定义表,"| `note` | 入账原因 | ✅ | text | ≤500 字 | 非空（trim 后）；对公填""银行流水核实说明""，赠送填""赠送/补偿原因，可含工单号"" | 列表页展示；驳回后作驳回原因展示源之一 |",field,P1,"校验规则应满足：非空（trim 后）；对公填""银行流水核实说明""，赠送填""赠送/补偿原因，可含工单号""",源码路径+行号、对应运行测试或数据库/Redis/队列证据,表格单元格已拆为单一字段断言
REQ-CF-00393,core-finance,docs/PRD-整改R1-R4-人工上账与资金入账.md,3.1.2 字段定义表,"| `note` | 入账原因 | ✅ | text | ≤500 字 | 非空（trim 后）；对公填""银行流水核实说明""，赠送填""赠送/补偿原因，可含工单号"" | 列表页展示；驳回后作驳回原因展示源之一 |",field,P1,备注应满足：列表页展示；驳回后作驳回原因展示源之一,源码路径+行号、对应运行测试或数据库/Redis/队列证据,表格单元格已拆为单一字段断言
REQ-CF-00394,core-finance,docs/PRD-整改R1-R4-人工上账与资金入账.md,3.1.2 字段定义表,| `evidence` | 凭证附件 | 条件必填 | 文件 | JPG/PNG/PDF ≤5MB | `bank_transfer` 必填；`grant` 选填 | 对公到账凭证/回单截图；正式凭证落库方案见 R9（后续阶段） |,field,P1,字段应满足：`evidence`,源码路径+行号、对应运行测试或数据库/Redis/队列证据,表格单元格已拆为单一字段断言
REQ-CF-00395,core-finance,docs/PRD-整改R1-R4-人工上账与资金入账.md,3.1.2 字段定义表,| 字段 | 业务含义 | 必填 | 类型 | 长度/精度 | 校验规则 | 备注 |,field,P1,业务含义应满足：凭证附件,源码路径+行号、对应运行测试或数据库/Redis/队列证据,表格单元格已拆为单一字段断言
REQ-CF-00396,core-finance,docs/PRD-整改R1-R4-人工上账与资金入账.md,3.1.2 字段定义表,| `evidence` | 凭证附件 | 条件必填 | 文件 | JPG/PNG/PDF ≤5MB | `bank_transfer` 必填；`grant` 选填 | 对公到账凭证/回单截图；正式凭证落库方案见 R9（后续阶段） |,field,P1,必填应满足：条件必填,源码路径+行号、对应运行测试或数据库/Redis/队列证据,表格单元格已拆为单一字段断言
REQ-CF-00397,core-finance,docs/PRD-整改R1-R4-人工上账与资金入账.md,3.1.2 字段定义表,#### 3.1.2 字段定义表,field,P1,类型应满足：文件,源码路径+行号、对应运行测试或数据库/Redis/队列证据,表格单元格已拆为单一字段断言
REQ-CF-00398,core-finance,docs/PRD-整改R1-R4-人工上账与资金入账.md,3.1.2 字段定义表,| `evidence` | 凭证附件 | 条件必填 | 文件 | JPG/PNG/PDF ≤5MB | `bank_transfer` 必填；`grant` 选填 | 对公到账凭证/回单截图；正式凭证落库方案见 R9（后续阶段） |,field,P1,长度/精度应满足：JPG/PNG/PDF ≤5MB,源码路径+行号、对应运行测试或数据库/Redis/队列证据,表格单元格已拆为单一字段断言
REQ-CF-00399,core-finance,docs/PRD-整改R1-R4-人工上账与资金入账.md,3.1.2 字段定义表,| `evidence` | 凭证附件 | 条件必填 | 文件 | JPG/PNG/PDF ≤5MB | `bank_transfer` 必填；`grant` 选填 | 对公到账凭证/回单截图；正式凭证落库方案见 R9（后续阶段） |,field,P1,校验规则应满足：`bank_transfer` 必填；`grant` 选填,源码路径+行号、对应运行测试或数据库/Redis/队列证据,表格单元格已拆为单一字段断言
REQ-CF-00400,core-finance,docs/PRD-整改R1-R4-人工上账与资金入账.md,3.1.2 字段定义表,| `evidence` | 凭证附件 | 条件必填 | 文件 | JPG/PNG/PDF ≤5MB | `bank_transfer` 必填；`grant` 选填 | 对公到账凭证/回单截图；正式凭证落库方案见 R9（后续阶段） |,field,P1,备注应满足：对公到账凭证/回单截图；正式凭证落库方案见 R9（后续阶段）,源码路径+行号、对应运行测试或数据库/Redis/队列证据,表格单元格已拆为单一字段断言
REQ-CF-00401,core-finance,docs/PRD-整改R1-R4-人工上账与资金入账.md,3.1.2 字段定义表,| `transfer_no` | 转账单号 | 条件必填 | varchar | ≤64 | `bank_transfer` 必填；填写则全平台唯一 | 银行流水号；重复创建同单号被拒 |,field,P1,字段应满足：`transfer_no`,源码路径+行号、对应运行测试或数据库/Redis/队列证据,表格单元格已拆为单一字段断言
REQ-CF-00402,core-finance,docs/PRD-整改R1-R4-人工上账与资金入账.md,3.1.2 字段定义表,| 字段 | 业务含义 | 必填 | 类型 | 长度/精度 | 校验规则 | 备注 |,field,P1,业务含义应满足：转账单号,源码路径+行号、对应运行测试或数据库/Redis/队列证据,表格单元格已拆为单一字段断言
REQ-CF-00404,core-finance,docs/PRD-整改R1-R4-人工上账与资金入账.md,3.1.2 字段定义表,| `transfer_no` | 转账单号 | 条件必填 | varchar | ≤64 | `bank_transfer` 必填；填写则全平台唯一 | 银行流水号；重复创建同单号被拒 |,field,P1,类型应满足：varchar,源码路径+行号、对应运行测试或数据库/Redis/队列证据,表格单元格已拆为单一字段断言
REQ-CF-00405,core-finance,docs/PRD-整改R1-R4-人工上账与资金入账.md,3.1.2 字段定义表,| 字段 | 业务含义 | 必填 | 类型 | 长度/精度 | 校验规则 | 备注 |,field,P1,长度/精度应满足：≤64,源码路径+行号、对应运行测试或数据库/Redis/队列证据,表格单元格已拆为单一字段断言
REQ-CF-00406,core-finance,docs/PRD-整改R1-R4-人工上账与资金入账.md,3.1.2 字段定义表,| `transfer_no` | 转账单号 | 条件必填 | varchar | ≤64 | `bank_transfer` 必填；填写则全平台唯一 | 银行流水号；重复创建同单号被拒 |,field,P0,校验规则应满足：`bank_transfer` 必填；填写则全平台唯一,源码路径+行号、对应运行测试或数据库/Redis/队列证据,表格单元格已拆为单一字段断言
REQ-CF-00407,core-finance,docs/PRD-整改R1-R4-人工上账与资金入账.md,3.1.2 字段定义表,| `transfer_no` | 转账单号 | 条件必填 | varchar | ≤64 | `bank_transfer` 必填；填写则全平台唯一 | 银行流水号；重复创建同单号被拒 |,field,P1,备注应满足：银行流水号；重复创建同单号被拒,源码路径+行号、对应运行测试或数据库/Redis/队列证据,表格单元格已拆为单一字段断言
REQ-CF-00408,core-finance,docs/PRD-整改R1-R4-人工上账与资金入账.md,3.1.2 字段定义表,| `currency` | 币种 | 系统默认 | varchar | 10 | CNY | 本期仅支持 CNY |,field,P1,字段应满足：`currency`,源码路径+行号、对应运行测试或数据库/Redis/队列证据,表格单元格已拆为单一字段断言
REQ-CF-00409,core-finance,docs/PRD-整改R1-R4-人工上账与资金入账.md,3.1.2 字段定义表,| 字段 | 业务含义 | 必填 | 类型 | 长度/精度 | 校验规则 | 备注 |,field,P1,业务含义应满足：币种,源码路径+行号、对应运行测试或数据库/Redis/队列证据,表格单元格已拆为单一字段断言
REQ-CF-00410,core-finance,docs/PRD-整改R1-R4-人工上账与资金入账.md,3.1.2 字段定义表,| `currency` | 币种 | 系统默认 | varchar | 10 | CNY | 本期仅支持 CNY |,field,P1,必填应满足：系统默认,源码路径+行号、对应运行测试或数据库/Redis/队列证据,表格单元格已拆为单一字段断言
REQ-CF-00412,core-finance,docs/PRD-整改R1-R4-人工上账与资金入账.md,3.1.2 字段定义表,| 字段 | 业务含义 | 必填 | 类型 | 长度/精度 | 校验规则 | 备注 |,field,P1,长度/精度应满足：10,源码路径+行号、对应运行测试或数据库/Redis/队列证据,表格单元格已拆为单一字段断言
REQ-CF-00413,core-finance,docs/PRD-整改R1-R4-人工上账与资金入账.md,3.1.2 字段定义表,| 字段 | 业务含义 | 必填 | 类型 | 长度/精度 | 校验规则 | 备注 |,field,P1,校验规则应满足：CNY,源码路径+行号、对应运行测试或数据库/Redis/队列证据,表格单元格已拆为单一字段断言
REQ-CF-00414,core-finance,docs/PRD-整改R1-R4-人工上账与资金入账.md,3.1.2 字段定义表,| `currency` | 币种 | 系统默认 | varchar | 10 | CNY | 本期仅支持 CNY |,field,P1,备注应满足：本期仅支持 CNY,源码路径+行号、对应运行测试或数据库/Redis/队列证据,表格单元格已拆为单一字段断言
REQ-CF-00415,core-finance,docs/PRD-整改R1-R4-人工上账与资金入账.md,3.1.2 字段定义表,| `order_no` | 订单号 | 系统生成 | varchar | 50 | 唯一，生成规则沿用现有充值订单规则 | 创建时自动生成，用户不可填写 |,field,P1,字段应满足：`order_no`,源码路径+行号、对应运行测试或数据库/Redis/队列证据,表格单元格已拆为单一字段断言
REQ-CF-00416,core-finance,docs/PRD-整改R1-R4-人工上账与资金入账.md,3.1.2 字段定义表,| 字段 | 业务含义 | 必填 | 类型 | 长度/精度 | 校验规则 | 备注 |,field,P1,业务含义应满足：订单号,源码路径+行号、对应运行测试或数据库/Redis/队列证据,表格单元格已拆为单一字段断言
REQ-CF-00417,core-finance,docs/PRD-整改R1-R4-人工上账与资金入账.md,3.1.2 字段定义表,| `order_no` | 订单号 | 系统生成 | varchar | 50 | 唯一，生成规则沿用现有充值订单规则 | 创建时自动生成，用户不可填写 |,field,P1,必填应满足：系统生成,源码路径+行号、对应运行测试或数据库/Redis/队列证据,表格单元格已拆为单一字段断言
REQ-CF-00419,core-finance,docs/PRD-整改R1-R4-人工上账与资金入账.md,3.1.2 字段定义表,| 字段 | 业务含义 | 必填 | 类型 | 长度/精度 | 校验规则 | 备注 |,field,P1,长度/精度应满足：50,源码路径+行号、对应运行测试或数据库/Redis/队列证据,表格单元格已拆为单一字段断言
REQ-CF-00420,core-finance,docs/PRD-整改R1-R4-人工上账与资金入账.md,3.1.2 字段定义表,| `order_no` | 订单号 | 系统生成 | varchar | 50 | 唯一，生成规则沿用现有充值订单规则 | 创建时自动生成，用户不可填写 |,field,P0,校验规则应满足：唯一，生成规则沿用现有充值订单规则,源码路径+行号、对应运行测试或数据库/Redis/队列证据,表格单元格已拆为单一字段断言
REQ-CF-00421,core-finance,docs/PRD-整改R1-R4-人工上账与资金入账.md,3.1.2 字段定义表,| `order_no` | 订单号 | 系统生成 | varchar | 50 | 唯一，生成规则沿用现有充值订单规则 | 创建时自动生成，用户不可填写 |,field,P1,备注应满足：创建时自动生成，用户不可填写,源码路径+行号、对应运行测试或数据库/Redis/队列证据,表格单元格已拆为单一字段断言
REQ-CF-00422,core-finance,docs/PRD-整改R1-R4-人工上账与资金入账.md,3.1.2 字段定义表,| `status` | 订单状态 | 系统 | enum | — | `pending`（初始）/ `paid` / `failed` | 存储层现有枚举 |,field,P1,字段应满足：`status`,源码路径+行号、对应运行测试或数据库/Redis/队列证据,表格单元格已拆为单一字段断言
REQ-CF-00423,core-finance,docs/PRD-整改R1-R4-人工上账与资金入账.md,3.1.2 字段定义表,| 字段 | 业务含义 | 必填 | 类型 | 长度/精度 | 校验规则 | 备注 |,field,P1,业务含义应满足：订单状态,源码路径+行号、对应运行测试或数据库/Redis/队列证据,表格单元格已拆为单一字段断言
REQ-CF-00424,core-finance,docs/PRD-整改R1-R4-人工上账与资金入账.md,3.1.2 字段定义表,#### 3.1.2 字段定义表,field,P1,必填应满足：系统,源码路径+行号、对应运行测试或数据库/Redis/队列证据,表格单元格已拆为单一字段断言
REQ-CF-00426,core-finance,docs/PRD-整改R1-R4-人工上账与资金入账.md,3.1.2 字段定义表,| `status` | 订单状态 | 系统 | enum | — | `pending`（初始）/ `paid` / `failed` | 存储层现有枚举 |,field,P1,校验规则应满足：`pending`（初始）/ `paid` / `failed`,源码路径+行号、对应运行测试或数据库/Redis/队列证据,表格单元格已拆为单一字段断言
REQ-CF-00427,core-finance,docs/PRD-整改R1-R4-人工上账与资金入账.md,3.1.2 字段定义表,| `status` | 订单状态 | 系统 | enum | — | `pending`（初始）/ `paid` / `failed` | 存储层现有枚举 |,field,P1,备注应满足：存储层现有枚举,源码路径+行号、对应运行测试或数据库/Redis/队列证据,表格单元格已拆为单一字段断言
REQ-CF-00428,core-finance,docs/PRD-整改R1-R4-人工上账与资金入账.md,3.1.2 字段定义表,| `paid_at` | 入账时间 | 系统 | timestamp | — | 审核通过时写入 | — |,field,P1,字段应满足：`paid_at`,源码路径+行号、对应运行测试或数据库/Redis/队列证据,表格单元格已拆为单一字段断言
REQ-CF-00429,core-finance,docs/PRD-整改R1-R4-人工上账与资金入账.md,3.1.2 字段定义表,| 字段 | 业务含义 | 必填 | 类型 | 长度/精度 | 校验规则 | 备注 |,field,P1,业务含义应满足：入账时间,源码路径+行号、对应运行测试或数据库/Redis/队列证据,表格单元格已拆为单一字段断言
REQ-CF-00431,core-finance,docs/PRD-整改R1-R4-人工上账与资金入账.md,3.1.2 字段定义表,| `paid_at` | 入账时间 | 系统 | timestamp | — | 审核通过时写入 | — |,field,P1,类型应满足：timestamp,源码路径+行号、对应运行测试或数据库/Redis/队列证据,表格单元格已拆为单一字段断言
REQ-CF-00432,core-finance,docs/PRD-整改R1-R4-人工上账与资金入账.md,3.1.2 字段定义表,| `paid_at` | 入账时间 | 系统 | timestamp | — | 审核通过时写入 | — |,field,P1,校验规则应满足：审核通过时写入,源码路径+行号、对应运行测试或数据库/Redis/队列证据,表格单元格已拆为单一字段断言
REQ-CF-00433,core-finance,docs/PRD-整改R1-R4-人工上账与资金入账.md,3.1.2 字段定义表,| `reviewer_id` | 审核人 | 系统（审核时写入） | integer | — | — | **建议本期落库**（低成本审计基础）；正式凭证/审核人落库方案 R9 完善 |,field,P1,字段应满足：`reviewer_id`,源码路径+行号、对应运行测试或数据库/Redis/队列证据,表格单元格已拆为单一字段断言
REQ-CF-00434,core-finance,docs/PRD-整改R1-R4-人工上账与资金入账.md,3.1.2 字段定义表,| 字段 | 业务含义 | 必填 | 类型 | 长度/精度 | 校验规则 | 备注 |,field,P1,业务含义应满足：审核人,源码路径+行号、对应运行测试或数据库/Redis/队列证据,表格单元格已拆为单一字段断言
REQ-CF-00435,core-finance,docs/PRD-整改R1-R4-人工上账与资金入账.md,3.1.2 字段定义表,| `reviewer_id` | 审核人 | 系统（审核时写入） | integer | — | — | **建议本期落库**（低成本审计基础）；正式凭证/审核人落库方案 R9 完善 |,field,P1,必填应满足：系统（审核时写入）,源码路径+行号、对应运行测试或数据库/Redis/队列证据,表格单元格已拆为单一字段断言
REQ-CF-00437,core-finance,docs/PRD-整改R1-R4-人工上账与资金入账.md,3.1.2 字段定义表,| `reviewer_id` | 审核人 | 系统（审核时写入） | integer | — | — | **建议本期落库**（低成本审计基础）；正式凭证/审核人落库方案 R9 完善 |,field,P1,备注应满足：**建议本期落库**（低成本审计基础）；正式凭证/审核人落库方案 R9 完善,源码路径+行号、对应运行测试或数据库/Redis/队列证据,表格单元格已拆为单一字段断言
REQ-CF-00438,core-finance,docs/PRD-整改R1-R4-人工上账与资金入账.md,3.1.2 字段定义表,| `review_note` | 驳回原因 | 驳回时必填 | text | ≤500 字 | 驳回操作必须填写 | 管理员侧可见；后续可透出给用户 |,field,P1,字段应满足：`review_note`,源码路径+行号、对应运行测试或数据库/Redis/队列证据,表格单元格已拆为单一字段断言
REQ-CF-00439,core-finance,docs/PRD-整改R1-R4-人工上账与资金入账.md,3.1.2 字段定义表,| 字段 | 业务含义 | 必填 | 类型 | 长度/精度 | 校验规则 | 备注 |,field,P1,业务含义应满足：驳回原因,源码路径+行号、对应运行测试或数据库/Redis/队列证据,表格单元格已拆为单一字段断言
REQ-CF-00440,core-finance,docs/PRD-整改R1-R4-人工上账与资金入账.md,3.1.2 字段定义表,| `review_note` | 驳回原因 | 驳回时必填 | text | ≤500 字 | 驳回操作必须填写 | 管理员侧可见；后续可透出给用户 |,field,P1,必填应满足：驳回时必填,源码路径+行号、对应运行测试或数据库/Redis/队列证据,表格单元格已拆为单一字段断言
REQ-CF-00443,core-finance,docs/PRD-整改R1-R4-人工上账与资金入账.md,3.1.2 字段定义表,| `review_note` | 驳回原因 | 驳回时必填 | text | ≤500 字 | 驳回操作必须填写 | 管理员侧可见；后续可透出给用户 |,field,P0,校验规则应满足：驳回操作必须填写,源码路径+行号、对应运行测试或数据库/Redis/队列证据,表格单元格已拆为单一字段断言
REQ-CF-00444,core-finance,docs/PRD-整改R1-R4-人工上账与资金入账.md,3.1.2 字段定义表,| `review_note` | 驳回原因 | 驳回时必填 | text | ≤500 字 | 驳回操作必须填写 | 管理员侧可见；后续可透出给用户 |,field,P1,备注应满足：管理员侧可见；后续可透出给用户,源码路径+行号、对应运行测试或数据库/Redis/队列证据,表格单元格已拆为单一字段断言
REQ-CF-00445,core-finance,docs/PRD-整改R1-R4-人工上账与资金入账.md,3.1.2 字段定义表,说明：`evidence` / `transfer_no` / `reviewer_id` 当前在列表契约中为 `null` 占位，本期随创建/审核能力落地；存储位置（recharge_orders 扩展列或 metadata JSONB）由 arch-agent 裁决，本 PRD 只定义业务字段。,field,P1,说明：`evidence` / `transfer_no` / `reviewer_id` 当前在列表契约中为 `null` 占位，本期随创建/审核能力落地；存储位置（recharge_orders 扩展列或 metadata JSONB）由 arch-agent 裁决，本 PRD 只定义业务字段。,源码路径+行号、对应运行测试或数据库/Redis/队列证据,N/A：原审计记录未提供补充依据；待复核源码、测试及运行证据。
REQ-CF-00446,core-finance,docs/PRD-整改R1-R4-人工上账与资金入账.md,3.1.3 校验规则（创建时）,"| C1 | 用户存在性 | `users` 表存在该用户 | ""用户不存在，请重新搜索"" |",logic,P1,校验项应满足：用户存在性,源码路径+行号、对应运行测试或数据库/Redis/队列证据,表格单元格已拆为单一字段断言
REQ-CF-00447,core-finance,docs/PRD-整改R1-R4-人工上账与资金入账.md,3.1.3 校验规则（创建时）,"| C1 | 用户存在性 | `users` 表存在该用户 | ""用户不存在，请重新搜索"" |",logic,P1,规则应满足：`users` 表存在该用户,源码路径+行号、对应运行测试或数据库/Redis/队列证据,表格单元格已拆为单一字段断言
REQ-CF-00448,core-finance,docs/PRD-整改R1-R4-人工上账与资金入账.md,3.1.3 校验规则（创建时）,"| C1 | 用户存在性 | `users` 表存在该用户 | ""用户不存在，请重新搜索"" |",logic,P1,"失败提示（产品侧文案）应满足：""用户不存在，请重新搜索""",源码路径+行号、对应运行测试或数据库/Redis/队列证据,表格单元格已拆为单一字段断言
REQ-CF-00449,core-finance,docs/PRD-整改R1-R4-人工上账与资金入账.md,3.1.3 校验规则（创建时）,"| C2 | 用户状态 | 状态为正常（active） | ""该用户处于禁用/冻结状态，请先在用户管理中解锁后再上账""（待裁决 A8） |",state,P1,校验项应满足：用户状态,源码路径+行号、对应运行测试或数据库/Redis/队列证据,表格单元格已拆为单一字段断言
REQ-CF-00450,core-finance,docs/PRD-整改R1-R4-人工上账与资金入账.md,3.1.3 校验规则（创建时）,"| C2 | 用户状态 | 状态为正常（active） | ""该用户处于禁用/冻结状态，请先在用户管理中解锁后再上账""（待裁决 A8） |",state,P1,规则应满足：状态为正常（active）,源码路径+行号、对应运行测试或数据库/Redis/队列证据,表格单元格已拆为单一字段断言
REQ-CF-00451,core-finance,docs/PRD-整改R1-R4-人工上账与资金入账.md,3.1.3 校验规则（创建时）,"| C2 | 用户状态 | 状态为正常（active） | ""该用户处于禁用/冻结状态，请先在用户管理中解锁后再上账""（待裁决 A8） |",state,P1,"失败提示（产品侧文案）应满足：""该用户处于禁用/冻结状态，请先在用户管理中解锁后再上账""（待裁决 A8）",源码路径+行号、对应运行测试或数据库/Redis/队列证据,表格单元格已拆为单一字段断言
REQ-CF-00452,core-finance,docs/PRD-整改R1-R4-人工上账与资金入账.md,3.1.3 校验规则（创建时）,"| C3 | 金额下限 | `amount > 0` | ""入账金额必须大于 0"" |",logic,P1,校验项应满足：金额下限,源码路径+行号、对应运行测试或数据库/Redis/队列证据,表格单元格已拆为单一字段断言
REQ-CF-00453,core-finance,docs/PRD-整改R1-R4-人工上账与资金入账.md,3.1.3 校验规则（创建时）,"| C3 | 金额下限 | `amount > 0` | ""入账金额必须大于 0"" |",logic,P1,规则应满足：`amount > 0`,源码路径+行号、对应运行测试或数据库/Redis/队列证据,表格单元格已拆为单一字段断言
REQ-CF-00454,core-finance,docs/PRD-整改R1-R4-人工上账与资金入账.md,3.1.3 校验规则（创建时）,| # | 校验项 | 规则 | 失败提示（产品侧文案） |,logic,P0,"失败提示（产品侧文案）应满足：""入账金额必须大于 0""",源码路径+行号、对应运行测试或数据库/Redis/队列证据,表格单元格已拆为单一字段断言
REQ-CF-00455,core-finance,docs/PRD-整改R1-R4-人工上账与资金入账.md,3.1.3 校验规则（创建时）,"| C4 | 金额上限 | `amount ≤ 50,000` | ""单笔上账金额不得超过 ¥50,000；大额入账请走分级审批（后续版本开放）"" |",logic,P1,校验项应满足：金额上限,源码路径+行号、对应运行测试或数据库/Redis/队列证据,表格单元格已拆为单一字段断言
REQ-CF-00456,core-finance,docs/PRD-整改R1-R4-人工上账与资金入账.md,3.1.3 校验规则（创建时）,"| C4 | 金额上限 | `amount ≤ 50,000` | ""单笔上账金额不得超过 ¥50,000；大额入账请走分级审批（后续版本开放）"" |",logic,P1,"规则应满足：`amount ≤ 50,000`",源码路径+行号、对应运行测试或数据库/Redis/队列证据,表格单元格已拆为单一字段断言
REQ-CF-00457,core-finance,docs/PRD-整改R1-R4-人工上账与资金入账.md,3.1.3 校验规则（创建时）,"| C4 | 金额上限 | `amount ≤ 50,000` | ""单笔上账金额不得超过 ¥50,000；大额入账请走分级审批（后续版本开放）"" |",logic,P0,"失败提示（产品侧文案）应满足：""单笔上账金额不得超过 ¥50,000；大额入账请走分级审批（后续版本开放）""",源码路径+行号、对应运行测试或数据库/Redis/队列证据,表格单元格已拆为单一字段断言
REQ-CF-00458,core-finance,docs/PRD-整改R1-R4-人工上账与资金入账.md,3.1.3 校验规则（创建时）,"| C5 | 金额精度 | 最多 2 位小数 | ""金额最多保留 2 位小数"" |",logic,P1,校验项应满足：金额精度,源码路径+行号、对应运行测试或数据库/Redis/队列证据,表格单元格已拆为单一字段断言
REQ-CF-00459,core-finance,docs/PRD-整改R1-R4-人工上账与资金入账.md,3.1.3 校验规则（创建时）,"| C5 | 金额精度 | 最多 2 位小数 | ""金额最多保留 2 位小数"" |",logic,P1,规则应满足：最多 2 位小数,源码路径+行号、对应运行测试或数据库/Redis/队列证据,表格单元格已拆为单一字段断言
REQ-CF-00460,core-finance,docs/PRD-整改R1-R4-人工上账与资金入账.md,3.1.3 校验规则（创建时）,"| C5 | 金额精度 | 最多 2 位小数 | ""金额最多保留 2 位小数"" |",logic,P1,"失败提示（产品侧文案）应满足：""金额最多保留 2 位小数""",源码路径+行号、对应运行测试或数据库/Redis/队列证据,表格单元格已拆为单一字段断言
REQ-CF-00461,core-finance,docs/PRD-整改R1-R4-人工上账与资金入账.md,3.1.3 校验规则（创建时）,"| C6 | 原因必填 | `note` 非空且 ≤500 字 | ""请填写入账原因（对公到账请注明核实说明）"" |",logic,P1,校验项应满足：原因必填,源码路径+行号、对应运行测试或数据库/Redis/队列证据,表格单元格已拆为单一字段断言
REQ-CF-00462,core-finance,docs/PRD-整改R1-R4-人工上账与资金入账.md,3.1.3 校验规则（创建时）,"| C6 | 原因必填 | `note` 非空且 ≤500 字 | ""请填写入账原因（对公到账请注明核实说明）"" |",logic,P1,规则应满足：`note` 非空且 ≤500 字,源码路径+行号、对应运行测试或数据库/Redis/队列证据,表格单元格已拆为单一字段断言
REQ-CF-00463,core-finance,docs/PRD-整改R1-R4-人工上账与资金入账.md,3.1.3 校验规则（创建时）,"| C6 | 原因必填 | `note` 非空且 ≤500 字 | ""请填写入账原因（对公到账请注明核实说明）"" |",logic,P1,"失败提示（产品侧文案）应满足：""请填写入账原因（对公到账请注明核实说明）""",源码路径+行号、对应运行测试或数据库/Redis/队列证据,表格单元格已拆为单一字段断言
REQ-CF-00464,core-finance,docs/PRD-整改R1-R4-人工上账与资金入账.md,3.1.3 校验规则（创建时）,"| C7 | 凭证必填 | `bank_transfer` 必须上传凭证 | ""对公到账必须上传转账凭证（JPG/PNG/PDF，≤5MB）"" |",logic,P1,校验项应满足：凭证必填,源码路径+行号、对应运行测试或数据库/Redis/队列证据,表格单元格已拆为单一字段断言
REQ-CF-00465,core-finance,docs/PRD-整改R1-R4-人工上账与资金入账.md,3.1.3 校验规则（创建时）,"| C7 | 凭证必填 | `bank_transfer` 必须上传凭证 | ""对公到账必须上传转账凭证（JPG/PNG/PDF，≤5MB）"" |",logic,P0,规则应满足：`bank_transfer` 必须上传凭证,源码路径+行号、对应运行测试或数据库/Redis/队列证据,表格单元格已拆为单一字段断言
REQ-CF-00466,core-finance,docs/PRD-整改R1-R4-人工上账与资金入账.md,3.1.3 校验规则（创建时）,"| C7 | 凭证必填 | `bank_transfer` 必须上传凭证 | ""对公到账必须上传转账凭证（JPG/PNG/PDF，≤5MB）"" |",logic,P0,"失败提示（产品侧文案）应满足：""对公到账必须上传转账凭证（JPG/PNG/PDF，≤5MB）""",源码路径+行号、对应运行测试或数据库/Redis/队列证据,表格单元格已拆为单一字段断言
REQ-CF-00467,core-finance,docs/PRD-整改R1-R4-人工上账与资金入账.md,3.1.3 校验规则（创建时）,"| C8 | 单号必填 | `bank_transfer` 必须填写转账单号 | ""对公到账必须填写转账单号"" |",logic,P1,校验项应满足：单号必填,源码路径+行号、对应运行测试或数据库/Redis/队列证据,表格单元格已拆为单一字段断言
REQ-CF-00468,core-finance,docs/PRD-整改R1-R4-人工上账与资金入账.md,3.1.3 校验规则（创建时）,"| C8 | 单号必填 | `bank_transfer` 必须填写转账单号 | ""对公到账必须填写转账单号"" |",logic,P0,规则应满足：`bank_transfer` 必须填写转账单号,源码路径+行号、对应运行测试或数据库/Redis/队列证据,表格单元格已拆为单一字段断言
REQ-CF-00469,core-finance,docs/PRD-整改R1-R4-人工上账与资金入账.md,3.1.3 校验规则（创建时）,"| C8 | 单号必填 | `bank_transfer` 必须填写转账单号 | ""对公到账必须填写转账单号"" |",logic,P0,"失败提示（产品侧文案）应满足：""对公到账必须填写转账单号""",源码路径+行号、对应运行测试或数据库/Redis/队列证据,表格单元格已拆为单一字段断言
REQ-CF-00470,core-finance,docs/PRD-整改R1-R4-人工上账与资金入账.md,3.1.3 校验规则（创建时）,"| C9 | 单号唯一 | `transfer_no` 不与已有订单重复 | ""该转账单号已存在上账记录，请核实是否重复入账"" |",logic,P0,校验项应满足：单号唯一,源码路径+行号、对应运行测试或数据库/Redis/队列证据,表格单元格已拆为单一字段断言
REQ-CF-00471,core-finance,docs/PRD-整改R1-R4-人工上账与资金入账.md,3.1.3 校验规则（创建时）,"| C9 | 单号唯一 | `transfer_no` 不与已有订单重复 | ""该转账单号已存在上账记录，请核实是否重复入账"" |",logic,P1,规则应满足：`transfer_no` 不与已有订单重复,源码路径+行号、对应运行测试或数据库/Redis/队列证据,表格单元格已拆为单一字段断言
REQ-CF-00472,core-finance,docs/PRD-整改R1-R4-人工上账与资金入账.md,3.1.3 校验规则（创建时）,"| C9 | 单号唯一 | `transfer_no` 不与已有订单重复 | ""该转账单号已存在上账记录，请核实是否重复入账"" |",logic,P1,"失败提示（产品侧文案）应满足：""该转账单号已存在上账记录，请核实是否重复入账""",源码路径+行号、对应运行测试或数据库/Redis/队列证据,表格单元格已拆为单一字段断言
REQ-CF-00473,core-finance,docs/PRD-整改R1-R4-人工上账与资金入账.md,3.1.3 校验规则（创建时）,"| C10 | 凭证格式/大小 | JPG/PNG/PDF，≤5MB | ""凭证格式仅支持 JPG/PNG/PDF，且不超过 5MB"" |",logic,P1,#应满足：C10,源码路径+行号、对应运行测试或数据库/Redis/队列证据,表格单元格已拆为单一字段断言
REQ-CF-00474,core-finance,docs/PRD-整改R1-R4-人工上账与资金入账.md,3.1.3 校验规则（创建时）,"| C10 | 凭证格式/大小 | JPG/PNG/PDF，≤5MB | ""凭证格式仅支持 JPG/PNG/PDF，且不超过 5MB"" |",logic,P1,校验项应满足：凭证格式/大小,源码路径+行号、对应运行测试或数据库/Redis/队列证据,表格单元格已拆为单一字段断言
REQ-CF-00475,core-finance,docs/PRD-整改R1-R4-人工上账与资金入账.md,3.1.3 校验规则（创建时）,"| C7 | 凭证必填 | `bank_transfer` 必须上传凭证 | ""对公到账必须上传转账凭证（JPG/PNG/PDF，≤5MB）"" |",logic,P1,规则应满足：JPG/PNG/PDF，≤5MB,源码路径+行号、对应运行测试或数据库/Redis/队列证据,表格单元格已拆为单一字段断言
REQ-CF-00476,core-finance,docs/PRD-整改R1-R4-人工上账与资金入账.md,3.1.3 校验规则（创建时）,"| C10 | 凭证格式/大小 | JPG/PNG/PDF，≤5MB | ""凭证格式仅支持 JPG/PNG/PDF，且不超过 5MB"" |",logic,P1,"失败提示（产品侧文案）应满足：""凭证格式仅支持 JPG/PNG/PDF，且不超过 5MB""",源码路径+行号、对应运行测试或数据库/Redis/队列证据,表格单元格已拆为单一字段断言
REQ-CF-00477,core-finance,docs/PRD-整改R1-R4-人工上账与资金入账.md,3.1.4 状态流转,状态机约束：仅 `pending` 可流转；已 `paid` / `failed` 的单据不可再次审核（并发/重复审核由状态条件原子更新拦截，现状已具备）。,concurrency,P1,状态机约束：仅 `pending` 可流转；已 `paid` / `failed` 的单据不可再次审核（并发/重复审核由状态条件原子更新拦截，现状已具备）。,源码路径+行号、对应运行测试或数据库/Redis/队列证据,N/A：原审计记录未提供补充依据；待复核源码、测试及运行证据。
REQ-CF-00478,core-finance,docs/PRD-整改R1-R4-人工上账与资金入账.md,3.1.4 状态流转,"本期不提供""取消""操作（创建后若需撤回，走驳回；与现状行为一致）。",state,P1,"本期不提供""取消""操作（创建后若需撤回，走驳回；与现状行为一致）。",源码路径+行号、对应运行测试或数据库/Redis/队列证据,N/A：原审计记录未提供补充依据；待复核源码、测试及运行证据。
REQ-CF-00479,core-finance,docs/PRD-整改R1-R4-人工上账与资金入账.md,3.1.4 状态流转,审核结果语义：`paid` = 资金已入账；`failed` = 未入账、单据关闭。,state,P0,审核结果语义：`paid` = 资金已入账；`failed` = 未入账、单据关闭。,源码路径+行号、对应运行测试或数据库/Redis/队列证据,N/A：原审计记录未提供补充依据；待复核源码、测试及运行证据。
REQ-CF-00480,core-finance,docs/PRD-整改R1-R4-人工上账与资金入账.md,3.1.5 前端交互（产品描述）,#### 3.1.5 前端交互（产品描述）,logic,P1,**页面落点**：管理后台 → 财务 → **人工上账**页（现有列表页，路由路径沿用现状）。,源码路径+行号、对应运行测试或数据库/Redis/队列证据,N/A：原审计记录未提供补充依据；待复核源码、测试及运行证据。
REQ-CF-00481,core-finance,docs/PRD-整改R1-R4-人工上账与资金入账.md,3.1.5 前端交互（产品描述）,#### 3.1.5 前端交互（产品描述）,permission,P1,1. 列表页顶部操作栏新增 **[发起上账]** 按钮（右上，`[?]` 帮助见第 8 节）；无 `finance.topup` 权限的角色该按钮不渲染。,源码路径+行号、对应运行测试或数据库/Redis/队列证据,N/A：原审计记录未提供补充依据；待复核源码、测试及运行证据。
REQ-CF-00482,core-finance,docs/PRD-整改R1-R4-人工上账与资金入账.md,3.1.5 前端交互（产品描述）,#### 3.1.5 前端交互（产品描述）,logic,P1,2. 点击后弹出**发起上账表单弹窗**：,源码路径+行号、对应运行测试或数据库/Redis/队列证据,N/A：原审计记录未提供补充依据；待复核源码、测试及运行证据。
REQ-CF-00483,core-finance,docs/PRD-整改R1-R4-人工上账与资金入账.md,3.1.5 前端交互（产品描述）,#### 3.1.5 前端交互（产品描述）,state,P0,"**用户选择器**：搜索框（支持邮箱/手机号/用户ID）→ 下拉/列表选中 → 回显""邮箱 · 名称 · 用户ID · 当前余额 · 状态""；状态非正常时显示警示条""该用户处于禁用/冻结状态，请先解锁""（提交被拦截）；",源码路径+行号、对应运行测试或数据库/Redis/队列证据,N/A：原审计记录未提供补充依据；待复核源码、测试及运行证据。
REQ-CF-00484,core-finance,docs/PRD-整改R1-R4-人工上账与资金入账.md,3.1.5 前端交互（产品描述）,#### 3.1.5 前端交互（产品描述）,logic,P1,"**入账类型**：单选""对公到账 / 平台赠送（赠送·补偿·纠错）""；",源码路径+行号、对应运行测试或数据库/Redis/队列证据,N/A：原审计记录未提供补充依据；待复核源码、测试及运行证据。
REQ-CF-00485,core-finance,docs/PRD-整改R1-R4-人工上账与资金入账.md,3.1.5 前端交互（产品描述）,#### 3.1.5 前端交互（产品描述）,field,P0,"**入账金额**：数字输入框，旁注""最低 ¥0.01，最高 ¥50,000""；实时展示""到账后余额预览""；",源码路径+行号、对应运行测试或数据库/Redis/队列证据,N/A：原审计记录未提供补充依据；待复核源码、测试及运行证据。
REQ-CF-00486,core-finance,docs/PRD-整改R1-R4-人工上账与资金入账.md,3.1.5 前端交互（产品描述）,#### 3.1.5 前端交互（产品描述）,logic,P1,**入账原因**：textarea（≤500 字），占位提示示例；,源码路径+行号、对应运行测试或数据库/Redis/队列证据,N/A：原审计记录未提供补充依据；待复核源码、测试及运行证据。
REQ-CF-00487,core-finance,docs/PRD-整改R1-R4-人工上账与资金入账.md,3.1.5 前端交互（产品描述）,#### 3.1.5 前端交互（产品描述）,logic,P1,"**凭证上传**：拖拽/点击上传；对公到账显示""* 必填""；上传后显示文件名与大小；",源码路径+行号、对应运行测试或数据库/Redis/队列证据,N/A：原审计记录未提供补充依据；待复核源码、测试及运行证据。
REQ-CF-00488,core-finance,docs/PRD-整改R1-R4-人工上账与资金入账.md,3.1.5 前端交互（产品描述）,#### 3.1.5 前端交互（产品描述）,logic,P0,"**转账单号**：对公到账显示""* 必填""；失焦时做唯一性校验（重复即红字提示）；",源码路径+行号、对应运行测试或数据库/Redis/队列证据,N/A：原审计记录未提供补充依据；待复核源码、测试及运行证据。
REQ-CF-00489,core-finance,docs/PRD-整改R1-R4-人工上账与资金入账.md,3.1.5 前端交互（产品描述）,#### 3.1.5 前端交互（产品描述）,action,P1,提交按钮 **[确认提交]**。,源码路径+行号、对应运行测试或数据库/Redis/队列证据,N/A：原审计记录未提供补充依据；待复核源码、测试及运行证据。
REQ-CF-00490,core-finance,docs/PRD-整改R1-R4-人工上账与资金入账.md,3.1.5 前端交互（产品描述）,#### 3.1.5 前端交互（产品描述）,field,P3,"3. 点击确认提交 → **二次确认弹窗**（P3 要求）：汇总展示""用户 / 金额 / 类型 / 到账后余额 / 转账单号""，提示""提交后进入待审核，审核通过前不改变用户余额""，[确认] / [返回修改]。",源码路径+行号、对应运行测试或数据库/Redis/队列证据,N/A：原审计记录未提供补充依据；待复核源码、测试及运行证据。
REQ-CF-00491,core-finance,docs/PRD-整改R1-R4-人工上账与资金入账.md,3.1.5 前端交互（产品描述）,#### 3.1.5 前端交互（产品描述）,state,P1,"4. 提交成功 → toast ""已提交，等待审核"" → 弹窗关闭 → 列表刷新，新单据以 `pending` 状态置顶展示。",源码路径+行号、对应运行测试或数据库/Redis/队列证据,N/A：原审计记录未提供补充依据；待复核源码、测试及运行证据。
REQ-CF-00492,core-finance,docs/PRD-整改R1-R4-人工上账与资金入账.md,3.1.5 前端交互（产品描述）,#### 3.1.5 前端交互（产品描述）,logic,P1,5. 列表操作列（仅 `pending` 行）显示 **[审核通过]** / **[驳回]**：,源码路径+行号、对应运行测试或数据库/Redis/队列证据,N/A：原审计记录未提供补充依据；待复核源码、测试及运行证据。
REQ-CF-00493,core-finance,docs/PRD-整改R1-R4-人工上账与资金入账.md,3.1.5 前端交互（产品描述）,#### 3.1.5 前端交互（产品描述）,action,P0,"审核通过 → 二次确认弹窗（""确认后将 ¥X 计入用户余额并通知用户""）→ 成功 toast ""上账成功，金额已入账"" → 行状态变 `paid`；",源码路径+行号、对应运行测试或数据库/Redis/队列证据,N/A：原审计记录未提供补充依据；待复核源码、测试及运行证据。
REQ-CF-00494,core-finance,docs/PRD-整改R1-R4-人工上账与资金入账.md,3.1.5 前端交互（产品描述）,#### 3.1.5 前端交互（产品描述）,state,P1,"驳回 → 弹窗必填""驳回原因"" → 行状态变 `failed`，原因展示于列表""驳回原因""列。",源码路径+行号、对应运行测试或数据库/Redis/队列证据,N/A：原审计记录未提供补充依据；待复核源码、测试及运行证据。
REQ-CF-00495,core-finance,docs/PRD-整改R1-R4-人工上账与资金入账.md,3.2.1 业务规则,1. **核心规则**：任何资金入账路径（人工上账审核通过 / 调账生效 / 充值订单审核通过）在更新余额前，若目标用户**不存在 `customer_balances` 余额行**，系统**自动创建零余额账户后再入账**；建户与入账在同一事务内完成，保证原子性。,transaction,P0,1. **核心规则**：任何资金入账路径（人工上账审核通过 / 调账生效 / 充值订单审核通过）在更新余额前，若目标用户**不存在 `customer_balances` 余额行**，系统**自动创建零余额账户后再入账**；建户与入账在同一事务内完成，保证原子性。,源码路径+行号、对应运行测试或数据库/Redis/队列证据,N/A：原审计记录未提供补充依据；待复核源码、测试及运行证据。
REQ-CF-00496,core-finance,docs/PRD-整改R1-R4-人工上账与资金入账.md,3.2.1 业务规则,"2. **幂等，不重复建户**：建户采用""存在即跳过""语义（复用注册时 `initBalance` 的 `ON CONFLICT DO NOTHING` 行为），并发请求下不会重复建户、不会覆盖已有余额。",idempotency,P0,"2. **幂等，不重复建户**：建户采用""存在即跳过""语义（复用注册时 `initBalance` 的 `ON CONFLICT DO NOTHING` 行为），并发请求下不会重复建户、不会覆盖已有余额。",源码路径+行号、对应运行测试或数据库/Redis/队列证据,N/A：原审计记录未提供补充依据；待复核源码、测试及运行证据。
REQ-CF-00497,core-finance,docs/PRD-整改R1-R4-人工上账与资金入账.md,3.2.1 业务规则,"3. **覆盖范围**：三条入账路径统一收口到同一""建户兜底 + 更新""逻辑（现状各路由各自 `UPDATE ...",logic,P1,"3. **覆盖范围**：三条入账路径统一收口到同一""建户兜底 + 更新""逻辑（现状各路由各自 `UPDATE ...",源码路径+行号、对应运行测试或数据库/Redis/队列证据,N/A：原审计记录未提供补充依据；待复核源码、测试及运行证据。
REQ-CF-00498,core-finance,docs/PRD-整改R1-R4-人工上账与资金入账.md,3.2.1 业务规则,RETURNING`，需收口；实现方式由 arch-agent 定，本 PRD 只定业务规则）。,logic,P1,RETURNING`，需收口；实现方式由 arch-agent 定，本 PRD 只定业务规则）。,源码路径+行号、对应运行测试或数据库/Redis/队列证据,N/A：原审计记录未提供补充依据；待复核源码、测试及运行证据。
REQ-CF-00499,core-finance,docs/PRD-整改R1-R4-人工上账与资金入账.md,3.2.1 业务规则,"4. **用户不存在**：建户依赖用户外键；若用户本身不存在（脏数据），入账失败并返回友好错误""用户不存在""（R1 创建时已前置校验；调账路径本期同步补校验，见边界表 B2）。",boundary,P1,"4. **用户不存在**：建户依赖用户外键；若用户本身不存在（脏数据），入账失败并返回友好错误""用户不存在""（R1 创建时已前置校验；调账路径本期同步补校验，见边界表 B2）。",源码路径+行号、对应运行测试或数据库/Redis/队列证据,N/A：原审计记录未提供补充依据；待复核源码、测试及运行证据。
REQ-CF-00500,core-finance,docs/PRD-整改R1-R4-人工上账与资金入账.md,3.2.1 业务规则,5. **用户端余额展示**：无余额行用户登录用户端后余额展示为 **¥0.00**（现状余额查询已对无行用户返回零值占位，无感）；自动建户后与正常零余额用户完全一致，无需用户端改动，仅需回归验证。,logic,P0,5. **用户端余额展示**：无余额行用户登录用户端后余额展示为 **¥0.00**（现状余额查询已对无行用户返回零值占位，无感）；自动建户后与正常零余额用户完全一致，无需用户端改动，仅需回归验证。,源码路径+行号、对应运行测试或数据库/Redis/队列证据,N/A：原审计记录未提供补充依据；待复核源码、测试及运行证据。
REQ-CF-00501,core-finance,docs/PRD-整改R1-R4-人工上账与资金入账.md,3.2.1 业务规则,"6. **对账影响**：自动建户为**零金额**操作，不改变任何资金合计口径；建户事件须写入审计/日志（来源标识 `auto_create`），供对账排查时定位""账户为何存在/何时建立""；§29 对账口径无新增差异。",audit,P0,"6. **对账影响**：自动建户为**零金额**操作，不改变任何资金合计口径；建户事件须写入审计/日志（来源标识 `auto_create`），供对账排查时定位""账户为何存在/何时建立""；§29 对账口径无新增差异。",源码路径+行号、对应运行测试或数据库/Redis/队列证据,N/A：原审计记录未提供补充依据；待复核源码、测试及运行证据。
REQ-CF-00502,core-finance,docs/PRD-整改R1-R4-人工上账与资金入账.md,3.2.1 业务规则,7. **审计**：自动建户作为入账事务的一部分，随入账审计记录（含 `balance_before` 空、建户标识）。,audit,P1,7. **审计**：自动建户作为入账事务的一部分，随入账审计记录（含 `balance_before` 空、建户标识）。,源码路径+行号、对应运行测试或数据库/Redis/队列证据,N/A：原审计记录未提供补充依据；待复核源码、测试及运行证据。
REQ-CF-00503,core-finance,docs/PRD-整改R1-R4-人工上账与资金入账.md,3.2.2 字段定义表（自动建户）,| `user_id` | 目标用户 ID（唯一） | 建户前置条件：用户存在 |,field,P1,字段应满足：`user_id`,源码路径+行号、对应运行测试或数据库/Redis/队列证据,表格单元格已拆为单一字段断言
REQ-CF-00504,core-finance,docs/PRD-整改R1-R4-人工上账与资金入账.md,3.2.2 字段定义表（自动建户）,| `user_id` | 目标用户 ID（唯一） | 建户前置条件：用户存在 |,field,P0,值应满足：目标用户 ID（唯一）,源码路径+行号、对应运行测试或数据库/Redis/队列证据,表格单元格已拆为单一字段断言
REQ-CF-00505,core-finance,docs/PRD-整改R1-R4-人工上账与资金入账.md,3.2.2 字段定义表（自动建户）,| `user_id` | 目标用户 ID（唯一） | 建户前置条件：用户存在 |,field,P1,说明应满足：建户前置条件：用户存在,源码路径+行号、对应运行测试或数据库/Redis/队列证据,表格单元格已拆为单一字段断言
REQ-CF-00506,core-finance,docs/PRD-整改R1-R4-人工上账与资金入账.md,3.2.2 字段定义表（自动建户）,| `total_balance` | 0 | 零余额建户 |,field,P1,字段应满足：`total_balance`,源码路径+行号、对应运行测试或数据库/Redis/队列证据,表格单元格已拆为单一字段断言
REQ-CF-00507,core-finance,docs/PRD-整改R1-R4-人工上账与资金入账.md,3.2.2 字段定义表（自动建户）,| `total_balance` | 0 | 零余额建户 |,field,P0,说明应满足：零余额建户,源码路径+行号、对应运行测试或数据库/Redis/队列证据,表格单元格已拆为单一字段断言
REQ-CF-00508,core-finance,docs/PRD-整改R1-R4-人工上账与资金入账.md,3.2.2 字段定义表（自动建户）,| `available_balance` | 0 | 零余额建户 |,field,P1,字段应满足：`available_balance`,源码路径+行号、对应运行测试或数据库/Redis/队列证据,表格单元格已拆为单一字段断言
REQ-CF-00510,core-finance,docs/PRD-整改R1-R4-人工上账与资金入账.md,3.2.2 字段定义表（自动建户）,| `frozen_balance` | 0 | 零余额建户 |,field,P1,字段应满足：`frozen_balance`,源码路径+行号、对应运行测试或数据库/Redis/队列证据,表格单元格已拆为单一字段断言
REQ-CF-00512,core-finance,docs/PRD-整改R1-R4-人工上账与资金入账.md,3.2.2 字段定义表（自动建户）,| `currency` | CNY | 与默认币种一致 |,field,P1,字段应满足：`currency`,源码路径+行号、对应运行测试或数据库/Redis/队列证据,表格单元格已拆为单一字段断言
REQ-CF-00513,core-finance,docs/PRD-整改R1-R4-人工上账与资金入账.md,3.2.2 字段定义表（自动建户）,| `currency` | CNY | 与默认币种一致 |,field,P1,值应满足：CNY,源码路径+行号、对应运行测试或数据库/Redis/队列证据,表格单元格已拆为单一字段断言
REQ-CF-00514,core-finance,docs/PRD-整改R1-R4-人工上账与资金入账.md,3.2.2 字段定义表（自动建户）,| `currency` | CNY | 与默认币种一致 |,field,P1,说明应满足：与默认币种一致,源码路径+行号、对应运行测试或数据库/Redis/队列证据,表格单元格已拆为单一字段断言
REQ-CF-00515,core-finance,docs/PRD-整改R1-R4-人工上账与资金入账.md,3.2.2 字段定义表（自动建户）,| `version` | 0 | 初始版本号 |,field,P1,字段应满足：`version`,源码路径+行号、对应运行测试或数据库/Redis/队列证据,表格单元格已拆为单一字段断言
REQ-CF-00516,core-finance,docs/PRD-整改R1-R4-人工上账与资金入账.md,3.2.2 字段定义表（自动建户）,| `version` | 0 | 初始版本号 |,field,P1,说明应满足：初始版本号,源码路径+行号、对应运行测试或数据库/Redis/队列证据,表格单元格已拆为单一字段断言
REQ-CF-00517,core-finance,docs/PRD-整改R1-R4-人工上账与资金入账.md,3.2.2 字段定义表（自动建户）,| `created_at` / `updated_at` | 当前时间 | 系统写入 |,field,P1,字段应满足：`created_at` / `updated_at`,源码路径+行号、对应运行测试或数据库/Redis/队列证据,表格单元格已拆为单一字段断言
REQ-CF-00518,core-finance,docs/PRD-整改R1-R4-人工上账与资金入账.md,3.2.2 字段定义表（自动建户）,| `created_at` / `updated_at` | 当前时间 | 系统写入 |,field,P1,值应满足：当前时间,源码路径+行号、对应运行测试或数据库/Redis/队列证据,表格单元格已拆为单一字段断言
REQ-CF-00519,core-finance,docs/PRD-整改R1-R4-人工上账与资金入账.md,3.2.2 字段定义表（自动建户）,| `created_at` / `updated_at` | 当前时间 | 系统写入 |,field,P1,说明应满足：系统写入,源码路径+行号、对应运行测试或数据库/Redis/队列证据,表格单元格已拆为单一字段断言
REQ-CF-00520,core-finance,docs/PRD-整改R1-R4-人工上账与资金入账.md,3.2.3 校验规则,| D1 | 用户存在 | 建户前用户必须存在于 `users` 表；不存在 → 友好错误，不入账 |,logic,P1,校验项应满足：用户存在,源码路径+行号、对应运行测试或数据库/Redis/队列证据,表格单元格已拆为单一字段断言
REQ-CF-00521,core-finance,docs/PRD-整改R1-R4-人工上账与资金入账.md,3.2.3 校验规则,| D1 | 用户存在 | 建户前用户必须存在于 `users` 表；不存在 → 友好错误，不入账 |,logic,P0,规则应满足：建户前用户必须存在于 `users` 表；不存在 → 友好错误，不入账,源码路径+行号、对应运行测试或数据库/Redis/队列证据,表格单元格已拆为单一字段断言
REQ-CF-00522,core-finance,docs/PRD-整改R1-R4-人工上账与资金入账.md,3.2.3 校验规则,| D2 | 建户幂等 | 同一用户并发建户只生效一次（不重复建户、不覆盖已有行） |,idempotency,P0,校验项应满足：建户幂等,源码路径+行号、对应运行测试或数据库/Redis/队列证据,表格单元格已拆为单一字段断言
REQ-CF-00523,core-finance,docs/PRD-整改R1-R4-人工上账与资金入账.md,3.2.3 校验规则,| D2 | 建户幂等 | 同一用户并发建户只生效一次（不重复建户、不覆盖已有行） |,concurrency,P1,规则应满足：同一用户并发建户只生效一次（不重复建户、不覆盖已有行）,源码路径+行号、对应运行测试或数据库/Redis/队列证据,表格单元格已拆为单一字段断言
REQ-CF-00524,core-finance,docs/PRD-整改R1-R4-人工上账与资金入账.md,3.2.3 校验规则,| D3 | 事务原子 | 建户 + 余额更新 + 流水写入在同一事务，任一失败整体回滚 |,transaction,P1,校验项应满足：事务原子,源码路径+行号、对应运行测试或数据库/Redis/队列证据,表格单元格已拆为单一字段断言
REQ-CF-00525,core-finance,docs/PRD-整改R1-R4-人工上账与资金入账.md,3.2.3 校验规则,| D3 | 事务原子 | 建户 + 余额更新 + 流水写入在同一事务，任一失败整体回滚 |,transaction,P0,规则应满足：建户 + 余额更新 + 流水写入在同一事务，任一失败整体回滚,源码路径+行号、对应运行测试或数据库/Redis/队列证据,表格单元格已拆为单一字段断言
REQ-CF-00526,core-finance,docs/PRD-整改R1-R4-人工上账与资金入账.md,3.2.4 状态流转,"R2 无独立状态流转：自动建户是**入账事务内的前置步骤**（""无余额行 → 建户 → 更新余额 → 写流水""），不产生任何可被管理员操作的独立单据状态；外部可见的状态变化只有入账路径本身的 `pending → paid`。",transaction,P0,"R2 无独立状态流转：自动建户是**入账事务内的前置步骤**（""无余额行 → 建户 → 更新余额 → 写流水""），不产生任何可被管理员操作的独立单据状态；外部可见的状态变化只有入账路径本身的 `pending → paid`。",源码路径+行号、对应运行测试或数据库/Redis/队列证据,N/A：原审计记录未提供补充依据；待复核源码、测试及运行证据。
REQ-CF-00527,core-finance,docs/PRD-整改R1-R4-人工上账与资金入账.md,3.2.5 前端交互,"无新增页面/按钮。管理员操作无感知（自动完成），仅要求：入账成功后列表/台账展示""入账成功""且**不出现 404 报错**；用户端余额卡正确显示入账后金额。",field,P0,"无新增页面/按钮。管理员操作无感知（自动完成），仅要求：入账成功后列表/台账展示""入账成功""且**不出现 404 报错**；用户端余额卡正确显示入账后金额。",源码路径+行号、对应运行测试或数据库/Redis/队列证据,N/A：原审计记录未提供补充依据；待复核源码、测试及运行证据。
REQ-CF-00528,core-finance,docs/PRD-整改R1-R4-人工上账与资金入账.md,3.3.1 权限点定义表,| `finance.topup` | 人工上账（创建 + 审核） | 权限树已授予 finance/admin/super_admin，但路由只放行 admin/super_admin（假授权） | 路由层改为按权限点鉴权，使授权真实生效 | finance、admin、super_admin |,permission,P1,权限点应满足：`finance.topup`,源码路径+行号、对应运行测试或数据库/Redis/队列证据,表格单元格已拆为单一字段断言
REQ-CF-00529,core-finance,docs/PRD-整改R1-R4-人工上账与资金入账.md,3.3.1 权限点定义表,| `finance.topup` | 人工上账（创建 + 审核） | 权限树已授予 finance/admin/super_admin，但路由只放行 admin/super_admin（假授权） | 路由层改为按权限点鉴权，使授权真实生效 | finance、admin、super_admin |,permission,P1,业务含义应满足：人工上账（创建 + 审核）,源码路径+行号、对应运行测试或数据库/Redis/队列证据,表格单元格已拆为单一字段断言
REQ-CF-00530,core-finance,docs/PRD-整改R1-R4-人工上账与资金入账.md,3.3.1 权限点定义表,| `finance.topup` | 人工上账（创建 + 审核） | 权限树已授予 finance/admin/super_admin，但路由只放行 admin/super_admin（假授权） | 路由层改为按权限点鉴权，使授权真实生效 | finance、admin、super_admin |,permission,P1,现状应满足：权限树已授予 finance/admin/super_admin，但路由只放行 admin/super_admin（假授权）,源码路径+行号、对应运行测试或数据库/Redis/队列证据,表格单元格已拆为单一字段断言
REQ-CF-00531,core-finance,docs/PRD-整改R1-R4-人工上账与资金入账.md,3.3.1 权限点定义表,| `finance.topup` | 人工上账（创建 + 审核） | 权限树已授予 finance/admin/super_admin，但路由只放行 admin/super_admin（假授权） | 路由层改为按权限点鉴权，使授权真实生效 | finance、admin、super_admin |,permission,P1,本期动作应满足：路由层改为按权限点鉴权，使授权真实生效,源码路径+行号、对应运行测试或数据库/Redis/队列证据,表格单元格已拆为单一字段断言
REQ-CF-00532,core-finance,docs/PRD-整改R1-R4-人工上账与资金入账.md,3.3.1 权限点定义表,| `finance.topup` | 人工上账（创建 + 审核） | 权限树已授予 finance/admin/super_admin，但路由只放行 admin/super_admin（假授权） | 路由层改为按权限点鉴权，使授权真实生效 | finance、admin、super_admin |,permission,P1,授予角色应满足：finance、admin、super_admin,源码路径+行号、对应运行测试或数据库/Redis/队列证据,表格单元格已拆为单一字段断言
REQ-CF-00533,core-finance,docs/PRD-整改R1-R4-人工上账与资金入账.md,3.3.1 权限点定义表,| `finance.adjust` | 手动调账（发起 + 审核） | **权限树中不存在该权限点**（当前仅有 refund/topup/invoice/reconciliation） | **建议新增该权限点**（待裁决 A5）并接入调账路由 | 仅 admin、super_admin |,permission,P1,权限点应满足：`finance.adjust`,源码路径+行号、对应运行测试或数据库/Redis/队列证据,表格单元格已拆为单一字段断言
REQ-CF-00534,core-finance,docs/PRD-整改R1-R4-人工上账与资金入账.md,3.3.1 权限点定义表,| `finance.adjust` | 手动调账（发起 + 审核） | **权限树中不存在该权限点**（当前仅有 refund/topup/invoice/reconciliation） | **建议新增该权限点**（待裁决 A5）并接入调账路由 | 仅 admin、super_admin |,permission,P1,业务含义应满足：手动调账（发起 + 审核）,源码路径+行号、对应运行测试或数据库/Redis/队列证据,表格单元格已拆为单一字段断言
REQ-CF-00535,core-finance,docs/PRD-整改R1-R4-人工上账与资金入账.md,3.3.1 权限点定义表,| `finance.adjust` | 手动调账（发起 + 审核） | **权限树中不存在该权限点**（当前仅有 refund/topup/invoice/reconciliation） | **建议新增该权限点**（待裁决 A5）并接入调账路由 | 仅 admin、super_admin |,permission,P1,现状应满足：**权限树中不存在该权限点**（当前仅有 refund/topup/invoice/reconciliation）,源码路径+行号、对应运行测试或数据库/Redis/队列证据,表格单元格已拆为单一字段断言
REQ-CF-00536,core-finance,docs/PRD-整改R1-R4-人工上账与资金入账.md,3.3.1 权限点定义表,| `finance.adjust` | 手动调账（发起 + 审核） | **权限树中不存在该权限点**（当前仅有 refund/topup/invoice/reconciliation） | **建议新增该权限点**（待裁决 A5）并接入调账路由 | 仅 admin、super_admin |,permission,P1,本期动作应满足：**建议新增该权限点**（待裁决 A5）并接入调账路由,源码路径+行号、对应运行测试或数据库/Redis/队列证据,表格单元格已拆为单一字段断言
REQ-CF-00537,core-finance,docs/PRD-整改R1-R4-人工上账与资金入账.md,3.3.1 权限点定义表,| `finance.adjust` | 手动调账（发起 + 审核） | **权限树中不存在该权限点**（当前仅有 refund/topup/invoice/reconciliation） | **建议新增该权限点**（待裁决 A5）并接入调账路由 | 仅 admin、super_admin |,permission,P1,授予角色应满足：仅 admin、super_admin,源码路径+行号、对应运行测试或数据库/Redis/队列证据,表格单元格已拆为单一字段断言
REQ-CF-00538,core-finance,docs/PRD-整改R1-R4-人工上账与资金入账.md,3.3.1 权限点定义表,| （充值订单审核） | 充值订单 audit 通过 | 路由放行 admin/super_admin | 本期**保持现状**；是否开放给 finance 见待裁决 A4 | admin、super_admin（现状） |,permission,P1,权限点应满足：（充值订单审核）,源码路径+行号、对应运行测试或数据库/Redis/队列证据,表格单元格已拆为单一字段断言
REQ-CF-00539,core-finance,docs/PRD-整改R1-R4-人工上账与资金入账.md,3.3.1 权限点定义表,| （充值订单审核） | 充值订单 audit 通过 | 路由放行 admin/super_admin | 本期**保持现状**；是否开放给 finance 见待裁决 A4 | admin、super_admin（现状） |,permission,P1,业务含义应满足：充值订单 audit 通过,源码路径+行号、对应运行测试或数据库/Redis/队列证据,表格单元格已拆为单一字段断言
REQ-CF-00540,core-finance,docs/PRD-整改R1-R4-人工上账与资金入账.md,3.3.1 权限点定义表,| （充值订单审核） | 充值订单 audit 通过 | 路由放行 admin/super_admin | 本期**保持现状**；是否开放给 finance 见待裁决 A4 | admin、super_admin（现状） |,permission,P1,现状应满足：路由放行 admin/super_admin,源码路径+行号、对应运行测试或数据库/Redis/队列证据,表格单元格已拆为单一字段断言
REQ-CF-00541,core-finance,docs/PRD-整改R1-R4-人工上账与资金入账.md,3.3.1 权限点定义表,| （充值订单审核） | 充值订单 audit 通过 | 路由放行 admin/super_admin | 本期**保持现状**；是否开放给 finance 见待裁决 A4 | admin、super_admin（现状） |,permission,P1,本期动作应满足：本期**保持现状**；是否开放给 finance 见待裁决 A4,源码路径+行号、对应运行测试或数据库/Redis/队列证据,表格单元格已拆为单一字段断言
REQ-CF-00542,core-finance,docs/PRD-整改R1-R4-人工上账与资金入账.md,3.3.1 权限点定义表,| （充值订单审核） | 充值订单 audit 通过 | 路由放行 admin/super_admin | 本期**保持现状**；是否开放给 finance 见待裁决 A4 | admin、super_admin（现状） |,permission,P1,授予角色应满足：admin、super_admin（现状）,源码路径+行号、对应运行测试或数据库/Redis/队列证据,表格单元格已拆为单一字段断言
REQ-CF-00543,core-finance,docs/PRD-整改R1-R4-人工上账与资金入账.md,3.3.1 权限点定义表,| `super_admin` 通配 | 全部权限 | 现有 `*` 语义 | 保持 | super_admin |,permission,P1,权限点应满足：`super_admin` 通配,源码路径+行号、对应运行测试或数据库/Redis/队列证据,表格单元格已拆为单一字段断言
REQ-CF-00544,core-finance,docs/PRD-整改R1-R4-人工上账与资金入账.md,3.3.1 权限点定义表,| 权限点 | 业务含义 | 现状 | 本期动作 | 授予角色 |,permission,P1,业务含义应满足：全部权限,源码路径+行号、对应运行测试或数据库/Redis/队列证据,表格单元格已拆为单一字段断言
REQ-CF-00545,core-finance,docs/PRD-整改R1-R4-人工上账与资金入账.md,3.3.1 权限点定义表,| `super_admin` 通配 | 全部权限 | 现有 `*` 语义 | 保持 | super_admin |,permission,P1,现状应满足：现有 `*` 语义,源码路径+行号、对应运行测试或数据库/Redis/队列证据,表格单元格已拆为单一字段断言
REQ-CF-00546,core-finance,docs/PRD-整改R1-R4-人工上账与资金入账.md,3.3.1 权限点定义表,| 权限点 | 业务含义 | 现状 | 本期动作 | 授予角色 |,permission,P1,本期动作应满足：保持,源码路径+行号、对应运行测试或数据库/Redis/队列证据,表格单元格已拆为单一字段断言
REQ-CF-00547,core-finance,docs/PRD-整改R1-R4-人工上账与资金入账.md,3.3.1 权限点定义表,| `finance.topup` | 人工上账（创建 + 审核） | 权限树已授予 finance/admin/super_admin，但路由只放行 admin/super_admin（假授权） | 路由层改为按权限点鉴权，使授权真实生效 | finance、admin、super_admin |,permission,P1,授予角色应满足：super_admin,源码路径+行号、对应运行测试或数据库/Redis/队列证据,表格单元格已拆为单一字段断言
REQ-CF-00548,core-finance,docs/PRD-整改R1-R4-人工上账与资金入账.md,3.3.1 权限点定义表,权限点与 SPEC-§30 权限位映射：`finance.topup` ≈ §30「资金操作」组 `RECHARGE_MANAGE（管理充值）`；`finance.adjust` 对应 §30 `BALANCE_ADJUST（调整余额，二次确认）` 的管理侧操作位。两套口径由 arch-agent 对齐，本 PRD 以权限树现有 key 为准。,permission,P0,权限点与 SPEC-§30 权限位映射：`finance.topup` ≈ §30「资金操作」组 `RECHARGE_MANAGE（管理充值）`；`finance.adjust` 对应 §30 `BALANCE_ADJUST（调整余额，二次确认）` 的管理侧操作位。两套口径由 arch-agent 对齐，本 PRD 以权限树现有 key 为准。,源码路径+行号、对应运行测试或数据库/Redis/队列证据,N/A：原审计记录未提供补充依据；待复核源码、测试及运行证据。
REQ-CF-00549,core-finance,docs/PRD-整改R1-R4-人工上账与资金入账.md,3.3.2 业务规则,"1. **鉴权模型**：资金路由的访问控制从""角色白名单（role 字段）""改为""**权限点校验**""——校验操作者是否持有对应权限点；`super_admin` 持通配权限点，天然放行。实现（requirePerm 中间件）由 arch-agent 设计，本 PRD 只定业务映射。",permission,P0,"1. **鉴权模型**：资金路由的访问控制从""角色白名单（role 字段）""改为""**权限点校验**""——校验操作者是否持有对应权限点；`super_admin` 持通配权限点，天然放行。实现（requirePerm 中间件）由 arch-agent 设计，本 PRD 只定业务映射。",源码路径+行号、对应运行测试或数据库/Redis/队列证据,N/A：原审计记录未提供补充依据；待复核源码、测试及运行证据。
REQ-CF-00550,core-finance,docs/PRD-整改R1-R4-人工上账与资金入账.md,3.3.2 业务规则,"2. **人工上账**（列表 / 创建 / 审核）：要求 `finance.topup`。→ finance 角色**可发起、可审核**人工上账（对齐本任务要求；整改方案验收以""finance 可审核人工上账""为底线）。",test,P1,"2. **人工上账**（列表 / 创建 / 审核）：要求 `finance.topup`。→ finance 角色**可发起、可审核**人工上账（对齐本任务要求；整改方案验收以""finance 可审核人工上账""为底线）。",源码路径+行号、对应运行测试或数据库/Redis/队列证据,N/A：原审计记录未提供补充依据；待复核源码、测试及运行证据。
REQ-CF-00551,core-finance,docs/PRD-整改R1-R4-人工上账与资金入账.md,3.3.2 业务规则,3. **手动调账**（发起 / 审核，含红字冲销入口）：要求 `finance.adjust`（仅 admin/super_admin）。→ finance 角色**不可发起调账**。,permission,P1,3. **手动调账**（发起 / 审核，含红字冲销入口）：要求 `finance.adjust`（仅 admin/super_admin）。→ finance 角色**不可发起调账**。,源码路径+行号、对应运行测试或数据库/Redis/队列证据,N/A：原审计记录未提供补充依据；待复核源码、测试及运行证据。
REQ-CF-00552,core-finance,docs/PRD-整改R1-R4-人工上账与资金入账.md,3.3.2 业务规则,"4. **审批级别维持现状**：调账的免审批/一级审批逻辑（<¥10,000 免审）本期不改造，仅做权限点收敛（分级审批属 R5）。",permission,P1,"4. **审批级别维持现状**：调账的免审批/一级审批逻辑（<¥10,000 免审）本期不改造，仅做权限点收敛（分级审批属 R5）。",源码路径+行号、对应运行测试或数据库/Redis/队列证据,N/A：原审计记录未提供补充依据；待复核源码、测试及运行证据。
REQ-CF-00553,core-finance,docs/PRD-整改R1-R4-人工上账与资金入账.md,3.3.2 业务规则,5. **越权反馈规范**：,logic,P1,5. **越权反馈规范**：,源码路径+行号、对应运行测试或数据库/Redis/队列证据,N/A：原审计记录未提供补充依据；待复核源码、测试及运行证据。
REQ-CF-00554,core-finance,docs/PRD-整改R1-R4-人工上账与资金入账.md,3.3.2 业务规则,"**前端**：按钮/入口按当前操作者权限点渲染——无 `finance.topup` 不显示""发起上账/审核""；无 `finance.adjust` 不显示""发起调账""；不出现""能看见但点不了""的假入口。若因权限变化导致页面局部失效，用禁用态 + tooltip""您暂无该操作权限""。",permission,P1,"**前端**：按钮/入口按当前操作者权限点渲染——无 `finance.topup` 不显示""发起上账/审核""；无 `finance.adjust` 不显示""发起调账""；不出现""能看见但点不了""的假入口。若因权限变化导致页面局部失效，用禁用态 + tooltip""您暂无该操作权限""。",源码路径+行号、对应运行测试或数据库/Redis/队列证据,N/A：原审计记录未提供补充依据；待复核源码、测试及运行证据。
REQ-CF-00555,core-finance,docs/PRD-整改R1-R4-人工上账与资金入账.md,3.3.2 业务规则,"**后端**：越权请求一律返回 **403**，统一错误码与文案（错误码取值由 arch-agent 定，文案建议：""无权执行该操作，请联系管理员（PERMISSION_DENIED）""）。**前端不得以 200 掩盖 403**，需按 403 统一提示并可选跳转权限说明。",permission,P0,"**后端**：越权请求一律返回 **403**，统一错误码与文案（错误码取值由 arch-agent 定，文案建议：""无权执行该操作，请联系管理员（PERMISSION_DENIED）""）。**前端不得以 200 掩盖 403**，需按 403 统一提示并可选跳转权限说明。",源码路径+行号、对应运行测试或数据库/Redis/队列证据,N/A：原审计记录未提供补充依据；待复核源码、测试及运行证据。
REQ-CF-00556,core-finance,docs/PRD-整改R1-R4-人工上账与资金入账.md,3.3.2 业务规则,6. **权限树同步**：`ROLE_PERMS` 增补 `finance.adjust`（admin / super_admin 授予）；用户权限详情接口（有效权限 + 权限树）能正确反映 finance 拥有 `finance.topup`、不拥有 `finance.adjust`。,permission,P1,6. **权限树同步**：`ROLE_PERMS` 增补 `finance.adjust`（admin / super_admin 授予）；用户权限详情接口（有效权限 + 权限树）能正确反映 finance 拥有 `finance.topup`、不拥有 `finance.adjust`。,源码路径+行号、对应运行测试或数据库/Redis/队列证据,N/A：原审计记录未提供补充依据；待复核源码、测试及运行证据。
REQ-CF-00557,core-finance,docs/PRD-整改R1-R4-人工上账与资金入账.md,3.3.2 业务规则,7. **审计**：所有鉴权拒绝不写业务审计；通过的操作照常写审计（含操作者）。,audit,P1,7. **审计**：所有鉴权拒绝不写业务审计；通过的操作照常写审计（含操作者）。,源码路径+行号、对应运行测试或数据库/Redis/队列证据,N/A：原审计记录未提供补充依据；待复核源码、测试及运行证据。
REQ-CF-00558,core-finance,docs/PRD-整改R1-R4-人工上账与资金入账.md,3.3.3 字段定义 / 校验规则 / 状态流转,"R3 无业务字段、无业务状态流转：字段定义由「权限点定义表」（3.3.1）替代，校验规则即""操作者有效权限是否含目标权限点""（缺失 → 403），状态概念不适用。",permission,P1,"R3 无业务字段、无业务状态流转：字段定义由「权限点定义表」（3.3.1）替代，校验规则即""操作者有效权限是否含目标权限点""（缺失 → 403），状态概念不适用。",源码路径+行号、对应运行测试或数据库/Redis/队列证据,N/A：原审计记录未提供补充依据；待复核源码、测试及运行证据。
REQ-CF-00559,core-finance,docs/PRD-整改R1-R4-人工上账与资金入账.md,3.3.4 前端交互,"无新页面。现有""人工上账""页与""调账""入口按权限点控制可见性；权限不足时的交互反馈见上。",permission,P1,"无新页面。现有""人工上账""页与""调账""入口按权限点控制可见性；权限不足时的交互反馈见上。",源码路径+行号、对应运行测试或数据库/Redis/队列证据,N/A：原审计记录未提供补充依据；待复核源码、测试及运行证据。
REQ-CF-00560,core-finance,docs/PRD-整改R1-R4-人工上账与资金入账.md,3.4.1 通知时机（触发点）,| N1 | 人工上账审核通过（入账成功） | `recharge_success` | 订单 `pending → paid` 且余额入账成功 | ✅（R1 新路径） |,action,P1,触发点应满足：人工上账审核通过（入账成功）,源码路径+行号、对应运行测试或数据库/Redis/队列证据,表格单元格已拆为单一字段断言
REQ-CF-00561,core-finance,docs/PRD-整改R1-R4-人工上账与资金入账.md,3.4.1 通知时机（触发点）,| N1 | 人工上账审核通过（入账成功） | `recharge_success` | 订单 `pending → paid` 且余额入账成功 | ✅（R1 新路径） |,action,P1,事件名应满足：`recharge_success`,源码路径+行号、对应运行测试或数据库/Redis/队列证据,表格单元格已拆为单一字段断言
REQ-CF-00562,core-finance,docs/PRD-整改R1-R4-人工上账与资金入账.md,3.4.1 通知时机（触发点）,| N1 | 人工上账审核通过（入账成功） | `recharge_success` | 订单 `pending → paid` 且余额入账成功 | ✅（R1 新路径） |,action,P0,状态前提应满足：订单 `pending → paid` 且余额入账成功,源码路径+行号、对应运行测试或数据库/Redis/队列证据,表格单元格已拆为单一字段断言
REQ-CF-00563,core-finance,docs/PRD-整改R1-R4-人工上账与资金入账.md,3.4.1 通知时机（触发点）,| # | 触发点 | 事件名 | 状态前提 | 本期是否覆盖 |,action,P1,本期是否覆盖应满足：✅（R1 新路径）,源码路径+行号、对应运行测试或数据库/Redis/队列证据,表格单元格已拆为单一字段断言
REQ-CF-00564,core-finance,docs/PRD-整改R1-R4-人工上账与资金入账.md,3.4.1 通知时机（触发点）,| N2 | 调账生效（调增） | `recharge_success` | 调整记录生效且余额增加 | ✅（现状路径补通知） |,action,P1,触发点应满足：调账生效（调增）,源码路径+行号、对应运行测试或数据库/Redis/队列证据,表格单元格已拆为单一字段断言
REQ-CF-00566,core-finance,docs/PRD-整改R1-R4-人工上账与资金入账.md,3.4.1 通知时机（触发点）,| N2 | 调账生效（调增） | `recharge_success` | 调整记录生效且余额增加 | ✅（现状路径补通知） |,action,P0,状态前提应满足：调整记录生效且余额增加,源码路径+行号、对应运行测试或数据库/Redis/队列证据,表格单元格已拆为单一字段断言
REQ-CF-00567,core-finance,docs/PRD-整改R1-R4-人工上账与资金入账.md,3.4.1 通知时机（触发点）,| N2 | 调账生效（调增） | `recharge_success` | 调整记录生效且余额增加 | ✅（现状路径补通知） |,action,P1,本期是否覆盖应满足：✅（现状路径补通知）,源码路径+行号、对应运行测试或数据库/Redis/队列证据,表格单元格已拆为单一字段断言
REQ-CF-00568,core-finance,docs/PRD-整改R1-R4-人工上账与资金入账.md,3.4.1 通知时机（触发点）,| N3 | 充值订单审核通过（audit 通过入账） | `recharge_success` | 订单 audit 通过且入账成功 | ✅（现状路径补通知） |,action,P1,触发点应满足：充值订单审核通过（audit 通过入账）,源码路径+行号、对应运行测试或数据库/Redis/队列证据,表格单元格已拆为单一字段断言
REQ-CF-00570,core-finance,docs/PRD-整改R1-R4-人工上账与资金入账.md,3.4.1 通知时机（触发点）,| N3 | 充值订单审核通过（audit 通过入账） | `recharge_success` | 订单 audit 通过且入账成功 | ✅（现状路径补通知） |,action,P1,状态前提应满足：订单 audit 通过且入账成功,源码路径+行号、对应运行测试或数据库/Redis/队列证据,表格单元格已拆为单一字段断言
REQ-CF-00572,core-finance,docs/PRD-整改R1-R4-人工上账与资金入账.md,3.4.1 通知时机（触发点）,| N4 | 调账生效（调减/扣减） | — | — | ❌ 本期不覆盖（扣减属余额变动类，事件与文案后续阶段定义，见 §9 差异项 9） |,action,P1,触发点应满足：调账生效（调减/扣减）,源码路径+行号、对应运行测试或数据库/Redis/队列证据,表格单元格已拆为单一字段断言
REQ-CF-00573,core-finance,docs/PRD-整改R1-R4-人工上账与资金入账.md,3.4.1 通知时机（触发点）,| N4 | 调账生效（调减/扣减） | — | — | ❌ 本期不覆盖（扣减属余额变动类，事件与文案后续阶段定义，见 §9 差异项 9） |,action,P0,本期是否覆盖应满足：❌ 本期不覆盖（扣减属余额变动类，事件与文案后续阶段定义，见 §9 差异项 9）,源码路径+行号、对应运行测试或数据库/Redis/队列证据,表格单元格已拆为单一字段断言
REQ-CF-00574,core-finance,docs/PRD-整改R1-R4-人工上账与资金入账.md,3.4.1 通知时机（触发点）,| N5 | 上账驳回 / 审核驳回 | — | — | ❌ 本期不覆盖（驳回通知后续评估） |,action,P1,触发点应满足：上账驳回 / 审核驳回,源码路径+行号、对应运行测试或数据库/Redis/队列证据,表格单元格已拆为单一字段断言
REQ-CF-00575,core-finance,docs/PRD-整改R1-R4-人工上账与资金入账.md,3.4.1 通知时机（触发点）,| N5 | 上账驳回 / 审核驳回 | — | — | ❌ 本期不覆盖（驳回通知后续评估） |,action,P1,本期是否覆盖应满足：❌ 本期不覆盖（驳回通知后续评估）,源码路径+行号、对应运行测试或数据库/Redis/队列证据,表格单元格已拆为单一字段断言
REQ-CF-00576,core-finance,docs/PRD-整改R1-R4-人工上账与资金入账.md,3.4.1 通知时机（触发点）,通知时机统一为**入账成功后**（资金变更已提交成功）再发通知；入账失败不触发。,action,P0,通知时机统一为**入账成功后**（资金变更已提交成功）再发通知；入账失败不触发。,源码路径+行号、对应运行测试或数据库/Redis/队列证据,N/A：原审计记录未提供补充依据；待复核源码、测试及运行证据。
REQ-CF-00577,core-finance,docs/PRD-整改R1-R4-人工上账与资金入账.md,3.4.2 渠道与偏好,"| 站内信 | **必发**（强制开启，不可被用户偏好关闭） | 整改方案 R4""站内信必发""；资金到账属强通知，与 §22 中 `login_anomaly` / `2fa_changed` 同类处理（见 §9 差异 A3） |",logic,P1,渠道应满足：站内信,源码路径+行号、对应运行测试或数据库/Redis/队列证据,表格单元格已拆为单一字段断言
REQ-CF-00578,core-finance,docs/PRD-整改R1-R4-人工上账与资金入账.md,3.4.2 渠道与偏好,"| 站内信 | **必发**（强制开启，不可被用户偏好关闭） | 整改方案 R4""站内信必发""；资金到账属强通知，与 §22 中 `login_anomaly` / `2fa_changed` 同类处理（见 §9 差异 A3） |",logic,P1,规则应满足：**必发**（强制开启，不可被用户偏好关闭）,源码路径+行号、对应运行测试或数据库/Redis/队列证据,表格单元格已拆为单一字段断言
REQ-CF-00579,core-finance,docs/PRD-整改R1-R4-人工上账与资金入账.md,3.4.2 渠道与偏好,"| 站内信 | **必发**（强制开启，不可被用户偏好关闭） | 整改方案 R4""站内信必发""；资金到账属强通知，与 §22 中 `login_anomaly` / `2fa_changed` 同类处理（见 §9 差异 A3） |",action,P0,"依据应满足：整改方案 R4""站内信必发""；资金到账属强通知，与 §22 中 `login_anomaly` / `2fa_changed` 同类处理（见 §9 差异 A3）",源码路径+行号、对应运行测试或数据库/Redis/队列证据,表格单元格已拆为单一字段断言
REQ-CF-00580,core-finance,docs/PRD-整改R1-R4-人工上账与资金入账.md,3.4.2 渠道与偏好,#### 3.4.2 渠道与偏好,logic,P1,渠道应满足：邮件,源码路径+行号、对应运行测试或数据库/Redis/队列证据,表格单元格已拆为单一字段断言
REQ-CF-00581,core-finance,docs/PRD-整改R1-R4-人工上账与资金入账.md,3.4.2 渠道与偏好,| 邮件 | **按用户偏好**：`emailEnabled = true` 且 `emailPreferences.recharge_success = true` 且邮件频率非 `off` 时发送；频率 `daily` 汇总场景由通知引擎按 §22.6 既有规则处理 | SPEC-§22 §22.6 `user_notification_preferences` |,action,P1,规则应满足：**按用户偏好**：`emailEnabled = true` 且 `emailPreferences.recharge_success = true` 且邮件频率非 `off` 时发送；频率 `daily` 汇总场景由通知引擎按 §22.6 既有规则处理,源码路径+行号、对应运行测试或数据库/Redis/队列证据,表格单元格已拆为单一字段断言
REQ-CF-00582,core-finance,docs/PRD-整改R1-R4-人工上账与资金入账.md,3.4.2 渠道与偏好,| 邮件 | **按用户偏好**：`emailEnabled = true` 且 `emailPreferences.recharge_success = true` 且邮件频率非 `off` 时发送；频率 `daily` 汇总场景由通知引擎按 §22.6 既有规则处理 | SPEC-§22 §22.6 `user_notification_preferences` |,logic,P1,依据应满足：SPEC-§22 §22.6 `user_notification_preferences`,源码路径+行号、对应运行测试或数据库/Redis/队列证据,表格单元格已拆为单一字段断言
REQ-CF-00583,core-finance,docs/PRD-整改R1-R4-人工上账与资金入账.md,3.4.2 渠道与偏好,| 其他渠道（短信/Webhook） | 本期不新增 | — |,logic,P1,渠道应满足：其他渠道（短信/Webhook）,源码路径+行号、对应运行测试或数据库/Redis/队列证据,表格单元格已拆为单一字段断言
REQ-CF-00584,core-finance,docs/PRD-整改R1-R4-人工上账与资金入账.md,3.4.2 渠道与偏好,| 其他渠道（短信/Webhook） | 本期不新增 | — |,logic,P1,规则应满足：本期不新增,源码路径+行号、对应运行测试或数据库/Redis/队列证据,表格单元格已拆为单一字段断言
REQ-CF-00585,core-finance,docs/PRD-整改R1-R4-人工上账与资金入账.md,3.4.3 通知文案要点与模板变量,#### 3.4.3 通知文案要点与模板变量,action,P1,**站内信与邮件共用的文案要点**（模板由运营侧维护，本期给出变量与要点）：,源码路径+行号、对应运行测试或数据库/Redis/队列证据,N/A：原审计记录未提供补充依据；待复核源码、测试及运行证据。
REQ-CF-00586,core-finance,docs/PRD-整改R1-R4-人工上账与资金入账.md,3.4.3 通知文案要点与模板变量,#### 3.4.3 通知文案要点与模板变量,action,P1,要点应满足：入账金额,源码路径+行号、对应运行测试或数据库/Redis/队列证据,表格单元格已拆为单一字段断言
REQ-CF-00587,core-finance,docs/PRD-整改R1-R4-人工上账与资金入账.md,3.4.3 通知文案要点与模板变量,#### 3.4.3 通知文案要点与模板变量,action,P1,变量建议应满足：`{amount}`,源码路径+行号、对应运行测试或数据库/Redis/队列证据,表格单元格已拆为单一字段断言
REQ-CF-00588,core-finance,docs/PRD-整改R1-R4-人工上账与资金入账.md,3.4.3 通知文案要点与模板变量,#### 3.4.3 通知文案要点与模板变量,action,P1,"示例应满足：¥1,000.00",源码路径+行号、对应运行测试或数据库/Redis/队列证据,表格单元格已拆为单一字段断言
REQ-CF-00589,core-finance,docs/PRD-整改R1-R4-人工上账与资金入账.md,3.4.3 通知文案要点与模板变量,#### 3.4.3 通知文案要点与模板变量,action,P0,要点应满足：到账后余额,源码路径+行号、对应运行测试或数据库/Redis/队列证据,表格单元格已拆为单一字段断言
REQ-CF-00590,core-finance,docs/PRD-整改R1-R4-人工上账与资金入账.md,3.4.3 通知文案要点与模板变量,#### 3.4.3 通知文案要点与模板变量,action,P1,变量建议应满足：`{balance_after}`,源码路径+行号、对应运行测试或数据库/Redis/队列证据,表格单元格已拆为单一字段断言
REQ-CF-00591,core-finance,docs/PRD-整改R1-R4-人工上账与资金入账.md,3.4.3 通知文案要点与模板变量,#### 3.4.3 通知文案要点与模板变量,action,P1,"示例应满足：¥1,250.00",源码路径+行号、对应运行测试或数据库/Redis/队列证据,表格单元格已拆为单一字段断言
REQ-CF-00592,core-finance,docs/PRD-整改R1-R4-人工上账与资金入账.md,3.4.3 通知文案要点与模板变量,#### 3.4.3 通知文案要点与模板变量,action,P1,要点应满足：入账时间,源码路径+行号、对应运行测试或数据库/Redis/队列证据,表格单元格已拆为单一字段断言
REQ-CF-00593,core-finance,docs/PRD-整改R1-R4-人工上账与资金入账.md,3.4.3 通知文案要点与模板变量,#### 3.4.3 通知文案要点与模板变量,action,P1,变量建议应满足：`{time}`,源码路径+行号、对应运行测试或数据库/Redis/队列证据,表格单元格已拆为单一字段断言
REQ-CF-00594,core-finance,docs/PRD-整改R1-R4-人工上账与资金入账.md,3.4.3 通知文案要点与模板变量,#### 3.4.3 通知文案要点与模板变量,action,P1,示例应满足：2026-08-18 14:30,源码路径+行号、对应运行测试或数据库/Redis/队列证据,表格单元格已拆为单一字段断言
REQ-CF-00595,core-finance,docs/PRD-整改R1-R4-人工上账与资金入账.md,3.4.3 通知文案要点与模板变量,#### 3.4.3 通知文案要点与模板变量,action,P1,要点应满足：入账类型,源码路径+行号、对应运行测试或数据库/Redis/队列证据,表格单元格已拆为单一字段断言
REQ-CF-00596,core-finance,docs/PRD-整改R1-R4-人工上账与资金入账.md,3.4.3 通知文案要点与模板变量,#### 3.4.3 通知文案要点与模板变量,action,P1,变量建议应满足：`{type_label}`,源码路径+行号、对应运行测试或数据库/Redis/队列证据,表格单元格已拆为单一字段断言
REQ-CF-00597,core-finance,docs/PRD-整改R1-R4-人工上账与资金入账.md,3.4.3 通知文案要点与模板变量,#### 3.4.3 通知文案要点与模板变量,action,P1,示例应满足：人工上账 / 手动调账 / 充值订单,源码路径+行号、对应运行测试或数据库/Redis/队列证据,表格单元格已拆为单一字段断言
REQ-CF-00598,core-finance,docs/PRD-整改R1-R4-人工上账与资金入账.md,3.4.3 通知文案要点与模板变量,#### 3.4.3 通知文案要点与模板变量,action,P1,要点应满足：关联单据号,源码路径+行号、对应运行测试或数据库/Redis/队列证据,表格单元格已拆为单一字段断言
REQ-CF-00599,core-finance,docs/PRD-整改R1-R4-人工上账与资金入账.md,3.4.3 通知文案要点与模板变量,#### 3.4.3 通知文案要点与模板变量,action,P1,变量建议应满足：`{order_no}`,源码路径+行号、对应运行测试或数据库/Redis/队列证据,表格单元格已拆为单一字段断言
REQ-CF-00600,core-finance,docs/PRD-整改R1-R4-人工上账与资金入账.md,3.4.3 通知文案要点与模板变量,#### 3.4.3 通知文案要点与模板变量,action,P1,示例应满足：订单号（如有）,源码路径+行号、对应运行测试或数据库/Redis/队列证据,表格单元格已拆为单一字段断言
REQ-CF-00601,core-finance,docs/PRD-整改R1-R4-人工上账与资金入账.md,3.4.3 通知文案要点与模板变量,#### 3.4.3 通知文案要点与模板变量,action,P1,**文案骨架（示例）**：,源码路径+行号、对应运行测试或数据库/Redis/队列证据,N/A：原审计记录未提供补充依据；待复核源码、测试及运行证据。
REQ-CF-00602,core-finance,docs/PRD-整改R1-R4-人工上账与资金入账.md,3.4.3 通知文案要点与模板变量,#### 3.4.3 通知文案要点与模板变量,action,P0,您的账户已于 {time} 到账 {amount}（{type_label}），当前可用余额 {balance_after}。如非本人操作或金额不符，请联系客服。（{order_no}）,源码路径+行号、对应运行测试或数据库/Redis/队列证据,N/A：原审计记录未提供补充依据；待复核源码、测试及运行证据。
REQ-CF-00603,core-finance,docs/PRD-整改R1-R4-人工上账与资金入账.md,3.4.4 通知失败降级,#### 3.4.4 通知失败降级,action,P0,1. **不影响主交易**：通知发送失败（站内信写入失败 / 邮件发送失败）不得回滚入账事务、不得阻断审核响应；,源码路径+行号、对应运行测试或数据库/Redis/队列证据,N/A：原审计记录未提供补充依据；待复核源码、测试及运行证据。
REQ-CF-00604,core-finance,docs/PRD-整改R1-R4-人工上账与资金入账.md,3.4.4 通知失败降级,#### 3.4.4 通知失败降级,test,P1,"2. **留痕可查**：通知记录落库（含渠道、状态 success/failed、失败原因、重试次数），满足整改方案 R4 验收""通知记录可查""；",源码路径+行号、对应运行测试或数据库/Redis/队列证据,N/A：原审计记录未提供补充依据；待复核源码、测试及运行证据。
REQ-CF-00605,core-finance,docs/PRD-整改R1-R4-人工上账与资金入账.md,3.4.4 通知失败降级,#### 3.4.4 通知失败降级,action,P1,3. **重试与告警**：失败通知进入重试（次数与间隔由 arch-agent 按通知引擎现状定），重试耗尽后告警给运维；本期不阻断业务。,源码路径+行号、对应运行测试或数据库/Redis/队列证据,N/A：原审计记录未提供补充依据；待复核源码、测试及运行证据。
REQ-CF-00606,core-finance,docs/PRD-整改R1-R4-人工上账与资金入账.md,3.4.5 与 SPEC-§22 通知偏好设置的衔接,复用 §22.6 的 `recharge_success` 事件标识与 `user_notification_preferences`（`inAppPreferences` / `emailPreferences` JSONB、`emailEnabled`、`emailFrequency`）；,action,P1,复用 §22.6 的 `recharge_success` 事件标识与 `user_notification_preferences`（`inAppPreferences` / `emailPreferences` JSONB、`emailEnabled`、`emailFrequency`）；,源码路径+行号、对应运行测试或数据库/Redis/队列证据,N/A：原审计记录未提供补充依据；待复核源码、测试及运行证据。
REQ-CF-00607,core-finance,docs/PRD-整改R1-R4-人工上账与资金入账.md,3.4.5 与 SPEC-§22 通知偏好设置的衔接,"差异点：§22 事件表中 `recharge_success` 站内信""可关闭""，本期产品裁决建议**改为强制开启**（见 §9 差异 A3，需同步修订 §22 表格）；",action,P1,"差异点：§22 事件表中 `recharge_success` 站内信""可关闭""，本期产品裁决建议**改为强制开启**（见 §9 差异 A3，需同步修订 §22 表格）；",源码路径+行号、对应运行测试或数据库/Redis/队列证据,N/A：原审计记录未提供补充依据；待复核源码、测试及运行证据。
REQ-CF-00608,core-finance,docs/PRD-整改R1-R4-人工上账与资金入账.md,3.4.5 与 SPEC-§22 通知偏好设置的衔接,"用户端通知偏好页（`/console/settings/notifications`）对 `recharge_success` 站内信显示""不可关闭（资金到账通知）""，邮件开关维持可配置。",action,P0,"用户端通知偏好页（`/console/settings/notifications`）对 `recharge_success` 站内信显示""不可关闭（资金到账通知）""，邮件开关维持可配置。",源码路径+行号、对应运行测试或数据库/Redis/队列证据,N/A：原审计记录未提供补充依据；待复核源码、测试及运行证据。
REQ-CF-00609,core-finance,docs/PRD-整改R1-R4-人工上账与资金入账.md,3.4.6 前端交互,"管理端无新页面；人工上账列表建议增加""通知状态""列（已通知 / 通知失败 / 无需通知），用于管理员核验（整改方案""到账核验""环节）；",action,P1,"管理端无新页面；人工上账列表建议增加""通知状态""列（已通知 / 通知失败 / 无需通知），用于管理员核验（整改方案""到账核验""环节）；",源码路径+行号、对应运行测试或数据库/Redis/队列证据,N/A：原审计记录未提供补充依据；待复核源码、测试及运行证据。
REQ-CF-00610,core-finance,docs/PRD-整改R1-R4-人工上账与资金入账.md,3.4.6 前端交互,用户端：站内信出现在用户通知中心（按现有通知中心展示）；邮件按模板发送，用户无需操作。,action,P1,用户端：站内信出现在用户通知中心（按现有通知中心展示）；邮件按模板发送，用户无需操作。,源码路径+行号、对应运行测试或数据库/Redis/队列证据,N/A：原审计记录未提供补充依据；待复核源码、测试及运行证据。
REQ-CF-00611,core-finance,docs/PRD-整改R1-R4-人工上账与资金入账.md,4. 权限矩阵表（角色 × 操作）,| 查看人工上账列表 | ✅ | ✅ | ✅ | ❌ | ❌ | `finance.topup` |,permission,P1,操作应满足：查看人工上账列表,源码路径+行号、对应运行测试或数据库/Redis/队列证据,表格单元格已拆为单一字段断言
REQ-CF-00612,core-finance,docs/PRD-整改R1-R4-人工上账与资金入账.md,4. 权限矩阵表（角色 × 操作）,| 操作 | super_admin | admin | finance | agent | sales | 权限点 |,permission,P1,super_admin应满足：✅,源码路径+行号、对应运行测试或数据库/Redis/队列证据,表格单元格已拆为单一字段断言
REQ-CF-00613,core-finance,docs/PRD-整改R1-R4-人工上账与资金入账.md,4. 权限矩阵表（角色 × 操作）,| 操作 | super_admin | admin | finance | agent | sales | 权限点 |,permission,P1,admin应满足：✅,源码路径+行号、对应运行测试或数据库/Redis/队列证据,表格单元格已拆为单一字段断言
REQ-CF-00614,core-finance,docs/PRD-整改R1-R4-人工上账与资金入账.md,4. 权限矩阵表（角色 × 操作）,| 操作 | super_admin | admin | finance | agent | sales | 权限点 |,permission,P1,finance应满足：✅,源码路径+行号、对应运行测试或数据库/Redis/队列证据,表格单元格已拆为单一字段断言
REQ-CF-00615,core-finance,docs/PRD-整改R1-R4-人工上账与资金入账.md,4. 权限矩阵表（角色 × 操作）,| 操作 | super_admin | admin | finance | agent | sales | 权限点 |,permission,P1,agent应满足：❌,源码路径+行号、对应运行测试或数据库/Redis/队列证据,表格单元格已拆为单一字段断言
REQ-CF-00616,core-finance,docs/PRD-整改R1-R4-人工上账与资金入账.md,4. 权限矩阵表（角色 × 操作）,| 操作 | super_admin | admin | finance | agent | sales | 权限点 |,permission,P1,sales应满足：❌,源码路径+行号、对应运行测试或数据库/Redis/队列证据,表格单元格已拆为单一字段断言
REQ-CF-00617,core-finance,docs/PRD-整改R1-R4-人工上账与资金入账.md,4. 权限矩阵表（角色 × 操作）,| 查看人工上账列表 | ✅ | ✅ | ✅ | ❌ | ❌ | `finance.topup` |,permission,P1,权限点应满足：`finance.topup`,源码路径+行号、对应运行测试或数据库/Redis/队列证据,表格单元格已拆为单一字段断言
REQ-CF-00618,core-finance,docs/PRD-整改R1-R4-人工上账与资金入账.md,4. 权限矩阵表（角色 × 操作）,| 发起人工上账 | ✅ | ✅ | ✅ | ❌ | ❌ | `finance.topup` |,permission,P1,操作应满足：发起人工上账,源码路径+行号、对应运行测试或数据库/Redis/队列证据,表格单元格已拆为单一字段断言
REQ-CF-00625,core-finance,docs/PRD-整改R1-R4-人工上账与资金入账.md,4. 权限矩阵表（角色 × 操作）,| 审核人工上账（通过/驳回） | ✅ | ✅ | ✅ | ❌ | ❌ | `finance.topup` |,permission,P1,操作应满足：审核人工上账（通过/驳回）,源码路径+行号、对应运行测试或数据库/Redis/队列证据,表格单元格已拆为单一字段断言
REQ-CF-00632,core-finance,docs/PRD-整改R1-R4-人工上账与资金入账.md,4. 权限矩阵表（角色 × 操作）,| 查看调账台账 | ✅ | ✅ | ❌ | ❌ | ❌ | `finance.adjust` |,permission,P1,操作应满足：查看调账台账,源码路径+行号、对应运行测试或数据库/Redis/队列证据,表格单元格已拆为单一字段断言
REQ-CF-00635,core-finance,docs/PRD-整改R1-R4-人工上账与资金入账.md,4. 权限矩阵表（角色 × 操作）,| 操作 | super_admin | admin | finance | agent | sales | 权限点 |,permission,P1,finance应满足：❌,源码路径+行号、对应运行测试或数据库/Redis/队列证据,表格单元格已拆为单一字段断言
REQ-CF-00638,core-finance,docs/PRD-整改R1-R4-人工上账与资金入账.md,4. 权限矩阵表（角色 × 操作）,| 查看调账台账 | ✅ | ✅ | ❌ | ❌ | ❌ | `finance.adjust` |,permission,P1,权限点应满足：`finance.adjust`,源码路径+行号、对应运行测试或数据库/Redis/队列证据,表格单元格已拆为单一字段断言
REQ-CF-00639,core-finance,docs/PRD-整改R1-R4-人工上账与资金入账.md,4. 权限矩阵表（角色 × 操作）,| 发起调账（调增/调减/冲销入口） | ✅ | ✅ | ❌ | ❌ | ❌ | `finance.adjust` |,permission,P1,操作应满足：发起调账（调增/调减/冲销入口）,源码路径+行号、对应运行测试或数据库/Redis/队列证据,表格单元格已拆为单一字段断言
REQ-CF-00646,core-finance,docs/PRD-整改R1-R4-人工上账与资金入账.md,4. 权限矩阵表（角色 × 操作）,| 审核调账（本期维持现状审批级别） | ✅ | ✅ | ❌ | ❌ | ❌ | `finance.adjust` |,permission,P1,操作应满足：审核调账（本期维持现状审批级别）,源码路径+行号、对应运行测试或数据库/Redis/队列证据,表格单元格已拆为单一字段断言
REQ-CF-00653,core-finance,docs/PRD-整改R1-R4-人工上账与资金入账.md,4. 权限矩阵表（角色 × 操作）,| 充值订单审核（audit 通过） | ✅ | ✅ | 待裁决 A4（建议 ✅） | ❌ | ❌ | 现状 `admin/super_admin` 白名单 |,permission,P1,操作应满足：充值订单审核（audit 通过）,源码路径+行号、对应运行测试或数据库/Redis/队列证据,表格单元格已拆为单一字段断言
REQ-CF-00656,core-finance,docs/PRD-整改R1-R4-人工上账与资金入账.md,4. 权限矩阵表（角色 × 操作）,| 操作 | super_admin | admin | finance | agent | sales | 权限点 |,permission,P1,finance应满足：待裁决 A4（建议 ✅）,源码路径+行号、对应运行测试或数据库/Redis/队列证据,表格单元格已拆为单一字段断言
REQ-CF-00659,core-finance,docs/PRD-整改R1-R4-人工上账与资金入账.md,4. 权限矩阵表（角色 × 操作）,| 充值订单审核（audit 通过） | ✅ | ✅ | 待裁决 A4（建议 ✅） | ❌ | ❌ | 现状 `admin/super_admin` 白名单 |,permission,P1,权限点应满足：现状 `admin/super_admin` 白名单,源码路径+行号、对应运行测试或数据库/Redis/队列证据,表格单元格已拆为单一字段断言
REQ-CF-00660,core-finance,docs/PRD-整改R1-R4-人工上账与资金入账.md,4. 权限矩阵表（角色 × 操作）,| 接收入账通知（作为被入账用户） | — | — | — | — | — | 用户侧行为，与后台角色无关 |,permission,P1,操作应满足：接收入账通知（作为被入账用户）,源码路径+行号、对应运行测试或数据库/Redis/队列证据,表格单元格已拆为单一字段断言
REQ-CF-00661,core-finance,docs/PRD-整改R1-R4-人工上账与资金入账.md,4. 权限矩阵表（角色 × 操作）,| 接收入账通知（作为被入账用户） | — | — | — | — | — | 用户侧行为，与后台角色无关 |,permission,P1,权限点应满足：用户侧行为，与后台角色无关,源码路径+行号、对应运行测试或数据库/Redis/队列证据,表格单元格已拆为单一字段断言
REQ-CF-00662,core-finance,docs/PRD-整改R1-R4-人工上账与资金入账.md,4. 权限矩阵表（角色 × 操作）,| 操作 | super_admin | admin | finance | agent | sales | 权限点 |,permission,P1,agent` / `sales` 角色权限树不含任何 `finance.*` 权限点，本期不涉及；,源码路径+行号、对应运行测试或数据库/Redis/队列证据,N/A：原审计记录未提供补充依据；待复核源码、测试及运行证据。
REQ-CF-00663,core-finance,docs/PRD-整改R1-R4-人工上账与资金入账.md,4. 权限矩阵表（角色 × 操作）,| 审核调账（本期维持现状审批级别） | ✅ | ✅ | ❌ | ❌ | ❌ | `finance.adjust` |,permission,P1,"""审核调账（本期）""：调增 <¥10,000 免审批即生效（现状保留），≥¥10,000 一级审批（现状保留）；R5 统一分级审批后本矩阵的""审核""列按 R5 规则细化；",源码路径+行号、对应运行测试或数据库/Redis/队列证据,N/A：原审计记录未提供补充依据；待复核源码、测试及运行证据。
REQ-CF-00664,core-finance,docs/PRD-整改R1-R4-人工上账与资金入账.md,4. 权限矩阵表（角色 × 操作）,| 审核人工上账（通过/驳回） | ✅ | ✅ | ✅ | ❌ | ❌ | `finance.topup` |,permission,P1,职责分离（创建人 ≠ 审核人）属 R5，本期单步审核下同一人可创建并审核（现状行为，本期不改）。,源码路径+行号、对应运行测试或数据库/Redis/队列证据,N/A：原审计记录未提供补充依据；待复核源码、测试及运行证据。
REQ-CF-00665,core-finance,docs/PRD-整改R1-R4-人工上账与资金入账.md,5. 边界条件与异常场景表,| B1 | 无余额行用户入账 | 目标用户无 `customer_balances` 行（历史迁移/异常数据） | 自动创建零余额账户后入账成功，不再 404；建户写审计 | R2 |,exception,P0,场景应满足：无余额行用户入账,源码路径+行号、对应运行测试或数据库/Redis/队列证据,表格单元格已拆为单一字段断言
REQ-CF-00666,core-finance,docs/PRD-整改R1-R4-人工上账与资金入账.md,5. 边界条件与异常场景表,| B1 | 无余额行用户入账 | 目标用户无 `customer_balances` 行（历史迁移/异常数据） | 自动创建零余额账户后入账成功，不再 404；建户写审计 | R2 |,exception,P1,触发条件应满足：目标用户无 `customer_balances` 行（历史迁移/异常数据）,源码路径+行号、对应运行测试或数据库/Redis/队列证据,表格单元格已拆为单一字段断言
REQ-CF-00667,core-finance,docs/PRD-整改R1-R4-人工上账与资金入账.md,5. 边界条件与异常场景表,| B1 | 无余额行用户入账 | 目标用户无 `customer_balances` 行（历史迁移/异常数据） | 自动创建零余额账户后入账成功，不再 404；建户写审计 | R2 |,audit,P0,预期行为应满足：自动创建零余额账户后入账成功，不再 404；建户写审计,源码路径+行号、对应运行测试或数据库/Redis/队列证据,表格单元格已拆为单一字段断言
REQ-CF-00668,core-finance,docs/PRD-整改R1-R4-人工上账与资金入账.md,5. 边界条件与异常场景表,## 5. 边界条件与异常场景表,exception,P1,归属应满足：R2,源码路径+行号、对应运行测试或数据库/Redis/队列证据,表格单元格已拆为单一字段断言
REQ-CF-00669,core-finance,docs/PRD-整改R1-R4-人工上账与资金入账.md,5. 边界条件与异常场景表,"| B2 | 用户不存在 | 创建上账/调账时目标用户已删除或 ID 无效 | 友好错误""用户不存在""（创建拦截；调账路径本期同步补存在性校验，现状会触发外键 500） | R1/R2 |",exception,P1,场景应满足：用户不存在,源码路径+行号、对应运行测试或数据库/Redis/队列证据,表格单元格已拆为单一字段断言
REQ-CF-00670,core-finance,docs/PRD-整改R1-R4-人工上账与资金入账.md,5. 边界条件与异常场景表,"| B2 | 用户不存在 | 创建上账/调账时目标用户已删除或 ID 无效 | 友好错误""用户不存在""（创建拦截；调账路径本期同步补存在性校验，现状会触发外键 500） | R1/R2 |",exception,P1,触发条件应满足：创建上账/调账时目标用户已删除或 ID 无效,源码路径+行号、对应运行测试或数据库/Redis/队列证据,表格单元格已拆为单一字段断言
REQ-CF-00671,core-finance,docs/PRD-整改R1-R4-人工上账与资金入账.md,5. 边界条件与异常场景表,"| B2 | 用户不存在 | 创建上账/调账时目标用户已删除或 ID 无效 | 友好错误""用户不存在""（创建拦截；调账路径本期同步补存在性校验，现状会触发外键 500） | R1/R2 |",exception,P1,"预期行为应满足：友好错误""用户不存在""（创建拦截；调账路径本期同步补存在性校验，现状会触发外键 500）",源码路径+行号、对应运行测试或数据库/Redis/队列证据,表格单元格已拆为单一字段断言
REQ-CF-00672,core-finance,docs/PRD-整改R1-R4-人工上账与资金入账.md,5. 边界条件与异常场景表,"| B2 | 用户不存在 | 创建上账/调账时目标用户已删除或 ID 无效 | 友好错误""用户不存在""（创建拦截；调账路径本期同步补存在性校验，现状会触发外键 500） | R1/R2 |",exception,P1,归属应满足：R1/R2,源码路径+行号、对应运行测试或数据库/Redis/队列证据,表格单元格已拆为单一字段断言
REQ-CF-00673,core-finance,docs/PRD-整改R1-R4-人工上账与资金入账.md,5. 边界条件与异常场景表,"| B3 | 用户禁用/冻结 | 目标用户状态非 active | 创建被拦截，提示""请先解锁""（待裁决 A8） | R1 |",exception,P1,场景应满足：用户禁用/冻结,源码路径+行号、对应运行测试或数据库/Redis/队列证据,表格单元格已拆为单一字段断言
REQ-CF-00674,core-finance,docs/PRD-整改R1-R4-人工上账与资金入账.md,5. 边界条件与异常场景表,"| B3 | 用户禁用/冻结 | 目标用户状态非 active | 创建被拦截，提示""请先解锁""（待裁决 A8） | R1 |",exception,P1,触发条件应满足：目标用户状态非 active,源码路径+行号、对应运行测试或数据库/Redis/队列证据,表格单元格已拆为单一字段断言
REQ-CF-00675,core-finance,docs/PRD-整改R1-R4-人工上账与资金入账.md,5. 边界条件与异常场景表,"| B3 | 用户禁用/冻结 | 目标用户状态非 active | 创建被拦截，提示""请先解锁""（待裁决 A8） | R1 |",exception,P1,"预期行为应满足：创建被拦截，提示""请先解锁""（待裁决 A8）",源码路径+行号、对应运行测试或数据库/Redis/队列证据,表格单元格已拆为单一字段断言
REQ-CF-00676,core-finance,docs/PRD-整改R1-R4-人工上账与资金入账.md,5. 边界条件与异常场景表,## 5. 边界条件与异常场景表,exception,P1,归属应满足：R1,源码路径+行号、对应运行测试或数据库/Redis/队列证据,表格单元格已拆为单一字段断言
REQ-CF-00677,core-finance,docs/PRD-整改R1-R4-人工上账与资金入账.md,5. 边界条件与异常场景表,"| B4 | 重复创建同转账单号 | 同 `transfer_no` 再次创建 | 拒绝创建，提示""该转账单号已存在上账记录""（R1 验收项） | R1 |",exception,P1,场景应满足：重复创建同转账单号,源码路径+行号、对应运行测试或数据库/Redis/队列证据,表格单元格已拆为单一字段断言
REQ-CF-00678,core-finance,docs/PRD-整改R1-R4-人工上账与资金入账.md,5. 边界条件与异常场景表,"| B4 | 重复创建同转账单号 | 同 `transfer_no` 再次创建 | 拒绝创建，提示""该转账单号已存在上账记录""（R1 验收项） | R1 |",exception,P1,触发条件应满足：同 `transfer_no` 再次创建,源码路径+行号、对应运行测试或数据库/Redis/队列证据,表格单元格已拆为单一字段断言
REQ-CF-00679,core-finance,docs/PRD-整改R1-R4-人工上账与资金入账.md,5. 边界条件与异常场景表,"| B4 | 重复创建同转账单号 | 同 `transfer_no` 再次创建 | 拒绝创建，提示""该转账单号已存在上账记录""（R1 验收项） | R1 |",test,P1,"预期行为应满足：拒绝创建，提示""该转账单号已存在上账记录""（R1 验收项）",源码路径+行号、对应运行测试或数据库/Redis/队列证据,表格单元格已拆为单一字段断言
REQ-CF-00681,core-finance,docs/PRD-整改R1-R4-人工上账与资金入账.md,5. 边界条件与异常场景表,| B5 | 双击/网络重试提交创建 | 同一表单重复提交 | 前端禁用提交按钮；后端以转账单号唯一性兜底；正式幂等键 R10 接入 | R1/R10（预留） |,exception,P1,场景应满足：双击/网络重试提交创建,源码路径+行号、对应运行测试或数据库/Redis/队列证据,表格单元格已拆为单一字段断言
REQ-CF-00682,core-finance,docs/PRD-整改R1-R4-人工上账与资金入账.md,5. 边界条件与异常场景表,| B5 | 双击/网络重试提交创建 | 同一表单重复提交 | 前端禁用提交按钮；后端以转账单号唯一性兜底；正式幂等键 R10 接入 | R1/R10（预留） |,exception,P1,触发条件应满足：同一表单重复提交,源码路径+行号、对应运行测试或数据库/Redis/队列证据,表格单元格已拆为单一字段断言
REQ-CF-00683,core-finance,docs/PRD-整改R1-R4-人工上账与资金入账.md,5. 边界条件与异常场景表,| B5 | 双击/网络重试提交创建 | 同一表单重复提交 | 前端禁用提交按钮；后端以转账单号唯一性兜底；正式幂等键 R10 接入 | R1/R10（预留） |,idempotency,P0,预期行为应满足：前端禁用提交按钮；后端以转账单号唯一性兜底；正式幂等键 R10 接入,源码路径+行号、对应运行测试或数据库/Redis/队列证据,表格单元格已拆为单一字段断言
REQ-CF-00684,core-finance,docs/PRD-整改R1-R4-人工上账与资金入账.md,5. 边界条件与异常场景表,| B5 | 双击/网络重试提交创建 | 同一表单重复提交 | 前端禁用提交按钮；后端以转账单号唯一性兜底；正式幂等键 R10 接入 | R1/R10（预留） |,exception,P1,归属应满足：R1/R10（预留）,源码路径+行号、对应运行测试或数据库/Redis/队列证据,表格单元格已拆为单一字段断言
REQ-CF-00685,core-finance,docs/PRD-整改R1-R4-人工上账与资金入账.md,5. 边界条件与异常场景表,"| B6 | 重复审核 | 已 paid/failed 单据再次审核（含并发） | 409""上账申请不存在或已处理""，余额不重复累加（状态条件原子更新，现状已具备） | R1 |",exception,P1,场景应满足：重复审核,源码路径+行号、对应运行测试或数据库/Redis/队列证据,表格单元格已拆为单一字段断言
REQ-CF-00686,core-finance,docs/PRD-整改R1-R4-人工上账与资金入账.md,5. 边界条件与异常场景表,"| B6 | 重复审核 | 已 paid/failed 单据再次审核（含并发） | 409""上账申请不存在或已处理""，余额不重复累加（状态条件原子更新，现状已具备） | R1 |",concurrency,P1,触发条件应满足：已 paid/failed 单据再次审核（含并发）,源码路径+行号、对应运行测试或数据库/Redis/队列证据,表格单元格已拆为单一字段断言
REQ-CF-00687,core-finance,docs/PRD-整改R1-R4-人工上账与资金入账.md,5. 边界条件与异常场景表,"| B6 | 重复审核 | 已 paid/failed 单据再次审核（含并发） | 409""上账申请不存在或已处理""，余额不重复累加（状态条件原子更新，现状已具备） | R1 |",exception,P0,"预期行为应满足：409""上账申请不存在或已处理""，余额不重复累加（状态条件原子更新，现状已具备）",源码路径+行号、对应运行测试或数据库/Redis/队列证据,表格单元格已拆为单一字段断言
REQ-CF-00689,core-finance,docs/PRD-整改R1-R4-人工上账与资金入账.md,5. 边界条件与异常场景表,"| B7 | 金额超上限 | `amount > 50,000` | 拒绝创建；提示走分级审批（R5 后放开） | R1（A1 裁决） |",exception,P1,场景应满足：金额超上限,源码路径+行号、对应运行测试或数据库/Redis/队列证据,表格单元格已拆为单一字段断言
REQ-CF-00690,core-finance,docs/PRD-整改R1-R4-人工上账与资金入账.md,5. 边界条件与异常场景表,"| B7 | 金额超上限 | `amount > 50,000` | 拒绝创建；提示走分级审批（R5 后放开） | R1（A1 裁决） |",exception,P1,"触发条件应满足：`amount > 50,000`",源码路径+行号、对应运行测试或数据库/Redis/队列证据,表格单元格已拆为单一字段断言
REQ-CF-00691,core-finance,docs/PRD-整改R1-R4-人工上账与资金入账.md,5. 边界条件与异常场景表,"| B7 | 金额超上限 | `amount > 50,000` | 拒绝创建；提示走分级审批（R5 后放开） | R1（A1 裁决） |",exception,P1,预期行为应满足：拒绝创建；提示走分级审批（R5 后放开）,源码路径+行号、对应运行测试或数据库/Redis/队列证据,表格单元格已拆为单一字段断言
REQ-CF-00692,core-finance,docs/PRD-整改R1-R4-人工上账与资金入账.md,5. 边界条件与异常场景表,"| B7 | 金额超上限 | `amount > 50,000` | 拒绝创建；提示走分级审批（R5 后放开） | R1（A1 裁决） |",exception,P1,归属应满足：R1（A1 裁决）,源码路径+行号、对应运行测试或数据库/Redis/队列证据,表格单元格已拆为单一字段断言
REQ-CF-00693,core-finance,docs/PRD-整改R1-R4-人工上账与资金入账.md,5. 边界条件与异常场景表,| B8 | 金额 ≤ 0 / 超 2 位小数 | 非法金额 | 拒绝创建，对应校验提示 | R1 |,exception,P1,场景应满足：金额 ≤ 0 / 超 2 位小数,源码路径+行号、对应运行测试或数据库/Redis/队列证据,表格单元格已拆为单一字段断言
REQ-CF-00694,core-finance,docs/PRD-整改R1-R4-人工上账与资金入账.md,5. 边界条件与异常场景表,| # | 场景 | 触发条件 | 预期行为 | 归属 |,exception,P1,触发条件应满足：非法金额,源码路径+行号、对应运行测试或数据库/Redis/队列证据,表格单元格已拆为单一字段断言
REQ-CF-00695,core-finance,docs/PRD-整改R1-R4-人工上账与资金入账.md,5. 边界条件与异常场景表,| B8 | 金额 ≤ 0 / 超 2 位小数 | 非法金额 | 拒绝创建，对应校验提示 | R1 |,exception,P1,预期行为应满足：拒绝创建，对应校验提示,源码路径+行号、对应运行测试或数据库/Redis/队列证据,表格单元格已拆为单一字段断言
REQ-CF-00697,core-finance,docs/PRD-整改R1-R4-人工上账与资金入账.md,5. 边界条件与异常场景表,| B9 | 对公到账缺凭证/单号 | `bank_transfer` 未上传凭证或未填单号 | 拒绝提交，标红必填项 | R1 |,exception,P1,场景应满足：对公到账缺凭证/单号,源码路径+行号、对应运行测试或数据库/Redis/队列证据,表格单元格已拆为单一字段断言
REQ-CF-00698,core-finance,docs/PRD-整改R1-R4-人工上账与资金入账.md,5. 边界条件与异常场景表,| B9 | 对公到账缺凭证/单号 | `bank_transfer` 未上传凭证或未填单号 | 拒绝提交，标红必填项 | R1 |,exception,P1,触发条件应满足：`bank_transfer` 未上传凭证或未填单号,源码路径+行号、对应运行测试或数据库/Redis/队列证据,表格单元格已拆为单一字段断言
REQ-CF-00699,core-finance,docs/PRD-整改R1-R4-人工上账与资金入账.md,5. 边界条件与异常场景表,| B9 | 对公到账缺凭证/单号 | `bank_transfer` 未上传凭证或未填单号 | 拒绝提交，标红必填项 | R1 |,exception,P1,预期行为应满足：拒绝提交，标红必填项,源码路径+行号、对应运行测试或数据库/Redis/队列证据,表格单元格已拆为单一字段断言
REQ-CF-00701,core-finance,docs/PRD-整改R1-R4-人工上账与资金入账.md,5. 边界条件与异常场景表,| B10 | 凭证格式/大小不符 | 非 JPG/PNG/PDF 或 >5MB | 拒绝上传并提示 | R1 |,exception,P1,#应满足：B10,源码路径+行号、对应运行测试或数据库/Redis/队列证据,表格单元格已拆为单一字段断言
REQ-CF-00702,core-finance,docs/PRD-整改R1-R4-人工上账与资金入账.md,5. 边界条件与异常场景表,| B10 | 凭证格式/大小不符 | 非 JPG/PNG/PDF 或 >5MB | 拒绝上传并提示 | R1 |,exception,P1,场景应满足：凭证格式/大小不符,源码路径+行号、对应运行测试或数据库/Redis/队列证据,表格单元格已拆为单一字段断言
REQ-CF-00703,core-finance,docs/PRD-整改R1-R4-人工上账与资金入账.md,5. 边界条件与异常场景表,| B10 | 凭证格式/大小不符 | 非 JPG/PNG/PDF 或 >5MB | 拒绝上传并提示 | R1 |,exception,P1,触发条件应满足：非 JPG/PNG/PDF 或 >5MB,源码路径+行号、对应运行测试或数据库/Redis/队列证据,表格单元格已拆为单一字段断言
REQ-CF-00704,core-finance,docs/PRD-整改R1-R4-人工上账与资金入账.md,5. 边界条件与异常场景表,| B10 | 凭证格式/大小不符 | 非 JPG/PNG/PDF 或 >5MB | 拒绝上传并提示 | R1 |,exception,P1,预期行为应满足：拒绝上传并提示,源码路径+行号、对应运行测试或数据库/Redis/队列证据,表格单元格已拆为单一字段断言
REQ-CF-00706,core-finance,docs/PRD-整改R1-R4-人工上账与资金入账.md,5. 边界条件与异常场景表,| B11 | 并发建户 | 同一无余额用户同时被两条路径入账 | 建户幂等（不重复建户、不覆盖），两条入账均按各自金额累加 | R2 |,exception,P1,#应满足：B11,源码路径+行号、对应运行测试或数据库/Redis/队列证据,表格单元格已拆为单一字段断言
REQ-CF-00707,core-finance,docs/PRD-整改R1-R4-人工上账与资金入账.md,5. 边界条件与异常场景表,| B11 | 并发建户 | 同一无余额用户同时被两条路径入账 | 建户幂等（不重复建户、不覆盖），两条入账均按各自金额累加 | R2 |,concurrency,P1,场景应满足：并发建户,源码路径+行号、对应运行测试或数据库/Redis/队列证据,表格单元格已拆为单一字段断言
REQ-CF-00708,core-finance,docs/PRD-整改R1-R4-人工上账与资金入账.md,5. 边界条件与异常场景表,| B11 | 并发建户 | 同一无余额用户同时被两条路径入账 | 建户幂等（不重复建户、不覆盖），两条入账均按各自金额累加 | R2 |,exception,P0,触发条件应满足：同一无余额用户同时被两条路径入账,源码路径+行号、对应运行测试或数据库/Redis/队列证据,表格单元格已拆为单一字段断言
REQ-CF-00709,core-finance,docs/PRD-整改R1-R4-人工上账与资金入账.md,5. 边界条件与异常场景表,| B11 | 并发建户 | 同一无余额用户同时被两条路径入账 | 建户幂等（不重复建户、不覆盖），两条入账均按各自金额累加 | R2 |,idempotency,P0,预期行为应满足：建户幂等（不重复建户、不覆盖），两条入账均按各自金额累加,源码路径+行号、对应运行测试或数据库/Redis/队列证据,表格单元格已拆为单一字段断言
REQ-CF-00711,core-finance,docs/PRD-整改R1-R4-人工上账与资金入账.md,5. 边界条件与异常场景表,| B12 | 入账事务失败 | 建户/更新/流水任一步失败 | 整体回滚，订单保持 pending，不产生部分入账 | R2 |,exception,P1,#应满足：B12,源码路径+行号、对应运行测试或数据库/Redis/队列证据,表格单元格已拆为单一字段断言
REQ-CF-00712,core-finance,docs/PRD-整改R1-R4-人工上账与资金入账.md,5. 边界条件与异常场景表,| B12 | 入账事务失败 | 建户/更新/流水任一步失败 | 整体回滚，订单保持 pending，不产生部分入账 | R2 |,transaction,P1,场景应满足：入账事务失败,源码路径+行号、对应运行测试或数据库/Redis/队列证据,表格单元格已拆为单一字段断言
REQ-CF-00713,core-finance,docs/PRD-整改R1-R4-人工上账与资金入账.md,5. 边界条件与异常场景表,| B12 | 入账事务失败 | 建户/更新/流水任一步失败 | 整体回滚，订单保持 pending，不产生部分入账 | R2 |,exception,P1,触发条件应满足：建户/更新/流水任一步失败,源码路径+行号、对应运行测试或数据库/Redis/队列证据,表格单元格已拆为单一字段断言
REQ-CF-00714,core-finance,docs/PRD-整改R1-R4-人工上账与资金入账.md,5. 边界条件与异常场景表,| B12 | 入账事务失败 | 建户/更新/流水任一步失败 | 整体回滚，订单保持 pending，不产生部分入账 | R2 |,rollback,P0,预期行为应满足：整体回滚，订单保持 pending，不产生部分入账,源码路径+行号、对应运行测试或数据库/Redis/队列证据,表格单元格已拆为单一字段断言
REQ-CF-00716,core-finance,docs/PRD-整改R1-R4-人工上账与资金入账.md,5. 边界条件与异常场景表,| B13 | 越权访问 | finance 调调账接口 / 无 `finance.topup` 者调人工上账接口 | 后端 403 + 统一提示；前端入口隐藏/禁用 | R3 |,exception,P1,#应满足：B13,源码路径+行号、对应运行测试或数据库/Redis/队列证据,表格单元格已拆为单一字段断言
REQ-CF-00717,core-finance,docs/PRD-整改R1-R4-人工上账与资金入账.md,5. 边界条件与异常场景表,| B13 | 越权访问 | finance 调调账接口 / 无 `finance.topup` 者调人工上账接口 | 后端 403 + 统一提示；前端入口隐藏/禁用 | R3 |,exception,P1,场景应满足：越权访问,源码路径+行号、对应运行测试或数据库/Redis/队列证据,表格单元格已拆为单一字段断言
REQ-CF-00718,core-finance,docs/PRD-整改R1-R4-人工上账与资金入账.md,5. 边界条件与异常场景表,| B13 | 越权访问 | finance 调调账接口 / 无 `finance.topup` 者调人工上账接口 | 后端 403 + 统一提示；前端入口隐藏/禁用 | R3 |,api,P1,触发条件应满足：finance 调调账接口 / 无 `finance.topup` 者调人工上账接口,源码路径+行号、对应运行测试或数据库/Redis/队列证据,表格单元格已拆为单一字段断言
REQ-CF-00719,core-finance,docs/PRD-整改R1-R4-人工上账与资金入账.md,5. 边界条件与异常场景表,| B13 | 越权访问 | finance 调调账接口 / 无 `finance.topup` 者调人工上账接口 | 后端 403 + 统一提示；前端入口隐藏/禁用 | R3 |,exception,P1,预期行为应满足：后端 403 + 统一提示；前端入口隐藏/禁用,源码路径+行号、对应运行测试或数据库/Redis/队列证据,表格单元格已拆为单一字段断言
REQ-CF-00720,core-finance,docs/PRD-整改R1-R4-人工上账与资金入账.md,5. 边界条件与异常场景表,## 5. 边界条件与异常场景表,exception,P1,归属应满足：R3,源码路径+行号、对应运行测试或数据库/Redis/队列证据,表格单元格已拆为单一字段断言
REQ-CF-00721,core-finance,docs/PRD-整改R1-R4-人工上账与资金入账.md,5. 边界条件与异常场景表,| B14 | 权限点缺失（权限树未配） | 角色被授予新权限点前的过渡期 | 路由按权限点校验，缺失即 403；权限树与前端权限渲染同步更新 | R3 |,exception,P1,#应满足：B14,源码路径+行号、对应运行测试或数据库/Redis/队列证据,表格单元格已拆为单一字段断言
REQ-CF-00722,core-finance,docs/PRD-整改R1-R4-人工上账与资金入账.md,5. 边界条件与异常场景表,| B14 | 权限点缺失（权限树未配） | 角色被授予新权限点前的过渡期 | 路由按权限点校验，缺失即 403；权限树与前端权限渲染同步更新 | R3 |,permission,P1,场景应满足：权限点缺失（权限树未配）,源码路径+行号、对应运行测试或数据库/Redis/队列证据,表格单元格已拆为单一字段断言
REQ-CF-00723,core-finance,docs/PRD-整改R1-R4-人工上账与资金入账.md,5. 边界条件与异常场景表,| B14 | 权限点缺失（权限树未配） | 角色被授予新权限点前的过渡期 | 路由按权限点校验，缺失即 403；权限树与前端权限渲染同步更新 | R3 |,permission,P1,触发条件应满足：角色被授予新权限点前的过渡期,源码路径+行号、对应运行测试或数据库/Redis/队列证据,表格单元格已拆为单一字段断言
REQ-CF-00724,core-finance,docs/PRD-整改R1-R4-人工上账与资金入账.md,5. 边界条件与异常场景表,| B14 | 权限点缺失（权限树未配） | 角色被授予新权限点前的过渡期 | 路由按权限点校验，缺失即 403；权限树与前端权限渲染同步更新 | R3 |,permission,P1,预期行为应满足：路由按权限点校验，缺失即 403；权限树与前端权限渲染同步更新,源码路径+行号、对应运行测试或数据库/Redis/队列证据,表格单元格已拆为单一字段断言
REQ-CF-00726,core-finance,docs/PRD-整改R1-R4-人工上账与资金入账.md,5. 边界条件与异常场景表,| B15 | 通知发送失败 | 站内信/邮件写入或发送异常 | 入账不受影响；通知记录 failed + 重试；重试耗尽告警运维 | R4 |,exception,P1,#应满足：B15,源码路径+行号、对应运行测试或数据库/Redis/队列证据,表格单元格已拆为单一字段断言
REQ-CF-00727,core-finance,docs/PRD-整改R1-R4-人工上账与资金入账.md,5. 边界条件与异常场景表,| B15 | 通知发送失败 | 站内信/邮件写入或发送异常 | 入账不受影响；通知记录 failed + 重试；重试耗尽告警运维 | R4 |,action,P1,场景应满足：通知发送失败,源码路径+行号、对应运行测试或数据库/Redis/队列证据,表格单元格已拆为单一字段断言
REQ-CF-00728,core-finance,docs/PRD-整改R1-R4-人工上账与资金入账.md,5. 边界条件与异常场景表,| B15 | 通知发送失败 | 站内信/邮件写入或发送异常 | 入账不受影响；通知记录 failed + 重试；重试耗尽告警运维 | R4 |,exception,P1,触发条件应满足：站内信/邮件写入或发送异常,源码路径+行号、对应运行测试或数据库/Redis/队列证据,表格单元格已拆为单一字段断言
REQ-CF-00729,core-finance,docs/PRD-整改R1-R4-人工上账与资金入账.md,5. 边界条件与异常场景表,| B15 | 通知发送失败 | 站内信/邮件写入或发送异常 | 入账不受影响；通知记录 failed + 重试；重试耗尽告警运维 | R4 |,action,P1,预期行为应满足：入账不受影响；通知记录 failed + 重试；重试耗尽告警运维,源码路径+行号、对应运行测试或数据库/Redis/队列证据,表格单元格已拆为单一字段断言
REQ-CF-00730,core-finance,docs/PRD-整改R1-R4-人工上账与资金入账.md,5. 边界条件与异常场景表,## 5. 边界条件与异常场景表,exception,P1,归属应满足：R4,源码路径+行号、对应运行测试或数据库/Redis/队列证据,表格单元格已拆为单一字段断言
REQ-CF-00731,core-finance,docs/PRD-整改R1-R4-人工上账与资金入账.md,5. 边界条件与异常场景表,| B16 | 用户关闭邮件偏好 | `emailEnabled=false` 或 `emailPreferences.recharge_success=false` | 仅发站内信，不发邮件；站内信不可关闭 | R4 |,exception,P1,#应满足：B16,源码路径+行号、对应运行测试或数据库/Redis/队列证据,表格单元格已拆为单一字段断言
REQ-CF-00732,core-finance,docs/PRD-整改R1-R4-人工上账与资金入账.md,5. 边界条件与异常场景表,| B16 | 用户关闭邮件偏好 | `emailEnabled=false` 或 `emailPreferences.recharge_success=false` | 仅发站内信，不发邮件；站内信不可关闭 | R4 |,exception,P1,场景应满足：用户关闭邮件偏好,源码路径+行号、对应运行测试或数据库/Redis/队列证据,表格单元格已拆为单一字段断言
REQ-CF-00733,core-finance,docs/PRD-整改R1-R4-人工上账与资金入账.md,5. 边界条件与异常场景表,| B16 | 用户关闭邮件偏好 | `emailEnabled=false` 或 `emailPreferences.recharge_success=false` | 仅发站内信，不发邮件；站内信不可关闭 | R4 |,exception,P1,触发条件应满足：`emailEnabled=false` 或 `emailPreferences.recharge_success=false`,源码路径+行号、对应运行测试或数据库/Redis/队列证据,表格单元格已拆为单一字段断言
REQ-CF-00734,core-finance,docs/PRD-整改R1-R4-人工上账与资金入账.md,5. 边界条件与异常场景表,| B16 | 用户关闭邮件偏好 | `emailEnabled=false` 或 `emailPreferences.recharge_success=false` | 仅发站内信，不发邮件；站内信不可关闭 | R4 |,exception,P1,预期行为应满足：仅发站内信，不发邮件；站内信不可关闭,源码路径+行号、对应运行测试或数据库/Redis/队列证据,表格单元格已拆为单一字段断言
REQ-CF-00736,core-finance,docs/PRD-整改R1-R4-人工上账与资金入账.md,5. 边界条件与异常场景表,| B17 | 驳回时未填原因 | 驳回操作无 note | 拦截，驳回原因必填 | R1 |,exception,P1,#应满足：B17,源码路径+行号、对应运行测试或数据库/Redis/队列证据,表格单元格已拆为单一字段断言
REQ-CF-00737,core-finance,docs/PRD-整改R1-R4-人工上账与资金入账.md,5. 边界条件与异常场景表,| B17 | 驳回时未填原因 | 驳回操作无 note | 拦截，驳回原因必填 | R1 |,exception,P1,场景应满足：驳回时未填原因,源码路径+行号、对应运行测试或数据库/Redis/队列证据,表格单元格已拆为单一字段断言
REQ-CF-00738,core-finance,docs/PRD-整改R1-R4-人工上账与资金入账.md,5. 边界条件与异常场景表,| B17 | 驳回时未填原因 | 驳回操作无 note | 拦截，驳回原因必填 | R1 |,exception,P1,触发条件应满足：驳回操作无 note,源码路径+行号、对应运行测试或数据库/Redis/队列证据,表格单元格已拆为单一字段断言
REQ-CF-00739,core-finance,docs/PRD-整改R1-R4-人工上账与资金入账.md,5. 边界条件与异常场景表,| B17 | 驳回时未填原因 | 驳回操作无 note | 拦截，驳回原因必填 | R1 |,exception,P1,预期行为应满足：拦截，驳回原因必填,源码路径+行号、对应运行测试或数据库/Redis/队列证据,表格单元格已拆为单一字段断言
REQ-CF-00741,core-finance,docs/PRD-整改R1-R4-人工上账与资金入账.md,5. 边界条件与异常场景表,| B18 | 通知重复触发 | 同订单状态重复流转（已拦截） | 通知仅在入账成功那一刻触发一次（与状态流转同事务或状态机保证） | R4 |,exception,P1,#应满足：B18,源码路径+行号、对应运行测试或数据库/Redis/队列证据,表格单元格已拆为单一字段断言
REQ-CF-00742,core-finance,docs/PRD-整改R1-R4-人工上账与资金入账.md,5. 边界条件与异常场景表,| B18 | 通知重复触发 | 同订单状态重复流转（已拦截） | 通知仅在入账成功那一刻触发一次（与状态流转同事务或状态机保证） | R4 |,action,P1,场景应满足：通知重复触发,源码路径+行号、对应运行测试或数据库/Redis/队列证据,表格单元格已拆为单一字段断言
REQ-CF-00743,core-finance,docs/PRD-整改R1-R4-人工上账与资金入账.md,5. 边界条件与异常场景表,| B18 | 通知重复触发 | 同订单状态重复流转（已拦截） | 通知仅在入账成功那一刻触发一次（与状态流转同事务或状态机保证） | R4 |,exception,P1,触发条件应满足：同订单状态重复流转（已拦截）,源码路径+行号、对应运行测试或数据库/Redis/队列证据,表格单元格已拆为单一字段断言
REQ-CF-00744,core-finance,docs/PRD-整改R1-R4-人工上账与资金入账.md,5. 边界条件与异常场景表,| B18 | 通知重复触发 | 同订单状态重复流转（已拦截） | 通知仅在入账成功那一刻触发一次（与状态流转同事务或状态机保证） | R4 |,action,P1,预期行为应满足：通知仅在入账成功那一刻触发一次（与状态流转同事务或状态机保证）,源码路径+行号、对应运行测试或数据库/Redis/队列证据,表格单元格已拆为单一字段断言
REQ-CF-00746,core-finance,docs/PRD-整改R1-R4-人工上账与资金入账.md,5. 边界条件与异常场景表,"| B19 | 大额入账（>50,000 需分级） | 运营确有大额对公入账需求 | 本期被拒绝（A1）；R5 分级审批上线后开放，并按 ref §7.2.1 分级（>¥10,000 复审、>¥100,000 super_admin） | R1/R5（预留） |",exception,P1,#应满足：B19,源码路径+行号、对应运行测试或数据库/Redis/队列证据,表格单元格已拆为单一字段断言
REQ-CF-00747,core-finance,docs/PRD-整改R1-R4-人工上账与资金入账.md,5. 边界条件与异常场景表,"| B19 | 大额入账（>50,000 需分级） | 运营确有大额对公入账需求 | 本期被拒绝（A1）；R5 分级审批上线后开放，并按 ref §7.2.1 分级（>¥10,000 复审、>¥100,000 super_admin） | R1/R5（预留） |",exception,P1,"场景应满足：大额入账（>50,000 需分级）",源码路径+行号、对应运行测试或数据库/Redis/队列证据,表格单元格已拆为单一字段断言
REQ-CF-00748,core-finance,docs/PRD-整改R1-R4-人工上账与资金入账.md,5. 边界条件与异常场景表,"| B19 | 大额入账（>50,000 需分级） | 运营确有大额对公入账需求 | 本期被拒绝（A1）；R5 分级审批上线后开放，并按 ref §7.2.1 分级（>¥10,000 复审、>¥100,000 super_admin） | R1/R5（预留） |",exception,P1,触发条件应满足：运营确有大额对公入账需求,源码路径+行号、对应运行测试或数据库/Redis/队列证据,表格单元格已拆为单一字段断言
REQ-CF-00749,core-finance,docs/PRD-整改R1-R4-人工上账与资金入账.md,5. 边界条件与异常场景表,"| B19 | 大额入账（>50,000 需分级） | 运营确有大额对公入账需求 | 本期被拒绝（A1）；R5 分级审批上线后开放，并按 ref §7.2.1 分级（>¥10,000 复审、>¥100,000 super_admin） | R1/R5（预留） |",exception,P1,"预期行为应满足：本期被拒绝（A1）；R5 分级审批上线后开放，并按 ref §7.2.1 分级（>¥10,000 复审、>¥100,000 super_admin）",源码路径+行号、对应运行测试或数据库/Redis/队列证据,表格单元格已拆为单一字段断言
REQ-CF-00750,core-finance,docs/PRD-整改R1-R4-人工上账与资金入账.md,5. 边界条件与异常场景表,"| B19 | 大额入账（>50,000 需分级） | 运营确有大额对公入账需求 | 本期被拒绝（A1）；R5 分级审批上线后开放，并按 ref §7.2.1 分级（>¥10,000 复审、>¥100,000 super_admin） | R1/R5（预留） |",exception,P1,归属应满足：R1/R5（预留）,源码路径+行号、对应运行测试或数据库/Redis/队列证据,表格单元格已拆为单一字段断言
REQ-CF-00751,core-finance,docs/PRD-整改R1-R4-人工上账与资金入账.md,5. 边界条件与异常场景表,| B20 | 无余额行用户登录用户端 | 用户端查询余额 | 展示 ¥0.00（现状已兼容），不报错 | R2 |,exception,P1,#应满足：B20,源码路径+行号、对应运行测试或数据库/Redis/队列证据,表格单元格已拆为单一字段断言
REQ-CF-00752,core-finance,docs/PRD-整改R1-R4-人工上账与资金入账.md,5. 边界条件与异常场景表,| B20 | 无余额行用户登录用户端 | 用户端查询余额 | 展示 ¥0.00（现状已兼容），不报错 | R2 |,exception,P0,场景应满足：无余额行用户登录用户端,源码路径+行号、对应运行测试或数据库/Redis/队列证据,表格单元格已拆为单一字段断言
REQ-CF-00753,core-finance,docs/PRD-整改R1-R4-人工上账与资金入账.md,5. 边界条件与异常场景表,| B20 | 无余额行用户登录用户端 | 用户端查询余额 | 展示 ¥0.00（现状已兼容），不报错 | R2 |,exception,P0,触发条件应满足：用户端查询余额,源码路径+行号、对应运行测试或数据库/Redis/队列证据,表格单元格已拆为单一字段断言
REQ-CF-00754,core-finance,docs/PRD-整改R1-R4-人工上账与资金入账.md,5. 边界条件与异常场景表,| B20 | 无余额行用户登录用户端 | 用户端查询余额 | 展示 ¥0.00（现状已兼容），不报错 | R2 |,exception,P1,预期行为应满足：展示 ¥0.00（现状已兼容），不报错,源码路径+行号、对应运行测试或数据库/Redis/队列证据,表格单元格已拆为单一字段断言
REQ-CF-00756,core-finance,docs/PRD-整改R1-R4-人工上账与资金入账.md,R1 人工上账创建入口,| 本期范围 | R1 人工上账创建入口、R2 余额账户兜底、R3 权限点鉴权对齐、R4 入账通知闭环 |,permission,P1,"管理后台""人工上账""页出现""发起上账""入口（持 `finance.topup` 角色可见），点击弹出表单弹窗",源码路径+行号、对应运行测试或数据库/Redis/队列证据,N/A：原审计记录未提供补充依据；待复核源码、测试及运行证据。
REQ-CF-00757,core-finance,docs/PRD-整改R1-R4-人工上账与资金入账.md,R1 人工上账创建入口,| 本期范围 | R1 人工上账创建入口、R2 余额账户兜底、R3 权限点鉴权对齐、R4 入账通知闭环 |,state,P1,创建成功后新订单以 `pending` 状态出现在人工上账列表（含用户/金额/类型/原因/凭证/单号）,源码路径+行号、对应运行测试或数据库/Redis/队列证据,N/A：原审计记录未提供补充依据；待复核源码、测试及运行证据。
REQ-CF-00758,core-finance,docs/PRD-整改R1-R4-人工上账与资金入账.md,R1 人工上账创建入口,| 本期范围 | R1 人工上账创建入口、R2 余额账户兜底、R3 权限点鉴权对齐、R4 入账通知闭环 |,field,P1,"字段校验生效：用户不存在、金额 ≤0、金额 >50,000、原因为空、对公缺凭证/单号、单号重复、凭证格式不符均被拦截并提示",源码路径+行号、对应运行测试或数据库/Redis/队列证据,N/A：原审计记录未提供补充依据；待复核源码、测试及运行证据。
REQ-CF-00759,core-finance,docs/PRD-整改R1-R4-人工上账与资金入账.md,R1 人工上账创建入口,| 本期范围 | R1 人工上账创建入口、R2 余额账户兜底、R3 权限点鉴权对齐、R4 入账通知闭环 |,logic,P1,对公到账（`bank_transfer`）凭证与转账单号必填；平台赠送（`grant`）选填,源码路径+行号、对应运行测试或数据库/Redis/队列证据,N/A：原审计记录未提供补充依据；待复核源码、测试及运行证据。
REQ-CF-00760,core-finance,docs/PRD-整改R1-R4-人工上账与资金入账.md,R1 人工上账创建入口,| 本期明确不做 | R5 分级审批、R6 拆分规避与限额、R7 2FA、R8 platform_ledger、R9 凭证落库、R10 幂等键、R11–R15（见整改方案阶段二/三，本 PRD 仅作预留说明） |,test,P1,"同一转账单号重复创建被拒（对应整改方案 R1 验收""重复创建同单号被拒""）",源码路径+行号、对应运行测试或数据库/Redis/队列证据,N/A：原审计记录未提供补充依据；待复核源码、测试及运行证据。
REQ-CF-00761,core-finance,docs/PRD-整改R1-R4-人工上账与资金入账.md,R1 人工上账创建入口,| 本期明确不做 | R5 分级审批、R6 拆分规避与限额、R7 2FA、R8 platform_ledger、R9 凭证落库、R10 幂等键、R11–R15（见整改方案阶段二/三，本 PRD 仅作预留说明） |,logic,P0,审核通过 → 订单 `paid`、用户余额增加、写资金流水；驳回 → `failed` 且记录驳回原因,源码路径+行号、对应运行测试或数据库/Redis/队列证据,N/A：原审计记录未提供补充依据；待复核源码、测试及运行证据。
REQ-CF-00762,core-finance,docs/PRD-整改R1-R4-人工上账与资金入账.md,R1 人工上账创建入口,| 本期范围 | R1 人工上账创建入口、R2 余额账户兜底、R3 权限点鉴权对齐、R4 入账通知闭环 |,state,P1,审核通过/驳回均有二次确认与结果 toast；状态机防重复审核（重复审核返回已处理）,源码路径+行号、对应运行测试或数据库/Redis/队列证据,N/A：原审计记录未提供补充依据；待复核源码、测试及运行证据。
REQ-CF-00763,core-finance,docs/PRD-整改R1-R4-人工上账与资金入账.md,R1 人工上账创建入口,| 本期范围 | R1 人工上账创建入口、R2 余额账户兜底、R3 权限点鉴权对齐、R4 入账通知闭环 |,db,P1,审核人（reviewer_id）在审核时落库,源码路径+行号、对应运行测试或数据库/Redis/队列证据,N/A：原审计记录未提供补充依据；待复核源码、测试及运行证据。
REQ-CF-00764,core-finance,docs/PRD-整改R1-R4-人工上账与资金入账.md,R2 余额账户兜底,| 本期范围 | R1 人工上账创建入口、R2 余额账户兜底、R3 权限点鉴权对齐、R4 入账通知闭环 |,test,P0,对**无余额行**用户发起人工上账并审核通过 → 入账成功，不再出现 404 `BALANCE_NOT_FOUND`（对应整改方案 R2 验收）,源码路径+行号、对应运行测试或数据库/Redis/队列证据,N/A：原审计记录未提供补充依据；待复核源码、测试及运行证据。
REQ-CF-00765,core-finance,docs/PRD-整改R1-R4-人工上账与资金入账.md,R2 余额账户兜底,| 本期范围 | R1 人工上账创建入口、R2 余额账户兜底、R3 权限点鉴权对齐、R4 入账通知闭环 |,logic,P0,调账生效 / 充值订单审核通过两条现有路径同样具备兜底（无余额行用户入账成功）,源码路径+行号、对应运行测试或数据库/Redis/队列证据,N/A：原审计记录未提供补充依据；待复核源码、测试及运行证据。
REQ-CF-00766,core-finance,docs/PRD-整改R1-R4-人工上账与资金入账.md,R2 余额账户兜底,| 本期范围 | R1 人工上账创建入口、R2 余额账户兜底、R3 权限点鉴权对齐、R4 入账通知闭环 |,idempotency,P0,并发建户不重复、不覆盖已有余额（幂等）,源码路径+行号、对应运行测试或数据库/Redis/队列证据,N/A：原审计记录未提供补充依据；待复核源码、测试及运行证据。
REQ-CF-00767,core-finance,docs/PRD-整改R1-R4-人工上账与资金入账.md,R2 余额账户兜底,| 本期范围 | R1 人工上账创建入口、R2 余额账户兜底、R3 权限点鉴权对齐、R4 入账通知闭环 |,logic,P0,无余额行用户登录用户端余额展示 ¥0.00 且不报错,源码路径+行号、对应运行测试或数据库/Redis/队列证据,N/A：原审计记录未提供补充依据；待复核源码、测试及运行证据。
REQ-CF-00768,core-finance,docs/PRD-整改R1-R4-人工上账与资金入账.md,R2 余额账户兜底,| 本期范围 | R1 人工上账创建入口、R2 余额账户兜底、R3 权限点鉴权对齐、R4 入账通知闭环 |,audit,P1,自动建户事件写入审计（来源标识 auto_create），对账金额口径无变化,源码路径+行号、对应运行测试或数据库/Redis/队列证据,N/A：原审计记录未提供补充依据；待复核源码、测试及运行证据。
REQ-CF-00769,core-finance,docs/PRD-整改R1-R4-人工上账与资金入账.md,R3 权限点鉴权对齐,| 本期范围 | R1 人工上账创建入口、R2 余额账户兜底、R3 权限点鉴权对齐、R4 入账通知闭环 |,test,P1,"finance 角色可发起、可审核人工上账；前端可见对应入口（对应整改方案 R3 验收""finance 角色可审核人工上账""）",源码路径+行号、对应运行测试或数据库/Redis/队列证据,N/A：原审计记录未提供补充依据；待复核源码、测试及运行证据。
REQ-CF-00770,core-finance,docs/PRD-整改R1-R4-人工上账与资金入账.md,R3 权限点鉴权对齐,| 本期范围 | R1 人工上账创建入口、R2 余额账户兜底、R3 权限点鉴权对齐、R4 入账通知闭环 |,permission,P1,finance 角色**不可发起调账**：前端无调账入口，直接调用返回 403,源码路径+行号、对应运行测试或数据库/Redis/队列证据,N/A：原审计记录未提供补充依据；待复核源码、测试及运行证据。
REQ-CF-00771,core-finance,docs/PRD-整改R1-R4-人工上账与资金入账.md,R3 权限点鉴权对齐,| 本期范围 | R1 人工上账创建入口、R2 余额账户兜底、R3 权限点鉴权对齐、R4 入账通知闭环 |,permission,P1,无 `finance.topup` 权限的角色：前端无人工上账入口，直接调用返回 403,源码路径+行号、对应运行测试或数据库/Redis/队列证据,N/A：原审计记录未提供补充依据；待复核源码、测试及运行证据。
REQ-CF-00772,core-finance,docs/PRD-整改R1-R4-人工上账与资金入账.md,R3 权限点鉴权对齐,| 本期范围 | R1 人工上账创建入口、R2 余额账户兜底、R3 权限点鉴权对齐、R4 入账通知闭环 |,permission,P1,"越权请求统一 403 + 规范文案（不出现""能见不能点""或 200 掩盖）",源码路径+行号、对应运行测试或数据库/Redis/队列证据,N/A：原审计记录未提供补充依据；待复核源码、测试及运行证据。
REQ-CF-00773,core-finance,docs/PRD-整改R1-R4-人工上账与资金入账.md,R3 权限点鉴权对齐,| 本期范围 | R1 人工上账创建入口、R2 余额账户兜底、R3 权限点鉴权对齐、R4 入账通知闭环 |,permission,P1,权限树新增 `finance.adjust`（仅 admin/super_admin）；用户权限详情正确反映 finance 权限,源码路径+行号、对应运行测试或数据库/Redis/队列证据,N/A：原审计记录未提供补充依据；待复核源码、测试及运行证据。
REQ-CF-00774,core-finance,docs/PRD-整改R1-R4-人工上账与资金入账.md,R3 权限点鉴权对齐,| 本期范围 | R1 人工上账创建入口、R2 余额账户兜底、R3 权限点鉴权对齐、R4 入账通知闭环 |,permission,P0,admin / super_admin 全部资金操作可用（回归）,源码路径+行号、对应运行测试或数据库/Redis/队列证据,N/A：原审计记录未提供补充依据；待复核源码、测试及运行证据。
REQ-CF-00775,core-finance,docs/PRD-整改R1-R4-人工上账与资金入账.md,R4 入账通知闭环,| 本期范围 | R1 人工上账创建入口、R2 余额账户兜底、R3 权限点鉴权对齐、R4 入账通知闭环 |,test,P1,"人工上账审核通过 → 用户收到站内信（必发）+ 邮件（按偏好，默认发）（对应整改方案 R4 验收""入账后用户收到站内信与邮件""）",源码路径+行号、对应运行测试或数据库/Redis/队列证据,N/A：原审计记录未提供补充依据；待复核源码、测试及运行证据。
REQ-CF-00776,core-finance,docs/PRD-整改R1-R4-人工上账与资金入账.md,R4 入账通知闭环,| 本期范围 | R1 人工上账创建入口、R2 余额账户兜底、R3 权限点鉴权对齐、R4 入账通知闭环 |,action,P1,调账生效（调增）→ 用户收到同样通知,源码路径+行号、对应运行测试或数据库/Redis/队列证据,N/A：原审计记录未提供补充依据；待复核源码、测试及运行证据。
REQ-CF-00777,core-finance,docs/PRD-整改R1-R4-人工上账与资金入账.md,R4 入账通知闭环,| 本期范围 | R1 人工上账创建入口、R2 余额账户兜底、R3 权限点鉴权对齐、R4 入账通知闭环 |,action,P1,充值订单审核通过 → 用户收到同样通知,源码路径+行号、对应运行测试或数据库/Redis/队列证据,N/A：原审计记录未提供补充依据；待复核源码、测试及运行证据。
REQ-CF-00778,core-finance,docs/PRD-整改R1-R4-人工上账与资金入账.md,R4 入账通知闭环,| 本期范围 | R1 人工上账创建入口、R2 余额账户兜底、R3 权限点鉴权对齐、R4 入账通知闭环 |,action,P0,通知文案含：金额、到账后余额、时间、入账类型（模板变量齐全）,源码路径+行号、对应运行测试或数据库/Redis/队列证据,N/A：原审计记录未提供补充依据；待复核源码、测试及运行证据。
REQ-CF-00779,core-finance,docs/PRD-整改R1-R4-人工上账与资金入账.md,R4 入账通知闭环,| 本期范围 | R1 人工上账创建入口、R2 余额账户兜底、R3 权限点鉴权对齐、R4 入账通知闭环 |,action,P1,用户关闭邮件偏好 → 仅站内信；站内信不可关闭,源码路径+行号、对应运行测试或数据库/Redis/队列证据,N/A：原审计记录未提供补充依据；待复核源码、测试及运行证据。
REQ-CF-00780,core-finance,docs/PRD-整改R1-R4-人工上账与资金入账.md,R4 入账通知闭环,| 本期范围 | R1 人工上账创建入口、R2 余额账户兜底、R3 权限点鉴权对齐、R4 入账通知闭环 |,action,P1,通知发送失败不影响入账结果；通知记录（含失败与重试）可查,源码路径+行号、对应运行测试或数据库/Redis/队列证据,N/A：原审计记录未提供补充依据；待复核源码、测试及运行证据。
REQ-CF-00781,core-finance,docs/PRD-整改R1-R4-人工上账与资金入账.md,R4 入账通知闭环,| 本期范围 | R1 人工上账创建入口、R2 余额账户兜底、R3 权限点鉴权对齐、R4 入账通知闭环 |,action,P1,事件名统一为 `recharge_success`，与 SPEC-§22 事件表一致,源码路径+行号、对应运行测试或数据库/Redis/队列证据,N/A：原审计记录未提供补充依据；待复核源码、测试及运行证据。
REQ-CF-00782,core-finance,docs/PRD-整改R1-R4-人工上账与资金入账.md,P1 合规（不可降级）,人工上账页标题旁有 `[?]` 页面帮助，内容与本 PRD 第 7 节一致,page,P1,人工上账页标题旁有 `[?]` 页面帮助，内容与本 PRD 第 7 节一致,源码路径+行号、对应运行测试或数据库/Redis/队列证据,N/A：原审计记录未提供补充依据；待复核源码、测试及运行证据。
REQ-CF-00783,core-finance,docs/PRD-整改R1-R4-人工上账与资金入账.md,P1 合规（不可降级）,本次新增/涉及按钮（发起上账、确认提交、审核通过、驳回、上传凭证、用户搜索等）均有 `[?]` 帮助，内容与本 PRD 第 8 节一致,action,P1,本次新增/涉及按钮（发起上账、确认提交、审核通过、驳回、上传凭证、用户搜索等）均有 `[?]` 帮助，内容与本 PRD 第 8 节一致,源码路径+行号、对应运行测试或数据库/Redis/队列证据,N/A：原审计记录未提供补充依据；待复核源码、测试及运行证据。
REQ-CF-00784,core-finance,docs/PRD-整改R1-R4-人工上账与资金入账.md,7. ### [?] 页面帮助,数据源：以下内容作为人工上账页 `PageHelp` 弹窗内容（pageKey 建议 `finance-manual-topup`，最终由 frontend-agent 按现有帮助组件约定落地）。,page,P1,数据源：以下内容作为人工上账页 `PageHelp` 弹窗内容（pageKey 建议 `finance-manual-topup`，最终由 frontend-agent 按现有帮助组件约定落地）。,源码路径+行号、对应运行测试或数据库/Redis/队列证据,N/A：原审计记录未提供补充依据；待复核源码、测试及运行证据。
REQ-CF-00785,core-finance,docs/PRD-整改R1-R4-人工上账与资金入账.md,7. ### [?] 页面帮助,> 数据源：以下内容作为人工上账页 `PageHelp` 弹窗内容（pageKey 建议 `finance-manual-topup`，最终由 frontend-agent 按现有帮助组件约定落地）。,page,P1,**页面名称**：财务 → 人工上账,源码路径+行号、对应运行测试或数据库/Redis/队列证据,N/A：原审计记录未提供补充依据；待复核源码、测试及运行证据。
REQ-CF-00786,core-finance,docs/PRD-整改R1-R4-人工上账与资金入账.md,7. ### [?] 页面帮助,> 数据源：以下内容作为人工上账页 `PageHelp` 弹窗内容（pageKey 建议 `finance-manual-topup`，最终由 frontend-agent 按现有帮助组件约定落地）。,permission,P1,**适用角色**：财务（finance）、管理员（admin / super_admin）；调账入口仅 admin / super_admin 可见,源码路径+行号、对应运行测试或数据库/Redis/队列证据,N/A：原审计记录未提供补充依据；待复核源码、测试及运行证据。
REQ-CF-00787,core-finance,docs/PRD-整改R1-R4-人工上账与资金入账.md,7. ### [?] 页面帮助,> 数据源：以下内容作为人工上账页 `PageHelp` 弹窗内容（pageKey 建议 `finance-manual-topup`，最终由 frontend-agent 按现有帮助组件约定落地）。,permission,P0,**功能定位**：管理员/财务为指定用户账户进行资金入账。线下/对公转账已到账的，凭凭证走「人工上账」；平台赠送/补偿/纠错的，走「手动调账」。全过程权限点校验、审核留痕、入账必通知。,源码路径+行号、对应运行测试或数据库/Redis/队列证据,N/A：原审计记录未提供补充依据；待复核源码、测试及运行证据。
REQ-CF-00788,core-finance,docs/PRD-整改R1-R4-人工上账与资金入账.md,7. ### [?] 页面帮助,## 7. ### [?] 页面帮助,state,P0,1. 搜索用户（邮箱 / 手机号 / 用户ID）→ 核对状态与当前余额,源码路径+行号、对应运行测试或数据库/Redis/队列证据,N/A：原审计记录未提供补充依据；待复核源码、测试及运行证据。
REQ-CF-00789,core-finance,docs/PRD-整改R1-R4-人工上账与资金入账.md,7. ### [?] 页面帮助,## 7. ### [?] 页面帮助,field,P1,2. 点击「发起上账」→ 选择入账类型（对公到账 / 平台赠送）→ 填写金额、原因、凭证、转账单号 → 确认提交,源码路径+行号、对应运行测试或数据库/Redis/队列证据,N/A：原审计记录未提供补充依据；待复核源码、测试及运行证据。
REQ-CF-00790,core-finance,docs/PRD-整改R1-R4-人工上账与资金入账.md,7. ### [?] 页面帮助,## 7. ### [?] 页面帮助,page,P1,3. 待审核列表 → 审核通过（入账）或驳回（填原因）,源码路径+行号、对应运行测试或数据库/Redis/队列证据,N/A：原审计记录未提供补充依据；待复核源码、测试及运行证据。
REQ-CF-00791,core-finance,docs/PRD-整改R1-R4-人工上账与资金入账.md,7. ### [?] 页面帮助,## 7. ### [?] 页面帮助,page,P1,4. 审核通过后用户收到站内信 + 邮件（按偏好），管理员可在列表核验到账,源码路径+行号、对应运行测试或数据库/Redis/队列证据,N/A：原审计记录未提供补充依据；待复核源码、测试及运行证据。
REQ-CF-00792,core-finance,docs/PRD-整改R1-R4-人工上账与资金入账.md,7. ### [?] 页面帮助,## 7. ### [?] 页面帮助,audit,P0,涉及资金变动，提交与审核均需二次确认，全程写审计日志,源码路径+行号、对应运行测试或数据库/Redis/队列证据,N/A：原审计记录未提供补充依据；待复核源码、测试及运行证据。
REQ-CF-00793,core-finance,docs/PRD-整改R1-R4-人工上账与资金入账.md,7. ### [?] 页面帮助,## 7. ### [?] 页面帮助,page,P0,对公到账必须上传凭证（JPG/PNG/PDF，≤5MB）并填写转账单号；同一转账单号不可重复入账,源码路径+行号、对应运行测试或数据库/Redis/队列证据,N/A：原审计记录未提供补充依据；待复核源码、测试及运行证据。
REQ-CF-00794,core-finance,docs/PRD-整改R1-R4-人工上账与资金入账.md,7. ### [?] 页面帮助,## 7. ### [?] 页面帮助,field,P1,"单笔上账金额不超过 ¥50,000；大额入账请走分级审批（后续版本开放）",源码路径+行号、对应运行测试或数据库/Redis/队列证据,产品裁决/后续阶段
REQ-CF-00795,core-finance,docs/PRD-整改R1-R4-人工上账与资金入账.md,7. ### [?] 页面帮助,## 7. ### [?] 页面帮助,page,P0,用户无余额账户时系统自动建户后入账，无需人工干预,源码路径+行号、对应运行测试或数据库/Redis/队列证据,N/A：原审计记录未提供补充依据；待复核源码、测试及运行证据。
REQ-CF-00796,core-finance,docs/PRD-整改R1-R4-人工上账与资金入账.md,7. ### [?] 页面帮助,## 7. ### [?] 页面帮助,page,P1,禁用/冻结用户需先解锁再上账,源码路径+行号、对应运行测试或数据库/Redis/队列证据,N/A：原审计记录未提供补充依据；待复核源码、测试及运行证据。
REQ-CF-00797,core-finance,docs/PRD-整改R1-R4-人工上账与资金入账.md,7. ### [?] 页面帮助,## 7. ### [?] 页面帮助,page,P1,本期为单步审核（创建≠审核的职责分离在后续版本生效）,源码路径+行号、对应运行测试或数据库/Redis/队列证据,产品裁决/后续阶段
REQ-CF-00798,core-finance,docs/PRD-整改R1-R4-人工上账与资金入账.md,7. ### [?] 页面帮助,> 数据源：以下内容作为人工上账页 `PageHelp` 弹窗内容（pageKey 建议 `finance-manual-topup`，最终由 frontend-agent 按现有帮助组件约定落地）。,permission,P1,Q: 为什么 finance 角色看不到「发起调账」？,源码路径+行号、对应运行测试或数据库/Redis/队列证据,N/A：原审计记录未提供补充依据；待复核源码、测试及运行证据。
REQ-CF-00799,core-finance,docs/PRD-整改R1-R4-人工上账与资金入账.md,7. ### [?] 页面帮助,> 数据源：以下内容作为人工上账页 `PageHelp` 弹窗内容（pageKey 建议 `finance-manual-topup`，最终由 frontend-agent 按现有帮助组件约定落地）。,permission,P1,A: 调账仅限 admin / super_admin；finance 角色可发起并审核人工上账。,源码路径+行号、对应运行测试或数据库/Redis/队列证据,N/A：原审计记录未提供补充依据；待复核源码、测试及运行证据。
REQ-CF-00800,core-finance,docs/PRD-整改R1-R4-人工上账与资金入账.md,7. ### [?] 页面帮助,## 7. ### [?] 页面帮助,page,P0,Q: 入账后用户余额没变？,源码路径+行号、对应运行测试或数据库/Redis/队列证据,N/A：原审计记录未提供补充依据；待复核源码、测试及运行证据。
REQ-CF-00801,core-finance,docs/PRD-整改R1-R4-人工上账与资金入账.md,7. ### [?] 页面帮助,> 数据源：以下内容作为人工上账页 `PageHelp` 弹窗内容（pageKey 建议 `finance-manual-topup`，最终由 frontend-agent 按现有帮助组件约定落地）。,state,P1,A: 请检查单据状态：`pending`（待审核）尚未入账；`paid`（已入账）后仍未见变动请检查流水与对账一致性（联系技术排查）。,源码路径+行号、对应运行测试或数据库/Redis/队列证据,N/A：原审计记录未提供补充依据；待复核源码、测试及运行证据。
REQ-CF-00802,core-finance,docs/PRD-整改R1-R4-人工上账与资金入账.md,7. ### [?] 页面帮助,## 7. ### [?] 页面帮助,page,P1,"Q: 提交时提示""该转账单号已存在上账记录""？",源码路径+行号、对应运行测试或数据库/Redis/队列证据,N/A：原审计记录未提供补充依据；待复核源码、测试及运行证据。
REQ-CF-00803,core-finance,docs/PRD-整改R1-R4-人工上账与资金入账.md,7. ### [?] 页面帮助,## 7. ### [?] 页面帮助,page,P1,A: 该转账单号已有一笔上账，请核实是否重复入账，勿重复创建。,源码路径+行号、对应运行测试或数据库/Redis/队列证据,N/A：原审计记录未提供补充依据；待复核源码、测试及运行证据。
REQ-CF-00804,core-finance,docs/PRD-整改R1-R4-人工上账与资金入账.md,7. ### [?] 页面帮助,## 7. ### [?] 页面帮助,action,P1,"Q: 用户提示""未收到到账通知""？",源码路径+行号、对应运行测试或数据库/Redis/队列证据,N/A：原审计记录未提供补充依据；待复核源码、测试及运行证据。
REQ-CF-00805,core-finance,docs/PRD-整改R1-R4-人工上账与资金入账.md,7. ### [?] 页面帮助,## 7. ### [?] 页面帮助,action,P1,A: 入账成功即发站内信（不可关闭）；邮件按用户偏好发送，可提示用户在「设置 → 通知偏好」开启邮件通知。,源码路径+行号、对应运行测试或数据库/Redis/队列证据,N/A：原审计记录未提供补充依据；待复核源码、测试及运行证据。
REQ-CF-00806,core-finance,docs/PRD-整改R1-R4-人工上账与资金入账.md,8. ### [?] 按钮级帮助对照表,数据源：以下内容作为各按钮 `ButtonHelp` Tooltip 内容（含页面已有但本期调整语义的按钮）。,action,P1,数据源：以下内容作为各按钮 `ButtonHelp` Tooltip 内容（含页面已有但本期调整语义的按钮）。,源码路径+行号、对应运行测试或数据库/Redis/队列证据,N/A：原审计记录未提供补充依据；待复核源码、测试及运行证据。
REQ-CF-00807,core-finance,docs/PRD-整改R1-R4-人工上账与资金入账.md,8. ### [?] 按钮级帮助对照表,| 按钮/操作 | 帮助说明 |,action,P1,按钮/操作应满足：发起上账 [?],源码路径+行号、对应运行测试或数据库/Redis/队列证据,表格单元格已拆为单一字段断言
REQ-CF-00808,core-finance,docs/PRD-整改R1-R4-人工上账与资金入账.md,8. ### [?] 按钮级帮助对照表,| 发起上账 [?] | 为指定用户创建人工上账订单：对公到账需上传凭证并填写转账单号，提交后进入待审核，审核通过前不改变用户余额 |,action,P0,帮助说明应满足：为指定用户创建人工上账订单：对公到账需上传凭证并填写转账单号，提交后进入待审核，审核通过前不改变用户余额,源码路径+行号、对应运行测试或数据库/Redis/队列证据,表格单元格已拆为单一字段断言
REQ-CF-00809,core-finance,docs/PRD-整改R1-R4-人工上账与资金入账.md,8. ### [?] 按钮级帮助对照表,| 用户搜索（选择用户）[?] | 按邮箱 / 手机号 / 用户ID 搜索并选中目标用户；选中后展示邮箱、名称、当前余额与账户状态，禁用/冻结用户需先解锁 |,action,P1,按钮/操作应满足：用户搜索（选择用户）[?],源码路径+行号、对应运行测试或数据库/Redis/队列证据,表格单元格已拆为单一字段断言
REQ-CF-00810,core-finance,docs/PRD-整改R1-R4-人工上账与资金入账.md,8. ### [?] 按钮级帮助对照表,| 用户搜索（选择用户）[?] | 按邮箱 / 手机号 / 用户ID 搜索并选中目标用户；选中后展示邮箱、名称、当前余额与账户状态，禁用/冻结用户需先解锁 |,state,P0,帮助说明应满足：按邮箱 / 手机号 / 用户ID 搜索并选中目标用户；选中后展示邮箱、名称、当前余额与账户状态，禁用/冻结用户需先解锁,源码路径+行号、对应运行测试或数据库/Redis/队列证据,表格单元格已拆为单一字段断言
REQ-CF-00811,core-finance,docs/PRD-整改R1-R4-人工上账与资金入账.md,8. ### [?] 按钮级帮助对照表,| 入账类型（对公到账）[?] | 用于线下/对公转账已到账的入账：凭证与转账单号必填，防止重复入账 |,action,P1,按钮/操作应满足：入账类型（对公到账）[?],源码路径+行号、对应运行测试或数据库/Redis/队列证据,表格单元格已拆为单一字段断言
REQ-CF-00812,core-finance,docs/PRD-整改R1-R4-人工上账与资金入账.md,8. ### [?] 按钮级帮助对照表,| 入账类型（对公到账）[?] | 用于线下/对公转账已到账的入账：凭证与转账单号必填，防止重复入账 |,action,P1,帮助说明应满足：用于线下/对公转账已到账的入账：凭证与转账单号必填，防止重复入账,源码路径+行号、对应运行测试或数据库/Redis/队列证据,表格单元格已拆为单一字段断言
REQ-CF-00813,core-finance,docs/PRD-整改R1-R4-人工上账与资金入账.md,8. ### [?] 按钮级帮助对照表,| 入账类型（平台赠送）[?] | 用于平台赠送 / 补偿 / 纠错 / 客服补单：凭证与转账单号选填，入账原因必填 |,action,P1,按钮/操作应满足：入账类型（平台赠送）[?],源码路径+行号、对应运行测试或数据库/Redis/队列证据,表格单元格已拆为单一字段断言
REQ-CF-00814,core-finance,docs/PRD-整改R1-R4-人工上账与资金入账.md,8. ### [?] 按钮级帮助对照表,| 入账类型（平台赠送）[?] | 用于平台赠送 / 补偿 / 纠错 / 客服补单：凭证与转账单号选填，入账原因必填 |,action,P1,帮助说明应满足：用于平台赠送 / 补偿 / 纠错 / 客服补单：凭证与转账单号选填，入账原因必填,源码路径+行号、对应运行测试或数据库/Redis/队列证据,表格单元格已拆为单一字段断言
REQ-CF-00815,core-finance,docs/PRD-整改R1-R4-人工上账与资金入账.md,8. ### [?] 按钮级帮助对照表,| 按钮/操作 | 帮助说明 |,field,P1,按钮/操作应满足：入账金额 [?],源码路径+行号、对应运行测试或数据库/Redis/队列证据,表格单元格已拆为单一字段断言
REQ-CF-00816,core-finance,docs/PRD-整改R1-R4-人工上账与资金入账.md,8. ### [?] 按钮级帮助对照表,"| 入账金额 [?] | 单笔入账金额，最低 ¥0.01、最高 ¥50,000（超过上限的大额入账走后续分级审批），最多保留 2 位小数 |",field,P1,"帮助说明应满足：单笔入账金额，最低 ¥0.01、最高 ¥50,000（超过上限的大额入账走后续分级审批），最多保留 2 位小数",源码路径+行号、对应运行测试或数据库/Redis/队列证据,表格单元格已拆为单一字段断言
REQ-CF-00817,core-finance,docs/PRD-整改R1-R4-人工上账与资金入账.md,8. ### [?] 按钮级帮助对照表,| 到账后余额预览 [?] | 按当前所选用户余额 + 输入金额实时计算入账后的可用余额，供提交前核对 |,action,P0,按钮/操作应满足：到账后余额预览 [?],源码路径+行号、对应运行测试或数据库/Redis/队列证据,表格单元格已拆为单一字段断言
REQ-CF-00818,core-finance,docs/PRD-整改R1-R4-人工上账与资金入账.md,8. ### [?] 按钮级帮助对照表,| 到账后余额预览 [?] | 按当前所选用户余额 + 输入金额实时计算入账后的可用余额，供提交前核对 |,field,P0,帮助说明应满足：按当前所选用户余额 + 输入金额实时计算入账后的可用余额，供提交前核对,源码路径+行号、对应运行测试或数据库/Redis/队列证据,表格单元格已拆为单一字段断言
REQ-CF-00819,core-finance,docs/PRD-整改R1-R4-人工上账与资金入账.md,8. ### [?] 按钮级帮助对照表,| 按钮/操作 | 帮助说明 |,action,P1,按钮/操作应满足：上传凭证 [?],源码路径+行号、对应运行测试或数据库/Redis/队列证据,表格单元格已拆为单一字段断言
REQ-CF-00820,core-finance,docs/PRD-整改R1-R4-人工上账与资金入账.md,8. ### [?] 按钮级帮助对照表,| 上传凭证 [?] | 上传对公到账凭证/回单截图，仅支持 JPG/PNG/PDF，大小不超过 5MB |,action,P1,帮助说明应满足：上传对公到账凭证/回单截图，仅支持 JPG/PNG/PDF，大小不超过 5MB,源码路径+行号、对应运行测试或数据库/Redis/队列证据,表格单元格已拆为单一字段断言
REQ-CF-00821,core-finance,docs/PRD-整改R1-R4-人工上账与资金入账.md,8. ### [?] 按钮级帮助对照表,| 按钮/操作 | 帮助说明 |,action,P1,按钮/操作应满足：转账单号 [?],源码路径+行号、对应运行测试或数据库/Redis/队列证据,表格单元格已拆为单一字段断言
REQ-CF-00822,core-finance,docs/PRD-整改R1-R4-人工上账与资金入账.md,8. ### [?] 按钮级帮助对照表,| 转账单号 [?] | 银行转账流水号；对公到账必填且全平台唯一，同一单号不可重复上账 |,action,P0,帮助说明应满足：银行转账流水号；对公到账必填且全平台唯一，同一单号不可重复上账,源码路径+行号、对应运行测试或数据库/Redis/队列证据,表格单元格已拆为单一字段断言
REQ-CF-00823,core-finance,docs/PRD-整改R1-R4-人工上账与资金入账.md,8. ### [?] 按钮级帮助对照表,| 按钮/操作 | 帮助说明 |,action,P1,按钮/操作应满足：确认提交 [?],源码路径+行号、对应运行测试或数据库/Redis/队列证据,表格单元格已拆为单一字段断言
REQ-CF-00824,core-finance,docs/PRD-整改R1-R4-人工上账与资金入账.md,8. ### [?] 按钮级帮助对照表,| 确认提交 [?] | 校验通过后弹出二次确认，确认后生成待审核上账订单并通知审核队列 |,action,P1,帮助说明应满足：校验通过后弹出二次确认，确认后生成待审核上账订单并通知审核队列,源码路径+行号、对应运行测试或数据库/Redis/队列证据,表格单元格已拆为单一字段断言
REQ-CF-00825,core-finance,docs/PRD-整改R1-R4-人工上账与资金入账.md,8. ### [?] 按钮级帮助对照表,| 按钮/操作 | 帮助说明 |,action,P1,按钮/操作应满足：审核通过 [?],源码路径+行号、对应运行测试或数据库/Redis/队列证据,表格单元格已拆为单一字段断言
REQ-CF-00826,core-finance,docs/PRD-整改R1-R4-人工上账与资金入账.md,8. ### [?] 按钮级帮助对照表,| 审核通过 [?] | 确认单据有效，资金计入用户余额；生效后自动通知用户并写资金流水与审计日志，且不可撤销（错误入账需冲正） |,action,P0,帮助说明应满足：确认单据有效，资金计入用户余额；生效后自动通知用户并写资金流水与审计日志，且不可撤销（错误入账需冲正）,源码路径+行号、对应运行测试或数据库/Redis/队列证据,表格单元格已拆为单一字段断言
REQ-CF-00827,core-finance,docs/PRD-整改R1-R4-人工上账与资金入账.md,8. ### [?] 按钮级帮助对照表,| 按钮/操作 | 帮助说明 |,action,P1,按钮/操作应满足：驳回 [?],源码路径+行号、对应运行测试或数据库/Redis/队列证据,表格单元格已拆为单一字段断言
REQ-CF-00828,core-finance,docs/PRD-整改R1-R4-人工上账与资金入账.md,8. ### [?] 按钮级帮助对照表,| 驳回 [?] | 拒绝该上账单据，必须填写驳回原因；单据状态变为已驳回，不改变用户余额 |,state,P0,帮助说明应满足：拒绝该上账单据，必须填写驳回原因；单据状态变为已驳回，不改变用户余额,源码路径+行号、对应运行测试或数据库/Redis/队列证据,表格单元格已拆为单一字段断言
REQ-CF-00829,core-finance,docs/PRD-整改R1-R4-人工上账与资金入账.md,8. ### [?] 按钮级帮助对照表,| 按钮/操作 | 帮助说明 |,action,P1,按钮/操作应满足：重置表单 [?],源码路径+行号、对应运行测试或数据库/Redis/队列证据,表格单元格已拆为单一字段断言
REQ-CF-00830,core-finance,docs/PRD-整改R1-R4-人工上账与资金入账.md,8. ### [?] 按钮级帮助对照表,| 重置表单 [?] | 清空当前发起上账表单的全部填写内容，恢复默认状态 |,state,P1,帮助说明应满足：清空当前发起上账表单的全部填写内容，恢复默认状态,源码路径+行号、对应运行测试或数据库/Redis/队列证据,表格单元格已拆为单一字段断言
REQ-CF-00831,core-finance,docs/PRD-整改R1-R4-人工上账与资金入账.md,9. 与现有 SPEC 的差异说明（增量点与产品裁决建议）,"| 1 | **金额上限口径不一致（P2-14）** | 文档 ref-2.2.6 §4.4：单笔最高 ¥50,000、单日 ¥100,000（对公不受限）；代码 `recharge.ts:83` `MAX_AMOUNT = 1_000_000`；SPEC-§2 §2.7 大额预警线 ¥10,000 | R1 单笔上限按 **¥50,000** 校验，>50,000 拒绝创建 | **A1（待产品裁决）**：建议全平台统一""单笔入账/充值上限 ¥50,000""，代码 1,000,000 判定为历史实现偏差需对齐；>¥50,000 的大额在 R5 分级审批上线后按 ref §7.2.1（>¥10,000 复审、>¥100,000 super_admin）放开。若业务确有大额一次性对公需求，请 PMO 拍板是否本期即放开（放开则以分级审批为前置条件，不建议本期放开） |",field,P2,差异点应满足：**金额上限口径不一致（P2-14）**,源码路径+行号、对应运行测试或数据库/Redis/队列证据,表格单元格已拆为单一字段断言
REQ-CF-00832,core-finance,docs/PRD-整改R1-R4-人工上账与资金入账.md,9. 与现有 SPEC 的差异说明（增量点与产品裁决建议）,"| 1 | **金额上限口径不一致（P2-14）** | 文档 ref-2.2.6 §4.4：单笔最高 ¥50,000、单日 ¥100,000（对公不受限）；代码 `recharge.ts:83` `MAX_AMOUNT = 1_000_000`；SPEC-§2 §2.7 大额预警线 ¥10,000 | R1 单笔上限按 **¥50,000** 校验，>50,000 拒绝创建 | **A1（待产品裁决）**：建议全平台统一""单笔入账/充值上限 ¥50,000""，代码 1,000,000 判定为历史实现偏差需对齐；>¥50,000 的大额在 R5 分级审批上线后按 ref §7.2.1（>¥10,000 复审、>¥100,000 super_admin）放开。若业务确有大额一次性对公需求，请 PMO 拍板是否本期即放开（放开则以分级审批为前置条件，不建议本期放开） |",logic,P1,"现状（文档/代码）应满足：文档 ref-2.2.6 §4.4：单笔最高 ¥50,000、单日 ¥100,000（对公不受限）；代码 `recharge.ts:83` `MAX_AMOUNT = 1_000_000`；SPEC-§2 §2.7 大额预警线 ¥10,000",源码路径+行号、对应运行测试或数据库/Redis/队列证据,表格单元格已拆为单一字段断言
REQ-CF-00833,core-finance,docs/PRD-整改R1-R4-人工上账与资金入账.md,9. 与现有 SPEC 的差异说明（增量点与产品裁决建议）,"| 1 | **金额上限口径不一致（P2-14）** | 文档 ref-2.2.6 §4.4：单笔最高 ¥50,000、单日 ¥100,000（对公不受限）；代码 `recharge.ts:83` `MAX_AMOUNT = 1_000_000`；SPEC-§2 §2.7 大额预警线 ¥10,000 | R1 单笔上限按 **¥50,000** 校验，>50,000 拒绝创建 | **A1（待产品裁决）**：建议全平台统一""单笔入账/充值上限 ¥50,000""，代码 1,000,000 判定为历史实现偏差需对齐；>¥50,000 的大额在 R5 分级审批上线后按 ref §7.2.1（>¥10,000 复审、>¥100,000 super_admin）放开。若业务确有大额一次性对公需求，请 PMO 拍板是否本期即放开（放开则以分级审批为前置条件，不建议本期放开） |",logic,P1,"本期 PRD 增量应满足：R1 单笔上限按 **¥50,000** 校验，>50,000 拒绝创建",源码路径+行号、对应运行测试或数据库/Redis/队列证据,表格单元格已拆为单一字段断言
REQ-CF-00834,core-finance,docs/PRD-整改R1-R4-人工上账与资金入账.md,9. 与现有 SPEC 的差异说明（增量点与产品裁决建议）,"| 1 | **金额上限口径不一致（P2-14）** | 文档 ref-2.2.6 §4.4：单笔最高 ¥50,000、单日 ¥100,000（对公不受限）；代码 `recharge.ts:83` `MAX_AMOUNT = 1_000_000`；SPEC-§2 §2.7 大额预警线 ¥10,000 | R1 单笔上限按 **¥50,000** 校验，>50,000 拒绝创建 | **A1（待产品裁决）**：建议全平台统一""单笔入账/充值上限 ¥50,000""，代码 1,000,000 判定为历史实现偏差需对齐；>¥50,000 的大额在 R5 分级审批上线后按 ref §7.2.1（>¥10,000 复审、>¥100,000 super_admin）放开。若业务确有大额一次性对公需求，请 PMO 拍板是否本期即放开（放开则以分级审批为前置条件，不建议本期放开） |",logic,P1,"产品裁决建议应满足：**A1（待产品裁决）**：建议全平台统一""单笔入账/充值上限 ¥50,000""，代码 1,000,000 判定为历史实现偏差需对齐；>¥50,000 的大额在 R5 分级审批上线后按 ref §7.2.1（>¥10,000 复审、>¥100,000 super_admin）放开。若业务确有大额一次性对公需求，请 PMO 拍板是否本期即放开（放开则以分级审批为前置条件，不建议本期放开）",源码路径+行号、对应运行测试或数据库/Redis/队列证据,表格单元格已拆为单一字段断言
REQ-CF-00835,core-finance,docs/PRD-整改R1-R4-人工上账与资金入账.md,9. 与现有 SPEC 的差异说明（增量点与产品裁决建议）,"| 2 | **单日累计上限** | ref §4.4：单日 ¥100,000（对公不受限） | R1 本期不设单日累计上限（人工上账属""对公不受限""口径），金额留档供 R6 拆分规避使用 | **A2（待产品裁决）**：建议本期不设限（与对公口径一致）；R6 阶段增加操作人/被入账用户 24h 累计限额与拆分规避 |",logic,P1,差异点应满足：**单日累计上限**,源码路径+行号、对应运行测试或数据库/Redis/队列证据,表格单元格已拆为单一字段断言
REQ-CF-00836,core-finance,docs/PRD-整改R1-R4-人工上账与资金入账.md,9. 与现有 SPEC 的差异说明（增量点与产品裁决建议）,"| 2 | **单日累计上限** | ref §4.4：单日 ¥100,000（对公不受限） | R1 本期不设单日累计上限（人工上账属""对公不受限""口径），金额留档供 R6 拆分规避使用 | **A2（待产品裁决）**：建议本期不设限（与对公口径一致）；R6 阶段增加操作人/被入账用户 24h 累计限额与拆分规避 |",logic,P1,"现状（文档/代码）应满足：ref §4.4：单日 ¥100,000（对公不受限）",源码路径+行号、对应运行测试或数据库/Redis/队列证据,表格单元格已拆为单一字段断言
REQ-CF-00837,core-finance,docs/PRD-整改R1-R4-人工上账与资金入账.md,9. 与现有 SPEC 的差异说明（增量点与产品裁决建议）,"| 2 | **单日累计上限** | ref §4.4：单日 ¥100,000（对公不受限） | R1 本期不设单日累计上限（人工上账属""对公不受限""口径），金额留档供 R6 拆分规避使用 | **A2（待产品裁决）**：建议本期不设限（与对公口径一致）；R6 阶段增加操作人/被入账用户 24h 累计限额与拆分规避 |",field,P1,"本期 PRD 增量应满足：R1 本期不设单日累计上限（人工上账属""对公不受限""口径），金额留档供 R6 拆分规避使用",源码路径+行号、对应运行测试或数据库/Redis/队列证据,表格单元格已拆为单一字段断言
REQ-CF-00838,core-finance,docs/PRD-整改R1-R4-人工上账与资金入账.md,9. 与现有 SPEC 的差异说明（增量点与产品裁决建议）,"| 2 | **单日累计上限** | ref §4.4：单日 ¥100,000（对公不受限） | R1 本期不设单日累计上限（人工上账属""对公不受限""口径），金额留档供 R6 拆分规避使用 | **A2（待产品裁决）**：建议本期不设限（与对公口径一致）；R6 阶段增加操作人/被入账用户 24h 累计限额与拆分规避 |",logic,P1,产品裁决建议应满足：**A2（待产品裁决）**：建议本期不设限（与对公口径一致）；R6 阶段增加操作人/被入账用户 24h 累计限额与拆分规避,源码路径+行号、对应运行测试或数据库/Redis/队列证据,表格单元格已拆为单一字段断言
REQ-CF-00839,core-finance,docs/PRD-整改R1-R4-人工上账与资金入账.md,9. 与现有 SPEC 的差异说明（增量点与产品裁决建议）,"| 3 | **recharge_success 站内信可关闭性** | SPEC-§22 §22.6 事件表：`recharge_success` 站内/邮件默认开、**可关闭** | R4 站内信**强制开启不可关闭**（资金到账强通知），邮件按偏好 | **A3（待产品裁决）**：建议修订 §22 事件表，将 `recharge_success` 站内信改为""不可关闭""，与 `login_anomaly` / `2fa_changed` 同类处理；需同步更新 SPEC-§22 文档 |",logic,P1,差异点应满足：**recharge_success 站内信可关闭性**,源码路径+行号、对应运行测试或数据库/Redis/队列证据,表格单元格已拆为单一字段断言
REQ-CF-00840,core-finance,docs/PRD-整改R1-R4-人工上账与资金入账.md,9. 与现有 SPEC 的差异说明（增量点与产品裁决建议）,"| 3 | **recharge_success 站内信可关闭性** | SPEC-§22 §22.6 事件表：`recharge_success` 站内/邮件默认开、**可关闭** | R4 站内信**强制开启不可关闭**（资金到账强通知），邮件按偏好 | **A3（待产品裁决）**：建议修订 §22 事件表，将 `recharge_success` 站内信改为""不可关闭""，与 `login_anomaly` / `2fa_changed` 同类处理；需同步更新 SPEC-§22 文档 |",logic,P1,现状（文档/代码）应满足：SPEC-§22 §22.6 事件表：`recharge_success` 站内/邮件默认开、**可关闭**,源码路径+行号、对应运行测试或数据库/Redis/队列证据,表格单元格已拆为单一字段断言
REQ-CF-00841,core-finance,docs/PRD-整改R1-R4-人工上账与资金入账.md,9. 与现有 SPEC 的差异说明（增量点与产品裁决建议）,"| 3 | **recharge_success 站内信可关闭性** | SPEC-§22 §22.6 事件表：`recharge_success` 站内/邮件默认开、**可关闭** | R4 站内信**强制开启不可关闭**（资金到账强通知），邮件按偏好 | **A3（待产品裁决）**：建议修订 §22 事件表，将 `recharge_success` 站内信改为""不可关闭""，与 `login_anomaly` / `2fa_changed` 同类处理；需同步更新 SPEC-§22 文档 |",action,P0,本期 PRD 增量应满足：R4 站内信**强制开启不可关闭**（资金到账强通知），邮件按偏好,源码路径+行号、对应运行测试或数据库/Redis/队列证据,表格单元格已拆为单一字段断言
REQ-CF-00842,core-finance,docs/PRD-整改R1-R4-人工上账与资金入账.md,9. 与现有 SPEC 的差异说明（增量点与产品裁决建议）,"| 3 | **recharge_success 站内信可关闭性** | SPEC-§22 §22.6 事件表：`recharge_success` 站内/邮件默认开、**可关闭** | R4 站内信**强制开启不可关闭**（资金到账强通知），邮件按偏好 | **A3（待产品裁决）**：建议修订 §22 事件表，将 `recharge_success` 站内信改为""不可关闭""，与 `login_anomaly` / `2fa_changed` 同类处理；需同步更新 SPEC-§22 文档 |",logic,P1,"产品裁决建议应满足：**A3（待产品裁决）**：建议修订 §22 事件表，将 `recharge_success` 站内信改为""不可关闭""，与 `login_anomaly` / `2fa_changed` 同类处理；需同步更新 SPEC-§22 文档",源码路径+行号、对应运行测试或数据库/Redis/队列证据,表格单元格已拆为单一字段断言
REQ-CF-00843,core-finance,docs/PRD-整改R1-R4-人工上账与资金入账.md,9. 与现有 SPEC 的差异说明（增量点与产品裁决建议）,"| 4 | **finance 对充值订单审核的权限** | 现状充值订单审核路由仅放行 admin/super_admin；整改方案 R3 未明确 | 本期保持现状；矩阵标注""建议开放"" | **A4（待产品裁决）**：建议将充值订单审核一并纳入 `finance.topup`（对齐 SPEC-§4 §4.4""适用角色：财务""），如通过则在本期 R3 一并接入 |",permission,P1,差异点应满足：**finance 对充值订单审核的权限**,源码路径+行号、对应运行测试或数据库/Redis/队列证据,表格单元格已拆为单一字段断言
REQ-CF-00844,core-finance,docs/PRD-整改R1-R4-人工上账与资金入账.md,9. 与现有 SPEC 的差异说明（增量点与产品裁决建议）,"| 4 | **finance 对充值订单审核的权限** | 现状充值订单审核路由仅放行 admin/super_admin；整改方案 R3 未明确 | 本期保持现状；矩阵标注""建议开放"" | **A4（待产品裁决）**：建议将充值订单审核一并纳入 `finance.topup`（对齐 SPEC-§4 §4.4""适用角色：财务""），如通过则在本期 R3 一并接入 |",logic,P1,现状（文档/代码）应满足：现状充值订单审核路由仅放行 admin/super_admin；整改方案 R3 未明确,源码路径+行号、对应运行测试或数据库/Redis/队列证据,表格单元格已拆为单一字段断言
REQ-CF-00845,core-finance,docs/PRD-整改R1-R4-人工上账与资金入账.md,9. 与现有 SPEC 的差异说明（增量点与产品裁决建议）,"| 4 | **finance 对充值订单审核的权限** | 现状充值订单审核路由仅放行 admin/super_admin；整改方案 R3 未明确 | 本期保持现状；矩阵标注""建议开放"" | **A4（待产品裁决）**：建议将充值订单审核一并纳入 `finance.topup`（对齐 SPEC-§4 §4.4""适用角色：财务""），如通过则在本期 R3 一并接入 |",logic,P1,"本期 PRD 增量应满足：本期保持现状；矩阵标注""建议开放""",源码路径+行号、对应运行测试或数据库/Redis/队列证据,表格单元格已拆为单一字段断言
REQ-CF-00846,core-finance,docs/PRD-整改R1-R4-人工上账与资金入账.md,9. 与现有 SPEC 的差异说明（增量点与产品裁决建议）,"| 4 | **finance 对充值订单审核的权限** | 现状充值订单审核路由仅放行 admin/super_admin；整改方案 R3 未明确 | 本期保持现状；矩阵标注""建议开放"" | **A4（待产品裁决）**：建议将充值订单审核一并纳入 `finance.topup`（对齐 SPEC-§4 §4.4""适用角色：财务""），如通过则在本期 R3 一并接入 |",permission,P1,"产品裁决建议应满足：**A4（待产品裁决）**：建议将充值订单审核一并纳入 `finance.topup`（对齐 SPEC-§4 §4.4""适用角色：财务""），如通过则在本期 R3 一并接入",源码路径+行号、对应运行测试或数据库/Redis/队列证据,表格单元格已拆为单一字段断言
REQ-CF-00847,core-finance,docs/PRD-整改R1-R4-人工上账与资金入账.md,9. 与现有 SPEC 的差异说明（增量点与产品裁决建议）,| 5 | **finance.adjust 权限点不存在** | `admin-permissions.ts` 财务组仅 refund/topup/invoice/reconciliation | R3 新增 `finance.adjust`（手动调账），仅 admin/super_admin | **A5（待产品裁决）**：建议新增该权限点并同步权限树（ROLE_PERMS）与前端权限渲染；与 SPEC-§30 `BALANCE_ADJUST` 语义对齐 |,permission,P1,差异点应满足：**finance.adjust 权限点不存在**,源码路径+行号、对应运行测试或数据库/Redis/队列证据,表格单元格已拆为单一字段断言
REQ-CF-00848,core-finance,docs/PRD-整改R1-R4-人工上账与资金入账.md,9. 与现有 SPEC 的差异说明（增量点与产品裁决建议）,| 5 | **finance.adjust 权限点不存在** | `admin-permissions.ts` 财务组仅 refund/topup/invoice/reconciliation | R3 新增 `finance.adjust`（手动调账），仅 admin/super_admin | **A5（待产品裁决）**：建议新增该权限点并同步权限树（ROLE_PERMS）与前端权限渲染；与 SPEC-§30 `BALANCE_ADJUST` 语义对齐 |,logic,P1,现状（文档/代码）应满足：`admin-permissions.ts` 财务组仅 refund/topup/invoice/reconciliation,源码路径+行号、对应运行测试或数据库/Redis/队列证据,表格单元格已拆为单一字段断言
REQ-CF-00849,core-finance,docs/PRD-整改R1-R4-人工上账与资金入账.md,9. 与现有 SPEC 的差异说明（增量点与产品裁决建议）,| 5 | **finance.adjust 权限点不存在** | `admin-permissions.ts` 财务组仅 refund/topup/invoice/reconciliation | R3 新增 `finance.adjust`（手动调账），仅 admin/super_admin | **A5（待产品裁决）**：建议新增该权限点并同步权限树（ROLE_PERMS）与前端权限渲染；与 SPEC-§30 `BALANCE_ADJUST` 语义对齐 |,logic,P1,本期 PRD 增量应满足：R3 新增 `finance.adjust`（手动调账），仅 admin/super_admin,源码路径+行号、对应运行测试或数据库/Redis/队列证据,表格单元格已拆为单一字段断言
REQ-CF-00850,core-finance,docs/PRD-整改R1-R4-人工上账与资金入账.md,9. 与现有 SPEC 的差异说明（增量点与产品裁决建议）,| 5 | **finance.adjust 权限点不存在** | `admin-permissions.ts` 财务组仅 refund/topup/invoice/reconciliation | R3 新增 `finance.adjust`（手动调账），仅 admin/super_admin | **A5（待产品裁决）**：建议新增该权限点并同步权限树（ROLE_PERMS）与前端权限渲染；与 SPEC-§30 `BALANCE_ADJUST` 语义对齐 |,permission,P1,产品裁决建议应满足：**A5（待产品裁决）**：建议新增该权限点并同步权限树（ROLE_PERMS）与前端权限渲染；与 SPEC-§30 `BALANCE_ADJUST` 语义对齐,源码路径+行号、对应运行测试或数据库/Redis/队列证据,表格单元格已拆为单一字段断言
REQ-CF-00851,core-finance,docs/PRD-整改R1-R4-人工上账与资金入账.md,9. 与现有 SPEC 的差异说明（增量点与产品裁决建议）,| 6 | **入账类型字段（bank_transfer/grant）** | 现状 recharge_orders 无入账类型字段（仅 method='manual'） | R1 建议新增 `topup_type` 产品字段，驱动凭证/单号必填逻辑 | **A6（待产品裁决）**：建议新增；若架构评估可在表单层判断（不对应存储字段）亦可，业务规则不变 |,field,P1,差异点应满足：**入账类型字段（bank_transfer/grant）**,源码路径+行号、对应运行测试或数据库/Redis/队列证据,表格单元格已拆为单一字段断言
REQ-CF-00852,core-finance,docs/PRD-整改R1-R4-人工上账与资金入账.md,9. 与现有 SPEC 的差异说明（增量点与产品裁决建议）,| 6 | **入账类型字段（bank_transfer/grant）** | 现状 recharge_orders 无入账类型字段（仅 method='manual'） | R1 建议新增 `topup_type` 产品字段，驱动凭证/单号必填逻辑 | **A6（待产品裁决）**：建议新增；若架构评估可在表单层判断（不对应存储字段）亦可，业务规则不变 |,field,P1,现状（文档/代码）应满足：现状 recharge_orders 无入账类型字段（仅 method='manual'）,源码路径+行号、对应运行测试或数据库/Redis/队列证据,表格单元格已拆为单一字段断言
REQ-CF-00853,core-finance,docs/PRD-整改R1-R4-人工上账与资金入账.md,9. 与现有 SPEC 的差异说明（增量点与产品裁决建议）,| 6 | **入账类型字段（bank_transfer/grant）** | 现状 recharge_orders 无入账类型字段（仅 method='manual'） | R1 建议新增 `topup_type` 产品字段，驱动凭证/单号必填逻辑 | **A6（待产品裁决）**：建议新增；若架构评估可在表单层判断（不对应存储字段）亦可，业务规则不变 |,field,P1,本期 PRD 增量应满足：R1 建议新增 `topup_type` 产品字段，驱动凭证/单号必填逻辑,源码路径+行号、对应运行测试或数据库/Redis/队列证据,表格单元格已拆为单一字段断言
REQ-CF-00854,core-finance,docs/PRD-整改R1-R4-人工上账与资金入账.md,9. 与现有 SPEC 的差异说明（增量点与产品裁决建议）,| 6 | **入账类型字段（bank_transfer/grant）** | 现状 recharge_orders 无入账类型字段（仅 method='manual'） | R1 建议新增 `topup_type` 产品字段，驱动凭证/单号必填逻辑 | **A6（待产品裁决）**：建议新增；若架构评估可在表单层判断（不对应存储字段）亦可，业务规则不变 |,field,P1,产品裁决建议应满足：**A6（待产品裁决）**：建议新增；若架构评估可在表单层判断（不对应存储字段）亦可，业务规则不变,源码路径+行号、对应运行测试或数据库/Redis/队列证据,表格单元格已拆为单一字段断言
REQ-CF-00855,core-finance,docs/PRD-整改R1-R4-人工上账与资金入账.md,9. 与现有 SPEC 的差异说明（增量点与产品裁决建议）,| 7 | **人工上账 vs 人工补单 SOP** | ref §7.1.3 人工补单 SOP（`manual-fix`，充值回调异常场景）与人工上账（对公到账入账）是两个不同入口 | 本期仅做人工上账创建；补单 SOP 不在本期范围 | 建议在文档层明确两路径语义差异，避免运营混淆；补单是否复用人工上账由后续阶段评估 |,logic,P1,差异点应满足：**人工上账 vs 人工补单 SOP**,源码路径+行号、对应运行测试或数据库/Redis/队列证据,表格单元格已拆为单一字段断言
REQ-CF-00856,core-finance,docs/PRD-整改R1-R4-人工上账与资金入账.md,9. 与现有 SPEC 的差异说明（增量点与产品裁决建议）,| 7 | **人工上账 vs 人工补单 SOP** | ref §7.1.3 人工补单 SOP（`manual-fix`，充值回调异常场景）与人工上账（对公到账入账）是两个不同入口 | 本期仅做人工上账创建；补单 SOP 不在本期范围 | 建议在文档层明确两路径语义差异，避免运营混淆；补单是否复用人工上账由后续阶段评估 |,exception,P1,现状（文档/代码）应满足：ref §7.1.3 人工补单 SOP（`manual-fix`，充值回调异常场景）与人工上账（对公到账入账）是两个不同入口,源码路径+行号、对应运行测试或数据库/Redis/队列证据,表格单元格已拆为单一字段断言
REQ-CF-00857,core-finance,docs/PRD-整改R1-R4-人工上账与资金入账.md,9. 与现有 SPEC 的差异说明（增量点与产品裁决建议）,| 7 | **人工上账 vs 人工补单 SOP** | ref §7.1.3 人工补单 SOP（`manual-fix`，充值回调异常场景）与人工上账（对公到账入账）是两个不同入口 | 本期仅做人工上账创建；补单 SOP 不在本期范围 | 建议在文档层明确两路径语义差异，避免运营混淆；补单是否复用人工上账由后续阶段评估 |,logic,P1,本期 PRD 增量应满足：本期仅做人工上账创建；补单 SOP 不在本期范围,源码路径+行号、对应运行测试或数据库/Redis/队列证据,表格单元格已拆为单一字段断言
REQ-CF-00858,core-finance,docs/PRD-整改R1-R4-人工上账与资金入账.md,9. 与现有 SPEC 的差异说明（增量点与产品裁决建议）,| 7 | **人工上账 vs 人工补单 SOP** | ref §7.1.3 人工补单 SOP（`manual-fix`，充值回调异常场景）与人工上账（对公到账入账）是两个不同入口 | 本期仅做人工上账创建；补单 SOP 不在本期范围 | 建议在文档层明确两路径语义差异，避免运营混淆；补单是否复用人工上账由后续阶段评估 |,logic,P1,产品裁决建议应满足：建议在文档层明确两路径语义差异，避免运营混淆；补单是否复用人工上账由后续阶段评估,源码路径+行号、对应运行测试或数据库/Redis/队列证据,表格单元格已拆为单一字段断言
REQ-CF-00859,core-finance,docs/PRD-整改R1-R4-人工上账与资金入账.md,9. 与现有 SPEC 的差异说明（增量点与产品裁决建议）,| 8 | **用户端 ALLOWED_METHODS 不含 manual** | `recharge.ts:82` 用户端支付方式不含 manual | 本期不开放用户端发起人工上账（人工上账是管理端操作）；用户端对公转账自助走 ref §4.3 现有流程 | 无需裁决，明确边界即可 |,logic,P1,差异点应满足：**用户端 ALLOWED_METHODS 不含 manual**,源码路径+行号、对应运行测试或数据库/Redis/队列证据,表格单元格已拆为单一字段断言
REQ-CF-00860,core-finance,docs/PRD-整改R1-R4-人工上账与资金入账.md,9. 与现有 SPEC 的差异说明（增量点与产品裁决建议）,| 8 | **用户端 ALLOWED_METHODS 不含 manual** | `recharge.ts:82` 用户端支付方式不含 manual | 本期不开放用户端发起人工上账（人工上账是管理端操作）；用户端对公转账自助走 ref §4.3 现有流程 | 无需裁决，明确边界即可 |,logic,P1,现状（文档/代码）应满足：`recharge.ts:82` 用户端支付方式不含 manual,源码路径+行号、对应运行测试或数据库/Redis/队列证据,表格单元格已拆为单一字段断言
REQ-CF-00861,core-finance,docs/PRD-整改R1-R4-人工上账与资金入账.md,9. 与现有 SPEC 的差异说明（增量点与产品裁决建议）,| 8 | **用户端 ALLOWED_METHODS 不含 manual** | `recharge.ts:82` 用户端支付方式不含 manual | 本期不开放用户端发起人工上账（人工上账是管理端操作）；用户端对公转账自助走 ref §4.3 现有流程 | 无需裁决，明确边界即可 |,logic,P1,本期 PRD 增量应满足：本期不开放用户端发起人工上账（人工上账是管理端操作）；用户端对公转账自助走 ref §4.3 现有流程,源码路径+行号、对应运行测试或数据库/Redis/队列证据,表格单元格已拆为单一字段断言
REQ-CF-00862,core-finance,docs/PRD-整改R1-R4-人工上账与资金入账.md,9. 与现有 SPEC 的差异说明（增量点与产品裁决建议）,| 8 | **用户端 ALLOWED_METHODS 不含 manual** | `recharge.ts:82` 用户端支付方式不含 manual | 本期不开放用户端发起人工上账（人工上账是管理端操作）；用户端对公转账自助走 ref §4.3 现有流程 | 无需裁决，明确边界即可 |,boundary,P1,产品裁决建议应满足：无需裁决，明确边界即可,源码路径+行号、对应运行测试或数据库/Redis/队列证据,表格单元格已拆为单一字段断言
REQ-CF-00863,core-finance,docs/PRD-整改R1-R4-人工上账与资金入账.md,9. 与现有 SPEC 的差异说明（增量点与产品裁决建议）,| 9 | **调减（扣减）通知** | 调账调减生效无通知 | 本期 R4 仅覆盖入账（调增/上账/充值）成功；调减通知后续阶段定义 | 后续阶段评估（建议事件名与文案单列，如 `balance_adjust`） |,action,P1,差异点应满足：**调减（扣减）通知**,源码路径+行号、对应运行测试或数据库/Redis/队列证据,表格单元格已拆为单一字段断言
REQ-CF-00864,core-finance,docs/PRD-整改R1-R4-人工上账与资金入账.md,9. 与现有 SPEC 的差异说明（增量点与产品裁决建议）,| 9 | **调减（扣减）通知** | 调账调减生效无通知 | 本期 R4 仅覆盖入账（调增/上账/充值）成功；调减通知后续阶段定义 | 后续阶段评估（建议事件名与文案单列，如 `balance_adjust`） |,action,P1,现状（文档/代码）应满足：调账调减生效无通知,源码路径+行号、对应运行测试或数据库/Redis/队列证据,表格单元格已拆为单一字段断言
REQ-CF-00865,core-finance,docs/PRD-整改R1-R4-人工上账与资金入账.md,9. 与现有 SPEC 的差异说明（增量点与产品裁决建议）,| 9 | **调减（扣减）通知** | 调账调减生效无通知 | 本期 R4 仅覆盖入账（调增/上账/充值）成功；调减通知后续阶段定义 | 后续阶段评估（建议事件名与文案单列，如 `balance_adjust`） |,action,P1,本期 PRD 增量应满足：本期 R4 仅覆盖入账（调增/上账/充值）成功；调减通知后续阶段定义,源码路径+行号、对应运行测试或数据库/Redis/队列证据,表格单元格已拆为单一字段断言
REQ-CF-00866,core-finance,docs/PRD-整改R1-R4-人工上账与资金入账.md,9. 与现有 SPEC 的差异说明（增量点与产品裁决建议）,| 9 | **调减（扣减）通知** | 调账调减生效无通知 | 本期 R4 仅覆盖入账（调增/上账/充值）成功；调减通知后续阶段定义 | 后续阶段评估（建议事件名与文案单列，如 `balance_adjust`） |,logic,P1,产品裁决建议应满足：后续阶段评估（建议事件名与文案单列，如 `balance_adjust`）,源码路径+行号、对应运行测试或数据库/Redis/队列证据,表格单元格已拆为单一字段断言
REQ-CF-00867,core-finance,docs/PRD-整改R1-R4-人工上账与资金入账.md,9. 与现有 SPEC 的差异说明（增量点与产品裁决建议）,"| 10 | **幂等机制** | `services/idempotency.ts` 已存在未接入（P1-10） | R1 以""转账单号唯一 + 状态机防重审""兜底；正式 Idempotency-Key 接入属 R10 | R10 阶段接入，本期验收以""重复创建同单号被拒、重复审核被拒""为准 |",idempotency,P0,差异点应满足：**幂等机制**,源码路径+行号、对应运行测试或数据库/Redis/队列证据,表格单元格已拆为单一字段断言
REQ-CF-00868,core-finance,docs/PRD-整改R1-R4-人工上账与资金入账.md,9. 与现有 SPEC 的差异说明（增量点与产品裁决建议）,"| 10 | **幂等机制** | `services/idempotency.ts` 已存在未接入（P1-10） | R1 以""转账单号唯一 + 状态机防重审""兜底；正式 Idempotency-Key 接入属 R10 | R10 阶段接入，本期验收以""重复创建同单号被拒、重复审核被拒""为准 |",logic,P1,现状（文档/代码）应满足：`services/idempotency.ts` 已存在未接入（P1-10）,源码路径+行号、对应运行测试或数据库/Redis/队列证据,表格单元格已拆为单一字段断言
REQ-CF-00869,core-finance,docs/PRD-整改R1-R4-人工上账与资金入账.md,9. 与现有 SPEC 的差异说明（增量点与产品裁决建议）,"| 10 | **幂等机制** | `services/idempotency.ts` 已存在未接入（P1-10） | R1 以""转账单号唯一 + 状态机防重审""兜底；正式 Idempotency-Key 接入属 R10 | R10 阶段接入，本期验收以""重复创建同单号被拒、重复审核被拒""为准 |",state,P0,"本期 PRD 增量应满足：R1 以""转账单号唯一 + 状态机防重审""兜底；正式 Idempotency-Key 接入属 R10",源码路径+行号、对应运行测试或数据库/Redis/队列证据,表格单元格已拆为单一字段断言
REQ-CF-00870,core-finance,docs/PRD-整改R1-R4-人工上账与资金入账.md,9. 与现有 SPEC 的差异说明（增量点与产品裁决建议）,"| 10 | **幂等机制** | `services/idempotency.ts` 已存在未接入（P1-10） | R1 以""转账单号唯一 + 状态机防重审""兜底；正式 Idempotency-Key 接入属 R10 | R10 阶段接入，本期验收以""重复创建同单号被拒、重复审核被拒""为准 |",test,P1,"产品裁决建议应满足：R10 阶段接入，本期验收以""重复创建同单号被拒、重复审核被拒""为准",源码路径+行号、对应运行测试或数据库/Redis/队列证据,表格单元格已拆为单一字段断言
REQ-CF-00871,core-finance,docs/PRD-整改R1-R4-人工上账与资金入账.md,9. 与现有 SPEC 的差异说明（增量点与产品裁决建议）,| 11 | **2FA（SPEC-§20 L3）** | L3 写操作需 2FA + 二次确认（R7） | 本期前端二次确认已实现；2FA 校验仅预留说明，不实现 | R7 阶段接入，本期不验收 2FA |,logic,P1,差异点应满足：**2FA（SPEC-§20 L3）**,源码路径+行号、对应运行测试或数据库/Redis/队列证据,表格单元格已拆为单一字段断言
REQ-CF-00872,core-finance,docs/PRD-整改R1-R4-人工上账与资金入账.md,9. 与现有 SPEC 的差异说明（增量点与产品裁决建议）,| 11 | **2FA（SPEC-§20 L3）** | L3 写操作需 2FA + 二次确认（R7） | 本期前端二次确认已实现；2FA 校验仅预留说明，不实现 | R7 阶段接入，本期不验收 2FA |,logic,P1,现状（文档/代码）应满足：L3 写操作需 2FA + 二次确认（R7）,源码路径+行号、对应运行测试或数据库/Redis/队列证据,表格单元格已拆为单一字段断言
REQ-CF-00873,core-finance,docs/PRD-整改R1-R4-人工上账与资金入账.md,9. 与现有 SPEC 的差异说明（增量点与产品裁决建议）,| 11 | **2FA（SPEC-§20 L3）** | L3 写操作需 2FA + 二次确认（R7） | 本期前端二次确认已实现；2FA 校验仅预留说明，不实现 | R7 阶段接入，本期不验收 2FA |,logic,P1,本期 PRD 增量应满足：本期前端二次确认已实现；2FA 校验仅预留说明，不实现,源码路径+行号、对应运行测试或数据库/Redis/队列证据,表格单元格已拆为单一字段断言
REQ-CF-00874,core-finance,docs/PRD-整改R1-R4-人工上账与资金入账.md,9. 与现有 SPEC 的差异说明（增量点与产品裁决建议）,| 11 | **2FA（SPEC-§20 L3）** | L3 写操作需 2FA + 二次确认（R7） | 本期前端二次确认已实现；2FA 校验仅预留说明，不实现 | R7 阶段接入，本期不验收 2FA |,test,P1,产品裁决建议应满足：R7 阶段接入，本期不验收 2FA,源码路径+行号、对应运行测试或数据库/Redis/队列证据,表格单元格已拆为单一字段断言
REQ-CF-00875,core-finance,docs/PRD-整改R1-R4-人工上账与资金入账.md,9. 与现有 SPEC 的差异说明（增量点与产品裁决建议）,"| 12 | **职责分离** | 现状单步审核、创建人可审核 | 本期保持单步审核对齐现状 | R5 阶段强制""创建人 ≠ 审核人"" |",logic,P1,差异点应满足：**职责分离**,源码路径+行号、对应运行测试或数据库/Redis/队列证据,表格单元格已拆为单一字段断言
REQ-CF-00876,core-finance,docs/PRD-整改R1-R4-人工上账与资金入账.md,9. 与现有 SPEC 的差异说明（增量点与产品裁决建议）,"| 12 | **职责分离** | 现状单步审核、创建人可审核 | 本期保持单步审核对齐现状 | R5 阶段强制""创建人 ≠ 审核人"" |",logic,P1,现状（文档/代码）应满足：现状单步审核、创建人可审核,源码路径+行号、对应运行测试或数据库/Redis/队列证据,表格单元格已拆为单一字段断言
REQ-CF-00877,core-finance,docs/PRD-整改R1-R4-人工上账与资金入账.md,9. 与现有 SPEC 的差异说明（增量点与产品裁决建议）,"| 12 | **职责分离** | 现状单步审核、创建人可审核 | 本期保持单步审核对齐现状 | R5 阶段强制""创建人 ≠ 审核人"" |",logic,P1,本期 PRD 增量应满足：本期保持单步审核对齐现状,源码路径+行号、对应运行测试或数据库/Redis/队列证据,表格单元格已拆为单一字段断言
REQ-CF-00878,core-finance,docs/PRD-整改R1-R4-人工上账与资金入账.md,9. 与现有 SPEC 的差异说明（增量点与产品裁决建议）,"| 12 | **职责分离** | 现状单步审核、创建人可审核 | 本期保持单步审核对齐现状 | R5 阶段强制""创建人 ≠ 审核人"" |",logic,P1,"产品裁决建议应满足：R5 阶段强制""创建人 ≠ 审核人""",源码路径+行号、对应运行测试或数据库/Redis/队列证据,表格单元格已拆为单一字段断言
REQ-CF-00879,core-finance,docs/PRD-整改R1-R4-人工上账与资金入账.md,9. 与现有 SPEC 的差异说明（增量点与产品裁决建议）,"| 13 | **用户搜索手机号** | `users.phone` 可空（varchar(30)） | R1 用户搜索支持邮箱/ID/手机号；未绑定手机号用户仅邮箱/ID 可搜 | 无需裁决，属字段能力说明；前端需提示""请输入已绑定的邮箱/手机号或用户ID"" |",logic,P1,差异点应满足：**用户搜索手机号**,源码路径+行号、对应运行测试或数据库/Redis/队列证据,表格单元格已拆为单一字段断言
REQ-CF-00880,core-finance,docs/PRD-整改R1-R4-人工上账与资金入账.md,9. 与现有 SPEC 的差异说明（增量点与产品裁决建议）,"| 13 | **用户搜索手机号** | `users.phone` 可空（varchar(30)） | R1 用户搜索支持邮箱/ID/手机号；未绑定手机号用户仅邮箱/ID 可搜 | 无需裁决，属字段能力说明；前端需提示""请输入已绑定的邮箱/手机号或用户ID"" |",logic,P1,现状（文档/代码）应满足：`users.phone` 可空（varchar(30)）,源码路径+行号、对应运行测试或数据库/Redis/队列证据,表格单元格已拆为单一字段断言
REQ-CF-00881,core-finance,docs/PRD-整改R1-R4-人工上账与资金入账.md,9. 与现有 SPEC 的差异说明（增量点与产品裁决建议）,"| 13 | **用户搜索手机号** | `users.phone` 可空（varchar(30)） | R1 用户搜索支持邮箱/ID/手机号；未绑定手机号用户仅邮箱/ID 可搜 | 无需裁决，属字段能力说明；前端需提示""请输入已绑定的邮箱/手机号或用户ID"" |",logic,P1,本期 PRD 增量应满足：R1 用户搜索支持邮箱/ID/手机号；未绑定手机号用户仅邮箱/ID 可搜,源码路径+行号、对应运行测试或数据库/Redis/队列证据,表格单元格已拆为单一字段断言
REQ-CF-00882,core-finance,docs/PRD-整改R1-R4-人工上账与资金入账.md,9. 与现有 SPEC 的差异说明（增量点与产品裁决建议）,"| 13 | **用户搜索手机号** | `users.phone` 可空（varchar(30)） | R1 用户搜索支持邮箱/ID/手机号；未绑定手机号用户仅邮箱/ID 可搜 | 无需裁决，属字段能力说明；前端需提示""请输入已绑定的邮箱/手机号或用户ID"" |",field,P1,"产品裁决建议应满足：无需裁决，属字段能力说明；前端需提示""请输入已绑定的邮箱/手机号或用户ID""",源码路径+行号、对应运行测试或数据库/Redis/队列证据,表格单元格已拆为单一字段断言
REQ-CF-00883,core-finance,docs/PRD-整改R1-R4-人工上账与资金入账.md,9. 与现有 SPEC 的差异说明（增量点与产品裁决建议）,| 14 | **列表契约占位字段** | 列表 `evidence_url` / `transfer_no` / `reviewer_id` 恒为 null（P1-9） | R1 创建/审核落地后上述字段有值；正式凭证存储方案（OSS/附件表）属 R9 | R9 阶段完善，本期以字段落库（至少 reviewer_id、transfer_no）为最低要求 |,field,P1,差异点应满足：**列表契约占位字段**,源码路径+行号、对应运行测试或数据库/Redis/队列证据,表格单元格已拆为单一字段断言
REQ-CF-00884,core-finance,docs/PRD-整改R1-R4-人工上账与资金入账.md,9. 与现有 SPEC 的差异说明（增量点与产品裁决建议）,| 14 | **列表契约占位字段** | 列表 `evidence_url` / `transfer_no` / `reviewer_id` 恒为 null（P1-9） | R1 创建/审核落地后上述字段有值；正式凭证存储方案（OSS/附件表）属 R9 | R9 阶段完善，本期以字段落库（至少 reviewer_id、transfer_no）为最低要求 |,logic,P1,现状（文档/代码）应满足：列表 `evidence_url` / `transfer_no` / `reviewer_id` 恒为 null（P1-9）,源码路径+行号、对应运行测试或数据库/Redis/队列证据,表格单元格已拆为单一字段断言
REQ-CF-00885,core-finance,docs/PRD-整改R1-R4-人工上账与资金入账.md,9. 与现有 SPEC 的差异说明（增量点与产品裁决建议）,| 14 | **列表契约占位字段** | 列表 `evidence_url` / `transfer_no` / `reviewer_id` 恒为 null（P1-9） | R1 创建/审核落地后上述字段有值；正式凭证存储方案（OSS/附件表）属 R9 | R9 阶段完善，本期以字段落库（至少 reviewer_id、transfer_no）为最低要求 |,field,P1,本期 PRD 增量应满足：R1 创建/审核落地后上述字段有值；正式凭证存储方案（OSS/附件表）属 R9,源码路径+行号、对应运行测试或数据库/Redis/队列证据,表格单元格已拆为单一字段断言
REQ-CF-00886,core-finance,docs/PRD-整改R1-R4-人工上账与资金入账.md,9. 与现有 SPEC 的差异说明（增量点与产品裁决建议）,| 14 | **列表契约占位字段** | 列表 `evidence_url` / `transfer_no` / `reviewer_id` 恒为 null（P1-9） | R1 创建/审核落地后上述字段有值；正式凭证存储方案（OSS/附件表）属 R9 | R9 阶段完善，本期以字段落库（至少 reviewer_id、transfer_no）为最低要求 |,field,P1,产品裁决建议应满足：R9 阶段完善，本期以字段落库（至少 reviewer_id、transfer_no）为最低要求,源码路径+行号、对应运行测试或数据库/Redis/队列证据,表格单元格已拆为单一字段断言
REQ-CF-00887,core-finance,docs/PRD-整改R1-R4-人工上账与资金入账.md,10. 附录：待产品裁决清单（汇总）,## 10. 附录：待产品裁决清单（汇总）,logic,P1,编号应满足：A1,源码路径+行号、对应运行测试或数据库/Redis/队列证据,表格单元格已拆为单一字段断言
REQ-CF-00888,core-finance,docs/PRD-整改R1-R4-人工上账与资金入账.md,10. 附录：待产品裁决清单（汇总）,"| A1 | 人工上账/充值单笔金额上限 | **¥50,000**（对齐 ref-2.2.6 §4.4）；代码 1,000,000 对齐修正；>50,000 本期拒绝，R5 分级放开 | R1 校验规则、§9 差异项 1 |",field,P1,事项应满足：人工上账/充值单笔金额上限,源码路径+行号、对应运行测试或数据库/Redis/队列证据,表格单元格已拆为单一字段断言
REQ-CF-00889,core-finance,docs/PRD-整改R1-R4-人工上账与资金入账.md,10. 附录：待产品裁决清单（汇总）,"| A1 | 人工上账/充值单笔金额上限 | **¥50,000**（对齐 ref-2.2.6 §4.4）；代码 1,000,000 对齐修正；>50,000 本期拒绝，R5 分级放开 | R1 校验规则、§9 差异项 1 |",logic,P1,"建议值应满足：**¥50,000**（对齐 ref-2.2.6 §4.4）；代码 1,000,000 对齐修正；>50,000 本期拒绝，R5 分级放开",源码路径+行号、对应运行测试或数据库/Redis/队列证据,表格单元格已拆为单一字段断言
REQ-CF-00890,core-finance,docs/PRD-整改R1-R4-人工上账与资金入账.md,10. 附录：待产品裁决清单（汇总）,"| A1 | 人工上账/充值单笔金额上限 | **¥50,000**（对齐 ref-2.2.6 §4.4）；代码 1,000,000 对齐修正；>50,000 本期拒绝，R5 分级放开 | R1 校验规则、§9 差异项 1 |",logic,P1,影响应满足：R1 校验规则、§9 差异项 1,源码路径+行号、对应运行测试或数据库/Redis/队列证据,表格单元格已拆为单一字段断言
REQ-CF-00891,core-finance,docs/PRD-整改R1-R4-人工上账与资金入账.md,10. 附录：待产品裁决清单（汇总）,## 10. 附录：待产品裁决清单（汇总）,logic,P1,编号应满足：A2,源码路径+行号、对应运行测试或数据库/Redis/队列证据,表格单元格已拆为单一字段断言
REQ-CF-00892,core-finance,docs/PRD-整改R1-R4-人工上账与资金入账.md,10. 附录：待产品裁决清单（汇总）,| A2 | 人工上账单日累计上限 | 本期不设限（对公不受限口径）；R6 增加 24h 限额与拆分规避 | R1 业务规则、§9 差异项 2 |,logic,P1,事项应满足：人工上账单日累计上限,源码路径+行号、对应运行测试或数据库/Redis/队列证据,表格单元格已拆为单一字段断言
REQ-CF-00893,core-finance,docs/PRD-整改R1-R4-人工上账与资金入账.md,10. 附录：待产品裁决清单（汇总）,| A2 | 人工上账单日累计上限 | 本期不设限（对公不受限口径）；R6 增加 24h 限额与拆分规避 | R1 业务规则、§9 差异项 2 |,logic,P1,建议值应满足：本期不设限（对公不受限口径）；R6 增加 24h 限额与拆分规避,源码路径+行号、对应运行测试或数据库/Redis/队列证据,表格单元格已拆为单一字段断言
REQ-CF-00894,core-finance,docs/PRD-整改R1-R4-人工上账与资金入账.md,10. 附录：待产品裁决清单（汇总）,| A2 | 人工上账单日累计上限 | 本期不设限（对公不受限口径）；R6 增加 24h 限额与拆分规避 | R1 业务规则、§9 差异项 2 |,logic,P1,影响应满足：R1 业务规则、§9 差异项 2,源码路径+行号、对应运行测试或数据库/Redis/队列证据,表格单元格已拆为单一字段断言
REQ-CF-00895,core-finance,docs/PRD-整改R1-R4-人工上账与资金入账.md,10. 附录：待产品裁决清单（汇总）,## 10. 附录：待产品裁决清单（汇总）,logic,P1,编号应满足：A3,源码路径+行号、对应运行测试或数据库/Redis/队列证据,表格单元格已拆为单一字段断言
REQ-CF-00896,core-finance,docs/PRD-整改R1-R4-人工上账与资金入账.md,10. 附录：待产品裁决清单（汇总）,| A3 | `recharge_success` 站内信是否强制开启 | **强制开启不可关闭**（资金到账强通知）；同步修订 SPEC-§22 事件表 | R4 渠道规则、§9 差异项 3 |,logic,P1,事项应满足：`recharge_success` 站内信是否强制开启,源码路径+行号、对应运行测试或数据库/Redis/队列证据,表格单元格已拆为单一字段断言
REQ-CF-00897,core-finance,docs/PRD-整改R1-R4-人工上账与资金入账.md,10. 附录：待产品裁决清单（汇总）,| A3 | `recharge_success` 站内信是否强制开启 | **强制开启不可关闭**（资金到账强通知）；同步修订 SPEC-§22 事件表 | R4 渠道规则、§9 差异项 3 |,action,P0,建议值应满足：**强制开启不可关闭**（资金到账强通知）；同步修订 SPEC-§22 事件表,源码路径+行号、对应运行测试或数据库/Redis/队列证据,表格单元格已拆为单一字段断言
REQ-CF-00898,core-finance,docs/PRD-整改R1-R4-人工上账与资金入账.md,10. 附录：待产品裁决清单（汇总）,| A3 | `recharge_success` 站内信是否强制开启 | **强制开启不可关闭**（资金到账强通知）；同步修订 SPEC-§22 事件表 | R4 渠道规则、§9 差异项 3 |,logic,P1,影响应满足：R4 渠道规则、§9 差异项 3,源码路径+行号、对应运行测试或数据库/Redis/队列证据,表格单元格已拆为单一字段断言
REQ-CF-00899,core-finance,docs/PRD-整改R1-R4-人工上账与资金入账.md,10. 附录：待产品裁决清单（汇总）,## 10. 附录：待产品裁决清单（汇总）,logic,P1,编号应满足：A4,源码路径+行号、对应运行测试或数据库/Redis/队列证据,表格单元格已拆为单一字段断言
REQ-CF-00900,core-finance,docs/PRD-整改R1-R4-人工上账与资金入账.md,10. 附录：待产品裁决清单（汇总）,| A4 | 充值订单审核是否开放给 finance | **建议开放**（纳入 `finance.topup`，对齐 §4.4 适用角色）；如否，本期保持 admin/super_admin | 权限矩阵、§9 差异项 4 |,logic,P1,事项应满足：充值订单审核是否开放给 finance,源码路径+行号、对应运行测试或数据库/Redis/队列证据,表格单元格已拆为单一字段断言
REQ-CF-00901,core-finance,docs/PRD-整改R1-R4-人工上账与资金入账.md,10. 附录：待产品裁决清单（汇总）,| A4 | 充值订单审核是否开放给 finance | **建议开放**（纳入 `finance.topup`，对齐 §4.4 适用角色）；如否，本期保持 admin/super_admin | 权限矩阵、§9 差异项 4 |,permission,P1,建议值应满足：**建议开放**（纳入 `finance.topup`，对齐 §4.4 适用角色）；如否，本期保持 admin/super_admin,源码路径+行号、对应运行测试或数据库/Redis/队列证据,表格单元格已拆为单一字段断言
REQ-CF-00902,core-finance,docs/PRD-整改R1-R4-人工上账与资金入账.md,10. 附录：待产品裁决清单（汇总）,| A4 | 充值订单审核是否开放给 finance | **建议开放**（纳入 `finance.topup`，对齐 §4.4 适用角色）；如否，本期保持 admin/super_admin | 权限矩阵、§9 差异项 4 |,permission,P1,影响应满足：权限矩阵、§9 差异项 4,源码路径+行号、对应运行测试或数据库/Redis/队列证据,表格单元格已拆为单一字段断言
REQ-CF-00903,core-finance,docs/PRD-整改R1-R4-人工上账与资金入账.md,10. 附录：待产品裁决清单（汇总）,## 10. 附录：待产品裁决清单（汇总）,logic,P1,编号应满足：A5,源码路径+行号、对应运行测试或数据库/Redis/队列证据,表格单元格已拆为单一字段断言
REQ-CF-00904,core-finance,docs/PRD-整改R1-R4-人工上账与资金入账.md,10. 附录：待产品裁决清单（汇总）,| A5 | 新增 `finance.adjust` 权限点 | **建议新增**（仅 admin/super_admin），同步权限树与前端渲染 | R3、§9 差异项 5 |,permission,P1,事项应满足：新增 `finance.adjust` 权限点,源码路径+行号、对应运行测试或数据库/Redis/队列证据,表格单元格已拆为单一字段断言
REQ-CF-00905,core-finance,docs/PRD-整改R1-R4-人工上账与资金入账.md,10. 附录：待产品裁决清单（汇总）,| A5 | 新增 `finance.adjust` 权限点 | **建议新增**（仅 admin/super_admin），同步权限树与前端渲染 | R3、§9 差异项 5 |,permission,P1,建议值应满足：**建议新增**（仅 admin/super_admin），同步权限树与前端渲染,源码路径+行号、对应运行测试或数据库/Redis/队列证据,表格单元格已拆为单一字段断言
REQ-CF-00906,core-finance,docs/PRD-整改R1-R4-人工上账与资金入账.md,10. 附录：待产品裁决清单（汇总）,| A5 | 新增 `finance.adjust` 权限点 | **建议新增**（仅 admin/super_admin），同步权限树与前端渲染 | R3、§9 差异项 5 |,logic,P1,影响应满足：R3、§9 差异项 5,源码路径+行号、对应运行测试或数据库/Redis/队列证据,表格单元格已拆为单一字段断言
REQ-CF-00907,core-finance,docs/PRD-整改R1-R4-人工上账与资金入账.md,10. 附录：待产品裁决清单（汇总）,## 10. 附录：待产品裁决清单（汇总）,logic,P1,编号应满足：A6,源码路径+行号、对应运行测试或数据库/Redis/队列证据,表格单元格已拆为单一字段断言
REQ-CF-00908,core-finance,docs/PRD-整改R1-R4-人工上账与资金入账.md,10. 附录：待产品裁决清单（汇总）,| A6 | 新增入账类型字段 `topup_type`（bank_transfer/grant） | **建议新增**，驱动凭证/单号必填 | R1 字段、§9 差异项 6 |,field,P1,事项应满足：新增入账类型字段 `topup_type`（bank_transfer/grant）,源码路径+行号、对应运行测试或数据库/Redis/队列证据,表格单元格已拆为单一字段断言
REQ-CF-00909,core-finance,docs/PRD-整改R1-R4-人工上账与资金入账.md,10. 附录：待产品裁决清单（汇总）,| A6 | 新增入账类型字段 `topup_type`（bank_transfer/grant） | **建议新增**，驱动凭证/单号必填 | R1 字段、§9 差异项 6 |,logic,P1,建议值应满足：**建议新增**，驱动凭证/单号必填,源码路径+行号、对应运行测试或数据库/Redis/队列证据,表格单元格已拆为单一字段断言
REQ-CF-00910,core-finance,docs/PRD-整改R1-R4-人工上账与资金入账.md,10. 附录：待产品裁决清单（汇总）,| A6 | 新增入账类型字段 `topup_type`（bank_transfer/grant） | **建议新增**，驱动凭证/单号必填 | R1 字段、§9 差异项 6 |,field,P1,影响应满足：R1 字段、§9 差异项 6,源码路径+行号、对应运行测试或数据库/Redis/队列证据,表格单元格已拆为单一字段断言
REQ-CF-00911,core-finance,docs/PRD-整改R1-R4-人工上账与资金入账.md,10. 附录：待产品裁决清单（汇总）,## 10. 附录：待产品裁决清单（汇总）,logic,P1,编号应满足：A7,源码路径+行号、对应运行测试或数据库/Redis/队列证据,表格单元格已拆为单一字段断言
REQ-CF-00912,core-finance,docs/PRD-整改R1-R4-人工上账与资金入账.md,10. 附录：待产品裁决清单（汇总）,| A7 | 禁用/冻结用户是否允许入账 | **禁止**，提示先解锁（对齐演练 2.3 核对项） | 边界表 B3 |,logic,P1,事项应满足：禁用/冻结用户是否允许入账,源码路径+行号、对应运行测试或数据库/Redis/队列证据,表格单元格已拆为单一字段断言
REQ-CF-00913,core-finance,docs/PRD-整改R1-R4-人工上账与资金入账.md,10. 附录：待产品裁决清单（汇总）,| A7 | 禁用/冻结用户是否允许入账 | **禁止**，提示先解锁（对齐演练 2.3 核对项） | 边界表 B3 |,logic,P1,建议值应满足：**禁止**，提示先解锁（对齐演练 2.3 核对项）,源码路径+行号、对应运行测试或数据库/Redis/队列证据,表格单元格已拆为单一字段断言
REQ-CF-00914,core-finance,docs/PRD-整改R1-R4-人工上账与资金入账.md,10. 附录：待产品裁决清单（汇总）,| A7 | 禁用/冻结用户是否允许入账 | **禁止**，提示先解锁（对齐演练 2.3 核对项） | 边界表 B3 |,boundary,P1,影响应满足：边界表 B3,源码路径+行号、对应运行测试或数据库/Redis/队列证据,表格单元格已拆为单一字段断言
REQ-CF-00915,core-finance,docs/PRD-整改R1-R4-人工上账与资金入账.md,10. 附录：待产品裁决清单（汇总）,## 10. 附录：待产品裁决清单（汇总）,logic,P1,编号应满足：A8,源码路径+行号、对应运行测试或数据库/Redis/队列证据,表格单元格已拆为单一字段断言
REQ-CF-00916,core-finance,docs/PRD-整改R1-R4-人工上账与资金入账.md,10. 附录：待产品裁决清单（汇总）,| A8 | 审核人（reviewer_id）本期是否落库 | **建议落库**（低成本审计基础）；正式凭证方案 R9 完善 | R1 字段、§9 差异项 14 |,db,P1,事项应满足：审核人（reviewer_id）本期是否落库,源码路径+行号、对应运行测试或数据库/Redis/队列证据,表格单元格已拆为单一字段断言
REQ-CF-00917,core-finance,docs/PRD-整改R1-R4-人工上账与资金入账.md,10. 附录：待产品裁决清单（汇总）,| A8 | 审核人（reviewer_id）本期是否落库 | **建议落库**（低成本审计基础）；正式凭证方案 R9 完善 | R1 字段、§9 差异项 14 |,db,P1,建议值应满足：**建议落库**（低成本审计基础）；正式凭证方案 R9 完善,源码路径+行号、对应运行测试或数据库/Redis/队列证据,表格单元格已拆为单一字段断言
REQ-CF-00918,core-finance,docs/PRD-整改R1-R4-人工上账与资金入账.md,10. 附录：待产品裁决清单（汇总）,| A8 | 审核人（reviewer_id）本期是否落库 | **建议落库**（低成本审计基础）；正式凭证方案 R9 完善 | R1 字段、§9 差异项 14 |,field,P1,影响应满足：R1 字段、§9 差异项 14,源码路径+行号、对应运行测试或数据库/Redis/队列证据,表格单元格已拆为单一字段断言
REQ-CF-00919,core-finance,docs/PRD-整改R1-R4-人工上账与资金入账.md,10. 附录：待产品裁决清单（汇总）,"裁决流程：本清单随 PRD 提交 product-agent 评审 → PMO/产品负责人逐项拍板 → 未决项默认按""建议值""执行并在评审会标注。",logic,P1,"裁决流程：本清单随 PRD 提交 product-agent 评审 → PMO/产品负责人逐项拍板 → 未决项默认按""建议值""执行并在评审会标注。",源码路径+行号、对应运行测试或数据库/Redis/队列证据,N/A：原审计记录未提供补充依据；待复核源码、测试及运行证据。
REQ-CF-00920,core-finance,docs/PRD-整改R5-R7-资金风控.md,PRD：整改阶段二 P1 风控 —— R5 分级审批统一 / R6 拆分规避与限额 / R7 操作级 2FA + 二次确认,**定位**：本 PRD 为「管理员为用户充值」业务演练整改方案的**阶段二（P1 风控）**正式产品规格，覆盖 R5–R7 三项整改。,logic,P1,**定位**：本 PRD 为「管理员为用户充值」业务演练整改方案的**阶段二（P1 风控）**正式产品规格，覆盖 R5–R7 三项整改。,源码路径+行号、对应运行测试或数据库/Redis/队列证据,N/A：原审计记录未提供补充依据；待复核源码、测试及运行证据。
REQ-CF-00921,core-finance,docs/PRD-整改R5-R7-资金风控.md,PRD：整改阶段二 P1 风控 —— R5 分级审批统一 / R6 拆分规避与限额 / R7 操作级 2FA + 二次确认,"**范围边界**：只定义""做什么""（业务规则、字段语义、状态机、权限、交互、验收），不定义""怎么做""（接口路径、存储方案、实现机制由 arch-agent / backend-agent 承接）。",test,P1,"**范围边界**：只定义""做什么""（业务规则、字段语义、状态机、权限、交互、验收），不定义""怎么做""（接口路径、存储方案、实现机制由 arch-agent / backend-agent 承接）。",源码路径+行号、对应运行测试或数据库/Redis/队列证据,N/A：原审计记录未提供补充依据；待复核源码、测试及运行证据。
REQ-CF-00922,core-finance,docs/PRD-整改R5-R7-资金风控.md,PRD：整改阶段二 P1 风控 —— R5 分级审批统一 / R6 拆分规避与限额 / R7 操作级 2FA + 二次确认,**P1 合规**：本 PRD 已含 `### [?] 页面帮助` 与 `### [?] 按钮级帮助对照表`，满足 PRODUCT-DESIGN-PRINCIPLES P1（不可降级），可进入开发。,action,P1,**P1 合规**：本 PRD 已含 `### [?] 页面帮助` 与 `### [?] 按钮级帮助对照表`，满足 PRODUCT-DESIGN-PRINCIPLES P1（不可降级），可进入开发。,源码路径+行号、对应运行测试或数据库/Redis/队列证据,N/A：原审计记录未提供补充依据；待复核源码、测试及运行证据。
REQ-CF-00923,core-finance,docs/PRD-整改R5-R7-资金风控.md,PRD：整改阶段二 P1 风控 —— R5 分级审批统一 / R6 拆分规避与限额 / R7 操作级 2FA + 二次确认,"**与阶段一的关系**：R5–R7 建立在阶段一（R1–R4）交付之上 —— R1 人工上账创建、R2 余额兜底（creditBalance 收口）、R3 权限点鉴权（finance.topup / finance.adjust）、R4 入账通知为前置基线；R5–R7 只新增""审批分级 / 限额 / 操作级 2FA""三层风控，不改变入账收口与通知语义。",permission,P1,"**与阶段一的关系**：R5–R7 建立在阶段一（R1–R4）交付之上 —— R1 人工上账创建、R2 余额兜底（creditBalance 收口）、R3 权限点鉴权（finance.topup / finance.adjust）、R4 入账通知为前置基线；R5–R7 只新增""审批分级 / 限额 / 操作级 2FA""三层风控，不改变入账收口与通知语义。",源码路径+行号、对应运行测试或数据库/Redis/队列证据,N/A：原审计记录未提供补充依据；待复核源码、测试及运行证据。
REQ-CF-00924,core-finance,docs/PRD-整改R5-R7-资金风控.md,1. 文档头,| 文档编号 | PRD-RECT-P1-R5R7-001 |,field,P1,字段应满足：文档编号,源码路径+行号、对应运行测试或数据库/Redis/队列证据,表格单元格已拆为单一字段断言
REQ-CF-00925,core-finance,docs/PRD-整改R5-R7-资金风控.md,1. 文档头,| 文档编号 | PRD-RECT-P1-R5R7-001 |,logic,P1,值应满足：PRD-RECT-P1-R5R7-001,源码路径+行号、对应运行测试或数据库/Redis/队列证据,表格单元格已拆为单一字段断言
REQ-CF-00926,core-finance,docs/PRD-整改R5-R7-资金风控.md,1. 文档头,| 文档名称 | 整改阶段二：资金风控（R5 分级审批统一 / R6 拆分规避与限额 / R7 操作级 2FA + 二次确认） |,field,P1,字段应满足：文档名称,源码路径+行号、对应运行测试或数据库/Redis/队列证据,表格单元格已拆为单一字段断言
REQ-CF-00927,core-finance,docs/PRD-整改R5-R7-资金风控.md,1. 文档头,| 文档名称 | 整改阶段二：资金风控（R5 分级审批统一 / R6 拆分规避与限额 / R7 操作级 2FA + 二次确认） |,logic,P0,值应满足：整改阶段二：资金风控（R5 分级审批统一 / R6 拆分规避与限额 / R7 操作级 2FA + 二次确认）,源码路径+行号、对应运行测试或数据库/Redis/队列证据,表格单元格已拆为单一字段断言
REQ-CF-00928,core-finance,docs/PRD-整改R5-R7-资金风控.md,1. 文档头,## 1. 文档头,field,P1,字段应满足：版本,源码路径+行号、对应运行测试或数据库/Redis/队列证据,表格单元格已拆为单一字段断言
REQ-CF-00929,core-finance,docs/PRD-整改R5-R7-资金风控.md,1. 文档头,| 版本 | v1.0（评审稿） |,logic,P1,值应满足：v1.0（评审稿）,源码路径+行号、对应运行测试或数据库/Redis/队列证据,表格单元格已拆为单一字段断言
REQ-CF-00930,core-finance,docs/PRD-整改R5-R7-资金风控.md,1. 文档头,## 1. 文档头,field,P1,字段应满足：日期,源码路径+行号、对应运行测试或数据库/Redis/队列证据,表格单元格已拆为单一字段断言
REQ-CF-00931,core-finance,docs/PRD-整改R5-R7-资金风控.md,1. 文档头,| 日期 | 2026-08-18 |,logic,P1,值应满足：2026-08-18,源码路径+行号、对应运行测试或数据库/Redis/队列证据,表格单元格已拆为单一字段断言
REQ-CF-00932,core-finance,docs/PRD-整改R5-R7-资金风控.md,1. 文档头,| 作者 / 维护者 | product-agent |,field,P1,字段应满足：作者 / 维护者,源码路径+行号、对应运行测试或数据库/Redis/队列证据,表格单元格已拆为单一字段断言
REQ-CF-00933,core-finance,docs/PRD-整改R5-R7-资金风控.md,1. 文档头,| 作者 / 维护者 | product-agent |,logic,P1,值应满足：product-agent,源码路径+行号、对应运行测试或数据库/Redis/队列证据,表格单元格已拆为单一字段断言
REQ-CF-00934,core-finance,docs/PRD-整改R5-R7-资金风控.md,1. 文档头,| 上游需求 | `docs/整改方案-管理员充值业务演练.md`（RECT-2026-ADMIN-RECHARGE-001，第三节 P1-5/P1-6/P1-7、第四节 4.3 阶段二 R5–R7、第四节 4.5 目标流程图、第五节 SPEC 映射、第六节验收 Checklist） |,field,P1,字段应满足：上游需求,源码路径+行号、对应运行测试或数据库/Redis/队列证据,表格单元格已拆为单一字段断言
REQ-CF-00935,core-finance,docs/PRD-整改R5-R7-资金风控.md,1. 文档头,| 上游需求 | `docs/整改方案-管理员充值业务演练.md`（RECT-2026-ADMIN-RECHARGE-001，第三节 P1-5/P1-6/P1-7、第四节 4.3 阶段二 R5–R7、第四节 4.5 目标流程图、第五节 SPEC 映射、第六节验收 Checklist） |,test,P1,值应满足：`docs/整改方案-管理员充值业务演练.md`（RECT-2026-ADMIN-RECHARGE-001，第三节 P1-5/P1-6/P1-7、第四节 4.3 阶段二 R5–R7、第四节 4.5 目标流程图、第五节 SPEC 映射、第六节验收 Checklist）,源码路径+行号、对应运行测试或数据库/Redis/队列证据,表格单元格已拆为单一字段断言
REQ-CF-00936,core-finance,docs/PRD-整改R5-R7-资金风控.md,1. 文档头,| 前置基线 | `docs/PRD-整改R1-R4-人工上账与资金入账.md`（§3.1 R1 状态流转、§4 权限矩阵、§9 差异 A1/A2/A4/A5、§10 裁决清单）、`docs/ARCH-整改R1-R4-技术方案.md`（§3.4 幂等、§5 requirePerm、§12.2 裁决调整、§12.3 遗留清单） |,field,P1,字段应满足：前置基线,源码路径+行号、对应运行测试或数据库/Redis/队列证据,表格单元格已拆为单一字段断言
REQ-CF-00937,core-finance,docs/PRD-整改R5-R7-资金风控.md,1. 文档头,| 前置基线 | `docs/PRD-整改R1-R4-人工上账与资金入账.md`（§3.1 R1 状态流转、§4 权限矩阵、§9 差异 A1/A2/A4/A5、§10 裁决清单）、`docs/ARCH-整改R1-R4-技术方案.md`（§3.4 幂等、§5 requirePerm、§12.2 裁决调整、§12.3 遗留清单） |,permission,P0,值应满足：`docs/PRD-整改R1-R4-人工上账与资金入账.md`（§3.1 R1 状态流转、§4 权限矩阵、§9 差异 A1/A2/A4/A5、§10 裁决清单）、`docs/ARCH-整改R1-R4-技术方案.md`（§3.4 幂等、§5 requirePerm、§12.2 裁决调整、§12.3 遗留清单）,源码路径+行号、对应运行测试或数据库/Redis/队列证据,表格单元格已拆为单一字段断言
REQ-CF-00938,core-finance,docs/PRD-整改R5-R7-资金风控.md,1. 文档头,| 关联文档 | `docs/PRODUCT-DESIGN-PRINCIPLES.md`（P1 不可降级）、`docs/SPEC-§20-用户端安全与预算增强.md`（§20.2 2FA 分层与两级开关）、`docs/SPEC-§4-管理后台.md`（§4.4 财务管理）、`docs/SPEC-§2-用户体系.md`（§2.7 大额充值预警）、`docs/SPEC-§29-资金与对账管理.md`、`docs/SPEC-§30-权限管理.md`（BALANCE_ADJUST / RECHARGE_MANAGE）、`docs/ref-2.2.6-recharge.md`（§4.4 金额约束、§7.2.1 对公转账分级、§7.2.2 SLA） |,field,P1,字段应满足：关联文档,源码路径+行号、对应运行测试或数据库/Redis/队列证据,表格单元格已拆为单一字段断言
REQ-CF-00939,core-finance,docs/PRD-整改R5-R7-资金风控.md,1. 文档头,| 关联文档 | `docs/PRODUCT-DESIGN-PRINCIPLES.md`（P1 不可降级）、`docs/SPEC-§20-用户端安全与预算增强.md`（§20.2 2FA 分层与两级开关）、`docs/SPEC-§4-管理后台.md`（§4.4 财务管理）、`docs/SPEC-§2-用户体系.md`（§2.7 大额充值预警）、`docs/SPEC-§29-资金与对账管理.md`、`docs/SPEC-§30-权限管理.md`（BALANCE_ADJUST / RECHARGE_MANAGE）、`docs/ref-2.2.6-recharge.md`（§4.4 金额约束、§7.2.1 对公转账分级、§7.2.2 SLA） |,permission,P1,值应满足：`docs/PRODUCT-DESIGN-PRINCIPLES.md`（P1 不可降级）、`docs/SPEC-§20-用户端安全与预算增强.md`（§20.2 2FA 分层与两级开关）、`docs/SPEC-§4-管理后台.md`（§4.4 财务管理）、`docs/SPEC-§2-用户体系.md`（§2.7 大额充值预警）、`docs/SPEC-§29-资金与对账管理.md`、`docs/SPEC-§30-权限管理.md`（BALANCE_ADJUST / RECHARGE_MANAGE）、`docs/ref-2.2.6-recharge.md`（§4.4 金额约束、§7.2.1 对公转账分级、§7.2.2 SLA）,源码路径+行号、对应运行测试或数据库/Redis/队列证据,表格单元格已拆为单一字段断言
REQ-CF-00940,core-finance,docs/PRD-整改R5-R7-资金风控.md,1. 文档头,| 适用角色 | super_admin / admin / finance；对接 arch-agent（评审）、backend-agent / frontend-agent（开发）、test-agent（验收）、review-agent（门禁） |,permission,P1,字段应满足：适用角色,源码路径+行号、对应运行测试或数据库/Redis/队列证据,表格单元格已拆为单一字段断言
REQ-CF-00941,core-finance,docs/PRD-整改R5-R7-资金风控.md,1. 文档头,| 适用角色 | super_admin / admin / finance；对接 arch-agent（评审）、backend-agent / frontend-agent（开发）、test-agent（验收）、review-agent（门禁） |,test,P1,值应满足：super_admin / admin / finance；对接 arch-agent（评审）、backend-agent / frontend-agent（开发）、test-agent（验收）、review-agent（门禁）,源码路径+行号、对应运行测试或数据库/Redis/队列证据,表格单元格已拆为单一字段断言
REQ-CF-00942,core-finance,docs/PRD-整改R5-R7-资金风控.md,1. 文档头,| 本期范围 | R5 分级审批统一（P1-5）、R6 拆分规避与限额（P1-6）、R7 操作级 2FA + 二次确认（P1-7） |,field,P1,字段应满足：本期范围,源码路径+行号、对应运行测试或数据库/Redis/队列证据,表格单元格已拆为单一字段断言
REQ-CF-00943,core-finance,docs/PRD-整改R5-R7-资金风控.md,1. 文档头,| 本期范围 | R5 分级审批统一（P1-5）、R6 拆分规避与限额（P1-6）、R7 操作级 2FA + 二次确认（P1-7） |,logic,P1,值应满足：R5 分级审批统一（P1-5）、R6 拆分规避与限额（P1-6）、R7 操作级 2FA + 二次确认（P1-7）,源码路径+行号、对应运行测试或数据库/Redis/队列证据,表格单元格已拆为单一字段断言
REQ-CF-00944,core-finance,docs/PRD-整改R5-R7-资金风控.md,1. 文档头,| 本期明确不做 | R8 platform_ledger 联动、R9 凭证落库、R10 幂等（调账侧）、R11 科目字典、R12 红冲审批、R13 审计 diff、R15 台账导出（见整改方案阶段二/三；与 R5–R7 交互处仅作依赖说明） |,field,P1,字段应满足：本期明确不做,源码路径+行号、对应运行测试或数据库/Redis/队列证据,表格单元格已拆为单一字段断言
REQ-CF-00945,core-finance,docs/PRD-整改R5-R7-资金风控.md,1. 文档头,| 本期明确不做 | R8 platform_ledger 联动、R9 凭证落库、R10 幂等（调账侧）、R11 科目字典、R12 红冲审批、R13 审计 diff、R15 台账导出（见整改方案阶段二/三；与 R5–R7 交互处仅作依赖说明） |,db,P0,值应满足：R8 platform_ledger 联动、R9 凭证落库、R10 幂等（调账侧）、R11 科目字典、R12 红冲审批、R13 审计 diff、R15 台账导出（见整改方案阶段二/三；与 R5–R7 交互处仅作依赖说明）,源码路径+行号、对应运行测试或数据库/Redis/队列证据,表格单元格已拆为单一字段断言
REQ-CF-00946,core-finance,docs/PRD-整改R5-R7-资金风控.md,2.1 背景（引用整改方案）,整改方案（RECT-2026-ADMIN-RECHARGE-001）阶段一（R1–R4，P0 止血）已收官：人工上账可创建、余额账户自动兜底、权限点鉴权生效、入账必通知。但**资金安全三层**（权限点校验 → 分级审批 → 2FA + 二次确认）中后两层尚未落地，阶段一 PRD 明确将其留至阶段二：,permission,P0,整改方案（RECT-2026-ADMIN-RECHARGE-001）阶段一（R1–R4，P0 止血）已收官：人工上账可创建、余额账户自动兜底、权限点鉴权生效、入账必通知。但**资金安全三层**（权限点校验 → 分级审批 → 2FA + 二次确认）中后两层尚未落地，阶段一 PRD 明确将其留至阶段二：,源码路径+行号、对应运行测试或数据库/Redis/队列证据,N/A：原审计记录未提供补充依据；待复核源码、测试及运行证据。
REQ-CF-00947,core-finance,docs/PRD-整改R5-R7-资金风控.md,2.1 背景（引用整改方案）,"| P1-5 | **充值审核/人工上账无分级审批**：单步 approve 即入账，无金额阈值、无双人 | `recharge.ts:373-422`、`admin-finance-missing.ts:210-274` 单步审核；对照 `ref-2.2.6 §7.2.1`（>¥10,000 财务复审、>¥100,000 super_admin） | 大额资金单点放行，舞弊/误操作风险 |",logic,P1,#应满足：P1-5,源码路径+行号、对应运行测试或数据库/Redis/队列证据,表格单元格已拆为单一字段断言
REQ-CF-00948,core-finance,docs/PRD-整改R5-R7-资金风控.md,2.1 背景（引用整改方案）,"| P1-5 | **充值审核/人工上账无分级审批**：单步 approve 即入账，无金额阈值、无双人 | `recharge.ts:373-422`、`admin-finance-missing.ts:210-274` 单步审核；对照 `ref-2.2.6 §7.2.1`（>¥10,000 财务复审、>¥100,000 super_admin） | 大额资金单点放行，舞弊/误操作风险 |",field,P1,问题（整改方案原文）应满足：**充值审核/人工上账无分级审批**：单步 approve 即入账，无金额阈值、无双人,源码路径+行号、对应运行测试或数据库/Redis/队列证据,表格单元格已拆为单一字段断言
REQ-CF-00949,core-finance,docs/PRD-整改R5-R7-资金风控.md,2.1 背景（引用整改方案）,"| P1-5 | **充值审核/人工上账无分级审批**：单步 approve 即入账，无金额阈值、无双人 | `recharge.ts:373-422`、`admin-finance-missing.ts:210-274` 单步审核；对照 `ref-2.2.6 §7.2.1`（>¥10,000 财务复审、>¥100,000 super_admin） | 大额资金单点放行，舞弊/误操作风险 |",logic,P1,"现状依据应满足：`recharge.ts:373-422`、`admin-finance-missing.ts:210-274` 单步审核；对照 `ref-2.2.6 §7.2.1`（>¥10,000 财务复审、>¥100,000 super_admin）",源码路径+行号、对应运行测试或数据库/Redis/队列证据,表格单元格已拆为单一字段断言
REQ-CF-00950,core-finance,docs/PRD-整改R5-R7-资金风控.md,2.1 背景（引用整改方案）,"| P1-5 | **充值审核/人工上账无分级审批**：单步 approve 即入账，无金额阈值、无双人 | `recharge.ts:373-422`、`admin-finance-missing.ts:210-274` 单步审核；对照 `ref-2.2.6 §7.2.1`（>¥10,000 财务复审、>¥100,000 super_admin） | 大额资金单点放行，舞弊/误操作风险 |",logic,P0,核心影响应满足：大额资金单点放行，舞弊/误操作风险,源码路径+行号、对应运行测试或数据库/Redis/队列证据,表格单元格已拆为单一字段断言
REQ-CF-00951,core-finance,docs/PRD-整改R5-R7-资金风控.md,2.1 背景（引用整改方案）,"| P1-6 | **调账免审批阈值可拆分规避**：调增 <¥10,000 免审批；无操作人/被调用户 24h 累计限额 | `admin-adjust.ts:44-47` `calcApproval`（`amount >= 10000 ? level1 : none`） | 9 × ¥9,999 可绕过审批 |",logic,P1,#应满足：P1-6,源码路径+行号、对应运行测试或数据库/Redis/队列证据,表格单元格已拆为单一字段断言
REQ-CF-00952,core-finance,docs/PRD-整改R5-R7-资金风控.md,2.1 背景（引用整改方案）,"| P1-6 | **调账免审批阈值可拆分规避**：调增 <¥10,000 免审批；无操作人/被调用户 24h 累计限额 | `admin-adjust.ts:44-47` `calcApproval`（`amount >= 10000 ? level1 : none`） | 9 × ¥9,999 可绕过审批 |",logic,P1,"问题（整改方案原文）应满足：**调账免审批阈值可拆分规避**：调增 <¥10,000 免审批；无操作人/被调用户 24h 累计限额",源码路径+行号、对应运行测试或数据库/Redis/队列证据,表格单元格已拆为单一字段断言
REQ-CF-00953,core-finance,docs/PRD-整改R5-R7-资金风控.md,2.1 背景（引用整改方案）,"| P1-6 | **调账免审批阈值可拆分规避**：调增 <¥10,000 免审批；无操作人/被调用户 24h 累计限额 | `admin-adjust.ts:44-47` `calcApproval`（`amount >= 10000 ? level1 : none`） | 9 × ¥9,999 可绕过审批 |",logic,P1,现状依据应满足：`admin-adjust.ts:44-47` `calcApproval`（`amount >= 10000 ? level1 : none`）,源码路径+行号、对应运行测试或数据库/Redis/队列证据,表格单元格已拆为单一字段断言
REQ-CF-00954,core-finance,docs/PRD-整改R5-R7-资金风控.md,2.1 背景（引用整改方案）,"| P1-6 | **调账免审批阈值可拆分规避**：调增 <¥10,000 免审批；无操作人/被调用户 24h 累计限额 | `admin-adjust.ts:44-47` `calcApproval`（`amount >= 10000 ? level1 : none`） | 9 × ¥9,999 可绕过审批 |",logic,P1,"核心影响应满足：9 × ¥9,999 可绕过审批",源码路径+行号、对应运行测试或数据库/Redis/队列证据,表格单元格已拆为单一字段断言
REQ-CF-00955,core-finance,docs/PRD-整改R5-R7-资金风控.md,2.1 背景（引用整改方案）,| P1-7 | **无 2FA + 二次确认后端强制** | `SPEC-§20` L3（余额调整等写操作需 2FA + 二次确认）；`2fa.ts` 仅登录链路（setup/enable/disable/verify/status），资金路由无 2FA 校验 | 账号被盗/越权操作可直达资金 |,logic,P1,#应满足：P1-7,源码路径+行号、对应运行测试或数据库/Redis/队列证据,表格单元格已拆为单一字段断言
REQ-CF-00956,core-finance,docs/PRD-整改R5-R7-资金风控.md,2.1 背景（引用整改方案）,| P1-7 | **无 2FA + 二次确认后端强制** | `SPEC-§20` L3（余额调整等写操作需 2FA + 二次确认）；`2fa.ts` 仅登录链路（setup/enable/disable/verify/status），资金路由无 2FA 校验 | 账号被盗/越权操作可直达资金 |,logic,P1,问题（整改方案原文）应满足：**无 2FA + 二次确认后端强制**,源码路径+行号、对应运行测试或数据库/Redis/队列证据,表格单元格已拆为单一字段断言
REQ-CF-00957,core-finance,docs/PRD-整改R5-R7-资金风控.md,2.1 背景（引用整改方案）,| P1-7 | **无 2FA + 二次确认后端强制** | `SPEC-§20` L3（余额调整等写操作需 2FA + 二次确认）；`2fa.ts` 仅登录链路（setup/enable/disable/verify/status），资金路由无 2FA 校验 | 账号被盗/越权操作可直达资金 |,logic,P0,现状依据应满足：`SPEC-§20` L3（余额调整等写操作需 2FA + 二次确认）；`2fa.ts` 仅登录链路（setup/enable/disable/verify/status），资金路由无 2FA 校验,源码路径+行号、对应运行测试或数据库/Redis/队列证据,表格单元格已拆为单一字段断言
REQ-CF-00958,core-finance,docs/PRD-整改R5-R7-资金风控.md,2.1 背景（引用整改方案）,| P1-7 | **无 2FA + 二次确认后端强制** | `SPEC-§20` L3（余额调整等写操作需 2FA + 二次确认）；`2fa.ts` 仅登录链路（setup/enable/disable/verify/status），资金路由无 2FA 校验 | 账号被盗/越权操作可直达资金 |,logic,P0,核心影响应满足：账号被盗/越权操作可直达资金,源码路径+行号、对应运行测试或数据库/Redis/队列证据,表格单元格已拆为单一字段断言
REQ-CF-00959,core-finance,docs/PRD-整改R5-R7-资金风控.md,2.1 背景（引用整改方案）,"另含配套口径统一项：P2-14 三处金额口径（大额预警 ¥10,000 / 调账审批线 ¥10,000 / 对公双档 ¥10,000–¥100,000）在 R5 统一大额规则下收敛，用户端单笔上限口径归属产品裁决（见 §9 差异 6）。",field,P2,"另含配套口径统一项：P2-14 三处金额口径（大额预警 ¥10,000 / 调账审批线 ¥10,000 / 对公双档 ¥10,000–¥100,000）在 R5 统一大额规则下收敛，用户端单笔上限口径归属产品裁决（见 §9 差异 6）。",源码路径+行号、对应运行测试或数据库/Redis/队列证据,N/A：原审计记录未提供补充依据；待复核源码、测试及运行证据。
REQ-CF-00960,core-finance,docs/PRD-整改R5-R7-资金风控.md,2.2 阶段目标,### 2.2 阶段目标,test,P1,阶段二（约 2~3 周）完成 P1 风控闭环，使整改方案 §4.5 目标流程中的风控节点可验收：,源码路径+行号、对应运行测试或数据库/Redis/队列证据,N/A：原审计记录未提供补充依据；待复核源码、测试及运行证据。
REQ-CF-00961,core-finance,docs/PRD-整改R5-R7-资金风控.md,2.3 产品设计原则对齐,P1（不可降级）：本期涉及页面/按钮全部按本 PRD 第 7、8 节实现 `[?]` 帮助；,action,P1,P1（不可降级）：本期涉及页面/按钮全部按本 PRD 第 7、8 节实现 `[?]` 帮助；,源码路径+行号、对应运行测试或数据库/Redis/队列证据,N/A：原审计记录未提供补充依据；待复核源码、测试及运行证据。
REQ-CF-00962,core-finance,docs/PRD-整改R5-R7-资金风控.md,2.3 产品设计原则对齐,P3（操作可逆与安全优先）：资金写操作 = 2FA + 二次确认 + 分级审批 + 全程审计；错误入账仍走红冲（不删除不编辑）；,audit,P3,P3（操作可逆与安全优先）：资金写操作 = 2FA + 二次确认 + 分级审批 + 全程审计；错误入账仍走红冲（不删除不编辑）；,源码路径+行号、对应运行测试或数据库/Redis/队列证据,N/A：原审计记录未提供补充依据；待复核源码、测试及运行证据。
REQ-CF-00963,core-finance,docs/PRD-整改R5-R7-资金风控.md,2.3 产品设计原则对齐,P4（状态可见性）：审批链每一环节的状态、审批人、限额升级原因在列表/台账可见；超限、锁定、令牌过期等均有明确提示。,state,P1,P4（状态可见性）：审批链每一环节的状态、审批人、限额升级原因在列表/台账可见；超限、锁定、令牌过期等均有明确提示。,源码路径+行号、对应运行测试或数据库/Redis/队列证据,N/A：原审计记录未提供补充依据；待复核源码、测试及运行证据。
REQ-CF-00964,core-finance,docs/PRD-整改R5-R7-资金风控.md,3.1.1 业务规则,1. **统一大额规则（业务口径，可配置）**：三类资金单据 —— 人工上账（manual-topup）、充值订单审核（recharge_order，含用户自助对公转账）、调账调增（adjustment）—— 统一按**入账金额**分级：,field,P0,1. **统一大额规则（业务口径，可配置）**：三类资金单据 —— 人工上账（manual-topup）、充值订单审核（recharge_order，含用户自助对公转账）、调账调增（adjustment）—— 统一按**入账金额**分级：,源码路径+行号、对应运行测试或数据库/Redis/队列证据,N/A：原审计记录未提供补充依据；待复核源码、测试及运行证据。
REQ-CF-00965,core-finance,docs/PRD-整改R5-R7-资金风控.md,3.1.1 业务规则,"入账金额 **≤ ¥10,000**：**单审**（一级审批，1 人）；",field,P1,"入账金额 **≤ ¥10,000**：**单审**（一级审批，1 人）；",源码路径+行号、对应运行测试或数据库/Redis/队列证据,N/A：原审计记录未提供补充依据；待复核源码、测试及运行证据。
REQ-CF-00966,core-finance,docs/PRD-整改R5-R7-资金风控.md,3.1.1 业务规则,"入账金额 **> ¥10,000**：**双人审批**（一级 + 二级，创建人 ≠ 一级 ≠ 二级）；",field,P1,"入账金额 **> ¥10,000**：**双人审批**（一级 + 二级，创建人 ≠ 一级 ≠ 二级）；",源码路径+行号、对应运行测试或数据库/Redis/队列证据,N/A：原审计记录未提供补充依据；待复核源码、测试及运行证据。
REQ-CF-00967,core-finance,docs/PRD-整改R5-R7-资金风控.md,3.1.1 业务规则,"入账金额 **> ¥100,000**：**追加 super_admin 终审**（三人链：一级 → 二级 → super_admin 终审）。",field,P1,"入账金额 **> ¥100,000**：**追加 super_admin 终审**（三人链：一级 → 二级 → super_admin 终审）。",源码路径+行号、对应运行测试或数据库/Redis/队列证据,N/A：原审计记录未提供补充依据；待复核源码、测试及运行证据。
REQ-CF-00968,core-finance,docs/PRD-整改R5-R7-资金风控.md,3.1.1 业务规则,"金额边界语义：恰为 ¥10,000 → 单审档；¥10,000.01 起 → 双人档；恰为 ¥100,000 → 双人档；¥100,000.01 起 → 终审档（对齐 ref §7.2.1""≤¥10,000 / >¥10,000 / >¥100,000""三档）。",boundary,P1,"金额边界语义：恰为 ¥10,000 → 单审档；¥10,000.01 起 → 双人档；恰为 ¥100,000 → 双人档；¥100,000.01 起 → 终审档（对齐 ref §7.2.1""≤¥10,000 / >¥10,000 / >¥100,000""三档）。",源码路径+行号、对应运行测试或数据库/Redis/队列证据,N/A：原审计记录未提供补充依据；待复核源码、测试及运行证据。
REQ-CF-00969,core-finance,docs/PRD-整改R5-R7-资金风控.md,3.1.1 业务规则,阈值全部来自 `finance_rules.large_amount` 配置（见 3.1.2），默认值如上，运营可改（配置权限见 §4）。,permission,P1,阈值全部来自 `finance_rules.large_amount` 配置（见 3.1.2），默认值如上，运营可改（配置权限见 §4）。,源码路径+行号、对应运行测试或数据库/Redis/队列证据,N/A：原审计记录未提供补充依据；待复核源码、测试及运行证据。
REQ-CF-00970,core-finance,docs/PRD-整改R5-R7-资金风控.md,3.1.1 业务规则,2. **判定基数**：人工上账 / 充值订单 = 订单 `amount`；调账调增 = 调增金额。**红冲（加钱方向）**按反向记录金额走同一套大额规则（反向记录作为新单据定级）。,field,P1,2. **判定基数**：人工上账 / 充值订单 = 订单 `amount`；调账调增 = 调增金额。**红冲（加钱方向）**按反向记录金额走同一套大额规则（反向记录作为新单据定级）。,源码路径+行号、对应运行测试或数据库/Redis/队列证据,N/A：原审计记录未提供补充依据；待复核源码、测试及运行证据。
REQ-CF-00971,core-finance,docs/PRD-整改R5-R7-资金风控.md,3.1.1 业务规则,"3. **调减规则（裁决项 B1）**：建议**调减与调增同档**（≤¥10,000 单审、>¥10,000 双人、>¥100,000 追加 super_admin），口径统一；为不放松现状风控（现状调减 ≥¥10,000 即二级），建议保留特例""**调减恰为 ¥10,000 仍按双人档**""（即调减档位 = max(同档规则, 现状更严语义)）。最终以裁决为准。",logic,P1,"3. **调减规则（裁决项 B1）**：建议**调减与调增同档**（≤¥10,000 单审、>¥10,000 双人、>¥100,000 追加 super_admin），口径统一；为不放松现状风控（现状调减 ≥¥10,000 即二级），建议保留特例""**调减恰为 ¥10,000 仍按双人档**""（即调减档位 = max(同档规则, 现状更严语义)）。最终以裁决为准。",源码路径+行号、对应运行测试或数据库/Redis/队列证据,N/A：原审计记录未提供补充依据；待复核源码、测试及运行证据。
REQ-CF-00972,core-finance,docs/PRD-整改R5-R7-资金风控.md,3.1.1 业务规则,"4. **免审批的取舍（裁决项 B2）**：建议**取消""调增 <¥10,000 免审批""**（现状 `approvalLevel='none'` 提交即生效档废止），全部调增至少一级审批；同时提供**可选的白名单科目免审开关（默认关闭）**：",logic,P1,"4. **免审批的取舍（裁决项 B2）**：建议**取消""调增 <¥10,000 免审批""**（现状 `approvalLevel='none'` 提交即生效档废止），全部调增至少一级审批；同时提供**可选的白名单科目免审开关（默认关闭）**：",源码路径+行号、对应运行测试或数据库/Redis/队列证据,N/A：原审计记录未提供补充依据；待复核源码、测试及运行证据。
REQ-CF-00973,core-finance,docs/PRD-整改R5-R7-资金风控.md,3.1.1 业务规则,"开启时：科目 ∈ `{赠送, 补偿, 纠错}` **且** 单笔 ≤ ¥1,000 **且** 调增方向 → 免审（提交即生效），**且免审单同样计入 R6 24h 累计限额**；",logic,P1,"开启时：科目 ∈ `{赠送, 补偿, 纠错}` **且** 单笔 ≤ ¥1,000 **且** 调增方向 → 免审（提交即生效），**且免审单同样计入 R6 24h 累计限额**；",源码路径+行号、对应运行测试或数据库/Redis/队列证据,N/A：原审计记录未提供补充依据；待复核源码、测试及运行证据。
REQ-CF-00974,core-finance,docs/PRD-整改R5-R7-资金风控.md,3.1.1 业务规则,关闭时（默认）：所有调增至少一级审批，与人工上账 / 充值审核口径一致。,logic,P1,关闭时（默认）：所有调增至少一级审批，与人工上账 / 充值审核口径一致。,源码路径+行号、对应运行测试或数据库/Redis/队列证据,N/A：原审计记录未提供补充依据；待复核源码、测试及运行证据。
REQ-CF-00975,core-finance,docs/PRD-整改R5-R7-资金风控.md,3.1.1 业务规则,"理由：① 金额型免审是拆分规避（9×¥9,999）的直接根源，取消后 R6 限额兜底压力显著减小；② 三路径（人工上账 / 充值审核 / 调账）审批口径统一，收敛 P2-14 三处口径；③ 白名单免审为运营日常小额补偿保留效率出口，但以""更低免审线（¥1,000）+ 计入累计限额 + 科目白名单""三重约束兜底，不产生可被拆分的漏洞。",field,P2,"理由：① 金额型免审是拆分规避（9×¥9,999）的直接根源，取消后 R6 限额兜底压力显著减小；② 三路径（人工上账 / 充值审核 / 调账）审批口径统一，收敛 P2-14 三处口径；③ 白名单免审为运营日常小额补偿保留效率出口，但以""更低免审线（¥1,000）+ 计入累计限额 + 科目白名单""三重约束兜底，不产生可被拆分的漏洞。",源码路径+行号、对应运行测试或数据库/Redis/队列证据,N/A：原审计记录未提供补充依据；待复核源码、测试及运行证据。
REQ-CF-00976,core-finance,docs/PRD-整改R5-R7-资金风控.md,3.1.1 业务规则,"依赖说明：科目白名单字典完整版属 R11（阶段三）；R5 阶段以最小集合 `{赠送, 补偿, 纠错}` 常量 + 配置承载，R11 上线后切换为字典驱动（见 §9 差异 7）。",logic,P1,"依赖说明：科目白名单字典完整版属 R11（阶段三）；R5 阶段以最小集合 `{赠送, 补偿, 纠错}` 常量 + 配置承载，R11 上线后切换为字典驱动（见 §9 差异 7）。",源码路径+行号、对应运行测试或数据库/Redis/队列证据,N/A：原审计记录未提供补充依据；待复核源码、测试及运行证据。
REQ-CF-00977,core-finance,docs/PRD-整改R5-R7-资金风控.md,3.1.1 业务规则,5. **职责分离（对齐阶段一调账既有语义，扩展至全部单据）**：,logic,P1,5. **职责分离（对齐阶段一调账既有语义，扩展至全部单据）**：,源码路径+行号、对应运行测试或数据库/Redis/队列证据,N/A：原审计记录未提供补充依据；待复核源码、测试及运行证据。
REQ-CF-00978,core-finance,docs/PRD-整改R5-R7-资金风控.md,3.1.1 业务规则,创建人 / 申请人 **≠** 审批人（任一审批环节）；,logic,P1,创建人 / 申请人 **≠** 审批人（任一审批环节）；,源码路径+行号、对应运行测试或数据库/Redis/队列证据,N/A：原审计记录未提供补充依据；待复核源码、测试及运行证据。
REQ-CF-00979,core-finance,docs/PRD-整改R5-R7-资金风控.md,3.1.1 业务规则,一级审批 **≠** 二级审批；,logic,P1,一级审批 **≠** 二级审批；,源码路径+行号、对应运行测试或数据库/Redis/队列证据,N/A：原审计记录未提供补充依据；待复核源码、测试及运行证据。
REQ-CF-00980,core-finance,docs/PRD-整改R5-R7-资金风控.md,3.1.1 业务规则,super_admin 终审人 **≠** 前两级审批人（且 ≠ 创建人）；,logic,P1,super_admin 终审人 **≠** 前两级审批人（且 ≠ 创建人）；,源码路径+行号、对应运行测试或数据库/Redis/队列证据,N/A：原审计记录未提供补充依据；待复核源码、测试及运行证据。
REQ-CF-00981,core-finance,docs/PRD-整改R5-R7-资金风控.md,3.1.1 业务规则,"super_admin 是否豁免""创建 ≠ 审批""：见裁决项 B4（默认不豁免，走降级代审机制）。",logic,P1,"super_admin 是否豁免""创建 ≠ 审批""：见裁决项 B4（默认不豁免，走降级代审机制）。",源码路径+行号、对应运行测试或数据库/Redis/队列证据,N/A：原审计记录未提供补充依据；待复核源码、测试及运行证据。
REQ-CF-00982,core-finance,docs/PRD-整改R5-R7-资金风控.md,3.1.1 业务规则,6. **审批状态机**：各单据在分级下的状态流转见 3.1.3；核心是人工上账 / 充值订单在单步 `pending` 基础上扩展 `pending_level2`（待二级复核）与 `pending_super`（待 super_admin 终审）环节，调账在既有 `pending / pending_level2` 基础上扩展 `pending_super`（level3）。,state,P1,6. **审批状态机**：各单据在分级下的状态流转见 3.1.3；核心是人工上账 / 充值订单在单步 `pending` 基础上扩展 `pending_level2`（待二级复核）与 `pending_super`（待 super_admin 终审）环节，调账在既有 `pending / pending_level2` 基础上扩展 `pending_super`（level3）。,源码路径+行号、对应运行测试或数据库/Redis/队列证据,N/A：原审计记录未提供补充依据；待复核源码、测试及运行证据。
REQ-CF-00983,core-finance,docs/PRD-整改R5-R7-资金风控.md,3.1.1 业务规则,7. **越权与体验（裁决项 B4/B15）**：,logic,P1,7. **越权与体验（裁决项 B4/B15）**：,源码路径+行号、对应运行测试或数据库/Redis/队列证据,N/A：原审计记录未提供补充依据；待复核源码、测试及运行证据。
REQ-CF-00984,core-finance,docs/PRD-整改R5-R7-资金风控.md,3.1.1 业务规则,"**审批人不足降级**：双人档的""第二人""不限于 finance，可为任一持有对应权限点的 admin / super_admin（跨角色兜底，权限点见 §4）；若全平台仍无人可审（如仅一名 finance 且其为创建人）→ 单据滞留当前环节，创建人侧提示""审批人不足，已通知管理员""，系统通知 super_admin；",permission,P1,"**审批人不足降级**：双人档的""第二人""不限于 finance，可为任一持有对应权限点的 admin / super_admin（跨角色兜底，权限点见 §4）；若全平台仍无人可审（如仅一名 finance 且其为创建人）→ 单据滞留当前环节，创建人侧提示""审批人不足，已通知管理员""，系统通知 super_admin；",源码路径+行号、对应运行测试或数据库/Redis/队列证据,N/A：原审计记录未提供补充依据；待复核源码、测试及运行证据。
REQ-CF-00985,core-finance,docs/PRD-整改R5-R7-资金风控.md,3.1.1 业务规则,"**super_admin 兜底代审**：审批人持续不足或滞留超时（SLA 见裁决项 B15，对齐 ref §7.2.2：初审 T+0.5、复审 T+1）时，super_admin 可代审，审计记录强制标记""降级代审 + 原因""；",audit,P1,"**super_admin 兜底代审**：审批人持续不足或滞留超时（SLA 见裁决项 B15，对齐 ref §7.2.2：初审 T+0.5、复审 T+1）时，super_admin 可代审，审计记录强制标记""降级代审 + 原因""；",源码路径+行号、对应运行测试或数据库/Redis/队列证据,N/A：原审计记录未提供补充依据；待复核源码、测试及运行证据。
REQ-CF-00986,core-finance,docs/PRD-整改R5-R7-资金风控.md,3.1.1 业务规则,"**前端体验**：职责分离不满足时审批按钮禁用 + tooltip""您不能审批自己发起的单据""；双人档第一人通过后，单据在第二人队列可见并标注""待双人复核""。",action,P1,"**前端体验**：职责分离不满足时审批按钮禁用 + tooltip""您不能审批自己发起的单据""；双人档第一人通过后，单据在第二人队列可见并标注""待双人复核""。",源码路径+行号、对应运行测试或数据库/Redis/队列证据,N/A：原审计记录未提供补充依据；待复核源码、测试及运行证据。
REQ-CF-00987,core-finance,docs/PRD-整改R5-R7-资金风控.md,3.1.1 业务规则,8. **大额规则配置化（对齐 `finance-rules.ts` 模式）**：新增 `finance_rules.large_amount` 配置段，读取优先级 配置 → 常量默认值，缓存 60s，读失败回退常量（与 R1 `getManualTopupMaxAmount` 同一机制，扩展实现即可）。,logic,P1,8. **大额规则配置化（对齐 `finance-rules.ts` 模式）**：新增 `finance_rules.large_amount` 配置段，读取优先级 配置 → 常量默认值，缓存 60s，读失败回退常量（与 R1 `getManualTopupMaxAmount` 同一机制，扩展实现即可）。,源码路径+行号、对应运行测试或数据库/Redis/队列证据,N/A：原审计记录未提供补充依据；待复核源码、测试及运行证据。
REQ-CF-00988,core-finance,docs/PRD-整改R5-R7-资金风控.md,3.1.1 业务规则,9. **配置变更生效时点（裁决项 B18）**：建议**按单据提交时点固化审批级别**——单据创建时读取当时生效的大额规则定级并落库，此后阈值调整不影响存量待审单据；新提交单据使用新规则。,db,P1,9. **配置变更生效时点（裁决项 B18）**：建议**按单据提交时点固化审批级别**——单据创建时读取当时生效的大额规则定级并落库，此后阈值调整不影响存量待审单据；新提交单据使用新规则。,源码路径+行号、对应运行测试或数据库/Redis/队列证据,N/A：原审计记录未提供补充依据；待复核源码、测试及运行证据。
REQ-CF-00989,core-finance,docs/PRD-整改R5-R7-资金风控.md,3.1.1 业务规则,10. **审批人落库**：一级 / 二级 / 终审审批人分别落库（人工上账 / 充值订单建议 reviewer_id / reviewer2_id / super_reviewer_id，存储形态由 arch-agent 裁决，可复用 `recharge_orders.metadata` 或新增列；调账已有 approvedBy / reviewedBy，新增 superReviewedBy）。驳回任一步骤记录驳回原因。,db,P1,10. **审批人落库**：一级 / 二级 / 终审审批人分别落库（人工上账 / 充值订单建议 reviewer_id / reviewer2_id / super_reviewer_id，存储形态由 arch-agent 裁决，可复用 `recharge_orders.metadata` 或新增列；调账已有 approvedBy / reviewedBy，新增 superReviewedBy）。驳回任一步骤记录驳回原因。,源码路径+行号、对应运行测试或数据库/Redis/队列证据,N/A：原审计记录未提供补充依据；待复核源码、测试及运行证据。
REQ-CF-00990,core-finance,docs/PRD-整改R5-R7-资金风控.md,3.1.2 字段 / 配置定义表,### 3.1.2 字段 / 配置定义表,field,P1,**统一大额规则配置（`system_config` key=`finance_rules`，JSON 扩展）**,源码路径+行号、对应运行测试或数据库/Redis/队列证据,N/A：原审计记录未提供补充依据；待复核源码、测试及运行证据。
REQ-CF-00991,core-finance,docs/PRD-整改R5-R7-资金风控.md,3.1.2 字段 / 配置定义表,### 3.1.2 字段 / 配置定义表,field,P1,配置键应满足：`large_amount.single_review_max`,源码路径+行号、对应运行测试或数据库/Redis/队列证据,表格单元格已拆为单一字段断言
REQ-CF-00992,core-finance,docs/PRD-整改R5-R7-资金风控.md,3.1.2 字段 / 配置定义表,### 3.1.2 字段 / 配置定义表,field,P1,业务含义应满足：单审档金额上限（≤ 此值单审）,源码路径+行号、对应运行测试或数据库/Redis/队列证据,表格单元格已拆为单一字段断言
REQ-CF-00993,core-finance,docs/PRD-整改R5-R7-资金风控.md,3.1.2 字段 / 配置定义表,### 3.1.2 字段 / 配置定义表,field,P1,默认值应满足：`10000`,源码路径+行号、对应运行测试或数据库/Redis/队列证据,表格单元格已拆为单一字段断言
REQ-CF-00994,core-finance,docs/PRD-整改R5-R7-资金风控.md,3.1.2 字段 / 配置定义表,### 3.1.2 字段 / 配置定义表,field,P1,校验应满足：正数，>0，最多 2 位小数,源码路径+行号、对应运行测试或数据库/Redis/队列证据,表格单元格已拆为单一字段断言
REQ-CF-00995,core-finance,docs/PRD-整改R5-R7-资金风控.md,3.1.2 字段 / 配置定义表,### 3.1.2 字段 / 配置定义表,field,P1,备注应满足：元；恰为此值单审,源码路径+行号、对应运行测试或数据库/Redis/队列证据,表格单元格已拆为单一字段断言
REQ-CF-00996,core-finance,docs/PRD-整改R5-R7-资金风控.md,3.1.2 字段 / 配置定义表,### 3.1.2 字段 / 配置定义表,field,P1,配置键应满足：`large_amount.dual_review_threshold`,源码路径+行号、对应运行测试或数据库/Redis/队列证据,表格单元格已拆为单一字段断言
REQ-CF-00997,core-finance,docs/PRD-整改R5-R7-资金风控.md,3.1.2 字段 / 配置定义表,### 3.1.2 字段 / 配置定义表,field,P1,业务含义应满足：双人档触发线（> 此值双人）,源码路径+行号、对应运行测试或数据库/Redis/队列证据,表格单元格已拆为单一字段断言
REQ-CF-00999,core-finance,docs/PRD-整改R5-R7-资金风控.md,3.1.2 字段 / 配置定义表,### 3.1.2 字段 / 配置定义表,field,P1,校验应满足：正数,源码路径+行号、对应运行测试或数据库/Redis/队列证据,表格单元格已拆为单一字段断言
REQ-CF-01000,core-finance,docs/PRD-整改R5-R7-资金风控.md,3.1.2 字段 / 配置定义表,### 3.1.2 字段 / 配置定义表,field,P1,备注应满足：与 single_review_max 一致（开区间语义）,源码路径+行号、对应运行测试或数据库/Redis/队列证据,表格单元格已拆为单一字段断言
REQ-CF-01001,core-finance,docs/PRD-整改R5-R7-资金风控.md,3.1.2 字段 / 配置定义表,### 3.1.2 字段 / 配置定义表,field,P1,配置键应满足：`large_amount.super_review_threshold`,源码路径+行号、对应运行测试或数据库/Redis/队列证据,表格单元格已拆为单一字段断言
REQ-CF-01002,core-finance,docs/PRD-整改R5-R7-资金风控.md,3.1.2 字段 / 配置定义表,### 3.1.2 字段 / 配置定义表,field,P1,业务含义应满足：终审档触发线（> 此值追加 super_admin）,源码路径+行号、对应运行测试或数据库/Redis/队列证据,表格单元格已拆为单一字段断言
REQ-CF-01003,core-finance,docs/PRD-整改R5-R7-资金风控.md,3.1.2 字段 / 配置定义表,### 3.1.2 字段 / 配置定义表,field,P1,默认值应满足：`100000`,源码路径+行号、对应运行测试或数据库/Redis/队列证据,表格单元格已拆为单一字段断言
REQ-CF-01004,core-finance,docs/PRD-整改R5-R7-资金风控.md,3.1.2 字段 / 配置定义表,### 3.1.2 字段 / 配置定义表,field,P1,校验应满足：正数，> dual_review_threshold,源码路径+行号、对应运行测试或数据库/Redis/队列证据,表格单元格已拆为单一字段断言
REQ-CF-01005,core-finance,docs/PRD-整改R5-R7-资金风控.md,3.1.2 字段 / 配置定义表,### 3.1.2 字段 / 配置定义表,field,P1,配置键应满足：`large_amount.review_exempt.enabled`,源码路径+行号、对应运行测试或数据库/Redis/队列证据,表格单元格已拆为单一字段断言
REQ-CF-01006,core-finance,docs/PRD-整改R5-R7-资金风控.md,3.1.2 字段 / 配置定义表,### 3.1.2 字段 / 配置定义表,field,P1,业务含义应满足：白名单科目免审开关,源码路径+行号、对应运行测试或数据库/Redis/队列证据,表格单元格已拆为单一字段断言
REQ-CF-01007,core-finance,docs/PRD-整改R5-R7-资金风控.md,3.1.2 字段 / 配置定义表,### 3.1.2 字段 / 配置定义表,field,P1,默认值应满足：`false`,源码路径+行号、对应运行测试或数据库/Redis/队列证据,表格单元格已拆为单一字段断言
REQ-CF-01008,core-finance,docs/PRD-整改R5-R7-资金风控.md,3.1.2 字段 / 配置定义表,### 3.1.2 字段 / 配置定义表,field,P1,校验应满足：boolean,源码路径+行号、对应运行测试或数据库/Redis/队列证据,表格单元格已拆为单一字段断言
REQ-CF-01009,core-finance,docs/PRD-整改R5-R7-资金风控.md,3.1.2 字段 / 配置定义表,### 3.1.2 字段 / 配置定义表,field,P1,备注应满足：默认关（裁决 B2）,源码路径+行号、对应运行测试或数据库/Redis/队列证据,表格单元格已拆为单一字段断言
REQ-CF-01010,core-finance,docs/PRD-整改R5-R7-资金风控.md,3.1.2 字段 / 配置定义表,### 3.1.2 字段 / 配置定义表,field,P1,配置键应满足：`large_amount.review_exempt.max_amount`,源码路径+行号、对应运行测试或数据库/Redis/队列证据,表格单元格已拆为单一字段断言
REQ-CF-01011,core-finance,docs/PRD-整改R5-R7-资金风控.md,3.1.2 字段 / 配置定义表,### 3.1.2 字段 / 配置定义表,field,P1,业务含义应满足：白名单免审单笔上限,源码路径+行号、对应运行测试或数据库/Redis/队列证据,表格单元格已拆为单一字段断言
REQ-CF-01012,core-finance,docs/PRD-整改R5-R7-资金风控.md,3.1.2 字段 / 配置定义表,### 3.1.2 字段 / 配置定义表,field,P1,默认值应满足：`1000`,源码路径+行号、对应运行测试或数据库/Redis/队列证据,表格单元格已拆为单一字段断言
REQ-CF-01013,core-finance,docs/PRD-整改R5-R7-资金风控.md,3.1.2 字段 / 配置定义表,### 3.1.2 字段 / 配置定义表,field,P1,校验应满足：正数，< single_review_max,源码路径+行号、对应运行测试或数据库/Redis/队列证据,表格单元格已拆为单一字段断言
REQ-CF-01014,core-finance,docs/PRD-整改R5-R7-资金风控.md,3.1.2 字段 / 配置定义表,### 3.1.2 字段 / 配置定义表,field,P1,备注应满足：免审单计入 R6 累计,源码路径+行号、对应运行测试或数据库/Redis/队列证据,表格单元格已拆为单一字段断言
REQ-CF-01015,core-finance,docs/PRD-整改R5-R7-资金风控.md,3.1.2 字段 / 配置定义表,### 3.1.2 字段 / 配置定义表,field,P1,配置键应满足：`large_amount.review_exempt.subjects`,源码路径+行号、对应运行测试或数据库/Redis/队列证据,表格单元格已拆为单一字段断言
REQ-CF-01016,core-finance,docs/PRD-整改R5-R7-资金风控.md,3.1.2 字段 / 配置定义表,### 3.1.2 字段 / 配置定义表,field,P1,业务含义应满足：白名单科目集合,源码路径+行号、对应运行测试或数据库/Redis/队列证据,表格单元格已拆为单一字段断言
REQ-CF-01017,core-finance,docs/PRD-整改R5-R7-资金风控.md,3.1.2 字段 / 配置定义表,### 3.1.2 字段 / 配置定义表,field,P1,"默认值应满足：`[""赠送"",""补偿"",""纠错""]`",源码路径+行号、对应运行测试或数据库/Redis/队列证据,表格单元格已拆为单一字段断言
REQ-CF-01018,core-finance,docs/PRD-整改R5-R7-资金风控.md,3.1.2 字段 / 配置定义表,### 3.1.2 字段 / 配置定义表,field,P1,校验应满足：非空数组,源码路径+行号、对应运行测试或数据库/Redis/队列证据,表格单元格已拆为单一字段断言
REQ-CF-01019,core-finance,docs/PRD-整改R5-R7-资金风控.md,3.1.2 字段 / 配置定义表,### 3.1.2 字段 / 配置定义表,field,P1,备注应满足：R11 上线后切字典驱动,源码路径+行号、对应运行测试或数据库/Redis/队列证据,表格单元格已拆为单一字段断言
REQ-CF-01020,core-finance,docs/PRD-整改R5-R7-资金风控.md,3.1.2 字段 / 配置定义表,### 3.1.2 字段 / 配置定义表,field,P1,配置键应满足：`large_amount.adjustment_decrease_same_tier`,源码路径+行号、对应运行测试或数据库/Redis/队列证据,表格单元格已拆为单一字段断言
REQ-CF-01021,core-finance,docs/PRD-整改R5-R7-资金风控.md,3.1.2 字段 / 配置定义表,### 3.1.2 字段 / 配置定义表,field,P1,业务含义应满足：调减是否与调增同档,源码路径+行号、对应运行测试或数据库/Redis/队列证据,表格单元格已拆为单一字段断言
REQ-CF-01022,core-finance,docs/PRD-整改R5-R7-资金风控.md,3.1.2 字段 / 配置定义表,### 3.1.2 字段 / 配置定义表,field,P1,"默认值应满足：`true`（含""恰 ¥10,000 仍双人""特例）",源码路径+行号、对应运行测试或数据库/Redis/队列证据,表格单元格已拆为单一字段断言
REQ-CF-01024,core-finance,docs/PRD-整改R5-R7-资金风控.md,3.1.2 字段 / 配置定义表,### 3.1.2 字段 / 配置定义表,field,P1,备注应满足：裁决 B1,源码路径+行号、对应运行测试或数据库/Redis/队列证据,表格单元格已拆为单一字段断言
REQ-CF-01025,core-finance,docs/PRD-整改R5-R7-资金风控.md,3.1.2 字段 / 配置定义表,### 3.1.2 字段 / 配置定义表,field,P1,**单据审批相关字段（产品语义，存储形态由 arch-agent 裁决）**,源码路径+行号、对应运行测试或数据库/Redis/队列证据,N/A：原审计记录未提供补充依据；待复核源码、测试及运行证据。
REQ-CF-01026,core-finance,docs/PRD-整改R5-R7-资金风控.md,3.1.2 字段 / 配置定义表,### 3.1.2 字段 / 配置定义表,field,P1,配置键应满足：字段,源码路径+行号、对应运行测试或数据库/Redis/队列证据,表格单元格已拆为单一字段断言
REQ-CF-01027,core-finance,docs/PRD-整改R5-R7-资金风控.md,3.1.2 字段 / 配置定义表,### 3.1.2 字段 / 配置定义表,field,P1,业务含义应满足：业务含义,源码路径+行号、对应运行测试或数据库/Redis/队列证据,表格单元格已拆为单一字段断言
REQ-CF-01028,core-finance,docs/PRD-整改R5-R7-资金风控.md,3.1.2 字段 / 配置定义表,### 3.1.2 字段 / 配置定义表,field,P1,默认值应满足：适用单据,源码路径+行号、对应运行测试或数据库/Redis/队列证据,表格单元格已拆为单一字段断言
REQ-CF-01029,core-finance,docs/PRD-整改R5-R7-资金风控.md,3.1.2 字段 / 配置定义表,### 3.1.2 字段 / 配置定义表,field,P1,校验应满足：备注,源码路径+行号、对应运行测试或数据库/Redis/队列证据,表格单元格已拆为单一字段断言
REQ-CF-01030,core-finance,docs/PRD-整改R5-R7-资金风控.md,3.1.2 字段 / 配置定义表,### 3.1.2 字段 / 配置定义表,field,P1,配置键应满足：`status` 扩展 `pending_level2`,源码路径+行号、对应运行测试或数据库/Redis/队列证据,表格单元格已拆为单一字段断言
REQ-CF-01031,core-finance,docs/PRD-整改R5-R7-资金风控.md,3.1.2 字段 / 配置定义表,### 3.1.2 字段 / 配置定义表,field,P1,业务含义应满足：待二级复核（双人档 / 终审档中间态）,源码路径+行号、对应运行测试或数据库/Redis/队列证据,表格单元格已拆为单一字段断言
REQ-CF-01032,core-finance,docs/PRD-整改R5-R7-资金风控.md,3.1.2 字段 / 配置定义表,### 3.1.2 字段 / 配置定义表,field,P1,默认值应满足：人工上账 / 充值订单（新增）；调账已有,源码路径+行号、对应运行测试或数据库/Redis/队列证据,表格单元格已拆为单一字段断言
REQ-CF-01033,core-finance,docs/PRD-整改R5-R7-资金风控.md,3.1.2 字段 / 配置定义表,### 3.1.2 字段 / 配置定义表,field,P1,"校验应满足：前端映射""待双人复核""",源码路径+行号、对应运行测试或数据库/Redis/队列证据,表格单元格已拆为单一字段断言
REQ-CF-01034,core-finance,docs/PRD-整改R5-R7-资金风控.md,3.1.2 字段 / 配置定义表,### 3.1.2 字段 / 配置定义表,field,P1,配置键应满足：`status` 扩展 `pending_super`,源码路径+行号、对应运行测试或数据库/Redis/队列证据,表格单元格已拆为单一字段断言
REQ-CF-01035,core-finance,docs/PRD-整改R5-R7-资金风控.md,3.1.2 字段 / 配置定义表,### 3.1.2 字段 / 配置定义表,field,P1,业务含义应满足：待 super_admin 终审（终审档中间态）,源码路径+行号、对应运行测试或数据库/Redis/队列证据,表格单元格已拆为单一字段断言
REQ-CF-01036,core-finance,docs/PRD-整改R5-R7-资金风控.md,3.1.2 字段 / 配置定义表,### 3.1.2 字段 / 配置定义表,field,P1,默认值应满足：三类单据,源码路径+行号、对应运行测试或数据库/Redis/队列证据,表格单元格已拆为单一字段断言
REQ-CF-01037,core-finance,docs/PRD-整改R5-R7-资金风控.md,3.1.2 字段 / 配置定义表,### 3.1.2 字段 / 配置定义表,field,P1,"校验应满足：前端映射""待终审""",源码路径+行号、对应运行测试或数据库/Redis/队列证据,表格单元格已拆为单一字段断言
REQ-CF-01038,core-finance,docs/PRD-整改R5-R7-资金风控.md,3.1.2 字段 / 配置定义表,### 3.1.2 字段 / 配置定义表,field,P1,配置键应满足：`approval_level` 扩展 `level3`,源码路径+行号、对应运行测试或数据库/Redis/队列证据,表格单元格已拆为单一字段断言
REQ-CF-01039,core-finance,docs/PRD-整改R5-R7-资金风控.md,3.1.2 字段 / 配置定义表,### 3.1.2 字段 / 配置定义表,field,P1,业务含义应满足：终审档级别标识,源码路径+行号、对应运行测试或数据库/Redis/队列证据,表格单元格已拆为单一字段断言
REQ-CF-01040,core-finance,docs/PRD-整改R5-R7-资金风控.md,3.1.2 字段 / 配置定义表,### 3.1.2 字段 / 配置定义表,field,P1,默认值应满足：调账（现有 level1/level2 基础上）,源码路径+行号、对应运行测试或数据库/Redis/队列证据,表格单元格已拆为单一字段断言
REQ-CF-01041,core-finance,docs/PRD-整改R5-R7-资金风控.md,3.1.2 字段 / 配置定义表,### 3.1.2 字段 / 配置定义表,field,P1,校验应满足：人工上账 / 充值订单可复用 status 表达,源码路径+行号、对应运行测试或数据库/Redis/队列证据,表格单元格已拆为单一字段断言
REQ-CF-01042,core-finance,docs/PRD-整改R5-R7-资金风控.md,3.1.2 字段 / 配置定义表,### 3.1.2 字段 / 配置定义表,field,P1,配置键应满足：`reviewer_id`（一级）,源码路径+行号、对应运行测试或数据库/Redis/队列证据,表格单元格已拆为单一字段断言
REQ-CF-01043,core-finance,docs/PRD-整改R5-R7-资金风控.md,3.1.2 字段 / 配置定义表,### 3.1.2 字段 / 配置定义表,field,P1,业务含义应满足：一级审批人,源码路径+行号、对应运行测试或数据库/Redis/队列证据,表格单元格已拆为单一字段断言
REQ-CF-01044,core-finance,docs/PRD-整改R5-R7-资金风控.md,3.1.2 字段 / 配置定义表,### 3.1.2 字段 / 配置定义表,field,P1,默认值应满足：人工上账 / 充值订单,源码路径+行号、对应运行测试或数据库/Redis/队列证据,表格单元格已拆为单一字段断言
REQ-CF-01045,core-finance,docs/PRD-整改R5-R7-资金风控.md,3.1.2 字段 / 配置定义表,### 3.1.2 字段 / 配置定义表,field,P1,校验应满足：调账已有 approvedBy,源码路径+行号、对应运行测试或数据库/Redis/队列证据,表格单元格已拆为单一字段断言
REQ-CF-01046,core-finance,docs/PRD-整改R5-R7-资金风控.md,3.1.2 字段 / 配置定义表,### 3.1.2 字段 / 配置定义表,field,P1,配置键应满足：`reviewer2_id`（二级）,源码路径+行号、对应运行测试或数据库/Redis/队列证据,表格单元格已拆为单一字段断言
REQ-CF-01047,core-finance,docs/PRD-整改R5-R7-资金风控.md,3.1.2 字段 / 配置定义表,### 3.1.2 字段 / 配置定义表,field,P1,业务含义应满足：二级复核人,源码路径+行号、对应运行测试或数据库/Redis/队列证据,表格单元格已拆为单一字段断言
REQ-CF-01049,core-finance,docs/PRD-整改R5-R7-资金风控.md,3.1.2 字段 / 配置定义表,### 3.1.2 字段 / 配置定义表,field,P1,校验应满足：调账已有 reviewedBy,源码路径+行号、对应运行测试或数据库/Redis/队列证据,表格单元格已拆为单一字段断言
REQ-CF-01050,core-finance,docs/PRD-整改R5-R7-资金风控.md,3.1.2 字段 / 配置定义表,### 3.1.2 字段 / 配置定义表,field,P1,配置键应满足：`super_reviewer_id`,源码路径+行号、对应运行测试或数据库/Redis/队列证据,表格单元格已拆为单一字段断言
REQ-CF-01051,core-finance,docs/PRD-整改R5-R7-资金风控.md,3.1.2 字段 / 配置定义表,### 3.1.2 字段 / 配置定义表,field,P1,业务含义应满足：super_admin 终审人,源码路径+行号、对应运行测试或数据库/Redis/队列证据,表格单元格已拆为单一字段断言
REQ-CF-01053,core-finance,docs/PRD-整改R5-R7-资金风控.md,3.1.2 字段 / 配置定义表,### 3.1.2 字段 / 配置定义表,field,P1,校验应满足：调账新增 superReviewedBy,源码路径+行号、对应运行测试或数据库/Redis/队列证据,表格单元格已拆为单一字段断言
REQ-CF-01054,core-finance,docs/PRD-整改R5-R7-资金风控.md,3.1.2 字段 / 配置定义表,### 3.1.2 字段 / 配置定义表,field,P1,配置键应满足：`limit_escalated`,源码路径+行号、对应运行测试或数据库/Redis/队列证据,表格单元格已拆为单一字段断言
REQ-CF-01055,core-finance,docs/PRD-整改R5-R7-资金风控.md,3.1.2 字段 / 配置定义表,### 3.1.2 字段 / 配置定义表,field,P1,业务含义应满足：是否因 R6 限额升级审批级别,源码路径+行号、对应运行测试或数据库/Redis/队列证据,表格单元格已拆为单一字段断言
REQ-CF-01057,core-finance,docs/PRD-整改R5-R7-资金风控.md,3.1.2 字段 / 配置定义表,### 3.1.2 字段 / 配置定义表,field,P1,"校验应满足：true 时前端展示""累计超限·已升级""",源码路径+行号、对应运行测试或数据库/Redis/队列证据,表格单元格已拆为单一字段断言
REQ-CF-01058,core-finance,docs/PRD-整改R5-R7-资金风控.md,3.1.2 字段 / 配置定义表,### 3.1.2 字段 / 配置定义表,field,P1,配置键应满足：`escalation_reason`,源码路径+行号、对应运行测试或数据库/Redis/队列证据,表格单元格已拆为单一字段断言
REQ-CF-01059,core-finance,docs/PRD-整改R5-R7-资金风控.md,3.1.2 字段 / 配置定义表,### 3.1.2 字段 / 配置定义表,field,P1,业务含义应满足：升级 / 降级代审原因,源码路径+行号、对应运行测试或数据库/Redis/队列证据,表格单元格已拆为单一字段断言
REQ-CF-01061,core-finance,docs/PRD-整改R5-R7-资金风控.md,3.1.2 字段 / 配置定义表,### 3.1.2 字段 / 配置定义表,field,P1,校验应满足：审计与台账展示,源码路径+行号、对应运行测试或数据库/Redis/队列证据,表格单元格已拆为单一字段断言
REQ-CF-01062,core-finance,docs/PRD-整改R5-R7-资金风控.md,3.1.3 审批状态机,### 3.1.3 审批状态机,state,P1,**人工上账 / 充值订单（recharge_order）**,源码路径+行号、对应运行测试或数据库/Redis/队列证据,N/A：原审计记录未提供补充依据；待复核源码、测试及运行证据。
REQ-CF-01063,core-finance,docs/PRD-整改R5-R7-资金风控.md,3.1.3 审批状态机,### 3.1.3 审批状态机,state,P1,**调账（adjustment）**（none 档废止后）,源码路径+行号、对应运行测试或数据库/Redis/队列证据,N/A：原审计记录未提供补充依据；待复核源码、测试及运行证据。
REQ-CF-01064,core-finance,docs/PRD-整改R5-R7-资金风控.md,3.1.4 前端交互（产品描述）,"**人工上账页**（`/admin/finance/manual-topup`）：列表新增""审批级别 / 当前审批环节""列（单审 / 双人复核 / 待终审）；审核弹窗在双人档 / 终审档时展示审批链进度（""一级已通过，待二级复核""）；职责分离不满足时审批按钮禁用 + tooltip；",action,P1,"**人工上账页**（`/admin/finance/manual-topup`）：列表新增""审批级别 / 当前审批环节""列（单审 / 双人复核 / 待终审）；审核弹窗在双人档 / 终审档时展示审批链进度（""一级已通过，待二级复核""）；职责分离不满足时审批按钮禁用 + tooltip；",源码路径+行号、对应运行测试或数据库/Redis/队列证据,N/A：原审计记录未提供补充依据；待复核源码、测试及运行证据。
REQ-CF-01065,core-finance,docs/PRD-整改R5-R7-资金风控.md,3.1.4 前端交互（产品描述）,"**调账页**（发起调账 / 待我审批 / 调账台账三页签）：待我审批新增""待双人复核 / 待终审""筛选；发起表单在科目白名单免审开启时展示免审提示（""本单符合白名单免审条件，提交即生效""或""本单需审批""）；台账展示审批链（申请人 → 一级 → 二级 → 终审）与 `limit_escalated` 标记；",logic,P1,"**调账页**（发起调账 / 待我审批 / 调账台账三页签）：待我审批新增""待双人复核 / 待终审""筛选；发起表单在科目白名单免审开启时展示免审提示（""本单符合白名单免审条件，提交即生效""或""本单需审批""）；台账展示审批链（申请人 → 一级 → 二级 → 终审）与 `limit_escalated` 标记；",源码路径+行号、对应运行测试或数据库/Redis/队列证据,N/A：原审计记录未提供补充依据；待复核源码、测试及运行证据。
REQ-CF-01066,core-finance,docs/PRD-整改R5-R7-资金风控.md,3.1.4 前端交互（产品描述）,**充值订单审核页**：同人工上账；,logic,P1,**充值订单审核页**：同人工上账；,源码路径+行号、对应运行测试或数据库/Redis/队列证据,N/A：原审计记录未提供补充依据；待复核源码、测试及运行证据。
REQ-CF-01067,core-finance,docs/PRD-整改R5-R7-资金风控.md,3.1.4 前端交互（产品描述）,"**审批人不足**：创建人/审批人侧警示条""审批人不足，已通知管理员""，super_admin 代审时弹窗必填""降级代审原因""；",action,P1,"**审批人不足**：创建人/审批人侧警示条""审批人不足，已通知管理员""，super_admin 代审时弹窗必填""降级代审原因""；",源码路径+行号、对应运行测试或数据库/Redis/队列证据,N/A：原审计记录未提供补充依据；待复核源码、测试及运行证据。
REQ-CF-01068,core-finance,docs/PRD-整改R5-R7-资金风控.md,3.1.4 前端交互（产品描述）,所有变更状态的操作（通过/驳回/复核/终审）均走二次确认（P3）+ R7 操作级 2FA。,state,P3,所有变更状态的操作（通过/驳回/复核/终审）均走二次确认（P3）+ R7 操作级 2FA。,源码路径+行号、对应运行测试或数据库/Redis/队列证据,N/A：原审计记录未提供补充依据；待复核源码、测试及运行证据。
REQ-CF-01069,core-finance,docs/PRD-整改R5-R7-资金风控.md,3.2.1 业务规则,"1. **操作人 24h 累计限额（裁决项 B5）**：同一操作人 **24h 滚动窗口**内""加钱方向运营操作""（人工上账创建、调账调增发起、红冲加钱方向发起）累计金额上限，**建议值 ¥50,000**（对齐人工上账单笔上限 ¥50,000，语义""单笔上限 = 单日累计上限""，便于运营记忆与 P2-14 口径统一）。",field,P2,"1. **操作人 24h 累计限额（裁决项 B5）**：同一操作人 **24h 滚动窗口**内""加钱方向运营操作""（人工上账创建、调账调增发起、红冲加钱方向发起）累计金额上限，**建议值 ¥50,000**（对齐人工上账单笔上限 ¥50,000，语义""单笔上限 = 单日累计上限""，便于运营记忆与 P2-14 口径统一）。",源码路径+行号、对应运行测试或数据库/Redis/队列证据,N/A：原审计记录未提供补充依据；待复核源码、测试及运行证据。
REQ-CF-01070,core-finance,docs/PRD-整改R5-R7-资金风控.md,3.2.1 业务规则,"2. **被入账用户 24h 累计限额（裁决项 B6）**：同一被入账用户 24h 内被""加钱方向运营操作""累计上限，**建议值 ¥50,000**（跨操作人合并计数 —— 多个操作人给同一用户上账也受此约束，防""多人分摊拆分""）。",logic,P1,"2. **被入账用户 24h 累计限额（裁决项 B6）**：同一被入账用户 24h 内被""加钱方向运营操作""累计上限，**建议值 ¥50,000**（跨操作人合并计数 —— 多个操作人给同一用户上账也受此约束，防""多人分摊拆分""）。",源码路径+行号、对应运行测试或数据库/Redis/队列证据,N/A：原审计记录未提供补充依据；待复核源码、测试及运行证据。
REQ-CF-01071,core-finance,docs/PRD-整改R5-R7-资金风控.md,3.2.1 业务规则,"3. **拆分规避的业务说明（回答""9×¥9,999 如何被兜住""）**：",logic,P1,"3. **拆分规避的业务说明（回答""9×¥9,999 如何被兜住""）**：",源码路径+行号、对应运行测试或数据库/Redis/队列证据,N/A：原审计记录未提供补充依据；待复核源码、测试及运行证据。
REQ-CF-01072,core-finance,docs/PRD-整改R5-R7-资金风控.md,3.2.1 业务规则,"9 × ¥9,999 单笔均 ≤ ¥10,000，按 R5 金额档全部为单审 —— 但**操作人维度 24h 累计**在第 6 笔（累计 ¥59,994 > ¥50,000）起**强制升级为双人审批**；",field,P1,"9 × ¥9,999 单笔均 ≤ ¥10,000，按 R5 金额档全部为单审 —— 但**操作人维度 24h 累计**在第 6 笔（累计 ¥59,994 > ¥50,000）起**强制升级为双人审批**；",源码路径+行号、对应运行测试或数据库/Redis/队列证据,N/A：原审计记录未提供补充依据；待复核源码、测试及运行证据。
REQ-CF-01073,core-finance,docs/PRD-整改R5-R7-资金风控.md,3.2.1 业务规则,"被入账用户维度同理：若同一用户 24h 内被累计加钱 > ¥50,000，后续每笔升级双人；",logic,P1,"被入账用户维度同理：若同一用户 24h 内被累计加钱 > ¥50,000，后续每笔升级双人；",源码路径+行号、对应运行测试或数据库/Redis/队列证据,产品裁决/后续阶段
REQ-CF-01074,core-finance,docs/PRD-整改R5-R7-资金风控.md,3.2.1 业务规则,"双维度任一超限即升级本笔；单笔 >¥10,000 本身即双人档，故""拆分""只能靠累计限额兜住 —— 累计限额因此是 R6 的核心防线；",logic,P1,"双维度任一超限即升级本笔；单笔 >¥10,000 本身即双人档，故""拆分""只能靠累计限额兜住 —— 累计限额因此是 R6 的核心防线；",源码路径+行号、对应运行测试或数据库/Redis/队列证据,N/A：原审计记录未提供补充依据；待复核源码、测试及运行证据。
REQ-CF-01075,core-finance,docs/PRD-整改R5-R7-资金风控.md,3.2.1 业务规则,免审白名单单（若开关开启）同样计入累计，不能通过免审拆单绕过。,logic,P1,免审白名单单（若开关开启）同样计入累计，不能通过免审拆单绕过。,源码路径+行号、对应运行测试或数据库/Redis/队列证据,N/A：原审计记录未提供补充依据；待复核源码、测试及运行证据。
REQ-CF-01076,core-finance,docs/PRD-整改R5-R7-资金风控.md,3.2.1 业务规则,4. **超限行为（裁决项 B7）**：默认 **强制升级审批**（`exceed_action='escalate'`）：,logic,P1,4. **超限行为（裁决项 B7）**：默认 **强制升级审批**（`exceed_action='escalate'`）：,源码路径+行号、对应运行测试或数据库/Redis/队列证据,N/A：原审计记录未提供补充依据；待复核源码、测试及运行证据。
REQ-CF-01077,core-finance,docs/PRD-整改R5-R7-资金风控.md,3.2.1 业务规则,"本笔审批级别 = **max(按金额定级, 双人档)**（即至少双人审批；若本笔按金额已是双人档则保持双人档，不自动升终审）；",field,P1,"本笔审批级别 = **max(按金额定级, 双人档)**（即至少双人审批；若本笔按金额已是双人档则保持双人档，不自动升终审）；",源码路径+行号、对应运行测试或数据库/Redis/队列证据,N/A：原审计记录未提供补充依据；待复核源码、测试及运行证据。
REQ-CF-01078,core-finance,docs/PRD-整改R5-R7-资金风控.md,3.2.1 业务规则,提供配置 `exceed_action='reject'`（超限直接拒绝），由运营在配置中切换；两种行为均即时生效（读配置）。,logic,P1,提供配置 `exceed_action='reject'`（超限直接拒绝），由运营在配置中切换；两种行为均即时生效（读配置）。,源码路径+行号、对应运行测试或数据库/Redis/队列证据,N/A：原审计记录未提供补充依据；待复核源码、测试及运行证据。
REQ-CF-01079,core-finance,docs/PRD-整改R5-R7-资金风控.md,3.2.1 业务规则,5. **叠加关系（先查限额 → 再定审批级别）**：资金写操作提交时，**先**计算 24h 累计（含本笔）判断是否超限，**再**按金额（R5）定级；最终级别 = 金额档与限额升级档取更严者。流程见 3.2.3。,field,P0,5. **叠加关系（先查限额 → 再定审批级别）**：资金写操作提交时，**先**计算 24h 累计（含本笔）判断是否超限，**再**按金额（R5）定级；最终级别 = 金额档与限额升级档取更严者。流程见 3.2.3。,源码路径+行号、对应运行测试或数据库/Redis/队列证据,N/A：原审计记录未提供补充依据；待复核源码、测试及运行证据。
REQ-CF-01080,core-finance,docs/PRD-整改R5-R7-资金风控.md,3.2.1 业务规则,6. **窗口语义**：24h **滚动窗口**（从当前时刻回看 24h），非自然日；跨日 / 跨周自然滚动，无需定时任务重置。,logic,P1,6. **窗口语义**：24h **滚动窗口**（从当前时刻回看 24h），非自然日；跨日 / 跨周自然滚动，无需定时任务重置。,源码路径+行号、对应运行测试或数据库/Redis/队列证据,N/A：原审计记录未提供补充依据；待复核源码、测试及运行证据。
REQ-CF-01081,core-finance,docs/PRD-整改R5-R7-资金风控.md,3.2.1 业务规则,7. **豁免（裁决项 B8）**：**super_admin 默认不豁免**限额（限额防拆分，与角色无关；super_admin 的大额操作本就走双人/终审链，豁免会重新打开拆分漏洞）；提供配置 `exempt_roles`（默认空数组）供运营按需豁免，豁免记录写审计。,permission,P1,7. **豁免（裁决项 B8）**：**super_admin 默认不豁免**限额（限额防拆分，与角色无关；super_admin 的大额操作本就走双人/终审链，豁免会重新打开拆分漏洞）；提供配置 `exempt_roles`（默认空数组）供运营按需豁免，豁免记录写审计。,源码路径+行号、对应运行测试或数据库/Redis/队列证据,N/A：原审计记录未提供补充依据；待复核源码、测试及运行证据。
REQ-CF-01082,core-finance,docs/PRD-整改R5-R7-资金风控.md,3.2.1 业务规则,8. **计数范围（裁决项 B9/B10）**：,logic,P1,8. **计数范围（裁决项 B9/B10）**：,源码路径+行号、对应运行测试或数据库/Redis/队列证据,N/A：原审计记录未提供补充依据；待复核源码、测试及运行证据。
REQ-CF-01083,core-finance,docs/PRD-整改R5-R7-资金风控.md,3.2.1 业务规则,**计入**：人工上账创建（提交即预占）、调账调增发起、红冲加钱方向发起 —— 按**创建/提交时点**计入；,logic,P1,**计入**：人工上账创建（提交即预占）、调账调增发起、红冲加钱方向发起 —— 按**创建/提交时点**计入；,源码路径+行号、对应运行测试或数据库/Redis/队列证据,N/A：原审计记录未提供补充依据；待复核源码、测试及运行证据。
REQ-CF-01084,core-finance,docs/PRD-整改R5-R7-资金风控.md,3.2.1 业务规则,**不计入**：调减（扣钱方向，风险语义不同且已按更严档审批）、充值订单审核（用户自助充值，走支付渠道自身风控）、兑换码入账；,logic,P1,**不计入**：调减（扣钱方向，风险语义不同且已按更严档审批）、充值订单审核（用户自助充值，走支付渠道自身风控）、兑换码入账；,源码路径+行号、对应运行测试或数据库/Redis/队列证据,N/A：原审计记录未提供补充依据；待复核源码、测试及运行证据。
REQ-CF-01085,core-finance,docs/PRD-整改R5-R7-资金风控.md,3.2.1 业务规则,"**驳回 / 红冲不回退累计（裁决项 B19）**：已计入的单据即使后续被驳回或红冲，累计不回退（保守风控，防止""提交-撤销-再提交""循环绕过；红冲本身另计新累计）。",logic,P1,"**驳回 / 红冲不回退累计（裁决项 B19）**：已计入的单据即使后续被驳回或红冲，累计不回退（保守风控，防止""提交-撤销-再提交""循环绕过；红冲本身另计新累计）。",源码路径+行号、对应运行测试或数据库/Redis/队列证据,产品裁决/后续阶段
REQ-CF-01086,core-finance,docs/PRD-整改R5-R7-资金风控.md,3.2.1 业务规则,9. **限额与单据状态**：限额判定在单据创建时一次性完成并固化级别（与 B18 同语义）；单据创建后累计已含本笔，后续并发提交逐笔原子判定（先到先得，后笔按新累计升级/拒绝）。,concurrency,P1,9. **限额与单据状态**：限额判定在单据创建时一次性完成并固化级别（与 B18 同语义）；单据创建后累计已含本笔，后续并发提交逐笔原子判定（先到先得，后笔按新累计升级/拒绝）。,源码路径+行号、对应运行测试或数据库/Redis/队列证据,产品裁决/后续阶段
REQ-CF-01087,core-finance,docs/PRD-整改R5-R7-资金风控.md,3.2.1 业务规则,10. **提示文案（产品侧）**：,logic,P1,10. **提示文案（产品侧）**：,源码路径+行号、对应运行测试或数据库/Redis/队列证据,N/A：原审计记录未提供补充依据；待复核源码、测试及运行证据。
REQ-CF-01088,core-finance,docs/PRD-整改R5-R7-资金风控.md,3.2.1 业务规则,"升级：""您 24 小时内已累计调增/上账 ¥X（限额 ¥50,000），本笔将升级为双人审批""；",logic,P1,"升级：""您 24 小时内已累计调增/上账 ¥X（限额 ¥50,000），本笔将升级为双人审批""；",源码路径+行号、对应运行测试或数据库/Redis/队列证据,N/A：原审计记录未提供补充依据；待复核源码、测试及运行证据。
REQ-CF-01089,core-finance,docs/PRD-整改R5-R7-资金风控.md,3.2.1 业务规则,"拒绝：""您 24 小时内累计入账已超过限额（¥50,000），本笔已拒绝。如有特殊情况请联系管理员""；",logic,P1,"拒绝：""您 24 小时内累计入账已超过限额（¥50,000），本笔已拒绝。如有特殊情况请联系管理员""；",源码路径+行号、对应运行测试或数据库/Redis/队列证据,N/A：原审计记录未提供补充依据；待复核源码、测试及运行证据。
REQ-CF-01090,core-finance,docs/PRD-整改R5-R7-资金风控.md,3.2.1 业务规则,"用户维度升级：""该用户 24 小时内已被累计入账 ¥X（限额 ¥50,000），本笔将升级为双人审批""。",logic,P1,"用户维度升级：""该用户 24 小时内已被累计入账 ¥X（限额 ¥50,000），本笔将升级为双人审批""。",源码路径+行号、对应运行测试或数据库/Redis/队列证据,N/A：原审计记录未提供补充依据；待复核源码、测试及运行证据。
REQ-CF-01091,core-finance,docs/PRD-整改R5-R7-资金风控.md,3.2.2 字段 / 配置定义表,### 3.2.2 字段 / 配置定义表,field,P1,**限额配置（`system_config` key=`finance_rules.limits`，JSON）**,源码路径+行号、对应运行测试或数据库/Redis/队列证据,N/A：原审计记录未提供补充依据；待复核源码、测试及运行证据。
REQ-CF-01092,core-finance,docs/PRD-整改R5-R7-资金风控.md,3.2.2 字段 / 配置定义表,### 3.2.2 字段 / 配置定义表,field,P1,配置键应满足：`limits.operator_24h`,源码路径+行号、对应运行测试或数据库/Redis/队列证据,表格单元格已拆为单一字段断言
REQ-CF-01093,core-finance,docs/PRD-整改R5-R7-资金风控.md,3.2.2 字段 / 配置定义表,### 3.2.2 字段 / 配置定义表,field,P1,业务含义应满足：操作人 24h 累计上限（元）,源码路径+行号、对应运行测试或数据库/Redis/队列证据,表格单元格已拆为单一字段断言
REQ-CF-01094,core-finance,docs/PRD-整改R5-R7-资金风控.md,3.2.2 字段 / 配置定义表,### 3.2.2 字段 / 配置定义表,field,P1,默认值应满足：`50000`,源码路径+行号、对应运行测试或数据库/Redis/队列证据,表格单元格已拆为单一字段断言
REQ-CF-01095,core-finance,docs/PRD-整改R5-R7-资金风控.md,3.2.2 字段 / 配置定义表,### 3.2.2 字段 / 配置定义表,field,P1,校验应满足：正数,源码路径+行号、对应运行测试或数据库/Redis/队列证据,表格单元格已拆为单一字段断言
REQ-CF-01096,core-finance,docs/PRD-整改R5-R7-资金风控.md,3.2.2 字段 / 配置定义表,### 3.2.2 字段 / 配置定义表,field,P1,备注应满足：裁决 B5,源码路径+行号、对应运行测试或数据库/Redis/队列证据,表格单元格已拆为单一字段断言
REQ-CF-01097,core-finance,docs/PRD-整改R5-R7-资金风控.md,3.2.2 字段 / 配置定义表,### 3.2.2 字段 / 配置定义表,field,P1,配置键应满足：`limits.recipient_24h`,源码路径+行号、对应运行测试或数据库/Redis/队列证据,表格单元格已拆为单一字段断言
REQ-CF-01098,core-finance,docs/PRD-整改R5-R7-资金风控.md,3.2.2 字段 / 配置定义表,### 3.2.2 字段 / 配置定义表,field,P1,业务含义应满足：被入账用户 24h 累计上限（元）,源码路径+行号、对应运行测试或数据库/Redis/队列证据,表格单元格已拆为单一字段断言
REQ-CF-01101,core-finance,docs/PRD-整改R5-R7-资金风控.md,3.2.2 字段 / 配置定义表,### 3.2.2 字段 / 配置定义表,field,P1,备注应满足：裁决 B6,源码路径+行号、对应运行测试或数据库/Redis/队列证据,表格单元格已拆为单一字段断言
REQ-CF-01102,core-finance,docs/PRD-整改R5-R7-资金风控.md,3.2.2 字段 / 配置定义表,### 3.2.2 字段 / 配置定义表,field,P1,配置键应满足：`limits.exceed_action`,源码路径+行号、对应运行测试或数据库/Redis/队列证据,表格单元格已拆为单一字段断言
REQ-CF-01103,core-finance,docs/PRD-整改R5-R7-资金风控.md,3.2.2 字段 / 配置定义表,### 3.2.2 字段 / 配置定义表,field,P1,业务含义应满足：超限行为,源码路径+行号、对应运行测试或数据库/Redis/队列证据,表格单元格已拆为单一字段断言
REQ-CF-01104,core-finance,docs/PRD-整改R5-R7-资金风控.md,3.2.2 字段 / 配置定义表,### 3.2.2 字段 / 配置定义表,field,P1,默认值应满足：`escalate`,源码路径+行号、对应运行测试或数据库/Redis/队列证据,表格单元格已拆为单一字段断言
REQ-CF-01105,core-finance,docs/PRD-整改R5-R7-资金风控.md,3.2.2 字段 / 配置定义表,### 3.2.2 字段 / 配置定义表,field,P1,校验应满足：`escalate` / `reject`,源码路径+行号、对应运行测试或数据库/Redis/队列证据,表格单元格已拆为单一字段断言
REQ-CF-01106,core-finance,docs/PRD-整改R5-R7-资金风控.md,3.2.2 字段 / 配置定义表,### 3.2.2 字段 / 配置定义表,field,P1,备注应满足：裁决 B7,源码路径+行号、对应运行测试或数据库/Redis/队列证据,表格单元格已拆为单一字段断言
REQ-CF-01107,core-finance,docs/PRD-整改R5-R7-资金风控.md,3.2.2 字段 / 配置定义表,### 3.2.2 字段 / 配置定义表,field,P1,配置键应满足：`limits.exempt_roles`,源码路径+行号、对应运行测试或数据库/Redis/队列证据,表格单元格已拆为单一字段断言
REQ-CF-01108,core-finance,docs/PRD-整改R5-R7-资金风控.md,3.2.2 字段 / 配置定义表,### 3.2.2 字段 / 配置定义表,permission,P1,业务含义应满足：豁免角色列表,源码路径+行号、对应运行测试或数据库/Redis/队列证据,表格单元格已拆为单一字段断言
REQ-CF-01109,core-finance,docs/PRD-整改R5-R7-资金风控.md,3.2.2 字段 / 配置定义表,### 3.2.2 字段 / 配置定义表,field,P1,默认值应满足：`[]`,源码路径+行号、对应运行测试或数据库/Redis/队列证据,表格单元格已拆为单一字段断言
REQ-CF-01110,core-finance,docs/PRD-整改R5-R7-资金风控.md,3.2.2 字段 / 配置定义表,### 3.2.2 字段 / 配置定义表,permission,P1,校验应满足：角色名数组,源码路径+行号、对应运行测试或数据库/Redis/队列证据,表格单元格已拆为单一字段断言
REQ-CF-01111,core-finance,docs/PRD-整改R5-R7-资金风控.md,3.2.2 字段 / 配置定义表,### 3.2.2 字段 / 配置定义表,field,P1,备注应满足：默认空；super_admin 不豁免（裁决 B8）,源码路径+行号、对应运行测试或数据库/Redis/队列证据,表格单元格已拆为单一字段断言
REQ-CF-01112,core-finance,docs/PRD-整改R5-R7-资金风控.md,3.2.2 字段 / 配置定义表,### 3.2.2 字段 / 配置定义表,field,P1,配置键应满足：`limits.count_decrease`,源码路径+行号、对应运行测试或数据库/Redis/队列证据,表格单元格已拆为单一字段断言
REQ-CF-01113,core-finance,docs/PRD-整改R5-R7-资金风控.md,3.2.2 字段 / 配置定义表,### 3.2.2 字段 / 配置定义表,field,P1,业务含义应满足：调减是否计入,源码路径+行号、对应运行测试或数据库/Redis/队列证据,表格单元格已拆为单一字段断言
REQ-CF-01114,core-finance,docs/PRD-整改R5-R7-资金风控.md,3.2.2 字段 / 配置定义表,### 3.2.2 字段 / 配置定义表,field,P1,默认值应满足：`false`,源码路径+行号、对应运行测试或数据库/Redis/队列证据,表格单元格已拆为单一字段断言
REQ-CF-01115,core-finance,docs/PRD-整改R5-R7-资金风控.md,3.2.2 字段 / 配置定义表,### 3.2.2 字段 / 配置定义表,field,P1,校验应满足：boolean,源码路径+行号、对应运行测试或数据库/Redis/队列证据,表格单元格已拆为单一字段断言
REQ-CF-01116,core-finance,docs/PRD-整改R5-R7-资金风控.md,3.2.2 字段 / 配置定义表,### 3.2.2 字段 / 配置定义表,field,P1,备注应满足：裁决 B9,源码路径+行号、对应运行测试或数据库/Redis/队列证据,表格单元格已拆为单一字段断言
REQ-CF-01117,core-finance,docs/PRD-整改R5-R7-资金风控.md,3.2.2 字段 / 配置定义表,### 3.2.2 字段 / 配置定义表,field,P1,配置键应满足：`limits.count_refund_review`,源码路径+行号、对应运行测试或数据库/Redis/队列证据,表格单元格已拆为单一字段断言
REQ-CF-01118,core-finance,docs/PRD-整改R5-R7-资金风控.md,3.2.2 字段 / 配置定义表,### 3.2.2 字段 / 配置定义表,field,P1,业务含义应满足：充值订单审核是否计入,源码路径+行号、对应运行测试或数据库/Redis/队列证据,表格单元格已拆为单一字段断言
REQ-CF-01121,core-finance,docs/PRD-整改R5-R7-资金风控.md,3.2.2 字段 / 配置定义表,### 3.2.2 字段 / 配置定义表,field,P1,备注应满足：裁决 B10,源码路径+行号、对应运行测试或数据库/Redis/队列证据,表格单元格已拆为单一字段断言
REQ-CF-01122,core-finance,docs/PRD-整改R5-R7-资金风控.md,3.2.2 字段 / 配置定义表,### 3.2.2 字段 / 配置定义表,field,P1,"**单据侧字段**：复用 3.1.2 的 `limit_escalated` / `escalation_reason`；限额计数不新增用户可见业务表（聚合口径与存储方案由 arch-agent 裁决，本 PRD 只定""操作人维度 + 被入账用户维度 + 24h 滚动窗口 + 含本笔""业务语义）。",源码路径+行号、对应运行测试或数据库/Redis/队列证据,N/A：原审计记录未提供补充依据；待复核源码、测试及运行证据。
REQ-CF-01123,core-finance,docs/PRD-整改R5-R7-资金风控.md,3.2.4 前端交互（产品描述）,"提交表单：触发升级时，提交前在二次确认弹窗内展示""本笔将升级为双人审批（累计超限 ¥X/¥50,000）""；触发拒绝时阻断提交并展示拒绝文案（见规则 10）；",logic,P1,"提交表单：触发升级时，提交前在二次确认弹窗内展示""本笔将升级为双人审批（累计超限 ¥X/¥50,000）""；触发拒绝时阻断提交并展示拒绝文案（见规则 10）；",源码路径+行号、对应运行测试或数据库/Redis/队列证据,N/A：原审计记录未提供补充依据；待复核源码、测试及运行证据。
REQ-CF-01124,core-finance,docs/PRD-整改R5-R7-资金风控.md,3.2.4 前端交互（产品描述）,"列表 / 台账：新增""限额升级""标记（如""累计超限·已升级双人""）与""审批级别""列；",logic,P1,"列表 / 台账：新增""限额升级""标记（如""累计超限·已升级双人""）与""审批级别""列；",源码路径+行号、对应运行测试或数据库/Redis/队列证据,N/A：原审计记录未提供补充依据；待复核源码、测试及运行证据。
REQ-CF-01125,core-finance,docs/PRD-整改R5-R7-资金风控.md,3.2.4 前端交互（产品描述）,"（可选，标注）管理端提供""操作人 / 用户 24h 累计查询""辅助运营判断，本期不作为验收必选项；",test,P1,"（可选，标注）管理端提供""操作人 / 用户 24h 累计查询""辅助运营判断，本期不作为验收必选项；",源码路径+行号、对应运行测试或数据库/Redis/队列证据,N/A：原审计记录未提供补充依据；待复核源码、测试及运行证据。
REQ-CF-01126,core-finance,docs/PRD-整改R5-R7-资金风控.md,3.2.4 前端交互（产品描述）,配置页（风控规则配置）：大额规则 + 限额 + 2FA 策略统一在一个配置页（页面与 `[?]` 帮助见第 7 节）。,page,P1,配置页（风控规则配置）：大额规则 + 限额 + 2FA 策略统一在一个配置页（页面与 `[?]` 帮助见第 7 节）。,源码路径+行号、对应运行测试或数据库/Redis/队列证据,N/A：原审计记录未提供补充依据；待复核源码、测试及运行证据。
REQ-CF-01127,core-finance,docs/PRD-整改R5-R7-资金风控.md,3.3.1 业务规则,### 3.3.1 业务规则,logic,P0,1. **适用范围（建议清单，裁决项 B16）**：以下资金写操作要求**操作级 2FA + 二次确认**（后端强制，与 SPEC-§20 L3 对齐）：,源码路径+行号、对应运行测试或数据库/Redis/队列证据,N/A：原审计记录未提供补充依据；待复核源码、测试及运行证据。
REQ-CF-01128,core-finance,docs/PRD-整改R5-R7-资金风控.md,3.3.1 业务规则,### 3.3.1 业务规则,logic,P1,人工上账：创建、审核（通过）、复核（通过）、驳回；,源码路径+行号、对应运行测试或数据库/Redis/队列证据,N/A：原审计记录未提供补充依据；待复核源码、测试及运行证据。
REQ-CF-01129,core-finance,docs/PRD-整改R5-R7-资金风控.md,3.3.1 业务规则,### 3.3.1 业务规则,logic,P1,调账：发起、一级审批（通过）、二级复核（通过）、驳回、红冲（发起 / 审批）；,源码路径+行号、对应运行测试或数据库/Redis/队列证据,N/A：原审计记录未提供补充依据；待复核源码、测试及运行证据。
REQ-CF-01130,core-finance,docs/PRD-整改R5-R7-资金风控.md,3.3.1 业务规则,### 3.3.1 业务规则,logic,P1,充值订单：审核（audit 通过）、驳回；,源码路径+行号、对应运行测试或数据库/Redis/队列证据,N/A：原审计记录未提供补充依据；待复核源码、测试及运行证据。
REQ-CF-01131,core-finance,docs/PRD-整改R5-R7-资金风控.md,3.3.1 业务规则,### 3.3.1 业务规则,permission,P1,退款审核：通过（依赖 `admin-finance-stats.ts` 现状模块，路由鉴权需从 adminAuth 收敛到权限点，见 §9 差异 8）；,源码路径+行号、对应运行测试或数据库/Redis/队列证据,N/A：原审计记录未提供补充依据；待复核源码、测试及运行证据。
REQ-CF-01132,core-finance,docs/PRD-整改R5-R7-资金风控.md,3.3.1 业务规则,### 3.3.1 业务规则,state,P0,建议**驳回/拒绝类同样要求 2FA**（防恶意驳回；不改余额但改单据状态，身份验证必要），二次确认可简化（仅摘要 + 确认）；,源码路径+行号、对应运行测试或数据库/Redis/队列证据,N/A：原审计记录未提供补充依据；待复核源码、测试及运行证据。
REQ-CF-01133,core-finance,docs/PRD-整改R5-R7-资金风控.md,3.3.1 业务规则,### 3.3.1 业务规则,logic,P1,只读操作（列表 / 台账 / 待审队列 / 限额查询）**不要求**操作级 2FA。,源码路径+行号、对应运行测试或数据库/Redis/队列证据,N/A：原审计记录未提供补充依据；待复核源码、测试及运行证据。
REQ-CF-01134,core-finance,docs/PRD-整改R5-R7-资金风控.md,3.3.1 业务规则,### 3.3.1 业务规则,logic,P0,2. **校验时机与流程**：操作前输入 TOTP 码（或备用码）→ 服务端校验 → 通过后签发**操作授权令牌**（short-lived）→ 本次操作请求携带令牌 → 服务端校验令牌有效后执行；**服务端强制，不得仅前端拦截**。,源码路径+行号、对应运行测试或数据库/Redis/队列证据,N/A：原审计记录未提供补充依据；待复核源码、测试及运行证据。
REQ-CF-01135,core-finance,docs/PRD-整改R5-R7-资金风控.md,3.3.1 业务规则,### 3.3.1 业务规则,logic,P0,3. **令牌有效期与复用（裁决项 B11）**：建议 **5 分钟**有效期（对齐登录 tempToken 语义）；**窗口内同一操作者的资金写操作可复用**（5 分钟内免重复输入，适配批量审核场景）；每次资金写操作均校验令牌（存在且未过期）；令牌不可跨操作者使用。实现形态（JWT / Redis / 一次性 vs 窗口复用）由 arch-agent 裁决，本 PRD 只定业务语义。,源码路径+行号、对应运行测试或数据库/Redis/队列证据,N/A：原审计记录未提供补充依据；待复核源码、测试及运行证据。
REQ-CF-01136,core-finance,docs/PRD-整改R5-R7-资金风控.md,3.3.1 业务规则,### 3.3.1 业务规则,permission,P0,4. **未启用 2FA 的操作者（裁决项 B12）**：建议 **`mandatory_admin` 策略（默认）** —— 资金操作角色（finance / admin / super_admin）执行资金写操作前**必须已启用 2FA**；未启用 → 操作被拦截并引导跳转 2FA 设置页（管理端安全设置），启用后方可操作；策略提供 `disabled` 档（全部关闭，不推荐）。**与登录 2FA 策略解耦**：登录 2FA 仍按 SPEC-§20 现有 `two_factor_policy`（可保持 optional 等），操作级 2FA 由独立策略 `operation_2fa_policy` 控制（系统 × 用户开关 = AND 的两级开关语义沿用 §20.2）。,源码路径+行号、对应运行测试或数据库/Redis/队列证据,N/A：原审计记录未提供补充依据；待复核源码、测试及运行证据。
REQ-CF-01137,core-finance,docs/PRD-整改R5-R7-资金风控.md,3.3.1 业务规则,### 3.3.1 业务规则,logic,P1,5. **备用码（裁决项 B13）**：**允许**用于操作级 2FA（与登录一致）；备用码**一次性**，使用后作废并从剩余列表移除（复用 `2fa.ts` verify 的备用码消费语义）；备用码用尽时提示重新生成或仅用 TOTP。,源码路径+行号、对应运行测试或数据库/Redis/队列证据,N/A：原审计记录未提供补充依据；待复核源码、测试及运行证据。
REQ-CF-01138,core-finance,docs/PRD-整改R5-R7-资金风控.md,3.3.1 业务规则,### 3.3.1 业务规则,action,P1,6. **失败处理（裁决项 B14）**：TOTP / 备用码连续错误达到阈值（**建议 5 次**，对齐 SPEC-§20 登录锁定）→ **锁定 15 分钟** → 锁定期间操作级 2FA 请求返回 429 + 前端倒计时；**建议与登录 2FA 失败计数共享**（同一账户安全状态，避免攻击者分链路分别试探）；锁定写审计并通知管理员（安全事件，对齐 §20.2 登录锁定告警语义）。,源码路径+行号、对应运行测试或数据库/Redis/队列证据,N/A：原审计记录未提供补充依据；待复核源码、测试及运行证据。
REQ-CF-01139,core-finance,docs/PRD-整改R5-R7-资金风控.md,3.3.1 业务规则,### 3.3.1 业务规则,logic,P1,"7. **二次确认的关系（AND）**：操作级 2FA = **""我是本人""**（身份验证），二次确认 = **""我确认要操作""**（意图确认），两者为 **AND** 关系，任一缺失后端拒绝。",源码路径+行号、对应运行测试或数据库/Redis/队列证据,N/A：原审计记录未提供补充依据；待复核源码、测试及运行证据。
REQ-CF-01140,core-finance,docs/PRD-整改R5-R7-资金风控.md,3.3.1 业务规则,### 3.3.1 业务规则,field,P2,8. **前端弹窗顺序（产品建议）**：**同一弹窗两步** —— 第一步输入 TOTP/备用码验证身份；通过后弹窗内切换第二步展示操作摘要（单据类型 / 用户 / 金额 / 到账后余额预览 / 审批级别 / 限额升级提示）与 **[确认执行]**；两步全部通过才发送请求。理由：先验身份再确认意图，避免未验身份先见摘要；单弹窗两步比双弹窗跳转更顺（P2 一致性）。,源码路径+行号、对应运行测试或数据库/Redis/队列证据,N/A：原审计记录未提供补充依据；待复核源码、测试及运行证据。
REQ-CF-01141,core-finance,docs/PRD-整改R5-R7-资金风控.md,3.3.1 业务规则,### 3.3.1 业务规则,logic,P0,9. **2FA 重置联动**：管理员强制重置某用户 2FA（`POST /admin/2fa/reset/:userId`，SPEC-§20 既有）→ 该用户全部未过期操作令牌立即失效，下次资金操作须重新启用 2FA。,源码路径+行号、对应运行测试或数据库/Redis/队列证据,N/A：原审计记录未提供补充依据；待复核源码、测试及运行证据。
REQ-CF-01142,core-finance,docs/PRD-整改R5-R7-资金风控.md,3.3.1 业务规则,### 3.3.1 业务规则,audit,P1,10. **审计**：操作级 2FA 校验成功 / 失败 / 锁定 / 令牌签发均写审计日志（含操作者、操作类型、结果、IP）。,源码路径+行号、对应运行测试或数据库/Redis/队列证据,N/A：原审计记录未提供补充依据；待复核源码、测试及运行证据。
REQ-CF-01143,core-finance,docs/PRD-整改R5-R7-资金风控.md,3.3.1 业务规则,### 3.3.1 业务规则,logic,P1,11. **复用现状能力**：`totp.ts` 的 `verifyTOTP`（±1 窗口容差）、`verifyBackupCode`（bcrypt 比对）、`generateBackupCodes` 与 `2fa.ts` 的备用码一次性消费语义可直接复用；操作级 2FA 不改变登录 2FA 现有实现。,源码路径+行号、对应运行测试或数据库/Redis/队列证据,N/A：原审计记录未提供补充依据；待复核源码、测试及运行证据。
REQ-CF-01144,core-finance,docs/PRD-整改R5-R7-资金风控.md,3.3.2 字段 / 配置定义表,### 3.3.2 字段 / 配置定义表,field,P1,**操作级 2FA 策略配置（`system_config` key=`finance_rules.operation_2fa`，JSON）**,源码路径+行号、对应运行测试或数据库/Redis/队列证据,N/A：原审计记录未提供补充依据；待复核源码、测试及运行证据。
REQ-CF-01145,core-finance,docs/PRD-整改R5-R7-资金风控.md,3.3.2 字段 / 配置定义表,### 3.3.2 字段 / 配置定义表,field,P1,配置键应满足：`operation_2fa.policy`,源码路径+行号、对应运行测试或数据库/Redis/队列证据,表格单元格已拆为单一字段断言
REQ-CF-01146,core-finance,docs/PRD-整改R5-R7-资金风控.md,3.3.2 字段 / 配置定义表,### 3.3.2 字段 / 配置定义表,field,P1,业务含义应满足：操作级 2FA 策略,源码路径+行号、对应运行测试或数据库/Redis/队列证据,表格单元格已拆为单一字段断言
REQ-CF-01147,core-finance,docs/PRD-整改R5-R7-资金风控.md,3.3.2 字段 / 配置定义表,### 3.3.2 字段 / 配置定义表,field,P1,默认值应满足：`mandatory_admin`,源码路径+行号、对应运行测试或数据库/Redis/队列证据,表格单元格已拆为单一字段断言
REQ-CF-01148,core-finance,docs/PRD-整改R5-R7-资金风控.md,3.3.2 字段 / 配置定义表,### 3.3.2 字段 / 配置定义表,field,P1,校验应满足：`mandatory_admin` / `disabled`,源码路径+行号、对应运行测试或数据库/Redis/队列证据,表格单元格已拆为单一字段断言
REQ-CF-01149,core-finance,docs/PRD-整改R5-R7-资金风控.md,3.3.2 字段 / 配置定义表,### 3.3.2 字段 / 配置定义表,permission,P0,备注应满足：资金角色强制（裁决 B12）,源码路径+行号、对应运行测试或数据库/Redis/队列证据,表格单元格已拆为单一字段断言
REQ-CF-01150,core-finance,docs/PRD-整改R5-R7-资金风控.md,3.3.2 字段 / 配置定义表,### 3.3.2 字段 / 配置定义表,field,P1,配置键应满足：`operation_2fa.token_ttl_seconds`,源码路径+行号、对应运行测试或数据库/Redis/队列证据,表格单元格已拆为单一字段断言
REQ-CF-01151,core-finance,docs/PRD-整改R5-R7-资金风控.md,3.3.2 字段 / 配置定义表,### 3.3.2 字段 / 配置定义表,field,P1,业务含义应满足：操作令牌有效期（秒）,源码路径+行号、对应运行测试或数据库/Redis/队列证据,表格单元格已拆为单一字段断言
REQ-CF-01152,core-finance,docs/PRD-整改R5-R7-资金风控.md,3.3.2 字段 / 配置定义表,### 3.3.2 字段 / 配置定义表,field,P1,默认值应满足：`300`（5 分钟）,源码路径+行号、对应运行测试或数据库/Redis/队列证据,表格单元格已拆为单一字段断言
REQ-CF-01153,core-finance,docs/PRD-整改R5-R7-资金风控.md,3.3.2 字段 / 配置定义表,### 3.3.2 字段 / 配置定义表,field,P1,校验应满足：正数,源码路径+行号、对应运行测试或数据库/Redis/队列证据,表格单元格已拆为单一字段断言
REQ-CF-01154,core-finance,docs/PRD-整改R5-R7-资金风控.md,3.3.2 字段 / 配置定义表,### 3.3.2 字段 / 配置定义表,field,P1,备注应满足：裁决 B11,源码路径+行号、对应运行测试或数据库/Redis/队列证据,表格单元格已拆为单一字段断言
REQ-CF-01155,core-finance,docs/PRD-整改R5-R7-资金风控.md,3.3.2 字段 / 配置定义表,### 3.3.2 字段 / 配置定义表,field,P1,配置键应满足：`operation_2fa.lock_threshold`,源码路径+行号、对应运行测试或数据库/Redis/队列证据,表格单元格已拆为单一字段断言
REQ-CF-01156,core-finance,docs/PRD-整改R5-R7-资金风控.md,3.3.2 字段 / 配置定义表,### 3.3.2 字段 / 配置定义表,field,P1,业务含义应满足：连续失败锁定阈值,源码路径+行号、对应运行测试或数据库/Redis/队列证据,表格单元格已拆为单一字段断言
REQ-CF-01157,core-finance,docs/PRD-整改R5-R7-资金风控.md,3.3.2 字段 / 配置定义表,### 3.3.2 字段 / 配置定义表,field,P1,默认值应满足：`5`,源码路径+行号、对应运行测试或数据库/Redis/队列证据,表格单元格已拆为单一字段断言
REQ-CF-01158,core-finance,docs/PRD-整改R5-R7-资金风控.md,3.3.2 字段 / 配置定义表,### 3.3.2 字段 / 配置定义表,field,P1,校验应满足：正整数,源码路径+行号、对应运行测试或数据库/Redis/队列证据,表格单元格已拆为单一字段断言
REQ-CF-01159,core-finance,docs/PRD-整改R5-R7-资金风控.md,3.3.2 字段 / 配置定义表,### 3.3.2 字段 / 配置定义表,field,P1,备注应满足：与登录共享计数（裁决 B14）,源码路径+行号、对应运行测试或数据库/Redis/队列证据,表格单元格已拆为单一字段断言
REQ-CF-01160,core-finance,docs/PRD-整改R5-R7-资金风控.md,3.3.2 字段 / 配置定义表,### 3.3.2 字段 / 配置定义表,field,P1,配置键应满足：`operation_2fa.lock_minutes`,源码路径+行号、对应运行测试或数据库/Redis/队列证据,表格单元格已拆为单一字段断言
REQ-CF-01161,core-finance,docs/PRD-整改R5-R7-资金风控.md,3.3.2 字段 / 配置定义表,### 3.3.2 字段 / 配置定义表,field,P1,业务含义应满足：锁定分钟数,源码路径+行号、对应运行测试或数据库/Redis/队列证据,表格单元格已拆为单一字段断言
REQ-CF-01162,core-finance,docs/PRD-整改R5-R7-资金风控.md,3.3.2 字段 / 配置定义表,### 3.3.2 字段 / 配置定义表,field,P1,默认值应满足：`15`,源码路径+行号、对应运行测试或数据库/Redis/队列证据,表格单元格已拆为单一字段断言
REQ-CF-01164,core-finance,docs/PRD-整改R5-R7-资金风控.md,3.3.2 字段 / 配置定义表,### 3.3.2 字段 / 配置定义表,field,P1,备注应满足：对齐 SPEC-§20,源码路径+行号、对应运行测试或数据库/Redis/队列证据,表格单元格已拆为单一字段断言
REQ-CF-01165,core-finance,docs/PRD-整改R5-R7-资金风控.md,3.3.2 字段 / 配置定义表,### 3.3.2 字段 / 配置定义表,field,P1,配置键应满足：`operation_2fa.allow_backup_code`,源码路径+行号、对应运行测试或数据库/Redis/队列证据,表格单元格已拆为单一字段断言
REQ-CF-01166,core-finance,docs/PRD-整改R5-R7-资金风控.md,3.3.2 字段 / 配置定义表,### 3.3.2 字段 / 配置定义表,field,P1,业务含义应满足：是否允许备用码,源码路径+行号、对应运行测试或数据库/Redis/队列证据,表格单元格已拆为单一字段断言
REQ-CF-01167,core-finance,docs/PRD-整改R5-R7-资金风控.md,3.3.2 字段 / 配置定义表,### 3.3.2 字段 / 配置定义表,field,P1,默认值应满足：`true`,源码路径+行号、对应运行测试或数据库/Redis/队列证据,表格单元格已拆为单一字段断言
REQ-CF-01168,core-finance,docs/PRD-整改R5-R7-资金风控.md,3.3.2 字段 / 配置定义表,### 3.3.2 字段 / 配置定义表,field,P1,校验应满足：boolean,源码路径+行号、对应运行测试或数据库/Redis/队列证据,表格单元格已拆为单一字段断言
REQ-CF-01169,core-finance,docs/PRD-整改R5-R7-资金风控.md,3.3.2 字段 / 配置定义表,### 3.3.2 字段 / 配置定义表,field,P1,备注应满足：裁决 B13,源码路径+行号、对应运行测试或数据库/Redis/队列证据,表格单元格已拆为单一字段断言
REQ-CF-01170,core-finance,docs/PRD-整改R5-R7-资金风控.md,3.3.2 字段 / 配置定义表,### 3.3.2 字段 / 配置定义表,field,P1,配置键应满足：`operation_2fa.scopes`,源码路径+行号、对应运行测试或数据库/Redis/队列证据,表格单元格已拆为单一字段断言
REQ-CF-01171,core-finance,docs/PRD-整改R5-R7-资金风控.md,3.3.2 字段 / 配置定义表,### 3.3.2 字段 / 配置定义表,field,P1,业务含义应满足：适用操作清单,源码路径+行号、对应运行测试或数据库/Redis/队列证据,表格单元格已拆为单一字段断言
REQ-CF-01172,core-finance,docs/PRD-整改R5-R7-资金风控.md,3.3.2 字段 / 配置定义表,### 3.3.2 字段 / 配置定义表,field,P1,默认值应满足：见规则 1,源码路径+行号、对应运行测试或数据库/Redis/队列证据,表格单元格已拆为单一字段断言
REQ-CF-01173,core-finance,docs/PRD-整改R5-R7-资金风控.md,3.3.2 字段 / 配置定义表,### 3.3.2 字段 / 配置定义表,field,P1,校验应满足：枚举数组,源码路径+行号、对应运行测试或数据库/Redis/队列证据,表格单元格已拆为单一字段断言
REQ-CF-01174,core-finance,docs/PRD-整改R5-R7-资金风控.md,3.3.2 字段 / 配置定义表,### 3.3.2 字段 / 配置定义表,field,P1,备注应满足：增删操作需同步前端弹窗,源码路径+行号、对应运行测试或数据库/Redis/队列证据,表格单元格已拆为单一字段断言
REQ-CF-01175,core-finance,docs/PRD-整改R5-R7-资金风控.md,3.3.2 字段 / 配置定义表,### 3.3.2 字段 / 配置定义表,field,P1,**操作令牌（业务对象，实现形态由 arch-agent 裁决）**,源码路径+行号、对应运行测试或数据库/Redis/队列证据,N/A：原审计记录未提供补充依据；待复核源码、测试及运行证据。
REQ-CF-01176,core-finance,docs/PRD-整改R5-R7-资金风控.md,3.3.2 字段 / 配置定义表,### 3.3.2 字段 / 配置定义表,field,P1,配置键应满足：属性,源码路径+行号、对应运行测试或数据库/Redis/队列证据,表格单元格已拆为单一字段断言
REQ-CF-01177,core-finance,docs/PRD-整改R5-R7-资金风控.md,3.3.2 字段 / 配置定义表,### 3.3.2 字段 / 配置定义表,field,P1,业务含义应满足：业务含义,源码路径+行号、对应运行测试或数据库/Redis/队列证据,表格单元格已拆为单一字段断言
REQ-CF-01178,core-finance,docs/PRD-整改R5-R7-资金风控.md,3.3.2 字段 / 配置定义表,### 3.3.2 字段 / 配置定义表,field,P1,默认值应满足：说明,源码路径+行号、对应运行测试或数据库/Redis/队列证据,表格单元格已拆为单一字段断言
REQ-CF-01179,core-finance,docs/PRD-整改R5-R7-资金风控.md,3.3.2 字段 / 配置定义表,### 3.3.2 字段 / 配置定义表,field,P1,配置键应满足：持有者,源码路径+行号、对应运行测试或数据库/Redis/队列证据,表格单元格已拆为单一字段断言
REQ-CF-01180,core-finance,docs/PRD-整改R5-R7-资金风控.md,3.3.2 字段 / 配置定义表,### 3.3.2 字段 / 配置定义表,field,P1,业务含义应满足：操作者用户 ID,源码路径+行号、对应运行测试或数据库/Redis/队列证据,表格单元格已拆为单一字段断言
REQ-CF-01181,core-finance,docs/PRD-整改R5-R7-资金风控.md,3.3.2 字段 / 配置定义表,### 3.3.2 字段 / 配置定义表,field,P1,默认值应满足：不可跨操作者,源码路径+行号、对应运行测试或数据库/Redis/队列证据,表格单元格已拆为单一字段断言
REQ-CF-01182,core-finance,docs/PRD-整改R5-R7-资金风控.md,3.3.2 字段 / 配置定义表,### 3.3.2 字段 / 配置定义表,field,P1,配置键应满足：签发时间 / 过期时间,源码路径+行号、对应运行测试或数据库/Redis/队列证据,表格单元格已拆为单一字段断言
REQ-CF-01183,core-finance,docs/PRD-整改R5-R7-资金风控.md,3.3.2 字段 / 配置定义表,### 3.3.2 字段 / 配置定义表,field,P1,业务含义应满足：5 分钟窗口,源码路径+行号、对应运行测试或数据库/Redis/队列证据,表格单元格已拆为单一字段断言
REQ-CF-01184,core-finance,docs/PRD-整改R5-R7-资金风控.md,3.3.2 字段 / 配置定义表,### 3.3.2 字段 / 配置定义表,field,P1,默认值应满足：过期需重新验证,源码路径+行号、对应运行测试或数据库/Redis/队列证据,表格单元格已拆为单一字段断言
REQ-CF-01185,core-finance,docs/PRD-整改R5-R7-资金风控.md,3.3.2 字段 / 配置定义表,### 3.3.2 字段 / 配置定义表,field,P1,配置键应满足：适用范围,源码路径+行号、对应运行测试或数据库/Redis/队列证据,表格单元格已拆为单一字段断言
REQ-CF-01186,core-finance,docs/PRD-整改R5-R7-资金风控.md,3.3.2 字段 / 配置定义表,### 3.3.2 字段 / 配置定义表,field,P0,业务含义应满足：资金写操作（scopes）,源码路径+行号、对应运行测试或数据库/Redis/队列证据,表格单元格已拆为单一字段断言
REQ-CF-01187,core-finance,docs/PRD-整改R5-R7-资金风控.md,3.3.2 字段 / 配置定义表,### 3.3.2 字段 / 配置定义表,field,P1,默认值应满足：窗口内复用,源码路径+行号、对应运行测试或数据库/Redis/队列证据,表格单元格已拆为单一字段断言
REQ-CF-01188,core-finance,docs/PRD-整改R5-R7-资金风控.md,3.3.2 字段 / 配置定义表,### 3.3.2 字段 / 配置定义表,field,P1,配置键应满足：状态,源码路径+行号、对应运行测试或数据库/Redis/队列证据,表格单元格已拆为单一字段断言
REQ-CF-01189,core-finance,docs/PRD-整改R5-R7-资金风控.md,3.3.2 字段 / 配置定义表,### 3.3.2 字段 / 配置定义表,field,P1,业务含义应满足：有效 / 已失效,源码路径+行号、对应运行测试或数据库/Redis/队列证据,表格单元格已拆为单一字段断言
REQ-CF-01190,core-finance,docs/PRD-整改R5-R7-资金风控.md,3.3.2 字段 / 配置定义表,### 3.3.2 字段 / 配置定义表,field,P1,默认值应满足：2FA 重置、锁定、过期即失效,源码路径+行号、对应运行测试或数据库/Redis/队列证据,表格单元格已拆为单一字段断言
REQ-CF-01191,core-finance,docs/PRD-整改R5-R7-资金风控.md,3.3.4 前端交互（产品描述）,"资金操作按钮点击 → 弹出""身份验证""弹窗（第一步：TOTP/备用码输入框，自动聚焦 6 位）；",action,P0,"资金操作按钮点击 → 弹出""身份验证""弹窗（第一步：TOTP/备用码输入框，自动聚焦 6 位）；",源码路径+行号、对应运行测试或数据库/Redis/队列证据,N/A：原审计记录未提供补充依据；待复核源码、测试及运行证据。
REQ-CF-01192,core-finance,docs/PRD-整改R5-R7-资金风控.md,3.3.4 前端交互（产品描述）,"未启用 2FA：弹窗内提示""执行资金操作需先启用双因素认证"" + [前往启用]（跳转管理端安全设置）；",security,P0,"未启用 2FA：弹窗内提示""执行资金操作需先启用双因素认证"" + [前往启用]（跳转管理端安全设置）；",源码路径+行号、对应运行测试或数据库/Redis/队列证据,N/A：原审计记录未提供补充依据；待复核源码、测试及运行证据。
REQ-CF-01193,core-finance,docs/PRD-整改R5-R7-资金风控.md,3.3.4 前端交互（产品描述）,锁定：弹窗展示倒计时（15:00），锁定期间输入框禁用；,logic,P1,锁定：弹窗展示倒计时（15:00），锁定期间输入框禁用；,源码路径+行号、对应运行测试或数据库/Redis/队列证据,N/A：原审计记录未提供补充依据；待复核源码、测试及运行证据。
REQ-CF-01194,core-finance,docs/PRD-整改R5-R7-资金风控.md,3.3.4 前端交互（产品描述）,验证通过 → 同弹窗切换第二步：操作摘要（用户/金额/到账后余额/审批级别/限额提示）+ [确认执行] / [返回修改]；,field,P0,验证通过 → 同弹窗切换第二步：操作摘要（用户/金额/到账后余额/审批级别/限额提示）+ [确认执行] / [返回修改]；,源码路径+行号、对应运行测试或数据库/Redis/队列证据,N/A：原审计记录未提供补充依据；待复核源码、测试及运行证据。
REQ-CF-01195,core-finance,docs/PRD-整改R5-R7-资金风控.md,3.3.4 前端交互（产品描述）,成功 → toast + 列表刷新；失败 → 明确错误（令牌过期 / 验证码错误 / 锁定）；,logic,P1,成功 → toast + 列表刷新；失败 → 明确错误（令牌过期 / 验证码错误 / 锁定）；,源码路径+行号、对应运行测试或数据库/Redis/队列证据,N/A：原审计记录未提供补充依据；待复核源码、测试及运行证据。
REQ-CF-01196,core-finance,docs/PRD-整改R5-R7-资金风控.md,3.3.4 前端交互（产品描述）,"备用码输入切换（""无法使用认证器？使用备用码""），与登录 2FA 页交互一致。",logic,P1,"备用码输入切换（""无法使用认证器？使用备用码""），与登录 2FA 页交互一致。",源码路径+行号、对应运行测试或数据库/Redis/队列证据,N/A：原审计记录未提供补充依据；待复核源码、测试及运行证据。
REQ-CF-01197,core-finance,docs/PRD-整改R5-R7-资金风控.md,4. 权限矩阵表（角色 × 操作，含 R5 职责分离与 R7 2FA 要求）,| 查看人工上账列表 / 充值订单列表 | ✅ | ✅ | ✅ | `finance.topup` | —（只读） | 否 |,permission,P1,操作应满足：查看人工上账列表 / 充值订单列表,源码路径+行号、对应运行测试或数据库/Redis/队列证据,表格单元格已拆为单一字段断言
REQ-CF-01198,core-finance,docs/PRD-整改R5-R7-资金风控.md,4. 权限矩阵表（角色 × 操作，含 R5 职责分离与 R7 2FA 要求）,| 操作 | super_admin | admin | finance | 权限点 | R5 职责分离约束 | R7 操作级 2FA |,permission,P1,super_admin应满足：✅,源码路径+行号、对应运行测试或数据库/Redis/队列证据,表格单元格已拆为单一字段断言
REQ-CF-01199,core-finance,docs/PRD-整改R5-R7-资金风控.md,4. 权限矩阵表（角色 × 操作，含 R5 职责分离与 R7 2FA 要求）,| 操作 | super_admin | admin | finance | 权限点 | R5 职责分离约束 | R7 操作级 2FA |,permission,P1,admin应满足：✅,源码路径+行号、对应运行测试或数据库/Redis/队列证据,表格单元格已拆为单一字段断言
REQ-CF-01200,core-finance,docs/PRD-整改R5-R7-资金风控.md,4. 权限矩阵表（角色 × 操作，含 R5 职责分离与 R7 2FA 要求）,| 操作 | super_admin | admin | finance | 权限点 | R5 职责分离约束 | R7 操作级 2FA |,permission,P1,finance应满足：✅,源码路径+行号、对应运行测试或数据库/Redis/队列证据,表格单元格已拆为单一字段断言
REQ-CF-01201,core-finance,docs/PRD-整改R5-R7-资金风控.md,4. 权限矩阵表（角色 × 操作，含 R5 职责分离与 R7 2FA 要求）,| 查看人工上账列表 / 充值订单列表 | ✅ | ✅ | ✅ | `finance.topup` | —（只读） | 否 |,permission,P1,权限点应满足：`finance.topup`,源码路径+行号、对应运行测试或数据库/Redis/队列证据,表格单元格已拆为单一字段断言
REQ-CF-01202,core-finance,docs/PRD-整改R5-R7-资金风控.md,4. 权限矩阵表（角色 × 操作，含 R5 职责分离与 R7 2FA 要求）,| 操作 | super_admin | admin | finance | 权限点 | R5 职责分离约束 | R7 操作级 2FA |,permission,P1,R5 职责分离约束应满足：—（只读）,源码路径+行号、对应运行测试或数据库/Redis/队列证据,表格单元格已拆为单一字段断言
REQ-CF-01203,core-finance,docs/PRD-整改R5-R7-资金风控.md,4. 权限矩阵表（角色 × 操作，含 R5 职责分离与 R7 2FA 要求）,| 操作 | super_admin | admin | finance | 权限点 | R5 职责分离约束 | R7 操作级 2FA |,permission,P1,R7 操作级 2FA应满足：否,源码路径+行号、对应运行测试或数据库/Redis/队列证据,表格单元格已拆为单一字段断言
REQ-CF-01204,core-finance,docs/PRD-整改R5-R7-资金风控.md,4. 权限矩阵表（角色 × 操作，含 R5 职责分离与 R7 2FA 要求）,| 查看调账台账 / 待我审批 | ✅ | ✅ | ❌ | `finance.adjust` | —（只读） | 否 |,permission,P1,操作应满足：查看调账台账 / 待我审批,源码路径+行号、对应运行测试或数据库/Redis/队列证据,表格单元格已拆为单一字段断言
REQ-CF-01207,core-finance,docs/PRD-整改R5-R7-资金风控.md,4. 权限矩阵表（角色 × 操作，含 R5 职责分离与 R7 2FA 要求）,| 操作 | super_admin | admin | finance | 权限点 | R5 职责分离约束 | R7 操作级 2FA |,permission,P1,finance应满足：❌,源码路径+行号、对应运行测试或数据库/Redis/队列证据,表格单元格已拆为单一字段断言
REQ-CF-01208,core-finance,docs/PRD-整改R5-R7-资金风控.md,4. 权限矩阵表（角色 × 操作，含 R5 职责分离与 R7 2FA 要求）,| 查看调账台账 / 待我审批 | ✅ | ✅ | ❌ | `finance.adjust` | —（只读） | 否 |,permission,P1,权限点应满足：`finance.adjust`,源码路径+行号、对应运行测试或数据库/Redis/队列证据,表格单元格已拆为单一字段断言
REQ-CF-01211,core-finance,docs/PRD-整改R5-R7-资金风控.md,4. 权限矩阵表（角色 × 操作，含 R5 职责分离与 R7 2FA 要求）,| 发起人工上账 | ✅ | ✅ | ✅ | `finance.topup` | 创建人 ≠ 后续审批人 | ✅ |,permission,P1,操作应满足：发起人工上账,源码路径+行号、对应运行测试或数据库/Redis/队列证据,表格单元格已拆为单一字段断言
REQ-CF-01216,core-finance,docs/PRD-整改R5-R7-资金风控.md,4. 权限矩阵表（角色 × 操作，含 R5 职责分离与 R7 2FA 要求）,| 操作 | super_admin | admin | finance | 权限点 | R5 职责分离约束 | R7 操作级 2FA |,permission,P1,R5 职责分离约束应满足：创建人 ≠ 后续审批人,源码路径+行号、对应运行测试或数据库/Redis/队列证据,表格单元格已拆为单一字段断言
REQ-CF-01217,core-finance,docs/PRD-整改R5-R7-资金风控.md,4. 权限矩阵表（角色 × 操作，含 R5 职责分离与 R7 2FA 要求）,| 操作 | super_admin | admin | finance | 权限点 | R5 职责分离约束 | R7 操作级 2FA |,permission,P1,R7 操作级 2FA应满足：✅,源码路径+行号、对应运行测试或数据库/Redis/队列证据,表格单元格已拆为单一字段断言
REQ-CF-01218,core-finance,docs/PRD-整改R5-R7-资金风控.md,4. 权限矩阵表（角色 × 操作，含 R5 职责分离与 R7 2FA 要求）,| 审核人工上账（一级通过/驳回） | ✅ | ✅ | ✅ | `finance.topup` | ≠ 创建人 | ✅ |,permission,P1,操作应满足：审核人工上账（一级通过/驳回）,源码路径+行号、对应运行测试或数据库/Redis/队列证据,表格单元格已拆为单一字段断言
REQ-CF-01223,core-finance,docs/PRD-整改R5-R7-资金风控.md,4. 权限矩阵表（角色 × 操作，含 R5 职责分离与 R7 2FA 要求）,| 操作 | super_admin | admin | finance | 权限点 | R5 职责分离约束 | R7 操作级 2FA |,permission,P1,R5 职责分离约束应满足：≠ 创建人,源码路径+行号、对应运行测试或数据库/Redis/队列证据,表格单元格已拆为单一字段断言
REQ-CF-01225,core-finance,docs/PRD-整改R5-R7-资金风控.md,4. 权限矩阵表（角色 × 操作，含 R5 职责分离与 R7 2FA 要求）,| 复核人工上账（二级） | ✅ | ✅ | ✅ | `finance.topup` | ≠ 创建人、≠ 一级审批人 | ✅ |,permission,P1,操作应满足：复核人工上账（二级）,源码路径+行号、对应运行测试或数据库/Redis/队列证据,表格单元格已拆为单一字段断言
REQ-CF-01230,core-finance,docs/PRD-整改R5-R7-资金风控.md,4. 权限矩阵表（角色 × 操作，含 R5 职责分离与 R7 2FA 要求）,| 操作 | super_admin | admin | finance | 权限点 | R5 职责分离约束 | R7 操作级 2FA |,permission,P1,R5 职责分离约束应满足：≠ 创建人、≠ 一级审批人,源码路径+行号、对应运行测试或数据库/Redis/队列证据,表格单元格已拆为单一字段断言
REQ-CF-01232,core-finance,docs/PRD-整改R5-R7-资金风控.md,4. 权限矩阵表（角色 × 操作，含 R5 职责分离与 R7 2FA 要求）,| 充值订单审核（audit 通过/驳回） | ✅ | ✅ | ✅ | `finance.topup` | 创建人是用户，天然满足 | ✅ |,permission,P1,操作应满足：充值订单审核（audit 通过/驳回）,源码路径+行号、对应运行测试或数据库/Redis/队列证据,表格单元格已拆为单一字段断言
REQ-CF-01237,core-finance,docs/PRD-整改R5-R7-资金风控.md,4. 权限矩阵表（角色 × 操作，含 R5 职责分离与 R7 2FA 要求）,| 充值订单审核（audit 通过/驳回） | ✅ | ✅ | ✅ | `finance.topup` | 创建人是用户，天然满足 | ✅ |,permission,P1,R5 职责分离约束应满足：创建人是用户，天然满足,源码路径+行号、对应运行测试或数据库/Redis/队列证据,表格单元格已拆为单一字段断言
REQ-CF-01239,core-finance,docs/PRD-整改R5-R7-资金风控.md,4. 权限矩阵表（角色 × 操作，含 R5 职责分离与 R7 2FA 要求）,| 发起调账（调增/调减） | ✅ | ✅ | ❌ | `finance.adjust` | 申请人 ≠ 审批人 | ✅ |,permission,P1,操作应满足：发起调账（调增/调减）,源码路径+行号、对应运行测试或数据库/Redis/队列证据,表格单元格已拆为单一字段断言
REQ-CF-01244,core-finance,docs/PRD-整改R5-R7-资金风控.md,4. 权限矩阵表（角色 × 操作，含 R5 职责分离与 R7 2FA 要求）,| 操作 | super_admin | admin | finance | 权限点 | R5 职责分离约束 | R7 操作级 2FA |,permission,P1,R5 职责分离约束应满足：申请人 ≠ 审批人,源码路径+行号、对应运行测试或数据库/Redis/队列证据,表格单元格已拆为单一字段断言
REQ-CF-01246,core-finance,docs/PRD-整改R5-R7-资金风控.md,4. 权限矩阵表（角色 × 操作，含 R5 职责分离与 R7 2FA 要求）,| 审批调账（一级 approve / 二级 review / 驳回） | ✅ | ✅ | ❌ | `finance.adjust` | ≠ 申请人、一级 ≠ 二级 | ✅ |,permission,P1,操作应满足：审批调账（一级 approve / 二级 review / 驳回）,源码路径+行号、对应运行测试或数据库/Redis/队列证据,表格单元格已拆为单一字段断言
REQ-CF-01251,core-finance,docs/PRD-整改R5-R7-资金风控.md,4. 权限矩阵表（角色 × 操作，含 R5 职责分离与 R7 2FA 要求）,| 操作 | super_admin | admin | finance | 权限点 | R5 职责分离约束 | R7 操作级 2FA |,permission,P1,R5 职责分离约束应满足：≠ 申请人、一级 ≠ 二级,源码路径+行号、对应运行测试或数据库/Redis/队列证据,表格单元格已拆为单一字段断言
REQ-CF-01253,core-finance,docs/PRD-整改R5-R7-资金风控.md,4. 权限矩阵表（角色 × 操作，含 R5 职责分离与 R7 2FA 要求）,| 红冲（发起 / 审批） | ✅ | ✅ | ❌ | `finance.adjust` | 红冲发起 ≠ 红冲审批 | ✅ |,permission,P1,操作应满足：红冲（发起 / 审批）,源码路径+行号、对应运行测试或数据库/Redis/队列证据,表格单元格已拆为单一字段断言
REQ-CF-01258,core-finance,docs/PRD-整改R5-R7-资金风控.md,4. 权限矩阵表（角色 × 操作，含 R5 职责分离与 R7 2FA 要求）,| 操作 | super_admin | admin | finance | 权限点 | R5 职责分离约束 | R7 操作级 2FA |,permission,P1,R5 职责分离约束应满足：红冲发起 ≠ 红冲审批,源码路径+行号、对应运行测试或数据库/Redis/队列证据,表格单元格已拆为单一字段断言
REQ-CF-01260,core-finance,docs/PRD-整改R5-R7-资金风控.md,4. 权限矩阵表（角色 × 操作，含 R5 职责分离与 R7 2FA 要求）,| 退款审核（通过/驳回） | ✅ | ✅ | ✅ | `finance.refund`（现状 adminAuth，R7 收敛） | 申请方为用户，天然满足 | ✅（裁决 B16） |,permission,P1,操作应满足：退款审核（通过/驳回）,源码路径+行号、对应运行测试或数据库/Redis/队列证据,表格单元格已拆为单一字段断言
REQ-CF-01264,core-finance,docs/PRD-整改R5-R7-资金风控.md,4. 权限矩阵表（角色 × 操作，含 R5 职责分离与 R7 2FA 要求）,| 退款审核（通过/驳回） | ✅ | ✅ | ✅ | `finance.refund`（现状 adminAuth，R7 收敛） | 申请方为用户，天然满足 | ✅（裁决 B16） |,permission,P1,权限点应满足：`finance.refund`（现状 adminAuth，R7 收敛）,源码路径+行号、对应运行测试或数据库/Redis/队列证据,表格单元格已拆为单一字段断言
REQ-CF-01265,core-finance,docs/PRD-整改R5-R7-资金风控.md,4. 权限矩阵表（角色 × 操作，含 R5 职责分离与 R7 2FA 要求）,| 退款审核（通过/驳回） | ✅ | ✅ | ✅ | `finance.refund`（现状 adminAuth，R7 收敛） | 申请方为用户，天然满足 | ✅（裁决 B16） |,permission,P1,R5 职责分离约束应满足：申请方为用户，天然满足,源码路径+行号、对应运行测试或数据库/Redis/队列证据,表格单元格已拆为单一字段断言
REQ-CF-01266,core-finance,docs/PRD-整改R5-R7-资金风控.md,4. 权限矩阵表（角色 × 操作，含 R5 职责分离与 R7 2FA 要求）,| 操作 | super_admin | admin | finance | 权限点 | R5 职责分离约束 | R7 操作级 2FA |,permission,P1,R7 操作级 2FA应满足：✅（裁决 B16）,源码路径+行号、对应运行测试或数据库/Redis/队列证据,表格单元格已拆为单一字段断言
REQ-CF-01267,core-finance,docs/PRD-整改R5-R7-资金风控.md,4. 权限矩阵表（角色 × 操作，含 R5 职责分离与 R7 2FA 要求）,"| **super_admin 终审（>¥100,000 档）** | ✅ | ❌ | ❌ | super_admin 专属 | ≠ 创建人、≠ 一二级审批人 | ✅ |",permission,P1,"操作应满足：**super_admin 终审（>¥100,000 档）**",源码路径+行号、对应运行测试或数据库/Redis/队列证据,表格单元格已拆为单一字段断言
REQ-CF-01269,core-finance,docs/PRD-整改R5-R7-资金风控.md,4. 权限矩阵表（角色 × 操作，含 R5 职责分离与 R7 2FA 要求）,| 操作 | super_admin | admin | finance | 权限点 | R5 职责分离约束 | R7 操作级 2FA |,permission,P1,admin应满足：❌,源码路径+行号、对应运行测试或数据库/Redis/队列证据,表格单元格已拆为单一字段断言
REQ-CF-01271,core-finance,docs/PRD-整改R5-R7-资金风控.md,4. 权限矩阵表（角色 × 操作，含 R5 职责分离与 R7 2FA 要求）,"| **super_admin 终审（>¥100,000 档）** | ✅ | ❌ | ❌ | super_admin 专属 | ≠ 创建人、≠ 一二级审批人 | ✅ |",permission,P1,权限点应满足：super_admin 专属,源码路径+行号、对应运行测试或数据库/Redis/队列证据,表格单元格已拆为单一字段断言
REQ-CF-01272,core-finance,docs/PRD-整改R5-R7-资金风控.md,4. 权限矩阵表（角色 × 操作，含 R5 职责分离与 R7 2FA 要求）,"| **super_admin 终审（>¥100,000 档）** | ✅ | ❌ | ❌ | super_admin 专属 | ≠ 创建人、≠ 一二级审批人 | ✅ |",permission,P1,R5 职责分离约束应满足：≠ 创建人、≠ 一二级审批人,源码路径+行号、对应运行测试或数据库/Redis/队列证据,表格单元格已拆为单一字段断言
REQ-CF-01274,core-finance,docs/PRD-整改R5-R7-资金风控.md,4. 权限矩阵表（角色 × 操作，含 R5 职责分离与 R7 2FA 要求）,| 查询操作人/用户 24h 累计（可选） | ✅ | ✅ | ✅ | 对应域权限点 | —（只读） | 否 |,permission,P1,操作应满足：查询操作人/用户 24h 累计（可选）,源码路径+行号、对应运行测试或数据库/Redis/队列证据,表格单元格已拆为单一字段断言
REQ-CF-01278,core-finance,docs/PRD-整改R5-R7-资金风控.md,4. 权限矩阵表（角色 × 操作，含 R5 职责分离与 R7 2FA 要求）,| 查询操作人/用户 24h 累计（可选） | ✅ | ✅ | ✅ | 对应域权限点 | —（只读） | 否 |,permission,P1,权限点应满足：对应域权限点,源码路径+行号、对应运行测试或数据库/Redis/队列证据,表格单元格已拆为单一字段断言
REQ-CF-01281,core-finance,docs/PRD-整改R5-R7-资金风控.md,4. 权限矩阵表（角色 × 操作，含 R5 职责分离与 R7 2FA 要求）,| 配置大额规则 / 限额（R5/R6） | ✅ | 待裁决（建议 ✅） | ❌ | `sys.config`（建议） | — | ✅（配置本身为敏感写操作） |,permission,P1,操作应满足：配置大额规则 / 限额（R5/R6）,源码路径+行号、对应运行测试或数据库/Redis/队列证据,表格单元格已拆为单一字段断言
REQ-CF-01283,core-finance,docs/PRD-整改R5-R7-资金风控.md,4. 权限矩阵表（角色 × 操作，含 R5 职责分离与 R7 2FA 要求）,| 操作 | super_admin | admin | finance | 权限点 | R5 职责分离约束 | R7 操作级 2FA |,permission,P1,admin应满足：待裁决（建议 ✅）,源码路径+行号、对应运行测试或数据库/Redis/队列证据,表格单元格已拆为单一字段断言
REQ-CF-01285,core-finance,docs/PRD-整改R5-R7-资金风控.md,4. 权限矩阵表（角色 × 操作，含 R5 职责分离与 R7 2FA 要求）,| 配置大额规则 / 限额（R5/R6） | ✅ | 待裁决（建议 ✅） | ❌ | `sys.config`（建议） | — | ✅（配置本身为敏感写操作） |,permission,P1,权限点应满足：`sys.config`（建议）,源码路径+行号、对应运行测试或数据库/Redis/队列证据,表格单元格已拆为单一字段断言
REQ-CF-01286,core-finance,docs/PRD-整改R5-R7-资金风控.md,4. 权限矩阵表（角色 × 操作，含 R5 职责分离与 R7 2FA 要求）,| 配置大额规则 / 限额（R5/R6） | ✅ | 待裁决（建议 ✅） | ❌ | `sys.config`（建议） | — | ✅（配置本身为敏感写操作） |,permission,P1,R7 操作级 2FA应满足：✅（配置本身为敏感写操作）,源码路径+行号、对应运行测试或数据库/Redis/队列证据,表格单元格已拆为单一字段断言
REQ-CF-01287,core-finance,docs/PRD-整改R5-R7-资金风控.md,4. 权限矩阵表（角色 × 操作，含 R5 职责分离与 R7 2FA 要求）,| 配置操作级 2FA 策略（R7） | ✅ | ❌（建议仅 super_admin） | ❌ | `sys.config`（建议） | — | ✅ |,permission,P1,操作应满足：配置操作级 2FA 策略（R7）,源码路径+行号、对应运行测试或数据库/Redis/队列证据,表格单元格已拆为单一字段断言
REQ-CF-01289,core-finance,docs/PRD-整改R5-R7-资金风控.md,4. 权限矩阵表（角色 × 操作，含 R5 职责分离与 R7 2FA 要求）,| 配置操作级 2FA 策略（R7） | ✅ | ❌（建议仅 super_admin） | ❌ | `sys.config`（建议） | — | ✅ |,permission,P1,admin应满足：❌（建议仅 super_admin）,源码路径+行号、对应运行测试或数据库/Redis/队列证据,表格单元格已拆为单一字段断言
REQ-CF-01293,core-finance,docs/PRD-整改R5-R7-资金风控.md,4. 权限矩阵表（角色 × 操作，含 R5 职责分离与 R7 2FA 要求）,| 操作 | super_admin | admin | finance | 权限点 | R5 职责分离约束 | R7 操作级 2FA |,permission,P1,职责分离以**单据维度**判定：创建人（申请人）≠ 任一审批环节操作者；一级 ≠ 二级 ≠ 终审；跨角色兜底时第二人可为任一持对应权限点者（见 3.1.1 规则 7）；,源码路径+行号、对应运行测试或数据库/Redis/队列证据,N/A：原审计记录未提供补充依据；待复核源码、测试及运行证据。
REQ-CF-01294,core-finance,docs/PRD-整改R5-R7-资金风控.md,4. 权限矩阵表（角色 × 操作，含 R5 职责分离与 R7 2FA 要求）,"| **super_admin 终审（>¥100,000 档）** | ✅ | ❌ | ❌ | super_admin 专属 | ≠ 创建人、≠ 一二级审批人 | ✅ |",permission,P1,"super_admin 终审档不占用 finance 审批名额，三人链独立计数（裁决 B4 的""super_admin 代审降级""是审批人不足时的例外路径，审计必标记）；",源码路径+行号、对应运行测试或数据库/Redis/队列证据,N/A：原审计记录未提供补充依据；待复核源码、测试及运行证据。
REQ-CF-01295,core-finance,docs/PRD-整改R5-R7-资金风控.md,4. 权限矩阵表（角色 × 操作，含 R5 职责分离与 R7 2FA 要求）,| 操作 | super_admin | admin | finance | 权限点 | R5 职责分离约束 | R7 操作级 2FA |,permission,P1,agent` / `sales` / `customer` 角色无任何 `finance.*` 权限点，不进入本矩阵（R3 已收口，越权 403）；,源码路径+行号、对应运行测试或数据库/Redis/队列证据,N/A：原审计记录未提供补充依据；待复核源码、测试及运行证据。
REQ-CF-01296,core-finance,docs/PRD-整改R5-R7-资金风控.md,4. 权限矩阵表（角色 × 操作，含 R5 职责分离与 R7 2FA 要求）,| 配置操作级 2FA 策略（R7） | ✅ | ❌（建议仅 super_admin） | ❌ | `sys.config`（建议） | — | ✅ |,permission,P1,配置类权限点归属（`sys.config` 或新增 `finance.rule_config`）待裁决（B17），本期建议并入 `sys.config`（admin / super_admin），2FA 策略仅 super_admin。,源码路径+行号、对应运行测试或数据库/Redis/队列证据,产品裁决/后续阶段
REQ-CF-01297,core-finance,docs/PRD-整改R5-R7-资金风控.md,5. 边界条件与异常场景表,"| E1 | 金额恰为 ¥10,000 | 单笔金额 = 10000 | 单审档（≤¥10,000 单审） | R5 |",exception,P1,"场景应满足：金额恰为 ¥10,000",源码路径+行号、对应运行测试或数据库/Redis/队列证据,表格单元格已拆为单一字段断言
REQ-CF-01298,core-finance,docs/PRD-整改R5-R7-资金风控.md,5. 边界条件与异常场景表,"| E1 | 金额恰为 ¥10,000 | 单笔金额 = 10000 | 单审档（≤¥10,000 单审） | R5 |",exception,P1,触发条件应满足：单笔金额 = 10000,源码路径+行号、对应运行测试或数据库/Redis/队列证据,表格单元格已拆为单一字段断言
REQ-CF-01299,core-finance,docs/PRD-整改R5-R7-资金风控.md,5. 边界条件与异常场景表,"| E1 | 金额恰为 ¥10,000 | 单笔金额 = 10000 | 单审档（≤¥10,000 单审） | R5 |",exception,P1,"预期行为应满足：单审档（≤¥10,000 单审）",源码路径+行号、对应运行测试或数据库/Redis/队列证据,表格单元格已拆为单一字段断言
REQ-CF-01300,core-finance,docs/PRD-整改R5-R7-资金风控.md,5. 边界条件与异常场景表,## 5. 边界条件与异常场景表,exception,P1,归属应满足：R5,源码路径+行号、对应运行测试或数据库/Redis/队列证据,表格单元格已拆为单一字段断言
REQ-CF-01301,core-finance,docs/PRD-整改R5-R7-资金风控.md,5. 边界条件与异常场景表,"| E2 | 金额 ¥10,000.01 | 单笔金额越过阈值 | 双人档（一级 → 二级） | R5 |",exception,P1,"场景应满足：金额 ¥10,000.01",源码路径+行号、对应运行测试或数据库/Redis/队列证据,表格单元格已拆为单一字段断言
REQ-CF-01302,core-finance,docs/PRD-整改R5-R7-资金风控.md,5. 边界条件与异常场景表,"| E2 | 金额 ¥10,000.01 | 单笔金额越过阈值 | 双人档（一级 → 二级） | R5 |",exception,P1,触发条件应满足：单笔金额越过阈值,源码路径+行号、对应运行测试或数据库/Redis/队列证据,表格单元格已拆为单一字段断言
REQ-CF-01303,core-finance,docs/PRD-整改R5-R7-资金风控.md,5. 边界条件与异常场景表,"| E2 | 金额 ¥10,000.01 | 单笔金额越过阈值 | 双人档（一级 → 二级） | R5 |",exception,P1,预期行为应满足：双人档（一级 → 二级）,源码路径+行号、对应运行测试或数据库/Redis/队列证据,表格单元格已拆为单一字段断言
REQ-CF-01305,core-finance,docs/PRD-整改R5-R7-资金风控.md,5. 边界条件与异常场景表,"| E3 | 审批人 = 创建人 | 创建人试图审批自己的单据 | 拒绝（409/400），提示""您不能审批自己发起的单据""；前端按钮禁用 | R5 |",exception,P1,场景应满足：审批人 = 创建人,源码路径+行号、对应运行测试或数据库/Redis/队列证据,表格单元格已拆为单一字段断言
REQ-CF-01306,core-finance,docs/PRD-整改R5-R7-资金风控.md,5. 边界条件与异常场景表,"| E3 | 审批人 = 创建人 | 创建人试图审批自己的单据 | 拒绝（409/400），提示""您不能审批自己发起的单据""；前端按钮禁用 | R5 |",exception,P1,触发条件应满足：创建人试图审批自己的单据,源码路径+行号、对应运行测试或数据库/Redis/队列证据,表格单元格已拆为单一字段断言
REQ-CF-01307,core-finance,docs/PRD-整改R5-R7-资金风控.md,5. 边界条件与异常场景表,"| E3 | 审批人 = 创建人 | 创建人试图审批自己的单据 | 拒绝（409/400），提示""您不能审批自己发起的单据""；前端按钮禁用 | R5 |",exception,P1,"预期行为应满足：拒绝（409/400），提示""您不能审批自己发起的单据""；前端按钮禁用",源码路径+行号、对应运行测试或数据库/Redis/队列证据,表格单元格已拆为单一字段断言
REQ-CF-01309,core-finance,docs/PRD-整改R5-R7-资金风控.md,5. 边界条件与异常场景表,"| E2 | 金额 ¥10,000.01 | 单笔金额越过阈值 | 双人档（一级 → 二级） | R5 |",exception,P1,场景应满足：一级 = 二级,源码路径+行号、对应运行测试或数据库/Redis/队列证据,表格单元格已拆为单一字段断言
REQ-CF-01310,core-finance,docs/PRD-整改R5-R7-资金风控.md,5. 边界条件与异常场景表,"| E4 | 一级 = 二级 | 同人对双人档单据执行一级与二级 | 拒绝，提示""一级与二级审批不能为同一人""（调账已有该校验，扩展至人工上账/充值订单） | R5 |",exception,P1,触发条件应满足：同人对双人档单据执行一级与二级,源码路径+行号、对应运行测试或数据库/Redis/队列证据,表格单元格已拆为单一字段断言
REQ-CF-01311,core-finance,docs/PRD-整改R5-R7-资金风控.md,5. 边界条件与异常场景表,"| E4 | 一级 = 二级 | 同人对双人档单据执行一级与二级 | 拒绝，提示""一级与二级审批不能为同一人""（调账已有该校验，扩展至人工上账/充值订单） | R5 |",exception,P1,"预期行为应满足：拒绝，提示""一级与二级审批不能为同一人""（调账已有该校验，扩展至人工上账/充值订单）",源码路径+行号、对应运行测试或数据库/Redis/队列证据,表格单元格已拆为单一字段断言
REQ-CF-01313,core-finance,docs/PRD-整改R5-R7-资金风控.md,5. 边界条件与异常场景表,| E5 | 终审人 = 前两级之一 | 前两级审批人执行 super_admin 终审 | 拒绝（职责分离） | R5 |,exception,P1,场景应满足：终审人 = 前两级之一,源码路径+行号、对应运行测试或数据库/Redis/队列证据,表格单元格已拆为单一字段断言
REQ-CF-01314,core-finance,docs/PRD-整改R5-R7-资金风控.md,5. 边界条件与异常场景表,| E5 | 终审人 = 前两级之一 | 前两级审批人执行 super_admin 终审 | 拒绝（职责分离） | R5 |,exception,P1,触发条件应满足：前两级审批人执行 super_admin 终审,源码路径+行号、对应运行测试或数据库/Redis/队列证据,表格单元格已拆为单一字段断言
REQ-CF-01315,core-finance,docs/PRD-整改R5-R7-资金风控.md,5. 边界条件与异常场景表,| E5 | 终审人 = 前两级之一 | 前两级审批人执行 super_admin 终审 | 拒绝（职责分离） | R5 |,exception,P1,预期行为应满足：拒绝（职责分离）,源码路径+行号、对应运行测试或数据库/Redis/队列证据,表格单元格已拆为单一字段断言
REQ-CF-01317,core-finance,docs/PRD-整改R5-R7-资金风控.md,5. 边界条件与异常场景表,"| E6 | 重复/并发审批 | 同一环节被并发审批（双击） | 409""单据不存在或已处理""（原子状态守卫，不重复入账） | R5 |",concurrency,P1,场景应满足：重复/并发审批,源码路径+行号、对应运行测试或数据库/Redis/队列证据,表格单元格已拆为单一字段断言
REQ-CF-01318,core-finance,docs/PRD-整改R5-R7-资金风控.md,5. 边界条件与异常场景表,"| E6 | 重复/并发审批 | 同一环节被并发审批（双击） | 409""单据不存在或已处理""（原子状态守卫，不重复入账） | R5 |",concurrency,P1,触发条件应满足：同一环节被并发审批（双击）,源码路径+行号、对应运行测试或数据库/Redis/队列证据,表格单元格已拆为单一字段断言
REQ-CF-01319,core-finance,docs/PRD-整改R5-R7-资金风控.md,5. 边界条件与异常场景表,"| E6 | 重复/并发审批 | 同一环节被并发审批（双击） | 409""单据不存在或已处理""（原子状态守卫，不重复入账） | R5 |",exception,P1,"预期行为应满足：409""单据不存在或已处理""（原子状态守卫，不重复入账）",源码路径+行号、对应运行测试或数据库/Redis/队列证据,表格单元格已拆为单一字段断言
REQ-CF-01321,core-finance,docs/PRD-整改R5-R7-资金风控.md,5. 边界条件与异常场景表,| E7 | 终态单据再审批 | 对 paid/failed/approved/rejected 再操作 | 拒绝，单据已终态 | R5 |,exception,P1,场景应满足：终态单据再审批,源码路径+行号、对应运行测试或数据库/Redis/队列证据,表格单元格已拆为单一字段断言
REQ-CF-01322,core-finance,docs/PRD-整改R5-R7-资金风控.md,5. 边界条件与异常场景表,| E7 | 终态单据再审批 | 对 paid/failed/approved/rejected 再操作 | 拒绝，单据已终态 | R5 |,exception,P1,触发条件应满足：对 paid/failed/approved/rejected 再操作,源码路径+行号、对应运行测试或数据库/Redis/队列证据,表格单元格已拆为单一字段断言
REQ-CF-01323,core-finance,docs/PRD-整改R5-R7-资金风控.md,5. 边界条件与异常场景表,| E7 | 终态单据再审批 | 对 paid/failed/approved/rejected 再操作 | 拒绝，单据已终态 | R5 |,exception,P1,预期行为应满足：拒绝，单据已终态,源码路径+行号、对应运行测试或数据库/Redis/队列证据,表格单元格已拆为单一字段断言
REQ-CF-01325,core-finance,docs/PRD-整改R5-R7-资金风控.md,5. 边界条件与异常场景表,"| E8 | 审批人不足 | 双人档无第二人可审（如仅一名 finance 且为创建人） | 单据滞留当前环节 + 提示""审批人不足，已通知管理员"" + 通知 super_admin；super_admin 代审需填""降级代审原因""（裁决 B4） | R5 |",exception,P1,场景应满足：审批人不足,源码路径+行号、对应运行测试或数据库/Redis/队列证据,表格单元格已拆为单一字段断言
REQ-CF-01326,core-finance,docs/PRD-整改R5-R7-资金风控.md,5. 边界条件与异常场景表,"| E8 | 审批人不足 | 双人档无第二人可审（如仅一名 finance 且为创建人） | 单据滞留当前环节 + 提示""审批人不足，已通知管理员"" + 通知 super_admin；super_admin 代审需填""降级代审原因""（裁决 B4） | R5 |",exception,P1,触发条件应满足：双人档无第二人可审（如仅一名 finance 且为创建人）,源码路径+行号、对应运行测试或数据库/Redis/队列证据,表格单元格已拆为单一字段断言
REQ-CF-01327,core-finance,docs/PRD-整改R5-R7-资金风控.md,5. 边界条件与异常场景表,"| E8 | 审批人不足 | 双人档无第二人可审（如仅一名 finance 且为创建人） | 单据滞留当前环节 + 提示""审批人不足，已通知管理员"" + 通知 super_admin；super_admin 代审需填""降级代审原因""（裁决 B4） | R5 |",action,P1,"预期行为应满足：单据滞留当前环节 + 提示""审批人不足，已通知管理员"" + 通知 super_admin；super_admin 代审需填""降级代审原因""（裁决 B4）",源码路径+行号、对应运行测试或数据库/Redis/队列证据,表格单元格已拆为单一字段断言
REQ-CF-01329,core-finance,docs/PRD-整改R5-R7-资金风控.md,5. 边界条件与异常场景表,"| E9 | 白名单免审不命中 | 开关开启但科目非白名单 / 金额 >¥1,000 / 调减 | 按金额档正常审批 | R5 |",exception,P1,场景应满足：白名单免审不命中,源码路径+行号、对应运行测试或数据库/Redis/队列证据,表格单元格已拆为单一字段断言
REQ-CF-01330,core-finance,docs/PRD-整改R5-R7-资金风控.md,5. 边界条件与异常场景表,"| E9 | 白名单免审不命中 | 开关开启但科目非白名单 / 金额 >¥1,000 / 调减 | 按金额档正常审批 | R5 |",exception,P1,"触发条件应满足：开关开启但科目非白名单 / 金额 >¥1,000 / 调减",源码路径+行号、对应运行测试或数据库/Redis/队列证据,表格单元格已拆为单一字段断言
REQ-CF-01331,core-finance,docs/PRD-整改R5-R7-资金风控.md,5. 边界条件与异常场景表,"| E9 | 白名单免审不命中 | 开关开启但科目非白名单 / 金额 >¥1,000 / 调减 | 按金额档正常审批 | R5 |",exception,P1,预期行为应满足：按金额档正常审批,源码路径+行号、对应运行测试或数据库/Redis/队列证据,表格单元格已拆为单一字段断言
REQ-CF-01333,core-finance,docs/PRD-整改R5-R7-资金风控.md,5. 边界条件与异常场景表,"| E10 | 大额规则配置变更 | 阈值调整（如 10,000 → 20,000） | 按提交时点固化：存量待审单据沿用提交时级别，新单据用新规则（裁决 B18） | R5 |",exception,P1,#应满足：E10,源码路径+行号、对应运行测试或数据库/Redis/队列证据,表格单元格已拆为单一字段断言
REQ-CF-01334,core-finance,docs/PRD-整改R5-R7-资金风控.md,5. 边界条件与异常场景表,"| E10 | 大额规则配置变更 | 阈值调整（如 10,000 → 20,000） | 按提交时点固化：存量待审单据沿用提交时级别，新单据用新规则（裁决 B18） | R5 |",exception,P1,场景应满足：大额规则配置变更,源码路径+行号、对应运行测试或数据库/Redis/队列证据,表格单元格已拆为单一字段断言
REQ-CF-01335,core-finance,docs/PRD-整改R5-R7-资金风控.md,5. 边界条件与异常场景表,"| E10 | 大额规则配置变更 | 阈值调整（如 10,000 → 20,000） | 按提交时点固化：存量待审单据沿用提交时级别，新单据用新规则（裁决 B18） | R5 |",exception,P1,"触发条件应满足：阈值调整（如 10,000 → 20,000）",源码路径+行号、对应运行测试或数据库/Redis/队列证据,表格单元格已拆为单一字段断言
REQ-CF-01336,core-finance,docs/PRD-整改R5-R7-资金风控.md,5. 边界条件与异常场景表,"| E10 | 大额规则配置变更 | 阈值调整（如 10,000 → 20,000） | 按提交时点固化：存量待审单据沿用提交时级别，新单据用新规则（裁决 B18） | R5 |",exception,P1,预期行为应满足：按提交时点固化：存量待审单据沿用提交时级别，新单据用新规则（裁决 B18）,源码路径+行号、对应运行测试或数据库/Redis/队列证据,表格单元格已拆为单一字段断言
REQ-CF-01338,core-finance,docs/PRD-整改R5-R7-资金风控.md,5. 边界条件与异常场景表,"| E11 | 人工上账超单笔上限 | 金额 > ¥50,000 | 创建拒绝（阶段一 A1 裁决保持）；super_admin 档对人工上账不适用，如需大额对公走充值订单路径或放开上限（裁决 B3） | R5 |",exception,P1,#应满足：E11,源码路径+行号、对应运行测试或数据库/Redis/队列证据,表格单元格已拆为单一字段断言
REQ-CF-01339,core-finance,docs/PRD-整改R5-R7-资金风控.md,5. 边界条件与异常场景表,"| E11 | 人工上账超单笔上限 | 金额 > ¥50,000 | 创建拒绝（阶段一 A1 裁决保持）；super_admin 档对人工上账不适用，如需大额对公走充值订单路径或放开上限（裁决 B3） | R5 |",exception,P1,场景应满足：人工上账超单笔上限,源码路径+行号、对应运行测试或数据库/Redis/队列证据,表格单元格已拆为单一字段断言
REQ-CF-01340,core-finance,docs/PRD-整改R5-R7-资金风控.md,5. 边界条件与异常场景表,"| E11 | 人工上账超单笔上限 | 金额 > ¥50,000 | 创建拒绝（阶段一 A1 裁决保持）；super_admin 档对人工上账不适用，如需大额对公走充值订单路径或放开上限（裁决 B3） | R5 |",exception,P1,"触发条件应满足：金额 > ¥50,000",源码路径+行号、对应运行测试或数据库/Redis/队列证据,表格单元格已拆为单一字段断言
REQ-CF-01341,core-finance,docs/PRD-整改R5-R7-资金风控.md,5. 边界条件与异常场景表,"| E11 | 人工上账超单笔上限 | 金额 > ¥50,000 | 创建拒绝（阶段一 A1 裁决保持）；super_admin 档对人工上账不适用，如需大额对公走充值订单路径或放开上限（裁决 B3） | R5 |",exception,P1,预期行为应满足：创建拒绝（阶段一 A1 裁决保持）；super_admin 档对人工上账不适用，如需大额对公走充值订单路径或放开上限（裁决 B3）,源码路径+行号、对应运行测试或数据库/Redis/队列证据,表格单元格已拆为单一字段断言
REQ-CF-01343,core-finance,docs/PRD-整改R5-R7-资金风控.md,5. 边界条件与异常场景表,"| E12 | 充值订单/调账 >¥100,000 | 用户对公转账或调增超过 10 万 | 终审档三人链（一级 → 二级 → super_admin） | R5 |",exception,P1,#应满足：E12,源码路径+行号、对应运行测试或数据库/Redis/队列证据,表格单元格已拆为单一字段断言
REQ-CF-01344,core-finance,docs/PRD-整改R5-R7-资金风控.md,5. 边界条件与异常场景表,"| E12 | 充值订单/调账 >¥100,000 | 用户对公转账或调增超过 10 万 | 终审档三人链（一级 → 二级 → super_admin） | R5 |",exception,P1,"场景应满足：充值订单/调账 >¥100,000",源码路径+行号、对应运行测试或数据库/Redis/队列证据,表格单元格已拆为单一字段断言
REQ-CF-01345,core-finance,docs/PRD-整改R5-R7-资金风控.md,5. 边界条件与异常场景表,"| E12 | 充值订单/调账 >¥100,000 | 用户对公转账或调增超过 10 万 | 终审档三人链（一级 → 二级 → super_admin） | R5 |",exception,P1,触发条件应满足：用户对公转账或调增超过 10 万,源码路径+行号、对应运行测试或数据库/Redis/队列证据,表格单元格已拆为单一字段断言
REQ-CF-01346,core-finance,docs/PRD-整改R5-R7-资金风控.md,5. 边界条件与异常场景表,"| E12 | 充值订单/调账 >¥100,000 | 用户对公转账或调增超过 10 万 | 终审档三人链（一级 → 二级 → super_admin） | R5 |",exception,P1,预期行为应满足：终审档三人链（一级 → 二级 → super_admin）,源码路径+行号、对应运行测试或数据库/Redis/队列证据,表格单元格已拆为单一字段断言
REQ-CF-01348,core-finance,docs/PRD-整改R5-R7-资金风控.md,5. 边界条件与异常场景表,"| E13 | 9×¥9,999 拆分 | 同操作人 24h 内 9 次 ¥9,999 调增/上账 | 第 1–5 笔单审（累计 ≤¥50,000）；第 6 笔起累计 >¥50,000 → 强制升级双人审批（对应整改方案验收""9×¥9,999 触发审批""） | R6 |",exception,P1,#应满足：E13,源码路径+行号、对应运行测试或数据库/Redis/队列证据,表格单元格已拆为单一字段断言
REQ-CF-01349,core-finance,docs/PRD-整改R5-R7-资金风控.md,5. 边界条件与异常场景表,"| E13 | 9×¥9,999 拆分 | 同操作人 24h 内 9 次 ¥9,999 调增/上账 | 第 1–5 笔单审（累计 ≤¥50,000）；第 6 笔起累计 >¥50,000 → 强制升级双人审批（对应整改方案验收""9×¥9,999 触发审批""） | R6 |",exception,P1,"场景应满足：9×¥9,999 拆分",源码路径+行号、对应运行测试或数据库/Redis/队列证据,表格单元格已拆为单一字段断言
REQ-CF-01350,core-finance,docs/PRD-整改R5-R7-资金风控.md,5. 边界条件与异常场景表,"| E13 | 9×¥9,999 拆分 | 同操作人 24h 内 9 次 ¥9,999 调增/上账 | 第 1–5 笔单审（累计 ≤¥50,000）；第 6 笔起累计 >¥50,000 → 强制升级双人审批（对应整改方案验收""9×¥9,999 触发审批""） | R6 |",exception,P1,"触发条件应满足：同操作人 24h 内 9 次 ¥9,999 调增/上账",源码路径+行号、对应运行测试或数据库/Redis/队列证据,表格单元格已拆为单一字段断言
REQ-CF-01351,core-finance,docs/PRD-整改R5-R7-资金风控.md,5. 边界条件与异常场景表,"| E13 | 9×¥9,999 拆分 | 同操作人 24h 内 9 次 ¥9,999 调增/上账 | 第 1–5 笔单审（累计 ≤¥50,000）；第 6 笔起累计 >¥50,000 → 强制升级双人审批（对应整改方案验收""9×¥9,999 触发审批""） | R6 |",test,P1,"预期行为应满足：第 1–5 笔单审（累计 ≤¥50,000）；第 6 笔起累计 >¥50,000 → 强制升级双人审批（对应整改方案验收""9×¥9,999 触发审批""）",源码路径+行号、对应运行测试或数据库/Redis/队列证据,表格单元格已拆为单一字段断言
REQ-CF-01352,core-finance,docs/PRD-整改R5-R7-资金风控.md,5. 边界条件与异常场景表,## 5. 边界条件与异常场景表,exception,P1,归属应满足：R6,源码路径+行号、对应运行测试或数据库/Redis/队列证据,表格单元格已拆为单一字段断言
REQ-CF-01353,core-finance,docs/PRD-整改R5-R7-资金风控.md,5. 边界条件与异常场景表,| E14 | 双维度超限 | 操作人维度与用户维度同时超限 | 任一维度超限即升级本笔（取更严行为） | R6 |,exception,P1,#应满足：E14,源码路径+行号、对应运行测试或数据库/Redis/队列证据,表格单元格已拆为单一字段断言
REQ-CF-01354,core-finance,docs/PRD-整改R5-R7-资金风控.md,5. 边界条件与异常场景表,| E14 | 双维度超限 | 操作人维度与用户维度同时超限 | 任一维度超限即升级本笔（取更严行为） | R6 |,exception,P1,场景应满足：双维度超限,源码路径+行号、对应运行测试或数据库/Redis/队列证据,表格单元格已拆为单一字段断言
REQ-CF-01355,core-finance,docs/PRD-整改R5-R7-资金风控.md,5. 边界条件与异常场景表,| E14 | 双维度超限 | 操作人维度与用户维度同时超限 | 任一维度超限即升级本笔（取更严行为） | R6 |,exception,P1,触发条件应满足：操作人维度与用户维度同时超限,源码路径+行号、对应运行测试或数据库/Redis/队列证据,表格单元格已拆为单一字段断言
REQ-CF-01356,core-finance,docs/PRD-整改R5-R7-资金风控.md,5. 边界条件与异常场景表,| E14 | 双维度超限 | 操作人维度与用户维度同时超限 | 任一维度超限即升级本笔（取更严行为） | R6 |,exception,P1,预期行为应满足：任一维度超限即升级本笔（取更严行为）,源码路径+行号、对应运行测试或数据库/Redis/队列证据,表格单元格已拆为单一字段断言
REQ-CF-01358,core-finance,docs/PRD-整改R5-R7-资金风控.md,5. 边界条件与异常场景表,| E15 | 24h 窗口跨日 | 23:59 与次日 00:01 的操作 | 按滚动窗口（当前时刻回看 24h）计算，不按自然日重置 | R6 |,exception,P1,#应满足：E15,源码路径+行号、对应运行测试或数据库/Redis/队列证据,表格单元格已拆为单一字段断言
REQ-CF-01359,core-finance,docs/PRD-整改R5-R7-资金风控.md,5. 边界条件与异常场景表,| E15 | 24h 窗口跨日 | 23:59 与次日 00:01 的操作 | 按滚动窗口（当前时刻回看 24h）计算，不按自然日重置 | R6 |,exception,P1,场景应满足：24h 窗口跨日,源码路径+行号、对应运行测试或数据库/Redis/队列证据,表格单元格已拆为单一字段断言
REQ-CF-01360,core-finance,docs/PRD-整改R5-R7-资金风控.md,5. 边界条件与异常场景表,| E15 | 24h 窗口跨日 | 23:59 与次日 00:01 的操作 | 按滚动窗口（当前时刻回看 24h）计算，不按自然日重置 | R6 |,exception,P1,触发条件应满足：23:59 与次日 00:01 的操作,源码路径+行号、对应运行测试或数据库/Redis/队列证据,表格单元格已拆为单一字段断言
REQ-CF-01361,core-finance,docs/PRD-整改R5-R7-资金风控.md,5. 边界条件与异常场景表,| E15 | 24h 窗口跨日 | 23:59 与次日 00:01 的操作 | 按滚动窗口（当前时刻回看 24h）计算，不按自然日重置 | R6 |,exception,P1,预期行为应满足：按滚动窗口（当前时刻回看 24h）计算，不按自然日重置,源码路径+行号、对应运行测试或数据库/Redis/队列证据,表格单元格已拆为单一字段断言
REQ-CF-01363,core-finance,docs/PRD-整改R5-R7-资金风控.md,5. 边界条件与异常场景表,| E16 | 并发提交同操作人 | 两笔并发均使累计超限 | 逐笔原子判定，先到先得；后笔按新累计升级/拒绝 | R6 |,exception,P1,#应满足：E16,源码路径+行号、对应运行测试或数据库/Redis/队列证据,表格单元格已拆为单一字段断言
REQ-CF-01364,core-finance,docs/PRD-整改R5-R7-资金风控.md,5. 边界条件与异常场景表,| E16 | 并发提交同操作人 | 两笔并发均使累计超限 | 逐笔原子判定，先到先得；后笔按新累计升级/拒绝 | R6 |,concurrency,P1,场景应满足：并发提交同操作人,源码路径+行号、对应运行测试或数据库/Redis/队列证据,表格单元格已拆为单一字段断言
REQ-CF-01365,core-finance,docs/PRD-整改R5-R7-资金风控.md,5. 边界条件与异常场景表,| E16 | 并发提交同操作人 | 两笔并发均使累计超限 | 逐笔原子判定，先到先得；后笔按新累计升级/拒绝 | R6 |,concurrency,P1,触发条件应满足：两笔并发均使累计超限,源码路径+行号、对应运行测试或数据库/Redis/队列证据,表格单元格已拆为单一字段断言
REQ-CF-01366,core-finance,docs/PRD-整改R5-R7-资金风控.md,5. 边界条件与异常场景表,| E16 | 并发提交同操作人 | 两笔并发均使累计超限 | 逐笔原子判定，先到先得；后笔按新累计升级/拒绝 | R6 |,exception,P1,预期行为应满足：逐笔原子判定，先到先得；后笔按新累计升级/拒绝,源码路径+行号、对应运行测试或数据库/Redis/队列证据,表格单元格已拆为单一字段断言
REQ-CF-01368,core-finance,docs/PRD-整改R5-R7-资金风控.md,5. 边界条件与异常场景表,| E17 | 驳回/红冲后累计 | 单据被驳回或红冲 | 累计不回退（裁决 B19，防提交-撤销循环绕过） | R6 |,exception,P1,#应满足：E17,源码路径+行号、对应运行测试或数据库/Redis/队列证据,表格单元格已拆为单一字段断言
REQ-CF-01369,core-finance,docs/PRD-整改R5-R7-资金风控.md,5. 边界条件与异常场景表,| E17 | 驳回/红冲后累计 | 单据被驳回或红冲 | 累计不回退（裁决 B19，防提交-撤销循环绕过） | R6 |,exception,P1,场景应满足：驳回/红冲后累计,源码路径+行号、对应运行测试或数据库/Redis/队列证据,表格单元格已拆为单一字段断言
REQ-CF-01370,core-finance,docs/PRD-整改R5-R7-资金风控.md,5. 边界条件与异常场景表,| E17 | 驳回/红冲后累计 | 单据被驳回或红冲 | 累计不回退（裁决 B19，防提交-撤销循环绕过） | R6 |,exception,P1,触发条件应满足：单据被驳回或红冲,源码路径+行号、对应运行测试或数据库/Redis/队列证据,表格单元格已拆为单一字段断言
REQ-CF-01371,core-finance,docs/PRD-整改R5-R7-资金风控.md,5. 边界条件与异常场景表,| E17 | 驳回/红冲后累计 | 单据被驳回或红冲 | 累计不回退（裁决 B19，防提交-撤销循环绕过） | R6 |,exception,P1,预期行为应满足：累计不回退（裁决 B19，防提交-撤销循环绕过）,源码路径+行号、对应运行测试或数据库/Redis/队列证据,表格单元格已拆为单一字段断言
REQ-CF-01373,core-finance,docs/PRD-整改R5-R7-资金风控.md,5. 边界条件与异常场景表,"| E18 | 调减与限额 | 调减操作金额巨大 | 不计入限额（裁决 B9），但仍按 R5 金额档审批（调减 ≥¥10,000 双人） | R6 |",exception,P1,#应满足：E18,源码路径+行号、对应运行测试或数据库/Redis/队列证据,表格单元格已拆为单一字段断言
REQ-CF-01374,core-finance,docs/PRD-整改R5-R7-资金风控.md,5. 边界条件与异常场景表,"| E18 | 调减与限额 | 调减操作金额巨大 | 不计入限额（裁决 B9），但仍按 R5 金额档审批（调减 ≥¥10,000 双人） | R6 |",exception,P1,场景应满足：调减与限额,源码路径+行号、对应运行测试或数据库/Redis/队列证据,表格单元格已拆为单一字段断言
REQ-CF-01375,core-finance,docs/PRD-整改R5-R7-资金风控.md,5. 边界条件与异常场景表,"| E18 | 调减与限额 | 调减操作金额巨大 | 不计入限额（裁决 B9），但仍按 R5 金额档审批（调减 ≥¥10,000 双人） | R6 |",exception,P1,触发条件应满足：调减操作金额巨大,源码路径+行号、对应运行测试或数据库/Redis/队列证据,表格单元格已拆为单一字段断言
REQ-CF-01376,core-finance,docs/PRD-整改R5-R7-资金风控.md,5. 边界条件与异常场景表,"| E18 | 调减与限额 | 调减操作金额巨大 | 不计入限额（裁决 B9），但仍按 R5 金额档审批（调减 ≥¥10,000 双人） | R6 |",exception,P1,"预期行为应满足：不计入限额（裁决 B9），但仍按 R5 金额档审批（调减 ≥¥10,000 双人）",源码路径+行号、对应运行测试或数据库/Redis/队列证据,表格单元格已拆为单一字段断言
REQ-CF-01378,core-finance,docs/PRD-整改R5-R7-资金风控.md,5. 边界条件与异常场景表,| E19 | super_admin 超限 | super_admin 24h 累计超限 | 默认不豁免（裁决 B8），按配置升级/拒绝 | R6 |,exception,P1,#应满足：E19,源码路径+行号、对应运行测试或数据库/Redis/队列证据,表格单元格已拆为单一字段断言
REQ-CF-01379,core-finance,docs/PRD-整改R5-R7-资金风控.md,5. 边界条件与异常场景表,| E19 | super_admin 超限 | super_admin 24h 累计超限 | 默认不豁免（裁决 B8），按配置升级/拒绝 | R6 |,exception,P1,场景应满足：super_admin 超限,源码路径+行号、对应运行测试或数据库/Redis/队列证据,表格单元格已拆为单一字段断言
REQ-CF-01380,core-finance,docs/PRD-整改R5-R7-资金风控.md,5. 边界条件与异常场景表,| E19 | super_admin 超限 | super_admin 24h 累计超限 | 默认不豁免（裁决 B8），按配置升级/拒绝 | R6 |,exception,P1,触发条件应满足：super_admin 24h 累计超限,源码路径+行号、对应运行测试或数据库/Redis/队列证据,表格单元格已拆为单一字段断言
REQ-CF-01381,core-finance,docs/PRD-整改R5-R7-资金风控.md,5. 边界条件与异常场景表,| E19 | super_admin 超限 | super_admin 24h 累计超限 | 默认不豁免（裁决 B8），按配置升级/拒绝 | R6 |,exception,P1,预期行为应满足：默认不豁免（裁决 B8），按配置升级/拒绝,源码路径+行号、对应运行测试或数据库/Redis/队列证据,表格单元格已拆为单一字段断言
REQ-CF-01383,core-finance,docs/PRD-整改R5-R7-资金风控.md,5. 边界条件与异常场景表,| E20 | exceed_action=reject | 超限且配置为拒绝 | 提交被拒 + 拒绝文案（见 3.2.1 规则 10） | R6 |,exception,P1,#应满足：E20,源码路径+行号、对应运行测试或数据库/Redis/队列证据,表格单元格已拆为单一字段断言
REQ-CF-01384,core-finance,docs/PRD-整改R5-R7-资金风控.md,5. 边界条件与异常场景表,| E20 | exceed_action=reject | 超限且配置为拒绝 | 提交被拒 + 拒绝文案（见 3.2.1 规则 10） | R6 |,exception,P1,场景应满足：exceed_action=reject,源码路径+行号、对应运行测试或数据库/Redis/队列证据,表格单元格已拆为单一字段断言
REQ-CF-01385,core-finance,docs/PRD-整改R5-R7-资金风控.md,5. 边界条件与异常场景表,| E20 | exceed_action=reject | 超限且配置为拒绝 | 提交被拒 + 拒绝文案（见 3.2.1 规则 10） | R6 |,exception,P1,触发条件应满足：超限且配置为拒绝,源码路径+行号、对应运行测试或数据库/Redis/队列证据,表格单元格已拆为单一字段断言
REQ-CF-01386,core-finance,docs/PRD-整改R5-R7-资金风控.md,5. 边界条件与异常场景表,| E20 | exceed_action=reject | 超限且配置为拒绝 | 提交被拒 + 拒绝文案（见 3.2.1 规则 10） | R6 |,exception,P1,预期行为应满足：提交被拒 + 拒绝文案（见 3.2.1 规则 10）,源码路径+行号、对应运行测试或数据库/Redis/队列证据,表格单元格已拆为单一字段断言
REQ-CF-01388,core-finance,docs/PRD-整改R5-R7-资金风控.md,5. 边界条件与异常场景表,"| E21 | 限额配置变更 | 限额调整（如 50,000 → 100,000） | 读配置即时生效；存量单据级别不回改 | R6 |",exception,P1,#应满足：E21,源码路径+行号、对应运行测试或数据库/Redis/队列证据,表格单元格已拆为单一字段断言
REQ-CF-01389,core-finance,docs/PRD-整改R5-R7-资金风控.md,5. 边界条件与异常场景表,"| E21 | 限额配置变更 | 限额调整（如 50,000 → 100,000） | 读配置即时生效；存量单据级别不回改 | R6 |",exception,P1,场景应满足：限额配置变更,源码路径+行号、对应运行测试或数据库/Redis/队列证据,表格单元格已拆为单一字段断言
REQ-CF-01390,core-finance,docs/PRD-整改R5-R7-资金风控.md,5. 边界条件与异常场景表,"| E21 | 限额配置变更 | 限额调整（如 50,000 → 100,000） | 读配置即时生效；存量单据级别不回改 | R6 |",exception,P1,"触发条件应满足：限额调整（如 50,000 → 100,000）",源码路径+行号、对应运行测试或数据库/Redis/队列证据,表格单元格已拆为单一字段断言
REQ-CF-01391,core-finance,docs/PRD-整改R5-R7-资金风控.md,5. 边界条件与异常场景表,"| E21 | 限额配置变更 | 限额调整（如 50,000 → 100,000） | 读配置即时生效；存量单据级别不回改 | R6 |",exception,P1,预期行为应满足：读配置即时生效；存量单据级别不回改,源码路径+行号、对应运行测试或数据库/Redis/队列证据,表格单元格已拆为单一字段断言
REQ-CF-01393,core-finance,docs/PRD-整改R5-R7-资金风控.md,5. 边界条件与异常场景表,| E22 | 未启用 2FA 操作者 | finance/admin 未启用 2FA 执行资金操作 | 拦截 + 引导启用（mandatory_admin，默认）；启用后继续（裁决 B12） | R7 |,exception,P1,#应满足：E22,源码路径+行号、对应运行测试或数据库/Redis/队列证据,表格单元格已拆为单一字段断言
REQ-CF-01394,core-finance,docs/PRD-整改R5-R7-资金风控.md,5. 边界条件与异常场景表,| E22 | 未启用 2FA 操作者 | finance/admin 未启用 2FA 执行资金操作 | 拦截 + 引导启用（mandatory_admin，默认）；启用后继续（裁决 B12） | R7 |,exception,P1,场景应满足：未启用 2FA 操作者,源码路径+行号、对应运行测试或数据库/Redis/队列证据,表格单元格已拆为单一字段断言
REQ-CF-01395,core-finance,docs/PRD-整改R5-R7-资金风控.md,5. 边界条件与异常场景表,| E22 | 未启用 2FA 操作者 | finance/admin 未启用 2FA 执行资金操作 | 拦截 + 引导启用（mandatory_admin，默认）；启用后继续（裁决 B12） | R7 |,exception,P0,触发条件应满足：finance/admin 未启用 2FA 执行资金操作,源码路径+行号、对应运行测试或数据库/Redis/队列证据,表格单元格已拆为单一字段断言
REQ-CF-01396,core-finance,docs/PRD-整改R5-R7-资金风控.md,5. 边界条件与异常场景表,| E22 | 未启用 2FA 操作者 | finance/admin 未启用 2FA 执行资金操作 | 拦截 + 引导启用（mandatory_admin，默认）；启用后继续（裁决 B12） | R7 |,exception,P1,预期行为应满足：拦截 + 引导启用（mandatory_admin，默认）；启用后继续（裁决 B12）,源码路径+行号、对应运行测试或数据库/Redis/队列证据,表格单元格已拆为单一字段断言
REQ-CF-01397,core-finance,docs/PRD-整改R5-R7-资金风控.md,5. 边界条件与异常场景表,## 5. 边界条件与异常场景表,exception,P1,归属应满足：R7,源码路径+行号、对应运行测试或数据库/Redis/队列证据,表格单元格已拆为单一字段断言
REQ-CF-01398,core-finance,docs/PRD-整改R5-R7-资金风控.md,5. 边界条件与异常场景表,| E23 | TOTP 连续失败 | 连续 5 次验证失败 | 锁定 15 分钟，429 + 倒计时 + 审计 + 管理员告警（与登录共享计数，裁决 B14） | R7 |,exception,P1,#应满足：E23,源码路径+行号、对应运行测试或数据库/Redis/队列证据,表格单元格已拆为单一字段断言
REQ-CF-01399,core-finance,docs/PRD-整改R5-R7-资金风控.md,5. 边界条件与异常场景表,| E23 | TOTP 连续失败 | 连续 5 次验证失败 | 锁定 15 分钟，429 + 倒计时 + 审计 + 管理员告警（与登录共享计数，裁决 B14） | R7 |,exception,P1,场景应满足：TOTP 连续失败,源码路径+行号、对应运行测试或数据库/Redis/队列证据,表格单元格已拆为单一字段断言
REQ-CF-01400,core-finance,docs/PRD-整改R5-R7-资金风控.md,5. 边界条件与异常场景表,| E23 | TOTP 连续失败 | 连续 5 次验证失败 | 锁定 15 分钟，429 + 倒计时 + 审计 + 管理员告警（与登录共享计数，裁决 B14） | R7 |,exception,P1,触发条件应满足：连续 5 次验证失败,源码路径+行号、对应运行测试或数据库/Redis/队列证据,表格单元格已拆为单一字段断言
REQ-CF-01401,core-finance,docs/PRD-整改R5-R7-资金风控.md,5. 边界条件与异常场景表,| E23 | TOTP 连续失败 | 连续 5 次验证失败 | 锁定 15 分钟，429 + 倒计时 + 审计 + 管理员告警（与登录共享计数，裁决 B14） | R7 |,performance,P1,预期行为应满足：锁定 15 分钟，429 + 倒计时 + 审计 + 管理员告警（与登录共享计数，裁决 B14）,源码路径+行号、对应运行测试或数据库/Redis/队列证据,表格单元格已拆为单一字段断言
REQ-CF-01403,core-finance,docs/PRD-整改R5-R7-资金风控.md,5. 边界条件与异常场景表,| E24 | 备用码一次性 | 操作级使用备用码 | 校验通过后该码作废（从剩余列表移除） | R7 |,exception,P1,#应满足：E24,源码路径+行号、对应运行测试或数据库/Redis/队列证据,表格单元格已拆为单一字段断言
REQ-CF-01404,core-finance,docs/PRD-整改R5-R7-资金风控.md,5. 边界条件与异常场景表,| E24 | 备用码一次性 | 操作级使用备用码 | 校验通过后该码作废（从剩余列表移除） | R7 |,exception,P1,场景应满足：备用码一次性,源码路径+行号、对应运行测试或数据库/Redis/队列证据,表格单元格已拆为单一字段断言
REQ-CF-01405,core-finance,docs/PRD-整改R5-R7-资金风控.md,5. 边界条件与异常场景表,| E24 | 备用码一次性 | 操作级使用备用码 | 校验通过后该码作废（从剩余列表移除） | R7 |,exception,P1,触发条件应满足：操作级使用备用码,源码路径+行号、对应运行测试或数据库/Redis/队列证据,表格单元格已拆为单一字段断言
REQ-CF-01406,core-finance,docs/PRD-整改R5-R7-资金风控.md,5. 边界条件与异常场景表,| E24 | 备用码一次性 | 操作级使用备用码 | 校验通过后该码作废（从剩余列表移除） | R7 |,exception,P1,预期行为应满足：校验通过后该码作废（从剩余列表移除）,源码路径+行号、对应运行测试或数据库/Redis/队列证据,表格单元格已拆为单一字段断言
REQ-CF-01408,core-finance,docs/PRD-整改R5-R7-资金风控.md,5. 边界条件与异常场景表,"| E25 | 备用码用尽 | 剩余 0 个且尝试使用 | 提示""备用码已用尽，请重新生成或使用认证器"" | R7 |",exception,P1,#应满足：E25,源码路径+行号、对应运行测试或数据库/Redis/队列证据,表格单元格已拆为单一字段断言
REQ-CF-01409,core-finance,docs/PRD-整改R5-R7-资金风控.md,5. 边界条件与异常场景表,"| E25 | 备用码用尽 | 剩余 0 个且尝试使用 | 提示""备用码已用尽，请重新生成或使用认证器"" | R7 |",exception,P1,场景应满足：备用码用尽,源码路径+行号、对应运行测试或数据库/Redis/队列证据,表格单元格已拆为单一字段断言
REQ-CF-01410,core-finance,docs/PRD-整改R5-R7-资金风控.md,5. 边界条件与异常场景表,"| E25 | 备用码用尽 | 剩余 0 个且尝试使用 | 提示""备用码已用尽，请重新生成或使用认证器"" | R7 |",exception,P1,触发条件应满足：剩余 0 个且尝试使用,源码路径+行号、对应运行测试或数据库/Redis/队列证据,表格单元格已拆为单一字段断言
REQ-CF-01411,core-finance,docs/PRD-整改R5-R7-资金风控.md,5. 边界条件与异常场景表,"| E25 | 备用码用尽 | 剩余 0 个且尝试使用 | 提示""备用码已用尽，请重新生成或使用认证器"" | R7 |",exception,P1,"预期行为应满足：提示""备用码已用尽，请重新生成或使用认证器""",源码路径+行号、对应运行测试或数据库/Redis/队列证据,表格单元格已拆为单一字段断言
REQ-CF-01413,core-finance,docs/PRD-整改R5-R7-资金风控.md,5. 边界条件与异常场景表,"| E26 | 操作令牌过期 | 验证后超过 5 分钟提交 | 请求被拒，提示""身份验证已过期，请重新验证"" | R7 |",exception,P1,#应满足：E26,源码路径+行号、对应运行测试或数据库/Redis/队列证据,表格单元格已拆为单一字段断言
REQ-CF-01414,core-finance,docs/PRD-整改R5-R7-资金风控.md,5. 边界条件与异常场景表,"| E26 | 操作令牌过期 | 验证后超过 5 分钟提交 | 请求被拒，提示""身份验证已过期，请重新验证"" | R7 |",exception,P1,场景应满足：操作令牌过期,源码路径+行号、对应运行测试或数据库/Redis/队列证据,表格单元格已拆为单一字段断言
REQ-CF-01415,core-finance,docs/PRD-整改R5-R7-资金风控.md,5. 边界条件与异常场景表,"| E26 | 操作令牌过期 | 验证后超过 5 分钟提交 | 请求被拒，提示""身份验证已过期，请重新验证"" | R7 |",exception,P1,触发条件应满足：验证后超过 5 分钟提交,源码路径+行号、对应运行测试或数据库/Redis/队列证据,表格单元格已拆为单一字段断言
REQ-CF-01416,core-finance,docs/PRD-整改R5-R7-资金风控.md,5. 边界条件与异常场景表,"| E26 | 操作令牌过期 | 验证后超过 5 分钟提交 | 请求被拒，提示""身份验证已过期，请重新验证"" | R7 |",exception,P1,"预期行为应满足：请求被拒，提示""身份验证已过期，请重新验证""",源码路径+行号、对应运行测试或数据库/Redis/队列证据,表格单元格已拆为单一字段断言
REQ-CF-01418,core-finance,docs/PRD-整改R5-R7-资金风控.md,5. 边界条件与异常场景表,| E27 | 2FA 被强制重置 | 管理员重置用户 2FA | 该用户全部未过期操作令牌失效；下次资金操作须重新启用 2FA | R7 |,exception,P1,#应满足：E27,源码路径+行号、对应运行测试或数据库/Redis/队列证据,表格单元格已拆为单一字段断言
REQ-CF-01419,core-finance,docs/PRD-整改R5-R7-资金风控.md,5. 边界条件与异常场景表,| E27 | 2FA 被强制重置 | 管理员重置用户 2FA | 该用户全部未过期操作令牌失效；下次资金操作须重新启用 2FA | R7 |,exception,P1,场景应满足：2FA 被强制重置,源码路径+行号、对应运行测试或数据库/Redis/队列证据,表格单元格已拆为单一字段断言
REQ-CF-01420,core-finance,docs/PRD-整改R5-R7-资金风控.md,5. 边界条件与异常场景表,| E27 | 2FA 被强制重置 | 管理员重置用户 2FA | 该用户全部未过期操作令牌失效；下次资金操作须重新启用 2FA | R7 |,exception,P1,触发条件应满足：管理员重置用户 2FA,源码路径+行号、对应运行测试或数据库/Redis/队列证据,表格单元格已拆为单一字段断言
REQ-CF-01421,core-finance,docs/PRD-整改R5-R7-资金风控.md,5. 边界条件与异常场景表,| E27 | 2FA 被强制重置 | 管理员重置用户 2FA | 该用户全部未过期操作令牌失效；下次资金操作须重新启用 2FA | R7 |,exception,P0,预期行为应满足：该用户全部未过期操作令牌失效；下次资金操作须重新启用 2FA,源码路径+行号、对应运行测试或数据库/Redis/队列证据,表格单元格已拆为单一字段断言
REQ-CF-01423,core-finance,docs/PRD-整改R5-R7-资金风控.md,5. 边界条件与异常场景表,"| E28 | TOTP 时间偏差 | 手机时间不准 | 内置 ±1 窗口容差（±30s）；仍失败提示""请确认手机时间同步正确"" | R7 |",exception,P1,#应满足：E28,源码路径+行号、对应运行测试或数据库/Redis/队列证据,表格单元格已拆为单一字段断言
REQ-CF-01424,core-finance,docs/PRD-整改R5-R7-资金风控.md,5. 边界条件与异常场景表,"| E28 | TOTP 时间偏差 | 手机时间不准 | 内置 ±1 窗口容差（±30s）；仍失败提示""请确认手机时间同步正确"" | R7 |",exception,P1,场景应满足：TOTP 时间偏差,源码路径+行号、对应运行测试或数据库/Redis/队列证据,表格单元格已拆为单一字段断言
REQ-CF-01425,core-finance,docs/PRD-整改R5-R7-资金风控.md,5. 边界条件与异常场景表,"| E28 | TOTP 时间偏差 | 手机时间不准 | 内置 ±1 窗口容差（±30s）；仍失败提示""请确认手机时间同步正确"" | R7 |",exception,P1,触发条件应满足：手机时间不准,源码路径+行号、对应运行测试或数据库/Redis/队列证据,表格单元格已拆为单一字段断言
REQ-CF-01426,core-finance,docs/PRD-整改R5-R7-资金风控.md,5. 边界条件与异常场景表,"| E28 | TOTP 时间偏差 | 手机时间不准 | 内置 ±1 窗口容差（±30s）；仍失败提示""请确认手机时间同步正确"" | R7 |",exception,P1,"预期行为应满足：内置 ±1 窗口容差（±30s）；仍失败提示""请确认手机时间同步正确""",源码路径+行号、对应运行测试或数据库/Redis/队列证据,表格单元格已拆为单一字段断言
REQ-CF-01428,core-finance,docs/PRD-整改R5-R7-资金风控.md,5. 边界条件与异常场景表,| E29 | 令牌跨单据复用 | 5 分钟窗口内审核多笔 | 允许复用（免重复输入），每次操作仍校验令牌 | R7 |,exception,P1,#应满足：E29,源码路径+行号、对应运行测试或数据库/Redis/队列证据,表格单元格已拆为单一字段断言
REQ-CF-01429,core-finance,docs/PRD-整改R5-R7-资金风控.md,5. 边界条件与异常场景表,| E29 | 令牌跨单据复用 | 5 分钟窗口内审核多笔 | 允许复用（免重复输入），每次操作仍校验令牌 | R7 |,exception,P1,场景应满足：令牌跨单据复用,源码路径+行号、对应运行测试或数据库/Redis/队列证据,表格单元格已拆为单一字段断言
REQ-CF-01430,core-finance,docs/PRD-整改R5-R7-资金风控.md,5. 边界条件与异常场景表,| E29 | 令牌跨单据复用 | 5 分钟窗口内审核多笔 | 允许复用（免重复输入），每次操作仍校验令牌 | R7 |,exception,P1,触发条件应满足：5 分钟窗口内审核多笔,源码路径+行号、对应运行测试或数据库/Redis/队列证据,表格单元格已拆为单一字段断言
REQ-CF-01431,core-finance,docs/PRD-整改R5-R7-资金风控.md,5. 边界条件与异常场景表,| E29 | 令牌跨单据复用 | 5 分钟窗口内审核多笔 | 允许复用（免重复输入），每次操作仍校验令牌 | R7 |,exception,P1,预期行为应满足：允许复用（免重复输入），每次操作仍校验令牌,源码路径+行号、对应运行测试或数据库/Redis/队列证据,表格单元格已拆为单一字段断言
REQ-CF-01433,core-finance,docs/PRD-整改R5-R7-资金风控.md,5. 边界条件与异常场景表,| E30 | 2FA 与二次确认缺一 | 请求缺令牌或缺确认标记 | 后端拒绝（AND 关系，不得前端放行） | R7 |,exception,P1,#应满足：E30,源码路径+行号、对应运行测试或数据库/Redis/队列证据,表格单元格已拆为单一字段断言
REQ-CF-01434,core-finance,docs/PRD-整改R5-R7-资金风控.md,5. 边界条件与异常场景表,| E30 | 2FA 与二次确认缺一 | 请求缺令牌或缺确认标记 | 后端拒绝（AND 关系，不得前端放行） | R7 |,exception,P1,场景应满足：2FA 与二次确认缺一,源码路径+行号、对应运行测试或数据库/Redis/队列证据,表格单元格已拆为单一字段断言
REQ-CF-01435,core-finance,docs/PRD-整改R5-R7-资金风控.md,5. 边界条件与异常场景表,| E30 | 2FA 与二次确认缺一 | 请求缺令牌或缺确认标记 | 后端拒绝（AND 关系，不得前端放行） | R7 |,exception,P1,触发条件应满足：请求缺令牌或缺确认标记,源码路径+行号、对应运行测试或数据库/Redis/队列证据,表格单元格已拆为单一字段断言
REQ-CF-01436,core-finance,docs/PRD-整改R5-R7-资金风控.md,5. 边界条件与异常场景表,| E30 | 2FA 与二次确认缺一 | 请求缺令牌或缺确认标记 | 后端拒绝（AND 关系，不得前端放行） | R7 |,exception,P0,预期行为应满足：后端拒绝（AND 关系，不得前端放行）,源码路径+行号、对应运行测试或数据库/Redis/队列证据,表格单元格已拆为单一字段断言
REQ-CF-01438,core-finance,docs/PRD-整改R5-R7-资金风控.md,5. 边界条件与异常场景表,| E31 | 锁定期间操作 | 锁定中提交 2FA | 429 + 剩余倒计时提示 | R7 |,exception,P1,#应满足：E31,源码路径+行号、对应运行测试或数据库/Redis/队列证据,表格单元格已拆为单一字段断言
REQ-CF-01439,core-finance,docs/PRD-整改R5-R7-资金风控.md,5. 边界条件与异常场景表,| E31 | 锁定期间操作 | 锁定中提交 2FA | 429 + 剩余倒计时提示 | R7 |,exception,P1,场景应满足：锁定期间操作,源码路径+行号、对应运行测试或数据库/Redis/队列证据,表格单元格已拆为单一字段断言
REQ-CF-01440,core-finance,docs/PRD-整改R5-R7-资金风控.md,5. 边界条件与异常场景表,| E31 | 锁定期间操作 | 锁定中提交 2FA | 429 + 剩余倒计时提示 | R7 |,exception,P1,触发条件应满足：锁定中提交 2FA,源码路径+行号、对应运行测试或数据库/Redis/队列证据,表格单元格已拆为单一字段断言
REQ-CF-01441,core-finance,docs/PRD-整改R5-R7-资金风控.md,5. 边界条件与异常场景表,| E31 | 锁定期间操作 | 锁定中提交 2FA | 429 + 剩余倒计时提示 | R7 |,exception,P1,预期行为应满足：429 + 剩余倒计时提示,源码路径+行号、对应运行测试或数据库/Redis/队列证据,表格单元格已拆为单一字段断言
REQ-CF-01443,core-finance,docs/PRD-整改R5-R7-资金风控.md,R5 分级审批统一（对应整改方案 4.3 R5 验收）,"统一大额规则配置生效（`finance_rules.large_amount`）：≤¥10,000 单审、>¥10,000 双人（创建 ≠ 审核）、>¥100,000 追加 super_admin，人工上账 / 充值订单 / 调账三路径按同一金额口径触发（对应整改方案验收""各资金端点按金额触发对应审批级别""）",test,P0,"统一大额规则配置生效（`finance_rules.large_amount`）：≤¥10,000 单审、>¥10,000 双人（创建 ≠ 审核）、>¥100,000 追加 super_admin，人工上账 / 充值订单 / 调账三路径按同一金额口径触发（对应整改方案验收""各资金端点按金额触发对应审批级别""）",源码路径+行号、对应运行测试或数据库/Redis/队列证据,N/A：原审计记录未提供补充依据；待复核源码、测试及运行证据。
REQ-CF-01444,core-finance,docs/PRD-整改R5-R7-资金风控.md,R5 分级审批统一（对应整改方案 4.3 R5 验收）,"调增 <¥10,000 免审批已取消（或白名单科目免审开关生效且默认关闭），调增全部至少一级审批",test,P1,"调增 <¥10,000 免审批已取消（或白名单科目免审开关生效且默认关闭），调增全部至少一级审批",源码路径+行号、对应运行测试或数据库/Redis/队列证据,N/A：原审计记录未提供补充依据；待复核源码、测试及运行证据。
REQ-CF-01445,core-finance,docs/PRD-整改R5-R7-资金风控.md,R5 分级审批统一（对应整改方案 4.3 R5 验收）,"审批人 ≠ 创建人/申请人（人工上账/充值订单新增校验，调账既有语义保持）；一级 ≠ 二级；super_admin 终审 ≠ 前两级（对应整改方案验收""审批人 ≠ 创建人""）",test,P1,"审批人 ≠ 创建人/申请人（人工上账/充值订单新增校验，调账既有语义保持）；一级 ≠ 二级；super_admin 终审 ≠ 前两级（对应整改方案验收""审批人 ≠ 创建人""）",源码路径+行号、对应运行测试或数据库/Redis/队列证据,N/A：原审计记录未提供补充依据；待复核源码、测试及运行证据。
REQ-CF-01446,core-finance,docs/PRD-整改R5-R7-资金风控.md,R5 分级审批统一（对应整改方案 4.3 R5 验收）,人工上账 / 充值订单状态扩展 `pending_level2`（待双人复核）流转正确，双人档与终审档各环节可在 UI 可见,test,P1,人工上账 / 充值订单状态扩展 `pending_level2`（待双人复核）流转正确，双人档与终审档各环节可在 UI 可见,源码路径+行号、对应运行测试或数据库/Redis/队列证据,N/A：原审计记录未提供补充依据；待复核源码、测试及运行证据。
REQ-CF-01447,core-finance,docs/PRD-整改R5-R7-资金风控.md,R5 分级审批统一（对应整改方案 4.3 R5 验收）,调账新增 level3（pending_super）终审链可用,test,P1,调账新增 level3（pending_super）终审链可用,源码路径+行号、对应运行测试或数据库/Redis/队列证据,N/A：原审计记录未提供补充依据；待复核源码、测试及运行证据。
REQ-CF-01448,core-finance,docs/PRD-整改R5-R7-资金风控.md,R5 分级审批统一（对应整改方案 4.3 R5 验收）,任一步骤驳回均可用且驳回原因必填、落库,test,P1,任一步骤驳回均可用且驳回原因必填、落库,源码路径+行号、对应运行测试或数据库/Redis/队列证据,N/A：原审计记录未提供补充依据；待复核源码、测试及运行证据。
REQ-CF-01449,core-finance,docs/PRD-整改R5-R7-资金风控.md,R5 分级审批统一（对应整改方案 4.3 R5 验收）,"审批人不足时单据滞留 + 提示 + 通知 super_admin；super_admin 代审填写""降级代审原因""并写审计",test,P1,"审批人不足时单据滞留 + 提示 + 通知 super_admin；super_admin 代审填写""降级代审原因""并写审计",源码路径+行号、对应运行测试或数据库/Redis/队列证据,N/A：原审计记录未提供补充依据；待复核源码、测试及运行证据。
REQ-CF-01450,core-finance,docs/PRD-整改R5-R7-资金风控.md,R5 分级审批统一（对应整改方案 4.3 R5 验收）,大额规则配置变更后新单据按新规则定级，存量单据级别不变（提交时点固化）,test,P1,大额规则配置变更后新单据按新规则定级，存量单据级别不变（提交时点固化）,源码路径+行号、对应运行测试或数据库/Redis/队列证据,N/A：原审计记录未提供补充依据；待复核源码、测试及运行证据。
REQ-CF-01451,core-finance,docs/PRD-整改R5-R7-资金风控.md,R6 拆分规避与限额（对应整改方案 4.3 R6 验收）,"同一操作人 24h 内 9 次 ¥9,999 调增/上账：第 6 笔起强制升级双人审批（对应整改方案验收""9×¥9,999 场景触发审批""）",test,P1,"同一操作人 24h 内 9 次 ¥9,999 调增/上账：第 6 笔起强制升级双人审批（对应整改方案验收""9×¥9,999 场景触发审批""）",源码路径+行号、对应运行测试或数据库/Redis/队列证据,N/A：原审计记录未提供补充依据；待复核源码、测试及运行证据。
REQ-CF-01452,core-finance,docs/PRD-整改R5-R7-资金风控.md,R6 拆分规避与限额（对应整改方案 4.3 R6 验收）,被入账用户 24h 累计生效：跨操作人给同一用户累计超限 → 后续笔升级,test,P1,被入账用户 24h 累计生效：跨操作人给同一用户累计超限 → 后续笔升级,源码路径+行号、对应运行测试或数据库/Redis/队列证据,产品裁决/后续阶段
REQ-CF-01453,core-finance,docs/PRD-整改R5-R7-资金风控.md,R6 拆分规避与限额（对应整改方案 4.3 R6 验收）,"超限行为按配置执行：默认升级（级别 = max(金额档, 双人档)），可切换拒绝（`exceed_action`）",test,P1,"超限行为按配置执行：默认升级（级别 = max(金额档, 双人档)），可切换拒绝（`exceed_action`）",源码路径+行号、对应运行测试或数据库/Redis/队列证据,N/A：原审计记录未提供补充依据；待复核源码、测试及运行证据。
REQ-CF-01454,core-finance,docs/PRD-整改R5-R7-资金风控.md,R6 拆分规避与限额（对应整改方案 4.3 R6 验收）,先查限额 → 再定审批级别：限额升级后的审批级别正确落库，`limit_escalated` 标记展示,test,P1,先查限额 → 再定审批级别：限额升级后的审批级别正确落库，`limit_escalated` 标记展示,源码路径+行号、对应运行测试或数据库/Redis/队列证据,N/A：原审计记录未提供补充依据；待复核源码、测试及运行证据。
REQ-CF-01455,core-finance,docs/PRD-整改R5-R7-资金风控.md,R6 拆分规避与限额（对应整改方案 4.3 R6 验收）,24h 滚动窗口正确（跨日/跨周场景）,test,P1,24h 滚动窗口正确（跨日/跨周场景）,源码路径+行号、对应运行测试或数据库/Redis/队列证据,N/A：原审计记录未提供补充依据；待复核源码、测试及运行证据。
REQ-CF-01456,core-finance,docs/PRD-整改R5-R7-资金风控.md,R6 拆分规避与限额（对应整改方案 4.3 R6 验收）,免审白名单单（若开启）计入累计，不能拆单绕过,test,P1,免审白名单单（若开启）计入累计，不能拆单绕过,源码路径+行号、对应运行测试或数据库/Redis/队列证据,N/A：原审计记录未提供补充依据；待复核源码、测试及运行证据。
REQ-CF-01457,core-finance,docs/PRD-整改R5-R7-资金风控.md,R6 拆分规避与限额（对应整改方案 4.3 R6 验收）,豁免配置生效（默认空数组，super_admin 默认不豁免）,test,P1,豁免配置生效（默认空数组，super_admin 默认不豁免）,源码路径+行号、对应运行测试或数据库/Redis/队列证据,N/A：原审计记录未提供补充依据；待复核源码、测试及运行证据。
REQ-CF-01458,core-finance,docs/PRD-整改R5-R7-资金风控.md,R6 拆分规避与限额（对应整改方案 4.3 R6 验收）,超限提示文案与二次确认弹窗一致（升级/拒绝两种文案）,test,P1,超限提示文案与二次确认弹窗一致（升级/拒绝两种文案）,源码路径+行号、对应运行测试或数据库/Redis/队列证据,N/A：原审计记录未提供补充依据；待复核源码、测试及运行证据。
REQ-CF-01459,core-finance,docs/PRD-整改R5-R7-资金风控.md,R7 操作级 2FA + 二次确认（对应整改方案 4.3 R7 验收）,"资金写操作未携带有效操作级 2FA 令牌 → 后端拒绝（对应整改方案验收""未 2FA 请求被拒""）",test,P0,"资金写操作未携带有效操作级 2FA 令牌 → 后端拒绝（对应整改方案验收""未 2FA 请求被拒""）",源码路径+行号、对应运行测试或数据库/Redis/队列证据,N/A：原审计记录未提供补充依据；待复核源码、测试及运行证据。
REQ-CF-01460,core-finance,docs/PRD-整改R5-R7-资金风控.md,R7 操作级 2FA + 二次确认（对应整改方案 4.3 R7 验收）,操作级 2FA 与二次确认为 AND：任一缺失后端拒绝,test,P1,操作级 2FA 与二次确认为 AND：任一缺失后端拒绝,源码路径+行号、对应运行测试或数据库/Redis/队列证据,N/A：原审计记录未提供补充依据；待复核源码、测试及运行证据。
REQ-CF-01461,core-finance,docs/PRD-整改R5-R7-资金风控.md,R7 操作级 2FA + 二次确认（对应整改方案 4.3 R7 验收）,"前端弹窗两步（2FA 身份验证 → 操作摘要二次确认）与后端校验一致（对应整改方案验收""前端弹窗与后端校验一致""）",test,P1,"前端弹窗两步（2FA 身份验证 → 操作摘要二次确认）与后端校验一致（对应整改方案验收""前端弹窗与后端校验一致""）",源码路径+行号、对应运行测试或数据库/Redis/队列证据,N/A：原审计记录未提供补充依据；待复核源码、测试及运行证据。
REQ-CF-01462,core-finance,docs/PRD-整改R5-R7-资金风控.md,R7 操作级 2FA + 二次确认（对应整改方案 4.3 R7 验收）,未启用 2FA 的资金角色（finance/admin/super_admin）执行资金操作被拦截并引导启用（`mandatory_admin` 默认）,test,P0,未启用 2FA 的资金角色（finance/admin/super_admin）执行资金操作被拦截并引导启用（`mandatory_admin` 默认）,源码路径+行号、对应运行测试或数据库/Redis/队列证据,N/A：原审计记录未提供补充依据；待复核源码、测试及运行证据。
REQ-CF-01463,core-finance,docs/PRD-整改R5-R7-资金风控.md,R7 操作级 2FA + 二次确认（对应整改方案 4.3 R7 验收）,连续 5 次失败锁定 15 分钟（429 + 倒计时 + 审计 + 管理员告警），与登录失败计数共享,test,P1,连续 5 次失败锁定 15 分钟（429 + 倒计时 + 审计 + 管理员告警），与登录失败计数共享,源码路径+行号、对应运行测试或数据库/Redis/队列证据,N/A：原审计记录未提供补充依据；待复核源码、测试及运行证据。
REQ-CF-01464,core-finance,docs/PRD-整改R5-R7-资金风控.md,R7 操作级 2FA + 二次确认（对应整改方案 4.3 R7 验收）,备用码可用于操作级 2FA 且一次性作废；用尽时提示重新生成,test,P1,备用码可用于操作级 2FA 且一次性作废；用尽时提示重新生成,源码路径+行号、对应运行测试或数据库/Redis/队列证据,N/A：原审计记录未提供补充依据；待复核源码、测试及运行证据。
REQ-CF-01465,core-finance,docs/PRD-整改R5-R7-资金风控.md,R7 操作级 2FA + 二次确认（对应整改方案 4.3 R7 验收）,操作令牌 5 分钟过期，窗口内同一操作者多次资金操作免重复输入，每次操作仍校验,test,P0,操作令牌 5 分钟过期，窗口内同一操作者多次资金操作免重复输入，每次操作仍校验,源码路径+行号、对应运行测试或数据库/Redis/队列证据,N/A：原审计记录未提供补充依据；待复核源码、测试及运行证据。
REQ-CF-01466,core-finance,docs/PRD-整改R5-R7-资金风控.md,R7 操作级 2FA + 二次确认（对应整改方案 4.3 R7 验收）,管理员强制重置 2FA 后该用户操作令牌全部失效,test,P1,管理员强制重置 2FA 后该用户操作令牌全部失效,源码路径+行号、对应运行测试或数据库/Redis/队列证据,N/A：原审计记录未提供补充依据；待复核源码、测试及运行证据。
REQ-CF-01467,core-finance,docs/PRD-整改R5-R7-资金风控.md,R7 操作级 2FA + 二次确认（对应整改方案 4.3 R7 验收）,驳回/拒绝类资金操作同样要求 2FA（裁决 B16 通过时）,test,P0,驳回/拒绝类资金操作同样要求 2FA（裁决 B16 通过时）,源码路径+行号、对应运行测试或数据库/Redis/队列证据,N/A：原审计记录未提供补充依据；待复核源码、测试及运行证据。
REQ-CF-01468,core-finance,docs/PRD-整改R5-R7-资金风控.md,R7 操作级 2FA + 二次确认（对应整改方案 4.3 R7 验收）,2FA 校验成功/失败/锁定/令牌签发均写审计,test,P1,2FA 校验成功/失败/锁定/令牌签发均写审计,源码路径+行号、对应运行测试或数据库/Redis/队列证据,N/A：原审计记录未提供补充依据；待复核源码、测试及运行证据。
REQ-CF-01469,core-finance,docs/PRD-整改R5-R7-资金风控.md,P1 合规（不可降级）,涉及页面（人工上账/调账/充值订单审核/待我审批/风控规则配置）标题旁有 `[?]` 页面帮助，内容与本 PRD 第 7 节一致,page,P1,涉及页面（人工上账/调账/充值订单审核/待我审批/风控规则配置）标题旁有 `[?]` 页面帮助，内容与本 PRD 第 7 节一致,源码路径+行号、对应运行测试或数据库/Redis/队列证据,N/A：原审计记录未提供补充依据；待复核源码、测试及运行证据。
REQ-CF-01470,core-finance,docs/PRD-整改R5-R7-资金风控.md,P1 合规（不可降级）,本期新增/涉及按钮（审核通过、复核通过、终审、驳回、发起调账、红冲、2FA 验证、确认执行等）均有 `[?]` 帮助，内容与本 PRD 第 8 节一致,action,P1,本期新增/涉及按钮（审核通过、复核通过、终审、驳回、发起调账、红冲、2FA 验证、确认执行等）均有 `[?]` 帮助，内容与本 PRD 第 8 节一致,源码路径+行号、对应运行测试或数据库/Redis/队列证据,N/A：原审计记录未提供补充依据；待复核源码、测试及运行证据。
REQ-CF-01471,core-finance,docs/PRD-整改R5-R7-资金风控.md,7. ### [?] 页面帮助,数据源：以下内容作为各页面 `PageHelp` 弹窗内容（pageKey 建议：`finance-manual-topup`、`finance-adjust`、`finance-recharge-audit`、`finance-pending-approval`、`finance-risk-config`，最终由 frontend-agent 按现有帮助组件约定落地）。,page,P1,数据源：以下内容作为各页面 `PageHelp` 弹窗内容（pageKey 建议：`finance-manual-topup`、`finance-adjust`、`finance-recharge-audit`、`finance-pending-approval`、`finance-risk-config`，最终由 frontend-agent 按现有帮助组件约定落地）。,源码路径+行号、对应运行测试或数据库/Redis/队列证据,N/A：原审计记录未提供补充依据；待复核源码、测试及运行证据。
REQ-CF-01472,core-finance,docs/PRD-整改R5-R7-资金风控.md,7.1 财务 → 人工上账 / 充值订单审核,### 7.1 财务 → 人工上账 / 充值订单审核,page,P1,**页面名称**：财务 → 人工上账 / 充值订单审核,源码路径+行号、对应运行测试或数据库/Redis/队列证据,N/A：原审计记录未提供补充依据；待复核源码、测试及运行证据。
REQ-CF-01473,core-finance,docs/PRD-整改R5-R7-资金风控.md,7.1 财务 → 人工上账 / 充值订单审核,### 7.1 财务 → 人工上账 / 充值订单审核,permission,P1,**适用角色**：财务（finance）、管理员（admin / super_admin）；持 `finance.topup` 权限点,源码路径+行号、对应运行测试或数据库/Redis/队列证据,N/A：原审计记录未提供补充依据；待复核源码、测试及运行证据。
REQ-CF-01474,core-finance,docs/PRD-整改R5-R7-资金风控.md,7.1 财务 → 人工上账 / 充值订单审核,### 7.1 财务 → 人工上账 / 充值订单审核,logic,P0,**功能定位**：管理员/财务为指定用户进行资金入账（线下/对公到账凭凭证入账、用户自助充值确认到账），全过程分级审批、双因素认证、二次确认、留痕可冲正。,源码路径+行号、对应运行测试或数据库/Redis/队列证据,N/A：原审计记录未提供补充依据；待复核源码、测试及运行证据。
REQ-CF-01475,core-finance,docs/PRD-整改R5-R7-资金风控.md,7.1 财务 → 人工上账 / 充值订单审核,### 7.1 财务 → 人工上账 / 充值订单审核,field,P1,1. 发起人工上账（用户 → 金额 → 凭证/单号 → 提交）,源码路径+行号、对应运行测试或数据库/Redis/队列证据,N/A：原审计记录未提供补充依据；待复核源码、测试及运行证据。
REQ-CF-01476,core-finance,docs/PRD-整改R5-R7-资金风控.md,7.1 财务 → 人工上账 / 充值订单审核,### 7.1 财务 → 人工上账 / 充值订单审核,field,P1,"2. 待审核列表 → 按单据金额进入对应审批环节：≤¥10,000 单审；>¥10,000 双人复核；>¥100,000 追加 super_admin 终审（充值订单）",源码路径+行号、对应运行测试或数据库/Redis/队列证据,N/A：原审计记录未提供补充依据；待复核源码、测试及运行证据。
REQ-CF-01477,core-finance,docs/PRD-整改R5-R7-资金风控.md,7.1 财务 → 人工上账 / 充值订单审核,### 7.1 财务 → 人工上账 / 充值订单审核,action,P1,3. 审核通过 → 入账 → 用户收到到账通知；驳回 → 填写原因,源码路径+行号、对应运行测试或数据库/Redis/队列证据,N/A：原审计记录未提供补充依据；待复核源码、测试及运行证据。
REQ-CF-01478,core-finance,docs/PRD-整改R5-R7-资金风控.md,7.1 财务 → 人工上账 / 充值订单审核,### 7.1 财务 → 人工上账 / 充值订单审核,logic,P0,4. 审核前必须通过操作级 2FA（输入 TOTP/备用码）并二次确认,源码路径+行号、对应运行测试或数据库/Redis/队列证据,N/A：原审计记录未提供补充依据；待复核源码、测试及运行证据。
REQ-CF-01479,core-finance,docs/PRD-整改R5-R7-资金风控.md,7.1 财务 → 人工上账 / 充值订单审核,### 7.1 财务 → 人工上账 / 充值订单审核,logic,P1,审批人不能审批自己发起的单据（职责分离）；一级与二级审批不能为同一人,源码路径+行号、对应运行测试或数据库/Redis/队列证据,N/A：原审计记录未提供补充依据；待复核源码、测试及运行证据。
REQ-CF-01480,core-finance,docs/PRD-整改R5-R7-资金风控.md,7.1 财务 → 人工上账 / 充值订单审核,### 7.1 财务 → 人工上账 / 充值订单审核,logic,P0,发起/审核均为资金写操作，后端强制 2FA + 二次确认,源码路径+行号、对应运行测试或数据库/Redis/队列证据,N/A：原审计记录未提供补充依据；待复核源码、测试及运行证据。
REQ-CF-01481,core-finance,docs/PRD-整改R5-R7-资金风控.md,7.1 财务 → 人工上账 / 充值订单审核,### 7.1 财务 → 人工上账 / 充值订单审核,logic,P1,"操作人 24h 累计入账超过 ¥50,000 后，后续入账升级为双人审批",源码路径+行号、对应运行测试或数据库/Redis/队列证据,产品裁决/后续阶段
REQ-CF-01482,core-finance,docs/PRD-整改R5-R7-资金风控.md,7.1 财务 → 人工上账 / 充值订单审核,### 7.1 财务 → 人工上账 / 充值订单审核,logic,P1,"单笔人工上账不超过 ¥50,000",源码路径+行号、对应运行测试或数据库/Redis/队列证据,N/A：原审计记录未提供补充依据；待复核源码、测试及运行证据。
REQ-CF-01483,core-finance,docs/PRD-整改R5-R7-资金风控.md,7.1 财务 → 人工上账 / 充值订单审核,### 7.1 财务 → 人工上账 / 充值订单审核,logic,P1,错误入账通过红字冲销纠正，禁止直接修改/删除,源码路径+行号、对应运行测试或数据库/Redis/队列证据,N/A：原审计记录未提供补充依据；待复核源码、测试及运行证据。
REQ-CF-01484,core-finance,docs/PRD-整改R5-R7-资金风控.md,7.1 财务 → 人工上账 / 充值订单审核,### 7.1 财务 → 人工上账 / 充值订单审核,audit,P0,所有入账写资金流水与审计日志，用户收到站内信（必发）,源码路径+行号、对应运行测试或数据库/Redis/队列证据,N/A：原审计记录未提供补充依据；待复核源码、测试及运行证据。
REQ-CF-01485,core-finance,docs/PRD-整改R5-R7-资金风控.md,7.1 财务 → 人工上账 / 充值订单审核,### 7.1 财务 → 人工上账 / 充值订单审核,action,P1,"Q: 为什么审核按钮被禁用并提示""不能审批自己发起的单据""？",源码路径+行号、对应运行测试或数据库/Redis/队列证据,N/A：原审计记录未提供补充依据；待复核源码、测试及运行证据。
REQ-CF-01486,core-finance,docs/PRD-整改R5-R7-资金风控.md,7.1 财务 → 人工上账 / 充值订单审核,### 7.1 财务 → 人工上账 / 充值订单审核,permission,P1,A: 平台强制职责分离：创建人/申请人不能审批自己发起的单据，请由其他持有财务权限的操作者审批。,源码路径+行号、对应运行测试或数据库/Redis/队列证据,N/A：原审计记录未提供补充依据；待复核源码、测试及运行证据。
REQ-CF-01487,core-finance,docs/PRD-整改R5-R7-资金风控.md,7.1 财务 → 人工上账 / 充值订单审核,### 7.1 财务 → 人工上账 / 充值订单审核,logic,P1,"Q: 提示""待双人复核""是什么意思？",源码路径+行号、对应运行测试或数据库/Redis/队列证据,N/A：原审计记录未提供补充依据；待复核源码、测试及运行证据。
REQ-CF-01488,core-finance,docs/PRD-整改R5-R7-资金风控.md,7.1 财务 → 人工上账 / 充值订单审核,### 7.1 财务 → 人工上账 / 充值订单审核,field,P1,"A: 该单据金额超过 ¥10,000，一级审批已通过，需另一名审批人（不能是一级审批人本人）完成二级复核后才能入账。",源码路径+行号、对应运行测试或数据库/Redis/队列证据,N/A：原审计记录未提供补充依据；待复核源码、测试及运行证据。
REQ-CF-01489,core-finance,docs/PRD-整改R5-R7-资金风控.md,7.1 财务 → 人工上账 / 充值订单审核,### 7.1 财务 → 人工上账 / 充值订单审核,logic,P1,"Q: 提交时提示""将升级为双人审批""？",源码路径+行号、对应运行测试或数据库/Redis/队列证据,N/A：原审计记录未提供补充依据；待复核源码、测试及运行证据。
REQ-CF-01490,core-finance,docs/PRD-整改R5-R7-资金风控.md,7.1 财务 → 人工上账 / 充值订单审核,### 7.1 财务 → 人工上账 / 充值订单审核,logic,P1,"A: 您 24 小时内累计调增/上账已超过 ¥50,000 限额，本笔自动升级为双人审批以控制拆分风险。",源码路径+行号、对应运行测试或数据库/Redis/队列证据,N/A：原审计记录未提供补充依据；待复核源码、测试及运行证据。
REQ-CF-01491,core-finance,docs/PRD-整改R5-R7-资金风控.md,7.1 财务 → 人工上账 / 充值订单审核,### 7.1 财务 → 人工上账 / 充值订单审核,logic,P1,"Q: 输入验证码后提示""身份验证已过期""？",源码路径+行号、对应运行测试或数据库/Redis/队列证据,N/A：原审计记录未提供补充依据；待复核源码、测试及运行证据。
REQ-CF-01492,core-finance,docs/PRD-整改R5-R7-资金风控.md,7.1 财务 → 人工上账 / 充值订单审核,### 7.1 财务 → 人工上账 / 充值订单审核,logic,P1,A: 操作级 2FA 验证结果 5 分钟内有效，超时需重新输入验证码。,源码路径+行号、对应运行测试或数据库/Redis/队列证据,N/A：原审计记录未提供补充依据；待复核源码、测试及运行证据。
REQ-CF-01493,core-finance,docs/PRD-整改R5-R7-资金风控.md,7.2 财务 → 手动调账（发起 / 待我审批 / 调账台账）,### 7.2 财务 → 手动调账（发起 / 待我审批 / 调账台账）,page,P1,**页面名称**：财务 → 手动调账,源码路径+行号、对应运行测试或数据库/Redis/队列证据,N/A：原审计记录未提供补充依据；待复核源码、测试及运行证据。
REQ-CF-01494,core-finance,docs/PRD-整改R5-R7-资金风控.md,7.2 财务 → 手动调账（发起 / 待我审批 / 调账台账）,### 7.2 财务 → 手动调账（发起 / 待我审批 / 调账台账）,permission,P1,**适用角色**：管理员（admin / super_admin）；持 `finance.adjust` 权限点（finance 角色不可见）,源码路径+行号、对应运行测试或数据库/Redis/队列证据,N/A：原审计记录未提供补充依据；待复核源码、测试及运行证据。
REQ-CF-01495,core-finance,docs/PRD-整改R5-R7-资金风控.md,7.2 财务 → 手动调账（发起 / 待我审批 / 调账台账）,### 7.2 财务 → 手动调账（发起 / 待我审批 / 调账台账）,audit,P0,**功能定位**：为指定用户调增/调减余额（平台赠送、补偿、纠错、扣减），按金额分级审批，防拆分，全程审计，错误调账可红冲。,源码路径+行号、对应运行测试或数据库/Redis/队列证据,N/A：原审计记录未提供补充依据；待复核源码、测试及运行证据。
REQ-CF-01496,core-finance,docs/PRD-整改R5-R7-资金风控.md,7.2 财务 → 手动调账（发起 / 待我审批 / 调账台账）,### 7.2 财务 → 手动调账（发起 / 待我审批 / 调账台账）,field,P1,1. 发起调账：选择用户 → 方向（调增/调减）→ 金额 → 会计科目 → 原因 → 提交,源码路径+行号、对应运行测试或数据库/Redis/队列证据,N/A：原审计记录未提供补充依据；待复核源码、测试及运行证据。
REQ-CF-01497,core-finance,docs/PRD-整改R5-R7-资金风控.md,7.2 财务 → 手动调账（发起 / 待我审批 / 调账台账）,### 7.2 财务 → 手动调账（发起 / 待我审批 / 调账台账）,field,P1,"2. 金额 ≤¥10,000 单审；>¥10,000 双人复核；>¥100,000 追加 super_admin 终审",源码路径+行号、对应运行测试或数据库/Redis/队列证据,N/A：原审计记录未提供补充依据；待复核源码、测试及运行证据。
REQ-CF-01498,core-finance,docs/PRD-整改R5-R7-资金风控.md,7.2 财务 → 手动调账（发起 / 待我审批 / 调账台账）,### 7.2 财务 → 手动调账（发起 / 待我审批 / 调账台账）,logic,P1,3. 待我审批：一级/二级/终审队列，排除自己申请的单据,源码路径+行号、对应运行测试或数据库/Redis/队列证据,N/A：原审计记录未提供补充依据；待复核源码、测试及运行证据。
REQ-CF-01499,core-finance,docs/PRD-整改R5-R7-资金风控.md,7.2 财务 → 手动调账（发起 / 待我审批 / 调账台账）,### 7.2 财务 → 手动调账（发起 / 待我审批 / 调账台账）,logic,P1,4. 调账生效后错误可「红字冲销」生成反向记录,源码路径+行号、对应运行测试或数据库/Redis/队列证据,N/A：原审计记录未提供补充依据；待复核源码、测试及运行证据。
REQ-CF-01500,core-finance,docs/PRD-整改R5-R7-资金风控.md,7.2 财务 → 手动调账（发起 / 待我审批 / 调账台账）,### 7.2 财务 → 手动调账（发起 / 待我审批 / 调账台账）,logic,P1,"调增免审批已取消（除非开启白名单科目免审：仅赠送/补偿/纠错且 ≤¥1,000）",源码路径+行号、对应运行测试或数据库/Redis/队列证据,N/A：原审计记录未提供补充依据；待复核源码、测试及运行证据。
REQ-CF-01501,core-finance,docs/PRD-整改R5-R7-资金风控.md,7.2 财务 → 手动调账（发起 / 待我审批 / 调账台账）,### 7.2 财务 → 手动调账（发起 / 待我审批 / 调账台账）,logic,P1,申请人 ≠ 审批人；一级 ≠ 二级；红冲需独立审批,源码路径+行号、对应运行测试或数据库/Redis/队列证据,N/A：原审计记录未提供补充依据；待复核源码、测试及运行证据。
REQ-CF-01502,core-finance,docs/PRD-整改R5-R7-资金风控.md,7.2 财务 → 手动调账（发起 / 待我审批 / 调账台账）,### 7.2 财务 → 手动调账（发起 / 待我审批 / 调账台账）,logic,P1,"操作人/被入账用户 24h 累计调增+上账超过 ¥50,000 → 后续笔升级双人审批",源码路径+行号、对应运行测试或数据库/Redis/队列证据,产品裁决/后续阶段
REQ-CF-01503,core-finance,docs/PRD-整改R5-R7-资金风控.md,7.2 财务 → 手动调账（发起 / 待我审批 / 调账台账）,### 7.2 财务 → 手动调账（发起 / 待我审批 / 调账台账）,logic,P0,资金写操作需 2FA + 二次确认,源码路径+行号、对应运行测试或数据库/Redis/队列证据,N/A：原审计记录未提供补充依据；待复核源码、测试及运行证据。
REQ-CF-01504,core-finance,docs/PRD-整改R5-R7-资金风控.md,7.2 财务 → 手动调账（发起 / 待我审批 / 调账台账）,### 7.2 财务 → 手动调账（发起 / 待我审批 / 调账台账）,logic,P1,错误调账不删除不编辑，通过红字冲销纠正,源码路径+行号、对应运行测试或数据库/Redis/队列证据,N/A：原审计记录未提供补充依据；待复核源码、测试及运行证据。
REQ-CF-01505,core-finance,docs/PRD-整改R5-R7-资金风控.md,7.2 财务 → 手动调账（发起 / 待我审批 / 调账台账）,### 7.2 财务 → 手动调账（发起 / 待我审批 / 调账台账）,logic,P1,Q: 调增 ¥500 也要审批吗？,源码路径+行号、对应运行测试或数据库/Redis/队列证据,N/A：原审计记录未提供补充依据；待复核源码、测试及运行证据。
REQ-CF-01506,core-finance,docs/PRD-整改R5-R7-资金风控.md,7.2 财务 → 手动调账（发起 / 待我审批 / 调账台账）,### 7.2 财务 → 手动调账（发起 / 待我审批 / 调账台账）,logic,P1,"A: 默认是的（免审批已取消）；若运营开启白名单免审（赠送/补偿/纠错科目且 ≤¥1,000），符合条件的调增可提交即生效。",源码路径+行号、对应运行测试或数据库/Redis/队列证据,N/A：原审计记录未提供补充依据；待复核源码、测试及运行证据。
REQ-CF-01507,core-finance,docs/PRD-整改R5-R7-资金风控.md,7.2 财务 → 手动调账（发起 / 待我审批 / 调账台账）,### 7.2 财务 → 手动调账（发起 / 待我审批 / 调账台账）,logic,P1,"Q: 为什么""待我审批""看不到某些单据？",源码路径+行号、对应运行测试或数据库/Redis/队列证据,N/A：原审计记录未提供补充依据；待复核源码、测试及运行证据。
REQ-CF-01508,core-finance,docs/PRD-整改R5-R7-资金风控.md,7.2 财务 → 手动调账（发起 / 待我审批 / 调账台账）,### 7.2 财务 → 手动调账（发起 / 待我审批 / 调账台账）,logic,P1,A: 该队列已排除您自己申请的单据（职责分离）。,源码路径+行号、对应运行测试或数据库/Redis/队列证据,N/A：原审计记录未提供补充依据；待复核源码、测试及运行证据。
REQ-CF-01509,core-finance,docs/PRD-整改R5-R7-资金风控.md,7.2 财务 → 手动调账（发起 / 待我审批 / 调账台账）,### 7.2 财务 → 手动调账（发起 / 待我审批 / 调账台账）,field,P1,"A: 调减按金额分级：≤¥10,000 单审、>¥10,000 双人复核（恰为 ¥10,000 亦双人，保留更严语义），与调增同档统一。",源码路径+行号、对应运行测试或数据库/Redis/队列证据,N/A：原审计记录未提供补充依据；待复核源码、测试及运行证据。
REQ-CF-01510,core-finance,docs/PRD-整改R5-R7-资金风控.md,7.3 设置 → 风控规则配置（大额规则 / 限额 / 2FA 策略）,### 7.3 设置 → 风控规则配置（大额规则 / 限额 / 2FA 策略）,page,P1,**页面名称**：设置 → 风控规则配置,源码路径+行号、对应运行测试或数据库/Redis/队列证据,N/A：原审计记录未提供补充依据；待复核源码、测试及运行证据。
REQ-CF-01511,core-finance,docs/PRD-整改R5-R7-资金风控.md,7.3 设置 → 风控规则配置（大额规则 / 限额 / 2FA 策略）,### 7.3 设置 → 风控规则配置（大额规则 / 限额 / 2FA 策略）,permission,P1,**适用角色**：super_admin（2FA 策略）；admin / super_admin（大额规则与限额，权限归属待裁决 B17）,源码路径+行号、对应运行测试或数据库/Redis/队列证据,产品裁决/后续阶段
REQ-CF-01512,core-finance,docs/PRD-整改R5-R7-资金风控.md,7.3 设置 → 风控规则配置（大额规则 / 限额 / 2FA 策略）,### 7.3 设置 → 风控规则配置（大额规则 / 限额 / 2FA 策略）,logic,P1,**功能定位**：配置统一大额审批规则、24h 累计限额与操作级 2FA 策略，全局即时生效（新提交单据按新规则定级）。,源码路径+行号、对应运行测试或数据库/Redis/队列证据,N/A：原审计记录未提供补充依据；待复核源码、测试及运行证据。
REQ-CF-01513,core-finance,docs/PRD-整改R5-R7-资金风控.md,7.3 设置 → 风控规则配置（大额规则 / 限额 / 2FA 策略）,### 7.3 设置 → 风控规则配置（大额规则 / 限额 / 2FA 策略）,logic,P1,"1. 大额规则：单审上限（默认 ¥10,000）、双人触发线（>¥10,000）、super_admin 终审线（>¥100,000）、白名单免审开关",源码路径+行号、对应运行测试或数据库/Redis/队列证据,N/A：原审计记录未提供补充依据；待复核源码、测试及运行证据。
REQ-CF-01514,core-finance,docs/PRD-整改R5-R7-资金风控.md,7.3 设置 → 风控规则配置（大额规则 / 限额 / 2FA 策略）,### 7.3 设置 → 风控规则配置（大额规则 / 限额 / 2FA 策略）,permission,P1,"2. 限额：操作人 24h 累计、被入账用户 24h 累计（默认 ¥50,000）、超限行为（升级/拒绝）、豁免角色",源码路径+行号、对应运行测试或数据库/Redis/队列证据,N/A：原审计记录未提供补充依据；待复核源码、测试及运行证据。
REQ-CF-01515,core-finance,docs/PRD-整改R5-R7-资金风控.md,7.3 设置 → 风控规则配置（大额规则 / 限额 / 2FA 策略）,### 7.3 设置 → 风控规则配置（大额规则 / 限额 / 2FA 策略）,logic,P1,3. 2FA 策略：操作级 2FA 开关（mandatory_admin / disabled）、令牌有效期、锁定阈值,源码路径+行号、对应运行测试或数据库/Redis/队列证据,N/A：原审计记录未提供补充依据；待复核源码、测试及运行证据。
REQ-CF-01516,core-finance,docs/PRD-整改R5-R7-资金风控.md,7.3 设置 → 风控规则配置（大额规则 / 限额 / 2FA 策略）,### 7.3 设置 → 风控规则配置（大额规则 / 限额 / 2FA 策略）,logic,P1,配置变更即时生效；已提交单据的审批级别按提交时点固化，不受后续调整影响,源码路径+行号、对应运行测试或数据库/Redis/队列证据,产品裁决/后续阶段
REQ-CF-01517,core-finance,docs/PRD-整改R5-R7-资金风控.md,7.3 设置 → 风控规则配置（大额规则 / 限额 / 2FA 策略）,### 7.3 设置 → 风控规则配置（大额规则 / 限额 / 2FA 策略）,audit,P1,保存配置为敏感写操作，需 2FA + 二次确认并写审计,源码路径+行号、对应运行测试或数据库/Redis/队列证据,N/A：原审计记录未提供补充依据；待复核源码、测试及运行证据。
REQ-CF-01518,core-finance,docs/PRD-整改R5-R7-资金风控.md,7.3 设置 → 风控规则配置（大额规则 / 限额 / 2FA 策略）,### 7.3 设置 → 风控规则配置（大额规则 / 限额 / 2FA 策略）,logic,P1,"不建议将超限行为设为""拒绝""以外长期策略误用（默认升级）",源码路径+行号、对应运行测试或数据库/Redis/队列证据,N/A：原审计记录未提供补充依据；待复核源码、测试及运行证据。
REQ-CF-01519,core-finance,docs/PRD-整改R5-R7-资金风控.md,7.3 设置 → 风控规则配置（大额规则 / 限额 / 2FA 策略）,### 7.3 设置 → 风控规则配置（大额规则 / 限额 / 2FA 策略）,logic,P1,Q: 修改阈值后存量待审单据会怎样？,源码路径+行号、对应运行测试或数据库/Redis/队列证据,N/A：原审计记录未提供补充依据；待复核源码、测试及运行证据。
REQ-CF-01520,core-finance,docs/PRD-整改R5-R7-资金风控.md,7.3 设置 → 风控规则配置（大额规则 / 限额 / 2FA 策略）,### 7.3 设置 → 风控规则配置（大额规则 / 限额 / 2FA 策略）,logic,P1,A: 存量单据沿用提交时确定的审批级别，不受新配置影响。,源码路径+行号、对应运行测试或数据库/Redis/队列证据,N/A：原审计记录未提供补充依据；待复核源码、测试及运行证据。
REQ-CF-01521,core-finance,docs/PRD-整改R5-R7-资金风控.md,7.3 设置 → 风控规则配置（大额规则 / 限额 / 2FA 策略）,### 7.3 设置 → 风控规则配置（大额规则 / 限额 / 2FA 策略）,logic,P1,Q: 为什么 2FA 策略只有 super_admin 能改？,源码路径+行号、对应运行测试或数据库/Redis/队列证据,N/A：原审计记录未提供补充依据；待复核源码、测试及运行证据。
REQ-CF-01522,core-finance,docs/PRD-整改R5-R7-资金风控.md,7.3 设置 → 风控规则配置（大额规则 / 限额 / 2FA 策略）,### 7.3 设置 → 风控规则配置（大额规则 / 限额 / 2FA 策略）,permission,P1,A: 2FA 策略属最高安全策略，仅超级管理员可调整，防止低权限者自降风控。,源码路径+行号、对应运行测试或数据库/Redis/队列证据,N/A：原审计记录未提供补充依据；待复核源码、测试及运行证据。
REQ-CF-01523,core-finance,docs/PRD-整改R5-R7-资金风控.md,8. ### [?] 按钮级帮助对照表,数据源：以下内容作为各按钮 `ButtonHelp` Tooltip 内容（含页面已有但本期调整语义的按钮）。,action,P1,数据源：以下内容作为各按钮 `ButtonHelp` Tooltip 内容（含页面已有但本期调整语义的按钮）。,源码路径+行号、对应运行测试或数据库/Redis/队列证据,N/A：原审计记录未提供补充依据；待复核源码、测试及运行证据。
REQ-CF-01524,core-finance,docs/PRD-整改R5-R7-资金风控.md,8. ### [?] 按钮级帮助对照表,| 按钮/操作 | 帮助说明 |,action,P1,按钮/操作应满足：发起上账 [?],源码路径+行号、对应运行测试或数据库/Redis/队列证据,表格单元格已拆为单一字段断言
REQ-CF-01525,core-finance,docs/PRD-整改R5-R7-资金风控.md,8. ### [?] 按钮级帮助对照表,"| 发起上账 [?] | 为指定用户创建人工上账订单；提交后按金额进入对应审批环节（≤¥10,000 单审、>¥10,000 双人复核），审核通过前不改变用户余额 |",field,P0,"帮助说明应满足：为指定用户创建人工上账订单；提交后按金额进入对应审批环节（≤¥10,000 单审、>¥10,000 双人复核），审核通过前不改变用户余额",源码路径+行号、对应运行测试或数据库/Redis/队列证据,表格单元格已拆为单一字段断言
REQ-CF-01526,core-finance,docs/PRD-整改R5-R7-资金风控.md,8. ### [?] 按钮级帮助对照表,| 按钮/操作 | 帮助说明 |,action,P1,按钮/操作应满足：发起调账 [?],源码路径+行号、对应运行测试或数据库/Redis/队列证据,表格单元格已拆为单一字段断言
REQ-CF-01527,core-finance,docs/PRD-整改R5-R7-资金风控.md,8. ### [?] 按钮级帮助对照表,| 发起调账 [?] | 为指定用户调增/调减余额（赠送/补偿/纠错/扣减），需填写会计科目与原因；提交后按金额与 24h 累计限额定级审批 |,field,P0,帮助说明应满足：为指定用户调增/调减余额（赠送/补偿/纠错/扣减），需填写会计科目与原因；提交后按金额与 24h 累计限额定级审批,源码路径+行号、对应运行测试或数据库/Redis/队列证据,表格单元格已拆为单一字段断言
REQ-CF-01528,core-finance,docs/PRD-整改R5-R7-资金风控.md,8. ### [?] 按钮级帮助对照表,| 审核通过（一级）[?] | 一级审批：单审档通过即入账；双人/终审档通过后进入下一环节（待双人复核/待终审），不会立即入账 |,action,P1,按钮/操作应满足：审核通过（一级）[?],源码路径+行号、对应运行测试或数据库/Redis/队列证据,表格单元格已拆为单一字段断言
REQ-CF-01529,core-finance,docs/PRD-整改R5-R7-资金风控.md,8. ### [?] 按钮级帮助对照表,| 审核通过（一级）[?] | 一级审批：单审档通过即入账；双人/终审档通过后进入下一环节（待双人复核/待终审），不会立即入账 |,action,P1,帮助说明应满足：一级审批：单审档通过即入账；双人/终审档通过后进入下一环节（待双人复核/待终审），不会立即入账,源码路径+行号、对应运行测试或数据库/Redis/队列证据,表格单元格已拆为单一字段断言
REQ-CF-01530,core-finance,docs/PRD-整改R5-R7-资金风控.md,8. ### [?] 按钮级帮助对照表,| 复核通过（二级）[?] | 二级复核：双人档在此环节通过后入账生效；审批人不能与一级审批人相同 |,action,P1,按钮/操作应满足：复核通过（二级）[?],源码路径+行号、对应运行测试或数据库/Redis/队列证据,表格单元格已拆为单一字段断言
REQ-CF-01531,core-finance,docs/PRD-整改R5-R7-资金风控.md,8. ### [?] 按钮级帮助对照表,| 复核通过（二级）[?] | 二级复核：双人档在此环节通过后入账生效；审批人不能与一级审批人相同 |,action,P1,帮助说明应满足：二级复核：双人档在此环节通过后入账生效；审批人不能与一级审批人相同,源码路径+行号、对应运行测试或数据库/Redis/队列证据,表格单元格已拆为单一字段断言
REQ-CF-01532,core-finance,docs/PRD-整改R5-R7-资金风控.md,8. ### [?] 按钮级帮助对照表,"| 终审通过（super_admin）[?] | 终审档（>¥100,000）的最终确认，通过后入账生效；终审人不能是前两级审批人或创建人 |",action,P1,按钮/操作应满足：终审通过（super_admin）[?],源码路径+行号、对应运行测试或数据库/Redis/队列证据,表格单元格已拆为单一字段断言
REQ-CF-01533,core-finance,docs/PRD-整改R5-R7-资金风控.md,8. ### [?] 按钮级帮助对照表,"| 终审通过（super_admin）[?] | 终审档（>¥100,000）的最终确认，通过后入账生效；终审人不能是前两级审批人或创建人 |",action,P1,"帮助说明应满足：终审档（>¥100,000）的最终确认，通过后入账生效；终审人不能是前两级审批人或创建人",源码路径+行号、对应运行测试或数据库/Redis/队列证据,表格单元格已拆为单一字段断言
REQ-CF-01534,core-finance,docs/PRD-整改R5-R7-资金风控.md,8. ### [?] 按钮级帮助对照表,| 按钮/操作 | 帮助说明 |,action,P1,按钮/操作应满足：驳回 [?],源码路径+行号、对应运行测试或数据库/Redis/队列证据,表格单元格已拆为单一字段断言
REQ-CF-01535,core-finance,docs/PRD-整改R5-R7-资金风控.md,8. ### [?] 按钮级帮助对照表,| 驳回 [?] | 拒绝该单据，必须填写驳回原因；单据变为已驳回，不改变用户余额 |,action,P0,帮助说明应满足：拒绝该单据，必须填写驳回原因；单据变为已驳回，不改变用户余额,源码路径+行号、对应运行测试或数据库/Redis/队列证据,表格单元格已拆为单一字段断言
REQ-CF-01536,core-finance,docs/PRD-整改R5-R7-资金风控.md,8. ### [?] 按钮级帮助对照表,| 按钮/操作 | 帮助说明 |,action,P1,按钮/操作应满足：红字冲销 [?],源码路径+行号、对应运行测试或数据库/Redis/队列证据,表格单元格已拆为单一字段断言
REQ-CF-01537,core-finance,docs/PRD-整改R5-R7-资金风控.md,8. ### [?] 按钮级帮助对照表,| 红字冲销 [?] | 对已生效的错误调账生成反向记录进行冲正，需独立审批，不删除原记录；反向记录按自身金额重新定级 |,field,P1,帮助说明应满足：对已生效的错误调账生成反向记录进行冲正，需独立审批，不删除原记录；反向记录按自身金额重新定级,源码路径+行号、对应运行测试或数据库/Redis/队列证据,表格单元格已拆为单一字段断言
REQ-CF-01538,core-finance,docs/PRD-整改R5-R7-资金风控.md,8. ### [?] 按钮级帮助对照表,| 2FA 验证输入 [?] | 资金写操作前的身份验证：输入认证器 6 位动态码或备用码，验证结果 5 分钟内有效；连续 5 次错误将锁定 15 分钟 |,action,P1,按钮/操作应满足：2FA 验证输入 [?],源码路径+行号、对应运行测试或数据库/Redis/队列证据,表格单元格已拆为单一字段断言
REQ-CF-01539,core-finance,docs/PRD-整改R5-R7-资金风控.md,8. ### [?] 按钮级帮助对照表,| 2FA 验证输入 [?] | 资金写操作前的身份验证：输入认证器 6 位动态码或备用码，验证结果 5 分钟内有效；连续 5 次错误将锁定 15 分钟 |,action,P0,帮助说明应满足：资金写操作前的身份验证：输入认证器 6 位动态码或备用码，验证结果 5 分钟内有效；连续 5 次错误将锁定 15 分钟,源码路径+行号、对应运行测试或数据库/Redis/队列证据,表格单元格已拆为单一字段断言
REQ-CF-01540,core-finance,docs/PRD-整改R5-R7-资金风控.md,8. ### [?] 按钮级帮助对照表,| 按钮/操作 | 帮助说明 |,action,P1,按钮/操作应满足：确认执行 [?],源码路径+行号、对应运行测试或数据库/Redis/队列证据,表格单元格已拆为单一字段断言
REQ-CF-01541,core-finance,docs/PRD-整改R5-R7-资金风控.md,8. ### [?] 按钮级帮助对照表,| 确认执行 [?] | 二次确认：核对操作摘要（用户/金额/到账后余额/审批级别）后确认提交，与 2FA 验证共同构成资金操作放行的两个必要条件 |,field,P0,帮助说明应满足：二次确认：核对操作摘要（用户/金额/到账后余额/审批级别）后确认提交，与 2FA 验证共同构成资金操作放行的两个必要条件,源码路径+行号、对应运行测试或数据库/Redis/队列证据,表格单元格已拆为单一字段断言
REQ-CF-01542,core-finance,docs/PRD-整改R5-R7-资金风控.md,8. ### [?] 按钮级帮助对照表,| 前往启用 2FA [?] | 未启用双因素认证时跳转安全设置页完成启用；启用前无法执行资金写操作 |,action,P1,按钮/操作应满足：前往启用 2FA [?],源码路径+行号、对应运行测试或数据库/Redis/队列证据,表格单元格已拆为单一字段断言
REQ-CF-01543,core-finance,docs/PRD-整改R5-R7-资金风控.md,8. ### [?] 按钮级帮助对照表,| 前往启用 2FA [?] | 未启用双因素认证时跳转安全设置页完成启用；启用前无法执行资金写操作 |,action,P0,帮助说明应满足：未启用双因素认证时跳转安全设置页完成启用；启用前无法执行资金写操作,源码路径+行号、对应运行测试或数据库/Redis/队列证据,表格单元格已拆为单一字段断言
REQ-CF-01544,core-finance,docs/PRD-整改R5-R7-资金风控.md,8. ### [?] 按钮级帮助对照表,| 使用备用码 [?] | 无法使用认证器时切换为备用码输入（格式 XXXX-XXXX-XXXX），备用码一次性，用后作废 |,action,P1,按钮/操作应满足：使用备用码 [?],源码路径+行号、对应运行测试或数据库/Redis/队列证据,表格单元格已拆为单一字段断言
REQ-CF-01545,core-finance,docs/PRD-整改R5-R7-资金风控.md,8. ### [?] 按钮级帮助对照表,| 使用备用码 [?] | 无法使用认证器时切换为备用码输入（格式 XXXX-XXXX-XXXX），备用码一次性，用后作废 |,action,P1,帮助说明应满足：无法使用认证器时切换为备用码输入（格式 XXXX-XXXX-XXXX），备用码一次性，用后作废,源码路径+行号、对应运行测试或数据库/Redis/队列证据,表格单元格已拆为单一字段断言
REQ-CF-01546,core-finance,docs/PRD-整改R5-R7-资金风控.md,8. ### [?] 按钮级帮助对照表,"| 限额升级提示 [?] | 说明本笔因 24h 累计超限（¥50,000）被升级为双人审批的原因与累计金额 |",action,P1,按钮/操作应满足：限额升级提示 [?],源码路径+行号、对应运行测试或数据库/Redis/队列证据,表格单元格已拆为单一字段断言
REQ-CF-01547,core-finance,docs/PRD-整改R5-R7-资金风控.md,8. ### [?] 按钮级帮助对照表,"| 限额升级提示 [?] | 说明本笔因 24h 累计超限（¥50,000）被升级为双人审批的原因与累计金额 |",field,P1,"帮助说明应满足：说明本笔因 24h 累计超限（¥50,000）被升级为双人审批的原因与累计金额",源码路径+行号、对应运行测试或数据库/Redis/队列证据,表格单元格已拆为单一字段断言
REQ-CF-01548,core-finance,docs/PRD-整改R5-R7-资金风控.md,8. ### [?] 按钮级帮助对照表,| 保存风控配置 [?] | 保存大额规则/限额/2FA 策略修改；配置即时生效（存量单据按提交时点固化），保存需 2FA + 二次确认 |,action,P1,按钮/操作应满足：保存风控配置 [?],源码路径+行号、对应运行测试或数据库/Redis/队列证据,表格单元格已拆为单一字段断言
REQ-CF-01549,core-finance,docs/PRD-整改R5-R7-资金风控.md,8. ### [?] 按钮级帮助对照表,| 保存风控配置 [?] | 保存大额规则/限额/2FA 策略修改；配置即时生效（存量单据按提交时点固化），保存需 2FA + 二次确认 |,action,P1,帮助说明应满足：保存大额规则/限额/2FA 策略修改；配置即时生效（存量单据按提交时点固化），保存需 2FA + 二次确认,源码路径+行号、对应运行测试或数据库/Redis/队列证据,表格单元格已拆为单一字段断言
REQ-CF-01550,core-finance,docs/PRD-整改R5-R7-资金风控.md,8. ### [?] 按钮级帮助对照表,| 待我审批（筛选）[?] | 按审批环节筛选待办：单审 / 待双人复核 / 待终审；队列已排除您自己申请的单据 |,action,P1,按钮/操作应满足：待我审批（筛选）[?],源码路径+行号、对应运行测试或数据库/Redis/队列证据,表格单元格已拆为单一字段断言
REQ-CF-01551,core-finance,docs/PRD-整改R5-R7-资金风控.md,8. ### [?] 按钮级帮助对照表,| 待我审批（筛选）[?] | 按审批环节筛选待办：单审 / 待双人复核 / 待终审；队列已排除您自己申请的单据 |,action,P1,帮助说明应满足：按审批环节筛选待办：单审 / 待双人复核 / 待终审；队列已排除您自己申请的单据,源码路径+行号、对应运行测试或数据库/Redis/队列证据,表格单元格已拆为单一字段断言
REQ-CF-01552,core-finance,docs/PRD-整改R5-R7-资金风控.md,9. 与现有文档/SPEC 的差异说明（含需同步修订的文档清单）,"| 1 | **SPEC-§20 §20.2 操作级 2FA 落地** | §20.2 分层规则定义了""写操作（余额调整/提现审核/补单等）→ 2FA + 二次确认""，但 SPEC 无操作级实现细节；`2fa.ts` 仅登录链路 | R7 落地操作级 2FA：独立策略 `operation_2fa_policy`（mandatory_admin 默认，与登录策略解耦）、操作令牌 5 分钟、锁定与登录共享计数、备用码一次性 | **需同步修订 SPEC-§20**：新增""操作级 2FA""小节（策略/令牌/锁定/备用码/弹窗两步）；明确登录 2FA 与操作级 2FA 为两套策略 |",logic,P1,差异点应满足：**SPEC-§20 §20.2 操作级 2FA 落地**,源码路径+行号、对应运行测试或数据库/Redis/队列证据,表格单元格已拆为单一字段断言
REQ-CF-01553,core-finance,docs/PRD-整改R5-R7-资金风控.md,9. 与现有文档/SPEC 的差异说明（含需同步修订的文档清单）,"| 1 | **SPEC-§20 §20.2 操作级 2FA 落地** | §20.2 分层规则定义了""写操作（余额调整/提现审核/补单等）→ 2FA + 二次确认""，但 SPEC 无操作级实现细节；`2fa.ts` 仅登录链路 | R7 落地操作级 2FA：独立策略 `operation_2fa_policy`（mandatory_admin 默认，与登录策略解耦）、操作令牌 5 分钟、锁定与登录共享计数、备用码一次性 | **需同步修订 SPEC-§20**：新增""操作级 2FA""小节（策略/令牌/锁定/备用码/弹窗两步）；明确登录 2FA 与操作级 2FA 为两套策略 |",logic,P0,"现状（文档/代码）应满足：§20.2 分层规则定义了""写操作（余额调整/提现审核/补单等）→ 2FA + 二次确认""，但 SPEC 无操作级实现细节；`2fa.ts` 仅登录链路",源码路径+行号、对应运行测试或数据库/Redis/队列证据,表格单元格已拆为单一字段断言
REQ-CF-01554,core-finance,docs/PRD-整改R5-R7-资金风控.md,9. 与现有文档/SPEC 的差异说明（含需同步修订的文档清单）,"| 1 | **SPEC-§20 §20.2 操作级 2FA 落地** | §20.2 分层规则定义了""写操作（余额调整/提现审核/补单等）→ 2FA + 二次确认""，但 SPEC 无操作级实现细节；`2fa.ts` 仅登录链路 | R7 落地操作级 2FA：独立策略 `operation_2fa_policy`（mandatory_admin 默认，与登录策略解耦）、操作令牌 5 分钟、锁定与登录共享计数、备用码一次性 | **需同步修订 SPEC-§20**：新增""操作级 2FA""小节（策略/令牌/锁定/备用码/弹窗两步）；明确登录 2FA 与操作级 2FA 为两套策略 |",logic,P1,本期增量应满足：R7 落地操作级 2FA：独立策略 `operation_2fa_policy`（mandatory_admin 默认，与登录策略解耦）、操作令牌 5 分钟、锁定与登录共享计数、备用码一次性,源码路径+行号、对应运行测试或数据库/Redis/队列证据,表格单元格已拆为单一字段断言
REQ-CF-01555,core-finance,docs/PRD-整改R5-R7-资金风控.md,9. 与现有文档/SPEC 的差异说明（含需同步修订的文档清单）,"| 1 | **SPEC-§20 §20.2 操作级 2FA 落地** | §20.2 分层规则定义了""写操作（余额调整/提现审核/补单等）→ 2FA + 二次确认""，但 SPEC 无操作级实现细节；`2fa.ts` 仅登录链路 | R7 落地操作级 2FA：独立策略 `operation_2fa_policy`（mandatory_admin 默认，与登录策略解耦）、操作令牌 5 分钟、锁定与登录共享计数、备用码一次性 | **需同步修订 SPEC-§20**：新增""操作级 2FA""小节（策略/令牌/锁定/备用码/弹窗两步）；明确登录 2FA 与操作级 2FA 为两套策略 |",logic,P1,"产品建议 / 备注应满足：**需同步修订 SPEC-§20**：新增""操作级 2FA""小节（策略/令牌/锁定/备用码/弹窗两步）；明确登录 2FA 与操作级 2FA 为两套策略",源码路径+行号、对应运行测试或数据库/Redis/队列证据,表格单元格已拆为单一字段断言
REQ-CF-01556,core-finance,docs/PRD-整改R5-R7-资金风控.md,9. 与现有文档/SPEC 的差异说明（含需同步修订的文档清单）,"| 2 | **ref-2.2.6 §7.2.1 分级规则推广为统一大额规则** | §7.2.1 仅覆盖对公转账（≤¥10,000 运营终审、>¥10,000 财务复审双人、>¥100,000 super_admin） | R5 将同一金额口径推广到人工上账/调账调增/充值订单审核，三路径统一（P2-14 三处口径收敛） | **需同步修订 ref-2.2.6 §7.2.1**：注明""统一大额规则适用于全部管理端资金入账路径，见 PRD-R5-R7"" |",logic,P1,差异点应满足：**ref-2.2.6 §7.2.1 分级规则推广为统一大额规则**,源码路径+行号、对应运行测试或数据库/Redis/队列证据,表格单元格已拆为单一字段断言
REQ-CF-01557,core-finance,docs/PRD-整改R5-R7-资金风控.md,9. 与现有文档/SPEC 的差异说明（含需同步修订的文档清单）,"| 2 | **ref-2.2.6 §7.2.1 分级规则推广为统一大额规则** | §7.2.1 仅覆盖对公转账（≤¥10,000 运营终审、>¥10,000 财务复审双人、>¥100,000 super_admin） | R5 将同一金额口径推广到人工上账/调账调增/充值订单审核，三路径统一（P2-14 三处口径收敛） | **需同步修订 ref-2.2.6 §7.2.1**：注明""统一大额规则适用于全部管理端资金入账路径，见 PRD-R5-R7"" |",logic,P1,"现状（文档/代码）应满足：§7.2.1 仅覆盖对公转账（≤¥10,000 运营终审、>¥10,000 财务复审双人、>¥100,000 super_admin）",源码路径+行号、对应运行测试或数据库/Redis/队列证据,表格单元格已拆为单一字段断言
REQ-CF-01558,core-finance,docs/PRD-整改R5-R7-资金风控.md,9. 与现有文档/SPEC 的差异说明（含需同步修订的文档清单）,"| 2 | **ref-2.2.6 §7.2.1 分级规则推广为统一大额规则** | §7.2.1 仅覆盖对公转账（≤¥10,000 运营终审、>¥10,000 财务复审双人、>¥100,000 super_admin） | R5 将同一金额口径推广到人工上账/调账调增/充值订单审核，三路径统一（P2-14 三处口径收敛） | **需同步修订 ref-2.2.6 §7.2.1**：注明""统一大额规则适用于全部管理端资金入账路径，见 PRD-R5-R7"" |",field,P2,本期增量应满足：R5 将同一金额口径推广到人工上账/调账调增/充值订单审核，三路径统一（P2-14 三处口径收敛）,源码路径+行号、对应运行测试或数据库/Redis/队列证据,表格单元格已拆为单一字段断言
REQ-CF-01559,core-finance,docs/PRD-整改R5-R7-资金风控.md,9. 与现有文档/SPEC 的差异说明（含需同步修订的文档清单）,"| 2 | **ref-2.2.6 §7.2.1 分级规则推广为统一大额规则** | §7.2.1 仅覆盖对公转账（≤¥10,000 运营终审、>¥10,000 财务复审双人、>¥100,000 super_admin） | R5 将同一金额口径推广到人工上账/调账调增/充值订单审核，三路径统一（P2-14 三处口径收敛） | **需同步修订 ref-2.2.6 §7.2.1**：注明""统一大额规则适用于全部管理端资金入账路径，见 PRD-R5-R7"" |",logic,P0,"产品建议 / 备注应满足：**需同步修订 ref-2.2.6 §7.2.1**：注明""统一大额规则适用于全部管理端资金入账路径，见 PRD-R5-R7""",源码路径+行号、对应运行测试或数据库/Redis/队列证据,表格单元格已拆为单一字段断言
REQ-CF-01560,core-finance,docs/PRD-整改R5-R7-资金风控.md,9. 与现有文档/SPEC 的差异说明（含需同步修订的文档清单）,"| 3 | **ref-2.2.6 §4.4 单日上限与 R6 24h 限额的口径关系** | §4.4：用户充值单日 ¥100,000（对公不受限） | R6 操作人/被入账用户 24h 累计 ¥50,000 是**运营操作维度**，与用户自助充值单日上限是**两个维度**，不冲突 | 需在 ref §4.4 注明维度差异，避免运营混淆（P2-14 收尾） |",logic,P1,差异点应满足：**ref-2.2.6 §4.4 单日上限与 R6 24h 限额的口径关系**,源码路径+行号、对应运行测试或数据库/Redis/队列证据,表格单元格已拆为单一字段断言
REQ-CF-01561,core-finance,docs/PRD-整改R5-R7-资金风控.md,9. 与现有文档/SPEC 的差异说明（含需同步修订的文档清单）,"| 3 | **ref-2.2.6 §4.4 单日上限与 R6 24h 限额的口径关系** | §4.4：用户充值单日 ¥100,000（对公不受限） | R6 操作人/被入账用户 24h 累计 ¥50,000 是**运营操作维度**，与用户自助充值单日上限是**两个维度**，不冲突 | 需在 ref §4.4 注明维度差异，避免运营混淆（P2-14 收尾） |",logic,P1,"现状（文档/代码）应满足：§4.4：用户充值单日 ¥100,000（对公不受限）",源码路径+行号、对应运行测试或数据库/Redis/队列证据,表格单元格已拆为单一字段断言
REQ-CF-01562,core-finance,docs/PRD-整改R5-R7-资金风控.md,9. 与现有文档/SPEC 的差异说明（含需同步修订的文档清单）,"| 3 | **ref-2.2.6 §4.4 单日上限与 R6 24h 限额的口径关系** | §4.4：用户充值单日 ¥100,000（对公不受限） | R6 操作人/被入账用户 24h 累计 ¥50,000 是**运营操作维度**，与用户自助充值单日上限是**两个维度**，不冲突 | 需在 ref §4.4 注明维度差异，避免运营混淆（P2-14 收尾） |",logic,P1,"本期增量应满足：R6 操作人/被入账用户 24h 累计 ¥50,000 是**运营操作维度**，与用户自助充值单日上限是**两个维度**，不冲突",源码路径+行号、对应运行测试或数据库/Redis/队列证据,表格单元格已拆为单一字段断言
REQ-CF-01563,core-finance,docs/PRD-整改R5-R7-资金风控.md,9. 与现有文档/SPEC 的差异说明（含需同步修订的文档清单）,"| 3 | **ref-2.2.6 §4.4 单日上限与 R6 24h 限额的口径关系** | §4.4：用户充值单日 ¥100,000（对公不受限） | R6 操作人/被入账用户 24h 累计 ¥50,000 是**运营操作维度**，与用户自助充值单日上限是**两个维度**，不冲突 | 需在 ref §4.4 注明维度差异，避免运营混淆（P2-14 收尾） |",logic,P2,产品建议 / 备注应满足：需在 ref §4.4 注明维度差异，避免运营混淆（P2-14 收尾）,源码路径+行号、对应运行测试或数据库/Redis/队列证据,表格单元格已拆为单一字段断言
REQ-CF-01564,core-finance,docs/PRD-整改R5-R7-资金风控.md,9. 与现有文档/SPEC 的差异说明（含需同步修订的文档清单）,"| 4 | **SPEC-§2 §2.7 大额充值预警线** | 大额预警 ¥10,000 | 与 R5 双人审批线统一为 ¥10,000（预警是""通知用户""，审批是""风控拦截""，两机制共存于同一阈值） | 需同步修订 SPEC-§2 §2.7 口径说明（若原文档阈值不同） |",logic,P1,差异点应满足：**SPEC-§2 §2.7 大额充值预警线**,源码路径+行号、对应运行测试或数据库/Redis/队列证据,表格单元格已拆为单一字段断言
REQ-CF-01565,core-finance,docs/PRD-整改R5-R7-资金风控.md,9. 与现有文档/SPEC 的差异说明（含需同步修订的文档清单）,"| 4 | **SPEC-§2 §2.7 大额充值预警线** | 大额预警 ¥10,000 | 与 R5 双人审批线统一为 ¥10,000（预警是""通知用户""，审批是""风控拦截""，两机制共存于同一阈值） | 需同步修订 SPEC-§2 §2.7 口径说明（若原文档阈值不同） |",logic,P1,"现状（文档/代码）应满足：大额预警 ¥10,000",源码路径+行号、对应运行测试或数据库/Redis/队列证据,表格单元格已拆为单一字段断言
REQ-CF-01566,core-finance,docs/PRD-整改R5-R7-资金风控.md,9. 与现有文档/SPEC 的差异说明（含需同步修订的文档清单）,"| 4 | **SPEC-§2 §2.7 大额充值预警线** | 大额预警 ¥10,000 | 与 R5 双人审批线统一为 ¥10,000（预警是""通知用户""，审批是""风控拦截""，两机制共存于同一阈值） | 需同步修订 SPEC-§2 §2.7 口径说明（若原文档阈值不同） |",action,P1,"本期增量应满足：与 R5 双人审批线统一为 ¥10,000（预警是""通知用户""，审批是""风控拦截""，两机制共存于同一阈值）",源码路径+行号、对应运行测试或数据库/Redis/队列证据,表格单元格已拆为单一字段断言
REQ-CF-01567,core-finance,docs/PRD-整改R5-R7-资金风控.md,9. 与现有文档/SPEC 的差异说明（含需同步修订的文档清单）,"| 4 | **SPEC-§2 §2.7 大额充值预警线** | 大额预警 ¥10,000 | 与 R5 双人审批线统一为 ¥10,000（预警是""通知用户""，审批是""风控拦截""，两机制共存于同一阈值） | 需同步修订 SPEC-§2 §2.7 口径说明（若原文档阈值不同） |",logic,P1,产品建议 / 备注应满足：需同步修订 SPEC-§2 §2.7 口径说明（若原文档阈值不同）,源码路径+行号、对应运行测试或数据库/Redis/队列证据,表格单元格已拆为单一字段断言
REQ-CF-01568,core-finance,docs/PRD-整改R5-R7-资金风控.md,9. 与现有文档/SPEC 的差异说明（含需同步修订的文档清单）,"| 5 | **SPEC-§30 权限与审批/2FA 衔接** | §30 资金操作组含 BALANCE_ADJUST（调整余额，二次确认）、RECHARGE_MANAGE（管理充值） | R5 分级审批级别判定基于权限点持有者而非具体角色位；R7 新增""资金写操作 2FA""要求列 | 需同步修订 SPEC-§30：权限位描述追加""操作需操作级 2FA + 二次确认""；与二期动态权限（30.1 bitset 角色引擎）的衔接由 arch-agent 对齐（阶段一 ARCH §5.5 已预留） |",permission,P1,差异点应满足：**SPEC-§30 权限与审批/2FA 衔接**,源码路径+行号、对应运行测试或数据库/Redis/队列证据,表格单元格已拆为单一字段断言
REQ-CF-01569,core-finance,docs/PRD-整改R5-R7-资金风控.md,9. 与现有文档/SPEC 的差异说明（含需同步修订的文档清单）,"| 5 | **SPEC-§30 权限与审批/2FA 衔接** | §30 资金操作组含 BALANCE_ADJUST（调整余额，二次确认）、RECHARGE_MANAGE（管理充值） | R5 分级审批级别判定基于权限点持有者而非具体角色位；R7 新增""资金写操作 2FA""要求列 | 需同步修订 SPEC-§30：权限位描述追加""操作需操作级 2FA + 二次确认""；与二期动态权限（30.1 bitset 角色引擎）的衔接由 arch-agent 对齐（阶段一 ARCH §5.5 已预留） |",logic,P0,现状（文档/代码）应满足：§30 资金操作组含 BALANCE_ADJUST（调整余额，二次确认）、RECHARGE_MANAGE（管理充值）,源码路径+行号、对应运行测试或数据库/Redis/队列证据,表格单元格已拆为单一字段断言
REQ-CF-01570,core-finance,docs/PRD-整改R5-R7-资金风控.md,9. 与现有文档/SPEC 的差异说明（含需同步修订的文档清单）,"| 5 | **SPEC-§30 权限与审批/2FA 衔接** | §30 资金操作组含 BALANCE_ADJUST（调整余额，二次确认）、RECHARGE_MANAGE（管理充值） | R5 分级审批级别判定基于权限点持有者而非具体角色位；R7 新增""资金写操作 2FA""要求列 | 需同步修订 SPEC-§30：权限位描述追加""操作需操作级 2FA + 二次确认""；与二期动态权限（30.1 bitset 角色引擎）的衔接由 arch-agent 对齐（阶段一 ARCH §5.5 已预留） |",permission,P0,"本期增量应满足：R5 分级审批级别判定基于权限点持有者而非具体角色位；R7 新增""资金写操作 2FA""要求列",源码路径+行号、对应运行测试或数据库/Redis/队列证据,表格单元格已拆为单一字段断言
REQ-CF-01571,core-finance,docs/PRD-整改R5-R7-资金风控.md,9. 与现有文档/SPEC 的差异说明（含需同步修订的文档清单）,"| 5 | **SPEC-§30 权限与审批/2FA 衔接** | §30 资金操作组含 BALANCE_ADJUST（调整余额，二次确认）、RECHARGE_MANAGE（管理充值） | R5 分级审批级别判定基于权限点持有者而非具体角色位；R7 新增""资金写操作 2FA""要求列 | 需同步修订 SPEC-§30：权限位描述追加""操作需操作级 2FA + 二次确认""；与二期动态权限（30.1 bitset 角色引擎）的衔接由 arch-agent 对齐（阶段一 ARCH §5.5 已预留） |",permission,P1,"产品建议 / 备注应满足：需同步修订 SPEC-§30：权限位描述追加""操作需操作级 2FA + 二次确认""；与二期动态权限（30.1 bitset 角色引擎）的衔接由 arch-agent 对齐（阶段一 ARCH §5.5 已预留）",源码路径+行号、对应运行测试或数据库/Redis/队列证据,表格单元格已拆为单一字段断言
REQ-CF-01572,core-finance,docs/PRD-整改R5-R7-资金风控.md,9. 与现有文档/SPEC 的差异说明（含需同步修订的文档清单）,"| 6 | **金额口径统一（P2-14 收尾）** | 大额预警 ¥10,000 / 调账审批线 ¥10,000 / 对公双档 ¥10,000–¥100,000 / 用户端单笔上限代码 1,000,000 vs 文档 50,000 | R5 统一大额规则 + R6 限额（单笔上限 = 单日累计 ¥50,000）完成管理端口径收敛；用户端单笔上限代码 1,000,000 属用户自助充值口径，需产品统一裁决后同步 ref §4.4 | **待裁决 B20**（用户端单笔上限 1,000,000 vs 50,000 的历史偏差，建议对齐 50,000 或按业务实际） |",field,P2,差异点应满足：**金额口径统一（P2-14 收尾）**,源码路径+行号、对应运行测试或数据库/Redis/队列证据,表格单元格已拆为单一字段断言
REQ-CF-01573,core-finance,docs/PRD-整改R5-R7-资金风控.md,9. 与现有文档/SPEC 的差异说明（含需同步修订的文档清单）,"| 6 | **金额口径统一（P2-14 收尾）** | 大额预警 ¥10,000 / 调账审批线 ¥10,000 / 对公双档 ¥10,000–¥100,000 / 用户端单笔上限代码 1,000,000 vs 文档 50,000 | R5 统一大额规则 + R6 限额（单笔上限 = 单日累计 ¥50,000）完成管理端口径收敛；用户端单笔上限代码 1,000,000 属用户自助充值口径，需产品统一裁决后同步 ref §4.4 | **待裁决 B20**（用户端单笔上限 1,000,000 vs 50,000 的历史偏差，建议对齐 50,000 或按业务实际） |",logic,P1,"现状（文档/代码）应满足：大额预警 ¥10,000 / 调账审批线 ¥10,000 / 对公双档 ¥10,000–¥100,000 / 用户端单笔上限代码 1,000,000 vs 文档 50,000",源码路径+行号、对应运行测试或数据库/Redis/队列证据,表格单元格已拆为单一字段断言
REQ-CF-01574,core-finance,docs/PRD-整改R5-R7-资金风控.md,9. 与现有文档/SPEC 的差异说明（含需同步修订的文档清单）,"| 6 | **金额口径统一（P2-14 收尾）** | 大额预警 ¥10,000 / 调账审批线 ¥10,000 / 对公双档 ¥10,000–¥100,000 / 用户端单笔上限代码 1,000,000 vs 文档 50,000 | R5 统一大额规则 + R6 限额（单笔上限 = 单日累计 ¥50,000）完成管理端口径收敛；用户端单笔上限代码 1,000,000 属用户自助充值口径，需产品统一裁决后同步 ref §4.4 | **待裁决 B20**（用户端单笔上限 1,000,000 vs 50,000 的历史偏差，建议对齐 50,000 或按业务实际） |",logic,P1,"本期增量应满足：R5 统一大额规则 + R6 限额（单笔上限 = 单日累计 ¥50,000）完成管理端口径收敛；用户端单笔上限代码 1,000,000 属用户自助充值口径，需产品统一裁决后同步 ref §4.4",源码路径+行号、对应运行测试或数据库/Redis/队列证据,表格单元格已拆为单一字段断言
REQ-CF-01575,core-finance,docs/PRD-整改R5-R7-资金风控.md,9. 与现有文档/SPEC 的差异说明（含需同步修订的文档清单）,"| 6 | **金额口径统一（P2-14 收尾）** | 大额预警 ¥10,000 / 调账审批线 ¥10,000 / 对公双档 ¥10,000–¥100,000 / 用户端单笔上限代码 1,000,000 vs 文档 50,000 | R5 统一大额规则 + R6 限额（单笔上限 = 单日累计 ¥50,000）完成管理端口径收敛；用户端单笔上限代码 1,000,000 属用户自助充值口径，需产品统一裁决后同步 ref §4.4 | **待裁决 B20**（用户端单笔上限 1,000,000 vs 50,000 的历史偏差，建议对齐 50,000 或按业务实际） |",logic,P1,"产品建议 / 备注应满足：**待裁决 B20**（用户端单笔上限 1,000,000 vs 50,000 的历史偏差，建议对齐 50,000 或按业务实际）",源码路径+行号、对应运行测试或数据库/Redis/队列证据,表格单元格已拆为单一字段断言
REQ-CF-01576,core-finance,docs/PRD-整改R5-R7-资金风控.md,9. 与现有文档/SPEC 的差异说明（含需同步修订的文档清单）,"| 7 | **科目白名单与 R11 字典** | `subject` 自由文本（P2-11，R11 阶段三） | R5 白名单免审以最小集合 `{赠送, 补偿, 纠错}` 常量+配置承载 | R11 上线后白名单切字典驱动；本 PRD 不扩展字典能力 |",logic,P1,差异点应满足：**科目白名单与 R11 字典**,源码路径+行号、对应运行测试或数据库/Redis/队列证据,表格单元格已拆为单一字段断言
REQ-CF-01577,core-finance,docs/PRD-整改R5-R7-资金风控.md,9. 与现有文档/SPEC 的差异说明（含需同步修订的文档清单）,"| 7 | **科目白名单与 R11 字典** | `subject` 自由文本（P2-11，R11 阶段三） | R5 白名单免审以最小集合 `{赠送, 补偿, 纠错}` 常量+配置承载 | R11 上线后白名单切字典驱动；本 PRD 不扩展字典能力 |",logic,P2,现状（文档/代码）应满足：`subject` 自由文本（P2-11，R11 阶段三）,源码路径+行号、对应运行测试或数据库/Redis/队列证据,表格单元格已拆为单一字段断言
REQ-CF-01578,core-finance,docs/PRD-整改R5-R7-资金风控.md,9. 与现有文档/SPEC 的差异说明（含需同步修订的文档清单）,"| 7 | **科目白名单与 R11 字典** | `subject` 自由文本（P2-11，R11 阶段三） | R5 白名单免审以最小集合 `{赠送, 补偿, 纠错}` 常量+配置承载 | R11 上线后白名单切字典驱动；本 PRD 不扩展字典能力 |",logic,P1,"本期增量应满足：R5 白名单免审以最小集合 `{赠送, 补偿, 纠错}` 常量+配置承载",源码路径+行号、对应运行测试或数据库/Redis/队列证据,表格单元格已拆为单一字段断言
REQ-CF-01579,core-finance,docs/PRD-整改R5-R7-资金风控.md,9. 与现有文档/SPEC 的差异说明（含需同步修订的文档清单）,"| 7 | **科目白名单与 R11 字典** | `subject` 自由文本（P2-11，R11 阶段三） | R5 白名单免审以最小集合 `{赠送, 补偿, 纠错}` 常量+配置承载 | R11 上线后白名单切字典驱动；本 PRD 不扩展字典能力 |",logic,P1,产品建议 / 备注应满足：R11 上线后白名单切字典驱动；本 PRD 不扩展字典能力,源码路径+行号、对应运行测试或数据库/Redis/队列证据,表格单元格已拆为单一字段断言
REQ-CF-01580,core-finance,docs/PRD-整改R5-R7-资金风控.md,9. 与现有文档/SPEC 的差异说明（含需同步修订的文档清单）,| 8 | **退款审核纳入风控范围** | `admin-finance-stats.ts` 退款审核单步 adminAuth（admin/super_admin），`finance.refund` 权限点存在于权限树 | R7 建议将退款审核（通过/驳回）纳入操作级 2FA + 二次确认；路由鉴权从 adminAuth 收敛至 `finance.refund`（与 R3 同型改造） | **裁决 B16**：建议纳入；如不纳入，本期 R7 范围仅人工上账/调账/充值订单，退款审核留待后续 |,logic,P1,差异点应满足：**退款审核纳入风控范围**,源码路径+行号、对应运行测试或数据库/Redis/队列证据,表格单元格已拆为单一字段断言
REQ-CF-01581,core-finance,docs/PRD-整改R5-R7-资金风控.md,9. 与现有文档/SPEC 的差异说明（含需同步修订的文档清单）,| 8 | **退款审核纳入风控范围** | `admin-finance-stats.ts` 退款审核单步 adminAuth（admin/super_admin），`finance.refund` 权限点存在于权限树 | R7 建议将退款审核（通过/驳回）纳入操作级 2FA + 二次确认；路由鉴权从 adminAuth 收敛至 `finance.refund`（与 R3 同型改造） | **裁决 B16**：建议纳入；如不纳入，本期 R7 范围仅人工上账/调账/充值订单，退款审核留待后续 |,permission,P1,现状（文档/代码）应满足：`admin-finance-stats.ts` 退款审核单步 adminAuth（admin/super_admin），`finance.refund` 权限点存在于权限树,源码路径+行号、对应运行测试或数据库/Redis/队列证据,表格单元格已拆为单一字段断言
REQ-CF-01582,core-finance,docs/PRD-整改R5-R7-资金风控.md,9. 与现有文档/SPEC 的差异说明（含需同步修订的文档清单）,| 8 | **退款审核纳入风控范围** | `admin-finance-stats.ts` 退款审核单步 adminAuth（admin/super_admin），`finance.refund` 权限点存在于权限树 | R7 建议将退款审核（通过/驳回）纳入操作级 2FA + 二次确认；路由鉴权从 adminAuth 收敛至 `finance.refund`（与 R3 同型改造） | **裁决 B16**：建议纳入；如不纳入，本期 R7 范围仅人工上账/调账/充值订单，退款审核留待后续 |,logic,P1,本期增量应满足：R7 建议将退款审核（通过/驳回）纳入操作级 2FA + 二次确认；路由鉴权从 adminAuth 收敛至 `finance.refund`（与 R3 同型改造）,源码路径+行号、对应运行测试或数据库/Redis/队列证据,表格单元格已拆为单一字段断言
REQ-CF-01583,core-finance,docs/PRD-整改R5-R7-资金风控.md,9. 与现有文档/SPEC 的差异说明（含需同步修订的文档清单）,| 8 | **退款审核纳入风控范围** | `admin-finance-stats.ts` 退款审核单步 adminAuth（admin/super_admin），`finance.refund` 权限点存在于权限树 | R7 建议将退款审核（通过/驳回）纳入操作级 2FA + 二次确认；路由鉴权从 adminAuth 收敛至 `finance.refund`（与 R3 同型改造） | **裁决 B16**：建议纳入；如不纳入，本期 R7 范围仅人工上账/调账/充值订单，退款审核留待后续 |,logic,P1,产品建议 / 备注应满足：**裁决 B16**：建议纳入；如不纳入，本期 R7 范围仅人工上账/调账/充值订单，退款审核留待后续,源码路径+行号、对应运行测试或数据库/Redis/队列证据,表格单元格已拆为单一字段断言
REQ-CF-01584,core-finance,docs/PRD-整改R5-R7-资金风控.md,9. 与现有文档/SPEC 的差异说明（含需同步修订的文档清单）,"| 9 | **阶段一 PRD 承接项** | 阶段一 PRD §9 差异 2（A2：单日累计本期不设限）、差异 12（职责分离属 R5）、§3.1.1 审核规则（单步） | R6 落地 24h 限额（A2 兑现）；R5 落地职责分离与分级（差异 12 兑现）；人工上账审核从单步改分级 | 阶段一 PRD 相应条款标注""已由 PRD-R5-R7 承接"" |",logic,P1,差异点应满足：**阶段一 PRD 承接项**,源码路径+行号、对应运行测试或数据库/Redis/队列证据,表格单元格已拆为单一字段断言
REQ-CF-01585,core-finance,docs/PRD-整改R5-R7-资金风控.md,9. 与现有文档/SPEC 的差异说明（含需同步修订的文档清单）,"| 9 | **阶段一 PRD 承接项** | 阶段一 PRD §9 差异 2（A2：单日累计本期不设限）、差异 12（职责分离属 R5）、§3.1.1 审核规则（单步） | R6 落地 24h 限额（A2 兑现）；R5 落地职责分离与分级（差异 12 兑现）；人工上账审核从单步改分级 | 阶段一 PRD 相应条款标注""已由 PRD-R5-R7 承接"" |",logic,P1,现状（文档/代码）应满足：阶段一 PRD §9 差异 2（A2：单日累计本期不设限）、差异 12（职责分离属 R5）、§3.1.1 审核规则（单步）,源码路径+行号、对应运行测试或数据库/Redis/队列证据,表格单元格已拆为单一字段断言
REQ-CF-01586,core-finance,docs/PRD-整改R5-R7-资金风控.md,9. 与现有文档/SPEC 的差异说明（含需同步修订的文档清单）,"| 9 | **阶段一 PRD 承接项** | 阶段一 PRD §9 差异 2（A2：单日累计本期不设限）、差异 12（职责分离属 R5）、§3.1.1 审核规则（单步） | R6 落地 24h 限额（A2 兑现）；R5 落地职责分离与分级（差异 12 兑现）；人工上账审核从单步改分级 | 阶段一 PRD 相应条款标注""已由 PRD-R5-R7 承接"" |",logic,P1,本期增量应满足：R6 落地 24h 限额（A2 兑现）；R5 落地职责分离与分级（差异 12 兑现）；人工上账审核从单步改分级,源码路径+行号、对应运行测试或数据库/Redis/队列证据,表格单元格已拆为单一字段断言
REQ-CF-01587,core-finance,docs/PRD-整改R5-R7-资金风控.md,9. 与现有文档/SPEC 的差异说明（含需同步修订的文档清单）,"| 9 | **阶段一 PRD 承接项** | 阶段一 PRD §9 差异 2（A2：单日累计本期不设限）、差异 12（职责分离属 R5）、§3.1.1 审核规则（单步） | R6 落地 24h 限额（A2 兑现）；R5 落地职责分离与分级（差异 12 兑现）；人工上账审核从单步改分级 | 阶段一 PRD 相应条款标注""已由 PRD-R5-R7 承接"" |",logic,P1,"产品建议 / 备注应满足：阶段一 PRD 相应条款标注""已由 PRD-R5-R7 承接""",源码路径+行号、对应运行测试或数据库/Redis/队列证据,表格单元格已拆为单一字段断言
REQ-CF-01588,core-finance,docs/PRD-整改R5-R7-资金风控.md,9. 与现有文档/SPEC 的差异说明（含需同步修订的文档清单）,| 10 | **ARCH R1–R4 遗留承接** | ARCH §12.3 遗留：R5/R6/R7 属阶段二 | R5 扩展 `finance-rules.ts` 配置结构；R7 复用 `totp.ts`/`2fa.ts` 能力 | arch-agent 出阶段二技术方案时以本 PRD 为业务依据，落地结构与接口由 arch 裁决 |,logic,P1,差异点应满足：**ARCH R1–R4 遗留承接**,源码路径+行号、对应运行测试或数据库/Redis/队列证据,表格单元格已拆为单一字段断言
REQ-CF-01589,core-finance,docs/PRD-整改R5-R7-资金风控.md,9. 与现有文档/SPEC 的差异说明（含需同步修订的文档清单）,| 10 | **ARCH R1–R4 遗留承接** | ARCH §12.3 遗留：R5/R6/R7 属阶段二 | R5 扩展 `finance-rules.ts` 配置结构；R7 复用 `totp.ts`/`2fa.ts` 能力 | arch-agent 出阶段二技术方案时以本 PRD 为业务依据，落地结构与接口由 arch 裁决 |,logic,P1,现状（文档/代码）应满足：ARCH §12.3 遗留：R5/R6/R7 属阶段二,源码路径+行号、对应运行测试或数据库/Redis/队列证据,表格单元格已拆为单一字段断言
REQ-CF-01590,core-finance,docs/PRD-整改R5-R7-资金风控.md,9. 与现有文档/SPEC 的差异说明（含需同步修订的文档清单）,| 10 | **ARCH R1–R4 遗留承接** | ARCH §12.3 遗留：R5/R6/R7 属阶段二 | R5 扩展 `finance-rules.ts` 配置结构；R7 复用 `totp.ts`/`2fa.ts` 能力 | arch-agent 出阶段二技术方案时以本 PRD 为业务依据，落地结构与接口由 arch 裁决 |,logic,P1,本期增量应满足：R5 扩展 `finance-rules.ts` 配置结构；R7 复用 `totp.ts`/`2fa.ts` 能力,源码路径+行号、对应运行测试或数据库/Redis/队列证据,表格单元格已拆为单一字段断言
REQ-CF-01591,core-finance,docs/PRD-整改R5-R7-资金风控.md,9. 与现有文档/SPEC 的差异说明（含需同步修订的文档清单）,| 10 | **ARCH R1–R4 遗留承接** | ARCH §12.3 遗留：R5/R6/R7 属阶段二 | R5 扩展 `finance-rules.ts` 配置结构；R7 复用 `totp.ts`/`2fa.ts` 能力 | arch-agent 出阶段二技术方案时以本 PRD 为业务依据，落地结构与接口由 arch 裁决 |,api,P1,产品建议 / 备注应满足：arch-agent 出阶段二技术方案时以本 PRD 为业务依据，落地结构与接口由 arch 裁决,源码路径+行号、对应运行测试或数据库/Redis/队列证据,表格单元格已拆为单一字段断言
REQ-CF-01592,core-finance,docs/PRD-整改R5-R7-资金风控.md,9. 与现有文档/SPEC 的差异说明（含需同步修订的文档清单）,"| 11 | **审批滞留 SLA** | ref §7.2.2 对公转账 SLA（初审 T+0.5、复审 T+1、到账确认 2 工作日） | R5 建议审批滞留超时提醒（通知上级/super_admin），对齐 ref SLA | **裁决 B15**：建议本期实现超时提醒（轻量：滞留超时通知 + 台账超时标记）；如不实现，本期仅保留""审批人不足""提示 |",logic,P1,差异点应满足：**审批滞留 SLA**,源码路径+行号、对应运行测试或数据库/Redis/队列证据,表格单元格已拆为单一字段断言
REQ-CF-01593,core-finance,docs/PRD-整改R5-R7-资金风控.md,9. 与现有文档/SPEC 的差异说明（含需同步修订的文档清单）,"| 11 | **审批滞留 SLA** | ref §7.2.2 对公转账 SLA（初审 T+0.5、复审 T+1、到账确认 2 工作日） | R5 建议审批滞留超时提醒（通知上级/super_admin），对齐 ref SLA | **裁决 B15**：建议本期实现超时提醒（轻量：滞留超时通知 + 台账超时标记）；如不实现，本期仅保留""审批人不足""提示 |",logic,P1,现状（文档/代码）应满足：ref §7.2.2 对公转账 SLA（初审 T+0.5、复审 T+1、到账确认 2 工作日）,源码路径+行号、对应运行测试或数据库/Redis/队列证据,表格单元格已拆为单一字段断言
REQ-CF-01594,core-finance,docs/PRD-整改R5-R7-资金风控.md,9. 与现有文档/SPEC 的差异说明（含需同步修订的文档清单）,"| 11 | **审批滞留 SLA** | ref §7.2.2 对公转账 SLA（初审 T+0.5、复审 T+1、到账确认 2 工作日） | R5 建议审批滞留超时提醒（通知上级/super_admin），对齐 ref SLA | **裁决 B15**：建议本期实现超时提醒（轻量：滞留超时通知 + 台账超时标记）；如不实现，本期仅保留""审批人不足""提示 |",action,P1,本期增量应满足：R5 建议审批滞留超时提醒（通知上级/super_admin），对齐 ref SLA,源码路径+行号、对应运行测试或数据库/Redis/队列证据,表格单元格已拆为单一字段断言
REQ-CF-01595,core-finance,docs/PRD-整改R5-R7-资金风控.md,9. 与现有文档/SPEC 的差异说明（含需同步修订的文档清单）,"| 11 | **审批滞留 SLA** | ref §7.2.2 对公转账 SLA（初审 T+0.5、复审 T+1、到账确认 2 工作日） | R5 建议审批滞留超时提醒（通知上级/super_admin），对齐 ref SLA | **裁决 B15**：建议本期实现超时提醒（轻量：滞留超时通知 + 台账超时标记）；如不实现，本期仅保留""审批人不足""提示 |",action,P1,"产品建议 / 备注应满足：**裁决 B15**：建议本期实现超时提醒（轻量：滞留超时通知 + 台账超时标记）；如不实现，本期仅保留""审批人不足""提示",源码路径+行号、对应运行测试或数据库/Redis/队列证据,表格单元格已拆为单一字段断言
REQ-CF-01596,core-finance,docs/PRD-整改R5-R7-资金风控.md,9. 与现有文档/SPEC 的差异说明（含需同步修订的文档清单）,| 12 | **SPEC-§22 通知扩展** | R4 仅覆盖入账成功通知（recharge_success） | 审批通过/驳回是否通知用户不在本期范围（驳回通知、审核进度通知后续评估） | 无需裁决，明确边界；如运营有需求另立 PRD |,action,P1,差异点应满足：**SPEC-§22 通知扩展**,源码路径+行号、对应运行测试或数据库/Redis/队列证据,表格单元格已拆为单一字段断言
REQ-CF-01597,core-finance,docs/PRD-整改R5-R7-资金风控.md,9. 与现有文档/SPEC 的差异说明（含需同步修订的文档清单）,| 12 | **SPEC-§22 通知扩展** | R4 仅覆盖入账成功通知（recharge_success） | 审批通过/驳回是否通知用户不在本期范围（驳回通知、审核进度通知后续评估） | 无需裁决，明确边界；如运营有需求另立 PRD |,action,P1,现状（文档/代码）应满足：R4 仅覆盖入账成功通知（recharge_success）,源码路径+行号、对应运行测试或数据库/Redis/队列证据,表格单元格已拆为单一字段断言
REQ-CF-01598,core-finance,docs/PRD-整改R5-R7-资金风控.md,9. 与现有文档/SPEC 的差异说明（含需同步修订的文档清单）,| 12 | **SPEC-§22 通知扩展** | R4 仅覆盖入账成功通知（recharge_success） | 审批通过/驳回是否通知用户不在本期范围（驳回通知、审核进度通知后续评估） | 无需裁决，明确边界；如运营有需求另立 PRD |,action,P1,本期增量应满足：审批通过/驳回是否通知用户不在本期范围（驳回通知、审核进度通知后续评估）,源码路径+行号、对应运行测试或数据库/Redis/队列证据,表格单元格已拆为单一字段断言
REQ-CF-01599,core-finance,docs/PRD-整改R5-R7-资金风控.md,9. 与现有文档/SPEC 的差异说明（含需同步修订的文档清单）,| 12 | **SPEC-§22 通知扩展** | R4 仅覆盖入账成功通知（recharge_success） | 审批通过/驳回是否通知用户不在本期范围（驳回通知、审核进度通知后续评估） | 无需裁决，明确边界；如运营有需求另立 PRD |,boundary,P1,产品建议 / 备注应满足：无需裁决，明确边界；如运营有需求另立 PRD,源码路径+行号、对应运行测试或数据库/Redis/队列证据,表格单元格已拆为单一字段断言
REQ-CF-01600,core-finance,docs/PRD-整改R5-R7-资金风控.md,9. 与现有文档/SPEC 的差异说明（含需同步修订的文档清单）,## 9. 与现有文档/SPEC 的差异说明（含需同步修订的文档清单）,logic,P1,**需同步修订的文档清单**（随本期交付一并提交修订建议）：,源码路径+行号、对应运行测试或数据库/Redis/队列证据,N/A：原审计记录未提供补充依据；待复核源码、测试及运行证据。
REQ-CF-01601,core-finance,docs/PRD-整改R5-R7-资金风控.md,9. 与现有文档/SPEC 的差异说明（含需同步修订的文档清单）,| # | 差异点 | 现状（文档/代码） | 本期增量 | 产品建议 / 备注 |,logic,P1,差异点应满足：修订内容,源码路径+行号、对应运行测试或数据库/Redis/队列证据,表格单元格已拆为单一字段断言
REQ-CF-01602,core-finance,docs/PRD-整改R5-R7-资金风控.md,9. 与现有文档/SPEC 的差异说明（含需同步修订的文档清单）,| # | 差异点 | 现状（文档/代码） | 本期增量 | 产品建议 / 备注 |,logic,P1,现状（文档/代码）应满足：责任方,源码路径+行号、对应运行测试或数据库/Redis/队列证据,表格单元格已拆为单一字段断言
REQ-CF-01603,core-finance,docs/PRD-整改R5-R7-资金风控.md,9. 与现有文档/SPEC 的差异说明（含需同步修订的文档清单）,"| 1 | **SPEC-§20 §20.2 操作级 2FA 落地** | §20.2 分层规则定义了""写操作（余额调整/提现审核/补单等）→ 2FA + 二次确认""，但 SPEC 无操作级实现细节；`2fa.ts` 仅登录链路 | R7 落地操作级 2FA：独立策略 `operation_2fa_policy`（mandatory_admin 默认，与登录策略解耦）、操作令牌 5 分钟、锁定与登录共享计数、备用码一次性 | **需同步修订 SPEC-§20**：新增""操作级 2FA""小节（策略/令牌/锁定/备用码/弹窗两步）；明确登录 2FA 与操作级 2FA 为两套策略 |",security,P1,#应满足：`SPEC-§20-用户端安全与预算增强.md`,源码路径+行号、对应运行测试或数据库/Redis/队列证据,表格单元格已拆为单一字段断言
REQ-CF-01604,core-finance,docs/PRD-整改R5-R7-资金风控.md,9. 与现有文档/SPEC 的差异说明（含需同步修订的文档清单）,"| 1 | **SPEC-§20 §20.2 操作级 2FA 落地** | §20.2 分层规则定义了""写操作（余额调整/提现审核/补单等）→ 2FA + 二次确认""，但 SPEC 无操作级实现细节；`2fa.ts` 仅登录链路 | R7 落地操作级 2FA：独立策略 `operation_2fa_policy`（mandatory_admin 默认，与登录策略解耦）、操作令牌 5 分钟、锁定与登录共享计数、备用码一次性 | **需同步修订 SPEC-§20**：新增""操作级 2FA""小节（策略/令牌/锁定/备用码/弹窗两步）；明确登录 2FA 与操作级 2FA 为两套策略 |",logic,P1,"差异点应满足：§20.2 新增""操作级 2FA""小节（策略/令牌/锁定/备用码/弹窗两步；登录与操作级策略解耦）",源码路径+行号、对应运行测试或数据库/Redis/队列证据,表格单元格已拆为单一字段断言
REQ-CF-01605,core-finance,docs/PRD-整改R5-R7-资金风控.md,9. 与现有文档/SPEC 的差异说明（含需同步修订的文档清单）,| # | 差异点 | 现状（文档/代码） | 本期增量 | 产品建议 / 备注 |,logic,P1,现状（文档/代码）应满足：product-agent 修订 → PMO 确认,源码路径+行号、对应运行测试或数据库/Redis/队列证据,表格单元格已拆为单一字段断言
REQ-CF-01606,core-finance,docs/PRD-整改R5-R7-资金风控.md,9. 与现有文档/SPEC 的差异说明（含需同步修订的文档清单）,"| 1 | **SPEC-§20 §20.2 操作级 2FA 落地** | §20.2 分层规则定义了""写操作（余额调整/提现审核/补单等）→ 2FA + 二次确认""，但 SPEC 无操作级实现细节；`2fa.ts` 仅登录链路 | R7 落地操作级 2FA：独立策略 `operation_2fa_policy`（mandatory_admin 默认，与登录策略解耦）、操作令牌 5 分钟、锁定与登录共享计数、备用码一次性 | **需同步修订 SPEC-§20**：新增""操作级 2FA""小节（策略/令牌/锁定/备用码/弹窗两步）；明确登录 2FA 与操作级 2FA 为两套策略 |",logic,P1,#应满足：`SPEC-§4-管理后台.md`,源码路径+行号、对应运行测试或数据库/Redis/队列证据,表格单元格已拆为单一字段断言
REQ-CF-01607,core-finance,docs/PRD-整改R5-R7-资金风控.md,9. 与现有文档/SPEC 的差异说明（含需同步修订的文档清单）,"| 2 | **ref-2.2.6 §7.2.1 分级规则推广为统一大额规则** | §7.2.1 仅覆盖对公转账（≤¥10,000 运营终审、>¥10,000 财务复审双人、>¥100,000 super_admin） | R5 将同一金额口径推广到人工上账/调账调增/充值订单审核，三路径统一（P2-14 三处口径收敛） | **需同步修订 ref-2.2.6 §7.2.1**：注明""统一大额规则适用于全部管理端资金入账路径，见 PRD-R5-R7"" |",state,P1,差异点应满足：§4.4 充值订单/人工上账分级审批与状态扩展（pending_level2/pending_super）、职责分离说明,源码路径+行号、对应运行测试或数据库/Redis/队列证据,表格单元格已拆为单一字段断言
REQ-CF-01608,core-finance,docs/PRD-整改R5-R7-资金风控.md,9. 与现有文档/SPEC 的差异说明（含需同步修订的文档清单）,| # | 差异点 | 现状（文档/代码） | 本期增量 | 产品建议 / 备注 |,logic,P1,现状（文档/代码）应满足：product-agent 修订,源码路径+行号、对应运行测试或数据库/Redis/队列证据,表格单元格已拆为单一字段断言
REQ-CF-01609,core-finance,docs/PRD-整改R5-R7-资金风控.md,9. 与现有文档/SPEC 的差异说明（含需同步修订的文档清单）,"| 5 | **SPEC-§30 权限与审批/2FA 衔接** | §30 资金操作组含 BALANCE_ADJUST（调整余额，二次确认）、RECHARGE_MANAGE（管理充值） | R5 分级审批级别判定基于权限点持有者而非具体角色位；R7 新增""资金写操作 2FA""要求列 | 需同步修订 SPEC-§30：权限位描述追加""操作需操作级 2FA + 二次确认""；与二期动态权限（30.1 bitset 角色引擎）的衔接由 arch-agent 对齐（阶段一 ARCH §5.5 已预留） |",logic,P1,#应满足：`ref-2.2.6-recharge.md`,源码路径+行号、对应运行测试或数据库/Redis/队列证据,表格单元格已拆为单一字段断言
REQ-CF-01610,core-finance,docs/PRD-整改R5-R7-资金风控.md,9. 与现有文档/SPEC 的差异说明（含需同步修订的文档清单）,"| 3 | **ref-2.2.6 §4.4 单日上限与 R6 24h 限额的口径关系** | §4.4：用户充值单日 ¥100,000（对公不受限） | R6 操作人/被入账用户 24h 累计 ¥50,000 是**运营操作维度**，与用户自助充值单日上限是**两个维度**，不冲突 | 需在 ref §4.4 注明维度差异，避免运营混淆（P2-14 收尾） |",logic,P1,差异点应满足：§7.2.1 统一大额规则适用范围；§4.4 单日上限与 R6 限额维度差异注明；§7.2.2 SLA 与审批滞留衔接,源码路径+行号、对应运行测试或数据库/Redis/队列证据,表格单元格已拆为单一字段断言
REQ-CF-01612,core-finance,docs/PRD-整改R5-R7-资金风控.md,9. 与现有文档/SPEC 的差异说明（含需同步修订的文档清单）,"| 1 | **SPEC-§20 §20.2 操作级 2FA 落地** | §20.2 分层规则定义了""写操作（余额调整/提现审核/补单等）→ 2FA + 二次确认""，但 SPEC 无操作级实现细节；`2fa.ts` 仅登录链路 | R7 落地操作级 2FA：独立策略 `operation_2fa_policy`（mandatory_admin 默认，与登录策略解耦）、操作令牌 5 分钟、锁定与登录共享计数、备用码一次性 | **需同步修订 SPEC-§20**：新增""操作级 2FA""小节（策略/令牌/锁定/备用码/弹窗两步）；明确登录 2FA 与操作级 2FA 为两套策略 |",logic,P1,#应满足：`SPEC-§2-用户体系.md`,源码路径+行号、对应运行测试或数据库/Redis/队列证据,表格单元格已拆为单一字段断言
REQ-CF-01613,core-finance,docs/PRD-整改R5-R7-资金风控.md,9. 与现有文档/SPEC 的差异说明（含需同步修订的文档清单）,"| 4 | **SPEC-§2 §2.7 大额充值预警线** | 大额预警 ¥10,000 | 与 R5 双人审批线统一为 ¥10,000（预警是""通知用户""，审批是""风控拦截""，两机制共存于同一阈值） | 需同步修订 SPEC-§2 §2.7 口径说明（若原文档阈值不同） |",logic,P1,差异点应满足：§2.7 大额预警线口径统一说明,源码路径+行号、对应运行测试或数据库/Redis/队列证据,表格单元格已拆为单一字段断言
REQ-CF-01615,core-finance,docs/PRD-整改R5-R7-资金风控.md,9. 与现有文档/SPEC 的差异说明（含需同步修订的文档清单）,"| 5 | **SPEC-§30 权限与审批/2FA 衔接** | §30 资金操作组含 BALANCE_ADJUST（调整余额，二次确认）、RECHARGE_MANAGE（管理充值） | R5 分级审批级别判定基于权限点持有者而非具体角色位；R7 新增""资金写操作 2FA""要求列 | 需同步修订 SPEC-§30：权限位描述追加""操作需操作级 2FA + 二次确认""；与二期动态权限（30.1 bitset 角色引擎）的衔接由 arch-agent 对齐（阶段一 ARCH §5.5 已预留） |",permission,P1,#应满足：`SPEC-§30-权限管理.md`,源码路径+行号、对应运行测试或数据库/Redis/队列证据,表格单元格已拆为单一字段断言
REQ-CF-01616,core-finance,docs/PRD-整改R5-R7-资金风控.md,9. 与现有文档/SPEC 的差异说明（含需同步修订的文档清单）,"| 5 | **SPEC-§30 权限与审批/2FA 衔接** | §30 资金操作组含 BALANCE_ADJUST（调整余额，二次确认）、RECHARGE_MANAGE（管理充值） | R5 分级审批级别判定基于权限点持有者而非具体角色位；R7 新增""资金写操作 2FA""要求列 | 需同步修订 SPEC-§30：权限位描述追加""操作需操作级 2FA + 二次确认""；与二期动态权限（30.1 bitset 角色引擎）的衔接由 arch-agent 对齐（阶段一 ARCH §5.5 已预留） |",permission,P0,"差异点应满足：资金操作权限位描述追加""操作级 2FA + 二次确认""要求；与 finance.topup/finance.adjust 映射",源码路径+行号、对应运行测试或数据库/Redis/队列证据,表格单元格已拆为单一字段断言
REQ-CF-01618,core-finance,docs/PRD-整改R5-R7-资金风控.md,9. 与现有文档/SPEC 的差异说明（含需同步修订的文档清单）,"| 2 | **ref-2.2.6 §7.2.1 分级规则推广为统一大额规则** | §7.2.1 仅覆盖对公转账（≤¥10,000 运营终审、>¥10,000 财务复审双人、>¥100,000 super_admin） | R5 将同一金额口径推广到人工上账/调账调增/充值订单审核，三路径统一（P2-14 三处口径收敛） | **需同步修订 ref-2.2.6 §7.2.1**：注明""统一大额规则适用于全部管理端资金入账路径，见 PRD-R5-R7"" |",logic,P0,#应满足：`PRD-整改R1-R4-人工上账与资金入账.md`,源码路径+行号、对应运行测试或数据库/Redis/队列证据,表格单元格已拆为单一字段断言
REQ-CF-01619,core-finance,docs/PRD-整改R5-R7-资金风控.md,9. 与现有文档/SPEC 的差异说明（含需同步修订的文档清单）,"| 9 | **阶段一 PRD 承接项** | 阶段一 PRD §9 差异 2（A2：单日累计本期不设限）、差异 12（职责分离属 R5）、§3.1.1 审核规则（单步） | R6 落地 24h 限额（A2 兑现）；R5 落地职责分离与分级（差异 12 兑现）；人工上账审核从单步改分级 | 阶段一 PRD 相应条款标注""已由 PRD-R5-R7 承接"" |",logic,P1,"差异点应满足：§3.1.1 审核规则、§9 差异 2/12 标注""已由本 PRD 承接""",源码路径+行号、对应运行测试或数据库/Redis/队列证据,表格单元格已拆为单一字段断言
REQ-CF-01621,core-finance,docs/PRD-整改R5-R7-资金风控.md,9. 与现有文档/SPEC 的差异说明（含需同步修订的文档清单）,"| 5 | **SPEC-§30 权限与审批/2FA 衔接** | §30 资金操作组含 BALANCE_ADJUST（调整余额，二次确认）、RECHARGE_MANAGE（管理充值） | R5 分级审批级别判定基于权限点持有者而非具体角色位；R7 新增""资金写操作 2FA""要求列 | 需同步修订 SPEC-§30：权限位描述追加""操作需操作级 2FA + 二次确认""；与二期动态权限（30.1 bitset 角色引擎）的衔接由 arch-agent 对齐（阶段一 ARCH §5.5 已预留） |",logic,P1,#应满足：`ARCH-整改R1-R4-技术方案.md`,源码路径+行号、对应运行测试或数据库/Redis/队列证据,表格单元格已拆为单一字段断言
REQ-CF-01622,core-finance,docs/PRD-整改R5-R7-资金风控.md,9. 与现有文档/SPEC 的差异说明（含需同步修订的文档清单）,| 10 | **ARCH R1–R4 遗留承接** | ARCH §12.3 遗留：R5/R6/R7 属阶段二 | R5 扩展 `finance-rules.ts` 配置结构；R7 复用 `totp.ts`/`2fa.ts` 能力 | arch-agent 出阶段二技术方案时以本 PRD 为业务依据，落地结构与接口由 arch 裁决 |,state,P1,差异点应满足：§12.3 遗留项状态更新（R5/R6/R7 已承接）,源码路径+行号、对应运行测试或数据库/Redis/队列证据,表格单元格已拆为单一字段断言
REQ-CF-01623,core-finance,docs/PRD-整改R5-R7-资金风控.md,9. 与现有文档/SPEC 的差异说明（含需同步修订的文档清单）,"| 5 | **SPEC-§30 权限与审批/2FA 衔接** | §30 资金操作组含 BALANCE_ADJUST（调整余额，二次确认）、RECHARGE_MANAGE（管理充值） | R5 分级审批级别判定基于权限点持有者而非具体角色位；R7 新增""资金写操作 2FA""要求列 | 需同步修订 SPEC-§30：权限位描述追加""操作需操作级 2FA + 二次确认""；与二期动态权限（30.1 bitset 角色引擎）的衔接由 arch-agent 对齐（阶段一 ARCH §5.5 已预留） |",logic,P1,现状（文档/代码）应满足：arch-agent 修订,源码路径+行号、对应运行测试或数据库/Redis/队列证据,表格单元格已拆为单一字段断言
REQ-CF-01624,core-finance,docs/PRD-整改R5-R7-资金风控.md,10. 附录：待产品裁决清单（含建议值）,## 10. 附录：待产品裁决清单（含建议值）,logic,P1,编号应满足：B1,源码路径+行号、对应运行测试或数据库/Redis/队列证据,表格单元格已拆为单一字段断言
REQ-CF-01625,core-finance,docs/PRD-整改R5-R7-资金风控.md,10. 附录：待产品裁决清单（含建议值）,"| B1 | 调减与调增是否同档分级 | **同档**（≤¥10,000 单审、>¥10,000 双人、>¥100,000 终审）；**保留特例**：调减恰为 ¥10,000 仍双人（不放松现状更严语义） | R5 规则 3、状态机、权限矩阵 |",logic,P1,事项应满足：调减与调增是否同档分级,源码路径+行号、对应运行测试或数据库/Redis/队列证据,表格单元格已拆为单一字段断言
REQ-CF-01626,core-finance,docs/PRD-整改R5-R7-资金风控.md,10. 附录：待产品裁决清单（含建议值）,"| B1 | 调减与调增是否同档分级 | **同档**（≤¥10,000 单审、>¥10,000 双人、>¥100,000 终审）；**保留特例**：调减恰为 ¥10,000 仍双人（不放松现状更严语义） | R5 规则 3、状态机、权限矩阵 |",logic,P1,"建议值应满足：**同档**（≤¥10,000 单审、>¥10,000 双人、>¥100,000 终审）；**保留特例**：调减恰为 ¥10,000 仍双人（不放松现状更严语义）",源码路径+行号、对应运行测试或数据库/Redis/队列证据,表格单元格已拆为单一字段断言
REQ-CF-01627,core-finance,docs/PRD-整改R5-R7-资金风控.md,10. 附录：待产品裁决清单（含建议值）,"| B1 | 调减与调增是否同档分级 | **同档**（≤¥10,000 单审、>¥10,000 双人、>¥100,000 终审）；**保留特例**：调减恰为 ¥10,000 仍双人（不放松现状更严语义） | R5 规则 3、状态机、权限矩阵 |",permission,P1,影响应满足：R5 规则 3、状态机、权限矩阵,源码路径+行号、对应运行测试或数据库/Redis/队列证据,表格单元格已拆为单一字段断言
REQ-CF-01628,core-finance,docs/PRD-整改R5-R7-资金风控.md,10. 附录：待产品裁决清单（含建议值）,## 10. 附录：待产品裁决清单（含建议值）,logic,P1,编号应满足：B2,源码路径+行号、对应运行测试或数据库/Redis/队列证据,表格单元格已拆为单一字段断言
REQ-CF-01629,core-finance,docs/PRD-整改R5-R7-资金风控.md,10. 附录：待产品裁决清单（含建议值）,"| B2 | 调增 <¥10,000 免审批的取舍 | **取消金额型免审批**（none 档废止）；白名单科目免审开关**默认关闭**（开启时仅 {赠送,补偿,纠错} 且 ≤¥1,000 免审，计入 24h 累计） | R5 规则 4、验收清单 |",logic,P1,"事项应满足：调增 <¥10,000 免审批的取舍",源码路径+行号、对应运行测试或数据库/Redis/队列证据,表格单元格已拆为单一字段断言
REQ-CF-01630,core-finance,docs/PRD-整改R5-R7-资金风控.md,10. 附录：待产品裁决清单（含建议值）,"| B2 | 调增 <¥10,000 免审批的取舍 | **取消金额型免审批**（none 档废止）；白名单科目免审开关**默认关闭**（开启时仅 {赠送,补偿,纠错} 且 ≤¥1,000 免审，计入 24h 累计） | R5 规则 4、验收清单 |",field,P1,"建议值应满足：**取消金额型免审批**（none 档废止）；白名单科目免审开关**默认关闭**（开启时仅 {赠送,补偿,纠错} 且 ≤¥1,000 免审，计入 24h 累计）",源码路径+行号、对应运行测试或数据库/Redis/队列证据,表格单元格已拆为单一字段断言
REQ-CF-01631,core-finance,docs/PRD-整改R5-R7-资金风控.md,10. 附录：待产品裁决清单（含建议值）,"| B2 | 调增 <¥10,000 免审批的取舍 | **取消金额型免审批**（none 档废止）；白名单科目免审开关**默认关闭**（开启时仅 {赠送,补偿,纠错} 且 ≤¥1,000 免审，计入 24h 累计） | R5 规则 4、验收清单 |",test,P1,影响应满足：R5 规则 4、验收清单,源码路径+行号、对应运行测试或数据库/Redis/队列证据,表格单元格已拆为单一字段断言
REQ-CF-01632,core-finance,docs/PRD-整改R5-R7-资金风控.md,10. 附录：待产品裁决清单（含建议值）,## 10. 附录：待产品裁决清单（含建议值）,logic,P1,编号应满足：B3,源码路径+行号、对应运行测试或数据库/Redis/队列证据,表格单元格已拆为单一字段断言
REQ-CF-01633,core-finance,docs/PRD-整改R5-R7-资金风控.md,10. 附录：待产品裁决清单（含建议值）,"| B3 | 人工上账单笔上限是否放开 >¥100,000 | **保持 ¥50,000**（阶段一 A1）；super_admin 终审档仅充值订单/调账适用；如需大额对公入账走充值订单路径 | R5 边界 E11 |",logic,P1,"事项应满足：人工上账单笔上限是否放开 >¥100,000",源码路径+行号、对应运行测试或数据库/Redis/队列证据,表格单元格已拆为单一字段断言
REQ-CF-01634,core-finance,docs/PRD-整改R5-R7-资金风控.md,10. 附录：待产品裁决清单（含建议值）,"| B3 | 人工上账单笔上限是否放开 >¥100,000 | **保持 ¥50,000**（阶段一 A1）；super_admin 终审档仅充值订单/调账适用；如需大额对公入账走充值订单路径 | R5 边界 E11 |",logic,P1,"建议值应满足：**保持 ¥50,000**（阶段一 A1）；super_admin 终审档仅充值订单/调账适用；如需大额对公入账走充值订单路径",源码路径+行号、对应运行测试或数据库/Redis/队列证据,表格单元格已拆为单一字段断言
REQ-CF-01635,core-finance,docs/PRD-整改R5-R7-资金风控.md,10. 附录：待产品裁决清单（含建议值）,"| B3 | 人工上账单笔上限是否放开 >¥100,000 | **保持 ¥50,000**（阶段一 A1）；super_admin 终审档仅充值订单/调账适用；如需大额对公入账走充值订单路径 | R5 边界 E11 |",boundary,P1,影响应满足：R5 边界 E11,源码路径+行号、对应运行测试或数据库/Redis/队列证据,表格单元格已拆为单一字段断言
REQ-CF-01636,core-finance,docs/PRD-整改R5-R7-资金风控.md,10. 附录：待产品裁决清单（含建议值）,## 10. 附录：待产品裁决清单（含建议值）,logic,P1,编号应满足：B4,源码路径+行号、对应运行测试或数据库/Redis/队列证据,表格单元格已拆为单一字段断言
REQ-CF-01637,core-finance,docs/PRD-整改R5-R7-资金风控.md,10. 附录：待产品裁决清单（含建议值）,"| B4 | 审批人不足的降级与 super_admin 豁免""创建≠审批"" | **默认不豁免**；审批人不足 → 单据滞留 + 通知 super_admin → super_admin **代审**（必填降级原因，审计标记""降级代审""）；super_admin 自建自审属同一降级路径（需原因） | R5 规则 7、边界 E8 |",logic,P1,"事项应满足：审批人不足的降级与 super_admin 豁免""创建≠审批""",源码路径+行号、对应运行测试或数据库/Redis/队列证据,表格单元格已拆为单一字段断言
REQ-CF-01638,core-finance,docs/PRD-整改R5-R7-资金风控.md,10. 附录：待产品裁决清单（含建议值）,"| B4 | 审批人不足的降级与 super_admin 豁免""创建≠审批"" | **默认不豁免**；审批人不足 → 单据滞留 + 通知 super_admin → super_admin **代审**（必填降级原因，审计标记""降级代审""）；super_admin 自建自审属同一降级路径（需原因） | R5 规则 7、边界 E8 |",action,P1,"建议值应满足：**默认不豁免**；审批人不足 → 单据滞留 + 通知 super_admin → super_admin **代审**（必填降级原因，审计标记""降级代审""）；super_admin 自建自审属同一降级路径（需原因）",源码路径+行号、对应运行测试或数据库/Redis/队列证据,表格单元格已拆为单一字段断言
REQ-CF-01639,core-finance,docs/PRD-整改R5-R7-资金风控.md,10. 附录：待产品裁决清单（含建议值）,"| B4 | 审批人不足的降级与 super_admin 豁免""创建≠审批"" | **默认不豁免**；审批人不足 → 单据滞留 + 通知 super_admin → super_admin **代审**（必填降级原因，审计标记""降级代审""）；super_admin 自建自审属同一降级路径（需原因） | R5 规则 7、边界 E8 |",boundary,P1,影响应满足：R5 规则 7、边界 E8,源码路径+行号、对应运行测试或数据库/Redis/队列证据,表格单元格已拆为单一字段断言
REQ-CF-01640,core-finance,docs/PRD-整改R5-R7-资金风控.md,10. 附录：待产品裁决清单（含建议值）,## 10. 附录：待产品裁决清单（含建议值）,logic,P1,编号应满足：B5,源码路径+行号、对应运行测试或数据库/Redis/队列证据,表格单元格已拆为单一字段断言
REQ-CF-01641,core-finance,docs/PRD-整改R5-R7-资金风控.md,10. 附录：待产品裁决清单（含建议值）,"| B5 | 操作人 24h 累计限额值 | **¥50,000**（= 人工上账单笔上限，语义""单笔上限=单日累计上限""） | R6 规则 1、配置表 |",logic,P1,事项应满足：操作人 24h 累计限额值,源码路径+行号、对应运行测试或数据库/Redis/队列证据,表格单元格已拆为单一字段断言
REQ-CF-01642,core-finance,docs/PRD-整改R5-R7-资金风控.md,10. 附录：待产品裁决清单（含建议值）,"| B5 | 操作人 24h 累计限额值 | **¥50,000**（= 人工上账单笔上限，语义""单笔上限=单日累计上限""） | R6 规则 1、配置表 |",logic,P1,"建议值应满足：**¥50,000**（= 人工上账单笔上限，语义""单笔上限=单日累计上限""）",源码路径+行号、对应运行测试或数据库/Redis/队列证据,表格单元格已拆为单一字段断言
REQ-CF-01643,core-finance,docs/PRD-整改R5-R7-资金风控.md,10. 附录：待产品裁决清单（含建议值）,"| B5 | 操作人 24h 累计限额值 | **¥50,000**（= 人工上账单笔上限，语义""单笔上限=单日累计上限""） | R6 规则 1、配置表 |",logic,P1,影响应满足：R6 规则 1、配置表,源码路径+行号、对应运行测试或数据库/Redis/队列证据,表格单元格已拆为单一字段断言
REQ-CF-01644,core-finance,docs/PRD-整改R5-R7-资金风控.md,10. 附录：待产品裁决清单（含建议值）,## 10. 附录：待产品裁决清单（含建议值）,logic,P1,编号应满足：B6,源码路径+行号、对应运行测试或数据库/Redis/队列证据,表格单元格已拆为单一字段断言
REQ-CF-01645,core-finance,docs/PRD-整改R5-R7-资金风控.md,10. 附录：待产品裁决清单（含建议值）,"| B6 | 被入账用户 24h 累计限额值 | **¥50,000**（跨操作人合并计数） | R6 规则 2、配置表 |",logic,P1,事项应满足：被入账用户 24h 累计限额值,源码路径+行号、对应运行测试或数据库/Redis/队列证据,表格单元格已拆为单一字段断言
REQ-CF-01646,core-finance,docs/PRD-整改R5-R7-资金风控.md,10. 附录：待产品裁决清单（含建议值）,"| B6 | 被入账用户 24h 累计限额值 | **¥50,000**（跨操作人合并计数） | R6 规则 2、配置表 |",logic,P1,"建议值应满足：**¥50,000**（跨操作人合并计数）",源码路径+行号、对应运行测试或数据库/Redis/队列证据,表格单元格已拆为单一字段断言
REQ-CF-01647,core-finance,docs/PRD-整改R5-R7-资金风控.md,10. 附录：待产品裁决清单（含建议值）,"| B6 | 被入账用户 24h 累计限额值 | **¥50,000**（跨操作人合并计数） | R6 规则 2、配置表 |",logic,P1,影响应满足：R6 规则 2、配置表,源码路径+行号、对应运行测试或数据库/Redis/队列证据,表格单元格已拆为单一字段断言
REQ-CF-01648,core-finance,docs/PRD-整改R5-R7-资金风控.md,10. 附录：待产品裁决清单（含建议值）,## 10. 附录：待产品裁决清单（含建议值）,logic,P1,编号应满足：B7,源码路径+行号、对应运行测试或数据库/Redis/队列证据,表格单元格已拆为单一字段断言
REQ-CF-01649,core-finance,docs/PRD-整改R5-R7-资金风控.md,10. 附录：待产品裁决清单（含建议值）,"| B7 | 超限行为：拒绝 or 强制升级 | **默认强制升级审批**（max(金额档, 双人档)）；提供 `exceed_action='reject'` 配置切换 | R6 规则 4、边界 E20 |",logic,P1,事项应满足：超限行为：拒绝 or 强制升级,源码路径+行号、对应运行测试或数据库/Redis/队列证据,表格单元格已拆为单一字段断言
REQ-CF-01650,core-finance,docs/PRD-整改R5-R7-资金风控.md,10. 附录：待产品裁决清单（含建议值）,"| B7 | 超限行为：拒绝 or 强制升级 | **默认强制升级审批**（max(金额档, 双人档)）；提供 `exceed_action='reject'` 配置切换 | R6 规则 4、边界 E20 |",field,P1,"建议值应满足：**默认强制升级审批**（max(金额档, 双人档)）；提供 `exceed_action='reject'` 配置切换",源码路径+行号、对应运行测试或数据库/Redis/队列证据,表格单元格已拆为单一字段断言
REQ-CF-01651,core-finance,docs/PRD-整改R5-R7-资金风控.md,10. 附录：待产品裁决清单（含建议值）,"| B7 | 超限行为：拒绝 or 强制升级 | **默认强制升级审批**（max(金额档, 双人档)）；提供 `exceed_action='reject'` 配置切换 | R6 规则 4、边界 E20 |",boundary,P1,影响应满足：R6 规则 4、边界 E20,源码路径+行号、对应运行测试或数据库/Redis/队列证据,表格单元格已拆为单一字段断言
REQ-CF-01652,core-finance,docs/PRD-整改R5-R7-资金风控.md,10. 附录：待产品裁决清单（含建议值）,## 10. 附录：待产品裁决清单（含建议值）,logic,P1,编号应满足：B8,源码路径+行号、对应运行测试或数据库/Redis/队列证据,表格单元格已拆为单一字段断言
REQ-CF-01653,core-finance,docs/PRD-整改R5-R7-资金风控.md,10. 附录：待产品裁决清单（含建议值）,| B8 | super_admin 是否豁免限额 | **不豁免**（默认）；`exempt_roles` 配置默认空 | R6 规则 7、边界 E19 |,logic,P1,事项应满足：super_admin 是否豁免限额,源码路径+行号、对应运行测试或数据库/Redis/队列证据,表格单元格已拆为单一字段断言
REQ-CF-01654,core-finance,docs/PRD-整改R5-R7-资金风控.md,10. 附录：待产品裁决清单（含建议值）,| B8 | super_admin 是否豁免限额 | **不豁免**（默认）；`exempt_roles` 配置默认空 | R6 规则 7、边界 E19 |,logic,P1,建议值应满足：**不豁免**（默认）；`exempt_roles` 配置默认空,源码路径+行号、对应运行测试或数据库/Redis/队列证据,表格单元格已拆为单一字段断言
REQ-CF-01655,core-finance,docs/PRD-整改R5-R7-资金风控.md,10. 附录：待产品裁决清单（含建议值）,| B8 | super_admin 是否豁免限额 | **不豁免**（默认）；`exempt_roles` 配置默认空 | R6 规则 7、边界 E19 |,boundary,P1,影响应满足：R6 规则 7、边界 E19,源码路径+行号、对应运行测试或数据库/Redis/队列证据,表格单元格已拆为单一字段断言
REQ-CF-01656,core-finance,docs/PRD-整改R5-R7-资金风控.md,10. 附录：待产品裁决清单（含建议值）,## 10. 附录：待产品裁决清单（含建议值）,logic,P1,编号应满足：B9,源码路径+行号、对应运行测试或数据库/Redis/队列证据,表格单元格已拆为单一字段断言
REQ-CF-01657,core-finance,docs/PRD-整改R5-R7-资金风控.md,10. 附录：待产品裁决清单（含建议值）,| B9 | 调减/红冲是否计入限额 | **调减不计入**（扣钱方向，风险语义不同）；**红冲加钱方向计入** | R6 规则 8、配置表 |,logic,P1,事项应满足：调减/红冲是否计入限额,源码路径+行号、对应运行测试或数据库/Redis/队列证据,表格单元格已拆为单一字段断言
REQ-CF-01658,core-finance,docs/PRD-整改R5-R7-资金风控.md,10. 附录：待产品裁决清单（含建议值）,| B9 | 调减/红冲是否计入限额 | **调减不计入**（扣钱方向，风险语义不同）；**红冲加钱方向计入** | R6 规则 8、配置表 |,logic,P1,建议值应满足：**调减不计入**（扣钱方向，风险语义不同）；**红冲加钱方向计入**,源码路径+行号、对应运行测试或数据库/Redis/队列证据,表格单元格已拆为单一字段断言
REQ-CF-01659,core-finance,docs/PRD-整改R5-R7-资金风控.md,10. 附录：待产品裁决清单（含建议值）,| B9 | 调减/红冲是否计入限额 | **调减不计入**（扣钱方向，风险语义不同）；**红冲加钱方向计入** | R6 规则 8、配置表 |,logic,P1,影响应满足：R6 规则 8、配置表,源码路径+行号、对应运行测试或数据库/Redis/队列证据,表格单元格已拆为单一字段断言
REQ-CF-01660,core-finance,docs/PRD-整改R5-R7-资金风控.md,10. 附录：待产品裁决清单（含建议值）,| B10 | 充值订单审核（用户自助）是否计入限额 | **不计入**（走支付渠道自身风控；限额针对运营操作） | R6 规则 8、配置表 |,logic,P1,编号应满足：B10,源码路径+行号、对应运行测试或数据库/Redis/队列证据,表格单元格已拆为单一字段断言
REQ-CF-01661,core-finance,docs/PRD-整改R5-R7-资金风控.md,10. 附录：待产品裁决清单（含建议值）,| B10 | 充值订单审核（用户自助）是否计入限额 | **不计入**（走支付渠道自身风控；限额针对运营操作） | R6 规则 8、配置表 |,logic,P1,事项应满足：充值订单审核（用户自助）是否计入限额,源码路径+行号、对应运行测试或数据库/Redis/队列证据,表格单元格已拆为单一字段断言
REQ-CF-01662,core-finance,docs/PRD-整改R5-R7-资金风控.md,10. 附录：待产品裁决清单（含建议值）,| B10 | 充值订单审核（用户自助）是否计入限额 | **不计入**（走支付渠道自身风控；限额针对运营操作） | R6 规则 8、配置表 |,logic,P1,建议值应满足：**不计入**（走支付渠道自身风控；限额针对运营操作）,源码路径+行号、对应运行测试或数据库/Redis/队列证据,表格单元格已拆为单一字段断言
REQ-CF-01664,core-finance,docs/PRD-整改R5-R7-资金风控.md,10. 附录：待产品裁决清单（含建议值）,| B11 | 操作令牌有效期与复用 | **5 分钟**；窗口内同一操作者多次资金操作**可复用**（每次仍校验令牌）；过期重新验证 | R7 规则 3、配置表 |,logic,P1,编号应满足：B11,源码路径+行号、对应运行测试或数据库/Redis/队列证据,表格单元格已拆为单一字段断言
REQ-CF-01665,core-finance,docs/PRD-整改R5-R7-资金风控.md,10. 附录：待产品裁决清单（含建议值）,| B11 | 操作令牌有效期与复用 | **5 分钟**；窗口内同一操作者多次资金操作**可复用**（每次仍校验令牌）；过期重新验证 | R7 规则 3、配置表 |,logic,P1,事项应满足：操作令牌有效期与复用,源码路径+行号、对应运行测试或数据库/Redis/队列证据,表格单元格已拆为单一字段断言
REQ-CF-01666,core-finance,docs/PRD-整改R5-R7-资金风控.md,10. 附录：待产品裁决清单（含建议值）,| B11 | 操作令牌有效期与复用 | **5 分钟**；窗口内同一操作者多次资金操作**可复用**（每次仍校验令牌）；过期重新验证 | R7 规则 3、配置表 |,logic,P0,建议值应满足：**5 分钟**；窗口内同一操作者多次资金操作**可复用**（每次仍校验令牌）；过期重新验证,源码路径+行号、对应运行测试或数据库/Redis/队列证据,表格单元格已拆为单一字段断言
REQ-CF-01667,core-finance,docs/PRD-整改R5-R7-资金风控.md,10. 附录：待产品裁决清单（含建议值）,| B11 | 操作令牌有效期与复用 | **5 分钟**；窗口内同一操作者多次资金操作**可复用**（每次仍校验令牌）；过期重新验证 | R7 规则 3、配置表 |,logic,P1,影响应满足：R7 规则 3、配置表,源码路径+行号、对应运行测试或数据库/Redis/队列证据,表格单元格已拆为单一字段断言
REQ-CF-01668,core-finance,docs/PRD-整改R5-R7-资金风控.md,10. 附录：待产品裁决清单（含建议值）,| B12 | 未启用 2FA 的操作者 | **mandatory_admin 强制**（资金角色先启用再操作）；提供 disabled 档 | R7 规则 4、边界 E22 |,logic,P1,编号应满足：B12,源码路径+行号、对应运行测试或数据库/Redis/队列证据,表格单元格已拆为单一字段断言
REQ-CF-01669,core-finance,docs/PRD-整改R5-R7-资金风控.md,10. 附录：待产品裁决清单（含建议值）,| B12 | 未启用 2FA 的操作者 | **mandatory_admin 强制**（资金角色先启用再操作）；提供 disabled 档 | R7 规则 4、边界 E22 |,logic,P1,事项应满足：未启用 2FA 的操作者,源码路径+行号、对应运行测试或数据库/Redis/队列证据,表格单元格已拆为单一字段断言
REQ-CF-01670,core-finance,docs/PRD-整改R5-R7-资金风控.md,10. 附录：待产品裁决清单（含建议值）,| B12 | 未启用 2FA 的操作者 | **mandatory_admin 强制**（资金角色先启用再操作）；提供 disabled 档 | R7 规则 4、边界 E22 |,permission,P0,建议值应满足：**mandatory_admin 强制**（资金角色先启用再操作）；提供 disabled 档,源码路径+行号、对应运行测试或数据库/Redis/队列证据,表格单元格已拆为单一字段断言
REQ-CF-01671,core-finance,docs/PRD-整改R5-R7-资金风控.md,10. 附录：待产品裁决清单（含建议值）,| B12 | 未启用 2FA 的操作者 | **mandatory_admin 强制**（资金角色先启用再操作）；提供 disabled 档 | R7 规则 4、边界 E22 |,boundary,P1,影响应满足：R7 规则 4、边界 E22,源码路径+行号、对应运行测试或数据库/Redis/队列证据,表格单元格已拆为单一字段断言
REQ-CF-01672,core-finance,docs/PRD-整改R5-R7-资金风控.md,10. 附录：待产品裁决清单（含建议值）,| B13 | 操作级 2FA 是否允许备用码 | **允许**（与登录一致，一次性作废，用尽提示重新生成） | R7 规则 5、边界 E24/E25 |,logic,P1,编号应满足：B13,源码路径+行号、对应运行测试或数据库/Redis/队列证据,表格单元格已拆为单一字段断言
REQ-CF-01673,core-finance,docs/PRD-整改R5-R7-资金风控.md,10. 附录：待产品裁决清单（含建议值）,| B13 | 操作级 2FA 是否允许备用码 | **允许**（与登录一致，一次性作废，用尽提示重新生成） | R7 规则 5、边界 E24/E25 |,logic,P1,事项应满足：操作级 2FA 是否允许备用码,源码路径+行号、对应运行测试或数据库/Redis/队列证据,表格单元格已拆为单一字段断言
REQ-CF-01674,core-finance,docs/PRD-整改R5-R7-资金风控.md,10. 附录：待产品裁决清单（含建议值）,| B13 | 操作级 2FA 是否允许备用码 | **允许**（与登录一致，一次性作废，用尽提示重新生成） | R7 规则 5、边界 E24/E25 |,logic,P1,建议值应满足：**允许**（与登录一致，一次性作废，用尽提示重新生成）,源码路径+行号、对应运行测试或数据库/Redis/队列证据,表格单元格已拆为单一字段断言
REQ-CF-01675,core-finance,docs/PRD-整改R5-R7-资金风控.md,10. 附录：待产品裁决清单（含建议值）,| B13 | 操作级 2FA 是否允许备用码 | **允许**（与登录一致，一次性作废，用尽提示重新生成） | R7 规则 5、边界 E24/E25 |,boundary,P1,影响应满足：R7 规则 5、边界 E24/E25,源码路径+行号、对应运行测试或数据库/Redis/队列证据,表格单元格已拆为单一字段断言
REQ-CF-01676,core-finance,docs/PRD-整改R5-R7-资金风控.md,10. 附录：待产品裁决清单（含建议值）,| B14 | TOTP 失败锁定策略 | **连续 5 次锁定 15 分钟**；**与登录失败计数共享**（同一账户安全状态） | R7 规则 6、边界 E23 |,logic,P1,编号应满足：B14,源码路径+行号、对应运行测试或数据库/Redis/队列证据,表格单元格已拆为单一字段断言
REQ-CF-01677,core-finance,docs/PRD-整改R5-R7-资金风控.md,10. 附录：待产品裁决清单（含建议值）,| B14 | TOTP 失败锁定策略 | **连续 5 次锁定 15 分钟**；**与登录失败计数共享**（同一账户安全状态） | R7 规则 6、边界 E23 |,logic,P1,事项应满足：TOTP 失败锁定策略,源码路径+行号、对应运行测试或数据库/Redis/队列证据,表格单元格已拆为单一字段断言
REQ-CF-01678,core-finance,docs/PRD-整改R5-R7-资金风控.md,10. 附录：待产品裁决清单（含建议值）,| B14 | TOTP 失败锁定策略 | **连续 5 次锁定 15 分钟**；**与登录失败计数共享**（同一账户安全状态） | R7 规则 6、边界 E23 |,state,P1,建议值应满足：**连续 5 次锁定 15 分钟**；**与登录失败计数共享**（同一账户安全状态）,源码路径+行号、对应运行测试或数据库/Redis/队列证据,表格单元格已拆为单一字段断言
REQ-CF-01679,core-finance,docs/PRD-整改R5-R7-资金风控.md,10. 附录：待产品裁决清单（含建议值）,| B14 | TOTP 失败锁定策略 | **连续 5 次锁定 15 分钟**；**与登录失败计数共享**（同一账户安全状态） | R7 规则 6、边界 E23 |,boundary,P1,影响应满足：R7 规则 6、边界 E23,源码路径+行号、对应运行测试或数据库/Redis/队列证据,表格单元格已拆为单一字段断言
REQ-CF-01680,core-finance,docs/PRD-整改R5-R7-资金风控.md,10. 附录：待产品裁决清单（含建议值）,"| B15 | 审批滞留 SLA 提醒 | **建议本期实现轻量版**：对齐 ref §7.2.2（初审 T+0.5、复审 T+1）滞留超时通知上级 + 台账超时标记；如排期紧可仅保留""审批人不足""提示 | R5 规则 7、差异 11 |",logic,P1,编号应满足：B15,源码路径+行号、对应运行测试或数据库/Redis/队列证据,表格单元格已拆为单一字段断言
REQ-CF-01681,core-finance,docs/PRD-整改R5-R7-资金风控.md,10. 附录：待产品裁决清单（含建议值）,"| B15 | 审批滞留 SLA 提醒 | **建议本期实现轻量版**：对齐 ref §7.2.2（初审 T+0.5、复审 T+1）滞留超时通知上级 + 台账超时标记；如排期紧可仅保留""审批人不足""提示 | R5 规则 7、差异 11 |",logic,P1,事项应满足：审批滞留 SLA 提醒,源码路径+行号、对应运行测试或数据库/Redis/队列证据,表格单元格已拆为单一字段断言
REQ-CF-01682,core-finance,docs/PRD-整改R5-R7-资金风控.md,10. 附录：待产品裁决清单（含建议值）,"| B15 | 审批滞留 SLA 提醒 | **建议本期实现轻量版**：对齐 ref §7.2.2（初审 T+0.5、复审 T+1）滞留超时通知上级 + 台账超时标记；如排期紧可仅保留""审批人不足""提示 | R5 规则 7、差异 11 |",action,P1,"建议值应满足：**建议本期实现轻量版**：对齐 ref §7.2.2（初审 T+0.5、复审 T+1）滞留超时通知上级 + 台账超时标记；如排期紧可仅保留""审批人不足""提示",源码路径+行号、对应运行测试或数据库/Redis/队列证据,表格单元格已拆为单一字段断言
REQ-CF-01683,core-finance,docs/PRD-整改R5-R7-资金风控.md,10. 附录：待产品裁决清单（含建议值）,"| B15 | 审批滞留 SLA 提醒 | **建议本期实现轻量版**：对齐 ref §7.2.2（初审 T+0.5、复审 T+1）滞留超时通知上级 + 台账超时标记；如排期紧可仅保留""审批人不足""提示 | R5 规则 7、差异 11 |",logic,P1,影响应满足：R5 规则 7、差异 11,源码路径+行号、对应运行测试或数据库/Redis/队列证据,表格单元格已拆为单一字段断言
REQ-CF-01684,core-finance,docs/PRD-整改R5-R7-资金风控.md,10. 附录：待产品裁决清单（含建议值）,| B16 | 退款审核是否纳入 R7 范围 | **建议纳入**（通过/驳回均需 2FA + 二次确认，鉴权收敛至 finance.refund）；如不纳入，R7 范围仅人工上账/调账/充值订单 | R7 规则 1、权限矩阵、差异 8 |,logic,P1,编号应满足：B16,源码路径+行号、对应运行测试或数据库/Redis/队列证据,表格单元格已拆为单一字段断言
REQ-CF-01685,core-finance,docs/PRD-整改R5-R7-资金风控.md,10. 附录：待产品裁决清单（含建议值）,| B16 | 退款审核是否纳入 R7 范围 | **建议纳入**（通过/驳回均需 2FA + 二次确认，鉴权收敛至 finance.refund）；如不纳入，R7 范围仅人工上账/调账/充值订单 | R7 规则 1、权限矩阵、差异 8 |,logic,P1,事项应满足：退款审核是否纳入 R7 范围,源码路径+行号、对应运行测试或数据库/Redis/队列证据,表格单元格已拆为单一字段断言
REQ-CF-01686,core-finance,docs/PRD-整改R5-R7-资金风控.md,10. 附录：待产品裁决清单（含建议值）,| B16 | 退款审核是否纳入 R7 范围 | **建议纳入**（通过/驳回均需 2FA + 二次确认，鉴权收敛至 finance.refund）；如不纳入，R7 范围仅人工上账/调账/充值订单 | R7 规则 1、权限矩阵、差异 8 |,logic,P1,建议值应满足：**建议纳入**（通过/驳回均需 2FA + 二次确认，鉴权收敛至 finance.refund）；如不纳入，R7 范围仅人工上账/调账/充值订单,源码路径+行号、对应运行测试或数据库/Redis/队列证据,表格单元格已拆为单一字段断言
REQ-CF-01687,core-finance,docs/PRD-整改R5-R7-资金风控.md,10. 附录：待产品裁决清单（含建议值）,| B16 | 退款审核是否纳入 R7 范围 | **建议纳入**（通过/驳回均需 2FA + 二次确认，鉴权收敛至 finance.refund）；如不纳入，R7 范围仅人工上账/调账/充值订单 | R7 规则 1、权限矩阵、差异 8 |,permission,P1,影响应满足：R7 规则 1、权限矩阵、差异 8,源码路径+行号、对应运行测试或数据库/Redis/队列证据,表格单元格已拆为单一字段断言
REQ-CF-01688,core-finance,docs/PRD-整改R5-R7-资金风控.md,10. 附录：待产品裁决清单（含建议值）,| B17 | 风控配置权限归属 | 大额规则/限额配置 → **admin / super_admin（建议并入 sys.config）**；操作级 2FA 策略 → **仅 super_admin**；如现有权限树无合适位，新增 `finance.rule_config`（仅 admin/super_admin） | 权限矩阵 |,logic,P1,编号应满足：B17,源码路径+行号、对应运行测试或数据库/Redis/队列证据,表格单元格已拆为单一字段断言
REQ-CF-01689,core-finance,docs/PRD-整改R5-R7-资金风控.md,10. 附录：待产品裁决清单（含建议值）,| B17 | 风控配置权限归属 | 大额规则/限额配置 → **admin / super_admin（建议并入 sys.config）**；操作级 2FA 策略 → **仅 super_admin**；如现有权限树无合适位，新增 `finance.rule_config`（仅 admin/super_admin） | 权限矩阵 |,permission,P1,事项应满足：风控配置权限归属,源码路径+行号、对应运行测试或数据库/Redis/队列证据,表格单元格已拆为单一字段断言
REQ-CF-01690,core-finance,docs/PRD-整改R5-R7-资金风控.md,10. 附录：待产品裁决清单（含建议值）,| B17 | 风控配置权限归属 | 大额规则/限额配置 → **admin / super_admin（建议并入 sys.config）**；操作级 2FA 策略 → **仅 super_admin**；如现有权限树无合适位，新增 `finance.rule_config`（仅 admin/super_admin） | 权限矩阵 |,permission,P1,建议值应满足：大额规则/限额配置 → **admin / super_admin（建议并入 sys.config）**；操作级 2FA 策略 → **仅 super_admin**；如现有权限树无合适位，新增 `finance.rule_config`（仅 admin/super_admin）,源码路径+行号、对应运行测试或数据库/Redis/队列证据,表格单元格已拆为单一字段断言
REQ-CF-01691,core-finance,docs/PRD-整改R5-R7-资金风控.md,10. 附录：待产品裁决清单（含建议值）,"| B1 | 调减与调增是否同档分级 | **同档**（≤¥10,000 单审、>¥10,000 双人、>¥100,000 终审）；**保留特例**：调减恰为 ¥10,000 仍双人（不放松现状更严语义） | R5 规则 3、状态机、权限矩阵 |",permission,P1,影响应满足：权限矩阵,源码路径+行号、对应运行测试或数据库/Redis/队列证据,表格单元格已拆为单一字段断言
REQ-CF-01692,core-finance,docs/PRD-整改R5-R7-资金风控.md,10. 附录：待产品裁决清单（含建议值）,| B18 | 大额规则/限额配置变更生效时点 | **按提交时点固化**：存量待审单据沿用提交时级别，新单据用新规则 | R5 规则 9、边界 E10/E21 |,logic,P1,编号应满足：B18,源码路径+行号、对应运行测试或数据库/Redis/队列证据,表格单元格已拆为单一字段断言
REQ-CF-01693,core-finance,docs/PRD-整改R5-R7-资金风控.md,10. 附录：待产品裁决清单（含建议值）,| B18 | 大额规则/限额配置变更生效时点 | **按提交时点固化**：存量待审单据沿用提交时级别，新单据用新规则 | R5 规则 9、边界 E10/E21 |,logic,P1,事项应满足：大额规则/限额配置变更生效时点,源码路径+行号、对应运行测试或数据库/Redis/队列证据,表格单元格已拆为单一字段断言
REQ-CF-01694,core-finance,docs/PRD-整改R5-R7-资金风控.md,10. 附录：待产品裁决清单（含建议值）,| B18 | 大额规则/限额配置变更生效时点 | **按提交时点固化**：存量待审单据沿用提交时级别，新单据用新规则 | R5 规则 9、边界 E10/E21 |,logic,P1,建议值应满足：**按提交时点固化**：存量待审单据沿用提交时级别，新单据用新规则,源码路径+行号、对应运行测试或数据库/Redis/队列证据,表格单元格已拆为单一字段断言
REQ-CF-01695,core-finance,docs/PRD-整改R5-R7-资金风控.md,10. 附录：待产品裁决清单（含建议值）,| B18 | 大额规则/限额配置变更生效时点 | **按提交时点固化**：存量待审单据沿用提交时级别，新单据用新规则 | R5 规则 9、边界 E10/E21 |,boundary,P1,影响应满足：R5 规则 9、边界 E10/E21,源码路径+行号、对应运行测试或数据库/Redis/队列证据,表格单元格已拆为单一字段断言
REQ-CF-01696,core-finance,docs/PRD-整改R5-R7-资金风控.md,10. 附录：待产品裁决清单（含建议值）,"| B19 | 驳回/红冲是否回退累计 | **不回退**（保守风控，防""提交-撤销-再提交""循环绕过） | R6 规则 8、边界 E17 |",logic,P1,编号应满足：B19,源码路径+行号、对应运行测试或数据库/Redis/队列证据,表格单元格已拆为单一字段断言
REQ-CF-01697,core-finance,docs/PRD-整改R5-R7-资金风控.md,10. 附录：待产品裁决清单（含建议值）,"| B19 | 驳回/红冲是否回退累计 | **不回退**（保守风控，防""提交-撤销-再提交""循环绕过） | R6 规则 8、边界 E17 |",logic,P1,事项应满足：驳回/红冲是否回退累计,源码路径+行号、对应运行测试或数据库/Redis/队列证据,表格单元格已拆为单一字段断言
REQ-CF-01698,core-finance,docs/PRD-整改R5-R7-资金风控.md,10. 附录：待产品裁决清单（含建议值）,"| B19 | 驳回/红冲是否回退累计 | **不回退**（保守风控，防""提交-撤销-再提交""循环绕过） | R6 规则 8、边界 E17 |",logic,P1,"建议值应满足：**不回退**（保守风控，防""提交-撤销-再提交""循环绕过）",源码路径+行号、对应运行测试或数据库/Redis/队列证据,表格单元格已拆为单一字段断言
REQ-CF-01699,core-finance,docs/PRD-整改R5-R7-资金风控.md,10. 附录：待产品裁决清单（含建议值）,"| B19 | 驳回/红冲是否回退累计 | **不回退**（保守风控，防""提交-撤销-再提交""循环绕过） | R6 规则 8、边界 E17 |",boundary,P1,影响应满足：R6 规则 8、边界 E17,源码路径+行号、对应运行测试或数据库/Redis/队列证据,表格单元格已拆为单一字段断言
REQ-CF-01700,core-finance,docs/PRD-整改R5-R7-资金风控.md,10. 附录：待产品裁决清单（含建议值）,"| B20 | 用户端单笔充值上限口径（P2-14 残留） | **建议对齐 ¥50,000**（代码 MAX_AMOUNT=1,000,000 判定为历史偏差）；若业务确有大额自助充值需求，另行裁决并同步 ref §4.4 | 差异 6 |",logic,P1,编号应满足：B20,源码路径+行号、对应运行测试或数据库/Redis/队列证据,表格单元格已拆为单一字段断言
REQ-CF-01701,core-finance,docs/PRD-整改R5-R7-资金风控.md,10. 附录：待产品裁决清单（含建议值）,"| B20 | 用户端单笔充值上限口径（P2-14 残留） | **建议对齐 ¥50,000**（代码 MAX_AMOUNT=1,000,000 判定为历史偏差）；若业务确有大额自助充值需求，另行裁决并同步 ref §4.4 | 差异 6 |",logic,P2,事项应满足：用户端单笔充值上限口径（P2-14 残留）,源码路径+行号、对应运行测试或数据库/Redis/队列证据,表格单元格已拆为单一字段断言
REQ-CF-01702,core-finance,docs/PRD-整改R5-R7-资金风控.md,10. 附录：待产品裁决清单（含建议值）,"| B20 | 用户端单笔充值上限口径（P2-14 残留） | **建议对齐 ¥50,000**（代码 MAX_AMOUNT=1,000,000 判定为历史偏差）；若业务确有大额自助充值需求，另行裁决并同步 ref §4.4 | 差异 6 |",logic,P1,"建议值应满足：**建议对齐 ¥50,000**（代码 MAX_AMOUNT=1,000,000 判定为历史偏差）；若业务确有大额自助充值需求，另行裁决并同步 ref §4.4",源码路径+行号、对应运行测试或数据库/Redis/队列证据,表格单元格已拆为单一字段断言
REQ-CF-01703,core-finance,docs/PRD-整改R5-R7-资金风控.md,10. 附录：待产品裁决清单（含建议值）,"| B20 | 用户端单笔充值上限口径（P2-14 残留） | **建议对齐 ¥50,000**（代码 MAX_AMOUNT=1,000,000 判定为历史偏差）；若业务确有大额自助充值需求，另行裁决并同步 ref §4.4 | 差异 6 |",logic,P1,影响应满足：差异 6,源码路径+行号、对应运行测试或数据库/Redis/队列证据,表格单元格已拆为单一字段断言
REQ-CF-01704,core-finance,docs/PRD-整改R5-R7-资金风控.md,10. 附录：待产品裁决清单（含建议值）,"裁决流程：本清单随 PRD 提交 product-agent 评审 → PMO/产品负责人逐项拍板 → 未决项默认按""建议值""执行并在评审会标注；与阶段一 A1–A8 冲突处以最新裁决为准（A1 ¥50,000 单笔上限在 B3 中保持）。",logic,P1,"裁决流程：本清单随 PRD 提交 product-agent 评审 → PMO/产品负责人逐项拍板 → 未决项默认按""建议值""执行并在评审会标注；与阶段一 A1–A8 冲突处以最新裁决为准（A1 ¥50,000 单笔上限在 B3 中保持）。",源码路径+行号、对应运行测试或数据库/Redis/队列证据,N/A：原审计记录未提供补充依据；待复核源码、测试及运行证据。
REQ-CF-01705,core-finance,docs/PRD-整改R5-R7-资金风控.md,附：交付边界与依赖说明（给 arch-agent / backend-agent / frontend-agent）,**arch-agent**：阶段二技术方案需承接本 PRD —— R5 审批状态扩展（recharge_orders / adjustment_records 状态与审批人字段）、`finance-rules.ts` 配置结构扩展（large_amount / limits / operation_2fa）、R6 限额计数（操作人+用户双维度 24h 滚动窗口，原子并发判定）、R7 操作令牌与操作级 2FA 校验（复用 `totp.ts` / `2fa.ts`）；实现细节（表结构、接口路径、令牌形态）由 arch 裁决，本 PRD 不定义；,api,P1,**arch-agent**：阶段二技术方案需承接本 PRD —— R5 审批状态扩展（recharge_orders / adjustment_records 状态与审批人字段）、`finance-rules.ts` 配置结构扩展（large_amount / limits / operation_2fa）、R6 限额计数（操作人+用户双维度 24h 滚动窗口，原子并发判定）、R7 操作令牌与操作级 2FA 校验（复用 `totp.ts` / `2fa.ts`）；实现细节（表结构、接口路径、令牌形态）由 arch 裁决，本 PRD 不定义；,源码路径+行号、对应运行测试或数据库/Redis/队列证据,N/A：原审计记录未提供补充依据；待复核源码、测试及运行证据。
REQ-CF-01706,core-finance,docs/PRD-整改R5-R7-资金风控.md,附：交付边界与依赖说明（给 arch-agent / backend-agent / frontend-agent）,**backend-agent / frontend-agent**：以 arch 方案为准实现；`[?]` 帮助内容以本 PRD 第 7、8 节为数据源；,boundary,P1,**backend-agent / frontend-agent**：以 arch 方案为准实现；`[?]` 帮助内容以本 PRD 第 7、8 节为数据源；,源码路径+行号、对应运行测试或数据库/Redis/队列证据,N/A：原审计记录未提供补充依据；待复核源码、测试及运行证据。
REQ-CF-01707,core-finance,docs/PRD-整改R5-R7-资金风控.md,附：交付边界与依赖说明（给 arch-agent / backend-agent / frontend-agent）,**test-agent**：按第 6 节验收清单验证，重点覆盖 E1–E31 边界场景；,test,P1,**test-agent**：按第 6 节验收清单验证，重点覆盖 E1–E31 边界场景；,源码路径+行号、对应运行测试或数据库/Redis/队列证据,N/A：原审计记录未提供补充依据；待复核源码、测试及运行证据。
REQ-CF-01708,core-finance,docs/PRD-整改R5-R7-资金风控.md,附：交付边界与依赖说明（给 arch-agent / backend-agent / frontend-agent）,**review-agent**：门禁检查 P1 合规（`[?]` 段落落地）与职责分离校验完整性。,boundary,P1,**review-agent**：门禁检查 P1 合规（`[?]` 段落落地）与职责分离校验完整性。,源码路径+行号、对应运行测试或数据库/Redis/队列证据,N/A：原审计记录未提供补充依据；待复核源码、测试及运行证据。
REQ-CF-01709,core-finance,docs/PRD-模型缓存定价与缓存计量.md,PRD：模型缓存定价与缓存计量（缓存费用闭环）,"**定位**：本 PRD 为调度-agent 产出的《方案-模型缓存定价与缓存计量》的**正式产品规格**，将方案决策落为可开发、可测试、可验收的业务需求。只定义""做什么""（业务规则、字段语义、价格解析、权限、交互、验收），不定义""怎么做""（接口实现、存储方案、SQL/Drizzle schema 由 arch-agent / backend-agent 承接）。",test,P1,"**定位**：本 PRD 为调度-agent 产出的《方案-模型缓存定价与缓存计量》的**正式产品规格**，将方案决策落为可开发、可测试、可验收的业务需求。只定义""做什么""（业务规则、字段语义、价格解析、权限、交互、验收），不定义""怎么做""（接口实现、存储方案、SQL/Drizzle schema 由 arch-agent / backend-agent 承接）。",源码路径+行号、对应运行测试或数据库/Redis/队列证据,N/A：原审计记录未提供补充依据；待复核源码、测试及运行证据。
REQ-CF-01710,core-finance,docs/PRD-模型缓存定价与缓存计量.md,PRD：模型缓存定价与缓存计量（缓存费用闭环）,**P1 合规**：本 PRD 已含 `### [?] 页面帮助` 与 `### [?] 按钮级帮助对照表`（第 9 节），满足 `PRODUCT-DESIGN-PRINCIPLES.md` P1（不可降级），可进入开发。,logic,P1,**P1 合规**：本 PRD 已含 `### [?] 页面帮助` 与 `### [?] 按钮级帮助对照表`（第 9 节），满足 `PRODUCT-DESIGN-PRINCIPLES.md` P1（不可降级），可进入开发。,源码路径+行号、对应运行测试或数据库/Redis/队列证据,N/A：原审计记录未提供补充依据；待复核源码、测试及运行证据。
REQ-CF-01711,core-finance,docs/PRD-模型缓存定价与缓存计量.md,PRD：模型缓存定价与缓存计量（缓存费用闭环）,**上游约束**：本 PRD 不改变方案文档的任何既定计费决策；确需评审的疑义点集中在第 11 节「待 arch-agent 联合评审确认项」，均附产品默认建议。,logic,P1,**上游约束**：本 PRD 不改变方案文档的任何既定计费决策；确需评审的疑义点集中在第 11 节「待 arch-agent 联合评审确认项」，均附产品默认建议。,源码路径+行号、对应运行测试或数据库/Redis/队列证据,N/A：原审计记录未提供补充依据；待复核源码、测试及运行证据。
REQ-CF-01712,core-finance,docs/PRD-模型缓存定价与缓存计量.md,1. 文档头,| 文档编号 | PRD-3C-CACHE-001 |,field,P1,字段应满足：文档编号,源码路径+行号、对应运行测试或数据库/Redis/队列证据,表格单元格已拆为单一字段断言
REQ-CF-01713,core-finance,docs/PRD-模型缓存定价与缓存计量.md,1. 文档头,| 文档编号 | PRD-3C-CACHE-001 |,logic,P1,值应满足：PRD-3C-CACHE-001,源码路径+行号、对应运行测试或数据库/Redis/队列证据,表格单元格已拆为单一字段断言
REQ-CF-01714,core-finance,docs/PRD-模型缓存定价与缓存计量.md,1. 文档头,| 文档名称 | 模型缓存定价与缓存计量（缓存费用闭环） |,field,P1,字段应满足：文档名称,源码路径+行号、对应运行测试或数据库/Redis/队列证据,表格单元格已拆为单一字段断言
REQ-CF-01715,core-finance,docs/PRD-模型缓存定价与缓存计量.md,1. 文档头,| 文档名称 | 模型缓存定价与缓存计量（缓存费用闭环） |,logic,P1,值应满足：模型缓存定价与缓存计量（缓存费用闭环）,源码路径+行号、对应运行测试或数据库/Redis/队列证据,表格单元格已拆为单一字段断言
REQ-CF-01716,core-finance,docs/PRD-模型缓存定价与缓存计量.md,1. 文档头,## 1. 文档头,field,P1,字段应满足：版本,源码路径+行号、对应运行测试或数据库/Redis/队列证据,表格单元格已拆为单一字段断言
REQ-CF-01717,core-finance,docs/PRD-模型缓存定价与缓存计量.md,1. 文档头,| 版本 | v1.1（评审修订版 · 定稿） |,logic,P1,值应满足：v1.1（评审修订版 · 定稿）,源码路径+行号、对应运行测试或数据库/Redis/队列证据,表格单元格已拆为单一字段断言
REQ-CF-01718,core-finance,docs/PRD-模型缓存定价与缓存计量.md,1. 文档头,## 1. 文档头,field,P1,字段应满足：日期,源码路径+行号、对应运行测试或数据库/Redis/队列证据,表格单元格已拆为单一字段断言
REQ-CF-01719,core-finance,docs/PRD-模型缓存定价与缓存计量.md,1. 文档头,| 日期 | 2026-08-20 |,logic,P1,值应满足：2026-08-20,源码路径+行号、对应运行测试或数据库/Redis/队列证据,表格单元格已拆为单一字段断言
REQ-CF-01720,core-finance,docs/PRD-模型缓存定价与缓存计量.md,1. 文档头,| 作者 / 维护者 | product-agent |,field,P1,字段应满足：作者 / 维护者,源码路径+行号、对应运行测试或数据库/Redis/队列证据,表格单元格已拆为单一字段断言
REQ-CF-01721,core-finance,docs/PRD-模型缓存定价与缓存计量.md,1. 文档头,| 作者 / 维护者 | product-agent |,logic,P1,值应满足：product-agent,源码路径+行号、对应运行测试或数据库/Redis/队列证据,表格单元格已拆为单一字段断言
REQ-CF-01722,core-finance,docs/PRD-模型缓存定价与缓存计量.md,1. 文档头,| 上游需求 | `docs/方案-模型缓存定价与缓存计量.md`（需求主体，不可偏离其既定决策） |,field,P1,字段应满足：上游需求,源码路径+行号、对应运行测试或数据库/Redis/队列证据,表格单元格已拆为单一字段断言
REQ-CF-01723,core-finance,docs/PRD-模型缓存定价与缓存计量.md,1. 文档头,| 上游需求 | `docs/方案-模型缓存定价与缓存计量.md`（需求主体，不可偏离其既定决策） |,logic,P1,值应满足：`docs/方案-模型缓存定价与缓存计量.md`（需求主体，不可偏离其既定决策）,源码路径+行号、对应运行测试或数据库/Redis/队列证据,表格单元格已拆为单一字段断言
REQ-CF-01724,core-finance,docs/PRD-模型缓存定价与缓存计量.md,1. 文档头,| 前置基线 | `docs/ARCH-模型缓存定价与缓存计量-联合评审.md`（D-1~D-14 决议、§3 表名映射裁定、§8 条件、§9 修订派发单）、`docs/ref-5.2-billing.md`（§3.2.1 缓存命中打折计费现状、§4 账单结构、§7.1 价格配置页）、`docs/ref-2.2.2-model-center.md`（§3.2 定价明细 API）、`docs/ref-4.3-vendor-model.md`、`docs/ref-4.15-vendor-settlement.md`、`docs/data-dictionary.md`（§2.2 / §2.6） |,field,P1,字段应满足：前置基线,源码路径+行号、对应运行测试或数据库/Redis/队列证据,表格单元格已拆为单一字段断言
REQ-CF-01725,core-finance,docs/PRD-模型缓存定价与缓存计量.md,1. 文档头,| 前置基线 | `docs/ARCH-模型缓存定价与缓存计量-联合评审.md`（D-1~D-14 决议、§3 表名映射裁定、§8 条件、§9 修订派发单）、`docs/ref-5.2-billing.md`（§3.2.1 缓存命中打折计费现状、§4 账单结构、§7.1 价格配置页）、`docs/ref-2.2.2-model-center.md`（§3.2 定价明细 API）、`docs/ref-4.3-vendor-model.md`、`docs/ref-4.15-vendor-settlement.md`、`docs/data-dictionary.md`（§2.2 / §2.6） |,api,P1,值应满足：`docs/ARCH-模型缓存定价与缓存计量-联合评审.md`（D-1~D-14 决议、§3 表名映射裁定、§8 条件、§9 修订派发单）、`docs/ref-5.2-billing.md`（§3.2.1 缓存命中打折计费现状、§4 账单结构、§7.1 价格配置页）、`docs/ref-2.2.2-model-center.md`（§3.2 定价明细 API）、`docs/ref-4.3-vendor-model.md`、`docs/ref-4.15-vendor-settlement.md`、`docs/data-dictionary.md`（§2.2 / §2.6）,源码路径+行号、对应运行测试或数据库/Redis/队列证据,表格单元格已拆为单一字段断言
REQ-CF-01726,core-finance,docs/PRD-模型缓存定价与缓存计量.md,1. 文档头,| 关联文档 | `docs/PRODUCT-DESIGN-PRINCIPLES.md`（P1 不可降级）、`docs/PRD-§5.5-模型价格变更通知.md`、`docs/ref-4.10-vendor-self-service.md`、`docs/ref-4.4.5-reconciliation-prd.md`、`docs/ref-2.2.4-call-logs.md`、`docs/PRD-README.md`、`docs/P0-缓存定价与缓存计量-开发任务书.md` |,field,P1,字段应满足：关联文档,源码路径+行号、对应运行测试或数据库/Redis/队列证据,表格单元格已拆为单一字段断言
REQ-CF-01727,core-finance,docs/PRD-模型缓存定价与缓存计量.md,1. 文档头,| 关联文档 | `docs/PRODUCT-DESIGN-PRINCIPLES.md`（P1 不可降级）、`docs/PRD-§5.5-模型价格变更通知.md`、`docs/ref-4.10-vendor-self-service.md`、`docs/ref-4.4.5-reconciliation-prd.md`、`docs/ref-2.2.4-call-logs.md`、`docs/PRD-README.md`、`docs/P0-缓存定价与缓存计量-开发任务书.md` |,logic,P1,值应满足：`docs/PRODUCT-DESIGN-PRINCIPLES.md`（P1 不可降级）、`docs/PRD-§5.5-模型价格变更通知.md`、`docs/ref-4.10-vendor-self-service.md`、`docs/ref-4.4.5-reconciliation-prd.md`、`docs/ref-2.2.4-call-logs.md`、`docs/PRD-README.md`、`docs/P0-缓存定价与缓存计量-开发任务书.md`,源码路径+行号、对应运行测试或数据库/Redis/队列证据,表格单元格已拆为单一字段断言
REQ-CF-01728,core-finance,docs/PRD-模型缓存定价与缓存计量.md,1. 文档头,| 适用角色 | user / agent / 渠道（自助账号）/ ops / finance_ops / admin / super_admin / auditor / support；对接 arch-agent（联合评审）、backend-agent / frontend-agent（开发）、test-agent（验收）、review-agent（门禁） |,permission,P1,字段应满足：适用角色,源码路径+行号、对应运行测试或数据库/Redis/队列证据,表格单元格已拆为单一字段断言
REQ-CF-01729,core-finance,docs/PRD-模型缓存定价与缓存计量.md,1. 文档头,| 适用角色 | user / agent / 渠道（自助账号）/ ops / finance_ops / admin / super_admin / auditor / support；对接 arch-agent（联合评审）、backend-agent / frontend-agent（开发）、test-agent（验收）、review-agent（门禁） |,test,P1,值应满足：user / agent / 渠道（自助账号）/ ops / finance_ops / admin / super_admin / auditor / support；对接 arch-agent（联合评审）、backend-agent / frontend-agent（开发）、test-agent（验收）、review-agent（门禁）,源码路径+行号、对应运行测试或数据库/Redis/队列证据,表格单元格已拆为单一字段断言
REQ-CF-01730,core-finance,docs/PRD-模型缓存定价与缓存计量.md,1. 文档头,| 本期范围 | G1–G4 四类缺口的缓存定价定义、缓存计量审计、用户查询面、消费透出、结算衔接（P0–P3 全阶段功能） |,field,P1,字段应满足：本期范围,源码路径+行号、对应运行测试或数据库/Redis/队列证据,表格单元格已拆为单一字段断言
REQ-CF-01731,core-finance,docs/PRD-模型缓存定价与缓存计量.md,1. 文档头,| 本期范围 | G1–G4 四类缺口的缓存定价定义、缓存计量审计、用户查询面、消费透出、结算衔接（P0–P3 全阶段功能） |,logic,P0,值应满足：G1–G4 四类缺口的缓存定价定义、缓存计量审计、用户查询面、消费透出、结算衔接（P0–P3 全阶段功能）,源码路径+行号、对应运行测试或数据库/Redis/队列证据,表格单元格已拆为单一字段断言
REQ-CF-01732,core-finance,docs/PRD-模型缓存定价与缓存计量.md,1. 文档头,| 本期明确不做 | 缓存基础设施本身（上游缓存机制的开启/关闭、缓存预热、缓存存储）；技术架构与代码实现；SQL/Drizzle schema 设计 |,field,P1,字段应满足：本期明确不做,源码路径+行号、对应运行测试或数据库/Redis/队列证据,表格单元格已拆为单一字段断言
REQ-CF-01733,core-finance,docs/PRD-模型缓存定价与缓存计量.md,1. 文档头,| 本期明确不做 | 缓存基础设施本身（上游缓存机制的开启/关闭、缓存预热、缓存存储）；技术架构与代码实现；SQL/Drizzle schema 设计 |,db,P1,值应满足：缓存基础设施本身（上游缓存机制的开启/关闭、缓存预热、缓存存储）；技术架构与代码实现；SQL/Drizzle schema 设计,源码路径+行号、对应运行测试或数据库/Redis/队列证据,表格单元格已拆为单一字段断言
REQ-CF-01734,core-finance,docs/PRD-模型缓存定价与缓存计量.md,修订记录,| v1.0 | 2026-08-19 | 初稿（评审稿），含 A1–A9 待 arch 评审确认项 | — | — |,logic,P1,版本应满足：v1.0,源码路径+行号、对应运行测试或数据库/Redis/队列证据,表格单元格已拆为单一字段断言
REQ-CF-01735,core-finance,docs/PRD-模型缓存定价与缓存计量.md,修订记录,| v1.0 | 2026-08-19 | 初稿（评审稿），含 A1–A9 待 arch 评审确认项 | — | — |,logic,P1,日期应满足：2026-08-19,源码路径+行号、对应运行测试或数据库/Redis/队列证据,表格单元格已拆为单一字段断言
REQ-CF-01736,core-finance,docs/PRD-模型缓存定价与缓存计量.md,修订记录,| v1.0 | 2026-08-19 | 初稿（评审稿），含 A1–A9 待 arch 评审确认项 | — | — |,logic,P1,变更点应满足：初稿（评审稿），含 A1–A9 待 arch 评审确认项,源码路径+行号、对应运行测试或数据库/Redis/队列证据,表格单元格已拆为单一字段断言
REQ-CF-01737,core-finance,docs/PRD-模型缓存定价与缓存计量.md,修订记录,| v1.1 | 2026-08-20 | **R-P1** 表名映射（§5 顶部映射表 + §5.1/§5.3/§5.4/§5.5 标题标注实际表名 + §2.1 现状依据改实际表名 + §8 AC 引用对齐） | 评审 §3 表名映射裁定 | §5、§2.1、§8 |,logic,P1,版本应满足：v1.1,源码路径+行号、对应运行测试或数据库/Redis/队列证据,表格单元格已拆为单一字段断言
REQ-CF-01738,core-finance,docs/PRD-模型缓存定价与缓存计量.md,修订记录,| v1.1 | 2026-08-20 | **R-P1** 表名映射（§5 顶部映射表 + §5.1/§5.3/§5.4/§5.5 标题标注实际表名 + §2.1 现状依据改实际表名 + §8 AC 引用对齐） | 评审 §3 表名映射裁定 | §5、§2.1、§8 |,logic,P1,日期应满足：2026-08-20,源码路径+行号、对应运行测试或数据库/Redis/队列证据,表格单元格已拆为单一字段断言
REQ-CF-01739,core-finance,docs/PRD-模型缓存定价与缓存计量.md,修订记录,| v1.1 | 2026-08-20 | **R-P1** 表名映射（§5 顶部映射表 + §5.1/§5.3/§5.4/§5.5 标题标注实际表名 + §2.1 现状依据改实际表名 + §8 AC 引用对齐） | 评审 §3 表名映射裁定 | §5、§2.1、§8 |,logic,P1,变更点应满足：**R-P1** 表名映射（§5 顶部映射表 + §5.1/§5.3/§5.4/§5.5 标题标注实际表名 + §2.1 现状依据改实际表名 + §8 AC 引用对齐）,源码路径+行号、对应运行测试或数据库/Redis/队列证据,表格单元格已拆为单一字段断言
REQ-CF-01740,core-finance,docs/PRD-模型缓存定价与缓存计量.md,修订记录,| v1.1 | 2026-08-20 | **R-P1** 表名映射（§5 顶部映射表 + §5.1/§5.3/§5.4/§5.5 标题标注实际表名 + §2.1 现状依据改实际表名 + §8 AC 引用对齐） | 评审 §3 表名映射裁定 | §5、§2.1、§8 |,logic,P1,决议依据应满足：评审 §3 表名映射裁定,源码路径+行号、对应运行测试或数据库/Redis/队列证据,表格单元格已拆为单一字段断言
REQ-CF-01741,core-finance,docs/PRD-模型缓存定价与缓存计量.md,修订记录,| v1.1 | 2026-08-20 | **R-P1** 表名映射（§5 顶部映射表 + §5.1/§5.3/§5.4/§5.5 标题标注实际表名 + §2.1 现状依据改实际表名 + §8 AC 引用对齐） | 评审 §3 表名映射裁定 | §5、§2.1、§8 |,logic,P1,落点应满足：§5、§2.1、§8,源码路径+行号、对应运行测试或数据库/Redis/队列证据,表格单元格已拆为单一字段断言
REQ-CF-01744,core-finance,docs/PRD-模型缓存定价与缓存计量.md,修订记录,"| v1.1 | 2026-08-20 | **R-P2** 精度口径统一（删除""扣费 6 位""，统一存储/计算 8 位 + 展示 2 位） | D-1 | §4.7、ref-5.2 精度段 |",logic,P2,"变更点应满足：**R-P2** 精度口径统一（删除""扣费 6 位""，统一存储/计算 8 位 + 展示 2 位）",源码路径+行号、对应运行测试或数据库/Redis/队列证据,表格单元格已拆为单一字段断言
REQ-CF-01745,core-finance,docs/PRD-模型缓存定价与缓存计量.md,修订记录,| 版本 | 日期 | 变更点 | 决议依据 | 落点 |,logic,P1,决议依据应满足：D-1,源码路径+行号、对应运行测试或数据库/Redis/队列证据,表格单元格已拆为单一字段断言
REQ-CF-01746,core-finance,docs/PRD-模型缓存定价与缓存计量.md,修订记录,"| v1.1 | 2026-08-20 | **R-P2** 精度口径统一（删除""扣费 6 位""，统一存储/计算 8 位 + 展示 2 位） | D-1 | §4.7、ref-5.2 精度段 |",logic,P1,落点应满足：§4.7、ref-5.2 精度段,源码路径+行号、对应运行测试或数据库/Redis/队列证据,表格单元格已拆为单一字段断言
REQ-CF-01749,core-finance,docs/PRD-模型缓存定价与缓存计量.md,修订记录,| v1.1 | 2026-08-20 | **R-P3** 落库归属（call_logs ≡ consumption_records；审计 3 列 + 快照 2 列 = 同表 5 新列；billing_logs 不建表） | D-8 | §5.4、§5.5、§10.5 |,db,P3,变更点应满足：**R-P3** 落库归属（call_logs ≡ consumption_records；审计 3 列 + 快照 2 列 = 同表 5 新列；billing_logs 不建表）,源码路径+行号、对应运行测试或数据库/Redis/队列证据,表格单元格已拆为单一字段断言
REQ-CF-01750,core-finance,docs/PRD-模型缓存定价与缓存计量.md,修订记录,| 版本 | 日期 | 变更点 | 决议依据 | 落点 |,logic,P1,决议依据应满足：D-8,源码路径+行号、对应运行测试或数据库/Redis/队列证据,表格单元格已拆为单一字段断言
REQ-CF-01751,core-finance,docs/PRD-模型缓存定价与缓存计量.md,修订记录,| v1.1 | 2026-08-20 | **R-P3** 落库归属（call_logs ≡ consumption_records；审计 3 列 + 快照 2 列 = 同表 5 新列；billing_logs 不建表） | D-8 | §5.4、§5.5、§10.5 |,logic,P1,落点应满足：§5.4、§5.5、§10.5,源码路径+行号、对应运行测试或数据库/Redis/队列证据,表格单元格已拆为单一字段断言
REQ-CF-01754,core-finance,docs/PRD-模型缓存定价与缓存计量.md,修订记录,| v1.1 | 2026-08-20 | **R-P4** 流式生效（chat/messages/openai-compat 三端点注入 include_usage；计费时点与回滚口径写入业务规则） | D-9 | §4.1-3、§10.2 C1 |,rollback,P0,变更点应满足：**R-P4** 流式生效（chat/messages/openai-compat 三端点注入 include_usage；计费时点与回滚口径写入业务规则）,源码路径+行号、对应运行测试或数据库/Redis/队列证据,表格单元格已拆为单一字段断言
REQ-CF-01755,core-finance,docs/PRD-模型缓存定价与缓存计量.md,修订记录,| 版本 | 日期 | 变更点 | 决议依据 | 落点 |,logic,P1,决议依据应满足：D-9,源码路径+行号、对应运行测试或数据库/Redis/队列证据,表格单元格已拆为单一字段断言
REQ-CF-01756,core-finance,docs/PRD-模型缓存定价与缓存计量.md,修订记录,| v1.1 | 2026-08-20 | **R-P4** 流式生效（chat/messages/openai-compat 三端点注入 include_usage；计费时点与回滚口径写入业务规则） | D-9 | §4.1-3、§10.2 C1 |,logic,P1,落点应满足：§4.1-3、§10.2 C1,源码路径+行号、对应运行测试或数据库/Redis/队列证据,表格单元格已拆为单一字段断言
REQ-CF-01759,core-finance,docs/PRD-模型缓存定价与缓存计量.md,修订记录,| v1.1 | 2026-08-20 | **R-P5** A6 权限定稿（finance_ops 开放缓存售价配置，产品拍板） | D-5 | §6.2 |,permission,P1,变更点应满足：**R-P5** A6 权限定稿（finance_ops 开放缓存售价配置，产品拍板）,源码路径+行号、对应运行测试或数据库/Redis/队列证据,表格单元格已拆为单一字段断言
REQ-CF-01760,core-finance,docs/PRD-模型缓存定价与缓存计量.md,修订记录,| 版本 | 日期 | 变更点 | 决议依据 | 落点 |,logic,P1,决议依据应满足：D-5,源码路径+行号、对应运行测试或数据库/Redis/队列证据,表格单元格已拆为单一字段断言
REQ-CF-01761,core-finance,docs/PRD-模型缓存定价与缓存计量.md,修订记录,### 修订记录,logic,P1,落点应满足：§6.2,源码路径+行号、对应运行测试或数据库/Redis/队列证据,表格单元格已拆为单一字段断言
REQ-CF-01764,core-finance,docs/PRD-模型缓存定价与缓存计量.md,修订记录,| v1.1 | 2026-08-20 | **R-P6** 展示判定定稿（解析后有效缓存单价 && 上游支持矩阵常量） | D-7 | §7.1 |,logic,P1,变更点应满足：**R-P6** 展示判定定稿（解析后有效缓存单价 && 上游支持矩阵常量）,源码路径+行号、对应运行测试或数据库/Redis/队列证据,表格单元格已拆为单一字段断言
REQ-CF-01765,core-finance,docs/PRD-模型缓存定价与缓存计量.md,修订记录,| 版本 | 日期 | 变更点 | 决议依据 | 落点 |,logic,P1,决议依据应满足：D-7,源码路径+行号、对应运行测试或数据库/Redis/队列证据,表格单元格已拆为单一字段断言
REQ-CF-01766,core-finance,docs/PRD-模型缓存定价与缓存计量.md,修订记录,### 修订记录,logic,P1,落点应满足：§7.1,源码路径+行号、对应运行测试或数据库/Redis/队列证据,表格单元格已拆为单一字段断言
REQ-CF-01769,core-finance,docs/PRD-模型缓存定价与缓存计量.md,修订记录,"| v1.1 | 2026-08-20 | **R-P7** 文档债务同步清单（ref-5.2 `/1,000,000` 旧单位、billing_logs 概念引用、精度三处口径）+ ref-5.2 精度段直接修订 | 评审 §6.2 / §9.1 R-P7 | §10.6、ref-5.2 |",logic,P1,"变更点应满足：**R-P7** 文档债务同步清单（ref-5.2 `/1,000,000` 旧单位、billing_logs 概念引用、精度三处口径）+ ref-5.2 精度段直接修订",源码路径+行号、对应运行测试或数据库/Redis/队列证据,表格单元格已拆为单一字段断言
REQ-CF-01770,core-finance,docs/PRD-模型缓存定价与缓存计量.md,修订记录,"| v1.1 | 2026-08-20 | **R-P7** 文档债务同步清单（ref-5.2 `/1,000,000` 旧单位、billing_logs 概念引用、精度三处口径）+ ref-5.2 精度段直接修订 | 评审 §6.2 / §9.1 R-P7 | §10.6、ref-5.2 |",logic,P1,决议依据应满足：评审 §6.2 / §9.1 R-P7,源码路径+行号、对应运行测试或数据库/Redis/队列证据,表格单元格已拆为单一字段断言
REQ-CF-01771,core-finance,docs/PRD-模型缓存定价与缓存计量.md,修订记录,"| v1.1 | 2026-08-20 | **R-P7** 文档债务同步清单（ref-5.2 `/1,000,000` 旧单位、billing_logs 概念引用、精度三处口径）+ ref-5.2 精度段直接修订 | 评审 §6.2 / §9.1 R-P7 | §10.6、ref-5.2 |",logic,P1,落点应满足：§10.6、ref-5.2,源码路径+行号、对应运行测试或数据库/Redis/队列证据,表格单元格已拆为单一字段断言
REQ-CF-01774,core-finance,docs/PRD-模型缓存定价与缓存计量.md,修订记录,| v1.1 | 2026-08-20 | 附：D-10 价格解析 P0 按 4 级生效（级 1 缺省）；D-11 收敛 read 优先；D-13 explicit 默认定稿 | D-10 / D-11 / D-13 | §4.2、§4.1、§4.4 |,logic,P0,变更点应满足：附：D-10 价格解析 P0 按 4 级生效（级 1 缺省）；D-11 收敛 read 优先；D-13 explicit 默认定稿,源码路径+行号、对应运行测试或数据库/Redis/队列证据,表格单元格已拆为单一字段断言
REQ-CF-01775,core-finance,docs/PRD-模型缓存定价与缓存计量.md,修订记录,| v1.1 | 2026-08-20 | 附：D-10 价格解析 P0 按 4 级生效（级 1 缺省）；D-11 收敛 read 优先；D-13 explicit 默认定稿 | D-10 / D-11 / D-13 | §4.2、§4.1、§4.4 |,logic,P1,决议依据应满足：D-10 / D-11 / D-13,源码路径+行号、对应运行测试或数据库/Redis/队列证据,表格单元格已拆为单一字段断言
REQ-CF-01776,core-finance,docs/PRD-模型缓存定价与缓存计量.md,修订记录,| v1.1 | 2026-08-20 | 附：D-10 价格解析 P0 按 4 级生效（级 1 缺省）；D-11 收敛 read 优先；D-13 explicit 默认定稿 | D-10 / D-11 / D-13 | §4.2、§4.1、§4.4 |,logic,P1,落点应满足：§4.2、§4.1、§4.4,源码路径+行号、对应运行测试或数据库/Redis/队列证据,表格单元格已拆为单一字段断言
REQ-CF-01779,core-finance,docs/PRD-模型缓存定价与缓存计量.md,修订记录,| v1.1 | 2026-08-20 | **口径补修订（test-agent P0 用例澄清 Q2/Q3）**：AC-06 单位契约范围标注（÷1000 属 P3 F21）；cache_discount 明确可负（负 = 缓存写入溢价）；写入价允许 > 输入价（Anthropic 写入溢价，无上限校验）并同步帮助文案/AC-19 断言 | 产品澄清（Q2/Q3） | §4.5、§5.4、§7.3、§7.5、§8 AC-06/AC-19、§9.2 |,logic,P0,变更点应满足：**口径补修订（test-agent P0 用例澄清 Q2/Q3）**：AC-06 单位契约范围标注（÷1000 属 P3 F21）；cache_discount 明确可负（负 = 缓存写入溢价）；写入价允许 > 输入价（Anthropic 写入溢价，无上限校验）并同步帮助文案/AC-19 断言,源码路径+行号、对应运行测试或数据库/Redis/队列证据,表格单元格已拆为单一字段断言
REQ-CF-01780,core-finance,docs/PRD-模型缓存定价与缓存计量.md,修订记录,| v1.1 | 2026-08-20 | **口径补修订（test-agent P0 用例澄清 Q2/Q3）**：AC-06 单位契约范围标注（÷1000 属 P3 F21）；cache_discount 明确可负（负 = 缓存写入溢价）；写入价允许 > 输入价（Anthropic 写入溢价，无上限校验）并同步帮助文案/AC-19 断言 | 产品澄清（Q2/Q3） | §4.5、§5.4、§7.3、§7.5、§8 AC-06/AC-19、§9.2 |,logic,P1,决议依据应满足：产品澄清（Q2/Q3）,源码路径+行号、对应运行测试或数据库/Redis/队列证据,表格单元格已拆为单一字段断言
REQ-CF-01781,core-finance,docs/PRD-模型缓存定价与缓存计量.md,修订记录,| v1.1 | 2026-08-20 | **口径补修订（test-agent P0 用例澄清 Q2/Q3）**：AC-06 单位契约范围标注（÷1000 属 P3 F21）；cache_discount 明确可负（负 = 缓存写入溢价）；写入价允许 > 输入价（Anthropic 写入溢价，无上限校验）并同步帮助文案/AC-19 断言 | 产品澄清（Q2/Q3） | §4.5、§5.4、§7.3、§7.5、§8 AC-06/AC-19、§9.2 |,logic,P1,落点应满足：§4.5、§5.4、§7.3、§7.5、§8 AC-06/AC-19、§9.2,源码路径+行号、对应运行测试或数据库/Redis/队列证据,表格单元格已拆为单一字段断言
REQ-CF-01782,core-finance,docs/PRD-模型缓存定价与缓存计量.md,2.1 背景（四类缺口）,| G1 | **渠道模型定价没有缓存费用定义** | `supplier_models`（方案术语 `vendor_models`，见 §5 表名映射）仅有 `input_price / output_price`（varchar(30)），且 **L0 成本列（cost_input_price/cost_output_price）整体未落地**，无任何缓存字段（评审 S1 核实） | 缓存成本无法定价 → 渠道结算无法区分缓存成本，毛利率失真 |,logic,P1,缺口（方案原文）应满足：**渠道模型定价没有缓存费用定义**,源码路径+行号、对应运行测试或数据库/Redis/队列证据,表格单元格已拆为单一字段断言
REQ-CF-01783,core-finance,docs/PRD-模型缓存定价与缓存计量.md,2.1 背景（四类缺口）,| G1 | **渠道模型定价没有缓存费用定义** | `supplier_models`（方案术语 `vendor_models`，见 §5 表名映射）仅有 `input_price / output_price`（varchar(30)），且 **L0 成本列（cost_input_price/cost_output_price）整体未落地**，无任何缓存字段（评审 S1 核实） | 缓存成本无法定价 → 渠道结算无法区分缓存成本，毛利率失真 |,field,P1,现状依据应满足：`supplier_models`（方案术语 `vendor_models`，见 §5 表名映射）仅有 `input_price / output_price`（varchar(30)），且 **L0 成本列（cost_input_price/cost_output_price）整体未落地**，无任何缓存字段（评审 S1 核实）,源码路径+行号、对应运行测试或数据库/Redis/队列证据,表格单元格已拆为单一字段断言
REQ-CF-01784,core-finance,docs/PRD-模型缓存定价与缓存计量.md,2.1 背景（四类缺口）,| G1 | **渠道模型定价没有缓存费用定义** | `supplier_models`（方案术语 `vendor_models`，见 §5 表名映射）仅有 `input_price / output_price`（varchar(30)），且 **L0 成本列（cost_input_price/cost_output_price）整体未落地**，无任何缓存字段（评审 S1 核实） | 缓存成本无法定价 → 渠道结算无法区分缓存成本，毛利率失真 |,logic,P1,核心影响应满足：缓存成本无法定价 → 渠道结算无法区分缓存成本，毛利率失真,源码路径+行号、对应运行测试或数据库/Redis/队列证据,表格单元格已拆为单一字段断言
REQ-CF-01785,core-finance,docs/PRD-模型缓存定价与缓存计量.md,2.1 背景（四类缺口）,"| G2 | **渠道模型定价没有显式缓存价格** | `vendor_pricing` 只有 `cache_discount_rate`（命中按全价 × 折扣率，`ref-5.2 §3.2.1 / §5.1`） | ① 无法表达上游**独立发布的缓存读取价**（DeepSeek 命中 ¥0.5/1M vs 未命中 ¥2/1M）；② 无法表达 Anthropic **缓存写入价**（`cache_creation` 有独立单价）；③ 折扣率是""比例""，不满足""给用户明码标价"" |",logic,P1,缺口（方案原文）应满足：**渠道模型定价没有显式缓存价格**,源码路径+行号、对应运行测试或数据库/Redis/队列证据,表格单元格已拆为单一字段断言
REQ-CF-01786,core-finance,docs/PRD-模型缓存定价与缓存计量.md,2.1 背景（四类缺口）,"| G2 | **渠道模型定价没有显式缓存价格** | `vendor_pricing` 只有 `cache_discount_rate`（命中按全价 × 折扣率，`ref-5.2 §3.2.1 / §5.1`） | ① 无法表达上游**独立发布的缓存读取价**（DeepSeek 命中 ¥0.5/1M vs 未命中 ¥2/1M）；② 无法表达 Anthropic **缓存写入价**（`cache_creation` 有独立单价）；③ 折扣率是""比例""，不满足""给用户明码标价"" |",logic,P1,现状依据应满足：`vendor_pricing` 只有 `cache_discount_rate`（命中按全价 × 折扣率，`ref-5.2 §3.2.1 / §5.1`）,源码路径+行号、对应运行测试或数据库/Redis/队列证据,表格单元格已拆为单一字段断言
REQ-CF-01787,core-finance,docs/PRD-模型缓存定价与缓存计量.md,2.1 背景（四类缺口）,"| G2 | **渠道模型定价没有显式缓存价格** | `vendor_pricing` 只有 `cache_discount_rate`（命中按全价 × 折扣率，`ref-5.2 §3.2.1 / §5.1`） | ① 无法表达上游**独立发布的缓存读取价**（DeepSeek 命中 ¥0.5/1M vs 未命中 ¥2/1M）；② 无法表达 Anthropic **缓存写入价**（`cache_creation` 有独立单价）；③ 折扣率是""比例""，不满足""给用户明码标价"" |",logic,P1,"核心影响应满足：① 无法表达上游**独立发布的缓存读取价**（DeepSeek 命中 ¥0.5/1M vs 未命中 ¥2/1M）；② 无法表达 Anthropic **缓存写入价**（`cache_creation` 有独立单价）；③ 折扣率是""比例""，不满足""给用户明码标价""",源码路径+行号、对应运行测试或数据库/Redis/队列证据,表格单元格已拆为单一字段断言
REQ-CF-01788,core-finance,docs/PRD-模型缓存定价与缓存计量.md,2.1 背景（四类缺口）,| G3 | **用户无处查询缓存定价** | 模型中心价格弹窗设计稿含 `cache_hit_price` prop（`ref-2.2.2 §二`），但数据来源未定义、列表不展示、公开价目/帮助中心缺失 | 用户无法预知缓存调用成本 |,logic,P1,缺口（方案原文）应满足：**用户无处查询缓存定价**,源码路径+行号、对应运行测试或数据库/Redis/队列证据,表格单元格已拆为单一字段断言
REQ-CF-01789,core-finance,docs/PRD-模型缓存定价与缓存计量.md,2.1 背景（四类缺口）,| G3 | **用户无处查询缓存定价** | 模型中心价格弹窗设计稿含 `cache_hit_price` prop（`ref-2.2.2 §二`），但数据来源未定义、列表不展示、公开价目/帮助中心缺失 | 用户无法预知缓存调用成本 |,logic,P1,现状依据应满足：模型中心价格弹窗设计稿含 `cache_hit_price` prop（`ref-2.2.2 §二`），但数据来源未定义、列表不展示、公开价目/帮助中心缺失,源码路径+行号、对应运行测试或数据库/Redis/队列证据,表格单元格已拆为单一字段断言
REQ-CF-01790,core-finance,docs/PRD-模型缓存定价与缓存计量.md,2.1 背景（四类缺口）,| G3 | **用户无处查询缓存定价** | 模型中心价格弹窗设计稿含 `cache_hit_price` prop（`ref-2.2.2 §二`），但数据来源未定义、列表不展示、公开价目/帮助中心缺失 | 用户无法预知缓存调用成本 |,logic,P1,核心影响应满足：用户无法预知缓存调用成本,源码路径+行号、对应运行测试或数据库/Redis/队列证据,表格单元格已拆为单一字段断言
REQ-CF-01791,core-finance,docs/PRD-模型缓存定价与缓存计量.md,2.1 背景（四类缺口）,"| G4 | **用户看不到调用消费到的缓存信息** | `consumption_records`（方案术语 `call_logs`，见 §5 表名映射）已落库 `cache_hit_tokens / cache_discount`（评审 S4 核实；`data-dictionary §2.2`），但调用日志页、用量统计、账单均不透出 | 用户不知道""这次调用有多少 token 命中缓存、省了多少钱"" |",logic,P1,缺口（方案原文）应满足：**用户看不到调用消费到的缓存信息**,源码路径+行号、对应运行测试或数据库/Redis/队列证据,表格单元格已拆为单一字段断言
REQ-CF-01792,core-finance,docs/PRD-模型缓存定价与缓存计量.md,2.1 背景（四类缺口）,"| G4 | **用户看不到调用消费到的缓存信息** | `consumption_records`（方案术语 `call_logs`，见 §5 表名映射）已落库 `cache_hit_tokens / cache_discount`（评审 S4 核实；`data-dictionary §2.2`），但调用日志页、用量统计、账单均不透出 | 用户不知道""这次调用有多少 token 命中缓存、省了多少钱"" |",db,P1,现状依据应满足：`consumption_records`（方案术语 `call_logs`，见 §5 表名映射）已落库 `cache_hit_tokens / cache_discount`（评审 S4 核实；`data-dictionary §2.2`），但调用日志页、用量统计、账单均不透出,源码路径+行号、对应运行测试或数据库/Redis/队列证据,表格单元格已拆为单一字段断言
REQ-CF-01793,core-finance,docs/PRD-模型缓存定价与缓存计量.md,2.1 背景（四类缺口）,"| G4 | **用户看不到调用消费到的缓存信息** | `consumption_records`（方案术语 `call_logs`，见 §5 表名映射）已落库 `cache_hit_tokens / cache_discount`（评审 S4 核实；`data-dictionary §2.2`），但调用日志页、用量统计、账单均不透出 | 用户不知道""这次调用有多少 token 命中缓存、省了多少钱"" |",logic,P1,"核心影响应满足：用户不知道""这次调用有多少 token 命中缓存、省了多少钱""",源码路径+行号、对应运行测试或数据库/Redis/队列证据,表格单元格已拆为单一字段断言
REQ-CF-01794,core-finance,docs/PRD-模型缓存定价与缓存计量.md,2.2 阶段目标（缺口 → 目标映射）,| ① 渠道模型定价、渠道模型定价中**显式定义模型缓存费用**（读取价 + 写入价，双轨兼容现有折扣率） | G1 + G2 | 第 4 节业务规则、第 5 节字段定义 |,logic,P1,目标（方案 §二）应满足：① 渠道模型定价、渠道模型定价中**显式定义模型缓存费用**（读取价 + 写入价，双轨兼容现有折扣率）,源码路径+行号、对应运行测试或数据库/Redis/队列证据,表格单元格已拆为单一字段断言
REQ-CF-01795,core-finance,docs/PRD-模型缓存定价与缓存计量.md,2.2 阶段目标（缺口 → 目标映射）,| 目标（方案 §二） | 解决缺口 | 落点章节 |,logic,P1,解决缺口应满足：G1 + G2,源码路径+行号、对应运行测试或数据库/Redis/队列证据,表格单元格已拆为单一字段断言
REQ-CF-01796,core-finance,docs/PRD-模型缓存定价与缓存计量.md,2.2 阶段目标（缺口 → 目标映射）,| ① 渠道模型定价、渠道模型定价中**显式定义模型缓存费用**（读取价 + 写入价，双轨兼容现有折扣率） | G1 + G2 | 第 4 节业务规则、第 5 节字段定义 |,field,P1,落点章节应满足：第 4 节业务规则、第 5 节字段定义,源码路径+行号、对应运行测试或数据库/Redis/队列证据,表格单元格已拆为单一字段断言
REQ-CF-01797,core-finance,docs/PRD-模型缓存定价与缓存计量.md,2.2 阶段目标（缺口 → 目标映射）,| ② 用户可在**模型中心、公开价目 API、帮助中心**查询缓存定价信息 | G3 | 第 7 节 7.1–7.3 |,api,P1,目标（方案 §二）应满足：② 用户可在**模型中心、公开价目 API、帮助中心**查询缓存定价信息,源码路径+行号、对应运行测试或数据库/Redis/队列证据,表格单元格已拆为单一字段断言
REQ-CF-01798,core-finance,docs/PRD-模型缓存定价与缓存计量.md,2.2 阶段目标（缺口 → 目标映射）,| 目标（方案 §二） | 解决缺口 | 落点章节 |,logic,P1,解决缺口应满足：G3,源码路径+行号、对应运行测试或数据库/Redis/队列证据,表格单元格已拆为单一字段断言
REQ-CF-01799,core-finance,docs/PRD-模型缓存定价与缓存计量.md,2.2 阶段目标（缺口 → 目标映射）,| ② 用户可在**模型中心、公开价目 API、帮助中心**查询缓存定价信息 | G3 | 第 7 节 7.1–7.3 |,logic,P1,落点章节应满足：第 7 节 7.1–7.3,源码路径+行号、对应运行测试或数据库/Redis/队列证据,表格单元格已拆为单一字段断言
REQ-CF-01800,core-finance,docs/PRD-模型缓存定价与缓存计量.md,2.2 阶段目标（缺口 → 目标映射）,| ③ 用户在**调用日志、用量统计、账单、调用响应**中看到 token 消费到的缓存信息（命中/写入 token、缓存费用、节省金额） | G4 | 第 7 节 7.4–7.8 |,logic,P1,目标（方案 §二）应满足：③ 用户在**调用日志、用量统计、账单、调用响应**中看到 token 消费到的缓存信息（命中/写入 token、缓存费用、节省金额）,源码路径+行号、对应运行测试或数据库/Redis/队列证据,表格单元格已拆为单一字段断言
REQ-CF-01801,core-finance,docs/PRD-模型缓存定价与缓存计量.md,2.2 阶段目标（缺口 → 目标映射）,| 目标（方案 §二） | 解决缺口 | 落点章节 |,logic,P1,解决缺口应满足：G4,源码路径+行号、对应运行测试或数据库/Redis/队列证据,表格单元格已拆为单一字段断言
REQ-CF-01802,core-finance,docs/PRD-模型缓存定价与缓存计量.md,2.2 阶段目标（缺口 → 目标映射）,| ③ 用户在**调用日志、用量统计、账单、调用响应**中看到 token 消费到的缓存信息（命中/写入 token、缓存费用、节省金额） | G4 | 第 7 节 7.4–7.8 |,logic,P1,落点章节应满足：第 7 节 7.4–7.8,源码路径+行号、对应运行测试或数据库/Redis/队列证据,表格单元格已拆为单一字段断言
REQ-CF-01803,core-finance,docs/PRD-模型缓存定价与缓存计量.md,2.2 阶段目标（缺口 → 目标映射）,| ④ 渠道结算按缓存成本价拆分，审计与对账可追溯 | G1 + G2 | 第 7 节 7.9、第 10 节 |,logic,P1,目标（方案 §二）应满足：④ 渠道结算按缓存成本价拆分，审计与对账可追溯,源码路径+行号、对应运行测试或数据库/Redis/队列证据,表格单元格已拆为单一字段断言
REQ-CF-01805,core-finance,docs/PRD-模型缓存定价与缓存计量.md,2.2 阶段目标（缺口 → 目标映射）,| ④ 渠道结算按缓存成本价拆分，审计与对账可追溯 | G1 + G2 | 第 7 节 7.9、第 10 节 |,logic,P1,落点章节应满足：第 7 节 7.9、第 10 节,源码路径+行号、对应运行测试或数据库/Redis/队列证据,表格单元格已拆为单一字段断言
REQ-CF-01806,core-finance,docs/PRD-模型缓存定价与缓存计量.md,2.3 用户故事与角色,"| 普通用户（user） | 作为调用 API 的开发者，我想在模型中心查到每个模型的缓存读取/写入单价，并在调用日志、用量统计、账单里看到命中/写入 token 与节省金额，以便预知成本、验证""缓存让调用更便宜""。 | 选模型前查价（ModelCard/价格弹窗）；每周看用量统计的缓存节省；月底核对账单 CSV 的缓存列；从调用响应 usage 读缓存计量接入自己的监控 |",permission,P1,角色应满足：普通用户（user）,源码路径+行号、对应运行测试或数据库/Redis/队列证据,表格单元格已拆为单一字段断言
REQ-CF-01807,core-finance,docs/PRD-模型缓存定价与缓存计量.md,2.3 用户故事与角色,"| 普通用户（user） | 作为调用 API 的开发者，我想在模型中心查到每个模型的缓存读取/写入单价，并在调用日志、用量统计、账单里看到命中/写入 token 与节省金额，以便预知成本、验证""缓存让调用更便宜""。 | 选模型前查价（ModelCard/价格弹窗）；每周看用量统计的缓存节省；月底核对账单 CSV 的缓存列；从调用响应 usage 读缓存计量接入自己的监控 |",permission,P1,"用户故事（As a … I want … so that …）应满足：作为调用 API 的开发者，我想在模型中心查到每个模型的缓存读取/写入单价，并在调用日志、用量统计、账单里看到命中/写入 token 与节省金额，以便预知成本、验证""缓存让调用更便宜""。",源码路径+行号、对应运行测试或数据库/Redis/队列证据,表格单元格已拆为单一字段断言
REQ-CF-01808,core-finance,docs/PRD-模型缓存定价与缓存计量.md,2.3 用户故事与角色,"| 普通用户（user） | 作为调用 API 的开发者，我想在模型中心查到每个模型的缓存读取/写入单价，并在调用日志、用量统计、账单里看到命中/写入 token 与节省金额，以便预知成本、验证""缓存让调用更便宜""。 | 选模型前查价（ModelCard/价格弹窗）；每周看用量统计的缓存节省；月底核对账单 CSV 的缓存列；从调用响应 usage 读缓存计量接入自己的监控 |",permission,P1,使用场景应满足：选模型前查价（ModelCard/价格弹窗）；每周看用量统计的缓存节省；月底核对账单 CSV 的缓存列；从调用响应 usage 读缓存计量接入自己的监控,源码路径+行号、对应运行测试或数据库/Redis/队列证据,表格单元格已拆为单一字段断言
REQ-CF-01809,core-finance,docs/PRD-模型缓存定价与缓存计量.md,2.3 用户故事与角色,| 代理商（agent） | 作为代理商，我想查看名下客户模型的缓存定价与缓存消费构成，以便向客户解释缓存收益、做成本优化建议。 | 客户对账时导出账单缓存列；向客户推荐高缓存命中率的模型 |,permission,P1,角色应满足：代理商（agent）,源码路径+行号、对应运行测试或数据库/Redis/队列证据,表格单元格已拆为单一字段断言
REQ-CF-01810,core-finance,docs/PRD-模型缓存定价与缓存计量.md,2.3 用户故事与角色,| 代理商（agent） | 作为代理商，我想查看名下客户模型的缓存定价与缓存消费构成，以便向客户解释缓存收益、做成本优化建议。 | 客户对账时导出账单缓存列；向客户推荐高缓存命中率的模型 |,permission,P1,用户故事（As a … I want … so that …）应满足：作为代理商，我想查看名下客户模型的缓存定价与缓存消费构成，以便向客户解释缓存收益、做成本优化建议。,源码路径+行号、对应运行测试或数据库/Redis/队列证据,表格单元格已拆为单一字段断言
REQ-CF-01811,core-finance,docs/PRD-模型缓存定价与缓存计量.md,2.3 用户故事与角色,| 代理商（agent） | 作为代理商，我想查看名下客户模型的缓存定价与缓存消费构成，以便向客户解释缓存收益、做成本优化建议。 | 客户对账时导出账单缓存列；向客户推荐高缓存命中率的模型 |,permission,P1,使用场景应满足：客户对账时导出账单缓存列；向客户推荐高缓存命中率的模型,源码路径+行号、对应运行测试或数据库/Redis/队列证据,表格单元格已拆为单一字段断言
REQ-CF-01812,core-finance,docs/PRD-模型缓存定价与缓存计量.md,2.3 用户故事与角色,| 渠道（自助账号） | 作为渠道，我想维护自己模型的缓存成本价（读取/写入），并在结算单里看到缓存成本拆分，以便确保结算金额与合同一致。 | 接入新模型时在自助页录入 `cost_cache_*`；每月核对结算单 cachedTokens/costCache 拆分 |,permission,P1,角色应满足：渠道（自助账号）,源码路径+行号、对应运行测试或数据库/Redis/队列证据,表格单元格已拆为单一字段断言
REQ-CF-01813,core-finance,docs/PRD-模型缓存定价与缓存计量.md,2.3 用户故事与角色,| 渠道（自助账号） | 作为渠道，我想维护自己模型的缓存成本价（读取/写入），并在结算单里看到缓存成本拆分，以便确保结算金额与合同一致。 | 接入新模型时在自助页录入 `cost_cache_*`；每月核对结算单 cachedTokens/costCache 拆分 |,permission,P1,用户故事（As a … I want … so that …）应满足：作为渠道，我想维护自己模型的缓存成本价（读取/写入），并在结算单里看到缓存成本拆分，以便确保结算金额与合同一致。,源码路径+行号、对应运行测试或数据库/Redis/队列证据,表格单元格已拆为单一字段断言
REQ-CF-01814,core-finance,docs/PRD-模型缓存定价与缓存计量.md,2.3 用户故事与角色,| 渠道（自助账号） | 作为渠道，我想维护自己模型的缓存成本价（读取/写入），并在结算单里看到缓存成本拆分，以便确保结算金额与合同一致。 | 接入新模型时在自助页录入 `cost_cache_*`；每月核对结算单 cachedTokens/costCache 拆分 |,permission,P1,使用场景应满足：接入新模型时在自助页录入 `cost_cache_*`；每月核对结算单 cachedTokens/costCache 拆分,源码路径+行号、对应运行测试或数据库/Redis/队列证据,表格单元格已拆为单一字段断言
REQ-CF-01815,core-finance,docs/PRD-模型缓存定价与缓存计量.md,2.3 用户故事与角色,"| 平台运营/财务（ops / finance_ops） | 作为平台运营/财务，我想配置缓存售价与全局计费模式、查看缓存成本对毛利的影响、按显式缓存价对账，以便缓存成本可定价、毛利率不失真、对账可追溯。 | 在价格管理页录入缓存读取/写入售价；系统设置切换 `cache_pricing_mode`；结算单生成后核查缓存成本拆分；争议""缓存计费""核查显式缓存价 |",permission,P1,角色应满足：平台运营/财务（ops / finance_ops）,源码路径+行号、对应运行测试或数据库/Redis/队列证据,表格单元格已拆为单一字段断言
REQ-CF-01816,core-finance,docs/PRD-模型缓存定价与缓存计量.md,2.3 用户故事与角色,"| 平台运营/财务（ops / finance_ops） | 作为平台运营/财务，我想配置缓存售价与全局计费模式、查看缓存成本对毛利的影响、按显式缓存价对账，以便缓存成本可定价、毛利率不失真、对账可追溯。 | 在价格管理页录入缓存读取/写入售价；系统设置切换 `cache_pricing_mode`；结算单生成后核查缓存成本拆分；争议""缓存计费""核查显式缓存价 |",permission,P1,用户故事（As a … I want … so that …）应满足：作为平台运营/财务，我想配置缓存售价与全局计费模式、查看缓存成本对毛利的影响、按显式缓存价对账，以便缓存成本可定价、毛利率不失真、对账可追溯。,源码路径+行号、对应运行测试或数据库/Redis/队列证据,表格单元格已拆为单一字段断言
REQ-CF-01817,core-finance,docs/PRD-模型缓存定价与缓存计量.md,2.3 用户故事与角色,"| 平台运营/财务（ops / finance_ops） | 作为平台运营/财务，我想配置缓存售价与全局计费模式、查看缓存成本对毛利的影响、按显式缓存价对账，以便缓存成本可定价、毛利率不失真、对账可追溯。 | 在价格管理页录入缓存读取/写入售价；系统设置切换 `cache_pricing_mode`；结算单生成后核查缓存成本拆分；争议""缓存计费""核查显式缓存价 |",permission,P1,"使用场景应满足：在价格管理页录入缓存读取/写入售价；系统设置切换 `cache_pricing_mode`；结算单生成后核查缓存成本拆分；争议""缓存计费""核查显式缓存价",源码路径+行号、对应运行测试或数据库/Redis/队列证据,表格单元格已拆为单一字段断言
REQ-CF-01818,core-finance,docs/PRD-模型缓存定价与缓存计量.md,2.3 用户故事与角色,| 管理员（admin / super_admin） | 作为管理员，我想审批缓存价变更、配置全局缓存计费策略、下发价格变更通知，以便价格透明、变更合规、用户知情。 | 价格变更分级审批（ref-4.3 §8.2）；§5.5 通知触发；灰度开关演练 |,permission,P1,角色应满足：管理员（admin / super_admin）,源码路径+行号、对应运行测试或数据库/Redis/队列证据,表格单元格已拆为单一字段断言
REQ-CF-01819,core-finance,docs/PRD-模型缓存定价与缓存计量.md,2.3 用户故事与角色,| 管理员（admin / super_admin） | 作为管理员，我想审批缓存价变更、配置全局缓存计费策略、下发价格变更通知，以便价格透明、变更合规、用户知情。 | 价格变更分级审批（ref-4.3 §8.2）；§5.5 通知触发；灰度开关演练 |,permission,P1,用户故事（As a … I want … so that …）应满足：作为管理员，我想审批缓存价变更、配置全局缓存计费策略、下发价格变更通知，以便价格透明、变更合规、用户知情。,源码路径+行号、对应运行测试或数据库/Redis/队列证据,表格单元格已拆为单一字段断言
REQ-CF-01820,core-finance,docs/PRD-模型缓存定价与缓存计量.md,2.3 用户故事与角色,| 管理员（admin / super_admin） | 作为管理员，我想审批缓存价变更、配置全局缓存计费策略、下发价格变更通知，以便价格透明、变更合规、用户知情。 | 价格变更分级审批（ref-4.3 §8.2）；§5.5 通知触发；灰度开关演练 |,permission,P1,使用场景应满足：价格变更分级审批（ref-4.3 §8.2）；§5.5 通知触发；灰度开关演练,源码路径+行号、对应运行测试或数据库/Redis/队列证据,表格单元格已拆为单一字段断言
REQ-CF-01821,core-finance,docs/PRD-模型缓存定价与缓存计量.md,2.3 用户故事与角色,| 审计/客服（auditor / support） | 作为审计/客服，我想只读查看缓存价配置与缓存计量留痕，以便审计追溯与用户答疑。 | 审计查 consumption_records 定价快照列；客服按帮助中心《模型缓存计费说明》答疑 |,permission,P1,角色应满足：审计/客服（auditor / support）,源码路径+行号、对应运行测试或数据库/Redis/队列证据,表格单元格已拆为单一字段断言
REQ-CF-01822,core-finance,docs/PRD-模型缓存定价与缓存计量.md,2.3 用户故事与角色,| 审计/客服（auditor / support） | 作为审计/客服，我想只读查看缓存价配置与缓存计量留痕，以便审计追溯与用户答疑。 | 审计查 consumption_records 定价快照列；客服按帮助中心《模型缓存计费说明》答疑 |,permission,P1,用户故事（As a … I want … so that …）应满足：作为审计/客服，我想只读查看缓存价配置与缓存计量留痕，以便审计追溯与用户答疑。,源码路径+行号、对应运行测试或数据库/Redis/队列证据,表格单元格已拆为单一字段断言
REQ-CF-01823,core-finance,docs/PRD-模型缓存定价与缓存计量.md,2.3 用户故事与角色,| 审计/客服（auditor / support） | 作为审计/客服，我想只读查看缓存价配置与缓存计量留痕，以便审计追溯与用户答疑。 | 审计查 consumption_records 定价快照列；客服按帮助中心《模型缓存计费说明》答疑 |,permission,P1,使用场景应满足：审计查 consumption_records 定价快照列；客服按帮助中心《模型缓存计费说明》答疑,源码路径+行号、对应运行测试或数据库/Redis/队列证据,表格单元格已拆为单一字段断言
REQ-CF-01824,core-finance,docs/PRD-模型缓存定价与缓存计量.md,2.3 用户故事与角色,角色与数据范围、功能权限的完整矩阵见 §6。,permission,P1,角色与数据范围、功能权限的完整矩阵见 §6。,源码路径+行号、对应运行测试或数据库/Redis/队列证据,N/A：原审计记录未提供补充依据；待复核源码、测试及运行证据。
REQ-CF-01825,core-finance,docs/PRD-模型缓存定价与缓存计量.md,2.4 产品设计原则对齐,**P1（不可降级）**：本期涉及页面/按钮全部按本 PRD 第 9 节实现 `[?]` 帮助；,action,P1,**P1（不可降级）**：本期涉及页面/按钮全部按本 PRD 第 9 节实现 `[?]` 帮助；,源码路径+行号、对应运行测试或数据库/Redis/队列证据,N/A：原审计记录未提供补充依据；待复核源码、测试及运行证据。
REQ-CF-01826,core-finance,docs/PRD-模型缓存定价与缓存计量.md,2.4 产品设计原则对齐,**P3（操作可逆与安全优先）**：缓存价配置属价格类写操作，保存走二次确认 + 审计日志；价格变更触发 §5.5 通知；,logic,P3,**P3（操作可逆与安全优先）**：缓存价配置属价格类写操作，保存走二次确认 + 审计日志；价格变更触发 §5.5 通知；,源码路径+行号、对应运行测试或数据库/Redis/队列证据,N/A：原审计记录未提供补充依据；待复核源码、测试及运行证据。
REQ-CF-01827,core-finance,docs/PRD-模型缓存定价与缓存计量.md,2.4 产品设计原则对齐,**P4（状态可见性）**：无缓存价/未配置写入价/回退来源等状态在查询面与日志面明确可见，不出现无解释的空白。,logic,P1,**P4（状态可见性）**：无缓存价/未配置写入价/回退来源等状态在查询面与日志面明确可见，不出现无解释的空白。,源码路径+行号、对应运行测试或数据库/Redis/队列证据,N/A：原审计记录未提供补充依据；待复核源码、测试及运行证据。
REQ-CF-01828,core-finance,docs/PRD-模型缓存定价与缓存计量.md,3. 功能模块清单（功能点 → 模块 → 优先级）,优先级与方案 §十三 阶段对齐：**P0 = 计费正确可审计；P1 = 用户可查缓存定价；P2 = 用户可看缓存消费；P3 = 结算与同步闭环**。,logic,P0,优先级与方案 §十三 阶段对齐：**P0 = 计费正确可审计；P1 = 用户可查缓存定价；P2 = 用户可看缓存消费；P3 = 结算与同步闭环**。,源码路径+行号、对应运行测试或数据库/Redis/队列证据,N/A：原审计记录未提供补充依据；待复核源码、测试及运行证据。
REQ-CF-01829,core-finance,docs/PRD-模型缓存定价与缓存计量.md,3. 功能模块清单（功能点 → 模块 → 优先级）,| F01 | 数据模型新增缓存价格字段（`supplier_models`（方案术语 vendor_models）+ `vendor_pricing` + `consumption_records`（审计 3 列 + 快照 2 列；billing_logs 不建表、models 表不落地）+ `system_config.billing`） | 计费结算（§5.2）/ 渠道模型（§4.3） | **P0** |,logic,P1,编号应满足：F01,源码路径+行号、对应运行测试或数据库/Redis/队列证据,表格单元格已拆为单一字段断言
REQ-CF-01830,core-finance,docs/PRD-模型缓存定价与缓存计量.md,3. 功能模块清单（功能点 → 模块 → 优先级）,| F01 | 数据模型新增缓存价格字段（`supplier_models`（方案术语 vendor_models）+ `vendor_pricing` + `consumption_records`（审计 3 列 + 快照 2 列；billing_logs 不建表、models 表不落地）+ `system_config.billing`） | 计费结算（§5.2）/ 渠道模型（§4.3） | **P0** |,field,P1,功能点应满足：数据模型新增缓存价格字段（`supplier_models`（方案术语 vendor_models）+ `vendor_pricing` + `consumption_records`（审计 3 列 + 快照 2 列；billing_logs 不建表、models 表不落地）+ `system_config.billing`）,源码路径+行号、对应运行测试或数据库/Redis/队列证据,表格单元格已拆为单一字段断言
REQ-CF-01831,core-finance,docs/PRD-模型缓存定价与缓存计量.md,3. 功能模块清单（功能点 → 模块 → 优先级）,| F01 | 数据模型新增缓存价格字段（`supplier_models`（方案术语 vendor_models）+ `vendor_pricing` + `consumption_records`（审计 3 列 + 快照 2 列；billing_logs 不建表、models 表不落地）+ `system_config.billing`） | 计费结算（§5.2）/ 渠道模型（§4.3） | **P0** |,logic,P1,所属模块应满足：计费结算（§5.2）/ 渠道模型（§4.3）,源码路径+行号、对应运行测试或数据库/Redis/队列证据,表格单元格已拆为单一字段断言
REQ-CF-01832,core-finance,docs/PRD-模型缓存定价与缓存计量.md,3. 功能模块清单（功能点 → 模块 → 优先级）,> 优先级与方案 §十三 阶段对齐：**P0 = 计费正确可审计；P1 = 用户可查缓存定价；P2 = 用户可看缓存消费；P3 = 结算与同步闭环**。,logic,P0,优先级应满足：**P0**,源码路径+行号、对应运行测试或数据库/Redis/队列证据,表格单元格已拆为单一字段断言
REQ-CF-01833,core-finance,docs/PRD-模型缓存定价与缓存计量.md,3. 功能模块清单（功能点 → 模块 → 优先级）,| F02 | 上游 usage 归一化引擎（DeepSeek / Anthropic / OpenAI / 其他） | 核心引擎 · 计费（§5.2 §3.2.1 扩展） | **P0** |,logic,P1,编号应满足：F02,源码路径+行号、对应运行测试或数据库/Redis/队列证据,表格单元格已拆为单一字段断言
REQ-CF-01834,core-finance,docs/PRD-模型缓存定价与缓存计量.md,3. 功能模块清单（功能点 → 模块 → 优先级）,| F02 | 上游 usage 归一化引擎（DeepSeek / Anthropic / OpenAI / 其他） | 核心引擎 · 计费（§5.2 §3.2.1 扩展） | **P0** |,logic,P1,功能点应满足：上游 usage 归一化引擎（DeepSeek / Anthropic / OpenAI / 其他）,源码路径+行号、对应运行测试或数据库/Redis/队列证据,表格单元格已拆为单一字段断言
REQ-CF-01835,core-finance,docs/PRD-模型缓存定价与缓存计量.md,3. 功能模块清单（功能点 → 模块 → 优先级）,| F02 | 上游 usage 归一化引擎（DeepSeek / Anthropic / OpenAI / 其他） | 核心引擎 · 计费（§5.2 §3.2.1 扩展） | **P0** |,logic,P1,所属模块应满足：核心引擎 · 计费（§5.2 §3.2.1 扩展）,源码路径+行号、对应运行测试或数据库/Redis/队列证据,表格单元格已拆为单一字段断言
REQ-CF-01837,core-finance,docs/PRD-模型缓存定价与缓存计量.md,3. 功能模块清单（功能点 → 模块 → 优先级）,| F03 | 计费引擎公式改造（读取 / 写入 / 未命中 / 输出）+ 4 级价格解析（P0 生效；级 1 缺省，D-10） | 核心引擎 · 计费（§5.2） | **P0** |,logic,P1,编号应满足：F03,源码路径+行号、对应运行测试或数据库/Redis/队列证据,表格单元格已拆为单一字段断言
REQ-CF-01838,core-finance,docs/PRD-模型缓存定价与缓存计量.md,3. 功能模块清单（功能点 → 模块 → 优先级）,| F03 | 计费引擎公式改造（读取 / 写入 / 未命中 / 输出）+ 4 级价格解析（P0 生效；级 1 缺省，D-10） | 核心引擎 · 计费（§5.2） | **P0** |,logic,P0,功能点应满足：计费引擎公式改造（读取 / 写入 / 未命中 / 输出）+ 4 级价格解析（P0 生效；级 1 缺省，D-10）,源码路径+行号、对应运行测试或数据库/Redis/队列证据,表格单元格已拆为单一字段断言
REQ-CF-01839,core-finance,docs/PRD-模型缓存定价与缓存计量.md,3. 功能模块清单（功能点 → 模块 → 优先级）,| F02 | 上游 usage 归一化引擎（DeepSeek / Anthropic / OpenAI / 其他） | 核心引擎 · 计费（§5.2 §3.2.1 扩展） | **P0** |,logic,P1,所属模块应满足：核心引擎 · 计费（§5.2）,源码路径+行号、对应运行测试或数据库/Redis/队列证据,表格单元格已拆为单一字段断言
REQ-CF-01841,core-finance,docs/PRD-模型缓存定价与缓存计量.md,3. 功能模块清单（功能点 → 模块 → 优先级）,| F04 | `cache_pricing_mode` 计费模式开关（explicit / discount_rate）与折扣率回退 | 核心引擎 · 计费（§5.2） | **P0** |,logic,P1,编号应满足：F04,源码路径+行号、对应运行测试或数据库/Redis/队列证据,表格单元格已拆为单一字段断言
REQ-CF-01842,core-finance,docs/PRD-模型缓存定价与缓存计量.md,3. 功能模块清单（功能点 → 模块 → 优先级）,| F04 | `cache_pricing_mode` 计费模式开关（explicit / discount_rate）与折扣率回退 | 核心引擎 · 计费（§5.2） | **P0** |,logic,P1,功能点应满足：`cache_pricing_mode` 计费模式开关（explicit / discount_rate）与折扣率回退,源码路径+行号、对应运行测试或数据库/Redis/队列证据,表格单元格已拆为单一字段断言
REQ-CF-01845,core-finance,docs/PRD-模型缓存定价与缓存计量.md,3. 功能模块清单（功能点 → 模块 → 优先级）,| F05 | 缓存计量审计落库（cache_write_tokens / cache_hit_cost / cache_write_cost / cache_discount） | 计费 · 审计（§5.2 §5.1） | **P0** |,logic,P1,编号应满足：F05,源码路径+行号、对应运行测试或数据库/Redis/队列证据,表格单元格已拆为单一字段断言
REQ-CF-01846,core-finance,docs/PRD-模型缓存定价与缓存计量.md,3. 功能模块清单（功能点 → 模块 → 优先级）,| F05 | 缓存计量审计落库（cache_write_tokens / cache_hit_cost / cache_write_cost / cache_discount） | 计费 · 审计（§5.2 §5.1） | **P0** |,db,P1,功能点应满足：缓存计量审计落库（cache_write_tokens / cache_hit_cost / cache_write_cost / cache_discount）,源码路径+行号、对应运行测试或数据库/Redis/队列证据,表格单元格已拆为单一字段断言
REQ-CF-01847,core-finance,docs/PRD-模型缓存定价与缓存计量.md,3. 功能模块清单（功能点 → 模块 → 优先级）,| F05 | 缓存计量审计落库（cache_write_tokens / cache_hit_cost / cache_write_cost / cache_discount） | 计费 · 审计（§5.2 §5.1） | **P0** |,audit,P1,所属模块应满足：计费 · 审计（§5.2 §5.1）,源码路径+行号、对应运行测试或数据库/Redis/队列证据,表格单元格已拆为单一字段断言
REQ-CF-01849,core-finance,docs/PRD-模型缓存定价与缓存计量.md,3. 功能模块清单（功能点 → 模块 → 优先级）,| F06 | 金额精度与舍入规则统一 | 计费（§5.2 §8.2） | **P0** |,logic,P1,编号应满足：F06,源码路径+行号、对应运行测试或数据库/Redis/队列证据,表格单元格已拆为单一字段断言
REQ-CF-01850,core-finance,docs/PRD-模型缓存定价与缓存计量.md,3. 功能模块清单（功能点 → 模块 → 优先级）,| F06 | 金额精度与舍入规则统一 | 计费（§5.2 §8.2） | **P0** |,field,P1,功能点应满足：金额精度与舍入规则统一,源码路径+行号、对应运行测试或数据库/Redis/队列证据,表格单元格已拆为单一字段断言
REQ-CF-01851,core-finance,docs/PRD-模型缓存定价与缓存计量.md,3. 功能模块清单（功能点 → 模块 → 优先级）,| F06 | 金额精度与舍入规则统一 | 计费（§5.2 §8.2） | **P0** |,logic,P1,所属模块应满足：计费（§5.2 §8.2）,源码路径+行号、对应运行测试或数据库/Redis/队列证据,表格单元格已拆为单一字段断言
REQ-CF-01853,core-finance,docs/PRD-模型缓存定价与缓存计量.md,3. 功能模块清单（功能点 → 模块 → 优先级）,| F07 | 模型中心 ModelCard 缓存读取价展示 | 用户端模型中心（§2.2.2） | **P1** |,logic,P1,编号应满足：F07,源码路径+行号、对应运行测试或数据库/Redis/队列证据,表格单元格已拆为单一字段断言
REQ-CF-01854,core-finance,docs/PRD-模型缓存定价与缓存计量.md,3. 功能模块清单（功能点 → 模块 → 优先级）,| F07 | 模型中心 ModelCard 缓存读取价展示 | 用户端模型中心（§2.2.2） | **P1** |,logic,P1,功能点应满足：模型中心 ModelCard 缓存读取价展示,源码路径+行号、对应运行测试或数据库/Redis/队列证据,表格单元格已拆为单一字段断言
REQ-CF-01855,core-finance,docs/PRD-模型缓存定价与缓存计量.md,3. 功能模块清单（功能点 → 模块 → 优先级）,| F07 | 模型中心 ModelCard 缓存读取价展示 | 用户端模型中心（§2.2.2） | **P1** |,logic,P1,所属模块应满足：用户端模型中心（§2.2.2）,源码路径+行号、对应运行测试或数据库/Redis/队列证据,表格单元格已拆为单一字段断言
REQ-CF-01856,core-finance,docs/PRD-模型缓存定价与缓存计量.md,3. 功能模块清单（功能点 → 模块 → 优先级）,> 优先级与方案 §十三 阶段对齐：**P0 = 计费正确可审计；P1 = 用户可查缓存定价；P2 = 用户可看缓存消费；P3 = 结算与同步闭环**。,logic,P1,优先级应满足：**P1**,源码路径+行号、对应运行测试或数据库/Redis/队列证据,表格单元格已拆为单一字段断言
REQ-CF-01857,core-finance,docs/PRD-模型缓存定价与缓存计量.md,3. 功能模块清单（功能点 → 模块 → 优先级）,| F08 | PriceDetailModal「缓存计费」区块（读取/写入单价 + 示例换算 + `[?]`） | 用户端模型中心（§2.2.2） | **P1** |,logic,P1,编号应满足：F08,源码路径+行号、对应运行测试或数据库/Redis/队列证据,表格单元格已拆为单一字段断言
REQ-CF-01858,core-finance,docs/PRD-模型缓存定价与缓存计量.md,3. 功能模块清单（功能点 → 模块 → 优先级）,| F08 | PriceDetailModal「缓存计费」区块（读取/写入单价 + 示例换算 + `[?]`） | 用户端模型中心（§2.2.2） | **P1** |,logic,P1,功能点应满足：PriceDetailModal「缓存计费」区块（读取/写入单价 + 示例换算 + `[?]`）,源码路径+行号、对应运行测试或数据库/Redis/队列证据,表格单元格已拆为单一字段断言
REQ-CF-01861,core-finance,docs/PRD-模型缓存定价与缓存计量.md,3. 功能模块清单（功能点 → 模块 → 优先级）,| F09 | 定价查询 API 扩展（`/me/models/:id/price`、`/me/models`、`/public/models`） | 用户端模型中心 / 公开价目 | **P1** |,logic,P1,编号应满足：F09,源码路径+行号、对应运行测试或数据库/Redis/队列证据,表格单元格已拆为单一字段断言
REQ-CF-01862,core-finance,docs/PRD-模型缓存定价与缓存计量.md,3. 功能模块清单（功能点 → 模块 → 优先级）,| F09 | 定价查询 API 扩展（`/me/models/:id/price`、`/me/models`、`/public/models`） | 用户端模型中心 / 公开价目 | **P1** |,api,P1,功能点应满足：定价查询 API 扩展（`/me/models/:id/price`、`/me/models`、`/public/models`）,源码路径+行号、对应运行测试或数据库/Redis/队列证据,表格单元格已拆为单一字段断言
REQ-CF-01863,core-finance,docs/PRD-模型缓存定价与缓存计量.md,3. 功能模块清单（功能点 → 模块 → 优先级）,| F09 | 定价查询 API 扩展（`/me/models/:id/price`、`/me/models`、`/public/models`） | 用户端模型中心 / 公开价目 | **P1** |,logic,P1,所属模块应满足：用户端模型中心 / 公开价目,源码路径+行号、对应运行测试或数据库/Redis/队列证据,表格单元格已拆为单一字段断言
REQ-CF-01865,core-finance,docs/PRD-模型缓存定价与缓存计量.md,3. 功能模块清单（功能点 → 模块 → 优先级）,| F10 | 价格管理页缓存读取价/写入价录入与编辑（CRUD 校验） | 管理后台 · 价格管理（§5.2 §7.1） | **P1** |,logic,P1,编号应满足：F10,源码路径+行号、对应运行测试或数据库/Redis/队列证据,表格单元格已拆为单一字段断言
REQ-CF-01866,core-finance,docs/PRD-模型缓存定价与缓存计量.md,3. 功能模块清单（功能点 → 模块 → 优先级）,| F10 | 价格管理页缓存读取价/写入价录入与编辑（CRUD 校验） | 管理后台 · 价格管理（§5.2 §7.1） | **P1** |,logic,P1,功能点应满足：价格管理页缓存读取价/写入价录入与编辑（CRUD 校验）,源码路径+行号、对应运行测试或数据库/Redis/队列证据,表格单元格已拆为单一字段断言
REQ-CF-01867,core-finance,docs/PRD-模型缓存定价与缓存计量.md,3. 功能模块清单（功能点 → 模块 → 优先级）,| F10 | 价格管理页缓存读取价/写入价录入与编辑（CRUD 校验） | 管理后台 · 价格管理（§5.2 §7.1） | **P1** |,logic,P1,所属模块应满足：管理后台 · 价格管理（§5.2 §7.1）,源码路径+行号、对应运行测试或数据库/Redis/队列证据,表格单元格已拆为单一字段断言
REQ-CF-01869,core-finance,docs/PRD-模型缓存定价与缓存计量.md,3. 功能模块清单（功能点 → 模块 → 优先级）,| F11 | 渠道缓存成本价维护（`/admin/vendor-costs` + ref-4.10 渠道自助页） | 渠道模型（§4.3）/ 渠道自助（§4.10） | **P1** |,logic,P1,编号应满足：F11,源码路径+行号、对应运行测试或数据库/Redis/队列证据,表格单元格已拆为单一字段断言
REQ-CF-01870,core-finance,docs/PRD-模型缓存定价与缓存计量.md,3. 功能模块清单（功能点 → 模块 → 优先级）,| F11 | 渠道缓存成本价维护（`/admin/vendor-costs` + ref-4.10 渠道自助页） | 渠道模型（§4.3）/ 渠道自助（§4.10） | **P1** |,logic,P1,功能点应满足：渠道缓存成本价维护（`/admin/vendor-costs` + ref-4.10 渠道自助页）,源码路径+行号、对应运行测试或数据库/Redis/队列证据,表格单元格已拆为单一字段断言
REQ-CF-01871,core-finance,docs/PRD-模型缓存定价与缓存计量.md,3. 功能模块清单（功能点 → 模块 → 优先级）,| F11 | 渠道缓存成本价维护（`/admin/vendor-costs` + ref-4.10 渠道自助页） | 渠道模型（§4.3）/ 渠道自助（§4.10） | **P1** |,logic,P1,所属模块应满足：渠道模型（§4.3）/ 渠道自助（§4.10）,源码路径+行号、对应运行测试或数据库/Redis/队列证据,表格单元格已拆为单一字段断言
REQ-CF-01873,core-finance,docs/PRD-模型缓存定价与缓存计量.md,3. 功能模块清单（功能点 → 模块 → 优先级）,| F12 | 帮助中心新增《模型缓存计费说明》 | 帮助中心（§10.3） | **P1** |,logic,P1,编号应满足：F12,源码路径+行号、对应运行测试或数据库/Redis/队列证据,表格单元格已拆为单一字段断言
REQ-CF-01874,core-finance,docs/PRD-模型缓存定价与缓存计量.md,3. 功能模块清单（功能点 → 模块 → 优先级）,| F12 | 帮助中心新增《模型缓存计费说明》 | 帮助中心（§10.3） | **P1** |,logic,P1,功能点应满足：帮助中心新增《模型缓存计费说明》,源码路径+行号、对应运行测试或数据库/Redis/队列证据,表格单元格已拆为单一字段断言
REQ-CF-01875,core-finance,docs/PRD-模型缓存定价与缓存计量.md,3. 功能模块清单（功能点 → 模块 → 优先级）,| F12 | 帮助中心新增《模型缓存计费说明》 | 帮助中心（§10.3） | **P1** |,logic,P1,所属模块应满足：帮助中心（§10.3）,源码路径+行号、对应运行测试或数据库/Redis/队列证据,表格单元格已拆为单一字段断言
REQ-CF-01877,core-finance,docs/PRD-模型缓存定价与缓存计量.md,3. 功能模块清单（功能点 → 模块 → 优先级）,| F13 | 价格变更通知（§5.5）纳入缓存价变更字段 | 通知（§5.5） | **P1** |,logic,P1,编号应满足：F13,源码路径+行号、对应运行测试或数据库/Redis/队列证据,表格单元格已拆为单一字段断言
REQ-CF-01878,core-finance,docs/PRD-模型缓存定价与缓存计量.md,3. 功能模块清单（功能点 → 模块 → 优先级）,| F13 | 价格变更通知（§5.5）纳入缓存价变更字段 | 通知（§5.5） | **P1** |,field,P1,功能点应满足：价格变更通知（§5.5）纳入缓存价变更字段,源码路径+行号、对应运行测试或数据库/Redis/队列证据,表格单元格已拆为单一字段断言
REQ-CF-01879,core-finance,docs/PRD-模型缓存定价与缓存计量.md,3. 功能模块清单（功能点 → 模块 → 优先级）,| 编号 | 功能点 | 所属模块 | 优先级 |,action,P1,所属模块应满足：通知（§5.5）,源码路径+行号、对应运行测试或数据库/Redis/队列证据,表格单元格已拆为单一字段断言
REQ-CF-01881,core-finance,docs/PRD-模型缓存定价与缓存计量.md,3. 功能模块清单（功能点 → 模块 → 优先级）,| F14 | 调用日志「缓存命中」列 + 行展开「缓存计费」详情 | 用户端调用日志（§2.2.4） | **P2** |,logic,P1,编号应满足：F14,源码路径+行号、对应运行测试或数据库/Redis/队列证据,表格单元格已拆为单一字段断言
REQ-CF-01882,core-finance,docs/PRD-模型缓存定价与缓存计量.md,3. 功能模块清单（功能点 → 模块 → 优先级）,| F14 | 调用日志「缓存命中」列 + 行展开「缓存计费」详情 | 用户端调用日志（§2.2.4） | **P2** |,logic,P1,功能点应满足：调用日志「缓存命中」列 + 行展开「缓存计费」详情,源码路径+行号、对应运行测试或数据库/Redis/队列证据,表格单元格已拆为单一字段断言
REQ-CF-01883,core-finance,docs/PRD-模型缓存定价与缓存计量.md,3. 功能模块清单（功能点 → 模块 → 优先级）,| F14 | 调用日志「缓存命中」列 + 行展开「缓存计费」详情 | 用户端调用日志（§2.2.4） | **P2** |,logic,P1,所属模块应满足：用户端调用日志（§2.2.4）,源码路径+行号、对应运行测试或数据库/Redis/队列证据,表格单元格已拆为单一字段断言
REQ-CF-01884,core-finance,docs/PRD-模型缓存定价与缓存计量.md,3. 功能模块清单（功能点 → 模块 → 优先级）,> 优先级与方案 §十三 阶段对齐：**P0 = 计费正确可审计；P1 = 用户可查缓存定价；P2 = 用户可看缓存消费；P3 = 结算与同步闭环**。,logic,P2,优先级应满足：**P2**,源码路径+行号、对应运行测试或数据库/Redis/队列证据,表格单元格已拆为单一字段断言
REQ-CF-01885,core-finance,docs/PRD-模型缓存定价与缓存计量.md,3. 功能模块清单（功能点 → 模块 → 优先级）,| F15 | 用量统计 Token 消耗构成堆叠图（命中/写入/未命中）+「本月缓存节省」指标卡 | 用户端用量统计 | **P2** |,logic,P1,编号应满足：F15,源码路径+行号、对应运行测试或数据库/Redis/队列证据,表格单元格已拆为单一字段断言
REQ-CF-01886,core-finance,docs/PRD-模型缓存定价与缓存计量.md,3. 功能模块清单（功能点 → 模块 → 优先级）,| F15 | 用量统计 Token 消耗构成堆叠图（命中/写入/未命中）+「本月缓存节省」指标卡 | 用户端用量统计 | **P2** |,logic,P1,功能点应满足：用量统计 Token 消耗构成堆叠图（命中/写入/未命中）+「本月缓存节省」指标卡,源码路径+行号、对应运行测试或数据库/Redis/队列证据,表格单元格已拆为单一字段断言
REQ-CF-01887,core-finance,docs/PRD-模型缓存定价与缓存计量.md,3. 功能模块清单（功能点 → 模块 → 优先级）,| F15 | 用量统计 Token 消耗构成堆叠图（命中/写入/未命中）+「本月缓存节省」指标卡 | 用户端用量统计 | **P2** |,logic,P1,所属模块应满足：用户端用量统计,源码路径+行号、对应运行测试或数据库/Redis/队列证据,表格单元格已拆为单一字段断言
REQ-CF-01889,core-finance,docs/PRD-模型缓存定价与缓存计量.md,3. 功能模块清单（功能点 → 模块 → 优先级）,| F16 | 账单 `by_model` 明细与 CSV 缓存列 | 用户端账单（§5.2 §4） | **P2** |,logic,P1,编号应满足：F16,源码路径+行号、对应运行测试或数据库/Redis/队列证据,表格单元格已拆为单一字段断言
REQ-CF-01890,core-finance,docs/PRD-模型缓存定价与缓存计量.md,3. 功能模块清单（功能点 → 模块 → 优先级）,| F16 | 账单 `by_model` 明细与 CSV 缓存列 | 用户端账单（§5.2 §4） | **P2** |,logic,P1,功能点应满足：账单 `by_model` 明细与 CSV 缓存列,源码路径+行号、对应运行测试或数据库/Redis/队列证据,表格单元格已拆为单一字段断言
REQ-CF-01891,core-finance,docs/PRD-模型缓存定价与缓存计量.md,3. 功能模块清单（功能点 → 模块 → 优先级）,| F16 | 账单 `by_model` 明细与 CSV 缓存列 | 用户端账单（§5.2 §4） | **P2** |,logic,P1,所属模块应满足：用户端账单（§5.2 §4）,源码路径+行号、对应运行测试或数据库/Redis/队列证据,表格单元格已拆为单一字段断言
REQ-CF-01893,core-finance,docs/PRD-模型缓存定价与缓存计量.md,3. 功能模块清单（功能点 → 模块 → 优先级）,| F17 | 调用响应 usage 透传上游缓存字段 + 平台归一化扩展字段 | 网关 · 调用响应 | **P2** |,logic,P1,编号应满足：F17,源码路径+行号、对应运行测试或数据库/Redis/队列证据,表格单元格已拆为单一字段断言
REQ-CF-01894,core-finance,docs/PRD-模型缓存定价与缓存计量.md,3. 功能模块清单（功能点 → 模块 → 优先级）,| F17 | 调用响应 usage 透传上游缓存字段 + 平台归一化扩展字段 | 网关 · 调用响应 | **P2** |,field,P1,功能点应满足：调用响应 usage 透传上游缓存字段 + 平台归一化扩展字段,源码路径+行号、对应运行测试或数据库/Redis/队列证据,表格单元格已拆为单一字段断言
REQ-CF-01895,core-finance,docs/PRD-模型缓存定价与缓存计量.md,3. 功能模块清单（功能点 → 模块 → 优先级）,| F17 | 调用响应 usage 透传上游缓存字段 + 平台归一化扩展字段 | 网关 · 调用响应 | **P2** |,logic,P1,所属模块应满足：网关 · 调用响应,源码路径+行号、对应运行测试或数据库/Redis/队列证据,表格单元格已拆为单一字段断言
REQ-CF-01897,core-finance,docs/PRD-模型缓存定价与缓存计量.md,3. 功能模块清单（功能点 → 模块 → 优先级）,"| F18 | Playground / 调用详情页实时反馈""命中缓存，节省 ¥x"" | 模型中心 Playground / 调用详情 | **P2** |",logic,P1,编号应满足：F18,源码路径+行号、对应运行测试或数据库/Redis/队列证据,表格单元格已拆为单一字段断言
REQ-CF-01898,core-finance,docs/PRD-模型缓存定价与缓存计量.md,3. 功能模块清单（功能点 → 模块 → 优先级）,"| F18 | Playground / 调用详情页实时反馈""命中缓存，节省 ¥x"" | 模型中心 Playground / 调用详情 | **P2** |",logic,P1,"功能点应满足：Playground / 调用详情页实时反馈""命中缓存，节省 ¥x""",源码路径+行号、对应运行测试或数据库/Redis/队列证据,表格单元格已拆为单一字段断言
REQ-CF-01899,core-finance,docs/PRD-模型缓存定价与缓存计量.md,3. 功能模块清单（功能点 → 模块 → 优先级）,"| F18 | Playground / 调用详情页实时反馈""命中缓存，节省 ¥x"" | 模型中心 Playground / 调用详情 | **P2** |",logic,P1,所属模块应满足：模型中心 Playground / 调用详情,源码路径+行号、对应运行测试或数据库/Redis/队列证据,表格单元格已拆为单一字段断言
REQ-CF-01901,core-finance,docs/PRD-模型缓存定价与缓存计量.md,3. 功能模块清单（功能点 → 模块 → 优先级）,| F19 | 渠道结算快照按缓存读取/写入成本价拆分（cachedTokens / costCache） | 渠道结算（§4.15） | **P3** |,logic,P1,编号应满足：F19,源码路径+行号、对应运行测试或数据库/Redis/队列证据,表格单元格已拆为单一字段断言
REQ-CF-01902,core-finance,docs/PRD-模型缓存定价与缓存计量.md,3. 功能模块清单（功能点 → 模块 → 优先级）,| F19 | 渠道结算快照按缓存读取/写入成本价拆分（cachedTokens / costCache） | 渠道结算（§4.15） | **P3** |,logic,P1,功能点应满足：渠道结算快照按缓存读取/写入成本价拆分（cachedTokens / costCache）,源码路径+行号、对应运行测试或数据库/Redis/队列证据,表格单元格已拆为单一字段断言
REQ-CF-01903,core-finance,docs/PRD-模型缓存定价与缓存计量.md,3. 功能模块清单（功能点 → 模块 → 优先级）,| F19 | 渠道结算快照按缓存读取/写入成本价拆分（cachedTokens / costCache） | 渠道结算（§4.15） | **P3** |,logic,P1,所属模块应满足：渠道结算（§4.15）,源码路径+行号、对应运行测试或数据库/Redis/队列证据,表格单元格已拆为单一字段断言
REQ-CF-01904,core-finance,docs/PRD-模型缓存定价与缓存计量.md,3. 功能模块清单（功能点 → 模块 → 优先级）,> 优先级与方案 §十三 阶段对齐：**P0 = 计费正确可审计；P1 = 用户可查缓存定价；P2 = 用户可看缓存消费；P3 = 结算与同步闭环**。,logic,P3,优先级应满足：**P3**,源码路径+行号、对应运行测试或数据库/Redis/队列证据,表格单元格已拆为单一字段断言
REQ-CF-01905,core-finance,docs/PRD-模型缓存定价与缓存计量.md,3. 功能模块清单（功能点 → 模块 → 优先级）,| F20 | 对账口径同步使用显式缓存价，consumption_records 定价快照列支撑差异核查 | 自动对账（§4.4.5） | **P3** |,logic,P1,编号应满足：F20,源码路径+行号、对应运行测试或数据库/Redis/队列证据,表格单元格已拆为单一字段断言
REQ-CF-01906,core-finance,docs/PRD-模型缓存定价与缓存计量.md,3. 功能模块清单（功能点 → 模块 → 优先级）,| F20 | 对账口径同步使用显式缓存价，consumption_records 定价快照列支撑差异核查 | 自动对账（§4.4.5） | **P3** |,logic,P1,功能点应满足：对账口径同步使用显式缓存价，consumption_records 定价快照列支撑差异核查,源码路径+行号、对应运行测试或数据库/Redis/队列证据,表格单元格已拆为单一字段断言
REQ-CF-01907,core-finance,docs/PRD-模型缓存定价与缓存计量.md,3. 功能模块清单（功能点 → 模块 → 优先级）,| F20 | 对账口径同步使用显式缓存价，consumption_records 定价快照列支撑差异核查 | 自动对账（§4.4.5） | **P3** |,logic,P1,所属模块应满足：自动对账（§4.4.5）,源码路径+行号、对应运行测试或数据库/Redis/队列证据,表格单元格已拆为单一字段断言
REQ-CF-01909,core-finance,docs/PRD-模型缓存定价与缓存计量.md,3. 功能模块清单（功能点 → 模块 → 优先级）,| F21 | 价格同步引擎缓存价抓取/映射（DeepSeek / Anthropic / OpenAI 价格页） | 渠道接入 · 价格同步 | **P3** |,logic,P1,编号应满足：F21,源码路径+行号、对应运行测试或数据库/Redis/队列证据,表格单元格已拆为单一字段断言
REQ-CF-01910,core-finance,docs/PRD-模型缓存定价与缓存计量.md,3. 功能模块清单（功能点 → 模块 → 优先级）,| F21 | 价格同步引擎缓存价抓取/映射（DeepSeek / Anthropic / OpenAI 价格页） | 渠道接入 · 价格同步 | **P3** |,logic,P1,功能点应满足：价格同步引擎缓存价抓取/映射（DeepSeek / Anthropic / OpenAI 价格页）,源码路径+行号、对应运行测试或数据库/Redis/队列证据,表格单元格已拆为单一字段断言
REQ-CF-01911,core-finance,docs/PRD-模型缓存定价与缓存计量.md,3. 功能模块清单（功能点 → 模块 → 优先级）,| F21 | 价格同步引擎缓存价抓取/映射（DeepSeek / Anthropic / OpenAI 价格页） | 渠道接入 · 价格同步 | **P3** |,logic,P1,所属模块应满足：渠道接入 · 价格同步,源码路径+行号、对应运行测试或数据库/Redis/队列证据,表格单元格已拆为单一字段断言
REQ-CF-01913,core-finance,docs/PRD-模型缓存定价与缓存计量.md,4. 业务规则,本节为方案 §三/§五/§六 的正式化表述，**未修改任何既定决策**；对歧义处的默认建议见第 11 节。,logic,P1,本节为方案 §三/§五/§六 的正式化表述，**未修改任何既定决策**；对歧义处的默认建议见第 11 节。,源码路径+行号、对应运行测试或数据库/Redis/队列证据,N/A：原审计记录未提供补充依据；待复核源码、测试及运行证据。
REQ-CF-01914,core-finance,docs/PRD-模型缓存定价与缓存计量.md,4.1 计费公式（权威口径）,+ (prompt_tokens − cacheReadTokens − cacheWriteTokens) × inputPrice,logic,P1,"1. **收敛约束（D-11 定稿）**：`cacheReadTokens + cacheWriteTokens ≤ prompt_tokens`；超出时**优先保留 read**：`cacheWriteTokens = max(prompt_tokens − cacheReadTokens, 0)`（写入是读取的前置，read 价通常更低，保留 read 对用户有利、对平台口径保守）；归一化层与计费层双保险同规则。",源码路径+行号、对应运行测试或数据库/Redis/队列证据,N/A：原审计记录未提供补充依据；待复核源码、测试及运行证据。
REQ-CF-01915,core-finance,docs/PRD-模型缓存定价与缓存计量.md,4.1 计费公式（权威口径）,+ (prompt_tokens − cacheReadTokens − cacheWriteTokens) × inputPrice,field,P1,2. **退化规则**：上游未返回任何缓存字段，或模型无缓存计费能力时，`cacheReadTokens = cacheWriteTokens = 0`，公式退化为 `prompt_tokens × inputPrice + completion_tokens × outputPrice`，**计费结果与现状完全一致**。,源码路径+行号、对应运行测试或数据库/Redis/队列证据,N/A：原审计记录未提供补充依据；待复核源码、测试及运行证据。
REQ-CF-01916,core-finance,docs/PRD-模型缓存定价与缓存计量.md,4.1 计费公式（权威口径）,+ (prompt_tokens − cacheReadTokens − cacheWriteTokens) × inputPrice,field,P0,3. **生效范围（D-9 定稿）**：非流式响应，以及携带 usage 缓存字段的流式响应均适用。**流式注入范围**：`stream=true` 时对 **chat / messages / openai-compat** 三端点注入 `stream_options.include_usage=true`（responses 端点已有；anthropic 上游天然携带 usage，无需注入）；注入逻辑集中在 `buildUpstreamBody` 单点并预留渠道级开关。**计费时点与回滚**：沿用现有「预扣 → 流结束按最终 usage 结算（determineStreamBilling）」时序，无状态机改动；流超时/中断回滚时缓存字段恒 undefined，回滚口径不变。⚠️ 此为本期对 `ref-5.2 §3.2.1`「流式场景沿用全价计费」的**有意扩展**（方案既定决策），属行为变更点，见第 10 节。,源码路径+行号、对应运行测试或数据库/Redis/队列证据,产品裁决/后续阶段
REQ-CF-01917,core-finance,docs/PRD-模型缓存定价与缓存计量.md,4.1 计费公式（权威口径）,总费用   = (输入费用 + 输出费用) × user_discount_rate,logic,P1,4. `user_discount_rate` 为现有用户折扣率（`users.discount_rate` / 代理折扣），仅作用于总费用，不单独作用于缓存价（D-3 定稿）。,源码路径+行号、对应运行测试或数据库/Redis/队列证据,N/A：原审计记录未提供补充依据；待复核源码、测试及运行证据。
REQ-CF-01918,core-finance,docs/PRD-模型缓存定价与缓存计量.md,4.2 价格解析优先级（缓存读取价，从高到低共 5 级）,| 1 | 模型覆盖价 `models.override_cache_read_input_price` | 直接取值 | L2，可空；**本期缺省**（models 表不存在，P0 不落地，D-10） |,logic,P1,来源应满足：模型覆盖价 `models.override_cache_read_input_price`,源码路径+行号、对应运行测试或数据库/Redis/队列证据,表格单元格已拆为单一字段断言
REQ-CF-01919,core-finance,docs/PRD-模型缓存定价与缓存计量.md,4.2 价格解析优先级（缓存读取价，从高到低共 5 级）,| 1 | 模型覆盖价 `models.override_cache_read_input_price` | 直接取值 | L2，可空；**本期缺省**（models 表不存在，P0 不落地，D-10） |,logic,P1,计算应满足：直接取值,源码路径+行号、对应运行测试或数据库/Redis/队列证据,表格单元格已拆为单一字段断言
REQ-CF-01920,core-finance,docs/PRD-模型缓存定价与缓存计量.md,4.2 价格解析优先级（缓存读取价，从高到低共 5 级）,| 1 | 模型覆盖价 `models.override_cache_read_input_price` | 直接取值 | L2，可空；**本期缺省**（models 表不存在，P0 不落地，D-10） |,logic,P0,说明应满足：L2，可空；**本期缺省**（models 表不存在，P0 不落地，D-10）,源码路径+行号、对应运行测试或数据库/Redis/队列证据,表格单元格已拆为单一字段断言
REQ-CF-01921,core-finance,docs/PRD-模型缓存定价与缓存计量.md,4.2 价格解析优先级（缓存读取价，从高到低共 5 级）,| 2 | 标准价 `vendor_pricing.cache_read_input_price` | 直接取值 | L1，可空；渠道显式缓存读取售价 |,logic,P1,来源应满足：标准价 `vendor_pricing.cache_read_input_price`,源码路径+行号、对应运行测试或数据库/Redis/队列证据,表格单元格已拆为单一字段断言
REQ-CF-01923,core-finance,docs/PRD-模型缓存定价与缓存计量.md,4.2 价格解析优先级（缓存读取价，从高到低共 5 级）,| 2 | 标准价 `vendor_pricing.cache_read_input_price` | 直接取值 | L1，可空；渠道显式缓存读取售价 |,logic,P1,说明应满足：L1，可空；渠道显式缓存读取售价,源码路径+行号、对应运行测试或数据库/Redis/队列证据,表格单元格已拆为单一字段断言
REQ-CF-01924,core-finance,docs/PRD-模型缓存定价与缓存计量.md,4.2 价格解析优先级（缓存读取价，从高到低共 5 级）,"| 3 | 模型折扣率 `vendor_pricing.cache_discount_rate` | `生效 input_price × rate` | 兼容/快捷配置；rate ∈ (0,1]，可空 |",logic,P1,来源应满足：模型折扣率 `vendor_pricing.cache_discount_rate`,源码路径+行号、对应运行测试或数据库/Redis/队列证据,表格单元格已拆为单一字段断言
REQ-CF-01925,core-finance,docs/PRD-模型缓存定价与缓存计量.md,4.2 价格解析优先级（缓存读取价，从高到低共 5 级）,"| 3 | 模型折扣率 `vendor_pricing.cache_discount_rate` | `生效 input_price × rate` | 兼容/快捷配置；rate ∈ (0,1]，可空 |",logic,P1,计算应满足：`生效 input_price × rate`,源码路径+行号、对应运行测试或数据库/Redis/队列证据,表格单元格已拆为单一字段断言
REQ-CF-01926,core-finance,docs/PRD-模型缓存定价与缓存计量.md,4.2 价格解析优先级（缓存读取价，从高到低共 5 级）,"| 3 | 模型折扣率 `vendor_pricing.cache_discount_rate` | `生效 input_price × rate` | 兼容/快捷配置；rate ∈ (0,1]，可空 |",logic,P1,"说明应满足：兼容/快捷配置；rate ∈ (0,1]，可空",源码路径+行号、对应运行测试或数据库/Redis/队列证据,表格单元格已拆为单一字段断言
REQ-CF-01927,core-finance,docs/PRD-模型缓存定价与缓存计量.md,4.2 价格解析优先级（缓存读取价，从高到低共 5 级）,"| 4 | 全局折扣率 `system_config.billing.cache_hit_discount` | `生效 input_price × rate` | 默认 0.1，rate ∈ (0,1] |",logic,P1,来源应满足：全局折扣率 `system_config.billing.cache_hit_discount`,源码路径+行号、对应运行测试或数据库/Redis/队列证据,表格单元格已拆为单一字段断言
REQ-CF-01929,core-finance,docs/PRD-模型缓存定价与缓存计量.md,4.2 价格解析优先级（缓存读取价，从高到低共 5 级）,"| 4 | 全局折扣率 `system_config.billing.cache_hit_discount` | `生效 input_price × rate` | 默认 0.1，rate ∈ (0,1] |",logic,P1,"说明应满足：默认 0.1，rate ∈ (0,1]",源码路径+行号、对应运行测试或数据库/Redis/队列证据,表格单元格已拆为单一字段断言
REQ-CF-01930,core-finance,docs/PRD-模型缓存定价与缓存计量.md,4.2 价格解析优先级（缓存读取价，从高到低共 5 级）,| 5 | 代码兜底 `CACHE_HIT_DISCOUNT` | `生效 input_price × 0.1` | 前四级均不可用时生效 |,logic,P1,来源应满足：代码兜底 `CACHE_HIT_DISCOUNT`,源码路径+行号、对应运行测试或数据库/Redis/队列证据,表格单元格已拆为单一字段断言
REQ-CF-01931,core-finance,docs/PRD-模型缓存定价与缓存计量.md,4.2 价格解析优先级（缓存读取价，从高到低共 5 级）,| 5 | 代码兜底 `CACHE_HIT_DISCOUNT` | `生效 input_price × 0.1` | 前四级均不可用时生效 |,logic,P1,计算应满足：`生效 input_price × 0.1`,源码路径+行号、对应运行测试或数据库/Redis/队列证据,表格单元格已拆为单一字段断言
REQ-CF-01932,core-finance,docs/PRD-模型缓存定价与缓存计量.md,4.2 价格解析优先级（缓存读取价，从高到低共 5 级）,| 5 | 代码兜底 `CACHE_HIT_DISCOUNT` | `生效 input_price × 0.1` | 前四级均不可用时生效 |,logic,P1,说明应满足：前四级均不可用时生效,源码路径+行号、对应运行测试或数据库/Redis/队列证据,表格单元格已拆为单一字段断言
REQ-CF-01933,core-finance,docs/PRD-模型缓存定价与缓存计量.md,4.2 价格解析优先级（缓存读取价，从高到低共 5 级）,"| 3 | 模型折扣率 `vendor_pricing.cache_discount_rate` | `生效 input_price × rate` | 兼容/快捷配置；rate ∈ (0,1]，可空 |",field,P1,表中「生效 input_price」= **当前请求最终生效的输入单价**（经 L5/L4/L3/L2/L1 定价流程后的 input，含覆盖/折扣推导，D-3 定稿）；折扣率回退（级 3/级 4/级 5）= 生效 input_price × rate；**显式缓存价（级 1/级 2）独立于折扣类优惠**，不随活动/分组/代理折扣联动（L5/L3 分支缓存价字段恒 null，与 pricing.ts 现状一致）；L3 代理折扣与用户折扣一样只乘总费用。,源码路径+行号、对应运行测试或数据库/Redis/队列证据,N/A：原审计记录未提供补充依据；待复核源码、测试及运行证据。
REQ-CF-01934,core-finance,docs/PRD-模型缓存定价与缓存计量.md,4.2 价格解析优先级（缓存读取价，从高到低共 5 级）,### 4.2 价格解析优先级（缓存读取价，从高到低共 5 级）,logic,P1,某一级为空/非法 → 自动落入下一级；任意一级命中即停止。,源码路径+行号、对应运行测试或数据库/Redis/队列证据,N/A：原审计记录未提供补充依据；待复核源码、测试及运行证据。
REQ-CF-01935,core-finance,docs/PRD-模型缓存定价与缓存计量.md,4.2 价格解析优先级（缓存读取价，从高到低共 5 级）,| 2 | 标准价 `vendor_pricing.cache_read_input_price` | 直接取值 | L1，可空；渠道显式缓存读取售价 |,logic,P1,**反推展示**：配置显式缓存读取价后，系统自动反推等效折扣率（= 显式读取价 ÷ 生效输入价）**仅用于展示**，不作为计费依据。,源码路径+行号、对应运行测试或数据库/Redis/队列证据,N/A：原审计记录未提供补充依据；待复核源码、测试及运行证据。
REQ-CF-01936,core-finance,docs/PRD-模型缓存定价与缓存计量.md,4.2 价格解析优先级（缓存读取价，从高到低共 5 级）,| 2 | 标准价 `vendor_pricing.cache_read_input_price` | 直接取值 | L1，可空；渠道显式缓存读取售价 |,logic,P0,**P0 生效级数（D-10）**：P0 按 **4 级**生效（级 1 缺省）；L2 覆盖价语义由 `vendor_pricing(pricing_group='default')` 显式缓存价列（级 2）**天然承载**（default 组即模型级覆盖价的代码载体，`queryDefaultPricing`），无需为 models 表额外加列，避免双载体并存。,源码路径+行号、对应运行测试或数据库/Redis/队列证据,N/A：原审计记录未提供补充依据；待复核源码、测试及运行证据。
REQ-CF-01937,core-finance,docs/PRD-模型缓存定价与缓存计量.md,4.3 缓存写入价解析,| 配置显式写入价（`vendor_pricing.cache_write_input_price`；models 覆盖列本期缺省，D-10） | 显式价 | 与读取价解析同构；仅 Anthropic 系模型通常需要 |,logic,P1,场景应满足：配置显式写入价（`vendor_pricing.cache_write_input_price`；models 覆盖列本期缺省，D-10）,源码路径+行号、对应运行测试或数据库/Redis/队列证据,表格单元格已拆为单一字段断言
REQ-CF-01938,core-finance,docs/PRD-模型缓存定价与缓存计量.md,4.3 缓存写入价解析,| 场景 | 写入价取值 | 说明 |,logic,P1,写入价取值应满足：显式价,源码路径+行号、对应运行测试或数据库/Redis/队列证据,表格单元格已拆为单一字段断言
REQ-CF-01939,core-finance,docs/PRD-模型缓存定价与缓存计量.md,4.3 缓存写入价解析,| 配置显式写入价（`vendor_pricing.cache_write_input_price`；models 覆盖列本期缺省，D-10） | 显式价 | 与读取价解析同构；仅 Anthropic 系模型通常需要 |,logic,P1,说明应满足：与读取价解析同构；仅 Anthropic 系模型通常需要,源码路径+行号、对应运行测试或数据库/Redis/队列证据,表格单元格已拆为单一字段断言
REQ-CF-01940,core-finance,docs/PRD-模型缓存定价与缓存计量.md,4.3 缓存写入价解析,"| 显式写入价缺失 | `生效 input_price` 全价 | 保守口径，计费标注""未配置写入价""（透出标识 `cache_write_price_source: 'full_price'`，D-4 定稿，见 §5.5/§7.7） |",logic,P1,场景应满足：显式写入价缺失,源码路径+行号、对应运行测试或数据库/Redis/队列证据,表格单元格已拆为单一字段断言
REQ-CF-01941,core-finance,docs/PRD-模型缓存定价与缓存计量.md,4.3 缓存写入价解析,"| 显式写入价缺失 | `生效 input_price` 全价 | 保守口径，计费标注""未配置写入价""（透出标识 `cache_write_price_source: 'full_price'`，D-4 定稿，见 §5.5/§7.7） |",logic,P1,写入价取值应满足：`生效 input_price` 全价,源码路径+行号、对应运行测试或数据库/Redis/队列证据,表格单元格已拆为单一字段断言
REQ-CF-01942,core-finance,docs/PRD-模型缓存定价与缓存计量.md,4.3 缓存写入价解析,"| 显式写入价缺失 | `生效 input_price` 全价 | 保守口径，计费标注""未配置写入价""（透出标识 `cache_write_price_source: 'full_price'`，D-4 定稿，见 §5.5/§7.7） |",logic,P1,"说明应满足：保守口径，计费标注""未配置写入价""（透出标识 `cache_write_price_source: 'full_price'`，D-4 定稿，见 §5.5/§7.7）",源码路径+行号、对应运行测试或数据库/Redis/队列证据,表格单元格已拆为单一字段断言
REQ-CF-01943,core-finance,docs/PRD-模型缓存定价与缓存计量.md,4.3 缓存写入价解析,| `cache_pricing_mode = discount_rate` | 写入 token 按全价、读取按折扣率 | **行为与旧版（ref-5.2 §3.2.1）完全一致** |,logic,P1,场景应满足：`cache_pricing_mode = discount_rate`,源码路径+行号、对应运行测试或数据库/Redis/队列证据,表格单元格已拆为单一字段断言
REQ-CF-01944,core-finance,docs/PRD-模型缓存定价与缓存计量.md,4.3 缓存写入价解析,| `cache_pricing_mode = discount_rate` | 写入 token 按全价、读取按折扣率 | **行为与旧版（ref-5.2 §3.2.1）完全一致** |,logic,P1,写入价取值应满足：写入 token 按全价、读取按折扣率,源码路径+行号、对应运行测试或数据库/Redis/队列证据,表格单元格已拆为单一字段断言
REQ-CF-01945,core-finance,docs/PRD-模型缓存定价与缓存计量.md,4.3 缓存写入价解析,| `cache_pricing_mode = discount_rate` | 写入 token 按全价、读取按折扣率 | **行为与旧版（ref-5.2 §3.2.1）完全一致** |,logic,P1,说明应满足：**行为与旧版（ref-5.2 §3.2.1）完全一致**,源码路径+行号、对应运行测试或数据库/Redis/队列证据,表格单元格已拆为单一字段断言
REQ-CF-01946,core-finance,docs/PRD-模型缓存定价与缓存计量.md,4.4 `cache_pricing_mode` 计费模式开关,| `cache_pricing_mode` | `explicit` / `discount_rate` | `explicit` | `explicit` = 显式价格优先、折扣率为回退；`discount_rate` = 完全沿用旧行为（写入全价 + 读取折扣率），作为**灰度开关**可一键回到旧版 |,logic,P1,key应满足：`cache_pricing_mode`,源码路径+行号、对应运行测试或数据库/Redis/队列证据,表格单元格已拆为单一字段断言
REQ-CF-01947,core-finance,docs/PRD-模型缓存定价与缓存计量.md,4.4 `cache_pricing_mode` 计费模式开关,| `cache_pricing_mode` | `explicit` / `discount_rate` | `explicit` | `explicit` = 显式价格优先、折扣率为回退；`discount_rate` = 完全沿用旧行为（写入全价 + 读取折扣率），作为**灰度开关**可一键回到旧版 |,logic,P1,可选值应满足：`explicit` / `discount_rate`,源码路径+行号、对应运行测试或数据库/Redis/队列证据,表格单元格已拆为单一字段断言
REQ-CF-01948,core-finance,docs/PRD-模型缓存定价与缓存计量.md,4.4 `cache_pricing_mode` 计费模式开关,| `cache_pricing_mode` | `explicit` / `discount_rate` | `explicit` | `explicit` = 显式价格优先、折扣率为回退；`discount_rate` = 完全沿用旧行为（写入全价 + 读取折扣率），作为**灰度开关**可一键回到旧版 |,logic,P1,默认应满足：`explicit`,源码路径+行号、对应运行测试或数据库/Redis/队列证据,表格单元格已拆为单一字段断言
REQ-CF-01949,core-finance,docs/PRD-模型缓存定价与缓存计量.md,4.4 `cache_pricing_mode` 计费模式开关,| `cache_pricing_mode` | `explicit` / `discount_rate` | `explicit` | `explicit` = 显式价格优先、折扣率为回退；`discount_rate` = 完全沿用旧行为（写入全价 + 读取折扣率），作为**灰度开关**可一键回到旧版 |,logic,P1,业务语义应满足：`explicit` = 显式价格优先、折扣率为回退；`discount_rate` = 完全沿用旧行为（写入全价 + 读取折扣率），作为**灰度开关**可一键回到旧版,源码路径+行号、对应运行测试或数据库/Redis/队列证据,表格单元格已拆为单一字段断言
REQ-CF-01950,core-finance,docs/PRD-模型缓存定价与缓存计量.md,4.4 `cache_pricing_mode` 计费模式开关,开关生效方式：配置保存后即时生效（价格缓存失效机制沿用 `ref-5.2 §3.3`，TTL 5 分钟内）；存量已发生调用不受影响（价格变更只影响变更后请求，不追溯历史，对齐 `ref-5.2 §八`）。,logic,P1,开关生效方式：配置保存后即时生效（价格缓存失效机制沿用 `ref-5.2 §3.3`，TTL 5 分钟内）；存量已发生调用不受影响（价格变更只影响变更后请求，不追溯历史，对齐 `ref-5.2 §八`）。,源码路径+行号、对应运行测试或数据库/Redis/队列证据,N/A：原审计记录未提供补充依据；待复核源码、测试及运行证据。
REQ-CF-01951,core-finance,docs/PRD-模型缓存定价与缓存计量.md,4.4 `cache_pricing_mode` 计费模式开关,开关为全局配置（`system_config.billing`），由 admin 以上角色维护（权限见第 6 节）。,permission,P1,开关为全局配置（`system_config.billing`），由 admin 以上角色维护（权限见第 6 节）。,源码路径+行号、对应运行测试或数据库/Redis/队列证据,N/A：原审计记录未提供补充依据；待复核源码、测试及运行证据。
REQ-CF-01952,core-finance,docs/PRD-模型缓存定价与缓存计量.md,4.5 上游 usage 归一化,"| DeepSeek | `prompt_cache_hit_tokens` / `prompt_cache_miss_tokens` | 命中 → `cacheReadTokens`；miss **不单独计** | 命中/未命中成对出现；miss 部分自然落入""未命中全价""段 |",logic,P1,上游应满足：DeepSeek,源码路径+行号、对应运行测试或数据库/Redis/队列证据,表格单元格已拆为单一字段断言
REQ-CF-01953,core-finance,docs/PRD-模型缓存定价与缓存计量.md,4.5 上游 usage 归一化,"| DeepSeek | `prompt_cache_hit_tokens` / `prompt_cache_miss_tokens` | 命中 → `cacheReadTokens`；miss **不单独计** | 命中/未命中成对出现；miss 部分自然落入""未命中全价""段 |",field,P1,原始字段应满足：`prompt_cache_hit_tokens` / `prompt_cache_miss_tokens`,源码路径+行号、对应运行测试或数据库/Redis/队列证据,表格单元格已拆为单一字段断言
REQ-CF-01954,core-finance,docs/PRD-模型缓存定价与缓存计量.md,4.5 上游 usage 归一化,"| DeepSeek | `prompt_cache_hit_tokens` / `prompt_cache_miss_tokens` | 命中 → `cacheReadTokens`；miss **不单独计** | 命中/未命中成对出现；miss 部分自然落入""未命中全价""段 |",logic,P1,归一化结果应满足：命中 → `cacheReadTokens`；miss **不单独计**,源码路径+行号、对应运行测试或数据库/Redis/队列证据,表格单元格已拆为单一字段断言
REQ-CF-01955,core-finance,docs/PRD-模型缓存定价与缓存计量.md,4.5 上游 usage 归一化,"| DeepSeek | `prompt_cache_hit_tokens` / `prompt_cache_miss_tokens` | 命中 → `cacheReadTokens`；miss **不单独计** | 命中/未命中成对出现；miss 部分自然落入""未命中全价""段 |",logic,P1,"说明应满足：命中/未命中成对出现；miss 部分自然落入""未命中全价""段",源码路径+行号、对应运行测试或数据库/Redis/队列证据,表格单元格已拆为单一字段断言
REQ-CF-01956,core-finance,docs/PRD-模型缓存定价与缓存计量.md,4.5 上游 usage 归一化,| Anthropic | `cache_read_input_tokens` / `cache_creation_input_tokens` | read → `cacheReadTokens`；creation → `cacheWriteTokens` | **写入价独立**，写入 token 不入读取段 |,logic,P1,上游应满足：Anthropic,源码路径+行号、对应运行测试或数据库/Redis/队列证据,表格单元格已拆为单一字段断言
REQ-CF-01957,core-finance,docs/PRD-模型缓存定价与缓存计量.md,4.5 上游 usage 归一化,| Anthropic | `cache_read_input_tokens` / `cache_creation_input_tokens` | read → `cacheReadTokens`；creation → `cacheWriteTokens` | **写入价独立**，写入 token 不入读取段 |,field,P1,原始字段应满足：`cache_read_input_tokens` / `cache_creation_input_tokens`,源码路径+行号、对应运行测试或数据库/Redis/队列证据,表格单元格已拆为单一字段断言
REQ-CF-01958,core-finance,docs/PRD-模型缓存定价与缓存计量.md,4.5 上游 usage 归一化,| Anthropic | `cache_read_input_tokens` / `cache_creation_input_tokens` | read → `cacheReadTokens`；creation → `cacheWriteTokens` | **写入价独立**，写入 token 不入读取段 |,logic,P1,归一化结果应满足：read → `cacheReadTokens`；creation → `cacheWriteTokens`,源码路径+行号、对应运行测试或数据库/Redis/队列证据,表格单元格已拆为单一字段断言
REQ-CF-01959,core-finance,docs/PRD-模型缓存定价与缓存计量.md,4.5 上游 usage 归一化,| Anthropic | `cache_read_input_tokens` / `cache_creation_input_tokens` | read → `cacheReadTokens`；creation → `cacheWriteTokens` | **写入价独立**，写入 token 不入读取段 |,logic,P1,说明应满足：**写入价独立**，写入 token 不入读取段,源码路径+行号、对应运行测试或数据库/Redis/队列证据,表格单元格已拆为单一字段断言
REQ-CF-01960,core-finance,docs/PRD-模型缓存定价与缓存计量.md,4.5 上游 usage 归一化,| OpenAI | `prompt_tokens_details.cached_tokens` | → `cacheReadTokens` | 官方按 50% 计费，平台落显式价（如实配置） |,logic,P1,上游应满足：OpenAI,源码路径+行号、对应运行测试或数据库/Redis/队列证据,表格单元格已拆为单一字段断言
REQ-CF-01961,core-finance,docs/PRD-模型缓存定价与缓存计量.md,4.5 上游 usage 归一化,| OpenAI | `prompt_tokens_details.cached_tokens` | → `cacheReadTokens` | 官方按 50% 计费，平台落显式价（如实配置） |,field,P1,原始字段应满足：`prompt_tokens_details.cached_tokens`,源码路径+行号、对应运行测试或数据库/Redis/队列证据,表格单元格已拆为单一字段断言
REQ-CF-01962,core-finance,docs/PRD-模型缓存定价与缓存计量.md,4.5 上游 usage 归一化,"| DeepSeek | `prompt_cache_hit_tokens` / `prompt_cache_miss_tokens` | 命中 → `cacheReadTokens`；miss **不单独计** | 命中/未命中成对出现；miss 部分自然落入""未命中全价""段 |",logic,P1,归一化结果应满足：→ `cacheReadTokens`,源码路径+行号、对应运行测试或数据库/Redis/队列证据,表格单元格已拆为单一字段断言
REQ-CF-01963,core-finance,docs/PRD-模型缓存定价与缓存计量.md,4.5 上游 usage 归一化,| OpenAI | `prompt_tokens_details.cached_tokens` | → `cacheReadTokens` | 官方按 50% 计费，平台落显式价（如实配置） |,logic,P1,说明应满足：官方按 50% 计费，平台落显式价（如实配置）,源码路径+行号、对应运行测试或数据库/Redis/队列证据,表格单元格已拆为单一字段断言
REQ-CF-01964,core-finance,docs/PRD-模型缓存定价与缓存计量.md,4.5 上游 usage 归一化,| 其他 / 无缓存字段 | — | 全部按未命中全价 | 与现状一致 |,field,P1,上游应满足：其他 / 无缓存字段,源码路径+行号、对应运行测试或数据库/Redis/队列证据,表格单元格已拆为单一字段断言
REQ-CF-01965,core-finance,docs/PRD-模型缓存定价与缓存计量.md,4.5 上游 usage 归一化,| 其他 / 无缓存字段 | — | 全部按未命中全价 | 与现状一致 |,logic,P1,归一化结果应满足：全部按未命中全价,源码路径+行号、对应运行测试或数据库/Redis/队列证据,表格单元格已拆为单一字段断言
REQ-CF-01966,core-finance,docs/PRD-模型缓存定价与缓存计量.md,4.5 上游 usage 归一化,| 其他 / 无缓存字段 | — | 全部按未命中全价 | 与现状一致 |,logic,P1,说明应满足：与现状一致,源码路径+行号、对应运行测试或数据库/Redis/队列证据,表格单元格已拆为单一字段断言
REQ-CF-01967,core-finance,docs/PRD-模型缓存定价与缓存计量.md,4.5 上游 usage 归一化,| Anthropic | `cache_read_input_tokens` / `cache_creation_input_tokens` | read → `cacheReadTokens`；creation → `cacheWriteTokens` | **写入价独立**，写入 token 不入读取段 |,logic,P1,约束：`cacheReadTokens + cacheWriteTokens ≤ prompt_tokens`，超出收敛（见 4.1-1）。,源码路径+行号、对应运行测试或数据库/Redis/队列证据,N/A：原审计记录未提供补充依据；待复核源码、测试及运行证据。
REQ-CF-01968,core-finance,docs/PRD-模型缓存定价与缓存计量.md,4.5 上游 usage 归一化,"| DeepSeek | `prompt_cache_hit_tokens` / `prompt_cache_miss_tokens` | 命中 → `cacheReadTokens`；miss **不单独计** | 命中/未命中成对出现；miss 部分自然落入""未命中全价""段 |",test,P0,**计价单位归一化**：全部价格统一为 **¥/1K tokens**（与现有价格一致）；上游同步/抓取时若为 `/1M` 口径 → **÷1000** 后存储（示例：DeepSeek 命中 ¥0.5/1M → 存 0.0005/1K；未命中 ¥2/1M → 存 0.002/1K）。**P0 范围**：÷1000 自动换算逻辑属 P3 价格同步引擎（F21）验收；P0 仅保证存储口径契约 = ¥/1K（录入/API/存储一致，不得按 /1M 值入库，见 AC-06）。,源码路径+行号、对应运行测试或数据库/Redis/队列证据,N/A：原审计记录未提供补充依据；待复核源码、测试及运行证据。
REQ-CF-01969,core-finance,docs/PRD-模型缓存定价与缓存计量.md,4.6 回退规则汇总,| R1 | 显式读取价未配置（级 1/级 2 皆空） | 级 3 模型折扣率 → 级 4 全局折扣率 → 级 5 代码兜底 |,logic,P1,场景应满足：显式读取价未配置（级 1/级 2 皆空）,源码路径+行号、对应运行测试或数据库/Redis/队列证据,表格单元格已拆为单一字段断言
REQ-CF-01970,core-finance,docs/PRD-模型缓存定价与缓存计量.md,4.6 回退规则汇总,| R1 | 显式读取价未配置（级 1/级 2 皆空） | 级 3 模型折扣率 → 级 4 全局折扣率 → 级 5 代码兜底 |,logic,P1,回退行为应满足：级 3 模型折扣率 → 级 4 全局折扣率 → 级 5 代码兜底,源码路径+行号、对应运行测试或数据库/Redis/队列证据,表格单元格已拆为单一字段断言
REQ-CF-01971,core-finance,docs/PRD-模型缓存定价与缓存计量.md,4.6 回退规则汇总,| R2 | 显式写入价未配置 | 按生效输入价全价计（4.3） |,logic,P1,场景应满足：显式写入价未配置,源码路径+行号、对应运行测试或数据库/Redis/队列证据,表格单元格已拆为单一字段断言
REQ-CF-01972,core-finance,docs/PRD-模型缓存定价与缓存计量.md,4.6 回退规则汇总,| R2 | 显式写入价未配置 | 按生效输入价全价计（4.3） |,logic,P1,回退行为应满足：按生效输入价全价计（4.3）,源码路径+行号、对应运行测试或数据库/Redis/队列证据,表格单元格已拆为单一字段断言
REQ-CF-01973,core-finance,docs/PRD-模型缓存定价与缓存计量.md,4.6 回退规则汇总,| R3 | 上游未返回缓存字段 / 模型无缓存能力 | 全价计，与现状一致（4.1-2） |,field,P1,场景应满足：上游未返回缓存字段 / 模型无缓存能力,源码路径+行号、对应运行测试或数据库/Redis/队列证据,表格单元格已拆为单一字段断言
REQ-CF-01974,core-finance,docs/PRD-模型缓存定价与缓存计量.md,4.6 回退规则汇总,| R3 | 上游未返回缓存字段 / 模型无缓存能力 | 全价计，与现状一致（4.1-2） |,logic,P1,回退行为应满足：全价计，与现状一致（4.1-2）,源码路径+行号、对应运行测试或数据库/Redis/队列证据,表格单元格已拆为单一字段断言
REQ-CF-01975,core-finance,docs/PRD-模型缓存定价与缓存计量.md,4.6 回退规则汇总,"| R4 | 命中+写入数超输入上限 | read 优先保留，write 收敛（write = max(prompt − read, 0)）（4.1-1，D-11） |",logic,P1,场景应满足：命中+写入数超输入上限,源码路径+行号、对应运行测试或数据库/Redis/队列证据,表格单元格已拆为单一字段断言
REQ-CF-01976,core-finance,docs/PRD-模型缓存定价与缓存计量.md,4.6 回退规则汇总,"| R4 | 命中+写入数超输入上限 | read 优先保留，write 收敛（write = max(prompt − read, 0)）（4.1-1，D-11） |",logic,P1,"回退行为应满足：read 优先保留，write 收敛（write = max(prompt − read, 0)）（4.1-1，D-11）",源码路径+行号、对应运行测试或数据库/Redis/队列证据,表格单元格已拆为单一字段断言
REQ-CF-01977,core-finance,docs/PRD-模型缓存定价与缓存计量.md,4.6 回退规则汇总,| R5 | `cache_pricing_mode = discount_rate` | 写入全价 + 读取折扣率，等价旧版（4.4） |,logic,P1,场景应满足：`cache_pricing_mode = discount_rate`,源码路径+行号、对应运行测试或数据库/Redis/队列证据,表格单元格已拆为单一字段断言
REQ-CF-01978,core-finance,docs/PRD-模型缓存定价与缓存计量.md,4.6 回退规则汇总,| R5 | `cache_pricing_mode = discount_rate` | 写入全价 + 读取折扣率，等价旧版（4.4） |,logic,P1,回退行为应满足：写入全价 + 读取折扣率，等价旧版（4.4）,源码路径+行号、对应运行测试或数据库/Redis/队列证据,表格单元格已拆为单一字段断言
REQ-CF-01979,core-finance,docs/PRD-模型缓存定价与缓存计量.md,4.6 回退规则汇总,| R6 | 上游/1M 口径价格 | ÷1000 归一为 /1K（4.5） |,logic,P1,场景应满足：上游/1M 口径价格,源码路径+行号、对应运行测试或数据库/Redis/队列证据,表格单元格已拆为单一字段断言
REQ-CF-01980,core-finance,docs/PRD-模型缓存定价与缓存计量.md,4.6 回退规则汇总,| R6 | 上游/1M 口径价格 | ÷1000 归一为 /1K（4.5） |,logic,P1,回退行为应满足：÷1000 归一为 /1K（4.5）,源码路径+行号、对应运行测试或数据库/Redis/队列证据,表格单元格已拆为单一字段断言
REQ-CF-01981,core-finance,docs/PRD-模型缓存定价与缓存计量.md,4.7 精度规则,"| 价格字段（读取/写入单价、成本价） | numeric(18,6) | ¥/1K tokens |",field,P1,对象应满足：价格字段（读取/写入单价、成本价）,源码路径+行号、对应运行测试或数据库/Redis/队列证据,表格单元格已拆为单一字段断言
REQ-CF-01982,core-finance,docs/PRD-模型缓存定价与缓存计量.md,4.7 精度规则,"| 价格字段（读取/写入单价、成本价） | numeric(18,6) | ¥/1K tokens |",logic,P1,"精度应满足：numeric(18,6)",源码路径+行号、对应运行测试或数据库/Redis/队列证据,表格单元格已拆为单一字段断言
REQ-CF-01983,core-finance,docs/PRD-模型缓存定价与缓存计量.md,4.7 精度规则,"| 价格字段（读取/写入单价、成本价） | numeric(18,6) | ¥/1K tokens |",logic,P1,说明应满足：¥/1K tokens,源码路径+行号、对应运行测试或数据库/Redis/队列证据,表格单元格已拆为单一字段断言
REQ-CF-01984,core-finance,docs/PRD-模型缓存定价与缓存计量.md,4.7 精度规则,"| 计量金额字段（cache_hit_cost / cache_write_cost / cache_discount / cost） | numeric(18,8) | ¥；与现有 cost / cache_discount 列一致 |",field,P1,对象应满足：计量金额字段（cache_hit_cost / cache_write_cost / cache_discount / cost）,源码路径+行号、对应运行测试或数据库/Redis/队列证据,表格单元格已拆为单一字段断言
REQ-CF-01985,core-finance,docs/PRD-模型缓存定价与缓存计量.md,4.7 精度规则,"| 计量金额字段（cache_hit_cost / cache_write_cost / cache_discount / cost） | numeric(18,8) | ¥；与现有 cost / cache_discount 列一致 |",logic,P1,"精度应满足：numeric(18,8)",源码路径+行号、对应运行测试或数据库/Redis/队列证据,表格单元格已拆为单一字段断言
REQ-CF-01986,core-finance,docs/PRD-模型缓存定价与缓存计量.md,4.7 精度规则,"| 计量金额字段（cache_hit_cost / cache_write_cost / cache_discount / cost） | numeric(18,8) | ¥；与现有 cost / cache_discount 列一致 |",logic,P1,说明应满足：¥；与现有 cost / cache_discount 列一致,源码路径+行号、对应运行测试或数据库/Redis/队列证据,表格单元格已拆为单一字段断言
REQ-CF-01987,core-finance,docs/PRD-模型缓存定价与缓存计量.md,4.7 精度规则,| token 计量 | integer | 精确计数 |,logic,P1,对象应满足：token 计量,源码路径+行号、对应运行测试或数据库/Redis/队列证据,表格单元格已拆为单一字段断言
REQ-CF-01988,core-finance,docs/PRD-模型缓存定价与缓存计量.md,4.7 精度规则,| token 计量 | integer | 精确计数 |,logic,P1,精度应满足：integer,源码路径+行号、对应运行测试或数据库/Redis/队列证据,表格单元格已拆为单一字段断言
REQ-CF-01989,core-finance,docs/PRD-模型缓存定价与缓存计量.md,4.7 精度规则,| token 计量 | integer | 精确计数 |,logic,P1,说明应满足：精确计数,源码路径+行号、对应运行测试或数据库/Redis/队列证据,表格单元格已拆为单一字段断言
REQ-CF-01990,core-finance,docs/PRD-模型缓存定价与缓存计量.md,4.7 精度规则,| 计算 / 扣费 / 流水输出 | toFixed(8) | 对齐现有 cost 列与全链路输出（settle 链路），**不引入额外舍入层** |,logic,P1,对象应满足：计算 / 扣费 / 流水输出,源码路径+行号、对应运行测试或数据库/Redis/队列证据,表格单元格已拆为单一字段断言
REQ-CF-01991,core-finance,docs/PRD-模型缓存定价与缓存计量.md,4.7 精度规则,| 计算 / 扣费 / 流水输出 | toFixed(8) | 对齐现有 cost 列与全链路输出（settle 链路），**不引入额外舍入层** |,logic,P1,精度应满足：toFixed(8),源码路径+行号、对应运行测试或数据库/Redis/队列证据,表格单元格已拆为单一字段断言
REQ-CF-01992,core-finance,docs/PRD-模型缓存定价与缓存计量.md,4.7 精度规则,| 计算 / 扣费 / 流水输出 | toFixed(8) | 对齐现有 cost 列与全链路输出（settle 链路），**不引入额外舍入层** |,logic,P1,说明应满足：对齐现有 cost 列与全链路输出（settle 链路），**不引入额外舍入层**,源码路径+行号、对应运行测试或数据库/Redis/队列证据,表格单元格已拆为单一字段断言
REQ-CF-01993,core-finance,docs/PRD-模型缓存定价与缓存计量.md,4.7 精度规则,| 前端展示 | toFixed(2) | 前端职责，不丢原始精度 |,logic,P1,对象应满足：前端展示,源码路径+行号、对应运行测试或数据库/Redis/队列证据,表格单元格已拆为单一字段断言
REQ-CF-01994,core-finance,docs/PRD-模型缓存定价与缓存计量.md,4.7 精度规则,| 前端展示 | toFixed(2) | 前端职责，不丢原始精度 |,logic,P1,精度应满足：toFixed(2),源码路径+行号、对应运行测试或数据库/Redis/队列证据,表格单元格已拆为单一字段断言
REQ-CF-01995,core-finance,docs/PRD-模型缓存定价与缓存计量.md,4.7 精度规则,| 前端展示 | toFixed(2) | 前端职责，不丢原始精度 |,logic,P1,说明应满足：前端职责，不丢原始精度,源码路径+行号、对应运行测试或数据库/Redis/队列证据,表格单元格已拆为单一字段断言
REQ-CF-01996,core-finance,docs/PRD-模型缓存定价与缓存计量.md,4.7 精度规则,| 批量消费精度 | 按每笔分别计算后汇总 | 沿用现有规则 |,logic,P1,对象应满足：批量消费精度,源码路径+行号、对应运行测试或数据库/Redis/队列证据,表格单元格已拆为单一字段断言
REQ-CF-01997,core-finance,docs/PRD-模型缓存定价与缓存计量.md,4.7 精度规则,| 批量消费精度 | 按每笔分别计算后汇总 | 沿用现有规则 |,logic,P1,精度应满足：按每笔分别计算后汇总,源码路径+行号、对应运行测试或数据库/Redis/队列证据,表格单元格已拆为单一字段断言
REQ-CF-01998,core-finance,docs/PRD-模型缓存定价与缓存计量.md,4.7 精度规则,| 批量消费精度 | 按每笔分别计算后汇总 | 沿用现有规则 |,logic,P1,说明应满足：沿用现有规则,源码路径+行号、对应运行测试或数据库/Redis/队列证据,表格单元格已拆为单一字段断言
REQ-CF-01999,core-finance,docs/PRD-模型缓存定价与缓存计量.md,4.7 精度规则,"精度口径已按 **D-1 定稿**：存储/计算 numeric(18,8) + 输出 toFixed(8) + 展示 toFixed(2)；同时修订 `ref-5.2 §3.1`（原""6 位""）与 `§8.2`（原""4 位""）三处不一致口径（见第 10.6 节）。",logic,P1,"精度口径已按 **D-1 定稿**：存储/计算 numeric(18,8) + 输出 toFixed(8) + 展示 toFixed(2)；同时修订 `ref-5.2 §3.1`（原""6 位""）与 `§8.2`（原""4 位""）三处不一致口径（见第 10.6 节）。",源码路径+行号、对应运行测试或数据库/Redis/队列证据,N/A：原审计记录未提供补充依据；待复核源码、测试及运行证据。
REQ-CF-02000,core-finance,docs/PRD-模型缓存定价与缓存计量.md,5. 字段定义,格式对齐 `data-dictionary.md`（字段 | 业务含义 | 约束/规则 | 关联/备注）。**业务语义为准**，物理列名/类型实现由 arch-agent / backend-agent 按 Drizzle schema 落地；字段命名遵循方案 doc。,field,P1,格式对齐 `data-dictionary.md`（字段 | 业务含义 | 约束/规则 | 关联/备注）。**业务语义为准**，物理列名/类型实现由 arch-agent / backend-agent 按 Drizzle schema 落地；字段命名遵循方案 doc。,源码路径+行号、对应运行测试或数据库/Redis/队列证据,N/A：原审计记录未提供补充依据；待复核源码、测试及运行证据。
REQ-CF-02001,core-finance,docs/PRD-模型缓存定价与缓存计量.md,5. 字段定义,所有新增字段**均可空、无默认值迁移**，存量数据无需迁移（第 10 节）。,field,P1,所有新增字段**均可空、无默认值迁移**，存量数据无需迁移（第 10 节）。,源码路径+行号、对应运行测试或数据库/Redis/队列证据,N/A：原审计记录未提供补充依据；待复核源码、测试及运行证据。
REQ-CF-02002,core-finance,docs/PRD-模型缓存定价与缓存计量.md,5. 字段定义,## 5. 字段定义,field,P1,**表名映射（方案/PRD 术语 ↔ 代码实际载体，评审 §3.1 裁定：双轨——正文保留方案术语以便追溯，标题与现状依据标注实际表名）**,源码路径+行号、对应运行测试或数据库/Redis/队列证据,N/A：原审计记录未提供补充依据；待复核源码、测试及运行证据。
REQ-CF-02003,core-finance,docs/PRD-模型缓存定价与缓存计量.md,5. 字段定义,> 格式对齐 `data-dictionary.md`（字段 | 业务含义 | 约束/规则 | 关联/备注）。**业务语义为准**，物理列名/类型实现由 arch-agent / backend-agent 按 Drizzle schema 落地；字段命名遵循方案 doc。,field,P1,方案 doc / PRD 术语应满足：`vendor_models`（L0 成本价）,源码路径+行号、对应运行测试或数据库/Redis/队列证据,表格单元格已拆为单一字段断言
REQ-CF-02004,core-finance,docs/PRD-模型缓存定价与缓存计量.md,5. 字段定义,## 5. 字段定义,field,P1,代码实际载体应满足：**`supplier_models`**,源码路径+行号、对应运行测试或数据库/Redis/队列证据,表格单元格已拆为单一字段断言
REQ-CF-02005,core-finance,docs/PRD-模型缓存定价与缓存计量.md,5. 字段定义,> 格式对齐 `data-dictionary.md`（字段 | 业务含义 | 约束/规则 | 关联/备注）。**业务语义为准**，物理列名/类型实现由 arch-agent / backend-agent 按 Drizzle schema 落地；字段命名遵循方案 doc。,field,P1,差异事实应满足：表名不同；现有 input/output_price 为 varchar(30)，L0 成本列整体未落地,源码路径+行号、对应运行测试或数据库/Redis/队列证据,表格单元格已拆为单一字段断言
REQ-CF-02006,core-finance,docs/PRD-模型缓存定价与缓存计量.md,5. 字段定义,## 5. 字段定义,field,P1,处置应满足：标题标注 + 现状依据修正（§2.1）,源码路径+行号、对应运行测试或数据库/Redis/队列证据,表格单元格已拆为单一字段断言
REQ-CF-02007,core-finance,docs/PRD-模型缓存定价与缓存计量.md,5. 字段定义,> 格式对齐 `data-dictionary.md`（字段 | 业务含义 | 约束/规则 | 关联/备注）。**业务语义为准**，物理列名/类型实现由 arch-agent / backend-agent 按 Drizzle schema 落地；字段命名遵循方案 doc。,field,P1,方案 doc / PRD 术语应满足：`models`（L2 覆盖价）,源码路径+行号、对应运行测试或数据库/Redis/队列证据,表格单元格已拆为单一字段断言
REQ-CF-02008,core-finance,docs/PRD-模型缓存定价与缓存计量.md,5. 字段定义,> 格式对齐 `data-dictionary.md`（字段 | 业务含义 | 约束/规则 | 关联/备注）。**业务语义为准**，物理列名/类型实现由 arch-agent / backend-agent 按 Drizzle schema 落地；字段命名遵循方案 doc。,field,P1,代码实际载体应满足：**无此表**；L2 语义 = `vendor_pricing(pricing_group='default')` 记录,源码路径+行号、对应运行测试或数据库/Redis/队列证据,表格单元格已拆为单一字段断言
REQ-CF-02009,core-finance,docs/PRD-模型缓存定价与缓存计量.md,5. 字段定义,## 5. 字段定义,field,P1,差异事实应满足：`queryDefaultPricing` 即 L2 载体,源码路径+行号、对应运行测试或数据库/Redis/队列证据,表格单元格已拆为单一字段断言
REQ-CF-02010,core-finance,docs/PRD-模型缓存定价与缓存计量.md,5. 字段定义,## 5. 字段定义,field,P0,处置应满足：P0 不建 models 列；级 2 承载 L2 语义（§4.2 D-10）,源码路径+行号、对应运行测试或数据库/Redis/队列证据,表格单元格已拆为单一字段断言
REQ-CF-02011,core-finance,docs/PRD-模型缓存定价与缓存计量.md,5. 字段定义,> 格式对齐 `data-dictionary.md`（字段 | 业务含义 | 约束/规则 | 关联/备注）。**业务语义为准**，物理列名/类型实现由 arch-agent / backend-agent 按 Drizzle schema 落地；字段命名遵循方案 doc。,field,P1,方案 doc / PRD 术语应满足：`call_logs`（调用计量审计）,源码路径+行号、对应运行测试或数据库/Redis/队列证据,表格单元格已拆为单一字段断言
REQ-CF-02012,core-finance,docs/PRD-模型缓存定价与缓存计量.md,5. 字段定义,> 格式对齐 `data-dictionary.md`（字段 | 业务含义 | 约束/规则 | 关联/备注）。**业务语义为准**，物理列名/类型实现由 arch-agent / backend-agent 按 Drizzle schema 落地；字段命名遵循方案 doc。,field,P1,代码实际载体应满足：**`consumption_records`**（按月 RANGE 分区，复合主键）,源码路径+行号、对应运行测试或数据库/Redis/队列证据,表格单元格已拆为单一字段断言
REQ-CF-02013,core-finance,docs/PRD-模型缓存定价与缓存计量.md,5. 字段定义,> 格式对齐 `data-dictionary.md`（字段 | 业务含义 | 约束/规则 | 关联/备注）。**业务语义为准**，物理列名/类型实现由 arch-agent / backend-agent 按 Drizzle schema 落地；字段命名遵循方案 doc。,field,P0,差异事实应满足：唯一消费/审计表；已含 cache_hit_tokens/cache_discount,源码路径+行号、对应运行测试或数据库/Redis/队列证据,表格单元格已拆为单一字段断言
REQ-CF-02014,core-finance,docs/PRD-模型缓存定价与缓存计量.md,5. 字段定义,## 5. 字段定义,field,P1,处置应满足：标题标注 + 落库归属（§5.4 D-8）,源码路径+行号、对应运行测试或数据库/Redis/队列证据,表格单元格已拆为单一字段断言
REQ-CF-02015,core-finance,docs/PRD-模型缓存定价与缓存计量.md,5. 字段定义,> 格式对齐 `data-dictionary.md`（字段 | 业务含义 | 约束/规则 | 关联/备注）。**业务语义为准**，物理列名/类型实现由 arch-agent / backend-agent 按 Drizzle schema 落地；字段命名遵循方案 doc。,field,P1,方案 doc / PRD 术语应满足：`billing_logs`（定价快照）,源码路径+行号、对应运行测试或数据库/Redis/队列证据,表格单元格已拆为单一字段断言
REQ-CF-02016,core-finance,docs/PRD-模型缓存定价与缓存计量.md,5. 字段定义,## 5. 字段定义,field,P1,代码实际载体应满足：**不存在**,源码路径+行号、对应运行测试或数据库/Redis/队列证据,表格单元格已拆为单一字段断言
REQ-CF-02017,core-finance,docs/PRD-模型缓存定价与缓存计量.md,5. 字段定义,## 5. 字段定义,field,P1,差异事实应满足：ref-5.2 DDL 未实现,源码路径+行号、对应运行测试或数据库/Redis/队列证据,表格单元格已拆为单一字段断言
REQ-CF-02018,core-finance,docs/PRD-模型缓存定价与缓存计量.md,5. 字段定义,> 格式对齐 `data-dictionary.md`（字段 | 业务含义 | 约束/规则 | 关联/备注）。**业务语义为准**，物理列名/类型实现由 arch-agent / backend-agent 按 Drizzle schema 落地；字段命名遵循方案 doc。,field,P1,处置应满足：快照 2 列并入 consumption_records（§5.5 D-8）,源码路径+行号、对应运行测试或数据库/Redis/队列证据,表格单元格已拆为单一字段断言
REQ-CF-02019,core-finance,docs/PRD-模型缓存定价与缓存计量.md,5. 字段定义,> 格式对齐 `data-dictionary.md`（字段 | 业务含义 | 约束/规则 | 关联/备注）。**业务语义为准**，物理列名/类型实现由 arch-agent / backend-agent 按 Drizzle schema 落地；字段命名遵循方案 doc。,field,P1,方案 doc / PRD 术语应满足：`vendor_pricing`（L1 标准价）,源码路径+行号、对应运行测试或数据库/Redis/队列证据,表格单元格已拆为单一字段断言
REQ-CF-02020,core-finance,docs/PRD-模型缓存定价与缓存计量.md,5. 字段定义,> 格式对齐 `data-dictionary.md`（字段 | 业务含义 | 约束/规则 | 关联/备注）。**业务语义为准**，物理列名/类型实现由 arch-agent / backend-agent 按 Drizzle schema 落地；字段命名遵循方案 doc。,field,P1,代码实际载体应满足：`vendor_pricing`,源码路径+行号、对应运行测试或数据库/Redis/队列证据,表格单元格已拆为单一字段断言
REQ-CF-02021,core-finance,docs/PRD-模型缓存定价与缓存计量.md,5. 字段定义,## 5. 字段定义,field,P1,差异事实应满足：表名一致,源码路径+行号、对应运行测试或数据库/Redis/队列证据,表格单元格已拆为单一字段断言
REQ-CF-02022,core-finance,docs/PRD-模型缓存定价与缓存计量.md,5. 字段定义,## 5. 字段定义,field,P1,处置应满足：无差异,源码路径+行号、对应运行测试或数据库/Redis/队列证据,表格单元格已拆为单一字段断言
REQ-CF-02023,core-finance,docs/PRD-模型缓存定价与缓存计量.md,5.1 `supplier_models`（方案术语 `vendor_models`，渠道模型映射，L0 缓存成本价）,"| `cost_cache_read_input_price` | 缓存读取成本价（¥/1K） | numeric(18,6)，可空 | 渠道同步引擎从上游价格页抓取/映射填充；无法获取时置空 |",field,P1,字段应满足：`cost_cache_read_input_price`,源码路径+行号、对应运行测试或数据库/Redis/队列证据,表格单元格已拆为单一字段断言
REQ-CF-02024,core-finance,docs/PRD-模型缓存定价与缓存计量.md,5.1 `supplier_models`（方案术语 `vendor_models`，渠道模型映射，L0 缓存成本价）,"| `cost_cache_read_input_price` | 缓存读取成本价（¥/1K） | numeric(18,6)，可空 | 渠道同步引擎从上游价格页抓取/映射填充；无法获取时置空 |",logic,P1,业务含义应满足：缓存读取成本价（¥/1K）,源码路径+行号、对应运行测试或数据库/Redis/队列证据,表格单元格已拆为单一字段断言
REQ-CF-02025,core-finance,docs/PRD-模型缓存定价与缓存计量.md,5.1 `supplier_models`（方案术语 `vendor_models`，渠道模型映射，L0 缓存成本价）,"| `cost_cache_read_input_price` | 缓存读取成本价（¥/1K） | numeric(18,6)，可空 | 渠道同步引擎从上游价格页抓取/映射填充；无法获取时置空 |",logic,P1,"约束/规则应满足：numeric(18,6)，可空",源码路径+行号、对应运行测试或数据库/Redis/队列证据,表格单元格已拆为单一字段断言
REQ-CF-02026,core-finance,docs/PRD-模型缓存定价与缓存计量.md,5.1 `supplier_models`（方案术语 `vendor_models`，渠道模型映射，L0 缓存成本价）,"| `cost_cache_read_input_price` | 缓存读取成本价（¥/1K） | numeric(18,6)，可空 | 渠道同步引擎从上游价格页抓取/映射填充；无法获取时置空 |",logic,P1,关联/备注应满足：渠道同步引擎从上游价格页抓取/映射填充；无法获取时置空,源码路径+行号、对应运行测试或数据库/Redis/队列证据,表格单元格已拆为单一字段断言
REQ-CF-02027,core-finance,docs/PRD-模型缓存定价与缓存计量.md,5.1 `supplier_models`（方案术语 `vendor_models`，渠道模型映射，L0 缓存成本价）,"| `cost_cache_write_input_price` | 缓存写入成本价（¥/1K） | numeric(18,6)，可空 | 仅 Anthropic 系模型通常需要；无法获取时置空 |",field,P1,字段应满足：`cost_cache_write_input_price`,源码路径+行号、对应运行测试或数据库/Redis/队列证据,表格单元格已拆为单一字段断言
REQ-CF-02028,core-finance,docs/PRD-模型缓存定价与缓存计量.md,5.1 `supplier_models`（方案术语 `vendor_models`，渠道模型映射，L0 缓存成本价）,"| `cost_cache_write_input_price` | 缓存写入成本价（¥/1K） | numeric(18,6)，可空 | 仅 Anthropic 系模型通常需要；无法获取时置空 |",logic,P1,业务含义应满足：缓存写入成本价（¥/1K）,源码路径+行号、对应运行测试或数据库/Redis/队列证据,表格单元格已拆为单一字段断言
REQ-CF-02030,core-finance,docs/PRD-模型缓存定价与缓存计量.md,5.1 `supplier_models`（方案术语 `vendor_models`，渠道模型映射，L0 缓存成本价）,"| `cost_cache_write_input_price` | 缓存写入成本价（¥/1K） | numeric(18,6)，可空 | 仅 Anthropic 系模型通常需要；无法获取时置空 |",logic,P1,关联/备注应满足：仅 Anthropic 系模型通常需要；无法获取时置空,源码路径+行号、对应运行测试或数据库/Redis/队列证据,表格单元格已拆为单一字段断言
REQ-CF-02031,core-finance,docs/PRD-模型缓存定价与缓存计量.md,5.2 `vendor_pricing`（渠道售价，L1 标准价）,"| `cache_read_input_price` | 缓存读取售价（¥/1K） | numeric(18,6)，可空；≥0 | 价格管理页录入（F10） |",field,P1,字段应满足：`cache_read_input_price`,源码路径+行号、对应运行测试或数据库/Redis/队列证据,表格单元格已拆为单一字段断言
REQ-CF-02032,core-finance,docs/PRD-模型缓存定价与缓存计量.md,5.2 `vendor_pricing`（渠道售价，L1 标准价）,"| `cache_read_input_price` | 缓存读取售价（¥/1K） | numeric(18,6)，可空；≥0 | 价格管理页录入（F10） |",logic,P1,业务含义应满足：缓存读取售价（¥/1K）,源码路径+行号、对应运行测试或数据库/Redis/队列证据,表格单元格已拆为单一字段断言
REQ-CF-02033,core-finance,docs/PRD-模型缓存定价与缓存计量.md,5.2 `vendor_pricing`（渠道售价，L1 标准价）,"| `cache_read_input_price` | 缓存读取售价（¥/1K） | numeric(18,6)，可空；≥0 | 价格管理页录入（F10） |",logic,P1,"约束/规则应满足：numeric(18,6)，可空；≥0",源码路径+行号、对应运行测试或数据库/Redis/队列证据,表格单元格已拆为单一字段断言
REQ-CF-02034,core-finance,docs/PRD-模型缓存定价与缓存计量.md,5.2 `vendor_pricing`（渠道售价，L1 标准价）,"| `cache_read_input_price` | 缓存读取售价（¥/1K） | numeric(18,6)，可空；≥0 | 价格管理页录入（F10） |",logic,P1,关联/备注应满足：价格管理页录入（F10）,源码路径+行号、对应运行测试或数据库/Redis/队列证据,表格单元格已拆为单一字段断言
REQ-CF-02035,core-finance,docs/PRD-模型缓存定价与缓存计量.md,5.2 `vendor_pricing`（渠道售价，L1 标准价）,"| `cache_write_input_price` | 缓存写入售价（¥/1K） | numeric(18,6)，可空；≥0 | 仅 Anthropic 系模型通常需要 |",field,P1,字段应满足：`cache_write_input_price`,源码路径+行号、对应运行测试或数据库/Redis/队列证据,表格单元格已拆为单一字段断言
REQ-CF-02036,core-finance,docs/PRD-模型缓存定价与缓存计量.md,5.2 `vendor_pricing`（渠道售价，L1 标准价）,"| `cache_write_input_price` | 缓存写入售价（¥/1K） | numeric(18,6)，可空；≥0 | 仅 Anthropic 系模型通常需要 |",logic,P1,业务含义应满足：缓存写入售价（¥/1K）,源码路径+行号、对应运行测试或数据库/Redis/队列证据,表格单元格已拆为单一字段断言
REQ-CF-02038,core-finance,docs/PRD-模型缓存定价与缓存计量.md,5.2 `vendor_pricing`（渠道售价，L1 标准价）,"| `cache_write_input_price` | 缓存写入售价（¥/1K） | numeric(18,6)，可空；≥0 | 仅 Anthropic 系模型通常需要 |",logic,P1,关联/备注应满足：仅 Anthropic 系模型通常需要,源码路径+行号、对应运行测试或数据库/Redis/队列证据,表格单元格已拆为单一字段断言
REQ-CF-02039,core-finance,docs/PRD-模型缓存定价与缓存计量.md,5.2 `vendor_pricing`（渠道售价，L1 标准价）,"| `cache_discount_rate` | 缓存命中折扣率 | varchar(10)，0-1，可空 | **语义降级**：由""计费依据""降为""兼容/快捷配置 + 展示反推""（第 4.2 节级 3） |",field,P1,字段应满足：`cache_discount_rate`,源码路径+行号、对应运行测试或数据库/Redis/队列证据,表格单元格已拆为单一字段断言
REQ-CF-02040,core-finance,docs/PRD-模型缓存定价与缓存计量.md,5.2 `vendor_pricing`（渠道售价，L1 标准价）,"| `cache_discount_rate` | 缓存命中折扣率 | varchar(10)，0-1，可空 | **语义降级**：由""计费依据""降为""兼容/快捷配置 + 展示反推""（第 4.2 节级 3） |",logic,P1,业务含义应满足：缓存命中折扣率,源码路径+行号、对应运行测试或数据库/Redis/队列证据,表格单元格已拆为单一字段断言
REQ-CF-02041,core-finance,docs/PRD-模型缓存定价与缓存计量.md,5.2 `vendor_pricing`（渠道售价，L1 标准价）,"| `cache_discount_rate` | 缓存命中折扣率 | varchar(10)，0-1，可空 | **语义降级**：由""计费依据""降为""兼容/快捷配置 + 展示反推""（第 4.2 节级 3） |",logic,P1,约束/规则应满足：varchar(10)，0-1，可空,源码路径+行号、对应运行测试或数据库/Redis/队列证据,表格单元格已拆为单一字段断言
REQ-CF-02042,core-finance,docs/PRD-模型缓存定价与缓存计量.md,5.2 `vendor_pricing`（渠道售价，L1 标准价）,"| `cache_discount_rate` | 缓存命中折扣率 | varchar(10)，0-1，可空 | **语义降级**：由""计费依据""降为""兼容/快捷配置 + 展示反推""（第 4.2 节级 3） |",logic,P1,"关联/备注应满足：**语义降级**：由""计费依据""降为""兼容/快捷配置 + 展示反推""（第 4.2 节级 3）",源码路径+行号、对应运行测试或数据库/Redis/队列证据,表格单元格已拆为单一字段断言
REQ-CF-02043,core-finance,docs/PRD-模型缓存定价与缓存计量.md,5.3 `models`（**表不存在，P0 不落地**；L2 覆盖价语义 = `vendor_pricing(pricing_group='default')`，见 §4.2 D-10）,"本表保留字段定义作**未来参考**（方案原文""可选增强""）；本期不新增 models 表/列。需要逐模型配置显式缓存价的，配置在 `vendor_pricing` default 组即可（级 2 直接命中，天然承载 L2 覆盖语义，避免双载体并存）。",field,P0,"本表保留字段定义作**未来参考**（方案原文""可选增强""）；本期不新增 models 表/列。需要逐模型配置显式缓存价的，配置在 `vendor_pricing` default 组即可（级 2 直接命中，天然承载 L2 覆盖语义，避免双载体并存）。",源码路径+行号、对应运行测试或数据库/Redis/队列证据,N/A：原审计记录未提供补充依据；待复核源码、测试及运行证据。
REQ-CF-02044,core-finance,docs/PRD-模型缓存定价与缓存计量.md,5.3 `models`（**表不存在，P0 不落地**；L2 覆盖价语义 = `vendor_pricing(pricing_group='default')`，见 §4.2 D-10）,"| `override_cache_read_input_price` | 缓存读取覆盖价（¥/1K） | numeric(18,6)，可空；≥0 | 未来参考；本期不落地（D-10） |",field,P0,字段应满足：`override_cache_read_input_price`,源码路径+行号、对应运行测试或数据库/Redis/队列证据,表格单元格已拆为单一字段断言
REQ-CF-02045,core-finance,docs/PRD-模型缓存定价与缓存计量.md,5.3 `models`（**表不存在，P0 不落地**；L2 覆盖价语义 = `vendor_pricing(pricing_group='default')`，见 §4.2 D-10）,"| `override_cache_read_input_price` | 缓存读取覆盖价（¥/1K） | numeric(18,6)，可空；≥0 | 未来参考；本期不落地（D-10） |",logic,P0,业务含义应满足：缓存读取覆盖价（¥/1K）,源码路径+行号、对应运行测试或数据库/Redis/队列证据,表格单元格已拆为单一字段断言
REQ-CF-02046,core-finance,docs/PRD-模型缓存定价与缓存计量.md,5.3 `models`（**表不存在，P0 不落地**；L2 覆盖价语义 = `vendor_pricing(pricing_group='default')`，见 §4.2 D-10）,"| `override_cache_read_input_price` | 缓存读取覆盖价（¥/1K） | numeric(18,6)，可空；≥0 | 未来参考；本期不落地（D-10） |",logic,P0,"约束/规则应满足：numeric(18,6)，可空；≥0",源码路径+行号、对应运行测试或数据库/Redis/队列证据,表格单元格已拆为单一字段断言
REQ-CF-02047,core-finance,docs/PRD-模型缓存定价与缓存计量.md,5.3 `models`（**表不存在，P0 不落地**；L2 覆盖价语义 = `vendor_pricing(pricing_group='default')`，见 §4.2 D-10）,"| `override_cache_read_input_price` | 缓存读取覆盖价（¥/1K） | numeric(18,6)，可空；≥0 | 未来参考；本期不落地（D-10） |",logic,P0,关联/备注应满足：未来参考；本期不落地（D-10）,源码路径+行号、对应运行测试或数据库/Redis/队列证据,表格单元格已拆为单一字段断言
REQ-CF-02048,core-finance,docs/PRD-模型缓存定价与缓存计量.md,5.3 `models`（**表不存在，P0 不落地**；L2 覆盖价语义 = `vendor_pricing(pricing_group='default')`，见 §4.2 D-10）,"| `override_cache_write_input_price` | 缓存写入覆盖价（¥/1K） | numeric(18,6)，可空；≥0 | 未来参考；本期不落地（D-10） |",field,P0,字段应满足：`override_cache_write_input_price`,源码路径+行号、对应运行测试或数据库/Redis/队列证据,表格单元格已拆为单一字段断言
REQ-CF-02049,core-finance,docs/PRD-模型缓存定价与缓存计量.md,5.3 `models`（**表不存在，P0 不落地**；L2 覆盖价语义 = `vendor_pricing(pricing_group='default')`，见 §4.2 D-10）,"| `override_cache_write_input_price` | 缓存写入覆盖价（¥/1K） | numeric(18,6)，可空；≥0 | 未来参考；本期不落地（D-10） |",logic,P0,业务含义应满足：缓存写入覆盖价（¥/1K）,源码路径+行号、对应运行测试或数据库/Redis/队列证据,表格单元格已拆为单一字段断言
REQ-CF-02052,core-finance,docs/PRD-模型缓存定价与缓存计量.md,5.4 `consumption_records`（方案术语 `call_logs`，调用计量审计，按月 RANGE 分区）,落库归属（**D-8 定稿**）：`consumption_records` 是唯一消费/审计表，计费事实源与全部缓存审计/快照列**同表落库**（一条消费记录 = 计量 + 计费金额 + 定价快照全量可审计）；`billing_logs` 不建表；对话留痕表镜像缓存字段为 **P2 可选，本期非必选**。,field,P2,落库归属（**D-8 定稿**）：`consumption_records` 是唯一消费/审计表，计费事实源与全部缓存审计/快照列**同表落库**（一条消费记录 = 计量 + 计费金额 + 定价快照全量可审计）；`billing_logs` 不建表；对话留痕表镜像缓存字段为 **P2 可选，本期非必选**。,源码路径+行号、对应运行测试或数据库/Redis/队列证据,N/A：原审计记录未提供补充依据；待复核源码、测试及运行证据。
REQ-CF-02053,core-finance,docs/PRD-模型缓存定价与缓存计量.md,5.4 `consumption_records`（方案术语 `call_logs`，调用计量审计，按月 RANGE 分区）,| `cache_hit_tokens`（已有） | 缓存命中（读取）token 数 | integer，可空 | 上游 usage 返回缓存字段时才有值 |,field,P1,字段应满足：`cache_hit_tokens`（已有）,源码路径+行号、对应运行测试或数据库/Redis/队列证据,表格单元格已拆为单一字段断言
REQ-CF-02054,core-finance,docs/PRD-模型缓存定价与缓存计量.md,5.4 `consumption_records`（方案术语 `call_logs`，调用计量审计，按月 RANGE 分区）,| `cache_hit_tokens`（已有） | 缓存命中（读取）token 数 | integer，可空 | 上游 usage 返回缓存字段时才有值 |,logic,P1,业务含义应满足：缓存命中（读取）token 数,源码路径+行号、对应运行测试或数据库/Redis/队列证据,表格单元格已拆为单一字段断言
REQ-CF-02055,core-finance,docs/PRD-模型缓存定价与缓存计量.md,5.4 `consumption_records`（方案术语 `call_logs`，调用计量审计，按月 RANGE 分区）,| `cache_hit_tokens`（已有） | 缓存命中（读取）token 数 | integer，可空 | 上游 usage 返回缓存字段时才有值 |,audit,P1,约束/规则应满足：integer，可空,源码路径+行号、对应运行测试或数据库/Redis/队列证据,表格单元格已拆为单一字段断言
REQ-CF-02056,core-finance,docs/PRD-模型缓存定价与缓存计量.md,5.4 `consumption_records`（方案术语 `call_logs`，调用计量审计，按月 RANGE 分区）,| `cache_hit_tokens`（已有） | 缓存命中（读取）token 数 | integer，可空 | 上游 usage 返回缓存字段时才有值 |,field,P1,关联/备注应满足：上游 usage 返回缓存字段时才有值,源码路径+行号、对应运行测试或数据库/Redis/队列证据,表格单元格已拆为单一字段断言
REQ-CF-02057,core-finance,docs/PRD-模型缓存定价与缓存计量.md,5.4 `consumption_records`（方案术语 `call_logs`，调用计量审计，按月 RANGE 分区）,"| `cache_discount`（已有） | 缓存计费差异（全价口径 − 实际口径，¥） | numeric(18,8)，可空，**可为负**（负 = 缓存写入溢价，写入价 > 输入价时） | 计费审计；账单/统计""节省金额""数据源（正为节省、负为溢价） |",field,P1,字段应满足：`cache_discount`（已有）,源码路径+行号、对应运行测试或数据库/Redis/队列证据,表格单元格已拆为单一字段断言
REQ-CF-02058,core-finance,docs/PRD-模型缓存定价与缓存计量.md,5.4 `consumption_records`（方案术语 `call_logs`，调用计量审计，按月 RANGE 分区）,"| `cache_discount`（已有） | 缓存计费差异（全价口径 − 实际口径，¥） | numeric(18,8)，可空，**可为负**（负 = 缓存写入溢价，写入价 > 输入价时） | 计费审计；账单/统计""节省金额""数据源（正为节省、负为溢价） |",logic,P1,业务含义应满足：缓存计费差异（全价口径 − 实际口径，¥）,源码路径+行号、对应运行测试或数据库/Redis/队列证据,表格单元格已拆为单一字段断言
REQ-CF-02059,core-finance,docs/PRD-模型缓存定价与缓存计量.md,5.4 `consumption_records`（方案术语 `call_logs`，调用计量审计，按月 RANGE 分区）,"| `cache_discount`（已有） | 缓存计费差异（全价口径 − 实际口径，¥） | numeric(18,8)，可空，**可为负**（负 = 缓存写入溢价，写入价 > 输入价时） | 计费审计；账单/统计""节省金额""数据源（正为节省、负为溢价） |",logic,P1,"约束/规则应满足：numeric(18,8)，可空，**可为负**（负 = 缓存写入溢价，写入价 > 输入价时）",源码路径+行号、对应运行测试或数据库/Redis/队列证据,表格单元格已拆为单一字段断言
REQ-CF-02060,core-finance,docs/PRD-模型缓存定价与缓存计量.md,5.4 `consumption_records`（方案术语 `call_logs`，调用计量审计，按月 RANGE 分区）,"| `cache_discount`（已有） | 缓存计费差异（全价口径 − 实际口径，¥） | numeric(18,8)，可空，**可为负**（负 = 缓存写入溢价，写入价 > 输入价时） | 计费审计；账单/统计""节省金额""数据源（正为节省、负为溢价） |",audit,P1,"关联/备注应满足：计费审计；账单/统计""节省金额""数据源（正为节省、负为溢价）",源码路径+行号、对应运行测试或数据库/Redis/队列证据,表格单元格已拆为单一字段断言
REQ-CF-02061,core-finance,docs/PRD-模型缓存定价与缓存计量.md,5.4 `consumption_records`（方案术语 `call_logs`，调用计量审计，按月 RANGE 分区）,| `cache_write_tokens`（新增） | 缓存写入 token 数 | integer，可空 | Anthropic `cache_creation_input_tokens` 归一化结果 |,field,P1,字段应满足：`cache_write_tokens`（新增）,源码路径+行号、对应运行测试或数据库/Redis/队列证据,表格单元格已拆为单一字段断言
REQ-CF-02062,core-finance,docs/PRD-模型缓存定价与缓存计量.md,5.4 `consumption_records`（方案术语 `call_logs`，调用计量审计，按月 RANGE 分区）,| `cache_write_tokens`（新增） | 缓存写入 token 数 | integer，可空 | Anthropic `cache_creation_input_tokens` 归一化结果 |,logic,P1,业务含义应满足：缓存写入 token 数,源码路径+行号、对应运行测试或数据库/Redis/队列证据,表格单元格已拆为单一字段断言
REQ-CF-02064,core-finance,docs/PRD-模型缓存定价与缓存计量.md,5.4 `consumption_records`（方案术语 `call_logs`，调用计量审计，按月 RANGE 分区）,| `cache_write_tokens`（新增） | 缓存写入 token 数 | integer，可空 | Anthropic `cache_creation_input_tokens` 归一化结果 |,audit,P1,关联/备注应满足：Anthropic `cache_creation_input_tokens` 归一化结果,源码路径+行号、对应运行测试或数据库/Redis/队列证据,表格单元格已拆为单一字段断言
REQ-CF-02065,core-finance,docs/PRD-模型缓存定价与缓存计量.md,5.4 `consumption_records`（方案术语 `call_logs`，调用计量审计，按月 RANGE 分区）,"| `cache_hit_cost`（新增） | 缓存读取计费金额（¥） | numeric(18,8)，可空 | = cacheReadTokens × cacheReadPrice |",field,P1,字段应满足：`cache_hit_cost`（新增）,源码路径+行号、对应运行测试或数据库/Redis/队列证据,表格单元格已拆为单一字段断言
REQ-CF-02066,core-finance,docs/PRD-模型缓存定价与缓存计量.md,5.4 `consumption_records`（方案术语 `call_logs`，调用计量审计，按月 RANGE 分区）,"| `cache_hit_cost`（新增） | 缓存读取计费金额（¥） | numeric(18,8)，可空 | = cacheReadTokens × cacheReadPrice |",logic,P1,业务含义应满足：缓存读取计费金额（¥）,源码路径+行号、对应运行测试或数据库/Redis/队列证据,表格单元格已拆为单一字段断言
REQ-CF-02067,core-finance,docs/PRD-模型缓存定价与缓存计量.md,5.4 `consumption_records`（方案术语 `call_logs`，调用计量审计，按月 RANGE 分区）,"| `cache_discount`（已有） | 缓存计费差异（全价口径 − 实际口径，¥） | numeric(18,8)，可空，**可为负**（负 = 缓存写入溢价，写入价 > 输入价时） | 计费审计；账单/统计""节省金额""数据源（正为节省、负为溢价） |",audit,P1,"约束/规则应满足：numeric(18,8)，可空",源码路径+行号、对应运行测试或数据库/Redis/队列证据,表格单元格已拆为单一字段断言
REQ-CF-02068,core-finance,docs/PRD-模型缓存定价与缓存计量.md,5.4 `consumption_records`（方案术语 `call_logs`，调用计量审计，按月 RANGE 分区）,"| `cache_hit_cost`（新增） | 缓存读取计费金额（¥） | numeric(18,8)，可空 | = cacheReadTokens × cacheReadPrice |",audit,P1,关联/备注应满足：= cacheReadTokens × cacheReadPrice,源码路径+行号、对应运行测试或数据库/Redis/队列证据,表格单元格已拆为单一字段断言
REQ-CF-02069,core-finance,docs/PRD-模型缓存定价与缓存计量.md,5.4 `consumption_records`（方案术语 `call_logs`，调用计量审计，按月 RANGE 分区）,"| `cache_write_cost`（新增） | 缓存写入计费金额（¥） | numeric(18,8)，可空 | = cacheWriteTokens × cacheWritePrice |",field,P1,字段应满足：`cache_write_cost`（新增）,源码路径+行号、对应运行测试或数据库/Redis/队列证据,表格单元格已拆为单一字段断言
REQ-CF-02070,core-finance,docs/PRD-模型缓存定价与缓存计量.md,5.4 `consumption_records`（方案术语 `call_logs`，调用计量审计，按月 RANGE 分区）,"| `cache_write_cost`（新增） | 缓存写入计费金额（¥） | numeric(18,8)，可空 | = cacheWriteTokens × cacheWritePrice |",logic,P1,业务含义应满足：缓存写入计费金额（¥）,源码路径+行号、对应运行测试或数据库/Redis/队列证据,表格单元格已拆为单一字段断言
REQ-CF-02072,core-finance,docs/PRD-模型缓存定价与缓存计量.md,5.4 `consumption_records`（方案术语 `call_logs`，调用计量审计，按月 RANGE 分区）,"| `cache_write_cost`（新增） | 缓存写入计费金额（¥） | numeric(18,8)，可空 | = cacheWriteTokens × cacheWritePrice |",audit,P1,关联/备注应满足：= cacheWriteTokens × cacheWritePrice,源码路径+行号、对应运行测试或数据库/Redis/队列证据,表格单元格已拆为单一字段断言
REQ-CF-02073,core-finance,docs/PRD-模型缓存定价与缓存计量.md,5.5 定价快照——并入 `consumption_records`（方案术语 `billing_logs` 不建表）,快照 2 列与 §5.4 审计 3 列（共 5 新列）**同表落库**（D-8）；分区表 ALTER 父表自动级联子表（PG 原生），0031 一次 ALTER 完成，新列全可空无 default → 即时执行不阻塞读写。,db,P1,快照 2 列与 §5.4 审计 3 列（共 5 新列）**同表落库**（D-8）；分区表 ALTER 父表自动级联子表（PG 原生），0031 一次 ALTER 完成，新列全可空无 default → 即时执行不阻塞读写。,源码路径+行号、对应运行测试或数据库/Redis/队列证据,N/A：原审计记录未提供补充依据；待复核源码、测试及运行证据。
REQ-CF-02074,core-finance,docs/PRD-模型缓存定价与缓存计量.md,5.5 定价快照——并入 `consumption_records`（方案术语 `billing_logs` 不建表）,"| `cache_read_input_price`（新增） | 本次调用实际采用的缓存读取单价快照（¥/1K） | numeric(18,6)，可空 | 含 P0 4 级解析（级 1 缺省）命中来源对应的最终值 |",field,P1,字段应满足：`cache_read_input_price`（新增）,源码路径+行号、对应运行测试或数据库/Redis/队列证据,表格单元格已拆为单一字段断言
REQ-CF-02075,core-finance,docs/PRD-模型缓存定价与缓存计量.md,5.5 定价快照——并入 `consumption_records`（方案术语 `billing_logs` 不建表）,"| `cache_read_input_price`（新增） | 本次调用实际采用的缓存读取单价快照（¥/1K） | numeric(18,6)，可空 | 含 P0 4 级解析（级 1 缺省）命中来源对应的最终值 |",logic,P1,业务含义应满足：本次调用实际采用的缓存读取单价快照（¥/1K）,源码路径+行号、对应运行测试或数据库/Redis/队列证据,表格单元格已拆为单一字段断言
REQ-CF-02076,core-finance,docs/PRD-模型缓存定价与缓存计量.md,5.5 定价快照——并入 `consumption_records`（方案术语 `billing_logs` 不建表）,"| `cache_read_input_price`（新增） | 本次调用实际采用的缓存读取单价快照（¥/1K） | numeric(18,6)，可空 | 含 P0 4 级解析（级 1 缺省）命中来源对应的最终值 |",logic,P1,"约束/规则应满足：numeric(18,6)，可空",源码路径+行号、对应运行测试或数据库/Redis/队列证据,表格单元格已拆为单一字段断言
REQ-CF-02077,core-finance,docs/PRD-模型缓存定价与缓存计量.md,5.5 定价快照——并入 `consumption_records`（方案术语 `billing_logs` 不建表）,"| `cache_read_input_price`（新增） | 本次调用实际采用的缓存读取单价快照（¥/1K） | numeric(18,6)，可空 | 含 P0 4 级解析（级 1 缺省）命中来源对应的最终值 |",logic,P0,关联/备注应满足：含 P0 4 级解析（级 1 缺省）命中来源对应的最终值,源码路径+行号、对应运行测试或数据库/Redis/队列证据,表格单元格已拆为单一字段断言
REQ-CF-02078,core-finance,docs/PRD-模型缓存定价与缓存计量.md,5.5 定价快照——并入 `consumption_records`（方案术语 `billing_logs` 不建表）,"| `cache_write_input_price`（新增） | 本次调用实际采用的缓存写入单价快照（¥/1K） | numeric(18,6)，可空 | 未配置写入价时为生效输入价（全价口径） |",field,P1,字段应满足：`cache_write_input_price`（新增）,源码路径+行号、对应运行测试或数据库/Redis/队列证据,表格单元格已拆为单一字段断言
REQ-CF-02079,core-finance,docs/PRD-模型缓存定价与缓存计量.md,5.5 定价快照——并入 `consumption_records`（方案术语 `billing_logs` 不建表）,"| `cache_write_input_price`（新增） | 本次调用实际采用的缓存写入单价快照（¥/1K） | numeric(18,6)，可空 | 未配置写入价时为生效输入价（全价口径） |",logic,P1,业务含义应满足：本次调用实际采用的缓存写入单价快照（¥/1K）,源码路径+行号、对应运行测试或数据库/Redis/队列证据,表格单元格已拆为单一字段断言
REQ-CF-02081,core-finance,docs/PRD-模型缓存定价与缓存计量.md,5.5 定价快照——并入 `consumption_records`（方案术语 `billing_logs` 不建表）,"| `cache_write_input_price`（新增） | 本次调用实际采用的缓存写入单价快照（¥/1K） | numeric(18,6)，可空 | 未配置写入价时为生效输入价（全价口径） |",logic,P1,关联/备注应满足：未配置写入价时为生效输入价（全价口径）,源码路径+行号、对应运行测试或数据库/Redis/队列证据,表格单元格已拆为单一字段断言
REQ-CF-02082,core-finance,docs/PRD-模型缓存定价与缓存计量.md,5.5 定价快照——并入 `consumption_records`（方案术语 `billing_logs` 不建表）,| 来源标识 `cache_write_price_source`（D-4） | 写入价来源：`'explicit'` / `'full_price'` | 引擎内部字段，可进 metadata 或快照列旁路 | P0 落库侧写入即可；P2 前端在日志详情页透出 |,field,P1,字段应满足：来源标识 `cache_write_price_source`（D-4）,源码路径+行号、对应运行测试或数据库/Redis/队列证据,表格单元格已拆为单一字段断言
REQ-CF-02083,core-finance,docs/PRD-模型缓存定价与缓存计量.md,5.5 定价快照——并入 `consumption_records`（方案术语 `billing_logs` 不建表）,| 来源标识 `cache_write_price_source`（D-4） | 写入价来源：`'explicit'` / `'full_price'` | 引擎内部字段，可进 metadata 或快照列旁路 | P0 落库侧写入即可；P2 前端在日志详情页透出 |,logic,P1,业务含义应满足：写入价来源：`'explicit'` / `'full_price'`,源码路径+行号、对应运行测试或数据库/Redis/队列证据,表格单元格已拆为单一字段断言
REQ-CF-02084,core-finance,docs/PRD-模型缓存定价与缓存计量.md,5.5 定价快照——并入 `consumption_records`（方案术语 `billing_logs` 不建表）,| 来源标识 `cache_write_price_source`（D-4） | 写入价来源：`'explicit'` / `'full_price'` | 引擎内部字段，可进 metadata 或快照列旁路 | P0 落库侧写入即可；P2 前端在日志详情页透出 |,field,P1,约束/规则应满足：引擎内部字段，可进 metadata 或快照列旁路,源码路径+行号、对应运行测试或数据库/Redis/队列证据,表格单元格已拆为单一字段断言
REQ-CF-02085,core-finance,docs/PRD-模型缓存定价与缓存计量.md,5.5 定价快照——并入 `consumption_records`（方案术语 `billing_logs` 不建表）,| 来源标识 `cache_write_price_source`（D-4） | 写入价来源：`'explicit'` / `'full_price'` | 引擎内部字段，可进 metadata 或快照列旁路 | P0 落库侧写入即可；P2 前端在日志详情页透出 |,db,P0,关联/备注应满足：P0 落库侧写入即可；P2 前端在日志详情页透出,源码路径+行号、对应运行测试或数据库/Redis/队列证据,表格单元格已拆为单一字段断言
REQ-CF-02086,core-finance,docs/PRD-模型缓存定价与缓存计量.md,5.6 `system_config.billing`（全局配置）,"| `cache_hit_discount`（保留） | decimal (0,1] | `0.1` | 全局缓存命中折扣率；语义由""第 2 级计费依据""降级为 5 级解析中的**第 4 级回退**（P0 生效 4 级下为第 3 级，第 4.2 节） | (0,1] |",logic,P1,key应满足：`cache_hit_discount`（保留）,源码路径+行号、对应运行测试或数据库/Redis/队列证据,表格单元格已拆为单一字段断言
REQ-CF-02087,core-finance,docs/PRD-模型缓存定价与缓存计量.md,5.6 `system_config.billing`（全局配置）,"| `cache_hit_discount`（保留） | decimal (0,1] | `0.1` | 全局缓存命中折扣率；语义由""第 2 级计费依据""降级为 5 级解析中的**第 4 级回退**（P0 生效 4 级下为第 3 级，第 4.2 节） | (0,1] |",logic,P1,"类型应满足：decimal (0,1]",源码路径+行号、对应运行测试或数据库/Redis/队列证据,表格单元格已拆为单一字段断言
REQ-CF-02088,core-finance,docs/PRD-模型缓存定价与缓存计量.md,5.6 `system_config.billing`（全局配置）,### 5.6 `system_config.billing`（全局配置）,logic,P1,默认应满足：`0.1`,源码路径+行号、对应运行测试或数据库/Redis/队列证据,表格单元格已拆为单一字段断言
REQ-CF-02089,core-finance,docs/PRD-模型缓存定价与缓存计量.md,5.6 `system_config.billing`（全局配置）,"| `cache_hit_discount`（保留） | decimal (0,1] | `0.1` | 全局缓存命中折扣率；语义由""第 2 级计费依据""降级为 5 级解析中的**第 4 级回退**（P0 生效 4 级下为第 3 级，第 4.2 节） | (0,1] |",logic,P0,"业务含义应满足：全局缓存命中折扣率；语义由""第 2 级计费依据""降级为 5 级解析中的**第 4 级回退**（P0 生效 4 级下为第 3 级，第 4.2 节）",源码路径+行号、对应运行测试或数据库/Redis/队列证据,表格单元格已拆为单一字段断言
REQ-CF-02090,core-finance,docs/PRD-模型缓存定价与缓存计量.md,5.6 `system_config.billing`（全局配置）,### 5.6 `system_config.billing`（全局配置）,logic,P1,"校验应满足：(0,1]",源码路径+行号、对应运行测试或数据库/Redis/队列证据,表格单元格已拆为单一字段断言
REQ-CF-02091,core-finance,docs/PRD-模型缓存定价与缓存计量.md,5.6 `system_config.billing`（全局配置）,| `cache_pricing_mode`（新增） | `explicit` / `discount_rate` | `explicit` | 计费模式开关；`discount_rate` 为兼容旧行为灰度开关（第 4.4 节） | 枚举 |,logic,P1,key应满足：`cache_pricing_mode`（新增）,源码路径+行号、对应运行测试或数据库/Redis/队列证据,表格单元格已拆为单一字段断言
REQ-CF-02092,core-finance,docs/PRD-模型缓存定价与缓存计量.md,5.6 `system_config.billing`（全局配置）,| `cache_pricing_mode`（新增） | `explicit` / `discount_rate` | `explicit` | 计费模式开关；`discount_rate` 为兼容旧行为灰度开关（第 4.4 节） | 枚举 |,logic,P1,类型应满足：`explicit` / `discount_rate`,源码路径+行号、对应运行测试或数据库/Redis/队列证据,表格单元格已拆为单一字段断言
REQ-CF-02093,core-finance,docs/PRD-模型缓存定价与缓存计量.md,5.6 `system_config.billing`（全局配置）,| `cache_pricing_mode`（新增） | `explicit` / `discount_rate` | `explicit` | 计费模式开关；`discount_rate` 为兼容旧行为灰度开关（第 4.4 节） | 枚举 |,logic,P1,默认应满足：`explicit`,源码路径+行号、对应运行测试或数据库/Redis/队列证据,表格单元格已拆为单一字段断言
REQ-CF-02094,core-finance,docs/PRD-模型缓存定价与缓存计量.md,5.6 `system_config.billing`（全局配置）,| `cache_pricing_mode`（新增） | `explicit` / `discount_rate` | `explicit` | 计费模式开关；`discount_rate` 为兼容旧行为灰度开关（第 4.4 节） | 枚举 |,logic,P1,业务含义应满足：计费模式开关；`discount_rate` 为兼容旧行为灰度开关（第 4.4 节）,源码路径+行号、对应运行测试或数据库/Redis/队列证据,表格单元格已拆为单一字段断言
REQ-CF-02095,core-finance,docs/PRD-模型缓存定价与缓存计量.md,5.6 `system_config.billing`（全局配置）,### 5.6 `system_config.billing`（全局配置）,logic,P1,校验应满足：枚举,源码路径+行号、对应运行测试或数据库/Redis/队列证据,表格单元格已拆为单一字段断言
REQ-CF-02096,core-finance,docs/PRD-模型缓存定价与缓存计量.md,5.7 渠道结算快照（`vendor_settlement_snapshots` / `vendor_settlement_details` 取值源变更）,| `unitPriceCache` 取值源 | 由 `cache_discount_rate` 口径改为 **`cost_cache_read_input_price`（读取）与 `cost_cache_write_input_price`（写入）** | 与 `cachedTokens` / `costCache` 按读取/写入拆分对齐（F19） |,logic,P1,对象应满足：`unitPriceCache` 取值源,源码路径+行号、对应运行测试或数据库/Redis/队列证据,表格单元格已拆为单一字段断言
REQ-CF-02097,core-finance,docs/PRD-模型缓存定价与缓存计量.md,5.7 渠道结算快照（`vendor_settlement_snapshots` / `vendor_settlement_details` 取值源变更）,| `unitPriceCache` 取值源 | 由 `cache_discount_rate` 口径改为 **`cost_cache_read_input_price`（读取）与 `cost_cache_write_input_price`（写入）** | 与 `cachedTokens` / `costCache` 按读取/写入拆分对齐（F19） |,logic,P1,变更应满足：由 `cache_discount_rate` 口径改为 **`cost_cache_read_input_price`（读取）与 `cost_cache_write_input_price`（写入）**,源码路径+行号、对应运行测试或数据库/Redis/队列证据,表格单元格已拆为单一字段断言
REQ-CF-02098,core-finance,docs/PRD-模型缓存定价与缓存计量.md,5.7 渠道结算快照（`vendor_settlement_snapshots` / `vendor_settlement_details` 取值源变更）,| `unitPriceCache` 取值源 | 由 `cache_discount_rate` 口径改为 **`cost_cache_read_input_price`（读取）与 `cost_cache_write_input_price`（写入）** | 与 `cachedTokens` / `costCache` 按读取/写入拆分对齐（F19） |,logic,P1,说明应满足：与 `cachedTokens` / `costCache` 按读取/写入拆分对齐（F19）,源码路径+行号、对应运行测试或数据库/Redis/队列证据,表格单元格已拆为单一字段断言
REQ-CF-02099,core-finance,docs/PRD-模型缓存定价与缓存计量.md,5.7 渠道结算快照（`vendor_settlement_snapshots` / `vendor_settlement_details` 取值源变更）,"| 结算明细展示 | `cachedTokens` 拆分展示""缓存读取 tokens / 缓存写入 tokens""，`costCache` 拆分展示""读取成本 / 写入成本"" | 拆分列展示形态见第 11 节 **A2** |",logic,P1,对象应满足：结算明细展示,源码路径+行号、对应运行测试或数据库/Redis/队列证据,表格单元格已拆为单一字段断言
REQ-CF-02100,core-finance,docs/PRD-模型缓存定价与缓存计量.md,5.7 渠道结算快照（`vendor_settlement_snapshots` / `vendor_settlement_details` 取值源变更）,"| 结算明细展示 | `cachedTokens` 拆分展示""缓存读取 tokens / 缓存写入 tokens""，`costCache` 拆分展示""读取成本 / 写入成本"" | 拆分列展示形态见第 11 节 **A2** |",logic,P1,"变更应满足：`cachedTokens` 拆分展示""缓存读取 tokens / 缓存写入 tokens""，`costCache` 拆分展示""读取成本 / 写入成本""",源码路径+行号、对应运行测试或数据库/Redis/队列证据,表格单元格已拆为单一字段断言
REQ-CF-02101,core-finance,docs/PRD-模型缓存定价与缓存计量.md,5.7 渠道结算快照（`vendor_settlement_snapshots` / `vendor_settlement_details` 取值源变更）,"| 结算明细展示 | `cachedTokens` 拆分展示""缓存读取 tokens / 缓存写入 tokens""，`costCache` 拆分展示""读取成本 / 写入成本"" | 拆分列展示形态见第 11 节 **A2** |",logic,P1,说明应满足：拆分列展示形态见第 11 节 **A2**,源码路径+行号、对应运行测试或数据库/Redis/队列证据,表格单元格已拆为单一字段断言
REQ-CF-02102,core-finance,docs/PRD-模型缓存定价与缓存计量.md,6.1 角色说明,| 普通用户（user） | 查缓存定价、看自己的缓存消费与节省 | 本人 |,permission,P1,角色应满足：普通用户（user）,源码路径+行号、对应运行测试或数据库/Redis/队列证据,表格单元格已拆为单一字段断言
REQ-CF-02103,core-finance,docs/PRD-模型缓存定价与缓存计量.md,6.1 角色说明,| 普通用户（user） | 查缓存定价、看自己的缓存消费与节省 | 本人 |,permission,P1,与缓存定价相关的诉求应满足：查缓存定价、看自己的缓存消费与节省,源码路径+行号、对应运行测试或数据库/Redis/队列证据,表格单元格已拆为单一字段断言
REQ-CF-02104,core-finance,docs/PRD-模型缓存定价与缓存计量.md,6.1 角色说明,| 角色 | 与缓存定价相关的诉求 | 数据范围 |,permission,P1,数据范围应满足：本人,源码路径+行号、对应运行测试或数据库/Redis/队列证据,表格单元格已拆为单一字段断言
REQ-CF-02105,core-finance,docs/PRD-模型缓存定价与缓存计量.md,6.1 角色说明,| 代理商（agent） | 查看名下客户缓存消费构成（含节省） | 名下客户 |,permission,P1,角色应满足：代理商（agent）,源码路径+行号、对应运行测试或数据库/Redis/队列证据,表格单元格已拆为单一字段断言
REQ-CF-02106,core-finance,docs/PRD-模型缓存定价与缓存计量.md,6.1 角色说明,| 代理商（agent） | 查看名下客户缓存消费构成（含节省） | 名下客户 |,permission,P1,与缓存定价相关的诉求应满足：查看名下客户缓存消费构成（含节省）,源码路径+行号、对应运行测试或数据库/Redis/队列证据,表格单元格已拆为单一字段断言
REQ-CF-02107,core-finance,docs/PRD-模型缓存定价与缓存计量.md,6.1 角色说明,| 角色 | 与缓存定价相关的诉求 | 数据范围 |,permission,P1,数据范围应满足：名下客户,源码路径+行号、对应运行测试或数据库/Redis/队列证据,表格单元格已拆为单一字段断言
REQ-CF-02108,core-finance,docs/PRD-模型缓存定价与缓存计量.md,6.1 角色说明,| 渠道（自助账号，ref-4.10） | 维护**自己**模型的缓存成本价、查看自己结算单的缓存拆分 | 本渠道 |,permission,P1,角色应满足：渠道（自助账号，ref-4.10）,源码路径+行号、对应运行测试或数据库/Redis/队列证据,表格单元格已拆为单一字段断言
REQ-CF-02109,core-finance,docs/PRD-模型缓存定价与缓存计量.md,6.1 角色说明,| 渠道（自助账号，ref-4.10） | 维护**自己**模型的缓存成本价、查看自己结算单的缓存拆分 | 本渠道 |,permission,P1,与缓存定价相关的诉求应满足：维护**自己**模型的缓存成本价、查看自己结算单的缓存拆分,源码路径+行号、对应运行测试或数据库/Redis/队列证据,表格单元格已拆为单一字段断言
REQ-CF-02110,core-finance,docs/PRD-模型缓存定价与缓存计量.md,6.1 角色说明,| 角色 | 与缓存定价相关的诉求 | 数据范围 |,permission,P1,数据范围应满足：本渠道,源码路径+行号、对应运行测试或数据库/Redis/队列证据,表格单元格已拆为单一字段断言
REQ-CF-02111,core-finance,docs/PRD-模型缓存定价与缓存计量.md,6.1 角色说明,| 运营（ops） | 渠道模型缓存成本价维护、价格变更通知管理 | 全部 |,permission,P1,角色应满足：运营（ops）,源码路径+行号、对应运行测试或数据库/Redis/队列证据,表格单元格已拆为单一字段断言
REQ-CF-02112,core-finance,docs/PRD-模型缓存定价与缓存计量.md,6.1 角色说明,| 运营（ops） | 渠道模型缓存成本价维护、价格变更通知管理 | 全部 |,permission,P1,与缓存定价相关的诉求应满足：渠道模型缓存成本价维护、价格变更通知管理,源码路径+行号、对应运行测试或数据库/Redis/队列证据,表格单元格已拆为单一字段断言
REQ-CF-02113,core-finance,docs/PRD-模型缓存定价与缓存计量.md,6.1 角色说明,| 角色 | 与缓存定价相关的诉求 | 数据范围 |,permission,P1,数据范围应满足：全部,源码路径+行号、对应运行测试或数据库/Redis/队列证据,表格单元格已拆为单一字段断言
REQ-CF-02114,core-finance,docs/PRD-模型缓存定价与缓存计量.md,6.1 角色说明,| 财务（finance_ops） | **缓存售价配置（已开放，A6/D-5 产品定稿）**、结算/对账查看、账单查看 | 全部 |,permission,P1,角色应满足：财务（finance_ops）,源码路径+行号、对应运行测试或数据库/Redis/队列证据,表格单元格已拆为单一字段断言
REQ-CF-02115,core-finance,docs/PRD-模型缓存定价与缓存计量.md,6.1 角色说明,| 财务（finance_ops） | **缓存售价配置（已开放，A6/D-5 产品定稿）**、结算/对账查看、账单查看 | 全部 |,permission,P1,与缓存定价相关的诉求应满足：**缓存售价配置（已开放，A6/D-5 产品定稿）**、结算/对账查看、账单查看,源码路径+行号、对应运行测试或数据库/Redis/队列证据,表格单元格已拆为单一字段断言
REQ-CF-02117,core-finance,docs/PRD-模型缓存定价与缓存计量.md,6.1 角色说明,| 管理员（admin / super_admin） | 缓存售价与全局计费模式配置、审批价格变更、全部数据查看 | 全部 |,permission,P1,角色应满足：管理员（admin / super_admin）,源码路径+行号、对应运行测试或数据库/Redis/队列证据,表格单元格已拆为单一字段断言
REQ-CF-02118,core-finance,docs/PRD-模型缓存定价与缓存计量.md,6.1 角色说明,| 管理员（admin / super_admin） | 缓存售价与全局计费模式配置、审批价格变更、全部数据查看 | 全部 |,permission,P1,与缓存定价相关的诉求应满足：缓存售价与全局计费模式配置、审批价格变更、全部数据查看,源码路径+行号、对应运行测试或数据库/Redis/队列证据,表格单元格已拆为单一字段断言
REQ-CF-02120,core-finance,docs/PRD-模型缓存定价与缓存计量.md,6.1 角色说明,| 审计（auditor）/ 客服（support） | 只读查看（审计留痕 / 答疑） | 全部（只读） |,permission,P1,角色应满足：审计（auditor）/ 客服（support）,源码路径+行号、对应运行测试或数据库/Redis/队列证据,表格单元格已拆为单一字段断言
REQ-CF-02121,core-finance,docs/PRD-模型缓存定价与缓存计量.md,6.1 角色说明,| 角色 | 与缓存定价相关的诉求 | 数据范围 |,permission,P1,与缓存定价相关的诉求应满足：只读查看（审计留痕 / 答疑）,源码路径+行号、对应运行测试或数据库/Redis/队列证据,表格单元格已拆为单一字段断言
REQ-CF-02122,core-finance,docs/PRD-模型缓存定价与缓存计量.md,6.1 角色说明,| 角色 | 与缓存定价相关的诉求 | 数据范围 |,permission,P1,数据范围应满足：全部（只读）,源码路径+行号、对应运行测试或数据库/Redis/队列证据,表格单元格已拆为单一字段断言
REQ-CF-02123,core-finance,docs/PRD-模型缓存定价与缓存计量.md,6.2 权限矩阵（角色 × 功能点）,| 查询公开价目（含缓存价，`/public/models`） | ✅ | ✅ | ✅ | ✅ | ✅ | ✅ | ✅ | ✅ | ✅ |,permission,P1,功能点应满足：查询公开价目（含缓存价，`/public/models`）,源码路径+行号、对应运行测试或数据库/Redis/队列证据,表格单元格已拆为单一字段断言
REQ-CF-02124,core-finance,docs/PRD-模型缓存定价与缓存计量.md,6.2 权限矩阵（角色 × 功能点）,| 功能点 | user | agent | 渠道 | ops | finance_ops | admin | super_admin | auditor | support |,permission,P1,user应满足：✅,源码路径+行号、对应运行测试或数据库/Redis/队列证据,表格单元格已拆为单一字段断言
REQ-CF-02125,core-finance,docs/PRD-模型缓存定价与缓存计量.md,6.2 权限矩阵（角色 × 功能点）,| 功能点 | user | agent | 渠道 | ops | finance_ops | admin | super_admin | auditor | support |,permission,P1,agent应满足：✅,源码路径+行号、对应运行测试或数据库/Redis/队列证据,表格单元格已拆为单一字段断言
REQ-CF-02126,core-finance,docs/PRD-模型缓存定价与缓存计量.md,6.2 权限矩阵（角色 × 功能点）,| 功能点 | user | agent | 渠道 | ops | finance_ops | admin | super_admin | auditor | support |,permission,P1,ops应满足：✅,源码路径+行号、对应运行测试或数据库/Redis/队列证据,表格单元格已拆为单一字段断言
REQ-CF-02127,core-finance,docs/PRD-模型缓存定价与缓存计量.md,6.2 权限矩阵（角色 × 功能点）,| 功能点 | user | agent | 渠道 | ops | finance_ops | admin | super_admin | auditor | support |,permission,P1,finance_ops应满足：✅,源码路径+行号、对应运行测试或数据库/Redis/队列证据,表格单元格已拆为单一字段断言
REQ-CF-02128,core-finance,docs/PRD-模型缓存定价与缓存计量.md,6.2 权限矩阵（角色 × 功能点）,| 功能点 | user | agent | 渠道 | ops | finance_ops | admin | super_admin | auditor | support |,permission,P1,admin应满足：✅,源码路径+行号、对应运行测试或数据库/Redis/队列证据,表格单元格已拆为单一字段断言
REQ-CF-02129,core-finance,docs/PRD-模型缓存定价与缓存计量.md,6.2 权限矩阵（角色 × 功能点）,| 功能点 | user | agent | 渠道 | ops | finance_ops | admin | super_admin | auditor | support |,permission,P1,super_admin应满足：✅,源码路径+行号、对应运行测试或数据库/Redis/队列证据,表格单元格已拆为单一字段断言
REQ-CF-02130,core-finance,docs/PRD-模型缓存定价与缓存计量.md,6.2 权限矩阵（角色 × 功能点）,| 功能点 | user | agent | 渠道 | ops | finance_ops | admin | super_admin | auditor | support |,permission,P1,auditor应满足：✅,源码路径+行号、对应运行测试或数据库/Redis/队列证据,表格单元格已拆为单一字段断言
REQ-CF-02131,core-finance,docs/PRD-模型缓存定价与缓存计量.md,6.2 权限矩阵（角色 × 功能点）,| 功能点 | user | agent | 渠道 | ops | finance_ops | admin | super_admin | auditor | support |,permission,P1,support应满足：✅,源码路径+行号、对应运行测试或数据库/Redis/队列证据,表格单元格已拆为单一字段断言
REQ-CF-02132,core-finance,docs/PRD-模型缓存定价与缓存计量.md,6.2 权限矩阵（角色 × 功能点）,| 模型中心查缓存定价（ModelCard / PriceDetailModal） | ✅ | ✅ | ✅¹ | ✅ | ✅ | ✅ | ✅ | ✅ | ✅ |,permission,P1,功能点应满足：模型中心查缓存定价（ModelCard / PriceDetailModal）,源码路径+行号、对应运行测试或数据库/Redis/队列证据,表格单元格已拆为单一字段断言
REQ-CF-02135,core-finance,docs/PRD-模型缓存定价与缓存计量.md,6.2 权限矩阵（角色 × 功能点）,### 6.2 权限矩阵（角色 × 功能点）,permission,P1,渠道应满足：✅¹,源码路径+行号、对应运行测试或数据库/Redis/队列证据,表格单元格已拆为单一字段断言
REQ-CF-02142,core-finance,docs/PRD-模型缓存定价与缓存计量.md,6.2 权限矩阵（角色 × 功能点）,| 查看本人/名下调用日志缓存明细（F14） | ✅ | ✅² | ❌ | ✅ | ✅ | ✅ | ✅ | ✅³ | ✅³ |,permission,P1,功能点应满足：查看本人/名下调用日志缓存明细（F14）,源码路径+行号、对应运行测试或数据库/Redis/队列证据,表格单元格已拆为单一字段断言
REQ-CF-02144,core-finance,docs/PRD-模型缓存定价与缓存计量.md,6.2 权限矩阵（角色 × 功能点）,| 功能点 | user | agent | 渠道 | ops | finance_ops | admin | super_admin | auditor | support |,permission,P1,agent应满足：✅²,源码路径+行号、对应运行测试或数据库/Redis/队列证据,表格单元格已拆为单一字段断言
REQ-CF-02149,core-finance,docs/PRD-模型缓存定价与缓存计量.md,6.2 权限矩阵（角色 × 功能点）,| 功能点 | user | agent | 渠道 | ops | finance_ops | admin | super_admin | auditor | support |,permission,P1,auditor应满足：✅³,源码路径+行号、对应运行测试或数据库/Redis/队列证据,表格单元格已拆为单一字段断言
REQ-CF-02150,core-finance,docs/PRD-模型缓存定价与缓存计量.md,6.2 权限矩阵（角色 × 功能点）,| 功能点 | user | agent | 渠道 | ops | finance_ops | admin | super_admin | auditor | support |,permission,P1,support应满足：✅³,源码路径+行号、对应运行测试或数据库/Redis/队列证据,表格单元格已拆为单一字段断言
REQ-CF-02151,core-finance,docs/PRD-模型缓存定价与缓存计量.md,6.2 权限矩阵（角色 × 功能点）,| 查看用量统计缓存构成与节省（F15） | ✅ | ✅² | ❌ | ✅ | ✅ | ✅ | ✅ | ✅³ | ❌ |,permission,P1,功能点应满足：查看用量统计缓存构成与节省（F15）,源码路径+行号、对应运行测试或数据库/Redis/队列证据,表格单元格已拆为单一字段断言
REQ-CF-02159,core-finance,docs/PRD-模型缓存定价与缓存计量.md,6.2 权限矩阵（角色 × 功能点）,| 功能点 | user | agent | 渠道 | ops | finance_ops | admin | super_admin | auditor | support |,permission,P1,support应满足：❌,源码路径+行号、对应运行测试或数据库/Redis/队列证据,表格单元格已拆为单一字段断言
REQ-CF-02160,core-finance,docs/PRD-模型缓存定价与缓存计量.md,6.2 权限矩阵（角色 × 功能点）,| 查看账单缓存明细与 CSV（F16） | ✅ | ✅² | ❌ | ❌ | ✅⁴ | ✅ | ✅ | ✅³ | ❌ |,permission,P1,功能点应满足：查看账单缓存明细与 CSV（F16）,源码路径+行号、对应运行测试或数据库/Redis/队列证据,表格单元格已拆为单一字段断言
REQ-CF-02163,core-finance,docs/PRD-模型缓存定价与缓存计量.md,6.2 权限矩阵（角色 × 功能点）,| 功能点 | user | agent | 渠道 | ops | finance_ops | admin | super_admin | auditor | support |,permission,P1,ops应满足：❌,源码路径+行号、对应运行测试或数据库/Redis/队列证据,表格单元格已拆为单一字段断言
REQ-CF-02164,core-finance,docs/PRD-模型缓存定价与缓存计量.md,6.2 权限矩阵（角色 × 功能点）,| 功能点 | user | agent | 渠道 | ops | finance_ops | admin | super_admin | auditor | support |,permission,P1,finance_ops应满足：✅⁴,源码路径+行号、对应运行测试或数据库/Redis/队列证据,表格单元格已拆为单一字段断言
REQ-CF-02169,core-finance,docs/PRD-模型缓存定价与缓存计量.md,6.2 权限矩阵（角色 × 功能点）,| 查看调用响应 usage 缓存字段（F17） | ✅ | — | — | — | — | — | — | — | — |,permission,P1,功能点应满足：查看调用响应 usage 缓存字段（F17）,源码路径+行号、对应运行测试或数据库/Redis/队列证据,表格单元格已拆为单一字段断言
REQ-CF-02171,core-finance,docs/PRD-模型缓存定价与缓存计量.md,6.2 权限矩阵（角色 × 功能点）,| 配置渠道缓存售价（F10，`vendor_pricing`） | ❌ | ❌ | ❌ | ❌ | ✅⁵ | ✅ | ✅ | ❌ | ❌ |,permission,P1,功能点应满足：配置渠道缓存售价（F10，`vendor_pricing`）,源码路径+行号、对应运行测试或数据库/Redis/队列证据,表格单元格已拆为单一字段断言
REQ-CF-02172,core-finance,docs/PRD-模型缓存定价与缓存计量.md,6.2 权限矩阵（角色 × 功能点）,| 功能点 | user | agent | 渠道 | ops | finance_ops | admin | super_admin | auditor | support |,permission,P1,user应满足：❌,源码路径+行号、对应运行测试或数据库/Redis/队列证据,表格单元格已拆为单一字段断言
REQ-CF-02173,core-finance,docs/PRD-模型缓存定价与缓存计量.md,6.2 权限矩阵（角色 × 功能点）,| 功能点 | user | agent | 渠道 | ops | finance_ops | admin | super_admin | auditor | support |,permission,P1,agent应满足：❌,源码路径+行号、对应运行测试或数据库/Redis/队列证据,表格单元格已拆为单一字段断言
REQ-CF-02175,core-finance,docs/PRD-模型缓存定价与缓存计量.md,6.2 权限矩阵（角色 × 功能点）,| 功能点 | user | agent | 渠道 | ops | finance_ops | admin | super_admin | auditor | support |,permission,P1,finance_ops应满足：✅⁵,源码路径+行号、对应运行测试或数据库/Redis/队列证据,表格单元格已拆为单一字段断言
REQ-CF-02178,core-finance,docs/PRD-模型缓存定价与缓存计量.md,6.2 权限矩阵（角色 × 功能点）,| 功能点 | user | agent | 渠道 | ops | finance_ops | admin | super_admin | auditor | support |,permission,P1,auditor应满足：❌,源码路径+行号、对应运行测试或数据库/Redis/队列证据,表格单元格已拆为单一字段断言
REQ-CF-02180,core-finance,docs/PRD-模型缓存定价与缓存计量.md,6.2 权限矩阵（角色 × 功能点）,| 配置全局计费模式/折扣率（F04，`system_config.billing`） | ❌ | ❌ | ❌ | ❌ | ❌ | ✅ | ✅ | ❌ | ❌ |,permission,P1,功能点应满足：配置全局计费模式/折扣率（F04，`system_config.billing`）,源码路径+行号、对应运行测试或数据库/Redis/队列证据,表格单元格已拆为单一字段断言
REQ-CF-02184,core-finance,docs/PRD-模型缓存定价与缓存计量.md,6.2 权限矩阵（角色 × 功能点）,| 功能点 | user | agent | 渠道 | ops | finance_ops | admin | super_admin | auditor | support |,permission,P1,finance_ops应满足：❌,源码路径+行号、对应运行测试或数据库/Redis/队列证据,表格单元格已拆为单一字段断言
REQ-CF-02189,core-finance,docs/PRD-模型缓存定价与缓存计量.md,6.2 权限矩阵（角色 × 功能点）,| 维护渠道缓存成本价（F11，`supplier_models`） | ❌ | ❌ | ✅⁶ | ✅⁷ | ❌ | ✅ | ✅ | ❌ | ❌ |,permission,P1,功能点应满足：维护渠道缓存成本价（F11，`supplier_models`）,源码路径+行号、对应运行测试或数据库/Redis/队列证据,表格单元格已拆为单一字段断言
REQ-CF-02192,core-finance,docs/PRD-模型缓存定价与缓存计量.md,6.2 权限矩阵（角色 × 功能点）,### 6.2 权限矩阵（角色 × 功能点）,permission,P1,渠道应满足：✅⁶,源码路径+行号、对应运行测试或数据库/Redis/队列证据,表格单元格已拆为单一字段断言
REQ-CF-02193,core-finance,docs/PRD-模型缓存定价与缓存计量.md,6.2 权限矩阵（角色 × 功能点）,| 功能点 | user | agent | 渠道 | ops | finance_ops | admin | super_admin | auditor | support |,permission,P1,ops应满足：✅⁷,源码路径+行号、对应运行测试或数据库/Redis/队列证据,表格单元格已拆为单一字段断言
REQ-CF-02199,core-finance,docs/PRD-模型缓存定价与缓存计量.md,6.2 权限矩阵（角色 × 功能点）,| 渠道结算查看/对账（F19/F20） | ❌ | ❌ | ✅⁸ | ❌ | ✅ | ✅ | ✅ | ✅³ | ❌ |,permission,P1,功能点应满足：渠道结算查看/对账（F19/F20）,源码路径+行号、对应运行测试或数据库/Redis/队列证据,表格单元格已拆为单一字段断言
REQ-CF-02202,core-finance,docs/PRD-模型缓存定价与缓存计量.md,6.2 权限矩阵（角色 × 功能点）,### 6.2 权限矩阵（角色 × 功能点）,permission,P1,渠道应满足：✅⁸,源码路径+行号、对应运行测试或数据库/Redis/队列证据,表格单元格已拆为单一字段断言
REQ-CF-02209,core-finance,docs/PRD-模型缓存定价与缓存计量.md,6.2 权限矩阵（角色 × 功能点）,| 价格变更通知管理（F13） | ❌ | ❌ | ❌ | ✅ | ❌ | ✅ | ✅ | ❌ | ❌ |,permission,P1,功能点应满足：价格变更通知管理（F13）,源码路径+行号、对应运行测试或数据库/Redis/队列证据,表格单元格已拆为单一字段断言
REQ-CF-02218,core-finance,docs/PRD-模型缓存定价与缓存计量.md,6.2 权限矩阵（角色 × 功能点）,| 维护渠道缓存成本价（F11，`supplier_models`） | ❌ | ❌ | ✅⁶ | ✅⁷ | ❌ | ✅ | ✅ | ❌ | ❌ |,permission,P1,1. 渠道自助端仅展示**自己模型**的缓存成本价（非售价）。,源码路径+行号、对应运行测试或数据库/Redis/队列证据,N/A：原审计记录未提供补充依据；待复核源码、测试及运行证据。
REQ-CF-02219,core-finance,docs/PRD-模型缓存定价与缓存计量.md,6.2 权限矩阵（角色 × 功能点）,| 功能点 | user | agent | 渠道 | ops | finance_ops | admin | super_admin | auditor | support |,permission,P1,2. agent 仅可见**名下绑定客户**的数据（对齐现有代理数据范围）。,源码路径+行号、对应运行测试或数据库/Redis/队列证据,N/A：原审计记录未提供补充依据；待复核源码、测试及运行证据。
REQ-CF-02220,core-finance,docs/PRD-模型缓存定价与缓存计量.md,6.2 权限矩阵（角色 × 功能点）,| 功能点 | user | agent | 渠道 | ops | finance_ops | admin | super_admin | auditor | support |,permission,P1,3. auditor / support 为只读，可查看但不含导出敏感列（CSV 导出限 auditor）。,源码路径+行号、对应运行测试或数据库/Redis/队列证据,N/A：原审计记录未提供补充依据；待复核源码、测试及运行证据。
REQ-CF-02221,core-finance,docs/PRD-模型缓存定价与缓存计量.md,6.2 权限矩阵（角色 × 功能点）,| 功能点 | user | agent | 渠道 | ops | finance_ops | admin | super_admin | auditor | support |,permission,P1,4. finance_ops 可查全部账单（对齐 `ref-5.2 §6.2` 账单列表 finance_ops 以上）。,源码路径+行号、对应运行测试或数据库/Redis/队列证据,N/A：原审计记录未提供补充依据；待复核源码、测试及运行证据。
REQ-CF-02222,core-finance,docs/PRD-模型缓存定价与缓存计量.md,6.2 权限矩阵（角色 × 功能点）,| 功能点 | user | agent | 渠道 | ops | finance_ops | admin | super_admin | auditor | support |,permission,P1,"5. 配置渠道缓存售价（**A6/D-5 产品定稿：finance_ops 开放**）。理由：① 既有 `PUT /admin/billing/model-price` 已对 finance_ops 开放，缓存价与模型价同属价格配置业务域，同一价格页内""输入价可改、缓存价不可改""会扩大既有权限不一致；② finance_ops 是价格日常维护主力，与运营排班匹配；③ 风险兜底：缓存价变更仍走 `ref-4.3 §8.2` 价格变更审批流程（涨价分级），finance_ops 发起不豁免审批，审计全程留痕。",源码路径+行号、对应运行测试或数据库/Redis/队列证据,N/A：原审计记录未提供补充依据；待复核源码、测试及运行证据。
REQ-CF-02223,core-finance,docs/PRD-模型缓存定价与缓存计量.md,6.2 权限矩阵（角色 × 功能点）,| 配置渠道缓存售价（F10，`vendor_pricing`） | ❌ | ❌ | ❌ | ❌ | ✅⁵ | ✅ | ✅ | ❌ | ❌ |,permission,P1,6. 渠道仅可维护**自己 vendor** 的缓存成本价；改动走 `ref-4.3 §8.2` 价格变更审批流程（涨价分级）。,源码路径+行号、对应运行测试或数据库/Redis/队列证据,N/A：原审计记录未提供补充依据；待复核源码、测试及运行证据。
REQ-CF-02224,core-finance,docs/PRD-模型缓存定价与缓存计量.md,6.2 权限矩阵（角色 × 功能点）,| 查询公开价目（含缓存价，`/public/models`） | ✅ | ✅ | ✅ | ✅ | ✅ | ✅ | ✅ | ✅ | ✅ |,permission,P1,7. ops 持 `MODEL_MANAGE`（`ref-4.3 §3.1`）可维护渠道模型映射与成本价。,源码路径+行号、对应运行测试或数据库/Redis/队列证据,N/A：原审计记录未提供补充依据；待复核源码、测试及运行证据。
REQ-CF-02225,core-finance,docs/PRD-模型缓存定价与缓存计量.md,6.2 权限矩阵（角色 × 功能点）,### 6.2 权限矩阵（角色 × 功能点）,permission,P1,8. 渠道自助端仅可见**自己**的结算单（对齐 `ref-4.15` 结算通知渠道语义）。,源码路径+行号、对应运行测试或数据库/Redis/队列证据,N/A：原审计记录未提供补充依据；待复核源码、测试及运行证据。
REQ-CF-02226,core-finance,docs/PRD-模型缓存定价与缓存计量.md,7. 用户端查询与消费透出需求,每项给出：功能描述 / 页面与交互要求 / 验收点（编号对应第 8 节）。,test,P1,每项给出：功能描述 / 页面与交互要求 / 验收点（编号对应第 8 节）。,源码路径+行号、对应运行测试或数据库/Redis/队列证据,N/A：原审计记录未提供补充依据；待复核源码、测试及运行证据。
REQ-CF-02227,core-finance,docs/PRD-模型缓存定价与缓存计量.md,7.1 模型中心 ModelCard 价格区（F07）,### 7.1 模型中心 ModelCard 价格区（F07）,logic,P1,"**功能描述**：有缓存读取价的模型在卡片价格区展示缓存读取单价，用户无需展开即可感知""命中缓存更便宜""。",源码路径+行号、对应运行测试或数据库/Redis/队列证据,N/A：原审计记录未提供补充依据；待复核源码、测试及运行证据。
REQ-CF-02228,core-finance,docs/PRD-模型缓存定价与缓存计量.md,7.1 模型中心 ModelCard 价格区（F07）,### 7.1 模型中心 ModelCard 价格区（F07）,logic,P1,**页面与交互要求**：,源码路径+行号、对应运行测试或数据库/Redis/队列证据,N/A：原审计记录未提供补充依据；待复核源码、测试及运行证据。
REQ-CF-02229,core-finance,docs/PRD-模型缓存定价与缓存计量.md,7.1 模型中心 ModelCard 价格区（F07）,### 7.1 模型中心 ModelCard 价格区（F07）,logic,P1,ModelCard 价格区格式：`输入 ¥x / 输出 ¥y / 缓存读取 ¥z`（仅在价格解析后存在有效缓存读取单价时展示 `缓存读取 ¥z`；无缓存计费能力的模型不显示该段）。,源码路径+行号、对应运行测试或数据库/Redis/队列证据,N/A：原审计记录未提供补充依据；待复核源码、测试及运行证据。
REQ-CF-02230,core-finance,docs/PRD-模型缓存定价与缓存计量.md,7.1 模型中心 ModelCard 价格区（F07）,### 7.1 模型中心 ModelCard 价格区（F07）,logic,P1,缓存读取 ¥z` 旁带按钮级 `[?]`（文案见第 9 节）。,源码路径+行号、对应运行测试或数据库/Redis/队列证据,N/A：原审计记录未提供补充依据；待复核源码、测试及运行证据。
REQ-CF-02231,core-finance,docs/PRD-模型缓存定价与缓存计量.md,7.1 模型中心 ModelCard 价格区（F07）,### 7.1 模型中心 ModelCard 价格区（F07）,logic,P0,价格与计费引擎同源（实收价，非原始价），数据来源为价格解析后的最终值（P0 生效 4 级，级 1 缺省）。,源码路径+行号、对应运行测试或数据库/Redis/队列证据,N/A：原审计记录未提供补充依据；待复核源码、测试及运行证据。
REQ-CF-02232,core-finance,docs/PRD-模型缓存定价与缓存计量.md,7.1 模型中心 ModelCard 价格区（F07）,### 7.1 模型中心 ModelCard 价格区（F07）,field,P1,展示判定规则（**D-7 定稿**）：**5 级解析后存在有效缓存读取单价 且 上游支持缓存字段**。上游支持矩阵 = 常量（本期定义，P1 前端落地）：DeepSeek / Anthropic / OpenAI 的 chat / completions 类端点支持缓存 usage 字段；embedding / rerank 类不支持（上游无缓存语义）。P0 归一化层以运行时 `hasCacheInfo` 判定（不依赖静态矩阵）；静态矩阵仅供 P1 展示层使用。,源码路径+行号、对应运行测试或数据库/Redis/队列证据,N/A：原审计记录未提供补充依据；待复核源码、测试及运行证据。
REQ-CF-02233,core-finance,docs/PRD-模型缓存定价与缓存计量.md,7.1 模型中心 ModelCard 价格区（F07）,### 7.1 模型中心 ModelCard 价格区（F07）,test,P1,**验收点**：AC-21、AC-22。,源码路径+行号、对应运行测试或数据库/Redis/队列证据,N/A：原审计记录未提供补充依据；待复核源码、测试及运行证据。
REQ-CF-02234,core-finance,docs/PRD-模型缓存定价与缓存计量.md,7.2 PriceDetailModal 价格明细弹窗（F08）,### 7.2 PriceDetailModal 价格明细弹窗（F08）,logic,P1,**功能描述**：弹窗新增「缓存计费」区块，向用户明码标价并给出示例换算。,源码路径+行号、对应运行测试或数据库/Redis/队列证据,N/A：原审计记录未提供补充依据；待复核源码、测试及运行证据。
REQ-CF-02235,core-finance,docs/PRD-模型缓存定价与缓存计量.md,7.2 PriceDetailModal 价格明细弹窗（F08）,### 7.2 PriceDetailModal 价格明细弹窗（F08）,logic,P1,**页面与交互要求**：,源码路径+行号、对应运行测试或数据库/Redis/队列证据,N/A：原审计记录未提供补充依据；待复核源码、测试及运行证据。
REQ-CF-02236,core-finance,docs/PRD-模型缓存定价与缓存计量.md,7.2 PriceDetailModal 价格明细弹窗（F08）,### 7.2 PriceDetailModal 价格明细弹窗（F08）,logic,P1,"「缓存计费」区块展示：缓存读取单价（¥/1K）、缓存写入单价（如有，仅展示有写入价的模型）、示例换算（""输入命中 1K tokens 仅 ¥z，未命中 ¥x""）。",源码路径+行号、对应运行测试或数据库/Redis/队列证据,N/A：原审计记录未提供补充依据；待复核源码、测试及运行证据。
REQ-CF-02237,core-finance,docs/PRD-模型缓存定价与缓存计量.md,7.2 PriceDetailModal 价格明细弹窗（F08）,### 7.2 PriceDetailModal 价格明细弹窗（F08）,logic,P1,"未配置显式读取价（走折扣率/全局回退）的模型，区块标注回退来源（""命中部分按输入价 × 折扣率计费""）。",源码路径+行号、对应运行测试或数据库/Redis/队列证据,N/A：原审计记录未提供补充依据；待复核源码、测试及运行证据。
REQ-CF-02238,core-finance,docs/PRD-模型缓存定价与缓存计量.md,7.2 PriceDetailModal 价格明细弹窗（F08）,### 7.2 PriceDetailModal 价格明细弹窗（F08）,logic,P1,区块内每项带 `[?]`（页面级帮助文案见第 9 节）；`unit` 保持 `per_1k_tokens`，`currency` 保持 CNY。,源码路径+行号、对应运行测试或数据库/Redis/队列证据,N/A：原审计记录未提供补充依据；待复核源码、测试及运行证据。
REQ-CF-02239,core-finance,docs/PRD-模型缓存定价与缓存计量.md,7.2 PriceDetailModal 价格明细弹窗（F08）,### 7.2 PriceDetailModal 价格明细弹窗（F08）,logic,P1,数据来源：`vendor_pricing` / `models` 覆盖价解析后的实收价，与计费引擎同源。,源码路径+行号、对应运行测试或数据库/Redis/队列证据,N/A：原审计记录未提供补充依据；待复核源码、测试及运行证据。
REQ-CF-02240,core-finance,docs/PRD-模型缓存定价与缓存计量.md,7.2 PriceDetailModal 价格明细弹窗（F08）,### 7.2 PriceDetailModal 价格明细弹窗（F08）,test,P1,**验收点**：AC-22。,源码路径+行号、对应运行测试或数据库/Redis/队列证据,N/A：原审计记录未提供补充依据；待复核源码、测试及运行证据。
REQ-CF-02241,core-finance,docs/PRD-模型缓存定价与缓存计量.md,7.3 公开价目与查询 API（F09）,### 7.3 公开价目与查询 API（F09）,api,P1,**功能描述**：缓存价通过 API 对用户与公开价目透明可查。,源码路径+行号、对应运行测试或数据库/Redis/队列证据,N/A：原审计记录未提供补充依据；待复核源码、测试及运行证据。
REQ-CF-02242,core-finance,docs/PRD-模型缓存定价与缓存计量.md,7.3 公开价目与查询 API（F09）,### 7.3 公开价目与查询 API（F09）,api,P1,**页面与交互要求**（API 契约按方案 §7.2，接口行为以方案为准）：,源码路径+行号、对应运行测试或数据库/Redis/队列证据,N/A：原审计记录未提供补充依据；待复核源码、测试及运行证据。
REQ-CF-02243,core-finance,docs/PRD-模型缓存定价与缓存计量.md,7.3 公开价目与查询 API（F09）,### 7.3 公开价目与查询 API（F09）,api,P1,"GET /api/v1/me/models/:id/price`：`prices` 增加 `cache_read_input_price` / `cache_write_input_price`；新增 `cache_pricing_mode` 与回退说明（如""cache_read_price_source: discount_rate""）。",源码路径+行号、对应运行测试或数据库/Redis/队列证据,N/A：原审计记录未提供补充依据；待复核源码、测试及运行证据。
REQ-CF-02244,core-finance,docs/PRD-模型缓存定价与缓存计量.md,7.3 公开价目与查询 API（F09）,### 7.3 公开价目与查询 API（F09）,api,P1,GET /api/v1/me/models`：列表项增加 `cache_read_input_price`（轻量，可空）。,源码路径+行号、对应运行测试或数据库/Redis/队列证据,N/A：原审计记录未提供补充依据；待复核源码、测试及运行证据。
REQ-CF-02245,core-finance,docs/PRD-模型缓存定价与缓存计量.md,7.3 公开价目与查询 API（F09）,### 7.3 公开价目与查询 API（F09）,api,P1,GET /api/v1/public/models`：公开价目增加缓存价（无鉴权，价目透明）。,源码路径+行号、对应运行测试或数据库/Redis/队列证据,N/A：原审计记录未提供补充依据；待复核源码、测试及运行证据。
REQ-CF-02246,core-finance,docs/PRD-模型缓存定价与缓存计量.md,7.3 公开价目与查询 API（F09）,### 7.3 公开价目与查询 API（F09）,api,P1,GET /api/v1/admin/pricing` / `PUT /api/v1/admin/pricing/:id`：增/改缓存读取价、写入价；校验：≥0、**无上限**（允许写入价 > 输入价，Anthropic 写入溢价场景）；写入价可空；单位 ¥/1K。,源码路径+行号、对应运行测试或数据库/Redis/队列证据,N/A：原审计记录未提供补充依据；待复核源码、测试及运行证据。
REQ-CF-02247,core-finance,docs/PRD-模型缓存定价与缓存计量.md,7.3 公开价目与查询 API（F09）,### 7.3 公开价目与查询 API（F09）,api,P1,GET /api/v1/admin/vendor-costs`：渠道成本列表增加缓存成本价。,源码路径+行号、对应运行测试或数据库/Redis/队列证据,N/A：原审计记录未提供补充依据；待复核源码、测试及运行证据。
REQ-CF-02248,core-finance,docs/PRD-模型缓存定价与缓存计量.md,7.3 公开价目与查询 API（F09）,### 7.3 公开价目与查询 API（F09）,test,P1,**验收点**：AC-16 ~ AC-20。,源码路径+行号、对应运行测试或数据库/Redis/队列证据,N/A：原审计记录未提供补充依据；待复核源码、测试及运行证据。
REQ-CF-02249,core-finance,docs/PRD-模型缓存定价与缓存计量.md,7.4 调用日志（F14）,### 7.4 调用日志（F14）,logic,P1,"**功能描述**：用户在调用日志中看到""这次调用有多少 token 命中缓存、省了多少钱""。",源码路径+行号、对应运行测试或数据库/Redis/队列证据,N/A：原审计记录未提供补充依据；待复核源码、测试及运行证据。
REQ-CF-02250,core-finance,docs/PRD-模型缓存定价与缓存计量.md,7.4 调用日志（F14）,### 7.4 调用日志（F14）,page,P1,**页面与交互要求**（对齐 `ref-2.2.4` 页面结构）：,源码路径+行号、对应运行测试或数据库/Redis/队列证据,N/A：原审计记录未提供补充依据；待复核源码、测试及运行证据。
REQ-CF-02251,core-finance,docs/PRD-模型缓存定价与缓存计量.md,7.4 调用日志（F14）,### 7.4 调用日志（F14）,logic,P1,表格列新增「缓存命中」：显示 `cache_hit_tokens`；命中 > 0 时高亮并显示 `节省 ¥x`（x = `cache_discount`）。,源码路径+行号、对应运行测试或数据库/Redis/队列证据,N/A：原审计记录未提供补充依据；待复核源码、测试及运行证据。
REQ-CF-02252,core-finance,docs/PRD-模型缓存定价与缓存计量.md,7.4 调用日志（F14）,### 7.4 调用日志（F14）,field,P1,行展开详情新增「缓存计费」区：读取命中/写入 token、对应单价、缓存费用、节省金额（字段：cache_read_tokens / cache_write_tokens / cache_read_price / cache_write_price / cache_hit_cost / cache_write_cost / cache_discount）。,源码路径+行号、对应运行测试或数据库/Redis/队列证据,N/A：原审计记录未提供补充依据；待复核源码、测试及运行证据。
REQ-CF-02253,core-finance,docs/PRD-模型缓存定价与缓存计量.md,7.4 调用日志（F14）,### 7.4 调用日志（F14）,field,P1,"命中 = 0 或字段为空：列显示""—""，不展示高亮（P4 空态）。",源码路径+行号、对应运行测试或数据库/Redis/队列证据,N/A：原审计记录未提供补充依据；待复核源码、测试及运行证据。
REQ-CF-02254,core-finance,docs/PRD-模型缓存定价与缓存计量.md,7.4 调用日志（F14）,### 7.4 调用日志（F14）,logic,P1,CSV/JSON 导出同步增加缓存列（对齐现有导出工具栏）。,源码路径+行号、对应运行测试或数据库/Redis/队列证据,N/A：原审计记录未提供补充依据；待复核源码、测试及运行证据。
REQ-CF-02255,core-finance,docs/PRD-模型缓存定价与缓存计量.md,7.4 调用日志（F14）,### 7.4 调用日志（F14）,test,P1,**验收点**：AC-23、AC-24。,源码路径+行号、对应运行测试或数据库/Redis/队列证据,N/A：原审计记录未提供补充依据；待复核源码、测试及运行证据。
REQ-CF-02256,core-finance,docs/PRD-模型缓存定价与缓存计量.md,7.5 用量统计（F15）,### 7.5 用量统计（F15）,logic,P1,**功能描述**：用户从趋势/构成层面看到缓存消费与月度节省。,源码路径+行号、对应运行测试或数据库/Redis/队列证据,N/A：原审计记录未提供补充依据；待复核源码、测试及运行证据。
REQ-CF-02257,core-finance,docs/PRD-模型缓存定价与缓存计量.md,7.5 用量统计（F15）,### 7.5 用量统计（F15）,page,P1,**页面与交互要求**：,源码路径+行号、对应运行测试或数据库/Redis/队列证据,N/A：原审计记录未提供补充依据；待复核源码、测试及运行证据。
REQ-CF-02258,core-finance,docs/PRD-模型缓存定价与缓存计量.md,7.5 用量统计（F15）,### 7.5 用量统计（F15）,logic,P1,Token 消耗构成堆叠图增加 **缓存命中 / 缓存写入 / 未命中** 三段（未命中 = prompt − 命中 − 写入）。,源码路径+行号、对应运行测试或数据库/Redis/队列证据,N/A：原审计记录未提供补充依据；待复核源码、测试及运行证据。
REQ-CF-02259,core-finance,docs/PRD-模型缓存定价与缓存计量.md,7.5 用量统计（F15）,### 7.5 用量统计（F15）,logic,P1,指标卡新增「本月缓存节省 ¥xx」（= 本月 `cache_discount` 合计；正为节省、负为缓存写入溢价，口径与账单一致）。,源码路径+行号、对应运行测试或数据库/Redis/队列证据,N/A：原审计记录未提供补充依据；待复核源码、测试及运行证据。
REQ-CF-02260,core-finance,docs/PRD-模型缓存定价与缓存计量.md,7.5 用量统计（F15）,### 7.5 用量统计（F15）,action,P1,指标卡旁按钮级 `[?]`（文案见第 9 节）。,源码路径+行号、对应运行测试或数据库/Redis/队列证据,N/A：原审计记录未提供补充依据；待复核源码、测试及运行证据。
REQ-CF-02261,core-finance,docs/PRD-模型缓存定价与缓存计量.md,7.5 用量统计（F15）,### 7.5 用量统计（F15）,test,P1,**验收点**：AC-25、AC-26。,源码路径+行号、对应运行测试或数据库/Redis/队列证据,N/A：原审计记录未提供补充依据；待复核源码、测试及运行证据。
REQ-CF-02262,core-finance,docs/PRD-模型缓存定价与缓存计量.md,7.6 账单（F16）,### 7.6 账单（F16）,logic,P1,**功能描述**：账单可追溯缓存消费明细（PDF 汇总 + CSV 分析）。,源码路径+行号、对应运行测试或数据库/Redis/队列证据,N/A：原审计记录未提供补充依据；待复核源码、测试及运行证据。
REQ-CF-02263,core-finance,docs/PRD-模型缓存定价与缓存计量.md,7.6 账单（F16）,### 7.6 账单（F16）,page,P1,**页面与交互要求**（对齐 `ref-5.2 §4` 账单结构）：,源码路径+行号、对应运行测试或数据库/Redis/队列证据,N/A：原审计记录未提供补充依据；待复核源码、测试及运行证据。
REQ-CF-02264,core-finance,docs/PRD-模型缓存定价与缓存计量.md,7.6 账单（F16）,### 7.6 账单（F16）,logic,P1,by_model` 明细增加 `cache_hit_tokens` / `cache_savings`（= 该模型周期内 `cache_discount` 合计）。,源码路径+行号、对应运行测试或数据库/Redis/队列证据,N/A：原审计记录未提供补充依据；待复核源码、测试及运行证据。
REQ-CF-02265,core-finance,docs/PRD-模型缓存定价与缓存计量.md,7.6 账单（F16）,### 7.6 账单（F16）,logic,P1,CSV 增加列：`cache_hit_tokens` / `cache_write_tokens` / `cache_hit_cost` / `cache_write_cost` / `cache_discount`。,源码路径+行号、对应运行测试或数据库/Redis/队列证据,N/A：原审计记录未提供补充依据；待复核源码、测试及运行证据。
REQ-CF-02266,core-finance,docs/PRD-模型缓存定价与缓存计量.md,7.6 账单（F16）,### 7.6 账单（F16）,logic,P1,PDF 保持现有布局，缓存汇总并入按模型汇总区块（如该模型有缓存消费）。,源码路径+行号、对应运行测试或数据库/Redis/队列证据,N/A：原审计记录未提供补充依据；待复核源码、测试及运行证据。
REQ-CF-02267,core-finance,docs/PRD-模型缓存定价与缓存计量.md,7.6 账单（F16）,### 7.6 账单（F16）,test,P1,**验收点**：AC-27、AC-28。,源码路径+行号、对应运行测试或数据库/Redis/队列证据,N/A：原审计记录未提供补充依据；待复核源码、测试及运行证据。
REQ-CF-02268,core-finance,docs/PRD-模型缓存定价与缓存计量.md,7.7 调用响应 usage 透传（F17）,### 7.7 调用响应 usage 透传（F17）,api,P1,**功能描述**：用户自己的系统可从 API 响应中读取缓存计量（平台归一化口径）。,源码路径+行号、对应运行测试或数据库/Redis/队列证据,N/A：原审计记录未提供补充依据；待复核源码、测试及运行证据。
REQ-CF-02269,core-finance,docs/PRD-模型缓存定价与缓存计量.md,7.7 调用响应 usage 透传（F17）,### 7.7 调用响应 usage 透传（F17）,page,P1,**页面与交互要求**（契约按方案 §8.4）：,源码路径+行号、对应运行测试或数据库/Redis/队列证据,N/A：原审计记录未提供补充依据；待复核源码、测试及运行证据。
REQ-CF-02270,core-finance,docs/PRD-模型缓存定价与缓存计量.md,7.7 调用响应 usage 透传（F17）,### 7.7 调用响应 usage 透传（F17）,field,P1,网关转发响应时透传上游 usage 中的缓存字段，并在 `usage` 上补充平台归一化字段（D-4 定稿，含写入价来源标识）：,源码路径+行号、对应运行测试或数据库/Redis/队列证据,N/A：原审计记录未提供补充依据；待复核源码、测试及运行证据。
REQ-CF-02271,core-finance,docs/PRD-模型缓存定价与缓存计量.md,7.7 调用响应 usage 透传（F17）,### 7.7 调用响应 usage 透传（F17）,logic,P1,cache_write_price_source`：写入价来源标识，`'explicit'`（显式价）或 `'full_price'`（未配置写入价按全价，D-4）。,源码路径+行号、对应运行测试或数据库/Redis/队列证据,N/A：原审计记录未提供补充依据；待复核源码、测试及运行证据。
REQ-CF-02272,core-finance,docs/PRD-模型缓存定价与缓存计量.md,7.7 调用响应 usage 透传（F17）,### 7.7 调用响应 usage 透传（F17）,field,P1,**兼容性**：OpenAI 兼容端点（`/v1/chat/completions` 等）保持原 usage 结构 + 增加扩展字段，不破坏既有解析。,源码路径+行号、对应运行测试或数据库/Redis/队列证据,N/A：原审计记录未提供补充依据；待复核源码、测试及运行证据。
REQ-CF-02273,core-finance,docs/PRD-模型缓存定价与缓存计量.md,7.7 调用响应 usage 透传（F17）,### 7.7 调用响应 usage 透传（F17）,test,P1,**验收点**：AC-29。,源码路径+行号、对应运行测试或数据库/Redis/队列证据,N/A：原审计记录未提供补充依据；待复核源码、测试及运行证据。
REQ-CF-02274,core-finance,docs/PRD-模型缓存定价与缓存计量.md,7.8 Playground / 调用详情实时反馈（F18）,### 7.8 Playground / 调用详情实时反馈（F18）,logic,P1,**功能描述**：交互式场景即时告知缓存收益。,源码路径+行号、对应运行测试或数据库/Redis/队列证据,N/A：原审计记录未提供补充依据；待复核源码、测试及运行证据。
REQ-CF-02275,core-finance,docs/PRD-模型缓存定价与缓存计量.md,7.8 Playground / 调用详情实时反馈（F18）,### 7.8 Playground / 调用详情实时反馈（F18）,page,P1,**页面与交互要求**：,源码路径+行号、对应运行测试或数据库/Redis/队列证据,N/A：原审计记录未提供补充依据；待复核源码、测试及运行证据。
REQ-CF-02276,core-finance,docs/PRD-模型缓存定价与缓存计量.md,7.8 Playground / 调用详情实时反馈（F18）,### 7.8 Playground / 调用详情实时反馈（F18）,logic,P1,"Playground 响应区 / 调用详情页展示""本次调用命中缓存，节省 ¥x""（无命中不展示）。",源码路径+行号、对应运行测试或数据库/Redis/队列证据,N/A：原审计记录未提供补充依据；待复核源码、测试及运行证据。
REQ-CF-02277,core-finance,docs/PRD-模型缓存定价与缓存计量.md,7.8 Playground / 调用详情实时反馈（F18）,### 7.8 Playground / 调用详情实时反馈（F18）,logic,P1,该提示为轻量行内提示，不阻断主流程。,源码路径+行号、对应运行测试或数据库/Redis/队列证据,N/A：原审计记录未提供补充依据；待复核源码、测试及运行证据。
REQ-CF-02278,core-finance,docs/PRD-模型缓存定价与缓存计量.md,7.8 Playground / 调用详情实时反馈（F18）,### 7.8 Playground / 调用详情实时反馈（F18）,test,P1,**验收点**：AC-30。,源码路径+行号、对应运行测试或数据库/Redis/队列证据,N/A：原审计记录未提供补充依据；待复核源码、测试及运行证据。
REQ-CF-02279,core-finance,docs/PRD-模型缓存定价与缓存计量.md,7.9 管理端与结算衔接（F10/F11/F19/F20）,### 7.9 管理端与结算衔接（F10/F11/F19/F20）,logic,P1,**功能描述**：价格配置、成本维护、结算拆分、对账口径全链路闭环。,源码路径+行号、对应运行测试或数据库/Redis/队列证据,N/A：原审计记录未提供补充依据；待复核源码、测试及运行证据。
REQ-CF-02280,core-finance,docs/PRD-模型缓存定价与缓存计量.md,7.9 管理端与结算衔接（F10/F11/F19/F20）,### 7.9 管理端与结算衔接（F10/F11/F19/F20）,page,P1,**页面与交互要求**（对齐 `ref-5.2 §7.1` / `ref-4.3` / `ref-4.15`）：,源码路径+行号、对应运行测试或数据库/Redis/队列证据,N/A：原审计记录未提供补充依据；待复核源码、测试及运行证据。
REQ-CF-02281,core-finance,docs/PRD-模型缓存定价与缓存计量.md,7.9 管理端与结算衔接（F10/F11/F19/F20）,### 7.9 管理端与结算衔接（F10/F11/F19/F20）,logic,P3,价格管理页：表格列增加「缓存读取价 / 缓存写入价」；编辑表单增加两个输入（¥/1K，空 = 跟随折扣率/全价），保存走二次确认 + 审计（P3）。,源码路径+行号、对应运行测试或数据库/Redis/队列证据,N/A：原审计记录未提供补充依据；待复核源码、测试及运行证据。
REQ-CF-02282,core-finance,docs/PRD-模型缓存定价与缓存计量.md,7.9 管理端与结算衔接（F10/F11/F19/F20）,### 7.9 管理端与结算衔接（F10/F11/F19/F20）,logic,P1,渠道成本页：`supplier_models`（方案术语 `vendor_models`）缓存成本价录入/同步展示。,源码路径+行号、对应运行测试或数据库/Redis/队列证据,N/A：原审计记录未提供补充依据；待复核源码、测试及运行证据。
REQ-CF-02283,core-finance,docs/PRD-模型缓存定价与缓存计量.md,7.9 管理端与结算衔接（F10/F11/F19/F20）,### 7.9 管理端与结算衔接（F10/F11/F19/F20）,logic,P1,渠道结算：结算快照按缓存读取/写入成本价拆分 `cachedTokens` / `costCache`（拆分列见 A2）。,源码路径+行号、对应运行测试或数据库/Redis/队列证据,N/A：原审计记录未提供补充依据；待复核源码、测试及运行证据。
REQ-CF-02284,core-finance,docs/PRD-模型缓存定价与缓存计量.md,7.9 管理端与结算衔接（F10/F11/F19/F20）,### 7.9 管理端与结算衔接（F10/F11/F19/F20）,logic,P1,"对账：对账口径同步使用显式缓存价；`consumption_records` 定价快照列支撑差异核查（争议类型""缓存计费""的核查口径由 `cache_discount_rate` 扩展为显式缓存价）。",源码路径+行号、对应运行测试或数据库/Redis/队列证据,N/A：原审计记录未提供补充依据；待复核源码、测试及运行证据。
REQ-CF-02285,core-finance,docs/PRD-模型缓存定价与缓存计量.md,7.9 管理端与结算衔接（F10/F11/F19/F20）,### 7.9 管理端与结算衔接（F10/F11/F19/F20）,test,P1,**验收点**：AC-19、AC-20、AC-31 ~ AC-34。,源码路径+行号、对应运行测试或数据库/Redis/队列证据,N/A：原审计记录未提供补充依据；待复核源码、测试及运行证据。
REQ-CF-02286,core-finance,docs/PRD-模型缓存定价与缓存计量.md,8. 验收标准（业务验收清单）,每项可勾选、可执行、可测，均标注验证方式。测试执行归属 test-agent；下表为业务口径。,test,P1,每项可勾选、可执行、可测，均标注验证方式。测试执行归属 test-agent；下表为业务口径。,源码路径+行号、对应运行测试或数据库/Redis/队列证据,N/A：原审计记录未提供补充依据；待复核源码、测试及运行证据。
REQ-CF-02287,core-finance,docs/PRD-模型缓存定价与缓存计量.md,A. 上游 usage 归一化（P0）,**AC-01** DeepSeek usage 样例（`prompt_cache_hit_tokens` / `prompt_cache_miss_tokens`）→ `cacheReadTokens` 正确、miss 不单独计。*验证方式：构造三份样例输入，单测/接口断言归一化结果*,api,P0,**AC-01** DeepSeek usage 样例（`prompt_cache_hit_tokens` / `prompt_cache_miss_tokens`）→ `cacheReadTokens` 正确、miss 不单独计。*验证方式：构造三份样例输入，单测/接口断言归一化结果*,源码路径+行号、对应运行测试或数据库/Redis/队列证据,N/A：原审计记录未提供补充依据；待复核源码、测试及运行证据。
REQ-CF-02288,core-finance,docs/PRD-模型缓存定价与缓存计量.md,A. 上游 usage 归一化（P0）,**AC-02** Anthropic usage 样例（`cache_read_input_tokens` / `cache_creation_input_tokens`）→ `cacheReadTokens` / `cacheWriteTokens` 分别正确。*验证方式：同 AC-01*,logic,P0,**AC-02** Anthropic usage 样例（`cache_read_input_tokens` / `cache_creation_input_tokens`）→ `cacheReadTokens` / `cacheWriteTokens` 分别正确。*验证方式：同 AC-01*,源码路径+行号、对应运行测试或数据库/Redis/队列证据,N/A：原审计记录未提供补充依据；待复核源码、测试及运行证据。
REQ-CF-02289,core-finance,docs/PRD-模型缓存定价与缓存计量.md,A. 上游 usage 归一化（P0）,**AC-03** OpenAI usage 样例（`prompt_tokens_details.cached_tokens`）→ `cacheReadTokens` 正确。*验证方式：同 AC-01*,logic,P0,**AC-03** OpenAI usage 样例（`prompt_tokens_details.cached_tokens`）→ `cacheReadTokens` 正确。*验证方式：同 AC-01*,源码路径+行号、对应运行测试或数据库/Redis/队列证据,N/A：原审计记录未提供补充依据；待复核源码、测试及运行证据。
REQ-CF-02290,core-finance,docs/PRD-模型缓存定价与缓存计量.md,A. 上游 usage 归一化（P0）,**AC-04** 上游无缓存字段 → `cacheReadTokens = cacheWriteTokens = 0`，公式退化为全价，计费结果与旧版一致。*验证方式：对照旧版计费输出*,field,P0,**AC-04** 上游无缓存字段 → `cacheReadTokens = cacheWriteTokens = 0`，公式退化为全价，计费结果与旧版一致。*验证方式：对照旧版计费输出*,源码路径+行号、对应运行测试或数据库/Redis/队列证据,N/A：原审计记录未提供补充依据；待复核源码、测试及运行证据。
REQ-CF-02291,core-finance,docs/PRD-模型缓存定价与缓存计量.md,A. 上游 usage 归一化（P0）,"**AC-05** `cacheReadTokens + cacheWriteTokens > prompt_tokens` → **read 优先保留，write 收敛到 max(prompt − read, 0)**（D-11）。*验证方式：构造超限样例，断言收敛结果*",logic,P0,"**AC-05** `cacheReadTokens + cacheWriteTokens > prompt_tokens` → **read 优先保留，write 收敛到 max(prompt − read, 0)**（D-11）。*验证方式：构造超限样例，断言收敛结果*",源码路径+行号、对应运行测试或数据库/Redis/队列证据,N/A：原审计记录未提供补充依据；待复核源码、测试及运行证据。
REQ-CF-02292,core-finance,docs/PRD-模型缓存定价与缓存计量.md,A. 上游 usage 归一化（P0）,**AC-06** 新价格字段单位契约：录入/存储/API 均按 ¥/1K（不得按 /1M 值入库）。*验证方式：接口契约 + 存储值核对*（÷1000 自动换算属 P3 价格同步引擎 F21 验收，P0 不覆盖）,test,P3,**AC-06** 新价格字段单位契约：录入/存储/API 均按 ¥/1K（不得按 /1M 值入库）。*验证方式：接口契约 + 存储值核对*（÷1000 自动换算属 P3 价格同步引擎 F21 验收，P0 不覆盖）,源码路径+行号、对应运行测试或数据库/Redis/队列证据,N/A：原审计记录未提供补充依据；待复核源码、测试及运行证据。
REQ-CF-02293,core-finance,docs/PRD-模型缓存定价与缓存计量.md,B. 计费引擎（P0）,**AC-07** 显式价计费正确：按 4.1 公式逐项核对样例（命中×读价 + 写入×写价 + 未命中×输入价 + 输出×输出价）× 用户折扣。*验证方式：手工计算对照接口返回 cost*,api,P0,**AC-07** 显式价计费正确：按 4.1 公式逐项核对样例（命中×读价 + 写入×写价 + 未命中×输入价 + 输出×输出价）× 用户折扣。*验证方式：手工计算对照接口返回 cost*,源码路径+行号、对应运行测试或数据库/Redis/队列证据,N/A：原审计记录未提供补充依据；待复核源码、测试及运行证据。
REQ-CF-02294,core-finance,docs/PRD-模型缓存定价与缓存计量.md,B. 计费引擎（P0）,**AC-08** 价格解析逐级回退正确：构造 4 种配置组合（P0 生效 4 级，级 1 缺省），断言命中价格来源与最终单价。*验证方式：配置矩阵 + 接口断言*,api,P0,**AC-08** 价格解析逐级回退正确：构造 4 种配置组合（P0 生效 4 级，级 1 缺省），断言命中价格来源与最终单价。*验证方式：配置矩阵 + 接口断言*,源码路径+行号、对应运行测试或数据库/Redis/队列证据,N/A：原审计记录未提供补充依据；待复核源码、测试及运行证据。
REQ-CF-02295,core-finance,docs/PRD-模型缓存定价与缓存计量.md,B. 计费引擎（P0）,"**AC-09** 写入价缺失 → 按生效输入价全价计，且快照/日志可辨识""未配置写入价""。*验证方式：数据核对 + 日志字段检查*",field,P0,"**AC-09** 写入价缺失 → 按生效输入价全价计，且快照/日志可辨识""未配置写入价""。*验证方式：数据核对 + 日志字段检查*",源码路径+行号、对应运行测试或数据库/Redis/队列证据,N/A：原审计记录未提供补充依据；待复核源码、测试及运行证据。
REQ-CF-02296,core-finance,docs/PRD-模型缓存定价与缓存计量.md,B. 计费引擎（P0）,**AC-10** `cache_pricing_mode = discount_rate` 时行为与旧版（ref-5.2 §3.2.1）完全一致（写入全价 + 读取折扣率）。*验证方式：新旧引擎结果比对*,logic,P0,**AC-10** `cache_pricing_mode = discount_rate` 时行为与旧版（ref-5.2 §3.2.1）完全一致（写入全价 + 读取折扣率）。*验证方式：新旧引擎结果比对*,源码路径+行号、对应运行测试或数据库/Redis/队列证据,N/A：原审计记录未提供补充依据；待复核源码、测试及运行证据。
REQ-CF-02297,core-finance,docs/PRD-模型缓存定价与缓存计量.md,B. 计费引擎（P0）,**AC-11** 存量未配置显式缓存价模型计费结果与现状一致（折扣 0.1 回退，无行为变更）。*验证方式：存量调用重放比对*,logic,P0,**AC-11** 存量未配置显式缓存价模型计费结果与现状一致（折扣 0.1 回退，无行为变更）。*验证方式：存量调用重放比对*,源码路径+行号、对应运行测试或数据库/Redis/队列证据,N/A：原审计记录未提供补充依据；待复核源码、测试及运行证据。
REQ-CF-02298,core-finance,docs/PRD-模型缓存定价与缓存计量.md,B. 计费引擎（P0）,"**AC-12** 精度规则生效：价格 18,6 / 金额 18,8 / token 整数 / 批量按每笔计算后汇总；舍入不溢出。*验证方式：边界样例 + 数据抽样*",boundary,P0,"**AC-12** 精度规则生效：价格 18,6 / 金额 18,8 / token 整数 / 批量按每笔计算后汇总；舍入不溢出。*验证方式：边界样例 + 数据抽样*",源码路径+行号、对应运行测试或数据库/Redis/队列证据,N/A：原审计记录未提供补充依据；待复核源码、测试及运行证据。
REQ-CF-02299,core-finance,docs/PRD-模型缓存定价与缓存计量.md,B. 计费引擎（P0）,**AC-13** `consumption_records` 定价快照列（cache_read_input_price / cache_write_input_price）正确落库（含回退来源对应的最终值）。*验证方式：抽样调用核对快照列*,db,P0,**AC-13** `consumption_records` 定价快照列（cache_read_input_price / cache_write_input_price）正确落库（含回退来源对应的最终值）。*验证方式：抽样调用核对快照列*,源码路径+行号、对应运行测试或数据库/Redis/队列证据,N/A：原审计记录未提供补充依据；待复核源码、测试及运行证据。
REQ-CF-02300,core-finance,docs/PRD-模型缓存定价与缓存计量.md,B. 计费引擎（P0）,**AC-14** 流式 `stream_options.include_usage` 场景缓存计费生效（含缓存字段时）。*验证方式：流式调用 + usage 断言*,field,P0,**AC-14** 流式 `stream_options.include_usage` 场景缓存计费生效（含缓存字段时）。*验证方式：流式调用 + usage 断言*,源码路径+行号、对应运行测试或数据库/Redis/队列证据,N/A：原审计记录未提供补充依据；待复核源码、测试及运行证据。
REQ-CF-02301,core-finance,docs/PRD-模型缓存定价与缓存计量.md,B. 计费引擎（P0）,**AC-15** `cache_pricing_mode` 切换即时生效（价格缓存 TTL 内），存量请求不受影响。*验证方式：切换前后调用比对 + 缓存失效验证*,logic,P0,**AC-15** `cache_pricing_mode` 切换即时生效（价格缓存 TTL 内），存量请求不受影响。*验证方式：切换前后调用比对 + 缓存失效验证*,源码路径+行号、对应运行测试或数据库/Redis/队列证据,N/A：原审计记录未提供补充依据；待复核源码、测试及运行证据。
REQ-CF-02302,core-finance,docs/PRD-模型缓存定价与缓存计量.md,C. 用户查询面（P1）,**AC-16** `/me/models/:id/price` 返回 `cache_read_input_price` / `cache_write_input_price` / `cache_pricing_mode` / 回退说明。*验证方式：接口契约测试*,test,P1,**AC-16** `/me/models/:id/price` 返回 `cache_read_input_price` / `cache_write_input_price` / `cache_pricing_mode` / 回退说明。*验证方式：接口契约测试*,源码路径+行号、对应运行测试或数据库/Redis/队列证据,N/A：原审计记录未提供补充依据；待复核源码、测试及运行证据。
REQ-CF-02303,core-finance,docs/PRD-模型缓存定价与缓存计量.md,C. 用户查询面（P1）,**AC-17** `/me/models` 列表项返回 `cache_read_input_price`（可空）。*验证方式：接口契约测试*,test,P1,**AC-17** `/me/models` 列表项返回 `cache_read_input_price`（可空）。*验证方式：接口契约测试*,源码路径+行号、对应运行测试或数据库/Redis/队列证据,N/A：原审计记录未提供补充依据；待复核源码、测试及运行证据。
REQ-CF-02304,core-finance,docs/PRD-模型缓存定价与缓存计量.md,C. 用户查询面（P1）,**AC-18** `/public/models` 公开价目含缓存价（无鉴权可访问）。*验证方式：匿名请求测试*,test,P1,**AC-18** `/public/models` 公开价目含缓存价（无鉴权可访问）。*验证方式：匿名请求测试*,源码路径+行号、对应运行测试或数据库/Redis/队列证据,N/A：原审计记录未提供补充依据；待复核源码、测试及运行证据。
REQ-CF-02305,core-finance,docs/PRD-模型缓存定价与缓存计量.md,C. 用户查询面（P1）,**AC-19** 管理端缓存价 CRUD 校验：读取价/写入价 ≥ 0（无上限，允许写入价 > 输入价）、写入价可空、单位提示 ¥/1K、非法值拒绝并告警（对齐 ref-5.2 §八）。*验证方式：接口校验用例*,api,P1,**AC-19** 管理端缓存价 CRUD 校验：读取价/写入价 ≥ 0（无上限，允许写入价 > 输入价）、写入价可空、单位提示 ¥/1K、非法值拒绝并告警（对齐 ref-5.2 §八）。*验证方式：接口校验用例*,源码路径+行号、对应运行测试或数据库/Redis/队列证据,N/A：原审计记录未提供补充依据；待复核源码、测试及运行证据。
REQ-CF-02306,core-finance,docs/PRD-模型缓存定价与缓存计量.md,C. 用户查询面（P1）,**AC-20** 渠道成本页 / ref-4.10 自助页缓存成本价录入与展示。*验证方式：UI 检查 + 数据核对*,logic,P1,**AC-20** 渠道成本页 / ref-4.10 自助页缓存成本价录入与展示。*验证方式：UI 检查 + 数据核对*,源码路径+行号、对应运行测试或数据库/Redis/队列证据,N/A：原审计记录未提供补充依据；待复核源码、测试及运行证据。
REQ-CF-02307,core-finance,docs/PRD-模型缓存定价与缓存计量.md,C. 用户查询面（P1）,**AC-21** ModelCard 有缓存读取价的模型展示 `输入/输出/缓存读取` 三段；无缓存能力模型不显示缓存段。*验证方式：UI 检查（含无缓存价模型）*,logic,P1,**AC-21** ModelCard 有缓存读取价的模型展示 `输入/输出/缓存读取` 三段；无缓存能力模型不显示缓存段。*验证方式：UI 检查（含无缓存价模型）*,源码路径+行号、对应运行测试或数据库/Redis/队列证据,N/A：原审计记录未提供补充依据；待复核源码、测试及运行证据。
REQ-CF-02308,core-finance,docs/PRD-模型缓存定价与缓存计量.md,C. 用户查询面（P1）,**AC-22** PriceDetailModal「缓存计费」区块展示读取/写入单价、示例换算、回退来源标注、`[?]` 帮助。*验证方式：UI 检查 + 帮助内容核对*,logic,P1,**AC-22** PriceDetailModal「缓存计费」区块展示读取/写入单价、示例换算、回退来源标注、`[?]` 帮助。*验证方式：UI 检查 + 帮助内容核对*,源码路径+行号、对应运行测试或数据库/Redis/队列证据,N/A：原审计记录未提供补充依据；待复核源码、测试及运行证据。
REQ-CF-02309,core-finance,docs/PRD-模型缓存定价与缓存计量.md,D. 消费透出（P2）,"**AC-23** 调用日志表格「缓存命中」列展示 `cache_hit_tokens`，命中 > 0 高亮 + `节省 ¥x`；无命中显示""—""。*验证方式：UI 检查 + 数据抽样*",logic,P2,"**AC-23** 调用日志表格「缓存命中」列展示 `cache_hit_tokens`，命中 > 0 高亮 + `节省 ¥x`；无命中显示""—""。*验证方式：UI 检查 + 数据抽样*",源码路径+行号、对应运行测试或数据库/Redis/队列证据,N/A：原审计记录未提供补充依据；待复核源码、测试及运行证据。
REQ-CF-02310,core-finance,docs/PRD-模型缓存定价与缓存计量.md,D. 消费透出（P2）,**AC-24** 调用日志行展开「缓存计费」区字段齐全（读取/写入 token、单价、费用、节省）。*验证方式：UI 检查 + 与 consumption_records 字段核对*,field,P2,**AC-24** 调用日志行展开「缓存计费」区字段齐全（读取/写入 token、单价、费用、节省）。*验证方式：UI 检查 + 与 consumption_records 字段核对*,源码路径+行号、对应运行测试或数据库/Redis/队列证据,N/A：原审计记录未提供补充依据；待复核源码、测试及运行证据。
REQ-CF-02311,core-finance,docs/PRD-模型缓存定价与缓存计量.md,D. 消费透出（P2）,**AC-25** 用量统计 Token 消耗构成堆叠图含 缓存命中/缓存写入/未命中 三段，合计 = prompt_tokens。*验证方式：图表数据核对*,logic,P2,**AC-25** 用量统计 Token 消耗构成堆叠图含 缓存命中/缓存写入/未命中 三段，合计 = prompt_tokens。*验证方式：图表数据核对*,源码路径+行号、对应运行测试或数据库/Redis/队列证据,N/A：原审计记录未提供补充依据；待复核源码、测试及运行证据。
REQ-CF-02312,core-finance,docs/PRD-模型缓存定价与缓存计量.md,D. 消费透出（P2）,**AC-26** 「本月缓存节省」指标卡 = 本月 `cache_discount` 合计，口径与账单一致。*验证方式：统计口径交叉核对*,logic,P2,**AC-26** 「本月缓存节省」指标卡 = 本月 `cache_discount` 合计，口径与账单一致。*验证方式：统计口径交叉核对*,源码路径+行号、对应运行测试或数据库/Redis/队列证据,N/A：原审计记录未提供补充依据；待复核源码、测试及运行证据。
REQ-CF-02313,core-finance,docs/PRD-模型缓存定价与缓存计量.md,D. 消费透出（P2）,**AC-27** 账单 `by_model` 明细含 `cache_hit_tokens` / `cache_savings`。*验证方式：账单数据核对*,logic,P2,**AC-27** 账单 `by_model` 明细含 `cache_hit_tokens` / `cache_savings`。*验证方式：账单数据核对*,源码路径+行号、对应运行测试或数据库/Redis/队列证据,N/A：原审计记录未提供补充依据；待复核源码、测试及运行证据。
REQ-CF-02314,core-finance,docs/PRD-模型缓存定价与缓存计量.md,D. 消费透出（P2）,**AC-28** 账单 CSV 含 `cache_hit_tokens/cache_write_tokens/cache_hit_cost/cache_write_cost/cache_discount` 五列且数值正确。*验证方式：CSV 下载核对*,logic,P2,**AC-28** 账单 CSV 含 `cache_hit_tokens/cache_write_tokens/cache_hit_cost/cache_write_cost/cache_discount` 五列且数值正确。*验证方式：CSV 下载核对*,源码路径+行号、对应运行测试或数据库/Redis/队列证据,N/A：原审计记录未提供补充依据；待复核源码、测试及运行证据。
REQ-CF-02315,core-finance,docs/PRD-模型缓存定价与缓存计量.md,D. 消费透出（P2）,**AC-29** 调用响应 usage 透传 + 扩展字段（`cache_read_tokens` 等）；OpenAI 兼容端点原结构不被破坏。*验证方式：抓包/响应断言 + 兼容性回归*,field,P2,**AC-29** 调用响应 usage 透传 + 扩展字段（`cache_read_tokens` 等）；OpenAI 兼容端点原结构不被破坏。*验证方式：抓包/响应断言 + 兼容性回归*,源码路径+行号、对应运行测试或数据库/Redis/队列证据,N/A：原审计记录未提供补充依据；待复核源码、测试及运行证据。
REQ-CF-02316,core-finance,docs/PRD-模型缓存定价与缓存计量.md,D. 消费透出（P2）,"**AC-30** Playground / 调用详情页命中缓存时展示""节省 ¥x""，未命中不展示。*验证方式：UI 检查*",logic,P2,"**AC-30** Playground / 调用详情页命中缓存时展示""节省 ¥x""，未命中不展示。*验证方式：UI 检查*",源码路径+行号、对应运行测试或数据库/Redis/队列证据,N/A：原审计记录未提供补充依据；待复核源码、测试及运行证据。
REQ-CF-02317,core-finance,docs/PRD-模型缓存定价与缓存计量.md,E. 结算与对账（P3）,**AC-31** 结算快照 `unitPriceCache` 取值源切换为 `cost_cache_read_input_price` / `cost_cache_write_input_price`。*验证方式：结算生成数据核对*,logic,P3,**AC-31** 结算快照 `unitPriceCache` 取值源切换为 `cost_cache_read_input_price` / `cost_cache_write_input_price`。*验证方式：结算生成数据核对*,源码路径+行号、对应运行测试或数据库/Redis/队列证据,N/A：原审计记录未提供补充依据；待复核源码、测试及运行证据。
REQ-CF-02318,core-finance,docs/PRD-模型缓存定价与缓存计量.md,E. 结算与对账（P3）,**AC-32** 结算明细 `cachedTokens` / `costCache` 按读取/写入拆分正确，与 consumption_records 聚合一致。*验证方式：抽样 5 条模型明细手动核算*,logic,P3,**AC-32** 结算明细 `cachedTokens` / `costCache` 按读取/写入拆分正确，与 consumption_records 聚合一致。*验证方式：抽样 5 条模型明细手动核算*,源码路径+行号、对应运行测试或数据库/Redis/队列证据,N/A：原审计记录未提供补充依据；待复核源码、测试及运行证据。
REQ-CF-02319,core-finance,docs/PRD-模型缓存定价与缓存计量.md,E. 结算与对账（P3）,**AC-33** 对账口径使用显式缓存价；`consumption_records` 定价快照列可支撑金额差异核查。*验证方式：构造差异场景验证核查路径*,logic,P3,**AC-33** 对账口径使用显式缓存价；`consumption_records` 定价快照列可支撑金额差异核查。*验证方式：构造差异场景验证核查路径*,源码路径+行号、对应运行测试或数据库/Redis/队列证据,N/A：原审计记录未提供补充依据；待复核源码、测试及运行证据。
REQ-CF-02320,core-finance,docs/PRD-模型缓存定价与缓存计量.md,E. 结算与对账（P3）,"**AC-34** 争议类型""缓存计费""核查口径含显式缓存价（不再仅折扣率）。*验证方式：争议处理用例*",logic,P3,"**AC-34** 争议类型""缓存计费""核查口径含显式缓存价（不再仅折扣率）。*验证方式：争议处理用例*",源码路径+行号、对应运行测试或数据库/Redis/队列证据,N/A：原审计记录未提供补充依据；待复核源码、测试及运行证据。
REQ-CF-02321,core-finance,docs/PRD-模型缓存定价与缓存计量.md,F. 帮助与兼容（跨阶段）,**AC-35** 帮助中心《模型缓存计费说明》上线（缓存是什么/哪些模型支持/怎么查价/怎么在日志看命中）。*验证方式：帮助中心 UI 检查*,logic,P1,**AC-35** 帮助中心《模型缓存计费说明》上线（缓存是什么/哪些模型支持/怎么查价/怎么在日志看命中）。*验证方式：帮助中心 UI 检查*,源码路径+行号、对应运行测试或数据库/Redis/队列证据,N/A：原审计记录未提供补充依据；待复核源码、测试及运行证据。
REQ-CF-02322,core-finance,docs/PRD-模型缓存定价与缓存计量.md,F. 帮助与兼容（跨阶段）,**AC-36** 价格变更通知（§5.5）覆盖缓存价变更（fields 变更集合含缓存读取/写入价，成本侧与售价侧）。*验证方式：触发变更 → 通知内容断言*,logic,P1,**AC-36** 价格变更通知（§5.5）覆盖缓存价变更（fields 变更集合含缓存读取/写入价，成本侧与售价侧）。*验证方式：触发变更 → 通知内容断言*,源码路径+行号、对应运行测试或数据库/Redis/队列证据,N/A：原审计记录未提供补充依据；待复核源码、测试及运行证据。
REQ-CF-02323,core-finance,docs/PRD-模型缓存定价与缓存计量.md,F. 帮助与兼容（跨阶段）,**AC-37** **P1 合规**：本期涉及页面标题旁有 `[?]` 页面帮助、每个按钮/操作入口有 `[?]` 按钮帮助，内容与本 PRD 第 9 节一致。*验证方式：UI 逐页检查（违反即不入开发/不验收）*,test,P1,**AC-37** **P1 合规**：本期涉及页面标题旁有 `[?]` 页面帮助、每个按钮/操作入口有 `[?]` 按钮帮助，内容与本 PRD 第 9 节一致。*验证方式：UI 逐页检查（违反即不入开发/不验收）*,源码路径+行号、对应运行测试或数据库/Redis/队列证据,N/A：原审计记录未提供补充依据；待复核源码、测试及运行证据。
REQ-CF-02324,core-finance,docs/PRD-模型缓存定价与缓存计量.md,F. 帮助与兼容（跨阶段）,**AC-38** 存量数据无迁移、存量未配置模型计费行为不变；`discount_rate` 模式可一键回退。*验证方式：升级前/后行为比对 + 灰度开关演练*,logic,P1,**AC-38** 存量数据无迁移、存量未配置模型计费行为不变；`discount_rate` 模式可一键回退。*验证方式：升级前/后行为比对 + 灰度开关演练*,源码路径+行号、对应运行测试或数据库/Redis/队列证据,N/A：原审计记录未提供补充依据；待复核源码、测试及运行证据。
REQ-CF-02325,core-finance,docs/PRD-模型缓存定价与缓存计量.md,F. 帮助与兼容（跨阶段）,**AC-39** 配置显式缓存价后金额变化 → 按 §5.5 流程通知受影响用户（涨价/降价分级）。*验证方式：变更 → 通知用例*,logic,P1,**AC-39** 配置显式缓存价后金额变化 → 按 §5.5 流程通知受影响用户（涨价/降价分级）。*验证方式：变更 → 通知用例*,源码路径+行号、对应运行测试或数据库/Redis/队列证据,N/A：原审计记录未提供补充依据；待复核源码、测试及运行证据。
REQ-CF-02326,core-finance,docs/PRD-模型缓存定价与缓存计量.md,9. [?] 帮助对照表（产品设计基础要求，P1 不可降级）,数据源：以下内容作为各页面 `PageHelp` 弹窗 / 各按钮 `ButtonHelp` Tooltip 内容（pageKey 建议由 frontend-agent 按现有帮助组件约定落地）。,action,P1,数据源：以下内容作为各页面 `PageHelp` 弹窗 / 各按钮 `ButtonHelp` Tooltip 内容（pageKey 建议由 frontend-agent 按现有帮助组件约定落地）。,源码路径+行号、对应运行测试或数据库/Redis/队列证据,N/A：原审计记录未提供补充依据；待复核源码、测试及运行证据。
REQ-CF-02327,core-finance,docs/PRD-模型缓存定价与缓存计量.md,9.1 [?] 页面帮助,"| `model-center` | 用户端 → 模型中心（价格明细弹窗） | user / agent | 展示模型缓存计费单价（读取/写入）与示例换算，帮助用户预知缓存调用成本 | 查看缓存读取价、缓存写入价（如有）、""命中 1K tokens 仅 ¥z""示例 | 缓存价与计费引擎同源；未配置显式价的模型命中部分按输入价 × 折扣率计费；写入价仅部分模型（Anthropic 系）支持 | Q: 缓存读取价是什么？A: 输入提示词与历史请求重复部分按此价计费。Q: 为什么这个模型没有缓存价？A: 该模型上游未发布缓存价格或不支持缓存计费。 |",page,P1,pageKey（建议）应满足：`model-center`,源码路径+行号、对应运行测试或数据库/Redis/队列证据,表格单元格已拆为单一字段断言
REQ-CF-02328,core-finance,docs/PRD-模型缓存定价与缓存计量.md,9.1 [?] 页面帮助,"| `model-center` | 用户端 → 模型中心（价格明细弹窗） | user / agent | 展示模型缓存计费单价（读取/写入）与示例换算，帮助用户预知缓存调用成本 | 查看缓存读取价、缓存写入价（如有）、""命中 1K tokens 仅 ¥z""示例 | 缓存价与计费引擎同源；未配置显式价的模型命中部分按输入价 × 折扣率计费；写入价仅部分模型（Anthropic 系）支持 | Q: 缓存读取价是什么？A: 输入提示词与历史请求重复部分按此价计费。Q: 为什么这个模型没有缓存价？A: 该模型上游未发布缓存价格或不支持缓存计费。 |",logic,P1,页面应满足：用户端 → 模型中心（价格明细弹窗）,源码路径+行号、对应运行测试或数据库/Redis/队列证据,表格单元格已拆为单一字段断言
REQ-CF-02329,core-finance,docs/PRD-模型缓存定价与缓存计量.md,9.1 [?] 页面帮助,"| `model-center` | 用户端 → 模型中心（价格明细弹窗） | user / agent | 展示模型缓存计费单价（读取/写入）与示例换算，帮助用户预知缓存调用成本 | 查看缓存读取价、缓存写入价（如有）、""命中 1K tokens 仅 ¥z""示例 | 缓存价与计费引擎同源；未配置显式价的模型命中部分按输入价 × 折扣率计费；写入价仅部分模型（Anthropic 系）支持 | Q: 缓存读取价是什么？A: 输入提示词与历史请求重复部分按此价计费。Q: 为什么这个模型没有缓存价？A: 该模型上游未发布缓存价格或不支持缓存计费。 |",permission,P1,适用角色应满足：user / agent,源码路径+行号、对应运行测试或数据库/Redis/队列证据,表格单元格已拆为单一字段断言
REQ-CF-02330,core-finance,docs/PRD-模型缓存定价与缓存计量.md,9.1 [?] 页面帮助,"| `model-center` | 用户端 → 模型中心（价格明细弹窗） | user / agent | 展示模型缓存计费单价（读取/写入）与示例换算，帮助用户预知缓存调用成本 | 查看缓存读取价、缓存写入价（如有）、""命中 1K tokens 仅 ¥z""示例 | 缓存价与计费引擎同源；未配置显式价的模型命中部分按输入价 × 折扣率计费；写入价仅部分模型（Anthropic 系）支持 | Q: 缓存读取价是什么？A: 输入提示词与历史请求重复部分按此价计费。Q: 为什么这个模型没有缓存价？A: 该模型上游未发布缓存价格或不支持缓存计费。 |",logic,P1,功能定位应满足：展示模型缓存计费单价（读取/写入）与示例换算，帮助用户预知缓存调用成本,源码路径+行号、对应运行测试或数据库/Redis/队列证据,表格单元格已拆为单一字段断言
REQ-CF-02331,core-finance,docs/PRD-模型缓存定价与缓存计量.md,9.1 [?] 页面帮助,"| `model-center` | 用户端 → 模型中心（价格明细弹窗） | user / agent | 展示模型缓存计费单价（读取/写入）与示例换算，帮助用户预知缓存调用成本 | 查看缓存读取价、缓存写入价（如有）、""命中 1K tokens 仅 ¥z""示例 | 缓存价与计费引擎同源；未配置显式价的模型命中部分按输入价 × 折扣率计费；写入价仅部分模型（Anthropic 系）支持 | Q: 缓存读取价是什么？A: 输入提示词与历史请求重复部分按此价计费。Q: 为什么这个模型没有缓存价？A: 该模型上游未发布缓存价格或不支持缓存计费。 |",logic,P1,"核心操作应满足：查看缓存读取价、缓存写入价（如有）、""命中 1K tokens 仅 ¥z""示例",源码路径+行号、对应运行测试或数据库/Redis/队列证据,表格单元格已拆为单一字段断言
REQ-CF-02332,core-finance,docs/PRD-模型缓存定价与缓存计量.md,9.1 [?] 页面帮助,"| `model-center` | 用户端 → 模型中心（价格明细弹窗） | user / agent | 展示模型缓存计费单价（读取/写入）与示例换算，帮助用户预知缓存调用成本 | 查看缓存读取价、缓存写入价（如有）、""命中 1K tokens 仅 ¥z""示例 | 缓存价与计费引擎同源；未配置显式价的模型命中部分按输入价 × 折扣率计费；写入价仅部分模型（Anthropic 系）支持 | Q: 缓存读取价是什么？A: 输入提示词与历史请求重复部分按此价计费。Q: 为什么这个模型没有缓存价？A: 该模型上游未发布缓存价格或不支持缓存计费。 |",logic,P1,注意事项应满足：缓存价与计费引擎同源；未配置显式价的模型命中部分按输入价 × 折扣率计费；写入价仅部分模型（Anthropic 系）支持,源码路径+行号、对应运行测试或数据库/Redis/队列证据,表格单元格已拆为单一字段断言
REQ-CF-02333,core-finance,docs/PRD-模型缓存定价与缓存计量.md,9.1 [?] 页面帮助,"| `model-center` | 用户端 → 模型中心（价格明细弹窗） | user / agent | 展示模型缓存计费单价（读取/写入）与示例换算，帮助用户预知缓存调用成本 | 查看缓存读取价、缓存写入价（如有）、""命中 1K tokens 仅 ¥z""示例 | 缓存价与计费引擎同源；未配置显式价的模型命中部分按输入价 × 折扣率计费；写入价仅部分模型（Anthropic 系）支持 | Q: 缓存读取价是什么？A: 输入提示词与历史请求重复部分按此价计费。Q: 为什么这个模型没有缓存价？A: 该模型上游未发布缓存价格或不支持缓存计费。 |",logic,P1,常见问题应满足：Q: 缓存读取价是什么？A: 输入提示词与历史请求重复部分按此价计费。Q: 为什么这个模型没有缓存价？A: 该模型上游未发布缓存价格或不支持缓存计费。,源码路径+行号、对应运行测试或数据库/Redis/队列证据,表格单元格已拆为单一字段断言
REQ-CF-02334,core-finance,docs/PRD-模型缓存定价与缓存计量.md,9.1 [?] 页面帮助,"| `console-logs` | 用户端 → 调用日志 | user / agent | 查看每次调用的缓存命中/写入 token 与节省金额 | 查看「缓存命中」列与行展开「缓存计费」详情；导出 CSV/JSON | 命中为 0 或字段为空时显示""—""；节省金额口径 = 未命中全价 − 实际计费 | Q: 为什么有的调用没有缓存信息？A: 上游未返回缓存字段或该模型无缓存计费能力。 |",page,P1,pageKey（建议）应满足：`console-logs`,源码路径+行号、对应运行测试或数据库/Redis/队列证据,表格单元格已拆为单一字段断言
REQ-CF-02335,core-finance,docs/PRD-模型缓存定价与缓存计量.md,9.1 [?] 页面帮助,"| `console-logs` | 用户端 → 调用日志 | user / agent | 查看每次调用的缓存命中/写入 token 与节省金额 | 查看「缓存命中」列与行展开「缓存计费」详情；导出 CSV/JSON | 命中为 0 或字段为空时显示""—""；节省金额口径 = 未命中全价 − 实际计费 | Q: 为什么有的调用没有缓存信息？A: 上游未返回缓存字段或该模型无缓存计费能力。 |",page,P1,页面应满足：用户端 → 调用日志,源码路径+行号、对应运行测试或数据库/Redis/队列证据,表格单元格已拆为单一字段断言
REQ-CF-02337,core-finance,docs/PRD-模型缓存定价与缓存计量.md,9.1 [?] 页面帮助,"| `console-logs` | 用户端 → 调用日志 | user / agent | 查看每次调用的缓存命中/写入 token 与节省金额 | 查看「缓存命中」列与行展开「缓存计费」详情；导出 CSV/JSON | 命中为 0 或字段为空时显示""—""；节省金额口径 = 未命中全价 − 实际计费 | Q: 为什么有的调用没有缓存信息？A: 上游未返回缓存字段或该模型无缓存计费能力。 |",logic,P1,功能定位应满足：查看每次调用的缓存命中/写入 token 与节省金额,源码路径+行号、对应运行测试或数据库/Redis/队列证据,表格单元格已拆为单一字段断言
REQ-CF-02338,core-finance,docs/PRD-模型缓存定价与缓存计量.md,9.1 [?] 页面帮助,"| `console-logs` | 用户端 → 调用日志 | user / agent | 查看每次调用的缓存命中/写入 token 与节省金额 | 查看「缓存命中」列与行展开「缓存计费」详情；导出 CSV/JSON | 命中为 0 或字段为空时显示""—""；节省金额口径 = 未命中全价 − 实际计费 | Q: 为什么有的调用没有缓存信息？A: 上游未返回缓存字段或该模型无缓存计费能力。 |",logic,P1,核心操作应满足：查看「缓存命中」列与行展开「缓存计费」详情；导出 CSV/JSON,源码路径+行号、对应运行测试或数据库/Redis/队列证据,表格单元格已拆为单一字段断言
REQ-CF-02339,core-finance,docs/PRD-模型缓存定价与缓存计量.md,9.1 [?] 页面帮助,"| `console-logs` | 用户端 → 调用日志 | user / agent | 查看每次调用的缓存命中/写入 token 与节省金额 | 查看「缓存命中」列与行展开「缓存计费」详情；导出 CSV/JSON | 命中为 0 或字段为空时显示""—""；节省金额口径 = 未命中全价 − 实际计费 | Q: 为什么有的调用没有缓存信息？A: 上游未返回缓存字段或该模型无缓存计费能力。 |",field,P1,"注意事项应满足：命中为 0 或字段为空时显示""—""；节省金额口径 = 未命中全价 − 实际计费",源码路径+行号、对应运行测试或数据库/Redis/队列证据,表格单元格已拆为单一字段断言
REQ-CF-02340,core-finance,docs/PRD-模型缓存定价与缓存计量.md,9.1 [?] 页面帮助,"| `console-logs` | 用户端 → 调用日志 | user / agent | 查看每次调用的缓存命中/写入 token 与节省金额 | 查看「缓存命中」列与行展开「缓存计费」详情；导出 CSV/JSON | 命中为 0 或字段为空时显示""—""；节省金额口径 = 未命中全价 − 实际计费 | Q: 为什么有的调用没有缓存信息？A: 上游未返回缓存字段或该模型无缓存计费能力。 |",field,P1,常见问题应满足：Q: 为什么有的调用没有缓存信息？A: 上游未返回缓存字段或该模型无缓存计费能力。,源码路径+行号、对应运行测试或数据库/Redis/队列证据,表格单元格已拆为单一字段断言
REQ-CF-02341,core-finance,docs/PRD-模型缓存定价与缓存计量.md,9.1 [?] 页面帮助,| `console-stats` | 用户端 → 用量统计 | user / agent | 查看缓存消费构成与月度节省 | 查看 Token 消耗构成堆叠图（命中/写入/未命中）与「本月缓存节省」指标卡 | 三段合计 = 输入 token 总数；节省口径与账单一致 | Q: 缓存节省怎么算的？A: 未命中全价口径 − 实际计费口径的差额合计。 |,page,P1,pageKey（建议）应满足：`console-stats`,源码路径+行号、对应运行测试或数据库/Redis/队列证据,表格单元格已拆为单一字段断言
REQ-CF-02342,core-finance,docs/PRD-模型缓存定价与缓存计量.md,9.1 [?] 页面帮助,| `console-stats` | 用户端 → 用量统计 | user / agent | 查看缓存消费构成与月度节省 | 查看 Token 消耗构成堆叠图（命中/写入/未命中）与「本月缓存节省」指标卡 | 三段合计 = 输入 token 总数；节省口径与账单一致 | Q: 缓存节省怎么算的？A: 未命中全价口径 − 实际计费口径的差额合计。 |,page,P1,页面应满足：用户端 → 用量统计,源码路径+行号、对应运行测试或数据库/Redis/队列证据,表格单元格已拆为单一字段断言
REQ-CF-02344,core-finance,docs/PRD-模型缓存定价与缓存计量.md,9.1 [?] 页面帮助,| `console-stats` | 用户端 → 用量统计 | user / agent | 查看缓存消费构成与月度节省 | 查看 Token 消耗构成堆叠图（命中/写入/未命中）与「本月缓存节省」指标卡 | 三段合计 = 输入 token 总数；节省口径与账单一致 | Q: 缓存节省怎么算的？A: 未命中全价口径 − 实际计费口径的差额合计。 |,logic,P1,功能定位应满足：查看缓存消费构成与月度节省,源码路径+行号、对应运行测试或数据库/Redis/队列证据,表格单元格已拆为单一字段断言
REQ-CF-02345,core-finance,docs/PRD-模型缓存定价与缓存计量.md,9.1 [?] 页面帮助,| `console-stats` | 用户端 → 用量统计 | user / agent | 查看缓存消费构成与月度节省 | 查看 Token 消耗构成堆叠图（命中/写入/未命中）与「本月缓存节省」指标卡 | 三段合计 = 输入 token 总数；节省口径与账单一致 | Q: 缓存节省怎么算的？A: 未命中全价口径 − 实际计费口径的差额合计。 |,logic,P1,核心操作应满足：查看 Token 消耗构成堆叠图（命中/写入/未命中）与「本月缓存节省」指标卡,源码路径+行号、对应运行测试或数据库/Redis/队列证据,表格单元格已拆为单一字段断言
REQ-CF-02346,core-finance,docs/PRD-模型缓存定价与缓存计量.md,9.1 [?] 页面帮助,| `console-stats` | 用户端 → 用量统计 | user / agent | 查看缓存消费构成与月度节省 | 查看 Token 消耗构成堆叠图（命中/写入/未命中）与「本月缓存节省」指标卡 | 三段合计 = 输入 token 总数；节省口径与账单一致 | Q: 缓存节省怎么算的？A: 未命中全价口径 − 实际计费口径的差额合计。 |,page,P1,注意事项应满足：三段合计 = 输入 token 总数；节省口径与账单一致,源码路径+行号、对应运行测试或数据库/Redis/队列证据,表格单元格已拆为单一字段断言
REQ-CF-02347,core-finance,docs/PRD-模型缓存定价与缓存计量.md,9.1 [?] 页面帮助,| `console-stats` | 用户端 → 用量统计 | user / agent | 查看缓存消费构成与月度节省 | 查看 Token 消耗构成堆叠图（命中/写入/未命中）与「本月缓存节省」指标卡 | 三段合计 = 输入 token 总数；节省口径与账单一致 | Q: 缓存节省怎么算的？A: 未命中全价口径 − 实际计费口径的差额合计。 |,logic,P1,常见问题应满足：Q: 缓存节省怎么算的？A: 未命中全价口径 − 实际计费口径的差额合计。,源码路径+行号、对应运行测试或数据库/Redis/队列证据,表格单元格已拆为单一字段断言
REQ-CF-02348,core-finance,docs/PRD-模型缓存定价与缓存计量.md,9.1 [?] 页面帮助,| `console-billing` | 用户端 → 账单 | user / agent | 查看缓存消费的账单明细 | 查看 by_model 缓存 token/节省；下载 CSV 缓存列 | CSV 列含 cache_hit/write_tokens 与费用列 | Q: CSV 里缓存列怎么用？A: 用于对账与成本分析，口径与调用日志一致。 |,page,P1,pageKey（建议）应满足：`console-billing`,源码路径+行号、对应运行测试或数据库/Redis/队列证据,表格单元格已拆为单一字段断言
REQ-CF-02349,core-finance,docs/PRD-模型缓存定价与缓存计量.md,9.1 [?] 页面帮助,| `console-billing` | 用户端 → 账单 | user / agent | 查看缓存消费的账单明细 | 查看 by_model 缓存 token/节省；下载 CSV 缓存列 | CSV 列含 cache_hit/write_tokens 与费用列 | Q: CSV 里缓存列怎么用？A: 用于对账与成本分析，口径与调用日志一致。 |,page,P1,页面应满足：用户端 → 账单,源码路径+行号、对应运行测试或数据库/Redis/队列证据,表格单元格已拆为单一字段断言
REQ-CF-02351,core-finance,docs/PRD-模型缓存定价与缓存计量.md,9.1 [?] 页面帮助,| `console-billing` | 用户端 → 账单 | user / agent | 查看缓存消费的账单明细 | 查看 by_model 缓存 token/节省；下载 CSV 缓存列 | CSV 列含 cache_hit/write_tokens 与费用列 | Q: CSV 里缓存列怎么用？A: 用于对账与成本分析，口径与调用日志一致。 |,logic,P1,功能定位应满足：查看缓存消费的账单明细,源码路径+行号、对应运行测试或数据库/Redis/队列证据,表格单元格已拆为单一字段断言
REQ-CF-02352,core-finance,docs/PRD-模型缓存定价与缓存计量.md,9.1 [?] 页面帮助,| `console-billing` | 用户端 → 账单 | user / agent | 查看缓存消费的账单明细 | 查看 by_model 缓存 token/节省；下载 CSV 缓存列 | CSV 列含 cache_hit/write_tokens 与费用列 | Q: CSV 里缓存列怎么用？A: 用于对账与成本分析，口径与调用日志一致。 |,logic,P1,核心操作应满足：查看 by_model 缓存 token/节省；下载 CSV 缓存列,源码路径+行号、对应运行测试或数据库/Redis/队列证据,表格单元格已拆为单一字段断言
REQ-CF-02353,core-finance,docs/PRD-模型缓存定价与缓存计量.md,9.1 [?] 页面帮助,| `console-billing` | 用户端 → 账单 | user / agent | 查看缓存消费的账单明细 | 查看 by_model 缓存 token/节省；下载 CSV 缓存列 | CSV 列含 cache_hit/write_tokens 与费用列 | Q: CSV 里缓存列怎么用？A: 用于对账与成本分析，口径与调用日志一致。 |,page,P1,注意事项应满足：CSV 列含 cache_hit/write_tokens 与费用列,源码路径+行号、对应运行测试或数据库/Redis/队列证据,表格单元格已拆为单一字段断言
REQ-CF-02354,core-finance,docs/PRD-模型缓存定价与缓存计量.md,9.1 [?] 页面帮助,| `console-billing` | 用户端 → 账单 | user / agent | 查看缓存消费的账单明细 | 查看 by_model 缓存 token/节省；下载 CSV 缓存列 | CSV 列含 cache_hit/write_tokens 与费用列 | Q: CSV 里缓存列怎么用？A: 用于对账与成本分析，口径与调用日志一致。 |,logic,P1,常见问题应满足：Q: CSV 里缓存列怎么用？A: 用于对账与成本分析，口径与调用日志一致。,源码路径+行号、对应运行测试或数据库/Redis/队列证据,表格单元格已拆为单一字段断言
REQ-CF-02355,core-finance,docs/PRD-模型缓存定价与缓存计量.md,9.1 [?] 页面帮助,"| `admin-pricing` | 管理后台 → 价格管理 | admin / super_admin / finance_ops（A6/D-5 已开放） | 配置模型缓存读取价/写入价，控制用户缓存计费口径 | 表格列录入缓存读取价/写入价；保存走二次确认 | 留空 = 跟随折扣率（读取）/按输入价全价（写入）；单位 ¥/1K；≥0；价格变更触发 §5.5 通知 | Q: 读取价留空会怎样？A: 按优先级回退（模型折扣率 → 全局 → 兜底 0.1）。Q: 写入价留空会怎样？A: 按输入价全价计费并标注""未配置写入价""。 |",page,P1,pageKey（建议）应满足：`admin-pricing`,源码路径+行号、对应运行测试或数据库/Redis/队列证据,表格单元格已拆为单一字段断言
REQ-CF-02356,core-finance,docs/PRD-模型缓存定价与缓存计量.md,9.1 [?] 页面帮助,"| `admin-pricing` | 管理后台 → 价格管理 | admin / super_admin / finance_ops（A6/D-5 已开放） | 配置模型缓存读取价/写入价，控制用户缓存计费口径 | 表格列录入缓存读取价/写入价；保存走二次确认 | 留空 = 跟随折扣率（读取）/按输入价全价（写入）；单位 ¥/1K；≥0；价格变更触发 §5.5 通知 | Q: 读取价留空会怎样？A: 按优先级回退（模型折扣率 → 全局 → 兜底 0.1）。Q: 写入价留空会怎样？A: 按输入价全价计费并标注""未配置写入价""。 |",logic,P1,页面应满足：管理后台 → 价格管理,源码路径+行号、对应运行测试或数据库/Redis/队列证据,表格单元格已拆为单一字段断言
REQ-CF-02357,core-finance,docs/PRD-模型缓存定价与缓存计量.md,9.1 [?] 页面帮助,"| `admin-pricing` | 管理后台 → 价格管理 | admin / super_admin / finance_ops（A6/D-5 已开放） | 配置模型缓存读取价/写入价，控制用户缓存计费口径 | 表格列录入缓存读取价/写入价；保存走二次确认 | 留空 = 跟随折扣率（读取）/按输入价全价（写入）；单位 ¥/1K；≥0；价格变更触发 §5.5 通知 | Q: 读取价留空会怎样？A: 按优先级回退（模型折扣率 → 全局 → 兜底 0.1）。Q: 写入价留空会怎样？A: 按输入价全价计费并标注""未配置写入价""。 |",permission,P1,适用角色应满足：admin / super_admin / finance_ops（A6/D-5 已开放）,源码路径+行号、对应运行测试或数据库/Redis/队列证据,表格单元格已拆为单一字段断言
REQ-CF-02358,core-finance,docs/PRD-模型缓存定价与缓存计量.md,9.1 [?] 页面帮助,"| `admin-pricing` | 管理后台 → 价格管理 | admin / super_admin / finance_ops（A6/D-5 已开放） | 配置模型缓存读取价/写入价，控制用户缓存计费口径 | 表格列录入缓存读取价/写入价；保存走二次确认 | 留空 = 跟随折扣率（读取）/按输入价全价（写入）；单位 ¥/1K；≥0；价格变更触发 §5.5 通知 | Q: 读取价留空会怎样？A: 按优先级回退（模型折扣率 → 全局 → 兜底 0.1）。Q: 写入价留空会怎样？A: 按输入价全价计费并标注""未配置写入价""。 |",logic,P1,功能定位应满足：配置模型缓存读取价/写入价，控制用户缓存计费口径,源码路径+行号、对应运行测试或数据库/Redis/队列证据,表格单元格已拆为单一字段断言
REQ-CF-02359,core-finance,docs/PRD-模型缓存定价与缓存计量.md,9.1 [?] 页面帮助,"| `admin-pricing` | 管理后台 → 价格管理 | admin / super_admin / finance_ops（A6/D-5 已开放） | 配置模型缓存读取价/写入价，控制用户缓存计费口径 | 表格列录入缓存读取价/写入价；保存走二次确认 | 留空 = 跟随折扣率（读取）/按输入价全价（写入）；单位 ¥/1K；≥0；价格变更触发 §5.5 通知 | Q: 读取价留空会怎样？A: 按优先级回退（模型折扣率 → 全局 → 兜底 0.1）。Q: 写入价留空会怎样？A: 按输入价全价计费并标注""未配置写入价""。 |",logic,P1,核心操作应满足：表格列录入缓存读取价/写入价；保存走二次确认,源码路径+行号、对应运行测试或数据库/Redis/队列证据,表格单元格已拆为单一字段断言
REQ-CF-02360,core-finance,docs/PRD-模型缓存定价与缓存计量.md,9.1 [?] 页面帮助,"| `admin-pricing` | 管理后台 → 价格管理 | admin / super_admin / finance_ops（A6/D-5 已开放） | 配置模型缓存读取价/写入价，控制用户缓存计费口径 | 表格列录入缓存读取价/写入价；保存走二次确认 | 留空 = 跟随折扣率（读取）/按输入价全价（写入）；单位 ¥/1K；≥0；价格变更触发 §5.5 通知 | Q: 读取价留空会怎样？A: 按优先级回退（模型折扣率 → 全局 → 兜底 0.1）。Q: 写入价留空会怎样？A: 按输入价全价计费并标注""未配置写入价""。 |",action,P1,注意事项应满足：留空 = 跟随折扣率（读取）/按输入价全价（写入）；单位 ¥/1K；≥0；价格变更触发 §5.5 通知,源码路径+行号、对应运行测试或数据库/Redis/队列证据,表格单元格已拆为单一字段断言
REQ-CF-02361,core-finance,docs/PRD-模型缓存定价与缓存计量.md,9.1 [?] 页面帮助,"| `admin-pricing` | 管理后台 → 价格管理 | admin / super_admin / finance_ops（A6/D-5 已开放） | 配置模型缓存读取价/写入价，控制用户缓存计费口径 | 表格列录入缓存读取价/写入价；保存走二次确认 | 留空 = 跟随折扣率（读取）/按输入价全价（写入）；单位 ¥/1K；≥0；价格变更触发 §5.5 通知 | Q: 读取价留空会怎样？A: 按优先级回退（模型折扣率 → 全局 → 兜底 0.1）。Q: 写入价留空会怎样？A: 按输入价全价计费并标注""未配置写入价""。 |",logic,P1,"常见问题应满足：Q: 读取价留空会怎样？A: 按优先级回退（模型折扣率 → 全局 → 兜底 0.1）。Q: 写入价留空会怎样？A: 按输入价全价计费并标注""未配置写入价""。",源码路径+行号、对应运行测试或数据库/Redis/队列证据,表格单元格已拆为单一字段断言
REQ-CF-02362,core-finance,docs/PRD-模型缓存定价与缓存计量.md,9.1 [?] 页面帮助,| `admin-vendor-costs` | 管理后台 → 渠道成本 | admin / ops / 渠道自助 | 维护渠道缓存成本价（L0） | 录入/同步 cost_cache_read/write_input_price | 无法获取时置空；渠道自助仅可维护自己的成本价，改动走价格变更审批 | Q: 缓存成本价从哪来？A: 价格同步引擎从上游价格页抓取/映射，也可人工维护。 |,page,P1,pageKey（建议）应满足：`admin-vendor-costs`,源码路径+行号、对应运行测试或数据库/Redis/队列证据,表格单元格已拆为单一字段断言
REQ-CF-02363,core-finance,docs/PRD-模型缓存定价与缓存计量.md,9.1 [?] 页面帮助,| `admin-vendor-costs` | 管理后台 → 渠道成本 | admin / ops / 渠道自助 | 维护渠道缓存成本价（L0） | 录入/同步 cost_cache_read/write_input_price | 无法获取时置空；渠道自助仅可维护自己的成本价，改动走价格变更审批 | Q: 缓存成本价从哪来？A: 价格同步引擎从上游价格页抓取/映射，也可人工维护。 |,page,P1,页面应满足：管理后台 → 渠道成本,源码路径+行号、对应运行测试或数据库/Redis/队列证据,表格单元格已拆为单一字段断言
REQ-CF-02364,core-finance,docs/PRD-模型缓存定价与缓存计量.md,9.1 [?] 页面帮助,| `admin-vendor-costs` | 管理后台 → 渠道成本 | admin / ops / 渠道自助 | 维护渠道缓存成本价（L0） | 录入/同步 cost_cache_read/write_input_price | 无法获取时置空；渠道自助仅可维护自己的成本价，改动走价格变更审批 | Q: 缓存成本价从哪来？A: 价格同步引擎从上游价格页抓取/映射，也可人工维护。 |,permission,P1,适用角色应满足：admin / ops / 渠道自助,源码路径+行号、对应运行测试或数据库/Redis/队列证据,表格单元格已拆为单一字段断言
REQ-CF-02365,core-finance,docs/PRD-模型缓存定价与缓存计量.md,9.1 [?] 页面帮助,| `admin-vendor-costs` | 管理后台 → 渠道成本 | admin / ops / 渠道自助 | 维护渠道缓存成本价（L0） | 录入/同步 cost_cache_read/write_input_price | 无法获取时置空；渠道自助仅可维护自己的成本价，改动走价格变更审批 | Q: 缓存成本价从哪来？A: 价格同步引擎从上游价格页抓取/映射，也可人工维护。 |,logic,P1,功能定位应满足：维护渠道缓存成本价（L0）,源码路径+行号、对应运行测试或数据库/Redis/队列证据,表格单元格已拆为单一字段断言
REQ-CF-02366,core-finance,docs/PRD-模型缓存定价与缓存计量.md,9.1 [?] 页面帮助,| `admin-vendor-costs` | 管理后台 → 渠道成本 | admin / ops / 渠道自助 | 维护渠道缓存成本价（L0） | 录入/同步 cost_cache_read/write_input_price | 无法获取时置空；渠道自助仅可维护自己的成本价，改动走价格变更审批 | Q: 缓存成本价从哪来？A: 价格同步引擎从上游价格页抓取/映射，也可人工维护。 |,page,P1,核心操作应满足：录入/同步 cost_cache_read/write_input_price,源码路径+行号、对应运行测试或数据库/Redis/队列证据,表格单元格已拆为单一字段断言
REQ-CF-02367,core-finance,docs/PRD-模型缓存定价与缓存计量.md,9.1 [?] 页面帮助,| `admin-vendor-costs` | 管理后台 → 渠道成本 | admin / ops / 渠道自助 | 维护渠道缓存成本价（L0） | 录入/同步 cost_cache_read/write_input_price | 无法获取时置空；渠道自助仅可维护自己的成本价，改动走价格变更审批 | Q: 缓存成本价从哪来？A: 价格同步引擎从上游价格页抓取/映射，也可人工维护。 |,logic,P1,注意事项应满足：无法获取时置空；渠道自助仅可维护自己的成本价，改动走价格变更审批,源码路径+行号、对应运行测试或数据库/Redis/队列证据,表格单元格已拆为单一字段断言
REQ-CF-02368,core-finance,docs/PRD-模型缓存定价与缓存计量.md,9.1 [?] 页面帮助,| `admin-vendor-costs` | 管理后台 → 渠道成本 | admin / ops / 渠道自助 | 维护渠道缓存成本价（L0） | 录入/同步 cost_cache_read/write_input_price | 无法获取时置空；渠道自助仅可维护自己的成本价，改动走价格变更审批 | Q: 缓存成本价从哪来？A: 价格同步引擎从上游价格页抓取/映射，也可人工维护。 |,logic,P1,常见问题应满足：Q: 缓存成本价从哪来？A: 价格同步引擎从上游价格页抓取/映射，也可人工维护。,源码路径+行号、对应运行测试或数据库/Redis/队列证据,表格单元格已拆为单一字段断言
REQ-CF-02369,core-finance,docs/PRD-模型缓存定价与缓存计量.md,9.1 [?] 页面帮助,| `admin-settings-billing` | 管理后台 → 系统设置 → 计费策略 | admin / super_admin | 配置全局缓存计费模式与回退折扣率 | 设置 cache_pricing_mode（explicit/discount_rate）与 cache_hit_discount | discount_rate 为灰度兼容模式，与旧版行为一致；配置保存即时生效（缓存 TTL 内） | Q: 切换 discount_rate 会怎样？A: 回到旧版行为（写入全价 + 读取折扣率），用于灰度/回退。 |,page,P1,pageKey（建议）应满足：`admin-settings-billing`,源码路径+行号、对应运行测试或数据库/Redis/队列证据,表格单元格已拆为单一字段断言
REQ-CF-02370,core-finance,docs/PRD-模型缓存定价与缓存计量.md,9.1 [?] 页面帮助,| `admin-settings-billing` | 管理后台 → 系统设置 → 计费策略 | admin / super_admin | 配置全局缓存计费模式与回退折扣率 | 设置 cache_pricing_mode（explicit/discount_rate）与 cache_hit_discount | discount_rate 为灰度兼容模式，与旧版行为一致；配置保存即时生效（缓存 TTL 内） | Q: 切换 discount_rate 会怎样？A: 回到旧版行为（写入全价 + 读取折扣率），用于灰度/回退。 |,logic,P1,页面应满足：管理后台 → 系统设置 → 计费策略,源码路径+行号、对应运行测试或数据库/Redis/队列证据,表格单元格已拆为单一字段断言
REQ-CF-02371,core-finance,docs/PRD-模型缓存定价与缓存计量.md,9.1 [?] 页面帮助,"| `admin-pricing` | 管理后台 → 价格管理 | admin / super_admin / finance_ops（A6/D-5 已开放） | 配置模型缓存读取价/写入价，控制用户缓存计费口径 | 表格列录入缓存读取价/写入价；保存走二次确认 | 留空 = 跟随折扣率（读取）/按输入价全价（写入）；单位 ¥/1K；≥0；价格变更触发 §5.5 通知 | Q: 读取价留空会怎样？A: 按优先级回退（模型折扣率 → 全局 → 兜底 0.1）。Q: 写入价留空会怎样？A: 按输入价全价计费并标注""未配置写入价""。 |",permission,P1,适用角色应满足：admin / super_admin,源码路径+行号、对应运行测试或数据库/Redis/队列证据,表格单元格已拆为单一字段断言
REQ-CF-02372,core-finance,docs/PRD-模型缓存定价与缓存计量.md,9.1 [?] 页面帮助,| `admin-settings-billing` | 管理后台 → 系统设置 → 计费策略 | admin / super_admin | 配置全局缓存计费模式与回退折扣率 | 设置 cache_pricing_mode（explicit/discount_rate）与 cache_hit_discount | discount_rate 为灰度兼容模式，与旧版行为一致；配置保存即时生效（缓存 TTL 内） | Q: 切换 discount_rate 会怎样？A: 回到旧版行为（写入全价 + 读取折扣率），用于灰度/回退。 |,logic,P1,功能定位应满足：配置全局缓存计费模式与回退折扣率,源码路径+行号、对应运行测试或数据库/Redis/队列证据,表格单元格已拆为单一字段断言
REQ-CF-02373,core-finance,docs/PRD-模型缓存定价与缓存计量.md,9.1 [?] 页面帮助,| `admin-settings-billing` | 管理后台 → 系统设置 → 计费策略 | admin / super_admin | 配置全局缓存计费模式与回退折扣率 | 设置 cache_pricing_mode（explicit/discount_rate）与 cache_hit_discount | discount_rate 为灰度兼容模式，与旧版行为一致；配置保存即时生效（缓存 TTL 内） | Q: 切换 discount_rate 会怎样？A: 回到旧版行为（写入全价 + 读取折扣率），用于灰度/回退。 |,page,P1,核心操作应满足：设置 cache_pricing_mode（explicit/discount_rate）与 cache_hit_discount,源码路径+行号、对应运行测试或数据库/Redis/队列证据,表格单元格已拆为单一字段断言
REQ-CF-02374,core-finance,docs/PRD-模型缓存定价与缓存计量.md,9.1 [?] 页面帮助,| `admin-settings-billing` | 管理后台 → 系统设置 → 计费策略 | admin / super_admin | 配置全局缓存计费模式与回退折扣率 | 设置 cache_pricing_mode（explicit/discount_rate）与 cache_hit_discount | discount_rate 为灰度兼容模式，与旧版行为一致；配置保存即时生效（缓存 TTL 内） | Q: 切换 discount_rate 会怎样？A: 回到旧版行为（写入全价 + 读取折扣率），用于灰度/回退。 |,logic,P1,注意事项应满足：discount_rate 为灰度兼容模式，与旧版行为一致；配置保存即时生效（缓存 TTL 内）,源码路径+行号、对应运行测试或数据库/Redis/队列证据,表格单元格已拆为单一字段断言
REQ-CF-02375,core-finance,docs/PRD-模型缓存定价与缓存计量.md,9.1 [?] 页面帮助,| `admin-settings-billing` | 管理后台 → 系统设置 → 计费策略 | admin / super_admin | 配置全局缓存计费模式与回退折扣率 | 设置 cache_pricing_mode（explicit/discount_rate）与 cache_hit_discount | discount_rate 为灰度兼容模式，与旧版行为一致；配置保存即时生效（缓存 TTL 内） | Q: 切换 discount_rate 会怎样？A: 回到旧版行为（写入全价 + 读取折扣率），用于灰度/回退。 |,page,P1,常见问题应满足：Q: 切换 discount_rate 会怎样？A: 回到旧版行为（写入全价 + 读取折扣率），用于灰度/回退。,源码路径+行号、对应运行测试或数据库/Redis/队列证据,表格单元格已拆为单一字段断言
REQ-CF-02376,core-finance,docs/PRD-模型缓存定价与缓存计量.md,9.1 [?] 页面帮助,"| `admin-settlement` | 管理后台 → 渠道结算 | finance_ops / admin / 渠道 | 查看结算单缓存成本拆分 | 查看 cachedTokens/costCache 读取与写入拆分 | 结算快照按结算生成时点的缓存成本价冻结；争议""缓存计费""核查显式缓存价 | Q: 缓存成本怎么拆分的？A: 读取 tokens × cost_cache_read_input_price + 写入 tokens × cost_cache_write_input_price。 |",page,P1,pageKey（建议）应满足：`admin-settlement`,源码路径+行号、对应运行测试或数据库/Redis/队列证据,表格单元格已拆为单一字段断言
REQ-CF-02377,core-finance,docs/PRD-模型缓存定价与缓存计量.md,9.1 [?] 页面帮助,"| `admin-settlement` | 管理后台 → 渠道结算 | finance_ops / admin / 渠道 | 查看结算单缓存成本拆分 | 查看 cachedTokens/costCache 读取与写入拆分 | 结算快照按结算生成时点的缓存成本价冻结；争议""缓存计费""核查显式缓存价 | Q: 缓存成本怎么拆分的？A: 读取 tokens × cost_cache_read_input_price + 写入 tokens × cost_cache_write_input_price。 |",page,P1,页面应满足：管理后台 → 渠道结算,源码路径+行号、对应运行测试或数据库/Redis/队列证据,表格单元格已拆为单一字段断言
REQ-CF-02378,core-finance,docs/PRD-模型缓存定价与缓存计量.md,9.1 [?] 页面帮助,"| `admin-settlement` | 管理后台 → 渠道结算 | finance_ops / admin / 渠道 | 查看结算单缓存成本拆分 | 查看 cachedTokens/costCache 读取与写入拆分 | 结算快照按结算生成时点的缓存成本价冻结；争议""缓存计费""核查显式缓存价 | Q: 缓存成本怎么拆分的？A: 读取 tokens × cost_cache_read_input_price + 写入 tokens × cost_cache_write_input_price。 |",permission,P1,适用角色应满足：finance_ops / admin / 渠道,源码路径+行号、对应运行测试或数据库/Redis/队列证据,表格单元格已拆为单一字段断言
REQ-CF-02379,core-finance,docs/PRD-模型缓存定价与缓存计量.md,9.1 [?] 页面帮助,"| `admin-settlement` | 管理后台 → 渠道结算 | finance_ops / admin / 渠道 | 查看结算单缓存成本拆分 | 查看 cachedTokens/costCache 读取与写入拆分 | 结算快照按结算生成时点的缓存成本价冻结；争议""缓存计费""核查显式缓存价 | Q: 缓存成本怎么拆分的？A: 读取 tokens × cost_cache_read_input_price + 写入 tokens × cost_cache_write_input_price。 |",logic,P1,功能定位应满足：查看结算单缓存成本拆分,源码路径+行号、对应运行测试或数据库/Redis/队列证据,表格单元格已拆为单一字段断言
REQ-CF-02380,core-finance,docs/PRD-模型缓存定价与缓存计量.md,9.1 [?] 页面帮助,"| `admin-settlement` | 管理后台 → 渠道结算 | finance_ops / admin / 渠道 | 查看结算单缓存成本拆分 | 查看 cachedTokens/costCache 读取与写入拆分 | 结算快照按结算生成时点的缓存成本价冻结；争议""缓存计费""核查显式缓存价 | Q: 缓存成本怎么拆分的？A: 读取 tokens × cost_cache_read_input_price + 写入 tokens × cost_cache_write_input_price。 |",page,P1,核心操作应满足：查看 cachedTokens/costCache 读取与写入拆分,源码路径+行号、对应运行测试或数据库/Redis/队列证据,表格单元格已拆为单一字段断言
REQ-CF-02381,core-finance,docs/PRD-模型缓存定价与缓存计量.md,9.1 [?] 页面帮助,"| `admin-settlement` | 管理后台 → 渠道结算 | finance_ops / admin / 渠道 | 查看结算单缓存成本拆分 | 查看 cachedTokens/costCache 读取与写入拆分 | 结算快照按结算生成时点的缓存成本价冻结；争议""缓存计费""核查显式缓存价 | Q: 缓存成本怎么拆分的？A: 读取 tokens × cost_cache_read_input_price + 写入 tokens × cost_cache_write_input_price。 |",logic,P1,"注意事项应满足：结算快照按结算生成时点的缓存成本价冻结；争议""缓存计费""核查显式缓存价",源码路径+行号、对应运行测试或数据库/Redis/队列证据,表格单元格已拆为单一字段断言
REQ-CF-02382,core-finance,docs/PRD-模型缓存定价与缓存计量.md,9.1 [?] 页面帮助,"| `admin-settlement` | 管理后台 → 渠道结算 | finance_ops / admin / 渠道 | 查看结算单缓存成本拆分 | 查看 cachedTokens/costCache 读取与写入拆分 | 结算快照按结算生成时点的缓存成本价冻结；争议""缓存计费""核查显式缓存价 | Q: 缓存成本怎么拆分的？A: 读取 tokens × cost_cache_read_input_price + 写入 tokens × cost_cache_write_input_price。 |",logic,P1,常见问题应满足：Q: 缓存成本怎么拆分的？A: 读取 tokens × cost_cache_read_input_price + 写入 tokens × cost_cache_write_input_price。,源码路径+行号、对应运行测试或数据库/Redis/队列证据,表格单元格已拆为单一字段断言
REQ-CF-02383,core-finance,docs/PRD-模型缓存定价与缓存计量.md,9.1 [?] 页面帮助,| `help-center-cache` | 帮助中心 → 《模型缓存计费说明》 | 全部用户 | 解释缓存计费概念与查询方法 | 阅读缓存是什么/哪些模型支持/怎么查价/怎么在日志看命中 | 文案与模型中心展示口径一致 | Q: 我的模型支持缓存计费吗？A: 见模型中心该模型的缓存价展示。 |,page,P1,pageKey（建议）应满足：`help-center-cache`,源码路径+行号、对应运行测试或数据库/Redis/队列证据,表格单元格已拆为单一字段断言
REQ-CF-02384,core-finance,docs/PRD-模型缓存定价与缓存计量.md,9.1 [?] 页面帮助,| `help-center-cache` | 帮助中心 → 《模型缓存计费说明》 | 全部用户 | 解释缓存计费概念与查询方法 | 阅读缓存是什么/哪些模型支持/怎么查价/怎么在日志看命中 | 文案与模型中心展示口径一致 | Q: 我的模型支持缓存计费吗？A: 见模型中心该模型的缓存价展示。 |,logic,P1,页面应满足：帮助中心 → 《模型缓存计费说明》,源码路径+行号、对应运行测试或数据库/Redis/队列证据,表格单元格已拆为单一字段断言
REQ-CF-02385,core-finance,docs/PRD-模型缓存定价与缓存计量.md,9.1 [?] 页面帮助,| pageKey（建议） | 页面 | 适用角色 | 功能定位 | 核心操作 | 注意事项 | 常见问题 |,permission,P1,适用角色应满足：全部用户,源码路径+行号、对应运行测试或数据库/Redis/队列证据,表格单元格已拆为单一字段断言
REQ-CF-02386,core-finance,docs/PRD-模型缓存定价与缓存计量.md,9.1 [?] 页面帮助,| `help-center-cache` | 帮助中心 → 《模型缓存计费说明》 | 全部用户 | 解释缓存计费概念与查询方法 | 阅读缓存是什么/哪些模型支持/怎么查价/怎么在日志看命中 | 文案与模型中心展示口径一致 | Q: 我的模型支持缓存计费吗？A: 见模型中心该模型的缓存价展示。 |,logic,P1,功能定位应满足：解释缓存计费概念与查询方法,源码路径+行号、对应运行测试或数据库/Redis/队列证据,表格单元格已拆为单一字段断言
REQ-CF-02387,core-finance,docs/PRD-模型缓存定价与缓存计量.md,9.1 [?] 页面帮助,| `help-center-cache` | 帮助中心 → 《模型缓存计费说明》 | 全部用户 | 解释缓存计费概念与查询方法 | 阅读缓存是什么/哪些模型支持/怎么查价/怎么在日志看命中 | 文案与模型中心展示口径一致 | Q: 我的模型支持缓存计费吗？A: 见模型中心该模型的缓存价展示。 |,logic,P1,核心操作应满足：阅读缓存是什么/哪些模型支持/怎么查价/怎么在日志看命中,源码路径+行号、对应运行测试或数据库/Redis/队列证据,表格单元格已拆为单一字段断言
REQ-CF-02388,core-finance,docs/PRD-模型缓存定价与缓存计量.md,9.1 [?] 页面帮助,| `help-center-cache` | 帮助中心 → 《模型缓存计费说明》 | 全部用户 | 解释缓存计费概念与查询方法 | 阅读缓存是什么/哪些模型支持/怎么查价/怎么在日志看命中 | 文案与模型中心展示口径一致 | Q: 我的模型支持缓存计费吗？A: 见模型中心该模型的缓存价展示。 |,page,P1,注意事项应满足：文案与模型中心展示口径一致,源码路径+行号、对应运行测试或数据库/Redis/队列证据,表格单元格已拆为单一字段断言
REQ-CF-02389,core-finance,docs/PRD-模型缓存定价与缓存计量.md,9.1 [?] 页面帮助,| `help-center-cache` | 帮助中心 → 《模型缓存计费说明》 | 全部用户 | 解释缓存计费概念与查询方法 | 阅读缓存是什么/哪些模型支持/怎么查价/怎么在日志看命中 | 文案与模型中心展示口径一致 | Q: 我的模型支持缓存计费吗？A: 见模型中心该模型的缓存价展示。 |,logic,P1,常见问题应满足：Q: 我的模型支持缓存计费吗？A: 见模型中心该模型的缓存价展示。,源码路径+行号、对应运行测试或数据库/Redis/队列证据,表格单元格已拆为单一字段断言
REQ-CF-02390,core-finance,docs/PRD-模型缓存定价与缓存计量.md,9.2 [?] 按钮级帮助对照表,| 模型中心 · ModelCard 缓存读取价 [?] | 缓存读取 ¥z/1K：命中缓存的输入 token 单价 |,logic,P1,按钮/操作应满足：模型中心 · ModelCard 缓存读取价 [?],源码路径+行号、对应运行测试或数据库/Redis/队列证据,表格单元格已拆为单一字段断言
REQ-CF-02391,core-finance,docs/PRD-模型缓存定价与缓存计量.md,9.2 [?] 按钮级帮助对照表,| 模型中心 · ModelCard 缓存读取价 [?] | 缓存读取 ¥z/1K：命中缓存的输入 token 单价 |,logic,P1,帮助说明应满足：缓存读取 ¥z/1K：命中缓存的输入 token 单价,源码路径+行号、对应运行测试或数据库/Redis/队列证据,表格单元格已拆为单一字段断言
REQ-CF-02392,core-finance,docs/PRD-模型缓存定价与缓存计量.md,9.2 [?] 按钮级帮助对照表,| 模型中心 · 价格明细弹窗「缓存计费」区块 [?] | 缓存读取价：输入提示词与历史请求重复部分按此价计费；缓存写入价：首次写入缓存的输入按此价计费（仅部分模型支持）。未配置缓存价的模型命中部分按输入价×折扣率计费 |,logic,P1,按钮/操作应满足：模型中心 · 价格明细弹窗「缓存计费」区块 [?],源码路径+行号、对应运行测试或数据库/Redis/队列证据,表格单元格已拆为单一字段断言
REQ-CF-02393,core-finance,docs/PRD-模型缓存定价与缓存计量.md,9.2 [?] 按钮级帮助对照表,| 模型中心 · 价格明细弹窗「缓存计费」区块 [?] | 缓存读取价：输入提示词与历史请求重复部分按此价计费；缓存写入价：首次写入缓存的输入按此价计费（仅部分模型支持）。未配置缓存价的模型命中部分按输入价×折扣率计费 |,logic,P1,帮助说明应满足：缓存读取价：输入提示词与历史请求重复部分按此价计费；缓存写入价：首次写入缓存的输入按此价计费（仅部分模型支持）。未配置缓存价的模型命中部分按输入价×折扣率计费,源码路径+行号、对应运行测试或数据库/Redis/队列证据,表格单元格已拆为单一字段断言
REQ-CF-02394,core-finance,docs/PRD-模型缓存定价与缓存计量.md,9.2 [?] 按钮级帮助对照表,| 价格管理页 · 缓存读取价输入框 [?] | ¥/1K tokens；留空 = 按输入价 × 缓存折扣率计费 |,logic,P1,按钮/操作应满足：价格管理页 · 缓存读取价输入框 [?],源码路径+行号、对应运行测试或数据库/Redis/队列证据,表格单元格已拆为单一字段断言
REQ-CF-02395,core-finance,docs/PRD-模型缓存定价与缓存计量.md,9.2 [?] 按钮级帮助对照表,| 价格管理页 · 缓存读取价输入框 [?] | ¥/1K tokens；留空 = 按输入价 × 缓存折扣率计费 |,logic,P1,帮助说明应满足：¥/1K tokens；留空 = 按输入价 × 缓存折扣率计费,源码路径+行号、对应运行测试或数据库/Redis/队列证据,表格单元格已拆为单一字段断言
REQ-CF-02396,core-finance,docs/PRD-模型缓存定价与缓存计量.md,9.2 [?] 按钮级帮助对照表,| 价格管理页 · 缓存写入价输入框 [?] | ¥/1K tokens；仅 Anthropic 系模型需要；**可高于输入价（Anthropic 官方缓存写入价为全价上浮）**；留空 = 按输入价全价计费 |,logic,P1,按钮/操作应满足：价格管理页 · 缓存写入价输入框 [?],源码路径+行号、对应运行测试或数据库/Redis/队列证据,表格单元格已拆为单一字段断言
REQ-CF-02397,core-finance,docs/PRD-模型缓存定价与缓存计量.md,9.2 [?] 按钮级帮助对照表,| 价格管理页 · 缓存写入价输入框 [?] | ¥/1K tokens；仅 Anthropic 系模型需要；**可高于输入价（Anthropic 官方缓存写入价为全价上浮）**；留空 = 按输入价全价计费 |,logic,P1,帮助说明应满足：¥/1K tokens；仅 Anthropic 系模型需要；**可高于输入价（Anthropic 官方缓存写入价为全价上浮）**；留空 = 按输入价全价计费,源码路径+行号、对应运行测试或数据库/Redis/队列证据,表格单元格已拆为单一字段断言
REQ-CF-02398,core-finance,docs/PRD-模型缓存定价与缓存计量.md,9.2 [?] 按钮级帮助对照表,| 价格管理页 · 保存缓存价 [?] | 保存缓存读取/写入价配置；配置显式价后计费金额可能变化，将触发价格变更通知；保存需二次确认并写审计 |,logic,P1,按钮/操作应满足：价格管理页 · 保存缓存价 [?],源码路径+行号、对应运行测试或数据库/Redis/队列证据,表格单元格已拆为单一字段断言
REQ-CF-02399,core-finance,docs/PRD-模型缓存定价与缓存计量.md,9.2 [?] 按钮级帮助对照表,| 价格管理页 · 保存缓存价 [?] | 保存缓存读取/写入价配置；配置显式价后计费金额可能变化，将触发价格变更通知；保存需二次确认并写审计 |,logic,P1,帮助说明应满足：保存缓存读取/写入价配置；配置显式价后计费金额可能变化，将触发价格变更通知；保存需二次确认并写审计,源码路径+行号、对应运行测试或数据库/Redis/队列证据,表格单元格已拆为单一字段断言
REQ-CF-02400,core-finance,docs/PRD-模型缓存定价与缓存计量.md,9.2 [?] 按钮级帮助对照表,| 系统设置 · 计费模式切换（explicit/discount_rate）[?] | 切换缓存计费模式：explicit = 显式价格优先；discount_rate = 兼容旧版（写入全价 + 读取折扣率），用于灰度回退 |,logic,P1,按钮/操作应满足：系统设置 · 计费模式切换（explicit/discount_rate）[?],源码路径+行号、对应运行测试或数据库/Redis/队列证据,表格单元格已拆为单一字段断言
REQ-CF-02401,core-finance,docs/PRD-模型缓存定价与缓存计量.md,9.2 [?] 按钮级帮助对照表,| 系统设置 · 计费模式切换（explicit/discount_rate）[?] | 切换缓存计费模式：explicit = 显式价格优先；discount_rate = 兼容旧版（写入全价 + 读取折扣率），用于灰度回退 |,logic,P1,帮助说明应满足：切换缓存计费模式：explicit = 显式价格优先；discount_rate = 兼容旧版（写入全价 + 读取折扣率），用于灰度回退,源码路径+行号、对应运行测试或数据库/Redis/队列证据,表格单元格已拆为单一字段断言
REQ-CF-02402,core-finance,docs/PRD-模型缓存定价与缓存计量.md,9.2 [?] 按钮级帮助对照表,| 渠道成本页 · 缓存成本价输入框 [?] | ¥/1K tokens（L0 成本价）；留空 = 未配置，结算按全价口径处理；改动走价格变更审批 |,logic,P1,按钮/操作应满足：渠道成本页 · 缓存成本价输入框 [?],源码路径+行号、对应运行测试或数据库/Redis/队列证据,表格单元格已拆为单一字段断言
REQ-CF-02403,core-finance,docs/PRD-模型缓存定价与缓存计量.md,9.2 [?] 按钮级帮助对照表,| 渠道成本页 · 缓存成本价输入框 [?] | ¥/1K tokens（L0 成本价）；留空 = 未配置，结算按全价口径处理；改动走价格变更审批 |,logic,P1,帮助说明应满足：¥/1K tokens（L0 成本价）；留空 = 未配置，结算按全价口径处理；改动走价格变更审批,源码路径+行号、对应运行测试或数据库/Redis/队列证据,表格单元格已拆为单一字段断言
REQ-CF-02404,core-finance,docs/PRD-模型缓存定价与缓存计量.md,9.2 [?] 按钮级帮助对照表,| 调用日志 · 缓存命中列 [?] | 本次调用命中缓存的输入 token 数，命中部分按缓存读取价计费 |,logic,P1,按钮/操作应满足：调用日志 · 缓存命中列 [?],源码路径+行号、对应运行测试或数据库/Redis/队列证据,表格单元格已拆为单一字段断言
REQ-CF-02405,core-finance,docs/PRD-模型缓存定价与缓存计量.md,9.2 [?] 按钮级帮助对照表,| 调用日志 · 缓存命中列 [?] | 本次调用命中缓存的输入 token 数，命中部分按缓存读取价计费 |,logic,P1,帮助说明应满足：本次调用命中缓存的输入 token 数，命中部分按缓存读取价计费,源码路径+行号、对应运行测试或数据库/Redis/队列证据,表格单元格已拆为单一字段断言
REQ-CF-02406,core-finance,docs/PRD-模型缓存定价与缓存计量.md,9.2 [?] 按钮级帮助对照表,| 调用日志 · 行展开「缓存计费」详情 [?] | 展示读取命中/写入 token、对应单价、缓存费用与节省金额（未命中全价 − 实际计费） |,logic,P1,按钮/操作应满足：调用日志 · 行展开「缓存计费」详情 [?],源码路径+行号、对应运行测试或数据库/Redis/队列证据,表格单元格已拆为单一字段断言
REQ-CF-02407,core-finance,docs/PRD-模型缓存定价与缓存计量.md,9.2 [?] 按钮级帮助对照表,| 调用日志 · 行展开「缓存计费」详情 [?] | 展示读取命中/写入 token、对应单价、缓存费用与节省金额（未命中全价 − 实际计费） |,logic,P1,帮助说明应满足：展示读取命中/写入 token、对应单价、缓存费用与节省金额（未命中全价 − 实际计费）,源码路径+行号、对应运行测试或数据库/Redis/队列证据,表格单元格已拆为单一字段断言
REQ-CF-02408,core-finance,docs/PRD-模型缓存定价与缓存计量.md,9.2 [?] 按钮级帮助对照表,| 用量统计 · 缓存节省指标卡 [?] | 当月缓存计费差异（未命中全价口径 − 实际计费口径）；正为节省、负为缓存写入溢价（写入价高于输入价） |,logic,P1,按钮/操作应满足：用量统计 · 缓存节省指标卡 [?],源码路径+行号、对应运行测试或数据库/Redis/队列证据,表格单元格已拆为单一字段断言
REQ-CF-02409,core-finance,docs/PRD-模型缓存定价与缓存计量.md,9.2 [?] 按钮级帮助对照表,| 用量统计 · 缓存节省指标卡 [?] | 当月缓存计费差异（未命中全价口径 − 实际计费口径）；正为节省、负为缓存写入溢价（写入价高于输入价） |,logic,P1,帮助说明应满足：当月缓存计费差异（未命中全价口径 − 实际计费口径）；正为节省、负为缓存写入溢价（写入价高于输入价）,源码路径+行号、对应运行测试或数据库/Redis/队列证据,表格单元格已拆为单一字段断言
REQ-CF-02410,core-finance,docs/PRD-模型缓存定价与缓存计量.md,9.2 [?] 按钮级帮助对照表,| 账单 · CSV 下载（缓存列）[?] | CSV 含 cache_hit_tokens/cache_write_tokens/cache_hit_cost/cache_write_cost/cache_discount 列，供对账与成本分析 |,logic,P1,按钮/操作应满足：账单 · CSV 下载（缓存列）[?],源码路径+行号、对应运行测试或数据库/Redis/队列证据,表格单元格已拆为单一字段断言
REQ-CF-02411,core-finance,docs/PRD-模型缓存定价与缓存计量.md,9.2 [?] 按钮级帮助对照表,| 账单 · CSV 下载（缓存列）[?] | CSV 含 cache_hit_tokens/cache_write_tokens/cache_hit_cost/cache_write_cost/cache_discount 列，供对账与成本分析 |,action,P1,帮助说明应满足：CSV 含 cache_hit_tokens/cache_write_tokens/cache_hit_cost/cache_write_cost/cache_discount 列，供对账与成本分析,源码路径+行号、对应运行测试或数据库/Redis/队列证据,表格单元格已拆为单一字段断言
REQ-CF-02412,core-finance,docs/PRD-模型缓存定价与缓存计量.md,9.2 [?] 按钮级帮助对照表,| 调用详情 / Playground · 缓存节省提示 [?] | 本次调用命中缓存，节省 ¥x（未命中全价 − 实际计费） |,logic,P1,按钮/操作应满足：调用详情 / Playground · 缓存节省提示 [?],源码路径+行号、对应运行测试或数据库/Redis/队列证据,表格单元格已拆为单一字段断言
REQ-CF-02413,core-finance,docs/PRD-模型缓存定价与缓存计量.md,9.2 [?] 按钮级帮助对照表,| 调用详情 / Playground · 缓存节省提示 [?] | 本次调用命中缓存，节省 ¥x（未命中全价 − 实际计费） |,logic,P1,帮助说明应满足：本次调用命中缓存，节省 ¥x（未命中全价 − 实际计费）,源码路径+行号、对应运行测试或数据库/Redis/队列证据,表格单元格已拆为单一字段断言
REQ-CF-02414,core-finance,docs/PRD-模型缓存定价与缓存计量.md,9.3 P1 合规检查项（违反即不入开发）,本期涉及页面（模型中心 / 调用日志 / 用量统计 / 账单 / 价格管理 / 渠道成本 / 系统设置-计费策略 / 渠道结算 / 帮助中心-缓存计费说明）标题旁均有 `[?]` 页面帮助，内容与 9.1 一致；,logic,P1,本期涉及页面（模型中心 / 调用日志 / 用量统计 / 账单 / 价格管理 / 渠道成本 / 系统设置-计费策略 / 渠道结算 / 帮助中心-缓存计费说明）标题旁均有 `[?]` 页面帮助，内容与 9.1 一致；,源码路径+行号、对应运行测试或数据库/Redis/队列证据,N/A：原审计记录未提供补充依据；待复核源码、测试及运行证据。
REQ-CF-02415,core-finance,docs/PRD-模型缓存定价与缓存计量.md,9.3 P1 合规检查项（违反即不入开发）,本期新增/涉及按钮与操作入口（9.2 全部条目）均有 `[?]` 按钮帮助，内容与 9.2 一致；,action,P1,本期新增/涉及按钮与操作入口（9.2 全部条目）均有 `[?]` 按钮帮助，内容与 9.2 一致；,源码路径+行号、对应运行测试或数据库/Redis/队列证据,N/A：原审计记录未提供补充依据；待复核源码、测试及运行证据。
REQ-CF-02416,core-finance,docs/PRD-模型缓存定价与缓存计量.md,9.3 P1 合规检查项（违反即不入开发）,"帮助文案中价格/口径（¥/1K、折扣率回退、写入价全价等）与计费引擎实际行为一致（防""帮助与实现打架""）；",logic,P1,"帮助文案中价格/口径（¥/1K、折扣率回退、写入价全价等）与计费引擎实际行为一致（防""帮助与实现打架""）；",源码路径+行号、对应运行测试或数据库/Redis/队列证据,N/A：原审计记录未提供补充依据；待复核源码、测试及运行证据。
REQ-CF-02417,core-finance,docs/PRD-模型缓存定价与缓存计量.md,9.3 P1 合规检查项（违反即不入开发）,任何一条未满足 → 对应功能**不得进入开发 / 不得验收**（PRODUCT-DESIGN-PRINCIPLES P1 后果条款）。,test,P1,任何一条未满足 → 对应功能**不得进入开发 / 不得验收**（PRODUCT-DESIGN-PRINCIPLES P1 后果条款）。,源码路径+行号、对应运行测试或数据库/Redis/队列证据,N/A：原审计记录未提供补充依据；待复核源码、测试及运行证据。
REQ-CF-02418,core-finance,docs/PRD-模型缓存定价与缓存计量.md,10.1 存量数据与现有计费行为兼容,| 存量数据 | 新增字段全部可空、无默认值迁移 | **无数据迁移**（方案 §十-1） |,logic,P1,影响面应满足：存量数据,源码路径+行号、对应运行测试或数据库/Redis/队列证据,表格单元格已拆为单一字段断言
REQ-CF-02419,core-finance,docs/PRD-模型缓存定价与缓存计量.md,10.1 存量数据与现有计费行为兼容,| 存量数据 | 新增字段全部可空、无默认值迁移 | **无数据迁移**（方案 §十-1） |,field,P1,分析应满足：新增字段全部可空、无默认值迁移,源码路径+行号、对应运行测试或数据库/Redis/队列证据,表格单元格已拆为单一字段断言
REQ-CF-02420,core-finance,docs/PRD-模型缓存定价与缓存计量.md,10.1 存量数据与现有计费行为兼容,| 存量数据 | 新增字段全部可空、无默认值迁移 | **无数据迁移**（方案 §十-1） |,logic,P1,处置应满足：**无数据迁移**（方案 §十-1）,源码路径+行号、对应运行测试或数据库/Redis/队列证据,表格单元格已拆为单一字段断言
REQ-CF-02421,core-finance,docs/PRD-模型缓存定价与缓存计量.md,10.1 存量数据与现有计费行为兼容,| 存量未配置显式缓存价模型 | 命中部分按折扣率/全局回退（0.1），计费结果与现状一致 | **无行为变更**（方案 §十-2） |,logic,P1,影响面应满足：存量未配置显式缓存价模型,源码路径+行号、对应运行测试或数据库/Redis/队列证据,表格单元格已拆为单一字段断言
REQ-CF-02422,core-finance,docs/PRD-模型缓存定价与缓存计量.md,10.1 存量数据与现有计费行为兼容,| 存量未配置显式缓存价模型 | 命中部分按折扣率/全局回退（0.1），计费结果与现状一致 | **无行为变更**（方案 §十-2） |,logic,P1,分析应满足：命中部分按折扣率/全局回退（0.1），计费结果与现状一致,源码路径+行号、对应运行测试或数据库/Redis/队列证据,表格单元格已拆为单一字段断言
REQ-CF-02423,core-finance,docs/PRD-模型缓存定价与缓存计量.md,10.1 存量数据与现有计费行为兼容,| 存量未配置显式缓存价模型 | 命中部分按折扣率/全局回退（0.1），计费结果与现状一致 | **无行为变更**（方案 §十-2） |,logic,P1,处置应满足：**无行为变更**（方案 §十-2）,源码路径+行号、对应运行测试或数据库/Redis/队列证据,表格单元格已拆为单一字段断言
REQ-CF-02424,core-finance,docs/PRD-模型缓存定价与缓存计量.md,10.1 存量数据与现有计费行为兼容,| `cache_pricing_mode` 灰度开关 | 可一键回到旧版行为 | 作为上线/回退开关保留（方案 §十-4） |,logic,P1,影响面应满足：`cache_pricing_mode` 灰度开关,源码路径+行号、对应运行测试或数据库/Redis/队列证据,表格单元格已拆为单一字段断言
REQ-CF-02425,core-finance,docs/PRD-模型缓存定价与缓存计量.md,10.1 存量数据与现有计费行为兼容,| `cache_pricing_mode` 灰度开关 | 可一键回到旧版行为 | 作为上线/回退开关保留（方案 §十-4） |,logic,P1,分析应满足：可一键回到旧版行为,源码路径+行号、对应运行测试或数据库/Redis/队列证据,表格单元格已拆为单一字段断言
REQ-CF-02426,core-finance,docs/PRD-模型缓存定价与缓存计量.md,10.1 存量数据与现有计费行为兼容,| `cache_pricing_mode` 灰度开关 | 可一键回到旧版行为 | 作为上线/回退开关保留（方案 §十-4） |,logic,P1,处置应满足：作为上线/回退开关保留（方案 §十-4）,源码路径+行号、对应运行测试或数据库/Redis/队列证据,表格单元格已拆为单一字段断言
REQ-CF-02427,core-finance,docs/PRD-模型缓存定价与缓存计量.md,10.1 存量数据与现有计费行为兼容,"| 已有 `cache_discount_rate` 配置 | 语义由""计费依据""降级为""兼容/快捷配置 + 展示反推""，存量配置值继续生效（作为 5 级解析级 3） | 不清理存量配置 |",logic,P1,影响面应满足：已有 `cache_discount_rate` 配置,源码路径+行号、对应运行测试或数据库/Redis/队列证据,表格单元格已拆为单一字段断言
REQ-CF-02428,core-finance,docs/PRD-模型缓存定价与缓存计量.md,10.1 存量数据与现有计费行为兼容,"| 已有 `cache_discount_rate` 配置 | 语义由""计费依据""降级为""兼容/快捷配置 + 展示反推""，存量配置值继续生效（作为 5 级解析级 3） | 不清理存量配置 |",logic,P1,"分析应满足：语义由""计费依据""降级为""兼容/快捷配置 + 展示反推""，存量配置值继续生效（作为 5 级解析级 3）",源码路径+行号、对应运行测试或数据库/Redis/队列证据,表格单元格已拆为单一字段断言
REQ-CF-02429,core-finance,docs/PRD-模型缓存定价与缓存计量.md,10.1 存量数据与现有计费行为兼容,"| 已有 `cache_discount_rate` 配置 | 语义由""计费依据""降级为""兼容/快捷配置 + 展示反推""，存量配置值继续生效（作为 5 级解析级 3） | 不清理存量配置 |",logic,P1,处置应满足：不清理存量配置,源码路径+行号、对应运行测试或数据库/Redis/队列证据,表格单元格已拆为单一字段断言
REQ-CF-02430,core-finance,docs/PRD-模型缓存定价与缓存计量.md,10.1 存量数据与现有计费行为兼容,| `cache_hit_discount` 全局配置 | 保留，降级为 5 级解析级 4 回退 | 不清理存量配置 |,logic,P1,影响面应满足：`cache_hit_discount` 全局配置,源码路径+行号、对应运行测试或数据库/Redis/队列证据,表格单元格已拆为单一字段断言
REQ-CF-02431,core-finance,docs/PRD-模型缓存定价与缓存计量.md,10.1 存量数据与现有计费行为兼容,| `cache_hit_discount` 全局配置 | 保留，降级为 5 级解析级 4 回退 | 不清理存量配置 |,logic,P1,分析应满足：保留，降级为 5 级解析级 4 回退,源码路径+行号、对应运行测试或数据库/Redis/队列证据,表格单元格已拆为单一字段断言
REQ-CF-02433,core-finance,docs/PRD-模型缓存定价与缓存计量.md,10.2 行为变更点（升级后可能变化的场景）,"| C1 | **流式 `stream_options.include_usage` 场景开始按缓存价计费**（原 `ref-5.2 §3.2.1` 为""流式沿用全价""） | 携带缓存字段的流式请求计费金额可能**降低**（用户受益）；注入范围 = chat / messages / openai-compat 三端点（stream=true 注入 include_usage），responses 已有、anthropic 天然带；渠道成本侧同样变化 | 属方案既定决策（D-9）；注入集中在 `buildUpstreamBody` 单点 + 预留渠道级开关；上线前通过 §5.5 通知策略对受影响用户说明（降价方向受益，仍建议告知） |",logic,P1,"变更点应满足：**流式 `stream_options.include_usage` 场景开始按缓存价计费**（原 `ref-5.2 §3.2.1` 为""流式沿用全价""）",源码路径+行号、对应运行测试或数据库/Redis/队列证据,表格单元格已拆为单一字段断言
REQ-CF-02434,core-finance,docs/PRD-模型缓存定价与缓存计量.md,10.2 行为变更点（升级后可能变化的场景）,"| C1 | **流式 `stream_options.include_usage` 场景开始按缓存价计费**（原 `ref-5.2 §3.2.1` 为""流式沿用全价""） | 携带缓存字段的流式请求计费金额可能**降低**（用户受益）；注入范围 = chat / messages / openai-compat 三端点（stream=true 注入 include_usage），responses 已有、anthropic 天然带；渠道成本侧同样变化 | 属方案既定决策（D-9）；注入集中在 `buildUpstreamBody` 单点 + 预留渠道级开关；上线前通过 §5.5 通知策略对受影响用户说明（降价方向受益，仍建议告知） |",field,P1,影响应满足：携带缓存字段的流式请求计费金额可能**降低**（用户受益）；注入范围 = chat / messages / openai-compat 三端点（stream=true 注入 include_usage），responses 已有、anthropic 天然带；渠道成本侧同样变化,源码路径+行号、对应运行测试或数据库/Redis/队列证据,表格单元格已拆为单一字段断言
REQ-CF-02435,core-finance,docs/PRD-模型缓存定价与缓存计量.md,10.2 行为变更点（升级后可能变化的场景）,"| C1 | **流式 `stream_options.include_usage` 场景开始按缓存价计费**（原 `ref-5.2 §3.2.1` 为""流式沿用全价""） | 携带缓存字段的流式请求计费金额可能**降低**（用户受益）；注入范围 = chat / messages / openai-compat 三端点（stream=true 注入 include_usage），responses 已有、anthropic 天然带；渠道成本侧同样变化 | 属方案既定决策（D-9）；注入集中在 `buildUpstreamBody` 单点 + 预留渠道级开关；上线前通过 §5.5 通知策略对受影响用户说明（降价方向受益，仍建议告知） |",action,P1,对策应满足：属方案既定决策（D-9）；注入集中在 `buildUpstreamBody` 单点 + 预留渠道级开关；上线前通过 §5.5 通知策略对受影响用户说明（降价方向受益，仍建议告知）,源码路径+行号、对应运行测试或数据库/Redis/队列证据,表格单元格已拆为单一字段断言
REQ-CF-02436,core-finance,docs/PRD-模型缓存定价与缓存计量.md,10.2 行为变更点（升级后可能变化的场景）,| C2 | 配置显式缓存价后计费金额可能变化（显式价 ≠ 原折扣率口径） | 涨/降双向可能 | 按价格变更流程（`ref-4.3 §8.2` 分级 + `§5.5` 通知）处理；显式价配置属价格变更 |,logic,P1,变更点应满足：配置显式缓存价后计费金额可能变化（显式价 ≠ 原折扣率口径）,源码路径+行号、对应运行测试或数据库/Redis/队列证据,表格单元格已拆为单一字段断言
REQ-CF-02437,core-finance,docs/PRD-模型缓存定价与缓存计量.md,10.2 行为变更点（升级后可能变化的场景）,| C2 | 配置显式缓存价后计费金额可能变化（显式价 ≠ 原折扣率口径） | 涨/降双向可能 | 按价格变更流程（`ref-4.3 §8.2` 分级 + `§5.5` 通知）处理；显式价配置属价格变更 |,logic,P1,影响应满足：涨/降双向可能,源码路径+行号、对应运行测试或数据库/Redis/队列证据,表格单元格已拆为单一字段断言
REQ-CF-02438,core-finance,docs/PRD-模型缓存定价与缓存计量.md,10.2 行为变更点（升级后可能变化的场景）,| C2 | 配置显式缓存价后计费金额可能变化（显式价 ≠ 原折扣率口径） | 涨/降双向可能 | 按价格变更流程（`ref-4.3 §8.2` 分级 + `§5.5` 通知）处理；显式价配置属价格变更 |,action,P1,对策应满足：按价格变更流程（`ref-4.3 §8.2` 分级 + `§5.5` 通知）处理；显式价配置属价格变更,源码路径+行号、对应运行测试或数据库/Redis/队列证据,表格单元格已拆为单一字段断言
REQ-CF-02439,core-finance,docs/PRD-模型缓存定价与缓存计量.md,10.2 行为变更点（升级后可能变化的场景）,| C3 | 公开价目 `/public/models` 新增缓存价字段 | 对外信息透明化，无破坏性 | 兼容：仅新增字段，不改变既有字段 |,field,P1,变更点应满足：公开价目 `/public/models` 新增缓存价字段,源码路径+行号、对应运行测试或数据库/Redis/队列证据,表格单元格已拆为单一字段断言
REQ-CF-02440,core-finance,docs/PRD-模型缓存定价与缓存计量.md,10.2 行为变更点（升级后可能变化的场景）,| C3 | 公开价目 `/public/models` 新增缓存价字段 | 对外信息透明化，无破坏性 | 兼容：仅新增字段，不改变既有字段 |,logic,P1,影响应满足：对外信息透明化，无破坏性,源码路径+行号、对应运行测试或数据库/Redis/队列证据,表格单元格已拆为单一字段断言
REQ-CF-02441,core-finance,docs/PRD-模型缓存定价与缓存计量.md,10.2 行为变更点（升级后可能变化的场景）,| C3 | 公开价目 `/public/models` 新增缓存价字段 | 对外信息透明化，无破坏性 | 兼容：仅新增字段，不改变既有字段 |,field,P1,对策应满足：兼容：仅新增字段，不改变既有字段,源码路径+行号、对应运行测试或数据库/Redis/队列证据,表格单元格已拆为单一字段断言
REQ-CF-02442,core-finance,docs/PRD-模型缓存定价与缓存计量.md,10.2 行为变更点（升级后可能变化的场景）,| C4 | 结算快照 `unitPriceCache` 取值源变化 | 结算金额在显式缓存成本价配置后可能变化 | 按结算周期生成时点冻结快照；对账口径同步（10.5） |,logic,P1,变更点应满足：结算快照 `unitPriceCache` 取值源变化,源码路径+行号、对应运行测试或数据库/Redis/队列证据,表格单元格已拆为单一字段断言
REQ-CF-02443,core-finance,docs/PRD-模型缓存定价与缓存计量.md,10.2 行为变更点（升级后可能变化的场景）,| C4 | 结算快照 `unitPriceCache` 取值源变化 | 结算金额在显式缓存成本价配置后可能变化 | 按结算周期生成时点冻结快照；对账口径同步（10.5） |,logic,P1,影响应满足：结算金额在显式缓存成本价配置后可能变化,源码路径+行号、对应运行测试或数据库/Redis/队列证据,表格单元格已拆为单一字段断言
REQ-CF-02444,core-finance,docs/PRD-模型缓存定价与缓存计量.md,10.2 行为变更点（升级后可能变化的场景）,| C4 | 结算快照 `unitPriceCache` 取值源变化 | 结算金额在显式缓存成本价配置后可能变化 | 按结算周期生成时点冻结快照；对账口径同步（10.5） |,logic,P1,对策应满足：按结算周期生成时点冻结快照；对账口径同步（10.5）,源码路径+行号、对应运行测试或数据库/Redis/队列证据,表格单元格已拆为单一字段断言
REQ-CF-02445,core-finance,docs/PRD-模型缓存定价与缓存计量.md,10.3 价格变更通知（§5.5）扩展,price_change_logs` 变更字段集合扩展：纳入**缓存读取价 / 缓存写入价**的变更（成本侧 `cost_cache_*` 与售价侧 `cache_*_input_price`）。,field,P1,price_change_logs` 变更字段集合扩展：纳入**缓存读取价 / 缓存写入价**的变更（成本侧 `cost_cache_*` 与售价侧 `cache_*_input_price`）。,源码路径+行号、对应运行测试或数据库/Redis/队列证据,N/A：原审计记录未提供补充依据；待复核源码、测试及运行证据。
REQ-CF-02446,core-finance,docs/PRD-模型缓存定价与缓存计量.md,10.3 价格变更通知（§5.5）扩展,用户可订阅缓存价变更（沿用 §5.5 通知灵敏度与影响指数模型）；涨价方向必带替代模型建议。,logic,P1,用户可订阅缓存价变更（沿用 §5.5 通知灵敏度与影响指数模型）；涨价方向必带替代模型建议。,源码路径+行号、对应运行测试或数据库/Redis/队列证据,N/A：原审计记录未提供补充依据；待复核源码、测试及运行证据。
REQ-CF-02447,core-finance,docs/PRD-模型缓存定价与缓存计量.md,10.3 价格变更通知（§5.5）扩展,扩展存储形态（独立列 vs 变更字段 JSON）见第 11 节 **A7**。,field,P1,扩展存储形态（独立列 vs 变更字段 JSON）见第 11 节 **A7**。,源码路径+行号、对应运行测试或数据库/Redis/队列证据,N/A：原审计记录未提供补充依据；待复核源码、测试及运行证据。
REQ-CF-02448,core-finance,docs/PRD-模型缓存定价与缓存计量.md,10.4 帮助中心新增,新增《模型缓存计费说明》：缓存是什么、哪些模型支持、怎么查价、怎么在日志里看命中、常见问题。,logic,P1,新增《模型缓存计费说明》：缓存是什么、哪些模型支持、怎么查价、怎么在日志里看命中、常见问题。,源码路径+行号、对应运行测试或数据库/Redis/队列证据,N/A：原审计记录未提供补充依据；待复核源码、测试及运行证据。
REQ-CF-02449,core-finance,docs/PRD-模型缓存定价与缓存计量.md,10.4 帮助中心新增,各模型价格表页（可嵌入模型中心）展示缓存价列。,logic,P1,各模型价格表页（可嵌入模型中心）展示缓存价列。,源码路径+行号、对应运行测试或数据库/Redis/队列证据,N/A：原审计记录未提供补充依据；待复核源码、测试及运行证据。
REQ-CF-02450,core-finance,docs/PRD-模型缓存定价与缓存计量.md,10.5 结算与对账影响,| 结算单生成 | 按 `cost_cache_read_input_price` / `cost_cache_write_input_price` 拆分 `cachedTokens` / `costCache`；结算生成时点快照冻结价格 |,logic,P1,影响面应满足：结算单生成,源码路径+行号、对应运行测试或数据库/Redis/队列证据,表格单元格已拆为单一字段断言
REQ-CF-02451,core-finance,docs/PRD-模型缓存定价与缓存计量.md,10.5 结算与对账影响,| 结算单生成 | 按 `cost_cache_read_input_price` / `cost_cache_write_input_price` 拆分 `cachedTokens` / `costCache`；结算生成时点快照冻结价格 |,logic,P1,说明应满足：按 `cost_cache_read_input_price` / `cost_cache_write_input_price` 拆分 `cachedTokens` / `costCache`；结算生成时点快照冻结价格,源码路径+行号、对应运行测试或数据库/Redis/队列证据,表格单元格已拆为单一字段断言
REQ-CF-02452,core-finance,docs/PRD-模型缓存定价与缓存计量.md,10.5 结算与对账影响,| 影响面 | 说明 |,logic,P1,影响面应满足：对账,源码路径+行号、对应运行测试或数据库/Redis/队列证据,表格单元格已拆为单一字段断言
REQ-CF-02453,core-finance,docs/PRD-模型缓存定价与缓存计量.md,10.5 结算与对账影响,| 对账 | 对账口径同步使用显式缓存价；`consumption_records.cache_read_input_price` / `cache_write_input_price` 定价快照列支撑差异核查 |,logic,P1,说明应满足：对账口径同步使用显式缓存价；`consumption_records.cache_read_input_price` / `cache_write_input_price` 定价快照列支撑差异核查,源码路径+行号、对应运行测试或数据库/Redis/队列证据,表格单元格已拆为单一字段断言
REQ-CF-02454,core-finance,docs/PRD-模型缓存定价与缓存计量.md,10.5 结算与对账影响,| 影响面 | 说明 |,logic,P1,影响面应满足：争议,源码路径+行号、对应运行测试或数据库/Redis/队列证据,表格单元格已拆为单一字段断言
REQ-CF-02455,core-finance,docs/PRD-模型缓存定价与缓存计量.md,10.5 结算与对账影响,"| 争议 | ""缓存计费""争议核查口径由仅折扣率扩展为显式缓存价 + 折扣率回退链 |",logic,P1,"说明应满足：""缓存计费""争议核查口径由仅折扣率扩展为显式缓存价 + 折扣率回退链",源码路径+行号、对应运行测试或数据库/Redis/队列证据,表格单元格已拆为单一字段断言
REQ-CF-02456,core-finance,docs/PRD-模型缓存定价与缓存计量.md,10.5 结算与对账影响,| 毛利核算 | 缓存成本可区分后，毛利率口径更准（G1 目标达成） |,logic,P1,影响面应满足：毛利核算,源码路径+行号、对应运行测试或数据库/Redis/队列证据,表格单元格已拆为单一字段断言
REQ-CF-02457,core-finance,docs/PRD-模型缓存定价与缓存计量.md,10.5 结算与对账影响,| 毛利核算 | 缓存成本可区分后，毛利率口径更准（G1 目标达成） |,logic,P1,说明应满足：缓存成本可区分后，毛利率口径更准（G1 目标达成）,源码路径+行号、对应运行测试或数据库/Redis/队列证据,表格单元格已拆为单一字段断言
REQ-CF-02458,core-finance,docs/PRD-模型缓存定价与缓存计量.md,10.6 文档同步清单,| `data-dictionary.md` | §2.2 表名修正为 consumption_records 并新增三字段（cache_write_tokens / cache_hit_cost / cache_write_cost）+ 定价快照 2 列；§2.6 表名修正为 supplier_models 并新增缓存成本价；新增 vendor_pricing 缓存售价字段说明；`system_config.billing` 新 key |,logic,P1,文档应满足：`data-dictionary.md`,源码路径+行号、对应运行测试或数据库/Redis/队列证据,表格单元格已拆为单一字段断言
REQ-CF-02459,core-finance,docs/PRD-模型缓存定价与缓存计量.md,10.6 文档同步清单,| `data-dictionary.md` | §2.2 表名修正为 consumption_records 并新增三字段（cache_write_tokens / cache_hit_cost / cache_write_cost）+ 定价快照 2 列；§2.6 表名修正为 supplier_models 并新增缓存成本价；新增 vendor_pricing 缓存售价字段说明；`system_config.billing` 新 key |,field,P1,需同步内容应满足：§2.2 表名修正为 consumption_records 并新增三字段（cache_write_tokens / cache_hit_cost / cache_write_cost）+ 定价快照 2 列；§2.6 表名修正为 supplier_models 并新增缓存成本价；新增 vendor_pricing 缓存售价字段说明；`system_config.billing` 新 key,源码路径+行号、对应运行测试或数据库/Redis/队列证据,表格单元格已拆为单一字段断言
REQ-CF-02460,core-finance,docs/PRD-模型缓存定价与缓存计量.md,10.6 文档同步清单,"| `ref-5.2-billing.md` | **本期已直接修订（D-1）**：§3.1 精度""费用计算保留 6 位小数""→""8 位""、§8.2 ""金额保留 4 位小数""→""8 位""、§8.2 ""numeric(18,4)""→""numeric(18,8)""；**待后续修订**：§3.2.1 缓存命中打折升级为""显式价双轨制""说明（保留旧行为作为 discount_rate 模式）、§4 账单 by_model 缓存字段、§7.1 价格配置页缓存价列；**文档债务（评审 §6.2，列入待修订）**：L527 时序图 `/1,000,000` 旧单位（代码为 /1000 ¥/1K）、L527 `billing_logs` 概念性引用（表未实现，实为 consumption_records 定价快照列） |",logic,P1,文档应满足：`ref-5.2-billing.md`,源码路径+行号、对应运行测试或数据库/Redis/队列证据,表格单元格已拆为单一字段断言
REQ-CF-02461,core-finance,docs/PRD-模型缓存定价与缓存计量.md,10.6 文档同步清单,"| `ref-5.2-billing.md` | **本期已直接修订（D-1）**：§3.1 精度""费用计算保留 6 位小数""→""8 位""、§8.2 ""金额保留 4 位小数""→""8 位""、§8.2 ""numeric(18,4)""→""numeric(18,8)""；**待后续修订**：§3.2.1 缓存命中打折升级为""显式价双轨制""说明（保留旧行为作为 discount_rate 模式）、§4 账单 by_model 缓存字段、§7.1 价格配置页缓存价列；**文档债务（评审 §6.2，列入待修订）**：L527 时序图 `/1,000,000` 旧单位（代码为 /1000 ¥/1K）、L527 `billing_logs` 概念性引用（表未实现，实为 consumption_records 定价快照列） |",field,P1,"需同步内容应满足：**本期已直接修订（D-1）**：§3.1 精度""费用计算保留 6 位小数""→""8 位""、§8.2 ""金额保留 4 位小数""→""8 位""、§8.2 ""numeric(18,4)""→""numeric(18,8)""；**待后续修订**：§3.2.1 缓存命中打折升级为""显式价双轨制""说明（保留旧行为作为 discount_rate 模式）、§4 账单 by_model 缓存字段、§7.1 价格配置页缓存价列；**文档债务（评审 §6.2，列入待修订）**：L527 时序图 `/1,000,000` 旧单位（代码为 /1000 ¥/1K）、L527 `billing_logs` 概念性引用（表未实现，实为 consumption_records 定价快照列）",源码路径+行号、对应运行测试或数据库/Redis/队列证据,表格单元格已拆为单一字段断言
REQ-CF-02462,core-finance,docs/PRD-模型缓存定价与缓存计量.md,10.6 文档同步清单,| `ref-2.2.2-model-center.md` | §3.2 定价明细 API 响应增加缓存价字段；PriceDetailModal 缓存计费区块 |,logic,P1,文档应满足：`ref-2.2.2-model-center.md`,源码路径+行号、对应运行测试或数据库/Redis/队列证据,表格单元格已拆为单一字段断言
REQ-CF-02463,core-finance,docs/PRD-模型缓存定价与缓存计量.md,10.6 文档同步清单,| `ref-2.2.2-model-center.md` | §3.2 定价明细 API 响应增加缓存价字段；PriceDetailModal 缓存计费区块 |,api,P1,需同步内容应满足：§3.2 定价明细 API 响应增加缓存价字段；PriceDetailModal 缓存计费区块,源码路径+行号、对应运行测试或数据库/Redis/队列证据,表格单元格已拆为单一字段断言
REQ-CF-02464,core-finance,docs/PRD-模型缓存定价与缓存计量.md,10.6 文档同步清单,| `ref-4.3-vendor-model.md` | supplier_models（方案术语 vendor_models）缓存成本价字段；价格变更审批纳入缓存价 |,logic,P1,文档应满足：`ref-4.3-vendor-model.md`,源码路径+行号、对应运行测试或数据库/Redis/队列证据,表格单元格已拆为单一字段断言
REQ-CF-02465,core-finance,docs/PRD-模型缓存定价与缓存计量.md,10.6 文档同步清单,| `ref-4.3-vendor-model.md` | supplier_models（方案术语 vendor_models）缓存成本价字段；价格变更审批纳入缓存价 |,field,P1,需同步内容应满足：supplier_models（方案术语 vendor_models）缓存成本价字段；价格变更审批纳入缓存价,源码路径+行号、对应运行测试或数据库/Redis/队列证据,表格单元格已拆为单一字段断言
REQ-CF-02466,core-finance,docs/PRD-模型缓存定价与缓存计量.md,10.6 文档同步清单,| `ref-4.15-vendor-settlement.md` | §1.2 结算明细拆分口径；争议核查口径 |,logic,P1,文档应满足：`ref-4.15-vendor-settlement.md`,源码路径+行号、对应运行测试或数据库/Redis/队列证据,表格单元格已拆为单一字段断言
REQ-CF-02467,core-finance,docs/PRD-模型缓存定价与缓存计量.md,10.6 文档同步清单,| `ref-4.15-vendor-settlement.md` | §1.2 结算明细拆分口径；争议核查口径 |,logic,P1,需同步内容应满足：§1.2 结算明细拆分口径；争议核查口径,源码路径+行号、对应运行测试或数据库/Redis/队列证据,表格单元格已拆为单一字段断言
REQ-CF-02468,core-finance,docs/PRD-模型缓存定价与缓存计量.md,10.6 文档同步清单,| `PRD-§5.5-模型价格变更通知.md` | §6.1 price_change_logs 字段集合扩展 |,action,P1,文档应满足：`PRD-§5.5-模型价格变更通知.md`,源码路径+行号、对应运行测试或数据库/Redis/队列证据,表格单元格已拆为单一字段断言
REQ-CF-02469,core-finance,docs/PRD-模型缓存定价与缓存计量.md,10.6 文档同步清单,| `PRD-§5.5-模型价格变更通知.md` | §6.1 price_change_logs 字段集合扩展 |,field,P1,需同步内容应满足：§6.1 price_change_logs 字段集合扩展,源码路径+行号、对应运行测试或数据库/Redis/队列证据,表格单元格已拆为单一字段断言
REQ-CF-02470,core-finance,docs/PRD-模型缓存定价与缓存计量.md,10.6 文档同步清单,| `api-reference.md` | 定价查询/公开价目/管理端 pricing 接口缓存价字段 |,api,P1,文档应满足：`api-reference.md`,源码路径+行号、对应运行测试或数据库/Redis/队列证据,表格单元格已拆为单一字段断言
REQ-CF-02471,core-finance,docs/PRD-模型缓存定价与缓存计量.md,10.6 文档同步清单,| `api-reference.md` | 定价查询/公开价目/管理端 pricing 接口缓存价字段 |,api,P1,需同步内容应满足：定价查询/公开价目/管理端 pricing 接口缓存价字段,源码路径+行号、对应运行测试或数据库/Redis/队列证据,表格单元格已拆为单一字段断言
REQ-CF-02472,core-finance,docs/PRD-模型缓存定价与缓存计量.md,10.6 文档同步清单,| `ops-manual.md` | 缓存价配置 SOP、结算缓存拆分核查项 |,logic,P1,文档应满足：`ops-manual.md`,源码路径+行号、对应运行测试或数据库/Redis/队列证据,表格单元格已拆为单一字段断言
REQ-CF-02473,core-finance,docs/PRD-模型缓存定价与缓存计量.md,10.6 文档同步清单,| `ops-manual.md` | 缓存价配置 SOP、结算缓存拆分核查项 |,logic,P1,需同步内容应满足：缓存价配置 SOP、结算缓存拆分核查项,源码路径+行号、对应运行测试或数据库/Redis/队列证据,表格单元格已拆为单一字段断言
REQ-CF-02474,core-finance,docs/PRD-模型缓存定价与缓存计量.md,11. 联合评审决议落实（原 A1–A9 待确认项）,原 A1–A9 待确认项已由 `docs/ARCH-模型缓存定价与缓存计量-联合评审.md`（**D-1~D-14，14 项决议：通过 9、调整后通过 5、驳回 0、无阻塞**）裁决完毕。下表为落实状态与落点；本 PRD v1.1 已按决议定稿。,logic,P1,原 A1–A9 待确认项已由 `docs/ARCH-模型缓存定价与缓存计量-联合评审.md`（**D-1~D-14，14 项决议：通过 9、调整后通过 5、驳回 0、无阻塞**）裁决完毕。下表为落实状态与落点；本 PRD v1.1 已按决议定稿。,源码路径+行号、对应运行测试或数据库/Redis/队列证据,N/A：原审计记录未提供补充依据；待复核源码、测试及运行证据。
REQ-CF-02475,core-finance,docs/PRD-模型缓存定价与缓存计量.md,11.1 A1–A9 决议落实表,### 11.1 A1–A9 决议落实表,logic,P1,原项应满足：A1,源码路径+行号、对应运行测试或数据库/Redis/队列证据,表格单元格已拆为单一字段断言
REQ-CF-02476,core-finance,docs/PRD-模型缓存定价与缓存计量.md,11.1 A1–A9 决议落实表,"| A1 | 精度口径统一 | **D-1 调整后通过**：存储/计算 numeric(18,8) + 输出 toFixed(8) + 展示 toFixed(2)，删除""扣费 6 位"" | ✅ 已定稿 | §4.7；ref-5.2 精度段已同步修订 |",logic,P1,主题应满足：精度口径统一,源码路径+行号、对应运行测试或数据库/Redis/队列证据,表格单元格已拆为单一字段断言
REQ-CF-02477,core-finance,docs/PRD-模型缓存定价与缓存计量.md,11.1 A1–A9 决议落实表,"| A1 | 精度口径统一 | **D-1 调整后通过**：存储/计算 numeric(18,8) + 输出 toFixed(8) + 展示 toFixed(2)，删除""扣费 6 位"" | ✅ 已定稿 | §4.7；ref-5.2 精度段已同步修订 |",logic,P1,"决议应满足：**D-1 调整后通过**：存储/计算 numeric(18,8) + 输出 toFixed(8) + 展示 toFixed(2)，删除""扣费 6 位""",源码路径+行号、对应运行测试或数据库/Redis/队列证据,表格单元格已拆为单一字段断言
REQ-CF-02478,core-finance,docs/PRD-模型缓存定价与缓存计量.md,11.1 A1–A9 决议落实表,"| A1 | 精度口径统一 | **D-1 调整后通过**：存储/计算 numeric(18,8) + 输出 toFixed(8) + 展示 toFixed(2)，删除""扣费 6 位"" | ✅ 已定稿 | §4.7；ref-5.2 精度段已同步修订 |",state,P1,状态应满足：✅ 已定稿,源码路径+行号、对应运行测试或数据库/Redis/队列证据,表格单元格已拆为单一字段断言
REQ-CF-02479,core-finance,docs/PRD-模型缓存定价与缓存计量.md,11.1 A1–A9 决议落实表,"| A1 | 精度口径统一 | **D-1 调整后通过**：存储/计算 numeric(18,8) + 输出 toFixed(8) + 展示 toFixed(2)，删除""扣费 6 位"" | ✅ 已定稿 | §4.7；ref-5.2 精度段已同步修订 |",logic,P1,落点应满足：§4.7；ref-5.2 精度段已同步修订,源码路径+行号、对应运行测试或数据库/Redis/队列证据,表格单元格已拆为单一字段断言
REQ-CF-02480,core-finance,docs/PRD-模型缓存定价与缓存计量.md,11.1 A1–A9 决议落实表,### 11.1 A1–A9 决议落实表,logic,P1,原项应满足：A2,源码路径+行号、对应运行测试或数据库/Redis/队列证据,表格单元格已拆为单一字段断言
REQ-CF-02481,core-finance,docs/PRD-模型缓存定价与缓存计量.md,11.1 A1–A9 决议落实表,| A2 | 结算 costTotal 符号语义 | **D-2 调整后通过（P3）**：本期不动结算公式结构（P0 仅加成本列）；`costCache` 抵扣符号语义留 P3 结算任务书评审 | ⏸ 后续阶段（P3） | §5.7、§7.9（本期仅标注衔接） |,logic,P1,主题应满足：结算 costTotal 符号语义,源码路径+行号、对应运行测试或数据库/Redis/队列证据,表格单元格已拆为单一字段断言
REQ-CF-02482,core-finance,docs/PRD-模型缓存定价与缓存计量.md,11.1 A1–A9 决议落实表,| A2 | 结算 costTotal 符号语义 | **D-2 调整后通过（P3）**：本期不动结算公式结构（P0 仅加成本列）；`costCache` 抵扣符号语义留 P3 结算任务书评审 | ⏸ 后续阶段（P3） | §5.7、§7.9（本期仅标注衔接） |,logic,P3,决议应满足：**D-2 调整后通过（P3）**：本期不动结算公式结构（P0 仅加成本列）；`costCache` 抵扣符号语义留 P3 结算任务书评审,源码路径+行号、对应运行测试或数据库/Redis/队列证据,表格单元格已拆为单一字段断言
REQ-CF-02483,core-finance,docs/PRD-模型缓存定价与缓存计量.md,11.1 A1–A9 决议落实表,| A2 | 结算 costTotal 符号语义 | **D-2 调整后通过（P3）**：本期不动结算公式结构（P0 仅加成本列）；`costCache` 抵扣符号语义留 P3 结算任务书评审 | ⏸ 后续阶段（P3） | §5.7、§7.9（本期仅标注衔接） |,state,P3,状态应满足：⏸ 后续阶段（P3）,源码路径+行号、对应运行测试或数据库/Redis/队列证据,表格单元格已拆为单一字段断言
REQ-CF-02484,core-finance,docs/PRD-模型缓存定价与缓存计量.md,11.1 A1–A9 决议落实表,| A2 | 结算 costTotal 符号语义 | **D-2 调整后通过（P3）**：本期不动结算公式结构（P0 仅加成本列）；`costCache` 抵扣符号语义留 P3 结算任务书评审 | ⏸ 后续阶段（P3） | §5.7、§7.9（本期仅标注衔接） |,logic,P1,落点应满足：§5.7、§7.9（本期仅标注衔接）,源码路径+行号、对应运行测试或数据库/Redis/队列证据,表格单元格已拆为单一字段断言
REQ-CF-02485,core-finance,docs/PRD-模型缓存定价与缓存计量.md,11.1 A1–A9 决议落实表,### 11.1 A1–A9 决议落实表,logic,P1,原项应满足：A3,源码路径+行号、对应运行测试或数据库/Redis/队列证据,表格单元格已拆为单一字段断言
REQ-CF-02486,core-finance,docs/PRD-模型缓存定价与缓存计量.md,11.1 A1–A9 决议落实表,| A3 | 显式价与 L3/L4/L5 交互 | **D-3 通过**：「生效 input_price」= 请求最终生效输入单价；显式缓存价独立于折扣类优惠；L3 代理折扣只乘总费用 | ✅ 已定稿 | §4.2 |,logic,P1,主题应满足：显式价与 L3/L4/L5 交互,源码路径+行号、对应运行测试或数据库/Redis/队列证据,表格单元格已拆为单一字段断言
REQ-CF-02487,core-finance,docs/PRD-模型缓存定价与缓存计量.md,11.1 A1–A9 决议落实表,| A3 | 显式价与 L3/L4/L5 交互 | **D-3 通过**：「生效 input_price」= 请求最终生效输入单价；显式缓存价独立于折扣类优惠；L3 代理折扣只乘总费用 | ✅ 已定稿 | §4.2 |,logic,P1,决议应满足：**D-3 通过**：「生效 input_price」= 请求最终生效输入单价；显式缓存价独立于折扣类优惠；L3 代理折扣只乘总费用,源码路径+行号、对应运行测试或数据库/Redis/队列证据,表格单元格已拆为单一字段断言
REQ-CF-02489,core-finance,docs/PRD-模型缓存定价与缓存计量.md,11.1 A1–A9 决议落实表,### 11.1 A1–A9 决议落实表,logic,P1,落点应满足：§4.2,源码路径+行号、对应运行测试或数据库/Redis/队列证据,表格单元格已拆为单一字段断言
REQ-CF-02490,core-finance,docs/PRD-模型缓存定价与缓存计量.md,11.1 A1–A9 决议落实表,### 11.1 A1–A9 决议落实表,logic,P1,原项应满足：A4,源码路径+行号、对应运行测试或数据库/Redis/队列证据,表格单元格已拆为单一字段断言
REQ-CF-02491,core-finance,docs/PRD-模型缓存定价与缓存计量.md,11.1 A1–A9 决议落实表,| A4 | 未配置写入价透出 | **D-4 通过**：来源标识 `cache_write_price_source: 'full_price'/'explicit'`，P0 落库侧写入，P2 前端透出 | ✅ 已定稿 | §5.5、§7.7 |,logic,P1,主题应满足：未配置写入价透出,源码路径+行号、对应运行测试或数据库/Redis/队列证据,表格单元格已拆为单一字段断言
REQ-CF-02492,core-finance,docs/PRD-模型缓存定价与缓存计量.md,11.1 A1–A9 决议落实表,| A4 | 未配置写入价透出 | **D-4 通过**：来源标识 `cache_write_price_source: 'full_price'/'explicit'`，P0 落库侧写入，P2 前端透出 | ✅ 已定稿 | §5.5、§7.7 |,db,P0,决议应满足：**D-4 通过**：来源标识 `cache_write_price_source: 'full_price'/'explicit'`，P0 落库侧写入，P2 前端透出,源码路径+行号、对应运行测试或数据库/Redis/队列证据,表格单元格已拆为单一字段断言
REQ-CF-02494,core-finance,docs/PRD-模型缓存定价与缓存计量.md,11.1 A1–A9 决议落实表,| A4 | 未配置写入价透出 | **D-4 通过**：来源标识 `cache_write_price_source: 'full_price'/'explicit'`，P0 落库侧写入，P2 前端透出 | ✅ 已定稿 | §5.5、§7.7 |,logic,P1,落点应满足：§5.5、§7.7,源码路径+行号、对应运行测试或数据库/Redis/队列证据,表格单元格已拆为单一字段断言
REQ-CF-02495,core-finance,docs/PRD-模型缓存定价与缓存计量.md,11.1 A1–A9 决议落实表,### 11.1 A1–A9 决议落实表,logic,P1,原项应满足：A5,源码路径+行号、对应运行测试或数据库/Redis/队列证据,表格单元格已拆为单一字段断言
REQ-CF-02496,core-finance,docs/PRD-模型缓存定价与缓存计量.md,11.1 A1–A9 决议落实表,| A5 | 缓存字段落库归属 | **D-8 通过**：全部缓存审计/快照列并入 `consumption_records`（3 审计列 + 2 快照列 = 同表 5 新列）；billing_logs 不建表；对话留痕镜像 = P2 可选 | ✅ 已定稿 | §5.4、§5.5 |,field,P1,主题应满足：缓存字段落库归属,源码路径+行号、对应运行测试或数据库/Redis/队列证据,表格单元格已拆为单一字段断言
REQ-CF-02497,core-finance,docs/PRD-模型缓存定价与缓存计量.md,11.1 A1–A9 决议落实表,| A5 | 缓存字段落库归属 | **D-8 通过**：全部缓存审计/快照列并入 `consumption_records`（3 审计列 + 2 快照列 = 同表 5 新列）；billing_logs 不建表；对话留痕镜像 = P2 可选 | ✅ 已定稿 | §5.4、§5.5 |,logic,P2,决议应满足：**D-8 通过**：全部缓存审计/快照列并入 `consumption_records`（3 审计列 + 2 快照列 = 同表 5 新列）；billing_logs 不建表；对话留痕镜像 = P2 可选,源码路径+行号、对应运行测试或数据库/Redis/队列证据,表格单元格已拆为单一字段断言
REQ-CF-02499,core-finance,docs/PRD-模型缓存定价与缓存计量.md,11.1 A1–A9 决议落实表,| A5 | 缓存字段落库归属 | **D-8 通过**：全部缓存审计/快照列并入 `consumption_records`（3 审计列 + 2 快照列 = 同表 5 新列）；billing_logs 不建表；对话留痕镜像 = P2 可选 | ✅ 已定稿 | §5.4、§5.5 |,logic,P1,落点应满足：§5.4、§5.5,源码路径+行号、对应运行测试或数据库/Redis/队列证据,表格单元格已拆为单一字段断言
REQ-CF-02500,core-finance,docs/PRD-模型缓存定价与缓存计量.md,11.1 A1–A9 决议落实表,### 11.1 A1–A9 决议落实表,logic,P1,原项应满足：A6,源码路径+行号、对应运行测试或数据库/Redis/队列证据,表格单元格已拆为单一字段断言
REQ-CF-02501,core-finance,docs/PRD-模型缓存定价与缓存计量.md,11.1 A1–A9 决议落实表,| A6 | 缓存售价配置权限 | **D-5 调整后通过**（技术无阻塞）；业务侧由 product-agent 拍板 → **finance_ops 开放**（R-P5） | ✅ 已定稿 | §6.2 |,permission,P1,主题应满足：缓存售价配置权限,源码路径+行号、对应运行测试或数据库/Redis/队列证据,表格单元格已拆为单一字段断言
REQ-CF-02502,core-finance,docs/PRD-模型缓存定价与缓存计量.md,11.1 A1–A9 决议落实表,| A6 | 缓存售价配置权限 | **D-5 调整后通过**（技术无阻塞）；业务侧由 product-agent 拍板 → **finance_ops 开放**（R-P5） | ✅ 已定稿 | §6.2 |,logic,P1,决议应满足：**D-5 调整后通过**（技术无阻塞）；业务侧由 product-agent 拍板 → **finance_ops 开放**（R-P5）,源码路径+行号、对应运行测试或数据库/Redis/队列证据,表格单元格已拆为单一字段断言
REQ-CF-02504,core-finance,docs/PRD-模型缓存定价与缓存计量.md,11.1 A1–A9 决议落实表,### 11.1 A1–A9 决议落实表,logic,P1,落点应满足：§6.2,源码路径+行号、对应运行测试或数据库/Redis/队列证据,表格单元格已拆为单一字段断言
REQ-CF-02505,core-finance,docs/PRD-模型缓存定价与缓存计量.md,11.1 A1–A9 决议落实表,### 11.1 A1–A9 决议落实表,logic,P1,原项应满足：A7,源码路径+行号、对应运行测试或数据库/Redis/队列证据,表格单元格已拆为单一字段断言
REQ-CF-02506,core-finance,docs/PRD-模型缓存定价与缓存计量.md,11.1 A1–A9 决议落实表,"| A7 | price_change_logs 扩展形态 | **D-6 调整后通过（P1）**：P0 仅预留衔接；P1 通知面落地，形态建议""变更字段 JSON"" | ⏸ 后续阶段（P1） | §10.3（本期仅预留） |",logic,P1,主题应满足：price_change_logs 扩展形态,源码路径+行号、对应运行测试或数据库/Redis/队列证据,表格单元格已拆为单一字段断言
REQ-CF-02507,core-finance,docs/PRD-模型缓存定价与缓存计量.md,11.1 A1–A9 决议落实表,"| A7 | price_change_logs 扩展形态 | **D-6 调整后通过（P1）**：P0 仅预留衔接；P1 通知面落地，形态建议""变更字段 JSON"" | ⏸ 后续阶段（P1） | §10.3（本期仅预留） |",field,P1,"决议应满足：**D-6 调整后通过（P1）**：P0 仅预留衔接；P1 通知面落地，形态建议""变更字段 JSON""",源码路径+行号、对应运行测试或数据库/Redis/队列证据,表格单元格已拆为单一字段断言
REQ-CF-02508,core-finance,docs/PRD-模型缓存定价与缓存计量.md,11.1 A1–A9 决议落实表,"| A7 | price_change_logs 扩展形态 | **D-6 调整后通过（P1）**：P0 仅预留衔接；P1 通知面落地，形态建议""变更字段 JSON"" | ⏸ 后续阶段（P1） | §10.3（本期仅预留） |",state,P1,状态应满足：⏸ 后续阶段（P1）,源码路径+行号、对应运行测试或数据库/Redis/队列证据,表格单元格已拆为单一字段断言
REQ-CF-02509,core-finance,docs/PRD-模型缓存定价与缓存计量.md,11.1 A1–A9 决议落实表,"| A7 | price_change_logs 扩展形态 | **D-6 调整后通过（P1）**：P0 仅预留衔接；P1 通知面落地，形态建议""变更字段 JSON"" | ⏸ 后续阶段（P1） | §10.3（本期仅预留） |",logic,P1,落点应满足：§10.3（本期仅预留）,源码路径+行号、对应运行测试或数据库/Redis/队列证据,表格单元格已拆为单一字段断言
REQ-CF-02510,core-finance,docs/PRD-模型缓存定价与缓存计量.md,11.1 A1–A9 决议落实表,### 11.1 A1–A9 决议落实表,logic,P1,原项应满足：A8,源码路径+行号、对应运行测试或数据库/Redis/队列证据,表格单元格已拆为单一字段断言
REQ-CF-02511,core-finance,docs/PRD-模型缓存定价与缓存计量.md,11.1 A1–A9 决议落实表,| A8 | 缓存价展示判定规则 | **D-7 调整后通过**：判定 = 解析后有效缓存单价 && 上游支持矩阵常量（本期定义，P1 前端落地） | ✅ 已定稿（常量定义） | §7.1 |,logic,P1,主题应满足：缓存价展示判定规则,源码路径+行号、对应运行测试或数据库/Redis/队列证据,表格单元格已拆为单一字段断言
REQ-CF-02512,core-finance,docs/PRD-模型缓存定价与缓存计量.md,11.1 A1–A9 决议落实表,| A8 | 缓存价展示判定规则 | **D-7 调整后通过**：判定 = 解析后有效缓存单价 && 上游支持矩阵常量（本期定义，P1 前端落地） | ✅ 已定稿（常量定义） | §7.1 |,logic,P1,决议应满足：**D-7 调整后通过**：判定 = 解析后有效缓存单价 && 上游支持矩阵常量（本期定义，P1 前端落地）,源码路径+行号、对应运行测试或数据库/Redis/队列证据,表格单元格已拆为单一字段断言
REQ-CF-02513,core-finance,docs/PRD-模型缓存定价与缓存计量.md,11.1 A1–A9 决议落实表,| A8 | 缓存价展示判定规则 | **D-7 调整后通过**：判定 = 解析后有效缓存单价 && 上游支持矩阵常量（本期定义，P1 前端落地） | ✅ 已定稿（常量定义） | §7.1 |,state,P1,状态应满足：✅ 已定稿（常量定义）,源码路径+行号、对应运行测试或数据库/Redis/队列证据,表格单元格已拆为单一字段断言
REQ-CF-02514,core-finance,docs/PRD-模型缓存定价与缓存计量.md,11.1 A1–A9 决议落实表,### 11.1 A1–A9 决议落实表,logic,P1,落点应满足：§7.1,源码路径+行号、对应运行测试或数据库/Redis/队列证据,表格单元格已拆为单一字段断言
REQ-CF-02515,core-finance,docs/PRD-模型缓存定价与缓存计量.md,11.1 A1–A9 决议落实表,### 11.1 A1–A9 决议落实表,logic,P1,原项应满足：A9,源码路径+行号、对应运行测试或数据库/Redis/队列证据,表格单元格已拆为单一字段断言
REQ-CF-02516,core-finance,docs/PRD-模型缓存定价与缓存计量.md,11.1 A1–A9 决议落实表,| A9 | 流式 include_usage 计费时序 | **D-9 通过**：沿用预扣 → 流结束结算，无状态机改动；注入范围 chat/messages/openai-compat 三端点 + 渠道开关预留 | ✅ 已定稿 | §4.1-3、§10.2 C1 |,logic,P1,主题应满足：流式 include_usage 计费时序,源码路径+行号、对应运行测试或数据库/Redis/队列证据,表格单元格已拆为单一字段断言
REQ-CF-02517,core-finance,docs/PRD-模型缓存定价与缓存计量.md,11.1 A1–A9 决议落实表,| A9 | 流式 include_usage 计费时序 | **D-9 通过**：沿用预扣 → 流结束结算，无状态机改动；注入范围 chat/messages/openai-compat 三端点 + 渠道开关预留 | ✅ 已定稿 | §4.1-3、§10.2 C1 |,state,P1,决议应满足：**D-9 通过**：沿用预扣 → 流结束结算，无状态机改动；注入范围 chat/messages/openai-compat 三端点 + 渠道开关预留,源码路径+行号、对应运行测试或数据库/Redis/队列证据,表格单元格已拆为单一字段断言
REQ-CF-02519,core-finance,docs/PRD-模型缓存定价与缓存计量.md,11.1 A1–A9 决议落实表,| A9 | 流式 include_usage 计费时序 | **D-9 通过**：沿用预扣 → 流结束结算，无状态机改动；注入范围 chat/messages/openai-compat 三端点 + 渠道开关预留 | ✅ 已定稿 | §4.1-3、§10.2 C1 |,logic,P1,落点应满足：§4.1-3、§10.2 C1,源码路径+行号、对应运行测试或数据库/Redis/队列证据,表格单元格已拆为单一字段断言
REQ-CF-02520,core-finance,docs/PRD-模型缓存定价与缓存计量.md,11.2 其余决议落实摘要（D-10~D-14，任务书侧为主，PRD 相应对齐）,| D-10 | models 表不建列，价格解析 P0 生效 4 级（级 1 缺省），L2 语义由 `vendor_pricing(pricing_group='default')` 承载 | §4.2、§5.3 |,logic,P1,决议应满足：D-10,源码路径+行号、对应运行测试或数据库/Redis/队列证据,表格单元格已拆为单一字段断言
REQ-CF-02521,core-finance,docs/PRD-模型缓存定价与缓存计量.md,11.2 其余决议落实摘要（D-10~D-14，任务书侧为主，PRD 相应对齐）,| D-10 | models 表不建列，价格解析 P0 生效 4 级（级 1 缺省），L2 语义由 `vendor_pricing(pricing_group='default')` 承载 | §4.2、§5.3 |,logic,P0,内容应满足：models 表不建列，价格解析 P0 生效 4 级（级 1 缺省），L2 语义由 `vendor_pricing(pricing_group='default')` 承载,源码路径+行号、对应运行测试或数据库/Redis/队列证据,表格单元格已拆为单一字段断言
REQ-CF-02522,core-finance,docs/PRD-模型缓存定价与缓存计量.md,11.2 其余决议落实摘要（D-10~D-14，任务书侧为主，PRD 相应对齐）,| 决议 | 内容 | PRD 落点 |,logic,P1,PRD 落点应满足：§4.2、§5.3,源码路径+行号、对应运行测试或数据库/Redis/队列证据,表格单元格已拆为单一字段断言
REQ-CF-02523,core-finance,docs/PRD-模型缓存定价与缓存计量.md,11.2 其余决议落实摘要（D-10~D-14，任务书侧为主，PRD 相应对齐）,"| D-11 | 收敛策略 read 优先保留（write = max(prompt − read, 0)） | §4.1-1、§4.6 R4、AC-05 |",logic,P1,决议应满足：D-11,源码路径+行号、对应运行测试或数据库/Redis/队列证据,表格单元格已拆为单一字段断言
REQ-CF-02524,core-finance,docs/PRD-模型缓存定价与缓存计量.md,11.2 其余决议落实摘要（D-10~D-14，任务书侧为主，PRD 相应对齐）,"| D-11 | 收敛策略 read 优先保留（write = max(prompt − read, 0)） | §4.1-1、§4.6 R4、AC-05 |",logic,P1,"内容应满足：收敛策略 read 优先保留（write = max(prompt − read, 0)）",源码路径+行号、对应运行测试或数据库/Redis/队列证据,表格单元格已拆为单一字段断言
REQ-CF-02525,core-finance,docs/PRD-模型缓存定价与缓存计量.md,11.2 其余决议落实摘要（D-10~D-14，任务书侧为主，PRD 相应对齐）,"| D-11 | 收敛策略 read 优先保留（write = max(prompt − read, 0)） | §4.1-1、§4.6 R4、AC-05 |",logic,P1,PRD 落点应满足：§4.1-1、§4.6 R4、AC-05,源码路径+行号、对应运行测试或数据库/Redis/队列证据,表格单元格已拆为单一字段断言
REQ-CF-02526,core-finance,docs/PRD-模型缓存定价与缓存计量.md,11.2 其余决议落实摘要（D-10~D-14，任务书侧为主，PRD 相应对齐）,"| D-12 | 新价格列 numeric(18,6)，schema/迁移/DTO 三处一致；既有 varchar 列不迁移 | §5.1/§5.2（已为 18,6） |",logic,P1,决议应满足：D-12,源码路径+行号、对应运行测试或数据库/Redis/队列证据,表格单元格已拆为单一字段断言
REQ-CF-02527,core-finance,docs/PRD-模型缓存定价与缓存计量.md,11.2 其余决议落实摘要（D-10~D-14，任务书侧为主，PRD 相应对齐）,"| D-12 | 新价格列 numeric(18,6)，schema/迁移/DTO 三处一致；既有 varchar 列不迁移 | §5.1/§5.2（已为 18,6） |",db,P1,"内容应满足：新价格列 numeric(18,6)，schema/迁移/DTO 三处一致；既有 varchar 列不迁移",源码路径+行号、对应运行测试或数据库/Redis/队列证据,表格单元格已拆为单一字段断言
REQ-CF-02528,core-finance,docs/PRD-模型缓存定价与缓存计量.md,11.2 其余决议落实摘要（D-10~D-14，任务书侧为主，PRD 相应对齐）,"| D-12 | 新价格列 numeric(18,6)，schema/迁移/DTO 三处一致；既有 varchar 列不迁移 | §5.1/§5.2（已为 18,6） |",logic,P1,"PRD 落点应满足：§5.1/§5.2（已为 18,6）",源码路径+行号、对应运行测试或数据库/Redis/队列证据,表格单元格已拆为单一字段断言
REQ-CF-02529,core-finance,docs/PRD-模型缓存定价与缓存计量.md,11.2 其余决议落实摘要（D-10~D-14，任务书侧为主，PRD 相应对齐）,| D-13 | `cache_pricing_mode` 默认 explicit（存量自动回退，默认安全） | §4.4（已为默认 explicit） |,logic,P1,决议应满足：D-13,源码路径+行号、对应运行测试或数据库/Redis/队列证据,表格单元格已拆为单一字段断言
REQ-CF-02530,core-finance,docs/PRD-模型缓存定价与缓存计量.md,11.2 其余决议落实摘要（D-10~D-14，任务书侧为主，PRD 相应对齐）,| D-13 | `cache_pricing_mode` 默认 explicit（存量自动回退，默认安全） | §4.4（已为默认 explicit） |,security,P1,内容应满足：`cache_pricing_mode` 默认 explicit（存量自动回退，默认安全）,源码路径+行号、对应运行测试或数据库/Redis/队列证据,表格单元格已拆为单一字段断言
REQ-CF-02531,core-finance,docs/PRD-模型缓存定价与缓存计量.md,11.2 其余决议落实摘要（D-10~D-14，任务书侧为主，PRD 相应对齐）,| D-13 | `cache_pricing_mode` 默认 explicit（存量自动回退，默认安全） | §4.4（已为默认 explicit） |,logic,P1,PRD 落点应满足：§4.4（已为默认 explicit）,源码路径+行号、对应运行测试或数据库/Redis/队列证据,表格单元格已拆为单一字段断言
REQ-CF-02532,core-finance,docs/PRD-模型缓存定价与缓存计量.md,11.2 其余决议落实摘要（D-10~D-14，任务书侧为主，PRD 相应对齐）,| D-14 | `test/cache-billing.test.ts` 2 个 Anthropic 断言更新获准（方案刻意行为变更，非回归）；补充 discount_rate 模式对照断言 | 任务书 T2（PRD §8 AC-02/AC-10 覆盖） |,logic,P1,决议应满足：D-14,源码路径+行号、对应运行测试或数据库/Redis/队列证据,表格单元格已拆为单一字段断言
REQ-CF-02533,core-finance,docs/PRD-模型缓存定价与缓存计量.md,11.2 其余决议落实摘要（D-10~D-14，任务书侧为主，PRD 相应对齐）,| D-14 | `test/cache-billing.test.ts` 2 个 Anthropic 断言更新获准（方案刻意行为变更，非回归）；补充 discount_rate 模式对照断言 | 任务书 T2（PRD §8 AC-02/AC-10 覆盖） |,logic,P1,内容应满足：`test/cache-billing.test.ts` 2 个 Anthropic 断言更新获准（方案刻意行为变更，非回归）；补充 discount_rate 模式对照断言,源码路径+行号、对应运行测试或数据库/Redis/队列证据,表格单元格已拆为单一字段断言
REQ-CF-02534,core-finance,docs/PRD-模型缓存定价与缓存计量.md,11.2 其余决议落实摘要（D-10~D-14，任务书侧为主，PRD 相应对齐）,| D-14 | `test/cache-billing.test.ts` 2 个 Anthropic 断言更新获准（方案刻意行为变更，非回归）；补充 discount_rate 模式对照断言 | 任务书 T2（PRD §8 AC-02/AC-10 覆盖） |,logic,P1,PRD 落点应满足：任务书 T2（PRD §8 AC-02/AC-10 覆盖）,源码路径+行号、对应运行测试或数据库/Redis/队列证据,表格单元格已拆为单一字段断言
REQ-CF-02535,core-finance,docs/PRD-模型缓存定价与缓存计量.md,11.3 移交后续阶段事项,### 11.3 移交后续阶段事项,logic,P1,阶段应满足：P1,源码路径+行号、对应运行测试或数据库/Redis/队列证据,表格单元格已拆为单一字段断言
REQ-CF-02536,core-finance,docs/PRD-模型缓存定价与缓存计量.md,11.3 移交后续阶段事项,| P1 | A7 价格变更通知形态定稿（变更字段 JSON 建议） | 调度排期 + 产品/架构 |,field,P1,事项应满足：A7 价格变更通知形态定稿（变更字段 JSON 建议）,源码路径+行号、对应运行测试或数据库/Redis/队列证据,表格单元格已拆为单一字段断言
REQ-CF-02537,core-finance,docs/PRD-模型缓存定价与缓存计量.md,11.3 移交后续阶段事项,| P1 | A7 价格变更通知形态定稿（变更字段 JSON 建议） | 调度排期 + 产品/架构 |,logic,P1,责任方应满足：调度排期 + 产品/架构,源码路径+行号、对应运行测试或数据库/Redis/队列证据,表格单元格已拆为单一字段断言
REQ-CF-02539,core-finance,docs/PRD-模型缓存定价与缓存计量.md,11.3 移交后续阶段事项,| P1 | A8 上游支持矩阵前端落地（常量 → ModelCard 展示） | frontend-agent |,logic,P1,事项应满足：A8 上游支持矩阵前端落地（常量 → ModelCard 展示）,源码路径+行号、对应运行测试或数据库/Redis/队列证据,表格单元格已拆为单一字段断言
REQ-CF-02540,core-finance,docs/PRD-模型缓存定价与缓存计量.md,11.3 移交后续阶段事项,| P1 | A8 上游支持矩阵前端落地（常量 → ModelCard 展示） | frontend-agent |,logic,P1,责任方应满足：frontend-agent,源码路径+行号、对应运行测试或数据库/Redis/队列证据,表格单元格已拆为单一字段断言
REQ-CF-02541,core-finance,docs/PRD-模型缓存定价与缓存计量.md,11.3 移交后续阶段事项,### 11.3 移交后续阶段事项,logic,P3,阶段应满足：P3,源码路径+行号、对应运行测试或数据库/Redis/队列证据,表格单元格已拆为单一字段断言
REQ-CF-02542,core-finance,docs/PRD-模型缓存定价与缓存计量.md,11.3 移交后续阶段事项,| P3 | A2 结算 costTotal 抵扣符号语义评审（D-2） | 调度排期 + 产品/架构（P3 结算任务书） |,logic,P1,事项应满足：A2 结算 costTotal 抵扣符号语义评审（D-2）,源码路径+行号、对应运行测试或数据库/Redis/队列证据,表格单元格已拆为单一字段断言
REQ-CF-02543,core-finance,docs/PRD-模型缓存定价与缓存计量.md,11.3 移交后续阶段事项,| P3 | A2 结算 costTotal 抵扣符号语义评审（D-2） | 调度排期 + 产品/架构（P3 结算任务书） |,logic,P3,责任方应满足：调度排期 + 产品/架构（P3 结算任务书）,源码路径+行号、对应运行测试或数据库/Redis/队列证据,表格单元格已拆为单一字段断言
REQ-CF-02544,core-finance,docs/PRD-模型缓存定价与缓存计量.md,12. 与方案文档的差异 / 澄清说明,"| D1 | 方案 §4.6 vs §六 | `cache_hit_discount` 位置编号口径不一致：§4.6 写""降级为第 3 级回退""，§六 5 级表中为第 4 级 | 本 PRD 以 §六 5 级表为准（第 4.2 节级 4）；编号口径为文档表述问题，非决策变更 |",logic,P1,位置应满足：方案 §4.6 vs §六,源码路径+行号、对应运行测试或数据库/Redis/队列证据,表格单元格已拆为单一字段断言
REQ-CF-02545,core-finance,docs/PRD-模型缓存定价与缓存计量.md,12. 与方案文档的差异 / 澄清说明,"| D1 | 方案 §4.6 vs §六 | `cache_hit_discount` 位置编号口径不一致：§4.6 写""降级为第 3 级回退""，§六 5 级表中为第 4 级 | 本 PRD 以 §六 5 级表为准（第 4.2 节级 4）；编号口径为文档表述问题，非决策变更 |",logic,P1,"说明应满足：`cache_hit_discount` 位置编号口径不一致：§4.6 写""降级为第 3 级回退""，§六 5 级表中为第 4 级",源码路径+行号、对应运行测试或数据库/Redis/队列证据,表格单元格已拆为单一字段断言
REQ-CF-02546,core-finance,docs/PRD-模型缓存定价与缓存计量.md,12. 与方案文档的差异 / 澄清说明,"| D1 | 方案 §4.6 vs §六 | `cache_hit_discount` 位置编号口径不一致：§4.6 写""降级为第 3 级回退""，§六 5 级表中为第 4 级 | 本 PRD 以 §六 5 级表为准（第 4.2 节级 4）；编号口径为文档表述问题，非决策变更 |",logic,P1,处理应满足：本 PRD 以 §六 5 级表为准（第 4.2 节级 4）；编号口径为文档表述问题，非决策变更,源码路径+行号、对应运行测试或数据库/Redis/队列证据,表格单元格已拆为单一字段断言
REQ-CF-02547,core-finance,docs/PRD-模型缓存定价与缓存计量.md,12. 与方案文档的差异 / 澄清说明,"| D2 | 方案 §十二-6 | ""金额 6~8 位小数规则与 ref-5.2 §8.2 一致""——§8.2 实际写 4 位 | 已按 **D-1** 定稿：存储/计算 8 位 + 展示 2 位（§4.7），ref-5.2 精度段已同步修订 |",logic,P1,位置应满足：方案 §十二-6,源码路径+行号、对应运行测试或数据库/Redis/队列证据,表格单元格已拆为单一字段断言
REQ-CF-02548,core-finance,docs/PRD-模型缓存定价与缓存计量.md,12. 与方案文档的差异 / 澄清说明,"| D2 | 方案 §十二-6 | ""金额 6~8 位小数规则与 ref-5.2 §8.2 一致""——§8.2 实际写 4 位 | 已按 **D-1** 定稿：存储/计算 8 位 + 展示 2 位（§4.7），ref-5.2 精度段已同步修订 |",field,P1,"说明应满足：""金额 6~8 位小数规则与 ref-5.2 §8.2 一致""——§8.2 实际写 4 位",源码路径+行号、对应运行测试或数据库/Redis/队列证据,表格单元格已拆为单一字段断言
REQ-CF-02549,core-finance,docs/PRD-模型缓存定价与缓存计量.md,12. 与方案文档的差异 / 澄清说明,"| D2 | 方案 §十二-6 | ""金额 6~8 位小数规则与 ref-5.2 §8.2 一致""——§8.2 实际写 4 位 | 已按 **D-1** 定稿：存储/计算 8 位 + 展示 2 位（§4.7），ref-5.2 精度段已同步修订 |",logic,P1,处理应满足：已按 **D-1** 定稿：存储/计算 8 位 + 展示 2 位（§4.7），ref-5.2 精度段已同步修订,源码路径+行号、对应运行测试或数据库/Redis/队列证据,表格单元格已拆为单一字段断言
REQ-CF-02550,core-finance,docs/PRD-模型缓存定价与缓存计量.md,12. 与方案文档的差异 / 澄清说明,| D3 | — | 本 PRD 未对方案任何计费决策做修改，仅补充：权限矩阵、页面交互细化、验收清单执行化、`[?]` 帮助全量文案、变更影响与文档同步清单 | 属 PRD 职责范围内的细化，非决策变更 |,test,P1,说明应满足：本 PRD 未对方案任何计费决策做修改，仅补充：权限矩阵、页面交互细化、验收清单执行化、`[?]` 帮助全量文案、变更影响与文档同步清单,源码路径+行号、对应运行测试或数据库/Redis/队列证据,表格单元格已拆为单一字段断言
REQ-CF-02551,core-finance,docs/PRD-模型缓存定价与缓存计量.md,12. 与方案文档的差异 / 澄清说明,| D3 | — | 本 PRD 未对方案任何计费决策做修改，仅补充：权限矩阵、页面交互细化、验收清单执行化、`[?]` 帮助全量文案、变更影响与文档同步清单 | 属 PRD 职责范围内的细化，非决策变更 |,logic,P1,处理应满足：属 PRD 职责范围内的细化，非决策变更,源码路径+行号、对应运行测试或数据库/Redis/队列证据,表格单元格已拆为单一字段断言
REQ-CF-02552,core-finance,docs/PRD-模型缓存定价与缓存计量.md,12. 与方案文档的差异 / 澄清说明,| D4 | — | 本 v1.1 按联合评审（D-1~D-14）落实修订：表名映射双轨、精度 8 位、落库 consumption_records、流式注入范围、A6 权限定稿、展示判定矩阵、文档债务同步 | 均为评审决议执行，非方案决策变更（与评审附录一致性声明一致） |,permission,P1,说明应满足：本 v1.1 按联合评审（D-1~D-14）落实修订：表名映射双轨、精度 8 位、落库 consumption_records、流式注入范围、A6 权限定稿、展示判定矩阵、文档债务同步,源码路径+行号、对应运行测试或数据库/Redis/队列证据,表格单元格已拆为单一字段断言
REQ-CF-02553,core-finance,docs/PRD-模型缓存定价与缓存计量.md,12. 与方案文档的差异 / 澄清说明,| D4 | — | 本 v1.1 按联合评审（D-1~D-14）落实修订：表名映射双轨、精度 8 位、落库 consumption_records、流式注入范围、A6 权限定稿、展示判定矩阵、文档债务同步 | 均为评审决议执行，非方案决策变更（与评审附录一致性声明一致） |,logic,P1,处理应满足：均为评审决议执行，非方案决策变更（与评审附录一致性声明一致）,源码路径+行号、对应运行测试或数据库/Redis/队列证据,表格单元格已拆为单一字段断言
REQ-CF-02554,core-finance,docs/PRD-模型缓存定价与缓存计量.md,附录：方案 doc 章节 ↔ 本 PRD 章节映射,| §一 问题与现状 / §二 目标 | §2 需求背景与目标 |,logic,P1,方案 doc 章节应满足：§一 问题与现状 / §二 目标,源码路径+行号、对应运行测试或数据库/Redis/队列证据,表格单元格已拆为单一字段断言
REQ-CF-02555,core-finance,docs/PRD-模型缓存定价与缓存计量.md,附录：方案 doc 章节 ↔ 本 PRD 章节映射,| §一 问题与现状 / §二 目标 | §2 需求背景与目标 |,logic,P1,本 PRD 章节应满足：§2 需求背景与目标,源码路径+行号、对应运行测试或数据库/Redis/队列证据,表格单元格已拆为单一字段断言
REQ-CF-02556,core-finance,docs/PRD-模型缓存定价与缓存计量.md,附录：方案 doc 章节 ↔ 本 PRD 章节映射,| 方案 doc 章节 | 本 PRD 章节 |,logic,P1,方案 doc 章节应满足：§三 核心设计决策,源码路径+行号、对应运行测试或数据库/Redis/队列证据,表格单元格已拆为单一字段断言
REQ-CF-02557,core-finance,docs/PRD-模型缓存定价与缓存计量.md,附录：方案 doc 章节 ↔ 本 PRD 章节映射,| 方案 doc 章节 | 本 PRD 章节 |,logic,P1,本 PRD 章节应满足：§4 业务规则,源码路径+行号、对应运行测试或数据库/Redis/队列证据,表格单元格已拆为单一字段断言
REQ-CF-02558,core-finance,docs/PRD-模型缓存定价与缓存计量.md,附录：方案 doc 章节 ↔ 本 PRD 章节映射,| 方案 doc 章节 | 本 PRD 章节 |,logic,P1,方案 doc 章节应满足：§四 数据模型变更,源码路径+行号、对应运行测试或数据库/Redis/队列证据,表格单元格已拆为单一字段断言
REQ-CF-02559,core-finance,docs/PRD-模型缓存定价与缓存计量.md,附录：方案 doc 章节 ↔ 本 PRD 章节映射,| 方案 doc 章节 | 本 PRD 章节 |,field,P1,本 PRD 章节应满足：§5 字段定义,源码路径+行号、对应运行测试或数据库/Redis/队列证据,表格单元格已拆为单一字段断言
REQ-CF-02560,core-finance,docs/PRD-模型缓存定价与缓存计量.md,附录：方案 doc 章节 ↔ 本 PRD 章节映射,| §五 上游 usage 归一化 | §4.5 |,logic,P1,方案 doc 章节应满足：§五 上游 usage 归一化,源码路径+行号、对应运行测试或数据库/Redis/队列证据,表格单元格已拆为单一字段断言
REQ-CF-02561,core-finance,docs/PRD-模型缓存定价与缓存计量.md,附录：方案 doc 章节 ↔ 本 PRD 章节映射,| 方案 doc 章节 | 本 PRD 章节 |,logic,P1,本 PRD 章节应满足：§4.5,源码路径+行号、对应运行测试或数据库/Redis/队列证据,表格单元格已拆为单一字段断言
REQ-CF-02562,core-finance,docs/PRD-模型缓存定价与缓存计量.md,附录：方案 doc 章节 ↔ 本 PRD 章节映射,| §六 计费公式与引擎变更 | §4.1–4.4、4.6–4.7 |,logic,P1,方案 doc 章节应满足：§六 计费公式与引擎变更,源码路径+行号、对应运行测试或数据库/Redis/队列证据,表格单元格已拆为单一字段断言
REQ-CF-02563,core-finance,docs/PRD-模型缓存定价与缓存计量.md,附录：方案 doc 章节 ↔ 本 PRD 章节映射,| §六 计费公式与引擎变更 | §4.1–4.4、4.6–4.7 |,logic,P1,本 PRD 章节应满足：§4.1–4.4、4.6–4.7,源码路径+行号、对应运行测试或数据库/Redis/队列证据,表格单元格已拆为单一字段断言
REQ-CF-02564,core-finance,docs/PRD-模型缓存定价与缓存计量.md,附录：方案 doc 章节 ↔ 本 PRD 章节映射,| §七 用户查询缓存定价 | §7.1–7.3、§6 权限 |,logic,P1,方案 doc 章节应满足：§七 用户查询缓存定价,源码路径+行号、对应运行测试或数据库/Redis/队列证据,表格单元格已拆为单一字段断言
REQ-CF-02565,core-finance,docs/PRD-模型缓存定价与缓存计量.md,附录：方案 doc 章节 ↔ 本 PRD 章节映射,| §七 用户查询缓存定价 | §7.1–7.3、§6 权限 |,permission,P1,本 PRD 章节应满足：§7.1–7.3、§6 权限,源码路径+行号、对应运行测试或数据库/Redis/队列证据,表格单元格已拆为单一字段断言
REQ-CF-02566,core-finance,docs/PRD-模型缓存定价与缓存计量.md,附录：方案 doc 章节 ↔ 本 PRD 章节映射,| §八 消费侧缓存信息透出 | §7.4–7.8 |,logic,P1,方案 doc 章节应满足：§八 消费侧缓存信息透出,源码路径+行号、对应运行测试或数据库/Redis/队列证据,表格单元格已拆为单一字段断言
REQ-CF-02567,core-finance,docs/PRD-模型缓存定价与缓存计量.md,附录：方案 doc 章节 ↔ 本 PRD 章节映射,| 方案 doc 章节 | 本 PRD 章节 |,logic,P1,本 PRD 章节应满足：§7.4–7.8,源码路径+行号、对应运行测试或数据库/Redis/队列证据,表格单元格已拆为单一字段断言
REQ-CF-02568,core-finance,docs/PRD-模型缓存定价与缓存计量.md,附录：方案 doc 章节 ↔ 本 PRD 章节映射,| §九 管理端与结算衔接 | §7.9 |,logic,P1,方案 doc 章节应满足：§九 管理端与结算衔接,源码路径+行号、对应运行测试或数据库/Redis/队列证据,表格单元格已拆为单一字段断言
REQ-CF-02569,core-finance,docs/PRD-模型缓存定价与缓存计量.md,附录：方案 doc 章节 ↔ 本 PRD 章节映射,| 方案 doc 章节 | 本 PRD 章节 |,logic,P1,本 PRD 章节应满足：§7.9,源码路径+行号、对应运行测试或数据库/Redis/队列证据,表格单元格已拆为单一字段断言
REQ-CF-02570,core-finance,docs/PRD-模型缓存定价与缓存计量.md,附录：方案 doc 章节 ↔ 本 PRD 章节映射,| 方案 doc 章节 | 本 PRD 章节 |,logic,P1,方案 doc 章节应满足：§十 兼容与迁移,源码路径+行号、对应运行测试或数据库/Redis/队列证据,表格单元格已拆为单一字段断言
REQ-CF-02571,core-finance,docs/PRD-模型缓存定价与缓存计量.md,附录：方案 doc 章节 ↔ 本 PRD 章节映射,| 方案 doc 章节 | 本 PRD 章节 |,logic,P1,本 PRD 章节应满足：§10.1–10.2,源码路径+行号、对应运行测试或数据库/Redis/队列证据,表格单元格已拆为单一字段断言
REQ-CF-02572,core-finance,docs/PRD-模型缓存定价与缓存计量.md,附录：方案 doc 章节 ↔ 本 PRD 章节映射,| 方案 doc 章节 | 本 PRD 章节 |,logic,P1,方案 doc 章节应满足：§十一 [?] 帮助对照表,源码路径+行号、对应运行测试或数据库/Redis/队列证据,表格单元格已拆为单一字段断言
REQ-CF-02573,core-finance,docs/PRD-模型缓存定价与缓存计量.md,附录：方案 doc 章节 ↔ 本 PRD 章节映射,| 方案 doc 章节 | 本 PRD 章节 |,logic,P1,本 PRD 章节应满足：§9,源码路径+行号、对应运行测试或数据库/Redis/队列证据,表格单元格已拆为单一字段断言
REQ-CF-02574,core-finance,docs/PRD-模型缓存定价与缓存计量.md,附录：方案 doc 章节 ↔ 本 PRD 章节映射,| 方案 doc 章节 | 本 PRD 章节 |,test,P1,方案 doc 章节应满足：§十二 验收要点,源码路径+行号、对应运行测试或数据库/Redis/队列证据,表格单元格已拆为单一字段断言
REQ-CF-02575,core-finance,docs/PRD-模型缓存定价与缓存计量.md,附录：方案 doc 章节 ↔ 本 PRD 章节映射,| 方案 doc 章节 | 本 PRD 章节 |,logic,P1,本 PRD 章节应满足：§8,源码路径+行号、对应运行测试或数据库/Redis/队列证据,表格单元格已拆为单一字段断言
REQ-CF-02576,core-finance,docs/PRD-模型缓存定价与缓存计量.md,附录：方案 doc 章节 ↔ 本 PRD 章节映射,| §十三 实施阶段建议 | §3 优先级 |,logic,P1,方案 doc 章节应满足：§十三 实施阶段建议,源码路径+行号、对应运行测试或数据库/Redis/队列证据,表格单元格已拆为单一字段断言
REQ-CF-02577,core-finance,docs/PRD-模型缓存定价与缓存计量.md,附录：方案 doc 章节 ↔ 本 PRD 章节映射,| 方案 doc 章节 | 本 PRD 章节 |,logic,P1,本 PRD 章节应满足：§3 优先级,源码路径+行号、对应运行测试或数据库/Redis/队列证据,表格单元格已拆为单一字段断言
REQ-CF-02578,core-finance,docs/PRD-模型缓存定价与缓存计量.md,附录：方案 doc 章节 ↔ 本 PRD 章节映射,| 联合评审 `ARCH-模型缓存定价与缓存计量-联合评审.md` | §11 决议落实、§5 表名映射、§4.7 精度（D-1）、§4.1/§4.2（D-9/D-10/D-11） |,logic,P1,方案 doc 章节应满足：联合评审 `ARCH-模型缓存定价与缓存计量-联合评审.md`,源码路径+行号、对应运行测试或数据库/Redis/队列证据,表格单元格已拆为单一字段断言
REQ-CF-02579,core-finance,docs/PRD-模型缓存定价与缓存计量.md,附录：方案 doc 章节 ↔ 本 PRD 章节映射,| 联合评审 `ARCH-模型缓存定价与缓存计量-联合评审.md` | §11 决议落实、§5 表名映射、§4.7 精度（D-1）、§4.1/§4.2（D-9/D-10/D-11） |,logic,P1,本 PRD 章节应满足：§11 决议落实、§5 表名映射、§4.7 精度（D-1）、§4.1/§4.2（D-9/D-10/D-11）,源码路径+行号、对应运行测试或数据库/Redis/队列证据,表格单元格已拆为单一字段断言
REQ-CF-02580,core-finance,docs/PRD-运营增长模块.md,8.1 浠ｇ悊鍏戞崲鐮侀厤棰濅笌缁戝畾,馃搸 **杩愯惀鏂规鍙傝€?*锛歔`docs/ops-business-plan.md`](ops-business-plan.md) 搂3.3 鈥?浠ｇ悊鍟嗗厬鎹㈢爜鎷夋柊绛栫暐,logic,P1,馃搸 **杩愯惀鏂规鍙傝€?*锛歔`docs/ops-business-plan.md`](ops-business-plan.md) 搂3.3 鈥?浠ｇ悊鍟嗗厬鎹㈢爜鎷夋柊绛栫暐,源码路径+行号、对应运行测试或数据库/Redis/队列证据,N/A：原审计记录未提供补充依据；待复核源码、测试及运行证据。
REQ-CF-02581,core-finance,docs/PRD-运营增长模块.md,鑳屾櫙,#### 鑳屾櫙,logic,P1,浠ｇ悊鍟嗕綔涓轰富鍔涙嫇瀹㈡笭閬擄紝闇€瑕佸彲閲忓寲鐨勬媺鏂板伐鍏枫€傚綋鍓嶄唬鐞嗘棤娉曢€氳繃鍏戞崲鐮佽拷韪媺鏂版晥鏋滐紝瀵艰嚧浠ｇ悊鎷夋柊涓嶅彲杩芥函銆佷笉鍙縺鍔便€?,源码路径+行号、对应运行测试或数据库/Redis/队列证据,N/A：原审计记录未提供补充依据；待复核源码、测试及运行证据。
REQ-CF-02582,core-finance,docs/PRD-运营增长模块.md,鍔熻兘瑙勬牸,| 杩愯惀绔厤棰濋厤缃?| 涓烘瘡涓唬鐞嗚缃湀鍏戞崲鐮侀厤棰濓紙鏁伴噺 + 闈㈠€硷級锛屾敮鎸佹寜绛夌骇榛樿閰嶉 |,logic,P1,妯″潡应满足：杩愯惀绔厤棰濋厤缃?,源码路径+行号、对应运行测试或数据库/Redis/队列证据,表格单元格已拆为单一字段断言
REQ-CF-02583,core-finance,docs/PRD-运营增长模块.md,鍔熻兘瑙勬牸,| 杩愯惀绔厤棰濋厤缃?| 涓烘瘡涓唬鐞嗚缃湀鍏戞崲鐮侀厤棰濓紙鏁伴噺 + 闈㈠€硷級锛屾敮鎸佹寜绛夌骇榛樿閰嶉 |,logic,P1,璇存槑应满足：涓烘瘡涓唬鐞嗚缃湀鍏戞崲鐮侀厤棰濓紙鏁伴噺 + 闈㈠€硷級锛屾敮鎸佹寜绛夌骇榛樿閰嶉,源码路径+行号、对应运行测试或数据库/Redis/队列证据,表格单元格已拆为单一字段断言
REQ-CF-02584,core-finance,docs/PRD-运营增长模块.md,鍔熻兘瑙勬牸,| 浠ｇ悊鐢宠娴佺▼ | 浠ｇ悊绔敵璇峰厬鎹㈢爜閰嶉 鈫?杩愯惀瀹℃牳 鈫?瀹℃牳閫氳繃鍚庡厬鎹㈢爜鍒拌处 |,logic,P1,妯″潡应满足：浠ｇ悊鐢宠娴佺▼,源码路径+行号、对应运行测试或数据库/Redis/队列证据,表格单元格已拆为单一字段断言
REQ-CF-02585,core-finance,docs/PRD-运营增长模块.md,鍔熻兘瑙勬牸,| 浠ｇ悊鐢宠娴佺▼ | 浠ｇ悊绔敵璇峰厬鎹㈢爜閰嶉 鈫?杩愯惀瀹℃牳 鈫?瀹℃牳閫氳繃鍚庡厬鎹㈢爜鍒拌处 |,logic,P1,璇存槑应满足：浠ｇ悊绔敵璇峰厬鎹㈢爜閰嶉 鈫?杩愯惀瀹℃牳 鈫?瀹℃牳閫氳繃鍚庡厬鎹㈢爜鍒拌处,源码路径+行号、对应运行测试或数据库/Redis/队列证据,表格单元格已拆为单一字段断言
REQ-CF-02586,core-finance,docs/PRD-运营增长模块.md,鍔熻兘瑙勬牸,| 鍏戞崲鐮佺粦瀹氫唬鐞?| 鐢熸垚鍏戞崲鐮佹椂缁戝畾 `agent_id`锛岀敤鎴峰厬鎹㈠悗鑷姩寤虹珛浠ｇ悊-鐢ㄦ埛鍏宠仈 |,logic,P1,妯″潡应满足：鍏戞崲鐮佺粦瀹氫唬鐞?,源码路径+行号、对应运行测试或数据库/Redis/队列证据,表格单元格已拆为单一字段断言
REQ-CF-02587,core-finance,docs/PRD-运营增长模块.md,鍔熻兘瑙勬牸,| 鍏戞崲鐮佺粦瀹氫唬鐞?| 鐢熸垚鍏戞崲鐮佹椂缁戝畾 `agent_id`锛岀敤鎴峰厬鎹㈠悗鑷姩寤虹珛浠ｇ悊-鐢ㄦ埛鍏宠仈 |,logic,P1,璇存槑应满足：鐢熸垚鍏戞崲鐮佹椂缁戝畾 `agent_id`锛岀敤鎴峰厬鎹㈠悗鑷姩寤虹珛浠ｇ悊-鐢ㄦ埛鍏宠仈,源码路径+行号、对应运行测试或数据库/Redis/队列证据,表格单元格已拆为单一字段断言
REQ-CF-02588,core-finance,docs/PRD-运营增长模块.md,鍔熻兘瑙勬牸,| 浠ｇ悊绔粺璁?| 鍏戞崲鐮佷娇鐢ㄧ粺璁★細宸插彂鏀?/ 宸蹭娇鐢?/ 鍓╀綑棰濆害 / 鍏宠仈鐢ㄦ埛鍒楄〃 |,logic,P1,妯″潡应满足：浠ｇ悊绔粺璁?,源码路径+行号、对应运行测试或数据库/Redis/队列证据,表格单元格已拆为单一字段断言
REQ-CF-02589,core-finance,docs/PRD-运营增长模块.md,鍔熻兘瑙勬牸,| 浠ｇ悊绔粺璁?| 鍏戞崲鐮佷娇鐢ㄧ粺璁★細宸插彂鏀?/ 宸蹭娇鐢?/ 鍓╀綑棰濆害 / 鍏宠仈鐢ㄦ埛鍒楄〃 |,logic,P1,璇存槑应满足：鍏戞崲鐮佷娇鐢ㄧ粺璁★細宸插彂鏀?/ 宸蹭娇鐢?/ 鍓╀綑棰濆害 / 鍏宠仈鐢ㄦ埛鍒楄〃,源码路径+行号、对应运行测试或数据库/Redis/队列证据,表格单元格已拆为单一字段断言
REQ-CF-02590,core-finance,docs/PRD-运营增长模块.md,鍔熻兘瑙勬牸,| 鍏呭€兼椿鍔ㄨ嚜鍔ㄥ叧鑱?| 鍏呭€兼椿鍔ㄧ敓鎴愮殑鍏戞崲鐮佸悓鏍锋敮鎸佷唬鐞嗙粦瀹?|,logic,P1,妯″潡应满足：鍏呭€兼椿鍔ㄨ嚜鍔ㄥ叧鑱?,源码路径+行号、对应运行测试或数据库/Redis/队列证据,表格单元格已拆为单一字段断言
REQ-CF-02591,core-finance,docs/PRD-运营增长模块.md,鍔熻兘瑙勬牸,| 鍏呭€兼椿鍔ㄨ嚜鍔ㄥ叧鑱?| 鍏呭€兼椿鍔ㄧ敓鎴愮殑鍏戞崲鐮佸悓鏍锋敮鎸佷唬鐞嗙粦瀹?|,logic,P1,璇存槑应满足：鍏呭€兼椿鍔ㄧ敓鎴愮殑鍏戞崲鐮佸悓鏍锋敮鎸佷唬鐞嗙粦瀹?,源码路径+行号、对应运行测试或数据库/Redis/队列证据,表格单元格已拆为单一字段断言
REQ-CF-02592,core-finance,docs/PRD-运营增长模块.md,API 鎺ュ彛,| `POST` | `/api/v1/admin/agents/:id/redemption-quota` | 璁剧疆浠ｇ悊鍏戞崲鐮侀厤棰?| agent_mgr 浠ヤ笂 |,api,P1,鏂规硶应满足：`POST`,源码路径+行号、对应运行测试或数据库/Redis/队列证据,表格单元格已拆为单一字段断言
REQ-CF-02593,core-finance,docs/PRD-运营增长模块.md,API 鎺ュ彛,| `POST` | `/api/v1/admin/agents/:id/redemption-quota` | 璁剧疆浠ｇ悊鍏戞崲鐮侀厤棰?| agent_mgr 浠ヤ笂 |,api,P1,璺緞应满足：`/api/v1/admin/agents/:id/redemption-quota`,源码路径+行号、对应运行测试或数据库/Redis/队列证据,表格单元格已拆为单一字段断言
REQ-CF-02594,core-finance,docs/PRD-运营增长模块.md,API 鎺ュ彛,| `POST` | `/api/v1/admin/agents/:id/redemption-quota` | 璁剧疆浠ｇ悊鍏戞崲鐮侀厤棰?| agent_mgr 浠ヤ笂 |,api,P1,璇存槑应满足：璁剧疆浠ｇ悊鍏戞崲鐮侀厤棰?,源码路径+行号、对应运行测试或数据库/Redis/队列证据,表格单元格已拆为单一字段断言
REQ-CF-02595,core-finance,docs/PRD-运营增长模块.md,API 鎺ュ彛,| `POST` | `/api/v1/admin/agents/:id/redemption-quota` | 璁剧疆浠ｇ悊鍏戞崲鐮侀厤棰?| agent_mgr 浠ヤ笂 |,api,P1,鏉冮檺应满足：agent_mgr 浠ヤ笂,源码路径+行号、对应运行测试或数据库/Redis/队列证据,表格单元格已拆为单一字段断言
REQ-CF-02596,core-finance,docs/PRD-运营增长模块.md,API 鎺ュ彛,| 鏂规硶 | 璺緞 | 璇存槑 | 鏉冮檺 |,api,P1,鏂规硶应满足：`GET`,源码路径+行号、对应运行测试或数据库/Redis/队列证据,表格单元格已拆为单一字段断言
REQ-CF-02598,core-finance,docs/PRD-运营增长模块.md,API 鎺ュ彛,| `GET` | `/api/v1/admin/agents/:id/redemption-quota` | 鏌ョ湅浠ｇ悊閰嶉 | agent_mgr 浠ヤ笂 |,api,P1,璇存槑应满足：鏌ョ湅浠ｇ悊閰嶉,源码路径+行号、对应运行测试或数据库/Redis/队列证据,表格单元格已拆为单一字段断言
REQ-CF-02601,core-finance,docs/PRD-运营增长模块.md,API 鎺ュ彛,| `POST` | `/api/v1/agent/redemption-codes/request` | 浠ｇ悊鐢宠鍏戞崲鐮?| agent 浠ヤ笂 |,api,P1,璺緞应满足：`/api/v1/agent/redemption-codes/request`,源码路径+行号、对应运行测试或数据库/Redis/队列证据,表格单元格已拆为单一字段断言
REQ-CF-02602,core-finance,docs/PRD-运营增长模块.md,API 鎺ュ彛,| `POST` | `/api/v1/agent/redemption-codes/request` | 浠ｇ悊鐢宠鍏戞崲鐮?| agent 浠ヤ笂 |,api,P1,璇存槑应满足：浠ｇ悊鐢宠鍏戞崲鐮?,源码路径+行号、对应运行测试或数据库/Redis/队列证据,表格单元格已拆为单一字段断言
REQ-CF-02603,core-finance,docs/PRD-运营增长模块.md,API 鎺ュ彛,| `POST` | `/api/v1/agent/redemption-codes/request` | 浠ｇ悊鐢宠鍏戞崲鐮?| agent 浠ヤ笂 |,api,P1,鏉冮檺应满足：agent 浠ヤ笂,源码路径+行号、对应运行测试或数据库/Redis/队列证据,表格单元格已拆为单一字段断言
REQ-CF-02605,core-finance,docs/PRD-运营增长模块.md,API 鎺ュ彛,| `POST` | `/api/v1/agent/redemption-codes/request` | 浠ｇ悊鐢宠鍏戞崲鐮?| agent 浠ヤ笂 |,api,P1,璺緞应满足：`/api/v1/agent/redemption-codes`,源码路径+行号、对应运行测试或数据库/Redis/队列证据,表格单元格已拆为单一字段断言
REQ-CF-02606,core-finance,docs/PRD-运营增长模块.md,API 鎺ュ彛,| `GET` | `/api/v1/agent/redemption-codes` | 浠ｇ悊鏌ョ湅鍏戞崲鐮佸垪琛?| agent 浠ヤ笂 |,api,P1,璇存槑应满足：浠ｇ悊鏌ョ湅鍏戞崲鐮佸垪琛?,源码路径+行号、对应运行测试或数据库/Redis/队列证据,表格单元格已拆为单一字段断言
REQ-CF-02609,core-finance,docs/PRD-运营增长模块.md,API 鎺ュ彛,| `GET` | `/api/v1/agent/redemption-stats` | 浠ｇ悊鍏戞崲缁熻 | agent 浠ヤ笂 |,api,P1,璺緞应满足：`/api/v1/agent/redemption-stats`,源码路径+行号、对应运行测试或数据库/Redis/队列证据,表格单元格已拆为单一字段断言
REQ-CF-02610,core-finance,docs/PRD-运营增长模块.md,API 鎺ュ彛,| `GET` | `/api/v1/agent/redemption-stats` | 浠ｇ悊鍏戞崲缁熻 | agent 浠ヤ笂 |,api,P1,璇存槑应满足：浠ｇ悊鍏戞崲缁熻,源码路径+行号、对应运行测试或数据库/Redis/队列证据,表格单元格已拆为单一字段断言
REQ-CF-02612,core-finance,docs/PRD-运营增长模块.md,鍓嶇鍙樻洿,"| 绠＄悊鍚庡彴 鈫?浠ｇ悊鍟嗚鎯?| 鏂板""鍏戞崲鐮侀厤棰?鏍囩椤碉紝閰嶇疆鏈堥厤棰濆拰闈㈠€?|",logic,P1,椤甸潰应满足：绠＄悊鍚庡彴 鈫?浠ｇ悊鍟嗚鎯?,源码路径+行号、对应运行测试或数据库/Redis/队列证据,表格单元格已拆为单一字段断言
REQ-CF-02613,core-finance,docs/PRD-运营增长模块.md,鍓嶇鍙樻洿,"| 绠＄悊鍚庡彴 鈫?浠ｇ悊鍟嗚鎯?| 鏂板""鍏戞崲鐮侀厤棰?鏍囩椤碉紝閰嶇疆鏈堥厤棰濆拰闈㈠€?|",logic,P1,"鍙樻洿应满足：鏂板""鍏戞崲鐮侀厤棰?鏍囩椤碉紝閰嶇疆鏈堥厤棰濆拰闈㈠€?",源码路径+行号、对应运行测试或数据库/Redis/队列证据,表格单元格已拆为单一字段断言
REQ-CF-02614,core-finance,docs/PRD-运营增长模块.md,鍓嶇鍙樻洿,"| 浠ｇ悊绔?鈫?鎺у埗鍙?| 鏂板""鎺ㄥ箍鍏戞崲鐮?鍏ュ彛锛屾煡鐪嬮厤棰濆拰宸插彂鏀惧厬鎹㈢爜 |",logic,P1,椤甸潰应满足：浠ｇ悊绔?鈫?鎺у埗鍙?,源码路径+行号、对应运行测试或数据库/Redis/队列证据,表格单元格已拆为单一字段断言
REQ-CF-02615,core-finance,docs/PRD-运营增长模块.md,鍓嶇鍙樻洿,"| 浠ｇ悊绔?鈫?鎺у埗鍙?| 鏂板""鎺ㄥ箍鍏戞崲鐮?鍏ュ彛锛屾煡鐪嬮厤棰濆拰宸插彂鏀惧厬鎹㈢爜 |",logic,P1,"鍙樻洿应满足：鏂板""鎺ㄥ箍鍏戞崲鐮?鍏ュ彛锛屾煡鐪嬮厤棰濆拰宸插彂鏀惧厬鎹㈢爜",源码路径+行号、对应运行测试或数据库/Redis/队列证据,表格单元格已拆为单一字段断言
REQ-CF-02616,core-finance,docs/PRD-运营增长模块.md,鍓嶇鍙樻洿,| 浠ｇ悊绔?鈫?缁熻 | 鏂板鍏戞崲鐮佷娇鐢ㄧ粺璁￠潰鏉?|,logic,P1,椤甸潰应满足：浠ｇ悊绔?鈫?缁熻,源码路径+行号、对应运行测试或数据库/Redis/队列证据,表格单元格已拆为单一字段断言
REQ-CF-02617,core-finance,docs/PRD-运营增长模块.md,鍓嶇鍙樻洿,| 浠ｇ悊绔?鈫?缁熻 | 鏂板鍏戞崲鐮佷娇鐢ㄧ粺璁￠潰鏉?|,logic,P1,鍙樻洿应满足：鏂板鍏戞崲鐮佷娇鐢ㄧ粺璁￠潰鏉?,源码路径+行号、对应运行测试或数据库/Redis/队列证据,表格单元格已拆为单一字段断言
REQ-CF-02618,core-finance,docs/PRD-运营增长模块.md,鍓嶇鍙樻洿,| 杩愯惀 鈫?娲诲姩绠＄悊 | 鍒涘缓娲诲姩鏃跺彲閫?鍒嗛厤缁欎唬鐞?妯″紡 |,logic,P1,椤甸潰应满足：杩愯惀 鈫?娲诲姩绠＄悊,源码路径+行号、对应运行测试或数据库/Redis/队列证据,表格单元格已拆为单一字段断言
REQ-CF-02619,core-finance,docs/PRD-运营增长模块.md,鍓嶇鍙樻洿,| 杩愯惀 鈫?娲诲姩绠＄悊 | 鍒涘缓娲诲姩鏃跺彲閫?鍒嗛厤缁欎唬鐞?妯″紡 |,logic,P1,鍙樻洿应满足：鍒涘缓娲诲姩鏃跺彲閫?鍒嗛厤缁欎唬鐞?妯″紡,源码路径+行号、对应运行测试或数据库/Redis/队列证据,表格单元格已拆为单一字段断言
REQ-CF-02620,core-finance,docs/PRD-运营增长模块.md,8.2 鍏呭€兼椿鍔ㄨ嚜鍔ㄨ禒閫?,馃搸 **杩愯惀鏂规鍙傝€?*锛歔`docs/ops-business-plan.md`](ops-business-plan.md) 搂3.6 鈥?鍏呭€兼椿鍔ㄨ浆鍖?,logic,P1,馃搸 **杩愯惀鏂规鍙傝€?*锛歔`docs/ops-business-plan.md`](ops-business-plan.md) 搂3.6 鈥?鍏呭€兼椿鍔ㄨ浆鍖?,源码路径+行号、对应运行测试或数据库/Redis/队列证据,N/A：原审计记录未提供补充依据；待复核源码、测试及运行证据。
REQ-CF-02621,core-finance,docs/PRD-运营增长模块.md,鑳屾櫙,#### 鑳屾櫙,logic,P1,褰撳墠鍏呭€兼椿鍔ㄩ渶瑕佺敤鎴锋墜鍔ㄨ緭鍏ュ厬鎹㈢爜锛岃浆鍖栫巼浣庛€傝嚜鍔ㄨ禒閫佹満鍒跺彲澶у箙鎻愬崌娲诲姩鍙備笌鐜囷紝鏇夸唬濂楅鐨勯浠樿垂浼樻儬鎰熺煡銆?,源码路径+行号、对应运行测试或数据库/Redis/队列证据,N/A：原审计记录未提供补充依据；待复核源码、测试及运行证据。
REQ-CF-02622,core-finance,docs/PRD-运营增长模块.md,鍔熻兘瑙勬牸,#### 鍔熻兘瑙勬牸,logic,P1,妯″潡应满足：鑷姩璧犻€佽鍒?,源码路径+行号、对应运行测试或数据库/Redis/队列证据,表格单元格已拆为单一字段断言
REQ-CF-02623,core-finance,docs/PRD-运营增长模块.md,鍔熻兘瑙勬牸,| 杩愯惀绔厤棰濋厤缃?| 涓烘瘡涓唬鐞嗚缃湀鍏戞崲鐮侀厤棰濓紙鏁伴噺 + 闈㈠€硷級锛屾敮鎸佹寜绛夌骇榛樿閰嶉 |,logic,P1,"璇存槑应满足：杩愯惀绔垱寤烘椿鍔ㄦ椂鍙€夋嫨""鑷姩璧犻€?妯″紡锛岄厤缃厖鍊奸噾棰濋棬妲涘拰璧犻€侀噾棰?",源码路径+行号、对应运行测试或数据库/Redis/队列证据,表格单元格已拆为单一字段断言
REQ-CF-02624,core-finance,docs/PRD-运营增长模块.md,鍔熻兘瑙勬牸,#### 鍔熻兘瑙勬牸,logic,P1,妯″潡应满足：瑙﹀彂鏃舵満,源码路径+行号、对应运行测试或数据库/Redis/队列证据,表格单元格已拆为单一字段断言
REQ-CF-02625,core-finance,docs/PRD-运营增长模块.md,鍔熻兘瑙勬牸,| 鍏呭€兼椿鍔ㄨ嚜鍔ㄥ叧鑱?| 鍏呭€兼椿鍔ㄧ敓鎴愮殑鍏戞崲鐮佸悓鏍锋敮鎸佷唬鐞嗙粦瀹?|,logic,P1,璇存槑应满足：鐢ㄦ埛鍏呭€兼垚鍔?鈫?绯荤粺鑷姩鍒ゆ柇鏄惁绗﹀悎娲诲姩鏉′欢 鈫?鑷姩鍙戞斁鍏戞崲鐮佸埌鐢ㄦ埛璐︽埛,源码路径+行号、对应运行测试或数据库/Redis/队列证据,表格单元格已拆为单一字段断言
REQ-CF-02626,core-finance,docs/PRD-运营增长模块.md,鍔熻兘瑙勬牸,| 鍏戞崲鐮佺粦瀹氫唬鐞?| 鐢熸垚鍏戞崲鐮佹椂缁戝畾 `agent_id`锛岀敤鎴峰厬鎹㈠悗鑷姩寤虹珛浠ｇ悊-鐢ㄦ埛鍏宠仈 |,logic,P1,妯″潡应满足：鐢ㄦ埛绔睍绀?,源码路径+行号、对应运行测试或数据库/Redis/队列证据,表格单元格已拆为单一字段断言
REQ-CF-02627,core-finance,docs/PRD-运营增长模块.md,鍔熻兘瑙勬牸,| 浠ｇ悊鐢宠娴佺▼ | 浠ｇ悊绔敵璇峰厬鎹㈢爜閰嶉 鈫?杩愯惀瀹℃牳 鈫?瀹℃牳閫氳繃鍚庡厬鎹㈢爜鍒拌处 |,logic,P1,璇存槑应满足：鐢ㄦ埛鎺у埗鍙版柊澧?鎴戠殑浼樻儬鍒?椤甸潰锛屽睍绀哄凡鍒拌处鐨勫厬鎹㈢爜鍙婁娇鐢ㄧ姸鎬?,源码路径+行号、对应运行测试或数据库/Redis/队列证据,表格单元格已拆为单一字段断言
REQ-CF-02628,core-finance,docs/PRD-运营增长模块.md,鍔熻兘瑙勬牸,#### 鍔熻兘瑙勬牸,logic,P1,妯″潡应满足：浣欓涓嶈冻鎻愮ず,源码路径+行号、对应运行测试或数据库/Redis/队列证据,表格单元格已拆为单一字段断言
REQ-CF-02629,core-finance,docs/PRD-运营增长模块.md,鍔熻兘瑙勬牸,| 妯″潡 | 璇存槑 |,logic,P1,璇存槑应满足：浣欓涓嶈冻鏃朵紭鍏堝睍绀哄彲鐢ㄤ紭鎯犲埜锛屽紩瀵肩敤鎴蜂娇鐢?,源码路径+行号、对应运行测试或数据库/Redis/队列证据,表格单元格已拆为单一字段断言
REQ-CF-02630,core-finance,docs/PRD-运营增长模块.md,鍔熻兘瑙勬牸,#### 鍔熻兘瑙勬牸,logic,P1,妯″潡应满足：澶氭椿鍔ㄥ彔鍔?,源码路径+行号、对应运行测试或数据库/Redis/队列证据,表格单元格已拆为单一字段断言
REQ-CF-02631,core-finance,docs/PRD-运营增长模块.md,鍔熻兘瑙勬牸,| 妯″潡 | 璇存槑 |,logic,P1,璇存槑应满足：鏀寔鍚屾椂鍙備笌澶氫釜娲诲姩锛屾寜鏈€浼樿鍒欒嚜鍔ㄩ€夋嫨,源码路径+行号、对应运行测试或数据库/Redis/队列证据,表格单元格已拆为单一字段断言
REQ-CF-02633,core-finance,docs/PRD-运营增长模块.md,API 鎺ュ彛,| `POST` | `/api/v1/admin/agents/:id/redemption-quota` | 璁剧疆浠ｇ悊鍏戞崲鐮侀厤棰?| agent_mgr 浠ヤ笂 |,api,P1,璺緞应满足：`/api/v1/admin/campaigns/:id/auto-grant`,源码路径+行号、对应运行测试或数据库/Redis/队列证据,表格单元格已拆为单一字段断言
REQ-CF-02634,core-finance,docs/PRD-运营增长模块.md,API 鎺ュ彛,| 鏂规硶 | 璺緞 | 璇存槑 | 鏉冮檺 |,api,P1,璇存槑应满足：閰嶇疆鑷姩璧犻€佽鍒?,源码路径+行号、对应运行测试或数据库/Redis/队列证据,表格单元格已拆为单一字段断言
REQ-CF-02635,core-finance,docs/PRD-运营增长模块.md,API 鎺ュ彛,| `POST` | `/api/v1/admin/agents/:id/redemption-quota` | 璁剧疆浠ｇ悊鍏戞崲鐮侀厤棰?| agent_mgr 浠ヤ笂 |,api,P1,鏉冮檺应满足：operator 浠ヤ笂,源码路径+行号、对应运行测试或数据库/Redis/队列证据,表格单元格已拆为单一字段断言
REQ-CF-02637,core-finance,docs/PRD-运营增长模块.md,API 鎺ュ彛,| `POST` | `/api/v1/admin/agents/:id/redemption-quota` | 璁剧疆浠ｇ悊鍏戞崲鐮侀厤棰?| agent_mgr 浠ヤ笂 |,api,P1,璺緞应满足：`/api/v1/me/coupons`,源码路径+行号、对应运行测试或数据库/Redis/队列证据,表格单元格已拆为单一字段断言
REQ-CF-02638,core-finance,docs/PRD-运营增长模块.md,API 鎺ュ彛,| 鏂规硶 | 璺緞 | 璇存槑 | 鏉冮檺 |,api,P1,璇存槑应满足：鎴戠殑浼樻儬鍒稿垪琛?,源码路径+行号、对应运行测试或数据库/Redis/队列证据,表格单元格已拆为单一字段断言
REQ-CF-02639,core-finance,docs/PRD-运营增长模块.md,API 鎺ュ彛,| 鏂规硶 | 璺緞 | 璇存槑 | 鏉冮檺 |,api,P1,鏉冮檺应满足：鐢ㄦ埛,源码路径+行号、对应运行测试或数据库/Redis/队列证据,表格单元格已拆为单一字段断言
REQ-CF-02641,core-finance,docs/PRD-运营增长模块.md,API 鎺ュ彛,| `POST` | `/api/v1/admin/agents/:id/redemption-quota` | 璁剧疆浠ｇ悊鍏戞崲鐮侀厤棰?| agent_mgr 浠ヤ笂 |,api,P1,璺緞应满足：`/api/v1/me/coupons/:id/redeem`,源码路径+行号、对应运行测试或数据库/Redis/队列证据,表格单元格已拆为单一字段断言
REQ-CF-02642,core-finance,docs/PRD-运营增长模块.md,API 鎺ュ彛,| 鏂规硶 | 璺緞 | 璇存槑 | 鏉冮檺 |,api,P1,璇存槑应满足：浣跨敤浼樻儬鍒?,源码路径+行号、对应运行测试或数据库/Redis/队列证据,表格单元格已拆为单一字段断言
REQ-CF-02645,core-finance,docs/PRD-运营增长模块.md,API 鎺ュ彛,| `POST` | `/api/v1/admin/agents/:id/redemption-quota` | 璁剧疆浠ｇ悊鍏戞崲鐮侀厤棰?| agent_mgr 浠ヤ笂 |,api,P1,璺緞应满足：`/api/v1/me/coupons/available`,源码路径+行号、对应运行测试或数据库/Redis/队列证据,表格单元格已拆为单一字段断言
REQ-CF-02646,core-finance,docs/PRD-运营增长模块.md,API 鎺ュ彛,| 鏂规硶 | 璺緞 | 璇存槑 | 鏉冮檺 |,api,P1,璇存槑应满足：鍙敤浼樻儬鍒革紙浣欓涓嶈冻鏃惰皟鐢級,源码路径+行号、对应运行测试或数据库/Redis/队列证据,表格单元格已拆为单一字段断言
REQ-CF-02648,core-finance,docs/PRD-运营增长模块.md,鍓嶇鍙樻洿,"| 浠ｇ悊绔?鈫?鎺у埗鍙?| 鏂板""鎺ㄥ箍鍏戞崲鐮?鍏ュ彛锛屾煡鐪嬮厤棰濆拰宸插彂鏀惧厬鎹㈢爜 |",logic,P1,"椤甸潰应满足：鐢ㄦ埛鎺у埗鍙?鈫?鏂板""浼樻儬鍒?鍏ュ彛",源码路径+行号、对应运行测试或数据库/Redis/队列证据,表格单元格已拆为单一字段断言
REQ-CF-02649,core-finance,docs/PRD-运营增长模块.md,鍓嶇鍙樻洿,| 椤甸潰 | 鍙樻洿 |,logic,P1,鍙樻洿应满足：浼樻儬鍒稿垪琛ㄩ〉锛屽睍绀哄彲鐢?宸茬敤/宸茶繃鏈?,源码路径+行号、对应运行测试或数据库/Redis/队列证据,表格单元格已拆为单一字段断言
REQ-CF-02650,core-finance,docs/PRD-运营增长模块.md,鍓嶇鍙樻洿,| 椤甸潰 | 鍙樻洿 |,logic,P1,椤甸潰应满足：鍏呭€兼垚鍔熼〉,源码路径+行号、对应运行测试或数据库/Redis/队列证据,表格单元格已拆为单一字段断言
REQ-CF-02651,core-finance,docs/PRD-运营增长模块.md,鍓嶇鍙樻洿,| 椤甸潰 | 鍙樻洿 |,logic,P1,"鍙樻洿应满足：灞曠ず鍒拌处鐨勪紭鎯犲埜锛?鎭枩鑾峰緱 楼10 浼樻儬鍒革紒""",源码路径+行号、对应运行测试或数据库/Redis/队列证据,表格单元格已拆为单一字段断言
REQ-CF-02652,core-finance,docs/PRD-运营增长模块.md,鍓嶇鍙樻洿,| 椤甸潰 | 鍙樻洿 |,logic,P1,椤甸潰应满足：浣欓涓嶈冻鎻愮ず,源码路径+行号、对应运行测试或数据库/Redis/队列证据,表格单元格已拆为单一字段断言
REQ-CF-02653,core-finance,docs/PRD-运营增长模块.md,鍓嶇鍙樻洿,| 椤甸潰 | 鍙樻洿 |,logic,P1,"鍙樻洿应满足：灞曠ず鍙敤浼樻儬鍒革細""鎮ㄦ湁 楼10 浼樻儬鍒稿彲鐢紝绔嬪嵆浣跨敤""",源码路径+行号、对应运行测试或数据库/Redis/队列证据,表格单元格已拆为单一字段断言
REQ-CF-02654,core-finance,docs/PRD-运营增长模块.md,鍓嶇鍙樻洿,| 杩愯惀 鈫?娲诲姩绠＄悊 | 鍒涘缓娲诲姩鏃跺彲閫?鍒嗛厤缁欎唬鐞?妯″紡 |,logic,P1,椤甸潰应满足：杩愯惀 鈫?娲诲姩绠＄悊 鈫?鍒涘缓娲诲姩,源码路径+行号、对应运行测试或数据库/Redis/队列证据,表格单元格已拆为单一字段断言
REQ-CF-02655,core-finance,docs/PRD-运营增长模块.md,鍓嶇鍙樻洿,| 椤甸潰 | 鍙樻洿 |,logic,P1,"鍙樻洿应满足：鏂板""鑷姩璧犻€?寮€鍏冲拰閰嶇疆椤?",源码路径+行号、对应运行测试或数据库/Redis/队列证据,表格单元格已拆为单一字段断言
REQ-CF-02656,core-finance,docs/PRD-运营增长模块.md,8.3 鐢ㄦ埛鍒嗙兢鎺ㄩ€?,馃搸 **杩愯惀鏂规鍙傝€?*锛歔`docs/ops-business-plan.md`](ops-business-plan.md) 搂4.3 鈥?鐢ㄦ埛鍒嗙兢杩愯惀,logic,P1,馃搸 **杩愯惀鏂规鍙傝€?*锛歔`docs/ops-business-plan.md`](ops-business-plan.md) 搂4.3 鈥?鐢ㄦ埛鍒嗙兢杩愯惀,源码路径+行号、对应运行测试或数据库/Redis/队列证据,N/A：原审计记录未提供补充依据；待复核源码、测试及运行证据。
REQ-CF-02657,core-finance,docs/PRD-运营增长模块.md,鑳屾櫙,#### 鑳屾櫙,logic,P1,褰撳墠閫氱煡鍙兘鍏ㄩ儴鎺ㄩ€侊紝鏃犳硶閽堝鐗瑰畾鐢ㄦ埛缇ょ簿鍑嗚Е杈撅紝瀵艰嚧杩愯惀娲诲姩杞寲鐜囦綆銆佺敤鎴锋敹鍒版棤鍏抽€氱煡浣撻獙宸€?,源码路径+行号、对应运行测试或数据库/Redis/队列证据,N/A：原审计记录未提供补充依据；待复核源码、测试及运行证据。
REQ-CF-02658,core-finance,docs/PRD-运营增长模块.md,鍔熻兘瑙勬牸,#### 鍔熻兘瑙勬牸,logic,P1,妯″潡应满足：鍒嗙兢瑙勫垯寮曟搸,源码路径+行号、对应运行测试或数据库/Redis/队列证据,表格单元格已拆为单一字段断言
REQ-CF-02659,core-finance,docs/PRD-运营增长模块.md,鍔熻兘瑙勬牸,| 杩愯惀绔厤棰濋厤缃?| 涓烘瘡涓唬鐞嗚缃湀鍏戞崲鐮侀厤棰濓紙鏁伴噺 + 闈㈠€硷級锛屾敮鎸佹寜绛夌骇榛樿閰嶉 |,logic,P1,璇存槑应满足：杩愯惀绔垱寤虹敤鎴峰垎缇わ紝鏀寔鎸夋敞鍐屾椂闂?娑堣垂閲戦/鏈€鍚庣櫥褰曟椂闂?鏈€鍚庤皟鐢ㄦ椂闂?鐢ㄦ埛绛夌骇/浠ｇ悊褰掑睘绛夌淮搴︾粍鍚堢瓫閫?,源码路径+行号、对应运行测试或数据库/Redis/队列证据,表格单元格已拆为单一字段断言
REQ-CF-02660,core-finance,docs/PRD-运营增长模块.md,鍔熻兘瑙勬牸,#### 鍔熻兘瑙勬牸,logic,P1,妯″潡应满足：鎺ㄩ€佷换鍔?,源码路径+行号、对应运行测试或数据库/Redis/队列证据,表格单元格已拆为单一字段断言
REQ-CF-02661,core-finance,docs/PRD-运营增长模块.md,鍔熻兘瑙勬牸,| 妯″潡 | 璇存槑 |,logic,P1,璇存槑应满足：鍩轰簬鍒嗙兢鍒涘缓鎺ㄩ€佷换鍔★紝閫夋嫨鎺ㄩ€佹笭閬擄紙绔欏唴閫氱煡+閭欢锛夊拰鍐呭妯℃澘,源码路径+行号、对应运行测试或数据库/Redis/队列证据,表格单元格已拆为单一字段断言
REQ-CF-02662,core-finance,docs/PRD-运营增长模块.md,鍔熻兘瑙勬牸,#### 鍔熻兘瑙勬牸,logic,P1,妯″潡应满足：鍐呭妯℃澘鍙橀噺,源码路径+行号、对应运行测试或数据库/Redis/队列证据,表格单元格已拆为单一字段断言
REQ-CF-02663,core-finance,docs/PRD-运营增长模块.md,鍔熻兘瑙勬牸,| 妯″潡 | 璇存槑 |,logic,P1,"璇存槑应满足：鏀寔妯℃澘鍙橀噺锛歚{user_name}`, `{balance}`, `{last_model}` 绛?",源码路径+行号、对应运行测试或数据库/Redis/队列证据,表格单元格已拆为单一字段断言
REQ-CF-02664,core-finance,docs/PRD-运营增长模块.md,鍔熻兘瑙勬牸,#### 鍔熻兘瑙勬牸,logic,P1,妯″潡应满足：鎺ㄩ€佹晥鏋滅粺璁?,源码路径+行号、对应运行测试或数据库/Redis/队列证据,表格单元格已拆为单一字段断言
REQ-CF-02665,core-finance,docs/PRD-运营增长模块.md,鍔熻兘瑙勬牸,| 妯″潡 | 璇存槑 |,logic,P1,璇存槑应满足：鍙戦€侀噺 / 鎵撳紑鐜?/ 杞寲鐜?/ 鐐瑰嚮鐜?,源码路径+行号、对应运行测试或数据库/Redis/队列证据,表格单元格已拆为单一字段断言
REQ-CF-02666,core-finance,docs/PRD-运营增长模块.md,鍔熻兘瑙勬牸,#### 鍔熻兘瑙勬牸,logic,P1,妯″潡应满足：瀹氭椂鎺ㄩ€?,源码路径+行号、对应运行测试或数据库/Redis/队列证据,表格单元格已拆为单一字段断言
REQ-CF-02667,core-finance,docs/PRD-运营增长模块.md,鍔熻兘瑙勬牸,| 妯″潡 | 璇存槑 |,logic,P1,璇存槑应满足：鏀寔瀹氭椂鎵ц锛堢珛鍗?鎸囧畾鏃堕棿/鍛ㄦ湡鎬э級,源码路径+行号、对应运行测试或数据库/Redis/队列证据,表格单元格已拆为单一字段断言
REQ-CF-02669,core-finance,docs/PRD-运营增长模块.md,API 鎺ュ彛,| `POST` | `/api/v1/admin/agents/:id/redemption-quota` | 璁剧疆浠ｇ悊鍏戞崲鐮侀厤棰?| agent_mgr 浠ヤ笂 |,api,P1,璺緞应满足：`/api/v1/admin/user-segments`,源码路径+行号、对应运行测试或数据库/Redis/队列证据,表格单元格已拆为单一字段断言
REQ-CF-02670,core-finance,docs/PRD-运营增长模块.md,API 鎺ュ彛,| 鏂规硶 | 璺緞 | 璇存槑 | 鏉冮檺 |,api,P1,璇存槑应满足：鍒涘缓鐢ㄦ埛鍒嗙兢,源码路径+行号、对应运行测试或数据库/Redis/队列证据,表格单元格已拆为单一字段断言
REQ-CF-02674,core-finance,docs/PRD-运营增长模块.md,API 鎺ュ彛,| 鏂规硶 | 璺緞 | 璇存槑 | 鏉冮檺 |,api,P1,璇存槑应满足：鍒嗙兢鍒楄〃,源码路径+行号、对应运行测试或数据库/Redis/队列证据,表格单元格已拆为单一字段断言
REQ-CF-02677,core-finance,docs/PRD-运营增长模块.md,API 鎺ュ彛,| `POST` | `/api/v1/admin/agents/:id/redemption-quota` | 璁剧疆浠ｇ悊鍏戞崲鐮侀厤棰?| agent_mgr 浠ヤ笂 |,api,P1,璺緞应满足：`/api/v1/admin/user-segments/:id/estimate`,源码路径+行号、对应运行测试或数据库/Redis/队列证据,表格单元格已拆为单一字段断言
REQ-CF-02678,core-finance,docs/PRD-运营增长模块.md,API 鎺ュ彛,| 鏂规硶 | 璺緞 | 璇存槑 | 鏉冮檺 |,api,P1,璇存槑应满足：棰勪及鍒嗙兢浜烘暟,源码路径+行号、对应运行测试或数据库/Redis/队列证据,表格单元格已拆为单一字段断言
REQ-CF-02681,core-finance,docs/PRD-运营增长模块.md,API 鎺ュ彛,| `POST` | `/api/v1/admin/agents/:id/redemption-quota` | 璁剧疆浠ｇ悊鍏戞崲鐮侀厤棰?| agent_mgr 浠ヤ笂 |,api,P1,璺緞应满足：`/api/v1/admin/notifications/segment`,源码路径+行号、对应运行测试或数据库/Redis/队列证据,表格单元格已拆为单一字段断言
REQ-CF-02682,core-finance,docs/PRD-运营增长模块.md,API 鎺ュ彛,| 鏂规硶 | 璺緞 | 璇存槑 | 鏉冮檺 |,api,P1,璇存槑应满足：鍒涘缓鍒嗙兢鎺ㄩ€佷换鍔?,源码路径+行号、对应运行测试或数据库/Redis/队列证据,表格单元格已拆为单一字段断言
REQ-CF-02686,core-finance,docs/PRD-运营增长模块.md,API 鎺ュ彛,| 鏂规硶 | 璺緞 | 璇存槑 | 鏉冮檺 |,api,P1,璇存槑应满足：鎺ㄩ€佷换鍔″垪琛?,源码路径+行号、对应运行测试或数据库/Redis/队列证据,表格单元格已拆为单一字段断言
REQ-CF-02689,core-finance,docs/PRD-运营增长模块.md,API 鎺ュ彛,| `POST` | `/api/v1/admin/agents/:id/redemption-quota` | 璁剧疆浠ｇ悊鍏戞崲鐮侀厤棰?| agent_mgr 浠ヤ笂 |,api,P1,璺緞应满足：`/api/v1/admin/notifications/segment/:id/stats`,源码路径+行号、对应运行测试或数据库/Redis/队列证据,表格单元格已拆为单一字段断言
REQ-CF-02690,core-finance,docs/PRD-运营增长模块.md,API 鎺ュ彛,| 鏂规硶 | 璺緞 | 璇存槑 | 鏉冮檺 |,api,P1,璇存槑应满足：鎺ㄩ€佹晥鏋滅粺璁?,源码路径+行号、对应运行测试或数据库/Redis/队列证据,表格单元格已拆为单一字段断言
REQ-CF-02692,core-finance,docs/PRD-运营增长模块.md,鍓嶇鍙樻洿,| 杩愯惀 鈫?娲诲姩绠＄悊 | 鍒涘缓娲诲姩鏃跺彲閫?鍒嗛厤缁欎唬鐞?妯″紡 |,logic,P1,"椤甸潰应满足：杩愯惀 鈫?鏂板""鐢ㄦ埛鍒嗙兢""鍏ュ彛",源码路径+行号、对应运行测试或数据库/Redis/队列证据,表格单元格已拆为单一字段断言
REQ-CF-02693,core-finance,docs/PRD-运营增长模块.md,鍓嶇鍙樻洿,| 椤甸潰 | 鍙樻洿 |,logic,P1,鍙樻洿应满足：鍒嗙兢鍒楄〃椤碉紝鏀寔鍒涘缓/缂栬緫/棰勮鍒嗙兢,源码路径+行号、对应运行测试或数据库/Redis/队列证据,表格单元格已拆为单一字段断言
REQ-CF-02694,core-finance,docs/PRD-运营增长模块.md,鍓嶇鍙樻洿,| 杩愯惀 鈫?娲诲姩绠＄悊 | 鍒涘缓娲诲姩鏃跺彲閫?鍒嗛厤缁欎唬鐞?妯″紡 |,logic,P1,椤甸潰应满足：杩愯惀 鈫?鍒嗙兢鍒涘缓,源码路径+行号、对应运行测试或数据库/Redis/队列证据,表格单元格已拆为单一字段断言
REQ-CF-02695,core-finance,docs/PRD-运营增长模块.md,鍓嶇鍙樻洿,| 椤甸潰 | 鍙樻洿 |,logic,P1,鍙樻洿应满足：瑙勫垯閰嶇疆闈㈡澘锛屾敮鎸佸缁村害缁勫悎绛涢€?,源码路径+行号、对应运行测试或数据库/Redis/队列证据,表格单元格已拆为单一字段断言
REQ-CF-02696,core-finance,docs/PRD-运营增长模块.md,鍓嶇鍙樻洿,| 杩愯惀 鈫?娲诲姩绠＄悊 | 鍒涘缓娲诲姩鏃跺彲閫?鍒嗛厤缁欎唬鐞?妯″紡 |,logic,P1,"椤甸潰应满足：杩愯惀 鈫?鏂板""鍒嗙兢鎺ㄩ€?鍏ュ彛",源码路径+行号、对应运行测试或数据库/Redis/队列证据,表格单元格已拆为单一字段断言
REQ-CF-02697,core-finance,docs/PRD-运营增长模块.md,鍓嶇鍙樻洿,| 椤甸潰 | 鍙樻洿 |,logic,P1,鍙樻洿应满足：鎺ㄩ€佷换鍔″垱寤洪〉锛岄€夋嫨鍒嗙兢+妯℃澘+娓犻亾+鏃堕棿,源码路径+行号、对应运行测试或数据库/Redis/队列证据,表格单元格已拆为单一字段断言
REQ-CF-02698,core-finance,docs/PRD-运营增长模块.md,鍓嶇鍙樻洿,| 杩愯惀 鈫?娲诲姩绠＄悊 | 鍒涘缓娲诲姩鏃跺彲閫?鍒嗛厤缁欎唬鐞?妯″紡 |,logic,P1,椤甸潰应满足：杩愯惀 鈫?鎺ㄩ€佹晥鏋?,源码路径+行号、对应运行测试或数据库/Redis/队列证据,表格单元格已拆为单一字段断言
REQ-CF-02699,core-finance,docs/PRD-运营增长模块.md,鍓嶇鍙樻洿,| 浠ｇ悊绔?鈫?缁熻 | 鏂板鍏戞崲鐮佷娇鐢ㄧ粺璁￠潰鏉?|,logic,P1,鍙樻洿应满足：鎺ㄩ€佺粺璁￠潰鏉匡紝灞曠ず鍙戦€侀噺/鎵撳紑鐜?杞寲鐜?,源码路径+行号、对应运行测试或数据库/Redis/队列证据,表格单元格已拆为单一字段断言
REQ-CF-02700,core-finance,docs/PRD-运营增长模块.md,8.4 鑷姩鍖栨祦澶卞彫鍥?,馃搸 **杩愯惀鏂规鍙傝€?*锛歔`docs/ops-business-plan.md`](ops-business-plan.md) 搂4.2 鈥?娴佸け鍙洖绛栫暐,logic,P1,馃搸 **杩愯惀鏂规鍙傝€?*锛歔`docs/ops-business-plan.md`](ops-business-plan.md) 搂4.2 鈥?娴佸け鍙洖绛栫暐,源码路径+行号、对应运行测试或数据库/Redis/队列证据,N/A：原审计记录未提供补充依据；待复核源码、测试及运行证据。
REQ-CF-02701,core-finance,docs/PRD-运营增长模块.md,鑳屾櫙,#### 鑳屾櫙,logic,P1,鐢ㄦ埛娴佸け鏄函鎸夐噺璁¤垂妯″紡鐨勬牳蹇冪棝鐐广€傚綋鍓嶆棤鑷姩鍖栧彫鍥炴満鍒讹紝娴佸け鐢ㄦ埛瀹屽叏闈犺繍钀ユ墜鍔ㄥ鐞嗭紝鏁堢巼浣庛€佽鐩栭潰绐勩€?,源码路径+行号、对应运行测试或数据库/Redis/队列证据,N/A：原审计记录未提供补充依据；待复核源码、测试及运行证据。
REQ-CF-02702,core-finance,docs/PRD-运营增长模块.md,鍔熻兘瑙勬牸,#### 鍔熻兘瑙勬牸,logic,P1,妯″潡应满足：鍙洖瑙勫垯閰嶇疆,源码路径+行号、对应运行测试或数据库/Redis/队列证据,表格单元格已拆为单一字段断言
REQ-CF-02703,core-finance,docs/PRD-运营增长模块.md,鍔熻兘瑙勬牸,| 杩愯惀绔厤棰濋厤缃?| 涓烘瘡涓唬鐞嗚缃湀鍏戞崲鐮侀厤棰濓紙鏁伴噺 + 闈㈠€硷級锛屾敮鎸佹寜绛夌骇榛樿閰嶉 |,logic,P1,璇存槑应满足：杩愯惀绔厤缃彫鍥炶鍒欙紝鏀寔澶氱骇瑙﹀彂鏉′欢锛?澶╂棤璋冪敤/14澶╂棤璋冪敤/30澶╂棤鐧诲綍,源码路径+行号、对应运行测试或数据库/Redis/队列证据,表格单元格已拆为单一字段断言
REQ-CF-02704,core-finance,docs/PRD-运营增长模块.md,鍔熻兘瑙勬牸,#### 鍔熻兘瑙勬牸,logic,P1,妯″潡应满足：瑙﹀彂鏉′欢,源码路径+行号、对应运行测试或数据库/Redis/队列证据,表格单元格已拆为单一字段断言
REQ-CF-02705,core-finance,docs/PRD-运营增长模块.md,鍔熻兘瑙勬牸,| 妯″潡 | 璇存槑 |,logic,P1,璇存槑应满足：鍩轰簬鏈€鍚庤皟鐢ㄦ椂闂村拰鏈€鍚庣櫥褰曟椂闂磋嚜鍔ㄦ娴?,源码路径+行号、对应运行测试或数据库/Redis/队列证据,表格单元格已拆为单一字段断言
REQ-CF-02706,core-finance,docs/PRD-运营增长模块.md,鍔熻兘瑙勬牸,#### 鍔熻兘瑙勬牸,logic,P1,妯″潡应满足：鍙戦€佸唴瀹?,源码路径+行号、对应运行测试或数据库/Redis/队列证据,表格单元格已拆为单一字段断言
REQ-CF-02707,core-finance,docs/PRD-运营增长模块.md,鍔熻兘瑙勬牸,| 妯″潡 | 璇存槑 |,logic,P1,璇存槑应满足：鍙厤缃偖浠舵ā鏉匡紝鏀寔鍙橀噺鏇挎崲,源码路径+行号、对应运行测试或数据库/Redis/队列证据,表格单元格已拆为单一字段断言
REQ-CF-02708,core-finance,docs/PRD-运营增长模块.md,鍔熻兘瑙勬牸,#### 鍔熻兘瑙勬牸,logic,P1,妯″潡应满足：鍙戦€佹笭閬?,源码路径+行号、对应运行测试或数据库/Redis/队列证据,表格单元格已拆为单一字段断言
REQ-CF-02709,core-finance,docs/PRD-运营增长模块.md,鍔熻兘瑙勬牸,| 妯″潡 | 璇存槑 |,logic,P1,璇存槑应满足：閭欢 + 绔欏唴閫氱煡,源码路径+行号、对应运行测试或数据库/Redis/队列证据,表格单元格已拆为单一字段断言
REQ-CF-02710,core-finance,docs/PRD-运营增长模块.md,鍔熻兘瑙勬牸,#### 鍔熻兘瑙勬牸,logic,P1,妯″潡应满足：浼樻儬鍒歌禒閫?,源码路径+行号、对应运行测试或数据库/Redis/队列证据,表格单元格已拆为单一字段断言
REQ-CF-02711,core-finance,docs/PRD-运营增长模块.md,鍔熻兘瑙勬牸,| 浠ｇ悊鐢宠娴佺▼ | 浠ｇ悊绔敵璇峰厬鎹㈢爜閰嶉 鈫?杩愯惀瀹℃牳 鈫?瀹℃牳閫氳繃鍚庡厬鎹㈢爜鍒拌处 |,logic,P1,璇存槑应满足：鏀寔閰嶇疆鍙洖鏃惰嚜鍔ㄥ彂鏀惧厬鎹㈢爜鍒扮敤鎴疯处鎴?,源码路径+行号、对应运行测试或数据库/Redis/队列证据,表格单元格已拆为单一字段断言
REQ-CF-02712,core-finance,docs/PRD-运营增长模块.md,鍔熻兘瑙勬牸,#### 鍔熻兘瑙勬牸,logic,P1,妯″潡应满足：瑙勫垯绠＄悊,源码路径+行号、对应运行测试或数据库/Redis/队列证据,表格单元格已拆为单一字段断言
REQ-CF-02713,core-finance,docs/PRD-运营增长模块.md,鍔熻兘瑙勬牸,| 妯″潡 | 璇存槑 |,logic,P1,璇存槑应满足：鍚敤/绂佺敤鍙洖瑙勫垯锛岃缃墽琛岄鐜?,源码路径+行号、对应运行测试或数据库/Redis/队列证据,表格单元格已拆为单一字段断言
REQ-CF-02714,core-finance,docs/PRD-运营增长模块.md,鍔熻兘瑙勬牸,#### 鍔熻兘瑙勬牸,logic,P1,妯″潡应满足：鏁堟灉缁熻,源码路径+行号、对应运行测试或数据库/Redis/队列证据,表格单元格已拆为单一字段断言
REQ-CF-02715,core-finance,docs/PRD-运营增长模块.md,鍔熻兘瑙勬牸,| 妯″潡 | 璇存槑 |,logic,P1,璇存槑应满足：鍙戦€侀噺 / 鎵撳紑鐜?/ 鍙洖鐜?/ 鍙洖鍚?澶╃暀瀛樼巼,源码路径+行号、对应运行测试或数据库/Redis/队列证据,表格单元格已拆为单一字段断言
REQ-CF-02717,core-finance,docs/PRD-运营增长模块.md,API 鎺ュ彛,| `POST` | `/api/v1/admin/agents/:id/redemption-quota` | 璁剧疆浠ｇ悊鍏戞崲鐮侀厤棰?| agent_mgr 浠ヤ笂 |,api,P1,璺緞应满足：`/api/v1/admin/recall-rules`,源码路径+行号、对应运行测试或数据库/Redis/队列证据,表格单元格已拆为单一字段断言
REQ-CF-02718,core-finance,docs/PRD-运营增长模块.md,API 鎺ュ彛,| 鏂规硶 | 璺緞 | 璇存槑 | 鏉冮檺 |,api,P1,璇存槑应满足：鍒涘缓鍙洖瑙勫垯,源码路径+行号、对应运行测试或数据库/Redis/队列证据,表格单元格已拆为单一字段断言
REQ-CF-02722,core-finance,docs/PRD-运营增长模块.md,API 鎺ュ彛,| 鏂规硶 | 璺緞 | 璇存槑 | 鏉冮檺 |,api,P1,璇存槑应满足：鍙洖瑙勫垯鍒楄〃,源码路径+行号、对应运行测试或数据库/Redis/队列证据,表格单元格已拆为单一字段断言
REQ-CF-02724,core-finance,docs/PRD-运营增长模块.md,API 鎺ュ彛,| 鏂规硶 | 璺緞 | 璇存槑 | 鏉冮檺 |,api,P1,鏂规硶应满足：`PATCH`,源码路径+行号、对应运行测试或数据库/Redis/队列证据,表格单元格已拆为单一字段断言
REQ-CF-02725,core-finance,docs/PRD-运营增长模块.md,API 鎺ュ彛,| `POST` | `/api/v1/admin/agents/:id/redemption-quota` | 璁剧疆浠ｇ悊鍏戞崲鐮侀厤棰?| agent_mgr 浠ヤ笂 |,api,P1,璺緞应满足：`/api/v1/admin/recall-rules/:id`,源码路径+行号、对应运行测试或数据库/Redis/队列证据,表格单元格已拆为单一字段断言
REQ-CF-02726,core-finance,docs/PRD-运营增长模块.md,API 鎺ュ彛,| 鏂规硶 | 璺緞 | 璇存槑 | 鏉冮檺 |,api,P1,璇存槑应满足：鏇存柊鍙洖瑙勫垯,源码路径+行号、对应运行测试或数据库/Redis/队列证据,表格单元格已拆为单一字段断言
REQ-CF-02729,core-finance,docs/PRD-运营增长模块.md,API 鎺ュ彛,| `POST` | `/api/v1/admin/agents/:id/redemption-quota` | 璁剧疆浠ｇ悊鍏戞崲鐮侀厤棰?| agent_mgr 浠ヤ笂 |,api,P1,璺緞应满足：`/api/v1/admin/recall-rules/:id/toggle`,源码路径+行号、对应运行测试或数据库/Redis/队列证据,表格单元格已拆为单一字段断言
REQ-CF-02730,core-finance,docs/PRD-运营增长模块.md,API 鎺ュ彛,| 鏂规硶 | 璺緞 | 璇存槑 | 鏉冮檺 |,api,P1,璇存槑应满足：鍚敤/绂佺敤瑙勫垯,源码路径+行号、对应运行测试或数据库/Redis/队列证据,表格单元格已拆为单一字段断言
REQ-CF-02733,core-finance,docs/PRD-运营增长模块.md,API 鎺ュ彛,| `POST` | `/api/v1/admin/agents/:id/redemption-quota` | 璁剧疆浠ｇ悊鍏戞崲鐮侀厤棰?| agent_mgr 浠ヤ笂 |,api,P1,璺緞应满足：`/api/v1/admin/recall-stats`,源码路径+行号、对应运行测试或数据库/Redis/队列证据,表格单元格已拆为单一字段断言
REQ-CF-02734,core-finance,docs/PRD-运营增长模块.md,API 鎺ュ彛,| 鏂规硶 | 璺緞 | 璇存槑 | 鏉冮檺 |,api,P1,璇存槑应满足：鍙洖鏁堟灉缁熻,源码路径+行号、对应运行测试或数据库/Redis/队列证据,表格单元格已拆为单一字段断言
REQ-CF-02736,core-finance,docs/PRD-运营增长模块.md,鍓嶇鍙樻洿,| 杩愯惀 鈫?娲诲姩绠＄悊 | 鍒涘缓娲诲姩鏃跺彲閫?鍒嗛厤缁欎唬鐞?妯″紡 |,logic,P1,"椤甸潰应满足：杩愯惀 鈫?鏂板""娴佸け鍙洖""鍏ュ彛",源码路径+行号、对应运行测试或数据库/Redis/队列证据,表格单元格已拆为单一字段断言
REQ-CF-02737,core-finance,docs/PRD-运营增长模块.md,鍓嶇鍙樻洿,| 椤甸潰 | 鍙樻洿 |,logic,P1,鍙樻洿应满足：鍙洖瑙勫垯鍒楄〃椤碉紝灞曠ず瑙勫垯鐘舵€佸拰鏁堟灉姒傝,源码路径+行号、对应运行测试或数据库/Redis/队列证据,表格单元格已拆为单一字段断言
REQ-CF-02738,core-finance,docs/PRD-运营增长模块.md,鍓嶇鍙樻洿,| 杩愯惀 鈫?娲诲姩绠＄悊 | 鍒涘缓娲诲姩鏃跺彲閫?鍒嗛厤缁欎唬鐞?妯″紡 |,logic,P1,椤甸潰应满足：杩愯惀 鈫?鍙洖瑙勫垯缂栬緫,源码路径+行号、对应运行测试或数据库/Redis/队列证据,表格单元格已拆为单一字段断言
REQ-CF-02739,core-finance,docs/PRD-运营增长模块.md,鍓嶇鍙樻洿,| 椤甸潰 | 鍙樻洿 |,logic,P1,鍙樻洿应满足：瑙勫垯閰嶇疆琛ㄥ崟锛屾敮鎸佽Е鍙戞潯浠?鍙戦€佸唴瀹?浼樻儬鍒歌禒閫侀厤缃?,源码路径+行号、对应运行测试或数据库/Redis/队列证据,表格单元格已拆为单一字段断言
REQ-CF-02740,core-finance,docs/PRD-运营增长模块.md,鍓嶇鍙樻洿,| 杩愯惀 鈫?娲诲姩绠＄悊 | 鍒涘缓娲诲姩鏃跺彲閫?鍒嗛厤缁欎唬鐞?妯″紡 |,logic,P1,椤甸潰应满足：杩愯惀 鈫?鍙洖鏁堟灉,源码路径+行号、对应运行测试或数据库/Redis/队列证据,表格单元格已拆为单一字段断言
REQ-CF-02741,core-finance,docs/PRD-运营增长模块.md,鍓嶇鍙樻洿,| 椤甸潰 | 鍙樻洿 |,logic,P1,鍙樻洿应满足：缁熻鐪嬫澘锛氬彂閫侀噺/鎵撳紑鐜?鍙洖鐜囪秼鍔垮浘锛屽彫鍥炴垚鏈垎鏋?,源码路径+行号、对应运行测试或数据库/Redis/队列证据,表格单元格已拆为单一字段断言
REQ-CF-02742,core-finance,docs/PRD-运营增长模块.md,8.5 杩愯惀澧為暱妯″潡鎬昏,| 浠ｇ悊鍏戞崲鐮侀厤棰濅笌缁戝畾 | P0 | 鍚庣3d+鍓嶇2d | 浠ｇ悊鍟嗗彲閲忓寲鐨勬媺鏂板伐鍏?|,logic,P1,妯″潡应满足：浠ｇ悊鍏戞崲鐮侀厤棰濅笌缁戝畾,源码路径+行号、对应运行测试或数据库/Redis/队列证据,表格单元格已拆为单一字段断言
REQ-CF-02743,core-finance,docs/PRD-运营增长模块.md,8.5 杩愯惀澧為暱妯″潡鎬昏,| 妯″潡 | 浼樺厛绾?| 棰勪及宸ヤ綔閲?| 鏍稿績浠峰€?|,logic,P0,浼樺厛绾?应满足：P0,源码路径+行号、对应运行测试或数据库/Redis/队列证据,表格单元格已拆为单一字段断言
REQ-CF-02744,core-finance,docs/PRD-运营增长模块.md,8.5 杩愯惀澧為暱妯″潡鎬昏,| 浠ｇ悊鍏戞崲鐮侀厤棰濅笌缁戝畾 | P0 | 鍚庣3d+鍓嶇2d | 浠ｇ悊鍟嗗彲閲忓寲鐨勬媺鏂板伐鍏?|,logic,P1,棰勪及宸ヤ綔閲?应满足：鍚庣3d+鍓嶇2d,源码路径+行号、对应运行测试或数据库/Redis/队列证据,表格单元格已拆为单一字段断言
REQ-CF-02745,core-finance,docs/PRD-运营增长模块.md,8.5 杩愯惀澧為暱妯″潡鎬昏,| 浠ｇ悊鍏戞崲鐮侀厤棰濅笌缁戝畾 | P0 | 鍚庣3d+鍓嶇2d | 浠ｇ悊鍟嗗彲閲忓寲鐨勬媺鏂板伐鍏?|,logic,P1,鏍稿績浠峰€?应满足：浠ｇ悊鍟嗗彲閲忓寲鐨勬媺鏂板伐鍏?,源码路径+行号、对应运行测试或数据库/Redis/队列证据,表格单元格已拆为单一字段断言
REQ-CF-02746,core-finance,docs/PRD-运营增长模块.md,8.5 杩愯惀澧為暱妯″潡鎬昏,| 鍏呭€兼椿鍔ㄨ嚜鍔ㄨ禒閫?| P0 | 鍚庣2d+鍓嶇2d | 鎻愬崌鍏呭€艰浆鍖栫巼30%+ |,logic,P1,妯″潡应满足：鍏呭€兼椿鍔ㄨ嚜鍔ㄨ禒閫?,源码路径+行号、对应运行测试或数据库/Redis/队列证据,表格单元格已拆为单一字段断言
REQ-CF-02748,core-finance,docs/PRD-运营增长模块.md,8.5 杩愯惀澧為暱妯″潡鎬昏,| 鍏呭€兼椿鍔ㄨ嚜鍔ㄨ禒閫?| P0 | 鍚庣2d+鍓嶇2d | 鎻愬崌鍏呭€艰浆鍖栫巼30%+ |,logic,P1,棰勪及宸ヤ綔閲?应满足：鍚庣2d+鍓嶇2d,源码路径+行号、对应运行测试或数据库/Redis/队列证据,表格单元格已拆为单一字段断言
REQ-CF-02749,core-finance,docs/PRD-运营增长模块.md,8.5 杩愯惀澧為暱妯″潡鎬昏,| 鍏呭€兼椿鍔ㄨ嚜鍔ㄨ禒閫?| P0 | 鍚庣2d+鍓嶇2d | 鎻愬崌鍏呭€艰浆鍖栫巼30%+ |,logic,P1,鏍稿績浠峰€?应满足：鎻愬崌鍏呭€艰浆鍖栫巼30%+,源码路径+行号、对应运行测试或数据库/Redis/队列证据,表格单元格已拆为单一字段断言
REQ-CF-02750,core-finance,docs/PRD-运营增长模块.md,8.5 杩愯惀澧為暱妯″潡鎬昏,| 鐢ㄦ埛鍒嗙兢鎺ㄩ€?| P0 | 鍚庣4d+鍓嶇3d | 绮惧噯瑙﹁揪锛岃繍钀ユ晥鐜囨彁鍗?|,logic,P1,妯″潡应满足：鐢ㄦ埛鍒嗙兢鎺ㄩ€?,源码路径+行号、对应运行测试或数据库/Redis/队列证据,表格单元格已拆为单一字段断言
REQ-CF-02752,core-finance,docs/PRD-运营增长模块.md,8.5 杩愯惀澧為暱妯″潡鎬昏,| 鐢ㄦ埛鍒嗙兢鎺ㄩ€?| P0 | 鍚庣4d+鍓嶇3d | 绮惧噯瑙﹁揪锛岃繍钀ユ晥鐜囨彁鍗?|,logic,P1,棰勪及宸ヤ綔閲?应满足：鍚庣4d+鍓嶇3d,源码路径+行号、对应运行测试或数据库/Redis/队列证据,表格单元格已拆为单一字段断言
REQ-CF-02753,core-finance,docs/PRD-运营增长模块.md,8.5 杩愯惀澧為暱妯″潡鎬昏,| 鐢ㄦ埛鍒嗙兢鎺ㄩ€?| P0 | 鍚庣4d+鍓嶇3d | 绮惧噯瑙﹁揪锛岃繍钀ユ晥鐜囨彁鍗?|,logic,P1,鏍稿績浠峰€?应满足：绮惧噯瑙﹁揪锛岃繍钀ユ晥鐜囨彁鍗?,源码路径+行号、对应运行测试或数据库/Redis/队列证据,表格单元格已拆为单一字段断言
REQ-CF-02754,core-finance,docs/PRD-运营增长模块.md,8.5 杩愯惀澧為暱妯″潡鎬昏,| 鑷姩鍖栨祦澶卞彫鍥?| P0 | 鍚庣3d+鍓嶇2d | 鍙洖鐜?5%+锛岄檷浣庢祦澶?|,logic,P1,妯″潡应满足：鑷姩鍖栨祦澶卞彫鍥?,源码路径+行号、对应运行测试或数据库/Redis/队列证据,表格单元格已拆为单一字段断言
REQ-CF-02757,core-finance,docs/PRD-运营增长模块.md,8.5 杩愯惀澧為暱妯″潡鎬昏,| 鑷姩鍖栨祦澶卞彫鍥?| P0 | 鍚庣3d+鍓嶇2d | 鍙洖鐜?5%+锛岄檷浣庢祦澶?|,logic,P1,鏍稿績浠峰€?应满足：鍙洖鐜?5%+锛岄檷浣庢祦澶?,源码路径+行号、对应运行测试或数据库/Redis/队列证据,表格单元格已拆为单一字段断言
REQ-CF-02758,core-finance,docs/PRD-运营增长模块.md,8.5 杩愯惀澧為暱妯″潡鎬昏,### 8.5 杩愯惀澧為暱妯″潡鎬昏,logic,P1,**鍚堣**锛氬悗绔?2浜哄ぉ + 鍓嶇9浜哄ぉ = 绾?.5鍛?,源码路径+行号、对应运行测试或数据库/Redis/队列证据,N/A：原审计记录未提供补充依据；待复核源码、测试及运行证据。
REQ-CF-02759,core-finance,docs/PRD-运营增长模块.md,8.6 鎺ㄨ崘鐮佽惀閿€绯荤粺,**鍏宠仈**锛氫唬鐞嗗晢鎺ㄨ崘鐮佺鐞?鈫?鍚庡彴钀ラ攢閰嶇疆 鈫?鎺ㄨ崘浣ｉ噾缁撶畻,logic,P1,**鍏宠仈**锛氫唬鐞嗗晢鎺ㄨ崘鐮佺鐞?鈫?鍚庡彴钀ラ攢閰嶇疆 鈫?鎺ㄨ崘浣ｉ噾缁撶畻,源码路径+行号、对应运行测试或数据库/Redis/队列证据,N/A：原审计记录未提供补充依据；待复核源码、测试及运行证据。
REQ-CF-02760,core-finance,docs/PRD-运营增长模块.md,8.6 鎺ㄨ崘鐮佽惀閿€绯荤粺,**浠ｇ爜宸插疄鐜?*锛歚api/src/services/agent-core/referral.ts`锛堟帹鑽愮爜鐢熸垚涓庤В鏋愶級,api,P1,**浠ｇ爜宸插疄鐜?*锛歚api/src/services/agent-core/referral.ts`锛堟帹鑽愮爜鐢熸垚涓庤В鏋愶級,源码路径+行号、对应运行测试或数据库/Redis/队列证据,N/A：原审计记录未提供补充依据；待复核源码、测试及运行证据。
REQ-CF-02761,core-finance,docs/PRD-运营增长模块.md,8.6 鎺ㄨ崘鐮佽惀閿€绯荤粺,**鏂板**锛氬悗鍙拌惀閿€閰嶇疆闈㈡澘 + 鎺ㄨ崘浣ｉ噾缁撶畻,logic,P1,**鏂板**锛氬悗鍙拌惀閿€閰嶇疆闈㈡澘 + 鎺ㄨ崘浣ｉ噾缁撶畻,源码路径+行号、对应运行测试或数据库/Redis/队列证据,N/A：原审计记录未提供补充依据；待复核源码、测试及运行证据。
REQ-CF-02762,core-finance,docs/PRD-运营增长模块.md,鑳屾櫙,#### 鑳屾櫙,logic,P1,绯荤粺宸插疄鐜颁唬鐞嗗晢鎺ㄨ崘鐮佸姛鑳斤紙Redis 鍙屽悜鏄犲皠 + 鏁版嵁搴撴寔涔呭寲锛夛紝浣嗙己灏戣繍钀ラ厤缃叆鍙ｅ拰鎺ㄨ崘浣ｉ噾缁撶畻閫昏緫銆傞渶瑕佸皢鎺ㄨ崘鐮佺撼鍏ュ畬鏁磋惀閿€閾捐矾锛氳繍钀ラ厤缃帹鑽愯鍒?鈫?浠ｇ悊鐢熸垚鎺ㄥ箍鐮?鈫?鏂扮敤鎴峰～鍐欐帹鑽愮爜 鈫?浠ｇ悊鑾峰緱鎺ㄨ崘鏀剁泭銆?,源码路径+行号、对应运行测试或数据库/Redis/队列证据,N/A：原审计记录未提供补充依据；待复核源码、测试及运行证据。
REQ-CF-02763,core-finance,docs/PRD-运营增长模块.md,鍔熻兘瑙勬牸,#### 鍔熻兘瑙勬牸,logic,P1,妯″潡应满足：鎺ㄨ崘鐮佺敓鎴?,源码路径+行号、对应运行测试或数据库/Redis/队列证据,表格单元格已拆为单一字段断言
REQ-CF-02764,core-finance,docs/PRD-运营增长模块.md,鍔熻兘瑙勬牸,| 杩愯惀绔厤棰濋厤缃?| 涓烘瘡涓唬鐞嗚缃湀鍏戞崲鐮侀厤棰濓紙鏁伴噺 + 闈㈠€硷級锛屾敮鎸佹寜绛夌骇榛樿閰嶉 |,logic,P1,璇存槑应满足：浠ｇ悊鍟嗚嚜鍔ㄧ敓鎴?浣嶆帹鑽愮爜锛屾敮鎸佺鐞嗗憳鎵嬪姩璁剧疆锛堝悗鍙帮級,源码路径+行号、对应运行测试或数据库/Redis/队列证据,表格单元格已拆为单一字段断言
REQ-CF-02765,core-finance,docs/PRD-运营增长模块.md,鍔熻兘瑙勬牸,#### 鍔熻兘瑙勬牸,logic,P1,妯″潡应满足：鎺ㄨ崘鐮佹寔涔呭寲,源码路径+行号、对应运行测试或数据库/Redis/队列证据,表格单元格已拆为单一字段断言
REQ-CF-02766,core-finance,docs/PRD-运营增长模块.md,鍔熻兘瑙勬牸,| 鍏戞崲鐮佺粦瀹氫唬鐞?| 鐢熸垚鍏戞崲鐮佹椂缁戝畾 `agent_id`锛岀敤鎴峰厬鎹㈠悗鑷姩寤虹珛浠ｇ悊-鐢ㄦ埛鍏宠仈 |,logic,P1,璇存槑应满足：鎺ㄨ崘鐮佸啓鍏?`agents.referral_code` 瀛楁锛孯edis 缂撳瓨鍔犻€熸煡璇?,源码路径+行号、对应运行测试或数据库/Redis/队列证据,表格单元格已拆为单一字段断言
REQ-CF-02767,core-finance,docs/PRD-运营增长模块.md,鍔熻兘瑙勬牸,#### 鍔熻兘瑙勬牸,logic,P1,妯″潡应满足：鎺ㄨ崘鐮佸敮涓€鎬?,源码路径+行号、对应运行测试或数据库/Redis/队列证据,表格单元格已拆为单一字段断言
REQ-CF-02768,core-finance,docs/PRD-运营增长模块.md,鍔熻兘瑙勬牸,| 妯″潡 | 璇存槑 |,logic,P1,璇存槑应满足：绯荤粺鑷姩鏍￠獙鍞竴鎬э紝鎺掗櫎鏄撴贩娣嗗瓧绗?O0Il,源码路径+行号、对应运行测试或数据库/Redis/队列证据,表格单元格已拆为单一字段断言
REQ-CF-02769,core-finance,docs/PRD-运营增长模块.md,鍔熻兘瑙勬牸,#### 鍔熻兘瑙勬牸,logic,P1,妯″潡应满足：鎺ㄨ崘鐮佽В鏋?,源码路径+行号、对应运行测试或数据库/Redis/队列证据,表格单元格已拆为单一字段断言
REQ-CF-02770,core-finance,docs/PRD-运营增长模块.md,鍔熻兘瑙勬牸,| 鍏戞崲鐮佺粦瀹氫唬鐞?| 鐢熸垚鍏戞崲鐮佹椂缁戝畾 `agent_id`锛岀敤鎴峰厬鎹㈠悗鑷姩寤虹珛浠ｇ悊-鐢ㄦ埛鍏宠仈 |,logic,P1,璇存槑应满足：閫氳繃鎺ㄨ崘鐮佹煡璇㈠綊灞炰唬鐞嗗晢锛岀敤浜庢敞鍐屾祦绋嬬粦瀹氫唬鐞嗗叧绯?,源码路径+行号、对应运行测试或数据库/Redis/队列证据,表格单元格已拆为单一字段断言
REQ-CF-02771,core-finance,docs/PRD-运营增长模块.md,鍔熻兘瑙勬牸,#### 鍔熻兘瑙勬牸,logic,P1,妯″潡应满足：鎺ㄨ崘浣ｉ噾瑙勫垯閰嶇疆,源码路径+行号、对应运行测试或数据库/Redis/队列证据,表格单元格已拆为单一字段断言
REQ-CF-02772,core-finance,docs/PRD-运营增长模块.md,鍔熻兘瑙勬牸,| 杩愯惀绔厤棰濋厤缃?| 涓烘瘡涓唬鐞嗚缃湀鍏戞崲鐮侀厤棰濓紙鏁伴噺 + 闈㈠€硷級锛屾敮鎸佹寜绛夌骇榛樿閰嶉 |,logic,P1,璇存槑应满足：鍦?`commission_rules` 涓柊澧?`ruleType='referral'`锛屾敮鎸佸浐瀹氶噾棰?姣斾緥,源码路径+行号、对应运行测试或数据库/Redis/队列证据,表格单元格已拆为单一字段断言
REQ-CF-02773,core-finance,docs/PRD-运营增长模块.md,鍔熻兘瑙勬牸,#### 鍔熻兘瑙勬牸,logic,P1,妯″潡应满足：鎺ㄨ崘娉ㄥ唽浣ｉ噾,源码路径+行号、对应运行测试或数据库/Redis/队列证据,表格单元格已拆为单一字段断言
REQ-CF-02774,core-finance,docs/PRD-运营增长模块.md,鍔熻兘瑙勬牸,| 妯″潡 | 璇存槑 |,logic,P1,璇存槑应满足：鏂扮敤鎴锋敞鍐屾椂濉啓鎺ㄨ崘鐮侊紝鑷姩瑙﹀彂 `processReferralCommission` 缁撶畻,源码路径+行号、对应运行测试或数据库/Redis/队列证据,表格单元格已拆为单一字段断言
REQ-CF-02775,core-finance,docs/PRD-运营增长模块.md,鍔熻兘瑙勬牸,#### 鍔熻兘瑙勬牸,logic,P1,妯″潡应满足：钀ラ攢閰嶇疆绠＄悊,源码路径+行号、对应运行测试或数据库/Redis/队列证据,表格单元格已拆为单一字段断言
REQ-CF-02776,core-finance,docs/PRD-运营增长模块.md,鍔熻兘瑙勬牸,| 妯″潡 | 璇存槑 |,logic,P1,璇存槑应满足：鍚庡彴绠＄悊绔細鎺ㄨ崘鐮佸惎鐢?绂佺敤銆佹帹鑽愮爜鍒嗛厤銆佹帹鑽愪剑閲戦厤缃?,源码路径+行号、对应运行测试或数据库/Redis/队列证据,表格单元格已拆为单一字段断言
REQ-CF-02777,core-finance,docs/PRD-运营增长模块.md,鏁版嵁琛ㄥ彉鏇?,// agent_redemption_quotas 鈥?浠ｇ悊鍏戞崲鐮侀厤棰?,logic,P1,**agents 琛ㄦ柊澧炲瓧娈?*锛堝凡娣诲姞锛夛細,源码路径+行号、对应运行测试或数据库/Redis/队列证据,N/A：原审计记录未提供补充依据；待复核源码、测试及运行证据。
REQ-CF-02778,core-finance,docs/PRD-运营增长模块.md,鏁版嵁琛ㄥ彉鏇?,"agentId: integer(""agent_id"").notNull().references(() => users.id),",logic,P1,**commission_rules 琛ㄦ柊澧?ruleType锛歚referral`**锛?,源码路径+行号、对应运行测试或数据库/Redis/队列证据,N/A：原审计记录未提供补充依据；待复核源码、测试及运行证据。
REQ-CF-02779,core-finance,docs/PRD-运营增长模块.md,鏁版嵁琛ㄥ彉鏇?,"export const agentRedemptionQuotas = pgTable(""agent_redemption_quotas"", {",logic,P1,**system_configs 鏂板钀ラ攢閰嶇疆椤?*锛?,源码路径+行号、对应运行测试或数据库/Redis/队列证据,N/A：原审计记录未提供补充依据；待复核源码、测试及运行证据。
REQ-CF-02780,core-finance,docs/PRD-运营增长模块.md,鏁版嵁琛ㄥ彉鏇?,"agentId: integer(""agent_id"").notNull().references(() => users.id),",logic,P1,key应满足：`referral_enabled`,源码路径+行号、对应运行测试或数据库/Redis/队列证据,表格单元格已拆为单一字段断言
REQ-CF-02781,core-finance,docs/PRD-运营增长模块.md,鏁版嵁琛ㄥ彉鏇?,"createdAt: timestamp(""created_at"", { withTimezone: true }).notNull().defaultNow(),",logic,P1,鍊?应满足：`true` / `false`,源码路径+行号、对应运行测试或数据库/Redis/队列证据,表格单元格已拆为单一字段断言
REQ-CF-02782,core-finance,docs/PRD-运营增长模块.md,鏁版嵁琛ㄥ彉鏇?,#### 鏁版嵁琛ㄥ彉鏇?,logic,P1,璇存槑应满足：鎺ㄨ崘鐮佸姛鑳藉叏灞€寮€鍏?,源码路径+行号、对应运行测试或数据库/Redis/队列证据,表格单元格已拆为单一字段断言
REQ-CF-02783,core-finance,docs/PRD-运营增长模块.md,鏁版嵁琛ㄥ彉鏇?,"agentId: integer(""agent_id"").notNull().references(() => users.id),",logic,P1,key应满足：`referral_commission_type`,源码路径+行号、对应运行测试或数据库/Redis/队列证据,表格单元格已拆为单一字段断言
REQ-CF-02784,core-finance,docs/PRD-运营增长模块.md,鏁版嵁琛ㄥ彉鏇?,"export const agentRedemptionQuotas = pgTable(""agent_redemption_quotas"", {",logic,P1,鍊?应满足：`fixed` / `percentage`,源码路径+行号、对应运行测试或数据库/Redis/队列证据,表格单元格已拆为单一字段断言
REQ-CF-02785,core-finance,docs/PRD-运营增长模块.md,鏁版嵁琛ㄥ彉鏇?,#### 鏁版嵁琛ㄥ彉鏇?,logic,P1,璇存槑应满足：鎺ㄨ崘浣ｉ噾璁＄畻鏂瑰紡,源码路径+行号、对应运行测试或数据库/Redis/队列证据,表格单元格已拆为单一字段断言
REQ-CF-02786,core-finance,docs/PRD-运营增长模块.md,鏁版嵁琛ㄥ彉鏇?,"agentId: integer(""agent_id"").notNull().references(() => users.id),",logic,P1,key应满足：`referral_fixed_amount`,源码路径+行号、对应运行测试或数据库/Redis/队列证据,表格单元格已拆为单一字段断言
REQ-CF-02787,core-finance,docs/PRD-运营增长模块.md,鏁版嵁琛ㄥ彉鏇?,#### 鏁版嵁琛ㄥ彉鏇?,logic,P1,鍊?应满足：`10.000000`,源码路径+行号、对应运行测试或数据库/Redis/队列证据,表格单元格已拆为单一字段断言
REQ-CF-02788,core-finance,docs/PRD-运营增长模块.md,鏁版嵁琛ㄥ彉鏇?,#### 鏁版嵁琛ㄥ彉鏇?,logic,P1,璇存槑应满足：鍥哄畾鎺ㄨ崘浣ｉ噾锛堝厓锛?,源码路径+行号、对应运行测试或数据库/Redis/队列证据,表格单元格已拆为单一字段断言
REQ-CF-02789,core-finance,docs/PRD-运营增长模块.md,鏁版嵁琛ㄥ彉鏇?,"agentId: integer(""agent_id"").notNull().references(() => users.id),",logic,P1,key应满足：`referral_commission_rate`,源码路径+行号、对应运行测试或数据库/Redis/队列证据,表格单元格已拆为单一字段断言
REQ-CF-02790,core-finance,docs/PRD-运营增长模块.md,鏁版嵁琛ㄥ彉鏇?,#### 鏁版嵁琛ㄥ彉鏇?,logic,P1,鍊?应满足：`0.1000`,源码路径+行号、对应运行测试或数据库/Redis/队列证据,表格单元格已拆为单一字段断言
REQ-CF-02791,core-finance,docs/PRD-运营增长模块.md,鏁版嵁琛ㄥ彉鏇?,#### 鏁版嵁琛ㄥ彉鏇?,logic,P1,璇存槑应满足：姣斾緥浣ｉ噾锛堟柊鐢ㄦ埛棣栧厖閲戦鐨勭櫨鍒嗘瘮锛?,源码路径+行号、对应运行测试或数据库/Redis/队列证据,表格单元格已拆为单一字段断言
REQ-CF-02792,core-finance,docs/PRD-运营增长模块.md,鏁版嵁琛ㄥ彉鏇?,"agentId: integer(""agent_id"").notNull().references(() => users.id),",logic,P1,key应满足：`referral_coupon_enabled`,源码路径+行号、对应运行测试或数据库/Redis/队列证据,表格单元格已拆为单一字段断言
REQ-CF-02794,core-finance,docs/PRD-运营增长模块.md,鏁版嵁琛ㄥ彉鏇?,#### 鏁版嵁琛ㄥ彉鏇?,logic,P1,璇存槑应满足：鎺ㄨ崘浜烘槸鍚﹁幏寰椾紭鎯犲埜,源码路径+行号、对应运行测试或数据库/Redis/队列证据,表格单元格已拆为单一字段断言
REQ-CF-02795,core-finance,docs/PRD-运营增长模块.md,鏁版嵁琛ㄥ彉鏇?,"agentId: integer(""agent_id"").notNull().references(() => users.id),",logic,P1,key应满足：`referral_coupon_amount`,源码路径+行号、对应运行测试或数据库/Redis/队列证据,表格单元格已拆为单一字段断言
REQ-CF-02796,core-finance,docs/PRD-运营增长模块.md,鏁版嵁琛ㄥ彉鏇?,#### 鏁版嵁琛ㄥ彉鏇?,logic,P1,鍊?应满足：`5.00`,源码路径+行号、对应运行测试或数据库/Redis/队列证据,表格单元格已拆为单一字段断言
REQ-CF-02797,core-finance,docs/PRD-运营增长模块.md,鏁版嵁琛ㄥ彉鏇?,#### 鏁版嵁琛ㄥ彉鏇?,logic,P1,璇存槑应满足：鎺ㄨ崘浜鸿幏寰楃殑浼樻儬鍒搁潰棰?,源码路径+行号、对应运行测试或数据库/Redis/队列证据,表格单元格已拆为单一字段断言
REQ-CF-02799,core-finance,docs/PRD-运营增长模块.md,API 鎺ュ彛,| `POST` | `/api/v1/agent/redemption-codes/request` | 浠ｇ悊鐢宠鍏戞崲鐮?| agent 浠ヤ笂 |,api,P1,璺緞应满足：`/api/v1/agent/referral-code`,源码路径+行号、对应运行测试或数据库/Redis/队列证据,表格单元格已拆为单一字段断言
REQ-CF-02800,core-finance,docs/PRD-运营增长模块.md,API 鎺ュ彛,| 鏂规硶 | 璺緞 | 璇存槑 | 鏉冮檺 |,api,P1,璇存槑应满足：鑾峰彇/鐢熸垚鎴戠殑鎺ㄨ崘鐮?,源码路径+行号、对应运行测试或数据库/Redis/队列证据,表格单元格已拆为单一字段断言
REQ-CF-02801,core-finance,docs/PRD-运营增长模块.md,API 鎺ュ彛,| 鏂规硶 | 璺緞 | 璇存槑 | 鏉冮檺 |,api,P1,鏉冮檺应满足：浠ｇ悊鍟?,源码路径+行号、对应运行测试或数据库/Redis/队列证据,表格单元格已拆为单一字段断言
REQ-CF-02803,core-finance,docs/PRD-运营增长模块.md,API 鎺ュ彛,| `POST` | `/api/v1/agent/redemption-codes/request` | 浠ｇ悊鐢宠鍏戞崲鐮?| agent 浠ヤ笂 |,api,P1,璺緞应满足：`/api/v1/agent/referral-code/regenerate`,源码路径+行号、对应运行测试或数据库/Redis/队列证据,表格单元格已拆为单一字段断言
REQ-CF-02804,core-finance,docs/PRD-运营增长模块.md,API 鎺ュ彛,| 鏂规硶 | 璺緞 | 璇存槑 | 鏉冮檺 |,api,P1,璇存槑应满足：閲嶆柊鐢熸垚鎺ㄨ崘鐮?,源码路径+行号、对应运行测试或数据库/Redis/队列证据,表格单元格已拆为单一字段断言
REQ-CF-02806,core-finance,docs/PRD-运营增长模块.md,API 鎺ュ彛,| 鏂规硶 | 璺緞 | 璇存槑 | 鏉冮檺 |,api,P1,鏂规硶应满足：`PUT`,源码路径+行号、对应运行测试或数据库/Redis/队列证据,表格单元格已拆为单一字段断言
REQ-CF-02807,core-finance,docs/PRD-运营增长模块.md,API 鎺ュ彛,| `POST` | `/api/v1/admin/agents/:id/redemption-quota` | 璁剧疆浠ｇ悊鍏戞崲鐮侀厤棰?| agent_mgr 浠ヤ笂 |,api,P1,璺緞应满足：`/api/v1/admin/agents/:id/referral-code`,源码路径+行号、对应运行测试或数据库/Redis/队列证据,表格单元格已拆为单一字段断言
REQ-CF-02808,core-finance,docs/PRD-运营增长模块.md,API 鎺ュ彛,| 鏂规硶 | 璺緞 | 璇存槑 | 鏉冮檺 |,api,P1,璇存槑应满足：绠＄悊鍛樿缃帹鑽愮爜,源码路径+行号、对应运行测试或数据库/Redis/队列证据,表格单元格已拆为单一字段断言
REQ-CF-02811,core-finance,docs/PRD-运营增长模块.md,API 鎺ュ彛,| `POST` | `/api/v1/admin/agents/:id/redemption-quota` | 璁剧疆浠ｇ悊鍏戞崲鐮侀厤棰?| agent_mgr 浠ヤ笂 |,api,P1,璺緞应满足：`/api/v1/admin/referral-codes`,源码路径+行号、对应运行测试或数据库/Redis/队列证据,表格单元格已拆为单一字段断言
REQ-CF-02812,core-finance,docs/PRD-运营增长模块.md,API 鎺ュ彛,| `GET` | `/api/v1/agent/redemption-codes` | 浠ｇ悊鏌ョ湅鍏戞崲鐮佸垪琛?| agent 浠ヤ笂 |,api,P1,璇存槑应满足：鎵€鏈変唬鐞嗗晢鎺ㄨ崘鐮佸垪琛?,源码路径+行号、对应运行测试或数据库/Redis/队列证据,表格单元格已拆为单一字段断言
REQ-CF-02815,core-finance,docs/PRD-运营增长模块.md,API 鎺ュ彛,| `POST` | `/api/v1/admin/agents/:id/redemption-quota` | 璁剧疆浠ｇ悊鍏戞崲鐮侀厤棰?| agent_mgr 浠ヤ笂 |,api,P1,璺緞应满足：`/api/v1/admin/referral-config`,源码路径+行号、对应运行测试或数据库/Redis/队列证据,表格单元格已拆为单一字段断言
REQ-CF-02816,core-finance,docs/PRD-运营增长模块.md,API 鎺ュ彛,| 鏂规硶 | 璺緞 | 璇存槑 | 鏉冮檺 |,api,P1,璇存槑应满足：鑾峰彇鎺ㄨ崘鐮佽惀閿€閰嶇疆,源码路径+行号、对应运行测试或数据库/Redis/队列证据,表格单元格已拆为单一字段断言
REQ-CF-02820,core-finance,docs/PRD-运营增长模块.md,API 鎺ュ彛,| 鏂规硶 | 璺緞 | 璇存槑 | 鏉冮檺 |,api,P1,璇存槑应满足：鏇存柊鎺ㄨ崘鐮佽惀閿€閰嶇疆,源码路径+行号、对应运行测试或数据库/Redis/队列证据,表格单元格已拆为单一字段断言
REQ-CF-02823,core-finance,docs/PRD-运营增长模块.md,API 鎺ュ彛,| `POST` | `/api/v1/admin/agents/:id/redemption-quota` | 璁剧疆浠ｇ悊鍏戞崲鐮侀厤棰?| agent_mgr 浠ヤ笂 |,api,P1,璺緞应满足：`/api/v1/auth/register?ref=CODE`,源码路径+行号、对应运行测试或数据库/Redis/队列证据,表格单元格已拆为单一字段断言
REQ-CF-02824,core-finance,docs/PRD-运营增长模块.md,API 鎺ュ彛,| 鏂规硶 | 璺緞 | 璇存槑 | 鏉冮檺 |,api,P1,璇存槑应满足：娉ㄥ唽鏃舵惡甯︽帹鑽愮爜,源码路径+行号、对应运行测试或数据库/Redis/队列证据,表格单元格已拆为单一字段断言
REQ-CF-02825,core-finance,docs/PRD-运营增长模块.md,API 鎺ュ彛,| 鏂规硶 | 璺緞 | 璇存槑 | 鏉冮檺 |,api,P1,鏉冮檺应满足：鍏紑,源码路径+行号、对应运行测试或数据库/Redis/队列证据,表格单元格已拆为单一字段断言
REQ-CF-02827,core-finance,docs/PRD-运营增长模块.md,鍓嶇鍙樻洿,"| 浠ｇ悊绔?鈫?鎺у埗鍙?| 鏂板""鎺ㄥ箍鍏戞崲鐮?鍏ュ彛锛屾煡鐪嬮厤棰濆拰宸插彂鏀惧厬鎹㈢爜 |",logic,P1,"鍙樻洿应满足：鏂板""鎺ㄥ箍鐮?鍏ュ彛锛屽睍绀烘帹鑽愮爜鍜屾帹骞夸簩缁寸爜",源码路径+行号、对应运行测试或数据库/Redis/队列证据,表格单元格已拆为单一字段断言
REQ-CF-02828,core-finance,docs/PRD-运营增长模块.md,鍓嶇鍙樻洿,"| 浠ｇ悊绔?鈫?鎺у埗鍙?| 鏂板""鎺ㄥ箍鍏戞崲鐮?鍏ュ彛锛屾煡鐪嬮厤棰濆拰宸插彂鏀惧厬鎹㈢爜 |",logic,P1,椤甸潰应满足：浠ｇ悊绔?鈫?鎺ㄥ箍缁熻,源码路径+行号、对应运行测试或数据库/Redis/队列证据,表格单元格已拆为单一字段断言
REQ-CF-02829,core-finance,docs/PRD-运营增长模块.md,鍓嶇鍙樻洿,| 椤甸潰 | 鍙樻洿 |,logic,P1,鍙樻洿应满足：鎺ㄨ崘娉ㄥ唽鐢ㄦ埛鏁?/ 鎺ㄨ崘浣ｉ噾鏀剁泭 / 瓒嬪娍鍥?,源码路径+行号、对应运行测试或数据库/Redis/队列证据,表格单元格已拆为单一字段断言
REQ-CF-02830,core-finance,docs/PRD-运营增长模块.md,鍓嶇鍙樻洿,"| 绠＄悊鍚庡彴 鈫?浠ｇ悊鍟嗚鎯?| 鏂板""鍏戞崲鐮侀厤棰?鏍囩椤碉紝閰嶇疆鏈堥厤棰濆拰闈㈠€?|",logic,P1,椤甸潰应满足：绠＄悊鍚庡彴 鈫?钀ラ攢閰嶇疆,源码路径+行号、对应运行测试或数据库/Redis/队列证据,表格单元格已拆为单一字段断言
REQ-CF-02831,core-finance,docs/PRD-运营增长模块.md,鍓嶇鍙樻洿,| 椤甸潰 | 鍙樻洿 |,logic,P1,"鍙樻洿应满足：鏂板""鎺ㄨ崘鐮佽惀閿€""閰嶇疆椤碉紝寮€鍏?浣ｉ噾/浼樻儬鍒?",源码路径+行号、对应运行测试或数据库/Redis/队列证据,表格单元格已拆为单一字段断言
REQ-CF-02832,core-finance,docs/PRD-运营增长模块.md,鍓嶇鍙樻洿,"| 绠＄悊鍚庡彴 鈫?浠ｇ悊鍟嗚鎯?| 鏂板""鍏戞崲鐮侀厤棰?鏍囩椤碉紝閰嶇疆鏈堥厤棰濆拰闈㈠€?|",logic,P1,椤甸潰应满足：绠＄悊鍚庡彴 鈫?浠ｇ悊鍟嗙鐞?,源码路径+行号、对应运行测试或数据库/Redis/队列证据,表格单元格已拆为单一字段断言
REQ-CF-02833,core-finance,docs/PRD-运营增长模块.md,鍓嶇鍙樻洿,"| 绠＄悊鍚庡彴 鈫?浠ｇ悊鍟嗚鎯?| 鏂板""鍏戞崲鐮侀厤棰?鏍囩椤碉紝閰嶇疆鏈堥厤棰濆拰闈㈠€?|",logic,P1,鍙樻洿应满足：浠ｇ悊鍟嗚鎯呴〉鏂板鎺ㄨ崘鐮佸瓧娈碉紙鍙紪杈戯級,源码路径+行号、对应运行测试或数据库/Redis/队列证据,表格单元格已拆为单一字段断言
REQ-CF-02834,core-finance,docs/PRD-运营增长模块.md,鍓嶇鍙樻洿,| 椤甸潰 | 鍙樻洿 |,logic,P1,椤甸潰应满足：娉ㄥ唽椤甸潰,源码路径+行号、对应运行测试或数据库/Redis/队列证据,表格单元格已拆为单一字段断言
REQ-CF-02835,core-finance,docs/PRD-运营增长模块.md,鍓嶇鍙樻洿,| 椤甸潰 | 鍙樻洿 |,logic,P1,"鍙樻洿应满足：鏂板""鎺ㄨ崘鐮?杈撳叆妗嗭紙鍙€夛級",源码路径+行号、对应运行测试或数据库/Redis/队列证据,表格单元格已拆为单一字段断言
REQ-CF-02836,core-finance,docs/PRD-运营增长模块.md,涓庡叾浠栨ā鍧楃殑鍏崇郴,| 搂8.1 浠ｇ悊鍏戞崲鐮侀厤棰?| 鎺ㄨ崘鐮佸拰鍏戞崲鐮佷簰琛ワ細鎺ㄨ崘鐮佺敤浜庢敞鍐屾媺鏂帮紝鍏戞崲鐮佺敤浜庡厖鍊间紭鎯?|,logic,P1,鍏宠仈妯″潡应满足：搂8.1 浠ｇ悊鍏戞崲鐮侀厤棰?,源码路径+行号、对应运行测试或数据库/Redis/队列证据,表格单元格已拆为单一字段断言
REQ-CF-02837,core-finance,docs/PRD-运营增长模块.md,涓庡叾浠栨ā鍧楃殑鍏崇郴,| 搂8.1 浠ｇ悊鍏戞崲鐮侀厤棰?| 鎺ㄨ崘鐮佸拰鍏戞崲鐮佷簰琛ワ細鎺ㄨ崘鐮佺敤浜庢敞鍐屾媺鏂帮紝鍏戞崲鐮佺敤浜庡厖鍊间紭鎯?|,logic,P1,璇存槑应满足：鎺ㄨ崘鐮佸拰鍏戞崲鐮佷簰琛ワ細鎺ㄨ崘鐮佺敤浜庢敞鍐屾媺鏂帮紝鍏戞崲鐮佺敤浜庡厖鍊间紭鎯?,源码路径+行号、对应运行测试或数据库/Redis/队列证据,表格单元格已拆为单一字段断言
REQ-CF-02838,core-finance,docs/PRD-运营增长模块.md,涓庡叾浠栨ā鍧楃殑鍏崇郴,| 搂8.2 鍏呭€兼椿鍔ㄨ嚜鍔ㄨ禒閫?| 鎺ㄨ崘娉ㄥ唽鎴愬姛鍚庯紝鏂扮敤鎴烽鍏呭彲瑙﹀彂鑷姩璧犻€?|,logic,P1,鍏宠仈妯″潡应满足：搂8.2 鍏呭€兼椿鍔ㄨ嚜鍔ㄨ禒閫?,源码路径+行号、对应运行测试或数据库/Redis/队列证据,表格单元格已拆为单一字段断言
REQ-CF-02839,core-finance,docs/PRD-运营增长模块.md,涓庡叾浠栨ā鍧楃殑鍏崇郴,| 搂8.2 鍏呭€兼椿鍔ㄨ嚜鍔ㄨ禒閫?| 鎺ㄨ崘娉ㄥ唽鎴愬姛鍚庯紝鏂扮敤鎴烽鍏呭彲瑙﹀彂鑷姩璧犻€?|,logic,P1,璇存槑应满足：鎺ㄨ崘娉ㄥ唽鎴愬姛鍚庯紝鏂扮敤鎴烽鍏呭彲瑙﹀彂鑷姩璧犻€?,源码路径+行号、对应运行测试或数据库/Redis/队列证据,表格单元格已拆为单一字段断言
REQ-CF-02840,core-finance,docs/PRD-运营增长模块.md,涓庡叾浠栨ā鍧楃殑鍏崇郴,| 搂9 璐㈠姟妯″潡 | 鎺ㄨ崘浣ｉ噾閫氳繃 `commission_logs` 璁″叆浠ｇ悊鍟嗗緟缁撶畻浣ｉ噾 |,logic,P1,鍏宠仈妯″潡应满足：搂9 璐㈠姟妯″潡,源码路径+行号、对应运行测试或数据库/Redis/队列证据,表格单元格已拆为单一字段断言
REQ-CF-02841,core-finance,docs/PRD-运营增长模块.md,涓庡叾浠栨ā鍧楃殑鍏崇郴,| 搂9 璐㈠姟妯″潡 | 鎺ㄨ崘浣ｉ噾閫氳繃 `commission_logs` 璁″叆浠ｇ悊鍟嗗緟缁撶畻浣ｉ噾 |,logic,P1,璇存槑应满足：鎺ㄨ崘浣ｉ噾閫氳繃 `commission_logs` 璁″叆浠ｇ悊鍟嗗緟缁撶畻浣ｉ噾,源码路径+行号、对应运行测试或数据库/Redis/队列证据,表格单元格已拆为单一字段断言
REQ-CF-02842,core-finance,docs/PRD-运营增长模块.md,涓庡叾浠栨ā鍧楃殑鍏崇郴,| 搂19 浠ｇ悊鍟嗘敮鎾?| 浠ｇ悊绔帶鍒跺彴灞曠ず鎺ㄥ箍缁熻鍜屾帹鑽愪剑閲戞敹鐩?|,logic,P1,鍏宠仈妯″潡应满足：搂19 浠ｇ悊鍟嗘敮鎾?,源码路径+行号、对应运行测试或数据库/Redis/队列证据,表格单元格已拆为单一字段断言
REQ-CF-02843,core-finance,docs/PRD-运营增长模块.md,涓庡叾浠栨ā鍧楃殑鍏崇郴,| 搂19 浠ｇ悊鍟嗘敮鎾?| 浠ｇ悊绔帶鍒跺彴灞曠ず鎺ㄥ箍缁熻鍜屾帹鑽愪剑閲戞敹鐩?|,logic,P1,璇存槑应满足：浠ｇ悊绔帶鍒跺彴灞曠ず鎺ㄥ箍缁熻鍜屾帹鑽愪剑閲戞敹鐩?,源码路径+行号、对应运行测试或数据库/Redis/队列证据,表格单元格已拆为单一字段断言
REQ-CF-02844,core-finance,docs/PRD-运营增长模块.md,8.7 杩愯惀澧為暱妯″潡鎬昏锛堟洿鏂帮級,| 浠ｇ悊鍏戞崲鐮侀厤棰濅笌缁戝畾 | P0 | 鍚庣3d+鍓嶇2d | 浠ｇ悊鍟嗗彲閲忓寲鐨勬媺鏂板伐鍏?|,logic,P1,妯″潡应满足：浠ｇ悊鍏戞崲鐮侀厤棰濅笌缁戝畾,源码路径+行号、对应运行测试或数据库/Redis/队列证据,表格单元格已拆为单一字段断言
REQ-CF-02845,core-finance,docs/PRD-运营增长模块.md,8.7 杩愯惀澧為暱妯″潡鎬昏锛堟洿鏂帮級,| 妯″潡 | 浼樺厛绾?| 棰勪及宸ヤ綔閲?| 鏍稿績浠峰€?|,logic,P0,浼樺厛绾?应满足：P0,源码路径+行号、对应运行测试或数据库/Redis/队列证据,表格单元格已拆为单一字段断言
REQ-CF-02846,core-finance,docs/PRD-运营增长模块.md,8.7 杩愯惀澧為暱妯″潡鎬昏锛堟洿鏂帮級,| 浠ｇ悊鍏戞崲鐮侀厤棰濅笌缁戝畾 | P0 | 鍚庣3d+鍓嶇2d | 浠ｇ悊鍟嗗彲閲忓寲鐨勬媺鏂板伐鍏?|,logic,P1,棰勪及宸ヤ綔閲?应满足：鍚庣3d+鍓嶇2d,源码路径+行号、对应运行测试或数据库/Redis/队列证据,表格单元格已拆为单一字段断言
REQ-CF-02847,core-finance,docs/PRD-运营增长模块.md,8.7 杩愯惀澧為暱妯″潡鎬昏锛堟洿鏂帮級,| 浠ｇ悊鍏戞崲鐮侀厤棰濅笌缁戝畾 | P0 | 鍚庣3d+鍓嶇2d | 浠ｇ悊鍟嗗彲閲忓寲鐨勬媺鏂板伐鍏?|,logic,P1,鏍稿績浠峰€?应满足：浠ｇ悊鍟嗗彲閲忓寲鐨勬媺鏂板伐鍏?,源码路径+行号、对应运行测试或数据库/Redis/队列证据,表格单元格已拆为单一字段断言
REQ-CF-02848,core-finance,docs/PRD-运营增长模块.md,8.7 杩愯惀澧為暱妯″潡鎬昏锛堟洿鏂帮級,| 鍏呭€兼椿鍔ㄨ嚜鍔ㄨ禒閫?| P0 | 鍚庣2d+鍓嶇2d | 鎻愬崌鍏呭€艰浆鍖栫巼30%+ |,logic,P1,妯″潡应满足：鍏呭€兼椿鍔ㄨ嚜鍔ㄨ禒閫?,源码路径+行号、对应运行测试或数据库/Redis/队列证据,表格单元格已拆为单一字段断言
REQ-CF-02850,core-finance,docs/PRD-运营增长模块.md,8.7 杩愯惀澧為暱妯″潡鎬昏锛堟洿鏂帮級,| 鍏呭€兼椿鍔ㄨ嚜鍔ㄨ禒閫?| P0 | 鍚庣2d+鍓嶇2d | 鎻愬崌鍏呭€艰浆鍖栫巼30%+ |,logic,P1,棰勪及宸ヤ綔閲?应满足：鍚庣2d+鍓嶇2d,源码路径+行号、对应运行测试或数据库/Redis/队列证据,表格单元格已拆为单一字段断言
REQ-CF-02851,core-finance,docs/PRD-运营增长模块.md,8.7 杩愯惀澧為暱妯″潡鎬昏锛堟洿鏂帮級,| 鍏呭€兼椿鍔ㄨ嚜鍔ㄨ禒閫?| P0 | 鍚庣2d+鍓嶇2d | 鎻愬崌鍏呭€艰浆鍖栫巼30%+ |,logic,P1,鏍稿績浠峰€?应满足：鎻愬崌鍏呭€艰浆鍖栫巼30%+,源码路径+行号、对应运行测试或数据库/Redis/队列证据,表格单元格已拆为单一字段断言
REQ-CF-02852,core-finance,docs/PRD-运营增长模块.md,8.7 杩愯惀澧為暱妯″潡鎬昏锛堟洿鏂帮級,| 鐢ㄦ埛鍒嗙兢鎺ㄩ€?| P0 | 鍚庣4d+鍓嶇3d | 绮惧噯瑙﹁揪锛岃繍钀ユ晥鐜囨彁鍗?|,logic,P1,妯″潡应满足：鐢ㄦ埛鍒嗙兢鎺ㄩ€?,源码路径+行号、对应运行测试或数据库/Redis/队列证据,表格单元格已拆为单一字段断言
REQ-CF-02854,core-finance,docs/PRD-运营增长模块.md,8.7 杩愯惀澧為暱妯″潡鎬昏锛堟洿鏂帮級,| 鐢ㄦ埛鍒嗙兢鎺ㄩ€?| P0 | 鍚庣4d+鍓嶇3d | 绮惧噯瑙﹁揪锛岃繍钀ユ晥鐜囨彁鍗?|,logic,P1,棰勪及宸ヤ綔閲?应满足：鍚庣4d+鍓嶇3d,源码路径+行号、对应运行测试或数据库/Redis/队列证据,表格单元格已拆为单一字段断言
REQ-CF-02855,core-finance,docs/PRD-运营增长模块.md,8.7 杩愯惀澧為暱妯″潡鎬昏锛堟洿鏂帮級,| 鐢ㄦ埛鍒嗙兢鎺ㄩ€?| P0 | 鍚庣4d+鍓嶇3d | 绮惧噯瑙﹁揪锛岃繍钀ユ晥鐜囨彁鍗?|,logic,P1,鏍稿績浠峰€?应满足：绮惧噯瑙﹁揪锛岃繍钀ユ晥鐜囨彁鍗?,源码路径+行号、对应运行测试或数据库/Redis/队列证据,表格单元格已拆为单一字段断言
REQ-CF-02856,core-finance,docs/PRD-运营增长模块.md,8.7 杩愯惀澧為暱妯″潡鎬昏锛堟洿鏂帮級,| 鑷姩鍖栨祦澶卞彫鍥?| P0 | 鍚庣3d+鍓嶇2d | 鍙洖鐜?5%+锛岄檷浣庢祦澶?|,logic,P1,妯″潡应满足：鑷姩鍖栨祦澶卞彫鍥?,源码路径+行号、对应运行测试或数据库/Redis/队列证据,表格单元格已拆为单一字段断言
REQ-CF-02859,core-finance,docs/PRD-运营增长模块.md,8.7 杩愯惀澧為暱妯″潡鎬昏锛堟洿鏂帮級,| 鑷姩鍖栨祦澶卞彫鍥?| P0 | 鍚庣3d+鍓嶇2d | 鍙洖鐜?5%+锛岄檷浣庢祦澶?|,logic,P1,鏍稿績浠峰€?应满足：鍙洖鐜?5%+锛岄檷浣庢祦澶?,源码路径+行号、对应运行测试或数据库/Redis/队列证据,表格单元格已拆为单一字段断言
REQ-CF-02860,core-finance,docs/PRD-运营增长模块.md,8.7 杩愯惀澧為暱妯″潡鎬昏锛堟洿鏂帮級,| **鎺ㄨ崘鐮佽惀閿€绯荤粺** | **P0** | **鍚庣2d+鍓嶇2d** | **浠ｇ悊鍟嗘媺鏂板彲杩芥函锛屾帹鑽愪剑閲戞縺鍔?* |,logic,P1,妯″潡应满足：**鎺ㄨ崘鐮佽惀閿€绯荤粺**,源码路径+行号、对应运行测试或数据库/Redis/队列证据,表格单元格已拆为单一字段断言
REQ-CF-02861,core-finance,docs/PRD-运营增长模块.md,8.7 杩愯惀澧為暱妯″潡鎬昏锛堟洿鏂帮級,| 妯″潡 | 浼樺厛绾?| 棰勪及宸ヤ綔閲?| 鏍稿績浠峰€?|,logic,P0,浼樺厛绾?应满足：**P0**,源码路径+行号、对应运行测试或数据库/Redis/队列证据,表格单元格已拆为单一字段断言
REQ-CF-02862,core-finance,docs/PRD-运营增长模块.md,8.7 杩愯惀澧為暱妯″潡鎬昏锛堟洿鏂帮級,| 鍏呭€兼椿鍔ㄨ嚜鍔ㄨ禒閫?| P0 | 鍚庣2d+鍓嶇2d | 鎻愬崌鍏呭€艰浆鍖栫巼30%+ |,logic,P1,棰勪及宸ヤ綔閲?应满足：**鍚庣2d+鍓嶇2d**,源码路径+行号、对应运行测试或数据库/Redis/队列证据,表格单元格已拆为单一字段断言
REQ-CF-02863,core-finance,docs/PRD-运营增长模块.md,8.7 杩愯惀澧為暱妯″潡鎬昏锛堟洿鏂帮級,| **鎺ㄨ崘鐮佽惀閿€绯荤粺** | **P0** | **鍚庣2d+鍓嶇2d** | **浠ｇ悊鍟嗘媺鏂板彲杩芥函锛屾帹鑽愪剑閲戞縺鍔?* |,logic,P1,鏍稿績浠峰€?应满足：**浠ｇ悊鍟嗘媺鏂板彲杩芥函锛屾帹鑽愪剑閲戞縺鍔?*,源码路径+行号、对应运行测试或数据库/Redis/队列证据,表格单元格已拆为单一字段断言
REQ-CF-02864,core-finance,docs/PRD-运营增长模块.md,8.7 杩愯惀澧為暱妯″潡鎬昏锛堟洿鏂帮級,### 8.7 杩愯惀澧為暱妯″潡鎬昏锛堟洿鏂帮級,logic,P1,**鍚堣**锛氬悗绔?4浜哄ぉ + 鍓嶇11浜哄ぉ = 绾?鍛?,源码路径+行号、对应运行测试或数据库/Redis/队列证据,N/A：原审计记录未提供补充依据；待复核源码、测试及运行证据。
REQ-CF-02865,core-finance,docs/SPEC-§5-核心引擎.md,功能说明书：§5 核心引擎,**📖 页面功能说明帮助**,page,P1,**📖 页面功能说明帮助**,源码路径+行号、对应运行测试或数据库/Redis/队列证据,N/A：原审计记录未提供补充依据；待复核源码、测试及运行证据。
REQ-CF-02866,core-finance,docs/SPEC-§5-核心引擎.md,功能说明书：§5 核心引擎,**页面用途**：核心引擎 功能说明书。本文档详细定义了该模块各功能点的字段规格、校验规则、边界条件、交互方式和注意事项。,field,P1,**页面用途**：核心引擎 功能说明书。本文档详细定义了该模块各功能点的字段规格、校验规则、边界条件、交互方式和注意事项。,源码路径+行号、对应运行测试或数据库/Redis/队列证据,N/A：原审计记录未提供补充依据；待复核源码、测试及运行证据。
REQ-CF-02867,core-finance,docs/SPEC-§5-核心引擎.md,功能说明书：§5 核心引擎,**适用角色**：管理员（技术/运维）,permission,P1,**适用角色**：管理员（技术/运维）,源码路径+行号、对应运行测试或数据库/Redis/队列证据,N/A：原审计记录未提供补充依据；待复核源码、测试及运行证据。
REQ-CF-02868,core-finance,docs/SPEC-§5-核心引擎.md,功能说明书：§5 核心引擎,了解智能路由策略和计费逻辑,logic,P1,了解智能路由策略和计费逻辑,源码路径+行号、对应运行测试或数据库/Redis/队列证据,N/A：原审计记录未提供补充依据；待复核源码、测试及运行证据。
REQ-CF-02869,core-finance,docs/SPEC-§5-核心引擎.md,功能说明书：§5 核心引擎,查看引擎运行状态和健康指标,state,P1,查看引擎运行状态和健康指标,源码路径+行号、对应运行测试或数据库/Redis/队列证据,N/A：原审计记录未提供补充依据；待复核源码、测试及运行证据。
REQ-CF-02870,core-finance,docs/SPEC-§5-核心引擎.md,功能说明书：§5 核心引擎,**注意事项**：本 SPEC 文档面向开发者和测试人员，包含字段级定义和校验规则。页面标题旁的 `[?]` 帮助气泡引用本文档内容，点击可查看当前页面功能说明。,test,P1,**注意事项**：本 SPEC 文档面向开发者和测试人员，包含字段级定义和校验规则。页面标题旁的 `[?]` 帮助气泡引用本文档内容，点击可查看当前页面功能说明。,源码路径+行号、对应运行测试或数据库/Redis/队列证据,N/A：原审计记录未提供补充依据；待复核源码、测试及运行证据。
REQ-CF-02871,core-finance,docs/SPEC-§5-核心引擎.md,功能说明书：§5 核心引擎,**关联组件**：页面标题右侧 `[?]` 帮助按钮，悬停/点击弹出帮助弹窗。,action,P1,**关联组件**：页面标题右侧 `[?]` 帮助按钮，悬停/点击弹出帮助弹窗。,源码路径+行号、对应运行测试或数据库/Redis/队列证据,N/A：原审计记录未提供补充依据；待复核源码、测试及运行证据。
REQ-CF-02872,core-finance,docs/SPEC-§5-核心引擎.md,功能说明书：§5 核心引擎,**对应文档**：[`PRD-核心引擎.md`](PRD-核心引擎.md),logic,P1,**对应文档**：[`PRD-核心引擎.md`](PRD-核心引擎.md),源码路径+行号、对应运行测试或数据库/Redis/队列证据,N/A：原审计记录未提供补充依据；待复核源码、测试及运行证据。
REQ-CF-02873,core-finance,docs/SPEC-§5-核心引擎.md,功能说明书：§5 核心引擎,**深化参考**：`ref-5.1-routing.md` + `ref-5.2-billing.md` + `ref-5.3-rate-limiter.md` + `ref-5.4-alert-rules.md,logic,P1,**深化参考**：`ref-5.1-routing.md` + `ref-5.2-billing.md` + `ref-5.3-rate-limiter.md` + `ref-5.4-alert-rules.md,源码路径+行号、对应运行测试或数据库/Redis/队列证据,N/A：原审计记录未提供补充依据；待复核源码、测试及运行证据。
REQ-CF-02874,core-finance,docs/SPEC-§5-核心引擎.md,5.0 核心引擎概览,| 智能路由 | 决策树/负载均衡/熔断器/健康检查 | §5.1 |,logic,P1,模块应满足：智能路由,源码路径+行号、对应运行测试或数据库/Redis/队列证据,表格单元格已拆为单一字段断言
REQ-CF-02875,core-finance,docs/SPEC-§5-核心引擎.md,5.0 核心引擎概览,| 智能路由 | 决策树/负载均衡/熔断器/健康检查 | §5.1 |,logic,P0,子模块应满足：决策树/负载均衡/熔断器/健康检查,源码路径+行号、对应运行测试或数据库/Redis/队列证据,表格单元格已拆为单一字段断言
REQ-CF-02876,core-finance,docs/SPEC-§5-核心引擎.md,5.0 核心引擎概览,## 5.0 核心引擎概览,logic,P1,内容应满足：§5.1,源码路径+行号、对应运行测试或数据库/Redis/队列证据,表格单元格已拆为单一字段断言
REQ-CF-02877,core-finance,docs/SPEC-§5-核心引擎.md,5.0 核心引擎概览,| 计费与结算 | 六层定价/实时计费/账单/自动对账 | §5.2 |,logic,P1,模块应满足：计费与结算,源码路径+行号、对应运行测试或数据库/Redis/队列证据,表格单元格已拆为单一字段断言
REQ-CF-02878,core-finance,docs/SPEC-§5-核心引擎.md,5.0 核心引擎概览,| 计费与结算 | 六层定价/实时计费/账单/自动对账 | §5.2 |,logic,P1,子模块应满足：六层定价/实时计费/账单/自动对账,源码路径+行号、对应运行测试或数据库/Redis/队列证据,表格单元格已拆为单一字段断言
REQ-CF-02879,core-finance,docs/SPEC-§5-核心引擎.md,5.0 核心引擎概览,## 5.0 核心引擎概览,logic,P1,内容应满足：§5.2,源码路径+行号、对应运行测试或数据库/Redis/队列证据,表格单元格已拆为单一字段断言
REQ-CF-02880,core-finance,docs/SPEC-§5-核心引擎.md,5.0 核心引擎概览,| 限流引擎 | 四级限流 | §5.3 |,logic,P1,模块应满足：限流引擎,源码路径+行号、对应运行测试或数据库/Redis/队列证据,表格单元格已拆为单一字段断言
REQ-CF-02881,core-finance,docs/SPEC-§5-核心引擎.md,5.0 核心引擎概览,| 限流引擎 | 四级限流 | §5.3 |,logic,P1,子模块应满足：四级限流,源码路径+行号、对应运行测试或数据库/Redis/队列证据,表格单元格已拆为单一字段断言
REQ-CF-02882,core-finance,docs/SPEC-§5-核心引擎.md,5.0 核心引擎概览,## 5.0 核心引擎概览,logic,P1,内容应满足：§5.3,源码路径+行号、对应运行测试或数据库/Redis/队列证据,表格单元格已拆为单一字段断言
REQ-CF-02883,core-finance,docs/SPEC-§5-核心引擎.md,5.0 核心引擎概览,| 通知与告警 | 7 项告警指标/多通道推送 | §5.4 |,action,P1,模块应满足：通知与告警,源码路径+行号、对应运行测试或数据库/Redis/队列证据,表格单元格已拆为单一字段断言
REQ-CF-02884,core-finance,docs/SPEC-§5-核心引擎.md,5.0 核心引擎概览,| 通知与告警 | 7 项告警指标/多通道推送 | §5.4 |,performance,P1,子模块应满足：7 项告警指标/多通道推送,源码路径+行号、对应运行测试或数据库/Redis/队列证据,表格单元格已拆为单一字段断言
REQ-CF-02885,core-finance,docs/SPEC-§5-核心引擎.md,5.0 核心引擎概览,## 5.0 核心引擎概览,logic,P1,内容应满足：§5.4,源码路径+行号、对应运行测试或数据库/Redis/队列证据,表格单元格已拆为单一字段断言
REQ-CF-02886,core-finance,docs/SPEC-§5-核心引擎.md,功能描述,### 功能描述,api,P1,当用户通过 API 调用平台时，路由系统负责鉴权→风控→限流→计费预检→渠道选择→发送请求→处理响应的全链路调度。核心能力是在多渠道之间智能选择最优路径。,源码路径+行号、对应运行测试或数据库/Redis/队列证据,N/A：原审计记录未提供补充依据；待复核源码、测试及运行证据。
REQ-CF-02887,core-finance,docs/SPEC-§5-核心引擎.md,完成能力 / 展示效果,### 完成能力 / 展示效果,logic,P1,**用户侧（无感）：**,源码路径+行号、对应运行测试或数据库/Redis/队列证据,N/A：原审计记录未提供补充依据；待复核源码、测试及运行证据。
REQ-CF-02888,core-finance,docs/SPEC-§5-核心引擎.md,完成能力 / 展示效果,### 完成能力 / 展示效果,logic,P1,"用户只需传 `model` 参数（如 `""deepseek-chat""`），路由自动完成：",源码路径+行号、对应运行测试或数据库/Redis/队列证据,N/A：原审计记录未提供补充依据；待复核源码、测试及运行证据。
REQ-CF-02889,core-finance,docs/SPEC-§5-核心引擎.md,完成能力 / 展示效果,### 完成能力 / 展示效果,api,P1,1. 鉴权：校验 API Key 存在/启用/未过期/IP 白名单,源码路径+行号、对应运行测试或数据库/Redis/队列证据,N/A：原审计记录未提供补充依据；待复核源码、测试及运行证据。
REQ-CF-02890,core-finance,docs/SPEC-§5-核心引擎.md,完成能力 / 展示效果,### 完成能力 / 展示效果,logic,P1,2. 风控：IP 黑名单检测、地理封锁、威胁情报、风控规则,源码路径+行号、对应运行测试或数据库/Redis/队列证据,N/A：原审计记录未提供补充依据；待复核源码、测试及运行证据。
REQ-CF-02891,core-finance,docs/SPEC-§5-核心引擎.md,完成能力 / 展示效果,### 完成能力 / 展示效果,logic,P1,3. 限流：四级限流检查（全局/用户/Key/模型）,源码路径+行号、对应运行测试或数据库/Redis/队列证据,N/A：原审计记录未提供补充依据；待复核源码、测试及运行证据。
REQ-CF-02892,core-finance,docs/SPEC-§5-核心引擎.md,完成能力 / 展示效果,### 完成能力 / 展示效果,logic,P1,4. 模型解析：找到请求的模型定义,源码路径+行号、对应运行测试或数据库/Redis/队列证据,N/A：原审计记录未提供补充依据；待复核源码、测试及运行证据。
REQ-CF-02893,core-finance,docs/SPEC-§5-核心引擎.md,完成能力 / 展示效果,### 完成能力 / 展示效果,logic,P0,5. 计费预检：查询定价策略 → 按 max_tokens 预估费用 → 检查余额 → 预扣,源码路径+行号、对应运行测试或数据库/Redis/队列证据,N/A：原审计记录未提供补充依据；待复核源码、测试及运行证据。
REQ-CF-02894,core-finance,docs/SPEC-§5-核心引擎.md,完成能力 / 展示效果,### 完成能力 / 展示效果,logic,P0,6. 渠道选择：加载该模型所有可用渠道映射 → 按优先级排序 → 排除熔断渠道/Key → 按权重轮询选择,源码路径+行号、对应运行测试或数据库/Redis/队列证据,N/A：原审计记录未提供补充依据；待复核源码、测试及运行证据。
REQ-CF-02895,core-finance,docs/SPEC-§5-核心引擎.md,完成能力 / 展示效果,### 完成能力 / 展示效果,logic,P1,7. 请求转发：添加渠道认证头 → 模型名映射 → 设置超时 → 发送,源码路径+行号、对应运行测试或数据库/Redis/队列证据,N/A：原审计记录未提供补充依据；待复核源码、测试及运行证据。
REQ-CF-02896,core-finance,docs/SPEC-§5-核心引擎.md,完成能力 / 展示效果,### 完成能力 / 展示效果,logic,P1,8. 响应处理：获取渠道响应 → 计算实际费用 → 多退少补扣款 → 记录日志,源码路径+行号、对应运行测试或数据库/Redis/队列证据,N/A：原审计记录未提供补充依据；待复核源码、测试及运行证据。
REQ-CF-02897,core-finance,docs/SPEC-§5-核心引擎.md,完成能力 / 展示效果,### 完成能力 / 展示效果,logic,P1,**管理后台（路由配置 `/admin/routing`）：**,源码路径+行号、对应运行测试或数据库/Redis/队列证据,N/A：原审计记录未提供补充依据；待复核源码、测试及运行证据。
REQ-CF-02898,core-finance,docs/SPEC-§5-核心引擎.md,完成能力 / 展示效果,### 完成能力 / 展示效果,logic,P1,决策树可视化：完整链路每个环节的通过/拒绝条件一目了然,源码路径+行号、对应运行测试或数据库/Redis/队列证据,N/A：原审计记录未提供补充依据；待复核源码、测试及运行证据。
REQ-CF-02899,core-finance,docs/SPEC-§5-核心引擎.md,完成能力 / 展示效果,### 完成能力 / 展示效果,logic,P1,渠道优先级配置：每个模型可设置各渠道的优先级和权重,源码路径+行号、对应运行测试或数据库/Redis/队列证据,N/A：原审计记录未提供补充依据；待复核源码、测试及运行证据。
REQ-CF-02900,core-finance,docs/SPEC-§5-核心引擎.md,完成能力 / 展示效果,### 完成能力 / 展示效果,logic,P1,手动覆盖：可指定某个模型强制使用某渠道（紧急切换场景）,源码路径+行号、对应运行测试或数据库/Redis/队列证据,N/A：原审计记录未提供补充依据；待复核源码、测试及运行证据。
REQ-CF-02901,core-finance,docs/SPEC-§5-核心引擎.md,完成能力 / 展示效果,### 完成能力 / 展示效果,logic,P1,路由推荐：系统基于历史数据推荐最优路由策略（价格/延迟/成功率综合）,源码路径+行号、对应运行测试或数据库/Redis/队列证据,N/A：原审计记录未提供补充依据；待复核源码、测试及运行证据。
REQ-CF-02902,core-finance,docs/SPEC-§5-核心引擎.md,负载均衡算法（P2）,### 负载均衡算法（P2）,logic,P2,当同一模型有多个渠道映射可用时，路由引擎使用以下策略选择：,源码路径+行号、对应运行测试或数据库/Redis/队列证据,N/A：原审计记录未提供补充依据；待复核源码、测试及运行证据。
REQ-CF-02903,core-finance,docs/SPEC-§5-核心引擎.md,负载均衡算法（P2）,### 负载均衡算法（P2）,logic,P2,**加权轮询**：按渠道权重分配流量（权重在映射中配置）,源码路径+行号、对应运行测试或数据库/Redis/队列证据,N/A：原审计记录未提供补充依据；待复核源码、测试及运行证据。
REQ-CF-02904,core-finance,docs/SPEC-§5-核心引擎.md,负载均衡算法（P2）,### 负载均衡算法（P2）,logic,P2,**最少连接**：优先选择当前活跃请求数最少的渠道,源码路径+行号、对应运行测试或数据库/Redis/队列证据,N/A：原审计记录未提供补充依据；待复核源码、测试及运行证据。
REQ-CF-02905,core-finance,docs/SPEC-§5-核心引擎.md,负载均衡算法（P2）,### 负载均衡算法（P2）,logic,P2,**最低延迟**：基于最近 5 次请求的平均响应时间选择最快的,源码路径+行号、对应运行测试或数据库/Redis/队列证据,N/A：原审计记录未提供补充依据；待复核源码、测试及运行证据。
REQ-CF-02906,core-finance,docs/SPEC-§5-核心引擎.md,负载均衡算法（P2）,### 负载均衡算法（P2）,logic,P2,**成本优先**：优先选择单价最低的渠道（在价格差距 > 10% 时启用）,源码路径+行号、对应运行测试或数据库/Redis/队列证据,N/A：原审计记录未提供补充依据；待复核源码、测试及运行证据。
REQ-CF-02907,core-finance,docs/SPEC-§5-核心引擎.md,负载均衡算法（P2）,### 负载均衡算法（P2）,logic,P2,**故障转移**：当前选择失败 → 自动切换到下一个可用渠道,源码路径+行号、对应运行测试或数据库/Redis/队列证据,N/A：原审计记录未提供补充依据；待复核源码、测试及运行证据。
REQ-CF-02908,core-finance,docs/SPEC-§5-核心引擎.md,负载均衡算法（P2）,### 负载均衡算法（P2）,logic,P2,配置项：可为每个模型独立选择负载均衡策略。,源码路径+行号、对应运行测试或数据库/Redis/队列证据,N/A：原审计记录未提供补充依据；待复核源码、测试及运行证据。
REQ-CF-02909,core-finance,docs/SPEC-§5-核心引擎.md,熔断器状态机（P2）,### 熔断器状态机（P2）,performance,P2,熔断器监控每个渠道的请求失败率，实现自动故障隔离和恢复。,源码路径+行号、对应运行测试或数据库/Redis/队列证据,N/A：原审计记录未提供补充依据；待复核源码、测试及运行证据。
REQ-CF-02910,core-finance,docs/SPEC-§5-核心引擎.md,熔断器状态机（P2）,### 熔断器状态机（P2）,state,P2,失败率阈值：默认 30%,源码路径+行号、对应运行测试或数据库/Redis/队列证据,N/A：原审计记录未提供补充依据；待复核源码、测试及运行证据。
REQ-CF-02911,core-finance,docs/SPEC-§5-核心引擎.md,熔断器状态机（P2）,### 熔断器状态机（P2）,state,P2,统计窗口：默认 1 分钟,源码路径+行号、对应运行测试或数据库/Redis/队列证据,N/A：原审计记录未提供补充依据；待复核源码、测试及运行证据。
REQ-CF-02912,core-finance,docs/SPEC-§5-核心引擎.md,熔断器状态机（P2）,### 熔断器状态机（P2）,state,P2,熔断超时：默认 30 秒,源码路径+行号、对应运行测试或数据库/Redis/队列证据,N/A：原审计记录未提供补充依据；待复核源码、测试及运行证据。
REQ-CF-02913,core-finance,docs/SPEC-§5-核心引擎.md,熔断器状态机（P2）,### 熔断器状态机（P2）,state,P2,半开状态请求数：默认 3 个,源码路径+行号、对应运行测试或数据库/Redis/队列证据,N/A：原审计记录未提供补充依据；待复核源码、测试及运行证据。
REQ-CF-02914,core-finance,docs/SPEC-§5-核心引擎.md,熔断器状态机（P2）,### 熔断器状态机（P2）,state,P2,熔断事件记录到 security_events 表,源码路径+行号、对应运行测试或数据库/Redis/队列证据,N/A：原审计记录未提供补充依据；待复核源码、测试及运行证据。
REQ-CF-02915,core-finance,docs/SPEC-§5-核心引擎.md,功能描述,### 功能描述,logic,P1,六层定价体系（L0-L5），支持混合定价、实时计费（预扣→多退少补）、账单生成和自动对账。,源码路径+行号、对应运行测试或数据库/Redis/队列证据,N/A：原审计记录未提供补充依据；待复核源码、测试及运行证据。
REQ-CF-02916,core-finance,docs/SPEC-§5-核心引擎.md,完成能力 / 展示效果,### 完成能力 / 展示效果,logic,P1,**定价引擎（6 层优先级）：**,源码路径+行号、对应运行测试或数据库/Redis/队列证据,N/A：原审计记录未提供补充依据；待复核源码、测试及运行证据。
REQ-CF-02917,core-finance,docs/SPEC-§5-核心引擎.md,完成能力 / 展示效果,### 完成能力 / 展示效果,logic,P1,层级应满足：L0,源码路径+行号、对应运行测试或数据库/Redis/队列证据,表格单元格已拆为单一字段断言
REQ-CF-02918,core-finance,docs/SPEC-§5-核心引擎.md,完成能力 / 展示效果,### 完成能力 / 展示效果,logic,P1,名称应满足：渠道成本价,源码路径+行号、对应运行测试或数据库/Redis/队列证据,表格单元格已拆为单一字段断言
REQ-CF-02919,core-finance,docs/SPEC-§5-核心引擎.md,完成能力 / 展示效果,### 完成能力 / 展示效果,logic,P1,说明应满足：上游原始价格（`vendor_models`）,源码路径+行号、对应运行测试或数据库/Redis/队列证据,表格单元格已拆为单一字段断言
REQ-CF-02920,core-finance,docs/SPEC-§5-核心引擎.md,完成能力 / 展示效果,### 完成能力 / 展示效果,logic,P1,层级应满足：L1,源码路径+行号、对应运行测试或数据库/Redis/队列证据,表格单元格已拆为单一字段断言
REQ-CF-02921,core-finance,docs/SPEC-§5-核心引擎.md,完成能力 / 展示效果,### 完成能力 / 展示效果,logic,P1,名称应满足：平台标准价,源码路径+行号、对应运行测试或数据库/Redis/队列证据,表格单元格已拆为单一字段断言
REQ-CF-02922,core-finance,docs/SPEC-§5-核心引擎.md,完成能力 / 展示效果,### 完成能力 / 展示效果,logic,P1,说明应满足：L0 × (1 + 全局加价率),源码路径+行号、对应运行测试或数据库/Redis/队列证据,表格单元格已拆为单一字段断言
REQ-CF-02923,core-finance,docs/SPEC-§5-核心引擎.md,完成能力 / 展示效果,### 完成能力 / 展示效果,logic,P1,层级应满足：L2,源码路径+行号、对应运行测试或数据库/Redis/队列证据,表格单元格已拆为单一字段断言
REQ-CF-02924,core-finance,docs/SPEC-§5-核心引擎.md,完成能力 / 展示效果,### 完成能力 / 展示效果,logic,P1,名称应满足：模型覆盖价,源码路径+行号、对应运行测试或数据库/Redis/队列证据,表格单元格已拆为单一字段断言
REQ-CF-02925,core-finance,docs/SPEC-§5-核心引擎.md,完成能力 / 展示效果,### 完成能力 / 展示效果,logic,P1,说明应满足：特定模型的独立售价,源码路径+行号、对应运行测试或数据库/Redis/队列证据,表格单元格已拆为单一字段断言
REQ-CF-02926,core-finance,docs/SPEC-§5-核心引擎.md,完成能力 / 展示效果,### 完成能力 / 展示效果,logic,P1,层级应满足：L3,源码路径+行号、对应运行测试或数据库/Redis/队列证据,表格单元格已拆为单一字段断言
REQ-CF-02927,core-finance,docs/SPEC-§5-核心引擎.md,完成能力 / 展示效果,### 完成能力 / 展示效果,logic,P1,名称应满足：代理折扣价,源码路径+行号、对应运行测试或数据库/Redis/队列证据,表格单元格已拆为单一字段断言
REQ-CF-02928,core-finance,docs/SPEC-§5-核心引擎.md,完成能力 / 展示效果,### 完成能力 / 展示效果,logic,P1,说明应满足：代理名下用户专属价格,源码路径+行号、对应运行测试或数据库/Redis/队列证据,表格单元格已拆为单一字段断言
REQ-CF-02929,core-finance,docs/SPEC-§5-核心引擎.md,完成能力 / 展示效果,### 完成能力 / 展示效果,logic,P1,层级应满足：L4,源码路径+行号、对应运行测试或数据库/Redis/队列证据,表格单元格已拆为单一字段断言
REQ-CF-02930,core-finance,docs/SPEC-§5-核心引擎.md,完成能力 / 展示效果,### 完成能力 / 展示效果,logic,P1,名称应满足：分组定价,源码路径+行号、对应运行测试或数据库/Redis/队列证据,表格单元格已拆为单一字段断言
REQ-CF-02931,core-finance,docs/SPEC-§5-核心引擎.md,完成能力 / 展示效果,### 完成能力 / 展示效果,logic,P1,说明应满足：Key 组专属价格,源码路径+行号、对应运行测试或数据库/Redis/队列证据,表格单元格已拆为单一字段断言
REQ-CF-02932,core-finance,docs/SPEC-§5-核心引擎.md,完成能力 / 展示效果,### 完成能力 / 展示效果,logic,P1,层级应满足：L5,源码路径+行号、对应运行测试或数据库/Redis/队列证据,表格单元格已拆为单一字段断言
REQ-CF-02933,core-finance,docs/SPEC-§5-核心引擎.md,完成能力 / 展示效果,### 完成能力 / 展示效果,logic,P1,名称应满足：活动价,源码路径+行号、对应运行测试或数据库/Redis/队列证据,表格单元格已拆为单一字段断言
REQ-CF-02934,core-finance,docs/SPEC-§5-核心引擎.md,完成能力 / 展示效果,### 完成能力 / 展示效果,logic,P1,说明应满足：活动期间临时价格,源码路径+行号、对应运行测试或数据库/Redis/队列证据,表格单元格已拆为单一字段断言
REQ-CF-02935,core-finance,docs/SPEC-§5-核心引擎.md,完成能力 / 展示效果,### 完成能力 / 展示效果,logic,P1,定价从上到下匹配：L5 存在→用活动价，否则 L4→L3→L2→L1,源码路径+行号、对应运行测试或数据库/Redis/队列证据,N/A：原审计记录未提供补充依据；待复核源码、测试及运行证据。
REQ-CF-02936,core-finance,docs/SPEC-§5-核心引擎.md,完成能力 / 展示效果,### 完成能力 / 展示效果,logic,P1,1. 用户请求到达 → 解析 model,源码路径+行号、对应运行测试或数据库/Redis/队列证据,N/A：原审计记录未提供补充依据；待复核源码、测试及运行证据。
REQ-CF-02937,core-finance,docs/SPEC-§5-核心引擎.md,完成能力 / 展示效果,### 完成能力 / 展示效果,logic,P1,2. 查询定价策略（按优先级）→ 计算预估单价,源码路径+行号、对应运行测试或数据库/Redis/队列证据,N/A：原审计记录未提供补充依据；待复核源码、测试及运行证据。
REQ-CF-02938,core-finance,docs/SPEC-§5-核心引擎.md,完成能力 / 展示效果,### 完成能力 / 展示效果,logic,P0,3. 按 max_tokens 预估最大费用 → 检查余额 → 预扣,源码路径+行号、对应运行测试或数据库/Redis/队列证据,N/A：原审计记录未提供补充依据；待复核源码、测试及运行证据。
REQ-CF-02939,core-finance,docs/SPEC-§5-核心引擎.md,完成能力 / 展示效果,### 完成能力 / 展示效果,logic,P1,5. 获取响应 → 计算实际费用（input_tokens×输入价 + output_tokens×输出价；上游返回缓存命中 token 时命中部分按折扣价计费，见 §5.2.1）,源码路径+行号、对应运行测试或数据库/Redis/队列证据,N/A：原审计记录未提供补充依据；待复核源码、测试及运行证据。
REQ-CF-02940,core-finance,docs/SPEC-§5-核心引擎.md,完成能力 / 展示效果,### 完成能力 / 展示效果,field,P0,6. 余额调整：预扣金额→实际费用（多退少补）,源码路径+行号、对应运行测试或数据库/Redis/队列证据,N/A：原审计记录未提供补充依据；待复核源码、测试及运行证据。
REQ-CF-02941,core-finance,docs/SPEC-§5-核心引擎.md,完成能力 / 展示效果,### 完成能力 / 展示效果,field,P1,7. 记录 consumption_logs + call_logs（含 cache_hit_tokens / cache_discount 审计字段）,源码路径+行号、对应运行测试或数据库/Redis/队列证据,N/A：原审计记录未提供补充依据；待复核源码、测试及运行证据。
REQ-CF-02942,core-finance,docs/SPEC-§5-核心引擎.md,完成能力 / 展示效果,### 完成能力 / 展示效果,logic,P1,**缓存命中打折计费（§5.2.1）**,源码路径+行号、对应运行测试或数据库/Redis/队列证据,N/A：原审计记录未提供补充依据；待复核源码、测试及运行证据。
REQ-CF-02943,core-finance,docs/SPEC-§5-核心引擎.md,完成能力 / 展示效果,### 完成能力 / 展示效果,field,P1,上游（DeepSeek / Anthropic / OpenAI）在 usage 中返回缓存命中字段时，命中 token 按「全价 × 折扣率」计费，未命中部分仍按全价：,源码路径+行号、对应运行测试或数据库/Redis/队列证据,N/A：原审计记录未提供补充依据；待复核源码、测试及运行证据。
REQ-CF-02944,core-finance,docs/SPEC-§5-核心引擎.md,完成能力 / 展示效果,### 完成能力 / 展示效果,logic,P1,费用 = 命中 × 输入价 × 折扣率 + 未命中 × 输入价 + 输出 × 输出价,源码路径+行号、对应运行测试或数据库/Redis/队列证据,N/A：原审计记录未提供补充依据；待复核源码、测试及运行证据。
REQ-CF-02945,core-finance,docs/SPEC-§5-核心引擎.md,完成能力 / 展示效果,### 完成能力 / 展示效果,logic,P1,折扣率三级配置（优先级从高到低）：,源码路径+行号、对应运行测试或数据库/Redis/队列证据,N/A：原审计记录未提供补充依据；待复核源码、测试及运行证据。
REQ-CF-02946,core-finance,docs/SPEC-§5-核心引擎.md,完成能力 / 展示效果,### 完成能力 / 展示效果,logic,P1,1. 模型级 `vendor_pricing.cache_discount_rate`（价格管理页逐模型配置，0-1）,源码路径+行号、对应运行测试或数据库/Redis/队列证据,N/A：原审计记录未提供补充依据；待复核源码、测试及运行证据。
REQ-CF-02947,core-finance,docs/SPEC-§5-核心引擎.md,完成能力 / 展示效果,### 完成能力 / 展示效果,logic,P1,2. 全局 `system_config.billing.cache_hit_discount`（系统设置 → 计费策略，默认 0.1）,源码路径+行号、对应运行测试或数据库/Redis/队列证据,N/A：原审计记录未提供补充依据；待复核源码、测试及运行证据。
REQ-CF-02948,core-finance,docs/SPEC-§5-核心引擎.md,完成能力 / 展示效果,### 完成能力 / 展示效果,logic,P1,3. 代码兜底常量 `CACHE_HIT_DISCOUNT`（0.1）,源码路径+行号、对应运行测试或数据库/Redis/队列证据,N/A：原审计记录未提供补充依据；待复核源码、测试及运行证据。
REQ-CF-02949,core-finance,docs/SPEC-§5-核心引擎.md,完成能力 / 展示效果,### 完成能力 / 展示效果,field,P1,三种上游字段格式：DeepSeek `prompt_cache_hit_tokens`/`prompt_cache_miss_tokens`、Anthropic `cache_read_input_tokens`（写入缓存 `cache_creation_input_tokens` 全价不计入命中）、OpenAI `prompt_tokens_details.cached_tokens,源码路径+行号、对应运行测试或数据库/Redis/队列证据,N/A：原审计记录未提供补充依据；待复核源码、测试及运行证据。
REQ-CF-02950,core-finance,docs/SPEC-§5-核心引擎.md,完成能力 / 展示效果,### 完成能力 / 展示效果,db,P1,费用落库 `consumption_records.cache_hit_tokens`（命中 token 数）+ `cache_discount`（打折省下的金额）,源码路径+行号、对应运行测试或数据库/Redis/队列证据,N/A：原审计记录未提供补充依据；待复核源码、测试及运行证据。
REQ-CF-02951,core-finance,docs/SPEC-§5-核心引擎.md,完成能力 / 展示效果,### 完成能力 / 展示效果,field,P1,注：当前缓存打折作用于非流式响应（上游 usage 携带缓存字段）；流式场景沿用全价计费。,源码路径+行号、对应运行测试或数据库/Redis/队列证据,N/A：原审计记录未提供补充依据；待复核源码、测试及运行证据。
REQ-CF-02952,core-finance,docs/SPEC-§5-核心引擎.md,完成能力 / 展示效果,### 完成能力 / 展示效果,logic,P1,月度账单 PDF：用户/代理月度消费汇总,源码路径+行号、对应运行测试或数据库/Redis/队列证据,N/A：原审计记录未提供补充依据；待复核源码、测试及运行证据。
REQ-CF-02953,core-finance,docs/SPEC-§5-核心引擎.md,完成能力 / 展示效果,### 完成能力 / 展示效果,logic,P1,渠道结算单：平台应付各渠道费用,源码路径+行号、对应运行测试或数据库/Redis/队列证据,N/A：原审计记录未提供补充依据；待复核源码、测试及运行证据。
REQ-CF-02954,core-finance,docs/SPEC-§5-核心引擎.md,完成能力 / 展示效果,### 完成能力 / 展示效果,logic,P1,自动对账：平台收入 vs 渠道成本，标记差异项,源码路径+行号、对应运行测试或数据库/Redis/队列证据,N/A：原审计记录未提供补充依据；待复核源码、测试及运行证据。
REQ-CF-02955,core-finance,docs/SPEC-§5-核心引擎.md,完成能力 / 展示效果,### 完成能力 / 展示效果,logic,P2,**智能定价建议（P2）：**,源码路径+行号、对应运行测试或数据库/Redis/队列证据,N/A：原审计记录未提供补充依据；待复核源码、测试及运行证据。
REQ-CF-02956,core-finance,docs/SPEC-§5-核心引擎.md,完成能力 / 展示效果,### 完成能力 / 展示效果,logic,P1,基于市场行情和历史定价，建议价格调整,源码路径+行号、对应运行测试或数据库/Redis/队列证据,N/A：原审计记录未提供补充依据；待复核源码、测试及运行证据。
REQ-CF-02957,core-finance,docs/SPEC-§5-核心引擎.md,完成能力 / 展示效果,### 完成能力 / 展示效果,logic,P1,"提供""如果调整定价到 X，预计影响收入 Y%""",源码路径+行号、对应运行测试或数据库/Redis/队列证据,N/A：原审计记录未提供补充依据；待复核源码、测试及运行证据。
REQ-CF-02958,core-finance,docs/SPEC-§5-核心引擎.md,功能描述,### 功能描述,logic,P1,四级限流架构（全局→用户→Key→模型），保护平台不被突发流量冲垮。,源码路径+行号、对应运行测试或数据库/Redis/队列证据,N/A：原审计记录未提供补充依据；待复核源码、测试及运行证据。
REQ-CF-02959,core-finance,docs/SPEC-§5-核心引擎.md,完成能力 / 展示效果,### 完成能力 / 展示效果,logic,P1,级别应满足：L1 全局,源码路径+行号、对应运行测试或数据库/Redis/队列证据,表格单元格已拆为单一字段断言
REQ-CF-02960,core-finance,docs/SPEC-§5-核心引擎.md,完成能力 / 展示效果,### 完成能力 / 展示效果,logic,P1,限制维度应满足：全系统 QPS / TPM,源码路径+行号、对应运行测试或数据库/Redis/队列证据,表格单元格已拆为单一字段断言
REQ-CF-02961,core-finance,docs/SPEC-§5-核心引擎.md,完成能力 / 展示效果,### 完成能力 / 展示效果,logic,P1,默认值应满足：10000/60000000,源码路径+行号、对应运行测试或数据库/Redis/队列证据,表格单元格已拆为单一字段断言
REQ-CF-02962,core-finance,docs/SPEC-§5-核心引擎.md,完成能力 / 展示效果,### 完成能力 / 展示效果,logic,P1,作用范围应满足：所有请求,源码路径+行号、对应运行测试或数据库/Redis/队列证据,表格单元格已拆为单一字段断言
REQ-CF-02963,core-finance,docs/SPEC-§5-核心引擎.md,完成能力 / 展示效果,### 完成能力 / 展示效果,logic,P1,可调整应满足：不可超（系统硬顶）,源码路径+行号、对应运行测试或数据库/Redis/队列证据,表格单元格已拆为单一字段断言
REQ-CF-02964,core-finance,docs/SPEC-§5-核心引擎.md,完成能力 / 展示效果,### 完成能力 / 展示效果,logic,P1,级别应满足：L2 用户,源码路径+行号、对应运行测试或数据库/Redis/队列证据,表格单元格已拆为单一字段断言
REQ-CF-02965,core-finance,docs/SPEC-§5-核心引擎.md,完成能力 / 展示效果,### 完成能力 / 展示效果,logic,P1,限制维度应满足：用户 QPS / TPM / 日调用,源码路径+行号、对应运行测试或数据库/Redis/队列证据,表格单元格已拆为单一字段断言
REQ-CF-02966,core-finance,docs/SPEC-§5-核心引擎.md,完成能力 / 展示效果,### 完成能力 / 展示效果,logic,P1,默认值应满足：100/600000/不限,源码路径+行号、对应运行测试或数据库/Redis/队列证据,表格单元格已拆为单一字段断言
REQ-CF-02967,core-finance,docs/SPEC-§5-核心引擎.md,完成能力 / 展示效果,### 完成能力 / 展示效果,logic,P1,作用范围应满足：该用户,源码路径+行号、对应运行测试或数据库/Redis/队列证据,表格单元格已拆为单一字段断言
REQ-CF-02968,core-finance,docs/SPEC-§5-核心引擎.md,完成能力 / 展示效果,### 完成能力 / 展示效果,logic,P1,可调整应满足：admin 可调,源码路径+行号、对应运行测试或数据库/Redis/队列证据,表格单元格已拆为单一字段断言
REQ-CF-02969,core-finance,docs/SPEC-§5-核心引擎.md,完成能力 / 展示效果,### 完成能力 / 展示效果,logic,P1,级别应满足：L3 Key,源码路径+行号、对应运行测试或数据库/Redis/队列证据,表格单元格已拆为单一字段断言
REQ-CF-02970,core-finance,docs/SPEC-§5-核心引擎.md,完成能力 / 展示效果,### 完成能力 / 展示效果,logic,P1,限制维度应满足：Key QPS / TPM / 日调用,源码路径+行号、对应运行测试或数据库/Redis/队列证据,表格单元格已拆为单一字段断言
REQ-CF-02971,core-finance,docs/SPEC-§5-核心引擎.md,完成能力 / 展示效果,### 完成能力 / 展示效果,logic,P1,默认值应满足：50/300000/不限,源码路径+行号、对应运行测试或数据库/Redis/队列证据,表格单元格已拆为单一字段断言
REQ-CF-02972,core-finance,docs/SPEC-§5-核心引擎.md,完成能力 / 展示效果,### 完成能力 / 展示效果,logic,P1,作用范围应满足：该 Key,源码路径+行号、对应运行测试或数据库/Redis/队列证据,表格单元格已拆为单一字段断言
REQ-CF-02973,core-finance,docs/SPEC-§5-核心引擎.md,完成能力 / 展示效果,### 完成能力 / 展示效果,logic,P1,可调整应满足：用户可调,源码路径+行号、对应运行测试或数据库/Redis/队列证据,表格单元格已拆为单一字段断言
REQ-CF-02974,core-finance,docs/SPEC-§5-核心引擎.md,完成能力 / 展示效果,### 完成能力 / 展示效果,logic,P1,级别应满足：L4 模型,源码路径+行号、对应运行测试或数据库/Redis/队列证据,表格单元格已拆为单一字段断言
REQ-CF-02975,core-finance,docs/SPEC-§5-核心引擎.md,完成能力 / 展示效果,### 完成能力 / 展示效果,logic,P1,限制维度应满足：模型全局 QPS / 模型用户 QPS,源码路径+行号、对应运行测试或数据库/Redis/队列证据,表格单元格已拆为单一字段断言
REQ-CF-02976,core-finance,docs/SPEC-§5-核心引擎.md,完成能力 / 展示效果,### 完成能力 / 展示效果,logic,P1,默认值应满足：2000/50,源码路径+行号、对应运行测试或数据库/Redis/队列证据,表格单元格已拆为单一字段断言
REQ-CF-02977,core-finance,docs/SPEC-§5-核心引擎.md,完成能力 / 展示效果,### 完成能力 / 展示效果,logic,P1,作用范围应满足：该模型所有请求,源码路径+行号、对应运行测试或数据库/Redis/队列证据,表格单元格已拆为单一字段断言
REQ-CF-02979,core-finance,docs/SPEC-§5-核心引擎.md,完成能力 / 展示效果,### 完成能力 / 展示效果,logic,P1,用户收到 429 响应，包含：,源码路径+行号、对应运行测试或数据库/Redis/队列证据,N/A：原审计记录未提供补充依据；待复核源码、测试及运行证据。
REQ-CF-02980,core-finance,docs/SPEC-§5-核心引擎.md,完成能力 / 展示效果,### 完成能力 / 展示效果,logic,P1,**管理后台（限流可视化）：**,源码路径+行号、对应运行测试或数据库/Redis/队列证据,N/A：原审计记录未提供补充依据；待复核源码、测试及运行证据。
REQ-CF-02981,core-finance,docs/SPEC-§5-核心引擎.md,完成能力 / 展示效果,### 完成能力 / 展示效果,logic,P1,查看当前各维度限流值和命中率,源码路径+行号、对应运行测试或数据库/Redis/队列证据,N/A：原审计记录未提供补充依据；待复核源码、测试及运行证据。
REQ-CF-02982,core-finance,docs/SPEC-§5-核心引擎.md,完成能力 / 展示效果,### 完成能力 / 展示效果,logic,P1,哪些 Key/用户/模型命中限流最多（Top 排行）,源码路径+行号、对应运行测试或数据库/Redis/队列证据,N/A：原审计记录未提供补充依据；待复核源码、测试及运行证据。
REQ-CF-02983,core-finance,docs/SPEC-§5-核心引擎.md,完成能力 / 展示效果,### 完成能力 / 展示效果,logic,P1,在线调整限流参数，实时生效,源码路径+行号、对应运行测试或数据库/Redis/队列证据,N/A：原审计记录未提供补充依据；待复核源码、测试及运行证据。
REQ-CF-02984,core-finance,docs/SPEC-§5-核心引擎.md,功能描述,### 功能描述,performance,P1,7 项告警指标配置、多通道推送（站内/邮件/WebSocket）、告警命中趋势分析。,源码路径+行号、对应运行测试或数据库/Redis/队列证据,N/A：原审计记录未提供补充依据；待复核源码、测试及运行证据。
REQ-CF-02985,core-finance,docs/SPEC-§5-核心引擎.md,完成能力 / 展示效果,### 完成能力 / 展示效果,performance,P1,**管理后台（告警规则配置 → 4 个标签页）：**,源码路径+行号、对应运行测试或数据库/Redis/队列证据,N/A：原审计记录未提供补充依据；待复核源码、测试及运行证据。
REQ-CF-02986,core-finance,docs/SPEC-§5-核心引擎.md,完成能力 / 展示效果,### 完成能力 / 展示效果,performance,P1,**告警指标**：7 项告警指标逐一配置阈值/严重等级/启用禁用,源码路径+行号、对应运行测试或数据库/Redis/队列证据,N/A：原审计记录未提供补充依据；待复核源码、测试及运行证据。
REQ-CF-02987,core-finance,docs/SPEC-§5-核心引擎.md,完成能力 / 展示效果,### 完成能力 / 展示效果,performance,P1,**7 项告警指标完整定义：**,源码路径+行号、对应运行测试或数据库/Redis/队列证据,N/A：原审计记录未提供补充依据；待复核源码、测试及运行证据。
REQ-CF-02988,core-finance,docs/SPEC-§5-核心引擎.md,完成能力 / 展示效果,### 完成能力 / 展示效果,api,P1,告警指标应满足：API 失败率,源码路径+行号、对应运行测试或数据库/Redis/队列证据,表格单元格已拆为单一字段断言
REQ-CF-02989,core-finance,docs/SPEC-§5-核心引擎.md,完成能力 / 展示效果,### 完成能力 / 展示效果,logic,P1,条件应满足：> 5%（最近 5 分钟）,源码路径+行号、对应运行测试或数据库/Redis/队列证据,表格单元格已拆为单一字段断言
REQ-CF-02990,core-finance,docs/SPEC-§5-核心引擎.md,完成能力 / 展示效果,### 完成能力 / 展示效果,logic,P1,等级应满足：🔴 紧急,源码路径+行号、对应运行测试或数据库/Redis/队列证据,表格单元格已拆为单一字段断言
REQ-CF-02991,core-finance,docs/SPEC-§5-核心引擎.md,完成能力 / 展示效果,### 完成能力 / 展示效果,action,P1,通知对象应满足：全部管理员,源码路径+行号、对应运行测试或数据库/Redis/队列证据,表格单元格已拆为单一字段断言
REQ-CF-02992,core-finance,docs/SPEC-§5-核心引擎.md,完成能力 / 展示效果,### 完成能力 / 展示效果,logic,P1,频率应满足：5 分钟 1 次,源码路径+行号、对应运行测试或数据库/Redis/队列证据,表格单元格已拆为单一字段断言
REQ-CF-02993,core-finance,docs/SPEC-§5-核心引擎.md,完成能力 / 展示效果,### 完成能力 / 展示效果,performance,P1,告警指标应满足：渠道可用率,源码路径+行号、对应运行测试或数据库/Redis/队列证据,表格单元格已拆为单一字段断言
REQ-CF-02994,core-finance,docs/SPEC-§5-核心引擎.md,完成能力 / 展示效果,### 完成能力 / 展示效果,logic,P1,条件应满足：< 95%（最近 5 分钟）,源码路径+行号、对应运行测试或数据库/Redis/队列证据,表格单元格已拆为单一字段断言
REQ-CF-02996,core-finance,docs/SPEC-§5-核心引擎.md,完成能力 / 展示效果,### 完成能力 / 展示效果,action,P1,通知对象应满足：运维管理员,源码路径+行号、对应运行测试或数据库/Redis/队列证据,表格单元格已拆为单一字段断言
REQ-CF-02998,core-finance,docs/SPEC-§5-核心引擎.md,完成能力 / 展示效果,### 完成能力 / 展示效果,performance,P1,告警指标应满足：响应时间 P95,源码路径+行号、对应运行测试或数据库/Redis/队列证据,表格单元格已拆为单一字段断言
REQ-CF-02999,core-finance,docs/SPEC-§5-核心引擎.md,完成能力 / 展示效果,### 完成能力 / 展示效果,logic,P1,条件应满足：> 2s（最近 5 分钟）,源码路径+行号、对应运行测试或数据库/Redis/队列证据,表格单元格已拆为单一字段断言
REQ-CF-03000,core-finance,docs/SPEC-§5-核心引擎.md,完成能力 / 展示效果,### 完成能力 / 展示效果,performance,P1,等级应满足：🟡 告警,源码路径+行号、对应运行测试或数据库/Redis/队列证据,表格单元格已拆为单一字段断言
REQ-CF-03002,core-finance,docs/SPEC-§5-核心引擎.md,完成能力 / 展示效果,### 完成能力 / 展示效果,logic,P1,频率应满足：15 分钟 1 次,源码路径+行号、对应运行测试或数据库/Redis/队列证据,表格单元格已拆为单一字段断言
REQ-CF-03003,core-finance,docs/SPEC-§5-核心引擎.md,完成能力 / 展示效果,### 完成能力 / 展示效果,performance,P0,告警指标应满足：平台余额,源码路径+行号、对应运行测试或数据库/Redis/队列证据,表格单元格已拆为单一字段断言
REQ-CF-03004,core-finance,docs/SPEC-§5-核心引擎.md,完成能力 / 展示效果,### 完成能力 / 展示效果,logic,P1,条件应满足：< ¥100,源码路径+行号、对应运行测试或数据库/Redis/队列证据,表格单元格已拆为单一字段断言
REQ-CF-03006,core-finance,docs/SPEC-§5-核心引擎.md,完成能力 / 展示效果,### 完成能力 / 展示效果,action,P1,通知对象应满足：super_admin,源码路径+行号、对应运行测试或数据库/Redis/队列证据,表格单元格已拆为单一字段断言
REQ-CF-03007,core-finance,docs/SPEC-§5-核心引擎.md,完成能力 / 展示效果,### 完成能力 / 展示效果,logic,P1,频率应满足：1 小时 1 次,源码路径+行号、对应运行测试或数据库/Redis/队列证据,表格单元格已拆为单一字段断言
REQ-CF-03008,core-finance,docs/SPEC-§5-核心引擎.md,完成能力 / 展示效果,### 完成能力 / 展示效果,performance,P1,告警指标应满足：用户失败率,源码路径+行号、对应运行测试或数据库/Redis/队列证据,表格单元格已拆为单一字段断言
REQ-CF-03009,core-finance,docs/SPEC-§5-核心引擎.md,完成能力 / 展示效果,### 完成能力 / 展示效果,logic,P1,条件应满足：单用户 > 20%（5 分钟）,源码路径+行号、对应运行测试或数据库/Redis/队列证据,表格单元格已拆为单一字段断言
REQ-CF-03010,core-finance,docs/SPEC-§5-核心引擎.md,完成能力 / 展示效果,### 完成能力 / 展示效果,logic,P1,等级应满足：🟠 提醒,源码路径+行号、对应运行测试或数据库/Redis/队列证据,表格单元格已拆为单一字段断言
REQ-CF-03011,core-finance,docs/SPEC-§5-核心引擎.md,完成能力 / 展示效果,### 完成能力 / 展示效果,action,P1,通知对象应满足：安全管理员,源码路径+行号、对应运行测试或数据库/Redis/队列证据,表格单元格已拆为单一字段断言
REQ-CF-03013,core-finance,docs/SPEC-§5-核心引擎.md,完成能力 / 展示效果,### 完成能力 / 展示效果,performance,P1,告警指标应满足：磁盘使用率,源码路径+行号、对应运行测试或数据库/Redis/队列证据,表格单元格已拆为单一字段断言
REQ-CF-03014,core-finance,docs/SPEC-§5-核心引擎.md,完成能力 / 展示效果,### 完成能力 / 展示效果,logic,P1,条件应满足：> 85%,源码路径+行号、对应运行测试或数据库/Redis/队列证据,表格单元格已拆为单一字段断言
REQ-CF-03017,core-finance,docs/SPEC-§5-核心引擎.md,完成能力 / 展示效果,### 完成能力 / 展示效果,logic,P1,频率应满足：30 分钟 1 次,源码路径+行号、对应运行测试或数据库/Redis/队列证据,表格单元格已拆为单一字段断言
REQ-CF-03018,core-finance,docs/SPEC-§5-核心引擎.md,完成能力 / 展示效果,### 完成能力 / 展示效果,performance,P1,告警指标应满足：CPU 使用率,源码路径+行号、对应运行测试或数据库/Redis/队列证据,表格单元格已拆为单一字段断言
REQ-CF-03019,core-finance,docs/SPEC-§5-核心引擎.md,完成能力 / 展示效果,### 完成能力 / 展示效果,logic,P1,条件应满足：> 80%（持续 5 分钟）,源码路径+行号、对应运行测试或数据库/Redis/队列证据,表格单元格已拆为单一字段断言
REQ-CF-03023,core-finance,docs/SPEC-§5-核心引擎.md,完成能力 / 展示效果,### 完成能力 / 展示效果,performance,P1,告警指标应满足：告警指标,源码路径+行号、对应运行测试或数据库/Redis/队列证据,表格单元格已拆为单一字段断言
REQ-CF-03024,core-finance,docs/SPEC-§5-核心引擎.md,完成能力 / 展示效果,### 完成能力 / 展示效果,logic,P1,条件应满足：条件,源码路径+行号、对应运行测试或数据库/Redis/队列证据,表格单元格已拆为单一字段断言
REQ-CF-03025,core-finance,docs/SPEC-§5-核心引擎.md,完成能力 / 展示效果,### 完成能力 / 展示效果,logic,P1,等级应满足：等级,源码路径+行号、对应运行测试或数据库/Redis/队列证据,表格单元格已拆为单一字段断言
REQ-CF-03026,core-finance,docs/SPEC-§5-核心引擎.md,完成能力 / 展示效果,### 完成能力 / 展示效果,action,P1,通知对象应满足：通知对象,源码路径+行号、对应运行测试或数据库/Redis/队列证据,表格单元格已拆为单一字段断言
REQ-CF-03027,core-finance,docs/SPEC-§5-核心引擎.md,完成能力 / 展示效果,### 完成能力 / 展示效果,logic,P1,频率应满足：频率,源码路径+行号、对应运行测试或数据库/Redis/队列证据,表格单元格已拆为单一字段断言
REQ-CF-03063,core-finance,docs/SPEC-§5-核心引擎.md,完成能力 / 展示效果,### 完成能力 / 展示效果,action,P1,**通知配置**：用户可配置各类型通知的推送通道,源码路径+行号、对应运行测试或数据库/Redis/队列证据,N/A：原审计记录未提供补充依据；待复核源码、测试及运行证据。
REQ-CF-03064,core-finance,docs/SPEC-§5-核心引擎.md,完成能力 / 展示效果,### 完成能力 / 展示效果,performance,P1,**告警历史**：历史告警记录，支持搜索和趋势分析,源码路径+行号、对应运行测试或数据库/Redis/队列证据,N/A：原审计记录未提供补充依据；待复核源码、测试及运行证据。
REQ-CF-03065,core-finance,docs/SPEC-§5-核心引擎.md,完成能力 / 展示效果,### 完成能力 / 展示效果,performance,P1,**近 7 天命中趋势**：柱状图展示各指标告警命中频率,源码路径+行号、对应运行测试或数据库/Redis/队列证据,N/A：原审计记录未提供补充依据；待复核源码、测试及运行证据。
REQ-CF-03066,core-finance,docs/SPEC-§5-核心引擎.md,[?] 页面帮助,### [?] 页面帮助,page,P1,**页面名称**：功能说明书：§5 核心引擎,源码路径+行号、对应运行测试或数据库/Redis/队列证据,N/A：原审计记录未提供补充依据；待复核源码、测试及运行证据。
REQ-CF-03067,core-finance,docs/SPEC-§5-核心引擎.md,[?] 页面帮助,### [?] 页面帮助,permission,P1,**适用角色**：视具体功能而定（参见总览中的优先级和适用角色说明）,源码路径+行号、对应运行测试或数据库/Redis/队列证据,N/A：原审计记录未提供补充依据；待复核源码、测试及运行证据。
REQ-CF-03068,core-finance,docs/SPEC-§5-核心引擎.md,[?] 页面帮助,### [?] 页面帮助,page,P1,**功能定位**：该页面提供 功能说明书：§5 核心引擎 相关的配置、查询和管理能力。,源码路径+行号、对应运行测试或数据库/Redis/队列证据,N/A：原审计记录未提供补充依据；待复核源码、测试及运行证据。
REQ-CF-03069,core-finance,docs/SPEC-§5-核心引擎.md,[?] 页面帮助,### [?] 页面帮助,page,P1,1. 查看列表 / 详情,源码路径+行号、对应运行测试或数据库/Redis/队列证据,N/A：原审计记录未提供补充依据；待复核源码、测试及运行证据。
REQ-CF-03070,core-finance,docs/SPEC-§5-核心引擎.md,[?] 页面帮助,### [?] 页面帮助,page,P1,2. 创建 / 编辑 / 删除条目,源码路径+行号、对应运行测试或数据库/Redis/队列证据,N/A：原审计记录未提供补充依据；待复核源码、测试及运行证据。
REQ-CF-03071,core-finance,docs/SPEC-§5-核心引擎.md,[?] 页面帮助,### [?] 页面帮助,page,P1,3. 筛选 / 搜索 / 导出,源码路径+行号、对应运行测试或数据库/Redis/队列证据,N/A：原审计记录未提供补充依据；待复核源码、测试及运行证据。
REQ-CF-03072,core-finance,docs/SPEC-§5-核心引擎.md,[?] 页面帮助,### [?] 页面帮助,page,P1,部分操作涉及敏感数据，需二次确认或 2FA 身份验证,源码路径+行号、对应运行测试或数据库/Redis/队列证据,N/A：原审计记录未提供补充依据；待复核源码、测试及运行证据。
REQ-CF-03073,core-finance,docs/SPEC-§5-核心引擎.md,[?] 页面帮助,### [?] 页面帮助,page,P1,Q: 为什么某些操作不可用？,源码路径+行号、对应运行测试或数据库/Redis/队列证据,N/A：原审计记录未提供补充依据；待复核源码、测试及运行证据。
REQ-CF-03074,core-finance,docs/SPEC-§5-核心引擎.md,[?] 页面帮助,### [?] 页面帮助,permission,P1,A: 请检查当前账号的权限角色是否包含对应操作权限。,源码路径+行号、对应运行测试或数据库/Redis/队列证据,N/A：原审计记录未提供补充依据；待复核源码、测试及运行证据。
REQ-CF-03075,core-finance,docs/SPEC-§5-核心引擎.md,[?] 按钮级帮助对照表,| 按钮/操作 | 帮助说明 |,action,P1,按钮/操作应满足：创建/新增,源码路径+行号、对应运行测试或数据库/Redis/队列证据,表格单元格已拆为单一字段断言
REQ-CF-03076,core-finance,docs/SPEC-§5-核心引擎.md,[?] 按钮级帮助对照表,| 创建/新增 | 添加一条新记录 |,action,P1,帮助说明应满足：添加一条新记录,源码路径+行号、对应运行测试或数据库/Redis/队列证据,表格单元格已拆为单一字段断言
REQ-CF-03077,core-finance,docs/SPEC-§5-核心引擎.md,[?] 按钮级帮助对照表,| 按钮/操作 | 帮助说明 |,action,P1,按钮/操作应满足：编辑,源码路径+行号、对应运行测试或数据库/Redis/队列证据,表格单元格已拆为单一字段断言
REQ-CF-03078,core-finance,docs/SPEC-§5-核心引擎.md,[?] 按钮级帮助对照表,| 编辑 | 修改已有记录的字段内容 |,field,P1,帮助说明应满足：修改已有记录的字段内容,源码路径+行号、对应运行测试或数据库/Redis/队列证据,表格单元格已拆为单一字段断言
REQ-CF-03079,core-finance,docs/SPEC-§5-核心引擎.md,[?] 按钮级帮助对照表,| 按钮/操作 | 帮助说明 |,action,P1,按钮/操作应满足：删除,源码路径+行号、对应运行测试或数据库/Redis/队列证据,表格单元格已拆为单一字段断言
REQ-CF-03080,core-finance,docs/SPEC-§5-核心引擎.md,[?] 按钮级帮助对照表,| 删除 | 删除选中的记录（不可恢复，需确认） |,action,P1,帮助说明应满足：删除选中的记录（不可恢复，需确认）,源码路径+行号、对应运行测试或数据库/Redis/队列证据,表格单元格已拆为单一字段断言
REQ-CF-03081,core-finance,docs/SPEC-§5-核心引擎.md,[?] 按钮级帮助对照表,| 按钮/操作 | 帮助说明 |,action,P1,按钮/操作应满足：搜索,源码路径+行号、对应运行测试或数据库/Redis/队列证据,表格单元格已拆为单一字段断言
REQ-CF-03082,core-finance,docs/SPEC-§5-核心引擎.md,[?] 按钮级帮助对照表,| 搜索 | 按关键词搜索匹配的记录 |,action,P1,帮助说明应满足：按关键词搜索匹配的记录,源码路径+行号、对应运行测试或数据库/Redis/队列证据,表格单元格已拆为单一字段断言
REQ-CF-03083,core-finance,docs/SPEC-§5-核心引擎.md,[?] 按钮级帮助对照表,| 按钮/操作 | 帮助说明 |,action,P1,按钮/操作应满足：筛选,源码路径+行号、对应运行测试或数据库/Redis/队列证据,表格单元格已拆为单一字段断言
REQ-CF-03084,core-finance,docs/SPEC-§5-核心引擎.md,[?] 按钮级帮助对照表,| 筛选 | 按选中条件过滤列表 |,action,P1,帮助说明应满足：按选中条件过滤列表,源码路径+行号、对应运行测试或数据库/Redis/队列证据,表格单元格已拆为单一字段断言
REQ-CF-03085,core-finance,docs/SPEC-§5-核心引擎.md,[?] 按钮级帮助对照表,| 导出 CSV | 将当前列表数据导出为 CSV 文件 |,action,P1,按钮/操作应满足：导出 CSV,源码路径+行号、对应运行测试或数据库/Redis/队列证据,表格单元格已拆为单一字段断言
REQ-CF-03086,core-finance,docs/SPEC-§5-核心引擎.md,[?] 按钮级帮助对照表,| 导出 CSV | 将当前列表数据导出为 CSV 文件 |,action,P1,帮助说明应满足：将当前列表数据导出为 CSV 文件,源码路径+行号、对应运行测试或数据库/Redis/队列证据,表格单元格已拆为单一字段断言
REQ-CF-03087,core-finance,docs/SPEC-§5-核心引擎.md,[?] 按钮级帮助对照表,| 按钮/操作 | 帮助说明 |,action,P1,按钮/操作应满足：查看详情,源码路径+行号、对应运行测试或数据库/Redis/队列证据,表格单元格已拆为单一字段断言
REQ-CF-03088,core-finance,docs/SPEC-§5-核心引擎.md,[?] 按钮级帮助对照表,| 查看详情 | 查看选中记录的完整信息 |,action,P1,帮助说明应满足：查看选中记录的完整信息,源码路径+行号、对应运行测试或数据库/Redis/队列证据,表格单元格已拆为单一字段断言
REQ-CF-03089,core-finance,docs/SPEC-§5-核心引擎.md,[?] 按钮级帮助对照表,| 保存计费设置（系统设置 → 计费策略） | 保存预扣阈值与缓存命中折扣率，写入审计日志并即时失效缓存 |,logic,P1,按钮/操作应满足：保存计费设置（系统设置 → 计费策略）,源码路径+行号、对应运行测试或数据库/Redis/队列证据,表格单元格已拆为单一字段断言
REQ-CF-03090,core-finance,docs/SPEC-§5-核心引擎.md,[?] 按钮级帮助对照表,| 保存计费设置（系统设置 → 计费策略） | 保存预扣阈值与缓存命中折扣率，写入审计日志并即时失效缓存 |,logic,P1,帮助说明应满足：保存预扣阈值与缓存命中折扣率，写入审计日志并即时失效缓存,源码路径+行号、对应运行测试或数据库/Redis/队列证据,表格单元格已拆为单一字段断言
REQ-CF-03091,core-finance,docs/SPEC-§5-核心引擎.md,[?] 按钮级帮助对照表,| 编辑定价（价格管理 → 编辑） | 修改模型输入/输出单价与模型级缓存命中折扣率；留空折扣率回退全局配置 |,logic,P1,按钮/操作应满足：编辑定价（价格管理 → 编辑）,源码路径+行号、对应运行测试或数据库/Redis/队列证据,表格单元格已拆为单一字段断言
REQ-CF-03092,core-finance,docs/SPEC-§5-核心引擎.md,[?] 按钮级帮助对照表,| 编辑定价（价格管理 → 编辑） | 修改模型输入/输出单价与模型级缓存命中折扣率；留空折扣率回退全局配置 |,logic,P1,帮助说明应满足：修改模型输入/输出单价与模型级缓存命中折扣率；留空折扣率回退全局配置,源码路径+行号、对应运行测试或数据库/Redis/队列证据,表格单元格已拆为单一字段断言
REQ-CF-03093,core-finance,docs/SPEC-§5-核心引擎.md,[?] 按钮级帮助对照表,| 缓存命中折扣率（价格管理列） | 缓存命中 token 按「全价 × 折扣率」计费；「—」表示未配置，跟随全局默认值 |,logic,P1,按钮/操作应满足：缓存命中折扣率（价格管理列）,源码路径+行号、对应运行测试或数据库/Redis/队列证据,表格单元格已拆为单一字段断言
REQ-CF-03094,core-finance,docs/SPEC-§5-核心引擎.md,[?] 按钮级帮助对照表,| 缓存命中折扣率（价格管理列） | 缓存命中 token 按「全价 × 折扣率」计费；「—」表示未配置，跟随全局默认值 |,logic,P1,帮助说明应满足：缓存命中 token 按「全价 × 折扣率」计费；「—」表示未配置，跟随全局默认值,源码路径+行号、对应运行测试或数据库/Redis/队列证据,表格单元格已拆为单一字段断言
REQ-CF-03095,core-finance,docs/SPEC-§5-核心引擎.md,模块概述,### 模块概述,action,P1,核心引擎包含智能路由、计费结算、限流引擎和通知告警四大子系统，是 3cloud 平台的中枢神经。,源码路径+行号、对应运行测试或数据库/Redis/队列证据,N/A：原审计记录未提供补充依据；待复核源码、测试及运行证据。
REQ-CF-03096,core-finance,docs/SPEC-§5-核心引擎.md,边界条件清单,| CORE-001 | 计费引擎并发扣款 | 同一用户的多条 API 调用同时到达并触发扣款 | 使用 Redis 分布式锁 + 账户版本号保证扣款原子性；若发生锁等待超时（默认 3s），请求进入重试队列 | 该用户账户 | P0 |,boundary,P1,#应满足：CORE-001,源码路径+行号、对应运行测试或数据库/Redis/队列证据,表格单元格已拆为单一字段断言
REQ-CF-03097,core-finance,docs/SPEC-§5-核心引擎.md,边界条件清单,| CORE-001 | 计费引擎并发扣款 | 同一用户的多条 API 调用同时到达并触发扣款 | 使用 Redis 分布式锁 + 账户版本号保证扣款原子性；若发生锁等待超时（默认 3s），请求进入重试队列 | 该用户账户 | P0 |,concurrency,P1,场景应满足：计费引擎并发扣款,源码路径+行号、对应运行测试或数据库/Redis/队列证据,表格单元格已拆为单一字段断言
REQ-CF-03098,core-finance,docs/SPEC-§5-核心引擎.md,边界条件清单,| CORE-001 | 计费引擎并发扣款 | 同一用户的多条 API 调用同时到达并触发扣款 | 使用 Redis 分布式锁 + 账户版本号保证扣款原子性；若发生锁等待超时（默认 3s），请求进入重试队列 | 该用户账户 | P0 |,api,P1,触发条件应满足：同一用户的多条 API 调用同时到达并触发扣款,源码路径+行号、对应运行测试或数据库/Redis/队列证据,表格单元格已拆为单一字段断言
REQ-CF-03099,core-finance,docs/SPEC-§5-核心引擎.md,边界条件清单,| CORE-001 | 计费引擎并发扣款 | 同一用户的多条 API 调用同时到达并触发扣款 | 使用 Redis 分布式锁 + 账户版本号保证扣款原子性；若发生锁等待超时（默认 3s），请求进入重试队列 | 该用户账户 | P0 |,boundary,P1,预期行为应满足：使用 Redis 分布式锁 + 账户版本号保证扣款原子性；若发生锁等待超时（默认 3s），请求进入重试队列,源码路径+行号、对应运行测试或数据库/Redis/队列证据,表格单元格已拆为单一字段断言
REQ-CF-03100,core-finance,docs/SPEC-§5-核心引擎.md,边界条件清单,| CORE-001 | 计费引擎并发扣款 | 同一用户的多条 API 调用同时到达并触发扣款 | 使用 Redis 分布式锁 + 账户版本号保证扣款原子性；若发生锁等待超时（默认 3s），请求进入重试队列 | 该用户账户 | P0 |,boundary,P1,影响范围应满足：该用户账户,源码路径+行号、对应运行测试或数据库/Redis/队列证据,表格单元格已拆为单一字段断言
REQ-CF-03101,core-finance,docs/SPEC-§5-核心引擎.md,边界条件清单,| # | 场景 | 触发条件 | 预期行为 | 影响范围 | 优先级 |,boundary,P0,优先级应满足：P0,源码路径+行号、对应运行测试或数据库/Redis/队列证据,表格单元格已拆为单一字段断言
REQ-CF-03102,core-finance,docs/SPEC-§5-核心引擎.md,边界条件清单,| CORE-002 | 路由引擎全部候选失败 | 路由引擎的所有候选渠道均返回错误 | 引擎触发二级降级：先尝试降级模型（如从 GPT-4 降级至 GPT-3.5），若仍失败则返回 503，并将失败模式写入路由历史 | 该模型请求 | P0 |,boundary,P1,#应满足：CORE-002,源码路径+行号、对应运行测试或数据库/Redis/队列证据,表格单元格已拆为单一字段断言
REQ-CF-03103,core-finance,docs/SPEC-§5-核心引擎.md,边界条件清单,| CORE-002 | 路由引擎全部候选失败 | 路由引擎的所有候选渠道均返回错误 | 引擎触发二级降级：先尝试降级模型（如从 GPT-4 降级至 GPT-3.5），若仍失败则返回 503，并将失败模式写入路由历史 | 该模型请求 | P0 |,boundary,P1,场景应满足：路由引擎全部候选失败,源码路径+行号、对应运行测试或数据库/Redis/队列证据,表格单元格已拆为单一字段断言
REQ-CF-03104,core-finance,docs/SPEC-§5-核心引擎.md,边界条件清单,| CORE-002 | 路由引擎全部候选失败 | 路由引擎的所有候选渠道均返回错误 | 引擎触发二级降级：先尝试降级模型（如从 GPT-4 降级至 GPT-3.5），若仍失败则返回 503，并将失败模式写入路由历史 | 该模型请求 | P0 |,boundary,P1,触发条件应满足：路由引擎的所有候选渠道均返回错误,源码路径+行号、对应运行测试或数据库/Redis/队列证据,表格单元格已拆为单一字段断言
REQ-CF-03105,core-finance,docs/SPEC-§5-核心引擎.md,边界条件清单,| CORE-002 | 路由引擎全部候选失败 | 路由引擎的所有候选渠道均返回错误 | 引擎触发二级降级：先尝试降级模型（如从 GPT-4 降级至 GPT-3.5），若仍失败则返回 503，并将失败模式写入路由历史 | 该模型请求 | P0 |,boundary,P1,预期行为应满足：引擎触发二级降级：先尝试降级模型（如从 GPT-4 降级至 GPT-3.5），若仍失败则返回 503，并将失败模式写入路由历史,源码路径+行号、对应运行测试或数据库/Redis/队列证据,表格单元格已拆为单一字段断言
REQ-CF-03106,core-finance,docs/SPEC-§5-核心引擎.md,边界条件清单,| CORE-002 | 路由引擎全部候选失败 | 路由引擎的所有候选渠道均返回错误 | 引擎触发二级降级：先尝试降级模型（如从 GPT-4 降级至 GPT-3.5），若仍失败则返回 503，并将失败模式写入路由历史 | 该模型请求 | P0 |,boundary,P1,影响范围应满足：该模型请求,源码路径+行号、对应运行测试或数据库/Redis/队列证据,表格单元格已拆为单一字段断言
REQ-CF-03108,core-finance,docs/SPEC-§5-核心引擎.md,边界条件清单,| CORE-003 | 限流与熔断同时触发 | 请求同时被限流引擎拒绝和路由熔断器阻断 | 以限流结果为优先返回（429 Too Many Requests），同时熔断器状态更新不受影响；避免重复计费和重复告警 | 该请求 | P0 |,boundary,P1,#应满足：CORE-003,源码路径+行号、对应运行测试或数据库/Redis/队列证据,表格单元格已拆为单一字段断言
REQ-CF-03109,core-finance,docs/SPEC-§5-核心引擎.md,边界条件清单,| CORE-003 | 限流与熔断同时触发 | 请求同时被限流引擎拒绝和路由熔断器阻断 | 以限流结果为优先返回（429 Too Many Requests），同时熔断器状态更新不受影响；避免重复计费和重复告警 | 该请求 | P0 |,boundary,P0,场景应满足：限流与熔断同时触发,源码路径+行号、对应运行测试或数据库/Redis/队列证据,表格单元格已拆为单一字段断言
REQ-CF-03110,core-finance,docs/SPEC-§5-核心引擎.md,边界条件清单,| CORE-003 | 限流与熔断同时触发 | 请求同时被限流引擎拒绝和路由熔断器阻断 | 以限流结果为优先返回（429 Too Many Requests），同时熔断器状态更新不受影响；避免重复计费和重复告警 | 该请求 | P0 |,boundary,P0,触发条件应满足：请求同时被限流引擎拒绝和路由熔断器阻断,源码路径+行号、对应运行测试或数据库/Redis/队列证据,表格单元格已拆为单一字段断言
REQ-CF-03111,core-finance,docs/SPEC-§5-核心引擎.md,边界条件清单,| CORE-003 | 限流与熔断同时触发 | 请求同时被限流引擎拒绝和路由熔断器阻断 | 以限流结果为优先返回（429 Too Many Requests），同时熔断器状态更新不受影响；避免重复计费和重复告警 | 该请求 | P0 |,performance,P0,预期行为应满足：以限流结果为优先返回（429 Too Many Requests），同时熔断器状态更新不受影响；避免重复计费和重复告警,源码路径+行号、对应运行测试或数据库/Redis/队列证据,表格单元格已拆为单一字段断言
REQ-CF-03112,core-finance,docs/SPEC-§5-核心引擎.md,边界条件清单,| # | 场景 | 触发条件 | 预期行为 | 影响范围 | 优先级 |,boundary,P1,影响范围应满足：该请求,源码路径+行号、对应运行测试或数据库/Redis/队列证据,表格单元格已拆为单一字段断言
REQ-CF-03114,core-finance,docs/SPEC-§5-核心引擎.md,边界条件清单,| CORE-004 | 计费精度边界 | 计费金额在最小计费单位（如 0.0001 元）以下 | 小于最小计费单元的费用按四舍五入处理；若十年周期内累计截断误差 > 0.01 元，在年度结算时补齐 | 计费计算结果 | P0 |,boundary,P1,#应满足：CORE-004,源码路径+行号、对应运行测试或数据库/Redis/队列证据,表格单元格已拆为单一字段断言
REQ-CF-03115,core-finance,docs/SPEC-§5-核心引擎.md,边界条件清单,| CORE-004 | 计费精度边界 | 计费金额在最小计费单位（如 0.0001 元）以下 | 小于最小计费单元的费用按四舍五入处理；若十年周期内累计截断误差 > 0.01 元，在年度结算时补齐 | 计费计算结果 | P0 |,boundary,P1,场景应满足：计费精度边界,源码路径+行号、对应运行测试或数据库/Redis/队列证据,表格单元格已拆为单一字段断言
REQ-CF-03116,core-finance,docs/SPEC-§5-核心引擎.md,边界条件清单,| CORE-004 | 计费精度边界 | 计费金额在最小计费单位（如 0.0001 元）以下 | 小于最小计费单元的费用按四舍五入处理；若十年周期内累计截断误差 > 0.01 元，在年度结算时补齐 | 计费计算结果 | P0 |,boundary,P1,触发条件应满足：计费金额在最小计费单位（如 0.0001 元）以下,源码路径+行号、对应运行测试或数据库/Redis/队列证据,表格单元格已拆为单一字段断言
REQ-CF-03117,core-finance,docs/SPEC-§5-核心引擎.md,边界条件清单,| CORE-004 | 计费精度边界 | 计费金额在最小计费单位（如 0.0001 元）以下 | 小于最小计费单元的费用按四舍五入处理；若十年周期内累计截断误差 > 0.01 元，在年度结算时补齐 | 计费计算结果 | P0 |,boundary,P1,预期行为应满足：小于最小计费单元的费用按四舍五入处理；若十年周期内累计截断误差 > 0.01 元，在年度结算时补齐,源码路径+行号、对应运行测试或数据库/Redis/队列证据,表格单元格已拆为单一字段断言
REQ-CF-03118,core-finance,docs/SPEC-§5-核心引擎.md,边界条件清单,| CORE-004 | 计费精度边界 | 计费金额在最小计费单位（如 0.0001 元）以下 | 小于最小计费单元的费用按四舍五入处理；若十年周期内累计截断误差 > 0.01 元，在年度结算时补齐 | 计费计算结果 | P0 |,boundary,P1,影响范围应满足：计费计算结果,源码路径+行号、对应运行测试或数据库/Redis/队列证据,表格单元格已拆为单一字段断言
REQ-CF-03120,core-finance,docs/SPEC-§5-核心引擎.md,边界条件清单,| CORE-005 | 引擎内部组件故障自愈 | 路由引擎、计费引擎或限流引擎中的某个组件异常退出或 OOM | 各引擎组件以独立进程/线程运行，故障后由监控探针检测并自动重启；重启期间对应功能降级（如路由使用上次最优结果缓存） | 故障组件 | P0 |,boundary,P1,#应满足：CORE-005,源码路径+行号、对应运行测试或数据库/Redis/队列证据,表格单元格已拆为单一字段断言
REQ-CF-03121,core-finance,docs/SPEC-§5-核心引擎.md,边界条件清单,| CORE-005 | 引擎内部组件故障自愈 | 路由引擎、计费引擎或限流引擎中的某个组件异常退出或 OOM | 各引擎组件以独立进程/线程运行，故障后由监控探针检测并自动重启；重启期间对应功能降级（如路由使用上次最优结果缓存） | 故障组件 | P0 |,boundary,P1,场景应满足：引擎内部组件故障自愈,源码路径+行号、对应运行测试或数据库/Redis/队列证据,表格单元格已拆为单一字段断言
REQ-CF-03122,core-finance,docs/SPEC-§5-核心引擎.md,边界条件清单,| CORE-005 | 引擎内部组件故障自愈 | 路由引擎、计费引擎或限流引擎中的某个组件异常退出或 OOM | 各引擎组件以独立进程/线程运行，故障后由监控探针检测并自动重启；重启期间对应功能降级（如路由使用上次最优结果缓存） | 故障组件 | P0 |,exception,P1,触发条件应满足：路由引擎、计费引擎或限流引擎中的某个组件异常退出或 OOM,源码路径+行号、对应运行测试或数据库/Redis/队列证据,表格单元格已拆为单一字段断言
REQ-CF-03123,core-finance,docs/SPEC-§5-核心引擎.md,边界条件清单,| CORE-005 | 引擎内部组件故障自愈 | 路由引擎、计费引擎或限流引擎中的某个组件异常退出或 OOM | 各引擎组件以独立进程/线程运行，故障后由监控探针检测并自动重启；重启期间对应功能降级（如路由使用上次最优结果缓存） | 故障组件 | P0 |,logic,P1,预期行为应满足：各引擎组件以独立进程/线程运行，故障后由监控探针检测并自动重启；重启期间对应功能降级（如路由使用上次最优结果缓存）,源码路径+行号、对应运行测试或数据库/Redis/队列证据,表格单元格已拆为单一字段断言
REQ-CF-03124,core-finance,docs/SPEC-§5-核心引擎.md,边界条件清单,| # | 场景 | 触发条件 | 预期行为 | 影响范围 | 优先级 |,boundary,P1,影响范围应满足：故障组件,源码路径+行号、对应运行测试或数据库/Redis/队列证据,表格单元格已拆为单一字段断言
REQ-CF-03126,core-finance,docs/SPEC-§5-核心引擎.md,边界条件清单,| CORE-006 | 计费充值后立即扣款 | 用户充值刚完成，系统还未完成余额同步就发起扣款请求 | 充值事件强制同步写入后，扣款请求才可继续；异步充值（第三方支付回调延迟）下，扣款前必须等待充值确认完成 | 用户余额 | P0 |,boundary,P1,#应满足：CORE-006,源码路径+行号、对应运行测试或数据库/Redis/队列证据,表格单元格已拆为单一字段断言
REQ-CF-03127,core-finance,docs/SPEC-§5-核心引擎.md,边界条件清单,| CORE-006 | 计费充值后立即扣款 | 用户充值刚完成，系统还未完成余额同步就发起扣款请求 | 充值事件强制同步写入后，扣款请求才可继续；异步充值（第三方支付回调延迟）下，扣款前必须等待充值确认完成 | 用户余额 | P0 |,boundary,P1,场景应满足：计费充值后立即扣款,源码路径+行号、对应运行测试或数据库/Redis/队列证据,表格单元格已拆为单一字段断言
REQ-CF-03128,core-finance,docs/SPEC-§5-核心引擎.md,边界条件清单,| CORE-006 | 计费充值后立即扣款 | 用户充值刚完成，系统还未完成余额同步就发起扣款请求 | 充值事件强制同步写入后，扣款请求才可继续；异步充值（第三方支付回调延迟）下，扣款前必须等待充值确认完成 | 用户余额 | P0 |,boundary,P0,触发条件应满足：用户充值刚完成，系统还未完成余额同步就发起扣款请求,源码路径+行号、对应运行测试或数据库/Redis/队列证据,表格单元格已拆为单一字段断言
REQ-CF-03129,core-finance,docs/SPEC-§5-核心引擎.md,边界条件清单,| CORE-006 | 计费充值后立即扣款 | 用户充值刚完成，系统还未完成余额同步就发起扣款请求 | 充值事件强制同步写入后，扣款请求才可继续；异步充值（第三方支付回调延迟）下，扣款前必须等待充值确认完成 | 用户余额 | P0 |,boundary,P0,预期行为应满足：充值事件强制同步写入后，扣款请求才可继续；异步充值（第三方支付回调延迟）下，扣款前必须等待充值确认完成,源码路径+行号、对应运行测试或数据库/Redis/队列证据,表格单元格已拆为单一字段断言
REQ-CF-03130,core-finance,docs/SPEC-§5-核心引擎.md,边界条件清单,| # | 场景 | 触发条件 | 预期行为 | 影响范围 | 优先级 |,boundary,P0,影响范围应满足：用户余额,源码路径+行号、对应运行测试或数据库/Redis/队列证据,表格单元格已拆为单一字段断言
REQ-CF-03132,core-finance,docs/SPEC-§5-核心引擎.md,边界条件清单,| CORE-007 | 路由策略切换期间请求处理 | 路由策略正在从策略 A 切换到策略 B，过程中有请求到达 | 请求使用切换前的策略 A 执行（不影响正在执行的请求）；切换完成后新请求使用策略 B；过渡窗口最大 30 秒 | 路由决策 | P1 |,boundary,P1,#应满足：CORE-007,源码路径+行号、对应运行测试或数据库/Redis/队列证据,表格单元格已拆为单一字段断言
REQ-CF-03133,core-finance,docs/SPEC-§5-核心引擎.md,边界条件清单,| CORE-007 | 路由策略切换期间请求处理 | 路由策略正在从策略 A 切换到策略 B，过程中有请求到达 | 请求使用切换前的策略 A 执行（不影响正在执行的请求）；切换完成后新请求使用策略 B；过渡窗口最大 30 秒 | 路由决策 | P1 |,boundary,P1,场景应满足：路由策略切换期间请求处理,源码路径+行号、对应运行测试或数据库/Redis/队列证据,表格单元格已拆为单一字段断言
REQ-CF-03134,core-finance,docs/SPEC-§5-核心引擎.md,边界条件清单,| CORE-007 | 路由策略切换期间请求处理 | 路由策略正在从策略 A 切换到策略 B，过程中有请求到达 | 请求使用切换前的策略 A 执行（不影响正在执行的请求）；切换完成后新请求使用策略 B；过渡窗口最大 30 秒 | 路由决策 | P1 |,boundary,P1,触发条件应满足：路由策略正在从策略 A 切换到策略 B，过程中有请求到达,源码路径+行号、对应运行测试或数据库/Redis/队列证据,表格单元格已拆为单一字段断言
REQ-CF-03135,core-finance,docs/SPEC-§5-核心引擎.md,边界条件清单,| CORE-007 | 路由策略切换期间请求处理 | 路由策略正在从策略 A 切换到策略 B，过程中有请求到达 | 请求使用切换前的策略 A 执行（不影响正在执行的请求）；切换完成后新请求使用策略 B；过渡窗口最大 30 秒 | 路由决策 | P1 |,boundary,P1,预期行为应满足：请求使用切换前的策略 A 执行（不影响正在执行的请求）；切换完成后新请求使用策略 B；过渡窗口最大 30 秒,源码路径+行号、对应运行测试或数据库/Redis/队列证据,表格单元格已拆为单一字段断言
REQ-CF-03136,core-finance,docs/SPEC-§5-核心引擎.md,边界条件清单,| # | 场景 | 触发条件 | 预期行为 | 影响范围 | 优先级 |,boundary,P1,影响范围应满足：路由决策,源码路径+行号、对应运行测试或数据库/Redis/队列证据,表格单元格已拆为单一字段断言
REQ-CF-03137,core-finance,docs/SPEC-§5-核心引擎.md,边界条件清单,| # | 场景 | 触发条件 | 预期行为 | 影响范围 | 优先级 |,boundary,P1,优先级应满足：P1,源码路径+行号、对应运行测试或数据库/Redis/队列证据,表格单元格已拆为单一字段断言
REQ-CF-03138,core-finance,docs/SPEC-§5-核心引擎.md,边界条件清单,| CORE-008 | 多引擎调用链路超时 | 一条请求经过路由 → 计费 → 渠道调用 → 计费回调完整链路超时 | 各阶段有独立超时控制：路由 ≤ 5s，计费 ≤ 2s，渠道 ≤ 60s；总超时上限 120s，超时后链路上已完成的阶段记录日志但不回滚 | 单条请求 | P1 |,boundary,P1,#应满足：CORE-008,源码路径+行号、对应运行测试或数据库/Redis/队列证据,表格单元格已拆为单一字段断言
REQ-CF-03139,core-finance,docs/SPEC-§5-核心引擎.md,边界条件清单,| CORE-008 | 多引擎调用链路超时 | 一条请求经过路由 → 计费 → 渠道调用 → 计费回调完整链路超时 | 各阶段有独立超时控制：路由 ≤ 5s，计费 ≤ 2s，渠道 ≤ 60s；总超时上限 120s，超时后链路上已完成的阶段记录日志但不回滚 | 单条请求 | P1 |,boundary,P1,场景应满足：多引擎调用链路超时,源码路径+行号、对应运行测试或数据库/Redis/队列证据,表格单元格已拆为单一字段断言
REQ-CF-03140,core-finance,docs/SPEC-§5-核心引擎.md,边界条件清单,| CORE-008 | 多引擎调用链路超时 | 一条请求经过路由 → 计费 → 渠道调用 → 计费回调完整链路超时 | 各阶段有独立超时控制：路由 ≤ 5s，计费 ≤ 2s，渠道 ≤ 60s；总超时上限 120s，超时后链路上已完成的阶段记录日志但不回滚 | 单条请求 | P1 |,boundary,P1,触发条件应满足：一条请求经过路由 → 计费 → 渠道调用 → 计费回调完整链路超时,源码路径+行号、对应运行测试或数据库/Redis/队列证据,表格单元格已拆为单一字段断言
REQ-CF-03141,core-finance,docs/SPEC-§5-核心引擎.md,边界条件清单,| CORE-008 | 多引擎调用链路超时 | 一条请求经过路由 → 计费 → 渠道调用 → 计费回调完整链路超时 | 各阶段有独立超时控制：路由 ≤ 5s，计费 ≤ 2s，渠道 ≤ 60s；总超时上限 120s，超时后链路上已完成的阶段记录日志但不回滚 | 单条请求 | P1 |,rollback,P0,预期行为应满足：各阶段有独立超时控制：路由 ≤ 5s，计费 ≤ 2s，渠道 ≤ 60s；总超时上限 120s，超时后链路上已完成的阶段记录日志但不回滚,源码路径+行号、对应运行测试或数据库/Redis/队列证据,表格单元格已拆为单一字段断言
REQ-CF-03142,core-finance,docs/SPEC-§5-核心引擎.md,边界条件清单,| # | 场景 | 触发条件 | 预期行为 | 影响范围 | 优先级 |,boundary,P1,影响范围应满足：单条请求,源码路径+行号、对应运行测试或数据库/Redis/队列证据,表格单元格已拆为单一字段断言
REQ-CF-03144,core-finance,docs/SPEC-§5-核心引擎.md,边界条件清单,| CORE-009 | 缓存折扣率配置非法 | 后台/价格管理提交的折扣率 ≤ 0 或 > 1 | 接口返回 400 拒绝保存；存量非法值在计费时被忽略并回退全局/默认折扣率，不阻断主链路 | 该模型计费 | P1 |,boundary,P1,#应满足：CORE-009,源码路径+行号、对应运行测试或数据库/Redis/队列证据,表格单元格已拆为单一字段断言
REQ-CF-03145,core-finance,docs/SPEC-§5-核心引擎.md,边界条件清单,| CORE-009 | 缓存折扣率配置非法 | 后台/价格管理提交的折扣率 ≤ 0 或 > 1 | 接口返回 400 拒绝保存；存量非法值在计费时被忽略并回退全局/默认折扣率，不阻断主链路 | 该模型计费 | P1 |,logic,P1,场景应满足：缓存折扣率配置非法,源码路径+行号、对应运行测试或数据库/Redis/队列证据,表格单元格已拆为单一字段断言
REQ-CF-03146,core-finance,docs/SPEC-§5-核心引擎.md,边界条件清单,| CORE-009 | 缓存折扣率配置非法 | 后台/价格管理提交的折扣率 ≤ 0 或 > 1 | 接口返回 400 拒绝保存；存量非法值在计费时被忽略并回退全局/默认折扣率，不阻断主链路 | 该模型计费 | P1 |,boundary,P1,触发条件应满足：后台/价格管理提交的折扣率 ≤ 0 或 > 1,源码路径+行号、对应运行测试或数据库/Redis/队列证据,表格单元格已拆为单一字段断言
REQ-CF-03147,core-finance,docs/SPEC-§5-核心引擎.md,边界条件清单,| CORE-009 | 缓存折扣率配置非法 | 后台/价格管理提交的折扣率 ≤ 0 或 > 1 | 接口返回 400 拒绝保存；存量非法值在计费时被忽略并回退全局/默认折扣率，不阻断主链路 | 该模型计费 | P1 |,api,P1,预期行为应满足：接口返回 400 拒绝保存；存量非法值在计费时被忽略并回退全局/默认折扣率，不阻断主链路,源码路径+行号、对应运行测试或数据库/Redis/队列证据,表格单元格已拆为单一字段断言
REQ-CF-03148,core-finance,docs/SPEC-§5-核心引擎.md,边界条件清单,| CORE-009 | 缓存折扣率配置非法 | 后台/价格管理提交的折扣率 ≤ 0 或 > 1 | 接口返回 400 拒绝保存；存量非法值在计费时被忽略并回退全局/默认折扣率，不阻断主链路 | 该模型计费 | P1 |,boundary,P1,影响范围应满足：该模型计费,源码路径+行号、对应运行测试或数据库/Redis/队列证据,表格单元格已拆为单一字段断言
REQ-CF-03150,core-finance,docs/SPEC-§5-核心引擎.md,CORE-004: 计费精度边界,#### CORE-004: 计费精度边界,boundary,P1,最小计费单位：0.0001 元（1/10000 分）,源码路径+行号、对应运行测试或数据库/Redis/队列证据,N/A：原审计记录未提供补充依据；待复核源码、测试及运行证据。
REQ-CF-03151,core-finance,docs/SPEC-§5-核心引擎.md,CORE-004: 计费精度边界,#### CORE-004: 计费精度边界,boundary,P1,小于最小单位：四舍五入到 0.0001,源码路径+行号、对应运行测试或数据库/Redis/队列证据,N/A：原审计记录未提供补充依据；待复核源码、测试及运行证据。
REQ-CF-03152,core-finance,docs/SPEC-§5-核心引擎.md,CORE-004: 计费精度边界,#### CORE-004: 计费精度边界,boundary,P1,累计截断误差：每季度核对一次，差值 ≤ 0.01 元时在季度结算中补齐,源码路径+行号、对应运行测试或数据库/Redis/队列证据,N/A：原审计记录未提供补充依据；待复核源码、测试及运行证据。
REQ-CF-03153,core-finance,docs/SPEC-§5-核心引擎.md,CORE-004: 计费精度边界,#### CORE-004: 计费精度边界,boundary,P1,"货币使用 DECIMAL(16,4) 存储，禁止使用 float/double",源码路径+行号、对应运行测试或数据库/Redis/队列证据,N/A：原审计记录未提供补充依据；待复核源码、测试及运行证据。
REQ-CF-03154,core-finance,docs/SPEC-§5-核心引擎.md,CORE-005: 组件自愈,#### CORE-005: 组件自愈,performance,P1,1. 监控探针每 10s 检测各引擎组件健康状态,源码路径+行号、对应运行测试或数据库/Redis/队列证据,N/A：原审计记录未提供补充依据；待复核源码、测试及运行证据。
REQ-CF-03155,core-finance,docs/SPEC-§5-核心引擎.md,CORE-005: 组件自愈,#### CORE-005: 组件自愈,logic,P1,2. 检测到故障后触发自动重启，记录重启原因,源码路径+行号、对应运行测试或数据库/Redis/队列证据,N/A：原审计记录未提供补充依据；待复核源码、测试及运行证据。
REQ-CF-03156,core-finance,docs/SPEC-§5-核心引擎.md,CORE-005: 组件自愈,#### CORE-005: 组件自愈,logic,P1,路由引擎：使用最近一次成功路由结果 + 轮询策略,源码路径+行号、对应运行测试或数据库/Redis/队列证据,N/A：原审计记录未提供补充依据；待复核源码、测试及运行证据。
REQ-CF-03157,core-finance,docs/SPEC-§5-核心引擎.md,CORE-005: 组件自愈,#### CORE-005: 组件自愈,logic,P1,计费引擎：请求排队等待（最多 30s）,源码路径+行号、对应运行测试或数据库/Redis/队列证据,N/A：原审计记录未提供补充依据；待复核源码、测试及运行证据。
REQ-CF-03158,core-finance,docs/SPEC-§5-核心引擎.md,CORE-005: 组件自愈,#### CORE-005: 组件自愈,logic,P0,限流引擎：跳过限流检查（熔断模式）,源码路径+行号、对应运行测试或数据库/Redis/队列证据,N/A：原审计记录未提供补充依据；待复核源码、测试及运行证据。
REQ-CF-03159,core-finance,docs/SPEC-§5-核心引擎.md,CORE-005: 组件自愈,#### CORE-005: 组件自愈,logic,P1,4. 重启成功后自动恢复满负载,源码路径+行号、对应运行测试或数据库/Redis/队列证据,N/A：原审计记录未提供补充依据；待复核源码、测试及运行证据。
REQ-CF-03160,core-finance,docs/SPEC-§5-核心引擎.md,CORE-005: 组件自愈,#### CORE-005: 组件自愈,performance,P0,5. 重启失败 3 次则停止自动重启，触发 P0 告警,源码路径+行号、对应运行测试或数据库/Redis/队列证据,N/A：原审计记录未提供补充依据；待复核源码、测试及运行证据。
REQ-CF-03161,core-finance,docs/SPEC-§5-核心引擎.md,异常流程汇总,| 并发扣款 | 分布式锁 + 重试 | 无（正常竞态） |,concurrency,P1,场景应满足：并发扣款,源码路径+行号、对应运行测试或数据库/Redis/队列证据,表格单元格已拆为单一字段断言
REQ-CF-03162,core-finance,docs/SPEC-§5-核心引擎.md,异常流程汇总,| 并发扣款 | 分布式锁 + 重试 | 无（正常竞态） |,exception,P1,恢复策略应满足：分布式锁 + 重试,源码路径+行号、对应运行测试或数据库/Redis/队列证据,表格单元格已拆为单一字段断言
REQ-CF-03163,core-finance,docs/SPEC-§5-核心引擎.md,异常流程汇总,| 并发扣款 | 分布式锁 + 重试 | 无（正常竞态） |,action,P1,是否通知应满足：无（正常竞态）,源码路径+行号、对应运行测试或数据库/Redis/队列证据,表格单元格已拆为单一字段断言
REQ-CF-03164,core-finance,docs/SPEC-§5-核心引擎.md,异常流程汇总,| 路由全部失败 | 引擎降级 + 备用渠道 | P0 告警 |,exception,P1,场景应满足：路由全部失败,源码路径+行号、对应运行测试或数据库/Redis/队列证据,表格单元格已拆为单一字段断言
REQ-CF-03165,core-finance,docs/SPEC-§5-核心引擎.md,异常流程汇总,| 路由全部失败 | 引擎降级 + 备用渠道 | P0 告警 |,exception,P1,恢复策略应满足：引擎降级 + 备用渠道,源码路径+行号、对应运行测试或数据库/Redis/队列证据,表格单元格已拆为单一字段断言
REQ-CF-03166,core-finance,docs/SPEC-§5-核心引擎.md,异常流程汇总,| 场景 | 恢复策略 | 是否通知 |,action,P0,是否通知应满足：P0 告警,源码路径+行号、对应运行测试或数据库/Redis/队列证据,表格单元格已拆为单一字段断言
REQ-CF-03167,core-finance,docs/SPEC-§5-核心引擎.md,异常流程汇总,| 组件故障 | 自动重启 + 降级 | P0 告警 |,exception,P1,场景应满足：组件故障,源码路径+行号、对应运行测试或数据库/Redis/队列证据,表格单元格已拆为单一字段断言
REQ-CF-03168,core-finance,docs/SPEC-§5-核心引擎.md,异常流程汇总,| 组件故障 | 自动重启 + 降级 | P0 告警 |,exception,P1,恢复策略应满足：自动重启 + 降级,源码路径+行号、对应运行测试或数据库/Redis/队列证据,表格单元格已拆为单一字段断言
REQ-CF-03170,core-finance,docs/SPEC-§5-核心引擎.md,异常流程汇总,| 计费精度丢失 | 年末补齐 | 年度审核 |,exception,P1,场景应满足：计费精度丢失,源码路径+行号、对应运行测试或数据库/Redis/队列证据,表格单元格已拆为单一字段断言
REQ-CF-03171,core-finance,docs/SPEC-§5-核心引擎.md,异常流程汇总,| 场景 | 恢复策略 | 是否通知 |,exception,P1,恢复策略应满足：年末补齐,源码路径+行号、对应运行测试或数据库/Redis/队列证据,表格单元格已拆为单一字段断言
REQ-CF-03172,core-finance,docs/SPEC-§5-核心引擎.md,异常流程汇总,| 场景 | 恢复策略 | 是否通知 |,action,P1,是否通知应满足：年度审核,源码路径+行号、对应运行测试或数据库/Redis/队列证据,表格单元格已拆为单一字段断言
REQ-CF-03173,core-finance,docs/SPEC-§9-财务模块增强（拆分迁移中）.md,功能说明书：§9 财务模块增强（拆分迁移中）,**📖 页面功能说明帮助**,page,P1,**📖 页面功能说明帮助**,源码路径+行号、对应运行测试或数据库/Redis/队列证据,N/A：原审计记录未提供补充依据；待复核源码、测试及运行证据。
REQ-CF-03174,core-finance,docs/SPEC-§9-财务模块增强（拆分迁移中）.md,功能说明书：§9 财务模块增强（拆分迁移中）,**页面用途**：财务模块增强（§9.5/§9.6 保留独立模块，其余合并至 §29） 功能说明书。本文档详细定义了该模块各功能点的字段规格、校验规则、边界条件、交互方式和注意事项。,field,P1,**页面用途**：财务模块增强（§9.5/§9.6 保留独立模块，其余合并至 §29） 功能说明书。本文档详细定义了该模块各功能点的字段规格、校验规则、边界条件、交互方式和注意事项。,源码路径+行号、对应运行测试或数据库/Redis/队列证据,N/A：原审计记录未提供补充依据；待复核源码、测试及运行证据。
REQ-CF-03175,core-finance,docs/SPEC-§9-财务模块增强（拆分迁移中）.md,功能说明书：§9 财务模块增强（拆分迁移中）,**适用角色**：管理员（财务）,permission,P1,**适用角色**：管理员（财务）,源码路径+行号、对应运行测试或数据库/Redis/队列证据,N/A：原审计记录未提供补充依据；待复核源码、测试及运行证据。
REQ-CF-03176,core-finance,docs/SPEC-§9-财务模块增强（拆分迁移中）.md,功能说明书：§9 财务模块增强（拆分迁移中）,该模块内容已合并至 §29 资金与对账管理，请跳转查看,logic,P0,该模块内容已合并至 §29 资金与对账管理，请跳转查看,源码路径+行号、对应运行测试或数据库/Redis/队列证据,N/A：原审计记录未提供补充依据；待复核源码、测试及运行证据。
REQ-CF-03177,core-finance,docs/SPEC-§9-财务模块增强（拆分迁移中）.md,功能说明书：§9 财务模块增强（拆分迁移中）,**注意事项**：本 SPEC 文档面向开发者和测试人员，包含字段级定义和校验规则。页面标题旁的 `[?]` 帮助气泡引用本文档内容，点击可查看当前页面功能说明。,test,P1,**注意事项**：本 SPEC 文档面向开发者和测试人员，包含字段级定义和校验规则。页面标题旁的 `[?]` 帮助气泡引用本文档内容，点击可查看当前页面功能说明。,源码路径+行号、对应运行测试或数据库/Redis/队列证据,N/A：原审计记录未提供补充依据；待复核源码、测试及运行证据。
REQ-CF-03178,core-finance,docs/SPEC-§9-财务模块增强（拆分迁移中）.md,功能说明书：§9 财务模块增强（拆分迁移中）,**关联组件**：页面标题右侧 `[?]` 帮助按钮，悬停/点击弹出帮助弹窗。,action,P1,**关联组件**：页面标题右侧 `[?]` 帮助按钮，悬停/点击弹出帮助弹窗。,源码路径+行号、对应运行测试或数据库/Redis/队列证据,N/A：原审计记录未提供补充依据；待复核源码、测试及运行证据。
REQ-CF-03179,core-finance,docs/SPEC-§9-财务模块增强（拆分迁移中）.md,功能说明书：§9 财务模块增强（拆分迁移中）,⚠️ **此文档为构件迁移记录文档（非废弃）** — 原 §9 功能已拆分迁移：,logic,P1,⚠️ **此文档为构件迁移记录文档（非废弃）** — 原 §9 功能已拆分迁移：,源码路径+行号、对应运行测试或数据库/Redis/队列证据,N/A：原审计记录未提供补充依据；待复核源码、测试及运行证据。
REQ-CF-03180,core-finance,docs/SPEC-§9-财务模块增强（拆分迁移中）.md,功能说明书：§9 财务模块增强（拆分迁移中）,- 9.1/9.2/9.3/9.4 合并到 §29 资金与对账管理（[SPEC-§29](SPEC-§29-资金与对账管理.md)）,logic,P0,- 9.1/9.2/9.3/9.4 合并到 §29 资金与对账管理（[SPEC-§29](SPEC-§29-资金与对账管理.md)）,源码路径+行号、对应运行测试或数据库/Redis/队列证据,N/A：原审计记录未提供补充依据；待复核源码、测试及运行证据。
REQ-CF-03181,core-finance,docs/SPEC-§9-财务模块增强（拆分迁移中）.md,功能说明书：§9 财务模块增强（拆分迁移中）,- **9.5 退款自动化（含佣金扣回）** → 独立模块，保留本文档 §9.5 规格,logic,P1,- **9.5 退款自动化（含佣金扣回）** → 独立模块，保留本文档 §9.5 规格,源码路径+行号、对应运行测试或数据库/Redis/队列证据,N/A：原审计记录未提供补充依据；待复核源码、测试及运行证据。
REQ-CF-03182,core-finance,docs/SPEC-§9-财务模块增强（拆分迁移中）.md,功能说明书：§9 财务模块增强（拆分迁移中）,- **9.6 税票统计看板** → 独立模块，保留本文档 §9.6 规格,logic,P1,- **9.6 税票统计看板** → 独立模块，保留本文档 §9.6 规格,源码路径+行号、对应运行测试或数据库/Redis/队列证据,N/A：原审计记录未提供补充依据；待复核源码、测试及运行证据。
REQ-CF-03183,core-finance,docs/SPEC-§9-财务模块增强（拆分迁移中）.md,功能说明书：§9 财务模块增强（拆分迁移中）,本文档不退档，**§9.5 和 §9.6 的规格以此为唯一参考依据**，后续开发需扩展独立深化文档。,logic,P0,本文档不退档，**§9.5 和 §9.6 的规格以此为唯一参考依据**，后续开发需扩展独立深化文档。,源码路径+行号、对应运行测试或数据库/Redis/队列证据,产品裁决/后续阶段
REQ-CF-03184,core-finance,docs/SPEC-§9-财务模块增强（拆分迁移中）.md,功能说明书：§9 财务模块增强（拆分迁移中）,**请参考**：[`SPEC-§29-资金与对账管理.md`](SPEC-§29-资金与对账管理.md),logic,P0,**请参考**：[`SPEC-§29-资金与对账管理.md`](SPEC-§29-资金与对账管理.md),源码路径+行号、对应运行测试或数据库/Redis/队列证据,N/A：原审计记录未提供补充依据；待复核源码、测试及运行证据。
REQ-CF-03185,core-finance,docs/SPEC-§9-财务模块增强（拆分迁移中）.md,子模块迁移对照表,| 9.1 财务总账（科目余额表） | 29.1 平台资金流水 | finance_ledger_snapshots -> platform_ledger（逐笔流水聚合查询），删除双写方案 |,logic,P0,§9 旧模块应满足：9.1 财务总账（科目余额表）,源码路径+行号、对应运行测试或数据库/Redis/队列证据,表格单元格已拆为单一字段断言
REQ-CF-03186,core-finance,docs/SPEC-§9-财务模块增强（拆分迁移中）.md,子模块迁移对照表,| 9.1 财务总账（科目余额表） | 29.1 平台资金流水 | finance_ledger_snapshots -> platform_ledger（逐笔流水聚合查询），删除双写方案 |,logic,P0,§29 新位置应满足：29.1 平台资金流水,源码路径+行号、对应运行测试或数据库/Redis/队列证据,表格单元格已拆为单一字段断言
REQ-CF-03187,core-finance,docs/SPEC-§9-财务模块增强（拆分迁移中）.md,子模块迁移对照表,| 9.1 财务总账（科目余额表） | 29.1 平台资金流水 | finance_ledger_snapshots -> platform_ledger（逐笔流水聚合查询），删除双写方案 |,logic,P1,核心变更应满足：finance_ledger_snapshots -> platform_ledger（逐笔流水聚合查询），删除双写方案,源码路径+行号、对应运行测试或数据库/Redis/队列证据,表格单元格已拆为单一字段断言
REQ-CF-03188,core-finance,docs/SPEC-§9-财务模块增强（拆分迁移中）.md,子模块迁移对照表,| 9.2 月度财务报告 | 29.5 资金报表中心 | 合并日报/周报/月报统一管理 |,logic,P1,§9 旧模块应满足：9.2 月度财务报告,源码路径+行号、对应运行测试或数据库/Redis/队列证据,表格单元格已拆为单一字段断言
REQ-CF-03189,core-finance,docs/SPEC-§9-财务模块增强（拆分迁移中）.md,子模块迁移对照表,| 9.2 月度财务报告 | 29.5 资金报表中心 | 合并日报/周报/月报统一管理 |,logic,P0,§29 新位置应满足：29.5 资金报表中心,源码路径+行号、对应运行测试或数据库/Redis/队列证据,表格单元格已拆为单一字段断言
REQ-CF-03190,core-finance,docs/SPEC-§9-财务模块增强（拆分迁移中）.md,子模块迁移对照表,| 9.2 月度财务报告 | 29.5 资金报表中心 | 合并日报/周报/月报统一管理 |,logic,P1,核心变更应满足：合并日报/周报/月报统一管理,源码路径+行号、对应运行测试或数据库/Redis/队列证据,表格单元格已拆为单一字段断言
REQ-CF-03191,core-finance,docs/SPEC-§9-财务模块增强（拆分迁移中）.md,子模块迁移对照表,| 9.3 财务日报自动推送 | 29.5 资金报表中心 | 统一推送配置 |,logic,P1,§9 旧模块应满足：9.3 财务日报自动推送,源码路径+行号、对应运行测试或数据库/Redis/队列证据,表格单元格已拆为单一字段断言
REQ-CF-03193,core-finance,docs/SPEC-§9-财务模块增强（拆分迁移中）.md,子模块迁移对照表,| 9.3 财务日报自动推送 | 29.5 资金报表中心 | 统一推送配置 |,logic,P1,核心变更应满足：统一推送配置,源码路径+行号、对应运行测试或数据库/Redis/队列证据,表格单元格已拆为单一字段断言
REQ-CF-03194,core-finance,docs/SPEC-§9-财务模块增强（拆分迁移中）.md,子模块迁移对照表,| 9.4 授信额度体系 | 29.6 违约金与逾期管理 | 新增逾期管理配套功能 |,logic,P1,§9 旧模块应满足：9.4 授信额度体系,源码路径+行号、对应运行测试或数据库/Redis/队列证据,表格单元格已拆为单一字段断言
REQ-CF-03195,core-finance,docs/SPEC-§9-财务模块增强（拆分迁移中）.md,子模块迁移对照表,| 9.4 授信额度体系 | 29.6 违约金与逾期管理 | 新增逾期管理配套功能 |,logic,P1,§29 新位置应满足：29.6 违约金与逾期管理,源码路径+行号、对应运行测试或数据库/Redis/队列证据,表格单元格已拆为单一字段断言
REQ-CF-03196,core-finance,docs/SPEC-§9-财务模块增强（拆分迁移中）.md,子模块迁移对照表,| 9.4 授信额度体系 | 29.6 违约金与逾期管理 | 新增逾期管理配套功能 |,logic,P1,核心变更应满足：新增逾期管理配套功能,源码路径+行号、对应运行测试或数据库/Redis/队列证据,表格单元格已拆为单一字段断言
REQ-CF-03197,core-finance,docs/SPEC-§9-财务模块增强（拆分迁移中）.md,子模块迁移对照表,| 9.5 退款自动化 | 独立模块 | 保留 §9.5 规格不变 |,logic,P1,§9 旧模块应满足：9.5 退款自动化,源码路径+行号、对应运行测试或数据库/Redis/队列证据,表格单元格已拆为单一字段断言
REQ-CF-03198,core-finance,docs/SPEC-§9-财务模块增强（拆分迁移中）.md,子模块迁移对照表,| §9 旧模块 | §29 新位置 | 核心变更 |,logic,P1,§29 新位置应满足：独立模块,源码路径+行号、对应运行测试或数据库/Redis/队列证据,表格单元格已拆为单一字段断言
REQ-CF-03199,core-finance,docs/SPEC-§9-财务模块增强（拆分迁移中）.md,子模块迁移对照表,| 9.5 退款自动化 | 独立模块 | 保留 §9.5 规格不变 |,logic,P1,核心变更应满足：保留 §9.5 规格不变,源码路径+行号、对应运行测试或数据库/Redis/队列证据,表格单元格已拆为单一字段断言
REQ-CF-03200,core-finance,docs/SPEC-§9-财务模块增强（拆分迁移中）.md,子模块迁移对照表,| 9.6 税票统计看板 | 独立模块 | 保留 §9.6 规格不变 |,logic,P1,§9 旧模块应满足：9.6 税票统计看板,源码路径+行号、对应运行测试或数据库/Redis/队列证据,表格单元格已拆为单一字段断言
REQ-CF-03202,core-finance,docs/SPEC-§9-财务模块增强（拆分迁移中）.md,子模块迁移对照表,| 9.6 税票统计看板 | 独立模块 | 保留 §9.6 规格不变 |,logic,P1,核心变更应满足：保留 §9.6 规格不变,源码路径+行号、对应运行测试或数据库/Redis/队列证据,表格单元格已拆为单一字段断言
REQ-CF-03203,core-finance,docs/SPEC-§9-财务模块增强（拆分迁移中）.md,数据表变更,## 数据表变更,db,P1,**删除表（不再创建）：**,源码路径+行号、对应运行测试或数据库/Redis/队列证据,N/A：原审计记录未提供补充依据；待复核源码、测试及运行证据。
REQ-CF-03204,core-finance,docs/SPEC-§9-财务模块增强（拆分迁移中）.md,数据表变更,## 数据表变更,db,P0,platform_ledger`（§29.1 定义）-- 逐笔流水作为唯一资金来源,源码路径+行号、对应运行测试或数据库/Redis/队列证据,N/A：原审计记录未提供补充依据；待复核源码、测试及运行证据。
REQ-CF-03205,core-finance,docs/SPEC-§9-财务模块增强（拆分迁移中）.md,数据表变更,## 数据表变更,db,P0,"科目余额汇总通过 `SELECT type, SUM(amount) FROM platform_ledger GROUP BY type` 查询",源码路径+行号、对应运行测试或数据库/Redis/队列证据,N/A：原审计记录未提供补充依据；待复核源码、测试及运行证据。
REQ-CF-03206,core-finance,docs/SPEC-§9-财务模块增强（拆分迁移中）.md,[?] 页面帮助,### [?] 页面帮助,page,P1,**页面名称**：功能说明书：§9 财务模块增强,源码路径+行号、对应运行测试或数据库/Redis/队列证据,N/A：原审计记录未提供补充依据；待复核源码、测试及运行证据。
REQ-CF-03207,core-finance,docs/SPEC-§9-财务模块增强（拆分迁移中）.md,[?] 页面帮助,### [?] 页面帮助,permission,P1,**适用角色**：视具体功能而定（参见总览中的优先级和适用角色说明）,源码路径+行号、对应运行测试或数据库/Redis/队列证据,N/A：原审计记录未提供补充依据；待复核源码、测试及运行证据。
REQ-CF-03208,core-finance,docs/SPEC-§9-财务模块增强（拆分迁移中）.md,[?] 页面帮助,### [?] 页面帮助,page,P1,**功能定位**：该页面提供 功能说明书：§9 财务模块增强 相关的配置、查询和管理能力。,源码路径+行号、对应运行测试或数据库/Redis/队列证据,N/A：原审计记录未提供补充依据；待复核源码、测试及运行证据。
REQ-CF-03209,core-finance,docs/SPEC-§9-财务模块增强（拆分迁移中）.md,[?] 页面帮助,### [?] 页面帮助,page,P1,1. 查看列表 / 详情,源码路径+行号、对应运行测试或数据库/Redis/队列证据,N/A：原审计记录未提供补充依据；待复核源码、测试及运行证据。
REQ-CF-03210,core-finance,docs/SPEC-§9-财务模块增强（拆分迁移中）.md,[?] 页面帮助,### [?] 页面帮助,page,P1,2. 创建 / 编辑 / 删除条目,源码路径+行号、对应运行测试或数据库/Redis/队列证据,N/A：原审计记录未提供补充依据；待复核源码、测试及运行证据。
REQ-CF-03211,core-finance,docs/SPEC-§9-财务模块增强（拆分迁移中）.md,[?] 页面帮助,### [?] 页面帮助,page,P1,3. 筛选 / 搜索 / 导出,源码路径+行号、对应运行测试或数据库/Redis/队列证据,N/A：原审计记录未提供补充依据；待复核源码、测试及运行证据。
REQ-CF-03212,core-finance,docs/SPEC-§9-财务模块增强（拆分迁移中）.md,[?] 页面帮助,### [?] 页面帮助,page,P1,部分操作涉及敏感数据，需二次确认或 2FA 身份验证,源码路径+行号、对应运行测试或数据库/Redis/队列证据,N/A：原审计记录未提供补充依据；待复核源码、测试及运行证据。
REQ-CF-03213,core-finance,docs/SPEC-§9-财务模块增强（拆分迁移中）.md,[?] 页面帮助,### [?] 页面帮助,page,P1,Q: 为什么某些操作不可用？,源码路径+行号、对应运行测试或数据库/Redis/队列证据,N/A：原审计记录未提供补充依据；待复核源码、测试及运行证据。
REQ-CF-03214,core-finance,docs/SPEC-§9-财务模块增强（拆分迁移中）.md,[?] 页面帮助,### [?] 页面帮助,permission,P1,A: 请检查当前账号的权限角色是否包含对应操作权限。,源码路径+行号、对应运行测试或数据库/Redis/队列证据,N/A：原审计记录未提供补充依据；待复核源码、测试及运行证据。
REQ-CF-03215,core-finance,docs/SPEC-§9-财务模块增强（拆分迁移中）.md,[?] 按钮级帮助对照表,| 按钮/操作 | 帮助说明 |,action,P1,按钮/操作应满足：创建/新增,源码路径+行号、对应运行测试或数据库/Redis/队列证据,表格单元格已拆为单一字段断言
REQ-CF-03216,core-finance,docs/SPEC-§9-财务模块增强（拆分迁移中）.md,[?] 按钮级帮助对照表,| 创建/新增 | 添加一条新记录 |,action,P1,帮助说明应满足：添加一条新记录,源码路径+行号、对应运行测试或数据库/Redis/队列证据,表格单元格已拆为单一字段断言
REQ-CF-03217,core-finance,docs/SPEC-§9-财务模块增强（拆分迁移中）.md,[?] 按钮级帮助对照表,| 按钮/操作 | 帮助说明 |,action,P1,按钮/操作应满足：编辑,源码路径+行号、对应运行测试或数据库/Redis/队列证据,表格单元格已拆为单一字段断言
REQ-CF-03218,core-finance,docs/SPEC-§9-财务模块增强（拆分迁移中）.md,[?] 按钮级帮助对照表,| 编辑 | 修改已有记录的字段内容 |,field,P1,帮助说明应满足：修改已有记录的字段内容,源码路径+行号、对应运行测试或数据库/Redis/队列证据,表格单元格已拆为单一字段断言
REQ-CF-03219,core-finance,docs/SPEC-§9-财务模块增强（拆分迁移中）.md,[?] 按钮级帮助对照表,| 按钮/操作 | 帮助说明 |,action,P1,按钮/操作应满足：删除,源码路径+行号、对应运行测试或数据库/Redis/队列证据,表格单元格已拆为单一字段断言
REQ-CF-03220,core-finance,docs/SPEC-§9-财务模块增强（拆分迁移中）.md,[?] 按钮级帮助对照表,| 删除 | 删除选中的记录（不可恢复，需确认） |,action,P1,帮助说明应满足：删除选中的记录（不可恢复，需确认）,源码路径+行号、对应运行测试或数据库/Redis/队列证据,表格单元格已拆为单一字段断言
REQ-CF-03221,core-finance,docs/SPEC-§9-财务模块增强（拆分迁移中）.md,[?] 按钮级帮助对照表,| 按钮/操作 | 帮助说明 |,action,P1,按钮/操作应满足：搜索,源码路径+行号、对应运行测试或数据库/Redis/队列证据,表格单元格已拆为单一字段断言
REQ-CF-03222,core-finance,docs/SPEC-§9-财务模块增强（拆分迁移中）.md,[?] 按钮级帮助对照表,| 搜索 | 按关键词搜索匹配的记录 |,action,P1,帮助说明应满足：按关键词搜索匹配的记录,源码路径+行号、对应运行测试或数据库/Redis/队列证据,表格单元格已拆为单一字段断言
REQ-CF-03223,core-finance,docs/SPEC-§9-财务模块增强（拆分迁移中）.md,[?] 按钮级帮助对照表,| 按钮/操作 | 帮助说明 |,action,P1,按钮/操作应满足：筛选,源码路径+行号、对应运行测试或数据库/Redis/队列证据,表格单元格已拆为单一字段断言
REQ-CF-03224,core-finance,docs/SPEC-§9-财务模块增强（拆分迁移中）.md,[?] 按钮级帮助对照表,| 筛选 | 按选中条件过滤列表 |,action,P1,帮助说明应满足：按选中条件过滤列表,源码路径+行号、对应运行测试或数据库/Redis/队列证据,表格单元格已拆为单一字段断言
REQ-CF-03225,core-finance,docs/SPEC-§9-财务模块增强（拆分迁移中）.md,[?] 按钮级帮助对照表,| 导出 CSV | 将当前列表数据导出为 CSV 文件 |,action,P1,按钮/操作应满足：导出 CSV,源码路径+行号、对应运行测试或数据库/Redis/队列证据,表格单元格已拆为单一字段断言
REQ-CF-03226,core-finance,docs/SPEC-§9-财务模块增强（拆分迁移中）.md,[?] 按钮级帮助对照表,| 导出 CSV | 将当前列表数据导出为 CSV 文件 |,action,P1,帮助说明应满足：将当前列表数据导出为 CSV 文件,源码路径+行号、对应运行测试或数据库/Redis/队列证据,表格单元格已拆为单一字段断言
REQ-CF-03227,core-finance,docs/SPEC-§9-财务模块增强（拆分迁移中）.md,[?] 按钮级帮助对照表,| 按钮/操作 | 帮助说明 |,action,P1,按钮/操作应满足：查看详情,源码路径+行号、对应运行测试或数据库/Redis/队列证据,表格单元格已拆为单一字段断言
REQ-CF-03228,core-finance,docs/SPEC-§9-财务模块增强（拆分迁移中）.md,[?] 按钮级帮助对照表,| 查看详情 | 查看选中记录的完整信息 |,action,P1,帮助说明应满足：查看选中记录的完整信息,源码路径+行号、对应运行测试或数据库/Redis/队列证据,表格单元格已拆为单一字段断言
REQ-CF-03229,core-finance,docs/SPEC-§29-资金与对账管理.md,功能说明书：§29 资金与对账管理,**📖 页面功能说明帮助**,page,P1,**📖 页面功能说明帮助**,源码路径+行号、对应运行测试或数据库/Redis/队列证据,N/A：原审计记录未提供补充依据；待复核源码、测试及运行证据。
REQ-CF-03230,core-finance,docs/SPEC-§29-资金与对账管理.md,功能说明书：§29 资金与对账管理,**页面用途**：资金与对账管理 功能说明书。本文档详细定义了该模块各功能点的字段规格、校验规则、边界条件、交互方式和注意事项。,field,P0,**页面用途**：资金与对账管理 功能说明书。本文档详细定义了该模块各功能点的字段规格、校验规则、边界条件、交互方式和注意事项。,源码路径+行号、对应运行测试或数据库/Redis/队列证据,N/A：原审计记录未提供补充依据；待复核源码、测试及运行证据。
REQ-CF-03231,core-finance,docs/SPEC-§29-资金与对账管理.md,功能说明书：§29 资金与对账管理,**适用角色**：管理员（财务）,permission,P1,**适用角色**：管理员（财务）,源码路径+行号、对应运行测试或数据库/Redis/队列证据,N/A：原审计记录未提供补充依据；待复核源码、测试及运行证据。
REQ-CF-03232,core-finance,docs/SPEC-§29-资金与对账管理.md,功能说明书：§29 资金与对账管理,**注意事项**：本 SPEC 文档面向开发者和测试人员，包含字段级定义和校验规则。页面标题旁的 `[?]` 帮助气泡引用本文档内容，点击可查看当前页面功能说明。,test,P1,**注意事项**：本 SPEC 文档面向开发者和测试人员，包含字段级定义和校验规则。页面标题旁的 `[?]` 帮助气泡引用本文档内容，点击可查看当前页面功能说明。,源码路径+行号、对应运行测试或数据库/Redis/队列证据,N/A：原审计记录未提供补充依据；待复核源码、测试及运行证据。
REQ-CF-03233,core-finance,docs/SPEC-§29-资金与对账管理.md,功能说明书：§29 资金与对账管理,**关联组件**：页面标题右侧 `[?]` 帮助按钮，悬停/点击弹出帮助弹窗。,action,P1,**关联组件**：页面标题右侧 `[?]` 帮助按钮，悬停/点击弹出帮助弹窗。,源码路径+行号、对应运行测试或数据库/Redis/队列证据,N/A：原审计记录未提供补充依据；待复核源码、测试及运行证据。
REQ-CF-03234,core-finance,docs/SPEC-§29-资金与对账管理.md,功能说明书：§29 资金与对账管理,**对应文档**：[`PRD-财务模块增强.md`](PRD-财务模块增强.md)、[`PRD-管理后台.md`](PRD-管理后台.md),logic,P1,**对应文档**：[`PRD-财务模块增强.md`](PRD-财务模块增强.md)、[`PRD-管理后台.md`](PRD-管理后台.md),源码路径+行号、对应运行测试或数据库/Redis/队列证据,N/A：原审计记录未提供补充依据；待复核源码、测试及运行证据。
REQ-CF-03235,core-finance,docs/SPEC-§29-资金与对账管理.md,功能说明书：§29 资金与对账管理,**状态**：草案（仅需求文档）,state,P1,**状态**：草案（仅需求文档）,源码路径+行号、对应运行测试或数据库/Redis/队列证据,N/A：原审计记录未提供补充依据；待复核源码、测试及运行证据。
REQ-CF-03236,core-finance,docs/SPEC-§29-资金与对账管理.md,功能说明书：§29 资金与对账管理,**优先级**：P0（资金流水、资金账户管理、对账差异处理）、P1（财务锁账、资金报表、违约金管理）、P2（多币种、自动结转）,logic,P0,**优先级**：P0（资金流水、资金账户管理、对账差异处理）、P1（财务锁账、资金报表、违约金管理）、P2（多币种、自动结转）,源码路径+行号、对应运行测试或数据库/Redis/队列证据,N/A：原审计记录未提供补充依据；待复核源码、测试及运行证据。
REQ-CF-03237,core-finance,docs/SPEC-§29-资金与对账管理.md,功能描述,### 功能描述,permission,P0,资金管理是财务角色在平台上的核心工作。现有模块偏重报表展示和被动查看，缺少从财务人员日常操作出发的主动管理工具：资金流水追踪、资金账户管理、对账差异处理、财务锁账与结转、资金报表等。,源码路径+行号、对应运行测试或数据库/Redis/队列证据,N/A：原审计记录未提供补充依据；待复核源码、测试及运行证据。
REQ-CF-03238,core-finance,docs/SPEC-§29-资金与对账管理.md,子模块清单,| 29.1 | 平台资金流水 | P0 | 财务人员查看每一笔资金的进出明细 |,logic,P1,编号应满足：29.1,源码路径+行号、对应运行测试或数据库/Redis/队列证据,表格单元格已拆为单一字段断言
REQ-CF-03239,core-finance,docs/SPEC-§29-资金与对账管理.md,子模块清单,| 29.1 | 平台资金流水 | P0 | 财务人员查看每一笔资金的进出明细 |,logic,P0,模块应满足：平台资金流水,源码路径+行号、对应运行测试或数据库/Redis/队列证据,表格单元格已拆为单一字段断言
REQ-CF-03240,core-finance,docs/SPEC-§29-资金与对账管理.md,子模块清单,| 编号 | 模块 | 优先级 | 核心价值 |,logic,P0,优先级应满足：P0,源码路径+行号、对应运行测试或数据库/Redis/队列证据,表格单元格已拆为单一字段断言
REQ-CF-03241,core-finance,docs/SPEC-§29-资金与对账管理.md,子模块清单,| 29.1 | 平台资金流水 | P0 | 财务人员查看每一笔资金的进出明细 |,logic,P0,核心价值应满足：财务人员查看每一笔资金的进出明细,源码路径+行号、对应运行测试或数据库/Redis/队列证据,表格单元格已拆为单一字段断言
REQ-CF-03242,core-finance,docs/SPEC-§29-资金与对账管理.md,子模块清单,| 29.2 | 资金账户管理 | P0 | 管理平台自有资金、备付金、冻结资金账户 |,logic,P1,编号应满足：29.2,源码路径+行号、对应运行测试或数据库/Redis/队列证据,表格单元格已拆为单一字段断言
REQ-CF-03243,core-finance,docs/SPEC-§29-资金与对账管理.md,子模块清单,| 29.2 | 资金账户管理 | P0 | 管理平台自有资金、备付金、冻结资金账户 |,logic,P0,模块应满足：资金账户管理,源码路径+行号、对应运行测试或数据库/Redis/队列证据,表格单元格已拆为单一字段断言
REQ-CF-03245,core-finance,docs/SPEC-§29-资金与对账管理.md,子模块清单,| 29.2 | 资金账户管理 | P0 | 管理平台自有资金、备付金、冻结资金账户 |,logic,P0,核心价值应满足：管理平台自有资金、备付金、冻结资金账户,源码路径+行号、对应运行测试或数据库/Redis/队列证据,表格单元格已拆为单一字段断言
REQ-CF-03246,core-finance,docs/SPEC-§29-资金与对账管理.md,子模块清单,| 29.3 | 对账差异处理工作台 | P0 | 集中处理平台-渠道/平台-代理商对账差异 |,logic,P1,编号应满足：29.3,源码路径+行号、对应运行测试或数据库/Redis/队列证据,表格单元格已拆为单一字段断言
REQ-CF-03247,core-finance,docs/SPEC-§29-资金与对账管理.md,子模块清单,| 29.3 | 对账差异处理工作台 | P0 | 集中处理平台-渠道/平台-代理商对账差异 |,logic,P1,模块应满足：对账差异处理工作台,源码路径+行号、对应运行测试或数据库/Redis/队列证据,表格单元格已拆为单一字段断言
REQ-CF-03249,core-finance,docs/SPEC-§29-资金与对账管理.md,子模块清单,| 29.3 | 对账差异处理工作台 | P0 | 集中处理平台-渠道/平台-代理商对账差异 |,logic,P1,核心价值应满足：集中处理平台-渠道/平台-代理商对账差异,源码路径+行号、对应运行测试或数据库/Redis/队列证据,表格单元格已拆为单一字段断言
REQ-CF-03250,core-finance,docs/SPEC-§29-资金与对账管理.md,子模块清单,| 29.4 | 财务锁账与结转 | P1 | 月结锁账，锁定后不可修改，生成结转凭证 |,logic,P1,编号应满足：29.4,源码路径+行号、对应运行测试或数据库/Redis/队列证据,表格单元格已拆为单一字段断言
REQ-CF-03251,core-finance,docs/SPEC-§29-资金与对账管理.md,子模块清单,| 29.4 | 财务锁账与结转 | P1 | 月结锁账，锁定后不可修改，生成结转凭证 |,logic,P1,模块应满足：财务锁账与结转,源码路径+行号、对应运行测试或数据库/Redis/队列证据,表格单元格已拆为单一字段断言
REQ-CF-03252,core-finance,docs/SPEC-§29-资金与对账管理.md,子模块清单,| 编号 | 模块 | 优先级 | 核心价值 |,logic,P1,优先级应满足：P1,源码路径+行号、对应运行测试或数据库/Redis/队列证据,表格单元格已拆为单一字段断言
REQ-CF-03253,core-finance,docs/SPEC-§29-资金与对账管理.md,子模块清单,| 29.4 | 财务锁账与结转 | P1 | 月结锁账，锁定后不可修改，生成结转凭证 |,logic,P1,核心价值应满足：月结锁账，锁定后不可修改，生成结转凭证,源码路径+行号、对应运行测试或数据库/Redis/队列证据,表格单元格已拆为单一字段断言
REQ-CF-03254,core-finance,docs/SPEC-§29-资金与对账管理.md,子模块清单,| 29.5 | 资金报表中心 | P1 | 日报/周报/月报自动生成+推送 |,logic,P1,编号应满足：29.5,源码路径+行号、对应运行测试或数据库/Redis/队列证据,表格单元格已拆为单一字段断言
REQ-CF-03255,core-finance,docs/SPEC-§29-资金与对账管理.md,子模块清单,| 29.5 | 资金报表中心 | P1 | 日报/周报/月报自动生成+推送 |,logic,P0,模块应满足：资金报表中心,源码路径+行号、对应运行测试或数据库/Redis/队列证据,表格单元格已拆为单一字段断言
REQ-CF-03257,core-finance,docs/SPEC-§29-资金与对账管理.md,子模块清单,| 29.5 | 资金报表中心 | P1 | 日报/周报/月报自动生成+推送 |,logic,P1,核心价值应满足：日报/周报/月报自动生成+推送,源码路径+行号、对应运行测试或数据库/Redis/队列证据,表格单元格已拆为单一字段断言
REQ-CF-03258,core-finance,docs/SPEC-§29-资金与对账管理.md,子模块清单,| 29.6 | 违约金与逾期管理 | P1 | 信用额度逾期的罚息计算和催收管理 |,logic,P1,编号应满足：29.6,源码路径+行号、对应运行测试或数据库/Redis/队列证据,表格单元格已拆为单一字段断言
REQ-CF-03259,core-finance,docs/SPEC-§29-资金与对账管理.md,子模块清单,| 29.6 | 违约金与逾期管理 | P1 | 信用额度逾期的罚息计算和催收管理 |,logic,P1,模块应满足：违约金与逾期管理,源码路径+行号、对应运行测试或数据库/Redis/队列证据,表格单元格已拆为单一字段断言
REQ-CF-03261,core-finance,docs/SPEC-§29-资金与对账管理.md,子模块清单,| 29.6 | 违约金与逾期管理 | P1 | 信用额度逾期的罚息计算和催收管理 |,logic,P1,核心价值应满足：信用额度逾期的罚息计算和催收管理,源码路径+行号、对应运行测试或数据库/Redis/队列证据,表格单元格已拆为单一字段断言
REQ-CF-03262,core-finance,docs/SPEC-§29-资金与对账管理.md,子模块清单,| 29.7 | 多币种结算 | P2 | 支持美元/港币结算的汇率管理和换算 |,logic,P1,编号应满足：29.7,源码路径+行号、对应运行测试或数据库/Redis/队列证据,表格单元格已拆为单一字段断言
REQ-CF-03263,core-finance,docs/SPEC-§29-资金与对账管理.md,子模块清单,| 29.7 | 多币种结算 | P2 | 支持美元/港币结算的汇率管理和换算 |,logic,P1,模块应满足：多币种结算,源码路径+行号、对应运行测试或数据库/Redis/队列证据,表格单元格已拆为单一字段断言
REQ-CF-03264,core-finance,docs/SPEC-§29-资金与对账管理.md,子模块清单,| 编号 | 模块 | 优先级 | 核心价值 |,logic,P2,优先级应满足：P2,源码路径+行号、对应运行测试或数据库/Redis/队列证据,表格单元格已拆为单一字段断言
REQ-CF-03265,core-finance,docs/SPEC-§29-资金与对账管理.md,子模块清单,| 29.7 | 多币种结算 | P2 | 支持美元/港币结算的汇率管理和换算 |,logic,P1,核心价值应满足：支持美元/港币结算的汇率管理和换算,源码路径+行号、对应运行测试或数据库/Redis/队列证据,表格单元格已拆为单一字段断言
REQ-CF-03266,core-finance,docs/SPEC-§29-资金与对账管理.md,功能描述,### 功能描述,logic,P0,财务人员查看平台上每一笔资金的进出明细，涵盖用户充值、用户消费、代理商佣金结算、渠道结算、退款、提现、平台内部调账等所有资金变动。,源码路径+行号、对应运行测试或数据库/Redis/队列证据,N/A：原审计记录未提供补充依据；待复核源码、测试及运行证据。
REQ-CF-03267,core-finance,docs/SPEC-§29-资金与对账管理.md,完成能力 / 展示效果,### 完成能力 / 展示效果,logic,P0,**管理后台 → 财务 → 资金流水：**,源码路径+行号、对应运行测试或数据库/Redis/队列证据,N/A：原审计记录未提供补充依据；待复核源码、测试及运行证据。
REQ-CF-03268,core-finance,docs/SPEC-§29-资金与对账管理.md,完成能力 / 展示效果,### 完成能力 / 展示效果,logic,P0,**资金流水详情弹窗（点击某行）：**,源码路径+行号、对应运行测试或数据库/Redis/队列证据,N/A：原审计记录未提供补充依据；待复核源码、测试及运行证据。
REQ-CF-03269,core-finance,docs/SPEC-§29-资金与对账管理.md,资金流水类型,| `user_recharge` | 收入 | 用户充值到平台 |,logic,P1,类型应满足：`user_recharge`,源码路径+行号、对应运行测试或数据库/Redis/队列证据,表格单元格已拆为单一字段断言
REQ-CF-03270,core-finance,docs/SPEC-§29-资金与对账管理.md,资金流水类型,| 类型 | 收入/支出 | 说明 |,logic,P1,收入/支出应满足：收入,源码路径+行号、对应运行测试或数据库/Redis/队列证据,表格单元格已拆为单一字段断言
REQ-CF-03271,core-finance,docs/SPEC-§29-资金与对账管理.md,资金流水类型,| `user_recharge` | 收入 | 用户充值到平台 |,logic,P1,说明应满足：用户充值到平台,源码路径+行号、对应运行测试或数据库/Redis/队列证据,表格单元格已拆为单一字段断言
REQ-CF-03272,core-finance,docs/SPEC-§29-资金与对账管理.md,资金流水类型,| `user_consumption` | 收入 | 用户 API 调用消费（平台收入） |,logic,P1,类型应满足：`user_consumption`,源码路径+行号、对应运行测试或数据库/Redis/队列证据,表格单元格已拆为单一字段断言
REQ-CF-03274,core-finance,docs/SPEC-§29-资金与对账管理.md,资金流水类型,| `user_consumption` | 收入 | 用户 API 调用消费（平台收入） |,api,P1,说明应满足：用户 API 调用消费（平台收入）,源码路径+行号、对应运行测试或数据库/Redis/队列证据,表格单元格已拆为单一字段断言
REQ-CF-03275,core-finance,docs/SPEC-§29-资金与对账管理.md,资金流水类型,| `user_refund` | 支出 | 平台退款给用户 |,logic,P1,类型应满足：`user_refund`,源码路径+行号、对应运行测试或数据库/Redis/队列证据,表格单元格已拆为单一字段断言
REQ-CF-03276,core-finance,docs/SPEC-§29-资金与对账管理.md,资金流水类型,| 类型 | 收入/支出 | 说明 |,logic,P1,收入/支出应满足：支出,源码路径+行号、对应运行测试或数据库/Redis/队列证据,表格单元格已拆为单一字段断言
REQ-CF-03277,core-finance,docs/SPEC-§29-资金与对账管理.md,资金流水类型,| `user_refund` | 支出 | 平台退款给用户 |,logic,P1,说明应满足：平台退款给用户,源码路径+行号、对应运行测试或数据库/Redis/队列证据,表格单元格已拆为单一字段断言
REQ-CF-03278,core-finance,docs/SPEC-§29-资金与对账管理.md,资金流水类型,| `user_recharge_refund` | 支出 | 充值未到账补退 |,logic,P1,类型应满足：`user_recharge_refund`,源码路径+行号、对应运行测试或数据库/Redis/队列证据,表格单元格已拆为单一字段断言
REQ-CF-03280,core-finance,docs/SPEC-§29-资金与对账管理.md,资金流水类型,| `user_recharge_refund` | 支出 | 充值未到账补退 |,logic,P1,说明应满足：充值未到账补退,源码路径+行号、对应运行测试或数据库/Redis/队列证据,表格单元格已拆为单一字段断言
REQ-CF-03281,core-finance,docs/SPEC-§29-资金与对账管理.md,资金流水类型,| `agent_commission` | 支出 | 代理商佣金结算 |,logic,P1,类型应满足：`agent_commission`,源码路径+行号、对应运行测试或数据库/Redis/队列证据,表格单元格已拆为单一字段断言
REQ-CF-03283,core-finance,docs/SPEC-§29-资金与对账管理.md,资金流水类型,| `agent_commission` | 支出 | 代理商佣金结算 |,logic,P1,说明应满足：代理商佣金结算,源码路径+行号、对应运行测试或数据库/Redis/队列证据,表格单元格已拆为单一字段断言
REQ-CF-03284,core-finance,docs/SPEC-§29-资金与对账管理.md,资金流水类型,| `agent_withdraw` | 支出 | 代理商提现 |,logic,P1,类型应满足：`agent_withdraw`,源码路径+行号、对应运行测试或数据库/Redis/队列证据,表格单元格已拆为单一字段断言
REQ-CF-03286,core-finance,docs/SPEC-§29-资金与对账管理.md,资金流水类型,| `agent_withdraw` | 支出 | 代理商提现 |,logic,P1,说明应满足：代理商提现,源码路径+行号、对应运行测试或数据库/Redis/队列证据,表格单元格已拆为单一字段断言
REQ-CF-03287,core-finance,docs/SPEC-§29-资金与对账管理.md,资金流水类型,| `vendor_settlement` | 支出 | 结算给渠道 |,logic,P1,类型应满足：`vendor_settlement`,源码路径+行号、对应运行测试或数据库/Redis/队列证据,表格单元格已拆为单一字段断言
REQ-CF-03289,core-finance,docs/SPEC-§29-资金与对账管理.md,资金流水类型,| `vendor_settlement` | 支出 | 结算给渠道 |,logic,P1,说明应满足：结算给渠道,源码路径+行号、对应运行测试或数据库/Redis/队列证据,表格单元格已拆为单一字段断言
REQ-CF-03290,core-finance,docs/SPEC-§29-资金与对账管理.md,资金流水类型,| `internal_adjust` | ± | 内部调账（人工操作） |,logic,P1,类型应满足：`internal_adjust`,源码路径+行号、对应运行测试或数据库/Redis/队列证据,表格单元格已拆为单一字段断言
REQ-CF-03291,core-finance,docs/SPEC-§29-资金与对账管理.md,资金流水类型,| 类型 | 收入/支出 | 说明 |,logic,P1,收入/支出应满足：±,源码路径+行号、对应运行测试或数据库/Redis/队列证据,表格单元格已拆为单一字段断言
REQ-CF-03292,core-finance,docs/SPEC-§29-资金与对账管理.md,资金流水类型,| `internal_adjust` | ± | 内部调账（人工操作） |,logic,P1,说明应满足：内部调账（人工操作）,源码路径+行号、对应运行测试或数据库/Redis/队列证据,表格单元格已拆为单一字段断言
REQ-CF-03293,core-finance,docs/SPEC-§29-资金与对账管理.md,资金流水类型,| `platform_fee` | 支出 | 平台运营支出（短信/服务器等） |,logic,P1,类型应满足：`platform_fee`,源码路径+行号、对应运行测试或数据库/Redis/队列证据,表格单元格已拆为单一字段断言
REQ-CF-03295,core-finance,docs/SPEC-§29-资金与对账管理.md,资金流水类型,| `platform_fee` | 支出 | 平台运营支出（短信/服务器等） |,logic,P1,说明应满足：平台运营支出（短信/服务器等）,源码路径+行号、对应运行测试或数据库/Redis/队列证据,表格单元格已拆为单一字段断言
REQ-CF-03296,core-finance,docs/SPEC-§29-资金与对账管理.md,资金流水类型,| `credit_repayment` | 收入 | 信用额度还款 |,logic,P1,类型应满足：`credit_repayment`,源码路径+行号、对应运行测试或数据库/Redis/队列证据,表格单元格已拆为单一字段断言
REQ-CF-03298,core-finance,docs/SPEC-§29-资金与对账管理.md,资金流水类型,| `credit_repayment` | 收入 | 信用额度还款 |,logic,P1,说明应满足：信用额度还款,源码路径+行号、对应运行测试或数据库/Redis/队列证据,表格单元格已拆为单一字段断言
REQ-CF-03299,core-finance,docs/SPEC-§29-资金与对账管理.md,□ 流程图一致性校验 — 与对应流程图对比验证流程分支、异常处理、决策节点完全一致,#### □ 流程图一致性校验 — 与对应流程图对比验证流程分支、异常处理、决策节点完全一致,exception,P0,1. 资金流水页展示所有类型的资金变动记录，按时间倒序,源码路径+行号、对应运行测试或数据库/Redis/队列证据,N/A：原审计记录未提供补充依据；待复核源码、测试及运行证据。
REQ-CF-03300,core-finance,docs/SPEC-§29-资金与对账管理.md,□ 流程图一致性校验 — 与对应流程图对比验证流程分支、异常处理、决策节点完全一致,#### □ 流程图一致性校验 — 与对应流程图对比验证流程分支、异常处理、决策节点完全一致,exception,P1,2. 筛选不同类型（充值/消费/佣金/结算等）→ 只显示对应类型,源码路径+行号、对应运行测试或数据库/Redis/队列证据,N/A：原审计记录未提供补充依据；待复核源码、测试及运行证据。
REQ-CF-03301,core-finance,docs/SPEC-§29-资金与对账管理.md,□ 流程图一致性校验 — 与对应流程图对比验证流程分支、异常处理、决策节点完全一致,#### □ 流程图一致性校验 — 与对应流程图对比验证流程分支、异常处理、决策节点完全一致,exception,P1,3. 点击某行 → 弹窗显示完整流水详情（含关联用户/订单/外部单号）,源码路径+行号、对应运行测试或数据库/Redis/队列证据,N/A：原审计记录未提供补充依据；待复核源码、测试及运行证据。
REQ-CF-03302,core-finance,docs/SPEC-§29-资金与对账管理.md,□ 流程图一致性校验 — 与对应流程图对比验证流程分支、异常处理、决策节点完全一致,#### □ 流程图一致性校验 — 与对应流程图对比验证流程分支、异常处理、决策节点完全一致,exception,P1,4. 汇总行显示总收入/总支出/净流入,源码路径+行号、对应运行测试或数据库/Redis/队列证据,N/A：原审计记录未提供补充依据；待复核源码、测试及运行证据。
REQ-CF-03303,core-finance,docs/SPEC-§29-资金与对账管理.md,功能描述,### 功能描述,logic,P0,管理平台的自有资金账户，跟踪平台余额变动，区分可支配资金和冻结资金，支持多账户管理。,源码路径+行号、对应运行测试或数据库/Redis/队列证据,N/A：原审计记录未提供补充依据；待复核源码、测试及运行证据。
REQ-CF-03304,core-finance,docs/SPEC-§29-资金与对账管理.md,完成能力 / 展示效果,### 完成能力 / 展示效果,logic,P0,**管理后台 → 财务 → 资金账户：**,源码路径+行号、对应运行测试或数据库/Redis/队列证据,N/A：原审计记录未提供补充依据；待复核源码、测试及运行证据。
REQ-CF-03305,core-finance,docs/SPEC-§29-资金与对账管理.md,验收标准,### 验收标准,test,P0,1. 资金账户页显示平台总余额和可用余额,源码路径+行号、对应运行测试或数据库/Redis/队列证据,N/A：原审计记录未提供补充依据；待复核源码、测试及运行证据。
REQ-CF-03306,core-finance,docs/SPEC-§29-资金与对账管理.md,验收标准,### 验收标准,test,P0,2. 冻结资金显示明细（代理佣金/未确认充值/进行中提现等）,源码路径+行号、对应运行测试或数据库/Redis/队列证据,N/A：原审计记录未提供补充依据；待复核源码、测试及运行证据。
REQ-CF-03307,core-finance,docs/SPEC-§29-资金与对账管理.md,验收标准,### 验收标准,test,P0,3. 资金变动趋势折线图展示近 30 天变化,源码路径+行号、对应运行测试或数据库/Redis/队列证据,N/A：原审计记录未提供补充依据；待复核源码、测试及运行证据。
REQ-CF-03308,core-finance,docs/SPEC-§29-资金与对账管理.md,验收标准,### 验收标准,test,P0,4. 显示完整的资金构成（充值/消费/渠道结算/佣金/毛利）,源码路径+行号、对应运行测试或数据库/Redis/队列证据,N/A：原审计记录未提供补充依据；待复核源码、测试及运行证据。
REQ-CF-03309,core-finance,docs/SPEC-§29-资金与对账管理.md,功能描述,### 功能描述,logic,P1,集中处理平台与渠道之间、平台与代理商之间的对账差异。当自动对账发现不一致时，财务人员在工作台中查看差异详情、分析原因、标记处理。,源码路径+行号、对应运行测试或数据库/Redis/队列证据,N/A：原审计记录未提供补充依据；待复核源码、测试及运行证据。
REQ-CF-03310,core-finance,docs/SPEC-§29-资金与对账管理.md,完成能力 / 展示效果,### 完成能力 / 展示效果,logic,P1,**管理后台 → 财务 → 对账差异处理：**,源码路径+行号、对应运行测试或数据库/Redis/队列证据,N/A：原审计记录未提供补充依据；待复核源码、测试及运行证据。
REQ-CF-03311,core-finance,docs/SPEC-§29-资金与对账管理.md,验收标准,### 验收标准,test,P1,1. 对账差异工作台展示所有自动检测到的差异项,源码路径+行号、对应运行测试或数据库/Redis/队列证据,N/A：原审计记录未提供补充依据；待复核源码、测试及运行证据。
REQ-CF-03312,core-finance,docs/SPEC-§29-资金与对账管理.md,验收标准,### 验收标准,test,P1,2. 每个差异项显示平台 vs 对方的具体差异金额和明细,源码路径+行号、对应运行测试或数据库/Redis/队列证据,N/A：原审计记录未提供补充依据；待复核源码、测试及运行证据。
REQ-CF-03313,core-finance,docs/SPEC-§29-资金与对账管理.md,验收标准,### 验收标准,test,P1,3. 财务人员选择处理方式（补登/忽略/待核实）→ 状态变更,源码路径+行号、对应运行测试或数据库/Redis/队列证据,N/A：原审计记录未提供补充依据；待复核源码、测试及运行证据。
REQ-CF-03314,core-finance,docs/SPEC-§29-资金与对账管理.md,验收标准,### 验收标准,test,P1,4. 差异统计显示待处理数量和总差异金额,源码路径+行号、对应运行测试或数据库/Redis/队列证据,N/A：原审计记录未提供补充依据；待复核源码、测试及运行证据。
REQ-CF-03315,core-finance,docs/SPEC-§29-资金与对账管理.md,功能描述,### 功能描述,logic,P1,每月财务结账时，可将该月数据锁定，锁定后该月的充值/消费/对账数据不可修改。锁账后自动生成结转凭证，进入下个会计期间。,源码路径+行号、对应运行测试或数据库/Redis/队列证据,N/A：原审计记录未提供补充依据；待复核源码、测试及运行证据。
REQ-CF-03316,core-finance,docs/SPEC-§29-资金与对账管理.md,完成能力 / 展示效果,### 完成能力 / 展示效果,logic,P1,**管理后台 → 财务 → 结账管理：**,源码路径+行号、对应运行测试或数据库/Redis/队列证据,N/A：原审计记录未提供补充依据；待复核源码、测试及运行证据。
REQ-CF-03317,core-finance,docs/SPEC-§29-资金与对账管理.md,完成能力 / 展示效果,### 完成能力 / 展示效果,logic,P1,**已结账月份列表：**,源码路径+行号、对应运行测试或数据库/Redis/队列证据,N/A：原审计记录未提供补充依据；待复核源码、测试及运行证据。
REQ-CF-03318,core-finance,docs/SPEC-§29-资金与对账管理.md,验收标准,### 验收标准,test,P1,"1. 财务人员点击""开始结账"" → 显示结账确认清单 → 确认后锁定",源码路径+行号、对应运行测试或数据库/Redis/队列证据,N/A：原审计记录未提供补充依据；待复核源码、测试及运行证据。
REQ-CF-03319,core-finance,docs/SPEC-§29-资金与对账管理.md,验收标准,### 验收标准,test,P1,2. 锁账后该月所有数据不可修改,源码路径+行号、对应运行测试或数据库/Redis/队列证据,N/A：原审计记录未提供补充依据；待复核源码、测试及运行证据。
REQ-CF-03320,core-finance,docs/SPEC-§29-资金与对账管理.md,验收标准,### 验收标准,test,P1,3. 历史结账记录按月份列表展示,源码路径+行号、对应运行测试或数据库/Redis/队列证据,N/A：原审计记录未提供补充依据；待复核源码、测试及运行证据。
REQ-CF-03321,core-finance,docs/SPEC-§29-资金与对账管理.md,验收标准,### 验收标准,test,P1,4. 超管可临时解锁已结账月份（1 小时后自动重新锁定）,源码路径+行号、对应运行测试或数据库/Redis/队列证据,N/A：原审计记录未提供补充依据；待复核源码、测试及运行证据。
REQ-CF-03322,core-finance,docs/SPEC-§29-资金与对账管理.md,锁账前置检查清单,#### 锁账前置检查清单,logic,P1,"财务人员在点击""开始结账""前，系统自动执行以下检查：",源码路径+行号、对应运行测试或数据库/Redis/队列证据,N/A：原审计记录未提供补充依据；待复核源码、测试及运行证据。
REQ-CF-03323,core-finance,docs/SPEC-§29-资金与对账管理.md,锁账前置检查清单,#### 锁账前置检查清单,logic,P1,检查项应满足：充值对账,源码路径+行号、对应运行测试或数据库/Redis/队列证据,表格单元格已拆为单一字段断言
REQ-CF-03324,core-finance,docs/SPEC-§29-资金与对账管理.md,锁账前置检查清单,#### 锁账前置检查清单,logic,P1,检查方式应满足：日充值总额 vs 银行入账总额,源码路径+行号、对应运行测试或数据库/Redis/队列证据,表格单元格已拆为单一字段断言
REQ-CF-03325,core-finance,docs/SPEC-§29-资金与对账管理.md,锁账前置检查清单,#### 锁账前置检查清单,logic,P1,通过条件应满足：偏差 ≤ ¥10,源码路径+行号、对应运行测试或数据库/Redis/队列证据,表格单元格已拆为单一字段断言
REQ-CF-03326,core-finance,docs/SPEC-§29-资金与对账管理.md,锁账前置检查清单,#### 锁账前置检查清单,logic,P1,失败处理应满足：显示差异明细，阻止结账,源码路径+行号、对应运行测试或数据库/Redis/队列证据,表格单元格已拆为单一字段断言
REQ-CF-03327,core-finance,docs/SPEC-§29-资金与对账管理.md,锁账前置检查清单,#### 锁账前置检查清单,logic,P1,检查项应满足：消费对账,源码路径+行号、对应运行测试或数据库/Redis/队列证据,表格单元格已拆为单一字段断言
REQ-CF-03328,core-finance,docs/SPEC-§29-资金与对账管理.md,锁账前置检查清单,#### 锁账前置检查清单,logic,P1,检查方式应满足：billing_logs vs platform_ledger,源码路径+行号、对应运行测试或数据库/Redis/队列证据,表格单元格已拆为单一字段断言
REQ-CF-03329,core-finance,docs/SPEC-§29-资金与对账管理.md,锁账前置检查清单,#### 锁账前置检查清单,logic,P1,通过条件应满足：偏差 ≤ ¥1,源码路径+行号、对应运行测试或数据库/Redis/队列证据,表格单元格已拆为单一字段断言
REQ-CF-03331,core-finance,docs/SPEC-§29-资金与对账管理.md,锁账前置检查清单,#### 锁账前置检查清单,logic,P1,检查项应满足：对账差异全部处理,源码路径+行号、对应运行测试或数据库/Redis/队列证据,表格单元格已拆为单一字段断言
REQ-CF-03332,core-finance,docs/SPEC-§29-资金与对账管理.md,锁账前置检查清单,#### 锁账前置检查清单,logic,P1,检查方式应满足：对账差异表中所有项已处理,源码路径+行号、对应运行测试或数据库/Redis/队列证据,表格单元格已拆为单一字段断言
REQ-CF-03333,core-finance,docs/SPEC-§29-资金与对账管理.md,锁账前置检查清单,#### 锁账前置检查清单,logic,P1,通过条件应满足：0 项待处理,源码路径+行号、对应运行测试或数据库/Redis/队列证据,表格单元格已拆为单一字段断言
REQ-CF-03334,core-finance,docs/SPEC-§29-资金与对账管理.md,锁账前置检查清单,#### 锁账前置检查清单,logic,P1,失败处理应满足：列出待处理差异数,源码路径+行号、对应运行测试或数据库/Redis/队列证据,表格单元格已拆为单一字段断言
REQ-CF-03335,core-finance,docs/SPEC-§29-资金与对账管理.md,锁账前置检查清单,#### 锁账前置检查清单,logic,P1,检查项应满足：退款全部处理,源码路径+行号、对应运行测试或数据库/Redis/队列证据,表格单元格已拆为单一字段断言
REQ-CF-03336,core-finance,docs/SPEC-§29-资金与对账管理.md,锁账前置检查清单,#### 锁账前置检查清单,state,P1,检查方式应满足：退款表中无 pending 状态的退款,源码路径+行号、对应运行测试或数据库/Redis/队列证据,表格单元格已拆为单一字段断言
REQ-CF-03337,core-finance,docs/SPEC-§29-资金与对账管理.md,锁账前置检查清单,#### 锁账前置检查清单,logic,P1,通过条件应满足：所有退款已确认,源码路径+行号、对应运行测试或数据库/Redis/队列证据,表格单元格已拆为单一字段断言
REQ-CF-03338,core-finance,docs/SPEC-§29-资金与对账管理.md,锁账前置检查清单,#### 锁账前置检查清单,logic,P1,失败处理应满足：列出待处理退款,源码路径+行号、对应运行测试或数据库/Redis/队列证据,表格单元格已拆为单一字段断言
REQ-CF-03339,core-finance,docs/SPEC-§29-资金与对账管理.md,锁账前置检查清单,#### 锁账前置检查清单,logic,P1,检查项应满足：发票全部开具,源码路径+行号、对应运行测试或数据库/Redis/队列证据,表格单元格已拆为单一字段断言
REQ-CF-03340,core-finance,docs/SPEC-§29-资金与对账管理.md,锁账前置检查清单,#### 锁账前置检查清单,logic,P1,检查方式应满足：该月所有用户账单已生成,源码路径+行号、对应运行测试或数据库/Redis/队列证据,表格单元格已拆为单一字段断言
REQ-CF-03341,core-finance,docs/SPEC-§29-资金与对账管理.md,锁账前置检查清单,#### 锁账前置检查清单,logic,P1,通过条件应满足：账单生成率 100%,源码路径+行号、对应运行测试或数据库/Redis/队列证据,表格单元格已拆为单一字段断言
REQ-CF-03342,core-finance,docs/SPEC-§29-资金与对账管理.md,锁账前置检查清单,#### 锁账前置检查清单,logic,P1,失败处理应满足：列出未生成账单的用户,源码路径+行号、对应运行测试或数据库/Redis/队列证据,表格单元格已拆为单一字段断言
REQ-CF-03343,core-finance,docs/SPEC-§29-资金与对账管理.md,锁账前置检查清单,#### 锁账前置检查清单,logic,P1,检查项应满足：佣金全部结算,源码路径+行号、对应运行测试或数据库/Redis/队列证据,表格单元格已拆为单一字段断言
REQ-CF-03344,core-finance,docs/SPEC-§29-资金与对账管理.md,锁账前置检查清单,#### 锁账前置检查清单,logic,P1,检查方式应满足：该月 agent_commissions 全部 settled,源码路径+行号、对应运行测试或数据库/Redis/队列证据,表格单元格已拆为单一字段断言
REQ-CF-03345,core-finance,docs/SPEC-§29-资金与对账管理.md,锁账前置检查清单,#### 锁账前置检查清单,logic,P1,通过条件应满足：100% settled,源码路径+行号、对应运行测试或数据库/Redis/队列证据,表格单元格已拆为单一字段断言
REQ-CF-03346,core-finance,docs/SPEC-§29-资金与对账管理.md,锁账前置检查清单,#### 锁账前置检查清单,logic,P1,失败处理应满足：列出未结算项,源码路径+行号、对应运行测试或数据库/Redis/队列证据,表格单元格已拆为单一字段断言
REQ-CF-03347,core-finance,docs/SPEC-§29-资金与对账管理.md,锁账前置检查清单,#### 锁账前置检查清单,logic,P1,检查项应满足：会计恒等式,源码路径+行号、对应运行测试或数据库/Redis/队列证据,表格单元格已拆为单一字段断言
REQ-CF-03348,core-finance,docs/SPEC-§29-资金与对账管理.md,锁账前置检查清单,#### 锁账前置检查清单,logic,P1,检查方式应满足：期初+收入-支出=期末,源码路径+行号、对应运行测试或数据库/Redis/队列证据,表格单元格已拆为单一字段断言
REQ-CF-03350,core-finance,docs/SPEC-§29-资金与对账管理.md,锁账前置检查清单,#### 锁账前置检查清单,logic,P1,失败处理应满足：显示恒等式偏差详情,源码路径+行号、对应运行测试或数据库/Redis/队列证据,表格单元格已拆为单一字段断言
REQ-CF-03351,core-finance,docs/SPEC-§29-资金与对账管理.md,锁账后异常修改审批流程,| 充值订单修正 | super_admin + 财务双签 | 仅限锁账后 3 天内 |,exception,P1,修改类型应满足：充值订单修正,源码路径+行号、对应运行测试或数据库/Redis/队列证据,表格单元格已拆为单一字段断言
REQ-CF-03352,core-finance,docs/SPEC-§29-资金与对账管理.md,锁账后异常修改审批流程,| 充值订单修正 | super_admin + 财务双签 | 仅限锁账后 3 天内 |,exception,P1,审批流程应满足：super_admin + 财务双签,源码路径+行号、对应运行测试或数据库/Redis/队列证据,表格单元格已拆为单一字段断言
REQ-CF-03353,core-finance,docs/SPEC-§29-资金与对账管理.md,锁账后异常修改审批流程,| 充值订单修正 | super_admin + 财务双签 | 仅限锁账后 3 天内 |,exception,P1,时效应满足：仅限锁账后 3 天内,源码路径+行号、对应运行测试或数据库/Redis/队列证据,表格单元格已拆为单一字段断言
REQ-CF-03354,core-finance,docs/SPEC-§29-资金与对账管理.md,锁账后异常修改审批流程,| 计费日志修正 | super_admin + 技术负责人 | 需提供根因分析 |,exception,P1,修改类型应满足：计费日志修正,源码路径+行号、对应运行测试或数据库/Redis/队列证据,表格单元格已拆为单一字段断言
REQ-CF-03355,core-finance,docs/SPEC-§29-资金与对账管理.md,锁账后异常修改审批流程,| 计费日志修正 | super_admin + 技术负责人 | 需提供根因分析 |,exception,P1,审批流程应满足：super_admin + 技术负责人,源码路径+行号、对应运行测试或数据库/Redis/队列证据,表格单元格已拆为单一字段断言
REQ-CF-03356,core-finance,docs/SPEC-§29-资金与对账管理.md,锁账后异常修改审批流程,| 计费日志修正 | super_admin + 技术负责人 | 需提供根因分析 |,exception,P1,时效应满足：需提供根因分析,源码路径+行号、对应运行测试或数据库/Redis/队列证据,表格单元格已拆为单一字段断言
REQ-CF-03357,core-finance,docs/SPEC-§29-资金与对账管理.md,锁账后异常修改审批流程,| 修改类型 | 审批流程 | 时效 |,exception,P1,修改类型应满足：佣金重算,源码路径+行号、对应运行测试或数据库/Redis/队列证据,表格单元格已拆为单一字段断言
REQ-CF-03359,core-finance,docs/SPEC-§29-资金与对账管理.md,锁账后异常修改审批流程,| 佣金重算 | super_admin + 财务双签 | 仅限系统 Bug 场景 |,exception,P1,时效应满足：仅限系统 Bug 场景,源码路径+行号、对应运行测试或数据库/Redis/队列证据,表格单元格已拆为单一字段断言
REQ-CF-03360,core-finance,docs/SPEC-§29-资金与对账管理.md,锁账后异常修改审批流程,| 退款处理 | super_admin + 财务双签 | 需线下流程,exception,P1,| 退款处理 | super_admin + 财务双签 | 需线下流程,源码路径+行号、对应运行测试或数据库/Redis/队列证据,N/A：原审计记录未提供补充依据；待复核源码、测试及运行证据。
REQ-CF-03361,core-finance,docs/SPEC-§29-资金与对账管理.md,跨月结转规则,| 新月份开始 | 上月锁账后自动开启新会计期 |,logic,P1,场景应满足：新月份开始,源码路径+行号、对应运行测试或数据库/Redis/队列证据,表格单元格已拆为单一字段断言
REQ-CF-03362,core-finance,docs/SPEC-§29-资金与对账管理.md,跨月结转规则,| 新月份开始 | 上月锁账后自动开启新会计期 |,logic,P1,处理方式应满足：上月锁账后自动开启新会计期,源码路径+行号、对应运行测试或数据库/Redis/队列证据,表格单元格已拆为单一字段断言
REQ-CF-03363,core-finance,docs/SPEC-§29-资金与对账管理.md,跨月结转规则,| 跨月消费归属 | 按请求发起时间归属（即使响应跨月） |,logic,P1,场景应满足：跨月消费归属,源码路径+行号、对应运行测试或数据库/Redis/队列证据,表格单元格已拆为单一字段断言
REQ-CF-03364,core-finance,docs/SPEC-§29-资金与对账管理.md,跨月结转规则,| 跨月消费归属 | 按请求发起时间归属（即使响应跨月） |,logic,P1,处理方式应满足：按请求发起时间归属（即使响应跨月）,源码路径+行号、对应运行测试或数据库/Redis/队列证据,表格单元格已拆为单一字段断言
REQ-CF-03365,core-finance,docs/SPEC-§29-资金与对账管理.md,跨月结转规则,| 跨月退款 | 从当前月余额扣减，不影响已锁账月份 |,logic,P1,场景应满足：跨月退款,源码路径+行号、对应运行测试或数据库/Redis/队列证据,表格单元格已拆为单一字段断言
REQ-CF-03366,core-finance,docs/SPEC-§29-资金与对账管理.md,跨月结转规则,| 跨月退款 | 从当前月余额扣减，不影响已锁账月份 |,logic,P0,处理方式应满足：从当前月余额扣减，不影响已锁账月份,源码路径+行号、对应运行测试或数据库/Redis/队列证据,表格单元格已拆为单一字段断言
REQ-CF-03367,core-finance,docs/SPEC-§29-资金与对账管理.md,跨月结转规则,| 跨月佣金调整 | 在当前月生成补发/回收记录 |,logic,P1,场景应满足：跨月佣金调整,源码路径+行号、对应运行测试或数据库/Redis/队列证据,表格单元格已拆为单一字段断言
REQ-CF-03368,core-finance,docs/SPEC-§29-资金与对账管理.md,跨月结转规则,| 跨月佣金调整 | 在当前月生成补发/回收记录 |,logic,P1,处理方式应满足：在当前月生成补发/回收记录,源码路径+行号、对应运行测试或数据库/Redis/队列证据,表格单元格已拆为单一字段断言
REQ-CF-03369,core-finance,docs/SPEC-§29-资金与对账管理.md,跨月结转规则,| 年度结转 | 每年 1 月 1 日自动创建新会计年度 |,logic,P1,场景应满足：年度结转,源码路径+行号、对应运行测试或数据库/Redis/队列证据,表格单元格已拆为单一字段断言
REQ-CF-03370,core-finance,docs/SPEC-§29-资金与对账管理.md,跨月结转规则,| 年度结转 | 每年 1 月 1 日自动创建新会计年度 |,logic,P1,处理方式应满足：每年 1 月 1 日自动创建新会计年度,源码路径+行号、对应运行测试或数据库/Redis/队列证据,表格单元格已拆为单一字段断言
REQ-CF-03371,core-finance,docs/SPEC-§29-资金与对账管理.md,功能描述,### 功能描述,logic,P0,自动生成日报/周报/月报资金报表，支持定时推送和 PDF 下载。替代财务人员手动汇总数据。,源码路径+行号、对应运行测试或数据库/Redis/队列证据,N/A：原审计记录未提供补充依据；待复核源码、测试及运行证据。
REQ-CF-03372,core-finance,docs/SPEC-§29-资金与对账管理.md,完成能力 / 展示效果,### 完成能力 / 展示效果,logic,P0,**管理后台 → 财务 → 资金报表：**,源码路径+行号、对应运行测试或数据库/Redis/队列证据,N/A：原审计记录未提供补充依据；待复核源码、测试及运行证据。
REQ-CF-03373,core-finance,docs/SPEC-§29-资金与对账管理.md,验收标准,### 验收标准,test,P0,"1. 点击""生成日报"" → 显示完整资金日报内容 → 支持 PDF 下载",源码路径+行号、对应运行测试或数据库/Redis/队列证据,N/A：原审计记录未提供补充依据；待复核源码、测试及运行证据。
REQ-CF-03374,core-finance,docs/SPEC-§29-资金与对账管理.md,验收标准,### 验收标准,test,P1,2. 配置定时推送 → 每天 09:00 自动生成并推送到指定邮箱,源码路径+行号、对应运行测试或数据库/Redis/队列证据,N/A：原审计记录未提供补充依据；待复核源码、测试及运行证据。
REQ-CF-03375,core-finance,docs/SPEC-§29-资金与对账管理.md,验收标准,### 验收标准,test,P1,3. 月报包含本月完整财务数据,源码路径+行号、对应运行测试或数据库/Redis/队列证据,N/A：原审计记录未提供补充依据；待复核源码、测试及运行证据。
REQ-CF-03376,core-finance,docs/SPEC-§29-资金与对账管理.md,功能描述,### 功能描述,action,P1,管理信用额度授信用户的逾期还款，包括罚息计算、催收通知、逾期分级处理。,源码路径+行号、对应运行测试或数据库/Redis/队列证据,N/A：原审计记录未提供补充依据；待复核源码、测试及运行证据。
REQ-CF-03377,core-finance,docs/SPEC-§29-资金与对账管理.md,完成能力 / 展示效果,### 完成能力 / 展示效果,logic,P1,**管理后台 → 财务 → 逾期管理：**,源码路径+行号、对应运行测试或数据库/Redis/队列证据,N/A：原审计记录未提供补充依据；待复核源码、测试及运行证据。
REQ-CF-03378,core-finance,docs/SPEC-§29-资金与对账管理.md,验收标准,### 验收标准,test,P1,1. 逾期列表显示所有信用额度逾期的用户及逾期天数,源码路径+行号、对应运行测试或数据库/Redis/队列证据,N/A：原审计记录未提供补充依据；待复核源码、测试及运行证据。
REQ-CF-03379,core-finance,docs/SPEC-§29-资金与对账管理.md,验收标准,### 验收标准,test,P1,2. 罚息自动计算并展示,源码路径+行号、对应运行测试或数据库/Redis/队列证据,N/A：原审计记录未提供补充依据；待复核源码、测试及运行证据。
REQ-CF-03380,core-finance,docs/SPEC-§29-资金与对账管理.md,验收标准,### 验收标准,test,P1,3. 管理员可减免罚息、暂停额度,源码路径+行号、对应运行测试或数据库/Redis/队列证据,N/A：原审计记录未提供补充依据；待复核源码、测试及运行证据。
REQ-CF-03381,core-finance,docs/SPEC-§29-资金与对账管理.md,验收标准,### 验收标准,test,P1,4. 自动催收通知按逾期天数分阶段发送,源码路径+行号、对应运行测试或数据库/Redis/队列证据,N/A：原审计记录未提供补充依据；待复核源码、测试及运行证据。
REQ-CF-03382,core-finance,docs/SPEC-§29-资金与对账管理.md,功能描述,### 功能描述,logic,P1,支持美元/港币等多币种结算，自动汇率换算，适配海外渠道结算需求。,源码路径+行号、对应运行测试或数据库/Redis/队列证据,N/A：原审计记录未提供补充依据；待复核源码、测试及运行证据。
REQ-CF-03383,core-finance,docs/SPEC-§29-资金与对账管理.md,完成能力 / 展示效果,### 完成能力 / 展示效果,logic,P1,**管理后台 → 财务 → 多币种管理：**,源码路径+行号、对应运行测试或数据库/Redis/队列证据,N/A：原审计记录未提供补充依据；待复核源码、测试及运行证据。
REQ-CF-03384,core-finance,docs/SPEC-§29-资金与对账管理.md,验收标准,### 验收标准,test,P1,1. 汇率管理展示当前各币种汇率,源码路径+行号、对应运行测试或数据库/Redis/队列证据,N/A：原审计记录未提供补充依据；待复核源码、测试及运行证据。
REQ-CF-03385,core-finance,docs/SPEC-§29-资金与对账管理.md,验收标准,### 验收标准,test,P1,3. 渠道结算时可看到本币金额和人民币换算金额,源码路径+行号、对应运行测试或数据库/Redis/队列证据,N/A：原审计记录未提供补充依据；待复核源码、测试及运行证据。
REQ-CF-03386,core-finance,docs/SPEC-§29-资金与对账管理.md,资金管理模块总览,| 资金流水 | P0 | 每一笔资金进出可追溯 | 现有 finance 模块缺乏流水总账 |,logic,P0,模块应满足：资金流水,源码路径+行号、对应运行测试或数据库/Redis/队列证据,表格单元格已拆为单一字段断言
REQ-CF-03387,core-finance,docs/SPEC-§29-资金与对账管理.md,资金管理模块总览,| 模块 | 优先级 | 核心价值 | 已有功能参考 |,logic,P0,优先级应满足：P0,源码路径+行号、对应运行测试或数据库/Redis/队列证据,表格单元格已拆为单一字段断言
REQ-CF-03388,core-finance,docs/SPEC-§29-资金与对账管理.md,资金管理模块总览,| 资金流水 | P0 | 每一笔资金进出可追溯 | 现有 finance 模块缺乏流水总账 |,logic,P0,核心价值应满足：每一笔资金进出可追溯,源码路径+行号、对应运行测试或数据库/Redis/队列证据,表格单元格已拆为单一字段断言
REQ-CF-03389,core-finance,docs/SPEC-§29-资金与对账管理.md,资金管理模块总览,| 资金流水 | P0 | 每一笔资金进出可追溯 | 现有 finance 模块缺乏流水总账 |,logic,P1,已有功能参考应满足：现有 finance 模块缺乏流水总账,源码路径+行号、对应运行测试或数据库/Redis/队列证据,表格单元格已拆为单一字段断言
REQ-CF-03390,core-finance,docs/SPEC-§29-资金与对账管理.md,资金管理模块总览,| 资金账户管理 | P0 | 平台总余额/可用/冻结清晰可见 | 现有 dashboard 只显示简版余额 |,logic,P0,模块应满足：资金账户管理,源码路径+行号、对应运行测试或数据库/Redis/队列证据,表格单元格已拆为单一字段断言
REQ-CF-03392,core-finance,docs/SPEC-§29-资金与对账管理.md,资金管理模块总览,| 资金账户管理 | P0 | 平台总余额/可用/冻结清晰可见 | 现有 dashboard 只显示简版余额 |,logic,P0,核心价值应满足：平台总余额/可用/冻结清晰可见,源码路径+行号、对应运行测试或数据库/Redis/队列证据,表格单元格已拆为单一字段断言
REQ-CF-03393,core-finance,docs/SPEC-§29-资金与对账管理.md,资金管理模块总览,| 资金账户管理 | P0 | 平台总余额/可用/冻结清晰可见 | 现有 dashboard 只显示简版余额 |,logic,P0,已有功能参考应满足：现有 dashboard 只显示简版余额,源码路径+行号、对应运行测试或数据库/Redis/队列证据,表格单元格已拆为单一字段断言
REQ-CF-03394,core-finance,docs/SPEC-§29-资金与对账管理.md,资金管理模块总览,| 对账差异处理 | P0 | 系统性处理对账发现的差异 | 现有 reconciliation 只有对账无差异处理工作台 |,logic,P1,模块应满足：对账差异处理,源码路径+行号、对应运行测试或数据库/Redis/队列证据,表格单元格已拆为单一字段断言
REQ-CF-03396,core-finance,docs/SPEC-§29-资金与对账管理.md,资金管理模块总览,| 对账差异处理 | P0 | 系统性处理对账发现的差异 | 现有 reconciliation 只有对账无差异处理工作台 |,logic,P1,核心价值应满足：系统性处理对账发现的差异,源码路径+行号、对应运行测试或数据库/Redis/队列证据,表格单元格已拆为单一字段断言
REQ-CF-03397,core-finance,docs/SPEC-§29-资金与对账管理.md,资金管理模块总览,| 对账差异处理 | P0 | 系统性处理对账发现的差异 | 现有 reconciliation 只有对账无差异处理工作台 |,logic,P1,已有功能参考应满足：现有 reconciliation 只有对账无差异处理工作台,源码路径+行号、对应运行测试或数据库/Redis/队列证据,表格单元格已拆为单一字段断言
REQ-CF-03398,core-finance,docs/SPEC-§29-资金与对账管理.md,资金管理模块总览,| 财务锁账与结转 | P1 | 月结锁账保障数据一致性 | 完全缺失 |,logic,P1,模块应满足：财务锁账与结转,源码路径+行号、对应运行测试或数据库/Redis/队列证据,表格单元格已拆为单一字段断言
REQ-CF-03399,core-finance,docs/SPEC-§29-资金与对账管理.md,资金管理模块总览,| 模块 | 优先级 | 核心价值 | 已有功能参考 |,logic,P1,优先级应满足：P1,源码路径+行号、对应运行测试或数据库/Redis/队列证据,表格单元格已拆为单一字段断言
REQ-CF-03400,core-finance,docs/SPEC-§29-资金与对账管理.md,资金管理模块总览,| 财务锁账与结转 | P1 | 月结锁账保障数据一致性 | 完全缺失 |,logic,P1,核心价值应满足：月结锁账保障数据一致性,源码路径+行号、对应运行测试或数据库/Redis/队列证据,表格单元格已拆为单一字段断言
REQ-CF-03401,core-finance,docs/SPEC-§29-资金与对账管理.md,资金管理模块总览,| 模块 | 优先级 | 核心价值 | 已有功能参考 |,logic,P1,已有功能参考应满足：完全缺失,源码路径+行号、对应运行测试或数据库/Redis/队列证据,表格单元格已拆为单一字段断言
REQ-CF-03402,core-finance,docs/SPEC-§29-资金与对账管理.md,资金管理模块总览,| 资金报表中心 | P1 | 自动生成+推送日报/周报/月报 | 现有仅 PRD 有日报告，规格不完整 |,logic,P0,模块应满足：资金报表中心,源码路径+行号、对应运行测试或数据库/Redis/队列证据,表格单元格已拆为单一字段断言
REQ-CF-03404,core-finance,docs/SPEC-§29-资金与对账管理.md,资金管理模块总览,| 资金报表中心 | P1 | 自动生成+推送日报/周报/月报 | 现有仅 PRD 有日报告，规格不完整 |,logic,P1,核心价值应满足：自动生成+推送日报/周报/月报,源码路径+行号、对应运行测试或数据库/Redis/队列证据,表格单元格已拆为单一字段断言
REQ-CF-03405,core-finance,docs/SPEC-§29-资金与对账管理.md,资金管理模块总览,| 资金报表中心 | P1 | 自动生成+推送日报/周报/月报 | 现有仅 PRD 有日报告，规格不完整 |,logic,P1,已有功能参考应满足：现有仅 PRD 有日报告，规格不完整,源码路径+行号、对应运行测试或数据库/Redis/队列证据,表格单元格已拆为单一字段断言
REQ-CF-03406,core-finance,docs/SPEC-§29-资金与对账管理.md,资金管理模块总览,| 逾期管理 | P1 | 信用额度逾期的系统化管理 | 现有信用额度体系无逾期管理配套 |,logic,P1,模块应满足：逾期管理,源码路径+行号、对应运行测试或数据库/Redis/队列证据,表格单元格已拆为单一字段断言
REQ-CF-03408,core-finance,docs/SPEC-§29-资金与对账管理.md,资金管理模块总览,| 逾期管理 | P1 | 信用额度逾期的系统化管理 | 现有信用额度体系无逾期管理配套 |,logic,P1,核心价值应满足：信用额度逾期的系统化管理,源码路径+行号、对应运行测试或数据库/Redis/队列证据,表格单元格已拆为单一字段断言
REQ-CF-03409,core-finance,docs/SPEC-§29-资金与对账管理.md,资金管理模块总览,| 逾期管理 | P1 | 信用额度逾期的系统化管理 | 现有信用额度体系无逾期管理配套 |,logic,P1,已有功能参考应满足：现有信用额度体系无逾期管理配套,源码路径+行号、对应运行测试或数据库/Redis/队列证据,表格单元格已拆为单一字段断言
REQ-CF-03410,core-finance,docs/SPEC-§29-资金与对账管理.md,资金管理模块总览,| 多币种结算 | P2 | 海外渠道结算支持 | 完全缺失 |,logic,P1,模块应满足：多币种结算,源码路径+行号、对应运行测试或数据库/Redis/队列证据,表格单元格已拆为单一字段断言
REQ-CF-03411,core-finance,docs/SPEC-§29-资金与对账管理.md,资金管理模块总览,| 模块 | 优先级 | 核心价值 | 已有功能参考 |,logic,P2,优先级应满足：P2,源码路径+行号、对应运行测试或数据库/Redis/队列证据,表格单元格已拆为单一字段断言
REQ-CF-03412,core-finance,docs/SPEC-§29-资金与对账管理.md,资金管理模块总览,| 多币种结算 | P2 | 海外渠道结算支持 | 完全缺失 |,logic,P1,核心价值应满足：海外渠道结算支持,源码路径+行号、对应运行测试或数据库/Redis/队列证据,表格单元格已拆为单一字段断言
REQ-CF-03414,core-finance,docs/SPEC-§29-资金与对账管理.md,[?] 页面帮助,### [?] 页面帮助,page,P0,**页面名称**：功能说明书：§29 资金与对账管理,源码路径+行号、对应运行测试或数据库/Redis/队列证据,N/A：原审计记录未提供补充依据；待复核源码、测试及运行证据。
REQ-CF-03415,core-finance,docs/SPEC-§29-资金与对账管理.md,[?] 页面帮助,### [?] 页面帮助,permission,P1,**适用角色**：视具体功能而定（参见总览中的优先级和适用角色说明）,源码路径+行号、对应运行测试或数据库/Redis/队列证据,N/A：原审计记录未提供补充依据；待复核源码、测试及运行证据。
REQ-CF-03416,core-finance,docs/SPEC-§29-资金与对账管理.md,[?] 页面帮助,### [?] 页面帮助,page,P0,**功能定位**：该页面提供 功能说明书：§29 资金与对账管理 相关的配置、查询和管理能力。,源码路径+行号、对应运行测试或数据库/Redis/队列证据,N/A：原审计记录未提供补充依据；待复核源码、测试及运行证据。
REQ-CF-03417,core-finance,docs/SPEC-§29-资金与对账管理.md,[?] 页面帮助,### [?] 页面帮助,page,P1,1. 查看列表 / 详情,源码路径+行号、对应运行测试或数据库/Redis/队列证据,N/A：原审计记录未提供补充依据；待复核源码、测试及运行证据。
REQ-CF-03418,core-finance,docs/SPEC-§29-资金与对账管理.md,[?] 页面帮助,### [?] 页面帮助,page,P1,2. 创建 / 编辑 / 删除条目,源码路径+行号、对应运行测试或数据库/Redis/队列证据,N/A：原审计记录未提供补充依据；待复核源码、测试及运行证据。
REQ-CF-03419,core-finance,docs/SPEC-§29-资金与对账管理.md,[?] 页面帮助,### [?] 页面帮助,page,P1,3. 筛选 / 搜索 / 导出,源码路径+行号、对应运行测试或数据库/Redis/队列证据,N/A：原审计记录未提供补充依据；待复核源码、测试及运行证据。
REQ-CF-03420,core-finance,docs/SPEC-§29-资金与对账管理.md,[?] 页面帮助,### [?] 页面帮助,page,P1,部分操作涉及敏感数据，需二次确认或 2FA 身份验证,源码路径+行号、对应运行测试或数据库/Redis/队列证据,N/A：原审计记录未提供补充依据；待复核源码、测试及运行证据。
REQ-CF-03421,core-finance,docs/SPEC-§29-资金与对账管理.md,[?] 页面帮助,### [?] 页面帮助,page,P1,Q: 为什么某些操作不可用？,源码路径+行号、对应运行测试或数据库/Redis/队列证据,N/A：原审计记录未提供补充依据；待复核源码、测试及运行证据。
REQ-CF-03422,core-finance,docs/SPEC-§29-资金与对账管理.md,[?] 页面帮助,### [?] 页面帮助,permission,P1,A: 请检查当前账号的权限角色是否包含对应操作权限。,源码路径+行号、对应运行测试或数据库/Redis/队列证据,N/A：原审计记录未提供补充依据；待复核源码、测试及运行证据。
REQ-CF-03423,core-finance,docs/SPEC-§29-资金与对账管理.md,提现二审角色配置,### 提现二审角色配置,permission,P1,通过 `site_configs.withdraw_second_review_role` 配置，决定提现二审由哪个角色执行：,源码路径+行号、对应运行测试或数据库/Redis/队列证据,N/A：原审计记录未提供补充依据；待复核源码、测试及运行证据。
REQ-CF-03424,core-finance,docs/SPEC-§29-资金与对账管理.md,提现二审角色配置,### 提现二审角色配置,permission,P1,配置值应满足：`agent_mgr`,源码路径+行号、对应运行测试或数据库/Redis/队列证据,表格单元格已拆为单一字段断言
REQ-CF-03425,core-finance,docs/SPEC-§29-资金与对账管理.md,提现二审角色配置,### 提现二审角色配置,permission,P1,角色应满足：代理管理岗,源码路径+行号、对应运行测试或数据库/Redis/队列证据,表格单元格已拆为单一字段断言
REQ-CF-03426,core-finance,docs/SPEC-§29-资金与对账管理.md,提现二审角色配置,### 提现二审角色配置,permission,P1,说明应满足：默认值，由代理管理员二审,源码路径+行号、对应运行测试或数据库/Redis/队列证据,表格单元格已拆为单一字段断言
REQ-CF-03427,core-finance,docs/SPEC-§29-资金与对账管理.md,提现二审角色配置,### 提现二审角色配置,permission,P1,配置值应满足：`operator`,源码路径+行号、对应运行测试或数据库/Redis/队列证据,表格单元格已拆为单一字段断言
REQ-CF-03428,core-finance,docs/SPEC-§29-资金与对账管理.md,提现二审角色配置,### 提现二审角色配置,permission,P1,角色应满足：运营岗,源码路径+行号、对应运行测试或数据库/Redis/队列证据,表格单元格已拆为单一字段断言
REQ-CF-03429,core-finance,docs/SPEC-§29-资金与对账管理.md,提现二审角色配置,### 提现二审角色配置,permission,P1,说明应满足：由运营人员二审,源码路径+行号、对应运行测试或数据库/Redis/队列证据,表格单元格已拆为单一字段断言
REQ-CF-03430,core-finance,docs/SPEC-§29-资金与对账管理.md,提现二审角色配置,### 提现二审角色配置,permission,P1,**配置项：** `site_configs.withdraw_second_review_role,源码路径+行号、对应运行测试或数据库/Redis/队列证据,N/A：原审计记录未提供补充依据；待复核源码、测试及运行证据。
REQ-CF-03431,core-finance,docs/SPEC-§29-资金与对账管理.md,提现二审角色配置,### 提现二审角色配置,permission,P1,**权限矩阵影响：** 当 `withdraw_second_review_role = 'operator'` 时，运营角色获得提现二审权限（`withdraw:second_review`）。,源码路径+行号、对应运行测试或数据库/Redis/队列证据,N/A：原审计记录未提供补充依据；待复核源码、测试及运行证据。
REQ-CF-03432,core-finance,docs/SPEC-§29-资金与对账管理.md,提现二审角色配置,### 提现二审角色配置,permission,P1,"**流程图对应：** 泳道图 2（代理提现双审流程）中的""复审审核员""角色根据此配置动态变化。",源码路径+行号、对应运行测试或数据库/Redis/队列证据,N/A：原审计记录未提供补充依据；待复核源码、测试及运行证据。
REQ-CF-03433,core-finance,docs/SPEC-§29-资金与对账管理.md,[?] 按钮级帮助对照表,| 按钮/操作 | 帮助说明 |,action,P1,按钮/操作应满足：创建/新增,源码路径+行号、对应运行测试或数据库/Redis/队列证据,表格单元格已拆为单一字段断言
REQ-CF-03434,core-finance,docs/SPEC-§29-资金与对账管理.md,[?] 按钮级帮助对照表,| 创建/新增 | 添加一条新记录 |,action,P1,帮助说明应满足：添加一条新记录,源码路径+行号、对应运行测试或数据库/Redis/队列证据,表格单元格已拆为单一字段断言
REQ-CF-03435,core-finance,docs/SPEC-§29-资金与对账管理.md,[?] 按钮级帮助对照表,| 按钮/操作 | 帮助说明 |,action,P1,按钮/操作应满足：编辑,源码路径+行号、对应运行测试或数据库/Redis/队列证据,表格单元格已拆为单一字段断言
REQ-CF-03436,core-finance,docs/SPEC-§29-资金与对账管理.md,[?] 按钮级帮助对照表,| 编辑 | 修改已有记录的字段内容 |,field,P1,帮助说明应满足：修改已有记录的字段内容,源码路径+行号、对应运行测试或数据库/Redis/队列证据,表格单元格已拆为单一字段断言
REQ-CF-03437,core-finance,docs/SPEC-§29-资金与对账管理.md,[?] 按钮级帮助对照表,| 按钮/操作 | 帮助说明 |,action,P1,按钮/操作应满足：删除,源码路径+行号、对应运行测试或数据库/Redis/队列证据,表格单元格已拆为单一字段断言
REQ-CF-03438,core-finance,docs/SPEC-§29-资金与对账管理.md,[?] 按钮级帮助对照表,| 删除 | 删除选中的记录（不可恢复，需确认） |,action,P1,帮助说明应满足：删除选中的记录（不可恢复，需确认）,源码路径+行号、对应运行测试或数据库/Redis/队列证据,表格单元格已拆为单一字段断言
REQ-CF-03439,core-finance,docs/SPEC-§29-资金与对账管理.md,[?] 按钮级帮助对照表,| 按钮/操作 | 帮助说明 |,action,P1,按钮/操作应满足：搜索,源码路径+行号、对应运行测试或数据库/Redis/队列证据,表格单元格已拆为单一字段断言
REQ-CF-03440,core-finance,docs/SPEC-§29-资金与对账管理.md,[?] 按钮级帮助对照表,| 搜索 | 按关键词搜索匹配的记录 |,action,P1,帮助说明应满足：按关键词搜索匹配的记录,源码路径+行号、对应运行测试或数据库/Redis/队列证据,表格单元格已拆为单一字段断言
REQ-CF-03441,core-finance,docs/SPEC-§29-资金与对账管理.md,[?] 按钮级帮助对照表,| 按钮/操作 | 帮助说明 |,action,P1,按钮/操作应满足：筛选,源码路径+行号、对应运行测试或数据库/Redis/队列证据,表格单元格已拆为单一字段断言
REQ-CF-03442,core-finance,docs/SPEC-§29-资金与对账管理.md,[?] 按钮级帮助对照表,| 筛选 | 按选中条件过滤列表 |,action,P1,帮助说明应满足：按选中条件过滤列表,源码路径+行号、对应运行测试或数据库/Redis/队列证据,表格单元格已拆为单一字段断言
REQ-CF-03443,core-finance,docs/SPEC-§29-资金与对账管理.md,[?] 按钮级帮助对照表,| 导出 CSV | 将当前列表数据导出为 CSV 文件 |,action,P1,按钮/操作应满足：导出 CSV,源码路径+行号、对应运行测试或数据库/Redis/队列证据,表格单元格已拆为单一字段断言
REQ-CF-03444,core-finance,docs/SPEC-§29-资金与对账管理.md,[?] 按钮级帮助对照表,| 导出 CSV | 将当前列表数据导出为 CSV 文件 |,action,P1,帮助说明应满足：将当前列表数据导出为 CSV 文件,源码路径+行号、对应运行测试或数据库/Redis/队列证据,表格单元格已拆为单一字段断言
REQ-CF-03445,core-finance,docs/SPEC-§29-资金与对账管理.md,[?] 按钮级帮助对照表,| 按钮/操作 | 帮助说明 |,action,P1,按钮/操作应满足：查看详情,源码路径+行号、对应运行测试或数据库/Redis/队列证据,表格单元格已拆为单一字段断言
REQ-CF-03446,core-finance,docs/SPEC-§29-资金与对账管理.md,[?] 按钮级帮助对照表,| 查看详情 | 查看选中记录的完整信息 |,action,P1,帮助说明应满足：查看选中记录的完整信息,源码路径+行号、对应运行测试或数据库/Redis/队列证据,表格单元格已拆为单一字段断言
REQ-CF-03447,core-finance,docs/SPEC-§29-资金与对账管理.md,29.8 充值→消费→对账全链路运营监控（运营视角补充）,**P0 补充**：2026-07-30 — 资金链路的端到端可见性、自动对账校验、告警机制,performance,P0,**P0 补充**：2026-07-30 — 资金链路的端到端可见性、自动对账校验、告警机制,源码路径+行号、对应运行测试或数据库/Redis/队列证据,N/A：原审计记录未提供补充依据；待复核源码、测试及运行证据。
REQ-CF-03448,core-finance,docs/SPEC-§29-资金与对账管理.md,29.8.2.1 充值链路（支付渠道 → 充值订单 → 用户余额）,| 支付渠道 → 充值订单 | 支付回调数 == 充值订单数（success） | 实时 | 外部支付单号匹配 | 偏差 ≥ 1 笔 |,logic,P1,检查点应满足：支付渠道 → 充值订单,源码路径+行号、对应运行测试或数据库/Redis/队列证据,表格单元格已拆为单一字段断言
REQ-CF-03449,core-finance,docs/SPEC-§29-资金与对账管理.md,29.8.2.1 充值链路（支付渠道 → 充值订单 → 用户余额）,| 支付渠道 → 充值订单 | 支付回调数 == 充值订单数（success） | 实时 | 外部支付单号匹配 | 偏差 ≥ 1 笔 |,logic,P1,校验规则应满足：支付回调数 == 充值订单数（success）,源码路径+行号、对应运行测试或数据库/Redis/队列证据,表格单元格已拆为单一字段断言
REQ-CF-03450,core-finance,docs/SPEC-§29-资金与对账管理.md,29.8.2.1 充值链路（支付渠道 → 充值订单 → 用户余额）,#### 29.8.2.1 充值链路（支付渠道 → 充值订单 → 用户余额）,logic,P1,频率应满足：实时,源码路径+行号、对应运行测试或数据库/Redis/队列证据,表格单元格已拆为单一字段断言
REQ-CF-03451,core-finance,docs/SPEC-§29-资金与对账管理.md,29.8.2.1 充值链路（支付渠道 → 充值订单 → 用户余额）,| 支付渠道 → 充值订单 | 支付回调数 == 充值订单数（success） | 实时 | 外部支付单号匹配 | 偏差 ≥ 1 笔 |,logic,P1,对齐方式应满足：外部支付单号匹配,源码路径+行号、对应运行测试或数据库/Redis/队列证据,表格单元格已拆为单一字段断言
REQ-CF-03452,core-finance,docs/SPEC-§29-资金与对账管理.md,29.8.2.1 充值链路（支付渠道 → 充值订单 → 用户余额）,| 检查点 | 校验规则 | 频率 | 对齐方式 | 告警阈值 |,performance,P1,告警阈值应满足：偏差 ≥ 1 笔,源码路径+行号、对应运行测试或数据库/Redis/队列证据,表格单元格已拆为单一字段断言
REQ-CF-03453,core-finance,docs/SPEC-§29-资金与对账管理.md,29.8.2.1 充值链路（支付渠道 → 充值订单 → 用户余额）,| 充值订单 → 用户余额 | SUM(recharge_orders.amount) == SUM(balance_logs.recharge_amount) | T+1 00:30 | 用户ID + 时间 | 偏差 ≥ ¥1 |,logic,P0,检查点应满足：充值订单 → 用户余额,源码路径+行号、对应运行测试或数据库/Redis/队列证据,表格单元格已拆为单一字段断言
REQ-CF-03454,core-finance,docs/SPEC-§29-资金与对账管理.md,29.8.2.1 充值链路（支付渠道 → 充值订单 → 用户余额）,| 充值订单 → 用户余额 | SUM(recharge_orders.amount) == SUM(balance_logs.recharge_amount) | T+1 00:30 | 用户ID + 时间 | 偏差 ≥ ¥1 |,logic,P1,校验规则应满足：SUM(recharge_orders.amount) == SUM(balance_logs.recharge_amount),源码路径+行号、对应运行测试或数据库/Redis/队列证据,表格单元格已拆为单一字段断言
REQ-CF-03455,core-finance,docs/SPEC-§29-资金与对账管理.md,29.8.2.1 充值链路（支付渠道 → 充值订单 → 用户余额）,| 充值订单 → 用户余额 | SUM(recharge_orders.amount) == SUM(balance_logs.recharge_amount) | T+1 00:30 | 用户ID + 时间 | 偏差 ≥ ¥1 |,logic,P1,频率应满足：T+1 00:30,源码路径+行号、对应运行测试或数据库/Redis/队列证据,表格单元格已拆为单一字段断言
REQ-CF-03456,core-finance,docs/SPEC-§29-资金与对账管理.md,29.8.2.1 充值链路（支付渠道 → 充值订单 → 用户余额）,| 充值订单 → 用户余额 | SUM(recharge_orders.amount) == SUM(balance_logs.recharge_amount) | T+1 00:30 | 用户ID + 时间 | 偏差 ≥ ¥1 |,logic,P1,对齐方式应满足：用户ID + 时间,源码路径+行号、对应运行测试或数据库/Redis/队列证据,表格单元格已拆为单一字段断言
REQ-CF-03457,core-finance,docs/SPEC-§29-资金与对账管理.md,29.8.2.1 充值链路（支付渠道 → 充值订单 → 用户余额）,| 检查点 | 校验规则 | 频率 | 对齐方式 | 告警阈值 |,performance,P1,告警阈值应满足：偏差 ≥ ¥1,源码路径+行号、对应运行测试或数据库/Redis/队列证据,表格单元格已拆为单一字段断言
REQ-CF-03458,core-finance,docs/SPEC-§29-资金与对账管理.md,29.8.2.1 充值链路（支付渠道 → 充值订单 → 用户余额）,| 充值订单 → 平台总账 | SUM(recharge_orders.amount) == SUM(ledger.amount WHERE type=user_recharge) | T+1 00:30 | 日期 | 偏差 ≥ ¥1 |,logic,P1,检查点应满足：充值订单 → 平台总账,源码路径+行号、对应运行测试或数据库/Redis/队列证据,表格单元格已拆为单一字段断言
REQ-CF-03459,core-finance,docs/SPEC-§29-资金与对账管理.md,29.8.2.1 充值链路（支付渠道 → 充值订单 → 用户余额）,| 充值订单 → 平台总账 | SUM(recharge_orders.amount) == SUM(ledger.amount WHERE type=user_recharge) | T+1 00:30 | 日期 | 偏差 ≥ ¥1 |,logic,P1,校验规则应满足：SUM(recharge_orders.amount) == SUM(ledger.amount WHERE type=user_recharge),源码路径+行号、对应运行测试或数据库/Redis/队列证据,表格单元格已拆为单一字段断言
REQ-CF-03461,core-finance,docs/SPEC-§29-资金与对账管理.md,29.8.2.1 充值链路（支付渠道 → 充值订单 → 用户余额）,| 检查点 | 校验规则 | 频率 | 对齐方式 | 告警阈值 |,logic,P1,对齐方式应满足：日期,源码路径+行号、对应运行测试或数据库/Redis/队列证据,表格单元格已拆为单一字段断言
REQ-CF-03463,core-finance,docs/SPEC-§29-资金与对账管理.md,29.8.2.1 充值链路（支付渠道 → 充值订单 → 用户余额）,| 支付渠道 → 银行流水 | 日充值总额 == 银行入账总额 | 日终 | 支付单号 | 偏差 ≥ ¥10 |,logic,P1,检查点应满足：支付渠道 → 银行流水,源码路径+行号、对应运行测试或数据库/Redis/队列证据,表格单元格已拆为单一字段断言
REQ-CF-03464,core-finance,docs/SPEC-§29-资金与对账管理.md,29.8.2.1 充值链路（支付渠道 → 充值订单 → 用户余额）,| 支付渠道 → 银行流水 | 日充值总额 == 银行入账总额 | 日终 | 支付单号 | 偏差 ≥ ¥10 |,logic,P1,校验规则应满足：日充值总额 == 银行入账总额,源码路径+行号、对应运行测试或数据库/Redis/队列证据,表格单元格已拆为单一字段断言
REQ-CF-03465,core-finance,docs/SPEC-§29-资金与对账管理.md,29.8.2.1 充值链路（支付渠道 → 充值订单 → 用户余额）,#### 29.8.2.1 充值链路（支付渠道 → 充值订单 → 用户余额）,logic,P1,频率应满足：日终,源码路径+行号、对应运行测试或数据库/Redis/队列证据,表格单元格已拆为单一字段断言
REQ-CF-03466,core-finance,docs/SPEC-§29-资金与对账管理.md,29.8.2.1 充值链路（支付渠道 → 充值订单 → 用户余额）,| 检查点 | 校验规则 | 频率 | 对齐方式 | 告警阈值 |,logic,P1,对齐方式应满足：支付单号,源码路径+行号、对应运行测试或数据库/Redis/队列证据,表格单元格已拆为单一字段断言
REQ-CF-03467,core-finance,docs/SPEC-§29-资金与对账管理.md,29.8.2.1 充值链路（支付渠道 → 充值订单 → 用户余额）,| 检查点 | 校验规则 | 频率 | 对齐方式 | 告警阈值 |,performance,P1,告警阈值应满足：偏差 ≥ ¥10,源码路径+行号、对应运行测试或数据库/Redis/队列证据,表格单元格已拆为单一字段断言
REQ-CF-03468,core-finance,docs/SPEC-§29-资金与对账管理.md,29.8.2.2 消费链路（用户余额 → 计费日志 → 平台总账）,| 用户余额 → 计费日志 | balance_before - balance_after == SUM(actual_cost) (按用户) | 实时 | 用户ID | 偏差 ≥ ¥0.01 |,logic,P0,检查点应满足：用户余额 → 计费日志,源码路径+行号、对应运行测试或数据库/Redis/队列证据,表格单元格已拆为单一字段断言
REQ-CF-03469,core-finance,docs/SPEC-§29-资金与对账管理.md,29.8.2.2 消费链路（用户余额 → 计费日志 → 平台总账）,| 用户余额 → 计费日志 | balance_before - balance_after == SUM(actual_cost) (按用户) | 实时 | 用户ID | 偏差 ≥ ¥0.01 |,logic,P1,校验规则应满足：balance_before - balance_after == SUM(actual_cost) (按用户),源码路径+行号、对应运行测试或数据库/Redis/队列证据,表格单元格已拆为单一字段断言
REQ-CF-03470,core-finance,docs/SPEC-§29-资金与对账管理.md,29.8.2.2 消费链路（用户余额 → 计费日志 → 平台总账）,#### 29.8.2.2 消费链路（用户余额 → 计费日志 → 平台总账）,logic,P1,频率应满足：实时,源码路径+行号、对应运行测试或数据库/Redis/队列证据,表格单元格已拆为单一字段断言
REQ-CF-03471,core-finance,docs/SPEC-§29-资金与对账管理.md,29.8.2.2 消费链路（用户余额 → 计费日志 → 平台总账）,| 检查点 | 校验规则 | 频率 | 对齐方式 | 告警阈值 |,logic,P1,对齐方式应满足：用户ID,源码路径+行号、对应运行测试或数据库/Redis/队列证据,表格单元格已拆为单一字段断言
REQ-CF-03472,core-finance,docs/SPEC-§29-资金与对账管理.md,29.8.2.2 消费链路（用户余额 → 计费日志 → 平台总账）,| 用户余额 → 计费日志 | balance_before - balance_after == SUM(actual_cost) (按用户) | 实时 | 用户ID | 偏差 ≥ ¥0.01 |,performance,P1,告警阈值应满足：偏差 ≥ ¥0.01,源码路径+行号、对应运行测试或数据库/Redis/队列证据,表格单元格已拆为单一字段断言
REQ-CF-03473,core-finance,docs/SPEC-§29-资金与对账管理.md,29.8.2.2 消费链路（用户余额 → 计费日志 → 平台总账）,| 计费日志 → 平台总账 | SUM(billing_logs.actual_cost) == SUM(ledger.amount WHERE type=user_consumption) | T+1 00:30 | 日期 | 偏差 ≥ ¥1 |,logic,P1,检查点应满足：计费日志 → 平台总账,源码路径+行号、对应运行测试或数据库/Redis/队列证据,表格单元格已拆为单一字段断言
REQ-CF-03474,core-finance,docs/SPEC-§29-资金与对账管理.md,29.8.2.2 消费链路（用户余额 → 计费日志 → 平台总账）,| 计费日志 → 平台总账 | SUM(billing_logs.actual_cost) == SUM(ledger.amount WHERE type=user_consumption) | T+1 00:30 | 日期 | 偏差 ≥ ¥1 |,logic,P1,校验规则应满足：SUM(billing_logs.actual_cost) == SUM(ledger.amount WHERE type=user_consumption),源码路径+行号、对应运行测试或数据库/Redis/队列证据,表格单元格已拆为单一字段断言
REQ-CF-03475,core-finance,docs/SPEC-§29-资金与对账管理.md,29.8.2.2 消费链路（用户余额 → 计费日志 → 平台总账）,| 计费日志 → 平台总账 | SUM(billing_logs.actual_cost) == SUM(ledger.amount WHERE type=user_consumption) | T+1 00:30 | 日期 | 偏差 ≥ ¥1 |,logic,P1,频率应满足：T+1 00:30,源码路径+行号、对应运行测试或数据库/Redis/队列证据,表格单元格已拆为单一字段断言
REQ-CF-03476,core-finance,docs/SPEC-§29-资金与对账管理.md,29.8.2.2 消费链路（用户余额 → 计费日志 → 平台总账）,| 检查点 | 校验规则 | 频率 | 对齐方式 | 告警阈值 |,logic,P1,对齐方式应满足：日期,源码路径+行号、对应运行测试或数据库/Redis/队列证据,表格单元格已拆为单一字段断言
REQ-CF-03477,core-finance,docs/SPEC-§29-资金与对账管理.md,29.8.2.2 消费链路（用户余额 → 计费日志 → 平台总账）,| 检查点 | 校验规则 | 频率 | 对齐方式 | 告警阈值 |,performance,P1,告警阈值应满足：偏差 ≥ ¥1,源码路径+行号、对应运行测试或数据库/Redis/队列证据,表格单元格已拆为单一字段断言
REQ-CF-03478,core-finance,docs/SPEC-§29-资金与对账管理.md,29.8.2.2 消费链路（用户余额 → 计费日志 → 平台总账）,| 计费日志 → 渠道结算 | SUM(实际用户消费) - SUM(渠道消费) == 平台毛利 | 月结 | 模型维度 | 偏差 ≥ ¥100 |,logic,P1,检查点应满足：计费日志 → 渠道结算,源码路径+行号、对应运行测试或数据库/Redis/队列证据,表格单元格已拆为单一字段断言
REQ-CF-03479,core-finance,docs/SPEC-§29-资金与对账管理.md,29.8.2.2 消费链路（用户余额 → 计费日志 → 平台总账）,| 计费日志 → 渠道结算 | SUM(实际用户消费) - SUM(渠道消费) == 平台毛利 | 月结 | 模型维度 | 偏差 ≥ ¥100 |,logic,P1,校验规则应满足：SUM(实际用户消费) - SUM(渠道消费) == 平台毛利,源码路径+行号、对应运行测试或数据库/Redis/队列证据,表格单元格已拆为单一字段断言
REQ-CF-03480,core-finance,docs/SPEC-§29-资金与对账管理.md,29.8.2.2 消费链路（用户余额 → 计费日志 → 平台总账）,#### 29.8.2.2 消费链路（用户余额 → 计费日志 → 平台总账）,logic,P1,频率应满足：月结,源码路径+行号、对应运行测试或数据库/Redis/队列证据,表格单元格已拆为单一字段断言
REQ-CF-03481,core-finance,docs/SPEC-§29-资金与对账管理.md,29.8.2.2 消费链路（用户余额 → 计费日志 → 平台总账）,| 检查点 | 校验规则 | 频率 | 对齐方式 | 告警阈值 |,logic,P1,对齐方式应满足：模型维度,源码路径+行号、对应运行测试或数据库/Redis/队列证据,表格单元格已拆为单一字段断言
REQ-CF-03482,core-finance,docs/SPEC-§29-资金与对账管理.md,29.8.2.2 消费链路（用户余额 → 计费日志 → 平台总账）,| 计费日志 → 渠道结算 | SUM(实际用户消费) - SUM(渠道消费) == 平台毛利 | 月结 | 模型维度 | 偏差 ≥ ¥100 |,performance,P1,告警阈值应满足：偏差 ≥ ¥100,源码路径+行号、对应运行测试或数据库/Redis/队列证据,表格单元格已拆为单一字段断言
REQ-CF-03483,core-finance,docs/SPEC-§29-资金与对账管理.md,29.8.2.3 代理结算链路（代理佣金 → 提现 → 平台总账）,| 佣金计算 → 佣金记录 | SUM(归属客户消费 × 佣金率) == SUM(agent_commissions.amount)（单级，按消费时刻归属） | 日结 | 代理ID | 偏差 ≥ ¥1 |,logic,P1,检查点应满足：佣金计算 → 佣金记录,源码路径+行号、对应运行测试或数据库/Redis/队列证据,表格单元格已拆为单一字段断言
REQ-CF-03484,core-finance,docs/SPEC-§29-资金与对账管理.md,29.8.2.3 代理结算链路（代理佣金 → 提现 → 平台总账）,| 佣金计算 → 佣金记录 | SUM(归属客户消费 × 佣金率) == SUM(agent_commissions.amount)（单级，按消费时刻归属） | 日结 | 代理ID | 偏差 ≥ ¥1 |,logic,P1,校验规则应满足：SUM(归属客户消费 × 佣金率) == SUM(agent_commissions.amount)（单级，按消费时刻归属）,源码路径+行号、对应运行测试或数据库/Redis/队列证据,表格单元格已拆为单一字段断言
REQ-CF-03485,core-finance,docs/SPEC-§29-资金与对账管理.md,29.8.2.3 代理结算链路（代理佣金 → 提现 → 平台总账）,#### 29.8.2.3 代理结算链路（代理佣金 → 提现 → 平台总账）,logic,P1,频率应满足：日结,源码路径+行号、对应运行测试或数据库/Redis/队列证据,表格单元格已拆为单一字段断言
REQ-CF-03486,core-finance,docs/SPEC-§29-资金与对账管理.md,29.8.2.3 代理结算链路（代理佣金 → 提现 → 平台总账）,| 检查点 | 校验规则 | 频率 | 对齐方式 | 告警阈值 |,logic,P1,对齐方式应满足：代理ID,源码路径+行号、对应运行测试或数据库/Redis/队列证据,表格单元格已拆为单一字段断言
REQ-CF-03487,core-finance,docs/SPEC-§29-资金与对账管理.md,29.8.2.3 代理结算链路（代理佣金 → 提现 → 平台总账）,| 检查点 | 校验规则 | 频率 | 对齐方式 | 告警阈值 |,performance,P1,告警阈值应满足：偏差 ≥ ¥1,源码路径+行号、对应运行测试或数据库/Redis/队列证据,表格单元格已拆为单一字段断言
REQ-CF-03488,core-finance,docs/SPEC-§29-资金与对账管理.md,29.8.2.3 代理结算链路（代理佣金 → 提现 → 平台总账）,| 佣金记录 → 平台总账 | SUM(agent_commissions.amount) == SUM(ledger.amount WHERE type=agent_commission) | T+1 | 日期 | 偏差 ≥ ¥1 |,logic,P1,检查点应满足：佣金记录 → 平台总账,源码路径+行号、对应运行测试或数据库/Redis/队列证据,表格单元格已拆为单一字段断言
REQ-CF-03489,core-finance,docs/SPEC-§29-资金与对账管理.md,29.8.2.3 代理结算链路（代理佣金 → 提现 → 平台总账）,| 佣金记录 → 平台总账 | SUM(agent_commissions.amount) == SUM(ledger.amount WHERE type=agent_commission) | T+1 | 日期 | 偏差 ≥ ¥1 |,logic,P1,校验规则应满足：SUM(agent_commissions.amount) == SUM(ledger.amount WHERE type=agent_commission),源码路径+行号、对应运行测试或数据库/Redis/队列证据,表格单元格已拆为单一字段断言
REQ-CF-03490,core-finance,docs/SPEC-§29-资金与对账管理.md,29.8.2.3 代理结算链路（代理佣金 → 提现 → 平台总账）,#### 29.8.2.3 代理结算链路（代理佣金 → 提现 → 平台总账）,logic,P1,频率应满足：T+1,源码路径+行号、对应运行测试或数据库/Redis/队列证据,表格单元格已拆为单一字段断言
REQ-CF-03491,core-finance,docs/SPEC-§29-资金与对账管理.md,29.8.2.3 代理结算链路（代理佣金 → 提现 → 平台总账）,| 检查点 | 校验规则 | 频率 | 对齐方式 | 告警阈值 |,logic,P1,对齐方式应满足：日期,源码路径+行号、对应运行测试或数据库/Redis/队列证据,表格单元格已拆为单一字段断言
REQ-CF-03493,core-finance,docs/SPEC-§29-资金与对账管理.md,29.8.2.3 代理结算链路（代理佣金 → 提现 → 平台总账）,| 提现单 → 平台总账 | SUM(withdraw_orders.amount WHERE status=paid) == SUM(ledger.amount WHERE type=agent_withdraw) | 实时 | 流水号 | 偏差 ≥ ¥1 |,logic,P1,检查点应满足：提现单 → 平台总账,源码路径+行号、对应运行测试或数据库/Redis/队列证据,表格单元格已拆为单一字段断言
REQ-CF-03494,core-finance,docs/SPEC-§29-资金与对账管理.md,29.8.2.3 代理结算链路（代理佣金 → 提现 → 平台总账）,| 提现单 → 平台总账 | SUM(withdraw_orders.amount WHERE status=paid) == SUM(ledger.amount WHERE type=agent_withdraw) | 实时 | 流水号 | 偏差 ≥ ¥1 |,logic,P1,校验规则应满足：SUM(withdraw_orders.amount WHERE status=paid) == SUM(ledger.amount WHERE type=agent_withdraw),源码路径+行号、对应运行测试或数据库/Redis/队列证据,表格单元格已拆为单一字段断言
REQ-CF-03495,core-finance,docs/SPEC-§29-资金与对账管理.md,29.8.2.3 代理结算链路（代理佣金 → 提现 → 平台总账）,#### 29.8.2.3 代理结算链路（代理佣金 → 提现 → 平台总账）,logic,P1,频率应满足：实时,源码路径+行号、对应运行测试或数据库/Redis/队列证据,表格单元格已拆为单一字段断言
REQ-CF-03496,core-finance,docs/SPEC-§29-资金与对账管理.md,29.8.2.3 代理结算链路（代理佣金 → 提现 → 平台总账）,| 检查点 | 校验规则 | 频率 | 对齐方式 | 告警阈值 |,logic,P1,对齐方式应满足：流水号,源码路径+行号、对应运行测试或数据库/Redis/队列证据,表格单元格已拆为单一字段断言
REQ-CF-03498,core-finance,docs/SPEC-§29-资金与对账管理.md,29.8.5 监控告警配置,| 充值对账偏差 | 充值笔数/金额偏差 ≥ 1 笔 或 ≥ ¥1 | 即时 -> 飞书 | 财务运营 |,performance,P1,告警名称应满足：充值对账偏差,源码路径+行号、对应运行测试或数据库/Redis/队列证据,表格单元格已拆为单一字段断言
REQ-CF-03499,core-finance,docs/SPEC-§29-资金与对账管理.md,29.8.5 监控告警配置,| 充值对账偏差 | 充值笔数/金额偏差 ≥ 1 笔 或 ≥ ¥1 | 即时 -> 飞书 | 财务运营 |,performance,P1,条件应满足：充值笔数/金额偏差 ≥ 1 笔 或 ≥ ¥1,源码路径+行号、对应运行测试或数据库/Redis/队列证据,表格单元格已拆为单一字段断言
REQ-CF-03500,core-finance,docs/SPEC-§29-资金与对账管理.md,29.8.5 监控告警配置,| 告警名称 | 条件 | 通知方式 | 通知对象 |,action,P1,通知方式应满足：即时 -> 飞书,源码路径+行号、对应运行测试或数据库/Redis/队列证据,表格单元格已拆为单一字段断言
REQ-CF-03501,core-finance,docs/SPEC-§29-资金与对账管理.md,29.8.5 监控告警配置,| 告警名称 | 条件 | 通知方式 | 通知对象 |,action,P1,通知对象应满足：财务运营,源码路径+行号、对应运行测试或数据库/Redis/队列证据,表格单元格已拆为单一字段断言
REQ-CF-03502,core-finance,docs/SPEC-§29-资金与对账管理.md,29.8.5 监控告警配置,| 消费对账偏差 | 计费日志与总账偏差 ≥ ¥1 | 日报 -> 邮件 | 财务运营 |,performance,P1,告警名称应满足：消费对账偏差,源码路径+行号、对应运行测试或数据库/Redis/队列证据,表格单元格已拆为单一字段断言
REQ-CF-03503,core-finance,docs/SPEC-§29-资金与对账管理.md,29.8.5 监控告警配置,| 消费对账偏差 | 计费日志与总账偏差 ≥ ¥1 | 日报 -> 邮件 | 财务运营 |,performance,P1,条件应满足：计费日志与总账偏差 ≥ ¥1,源码路径+行号、对应运行测试或数据库/Redis/队列证据,表格单元格已拆为单一字段断言
REQ-CF-03504,core-finance,docs/SPEC-§29-资金与对账管理.md,29.8.5 监控告警配置,| 告警名称 | 条件 | 通知方式 | 通知对象 |,action,P1,通知方式应满足：日报 -> 邮件,源码路径+行号、对应运行测试或数据库/Redis/队列证据,表格单元格已拆为单一字段断言
REQ-CF-03506,core-finance,docs/SPEC-§29-资金与对账管理.md,29.8.5 监控告警配置,| 恒等式校验失败 | 恒等式偏差 > ¥10 | 即时 -> 电话/短信 | 财务负责人 |,performance,P1,告警名称应满足：恒等式校验失败,源码路径+行号、对应运行测试或数据库/Redis/队列证据,表格单元格已拆为单一字段断言
REQ-CF-03507,core-finance,docs/SPEC-§29-资金与对账管理.md,29.8.5 监控告警配置,| 恒等式校验失败 | 恒等式偏差 > ¥10 | 即时 -> 电话/短信 | 财务负责人 |,performance,P1,条件应满足：恒等式偏差 > ¥10,源码路径+行号、对应运行测试或数据库/Redis/队列证据,表格单元格已拆为单一字段断言
REQ-CF-03508,core-finance,docs/SPEC-§29-资金与对账管理.md,29.8.5 监控告警配置,| 恒等式校验失败 | 恒等式偏差 > ¥10 | 即时 -> 电话/短信 | 财务负责人 |,action,P1,通知方式应满足：即时 -> 电话/短信,源码路径+行号、对应运行测试或数据库/Redis/队列证据,表格单元格已拆为单一字段断言
REQ-CF-03509,core-finance,docs/SPEC-§29-资金与对账管理.md,29.8.5 监控告警配置,| 恒等式校验失败 | 恒等式偏差 > ¥10 | 即时 -> 电话/短信 | 财务负责人 |,action,P1,通知对象应满足：财务负责人,源码路径+行号、对应运行测试或数据库/Redis/队列证据,表格单元格已拆为单一字段断言
REQ-CF-03510,core-finance,docs/SPEC-§29-资金与对账管理.md,29.8.5 监控告警配置,| 渠道结算偏差 | 平台毛利率异常（低于目标值 5% 以上） | 日报 -> 邮件 | 财务负责人 |,performance,P1,告警名称应满足：渠道结算偏差,源码路径+行号、对应运行测试或数据库/Redis/队列证据,表格单元格已拆为单一字段断言
REQ-CF-03511,core-finance,docs/SPEC-§29-资金与对账管理.md,29.8.5 监控告警配置,| 渠道结算偏差 | 平台毛利率异常（低于目标值 5% 以上） | 日报 -> 邮件 | 财务负责人 |,performance,P1,条件应满足：平台毛利率异常（低于目标值 5% 以上）,源码路径+行号、对应运行测试或数据库/Redis/队列证据,表格单元格已拆为单一字段断言
REQ-CF-03514,core-finance,docs/SPEC-§29-资金与对账管理.md,29.8.5 监控告警配置,| 代理佣金异常 | 佣金总额波动 > 20%（环比） | 日报 -> 邮件 | 代理管理 |,performance,P1,告警名称应满足：代理佣金异常,源码路径+行号、对应运行测试或数据库/Redis/队列证据,表格单元格已拆为单一字段断言
REQ-CF-03515,core-finance,docs/SPEC-§29-资金与对账管理.md,29.8.5 监控告警配置,| 代理佣金异常 | 佣金总额波动 > 20%（环比） | 日报 -> 邮件 | 代理管理 |,performance,P1,条件应满足：佣金总额波动 > 20%（环比）,源码路径+行号、对应运行测试或数据库/Redis/队列证据,表格单元格已拆为单一字段断言
REQ-CF-03517,core-finance,docs/SPEC-§29-资金与对账管理.md,29.8.5 监控告警配置,| 告警名称 | 条件 | 通知方式 | 通知对象 |,action,P1,通知对象应满足：代理管理,源码路径+行号、对应运行测试或数据库/Redis/队列证据,表格单元格已拆为单一字段断言
REQ-CF-03518,core-finance,docs/SPEC-§29-资金与对账管理.md,29.8.6 运营操作面板,### 29.8.6 运营操作面板,performance,P1,管理后台 → 财务 → 全链路监控,源码路径+行号、对应运行测试或数据库/Redis/队列证据,N/A：原审计记录未提供补充依据；待复核源码、测试及运行证据。
REQ-CF-03519,core-finance,docs/SPEC-§29-资金与对账管理.md,29.8.7 运营日报关键数据定义,| 日充值总额 | SUM(recharge_orders.amount WHERE status=success AND date=昨日) | 08:00 |,logic,P1,指标应满足：日充值总额,源码路径+行号、对应运行测试或数据库/Redis/队列证据,表格单元格已拆为单一字段断言
REQ-CF-03520,core-finance,docs/SPEC-§29-资金与对账管理.md,29.8.7 运营日报关键数据定义,| 日充值总额 | SUM(recharge_orders.amount WHERE status=success AND date=昨日) | 08:00 |,logic,P1,计算公式应满足：SUM(recharge_orders.amount WHERE status=success AND date=昨日),源码路径+行号、对应运行测试或数据库/Redis/队列证据,表格单元格已拆为单一字段断言
REQ-CF-03521,core-finance,docs/SPEC-§29-资金与对账管理.md,29.8.7 运营日报关键数据定义,| 指标 | 计算公式 | 推送时间 |,logic,P1,推送时间应满足：08:00,源码路径+行号、对应运行测试或数据库/Redis/队列证据,表格单元格已拆为单一字段断言
REQ-CF-03522,core-finance,docs/SPEC-§29-资金与对账管理.md,29.8.7 运营日报关键数据定义,| 日消费总额 | SUM(billing_logs.actual_cost WHERE status=settled AND date=昨日) | 08:00 |,logic,P1,指标应满足：日消费总额,源码路径+行号、对应运行测试或数据库/Redis/队列证据,表格单元格已拆为单一字段断言
REQ-CF-03523,core-finance,docs/SPEC-§29-资金与对账管理.md,29.8.7 运营日报关键数据定义,| 日消费总额 | SUM(billing_logs.actual_cost WHERE status=settled AND date=昨日) | 08:00 |,logic,P1,计算公式应满足：SUM(billing_logs.actual_cost WHERE status=settled AND date=昨日),源码路径+行号、对应运行测试或数据库/Redis/队列证据,表格单元格已拆为单一字段断言
REQ-CF-03525,core-finance,docs/SPEC-§29-资金与对账管理.md,29.8.7 运营日报关键数据定义,| 日净收入 | 日消费总额 - 日佣金总额 - 日退款总额 | 08:00 |,logic,P1,指标应满足：日净收入,源码路径+行号、对应运行测试或数据库/Redis/队列证据,表格单元格已拆为单一字段断言
REQ-CF-03526,core-finance,docs/SPEC-§29-资金与对账管理.md,29.8.7 运营日报关键数据定义,| 日净收入 | 日消费总额 - 日佣金总额 - 日退款总额 | 08:00 |,logic,P1,计算公式应满足：日消费总额 - 日佣金总额 - 日退款总额,源码路径+行号、对应运行测试或数据库/Redis/队列证据,表格单元格已拆为单一字段断言
REQ-CF-03528,core-finance,docs/SPEC-§29-资金与对账管理.md,29.8.7 运营日报关键数据定义,| 毛利率 | (日消费总额 - 日渠道成本) / 日消费总额 × 100% | 08:00 |,logic,P1,指标应满足：毛利率,源码路径+行号、对应运行测试或数据库/Redis/队列证据,表格单元格已拆为单一字段断言
REQ-CF-03529,core-finance,docs/SPEC-§29-资金与对账管理.md,29.8.7 运营日报关键数据定义,| 毛利率 | (日消费总额 - 日渠道成本) / 日消费总额 × 100% | 08:00 |,logic,P1,计算公式应满足：(日消费总额 - 日渠道成本) / 日消费总额 × 100%,源码路径+行号、对应运行测试或数据库/Redis/队列证据,表格单元格已拆为单一字段断言
REQ-CF-03531,core-finance,docs/SPEC-§29-资金与对账管理.md,29.8.7 运营日报关键数据定义,| 日新增用户 | COUNT(users WHERE created_at=昨日) | 08:00 |,logic,P1,指标应满足：日新增用户,源码路径+行号、对应运行测试或数据库/Redis/队列证据,表格单元格已拆为单一字段断言
REQ-CF-03532,core-finance,docs/SPEC-§29-资金与对账管理.md,29.8.7 运营日报关键数据定义,| 日新增用户 | COUNT(users WHERE created_at=昨日) | 08:00 |,logic,P1,计算公式应满足：COUNT(users WHERE created_at=昨日),源码路径+行号、对应运行测试或数据库/Redis/队列证据,表格单元格已拆为单一字段断言
REQ-CF-03534,core-finance,docs/SPEC-§29-资金与对账管理.md,29.8.7 运营日报关键数据定义,| 日活跃代理 | DISTINCT COUNT(agent_commissions.agent_id WHERE date=昨日) | 08:00 |,logic,P1,指标应满足：日活跃代理,源码路径+行号、对应运行测试或数据库/Redis/队列证据,表格单元格已拆为单一字段断言
REQ-CF-03535,core-finance,docs/SPEC-§29-资金与对账管理.md,29.8.7 运营日报关键数据定义,| 日活跃代理 | DISTINCT COUNT(agent_commissions.agent_id WHERE date=昨日) | 08:00 |,logic,P1,计算公式应满足：DISTINCT COUNT(agent_commissions.agent_id WHERE date=昨日),源码路径+行号、对应运行测试或数据库/Redis/队列证据,表格单元格已拆为单一字段断言
REQ-CF-03537,core-finance,docs/SPEC-§29-资金与对账管理.md,29.8.7 运营日报关键数据定义,| 对账通过率 | (1 - 偏差笔数 / 总笔数) × 100% | 对账完成后 |,logic,P1,指标应满足：对账通过率,源码路径+行号、对应运行测试或数据库/Redis/队列证据,表格单元格已拆为单一字段断言
REQ-CF-03538,core-finance,docs/SPEC-§29-资金与对账管理.md,29.8.7 运营日报关键数据定义,| 对账通过率 | (1 - 偏差笔数 / 总笔数) × 100% | 对账完成后 |,logic,P1,计算公式应满足：(1 - 偏差笔数 / 总笔数) × 100%,源码路径+行号、对应运行测试或数据库/Redis/队列证据,表格单元格已拆为单一字段断言
REQ-CF-03539,core-finance,docs/SPEC-§29-资金与对账管理.md,29.8.7 运营日报关键数据定义,| 对账通过率 | (1 - 偏差笔数 / 总笔数) × 100% | 对账完成后 |,logic,P1,推送时间应满足：对账完成后,源码路径+行号、对应运行测试或数据库/Redis/队列证据,表格单元格已拆为单一字段断言
REQ-CF-03540,core-finance,docs/ref-5.1-routing.md,3cloud 智能路由系统 — 可编码深度规格,**来源**：PRD-README.md §5.1 智能路由系统,logic,P1,**来源**：PRD-README.md §5.1 智能路由系统,源码路径+行号、对应运行测试或数据库/Redis/队列证据,N/A：原审计记录未提供补充依据；待复核源码、测试及运行证据。
REQ-CF-03541,core-finance,docs/ref-5.1-routing.md,3cloud 智能路由系统 — 可编码深度规格,**关联模块**：渠道与模型管理 > 渠道-模型映射 | 熔断器配置 | 路由推荐,logic,P0,**关联模块**：渠道与模型管理 > 渠道-模型映射 | 熔断器配置 | 路由推荐,源码路径+行号、对应运行测试或数据库/Redis/队列证据,N/A：原审计记录未提供补充依据；待复核源码、测试及运行证据。
REQ-CF-03542,core-finance,docs/ref-5.1-routing.md,3cloud 智能路由系统 — 可编码深度规格,**版本**：V1.0 | **日期**：2026-07-27,logic,P1,**版本**：V1.0 | **日期**：2026-07-27,源码路径+行号、对应运行测试或数据库/Redis/队列证据,N/A：原审计记录未提供补充依据；待复核源码、测试及运行证据。
REQ-CF-03543,core-finance,docs/ref-5.1-routing.md,3cloud 智能路由系统 — 可编码深度规格,**前置依赖**：`vendors`、`vendor_models`、`circuit_breaker_configs` 表,logic,P1,**前置依赖**：`vendors`、`vendor_models`、`circuit_breaker_configs` 表,源码路径+行号、对应运行测试或数据库/Redis/队列证据,N/A：原审计记录未提供补充依据；待复核源码、测试及运行证据。
REQ-CF-03544,core-finance,docs/ref-5.1-routing.md,目录,## 目录,db,P1,[数据层：Drizzle Schema 补充](#1-数据层drizzle-schema-补充),源码路径+行号、对应运行测试或数据库/Redis/队列证据,N/A：原审计记录未提供补充依据；待复核源码、测试及运行证据。
REQ-CF-03545,core-finance,docs/ref-5.1-routing.md,目录,## 目录,api,P1,[API 接口清单](#2-api-接口清单),源码路径+行号、对应运行测试或数据库/Redis/队列证据,N/A：原审计记录未提供补充依据；待复核源码、测试及运行证据。
REQ-CF-03546,core-finance,docs/ref-5.1-routing.md,目录,## 目录,logic,P1,[路由配置管理页面](#3-路由配置管理页面),源码路径+行号、对应运行测试或数据库/Redis/队列证据,N/A：原审计记录未提供补充依据；待复核源码、测试及运行证据。
REQ-CF-03547,core-finance,docs/ref-5.1-routing.md,目录,## 目录,logic,P1,[手动覆盖机制](#4-手动覆盖机制),源码路径+行号、对应运行测试或数据库/Redis/队列证据,N/A：原审计记录未提供补充依据；待复核源码、测试及运行证据。
REQ-CF-03548,core-finance,docs/ref-5.1-routing.md,目录,## 目录,logic,P0,[熔断器配置持久化](#5-熔断器配置持久化),源码路径+行号、对应运行测试或数据库/Redis/队列证据,N/A：原审计记录未提供补充依据；待复核源码、测试及运行证据。
REQ-CF-03549,core-finance,docs/ref-5.1-routing.md,目录,## 目录,logic,P1,[交叉引用与调用链](#6-交叉引用与调用链),源码路径+行号、对应运行测试或数据库/Redis/队列证据,N/A：原审计记录未提供补充依据；待复核源码、测试及运行证据。
REQ-CF-03550,core-finance,docs/ref-5.1-routing.md,`GET /api/v1/admin/routing/circuit-breakers` — 熔断器状态列表,#### `GET /api/v1/admin/routing/circuit-breakers` — 熔断器状态列表,api,P1,参数应满足：status,源码路径+行号、对应运行测试或数据库/Redis/队列证据,表格单元格已拆为单一字段断言
REQ-CF-03551,core-finance,docs/ref-5.1-routing.md,`GET /api/v1/admin/routing/circuit-breakers` — 熔断器状态列表,#### `GET /api/v1/admin/routing/circuit-breakers` — 熔断器状态列表,api,P1,类型应满足：string,源码路径+行号、对应运行测试或数据库/Redis/队列证据,表格单元格已拆为单一字段断言
REQ-CF-03552,core-finance,docs/ref-5.1-routing.md,`GET /api/v1/admin/routing/circuit-breakers` — 熔断器状态列表,#### `GET /api/v1/admin/routing/circuit-breakers` — 熔断器状态列表,api,P1,说明应满足：closed / degraded / half_open / dead,源码路径+行号、对应运行测试或数据库/Redis/队列证据,表格单元格已拆为单一字段断言
REQ-CF-03553,core-finance,docs/ref-5.1-routing.md,`GET /api/v1/admin/routing/circuit-breakers` — 熔断器状态列表,#### `GET /api/v1/admin/routing/circuit-breakers` — 熔断器状态列表,api,P1,参数应满足：vendorId,源码路径+行号、对应运行测试或数据库/Redis/队列证据,表格单元格已拆为单一字段断言
REQ-CF-03554,core-finance,docs/ref-5.1-routing.md,`GET /api/v1/admin/routing/circuit-breakers` — 熔断器状态列表,#### `GET /api/v1/admin/routing/circuit-breakers` — 熔断器状态列表,api,P1,类型应满足：int,源码路径+行号、对应运行测试或数据库/Redis/队列证据,表格单元格已拆为单一字段断言
REQ-CF-03555,core-finance,docs/ref-5.1-routing.md,`GET /api/v1/admin/routing/circuit-breakers` — 熔断器状态列表,#### `GET /api/v1/admin/routing/circuit-breakers` — 熔断器状态列表,api,P1,说明应满足：按渠道筛选,源码路径+行号、对应运行测试或数据库/Redis/队列证据,表格单元格已拆为单一字段断言
REQ-CF-03556,core-finance,docs/ref-5.1-routing.md,`POST /api/v1/admin/routing/overrides` — 创建路由覆盖,"""endAt"": ""2026-07-28T00:00:00Z"",",api,P1,**条件**：`endAt` 和 `isPermanent` 至少有一个。`endAt` 到期的覆盖自动失效。,源码路径+行号、对应运行测试或数据库/Redis/队列证据,N/A：原审计记录未提供补充依据；待复核源码、测试及运行证据。
REQ-CF-03557,core-finance,docs/ref-5.1-routing.md,`GET /api/v1/admin/routing/recommendations` — 智能路由推荐分析,#### `GET /api/v1/admin/routing/recommendations` — 智能路由推荐分析,api,P1,参数应满足：modelId,源码路径+行号、对应运行测试或数据库/Redis/队列证据,表格单元格已拆为单一字段断言
REQ-CF-03558,core-finance,docs/ref-5.1-routing.md,`GET /api/v1/admin/routing/recommendations` — 智能路由推荐分析,#### `GET /api/v1/admin/routing/recommendations` — 智能路由推荐分析,api,P1,类型应满足：int,源码路径+行号、对应运行测试或数据库/Redis/队列证据,表格单元格已拆为单一字段断言
REQ-CF-03559,core-finance,docs/ref-5.1-routing.md,`GET /api/v1/admin/routing/recommendations` — 智能路由推荐分析,#### `GET /api/v1/admin/routing/recommendations` — 智能路由推荐分析,api,P1,说明应满足：指定模型的分析,源码路径+行号、对应运行测试或数据库/Redis/队列证据,表格单元格已拆为单一字段断言
REQ-CF-03560,core-finance,docs/ref-5.1-routing.md,`GET /api/v1/admin/routing/recommendations` — 智能路由推荐分析,#### `GET /api/v1/admin/routing/recommendations` — 智能路由推荐分析,api,P1,参数应满足：period,源码路径+行号、对应运行测试或数据库/Redis/队列证据,表格单元格已拆为单一字段断言
REQ-CF-03561,core-finance,docs/ref-5.1-routing.md,`GET /api/v1/admin/routing/recommendations` — 智能路由推荐分析,#### `GET /api/v1/admin/routing/recommendations` — 智能路由推荐分析,api,P1,类型应满足：string,源码路径+行号、对应运行测试或数据库/Redis/队列证据,表格单元格已拆为单一字段断言
REQ-CF-03562,core-finance,docs/ref-5.1-routing.md,`GET /api/v1/admin/routing/recommendations` — 智能路由推荐分析,#### `GET /api/v1/admin/routing/recommendations` — 智能路由推荐分析,api,P1,默认值应满足：`7d`,源码路径+行号、对应运行测试或数据库/Redis/队列证据,表格单元格已拆为单一字段断言
REQ-CF-03563,core-finance,docs/ref-5.1-routing.md,`GET /api/v1/admin/routing/recommendations` — 智能路由推荐分析,#### `GET /api/v1/admin/routing/recommendations` — 智能路由推荐分析,api,P1,说明应满足：分析时间范围,源码路径+行号、对应运行测试或数据库/Redis/队列证据,表格单元格已拆为单一字段断言
REQ-CF-03564,core-finance,docs/ref-5.1-routing.md,6.2 依赖的外部模块,| 路由模块 | 外部模块 | 依赖类型 | 说明 |,logic,P1,路由模块应满足：策略选择,源码路径+行号、对应运行测试或数据库/Redis/队列证据,表格单元格已拆为单一字段断言
REQ-CF-03565,core-finance,docs/ref-5.1-routing.md,6.2 依赖的外部模块,| 策略选择 | 渠道-模型映射 | 强 | 从 vendor_models 选路线 |,logic,P1,外部模块应满足：渠道-模型映射,源码路径+行号、对应运行测试或数据库/Redis/队列证据,表格单元格已拆为单一字段断言
REQ-CF-03566,core-finance,docs/ref-5.1-routing.md,6.2 依赖的外部模块,| 路由模块 | 外部模块 | 依赖类型 | 说明 |,logic,P1,依赖类型应满足：强,源码路径+行号、对应运行测试或数据库/Redis/队列证据,表格单元格已拆为单一字段断言
REQ-CF-03567,core-finance,docs/ref-5.1-routing.md,6.2 依赖的外部模块,| 策略选择 | 渠道-模型映射 | 强 | 从 vendor_models 选路线 |,logic,P1,说明应满足：从 vendor_models 选路线,源码路径+行号、对应运行测试或数据库/Redis/队列证据,表格单元格已拆为单一字段断言
REQ-CF-03568,core-finance,docs/ref-5.1-routing.md,6.2 依赖的外部模块,| 路由模块 | 外部模块 | 依赖类型 | 说明 |,logic,P0,路由模块应满足：熔断器,源码路径+行号、对应运行测试或数据库/Redis/队列证据,表格单元格已拆为单一字段断言
REQ-CF-03569,core-finance,docs/ref-5.1-routing.md,6.2 依赖的外部模块,| 路由模块 | 外部模块 | 依赖类型 | 说明 |,logic,P1,外部模块应满足：健康检查,源码路径+行号、对应运行测试或数据库/Redis/队列证据,表格单元格已拆为单一字段断言
REQ-CF-03571,core-finance,docs/ref-5.1-routing.md,6.2 依赖的外部模块,| 熔断器 | 健康检查 | 强 | health_check_* 字段 |,field,P1,说明应满足：health_check_* 字段,源码路径+行号、对应运行测试或数据库/Redis/队列证据,表格单元格已拆为单一字段断言
REQ-CF-03573,core-finance,docs/ref-5.1-routing.md,6.2 依赖的外部模块,| 路由模块 | 外部模块 | 依赖类型 | 说明 |,logic,P1,外部模块应满足：限流引擎,源码路径+行号、对应运行测试或数据库/Redis/队列证据,表格单元格已拆为单一字段断言
REQ-CF-03574,core-finance,docs/ref-5.1-routing.md,6.2 依赖的外部模块,| 路由模块 | 外部模块 | 依赖类型 | 说明 |,logic,P1,依赖类型应满足：弱,源码路径+行号、对应运行测试或数据库/Redis/队列证据,表格单元格已拆为单一字段断言
REQ-CF-03575,core-finance,docs/ref-5.1-routing.md,6.2 依赖的外部模块,| 熔断器 | 限流引擎 | 弱 | 限流打分可纳入熔断判断 |,logic,P0,说明应满足：限流打分可纳入熔断判断,源码路径+行号、对应运行测试或数据库/Redis/队列证据,表格单元格已拆为单一字段断言
REQ-CF-03576,core-finance,docs/ref-5.1-routing.md,6.2 依赖的外部模块,| 路由模块 | 外部模块 | 依赖类型 | 说明 |,logic,P1,路由模块应满足：路由覆盖,源码路径+行号、对应运行测试或数据库/Redis/队列证据,表格单元格已拆为单一字段断言
REQ-CF-03577,core-finance,docs/ref-5.1-routing.md,6.2 依赖的外部模块,| 路由模块 | 外部模块 | 依赖类型 | 说明 |,logic,P1,外部模块应满足：渠道管理,源码路径+行号、对应运行测试或数据库/Redis/队列证据,表格单元格已拆为单一字段断言
REQ-CF-03579,core-finance,docs/ref-5.1-routing.md,6.2 依赖的外部模块,| 路由覆盖 | 渠道管理 | 弱 | 覆盖指向 vendor |,logic,P1,说明应满足：覆盖指向 vendor,源码路径+行号、对应运行测试或数据库/Redis/队列证据,表格单元格已拆为单一字段断言
REQ-CF-03580,core-finance,docs/ref-5.1-routing.md,6.2 依赖的外部模块,| 路由模块 | 外部模块 | 依赖类型 | 说明 |,logic,P1,路由模块应满足：路由推荐,源码路径+行号、对应运行测试或数据库/Redis/队列证据,表格单元格已拆为单一字段断言
REQ-CF-03581,core-finance,docs/ref-5.1-routing.md,6.2 依赖的外部模块,| 路由推荐 | call_logs | 强 | 历史数据聚合分析 |,logic,P1,外部模块应满足：call_logs,源码路径+行号、对应运行测试或数据库/Redis/队列证据,表格单元格已拆为单一字段断言
REQ-CF-03583,core-finance,docs/ref-5.1-routing.md,6.2 依赖的外部模块,| 路由推荐 | call_logs | 强 | 历史数据聚合分析 |,logic,P1,说明应满足：历史数据聚合分析,源码路径+行号、对应运行测试或数据库/Redis/队列证据,表格单元格已拆为单一字段断言
REQ-CF-03587,core-finance,docs/ref-5.1-routing.md,6.2 依赖的外部模块,| 路由推荐 | 渠道管理 | 弱 | 渠道价格作为评分依据 |,logic,P1,说明应满足：渠道价格作为评分依据,源码路径+行号、对应运行测试或数据库/Redis/队列证据,表格单元格已拆为单一字段断言
REQ-CF-03588,core-finance,docs/ref-5.1-routing.md,6.3 章节交叉引用,| 路由策略配置 | 5.1.2 负载均衡算法 | `PRD-README.md` §5.1 |,logic,P1,本模块章节应满足：路由策略配置,源码路径+行号、对应运行测试或数据库/Redis/队列证据,表格单元格已拆为单一字段断言
REQ-CF-03589,core-finance,docs/ref-5.1-routing.md,6.3 章节交叉引用,| 路由策略配置 | 5.1.2 负载均衡算法 | `PRD-README.md` §5.1 |,logic,P1,关联 PRD 章节应满足：5.1.2 负载均衡算法,源码路径+行号、对应运行测试或数据库/Redis/队列证据,表格单元格已拆为单一字段断言
REQ-CF-03590,core-finance,docs/ref-5.1-routing.md,6.3 章节交叉引用,| 路由策略配置 | 5.1.2 负载均衡算法 | `PRD-README.md` §5.1 |,logic,P1,关联文件应满足：`PRD-README.md` §5.1,源码路径+行号、对应运行测试或数据库/Redis/队列证据,表格单元格已拆为单一字段断言
REQ-CF-03591,core-finance,docs/ref-5.1-routing.md,6.3 章节交叉引用,| 本模块章节 | 关联 PRD 章节 | 关联文件 |,logic,P0,本模块章节应满足：熔断器配置,源码路径+行号、对应运行测试或数据库/Redis/队列证据,表格单元格已拆为单一字段断言
REQ-CF-03592,core-finance,docs/ref-5.1-routing.md,6.3 章节交叉引用,| 熔断器配置 | 5.1.3 熔断器状态机 | `PRD-README.md` §5.1 |,state,P0,关联 PRD 章节应满足：5.1.3 熔断器状态机,源码路径+行号、对应运行测试或数据库/Redis/队列证据,表格单元格已拆为单一字段断言
REQ-CF-03594,core-finance,docs/ref-5.1-routing.md,6.3 章节交叉引用,| 本模块章节 | 关联 PRD 章节 | 关联文件 |,logic,P1,本模块章节应满足：路由覆盖,源码路径+行号、对应运行测试或数据库/Redis/队列证据,表格单元格已拆为单一字段断言
REQ-CF-03595,core-finance,docs/ref-5.1-routing.md,6.3 章节交叉引用,| 路由覆盖 | 4.3.3 渠道-模型映射 | `ref-4.3-vendor-model.md` |,logic,P1,关联 PRD 章节应满足：4.3.3 渠道-模型映射,源码路径+行号、对应运行测试或数据库/Redis/队列证据,表格单元格已拆为单一字段断言
REQ-CF-03596,core-finance,docs/ref-5.1-routing.md,6.3 章节交叉引用,| 路由覆盖 | 4.3.3 渠道-模型映射 | `ref-4.3-vendor-model.md` |,logic,P1,关联文件应满足：`ref-4.3-vendor-model.md`,源码路径+行号、对应运行测试或数据库/Redis/队列证据,表格单元格已拆为单一字段断言
REQ-CF-03597,core-finance,docs/ref-5.1-routing.md,6.3 章节交叉引用,| 本模块章节 | 关联 PRD 章节 | 关联文件 |,logic,P1,本模块章节应满足：路由推荐,源码路径+行号、对应运行测试或数据库/Redis/队列证据,表格单元格已拆为单一字段断言
REQ-CF-03598,core-finance,docs/ref-5.1-routing.md,6.3 章节交叉引用,| 路由推荐 | 4.3 渠道模型管理 | `ref-4.3-vendor-model.md` |,logic,P1,关联 PRD 章节应满足：4.3 渠道模型管理,源码路径+行号、对应运行测试或数据库/Redis/队列证据,表格单元格已拆为单一字段断言
REQ-CF-03600,core-finance,docs/ref-5.1-routing.md,6.3 章节交叉引用,| 熔断器健康检查 | 4.3.1 渠道健康检查配置 | `ref-4.3-vendor-model.md` |,logic,P0,本模块章节应满足：熔断器健康检查,源码路径+行号、对应运行测试或数据库/Redis/队列证据,表格单元格已拆为单一字段断言
REQ-CF-03601,core-finance,docs/ref-5.1-routing.md,6.3 章节交叉引用,| 熔断器健康检查 | 4.3.1 渠道健康检查配置 | `ref-4.3-vendor-model.md` |,logic,P1,关联 PRD 章节应满足：4.3.1 渠道健康检查配置,源码路径+行号、对应运行测试或数据库/Redis/队列证据,表格单元格已拆为单一字段断言
REQ-CF-03603,core-finance,docs/ref-5.1-routing.md,6.3 章节交叉引用,| 本模块章节 | 关联 PRD 章节 | 关联文件 |,logic,P1,本模块章节应满足：限流交互,源码路径+行号、对应运行测试或数据库/Redis/队列证据,表格单元格已拆为单一字段断言
REQ-CF-03604,core-finance,docs/ref-5.1-routing.md,6.3 章节交叉引用,| 本模块章节 | 关联 PRD 章节 | 关联文件 |,logic,P1,关联 PRD 章节应满足：5.3 限流引擎,源码路径+行号、对应运行测试或数据库/Redis/队列证据,表格单元格已拆为单一字段断言
REQ-CF-03605,core-finance,docs/ref-5.1-routing.md,6.3 章节交叉引用,| 限流交互 | 5.3 限流引擎 | `PRD-README.md` §5.3 |,logic,P1,关联文件应满足：`PRD-README.md` §5.3,源码路径+行号、对应运行测试或数据库/Redis/队列证据,表格单元格已拆为单一字段断言
REQ-CF-03606,core-finance,docs/ref-5.1-routing.md,6.3 章节交叉引用,| 本模块章节 | 关联 PRD 章节 | 关联文件 |,logic,P0,本模块章节应满足：余额预检查,源码路径+行号、对应运行测试或数据库/Redis/队列证据,表格单元格已拆为单一字段断言
REQ-CF-03607,core-finance,docs/ref-5.1-routing.md,6.3 章节交叉引用,| 本模块章节 | 关联 PRD 章节 | 关联文件 |,logic,P1,关联 PRD 章节应满足：5.2 计费结算,源码路径+行号、对应运行测试或数据库/Redis/队列证据,表格单元格已拆为单一字段断言
REQ-CF-03608,core-finance,docs/ref-5.1-routing.md,6.3 章节交叉引用,| 余额预检查 | 5.2 计费结算 | `PRD-README.md` §5.2 |,logic,P1,关联文件应满足：`PRD-README.md` §5.2,源码路径+行号、对应运行测试或数据库/Redis/队列证据,表格单元格已拆为单一字段断言
REQ-CF-03609,core-finance,docs/ref-5.1-routing.md,6.3 章节交叉引用,- `PRD-README.md` §5.1 — 智能路由系统（本文件的基础）,logic,P1,- `PRD-README.md` §5.1 — 智能路由系统（本文件的基础）,源码路径+行号、对应运行测试或数据库/Redis/队列证据,N/A：原审计记录未提供补充依据；待复核源码、测试及运行证据。
REQ-CF-03610,core-finance,docs/ref-5.1-routing.md,6.3 章节交叉引用,- `ref-4.3-vendor-model.md` — 渠道与模型管理（路由依赖的映射/价格）,logic,P1,- `ref-4.3-vendor-model.md` — 渠道与模型管理（路由依赖的映射/价格）,源码路径+行号、对应运行测试或数据库/Redis/队列证据,N/A：原审计记录未提供补充依据；待复核源码、测试及运行证据。
REQ-CF-03611,core-finance,docs/ref-5.1-routing.md,6.3 章节交叉引用,- `ref-5.4-alert-rules.md` — 告警规则配置（熔断触发告警）,performance,P0,- `ref-5.4-alert-rules.md` — 告警规则配置（熔断触发告警）,源码路径+行号、对应运行测试或数据库/Redis/队列证据,N/A：原审计记录未提供补充依据；待复核源码、测试及运行证据。
REQ-CF-03612,core-finance,docs/ref-5.1-routing.md,6.3 章节交叉引用,- `PRD-README.md` §5.3 — 限流引擎,logic,P1,- `PRD-README.md` §5.3 — 限流引擎,源码路径+行号、对应运行测试或数据库/Redis/队列证据,N/A：原审计记录未提供补充依据；待复核源码、测试及运行证据。
REQ-CF-03613,core-finance,docs/ref-5.1-routing.md,模块概述,### 模块概述,api,P0,智能路由系统负责将用户的 API 请求（模型调用）按照策略分发给合适的渠道端点。核心功能包括路由策略配置、权重分配、熔断器、手动覆盖等。,源码路径+行号、对应运行测试或数据库/Redis/队列证据,N/A：原审计记录未提供补充依据；待复核源码、测试及运行证据。
REQ-CF-03614,core-finance,docs/ref-5.1-routing.md,边界条件清单,| ROUTE-001 | 全部渠道不可用 | 所有已配置渠道均返回错误或超时 | 系统进入熔断降级模式，向调用方返回 503 Service Unavailable，附带降级标识和预估恢复时间 | 全部 API 调用 | P0 |,boundary,P1,#应满足：ROUTE-001,源码路径+行号、对应运行测试或数据库/Redis/队列证据,表格单元格已拆为单一字段断言
REQ-CF-03615,core-finance,docs/ref-5.1-routing.md,边界条件清单,| ROUTE-001 | 全部渠道不可用 | 所有已配置渠道均返回错误或超时 | 系统进入熔断降级模式，向调用方返回 503 Service Unavailable，附带降级标识和预估恢复时间 | 全部 API 调用 | P0 |,boundary,P1,场景应满足：全部渠道不可用,源码路径+行号、对应运行测试或数据库/Redis/队列证据,表格单元格已拆为单一字段断言
REQ-CF-03616,core-finance,docs/ref-5.1-routing.md,边界条件清单,| ROUTE-001 | 全部渠道不可用 | 所有已配置渠道均返回错误或超时 | 系统进入熔断降级模式，向调用方返回 503 Service Unavailable，附带降级标识和预估恢复时间 | 全部 API 调用 | P0 |,boundary,P1,触发条件应满足：所有已配置渠道均返回错误或超时,源码路径+行号、对应运行测试或数据库/Redis/队列证据,表格单元格已拆为单一字段断言
REQ-CF-03617,core-finance,docs/ref-5.1-routing.md,边界条件清单,| ROUTE-001 | 全部渠道不可用 | 所有已配置渠道均返回错误或超时 | 系统进入熔断降级模式，向调用方返回 503 Service Unavailable，附带降级标识和预估恢复时间 | 全部 API 调用 | P0 |,boundary,P0,预期行为应满足：系统进入熔断降级模式，向调用方返回 503 Service Unavailable，附带降级标识和预估恢复时间,源码路径+行号、对应运行测试或数据库/Redis/队列证据,表格单元格已拆为单一字段断言
REQ-CF-03618,core-finance,docs/ref-5.1-routing.md,边界条件清单,| ROUTE-001 | 全部渠道不可用 | 所有已配置渠道均返回错误或超时 | 系统进入熔断降级模式，向调用方返回 503 Service Unavailable，附带降级标识和预估恢复时间 | 全部 API 调用 | P0 |,api,P1,影响范围应满足：全部 API 调用,源码路径+行号、对应运行测试或数据库/Redis/队列证据,表格单元格已拆为单一字段断言
REQ-CF-03619,core-finance,docs/ref-5.1-routing.md,边界条件清单,| # | 场景 | 触发条件 | 预期行为 | 影响范围 | 优先级 |,boundary,P0,优先级应满足：P0,源码路径+行号、对应运行测试或数据库/Redis/队列证据,表格单元格已拆为单一字段断言
REQ-CF-03620,core-finance,docs/ref-5.1-routing.md,边界条件清单,| ROUTE-002 | 所有路由候选超时 | 所有候选路径均超过调用超时阈值 | 触发全局超时熔断，记录详细超时链路日志，唤醒管理员告警 | 该请求类型 | P0 |,boundary,P1,#应满足：ROUTE-002,源码路径+行号、对应运行测试或数据库/Redis/队列证据,表格单元格已拆为单一字段断言
REQ-CF-03621,core-finance,docs/ref-5.1-routing.md,边界条件清单,| ROUTE-002 | 所有路由候选超时 | 所有候选路径均超过调用超时阈值 | 触发全局超时熔断，记录详细超时链路日志，唤醒管理员告警 | 该请求类型 | P0 |,boundary,P1,场景应满足：所有路由候选超时,源码路径+行号、对应运行测试或数据库/Redis/队列证据,表格单元格已拆为单一字段断言
REQ-CF-03622,core-finance,docs/ref-5.1-routing.md,边界条件清单,| ROUTE-002 | 所有路由候选超时 | 所有候选路径均超过调用超时阈值 | 触发全局超时熔断，记录详细超时链路日志，唤醒管理员告警 | 该请求类型 | P0 |,boundary,P1,触发条件应满足：所有候选路径均超过调用超时阈值,源码路径+行号、对应运行测试或数据库/Redis/队列证据,表格单元格已拆为单一字段断言
REQ-CF-03623,core-finance,docs/ref-5.1-routing.md,边界条件清单,| ROUTE-002 | 所有路由候选超时 | 所有候选路径均超过调用超时阈值 | 触发全局超时熔断，记录详细超时链路日志，唤醒管理员告警 | 该请求类型 | P0 |,performance,P0,预期行为应满足：触发全局超时熔断，记录详细超时链路日志，唤醒管理员告警,源码路径+行号、对应运行测试或数据库/Redis/队列证据,表格单元格已拆为单一字段断言
REQ-CF-03624,core-finance,docs/ref-5.1-routing.md,边界条件清单,| ROUTE-002 | 所有路由候选超时 | 所有候选路径均超过调用超时阈值 | 触发全局超时熔断，记录详细超时链路日志，唤醒管理员告警 | 该请求类型 | P0 |,boundary,P1,影响范围应满足：该请求类型,源码路径+行号、对应运行测试或数据库/Redis/队列证据,表格单元格已拆为单一字段断言
REQ-CF-03626,core-finance,docs/ref-5.1-routing.md,边界条件清单,"| ROUTE-003 | 路由权重全为 0 | 某模型的所有渠道路由权重设置为 0 | 路由引擎跳过该模型的所有路由候选，标记为""手动关闭""，直接返回错误并提示管理员启用至少一个路由 | 该模型所有调用 | P0 |",boundary,P1,#应满足：ROUTE-003,源码路径+行号、对应运行测试或数据库/Redis/队列证据,表格单元格已拆为单一字段断言
REQ-CF-03627,core-finance,docs/ref-5.1-routing.md,边界条件清单,"| ROUTE-003 | 路由权重全为 0 | 某模型的所有渠道路由权重设置为 0 | 路由引擎跳过该模型的所有路由候选，标记为""手动关闭""，直接返回错误并提示管理员启用至少一个路由 | 该模型所有调用 | P0 |",boundary,P1,场景应满足：路由权重全为 0,源码路径+行号、对应运行测试或数据库/Redis/队列证据,表格单元格已拆为单一字段断言
REQ-CF-03628,core-finance,docs/ref-5.1-routing.md,边界条件清单,"| ROUTE-003 | 路由权重全为 0 | 某模型的所有渠道路由权重设置为 0 | 路由引擎跳过该模型的所有路由候选，标记为""手动关闭""，直接返回错误并提示管理员启用至少一个路由 | 该模型所有调用 | P0 |",boundary,P1,触发条件应满足：某模型的所有渠道路由权重设置为 0,源码路径+行号、对应运行测试或数据库/Redis/队列证据,表格单元格已拆为单一字段断言
REQ-CF-03629,core-finance,docs/ref-5.1-routing.md,边界条件清单,"| ROUTE-003 | 路由权重全为 0 | 某模型的所有渠道路由权重设置为 0 | 路由引擎跳过该模型的所有路由候选，标记为""手动关闭""，直接返回错误并提示管理员启用至少一个路由 | 该模型所有调用 | P0 |",boundary,P1,"预期行为应满足：路由引擎跳过该模型的所有路由候选，标记为""手动关闭""，直接返回错误并提示管理员启用至少一个路由",源码路径+行号、对应运行测试或数据库/Redis/队列证据,表格单元格已拆为单一字段断言
REQ-CF-03630,core-finance,docs/ref-5.1-routing.md,边界条件清单,"| ROUTE-003 | 路由权重全为 0 | 某模型的所有渠道路由权重设置为 0 | 路由引擎跳过该模型的所有路由候选，标记为""手动关闭""，直接返回错误并提示管理员启用至少一个路由 | 该模型所有调用 | P0 |",boundary,P1,影响范围应满足：该模型所有调用,源码路径+行号、对应运行测试或数据库/Redis/队列证据,表格单元格已拆为单一字段断言
REQ-CF-03632,core-finance,docs/ref-5.1-routing.md,边界条件清单,| ROUTE-004 | 路由配置不存在 | 请求的模型没有对应的路由配置记录 | 使用默认兜底路由策略（若有配置），否则返回 404 并写入配置缺失告警 | 该模型调用 | P0 |,boundary,P1,#应满足：ROUTE-004,源码路径+行号、对应运行测试或数据库/Redis/队列证据,表格单元格已拆为单一字段断言
REQ-CF-03633,core-finance,docs/ref-5.1-routing.md,边界条件清单,| ROUTE-004 | 路由配置不存在 | 请求的模型没有对应的路由配置记录 | 使用默认兜底路由策略（若有配置），否则返回 404 并写入配置缺失告警 | 该模型调用 | P0 |,boundary,P1,场景应满足：路由配置不存在,源码路径+行号、对应运行测试或数据库/Redis/队列证据,表格单元格已拆为单一字段断言
REQ-CF-03634,core-finance,docs/ref-5.1-routing.md,边界条件清单,| ROUTE-004 | 路由配置不存在 | 请求的模型没有对应的路由配置记录 | 使用默认兜底路由策略（若有配置），否则返回 404 并写入配置缺失告警 | 该模型调用 | P0 |,boundary,P1,触发条件应满足：请求的模型没有对应的路由配置记录,源码路径+行号、对应运行测试或数据库/Redis/队列证据,表格单元格已拆为单一字段断言
REQ-CF-03635,core-finance,docs/ref-5.1-routing.md,边界条件清单,| ROUTE-004 | 路由配置不存在 | 请求的模型没有对应的路由配置记录 | 使用默认兜底路由策略（若有配置），否则返回 404 并写入配置缺失告警 | 该模型调用 | P0 |,performance,P1,预期行为应满足：使用默认兜底路由策略（若有配置），否则返回 404 并写入配置缺失告警,源码路径+行号、对应运行测试或数据库/Redis/队列证据,表格单元格已拆为单一字段断言
REQ-CF-03636,core-finance,docs/ref-5.1-routing.md,边界条件清单,| ROUTE-004 | 路由配置不存在 | 请求的模型没有对应的路由配置记录 | 使用默认兜底路由策略（若有配置），否则返回 404 并写入配置缺失告警 | 该模型调用 | P0 |,boundary,P1,影响范围应满足：该模型调用,源码路径+行号、对应运行测试或数据库/Redis/队列证据,表格单元格已拆为单一字段断言
REQ-CF-03638,core-finance,docs/ref-5.1-routing.md,边界条件清单,| ROUTE-005 | 熔断器恢复窗口过载 | 熔断器处于半开状态时大量并发请求涌入 | 仅允许一个探测请求通过（其余直接快速失败），探测成功则逐步恢复流量，失败则重新闭合 | 该熔断器作用域 | P1 |,boundary,P1,#应满足：ROUTE-005,源码路径+行号、对应运行测试或数据库/Redis/队列证据,表格单元格已拆为单一字段断言
REQ-CF-03639,core-finance,docs/ref-5.1-routing.md,边界条件清单,| ROUTE-005 | 熔断器恢复窗口过载 | 熔断器处于半开状态时大量并发请求涌入 | 仅允许一个探测请求通过（其余直接快速失败），探测成功则逐步恢复流量，失败则重新闭合 | 该熔断器作用域 | P1 |,boundary,P0,场景应满足：熔断器恢复窗口过载,源码路径+行号、对应运行测试或数据库/Redis/队列证据,表格单元格已拆为单一字段断言
REQ-CF-03640,core-finance,docs/ref-5.1-routing.md,边界条件清单,| ROUTE-005 | 熔断器恢复窗口过载 | 熔断器处于半开状态时大量并发请求涌入 | 仅允许一个探测请求通过（其余直接快速失败），探测成功则逐步恢复流量，失败则重新闭合 | 该熔断器作用域 | P1 |,concurrency,P0,触发条件应满足：熔断器处于半开状态时大量并发请求涌入,源码路径+行号、对应运行测试或数据库/Redis/队列证据,表格单元格已拆为单一字段断言
REQ-CF-03641,core-finance,docs/ref-5.1-routing.md,边界条件清单,| ROUTE-005 | 熔断器恢复窗口过载 | 熔断器处于半开状态时大量并发请求涌入 | 仅允许一个探测请求通过（其余直接快速失败），探测成功则逐步恢复流量，失败则重新闭合 | 该熔断器作用域 | P1 |,boundary,P1,预期行为应满足：仅允许一个探测请求通过（其余直接快速失败），探测成功则逐步恢复流量，失败则重新闭合,源码路径+行号、对应运行测试或数据库/Redis/队列证据,表格单元格已拆为单一字段断言
REQ-CF-03642,core-finance,docs/ref-5.1-routing.md,边界条件清单,| ROUTE-005 | 熔断器恢复窗口过载 | 熔断器处于半开状态时大量并发请求涌入 | 仅允许一个探测请求通过（其余直接快速失败），探测成功则逐步恢复流量，失败则重新闭合 | 该熔断器作用域 | P1 |,boundary,P0,影响范围应满足：该熔断器作用域,源码路径+行号、对应运行测试或数据库/Redis/队列证据,表格单元格已拆为单一字段断言
REQ-CF-03643,core-finance,docs/ref-5.1-routing.md,边界条件清单,| # | 场景 | 触发条件 | 预期行为 | 影响范围 | 优先级 |,boundary,P1,优先级应满足：P1,源码路径+行号、对应运行测试或数据库/Redis/队列证据,表格单元格已拆为单一字段断言
REQ-CF-03644,core-finance,docs/ref-5.1-routing.md,边界条件清单,| ROUTE-006 | 手动覆盖与自动路由冲突 | 管理员手动指定某渠道，但自动路由正在执行反向恢复 | 手动覆盖优先级最高，自动路由在该覆盖期间暂停对覆盖目标的调整，覆盖解除后恢复 | 该覆盖目标 | P0 |,boundary,P1,#应满足：ROUTE-006,源码路径+行号、对应运行测试或数据库/Redis/队列证据,表格单元格已拆为单一字段断言
REQ-CF-03645,core-finance,docs/ref-5.1-routing.md,边界条件清单,| ROUTE-006 | 手动覆盖与自动路由冲突 | 管理员手动指定某渠道，但自动路由正在执行反向恢复 | 手动覆盖优先级最高，自动路由在该覆盖期间暂停对覆盖目标的调整，覆盖解除后恢复 | 该覆盖目标 | P0 |,boundary,P1,场景应满足：手动覆盖与自动路由冲突,源码路径+行号、对应运行测试或数据库/Redis/队列证据,表格单元格已拆为单一字段断言
REQ-CF-03646,core-finance,docs/ref-5.1-routing.md,边界条件清单,| ROUTE-006 | 手动覆盖与自动路由冲突 | 管理员手动指定某渠道，但自动路由正在执行反向恢复 | 手动覆盖优先级最高，自动路由在该覆盖期间暂停对覆盖目标的调整，覆盖解除后恢复 | 该覆盖目标 | P0 |,boundary,P1,触发条件应满足：管理员手动指定某渠道，但自动路由正在执行反向恢复,源码路径+行号、对应运行测试或数据库/Redis/队列证据,表格单元格已拆为单一字段断言
REQ-CF-03647,core-finance,docs/ref-5.1-routing.md,边界条件清单,| ROUTE-006 | 手动覆盖与自动路由冲突 | 管理员手动指定某渠道，但自动路由正在执行反向恢复 | 手动覆盖优先级最高，自动路由在该覆盖期间暂停对覆盖目标的调整，覆盖解除后恢复 | 该覆盖目标 | P0 |,boundary,P1,预期行为应满足：手动覆盖优先级最高，自动路由在该覆盖期间暂停对覆盖目标的调整，覆盖解除后恢复,源码路径+行号、对应运行测试或数据库/Redis/队列证据,表格单元格已拆为单一字段断言
REQ-CF-03648,core-finance,docs/ref-5.1-routing.md,边界条件清单,| ROUTE-006 | 手动覆盖与自动路由冲突 | 管理员手动指定某渠道，但自动路由正在执行反向恢复 | 手动覆盖优先级最高，自动路由在该覆盖期间暂停对覆盖目标的调整，覆盖解除后恢复 | 该覆盖目标 | P0 |,boundary,P1,影响范围应满足：该覆盖目标,源码路径+行号、对应运行测试或数据库/Redis/队列证据,表格单元格已拆为单一字段断言
REQ-CF-03650,core-finance,docs/ref-5.1-routing.md,边界条件清单,| ROUTE-007 | 路由候选升降级竞态 | 两个并发请求同时触发候选升降级逻辑 | 使用乐观锁保证升降级原子性，后执行的升级/降级需基于最新状态重新判断，防止同一候选被重复升降级 | 路由候选状态 | P1 |,boundary,P1,#应满足：ROUTE-007,源码路径+行号、对应运行测试或数据库/Redis/队列证据,表格单元格已拆为单一字段断言
REQ-CF-03651,core-finance,docs/ref-5.1-routing.md,边界条件清单,| ROUTE-007 | 路由候选升降级竞态 | 两个并发请求同时触发候选升降级逻辑 | 使用乐观锁保证升降级原子性，后执行的升级/降级需基于最新状态重新判断，防止同一候选被重复升降级 | 路由候选状态 | P1 |,boundary,P1,场景应满足：路由候选升降级竞态,源码路径+行号、对应运行测试或数据库/Redis/队列证据,表格单元格已拆为单一字段断言
REQ-CF-03652,core-finance,docs/ref-5.1-routing.md,边界条件清单,| ROUTE-007 | 路由候选升降级竞态 | 两个并发请求同时触发候选升降级逻辑 | 使用乐观锁保证升降级原子性，后执行的升级/降级需基于最新状态重新判断，防止同一候选被重复升降级 | 路由候选状态 | P1 |,concurrency,P1,触发条件应满足：两个并发请求同时触发候选升降级逻辑,源码路径+行号、对应运行测试或数据库/Redis/队列证据,表格单元格已拆为单一字段断言
REQ-CF-03653,core-finance,docs/ref-5.1-routing.md,边界条件清单,| ROUTE-007 | 路由候选升降级竞态 | 两个并发请求同时触发候选升降级逻辑 | 使用乐观锁保证升降级原子性，后执行的升级/降级需基于最新状态重新判断，防止同一候选被重复升降级 | 路由候选状态 | P1 |,boundary,P1,预期行为应满足：使用乐观锁保证升降级原子性，后执行的升级/降级需基于最新状态重新判断，防止同一候选被重复升降级,源码路径+行号、对应运行测试或数据库/Redis/队列证据,表格单元格已拆为单一字段断言
REQ-CF-03654,core-finance,docs/ref-5.1-routing.md,边界条件清单,| ROUTE-007 | 路由候选升降级竞态 | 两个并发请求同时触发候选升降级逻辑 | 使用乐观锁保证升降级原子性，后执行的升级/降级需基于最新状态重新判断，防止同一候选被重复升降级 | 路由候选状态 | P1 |,boundary,P1,影响范围应满足：路由候选状态,源码路径+行号、对应运行测试或数据库/Redis/队列证据,表格单元格已拆为单一字段断言
REQ-CF-03656,core-finance,docs/ref-5.1-routing.md,边界条件清单,| ROUTE-008 | 路由配置热更新不一致 | 路由配置更新过程中服务实例间生效时间不一致 | 引入配置版本号，同一请求在单次链路上使用一致版本；跨版本请求允许短暂差异化，差异窗口不超过 30 秒 | 全部服务实例 | P1 |,boundary,P1,#应满足：ROUTE-008,源码路径+行号、对应运行测试或数据库/Redis/队列证据,表格单元格已拆为单一字段断言
REQ-CF-03657,core-finance,docs/ref-5.1-routing.md,边界条件清单,| ROUTE-008 | 路由配置热更新不一致 | 路由配置更新过程中服务实例间生效时间不一致 | 引入配置版本号，同一请求在单次链路上使用一致版本；跨版本请求允许短暂差异化，差异窗口不超过 30 秒 | 全部服务实例 | P1 |,boundary,P1,场景应满足：路由配置热更新不一致,源码路径+行号、对应运行测试或数据库/Redis/队列证据,表格单元格已拆为单一字段断言
REQ-CF-03658,core-finance,docs/ref-5.1-routing.md,边界条件清单,| ROUTE-008 | 路由配置热更新不一致 | 路由配置更新过程中服务实例间生效时间不一致 | 引入配置版本号，同一请求在单次链路上使用一致版本；跨版本请求允许短暂差异化，差异窗口不超过 30 秒 | 全部服务实例 | P1 |,boundary,P1,触发条件应满足：路由配置更新过程中服务实例间生效时间不一致,源码路径+行号、对应运行测试或数据库/Redis/队列证据,表格单元格已拆为单一字段断言
REQ-CF-03659,core-finance,docs/ref-5.1-routing.md,边界条件清单,| ROUTE-008 | 路由配置热更新不一致 | 路由配置更新过程中服务实例间生效时间不一致 | 引入配置版本号，同一请求在单次链路上使用一致版本；跨版本请求允许短暂差异化，差异窗口不超过 30 秒 | 全部服务实例 | P1 |,boundary,P1,预期行为应满足：引入配置版本号，同一请求在单次链路上使用一致版本；跨版本请求允许短暂差异化，差异窗口不超过 30 秒,源码路径+行号、对应运行测试或数据库/Redis/队列证据,表格单元格已拆为单一字段断言
REQ-CF-03660,core-finance,docs/ref-5.1-routing.md,边界条件清单,| ROUTE-008 | 路由配置热更新不一致 | 路由配置更新过程中服务实例间生效时间不一致 | 引入配置版本号，同一请求在单次链路上使用一致版本；跨版本请求允许短暂差异化，差异窗口不超过 30 秒 | 全部服务实例 | P1 |,boundary,P1,影响范围应满足：全部服务实例,源码路径+行号、对应运行测试或数据库/Redis/队列证据,表格单元格已拆为单一字段断言
REQ-CF-03662,core-finance,docs/ref-5.1-routing.md,ROUTE-001: 全部渠道不可用,#### ROUTE-001: 全部渠道不可用,logic,P1,1. 路由引擎检测到所有候选渠道均不可用（连续 N 次失败）,源码路径+行号、对应运行测试或数据库/Redis/队列证据,N/A：原审计记录未提供补充依据；待复核源码、测试及运行证据。
REQ-CF-03663,core-finance,docs/ref-5.1-routing.md,ROUTE-001: 全部渠道不可用,#### ROUTE-001: 全部渠道不可用,state,P0,2. 立即触发一级熔断，标记该路由策略为 `DEGRADED` 状态,源码路径+行号、对应运行测试或数据库/Redis/队列证据,N/A：原审计记录未提供补充依据；待复核源码、测试及运行证据。
REQ-CF-03664,core-finance,docs/ref-5.1-routing.md,ROUTE-001: 全部渠道不可用,#### ROUTE-001: 全部渠道不可用,logic,P1,3. 向调用方返回统一错误码 `ROUTING_ALL_DOWN`，附带 JSON 体：,源码路径+行号、对应运行测试或数据库/Redis/队列证据,N/A：原审计记录未提供补充依据；待复核源码、测试及运行证据。
REQ-CF-03665,core-finance,docs/ref-5.1-routing.md,ROUTE-001: 全部渠道不可用,#### ROUTE-001: 全部渠道不可用,performance,P0,4. 触发 P0 级管理员告警（短信 + 电话）,源码路径+行号、对应运行测试或数据库/Redis/队列证据,N/A：原审计记录未提供补充依据；待复核源码、测试及运行证据。
REQ-CF-03666,core-finance,docs/ref-5.1-routing.md,ROUTE-001: 全部渠道不可用,#### ROUTE-001: 全部渠道不可用,logic,P0,5. 进入自动健康探测循环（间隔 10s），任一渠道恢复后自动解除熔断,源码路径+行号、对应运行测试或数据库/Redis/队列证据,N/A：原审计记录未提供补充依据；待复核源码、测试及运行证据。
REQ-CF-03667,core-finance,docs/ref-5.1-routing.md,ROUTE-002: 全部候选超时,#### ROUTE-002: 全部候选超时,logic,P1,1. 单个请求尝试所有候选路径，每条路径均超过设定的超时时间（默认 30s）,源码路径+行号、对应运行测试或数据库/Redis/队列证据,N/A：原审计记录未提供补充依据；待复核源码、测试及运行证据。
REQ-CF-03668,core-finance,docs/ref-5.1-routing.md,ROUTE-002: 全部候选超时,#### ROUTE-002: 全部候选超时,logic,P1,2. 总耗时已超越全局超时上限（默认 120s），不再重试,源码路径+行号、对应运行测试或数据库/Redis/队列证据,N/A：原审计记录未提供补充依据；待复核源码、测试及运行证据。
REQ-CF-03669,core-finance,docs/ref-5.1-routing.md,ROUTE-002: 全部候选超时,#### ROUTE-002: 全部候选超时,logic,P1,3. 记录 `timeout_chain` 日志，包含每条候选的耗时、错误码、节点信息,源码路径+行号、对应运行测试或数据库/Redis/队列证据,N/A：原审计记录未提供补充依据；待复核源码、测试及运行证据。
REQ-CF-03670,core-finance,docs/ref-5.1-routing.md,ROUTE-002: 全部候选超时,#### ROUTE-002: 全部候选超时,logic,P1,4. 返回 `504 Gateway Timeout`，附带优化建议（如：降低模型参数、切换轻量模型）,源码路径+行号、对应运行测试或数据库/Redis/队列证据,N/A：原审计记录未提供补充依据；待复核源码、测试及运行证据。
REQ-CF-03671,core-finance,docs/ref-5.1-routing.md,ROUTE-006: 手动覆盖冲突,#### ROUTE-006: 手动覆盖冲突,state,P1,手动覆盖状态保存在 `route_overrides` 表中，附带过期时间（默认 4h）,源码路径+行号、对应运行测试或数据库/Redis/队列证据,N/A：原审计记录未提供补充依据；待复核源码、测试及运行证据。
REQ-CF-03672,core-finance,docs/ref-5.1-routing.md,ROUTE-006: 手动覆盖冲突,#### ROUTE-006: 手动覆盖冲突,logic,P0,覆盖期间，自动熔断器仍然可以触发（覆盖仅影响路由选择，不影响熔断保护）,源码路径+行号、对应运行测试或数据库/Redis/队列证据,N/A：原审计记录未提供补充依据；待复核源码、测试及运行证据。
REQ-CF-03673,core-finance,docs/ref-5.1-routing.md,ROUTE-006: 手动覆盖冲突,#### ROUTE-006: 手动覆盖冲突,logic,P1,覆盖到期后自动移除，若无其他覆盖则恢复自动路由,源码路径+行号、对应运行测试或数据库/Redis/队列证据,N/A：原审计记录未提供补充依据；待复核源码、测试及运行证据。
REQ-CF-03674,core-finance,docs/ref-5.1-routing.md,ROUTE-006: 手动覆盖冲突,#### ROUTE-006: 手动覆盖冲突,logic,P1,管理员可在覆盖到期前手动解除,源码路径+行号、对应运行测试或数据库/Redis/队列证据,N/A：原审计记录未提供补充依据；待复核源码、测试及运行证据。
REQ-CF-03675,core-finance,docs/ref-5.1-routing.md,异常流程汇总,| 全部渠道不可用 | 自动健康探测 + 自动恢复 | P0 告警（短信+电话） |,exception,P1,场景应满足：全部渠道不可用,源码路径+行号、对应运行测试或数据库/Redis/队列证据,表格单元格已拆为单一字段断言
REQ-CF-03676,core-finance,docs/ref-5.1-routing.md,异常流程汇总,| 全部渠道不可用 | 自动健康探测 + 自动恢复 | P0 告警（短信+电话） |,exception,P1,恢复策略应满足：自动健康探测 + 自动恢复,源码路径+行号、对应运行测试或数据库/Redis/队列证据,表格单元格已拆为单一字段断言
REQ-CF-03677,core-finance,docs/ref-5.1-routing.md,异常流程汇总,| 全部渠道不可用 | 自动健康探测 + 自动恢复 | P0 告警（短信+电话） |,action,P0,是否通知应满足：P0 告警（短信+电话）,源码路径+行号、对应运行测试或数据库/Redis/队列证据,表格单元格已拆为单一字段断言
REQ-CF-03678,core-finance,docs/ref-5.1-routing.md,异常流程汇总,| 路由配置不存在 | 创建默认配置或返回 404 | P1 系统通知 |,exception,P1,场景应满足：路由配置不存在,源码路径+行号、对应运行测试或数据库/Redis/队列证据,表格单元格已拆为单一字段断言
REQ-CF-03679,core-finance,docs/ref-5.1-routing.md,异常流程汇总,| 路由配置不存在 | 创建默认配置或返回 404 | P1 系统通知 |,exception,P1,恢复策略应满足：创建默认配置或返回 404,源码路径+行号、对应运行测试或数据库/Redis/队列证据,表格单元格已拆为单一字段断言
REQ-CF-03680,core-finance,docs/ref-5.1-routing.md,异常流程汇总,| 路由配置不存在 | 创建默认配置或返回 404 | P1 系统通知 |,action,P1,是否通知应满足：P1 系统通知,源码路径+行号、对应运行测试或数据库/Redis/队列证据,表格单元格已拆为单一字段断言
REQ-CF-03681,core-finance,docs/ref-5.1-routing.md,异常流程汇总,| 手动覆盖期间自动熔断 | 熔断不受覆盖影响，自动恢复 | P1 操作日志 |,exception,P0,场景应满足：手动覆盖期间自动熔断,源码路径+行号、对应运行测试或数据库/Redis/队列证据,表格单元格已拆为单一字段断言
REQ-CF-03682,core-finance,docs/ref-5.1-routing.md,异常流程汇总,| 手动覆盖期间自动熔断 | 熔断不受覆盖影响，自动恢复 | P1 操作日志 |,exception,P0,恢复策略应满足：熔断不受覆盖影响，自动恢复,源码路径+行号、对应运行测试或数据库/Redis/队列证据,表格单元格已拆为单一字段断言
REQ-CF-03683,core-finance,docs/ref-5.1-routing.md,异常流程汇总,| 手动覆盖期间自动熔断 | 熔断不受覆盖影响，自动恢复 | P1 操作日志 |,action,P1,是否通知应满足：P1 操作日志,源码路径+行号、对应运行测试或数据库/Redis/队列证据,表格单元格已拆为单一字段断言
REQ-CF-03684,core-finance,docs/ref-5.1-routing.md,异常流程汇总,| 权重全 0 | 要求管理员手动启用 | P2 邮件通知 |,exception,P1,场景应满足：权重全 0,源码路径+行号、对应运行测试或数据库/Redis/队列证据,表格单元格已拆为单一字段断言
REQ-CF-03685,core-finance,docs/ref-5.1-routing.md,异常流程汇总,| 权重全 0 | 要求管理员手动启用 | P2 邮件通知 |,exception,P1,恢复策略应满足：要求管理员手动启用,源码路径+行号、对应运行测试或数据库/Redis/队列证据,表格单元格已拆为单一字段断言
REQ-CF-03686,core-finance,docs/ref-5.1-routing.md,异常流程汇总,| 权重全 0 | 要求管理员手动启用 | P2 邮件通知 |,action,P2,是否通知应满足：P2 邮件通知,源码路径+行号、对应运行测试或数据库/Redis/队列证据,表格单元格已拆为单一字段断言
REQ-CF-03687,core-finance,docs/ref-5.2-billing.md,3cloud 计费与结算精化（Billing & Settlement）深化文档,**对应章节**：PRD-README.md §5.2 计费与结算精化,logic,P1,**对应章节**：PRD-README.md §5.2 计费与结算精化,源码路径+行号、对应运行测试或数据库/Redis/队列证据,N/A：原审计记录未提供补充依据；待复核源码、测试及运行证据。
REQ-CF-03688,core-finance,docs/ref-5.2-billing.md,3cloud 计费与结算精化（Billing & Settlement）深化文档,**最后更新**：2026-08-20（精度口径修订：费用/金额统一 8 位小数，对齐联合评审 D-1 决议与 `PRD-模型缓存定价与缓存计量.md` §4.7）,logic,P1,**最后更新**：2026-08-20（精度口径修订：费用/金额统一 8 位小数，对齐联合评审 D-1 决议与 `PRD-模型缓存定价与缓存计量.md` §4.7）,源码路径+行号、对应运行测试或数据库/Redis/队列证据,N/A：原审计记录未提供补充依据；待复核源码、测试及运行证据。
REQ-CF-03689,core-finance,docs/ref-5.2-billing.md,3cloud 计费与结算精化（Billing & Settlement）深化文档,**定位**：计费引擎的全链路规格，含价格层级、实时计费、预扣退款、账单周期、自动对账、结算结算,logic,P1,**定位**：计费引擎的全链路规格，含价格层级、实时计费、预扣退款、账单周期、自动对账、结算结算,源码路径+行号、对应运行测试或数据库/Redis/队列证据,N/A：原审计记录未提供补充依据；待复核源码、测试及运行证据。
REQ-CF-03690,core-finance,docs/ref-5.2-billing.md,2.1 六层定价体系,### 2.1 六层定价体系,logic,P1,层级应满足：L0,源码路径+行号、对应运行测试或数据库/Redis/队列证据,表格单元格已拆为单一字段断言
REQ-CF-03691,core-finance,docs/ref-5.2-billing.md,2.1 六层定价体系,| L0 | 渠道成本价 | 上游原始报价 | `vendor_models.input_price / output_price` | — |,logic,P1,名称应满足：渠道成本价,源码路径+行号、对应运行测试或数据库/Redis/队列证据,表格单元格已拆为单一字段断言
REQ-CF-03692,core-finance,docs/ref-5.2-billing.md,2.1 六层定价体系,| L0 | 渠道成本价 | 上游原始报价 | `vendor_models.input_price / output_price` | — |,logic,P1,说明应满足：上游原始报价,源码路径+行号、对应运行测试或数据库/Redis/队列证据,表格单元格已拆为单一字段断言
REQ-CF-03693,core-finance,docs/ref-5.2-billing.md,2.1 六层定价体系,| L0 | 渠道成本价 | 上游原始报价 | `vendor_models.input_price / output_price` | — |,logic,P1,存储位置应满足：`vendor_models.input_price / output_price`,源码路径+行号、对应运行测试或数据库/Redis/队列证据,表格单元格已拆为单一字段断言
REQ-CF-03694,core-finance,docs/ref-5.2-billing.md,2.1 六层定价体系,### 2.1 六层定价体系,logic,P1,层级应满足：L1,源码路径+行号、对应运行测试或数据库/Redis/队列证据,表格单元格已拆为单一字段断言
REQ-CF-03695,core-finance,docs/ref-5.2-billing.md,2.1 六层定价体系,| L1 | 平台标准价 | L0 × (1 + 全局加价率) | 运行时计算 | 最低 |,logic,P1,名称应满足：平台标准价,源码路径+行号、对应运行测试或数据库/Redis/队列证据,表格单元格已拆为单一字段断言
REQ-CF-03696,core-finance,docs/ref-5.2-billing.md,2.1 六层定价体系,| L1 | 平台标准价 | L0 × (1 + 全局加价率) | 运行时计算 | 最低 |,logic,P1,说明应满足：L0 × (1 + 全局加价率),源码路径+行号、对应运行测试或数据库/Redis/队列证据,表格单元格已拆为单一字段断言
REQ-CF-03697,core-finance,docs/ref-5.2-billing.md,2.1 六层定价体系,| L1 | 平台标准价 | L0 × (1 + 全局加价率) | 运行时计算 | 最低 |,logic,P1,存储位置应满足：运行时计算,源码路径+行号、对应运行测试或数据库/Redis/队列证据,表格单元格已拆为单一字段断言
REQ-CF-03698,core-finance,docs/ref-5.2-billing.md,2.1 六层定价体系,| 层级 | 名称 | 说明 | 存储位置 | 优先级 |,logic,P1,优先级应满足：最低,源码路径+行号、对应运行测试或数据库/Redis/队列证据,表格单元格已拆为单一字段断言
REQ-CF-03699,core-finance,docs/ref-5.2-billing.md,2.1 六层定价体系,### 2.1 六层定价体系,logic,P1,层级应满足：L2,源码路径+行号、对应运行测试或数据库/Redis/队列证据,表格单元格已拆为单一字段断言
REQ-CF-03700,core-finance,docs/ref-5.2-billing.md,2.1 六层定价体系,| L2 | 模型覆盖价 | 特定模型独立售价 | `models.override_input_price / override_output_price` | 中 |,logic,P1,名称应满足：模型覆盖价,源码路径+行号、对应运行测试或数据库/Redis/队列证据,表格单元格已拆为单一字段断言
REQ-CF-03701,core-finance,docs/ref-5.2-billing.md,2.1 六层定价体系,| L2 | 模型覆盖价 | 特定模型独立售价 | `models.override_input_price / override_output_price` | 中 |,logic,P1,说明应满足：特定模型独立售价,源码路径+行号、对应运行测试或数据库/Redis/队列证据,表格单元格已拆为单一字段断言
REQ-CF-03702,core-finance,docs/ref-5.2-billing.md,2.1 六层定价体系,| L2 | 模型覆盖价 | 特定模型独立售价 | `models.override_input_price / override_output_price` | 中 |,logic,P1,存储位置应满足：`models.override_input_price / override_output_price`,源码路径+行号、对应运行测试或数据库/Redis/队列证据,表格单元格已拆为单一字段断言
REQ-CF-03703,core-finance,docs/ref-5.2-billing.md,2.1 六层定价体系,| 层级 | 名称 | 说明 | 存储位置 | 优先级 |,logic,P1,优先级应满足：中,源码路径+行号、对应运行测试或数据库/Redis/队列证据,表格单元格已拆为单一字段断言
REQ-CF-03704,core-finance,docs/ref-5.2-billing.md,2.1 六层定价体系,### 2.1 六层定价体系,logic,P1,层级应满足：L3,源码路径+行号、对应运行测试或数据库/Redis/队列证据,表格单元格已拆为单一字段断言
REQ-CF-03705,core-finance,docs/ref-5.2-billing.md,2.1 六层定价体系,| L3 | 代理折扣价 | 代理名下用户的专属价格 | `agent_commission.discount_rate` | 中高 |,logic,P1,名称应满足：代理折扣价,源码路径+行号、对应运行测试或数据库/Redis/队列证据,表格单元格已拆为单一字段断言
REQ-CF-03706,core-finance,docs/ref-5.2-billing.md,2.1 六层定价体系,| L3 | 代理折扣价 | 代理名下用户的专属价格 | `agent_commission.discount_rate` | 中高 |,logic,P1,说明应满足：代理名下用户的专属价格,源码路径+行号、对应运行测试或数据库/Redis/队列证据,表格单元格已拆为单一字段断言
REQ-CF-03707,core-finance,docs/ref-5.2-billing.md,2.1 六层定价体系,| L3 | 代理折扣价 | 代理名下用户的专属价格 | `agent_commission.discount_rate` | 中高 |,logic,P1,存储位置应满足：`agent_commission.discount_rate`,源码路径+行号、对应运行测试或数据库/Redis/队列证据,表格单元格已拆为单一字段断言
REQ-CF-03708,core-finance,docs/ref-5.2-billing.md,2.1 六层定价体系,| 层级 | 名称 | 说明 | 存储位置 | 优先级 |,logic,P1,优先级应满足：中高,源码路径+行号、对应运行测试或数据库/Redis/队列证据,表格单元格已拆为单一字段断言
REQ-CF-03709,core-finance,docs/ref-5.2-billing.md,2.1 六层定价体系,### 2.1 六层定价体系,logic,P1,层级应满足：L4,源码路径+行号、对应运行测试或数据库/Redis/队列证据,表格单元格已拆为单一字段断言
REQ-CF-03710,core-finance,docs/ref-5.2-billing.md,2.1 六层定价体系,| L4 | 分组定价 | Key 组专属价格 | `key_group_pricing.unit_price` | 高 |,logic,P1,名称应满足：分组定价,源码路径+行号、对应运行测试或数据库/Redis/队列证据,表格单元格已拆为单一字段断言
REQ-CF-03711,core-finance,docs/ref-5.2-billing.md,2.1 六层定价体系,| L4 | 分组定价 | Key 组专属价格 | `key_group_pricing.unit_price` | 高 |,logic,P1,说明应满足：Key 组专属价格,源码路径+行号、对应运行测试或数据库/Redis/队列证据,表格单元格已拆为单一字段断言
REQ-CF-03712,core-finance,docs/ref-5.2-billing.md,2.1 六层定价体系,| L4 | 分组定价 | Key 组专属价格 | `key_group_pricing.unit_price` | 高 |,logic,P1,存储位置应满足：`key_group_pricing.unit_price`,源码路径+行号、对应运行测试或数据库/Redis/队列证据,表格单元格已拆为单一字段断言
REQ-CF-03713,core-finance,docs/ref-5.2-billing.md,2.1 六层定价体系,| 层级 | 名称 | 说明 | 存储位置 | 优先级 |,logic,P1,优先级应满足：高,源码路径+行号、对应运行测试或数据库/Redis/队列证据,表格单元格已拆为单一字段断言
REQ-CF-03714,core-finance,docs/ref-5.2-billing.md,2.1 六层定价体系,### 2.1 六层定价体系,logic,P1,层级应满足：L5,源码路径+行号、对应运行测试或数据库/Redis/队列证据,表格单元格已拆为单一字段断言
REQ-CF-03715,core-finance,docs/ref-5.2-billing.md,2.1 六层定价体系,| L5 | 活动价 | 活动期间临时价格 | `campaign_prices.discount_rate` | 最高 |,logic,P1,名称应满足：活动价,源码路径+行号、对应运行测试或数据库/Redis/队列证据,表格单元格已拆为单一字段断言
REQ-CF-03716,core-finance,docs/ref-5.2-billing.md,2.1 六层定价体系,| L5 | 活动价 | 活动期间临时价格 | `campaign_prices.discount_rate` | 最高 |,logic,P1,说明应满足：活动期间临时价格,源码路径+行号、对应运行测试或数据库/Redis/队列证据,表格单元格已拆为单一字段断言
REQ-CF-03717,core-finance,docs/ref-5.2-billing.md,2.1 六层定价体系,| L5 | 活动价 | 活动期间临时价格 | `campaign_prices.discount_rate` | 最高 |,logic,P1,存储位置应满足：`campaign_prices.discount_rate`,源码路径+行号、对应运行测试或数据库/Redis/队列证据,表格单元格已拆为单一字段断言
REQ-CF-03718,core-finance,docs/ref-5.2-billing.md,2.1 六层定价体系,| 层级 | 名称 | 说明 | 存储位置 | 优先级 |,logic,P1,优先级应满足：最高,源码路径+行号、对应运行测试或数据库/Redis/队列证据,表格单元格已拆为单一字段断言
REQ-CF-03719,core-finance,docs/ref-5.2-billing.md,3.2 计费计算公式,"Prompt 费用 = prompt_tokens × input_price / 1,000,000",logic,P1,**缓存命中打折（§3.2.1 可配置）**：上游 usage 返回缓存命中 token 时，,源码路径+行号、对应运行测试或数据库/Redis/队列证据,N/A：原审计记录未提供补充依据；待复核源码、测试及运行证据。
REQ-CF-03720,core-finance,docs/ref-5.2-billing.md,3.2 计费计算公式,"Prompt 费用 = prompt_tokens × input_price / 1,000,000",logic,P1,"Prompt 费用 = 命中 × input_price × 缓存折扣率 / 1,000,000 + 未命中 × input_price / 1,000,000",源码路径+行号、对应运行测试或数据库/Redis/队列证据,N/A：原审计记录未提供补充依据；待复核源码、测试及运行证据。
REQ-CF-03721,core-finance,docs/ref-5.2-billing.md,3.2 计费计算公式,实际扣费 = 总费用 × discount_rate（用户折扣率）,logic,P1,"费用计算保留 8 位小数（numeric(18,8)，与 consumption_records.cost / cache_discount 列及全链路输出一致；输出 toFixed(8)，前端展示 toFixed(2)）",源码路径+行号、对应运行测试或数据库/Redis/队列证据,N/A：原审计记录未提供补充依据；待复核源码、测试及运行证据。
REQ-CF-03722,core-finance,docs/ref-5.2-billing.md,3.2 计费计算公式,"Prompt 费用 = prompt_tokens × input_price / 1,000,000",logic,P1,最低扣费 ¥0.000001（不足 1 token 的场景）,源码路径+行号、对应运行测试或数据库/Redis/队列证据,N/A：原审计记录未提供补充依据；待复核源码、测试及运行证据。
REQ-CF-03723,core-finance,docs/ref-5.2-billing.md,3.2 计费计算公式,### 3.2 计费计算公式,boundary,P0,"余额以 0 为边界：`Math.max(0, balanceBefore - cost)` 确保余额不会低于 0 写入",源码路径+行号、对应运行测试或数据库/Redis/队列证据,N/A：原审计记录未提供补充依据；待复核源码、测试及运行证据。
REQ-CF-03724,core-finance,docs/ref-5.2-billing.md,3.2 计费计算公式,### 3.2 计费计算公式,logic,P0,但请求检查允许小额透支：余额低于 0 但高于 `-alert_stop_balance`（默认 -10 元）时仍可继续消费,源码路径+行号、对应运行测试或数据库/Redis/队列证据,N/A：原审计记录未提供补充依据；待复核源码、测试及运行证据。
REQ-CF-03725,core-finance,docs/ref-5.2-billing.md,3.2 计费计算公式,### 3.2 计费计算公式,logic,P0,余额低于 `-alert_stop_balance` 时返回 402 BALANCE_EXHAUSTED,源码路径+行号、对应运行测试或数据库/Redis/队列证据,N/A：原审计记录未提供补充依据；待复核源码、测试及运行证据。
REQ-CF-03726,core-finance,docs/ref-5.2-billing.md,3.2.1 缓存命中打折计费（可配置）,**背景**：部分上游在 usage 中返回缓存命中字段，命中部分应按折扣价计费（参考 New API「缓存命中打折计费」）。,api,P1,**背景**：部分上游在 usage 中返回缓存命中字段，命中部分应按折扣价计费（参考 New API「缓存命中打折计费」）。,源码路径+行号、对应运行测试或数据库/Redis/队列证据,N/A：原审计记录未提供补充依据；待复核源码、测试及运行证据。
REQ-CF-03727,core-finance,docs/ref-5.2-billing.md,3.2.1 缓存命中打折计费（可配置）,> **背景**：部分上游在 usage 中返回缓存命中字段，命中部分应按折扣价计费（参考 New API「缓存命中打折计费」）。,logic,P1,**上游格式对照（usage 归一化）**：,源码路径+行号、对应运行测试或数据库/Redis/队列证据,N/A：原审计记录未提供补充依据；待复核源码、测试及运行证据。
REQ-CF-03728,core-finance,docs/ref-5.2-billing.md,3.2.1 缓存命中打折计费（可配置）,### 3.2.1 缓存命中打折计费（可配置）,logic,P1,上游应满足：DeepSeek,源码路径+行号、对应运行测试或数据库/Redis/队列证据,表格单元格已拆为单一字段断言
REQ-CF-03729,core-finance,docs/ref-5.2-billing.md,3.2.1 缓存命中打折计费（可配置）,### 3.2.1 缓存命中打折计费（可配置）,field,P1,字段应满足：`prompt_cache_hit_tokens` / `prompt_cache_miss_tokens`,源码路径+行号、对应运行测试或数据库/Redis/队列证据,表格单元格已拆为单一字段断言
REQ-CF-03730,core-finance,docs/ref-5.2-billing.md,3.2.1 缓存命中打折计费（可配置）,### 3.2.1 缓存命中打折计费（可配置）,logic,P1,说明应满足：命中/未命中成对出现，官方命中按 10% 计费,源码路径+行号、对应运行测试或数据库/Redis/队列证据,表格单元格已拆为单一字段断言
REQ-CF-03731,core-finance,docs/ref-5.2-billing.md,3.2.1 缓存命中打折计费（可配置）,### 3.2.1 缓存命中打折计费（可配置）,logic,P1,上游应满足：Anthropic,源码路径+行号、对应运行测试或数据库/Redis/队列证据,表格单元格已拆为单一字段断言
REQ-CF-03732,core-finance,docs/ref-5.2-billing.md,3.2.1 缓存命中打折计费（可配置）,### 3.2.1 缓存命中打折计费（可配置）,field,P1,字段应满足：`cache_read_input_tokens`,源码路径+行号、对应运行测试或数据库/Redis/队列证据,表格单元格已拆为单一字段断言
REQ-CF-03733,core-finance,docs/ref-5.2-billing.md,3.2.1 缓存命中打折计费（可配置）,> **背景**：部分上游在 usage 中返回缓存命中字段，命中部分应按折扣价计费（参考 New API「缓存命中打折计费」）。,logic,P1,说明应满足：读取命中打折；`cache_creation_input_tokens`（写入缓存）全价不计入命中,源码路径+行号、对应运行测试或数据库/Redis/队列证据,表格单元格已拆为单一字段断言
REQ-CF-03734,core-finance,docs/ref-5.2-billing.md,3.2.1 缓存命中打折计费（可配置）,### 3.2.1 缓存命中打折计费（可配置）,logic,P1,上游应满足：OpenAI,源码路径+行号、对应运行测试或数据库/Redis/队列证据,表格单元格已拆为单一字段断言
REQ-CF-03735,core-finance,docs/ref-5.2-billing.md,3.2.1 缓存命中打折计费（可配置）,### 3.2.1 缓存命中打折计费（可配置）,field,P1,字段应满足：`prompt_tokens_details.cached_tokens`,源码路径+行号、对应运行测试或数据库/Redis/队列证据,表格单元格已拆为单一字段断言
REQ-CF-03736,core-finance,docs/ref-5.2-billing.md,3.2.1 缓存命中打折计费（可配置）,### 3.2.1 缓存命中打折计费（可配置）,logic,P1,说明应满足：命中数量，官方按 50% 计费,源码路径+行号、对应运行测试或数据库/Redis/队列证据,表格单元格已拆为单一字段断言
REQ-CF-03737,core-finance,docs/ref-5.2-billing.md,3.2.1 缓存命中打折计费（可配置）,### 3.2.1 缓存命中打折计费（可配置）,logic,P1,**计费公式**（¥ / 1K tokens 单价下）：,源码路径+行号、对应运行测试或数据库/Redis/队列证据,N/A：原审计记录未提供补充依据；待复核源码、测试及运行证据。
REQ-CF-03738,core-finance,docs/ref-5.2-billing.md,3.2.1 缓存命中打折计费（可配置）,### 3.2.1 缓存命中打折计费（可配置）,logic,P1,**折扣率三级配置（优先级从高到低）**：,源码路径+行号、对应运行测试或数据库/Redis/队列证据,N/A：原审计记录未提供补充依据；待复核源码、测试及运行证据。
REQ-CF-03739,core-finance,docs/ref-5.2-billing.md,3.2.1 缓存命中打折计费（可配置）,### 3.2.1 缓存命中打折计费（可配置）,logic,P1,上游应满足：层级,源码路径+行号、对应运行测试或数据库/Redis/队列证据,表格单元格已拆为单一字段断言
REQ-CF-03740,core-finance,docs/ref-5.2-billing.md,3.2.1 缓存命中打折计费（可配置）,### 3.2.1 缓存命中打折计费（可配置）,field,P1,字段应满足：配置位置,源码路径+行号、对应运行测试或数据库/Redis/队列证据,表格单元格已拆为单一字段断言
REQ-CF-03741,core-finance,docs/ref-5.2-billing.md,3.2.1 缓存命中打折计费（可配置）,### 3.2.1 缓存命中打折计费（可配置）,logic,P1,说明应满足：默认值,源码路径+行号、对应运行测试或数据库/Redis/队列证据,表格单元格已拆为单一字段断言
REQ-CF-03742,core-finance,docs/ref-5.2-billing.md,3.2.1 缓存命中打折计费（可配置）,### 3.2.1 缓存命中打折计费（可配置）,logic,P1,上游应满足：1. 模型级,源码路径+行号、对应运行测试或数据库/Redis/队列证据,表格单元格已拆为单一字段断言
REQ-CF-03743,core-finance,docs/ref-5.2-billing.md,3.2.1 缓存命中打折计费（可配置）,### 3.2.1 缓存命中打折计费（可配置）,field,P1,字段应满足：`vendor_pricing.cache_discount_rate`（价格管理页逐模型）,源码路径+行号、对应运行测试或数据库/Redis/队列证据,表格单元格已拆为单一字段断言
REQ-CF-03744,core-finance,docs/ref-5.2-billing.md,3.2.1 缓存命中打折计费（可配置）,### 3.2.1 缓存命中打折计费（可配置）,logic,P1,说明应满足：null（跟随全局）,源码路径+行号、对应运行测试或数据库/Redis/队列证据,表格单元格已拆为单一字段断言
REQ-CF-03745,core-finance,docs/ref-5.2-billing.md,3.2.1 缓存命中打折计费（可配置）,### 3.2.1 缓存命中打折计费（可配置）,logic,P1,上游应满足：2. 全局,源码路径+行号、对应运行测试或数据库/Redis/队列证据,表格单元格已拆为单一字段断言
REQ-CF-03746,core-finance,docs/ref-5.2-billing.md,3.2.1 缓存命中打折计费（可配置）,### 3.2.1 缓存命中打折计费（可配置）,field,P1,字段应满足：`system_config.billing.cache_hit_discount`（系统设置 → 计费策略）,源码路径+行号、对应运行测试或数据库/Redis/队列证据,表格单元格已拆为单一字段断言
REQ-CF-03747,core-finance,docs/ref-5.2-billing.md,3.2.1 缓存命中打折计费（可配置）,### 3.2.1 缓存命中打折计费（可配置）,logic,P1,说明应满足：0.1,源码路径+行号、对应运行测试或数据库/Redis/队列证据,表格单元格已拆为单一字段断言
REQ-CF-03748,core-finance,docs/ref-5.2-billing.md,3.2.1 缓存命中打折计费（可配置）,### 3.2.1 缓存命中打折计费（可配置）,logic,P1,上游应满足：3. 代码兜底,源码路径+行号、对应运行测试或数据库/Redis/队列证据,表格单元格已拆为单一字段断言
REQ-CF-03749,core-finance,docs/ref-5.2-billing.md,3.2.1 缓存命中打折计费（可配置）,### 3.2.1 缓存命中打折计费（可配置）,field,P1,字段应满足：`cache-billing.ts CACHE_HIT_DISCOUNT`,源码路径+行号、对应运行测试或数据库/Redis/队列证据,表格单元格已拆为单一字段断言
REQ-CF-03751,core-finance,docs/ref-5.2-billing.md,3.2.1 缓存命中打折计费（可配置）,### 3.2.1 缓存命中打折计费（可配置）,db,P1,**落库审计**（`consumption_records`）：,源码路径+行号、对应运行测试或数据库/Redis/队列证据,N/A：原审计记录未提供补充依据；待复核源码、测试及运行证据。
REQ-CF-03752,core-finance,docs/ref-5.2-billing.md,3.2.1 缓存命中打折计费（可配置）,> **背景**：部分上游在 usage 中返回缓存命中字段，命中部分应按折扣价计费（参考 New API「缓存命中打折计费」）。,logic,P1,cache_hit_tokens`：缓存命中 token 数（integer，可空）,源码路径+行号、对应运行测试或数据库/Redis/队列证据,N/A：原审计记录未提供补充依据；待复核源码、测试及运行证据。
REQ-CF-03753,core-finance,docs/ref-5.2-billing.md,3.2.1 缓存命中打折计费（可配置）,### 3.2.1 缓存命中打折计费（可配置）,logic,P1,"cache_discount`：打折省下的金额（全价 − 折后价，numeric(18,8)，可空）",源码路径+行号、对应运行测试或数据库/Redis/队列证据,N/A：原审计记录未提供补充依据；待复核源码、测试及运行证据。
REQ-CF-03754,core-finance,docs/ref-5.2-billing.md,3.2.1 缓存命中打折计费（可配置）,> **背景**：部分上游在 usage 中返回缓存命中字段，命中部分应按折扣价计费（参考 New API「缓存命中打折计费」）。,field,P1,**生效范围**：作用于非流式响应（上游 usage 携带缓存字段）；流式场景沿用全价计费。,源码路径+行号、对应运行测试或数据库/Redis/队列证据,N/A：原审计记录未提供补充依据；待复核源码、测试及运行证据。
REQ-CF-03755,core-finance,docs/ref-5.2-billing.md,4.1 周期定义,### 4.1 周期定义,logic,P1,项目应满足：周期,源码路径+行号、对应运行测试或数据库/Redis/队列证据,表格单元格已拆为单一字段断言
REQ-CF-03756,core-finance,docs/ref-5.2-billing.md,4.1 周期定义,| 周期 | 每月 1 日 00:00 ~ 月底 23:59:59 (UTC+8) |,logic,P1,值应满足：每月 1 日 00:00 ~ 月底 23:59:59 (UTC+8),源码路径+行号、对应运行测试或数据库/Redis/队列证据,表格单元格已拆为单一字段断言
REQ-CF-03757,core-finance,docs/ref-5.2-billing.md,4.1 周期定义,| 生成时间 | 次月 5 日 00:00 |,logic,P1,项目应满足：生成时间,源码路径+行号、对应运行测试或数据库/Redis/队列证据,表格单元格已拆为单一字段断言
REQ-CF-03758,core-finance,docs/ref-5.2-billing.md,4.1 周期定义,| 生成时间 | 次月 5 日 00:00 |,logic,P1,值应满足：次月 5 日 00:00,源码路径+行号、对应运行测试或数据库/Redis/队列证据,表格单元格已拆为单一字段断言
REQ-CF-03759,core-finance,docs/ref-5.2-billing.md,4.1 周期定义,| 通知方式 | 站内通知 + 邮件（PDF 附件） |,action,P1,项目应满足：通知方式,源码路径+行号、对应运行测试或数据库/Redis/队列证据,表格单元格已拆为单一字段断言
REQ-CF-03760,core-finance,docs/ref-5.2-billing.md,4.1 周期定义,| 通知方式 | 站内通知 + 邮件（PDF 附件） |,action,P1,值应满足：站内通知 + 邮件（PDF 附件）,源码路径+行号、对应运行测试或数据库/Redis/队列证据,表格单元格已拆为单一字段断言
REQ-CF-03761,core-finance,docs/ref-5.2-billing.md,4.1 周期定义,| 下载格式 | PDF（打印版）/ CSV（分析版）|,logic,P1,项目应满足：下载格式,源码路径+行号、对应运行测试或数据库/Redis/队列证据,表格单元格已拆为单一字段断言
REQ-CF-03762,core-finance,docs/ref-5.2-billing.md,4.1 周期定义,| 下载格式 | PDF（打印版）/ CSV（分析版）|,logic,P1,值应满足：PDF（打印版）/ CSV（分析版）,源码路径+行号、对应运行测试或数据库/Redis/队列证据,表格单元格已拆为单一字段断言
REQ-CF-03763,core-finance,docs/ref-5.2-billing.md,5.1 价格相关字段,"outputPrice: numeric(""output_price"", { precision: 18, scale: 6 }).notNull().default(""0""),",field,P1,"**全局缓存命中折扣率**：`system_config.billing.cache_hit_discount`（默认 `0.1`，合法区间 `(0, 1]`），",源码路径+行号、对应运行测试或数据库/Redis/队列证据,N/A：原审计记录未提供补充依据；待复核源码、测试及运行证据。
REQ-CF-03764,core-finance,docs/ref-5.2-billing.md,5.1 价格相关字段,### 5.1 价格相关字段,field,P1,后台入口：系统设置 → 计费策略 → 缓存命中折扣率；修改后 Redis 缓存 60s 内失效即时生效。,源码路径+行号、对应运行测试或数据库/Redis/队列证据,N/A：原审计记录未提供补充依据；待复核源码、测试及运行证据。
REQ-CF-03765,core-finance,docs/ref-5.2-billing.md,6.1 用户端,| `GET` | `/api/v1/me/balance` | 查询余额 |,logic,P1,方法应满足：`GET`,源码路径+行号、对应运行测试或数据库/Redis/队列证据,表格单元格已拆为单一字段断言
REQ-CF-03766,core-finance,docs/ref-5.2-billing.md,6.1 用户端,| `GET` | `/api/v1/me/balance` | 查询余额 |,api,P1,路径应满足：`/api/v1/me/balance`,源码路径+行号、对应运行测试或数据库/Redis/队列证据,表格单元格已拆为单一字段断言
REQ-CF-03767,core-finance,docs/ref-5.2-billing.md,6.1 用户端,| `GET` | `/api/v1/me/balance` | 查询余额 |,logic,P0,说明应满足：查询余额,源码路径+行号、对应运行测试或数据库/Redis/队列证据,表格单元格已拆为单一字段断言
REQ-CF-03769,core-finance,docs/ref-5.2-billing.md,6.1 用户端,| `GET` | `/api/v1/me/balance-logs` | 余额变动流水 |,api,P1,路径应满足：`/api/v1/me/balance-logs`,源码路径+行号、对应运行测试或数据库/Redis/队列证据,表格单元格已拆为单一字段断言
REQ-CF-03770,core-finance,docs/ref-5.2-billing.md,6.1 用户端,| `GET` | `/api/v1/me/balance-logs` | 余额变动流水 |,logic,P0,说明应满足：余额变动流水,源码路径+行号、对应运行测试或数据库/Redis/队列证据,表格单元格已拆为单一字段断言
REQ-CF-03772,core-finance,docs/ref-5.2-billing.md,6.1 用户端,| `GET` | `/api/v1/me/invoices` | 账单列表 |,api,P1,路径应满足：`/api/v1/me/invoices`,源码路径+行号、对应运行测试或数据库/Redis/队列证据,表格单元格已拆为单一字段断言
REQ-CF-03773,core-finance,docs/ref-5.2-billing.md,6.1 用户端,| `GET` | `/api/v1/me/invoices` | 账单列表 |,logic,P1,说明应满足：账单列表,源码路径+行号、对应运行测试或数据库/Redis/队列证据,表格单元格已拆为单一字段断言
REQ-CF-03775,core-finance,docs/ref-5.2-billing.md,6.1 用户端,| `GET` | `/api/v1/me/invoices/:id/pdf` | 下载账单 PDF |,api,P1,路径应满足：`/api/v1/me/invoices/:id/pdf`,源码路径+行号、对应运行测试或数据库/Redis/队列证据,表格单元格已拆为单一字段断言
REQ-CF-03776,core-finance,docs/ref-5.2-billing.md,6.1 用户端,| `GET` | `/api/v1/me/invoices/:id/pdf` | 下载账单 PDF |,logic,P1,说明应满足：下载账单 PDF,源码路径+行号、对应运行测试或数据库/Redis/队列证据,表格单元格已拆为单一字段断言
REQ-CF-03778,core-finance,docs/ref-5.2-billing.md,6.1 用户端,| `GET` | `/api/v1/me/invoices/:id/csv` | 下载账单 CSV |,api,P1,路径应满足：`/api/v1/me/invoices/:id/csv`,源码路径+行号、对应运行测试或数据库/Redis/队列证据,表格单元格已拆为单一字段断言
REQ-CF-03779,core-finance,docs/ref-5.2-billing.md,6.1 用户端,| `GET` | `/api/v1/me/invoices/:id/csv` | 下载账单 CSV |,logic,P1,说明应满足：下载账单 CSV,源码路径+行号、对应运行测试或数据库/Redis/队列证据,表格单元格已拆为单一字段断言
REQ-CF-03780,core-finance,docs/ref-5.2-billing.md,6.2 管理端,| `GET` | `/api/v1/admin/billing/prices` | 价格配置列表 | finance_ops 以上 |,logic,P1,方法应满足：`GET`,源码路径+行号、对应运行测试或数据库/Redis/队列证据,表格单元格已拆为单一字段断言
REQ-CF-03781,core-finance,docs/ref-5.2-billing.md,6.2 管理端,| `GET` | `/api/v1/admin/billing/prices` | 价格配置列表 | finance_ops 以上 |,api,P1,路径应满足：`/api/v1/admin/billing/prices`,源码路径+行号、对应运行测试或数据库/Redis/队列证据,表格单元格已拆为单一字段断言
REQ-CF-03782,core-finance,docs/ref-5.2-billing.md,6.2 管理端,| `GET` | `/api/v1/admin/billing/prices` | 价格配置列表 | finance_ops 以上 |,logic,P1,说明应满足：价格配置列表,源码路径+行号、对应运行测试或数据库/Redis/队列证据,表格单元格已拆为单一字段断言
REQ-CF-03783,core-finance,docs/ref-5.2-billing.md,6.2 管理端,| `GET` | `/api/v1/admin/billing/prices` | 价格配置列表 | finance_ops 以上 |,permission,P1,权限应满足：finance_ops 以上,源码路径+行号、对应运行测试或数据库/Redis/队列证据,表格单元格已拆为单一字段断言
REQ-CF-03784,core-finance,docs/ref-5.2-billing.md,6.2 管理端,| `PUT` | `/api/v1/admin/billing/markup-rate` | 修改全局加价率 | admin 以上 |,logic,P1,方法应满足：`PUT`,源码路径+行号、对应运行测试或数据库/Redis/队列证据,表格单元格已拆为单一字段断言
REQ-CF-03785,core-finance,docs/ref-5.2-billing.md,6.2 管理端,| `PUT` | `/api/v1/admin/billing/markup-rate` | 修改全局加价率 | admin 以上 |,api,P1,路径应满足：`/api/v1/admin/billing/markup-rate`,源码路径+行号、对应运行测试或数据库/Redis/队列证据,表格单元格已拆为单一字段断言
REQ-CF-03786,core-finance,docs/ref-5.2-billing.md,6.2 管理端,| `PUT` | `/api/v1/admin/billing/markup-rate` | 修改全局加价率 | admin 以上 |,logic,P1,说明应满足：修改全局加价率,源码路径+行号、对应运行测试或数据库/Redis/队列证据,表格单元格已拆为单一字段断言
REQ-CF-03787,core-finance,docs/ref-5.2-billing.md,6.2 管理端,| `PUT` | `/api/v1/admin/billing/markup-rate` | 修改全局加价率 | admin 以上 |,permission,P1,权限应满足：admin 以上,源码路径+行号、对应运行测试或数据库/Redis/队列证据,表格单元格已拆为单一字段断言
REQ-CF-03789,core-finance,docs/ref-5.2-billing.md,6.2 管理端,| `PUT` | `/api/v1/admin/billing/model-price` | 修改模型价格 | finance_ops 以上 |,api,P1,路径应满足：`/api/v1/admin/billing/model-price`,源码路径+行号、对应运行测试或数据库/Redis/队列证据,表格单元格已拆为单一字段断言
REQ-CF-03790,core-finance,docs/ref-5.2-billing.md,6.2 管理端,| `PUT` | `/api/v1/admin/billing/model-price` | 修改模型价格 | finance_ops 以上 |,logic,P1,说明应满足：修改模型价格,源码路径+行号、对应运行测试或数据库/Redis/队列证据,表格单元格已拆为单一字段断言
REQ-CF-03793,core-finance,docs/ref-5.2-billing.md,6.2 管理端,| `GET` | `/api/v1/admin/billing/invoices` | 全部账单列表 | finance_ops 以上 |,api,P1,路径应满足：`/api/v1/admin/billing/invoices`,源码路径+行号、对应运行测试或数据库/Redis/队列证据,表格单元格已拆为单一字段断言
REQ-CF-03794,core-finance,docs/ref-5.2-billing.md,6.2 管理端,| `GET` | `/api/v1/admin/billing/invoices` | 全部账单列表 | finance_ops 以上 |,logic,P1,说明应满足：全部账单列表,源码路径+行号、对应运行测试或数据库/Redis/队列证据,表格单元格已拆为单一字段断言
REQ-CF-03796,core-finance,docs/ref-5.2-billing.md,6.2 管理端,| `POST` | `/api/v1/admin/billing/invoices/generate` | 手动生成账单 | finance_ops 以上 |,logic,P1,方法应满足：`POST`,源码路径+行号、对应运行测试或数据库/Redis/队列证据,表格单元格已拆为单一字段断言
REQ-CF-03797,core-finance,docs/ref-5.2-billing.md,6.2 管理端,| `POST` | `/api/v1/admin/billing/invoices/generate` | 手动生成账单 | finance_ops 以上 |,api,P1,路径应满足：`/api/v1/admin/billing/invoices/generate`,源码路径+行号、对应运行测试或数据库/Redis/队列证据,表格单元格已拆为单一字段断言
REQ-CF-03798,core-finance,docs/ref-5.2-billing.md,6.2 管理端,| `POST` | `/api/v1/admin/billing/invoices/generate` | 手动生成账单 | finance_ops 以上 |,logic,P1,说明应满足：手动生成账单,源码路径+行号、对应运行测试或数据库/Redis/队列证据,表格单元格已拆为单一字段断言
REQ-CF-03801,core-finance,docs/ref-5.2-billing.md,6.2 管理端,| `GET` | `/api/v1/admin/billing/reconciliation` | 对账结果 | finance_ops 以上 |,api,P1,路径应满足：`/api/v1/admin/billing/reconciliation`,源码路径+行号、对应运行测试或数据库/Redis/队列证据,表格单元格已拆为单一字段断言
REQ-CF-03802,core-finance,docs/ref-5.2-billing.md,6.2 管理端,| `GET` | `/api/v1/admin/billing/reconciliation` | 对账结果 | finance_ops 以上 |,logic,P1,说明应满足：对账结果,源码路径+行号、对应运行测试或数据库/Redis/队列证据,表格单元格已拆为单一字段断言
REQ-CF-03805,core-finance,docs/ref-5.2-billing.md,6.2 管理端,| `GET` | `/api/v1/admin/billing/reconciliation/detail` | 对账差异详情 | finance_ops 以上 |,api,P1,路径应满足：`/api/v1/admin/billing/reconciliation/detail`,源码路径+行号、对应运行测试或数据库/Redis/队列证据,表格单元格已拆为单一字段断言
REQ-CF-03806,core-finance,docs/ref-5.2-billing.md,6.2 管理端,| `GET` | `/api/v1/admin/billing/reconciliation/detail` | 对账差异详情 | finance_ops 以上 |,logic,P1,说明应满足：对账差异详情,源码路径+行号、对应运行测试或数据库/Redis/队列证据,表格单元格已拆为单一字段断言
REQ-CF-03809,core-finance,docs/ref-5.2-billing.md,6.2 管理端,| `POST` | `/api/v1/admin/billing/reconciliation/resolve` | 处理对账差异 | finance_ops 以上 |,api,P1,路径应满足：`/api/v1/admin/billing/reconciliation/resolve`,源码路径+行号、对应运行测试或数据库/Redis/队列证据,表格单元格已拆为单一字段断言
REQ-CF-03810,core-finance,docs/ref-5.2-billing.md,6.2 管理端,| `POST` | `/api/v1/admin/billing/reconciliation/resolve` | 处理对账差异 | finance_ops 以上 |,logic,P1,说明应满足：处理对账差异,源码路径+行号、对应运行测试或数据库/Redis/队列证据,表格单元格已拆为单一字段断言
REQ-CF-03813,core-finance,docs/ref-5.2-billing.md,6.2 管理端,| `GET` | `/api/v1/admin/settings` | 系统设置汇总（含 `billing.cache_hit_discount` 全局折扣率） | admin 以上 |,api,P1,路径应满足：`/api/v1/admin/settings`,源码路径+行号、对应运行测试或数据库/Redis/队列证据,表格单元格已拆为单一字段断言
REQ-CF-03814,core-finance,docs/ref-5.2-billing.md,6.2 管理端,| `GET` | `/api/v1/admin/settings` | 系统设置汇总（含 `billing.cache_hit_discount` 全局折扣率） | admin 以上 |,logic,P1,说明应满足：系统设置汇总（含 `billing.cache_hit_discount` 全局折扣率）,源码路径+行号、对应运行测试或数据库/Redis/队列证据,表格单元格已拆为单一字段断言
REQ-CF-03817,core-finance,docs/ref-5.2-billing.md,6.2 管理端,| `PUT` | `/api/v1/admin/settings/billing` | 保存计费设置（预扣阈值 + 缓存命中折扣率，即时失效缓存） | admin 以上 |,api,P1,路径应满足：`/api/v1/admin/settings/billing`,源码路径+行号、对应运行测试或数据库/Redis/队列证据,表格单元格已拆为单一字段断言
REQ-CF-03818,core-finance,docs/ref-5.2-billing.md,6.2 管理端,| `PUT` | `/api/v1/admin/settings/billing` | 保存计费设置（预扣阈值 + 缓存命中折扣率，即时失效缓存） | admin 以上 |,logic,P1,说明应满足：保存计费设置（预扣阈值 + 缓存命中折扣率，即时失效缓存）,源码路径+行号、对应运行测试或数据库/Redis/队列证据,表格单元格已拆为单一字段断言
REQ-CF-03821,core-finance,docs/ref-5.2-billing.md,6.2 管理端,| `GET` | `/api/v1/admin/pricing` | 定价列表（含模型级 `cache_discount_rate`） | admin 以上 |,api,P1,路径应满足：`/api/v1/admin/pricing`,源码路径+行号、对应运行测试或数据库/Redis/队列证据,表格单元格已拆为单一字段断言
REQ-CF-03822,core-finance,docs/ref-5.2-billing.md,6.2 管理端,| `GET` | `/api/v1/admin/pricing` | 定价列表（含模型级 `cache_discount_rate`） | admin 以上 |,logic,P1,说明应满足：定价列表（含模型级 `cache_discount_rate`）,源码路径+行号、对应运行测试或数据库/Redis/队列证据,表格单元格已拆为单一字段断言
REQ-CF-03825,core-finance,docs/ref-5.2-billing.md,6.2 管理端,| `PUT` | `/api/v1/admin/pricing/:id` | 更新定价（单价 + 模型级缓存折扣率，留空回退全局） | admin 以上 |,api,P1,路径应满足：`/api/v1/admin/pricing/:id`,源码路径+行号、对应运行测试或数据库/Redis/队列证据,表格单元格已拆为单一字段断言
REQ-CF-03826,core-finance,docs/ref-5.2-billing.md,6.2 管理端,| `PUT` | `/api/v1/admin/pricing/:id` | 更新定价（单价 + 模型级缓存折扣率，留空回退全局） | admin 以上 |,logic,P1,说明应满足：更新定价（单价 + 模型级缓存折扣率，留空回退全局）,源码路径+行号、对应运行测试或数据库/Redis/队列证据,表格单元格已拆为单一字段断言
REQ-CF-03828,core-finance,docs/ref-5.2-billing.md,八、计费偏差与异常处理,| 计费金额异常（> 预估 2 倍） | 实时检查 | 记录告警，冻结该比交易，人工核查 |,exception,P1,场景应满足：计费金额异常（> 预估 2 倍）,源码路径+行号、对应运行测试或数据库/Redis/队列证据,表格单元格已拆为单一字段断言
REQ-CF-03829,core-finance,docs/ref-5.2-billing.md,八、计费偏差与异常处理,| 场景 | 检测方式 | 处理流程 |,exception,P1,检测方式应满足：实时检查,源码路径+行号、对应运行测试或数据库/Redis/队列证据,表格单元格已拆为单一字段断言
REQ-CF-03830,core-finance,docs/ref-5.2-billing.md,八、计费偏差与异常处理,| 计费金额异常（> 预估 2 倍） | 实时检查 | 记录告警，冻结该比交易，人工核查 |,performance,P1,处理流程应满足：记录告警，冻结该比交易，人工核查,源码路径+行号、对应运行测试或数据库/Redis/队列证据,表格单元格已拆为单一字段断言
REQ-CF-03831,core-finance,docs/ref-5.2-billing.md,八、计费偏差与异常处理,| 计费引擎异常 | 事务回滚 | 自动回滚，不扣费 |,exception,P1,场景应满足：计费引擎异常,源码路径+行号、对应运行测试或数据库/Redis/队列证据,表格单元格已拆为单一字段断言
REQ-CF-03832,core-finance,docs/ref-5.2-billing.md,八、计费偏差与异常处理,| 场景 | 检测方式 | 处理流程 |,transaction,P0,检测方式应满足：事务回滚,源码路径+行号、对应运行测试或数据库/Redis/队列证据,表格单元格已拆为单一字段断言
REQ-CF-03833,core-finance,docs/ref-5.2-billing.md,八、计费偏差与异常处理,| 计费引擎异常 | 事务回滚 | 自动回滚，不扣费 |,rollback,P0,处理流程应满足：自动回滚，不扣费,源码路径+行号、对应运行测试或数据库/Redis/队列证据,表格单元格已拆为单一字段断言
REQ-CF-03834,core-finance,docs/ref-5.2-billing.md,八、计费偏差与异常处理,| 价格为负数 | 更新时校验 | 拒绝更新，触发告警 |,exception,P1,场景应满足：价格为负数,源码路径+行号、对应运行测试或数据库/Redis/队列证据,表格单元格已拆为单一字段断言
REQ-CF-03835,core-finance,docs/ref-5.2-billing.md,八、计费偏差与异常处理,| 价格为负数 | 更新时校验 | 拒绝更新，触发告警 |,exception,P1,检测方式应满足：更新时校验,源码路径+行号、对应运行测试或数据库/Redis/队列证据,表格单元格已拆为单一字段断言
REQ-CF-03836,core-finance,docs/ref-5.2-billing.md,八、计费偏差与异常处理,| 价格为负数 | 更新时校验 | 拒绝更新，触发告警 |,performance,P1,处理流程应满足：拒绝更新，触发告警,源码路径+行号、对应运行测试或数据库/Redis/队列证据,表格单元格已拆为单一字段断言
REQ-CF-03837,core-finance,docs/ref-5.2-billing.md,八、计费偏差与异常处理,| 用户折扣率变动影响历史计费 | 版本控制 | 折扣率仅在变动后生效（timestamp） |,exception,P1,场景应满足：用户折扣率变动影响历史计费,源码路径+行号、对应运行测试或数据库/Redis/队列证据,表格单元格已拆为单一字段断言
REQ-CF-03838,core-finance,docs/ref-5.2-billing.md,八、计费偏差与异常处理,| 场景 | 检测方式 | 处理流程 |,exception,P1,检测方式应满足：版本控制,源码路径+行号、对应运行测试或数据库/Redis/队列证据,表格单元格已拆为单一字段断言
REQ-CF-03839,core-finance,docs/ref-5.2-billing.md,八、计费偏差与异常处理,| 用户折扣率变动影响历史计费 | 版本控制 | 折扣率仅在变动后生效（timestamp） |,exception,P1,处理流程应满足：折扣率仅在变动后生效（timestamp）,源码路径+行号、对应运行测试或数据库/Redis/队列证据,表格单元格已拆为单一字段断言
REQ-CF-03840,core-finance,docs/ref-5.2-billing.md,八、计费偏差与异常处理,| 渠道价格变动同步延迟 | 版本控制 | 价格在配置时生效，不追溯历史 |,exception,P1,场景应满足：渠道价格变动同步延迟,源码路径+行号、对应运行测试或数据库/Redis/队列证据,表格单元格已拆为单一字段断言
REQ-CF-03842,core-finance,docs/ref-5.2-billing.md,八、计费偏差与异常处理,| 渠道价格变动同步延迟 | 版本控制 | 价格在配置时生效，不追溯历史 |,exception,P1,处理流程应满足：价格在配置时生效，不追溯历史,源码路径+行号、对应运行测试或数据库/Redis/队列证据,表格单元格已拆为单一字段断言
REQ-CF-03843,core-finance,docs/ref-5.2-billing.md,8.1 计费引擎 SLA（P1 补充）,| 计费计算延迟（P50） | ≤ 10ms | 请求完成到计费记录写入 |,logic,P1,指标应满足：计费计算延迟（P50）,源码路径+行号、对应运行测试或数据库/Redis/队列证据,表格单元格已拆为单一字段断言
REQ-CF-03844,core-finance,docs/ref-5.2-billing.md,8.1 计费引擎 SLA（P1 补充）,| 计费计算延迟（P50） | ≤ 10ms | 请求完成到计费记录写入 |,logic,P1,目标应满足：≤ 10ms,源码路径+行号、对应运行测试或数据库/Redis/队列证据,表格单元格已拆为单一字段断言
REQ-CF-03845,core-finance,docs/ref-5.2-billing.md,8.1 计费引擎 SLA（P1 补充）,| 计费计算延迟（P50） | ≤ 10ms | 请求完成到计费记录写入 |,logic,P1,说明应满足：请求完成到计费记录写入,源码路径+行号、对应运行测试或数据库/Redis/队列证据,表格单元格已拆为单一字段断言
REQ-CF-03846,core-finance,docs/ref-5.2-billing.md,8.1 计费引擎 SLA（P1 补充）,| 计费计算延迟（P99） | ≤ 50ms | 最慢 1% 的计费完成时间 |,logic,P1,指标应满足：计费计算延迟（P99）,源码路径+行号、对应运行测试或数据库/Redis/队列证据,表格单元格已拆为单一字段断言
REQ-CF-03847,core-finance,docs/ref-5.2-billing.md,8.1 计费引擎 SLA（P1 补充）,| 计费计算延迟（P99） | ≤ 50ms | 最慢 1% 的计费完成时间 |,logic,P1,目标应满足：≤ 50ms,源码路径+行号、对应运行测试或数据库/Redis/队列证据,表格单元格已拆为单一字段断言
REQ-CF-03848,core-finance,docs/ref-5.2-billing.md,8.1 计费引擎 SLA（P1 补充）,| 计费计算延迟（P99） | ≤ 50ms | 最慢 1% 的计费完成时间 |,logic,P1,说明应满足：最慢 1% 的计费完成时间,源码路径+行号、对应运行测试或数据库/Redis/队列证据,表格单元格已拆为单一字段断言
REQ-CF-03849,core-finance,docs/ref-5.2-billing.md,8.1 计费引擎 SLA（P1 补充）,| 计费引擎可用性 | ≥ 99.99% | 不阻塞 API 请求 |,logic,P1,指标应满足：计费引擎可用性,源码路径+行号、对应运行测试或数据库/Redis/队列证据,表格单元格已拆为单一字段断言
REQ-CF-03850,core-finance,docs/ref-5.2-billing.md,8.1 计费引擎 SLA（P1 补充）,| 计费引擎可用性 | ≥ 99.99% | 不阻塞 API 请求 |,logic,P1,目标应满足：≥ 99.99%,源码路径+行号、对应运行测试或数据库/Redis/队列证据,表格单元格已拆为单一字段断言
REQ-CF-03851,core-finance,docs/ref-5.2-billing.md,8.1 计费引擎 SLA（P1 补充）,| 计费引擎可用性 | ≥ 99.99% | 不阻塞 API 请求 |,api,P1,说明应满足：不阻塞 API 请求,源码路径+行号、对应运行测试或数据库/Redis/队列证据,表格单元格已拆为单一字段断言
REQ-CF-03852,core-finance,docs/ref-5.2-billing.md,8.1 计费引擎 SLA（P1 补充）,| 数据一致性 | 0 偏差 | 余额变动 = 计费金额 |,logic,P1,指标应满足：数据一致性,源码路径+行号、对应运行测试或数据库/Redis/队列证据,表格单元格已拆为单一字段断言
REQ-CF-03853,core-finance,docs/ref-5.2-billing.md,8.1 计费引擎 SLA（P1 补充）,| 数据一致性 | 0 偏差 | 余额变动 = 计费金额 |,logic,P1,目标应满足：0 偏差,源码路径+行号、对应运行测试或数据库/Redis/队列证据,表格单元格已拆为单一字段断言
REQ-CF-03854,core-finance,docs/ref-5.2-billing.md,8.1 计费引擎 SLA（P1 补充）,| 数据一致性 | 0 偏差 | 余额变动 = 计费金额 |,logic,P1,说明应满足：余额变动 = 计费金额,源码路径+行号、对应运行测试或数据库/Redis/队列证据,表格单元格已拆为单一字段断言
REQ-CF-03855,core-finance,docs/ref-5.2-billing.md,8.1 计费引擎 SLA（P1 补充）,| 计费失败率 | ≤ 0.01% | 计费写入失败比率 |,logic,P1,指标应满足：计费失败率,源码路径+行号、对应运行测试或数据库/Redis/队列证据,表格单元格已拆为单一字段断言
REQ-CF-03856,core-finance,docs/ref-5.2-billing.md,8.1 计费引擎 SLA（P1 补充）,| 计费失败率 | ≤ 0.01% | 计费写入失败比率 |,logic,P1,目标应满足：≤ 0.01%,源码路径+行号、对应运行测试或数据库/Redis/队列证据,表格单元格已拆为单一字段断言
REQ-CF-03857,core-finance,docs/ref-5.2-billing.md,8.1 计费引擎 SLA（P1 补充）,| 计费失败率 | ≤ 0.01% | 计费写入失败比率 |,logic,P1,说明应满足：计费写入失败比率,源码路径+行号、对应运行测试或数据库/Redis/队列证据,表格单元格已拆为单一字段断言
REQ-CF-03858,core-finance,docs/ref-5.2-billing.md,8.1 计费引擎 SLA（P1 补充）,### 8.1 计费引擎 SLA（P1 补充）,logic,P1,1. 计费引擎不可用 → 放行但不计费，事后 cron 补计费,源码路径+行号、对应运行测试或数据库/Redis/队列证据,N/A：原审计记录未提供补充依据；待复核源码、测试及运行证据。
REQ-CF-03859,core-finance,docs/ref-5.2-billing.md,8.1 计费引擎 SLA（P1 补充）,### 8.1 计费引擎 SLA（P1 补充）,logic,P1,Redis 不可用 → 切换到内存缓存,源码路径+行号、对应运行测试或数据库/Redis/队列证据,N/A：原审计记录未提供补充依据；待复核源码、测试及运行证据。
REQ-CF-03860,core-finance,docs/ref-5.2-billing.md,8.1 计费引擎 SLA（P1 补充）,### 8.1 计费引擎 SLA（P1 补充）,logic,P1,3. 数据库写入超时 → 异步写入队列,源码路径+行号、对应运行测试或数据库/Redis/队列证据,N/A：原审计记录未提供补充依据；待复核源码、测试及运行证据。
REQ-CF-03861,core-finance,docs/ref-5.2-billing.md,8.2 精度与舍入处理（P1 补充）,"| Token 级别精度 | 精确计算，金额保留 8 位小数（numeric(18,8)） |",logic,P1,场景应满足：Token 级别精度,源码路径+行号、对应运行测试或数据库/Redis/队列证据,表格单元格已拆为单一字段断言
REQ-CF-03862,core-finance,docs/ref-5.2-billing.md,8.2 精度与舍入处理（P1 补充）,"| Token 级别精度 | 精确计算，金额保留 8 位小数（numeric(18,8)） |",field,P1,"处理规则应满足：精确计算，金额保留 8 位小数（numeric(18,8)）",源码路径+行号、对应运行测试或数据库/Redis/队列证据,表格单元格已拆为单一字段断言
REQ-CF-03863,core-finance,docs/ref-5.2-billing.md,8.2 精度与舍入处理（P1 补充）,| 余额精度 | 保留 2 位小数，四舍五入 |,logic,P1,场景应满足：余额精度,源码路径+行号、对应运行测试或数据库/Redis/队列证据,表格单元格已拆为单一字段断言
REQ-CF-03864,core-finance,docs/ref-5.2-billing.md,8.2 精度与舍入处理（P1 补充）,| 余额精度 | 保留 2 位小数，四舍五入 |,logic,P1,处理规则应满足：保留 2 位小数，四舍五入,源码路径+行号、对应运行测试或数据库/Redis/队列证据,表格单元格已拆为单一字段断言
REQ-CF-03865,core-finance,docs/ref-5.2-billing.md,8.2 精度与舍入处理（P1 补充）,| 批量消费精度 | 按每笔分别计算后汇总 |,logic,P1,场景应满足：批量消费精度,源码路径+行号、对应运行测试或数据库/Redis/队列证据,表格单元格已拆为单一字段断言
REQ-CF-03866,core-finance,docs/ref-5.2-billing.md,8.2 精度与舍入处理（P1 补充）,| 批量消费精度 | 按每笔分别计算后汇总 |,logic,P1,处理规则应满足：按每笔分别计算后汇总,源码路径+行号、对应运行测试或数据库/Redis/队列证据,表格单元格已拆为单一字段断言
REQ-CF-03867,core-finance,docs/ref-5.2-billing.md,8.2 精度与舍入处理（P1 补充）,| 佣金精度 | 保留 4 位小数 |,logic,P1,场景应满足：佣金精度,源码路径+行号、对应运行测试或数据库/Redis/队列证据,表格单元格已拆为单一字段断言
REQ-CF-03868,core-finance,docs/ref-5.2-billing.md,8.2 精度与舍入处理（P1 补充）,| 佣金精度 | 保留 4 位小数 |,logic,P1,处理规则应满足：保留 4 位小数,源码路径+行号、对应运行测试或数据库/Redis/队列证据,表格单元格已拆为单一字段断言
REQ-CF-03869,core-finance,docs/ref-5.2-billing.md,8.2 精度与舍入处理（P1 补充）,"| Token 级别精度 | 精确计算，金额保留 8 位小数（numeric(18,8)） |",field,P1,"1. 金额字段使用 numeric(18,8)，不用 float",源码路径+行号、对应运行测试或数据库/Redis/队列证据,N/A：原审计记录未提供补充依据；待复核源码、测试及运行证据。
REQ-CF-03870,core-finance,docs/ref-5.2-billing.md,8.2 精度与舍入处理（P1 补充）,### 8.2 精度与舍入处理（P1 补充）,logic,P1,2. 舍入误差累计超过 ¥0.01 时在最后一笔调整,源码路径+行号、对应运行测试或数据库/Redis/队列证据,N/A：原审计记录未提供补充依据；待复核源码、测试及运行证据。
REQ-CF-03871,core-finance,docs/ref-5.2-billing.md,8.2 精度与舍入处理（P1 补充）,### 8.2 精度与舍入处理（P1 补充）,logic,P1,3. 前端展示 toFixed(2)，不丢失原始精度,源码路径+行号、对应运行测试或数据库/Redis/队列证据,N/A：原审计记录未提供补充依据；待复核源码、测试及运行证据。
REQ-CF-03872,core-finance,docs/ref-5.2-billing.md,8.3 T+1 结算边界场景（P1 补充）,| 跨日消费（23:59:59 ~ 00:00:01） | 按请求发起时间（created_at）归属 |,boundary,P1,场景应满足：跨日消费（23:59:59 ~ 00:00:01）,源码路径+行号、对应运行测试或数据库/Redis/队列证据,表格单元格已拆为单一字段断言
REQ-CF-03873,core-finance,docs/ref-5.2-billing.md,8.3 T+1 结算边界场景（P1 补充）,| 跨日消费（23:59:59 ~ 00:00:01） | 按请求发起时间（created_at）归属 |,boundary,P1,处理规则应满足：按请求发起时间（created_at）归属,源码路径+行号、对应运行测试或数据库/Redis/队列证据,表格单元格已拆为单一字段断言
REQ-CF-03874,core-finance,docs/ref-5.2-billing.md,8.3 T+1 结算边界场景（P1 补充）,| 结算切换中的消费 | 归属原周期 |,boundary,P1,场景应满足：结算切换中的消费,源码路径+行号、对应运行测试或数据库/Redis/队列证据,表格单元格已拆为单一字段断言
REQ-CF-03875,core-finance,docs/ref-5.2-billing.md,8.3 T+1 结算边界场景（P1 补充）,| 结算切换中的消费 | 归属原周期 |,boundary,P1,处理规则应满足：归属原周期,源码路径+行号、对应运行测试或数据库/Redis/队列证据,表格单元格已拆为单一字段断言
REQ-CF-03876,core-finance,docs/ref-5.2-billing.md,8.3 T+1 结算边界场景（P1 补充）,| 补计费记录 | 归属原始请求时间 |,boundary,P1,场景应满足：补计费记录,源码路径+行号、对应运行测试或数据库/Redis/队列证据,表格单元格已拆为单一字段断言
REQ-CF-03877,core-finance,docs/ref-5.2-billing.md,8.3 T+1 结算边界场景（P1 补充）,| 补计费记录 | 归属原始请求时间 |,boundary,P1,处理规则应满足：归属原始请求时间,源码路径+行号、对应运行测试或数据库/Redis/队列证据,表格单元格已拆为单一字段断言
REQ-CF-03878,core-finance,docs/ref-5.2-billing.md,8.3 T+1 结算边界场景（P1 补充）,| 退款跨周期 | 从当前周期扣除，不影响已锁账周期 |,boundary,P1,场景应满足：退款跨周期,源码路径+行号、对应运行测试或数据库/Redis/队列证据,表格单元格已拆为单一字段断言
REQ-CF-03879,core-finance,docs/ref-5.2-billing.md,8.3 T+1 结算边界场景（P1 补充）,| 退款跨周期 | 从当前周期扣除，不影响已锁账周期 |,boundary,P1,处理规则应满足：从当前周期扣除，不影响已锁账周期,源码路径+行号、对应运行测试或数据库/Redis/队列证据,表格单元格已拆为单一字段断言
REQ-CF-03880,core-finance,docs/ref-5.2-billing.md,九、交叉引用,| PRD-README.md §5.2 | 计费结算精化总纲 |,logic,P1,其他文档应满足：PRD-README.md §5.2,源码路径+行号、对应运行测试或数据库/Redis/队列证据,表格单元格已拆为单一字段断言
REQ-CF-03881,core-finance,docs/ref-5.2-billing.md,九、交叉引用,| PRD-README.md §5.2 | 计费结算精化总纲 |,logic,P1,关联内容应满足：计费结算精化总纲,源码路径+行号、对应运行测试或数据库/Redis/队列证据,表格单元格已拆为单一字段断言
REQ-CF-03882,core-finance,docs/ref-5.2-billing.md,九、交叉引用,| ref-4.4-finance.md | 财务管理深化（充值/发票/退款） |,logic,P1,其他文档应满足：ref-4.4-finance.md,源码路径+行号、对应运行测试或数据库/Redis/队列证据,表格单元格已拆为单一字段断言
REQ-CF-03883,core-finance,docs/ref-5.2-billing.md,九、交叉引用,| ref-4.4-finance.md | 财务管理深化（充值/发票/退款） |,logic,P1,关联内容应满足：财务管理深化（充值/发票/退款）,源码路径+行号、对应运行测试或数据库/Redis/队列证据,表格单元格已拆为单一字段断言
REQ-CF-03884,core-finance,docs/ref-5.2-billing.md,九、交叉引用,| ref-4.4.5-reconciliation-prd.md | 对账引擎深化 |,logic,P1,其他文档应满足：ref-4.4.5-reconciliation-prd.md,源码路径+行号、对应运行测试或数据库/Redis/队列证据,表格单元格已拆为单一字段断言
REQ-CF-03885,core-finance,docs/ref-5.2-billing.md,九、交叉引用,| ref-4.4.5-reconciliation-prd.md | 对账引擎深化 |,logic,P1,关联内容应满足：对账引擎深化,源码路径+行号、对应运行测试或数据库/Redis/队列证据,表格单元格已拆为单一字段断言
REQ-CF-03886,core-finance,docs/ref-5.2-billing.md,九、交叉引用,| ref-5.3-rate-limiter.md | 限流引擎（影响计费的限流判定） |,logic,P1,其他文档应满足：ref-5.3-rate-limiter.md,源码路径+行号、对应运行测试或数据库/Redis/队列证据,表格单元格已拆为单一字段断言
REQ-CF-03887,core-finance,docs/ref-5.2-billing.md,九、交叉引用,| ref-5.3-rate-limiter.md | 限流引擎（影响计费的限流判定） |,logic,P1,关联内容应满足：限流引擎（影响计费的限流判定）,源码路径+行号、对应运行测试或数据库/Redis/队列证据,表格单元格已拆为单一字段断言
REQ-CF-03888,core-finance,docs/ref-5.2-billing.md,九、交叉引用,| ref-4.5-marketing.md | 活动价（L5） |,logic,P1,其他文档应满足：ref-4.5-marketing.md,源码路径+行号、对应运行测试或数据库/Redis/队列证据,表格单元格已拆为单一字段断言
REQ-CF-03889,core-finance,docs/ref-5.2-billing.md,九、交叉引用,| ref-4.5-marketing.md | 活动价（L5） |,logic,P1,关联内容应满足：活动价（L5）,源码路径+行号、对应运行测试或数据库/Redis/队列证据,表格单元格已拆为单一字段断言
REQ-CF-03890,core-finance,docs/ref-5.2-billing.md,九、交叉引用,| data-dictionary.md §2.2 | call_logs 字段定义 |,logic,P1,其他文档应满足：data-dictionary.md §2.2,源码路径+行号、对应运行测试或数据库/Redis/队列证据,表格单元格已拆为单一字段断言
REQ-CF-03891,core-finance,docs/ref-5.2-billing.md,九、交叉引用,| data-dictionary.md §2.2 | call_logs 字段定义 |,field,P1,关联内容应满足：call_logs 字段定义,源码路径+行号、对应运行测试或数据库/Redis/队列证据,表格单元格已拆为单一字段断言
REQ-CF-03892,core-finance,docs/ref-5.2-billing.md,九、交叉引用,| data-dictionary.md §3.1 | 余额计算规则 |,logic,P1,其他文档应满足：data-dictionary.md §3.1,源码路径+行号、对应运行测试或数据库/Redis/队列证据,表格单元格已拆为单一字段断言
REQ-CF-03893,core-finance,docs/ref-5.2-billing.md,九、交叉引用,| data-dictionary.md §3.1 | 余额计算规则 |,logic,P0,关联内容应满足：余额计算规则,源码路径+行号、对应运行测试或数据库/Redis/队列证据,表格单元格已拆为单一字段断言
REQ-CF-03894,core-finance,docs/ref-5.2-billing.md,九、交叉引用,| flowcharts/05-auto-reconciliation.md | 自动对账泳道图 |,logic,P1,其他文档应满足：flowcharts/05-auto-reconciliation.md,源码路径+行号、对应运行测试或数据库/Redis/队列证据,表格单元格已拆为单一字段断言
REQ-CF-03895,core-finance,docs/ref-5.2-billing.md,九、交叉引用,| flowcharts/05-auto-reconciliation.md | 自动对账泳道图 |,logic,P1,关联内容应满足：自动对账泳道图,源码路径+行号、对应运行测试或数据库/Redis/队列证据,表格单元格已拆为单一字段断言
REQ-CF-03896,core-finance,docs/ref-5.2-billing.md,九、交叉引用,| SPEC-§29-资金与对账管理.md | 财务锁账SOP（§29.4） |,logic,P0,其他文档应满足：SPEC-§29-资金与对账管理.md,源码路径+行号、对应运行测试或数据库/Redis/队列证据,表格单元格已拆为单一字段断言
REQ-CF-03897,core-finance,docs/ref-5.2-billing.md,九、交叉引用,| SPEC-§29-资金与对账管理.md | 财务锁账SOP（§29.4） |,logic,P1,关联内容应满足：财务锁账SOP（§29.4）,源码路径+行号、对应运行测试或数据库/Redis/队列证据,表格单元格已拆为单一字段断言
REQ-CF-03898,core-finance,docs/ref-5.2-billing.md,九、交叉引用,| ref-3-agent-system.md §8.2 | 佣金与总账对账链路 |,logic,P1,其他文档应满足：ref-3-agent-system.md §8.2,源码路径+行号、对应运行测试或数据库/Redis/队列证据,表格单元格已拆为单一字段断言
REQ-CF-03899,core-finance,docs/ref-5.2-billing.md,九、交叉引用,| ref-3-agent-system.md §8.2 | 佣金与总账对账链路 |,logic,P1,关联内容应满足：佣金与总账对账链路,源码路径+行号、对应运行测试或数据库/Redis/队列证据,表格单元格已拆为单一字段断言
REQ-CF-03900,core-finance,docs/ref-5.2-billing.md,九、交叉引用,| ops-manual.md §十 | 跨模块数据一致性检查 |,logic,P1,其他文档应满足：ops-manual.md §十,源码路径+行号、对应运行测试或数据库/Redis/队列证据,表格单元格已拆为单一字段断言
REQ-CF-03901,core-finance,docs/ref-5.2-billing.md,九、交叉引用,| ops-manual.md §十 | 跨模块数据一致性检查 |,logic,P1,关联内容应满足：跨模块数据一致性检查,源码路径+行号、对应运行测试或数据库/Redis/队列证据,表格单元格已拆为单一字段断言
REQ-CF-03902,core-finance,docs/ref-5.2-billing.md,九、交叉引用,| ref-5.4-alert-rules.md §6.1 | 计费模块API告警 |,logic,P1,其他文档应满足：ref-5.4-alert-rules.md §6.1,源码路径+行号、对应运行测试或数据库/Redis/队列证据,表格单元格已拆为单一字段断言
REQ-CF-03903,core-finance,docs/ref-5.2-billing.md,九、交叉引用,| ref-5.4-alert-rules.md §6.1 | 计费模块API告警 |,api,P1,关联内容应满足：计费模块API告警,源码路径+行号、对应运行测试或数据库/Redis/队列证据,表格单元格已拆为单一字段断言
REQ-CF-03904,core-finance,docs/ref-5.2-billing.md,十、计费预扣与回滚机制（运营视角）,**P0 补充**：2026-07-30 — 运营视角的计费预扣失败回滚、并发扣款防护、异常干预流程,concurrency,P0,**P0 补充**：2026-07-30 — 运营视角的计费预扣失败回滚、并发扣款防护、异常干预流程,源码路径+行号、对应运行测试或数据库/Redis/队列证据,N/A：原审计记录未提供补充依据；待复核源码、测试及运行证据。
REQ-CF-03905,core-finance,docs/ref-5.2-billing.md,10.1 预扣时序定义,"当前计费1 预扣时序定义\n\n当前计费流程为""预扣后转发""模式。以下定义完整的预扣→确认→回滚时序：\n\n```mermaid\nsequenceDiagram\n    participant U as 用户请求\n    participant BE as 计费引擎\n    participant DB as 数据库\n    participant V as 渠道\n\n    U->>BE: ① API 请求\n    BE->>BE: ② 查询定价、计算预估费用\n    BE->>DB: ③ 预扣余额（行锁 UPDATE users SET balance = balance - estimated_cost WHERE user_id = ? AND balance >= estimated_cost - overdraft_limit）\n    DB-->>BE: ④ 返回预扣结果（成功/失败）\n    \n    alt 预扣失败（余额不足）\n        BE-->>U: 返回 402 BALANCE_EXHAUSTED\n    else 预扣成功\n        BE->>DB: ⑤ 写入 billing_logs（status=pending, estimated_cost, balance_before, balance_after）\n        BE->>V: ⑥ 转发请求到渠道\n        \n        alt 渠道响应成功（正常返回 tokens）\n            V-->>BE: ⑦ 返回响应\n            BE->>BE: ⑧ 计算实际费用 = actual_tokens × price / 1,000,000\n            \n            alt 实际费用 ≤ 预扣金额\n                BE->>DB: ⑨a 回滚差额：余额 = 余额 + (estimated_cost - actual_cost)\n                BE->>DB: ⑨b 更新 billing_logs：status=settled, actual_cost, refund_amount\n            else 实际费用 > 预扣金额（需追扣）\n                BE->>DB: ⑨a 追扣差额：余额 = 余额 - (actual_cost - estimated_cost)\n                BE->>DB: ⑨b 更新 billing_logs：status=settled, actual_cost, extra_charge\n            end\n            \n            BE-->>U: ⑩ 返回响应\n            \n        else 渠道超时/异常（无有效 tokens 返回）\n            V--xBE: ⑦ 超时或错误\n            BE->>DB: ⑧ 回滚预扣金额：余额 = 余额 + estimated_cost\n            BE->>DB: ⑨ 更新 billing_logs：status=refunded, refund_amount=estimated_cost, error_reason\n            BE->>DB: ⑩ 写入 operation_logs（计费回滚事件）\n            BE-->>U: ⑪ 返回 502/504 错误\n        end\n    end\n```\n\n### 10.2 预扣回滚关键参数\n\n| 参数 | 默认值 | 说明 |\n|------|--------|------|\n| 预扣超时等待 | 30 秒 | 渠道响应超时后自动回滚预扣 |\n| 预扣释放定时器 | 60 秒 | 兜底定时器，确保超时后预扣自动释放（防止死锁） |\n| 透支上限 | -10 元 | 余额为负时的透支上限，超过后返回 402 |\n| 最大追扣倍数 | 2x | 实际费用超过预扣金额 2 倍时触发异常告警，冻结该笔交易 |\n\n### 10.3 预扣金额计算规则\n\n```\n预估费用 = 预估 max_tokens × 输入价格 / 1,000,000\n\n注意：\n- 若请求未指定 max_tokens，按模型默认值（如 4096）计算预估费用\n- 流式请求（stream=true）：按 max_tokens × 输入价格 预扣，最终按实际返回 tokens 结算\n- 非流式请求：按 max_tokens 预扣，最终按返回 tokens 结算\n\n例外情况：\n- 图片输入（vision 模型）：提前估算图片 token 数（按 768×768 ≈ 2000 tokens/图）\n- 工具调用（function calling）：额外预扣 1000 tokens 的 tool_call 开销\n- embedding 请求：按 input 字符数 × 模型系数 预扣\n```\n\n### 10.4 并发扣款保护机制\n\n| 保护层 | 实现方式 | 说明 |\n|--------|---------|------|\n| 行级锁 | `UPDATE ... WHERE balance >= amount` | 数据库层面的乐观锁，确保扣款不超卖 |\n| 重试机制 | 预扣冲突时最多重试 3 次（间隔 10ms） | 高并发下少量冲突自动重试 |\n| 死锁检测 | 数据库自动死锁检测，回滚后重试 | 跨表更新时的死锁防护 |\n| 监控告警 | 预扣冲突率 > 1% 触发告警 | 运营介入判断是否需要扩容 |\n\n**并发场景举例：**\n\n```\n用户 A 余额：¥100.00\n\n请求 1：预扣 ¥50.00 → UPDATE users SET balance = 50.00 WHERE id = A AND balance >= 50.00 → 成功\n请求 2：预扣 ¥60.00 → UPDATE users SET balance = 40.00 WHERE id = A AND balance >= 60.00 → 失败（余额不足）\n\n保护效果：请求 2 返回 402，不会出现余额为负的异常状态\n```\n\n### 10.5 计费异常运营干预流程\n\n当计费异常（计费日志缺失、定价缓存未刷新、对账差异）发生时，运营按以下流程处理：\n\n```mermaid\nflowchart TD\n    A[发现计费异常] --> B{异常类型?}\n    \n    B -->|计费日志缺失| C[核查 call_logs 原始记录]\n    C --> D{缺失原因?}\n    D -->|计费引擎未写入| E[补录 billing_logs]\n    D -->|定价查询失败| F[人工计算费用并补录]\n    D -->|系统 Bug| G[记录 Bug 并修复 + 批量补录]\n    \n    B -->|定价缓存未刷新| H[检查缓存 TTL 和刷新策略]\n    H --> I[手动刷新缓存（Redis DEL）]\n    I --> J[验证刷新后定价是否正确]\n    J --> K[对受影响用户进行补偿计算]\n    \n    B -->|对账差异| L[参见 §4.4 对账差异处理]\n    \n    E --> M[补录后执行余额校准]\n    F --> M\n    G --> M\n    M --> N[通知受影响用户]\n    N --> O[写入 operation_logs 审计]\n```\n\n**运营操作面板：**\n\n管理后台 → 财务 → 计费异常处理\n\n```\n┌─ 计费异常处理工作台 ──────────────────────────────┐\n│                                                     │\n│ 筛选: [全部类型 ▼] [最近 24 小时 ▼] [搜索用户]       │\n│                                                     │\n│ ┌─ 待处理异常列表 ───────────────────────────────┐ │\n│ │ 时间       | 用户 | 异常类型       | 金额  | 操作 │ │\n│ │ 14:23:45  | 张三 | 计费日志缺失   | ¥0.50 | [补录]│ │\n│ │ 14:20:12  | 李四 | 定价缓存偏差   | ¥1.20 | [校准]│ │\n│ │ 12:00:00  | 王五 | 预扣未回滚     | ¥3.00 | [回滚]│ │\n│ └────────────────────────────────────────────────┘ │\n│                                                     │\n│ 批量操作: [选中全部] [补录选中] [校准选中] [导出]    │\n│                                                     │\n│ 操作日志:                                           │\n│ 2026-07-30 14:25  admin_张三  补录了 3 笔计费日志    │\n│ 2026-07-30 14:24  admin_李四  校准了用户 42 的余额    │\n└─────────────────────────────────────────────────────┘\n```\n\n### 10.6 精度与舍入规则\n\n| 规则 | 说明 |\n|------|------|\n| 存款精度 | 18,6（数据库存储） |\n| 中间计算 | 使用 JavaScript Number（IEEE 754 双精度），最后一步四舍五入到 6 位 |\n| 舍入方式 | 四舍五入（Math.round），非银行家舍入 |\n| 最低扣费 | ¥0.000001（不足 1 token 的场景按 0 计费） |\n| 偏差累积检查 | 每月对账时检查计费总和与余额变动总和之差 ≤ ¥0.01 才通过 |\n\n### 10.7 计费引擎可用性 SLA\n\n| 指标 | 目标 | 测量方式 |\n|------|------|---------|\n| 计费引擎可用性 | 99.99% | （总请求 - 计费失败请求）/ 总请求 |\n| 计费延迟 P95 | ≤ 50ms | 从请求到达计费引擎到扣款完成 |\n| 计费延迟 P99 | ≤ 200ms | 含定价查询 + 余额扣减 + 日志写入 |\n| 预扣回滚延迟 | ≤ 60s | 渠道超时后自动回滚的最长时间 |\n\n**降级策略：**\n\n| 组件故障 | 降级策略 |\n|---------|---------|\n| Redis 不可用 | 定价查询降级到 DB（查询延迟增加，但可用） |\n| 计费引擎死锁 | 自动检测后重启，重启期间请求排队（最多 30s） |\n| 数据库主库故障 | 计费暂停（不扣费但返回错误），避免数据不一致 |\n\n### 10.8 T+1 结算周期边界规则\n\n| 场景 | 归属规则 |\n|------|---------|\n| 请求 23:59:59 发起，渠道 00:00:01 返回 | 按请求发起时间归属到前一日 |\n| 流式请求跨日（streaming） | 按首个 chunk 返回时间归属 |\n| 手动补录计费日志 | 按补录时间归属，但关联原始请求时间 |\n\n### 10.9 计费与财务总账同步\n\n```\n同步方式：T+1 批量归集\n\n每日 00:30 执行：\n  1. 统计前一日所有 billing_logs（status=settled）\n  2. 按用户汇总：total_consumption = SUM(actual_cost)\n  3. 汇总写入 platform_ledger（type=user_consumption）\n  4. 核对：SUM(billing_logs.actual_cost) == SUM(ledger.amount)（笔数 + 金额双重校验）\n  5. 校验失败触发告警：运营介入核查\n\n同步验证：\n  - 笔数校验：SUM(billing_logs.id count) == SUM(ledger entries count)\n  - 金额校验：SUM(billing_logs.actual_cost) == SUM(ledger.amount)\n  - 余额校验：系统总余额 + 总消费 + 总提现 - 总充值 = 0（会计恒等式）\n```""}]",api,P0,"当前计费1 预扣时序定义\n\n当前计费流程为""预扣后转发""模式。以下定义完整的预扣→确认→回滚时序：\n\n```mermaid\nsequenceDiagram\n participant U as 用户请求\n participant BE as 计费引擎\n participant DB as 数据库\n participant V as 渠道\n\n U->>BE: ① API 请求\n BE->>BE: ② 查询定价、计算预估费用\n BE->>DB: ③ 预扣余额（行锁 UPDATE users SET balance = balance - estimated_cost WHERE user_id = ? AND balance >= estimated_cost - overdraft_limit）\n DB-->>BE: ④ 返回预扣结果（成功/失败）\n \n alt 预扣失败（余额不足）\n BE-->>U: 返回 402 BALANCE_EXHAUSTED\n else 预扣成功\n BE->>DB: ⑤ 写入 billing_logs（status=pending, estimated_cost, balance_before, balance_after）\n BE->>V: ⑥ 转发请求到渠道\n \n alt 渠道响应成功（正常返回 tokens）\n V-->>BE: ⑦ 返回响应\n BE->>BE: ⑧ 计算实际费用 = actual_tokens × price / 1,000,000\n \n alt 实际费用 ≤ 预扣金额\n BE->>DB: ⑨a 回滚差额：余额 = 余额 + (estimated_cost - actual_cost)\n BE->>DB: ⑨b 更新 billing_logs：status=settled, actual_cost, refund_amount\n else 实际费用 > 预扣金额（需追扣）\n BE->>DB: ⑨a 追扣差额：余额 = 余额 - (actual_cost - estimated_cost)\n BE->>DB: ⑨b 更新 billing_logs：status=settled, actual_cost, extra_charge\n end\n \n BE-->>U: ⑩ 返回响应\n \n else 渠道超时/异常（无有效 tokens 返回）\n V--xBE: ⑦ 超时或错误\n BE->>DB: ⑧ 回滚预扣金额：余额 = 余额 + estimated_cost\n BE->>DB: ⑨ 更新 billing_logs：status=refunded, refund_amount=estimated_cost, error_reason\n BE->>DB: ⑩ 写入 operation_logs（计费回滚事件）\n BE-->>U: ⑪ 返回 502/504 错误\n end\n end\n```\n\n### 10.2 预扣回滚关键参数\n\n| 参数 | 默认值 | 说明 |\n|------|--------|------|\n| 预扣超时等待 | 30 秒 | 渠道响应超时后自动回滚预扣 |\n| 预扣释放定时器 | 60 秒 | 兜底定时器，确保超时后预扣自动释放（防止死锁） |\n| 透支上限 | -10 元 | 余额为负时的透支上限，超过后返回 402 |\n| 最大追扣倍数 | 2x | 实际费用超过预扣金额 2 倍时触发异常告警，冻结该笔交易 |\n\n### 10.3 预扣金额计算规则\n\n```\n预估费用 = 预估 max_tokens × 输入价格 / 1,000,000\n\n注意：\n- 若请求未指定 max_tokens，按模型默认值（如 4096）计算预估费用\n- 流式请求（stream=true）：按 max_tokens × 输入价格 预扣，最终按实际返回 tokens 结算\n- 非流式请求：按 max_tokens 预扣，最终按返回 tokens 结算\n\n例外情况：\n- 图片输入（vision 模型）：提前估算图片 token 数（按 768×768 ≈ 2000 tokens/图）\n- 工具调用（function calling）：额外预扣 1000 tokens 的 tool_call 开销\n- embedding 请求：按 input 字符数 × 模型系数 预扣\n```\n\n### 10.4 并发扣款保护机制\n\n| 保护层 | 实现方式 | 说明 |\n|--------|---------|------|\n| 行级锁 | `UPDATE ...",源码路径+行号、对应运行测试或数据库/Redis/队列证据,N/A：原审计记录未提供补充依据；待复核源码、测试及运行证据。
REQ-CF-03906,core-finance,docs/ref-5.2-billing.md,10.1 预扣时序定义,"当前计费1 预扣时序定义\n\n当前计费流程为""预扣后转发""模式。以下定义完整的预扣→确认→回滚时序：\n\n```mermaid\nsequenceDiagram\n    participant U as 用户请求\n    participant BE as 计费引擎\n    participant DB as 数据库\n    participant V as 渠道\n\n    U->>BE: ① API 请求\n    BE->>BE: ② 查询定价、计算预估费用\n    BE->>DB: ③ 预扣余额（行锁 UPDATE users SET balance = balance - estimated_cost WHERE user_id = ? AND balance >= estimated_cost - overdraft_limit）\n    DB-->>BE: ④ 返回预扣结果（成功/失败）\n    \n    alt 预扣失败（余额不足）\n        BE-->>U: 返回 402 BALANCE_EXHAUSTED\n    else 预扣成功\n        BE->>DB: ⑤ 写入 billing_logs（status=pending, estimated_cost, balance_before, balance_after）\n        BE->>V: ⑥ 转发请求到渠道\n        \n        alt 渠道响应成功（正常返回 tokens）\n            V-->>BE: ⑦ 返回响应\n            BE->>BE: ⑧ 计算实际费用 = actual_tokens × price / 1,000,000\n            \n            alt 实际费用 ≤ 预扣金额\n                BE->>DB: ⑨a 回滚差额：余额 = 余额 + (estimated_cost - actual_cost)\n                BE->>DB: ⑨b 更新 billing_logs：status=settled, actual_cost, refund_amount\n            else 实际费用 > 预扣金额（需追扣）\n                BE->>DB: ⑨a 追扣差额：余额 = 余额 - (actual_cost - estimated_cost)\n                BE->>DB: ⑨b 更新 billing_logs：status=settled, actual_cost, extra_charge\n            end\n            \n            BE-->>U: ⑩ 返回响应\n            \n        else 渠道超时/异常（无有效 tokens 返回）\n            V--xBE: ⑦ 超时或错误\n            BE->>DB: ⑧ 回滚预扣金额：余额 = 余额 + estimated_cost\n            BE->>DB: ⑨ 更新 billing_logs：status=refunded, refund_amount=estimated_cost, error_reason\n            BE->>DB: ⑩ 写入 operation_logs（计费回滚事件）\n            BE-->>U: ⑪ 返回 502/504 错误\n        end\n    end\n```\n\n### 10.2 预扣回滚关键参数\n\n| 参数 | 默认值 | 说明 |\n|------|--------|------|\n| 预扣超时等待 | 30 秒 | 渠道响应超时后自动回滚预扣 |\n| 预扣释放定时器 | 60 秒 | 兜底定时器，确保超时后预扣自动释放（防止死锁） |\n| 透支上限 | -10 元 | 余额为负时的透支上限，超过后返回 402 |\n| 最大追扣倍数 | 2x | 实际费用超过预扣金额 2 倍时触发异常告警，冻结该笔交易 |\n\n### 10.3 预扣金额计算规则\n\n```\n预估费用 = 预估 max_tokens × 输入价格 / 1,000,000\n\n注意：\n- 若请求未指定 max_tokens，按模型默认值（如 4096）计算预估费用\n- 流式请求（stream=true）：按 max_tokens × 输入价格 预扣，最终按实际返回 tokens 结算\n- 非流式请求：按 max_tokens 预扣，最终按返回 tokens 结算\n\n例外情况：\n- 图片输入（vision 模型）：提前估算图片 token 数（按 768×768 ≈ 2000 tokens/图）\n- 工具调用（function calling）：额外预扣 1000 tokens 的 tool_call 开销\n- embedding 请求：按 input 字符数 × 模型系数 预扣\n```\n\n### 10.4 并发扣款保护机制\n\n| 保护层 | 实现方式 | 说明 |\n|--------|---------|------|\n| 行级锁 | `UPDATE ... WHERE balance >= amount` | 数据库层面的乐观锁，确保扣款不超卖 |\n| 重试机制 | 预扣冲突时最多重试 3 次（间隔 10ms） | 高并发下少量冲突自动重试 |\n| 死锁检测 | 数据库自动死锁检测，回滚后重试 | 跨表更新时的死锁防护 |\n| 监控告警 | 预扣冲突率 > 1% 触发告警 | 运营介入判断是否需要扩容 |\n\n**并发场景举例：**\n\n```\n用户 A 余额：¥100.00\n\n请求 1：预扣 ¥50.00 → UPDATE users SET balance = 50.00 WHERE id = A AND balance >= 50.00 → 成功\n请求 2：预扣 ¥60.00 → UPDATE users SET balance = 40.00 WHERE id = A AND balance >= 60.00 → 失败（余额不足）\n\n保护效果：请求 2 返回 402，不会出现余额为负的异常状态\n```\n\n### 10.5 计费异常运营干预流程\n\n当计费异常（计费日志缺失、定价缓存未刷新、对账差异）发生时，运营按以下流程处理：\n\n```mermaid\nflowchart TD\n    A[发现计费异常] --> B{异常类型?}\n    \n    B -->|计费日志缺失| C[核查 call_logs 原始记录]\n    C --> D{缺失原因?}\n    D -->|计费引擎未写入| E[补录 billing_logs]\n    D -->|定价查询失败| F[人工计算费用并补录]\n    D -->|系统 Bug| G[记录 Bug 并修复 + 批量补录]\n    \n    B -->|定价缓存未刷新| H[检查缓存 TTL 和刷新策略]\n    H --> I[手动刷新缓存（Redis DEL）]\n    I --> J[验证刷新后定价是否正确]\n    J --> K[对受影响用户进行补偿计算]\n    \n    B -->|对账差异| L[参见 §4.4 对账差异处理]\n    \n    E --> M[补录后执行余额校准]\n    F --> M\n    G --> M\n    M --> N[通知受影响用户]\n    N --> O[写入 operation_logs 审计]\n```\n\n**运营操作面板：**\n\n管理后台 → 财务 → 计费异常处理\n\n```\n┌─ 计费异常处理工作台 ──────────────────────────────┐\n│                                                     │\n│ 筛选: [全部类型 ▼] [最近 24 小时 ▼] [搜索用户]       │\n│                                                     │\n│ ┌─ 待处理异常列表 ───────────────────────────────┐ │\n│ │ 时间       | 用户 | 异常类型       | 金额  | 操作 │ │\n│ │ 14:23:45  | 张三 | 计费日志缺失   | ¥0.50 | [补录]│ │\n│ │ 14:20:12  | 李四 | 定价缓存偏差   | ¥1.20 | [校准]│ │\n│ │ 12:00:00  | 王五 | 预扣未回滚     | ¥3.00 | [回滚]│ │\n│ └────────────────────────────────────────────────┘ │\n│                                                     │\n│ 批量操作: [选中全部] [补录选中] [校准选中] [导出]    │\n│                                                     │\n│ 操作日志:                                           │\n│ 2026-07-30 14:25  admin_张三  补录了 3 笔计费日志    │\n│ 2026-07-30 14:24  admin_李四  校准了用户 42 的余额    │\n└─────────────────────────────────────────────────────┘\n```\n\n### 10.6 精度与舍入规则\n\n| 规则 | 说明 |\n|------|------|\n| 存款精度 | 18,6（数据库存储） |\n| 中间计算 | 使用 JavaScript Number（IEEE 754 双精度），最后一步四舍五入到 6 位 |\n| 舍入方式 | 四舍五入（Math.round），非银行家舍入 |\n| 最低扣费 | ¥0.000001（不足 1 token 的场景按 0 计费） |\n| 偏差累积检查 | 每月对账时检查计费总和与余额变动总和之差 ≤ ¥0.01 才通过 |\n\n### 10.7 计费引擎可用性 SLA\n\n| 指标 | 目标 | 测量方式 |\n|------|------|---------|\n| 计费引擎可用性 | 99.99% | （总请求 - 计费失败请求）/ 总请求 |\n| 计费延迟 P95 | ≤ 50ms | 从请求到达计费引擎到扣款完成 |\n| 计费延迟 P99 | ≤ 200ms | 含定价查询 + 余额扣减 + 日志写入 |\n| 预扣回滚延迟 | ≤ 60s | 渠道超时后自动回滚的最长时间 |\n\n**降级策略：**\n\n| 组件故障 | 降级策略 |\n|---------|---------|\n| Redis 不可用 | 定价查询降级到 DB（查询延迟增加，但可用） |\n| 计费引擎死锁 | 自动检测后重启，重启期间请求排队（最多 30s） |\n| 数据库主库故障 | 计费暂停（不扣费但返回错误），避免数据不一致 |\n\n### 10.8 T+1 结算周期边界规则\n\n| 场景 | 归属规则 |\n|------|---------|\n| 请求 23:59:59 发起，渠道 00:00:01 返回 | 按请求发起时间归属到前一日 |\n| 流式请求跨日（streaming） | 按首个 chunk 返回时间归属 |\n| 手动补录计费日志 | 按补录时间归属，但关联原始请求时间 |\n\n### 10.9 计费与财务总账同步\n\n```\n同步方式：T+1 批量归集\n\n每日 00:30 执行：\n  1. 统计前一日所有 billing_logs（status=settled）\n  2. 按用户汇总：total_consumption = SUM(actual_cost)\n  3. 汇总写入 platform_ledger（type=user_consumption）\n  4. 核对：SUM(billing_logs.actual_cost) == SUM(ledger.amount)（笔数 + 金额双重校验）\n  5. 校验失败触发告警：运营介入核查\n\n同步验证：\n  - 笔数校验：SUM(billing_logs.id count) == SUM(ledger entries count)\n  - 金额校验：SUM(billing_logs.actual_cost) == SUM(ledger.amount)\n  - 余额校验：系统总余额 + 总消费 + 总提现 - 总充值 = 0（会计恒等式）\n```""}]",logic,P0,"WHERE balance >= amount` | 数据库层面的乐观锁，确保扣款不超卖 |\n| 重试机制 | 预扣冲突时最多重试 3 次（间隔 10ms） | 高并发下少量冲突自动重试 |\n| 死锁检测 | 数据库自动死锁检测，回滚后重试 | 跨表更新时的死锁防护 |\n| 监控告警 | 预扣冲突率 > 1% 触发告警 | 运营介入判断是否需要扩容 |\n\n**并发场景举例：**\n\n```\n用户 A 余额：¥100.00\n\n请求 1：预扣 ¥50.00 → UPDATE users SET balance = 50.00 WHERE id = A AND balance >= 50.00 → 成功\n请求 2：预扣 ¥60.00 → UPDATE users SET balance = 40.00 WHERE id = A AND balance >= 60.00 → 失败（余额不足）\n\n保护效果：请求 2 返回 402，不会出现余额为负的异常状态\n```\n\n### 10.5 计费异常运营干预流程\n\n当计费异常（计费日志缺失、定价缓存未刷新、对账差异）发生时，运营按以下流程处理：\n\n```mermaid\nflowchart TD\n A[发现计费异常] --> B{异常类型?}\n \n B -->|计费日志缺失| C[核查 call_logs 原始记录]\n C --> D{缺失原因?}\n D -->|计费引擎未写入| E[补录 billing_logs]\n D -->|定价查询失败| F[人工计算费用并补录]\n D -->|系统 Bug| G[记录 Bug 并修复 + 批量补录]\n \n B -->|定价缓存未刷新| H[检查缓存 TTL 和刷新策略]\n H --> I[手动刷新缓存（Redis DEL）]\n I --> J[验证刷新后定价是否正确]\n J --> K[对受影响用户进行补偿计算]\n \n B -->|对账差异| L[参见 §4.4 对账差异处理]\n \n E --> M[补录后执行余额校准]\n F --> M\n G --> M\n M --> N[通知受影响用户]\n N --> O[写入 operation_logs 审计]\n```\n\n**运营操作面板：**\n\n管理后台 → 财务 → 计费异常处理\n\n```\n┌─ 计费异常处理工作台 ──────────────────────────────┐\n│ │\n│ 筛选: [全部类型 ▼] [最近 24 小时 ▼] [搜索用户] │\n│ │\n│ ┌─ 待处理异常列表 ───────────────────────────────┐ │\n│ │ 时间 | 用户 | 异常类型 | 金额 | 操作 │ │\n│ │ 14:23:45 | 张三 | 计费日志缺失 | ¥0.50 | [补录]│ │\n│ │ 14:20:12 | 李四 | 定价缓存偏差 | ¥1.20 | [校准]│ │\n│ │ 12:00:00 | 王五 | 预扣未回滚 | ¥3.00 | [回滚]│ │\n│ └────────────────────────────────────────────────┘ │\n│ │\n│ 批量操作: [选中全部] [补录选中] [校准选中] [导出] │\n│ │\n│ 操作日志: │\n│ 2026-07-30 14:25 admin_张三 补录了 3 笔计费日志 │\n│ 2026-07-30 14:24 admin_李四 校准了用户 42 的余额 │\n└─────────────────────────────────────────────────────┘\n```\n\n### 10.6 精度与舍入规则\n\n| 规则 | 说明 |\n|------|------|\n| 存款精度 | 18,6（数据库存储） |\n| 中间计算 | 使用 JavaScript Number（IEEE 754 双精度），最后一步四舍五入到 6 位 |\n| 舍入方式 | 四舍五入（Math.round），非银行家舍入 |\n| 最低扣费 | ¥0.000001（不足 1 token 的场景按 0 计费） |\n| 偏差累积检查 | 每月对账时检查计费总和与余额变动总和之差 ≤ ¥0.01 才通过 |\n\n### 10.7 计费引擎可用性 SLA\n\n| 指标 | 目标 | 测量方式 |\n|------|------|---------|\n| 计费引擎可用性 | 99.99% | （总请求 - 计费失败请求）/ 总请求 |\n| 计费延迟 P95 | ≤ 50ms | 从请求到达计费引擎到扣款完成 |\n| 计费延迟 P99 | ≤ 200ms | 含定价查询 + 余额扣减 + 日志写入 |\n| 预扣回滚延迟 | ≤ 60s | 渠道超时后自动回滚的最长时间 |\n\n**降级策略：**\n\n| 组件故障 | 降级策略 |\n|---------|---------|\n| Redis 不可用 | 定价查询降级到 DB（查询延迟增加，但可用） |\n| 计费引擎死锁 | 自动检测后重启，重启期间请求排队（最多 30s） |\n| 数据库主库故障 | 计费暂停（不扣费但返回错误），避免数据不一致 |\n\n### 10.8 T+1 结算周期边界规则\n\n| 场景 | 归属规则 |\n|------|---------|\n| 请求 23:59:59 发起，渠道 00:00:01 返回 | 按请求发起时间归属到前一日 |\n| 流式请求跨日（streaming） | 按首个 chunk 返回时间归属 |\n| 手动补录计费日志 | 按补录时间归属，但关联原始请求时间 |\n\n### 10.9 计费与财务总账同步\n\n```\n同步方式：T+1 批量归集\n\n每日 00:30 执行：\n 1. 统计前一日所有 billing_logs（status=settled）\n 2. 按用户汇总：total_consumption = SUM(actual_cost)\n 3. 汇总写入 platform_ledger（type=user_consumption）\n 4. 核对：SUM(billing_logs.actual_cost) == SUM(ledger.amount)（笔数 + 金额双重校验）\n 5. 校验失败触发告警：运营介入核查\n\n同步验证：\n - 笔数校验：SUM(billing_logs.id count) == SUM(ledger entries count)\n - 金额校验：SUM(billing_logs.actual_cost) == SUM(ledger.amount)\n - 余额校验：系统总余额 + 总消费 + 总提现 - 总充值 = 0（会计恒等式）\n```""}]",源码路径+行号、对应运行测试或数据库/Redis/队列证据,N/A：原审计记录未提供补充依据；待复核源码、测试及运行证据。
REQ-CF-03907,core-finance,docs/ref-5.3-rate-limiter.md,3cloud 限流引擎（Rate Limiter）深化文档,**对应章节**：PRD-README.md §5.3 限流引擎精化,logic,P1,**对应章节**：PRD-README.md §5.3 限流引擎精化,源码路径+行号、对应运行测试或数据库/Redis/队列证据,N/A：原审计记录未提供补充依据；待复核源码、测试及运行证据。
REQ-CF-03908,core-finance,docs/ref-5.3-rate-limiter.md,3cloud 限流引擎（Rate Limiter）深化文档,**最后更新**：2026-07-28,logic,P1,**最后更新**：2026-07-28,源码路径+行号、对应运行测试或数据库/Redis/队列证据,N/A：原审计记录未提供补充依据；待复核源码、测试及运行证据。
REQ-CF-03909,core-finance,docs/ref-5.3-rate-limiter.md,3cloud 限流引擎（Rate Limiter）深化文档,**定位**：四级限流架构、算法实现、隔离策略、降级策略、配额管理、可视化,logic,P1,**定位**：四级限流架构、算法实现、隔离策略、降级策略、配额管理、可视化,源码路径+行号、对应运行测试或数据库/Redis/队列证据,N/A：原审计记录未提供补充依据；待复核源码、测试及运行证据。
REQ-CF-03910,core-finance,docs/ref-5.3-rate-limiter.md,一、架构总览,## 一、架构总览,logic,P1,**规则**：前三级串联，取最小值。L1 不可超越，L2-L4 按配置生效。,源码路径+行号、对应运行测试或数据库/Redis/队列证据,N/A：原审计记录未提供补充依据；待复核源码、测试及运行证据。
REQ-CF-03911,core-finance,docs/ref-5.3-rate-limiter.md,1.1 限流生效公式,L1 全局限制是硬上限，任何请求不可超越,logic,P1,L1 全局限制是硬上限，任何请求不可超越,源码路径+行号、对应运行测试或数据库/Redis/队列证据,N/A：原审计记录未提供补充依据；待复核源码、测试及运行证据。
REQ-CF-03912,core-finance,docs/ref-5.3-rate-limiter.md,1.1 限流生效公式,L2/L3/L4 若有 NULL 值表示不限制该级别，跳过取最小,logic,P1,L2/L3/L4 若有 NULL 值表示不限制该级别，跳过取最小,源码路径+行号、对应运行测试或数据库/Redis/队列证据,N/A：原审计记录未提供补充依据；待复核源码、测试及运行证据。
REQ-CF-03913,core-finance,docs/ref-5.3-rate-limiter.md,1.1 限流生效公式,日调用限制单独判断，不参与 min 取小,logic,P1,日调用限制单独判断，不参与 min 取小,源码路径+行号、对应运行测试或数据库/Redis/队列证据,N/A：原审计记录未提供补充依据；待复核源码、测试及运行证据。
REQ-CF-03914,core-finance,docs/ref-5.3-rate-limiter.md,1.2 限流命中响应,limit_type`：被命中级别的名称（`global_qps` / `user_qps` / `key_qps` / `model_qps` 等）,logic,P1,limit_type`：被命中级别的名称（`global_qps` / `user_qps` / `key_qps` / `model_qps` 等）,源码路径+行号、对应运行测试或数据库/Redis/队列证据,N/A：原审计记录未提供补充依据；待复核源码、测试及运行证据。
REQ-CF-03915,core-finance,docs/ref-5.3-rate-limiter.md,1.2 限流命中响应,retry_after`：建议等待秒数，客户端可据此实现退避,logic,P1,retry_after`：建议等待秒数，客户端可据此实现退避,源码路径+行号、对应运行测试或数据库/Redis/队列证据,N/A：原审计记录未提供补充依据；待复核源码、测试及运行证据。
REQ-CF-03916,core-finance,docs/ref-5.3-rate-limiter.md,2.1 滑动窗口计数器（默认）,### 2.1 滑动窗口计数器（默认）,logic,P1,"**优势**：避免固定窗口的""突刺""问题，精度高",源码路径+行号、对应运行测试或数据库/Redis/队列证据,N/A：原审计记录未提供补充依据；待复核源码、测试及运行证据。
REQ-CF-03917,core-finance,docs/ref-5.3-rate-limiter.md,2.1 滑动窗口计数器（默认）,### 2.1 滑动窗口计数器（默认）,logic,P1,**存储**：Redis Sorted Set (ZADD + ZREMRANGEBYSCORE)，TTL 自动过期,源码路径+行号、对应运行测试或数据库/Redis/队列证据,N/A：原审计记录未提供补充依据；待复核源码、测试及运行证据。
REQ-CF-03918,core-finance,docs/ref-5.3-rate-limiter.md,2.2 Token Bucket（备用，适用于突发流量场景）,### 2.2 Token Bucket（备用，适用于突发流量场景）,logic,P1,**使用场景**：模型级限流（L4），允许模型突发调用,源码路径+行号、对应运行测试或数据库/Redis/队列证据,N/A：原审计记录未提供补充依据；待复核源码、测试及运行证据。
REQ-CF-03919,core-finance,docs/ref-5.3-rate-limiter.md,2.2 Token Bucket（备用，适用于突发流量场景）,### 2.2 Token Bucket（备用，适用于突发流量场景）,logic,P1,"**切换方式**：`site_configs` 中配置 `rate_limit_algorithm = ""token_bucket""",源码路径+行号、对应运行测试或数据库/Redis/队列证据,N/A：原审计记录未提供补充依据；待复核源码、测试及运行证据。
REQ-CF-03920,core-finance,docs/ref-5.3-rate-limiter.md,2.3 并发请求限制（额外）,### 2.3 并发请求限制（额外）,concurrency,P1,**作用**：防止单个用户用慢查询耗尽连接池,源码路径+行号、对应运行测试或数据库/Redis/队列证据,N/A：原审计记录未提供补充依据；待复核源码、测试及运行证据。
REQ-CF-03921,core-finance,docs/ref-5.3-rate-limiter.md,5.1 用户配额管理,| `GET` | `/api/v1/admin/user-quotas` | 用户配额列表 | admin 以上 |,logic,P1,方法应满足：`GET`,源码路径+行号、对应运行测试或数据库/Redis/队列证据,表格单元格已拆为单一字段断言
REQ-CF-03922,core-finance,docs/ref-5.3-rate-limiter.md,5.1 用户配额管理,| `GET` | `/api/v1/admin/user-quotas` | 用户配额列表 | admin 以上 |,api,P1,路径应满足：`/api/v1/admin/user-quotas`,源码路径+行号、对应运行测试或数据库/Redis/队列证据,表格单元格已拆为单一字段断言
REQ-CF-03923,core-finance,docs/ref-5.3-rate-limiter.md,5.1 用户配额管理,| `GET` | `/api/v1/admin/user-quotas` | 用户配额列表 | admin 以上 |,logic,P1,说明应满足：用户配额列表,源码路径+行号、对应运行测试或数据库/Redis/队列证据,表格单元格已拆为单一字段断言
REQ-CF-03924,core-finance,docs/ref-5.3-rate-limiter.md,5.1 用户配额管理,| `GET` | `/api/v1/admin/user-quotas` | 用户配额列表 | admin 以上 |,permission,P1,权限应满足：admin 以上,源码路径+行号、对应运行测试或数据库/Redis/队列证据,表格单元格已拆为单一字段断言
REQ-CF-03926,core-finance,docs/ref-5.3-rate-limiter.md,5.1 用户配额管理,| `GET` | `/api/v1/admin/user-quotas/:userId` | 指定用户配额详情 | admin 以上 |,api,P1,路径应满足：`/api/v1/admin/user-quotas/:userId`,源码路径+行号、对应运行测试或数据库/Redis/队列证据,表格单元格已拆为单一字段断言
REQ-CF-03927,core-finance,docs/ref-5.3-rate-limiter.md,5.1 用户配额管理,| `GET` | `/api/v1/admin/user-quotas/:userId` | 指定用户配额详情 | admin 以上 |,logic,P1,说明应满足：指定用户配额详情,源码路径+行号、对应运行测试或数据库/Redis/队列证据,表格单元格已拆为单一字段断言
REQ-CF-03929,core-finance,docs/ref-5.3-rate-limiter.md,5.1 用户配额管理,| `PUT` | `/api/v1/admin/user-quotas/:userId` | 更新用户配额 | admin 以上 |,logic,P1,方法应满足：`PUT`,源码路径+行号、对应运行测试或数据库/Redis/队列证据,表格单元格已拆为单一字段断言
REQ-CF-03931,core-finance,docs/ref-5.3-rate-limiter.md,5.1 用户配额管理,| `PUT` | `/api/v1/admin/user-quotas/:userId` | 更新用户配额 | admin 以上 |,logic,P1,说明应满足：更新用户配额,源码路径+行号、对应运行测试或数据库/Redis/队列证据,表格单元格已拆为单一字段断言
REQ-CF-03933,core-finance,docs/ref-5.3-rate-limiter.md,5.1 用户配额管理,| `DELETE` | `/api/v1/admin/user-quotas/:userId` | 重置为系统默认 | admin 以上 |,logic,P1,方法应满足：`DELETE`,源码路径+行号、对应运行测试或数据库/Redis/队列证据,表格单元格已拆为单一字段断言
REQ-CF-03935,core-finance,docs/ref-5.3-rate-limiter.md,5.1 用户配额管理,| `DELETE` | `/api/v1/admin/user-quotas/:userId` | 重置为系统默认 | admin 以上 |,logic,P1,说明应满足：重置为系统默认,源码路径+行号、对应运行测试或数据库/Redis/队列证据,表格单元格已拆为单一字段断言
REQ-CF-03937,core-finance,docs/ref-5.3-rate-limiter.md,5.2 模型限流规则,| `GET` | `/api/v1/admin/rate-limits` | 模型限流规则列表 | admin 以上 |,logic,P1,方法应满足：`GET`,源码路径+行号、对应运行测试或数据库/Redis/队列证据,表格单元格已拆为单一字段断言
REQ-CF-03938,core-finance,docs/ref-5.3-rate-limiter.md,5.2 模型限流规则,| `GET` | `/api/v1/admin/rate-limits` | 模型限流规则列表 | admin 以上 |,api,P1,路径应满足：`/api/v1/admin/rate-limits`,源码路径+行号、对应运行测试或数据库/Redis/队列证据,表格单元格已拆为单一字段断言
REQ-CF-03939,core-finance,docs/ref-5.3-rate-limiter.md,5.2 模型限流规则,| `GET` | `/api/v1/admin/rate-limits` | 模型限流规则列表 | admin 以上 |,logic,P1,说明应满足：模型限流规则列表,源码路径+行号、对应运行测试或数据库/Redis/队列证据,表格单元格已拆为单一字段断言
REQ-CF-03940,core-finance,docs/ref-5.3-rate-limiter.md,5.2 模型限流规则,| `GET` | `/api/v1/admin/rate-limits` | 模型限流规则列表 | admin 以上 |,permission,P1,权限应满足：admin 以上,源码路径+行号、对应运行测试或数据库/Redis/队列证据,表格单元格已拆为单一字段断言
REQ-CF-03942,core-finance,docs/ref-5.3-rate-limiter.md,5.2 模型限流规则,| `GET` | `/api/v1/admin/rate-limits/:modelId` | 指定模型限流规则 | admin 以上 |,api,P1,路径应满足：`/api/v1/admin/rate-limits/:modelId`,源码路径+行号、对应运行测试或数据库/Redis/队列证据,表格单元格已拆为单一字段断言
REQ-CF-03943,core-finance,docs/ref-5.3-rate-limiter.md,5.2 模型限流规则,| `GET` | `/api/v1/admin/rate-limits/:modelId` | 指定模型限流规则 | admin 以上 |,logic,P1,说明应满足：指定模型限流规则,源码路径+行号、对应运行测试或数据库/Redis/队列证据,表格单元格已拆为单一字段断言
REQ-CF-03945,core-finance,docs/ref-5.3-rate-limiter.md,5.2 模型限流规则,| `PUT` | `/api/v1/admin/rate-limits/:modelId` | 更新模型限流规则 | admin 以上 |,logic,P1,方法应满足：`PUT`,源码路径+行号、对应运行测试或数据库/Redis/队列证据,表格单元格已拆为单一字段断言
REQ-CF-03947,core-finance,docs/ref-5.3-rate-limiter.md,5.2 模型限流规则,| `PUT` | `/api/v1/admin/rate-limits/:modelId` | 更新模型限流规则 | admin 以上 |,logic,P1,说明应满足：更新模型限流规则,源码路径+行号、对应运行测试或数据库/Redis/队列证据,表格单元格已拆为单一字段断言
REQ-CF-03949,core-finance,docs/ref-5.3-rate-limiter.md,5.3 系统限流配置,| `GET` | `/api/v1/admin/site-configs/rate-limit` | 获取全局限流配置 | admin 以上 |,logic,P1,方法应满足：`GET`,源码路径+行号、对应运行测试或数据库/Redis/队列证据,表格单元格已拆为单一字段断言
REQ-CF-03950,core-finance,docs/ref-5.3-rate-limiter.md,5.3 系统限流配置,| `GET` | `/api/v1/admin/site-configs/rate-limit` | 获取全局限流配置 | admin 以上 |,api,P1,路径应满足：`/api/v1/admin/site-configs/rate-limit`,源码路径+行号、对应运行测试或数据库/Redis/队列证据,表格单元格已拆为单一字段断言
REQ-CF-03951,core-finance,docs/ref-5.3-rate-limiter.md,5.3 系统限流配置,| `GET` | `/api/v1/admin/site-configs/rate-limit` | 获取全局限流配置 | admin 以上 |,logic,P1,说明应满足：获取全局限流配置,源码路径+行号、对应运行测试或数据库/Redis/队列证据,表格单元格已拆为单一字段断言
REQ-CF-03952,core-finance,docs/ref-5.3-rate-limiter.md,5.3 系统限流配置,| `GET` | `/api/v1/admin/site-configs/rate-limit` | 获取全局限流配置 | admin 以上 |,permission,P1,权限应满足：admin 以上,源码路径+行号、对应运行测试或数据库/Redis/队列证据,表格单元格已拆为单一字段断言
REQ-CF-03953,core-finance,docs/ref-5.3-rate-limiter.md,5.3 系统限流配置,| `PUT` | `/api/v1/admin/site-configs/rate-limit` | 更新全局限流配置 | super_admin |,logic,P1,方法应满足：`PUT`,源码路径+行号、对应运行测试或数据库/Redis/队列证据,表格单元格已拆为单一字段断言
REQ-CF-03955,core-finance,docs/ref-5.3-rate-limiter.md,5.3 系统限流配置,| `PUT` | `/api/v1/admin/site-configs/rate-limit` | 更新全局限流配置 | super_admin |,logic,P1,说明应满足：更新全局限流配置,源码路径+行号、对应运行测试或数据库/Redis/队列证据,表格单元格已拆为单一字段断言
REQ-CF-03956,core-finance,docs/ref-5.3-rate-limiter.md,5.3 系统限流配置,| `PUT` | `/api/v1/admin/site-configs/rate-limit` | 更新全局限流配置 | super_admin |,permission,P1,权限应满足：super_admin,源码路径+行号、对应运行测试或数据库/Redis/队列证据,表格单元格已拆为单一字段断言
REQ-CF-03957,core-finance,docs/ref-5.3-rate-limiter.md,7.1 限流隔离,| 隔离维度 | 措施 | 目的 |,logic,P1,隔离维度应满足：用户隔离,源码路径+行号、对应运行测试或数据库/Redis/队列证据,表格单元格已拆为单一字段断言
REQ-CF-03958,core-finance,docs/ref-5.3-rate-limiter.md,7.1 限流隔离,| 用户隔离 | 每个用户独立计数器 | 防止大用户影响小用户 |,logic,P1,措施应满足：每个用户独立计数器,源码路径+行号、对应运行测试或数据库/Redis/队列证据,表格单元格已拆为单一字段断言
REQ-CF-03959,core-finance,docs/ref-5.3-rate-limiter.md,7.1 限流隔离,| 用户隔离 | 每个用户独立计数器 | 防止大用户影响小用户 |,logic,P1,目的应满足：防止大用户影响小用户,源码路径+行号、对应运行测试或数据库/Redis/队列证据,表格单元格已拆为单一字段断言
REQ-CF-03960,core-finance,docs/ref-5.3-rate-limiter.md,7.1 限流隔离,| Key 隔离 | 每个 Key 独立计数器 | 防止 Key 共享导致互相影响 |,logic,P1,隔离维度应满足：Key 隔离,源码路径+行号、对应运行测试或数据库/Redis/队列证据,表格单元格已拆为单一字段断言
REQ-CF-03961,core-finance,docs/ref-5.3-rate-limiter.md,7.1 限流隔离,| Key 隔离 | 每个 Key 独立计数器 | 防止 Key 共享导致互相影响 |,logic,P1,措施应满足：每个 Key 独立计数器,源码路径+行号、对应运行测试或数据库/Redis/队列证据,表格单元格已拆为单一字段断言
REQ-CF-03962,core-finance,docs/ref-5.3-rate-limiter.md,7.1 限流隔离,| Key 隔离 | 每个 Key 独立计数器 | 防止 Key 共享导致互相影响 |,logic,P1,目的应满足：防止 Key 共享导致互相影响,源码路径+行号、对应运行测试或数据库/Redis/队列证据,表格单元格已拆为单一字段断言
REQ-CF-03963,core-finance,docs/ref-5.3-rate-limiter.md,7.1 限流隔离,| 隔离维度 | 措施 | 目的 |,logic,P1,隔离维度应满足：模型隔离,源码路径+行号、对应运行测试或数据库/Redis/队列证据,表格单元格已拆为单一字段断言
REQ-CF-03964,core-finance,docs/ref-5.3-rate-limiter.md,7.1 限流隔离,| 模型隔离 | 每个模型独立计数器 | 防止热门模型拖垮冷门模型 |,logic,P1,措施应满足：每个模型独立计数器,源码路径+行号、对应运行测试或数据库/Redis/队列证据,表格单元格已拆为单一字段断言
REQ-CF-03965,core-finance,docs/ref-5.3-rate-limiter.md,7.1 限流隔离,| 模型隔离 | 每个模型独立计数器 | 防止热门模型拖垮冷门模型 |,logic,P1,目的应满足：防止热门模型拖垮冷门模型,源码路径+行号、对应运行测试或数据库/Redis/队列证据,表格单元格已拆为单一字段断言
REQ-CF-03966,core-finance,docs/ref-5.3-rate-limiter.md,7.1 限流隔离,| 隔离维度 | 措施 | 目的 |,logic,P1,隔离维度应满足：资源隔离,源码路径+行号、对应运行测试或数据库/Redis/队列证据,表格单元格已拆为单一字段断言
REQ-CF-03967,core-finance,docs/ref-5.3-rate-limiter.md,7.1 限流隔离,| 资源隔离 | 模型级并发限制 | 防止慢查询耗尽 Worker |,concurrency,P1,措施应满足：模型级并发限制,源码路径+行号、对应运行测试或数据库/Redis/队列证据,表格单元格已拆为单一字段断言
REQ-CF-03968,core-finance,docs/ref-5.3-rate-limiter.md,7.1 限流隔离,| 资源隔离 | 模型级并发限制 | 防止慢查询耗尽 Worker |,logic,P1,目的应满足：防止慢查询耗尽 Worker,源码路径+行号、对应运行测试或数据库/Redis/队列证据,表格单元格已拆为单一字段断言
REQ-CF-03969,core-finance,docs/ref-5.3-rate-limiter.md,7.2 限流降级策略,| 命中级别 | 降级行为 | 响应码 |,logic,P1,命中级别应满足：L1 全局,源码路径+行号、对应运行测试或数据库/Redis/队列证据,表格单元格已拆为单一字段断言
REQ-CF-03970,core-finance,docs/ref-5.3-rate-limiter.md,7.2 限流降级策略,| L1 全局 | 直接拒绝，返回 429 | 429 |,logic,P1,降级行为应满足：直接拒绝，返回 429,源码路径+行号、对应运行测试或数据库/Redis/队列证据,表格单元格已拆为单一字段断言
REQ-CF-03971,core-finance,docs/ref-5.3-rate-limiter.md,7.2 限流降级策略,| 命中级别 | 降级行为 | 响应码 |,logic,P1,响应码应满足：429,源码路径+行号、对应运行测试或数据库/Redis/队列证据,表格单元格已拆为单一字段断言
REQ-CF-03972,core-finance,docs/ref-5.3-rate-limiter.md,7.2 限流降级策略,| 命中级别 | 降级行为 | 响应码 |,logic,P1,命中级别应满足：L2 用户,源码路径+行号、对应运行测试或数据库/Redis/队列证据,表格单元格已拆为单一字段断言
REQ-CF-03973,core-finance,docs/ref-5.3-rate-limiter.md,7.2 限流降级策略,| L2 用户 | 降级到该用户其他活跃 Key 或等待 | 429 |,logic,P1,降级行为应满足：降级到该用户其他活跃 Key 或等待,源码路径+行号、对应运行测试或数据库/Redis/队列证据,表格单元格已拆为单一字段断言
REQ-CF-03975,core-finance,docs/ref-5.3-rate-limiter.md,7.2 限流降级策略,| L3 Key | 返回 429，提示切换到其他 Key | 429 |,logic,P1,命中级别应满足：L3 Key,源码路径+行号、对应运行测试或数据库/Redis/队列证据,表格单元格已拆为单一字段断言
REQ-CF-03976,core-finance,docs/ref-5.3-rate-limiter.md,7.2 限流降级策略,| L3 Key | 返回 429，提示切换到其他 Key | 429 |,logic,P1,降级行为应满足：返回 429，提示切换到其他 Key,源码路径+行号、对应运行测试或数据库/Redis/队列证据,表格单元格已拆为单一字段断言
REQ-CF-03978,core-finance,docs/ref-5.3-rate-limiter.md,7.2 限流降级策略,| 命中级别 | 降级行为 | 响应码 |,logic,P1,命中级别应满足：L4 模型,源码路径+行号、对应运行测试或数据库/Redis/队列证据,表格单元格已拆为单一字段断言
REQ-CF-03979,core-finance,docs/ref-5.3-rate-limiter.md,7.2 限流降级策略,| L4 模型 | 提示切换到同类型其他模型 | 429 |,logic,P1,降级行为应满足：提示切换到同类型其他模型,源码路径+行号、对应运行测试或数据库/Redis/队列证据,表格单元格已拆为单一字段断言
REQ-CF-03981,core-finance,docs/ref-5.3-rate-limiter.md,八、配置项汇总,| `rate_limit.global_qps` | number | 10000 | 全局 QPS 上限 |,logic,P1,配置项应满足：`rate_limit.global_qps`,源码路径+行号、对应运行测试或数据库/Redis/队列证据,表格单元格已拆为单一字段断言
REQ-CF-03982,core-finance,docs/ref-5.3-rate-limiter.md,八、配置项汇总,| `rate_limit.global_qps` | number | 10000 | 全局 QPS 上限 |,logic,P1,类型应满足：number,源码路径+行号、对应运行测试或数据库/Redis/队列证据,表格单元格已拆为单一字段断言
REQ-CF-03983,core-finance,docs/ref-5.3-rate-limiter.md,八、配置项汇总,| `rate_limit.global_qps` | number | 10000 | 全局 QPS 上限 |,logic,P1,默认值应满足：10000,源码路径+行号、对应运行测试或数据库/Redis/队列证据,表格单元格已拆为单一字段断言
REQ-CF-03984,core-finance,docs/ref-5.3-rate-limiter.md,八、配置项汇总,| `rate_limit.global_qps` | number | 10000 | 全局 QPS 上限 |,logic,P1,说明应满足：全局 QPS 上限,源码路径+行号、对应运行测试或数据库/Redis/队列证据,表格单元格已拆为单一字段断言
REQ-CF-03985,core-finance,docs/ref-5.3-rate-limiter.md,八、配置项汇总,| `rate_limit.global_tpm` | number | 60000000 | 全局 TPM 上限 |,logic,P1,配置项应满足：`rate_limit.global_tpm`,源码路径+行号、对应运行测试或数据库/Redis/队列证据,表格单元格已拆为单一字段断言
REQ-CF-03987,core-finance,docs/ref-5.3-rate-limiter.md,八、配置项汇总,| `rate_limit.global_tpm` | number | 60000000 | 全局 TPM 上限 |,logic,P1,默认值应满足：60000000,源码路径+行号、对应运行测试或数据库/Redis/队列证据,表格单元格已拆为单一字段断言
REQ-CF-03988,core-finance,docs/ref-5.3-rate-limiter.md,八、配置项汇总,| `rate_limit.global_tpm` | number | 60000000 | 全局 TPM 上限 |,logic,P1,说明应满足：全局 TPM 上限,源码路径+行号、对应运行测试或数据库/Redis/队列证据,表格单元格已拆为单一字段断言
REQ-CF-03989,core-finance,docs/ref-5.3-rate-limiter.md,八、配置项汇总,| `rate_limit.algorithm` | string | `sliding_window` | 限流算法 |,logic,P1,配置项应满足：`rate_limit.algorithm`,源码路径+行号、对应运行测试或数据库/Redis/队列证据,表格单元格已拆为单一字段断言
REQ-CF-03990,core-finance,docs/ref-5.3-rate-limiter.md,八、配置项汇总,| `rate_limit.algorithm` | string | `sliding_window` | 限流算法 |,logic,P1,类型应满足：string,源码路径+行号、对应运行测试或数据库/Redis/队列证据,表格单元格已拆为单一字段断言
REQ-CF-03991,core-finance,docs/ref-5.3-rate-limiter.md,八、配置项汇总,| `rate_limit.algorithm` | string | `sliding_window` | 限流算法 |,logic,P1,默认值应满足：`sliding_window`,源码路径+行号、对应运行测试或数据库/Redis/队列证据,表格单元格已拆为单一字段断言
REQ-CF-03992,core-finance,docs/ref-5.3-rate-limiter.md,八、配置项汇总,| `rate_limit.algorithm` | string | `sliding_window` | 限流算法 |,logic,P1,说明应满足：限流算法,源码路径+行号、对应运行测试或数据库/Redis/队列证据,表格单元格已拆为单一字段断言
REQ-CF-03993,core-finance,docs/ref-5.3-rate-limiter.md,八、配置项汇总,| `rate_limit.default_user_qps` | number | 100 | 新用户默认 QPS |,logic,P1,配置项应满足：`rate_limit.default_user_qps`,源码路径+行号、对应运行测试或数据库/Redis/队列证据,表格单元格已拆为单一字段断言
REQ-CF-03995,core-finance,docs/ref-5.3-rate-limiter.md,八、配置项汇总,| 配置项 | 类型 | 默认值 | 说明 |,logic,P1,默认值应满足：100,源码路径+行号、对应运行测试或数据库/Redis/队列证据,表格单元格已拆为单一字段断言
REQ-CF-03996,core-finance,docs/ref-5.3-rate-limiter.md,八、配置项汇总,| `rate_limit.default_user_qps` | number | 100 | 新用户默认 QPS |,logic,P1,说明应满足：新用户默认 QPS,源码路径+行号、对应运行测试或数据库/Redis/队列证据,表格单元格已拆为单一字段断言
REQ-CF-03997,core-finance,docs/ref-5.3-rate-limiter.md,八、配置项汇总,| `rate_limit.default_user_tpm` | number | 600000 | 新用户默认 TPM |,logic,P1,配置项应满足：`rate_limit.default_user_tpm`,源码路径+行号、对应运行测试或数据库/Redis/队列证据,表格单元格已拆为单一字段断言
REQ-CF-03999,core-finance,docs/ref-5.3-rate-limiter.md,八、配置项汇总,| `rate_limit.global_tpm` | number | 60000000 | 全局 TPM 上限 |,logic,P1,默认值应满足：600000,源码路径+行号、对应运行测试或数据库/Redis/队列证据,表格单元格已拆为单一字段断言
REQ-CF-04000,core-finance,docs/ref-5.3-rate-limiter.md,八、配置项汇总,| `rate_limit.default_user_tpm` | number | 600000 | 新用户默认 TPM |,logic,P1,说明应满足：新用户默认 TPM,源码路径+行号、对应运行测试或数据库/Redis/队列证据,表格单元格已拆为单一字段断言
REQ-CF-04001,core-finance,docs/ref-5.3-rate-limiter.md,八、配置项汇总,| `rate_limit.default_key_qps` | number | 50 | 新 Key 默认 QPS |,logic,P1,配置项应满足：`rate_limit.default_key_qps`,源码路径+行号、对应运行测试或数据库/Redis/队列证据,表格单元格已拆为单一字段断言
REQ-CF-04003,core-finance,docs/ref-5.3-rate-limiter.md,八、配置项汇总,| 配置项 | 类型 | 默认值 | 说明 |,logic,P1,默认值应满足：50,源码路径+行号、对应运行测试或数据库/Redis/队列证据,表格单元格已拆为单一字段断言
REQ-CF-04004,core-finance,docs/ref-5.3-rate-limiter.md,八、配置项汇总,| `rate_limit.default_key_qps` | number | 50 | 新 Key 默认 QPS |,logic,P1,说明应满足：新 Key 默认 QPS,源码路径+行号、对应运行测试或数据库/Redis/队列证据,表格单元格已拆为单一字段断言
REQ-CF-04005,core-finance,docs/ref-5.3-rate-limiter.md,八、配置项汇总,| `rate_limit.default_key_tpm` | number | 300000 | 新 Key 默认 TPM |,logic,P1,配置项应满足：`rate_limit.default_key_tpm`,源码路径+行号、对应运行测试或数据库/Redis/队列证据,表格单元格已拆为单一字段断言
REQ-CF-04007,core-finance,docs/ref-5.3-rate-limiter.md,八、配置项汇总,| `rate_limit.default_key_tpm` | number | 300000 | 新 Key 默认 TPM |,logic,P1,默认值应满足：300000,源码路径+行号、对应运行测试或数据库/Redis/队列证据,表格单元格已拆为单一字段断言
REQ-CF-04008,core-finance,docs/ref-5.3-rate-limiter.md,八、配置项汇总,| `rate_limit.default_key_tpm` | number | 300000 | 新 Key 默认 TPM |,logic,P1,说明应满足：新 Key 默认 TPM,源码路径+行号、对应运行测试或数据库/Redis/队列证据,表格单元格已拆为单一字段断言
REQ-CF-04009,core-finance,docs/ref-5.3-rate-limiter.md,八、配置项汇总,| `rate_limit.default_model_qps` | number | 2000 | 新模型默认 QPS |,logic,P1,配置项应满足：`rate_limit.default_model_qps`,源码路径+行号、对应运行测试或数据库/Redis/队列证据,表格单元格已拆为单一字段断言
REQ-CF-04011,core-finance,docs/ref-5.3-rate-limiter.md,八、配置项汇总,| `rate_limit.default_model_qps` | number | 2000 | 新模型默认 QPS |,logic,P1,默认值应满足：2000,源码路径+行号、对应运行测试或数据库/Redis/队列证据,表格单元格已拆为单一字段断言
REQ-CF-04012,core-finance,docs/ref-5.3-rate-limiter.md,八、配置项汇总,| `rate_limit.default_model_qps` | number | 2000 | 新模型默认 QPS |,logic,P1,说明应满足：新模型默认 QPS,源码路径+行号、对应运行测试或数据库/Redis/队列证据,表格单元格已拆为单一字段断言
REQ-CF-04013,core-finance,docs/ref-5.3-rate-limiter.md,八、配置项汇总,| `rate_limit.default_model_concurrency` | number | 10 | 默认并发数 |,logic,P1,配置项应满足：`rate_limit.default_model_concurrency`,源码路径+行号、对应运行测试或数据库/Redis/队列证据,表格单元格已拆为单一字段断言
REQ-CF-04015,core-finance,docs/ref-5.3-rate-limiter.md,八、配置项汇总,| 配置项 | 类型 | 默认值 | 说明 |,logic,P1,默认值应满足：10,源码路径+行号、对应运行测试或数据库/Redis/队列证据,表格单元格已拆为单一字段断言
REQ-CF-04016,core-finance,docs/ref-5.3-rate-limiter.md,八、配置项汇总,| `rate_limit.default_model_concurrency` | number | 10 | 默认并发数 |,concurrency,P1,说明应满足：默认并发数,源码路径+行号、对应运行测试或数据库/Redis/队列证据,表格单元格已拆为单一字段断言
REQ-CF-04017,core-finance,docs/ref-5.3-rate-limiter.md,九、交叉引用,| PRD-README.md §5.3 | 限流引擎精化（总纲） |,logic,P1,其他文档应满足：PRD-README.md §5.3,源码路径+行号、对应运行测试或数据库/Redis/队列证据,表格单元格已拆为单一字段断言
REQ-CF-04018,core-finance,docs/ref-5.3-rate-limiter.md,九、交叉引用,| PRD-README.md §5.3 | 限流引擎精化（总纲） |,logic,P1,关联内容应满足：限流引擎精化（总纲）,源码路径+行号、对应运行测试或数据库/Redis/队列证据,表格单元格已拆为单一字段断言
REQ-CF-04019,core-finance,docs/ref-5.3-rate-limiter.md,九、交叉引用,| ref-4.6-security.md | 安全限流联动（IP 封禁、暴力破解检测） |,logic,P1,其他文档应满足：ref-4.6-security.md,源码路径+行号、对应运行测试或数据库/Redis/队列证据,表格单元格已拆为单一字段断言
REQ-CF-04020,core-finance,docs/ref-5.3-rate-limiter.md,九、交叉引用,| ref-4.6-security.md | 安全限流联动（IP 封禁、暴力破解检测） |,logic,P1,关联内容应满足：安全限流联动（IP 封禁、暴力破解检测）,源码路径+行号、对应运行测试或数据库/Redis/队列证据,表格单元格已拆为单一字段断言
REQ-CF-04021,core-finance,docs/ref-5.3-rate-limiter.md,九、交叉引用,| ref-4.8-system-config.md | 全局配置管理（site_configs） |,logic,P1,其他文档应满足：ref-4.8-system-config.md,源码路径+行号、对应运行测试或数据库/Redis/队列证据,表格单元格已拆为单一字段断言
REQ-CF-04022,core-finance,docs/ref-5.3-rate-limiter.md,九、交叉引用,| ref-4.8-system-config.md | 全局配置管理（site_configs） |,logic,P1,关联内容应满足：全局配置管理（site_configs）,源码路径+行号、对应运行测试或数据库/Redis/队列证据,表格单元格已拆为单一字段断言
REQ-CF-04023,core-finance,docs/ref-5.3-rate-limiter.md,九、交叉引用,| ref-5.1-routing.md | 路由引擎与限流联动（熔断+限流组合） |,logic,P1,其他文档应满足：ref-5.1-routing.md,源码路径+行号、对应运行测试或数据库/Redis/队列证据,表格单元格已拆为单一字段断言
REQ-CF-04024,core-finance,docs/ref-5.3-rate-limiter.md,九、交叉引用,| ref-5.1-routing.md | 路由引擎与限流联动（熔断+限流组合） |,logic,P0,关联内容应满足：路由引擎与限流联动（熔断+限流组合）,源码路径+行号、对应运行测试或数据库/Redis/队列证据,表格单元格已拆为单一字段断言
REQ-CF-04025,core-finance,docs/ref-5.3-rate-limiter.md,九、交叉引用,| data-dictionary.md §3.4 | 四级限流规则定义 |,logic,P1,其他文档应满足：data-dictionary.md §3.4,源码路径+行号、对应运行测试或数据库/Redis/队列证据,表格单元格已拆为单一字段断言
REQ-CF-04026,core-finance,docs/ref-5.3-rate-limiter.md,九、交叉引用,| data-dictionary.md §3.4 | 四级限流规则定义 |,logic,P1,关联内容应满足：四级限流规则定义,源码路径+行号、对应运行测试或数据库/Redis/队列证据,表格单元格已拆为单一字段断言
REQ-CF-04027,core-finance,docs/ref-5.3-rate-limiter.md,九、交叉引用,| ref-7-nfr.md §3.3 | 限流防护安全要求 |,logic,P1,其他文档应满足：ref-7-nfr.md §3.3,源码路径+行号、对应运行测试或数据库/Redis/队列证据,表格单元格已拆为单一字段断言
REQ-CF-04028,core-finance,docs/ref-5.3-rate-limiter.md,九、交叉引用,| ref-7-nfr.md §3.3 | 限流防护安全要求 |,logic,P1,关联内容应满足：限流防护安全要求,源码路径+行号、对应运行测试或数据库/Redis/队列证据,表格单元格已拆为单一字段断言
REQ-CF-04029,core-finance,docs/ref-5.3-rate-limiter.md,十、限流/熔断运营通知与降级（运营视角补充）,**P0 补充**：2026-07-30 — 限流熔断触发后的运营通知流程、限流系统自身降级策略,action,P0,**P0 补充**：2026-07-30 — 限流熔断触发后的运营通知流程、限流系统自身降级策略,源码路径+行号、对应运行测试或数据库/Redis/队列证据,N/A：原审计记录未提供补充依据；待复核源码、测试及运行证据。
REQ-CF-04030,core-finance,docs/ref-5.3-rate-limiter.md,10.1 限流/熔断触发后的运营通知流程,"| L1 全局接近阈值（80%） | ⚠️ 预警 | 站内通知 + 飞书 | 运维负责人 | ""全局 QPS 已达 80%（8000/10000），建议评估扩容"" |",action,P1,触发条件应满足：L1 全局接近阈值（80%）,源码路径+行号、对应运行测试或数据库/Redis/队列证据,表格单元格已拆为单一字段断言
REQ-CF-04031,core-finance,docs/ref-5.3-rate-limiter.md,10.1 限流/熔断触发后的运营通知流程,| 触发条件 | 通知等级 | 通知方式 | 通知对象 | 通知内容 |,action,P1,通知等级应满足：⚠️ 预警,源码路径+行号、对应运行测试或数据库/Redis/队列证据,表格单元格已拆为单一字段断言
REQ-CF-04032,core-finance,docs/ref-5.3-rate-limiter.md,10.1 限流/熔断触发后的运营通知流程,"| L1 全局接近阈值（80%） | ⚠️ 预警 | 站内通知 + 飞书 | 运维负责人 | ""全局 QPS 已达 80%（8000/10000），建议评估扩容"" |",action,P1,通知方式应满足：站内通知 + 飞书,源码路径+行号、对应运行测试或数据库/Redis/队列证据,表格单元格已拆为单一字段断言
REQ-CF-04033,core-finance,docs/ref-5.3-rate-limiter.md,10.1 限流/熔断触发后的运营通知流程,"| L1 全局接近阈值（80%） | ⚠️ 预警 | 站内通知 + 飞书 | 运维负责人 | ""全局 QPS 已达 80%（8000/10000），建议评估扩容"" |",action,P1,通知对象应满足：运维负责人,源码路径+行号、对应运行测试或数据库/Redis/队列证据,表格单元格已拆为单一字段断言
REQ-CF-04034,core-finance,docs/ref-5.3-rate-limiter.md,10.1 限流/熔断触发后的运营通知流程,"| L1 全局接近阈值（80%） | ⚠️ 预警 | 站内通知 + 飞书 | 运维负责人 | ""全局 QPS 已达 80%（8000/10000），建议评估扩容"" |",action,P1,"通知内容应满足：""全局 QPS 已达 80%（8000/10000），建议评估扩容""",源码路径+行号、对应运行测试或数据库/Redis/队列证据,表格单元格已拆为单一字段断言
REQ-CF-04035,core-finance,docs/ref-5.3-rate-limiter.md,10.1 限流/熔断触发后的运营通知流程,"| L1 全局接近阈值（90%） | 🔴 紧急 | 站内 + 飞书 + 电话 | 运维负责人 | ""全局 QPS 已达 90%！需紧急处理！"" |",action,P1,触发条件应满足：L1 全局接近阈值（90%）,源码路径+行号、对应运行测试或数据库/Redis/队列证据,表格单元格已拆为单一字段断言
REQ-CF-04036,core-finance,docs/ref-5.3-rate-limiter.md,10.1 限流/熔断触发后的运营通知流程,| 触发条件 | 通知等级 | 通知方式 | 通知对象 | 通知内容 |,action,P1,通知等级应满足：🔴 紧急,源码路径+行号、对应运行测试或数据库/Redis/队列证据,表格单元格已拆为单一字段断言
REQ-CF-04037,core-finance,docs/ref-5.3-rate-limiter.md,10.1 限流/熔断触发后的运营通知流程,"| L1 全局接近阈值（90%） | 🔴 紧急 | 站内 + 飞书 + 电话 | 运维负责人 | ""全局 QPS 已达 90%！需紧急处理！"" |",action,P1,通知方式应满足：站内 + 飞书 + 电话,源码路径+行号、对应运行测试或数据库/Redis/队列证据,表格单元格已拆为单一字段断言
REQ-CF-04039,core-finance,docs/ref-5.3-rate-limiter.md,10.1 限流/熔断触发后的运营通知流程,"| L1 全局接近阈值（90%） | 🔴 紧急 | 站内 + 飞书 + 电话 | 运维负责人 | ""全局 QPS 已达 90%！需紧急处理！"" |",action,P1,"通知内容应满足：""全局 QPS 已达 90%！需紧急处理！""",源码路径+行号、对应运行测试或数据库/Redis/队列证据,表格单元格已拆为单一字段断言
REQ-CF-04040,core-finance,docs/ref-5.3-rate-limiter.md,10.1 限流/熔断触发后的运营通知流程,"| L1 全局命中率突增 | ⚠️ 预警 | 站内通知 + 飞书 | 运维 | ""全局限流命中率从 0.5% 飙升到 5%，可能异常攻击"" |",action,P1,触发条件应满足：L1 全局命中率突增,源码路径+行号、对应运行测试或数据库/Redis/队列证据,表格单元格已拆为单一字段断言
REQ-CF-04043,core-finance,docs/ref-5.3-rate-limiter.md,10.1 限流/熔断触发后的运营通知流程,| 触发条件 | 通知等级 | 通知方式 | 通知对象 | 通知内容 |,action,P1,通知对象应满足：运维,源码路径+行号、对应运行测试或数据库/Redis/队列证据,表格单元格已拆为单一字段断言
REQ-CF-04044,core-finance,docs/ref-5.3-rate-limiter.md,10.1 限流/熔断触发后的运营通知流程,"| L1 全局命中率突增 | ⚠️ 预警 | 站内通知 + 飞书 | 运维 | ""全局限流命中率从 0.5% 飙升到 5%，可能异常攻击"" |",action,P1,"通知内容应满足：""全局限流命中率从 0.5% 飙升到 5%，可能异常攻击""",源码路径+行号、对应运行测试或数据库/Redis/队列证据,表格单元格已拆为单一字段断言
REQ-CF-04045,core-finance,docs/ref-5.3-rate-limiter.md,10.1 限流/熔断触发后的运营通知流程,"| 单用户限流命中率 > 20% | ⚠️ 预警 | 站内通知 | 客服/运营 | ""用户张三（ID:123）限流命中率 25%，联系用户排查"" |",action,P1,触发条件应满足：单用户限流命中率 > 20%,源码路径+行号、对应运行测试或数据库/Redis/队列证据,表格单元格已拆为单一字段断言
REQ-CF-04047,core-finance,docs/ref-5.3-rate-limiter.md,10.1 限流/熔断触发后的运营通知流程,| 触发条件 | 通知等级 | 通知方式 | 通知对象 | 通知内容 |,action,P1,通知方式应满足：站内通知,源码路径+行号、对应运行测试或数据库/Redis/队列证据,表格单元格已拆为单一字段断言
REQ-CF-04048,core-finance,docs/ref-5.3-rate-limiter.md,10.1 限流/熔断触发后的运营通知流程,| 触发条件 | 通知等级 | 通知方式 | 通知对象 | 通知内容 |,action,P1,通知对象应满足：客服/运营,源码路径+行号、对应运行测试或数据库/Redis/队列证据,表格单元格已拆为单一字段断言
REQ-CF-04049,core-finance,docs/ref-5.3-rate-limiter.md,10.1 限流/熔断触发后的运营通知流程,"| 单用户限流命中率 > 20% | ⚠️ 预警 | 站内通知 | 客服/运营 | ""用户张三（ID:123）限流命中率 25%，联系用户排查"" |",action,P1,"通知内容应满足：""用户张三（ID:123）限流命中率 25%，联系用户排查""",源码路径+行号、对应运行测试或数据库/Redis/队列证据,表格单元格已拆为单一字段断言
REQ-CF-04050,core-finance,docs/ref-5.3-rate-limiter.md,10.1 限流/熔断触发后的运营通知流程,"| 渠道熔断器打开 | 🔴 紧急 | 飞书 + 邮件 | 运维 + 运营 | ""DeepSeek 熔断器已打开，流量已切换到 OspreyAI"" |",action,P0,触发条件应满足：渠道熔断器打开,源码路径+行号、对应运行测试或数据库/Redis/队列证据,表格单元格已拆为单一字段断言
REQ-CF-04052,core-finance,docs/ref-5.3-rate-limiter.md,10.1 限流/熔断触发后的运营通知流程,| 触发条件 | 通知等级 | 通知方式 | 通知对象 | 通知内容 |,action,P1,通知方式应满足：飞书 + 邮件,源码路径+行号、对应运行测试或数据库/Redis/队列证据,表格单元格已拆为单一字段断言
REQ-CF-04053,core-finance,docs/ref-5.3-rate-limiter.md,10.1 限流/熔断触发后的运营通知流程,| 触发条件 | 通知等级 | 通知方式 | 通知对象 | 通知内容 |,action,P1,通知对象应满足：运维 + 运营,源码路径+行号、对应运行测试或数据库/Redis/队列证据,表格单元格已拆为单一字段断言
REQ-CF-04054,core-finance,docs/ref-5.3-rate-limiter.md,10.1 限流/熔断触发后的运营通知流程,"| 渠道熔断器打开 | 🔴 紧急 | 飞书 + 邮件 | 运维 + 运营 | ""DeepSeek 熔断器已打开，流量已切换到 OspreyAI"" |",action,P0,"通知内容应满足：""DeepSeek 熔断器已打开，流量已切换到 OspreyAI""",源码路径+行号、对应运行测试或数据库/Redis/队列证据,表格单元格已拆为单一字段断言
REQ-CF-04055,core-finance,docs/ref-5.3-rate-limiter.md,10.1 限流/熔断触发后的运营通知流程,"| 限流系统自身故障 | 🔴 紧急 | 电话/短信 | 运维负责人 | ""限流引擎状态异常，当前为降级模式"" |",action,P1,触发条件应满足：限流系统自身故障,源码路径+行号、对应运行测试或数据库/Redis/队列证据,表格单元格已拆为单一字段断言
REQ-CF-04057,core-finance,docs/ref-5.3-rate-limiter.md,10.1 限流/熔断触发后的运营通知流程,| 触发条件 | 通知等级 | 通知方式 | 通知对象 | 通知内容 |,action,P1,通知方式应满足：电话/短信,源码路径+行号、对应运行测试或数据库/Redis/队列证据,表格单元格已拆为单一字段断言
REQ-CF-04059,core-finance,docs/ref-5.3-rate-limiter.md,10.1 限流/熔断触发后的运营通知流程,"| 限流系统自身故障 | 🔴 紧急 | 电话/短信 | 运维负责人 | ""限流引擎状态异常，当前为降级模式"" |",action,P1,"通知内容应满足：""限流引擎状态异常，当前为降级模式""",源码路径+行号、对应运行测试或数据库/Redis/队列证据,表格单元格已拆为单一字段断言
REQ-CF-04060,core-finance,docs/ref-5.3-rate-limiter.md,10.1 限流/熔断触发后的运营通知流程,### 10.1 限流/熔断触发后的运营通知流程,action,P1,**限流告警指标（管理后台 → 运维配置 → 告警规则）：**,源码路径+行号、对应运行测试或数据库/Redis/队列证据,N/A：原审计记录未提供补充依据；待复核源码、测试及运行证据。
REQ-CF-04061,core-finance,docs/ref-5.3-rate-limiter.md,10.1 限流/熔断触发后的运营通知流程,| 触发条件 | 通知等级 | 通知方式 | 通知对象 | 通知内容 |,action,P1,触发条件应满足：指标,源码路径+行号、对应运行测试或数据库/Redis/队列证据,表格单元格已拆为单一字段断言
REQ-CF-04062,core-finance,docs/ref-5.3-rate-limiter.md,10.1 限流/熔断触发后的运营通知流程,| 触发条件 | 通知等级 | 通知方式 | 通知对象 | 通知内容 |,action,P1,通知等级应满足：告警条件,源码路径+行号、对应运行测试或数据库/Redis/队列证据,表格单元格已拆为单一字段断言
REQ-CF-04063,core-finance,docs/ref-5.3-rate-limiter.md,10.1 限流/熔断触发后的运营通知流程,| 触发条件 | 通知等级 | 通知方式 | 通知对象 | 通知内容 |,action,P1,通知方式应满足：默认阈值,源码路径+行号、对应运行测试或数据库/Redis/队列证据,表格单元格已拆为单一字段断言
REQ-CF-04064,core-finance,docs/ref-5.3-rate-limiter.md,10.1 限流/熔断触发后的运营通知流程,"| L1 全局接近阈值（80%） | ⚠️ 预警 | 站内通知 + 飞书 | 运维负责人 | ""全局 QPS 已达 80%（8000/10000），建议评估扩容"" |",action,P1,触发条件应满足：全局 QPS 水位,源码路径+行号、对应运行测试或数据库/Redis/队列证据,表格单元格已拆为单一字段断言
REQ-CF-04065,core-finance,docs/ref-5.3-rate-limiter.md,10.1 限流/熔断触发后的运营通知流程,| 触发条件 | 通知等级 | 通知方式 | 通知对象 | 通知内容 |,action,P1,通知等级应满足：> 80% / > 90% / 100% 超限,源码路径+行号、对应运行测试或数据库/Redis/队列证据,表格单元格已拆为单一字段断言
REQ-CF-04066,core-finance,docs/ref-5.3-rate-limiter.md,10.1 限流/熔断触发后的运营通知流程,"| L1 全局接近阈值（80%） | ⚠️ 预警 | 站内通知 + 飞书 | 运维负责人 | ""全局 QPS 已达 80%（8000/10000），建议评估扩容"" |",action,P1,通知方式应满足：8000 / 9000 / 10000,源码路径+行号、对应运行测试或数据库/Redis/队列证据,表格单元格已拆为单一字段断言
REQ-CF-04067,core-finance,docs/ref-5.3-rate-limiter.md,10.1 限流/熔断触发后的运营通知流程,"| L1 全局命中率突增 | ⚠️ 预警 | 站内通知 + 飞书 | 运维 | ""全局限流命中率从 0.5% 飙升到 5%，可能异常攻击"" |",action,P1,触发条件应满足：限流命中率异常,源码路径+行号、对应运行测试或数据库/Redis/队列证据,表格单元格已拆为单一字段断言
REQ-CF-04068,core-finance,docs/ref-5.3-rate-limiter.md,10.1 限流/熔断触发后的运营通知流程,| 触发条件 | 通知等级 | 通知方式 | 通知对象 | 通知内容 |,action,P1,通知等级应满足：命中率环比增长 > 5x,源码路径+行号、对应运行测试或数据库/Redis/队列证据,表格单元格已拆为单一字段断言
REQ-CF-04069,core-finance,docs/ref-5.3-rate-limiter.md,10.1 限流/熔断触发后的运营通知流程,| 触发条件 | 通知等级 | 通知方式 | 通知对象 | 通知内容 |,action,P1,通知方式应满足：0.5% → 2.5%,源码路径+行号、对应运行测试或数据库/Redis/队列证据,表格单元格已拆为单一字段断言
REQ-CF-04070,core-finance,docs/ref-5.3-rate-limiter.md,10.1 限流/熔断触发后的运营通知流程,| 触发条件 | 通知等级 | 通知方式 | 通知对象 | 通知内容 |,action,P1,触发条件应满足：单用户命中率,源码路径+行号、对应运行测试或数据库/Redis/队列证据,表格单元格已拆为单一字段断言
REQ-CF-04071,core-finance,docs/ref-5.3-rate-limiter.md,10.1 限流/熔断触发后的运营通知流程,"| 单用户限流命中率 > 20% | ⚠️ 预警 | 站内通知 | 客服/运营 | ""用户张三（ID:123）限流命中率 25%，联系用户排查"" |",action,P1,通知等级应满足：命中率 > 20% 持续 5 分钟,源码路径+行号、对应运行测试或数据库/Redis/队列证据,表格单元格已拆为单一字段断言
REQ-CF-04072,core-finance,docs/ref-5.3-rate-limiter.md,10.1 限流/熔断触发后的运营通知流程,| 触发条件 | 通知等级 | 通知方式 | 通知对象 | 通知内容 |,action,P1,通知方式应满足：20%,源码路径+行号、对应运行测试或数据库/Redis/队列证据,表格单元格已拆为单一字段断言
REQ-CF-04073,core-finance,docs/ref-5.3-rate-limiter.md,10.1 限流/熔断触发后的运营通知流程,| 触发条件 | 通知等级 | 通知方式 | 通知对象 | 通知内容 |,action,P1,触发条件应满足：Redis 限流 Key 堆积,源码路径+行号、对应运行测试或数据库/Redis/队列证据,表格单元格已拆为单一字段断言
REQ-CF-04074,core-finance,docs/ref-5.3-rate-limiter.md,10.1 限流/熔断触发后的运营通知流程,| 触发条件 | 通知等级 | 通知方式 | 通知对象 | 通知内容 |,action,P1,通知等级应满足：Redis 占用内存 > 80%,源码路径+行号、对应运行测试或数据库/Redis/队列证据,表格单元格已拆为单一字段断言
REQ-CF-04075,core-finance,docs/ref-5.3-rate-limiter.md,10.1 限流/熔断触发后的运营通知流程,| 触发条件 | 通知等级 | 通知方式 | 通知对象 | 通知内容 |,action,P1,通知方式应满足：80%,源码路径+行号、对应运行测试或数据库/Redis/队列证据,表格单元格已拆为单一字段断言
REQ-CF-04076,core-finance,docs/ref-5.3-rate-limiter.md,10.2 限流系统自身降级策略,### 10.2 限流系统自身降级策略,logic,P1,当限流系统（Redis）不可用时，按以下分级降级：,源码路径+行号、对应运行测试或数据库/Redis/队列证据,N/A：原审计记录未提供补充依据；待复核源码、测试及运行证据。
REQ-CF-04077,core-finance,docs/ref-5.3-rate-limiter.md,10.2 限流系统自身降级策略,### 10.2 限流系统自身降级策略,logic,P1,降级等级应满足：L0-正常,源码路径+行号、对应运行测试或数据库/Redis/队列证据,表格单元格已拆为单一字段断言
REQ-CF-04078,core-finance,docs/ref-5.3-rate-limiter.md,10.2 限流系统自身降级策略,### 10.2 限流系统自身降级策略,logic,P1,触发条件应满足：无,源码路径+行号、对应运行测试或数据库/Redis/队列证据,表格单元格已拆为单一字段断言
REQ-CF-04079,core-finance,docs/ref-5.3-rate-limiter.md,10.2 限流系统自身降级策略,### 10.2 限流系统自身降级策略,logic,P1,降级行为应满足：全限流启用,源码路径+行号、对应运行测试或数据库/Redis/队列证据,表格单元格已拆为单一字段断言
REQ-CF-04080,core-finance,docs/ref-5.3-rate-limiter.md,10.2 限流系统自身降级策略,### 10.2 限流系统自身降级策略,logic,P1,降级等级应满足：L1-降级,源码路径+行号、对应运行测试或数据库/Redis/队列证据,表格单元格已拆为单一字段断言
REQ-CF-04081,core-finance,docs/ref-5.3-rate-limiter.md,10.2 限流系统自身降级策略,### 10.2 限流系统自身降级策略,logic,P1,触发条件应满足：Redis 延迟 > 500ms,源码路径+行号、对应运行测试或数据库/Redis/队列证据,表格单元格已拆为单一字段断言
REQ-CF-04082,core-finance,docs/ref-5.3-rate-limiter.md,10.2 限流系统自身降级策略,### 10.2 限流系统自身降级策略,logic,P1,降级行为应满足：L3/L4 停止限流（Key 级和模型级），仅保留 L1/L2,源码路径+行号、对应运行测试或数据库/Redis/队列证据,表格单元格已拆为单一字段断言
REQ-CF-04083,core-finance,docs/ref-5.3-rate-limiter.md,10.2 限流系统自身降级策略,### 10.2 限流系统自身降级策略,logic,P1,影响应满足：部分限流失效,源码路径+行号、对应运行测试或数据库/Redis/队列证据,表格单元格已拆为单一字段断言
REQ-CF-04084,core-finance,docs/ref-5.3-rate-limiter.md,10.2 限流系统自身降级策略,### 10.2 限流系统自身降级策略,logic,P1,降级等级应满足：L2-降级,源码路径+行号、对应运行测试或数据库/Redis/队列证据,表格单元格已拆为单一字段断言
REQ-CF-04085,core-finance,docs/ref-5.3-rate-limiter.md,10.2 限流系统自身降级策略,### 10.2 限流系统自身降级策略,logic,P1,触发条件应满足：Redis 不可用,源码路径+行号、对应运行测试或数据库/Redis/队列证据,表格单元格已拆为单一字段断言
REQ-CF-04086,core-finance,docs/ref-5.3-rate-limiter.md,10.2 限流系统自身降级策略,### 10.2 限流系统自身降级策略,concurrency,P1,降级行为应满足：停止 Redis 限流，降级为内存计数 + 本地并发限制,源码路径+行号、对应运行测试或数据库/Redis/队列证据,表格单元格已拆为单一字段断言
REQ-CF-04087,core-finance,docs/ref-5.3-rate-limiter.md,10.2 限流系统自身降级策略,### 10.2 限流系统自身降级策略,logic,P1,影响应满足：多节点场景下全局限流不准,源码路径+行号、对应运行测试或数据库/Redis/队列证据,表格单元格已拆为单一字段断言
REQ-CF-04088,core-finance,docs/ref-5.3-rate-limiter.md,10.2 限流系统自身降级策略,### 10.2 限流系统自身降级策略,logic,P1,降级等级应满足：L3-降级,源码路径+行号、对应运行测试或数据库/Redis/队列证据,表格单元格已拆为单一字段断言
REQ-CF-04089,core-finance,docs/ref-5.3-rate-limiter.md,10.2 限流系统自身降级策略,### 10.2 限流系统自身降级策略,logic,P1,触发条件应满足：内存计数也失败,源码路径+行号、对应运行测试或数据库/Redis/队列证据,表格单元格已拆为单一字段断言
REQ-CF-04090,core-finance,docs/ref-5.3-rate-limiter.md,10.2 限流系统自身降级策略,### 10.2 限流系统自身降级策略,concurrency,P1,降级行为应满足：全放行，仅保留 Nginx 基本限流和并发限制,源码路径+行号、对应运行测试或数据库/Redis/队列证据,表格单元格已拆为单一字段断言
REQ-CF-04091,core-finance,docs/ref-5.3-rate-limiter.md,10.2 限流系统自身降级策略,### 10.2 限流系统自身降级策略,logic,P1,影响应满足：无 Redis 限流保护,源码路径+行号、对应运行测试或数据库/Redis/队列证据,表格单元格已拆为单一字段断言
REQ-CF-04092,core-finance,docs/ref-5.3-rate-limiter.md,10.2 限流系统自身降级策略,### 10.2 限流系统自身降级策略,logic,P1,**降级检测与恢复流程：**,源码路径+行号、对应运行测试或数据库/Redis/队列证据,N/A：原审计记录未提供补充依据；待复核源码、测试及运行证据。
REQ-CF-04093,core-finance,docs/ref-5.3-rate-limiter.md,10.3 运营操作面板,### 10.3 运营操作面板,state,P1,管理后台 → 运维配置 → 限流状态,源码路径+行号、对应运行测试或数据库/Redis/队列证据,N/A：原审计记录未提供补充依据；待复核源码、测试及运行证据。
REQ-CF-04094,core-finance,docs/ref-5.3-rate-limiter.md,10.4 限流引擎可用性 SLA,| 限流引擎可用性 | 99.99%（允许降级但不可完全不可用） |,logic,P1,指标应满足：限流引擎可用性,源码路径+行号、对应运行测试或数据库/Redis/队列证据,表格单元格已拆为单一字段断言
REQ-CF-04095,core-finance,docs/ref-5.3-rate-limiter.md,10.4 限流引擎可用性 SLA,| 限流引擎可用性 | 99.99%（允许降级但不可完全不可用） |,logic,P1,目标应满足：99.99%（允许降级但不可完全不可用）,源码路径+行号、对应运行测试或数据库/Redis/队列证据,表格单元格已拆为单一字段断言
REQ-CF-04096,core-finance,docs/ref-5.3-rate-limiter.md,10.4 限流引擎可用性 SLA,| 限流检查 P95 延迟 | ≤ 3ms（含 Redis 网络往返） |,logic,P1,指标应满足：限流检查 P95 延迟,源码路径+行号、对应运行测试或数据库/Redis/队列证据,表格单元格已拆为单一字段断言
REQ-CF-04097,core-finance,docs/ref-5.3-rate-limiter.md,10.4 限流引擎可用性 SLA,| 限流检查 P95 延迟 | ≤ 3ms（含 Redis 网络往返） |,logic,P1,目标应满足：≤ 3ms（含 Redis 网络往返）,源码路径+行号、对应运行测试或数据库/Redis/队列证据,表格单元格已拆为单一字段断言
REQ-CF-04098,core-finance,docs/ref-5.3-rate-limiter.md,10.4 限流引擎可用性 SLA,| 限流检查 P99 延迟 | ≤ 10ms |,logic,P1,指标应满足：限流检查 P99 延迟,源码路径+行号、对应运行测试或数据库/Redis/队列证据,表格单元格已拆为单一字段断言
REQ-CF-04099,core-finance,docs/ref-5.3-rate-limiter.md,10.4 限流引擎可用性 SLA,| 限流检查 P99 延迟 | ≤ 10ms |,logic,P1,目标应满足：≤ 10ms,源码路径+行号、对应运行测试或数据库/Redis/队列证据,表格单元格已拆为单一字段断言
REQ-CF-04100,core-finance,docs/ref-5.3-rate-limiter.md,10.4 限流引擎可用性 SLA,| 降级恢复时间 | Redis 恢复后 30s 内恢复正常模式 |,logic,P1,指标应满足：降级恢复时间,源码路径+行号、对应运行测试或数据库/Redis/队列证据,表格单元格已拆为单一字段断言
REQ-CF-04101,core-finance,docs/ref-5.3-rate-limiter.md,10.4 限流引擎可用性 SLA,| 降级恢复时间 | Redis 恢复后 30s 内恢复正常模式 |,logic,P1,目标应满足：Redis 恢复后 30s 内恢复正常模式,源码路径+行号、对应运行测试或数据库/Redis/队列证据,表格单元格已拆为单一字段断言
REQ-CF-04102,core-finance,docs/ref-5.3-rate-limiter.md,10.4 限流引擎可用性 SLA,| 误拒率 | < 0.01%（正常请求被错误限流的概率） |,logic,P1,指标应满足：误拒率,源码路径+行号、对应运行测试或数据库/Redis/队列证据,表格单元格已拆为单一字段断言
REQ-CF-04103,core-finance,docs/ref-5.3-rate-limiter.md,10.4 限流引擎可用性 SLA,| 误拒率 | < 0.01%（正常请求被错误限流的概率） |,logic,P1,目标应满足：< 0.01%（正常请求被错误限流的概率）,源码路径+行号、对应运行测试或数据库/Redis/队列证据,表格单元格已拆为单一字段断言
REQ-CF-04104,core-finance,docs/ref-5.3-rate-limiter.md,10.5 四级限流规则冲突优先级,### 10.5 四级限流规则冲突优先级,logic,P1,当不同级别限流配置冲突时，按以下规则处理：,源码路径+行号、对应运行测试或数据库/Redis/队列证据,N/A：原审计记录未提供补充依据；待复核源码、测试及运行证据。
REQ-CF-04105,core-finance,docs/ref-5.3-rate-limiter.md,10.5 四级限流规则冲突优先级,### 10.5 四级限流规则冲突优先级,logic,P1,冲突场景应满足：L1 全局 < L2 用户 < L3 Key < L4 模型,源码路径+行号、对应运行测试或数据库/Redis/队列证据,表格单元格已拆为单一字段断言
REQ-CF-04106,core-finance,docs/ref-5.3-rate-limiter.md,10.5 四级限流规则冲突优先级,### 10.5 四级限流规则冲突优先级,logic,P1,处理规则应满足：取最小值,源码路径+行号、对应运行测试或数据库/Redis/队列证据,表格单元格已拆为单一字段断言
REQ-CF-04107,core-finance,docs/ref-5.3-rate-limiter.md,10.5 四级限流规则冲突优先级,### 10.5 四级限流规则冲突优先级,logic,P1,示例应满足：全局 100 QPS + 用户 200 QPS → 有效 100 QPS,源码路径+行号、对应运行测试或数据库/Redis/队列证据,表格单元格已拆为单一字段断言
REQ-CF-04108,core-finance,docs/ref-5.3-rate-limiter.md,10.5 四级限流规则冲突优先级,### 10.5 四级限流规则冲突优先级,logic,P1,冲突场景应满足：L1 > 用户自定义,源码路径+行号、对应运行测试或数据库/Redis/队列证据,表格单元格已拆为单一字段断言
REQ-CF-04109,core-finance,docs/ref-5.3-rate-limiter.md,10.5 四级限流规则冲突优先级,### 10.5 四级限流规则冲突优先级,logic,P1,处理规则应满足：全局优先,源码路径+行号、对应运行测试或数据库/Redis/队列证据,表格单元格已拆为单一字段断言
REQ-CF-04110,core-finance,docs/ref-5.3-rate-limiter.md,10.5 四级限流规则冲突优先级,### 10.5 四级限流规则冲突优先级,logic,P1,示例应满足：全局 100 QPS 硬限制，用户设 200 QPS 也无效,源码路径+行号、对应运行测试或数据库/Redis/队列证据,表格单元格已拆为单一字段断言
REQ-CF-04111,core-finance,docs/ref-5.3-rate-limiter.md,10.5 四级限流规则冲突优先级,### 10.5 四级限流规则冲突优先级,logic,P1,冲突场景应满足：L2 用户 > Key 级,源码路径+行号、对应运行测试或数据库/Redis/队列证据,表格单元格已拆为单一字段断言
REQ-CF-04112,core-finance,docs/ref-5.3-rate-limiter.md,10.5 四级限流规则冲突优先级,### 10.5 四级限流规则冲突优先级,logic,P1,处理规则应满足：Key 级优先,源码路径+行号、对应运行测试或数据库/Redis/队列证据,表格单元格已拆为单一字段断言
REQ-CF-04113,core-finance,docs/ref-5.3-rate-limiter.md,10.5 四级限流规则冲突优先级,### 10.5 四级限流规则冲突优先级,logic,P1,示例应满足：用户 100 QPS + Key 50 QPS → 有效 50 QPS,源码路径+行号、对应运行测试或数据库/Redis/队列证据,表格单元格已拆为单一字段断言
REQ-CF-04114,core-finance,docs/ref-5.3-rate-limiter.md,10.5 四级限流规则冲突优先级,### 10.5 四级限流规则冲突优先级,logic,P1,冲突场景应满足：L4 模型 > 用户级,源码路径+行号、对应运行测试或数据库/Redis/队列证据,表格单元格已拆为单一字段断言
REQ-CF-04115,core-finance,docs/ref-5.3-rate-limiter.md,10.5 四级限流规则冲突优先级,### 10.5 四级限流规则冲突优先级,logic,P1,处理规则应满足：模型级优先,源码路径+行号、对应运行测试或数据库/Redis/队列证据,表格单元格已拆为单一字段断言
REQ-CF-04116,core-finance,docs/ref-5.3-rate-limiter.md,10.5 四级限流规则冲突优先级,### 10.5 四级限流规则冲突优先级,logic,P1,示例应满足：模型 30 QPS + 用户 50 QPS → 有效 30 QPS,源码路径+行号、对应运行测试或数据库/Redis/队列证据,表格单元格已拆为单一字段断言
REQ-CF-04117,core-finance,docs/ref-5.3-rate-limiter.md,10.5 四级限流规则冲突优先级,### 10.5 四级限流规则冲突优先级,logic,P1,- 提升用户配额时，要确认未超过全局上限,源码路径+行号、对应运行测试或数据库/Redis/队列证据,N/A：原审计记录未提供补充依据；待复核源码、测试及运行证据。
REQ-CF-04118,core-finance,docs/ref-5.3-rate-limiter.md,10.5 四级限流规则冲突优先级,### 10.5 四级限流规则冲突优先级,logic,P1,- 降低全局上限时，所有用户和 Key 的配额自动被压制,源码路径+行号、对应运行测试或数据库/Redis/队列证据,N/A：原审计记录未提供补充依据；待复核源码、测试及运行证据。
REQ-CF-04119,core-finance,docs/ref-5.3-rate-limiter.md,10.5 四级限流规则冲突优先级,### 10.5 四级限流规则冲突优先级,logic,P1,- 模型级限流是保护单个模型不过载的最后防线,源码路径+行号、对应运行测试或数据库/Redis/队列证据,N/A：原审计记录未提供补充依据；待复核源码、测试及运行证据。
REQ-CF-04120,core-finance,docs/ref-5.3-rate-limiter.md,10.6 限流配额调整运营操作,| 调整全局 QPS | 即时生效（60s 内 Redis 更新） | 所有用户/Key/模型 |,logic,P1,操作应满足：调整全局 QPS,源码路径+行号、对应运行测试或数据库/Redis/队列证据,表格单元格已拆为单一字段断言
REQ-CF-04121,core-finance,docs/ref-5.3-rate-limiter.md,10.6 限流配额调整运营操作,| 调整全局 QPS | 即时生效（60s 内 Redis 更新） | 所有用户/Key/模型 |,logic,P1,生效方式应满足：即时生效（60s 内 Redis 更新）,源码路径+行号、对应运行测试或数据库/Redis/队列证据,表格单元格已拆为单一字段断言
REQ-CF-04122,core-finance,docs/ref-5.3-rate-limiter.md,10.6 限流配额调整运营操作,| 调整全局 QPS | 即时生效（60s 内 Redis 更新） | 所有用户/Key/模型 |,logic,P1,影响范围应满足：所有用户/Key/模型,源码路径+行号、对应运行测试或数据库/Redis/队列证据,表格单元格已拆为单一字段断言
REQ-CF-04123,core-finance,docs/ref-5.3-rate-limiter.md,10.6 限流配额调整运营操作,| 调整用户配额 | 即时生效 | 指定用户 |,logic,P1,操作应满足：调整用户配额,源码路径+行号、对应运行测试或数据库/Redis/队列证据,表格单元格已拆为单一字段断言
REQ-CF-04124,core-finance,docs/ref-5.3-rate-limiter.md,10.6 限流配额调整运营操作,| 操作 | 生效方式 | 影响范围 |,logic,P1,生效方式应满足：即时生效,源码路径+行号、对应运行测试或数据库/Redis/队列证据,表格单元格已拆为单一字段断言
REQ-CF-04125,core-finance,docs/ref-5.3-rate-limiter.md,10.6 限流配额调整运营操作,| 操作 | 生效方式 | 影响范围 |,logic,P1,影响范围应满足：指定用户,源码路径+行号、对应运行测试或数据库/Redis/队列证据,表格单元格已拆为单一字段断言
REQ-CF-04126,core-finance,docs/ref-5.3-rate-limiter.md,10.6 限流配额调整运营操作,| 调整 Key 配额 | 即时生效 | 指定 Key |,logic,P1,操作应满足：调整 Key 配额,源码路径+行号、对应运行测试或数据库/Redis/队列证据,表格单元格已拆为单一字段断言
REQ-CF-04128,core-finance,docs/ref-5.3-rate-limiter.md,10.6 限流配额调整运营操作,| 调整 Key 配额 | 即时生效 | 指定 Key |,logic,P1,影响范围应满足：指定 Key,源码路径+行号、对应运行测试或数据库/Redis/队列证据,表格单元格已拆为单一字段断言
REQ-CF-04129,core-finance,docs/ref-5.3-rate-limiter.md,10.6 限流配额调整运营操作,| 调整模型限流 | 即时生效 | 所有使用该模型的请求 |,logic,P1,操作应满足：调整模型限流,源码路径+行号、对应运行测试或数据库/Redis/队列证据,表格单元格已拆为单一字段断言
REQ-CF-04131,core-finance,docs/ref-5.3-rate-limiter.md,10.6 限流配额调整运营操作,| 调整模型限流 | 即时生效 | 所有使用该模型的请求 |,logic,P1,影响范围应满足：所有使用该模型的请求,源码路径+行号、对应运行测试或数据库/Redis/队列证据,表格单元格已拆为单一字段断言
REQ-CF-04132,core-finance,docs/ref-5.3-rate-limiter.md,10.6 限流配额调整运营操作,| 重置为默认值 | 即时生效 | 指定用户/Key |,logic,P1,操作应满足：重置为默认值,源码路径+行号、对应运行测试或数据库/Redis/队列证据,表格单元格已拆为单一字段断言
REQ-CF-04134,core-finance,docs/ref-5.3-rate-limiter.md,10.6 限流配额调整运营操作,| 重置为默认值 | 即时生效 | 指定用户/Key |,logic,P1,影响范围应满足：指定用户/Key,源码路径+行号、对应运行测试或数据库/Redis/队列证据,表格单元格已拆为单一字段断言
REQ-CF-04135,core-finance,docs/ref-5.3-rate-limiter.md,10.6 限流配额调整运营操作,### 10.6 限流配额调整运营操作,logic,P1,**配额调整前后的请求处理：**,源码路径+行号、对应运行测试或数据库/Redis/队列证据,N/A：原审计记录未提供补充依据；待复核源码、测试及运行证据。
REQ-CF-04136,core-finance,docs/ref-5.3-rate-limiter.md,RATE-001: 四级限流全部触发,#### RATE-001: 四级限流全部触发,api,P1,请求到来 → 检查 API Key 限流（已触发，剩余 0）,源码路径+行号、对应运行测试或数据库/Redis/队列证据,N/A：原审计记录未提供补充依据；待复核源码、测试及运行证据。
REQ-CF-04137,core-finance,docs/ref-5.3-rate-limiter.md,RATE-001: 四级限流全部触发,#### RATE-001: 四级限流全部触发,logic,P1,→ 检查用户限流（已触发，剩余 2）,源码路径+行号、对应运行测试或数据库/Redis/队列证据,N/A：原审计记录未提供补充依据；待复核源码、测试及运行证据。
REQ-CF-04138,core-finance,docs/ref-5.3-rate-limiter.md,RATE-001: 四级限流全部触发,#### RATE-001: 四级限流全部触发,logic,P1,→ 检查模型限流（已触发，剩余 0）,源码路径+行号、对应运行测试或数据库/Redis/队列证据,N/A：原审计记录未提供补充依据；待复核源码、测试及运行证据。
REQ-CF-04139,core-finance,docs/ref-5.3-rate-limiter.md,RATE-001: 四级限流全部触发,#### RATE-001: 四级限流全部触发,logic,P1,→ 检查全局限流（已触发，剩余 5）,源码路径+行号、对应运行测试或数据库/Redis/队列证据,N/A：原审计记录未提供补充依据；待复核源码、测试及运行证据。
REQ-CF-04140,core-finance,docs/ref-5.3-rate-limiter.md,RATE-001: 四级限流全部触发,#### RATE-001: 四级限流全部触发,logic,P1,→ 取最小值 = 0 → 返回 429 Too Many Requests,源码路径+行号、对应运行测试或数据库/Redis/队列证据,N/A：原审计记录未提供补充依据；待复核源码、测试及运行证据。
REQ-CF-04141,core-finance,docs/ref-5.4-alert-rules.md,3cloud 通知与告警 — 可编码深度规格,**来源**：PRD-README.md §5.4 通知与告警精化,action,P1,**来源**：PRD-README.md §5.4 通知与告警精化,源码路径+行号、对应运行测试或数据库/Redis/队列证据,N/A：原审计记录未提供补充依据；待复核源码、测试及运行证据。
REQ-CF-04142,core-finance,docs/ref-5.4-alert-rules.md,3cloud 通知与告警 — 可编码深度规格,**关联模块**：核心引擎 > 监控服务 | 渠道管理 | 用户仪表盘 > 告警中心,action,P1,**关联模块**：核心引擎 > 监控服务 | 渠道管理 | 用户仪表盘 > 告警中心,源码路径+行号、对应运行测试或数据库/Redis/队列证据,N/A：原审计记录未提供补充依据；待复核源码、测试及运行证据。
REQ-CF-04143,core-finance,docs/ref-5.4-alert-rules.md,3cloud 通知与告警 — 可编码深度规格,**版本**：V1.0 | **日期**：2026-07-28,action,P1,**版本**：V1.0 | **日期**：2026-07-28,源码路径+行号、对应运行测试或数据库/Redis/队列证据,N/A：原审计记录未提供补充依据；待复核源码、测试及运行证据。
REQ-CF-04144,core-finance,docs/ref-5.4-alert-rules.md,3cloud 通知与告警 — 可编码深度规格,**前置依赖表**：`monitoring_rules`、`monitoring_alerts`、`notification_config`、`notification_history,action,P1,**前置依赖表**：`monitoring_rules`、`monitoring_alerts`、`notification_config`、`notification_history,源码路径+行号、对应运行测试或数据库/Redis/队列证据,N/A：原审计记录未提供补充依据；待复核源码、测试及运行证据。
REQ-CF-04145,core-finance,docs/ref-5.4-alert-rules.md,目录,## 目录,db,P1,[数据层：Schema 全文与扩展](#1-数据层schema-全文与扩展),源码路径+行号、对应运行测试或数据库/Redis/队列证据,N/A：原审计记录未提供补充依据；待复核源码、测试及运行证据。
REQ-CF-04146,core-finance,docs/ref-5.4-alert-rules.md,目录,## 目录,api,P1,[API 接口清单](#2-api-接口清单),源码路径+行号、对应运行测试或数据库/Redis/队列证据,N/A：原审计记录未提供补充依据；待复核源码、测试及运行证据。
REQ-CF-04147,core-finance,docs/ref-5.4-alert-rules.md,目录,## 目录,performance,P1,[告警规则配置页面规格](#3-告警规则配置页面规格),源码路径+行号、对应运行测试或数据库/Redis/队列证据,N/A：原审计记录未提供补充依据；待复核源码、测试及运行证据。
REQ-CF-04148,core-finance,docs/ref-5.4-alert-rules.md,目录,## 目录,performance,P1,[告警命中趋势](#4-告警命中趋势),源码路径+行号、对应运行测试或数据库/Redis/队列证据,N/A：原审计记录未提供补充依据；待复核源码、测试及运行证据。
REQ-CF-04149,core-finance,docs/ref-5.4-alert-rules.md,目录,## 目录,logic,P1,[交叉引用与调用链](#5-交叉引用与调用链),源码路径+行号、对应运行测试或数据库/Redis/队列证据,N/A：原审计记录未提供补充依据；待复核源码、测试及运行证据。
REQ-CF-04150,core-finance,docs/ref-5.4-alert-rules.md,1.2 扩展 type 支持（需迁移）,### 1.2 扩展 type 支持（需迁移）,logic,P0,当前 `monitoringRules.type` 的唯一值只有原始 6 种。需扩展为以下 7 项：,源码路径+行号、对应运行测试或数据库/Redis/队列证据,N/A：原审计记录未提供补充依据；待复核源码、测试及运行证据。
REQ-CF-04151,core-finance,docs/ref-5.4-alert-rules.md,1.2 扩展 type 支持（需迁移）,### 1.2 扩展 type 支持（需迁移）,api,P1,扩展前 type应满足：`api_response_time`,源码路径+行号、对应运行测试或数据库/Redis/队列证据,表格单元格已拆为单一字段断言
REQ-CF-04152,core-finance,docs/ref-5.4-alert-rules.md,1.2 扩展 type 支持（需迁移）,### 1.2 扩展 type 支持（需迁移）,api,P1,扩展后 type应满足：`api_response_time`,源码路径+行号、对应运行测试或数据库/Redis/队列证据,表格单元格已拆为单一字段断言
REQ-CF-04153,core-finance,docs/ref-5.4-alert-rules.md,1.2 扩展 type 支持（需迁移）,### 1.2 扩展 type 支持（需迁移）,api,P1,说明应满足：API 响应时间,源码路径+行号、对应运行测试或数据库/Redis/队列证据,表格单元格已拆为单一字段断言
REQ-CF-04154,core-finance,docs/ref-5.4-alert-rules.md,1.2 扩展 type 支持（需迁移）,### 1.2 扩展 type 支持（需迁移）,logic,P1,threshold 含义应满足：毫秒,源码路径+行号、对应运行测试或数据库/Redis/队列证据,表格单元格已拆为单一字段断言
REQ-CF-04155,core-finance,docs/ref-5.4-alert-rules.md,1.2 扩展 type 支持（需迁移）,### 1.2 扩展 type 支持（需迁移）,api,P1,扩展前 type应满足：`api_error_rate`,源码路径+行号、对应运行测试或数据库/Redis/队列证据,表格单元格已拆为单一字段断言
REQ-CF-04156,core-finance,docs/ref-5.4-alert-rules.md,1.2 扩展 type 支持（需迁移）,### 1.2 扩展 type 支持（需迁移）,api,P1,扩展后 type应满足：`api_error_rate`,源码路径+行号、对应运行测试或数据库/Redis/队列证据,表格单元格已拆为单一字段断言
REQ-CF-04157,core-finance,docs/ref-5.4-alert-rules.md,1.2 扩展 type 支持（需迁移）,### 1.2 扩展 type 支持（需迁移）,api,P1,说明应满足：API 失败率,源码路径+行号、对应运行测试或数据库/Redis/队列证据,表格单元格已拆为单一字段断言
REQ-CF-04158,core-finance,docs/ref-5.4-alert-rules.md,1.2 扩展 type 支持（需迁移）,### 1.2 扩展 type 支持（需迁移）,logic,P1,threshold 含义应满足：百分比（如 5 → 5%）,源码路径+行号、对应运行测试或数据库/Redis/队列证据,表格单元格已拆为单一字段断言
REQ-CF-04159,core-finance,docs/ref-5.4-alert-rules.md,1.2 扩展 type 支持（需迁移）,### 1.2 扩展 type 支持（需迁移）,logic,P1,扩展前 type应满足：`database_connection`,源码路径+行号、对应运行测试或数据库/Redis/队列证据,表格单元格已拆为单一字段断言
REQ-CF-04160,core-finance,docs/ref-5.4-alert-rules.md,1.2 扩展 type 支持（需迁移）,### 1.2 扩展 type 支持（需迁移）,logic,P1,扩展后 type应满足：`database_connection`,源码路径+行号、对应运行测试或数据库/Redis/队列证据,表格单元格已拆为单一字段断言
REQ-CF-04161,core-finance,docs/ref-5.4-alert-rules.md,1.2 扩展 type 支持（需迁移）,### 1.2 扩展 type 支持（需迁移）,logic,P1,说明应满足：数据库连接,源码路径+行号、对应运行测试或数据库/Redis/队列证据,表格单元格已拆为单一字段断言
REQ-CF-04162,core-finance,docs/ref-5.4-alert-rules.md,1.2 扩展 type 支持（需迁移）,### 1.2 扩展 type 支持（需迁移）,logic,P1,threshold 含义应满足：连接数,源码路径+行号、对应运行测试或数据库/Redis/队列证据,表格单元格已拆为单一字段断言
REQ-CF-04163,core-finance,docs/ref-5.4-alert-rules.md,1.2 扩展 type 支持（需迁移）,### 1.2 扩展 type 支持（需迁移）,logic,P1,扩展前 type应满足：`redis_health`,源码路径+行号、对应运行测试或数据库/Redis/队列证据,表格单元格已拆为单一字段断言
REQ-CF-04164,core-finance,docs/ref-5.4-alert-rules.md,1.2 扩展 type 支持（需迁移）,### 1.2 扩展 type 支持（需迁移）,logic,P1,扩展后 type应满足：`redis_health`,源码路径+行号、对应运行测试或数据库/Redis/队列证据,表格单元格已拆为单一字段断言
REQ-CF-04165,core-finance,docs/ref-5.4-alert-rules.md,1.2 扩展 type 支持（需迁移）,### 1.2 扩展 type 支持（需迁移）,logic,P1,说明应满足：Redis 健康,源码路径+行号、对应运行测试或数据库/Redis/队列证据,表格单元格已拆为单一字段断言
REQ-CF-04166,core-finance,docs/ref-5.4-alert-rules.md,1.2 扩展 type 支持（需迁移）,### 1.2 扩展 type 支持（需迁移）,logic,P1,threshold 含义应满足：O>K判定,源码路径+行号、对应运行测试或数据库/Redis/队列证据,表格单元格已拆为单一字段断言
REQ-CF-04167,core-finance,docs/ref-5.4-alert-rules.md,1.2 扩展 type 支持（需迁移）,### 1.2 扩展 type 支持（需迁移）,logic,P1,扩展前 type应满足：`disk_usage`,源码路径+行号、对应运行测试或数据库/Redis/队列证据,表格单元格已拆为单一字段断言
REQ-CF-04168,core-finance,docs/ref-5.4-alert-rules.md,1.2 扩展 type 支持（需迁移）,### 1.2 扩展 type 支持（需迁移）,logic,P1,扩展后 type应满足：`disk_usage`,源码路径+行号、对应运行测试或数据库/Redis/队列证据,表格单元格已拆为单一字段断言
REQ-CF-04169,core-finance,docs/ref-5.4-alert-rules.md,1.2 扩展 type 支持（需迁移）,### 1.2 扩展 type 支持（需迁移）,logic,P1,说明应满足：磁盘使用率,源码路径+行号、对应运行测试或数据库/Redis/队列证据,表格单元格已拆为单一字段断言
REQ-CF-04170,core-finance,docs/ref-5.4-alert-rules.md,1.2 扩展 type 支持（需迁移）,### 1.2 扩展 type 支持（需迁移）,logic,P1,threshold 含义应满足：百分比,源码路径+行号、对应运行测试或数据库/Redis/队列证据,表格单元格已拆为单一字段断言
REQ-CF-04171,core-finance,docs/ref-5.4-alert-rules.md,1.2 扩展 type 支持（需迁移）,### 1.2 扩展 type 支持（需迁移）,logic,P1,扩展前 type应满足：`memory_usage`,源码路径+行号、对应运行测试或数据库/Redis/队列证据,表格单元格已拆为单一字段断言
REQ-CF-04172,core-finance,docs/ref-5.4-alert-rules.md,1.2 扩展 type 支持（需迁移）,### 1.2 扩展 type 支持（需迁移）,logic,P1,扩展后 type应满足：`memory_usage`,源码路径+行号、对应运行测试或数据库/Redis/队列证据,表格单元格已拆为单一字段断言
REQ-CF-04173,core-finance,docs/ref-5.4-alert-rules.md,1.2 扩展 type 支持（需迁移）,### 1.2 扩展 type 支持（需迁移）,logic,P1,说明应满足：内存使用率,源码路径+行号、对应运行测试或数据库/Redis/队列证据,表格单元格已拆为单一字段断言
REQ-CF-04175,core-finance,docs/ref-5.4-alert-rules.md,1.2 扩展 type 支持（需迁移）,### 1.2 扩展 type 支持（需迁移）,logic,P1,扩展后 type应满足：`vendor_availability`,源码路径+行号、对应运行测试或数据库/Redis/队列证据,表格单元格已拆为单一字段断言
REQ-CF-04176,core-finance,docs/ref-5.4-alert-rules.md,1.2 扩展 type 支持（需迁移）,### 1.2 扩展 type 支持（需迁移）,logic,P1,说明应满足：渠道可用率,源码路径+行号、对应运行测试或数据库/Redis/队列证据,表格单元格已拆为单一字段断言
REQ-CF-04177,core-finance,docs/ref-5.4-alert-rules.md,1.2 扩展 type 支持（需迁移）,### 1.2 扩展 type 支持（需迁移）,logic,P1,threshold 含义应满足：百分比（如 99 → 99%）,源码路径+行号、对应运行测试或数据库/Redis/队列证据,表格单元格已拆为单一字段断言
REQ-CF-04178,core-finance,docs/ref-5.4-alert-rules.md,1.2 扩展 type 支持（需迁移）,### 1.2 扩展 type 支持（需迁移）,logic,P1,扩展后 type应满足：`platform_balance`,源码路径+行号、对应运行测试或数据库/Redis/队列证据,表格单元格已拆为单一字段断言
REQ-CF-04179,core-finance,docs/ref-5.4-alert-rules.md,1.2 扩展 type 支持（需迁移）,### 1.2 扩展 type 支持（需迁移）,logic,P0,说明应满足：平台余额,源码路径+行号、对应运行测试或数据库/Redis/队列证据,表格单元格已拆为单一字段断言
REQ-CF-04180,core-finance,docs/ref-5.4-alert-rules.md,1.2 扩展 type 支持（需迁移）,### 1.2 扩展 type 支持（需迁移）,field,P1,threshold 含义应满足：金额（如 500 → ¥500）,源码路径+行号、对应运行测试或数据库/Redis/队列证据,表格单元格已拆为单一字段断言
REQ-CF-04181,core-finance,docs/ref-5.4-alert-rules.md,1.2 扩展 type 支持（需迁移）,### 1.2 扩展 type 支持（需迁移）,logic,P1,扩展后 type应满足：`user_failure_rate`,源码路径+行号、对应运行测试或数据库/Redis/队列证据,表格单元格已拆为单一字段断言
REQ-CF-04182,core-finance,docs/ref-5.4-alert-rules.md,1.2 扩展 type 支持（需迁移）,### 1.2 扩展 type 支持（需迁移）,logic,P1,说明应满足：用户失败率,源码路径+行号、对应运行测试或数据库/Redis/队列证据,表格单元格已拆为单一字段断言
REQ-CF-04184,core-finance,docs/ref-5.4-alert-rules.md,1.2 扩展 type 支持（需迁移）,### 1.2 扩展 type 支持（需迁移）,logic,P1,扩展后 type应满足：`cpu_usage`,源码路径+行号、对应运行测试或数据库/Redis/队列证据,表格单元格已拆为单一字段断言
REQ-CF-04185,core-finance,docs/ref-5.4-alert-rules.md,1.2 扩展 type 支持（需迁移）,### 1.2 扩展 type 支持（需迁移）,logic,P1,说明应满足：CPU 使用率,源码路径+行号、对应运行测试或数据库/Redis/队列证据,表格单元格已拆为单一字段断言
REQ-CF-04187,core-finance,docs/ref-5.4-alert-rules.md,1.2 扩展 type 支持（需迁移）,### 1.2 扩展 type 支持（需迁移）,logic,P1,**迁移方案**：将 `monitoring_rules.type` 的 unique constraint 改为普通 index，新增行覆盖 7 个新 type。,源码路径+行号、对应运行测试或数据库/Redis/队列证据,N/A：原审计记录未提供补充依据；待复核源码、测试及运行证据。
REQ-CF-04188,core-finance,docs/ref-5.4-alert-rules.md,`GET /api/v1/admin/monitoring/alerts` — 告警事件列表,#### `GET /api/v1/admin/monitoring/alerts` — 告警事件列表,api,P1,参数应满足：type,源码路径+行号、对应运行测试或数据库/Redis/队列证据,表格单元格已拆为单一字段断言
REQ-CF-04189,core-finance,docs/ref-5.4-alert-rules.md,`GET /api/v1/admin/monitoring/alerts` — 告警事件列表,#### `GET /api/v1/admin/monitoring/alerts` — 告警事件列表,api,P1,类型应满足：string,源码路径+行号、对应运行测试或数据库/Redis/队列证据,表格单元格已拆为单一字段断言
REQ-CF-04190,core-finance,docs/ref-5.4-alert-rules.md,`GET /api/v1/admin/monitoring/alerts` — 告警事件列表,#### `GET /api/v1/admin/monitoring/alerts` — 告警事件列表,api,P1,说明应满足：按 type 过滤,源码路径+行号、对应运行测试或数据库/Redis/队列证据,表格单元格已拆为单一字段断言
REQ-CF-04191,core-finance,docs/ref-5.4-alert-rules.md,`GET /api/v1/admin/monitoring/alerts` — 告警事件列表,#### `GET /api/v1/admin/monitoring/alerts` — 告警事件列表,api,P1,参数应满足：severity,源码路径+行号、对应运行测试或数据库/Redis/队列证据,表格单元格已拆为单一字段断言
REQ-CF-04193,core-finance,docs/ref-5.4-alert-rules.md,`GET /api/v1/admin/monitoring/alerts` — 告警事件列表,#### `GET /api/v1/admin/monitoring/alerts` — 告警事件列表,api,P1,说明应满足：critical / warning / info,源码路径+行号、对应运行测试或数据库/Redis/队列证据,表格单元格已拆为单一字段断言
REQ-CF-04194,core-finance,docs/ref-5.4-alert-rules.md,`GET /api/v1/admin/monitoring/alerts` — 告警事件列表,#### `GET /api/v1/admin/monitoring/alerts` — 告警事件列表,api,P1,参数应满足：acknowledged,源码路径+行号、对应运行测试或数据库/Redis/队列证据,表格单元格已拆为单一字段断言
REQ-CF-04195,core-finance,docs/ref-5.4-alert-rules.md,`GET /api/v1/admin/monitoring/alerts` — 告警事件列表,#### `GET /api/v1/admin/monitoring/alerts` — 告警事件列表,api,P1,类型应满足：boolean,源码路径+行号、对应运行测试或数据库/Redis/队列证据,表格单元格已拆为单一字段断言
REQ-CF-04196,core-finance,docs/ref-5.4-alert-rules.md,`GET /api/v1/admin/monitoring/alerts` — 告警事件列表,#### `GET /api/v1/admin/monitoring/alerts` — 告警事件列表,api,P1,说明应满足：true/false,源码路径+行号、对应运行测试或数据库/Redis/队列证据,表格单元格已拆为单一字段断言
REQ-CF-04197,core-finance,docs/ref-5.4-alert-rules.md,`GET /api/v1/admin/monitoring/alerts` — 告警事件列表,#### `GET /api/v1/admin/monitoring/alerts` — 告警事件列表,api,P1,参数应满足：resolved,源码路径+行号、对应运行测试或数据库/Redis/队列证据,表格单元格已拆为单一字段断言
REQ-CF-04200,core-finance,docs/ref-5.4-alert-rules.md,`GET /api/v1/admin/monitoring/alerts` — 告警事件列表,#### `GET /api/v1/admin/monitoring/alerts` — 告警事件列表,api,P1,参数应满足：startDate,源码路径+行号、对应运行测试或数据库/Redis/队列证据,表格单元格已拆为单一字段断言
REQ-CF-04201,core-finance,docs/ref-5.4-alert-rules.md,`GET /api/v1/admin/monitoring/alerts` — 告警事件列表,#### `GET /api/v1/admin/monitoring/alerts` — 告警事件列表,api,P1,类型应满足：datetime,源码路径+行号、对应运行测试或数据库/Redis/队列证据,表格单元格已拆为单一字段断言
REQ-CF-04202,core-finance,docs/ref-5.4-alert-rules.md,`GET /api/v1/admin/monitoring/alerts` — 告警事件列表,#### `GET /api/v1/admin/monitoring/alerts` — 告警事件列表,api,P1,说明应满足：起始时间,源码路径+行号、对应运行测试或数据库/Redis/队列证据,表格单元格已拆为单一字段断言
REQ-CF-04203,core-finance,docs/ref-5.4-alert-rules.md,`GET /api/v1/admin/monitoring/alerts` — 告警事件列表,#### `GET /api/v1/admin/monitoring/alerts` — 告警事件列表,api,P1,参数应满足：endDate,源码路径+行号、对应运行测试或数据库/Redis/队列证据,表格单元格已拆为单一字段断言
REQ-CF-04205,core-finance,docs/ref-5.4-alert-rules.md,`GET /api/v1/admin/monitoring/alerts` — 告警事件列表,#### `GET /api/v1/admin/monitoring/alerts` — 告警事件列表,api,P1,说明应满足：结束时间,源码路径+行号、对应运行测试或数据库/Redis/队列证据,表格单元格已拆为单一字段断言
REQ-CF-04206,core-finance,docs/ref-5.4-alert-rules.md,`GET /api/v1/admin/monitoring/alerts` — 告警事件列表,#### `GET /api/v1/admin/monitoring/alerts` — 告警事件列表,api,P1,参数应满足：limit,源码路径+行号、对应运行测试或数据库/Redis/队列证据,表格单元格已拆为单一字段断言
REQ-CF-04207,core-finance,docs/ref-5.4-alert-rules.md,`GET /api/v1/admin/monitoring/alerts` — 告警事件列表,#### `GET /api/v1/admin/monitoring/alerts` — 告警事件列表,api,P1,类型应满足：int,源码路径+行号、对应运行测试或数据库/Redis/队列证据,表格单元格已拆为单一字段断言
REQ-CF-04208,core-finance,docs/ref-5.4-alert-rules.md,`GET /api/v1/admin/monitoring/alerts` — 告警事件列表,#### `GET /api/v1/admin/monitoring/alerts` — 告警事件列表,api,P1,默认值应满足：20,源码路径+行号、对应运行测试或数据库/Redis/队列证据,表格单元格已拆为单一字段断言
REQ-CF-04209,core-finance,docs/ref-5.4-alert-rules.md,`GET /api/v1/admin/monitoring/alerts` — 告警事件列表,#### `GET /api/v1/admin/monitoring/alerts` — 告警事件列表,api,P1,说明应满足：每页条数（最大 100）,源码路径+行号、对应运行测试或数据库/Redis/队列证据,表格单元格已拆为单一字段断言
REQ-CF-04210,core-finance,docs/ref-5.4-alert-rules.md,`GET /api/v1/admin/monitoring/alerts` — 告警事件列表,#### `GET /api/v1/admin/monitoring/alerts` — 告警事件列表,api,P1,参数应满足：offset,源码路径+行号、对应运行测试或数据库/Redis/队列证据,表格单元格已拆为单一字段断言
REQ-CF-04212,core-finance,docs/ref-5.4-alert-rules.md,`GET /api/v1/admin/monitoring/alerts` — 告警事件列表,#### `GET /api/v1/admin/monitoring/alerts` — 告警事件列表,api,P1,默认值应满足：0,源码路径+行号、对应运行测试或数据库/Redis/队列证据,表格单元格已拆为单一字段断言
REQ-CF-04213,core-finance,docs/ref-5.4-alert-rules.md,`GET /api/v1/admin/monitoring/alerts` — 告警事件列表,#### `GET /api/v1/admin/monitoring/alerts` — 告警事件列表,api,P1,说明应满足：偏移量,源码路径+行号、对应运行测试或数据库/Redis/队列证据,表格单元格已拆为单一字段断言
REQ-CF-04214,core-finance,docs/ref-5.4-alert-rules.md,`GET /api/v1/admin/monitoring/notification-history` — 通知记录,#### `GET /api/v1/admin/monitoring/notification-history` — 通知记录,api,P1,参数应满足：alertId,源码路径+行号、对应运行测试或数据库/Redis/队列证据,表格单元格已拆为单一字段断言
REQ-CF-04215,core-finance,docs/ref-5.4-alert-rules.md,`GET /api/v1/admin/monitoring/notification-history` — 通知记录,#### `GET /api/v1/admin/monitoring/notification-history` — 通知记录,api,P1,类型应满足：string,源码路径+行号、对应运行测试或数据库/Redis/队列证据,表格单元格已拆为单一字段断言
REQ-CF-04216,core-finance,docs/ref-5.4-alert-rules.md,`GET /api/v1/admin/monitoring/notification-history` — 通知记录,#### `GET /api/v1/admin/monitoring/notification-history` — 通知记录,api,P1,说明应满足：关联告警 ID,源码路径+行号、对应运行测试或数据库/Redis/队列证据,表格单元格已拆为单一字段断言
REQ-CF-04217,core-finance,docs/ref-5.4-alert-rules.md,`GET /api/v1/admin/monitoring/notification-history` — 通知记录,#### `GET /api/v1/admin/monitoring/notification-history` — 通知记录,api,P1,参数应满足：channel,源码路径+行号、对应运行测试或数据库/Redis/队列证据,表格单元格已拆为单一字段断言
REQ-CF-04219,core-finance,docs/ref-5.4-alert-rules.md,`GET /api/v1/admin/monitoring/notification-history` — 通知记录,#### `GET /api/v1/admin/monitoring/notification-history` — 通知记录,api,P1,说明应满足：email / webhook / sms / push,源码路径+行号、对应运行测试或数据库/Redis/队列证据,表格单元格已拆为单一字段断言
REQ-CF-04220,core-finance,docs/ref-5.4-alert-rules.md,`GET /api/v1/admin/monitoring/notification-history` — 通知记录,#### `GET /api/v1/admin/monitoring/notification-history` — 通知记录,api,P1,参数应满足：status,源码路径+行号、对应运行测试或数据库/Redis/队列证据,表格单元格已拆为单一字段断言
REQ-CF-04222,core-finance,docs/ref-5.4-alert-rules.md,`GET /api/v1/admin/monitoring/notification-history` — 通知记录,#### `GET /api/v1/admin/monitoring/notification-history` — 通知记录,api,P1,说明应满足：sent / failed / pending,源码路径+行号、对应运行测试或数据库/Redis/队列证据,表格单元格已拆为单一字段断言
REQ-CF-04223,core-finance,docs/ref-5.4-alert-rules.md,`GET /api/v1/admin/monitoring/notification-history` — 通知记录,#### `GET /api/v1/admin/monitoring/notification-history` — 通知记录,api,P1,参数应满足：limit,源码路径+行号、对应运行测试或数据库/Redis/队列证据,表格单元格已拆为单一字段断言
REQ-CF-04224,core-finance,docs/ref-5.4-alert-rules.md,`GET /api/v1/admin/monitoring/notification-history` — 通知记录,#### `GET /api/v1/admin/monitoring/notification-history` — 通知记录,api,P1,类型应满足：int,源码路径+行号、对应运行测试或数据库/Redis/队列证据,表格单元格已拆为单一字段断言
REQ-CF-04225,core-finance,docs/ref-5.4-alert-rules.md,`GET /api/v1/admin/monitoring/notification-history` — 通知记录,#### `GET /api/v1/admin/monitoring/notification-history` — 通知记录,api,P1,默认值应满足：20,源码路径+行号、对应运行测试或数据库/Redis/队列证据,表格单元格已拆为单一字段断言
REQ-CF-04226,core-finance,docs/ref-5.4-alert-rules.md,`GET /api/v1/admin/monitoring/notification-history` — 通知记录,#### `GET /api/v1/admin/monitoring/notification-history` — 通知记录,api,P1,参数应满足：offset,源码路径+行号、对应运行测试或数据库/Redis/队列证据,表格单元格已拆为单一字段断言
REQ-CF-04228,core-finance,docs/ref-5.4-alert-rules.md,`GET /api/v1/admin/monitoring/notification-history` — 通知记录,#### `GET /api/v1/admin/monitoring/notification-history` — 通知记录,api,P1,默认值应满足：0,源码路径+行号、对应运行测试或数据库/Redis/队列证据,表格单元格已拆为单一字段断言
REQ-CF-04229,core-finance,docs/ref-5.4-alert-rules.md,5.2 依赖的外部模块,| api_error_rate | 路由引擎 | 强 | 需从路由统计失败率 |,api,P1,告警模块应满足：api_error_rate,源码路径+行号、对应运行测试或数据库/Redis/队列证据,表格单元格已拆为单一字段断言
REQ-CF-04230,core-finance,docs/ref-5.4-alert-rules.md,5.2 依赖的外部模块,| 告警模块 | 外部模块 | 依赖类型 | 说明 |,logic,P1,外部模块应满足：路由引擎,源码路径+行号、对应运行测试或数据库/Redis/队列证据,表格单元格已拆为单一字段断言
REQ-CF-04231,core-finance,docs/ref-5.4-alert-rules.md,5.2 依赖的外部模块,| 告警模块 | 外部模块 | 依赖类型 | 说明 |,logic,P1,依赖类型应满足：强,源码路径+行号、对应运行测试或数据库/Redis/队列证据,表格单元格已拆为单一字段断言
REQ-CF-04232,core-finance,docs/ref-5.4-alert-rules.md,5.2 依赖的外部模块,| api_error_rate | 路由引擎 | 强 | 需从路由统计失败率 |,logic,P1,说明应满足：需从路由统计失败率,源码路径+行号、对应运行测试或数据库/Redis/队列证据,表格单元格已拆为单一字段断言
REQ-CF-04233,core-finance,docs/ref-5.4-alert-rules.md,5.2 依赖的外部模块,| api_response_time | 路由引擎 | 强 | 需统计平均响应时间 |,api,P1,告警模块应满足：api_response_time,源码路径+行号、对应运行测试或数据库/Redis/队列证据,表格单元格已拆为单一字段断言
REQ-CF-04236,core-finance,docs/ref-5.4-alert-rules.md,5.2 依赖的外部模块,| api_response_time | 路由引擎 | 强 | 需统计平均响应时间 |,logic,P1,说明应满足：需统计平均响应时间,源码路径+行号、对应运行测试或数据库/Redis/队列证据,表格单元格已拆为单一字段断言
REQ-CF-04237,core-finance,docs/ref-5.4-alert-rules.md,5.2 依赖的外部模块,| vendor_availability | 渠道管理 | 强 | 需渠道健康检查状态 |,performance,P1,告警模块应满足：vendor_availability,源码路径+行号、对应运行测试或数据库/Redis/队列证据,表格单元格已拆为单一字段断言
REQ-CF-04238,core-finance,docs/ref-5.4-alert-rules.md,5.2 依赖的外部模块,| 告警模块 | 外部模块 | 依赖类型 | 说明 |,logic,P1,外部模块应满足：渠道管理,源码路径+行号、对应运行测试或数据库/Redis/队列证据,表格单元格已拆为单一字段断言
REQ-CF-04240,core-finance,docs/ref-5.4-alert-rules.md,5.2 依赖的外部模块,| vendor_availability | 渠道管理 | 强 | 需渠道健康检查状态 |,state,P1,说明应满足：需渠道健康检查状态,源码路径+行号、对应运行测试或数据库/Redis/队列证据,表格单元格已拆为单一字段断言
REQ-CF-04241,core-finance,docs/ref-5.4-alert-rules.md,5.2 依赖的外部模块,| platform_balance | 财务 > 余额 | 强 | 需 finance 余额 |,performance,P1,告警模块应满足：platform_balance,源码路径+行号、对应运行测试或数据库/Redis/队列证据,表格单元格已拆为单一字段断言
REQ-CF-04242,core-finance,docs/ref-5.4-alert-rules.md,5.2 依赖的外部模块,| 告警模块 | 外部模块 | 依赖类型 | 说明 |,logic,P0,外部模块应满足：财务 > 余额,源码路径+行号、对应运行测试或数据库/Redis/队列证据,表格单元格已拆为单一字段断言
REQ-CF-04244,core-finance,docs/ref-5.4-alert-rules.md,5.2 依赖的外部模块,| platform_balance | 财务 > 余额 | 强 | 需 finance 余额 |,logic,P0,说明应满足：需 finance 余额,源码路径+行号、对应运行测试或数据库/Redis/队列证据,表格单元格已拆为单一字段断言
REQ-CF-04245,core-finance,docs/ref-5.4-alert-rules.md,5.2 依赖的外部模块,| user_failure_rate | 路由引擎 | 强 | 需按 user 聚合失败率 |,performance,P1,告警模块应满足：user_failure_rate,源码路径+行号、对应运行测试或数据库/Redis/队列证据,表格单元格已拆为单一字段断言
REQ-CF-04248,core-finance,docs/ref-5.4-alert-rules.md,5.2 依赖的外部模块,| user_failure_rate | 路由引擎 | 强 | 需按 user 聚合失败率 |,logic,P1,说明应满足：需按 user 聚合失败率,源码路径+行号、对应运行测试或数据库/Redis/队列证据,表格单元格已拆为单一字段断言
REQ-CF-04249,core-finance,docs/ref-5.4-alert-rules.md,5.2 依赖的外部模块,| disk_usage / cpu_usage | 系统监控 | 强 | 服务器层指标 |,performance,P1,告警模块应满足：disk_usage / cpu_usage,源码路径+行号、对应运行测试或数据库/Redis/队列证据,表格单元格已拆为单一字段断言
REQ-CF-04250,core-finance,docs/ref-5.4-alert-rules.md,5.2 依赖的外部模块,| 告警模块 | 外部模块 | 依赖类型 | 说明 |,performance,P1,外部模块应满足：系统监控,源码路径+行号、对应运行测试或数据库/Redis/队列证据,表格单元格已拆为单一字段断言
REQ-CF-04252,core-finance,docs/ref-5.4-alert-rules.md,5.2 依赖的外部模块,| disk_usage / cpu_usage | 系统监控 | 强 | 服务器层指标 |,logic,P1,说明应满足：服务器层指标,源码路径+行号、对应运行测试或数据库/Redis/队列证据,表格单元格已拆为单一字段断言
REQ-CF-04253,core-finance,docs/ref-5.4-alert-rules.md,5.2 依赖的外部模块,| notification 渠道 | 通知服务 | 强 | 发送通知的通道 |,performance,P1,告警模块应满足：notification 渠道,源码路径+行号、对应运行测试或数据库/Redis/队列证据,表格单元格已拆为单一字段断言
REQ-CF-04254,core-finance,docs/ref-5.4-alert-rules.md,5.2 依赖的外部模块,| 告警模块 | 外部模块 | 依赖类型 | 说明 |,action,P1,外部模块应满足：通知服务,源码路径+行号、对应运行测试或数据库/Redis/队列证据,表格单元格已拆为单一字段断言
REQ-CF-04256,core-finance,docs/ref-5.4-alert-rules.md,5.2 依赖的外部模块,| notification 渠道 | 通知服务 | 强 | 发送通知的通道 |,action,P1,说明应满足：发送通知的通道,源码路径+行号、对应运行测试或数据库/Redis/队列证据,表格单元格已拆为单一字段断言
REQ-CF-04257,core-finance,docs/ref-5.4-alert-rules.md,5.3 章节交叉引用,| 告警规则配置 | 5.4 通知与告警精化 | `PRD-README.md` §5.4 |,performance,P1,本模块章节应满足：告警规则配置,源码路径+行号、对应运行测试或数据库/Redis/队列证据,表格单元格已拆为单一字段断言
REQ-CF-04258,core-finance,docs/ref-5.4-alert-rules.md,5.3 章节交叉引用,| 告警规则配置 | 5.4 通知与告警精化 | `PRD-README.md` §5.4 |,action,P1,关联 PRD 章节应满足：5.4 通知与告警精化,源码路径+行号、对应运行测试或数据库/Redis/队列证据,表格单元格已拆为单一字段断言
REQ-CF-04259,core-finance,docs/ref-5.4-alert-rules.md,5.3 章节交叉引用,| 告警规则配置 | 5.4 通知与告警精化 | `PRD-README.md` §5.4 |,logic,P1,关联文件应满足：`PRD-README.md` §5.4,源码路径+行号、对应运行测试或数据库/Redis/队列证据,表格单元格已拆为单一字段断言
REQ-CF-04260,core-finance,docs/ref-5.4-alert-rules.md,5.3 章节交叉引用,| 告警事件查询 | 5.4.1 告警规则 | `PRD-README.md` §5.4 |,performance,P1,本模块章节应满足：告警事件查询,源码路径+行号、对应运行测试或数据库/Redis/队列证据,表格单元格已拆为单一字段断言
REQ-CF-04261,core-finance,docs/ref-5.4-alert-rules.md,5.3 章节交叉引用,| 本模块章节 | 关联 PRD 章节 | 关联文件 |,performance,P1,关联 PRD 章节应满足：5.4.1 告警规则,源码路径+行号、对应运行测试或数据库/Redis/队列证据,表格单元格已拆为单一字段断言
REQ-CF-04263,core-finance,docs/ref-5.4-alert-rules.md,5.3 章节交叉引用,| 告警命中趋势 | 5.4.1 告警统计 | `PRD-README.md` §5.4 |,performance,P1,本模块章节应满足：告警命中趋势,源码路径+行号、对应运行测试或数据库/Redis/队列证据,表格单元格已拆为单一字段断言
REQ-CF-04264,core-finance,docs/ref-5.4-alert-rules.md,5.3 章节交叉引用,| 本模块章节 | 关联 PRD 章节 | 关联文件 |,performance,P1,关联 PRD 章节应满足：5.4.1 告警统计,源码路径+行号、对应运行测试或数据库/Redis/队列证据,表格单元格已拆为单一字段断言
REQ-CF-04266,core-finance,docs/ref-5.4-alert-rules.md,5.3 章节交叉引用,| 用户端告警中心 | 2.2.1 用户端功能规格（区域 12） | `ref-2.2-user-dashboard.md` |,performance,P1,本模块章节应满足：用户端告警中心,源码路径+行号、对应运行测试或数据库/Redis/队列证据,表格单元格已拆为单一字段断言
REQ-CF-04267,core-finance,docs/ref-5.4-alert-rules.md,5.3 章节交叉引用,| 用户端告警中心 | 2.2.1 用户端功能规格（区域 12） | `ref-2.2-user-dashboard.md` |,logic,P1,关联 PRD 章节应满足：2.2.1 用户端功能规格（区域 12）,源码路径+行号、对应运行测试或数据库/Redis/队列证据,表格单元格已拆为单一字段断言
REQ-CF-04268,core-finance,docs/ref-5.4-alert-rules.md,5.3 章节交叉引用,| 用户端告警中心 | 2.2.1 用户端功能规格（区域 12） | `ref-2.2-user-dashboard.md` |,logic,P1,关联文件应满足：`ref-2.2-user-dashboard.md`,源码路径+行号、对应运行测试或数据库/Redis/队列证据,表格单元格已拆为单一字段断言
REQ-CF-04269,core-finance,docs/ref-5.4-alert-rules.md,5.3 章节交叉引用,| 本模块章节 | 关联 PRD 章节 | 关联文件 |,logic,P1,本模块章节应满足：渠道可用率,源码路径+行号、对应运行测试或数据库/Redis/队列证据,表格单元格已拆为单一字段断言
REQ-CF-04270,core-finance,docs/ref-5.4-alert-rules.md,5.3 章节交叉引用,| 渠道可用率 | 4.3.1 渠道健康检查 | `ref-4.3-vendor-model.md` |,logic,P1,关联 PRD 章节应满足：4.3.1 渠道健康检查,源码路径+行号、对应运行测试或数据库/Redis/队列证据,表格单元格已拆为单一字段断言
REQ-CF-04271,core-finance,docs/ref-5.4-alert-rules.md,5.3 章节交叉引用,| 渠道可用率 | 4.3.1 渠道健康检查 | `ref-4.3-vendor-model.md` |,logic,P1,关联文件应满足：`ref-4.3-vendor-model.md`,源码路径+行号、对应运行测试或数据库/Redis/队列证据,表格单元格已拆为单一字段断言
REQ-CF-04272,core-finance,docs/ref-5.4-alert-rules.md,5.3 章节交叉引用,| 熔断关联告警 | 5.1.3 熔断器 | `ref-5.1-routing.md` |,performance,P0,本模块章节应满足：熔断关联告警,源码路径+行号、对应运行测试或数据库/Redis/队列证据,表格单元格已拆为单一字段断言
REQ-CF-04273,core-finance,docs/ref-5.4-alert-rules.md,5.3 章节交叉引用,| 本模块章节 | 关联 PRD 章节 | 关联文件 |,logic,P0,关联 PRD 章节应满足：5.1.3 熔断器,源码路径+行号、对应运行测试或数据库/Redis/队列证据,表格单元格已拆为单一字段断言
REQ-CF-04274,core-finance,docs/ref-5.4-alert-rules.md,5.3 章节交叉引用,| 熔断关联告警 | 5.1.3 熔断器 | `ref-5.1-routing.md` |,logic,P1,关联文件应满足：`ref-5.1-routing.md`,源码路径+行号、对应运行测试或数据库/Redis/队列证据,表格单元格已拆为单一字段断言
REQ-CF-04275,core-finance,docs/ref-5.4-alert-rules.md,5.3 章节交叉引用,| 本模块章节 | 关联 PRD 章节 | 关联文件 |,action,P1,本模块章节应满足：通知渠道,源码路径+行号、对应运行测试或数据库/Redis/队列证据,表格单元格已拆为单一字段断言
REQ-CF-04276,core-finance,docs/ref-5.4-alert-rules.md,5.3 章节交叉引用,| 本模块章节 | 关联 PRD 章节 | 关联文件 |,action,P1,关联 PRD 章节应满足：4.5 通知与告警,源码路径+行号、对应运行测试或数据库/Redis/队列证据,表格单元格已拆为单一字段断言
REQ-CF-04277,core-finance,docs/ref-5.4-alert-rules.md,5.3 章节交叉引用,| 通知渠道 | 4.5 通知与告警 | `PRD-README.md` §4.5 |,logic,P1,关联文件应满足：`PRD-README.md` §4.5,源码路径+行号、对应运行测试或数据库/Redis/队列证据,表格单元格已拆为单一字段断言
REQ-CF-04278,core-finance,docs/ref-5.4-alert-rules.md,5.3 章节交叉引用,- `PRD-README.md` §5.4 — 通知与告警精化（本文件的基础）,action,P1,- `PRD-README.md` §5.4 — 通知与告警精化（本文件的基础）,源码路径+行号、对应运行测试或数据库/Redis/队列证据,N/A：原审计记录未提供补充依据；待复核源码、测试及运行证据。
REQ-CF-04279,core-finance,docs/ref-5.4-alert-rules.md,5.3 章节交叉引用,- `ref-2.2-user-dashboard.md` §区域 12 — 用户端告警中心（告警消费端）,performance,P1,- `ref-2.2-user-dashboard.md` §区域 12 — 用户端告警中心（告警消费端）,源码路径+行号、对应运行测试或数据库/Redis/队列证据,N/A：原审计记录未提供补充依据；待复核源码、测试及运行证据。
REQ-CF-04280,core-finance,docs/ref-5.4-alert-rules.md,5.3 章节交叉引用,- `ref-4.3-vendor-model.md` — 渠道可用率依赖,logic,P1,- `ref-4.3-vendor-model.md` — 渠道可用率依赖,源码路径+行号、对应运行测试或数据库/Redis/队列证据,N/A：原审计记录未提供补充依据；待复核源码、测试及运行证据。
REQ-CF-04281,core-finance,docs/ref-5.4-alert-rules.md,5.3 章节交叉引用,- `ref-5.1-routing.md` — 熔断器状态告警触发,performance,P0,- `ref-5.1-routing.md` — 熔断器状态告警触发,源码路径+行号、对应运行测试或数据库/Redis/队列证据,N/A：原审计记录未提供补充依据；待复核源码、测试及运行证据。
REQ-CF-04282,core-finance,docs/ref-5.4-alert-rules.md,6. 各模块关键 API 告警模板（运营视角补充）,**Gap 建议补充**：2026-07-30 — 为各模块关键 API 端点定义告警阈值和建议规则,api,P1,**Gap 建议补充**：2026-07-30 — 为各模块关键 API 端点定义告警阈值和建议规则,源码路径+行号、对应运行测试或数据库/Redis/队列证据,N/A：原审计记录未提供补充依据；待复核源码、测试及运行证据。
REQ-CF-04283,core-finance,docs/ref-5.4-alert-rules.md,6.1 计费模块 API 告警,| POST /api/v1/billing/charge | 计费失败率 | > 1% | warning | 5 分钟 |,api,P1,API 路径应满足：POST /api/v1/billing/charge,源码路径+行号、对应运行测试或数据库/Redis/队列证据,表格单元格已拆为单一字段断言
REQ-CF-04284,core-finance,docs/ref-5.4-alert-rules.md,6.1 计费模块 API 告警,| POST /api/v1/billing/charge | 计费失败率 | > 1% | warning | 5 分钟 |,api,P1,告警指标应满足：计费失败率,源码路径+行号、对应运行测试或数据库/Redis/队列证据,表格单元格已拆为单一字段断言
REQ-CF-04285,core-finance,docs/ref-5.4-alert-rules.md,6.1 计费模块 API 告警,### 6.1 计费模块 API 告警,api,P1,阈值应满足：> 1%,源码路径+行号、对应运行测试或数据库/Redis/队列证据,表格单元格已拆为单一字段断言
REQ-CF-04286,core-finance,docs/ref-5.4-alert-rules.md,6.1 计费模块 API 告警,| POST /api/v1/billing/charge | 计费失败率 | > 1% | warning | 5 分钟 |,api,P1,等级应满足：warning,源码路径+行号、对应运行测试或数据库/Redis/队列证据,表格单元格已拆为单一字段断言
REQ-CF-04287,core-finance,docs/ref-5.4-alert-rules.md,6.1 计费模块 API 告警,| API 路径 | 告警指标 | 阈值 | 等级 | 静默期 |,api,P1,静默期应满足：5 分钟,源码路径+行号、对应运行测试或数据库/Redis/队列证据,表格单元格已拆为单一字段断言
REQ-CF-04289,core-finance,docs/ref-5.4-alert-rules.md,6.1 计费模块 API 告警,| POST /api/v1/billing/charge | 计费延迟 P99 | > 50ms | warning | 5 分钟 |,api,P1,告警指标应满足：计费延迟 P99,源码路径+行号、对应运行测试或数据库/Redis/队列证据,表格单元格已拆为单一字段断言
REQ-CF-04290,core-finance,docs/ref-5.4-alert-rules.md,6.1 计费模块 API 告警,| POST /api/v1/billing/charge | 计费延迟 P99 | > 50ms | warning | 5 分钟 |,api,P1,阈值应满足：> 50ms,源码路径+行号、对应运行测试或数据库/Redis/队列证据,表格单元格已拆为单一字段断言
REQ-CF-04293,core-finance,docs/ref-5.4-alert-rules.md,6.1 计费模块 API 告警,| POST /api/v1/billing/pre-deduct | 预扣回滚率 | > 0.5% | critical | 1 分钟 |,api,P1,API 路径应满足：POST /api/v1/billing/pre-deduct,源码路径+行号、对应运行测试或数据库/Redis/队列证据,表格单元格已拆为单一字段断言
REQ-CF-04294,core-finance,docs/ref-5.4-alert-rules.md,6.1 计费模块 API 告警,| POST /api/v1/billing/pre-deduct | 预扣回滚率 | > 0.5% | critical | 1 分钟 |,api,P0,告警指标应满足：预扣回滚率,源码路径+行号、对应运行测试或数据库/Redis/队列证据,表格单元格已拆为单一字段断言
REQ-CF-04295,core-finance,docs/ref-5.4-alert-rules.md,6.1 计费模块 API 告警,### 6.1 计费模块 API 告警,api,P1,阈值应满足：> 0.5%,源码路径+行号、对应运行测试或数据库/Redis/队列证据,表格单元格已拆为单一字段断言
REQ-CF-04296,core-finance,docs/ref-5.4-alert-rules.md,6.1 计费模块 API 告警,| POST /api/v1/billing/pre-deduct | 预扣回滚率 | > 0.5% | critical | 1 分钟 |,api,P1,等级应满足：critical,源码路径+行号、对应运行测试或数据库/Redis/队列证据,表格单元格已拆为单一字段断言
REQ-CF-04297,core-finance,docs/ref-5.4-alert-rules.md,6.1 计费模块 API 告警,| API 路径 | 告警指标 | 阈值 | 等级 | 静默期 |,api,P1,静默期应满足：1 分钟,源码路径+行号、对应运行测试或数据库/Redis/队列证据,表格单元格已拆为单一字段断言
REQ-CF-04298,core-finance,docs/ref-5.4-alert-rules.md,6.1 计费模块 API 告警,| GET /api/v1/me/balance | 余额查询 QPS | > 1000 | warning | 5 分钟 |,api,P1,API 路径应满足：GET /api/v1/me/balance,源码路径+行号、对应运行测试或数据库/Redis/队列证据,表格单元格已拆为单一字段断言
REQ-CF-04299,core-finance,docs/ref-5.4-alert-rules.md,6.1 计费模块 API 告警,| GET /api/v1/me/balance | 余额查询 QPS | > 1000 | warning | 5 分钟 |,api,P0,告警指标应满足：余额查询 QPS,源码路径+行号、对应运行测试或数据库/Redis/队列证据,表格单元格已拆为单一字段断言
REQ-CF-04300,core-finance,docs/ref-5.4-alert-rules.md,6.1 计费模块 API 告警,| GET /api/v1/me/balance | 余额查询 QPS | > 1000 | warning | 5 分钟 |,api,P1,阈值应满足：> 1000,源码路径+行号、对应运行测试或数据库/Redis/队列证据,表格单元格已拆为单一字段断言
REQ-CF-04303,core-finance,docs/ref-5.4-alert-rules.md,6.1 计费模块 API 告警,| POST /api/v1/admin/billing/model-price | 价格变更频率 | > 10 次/小时 | info | 30 分钟 |,api,P1,API 路径应满足：POST /api/v1/admin/billing/model-price,源码路径+行号、对应运行测试或数据库/Redis/队列证据,表格单元格已拆为单一字段断言
REQ-CF-04304,core-finance,docs/ref-5.4-alert-rules.md,6.1 计费模块 API 告警,| POST /api/v1/admin/billing/model-price | 价格变更频率 | > 10 次/小时 | info | 30 分钟 |,api,P1,告警指标应满足：价格变更频率,源码路径+行号、对应运行测试或数据库/Redis/队列证据,表格单元格已拆为单一字段断言
REQ-CF-04305,core-finance,docs/ref-5.4-alert-rules.md,6.1 计费模块 API 告警,| POST /api/v1/admin/billing/model-price | 价格变更频率 | > 10 次/小时 | info | 30 分钟 |,api,P1,阈值应满足：> 10 次/小时,源码路径+行号、对应运行测试或数据库/Redis/队列证据,表格单元格已拆为单一字段断言
REQ-CF-04306,core-finance,docs/ref-5.4-alert-rules.md,6.1 计费模块 API 告警,| POST /api/v1/admin/billing/model-price | 价格变更频率 | > 10 次/小时 | info | 30 分钟 |,api,P1,等级应满足：info,源码路径+行号、对应运行测试或数据库/Redis/队列证据,表格单元格已拆为单一字段断言
REQ-CF-04307,core-finance,docs/ref-5.4-alert-rules.md,6.1 计费模块 API 告警,| POST /api/v1/admin/billing/model-price | 价格变更频率 | > 10 次/小时 | info | 30 分钟 |,api,P1,静默期应满足：30 分钟,源码路径+行号、对应运行测试或数据库/Redis/队列证据,表格单元格已拆为单一字段断言
REQ-CF-04308,core-finance,docs/ref-5.4-alert-rules.md,6.2 充值模块 API 告警,| POST /api/v1/recharge/create | 充值创建失败率 | > 2% | warning | 5 分钟 |,api,P1,API 路径应满足：POST /api/v1/recharge/create,源码路径+行号、对应运行测试或数据库/Redis/队列证据,表格单元格已拆为单一字段断言
REQ-CF-04309,core-finance,docs/ref-5.4-alert-rules.md,6.2 充值模块 API 告警,| POST /api/v1/recharge/create | 充值创建失败率 | > 2% | warning | 5 分钟 |,api,P1,告警指标应满足：充值创建失败率,源码路径+行号、对应运行测试或数据库/Redis/队列证据,表格单元格已拆为单一字段断言
REQ-CF-04310,core-finance,docs/ref-5.4-alert-rules.md,6.2 充值模块 API 告警,### 6.2 充值模块 API 告警,api,P1,阈值应满足：> 2%,源码路径+行号、对应运行测试或数据库/Redis/队列证据,表格单元格已拆为单一字段断言
REQ-CF-04311,core-finance,docs/ref-5.4-alert-rules.md,6.2 充值模块 API 告警,| POST /api/v1/recharge/create | 充值创建失败率 | > 2% | warning | 5 分钟 |,api,P1,等级应满足：warning,源码路径+行号、对应运行测试或数据库/Redis/队列证据,表格单元格已拆为单一字段断言
REQ-CF-04312,core-finance,docs/ref-5.4-alert-rules.md,6.2 充值模块 API 告警,| API 路径 | 告警指标 | 阈值 | 等级 | 静默期 |,api,P1,静默期应满足：5 分钟,源码路径+行号、对应运行测试或数据库/Redis/队列证据,表格单元格已拆为单一字段断言
REQ-CF-04313,core-finance,docs/ref-5.4-alert-rules.md,6.2 充值模块 API 告警,| POST /api/v1/recharge/callback | 回调超时率 | > 1% | critical | 1 分钟 |,api,P1,API 路径应满足：POST /api/v1/recharge/callback,源码路径+行号、对应运行测试或数据库/Redis/队列证据,表格单元格已拆为单一字段断言
REQ-CF-04314,core-finance,docs/ref-5.4-alert-rules.md,6.2 充值模块 API 告警,| POST /api/v1/recharge/callback | 回调超时率 | > 1% | critical | 1 分钟 |,api,P1,告警指标应满足：回调超时率,源码路径+行号、对应运行测试或数据库/Redis/队列证据,表格单元格已拆为单一字段断言
REQ-CF-04315,core-finance,docs/ref-5.4-alert-rules.md,6.2 充值模块 API 告警,### 6.2 充值模块 API 告警,api,P1,阈值应满足：> 1%,源码路径+行号、对应运行测试或数据库/Redis/队列证据,表格单元格已拆为单一字段断言
REQ-CF-04316,core-finance,docs/ref-5.4-alert-rules.md,6.2 充值模块 API 告警,| POST /api/v1/recharge/callback | 回调超时率 | > 1% | critical | 1 分钟 |,api,P1,等级应满足：critical,源码路径+行号、对应运行测试或数据库/Redis/队列证据,表格单元格已拆为单一字段断言
REQ-CF-04317,core-finance,docs/ref-5.4-alert-rules.md,6.2 充值模块 API 告警,| API 路径 | 告警指标 | 阈值 | 等级 | 静默期 |,api,P1,静默期应满足：1 分钟,源码路径+行号、对应运行测试或数据库/Redis/队列证据,表格单元格已拆为单一字段断言
REQ-CF-04319,core-finance,docs/ref-5.4-alert-rules.md,6.2 充值模块 API 告警,| POST /api/v1/recharge/callback | 回调失败率 | > 3% | warning | 5 分钟 |,api,P1,告警指标应满足：回调失败率,源码路径+行号、对应运行测试或数据库/Redis/队列证据,表格单元格已拆为单一字段断言
REQ-CF-04320,core-finance,docs/ref-5.4-alert-rules.md,6.2 充值模块 API 告警,### 6.2 充值模块 API 告警,api,P1,阈值应满足：> 3%,源码路径+行号、对应运行测试或数据库/Redis/队列证据,表格单元格已拆为单一字段断言
REQ-CF-04323,core-finance,docs/ref-5.4-alert-rules.md,6.2 充值模块 API 告警,| POST /api/v1/admin/finance/recharge/manual-fix | 手动补单频率 | > 5 次/小时 | warning | 30 分钟 |,api,P1,API 路径应满足：POST /api/v1/admin/finance/recharge/manual-fix,源码路径+行号、对应运行测试或数据库/Redis/队列证据,表格单元格已拆为单一字段断言
REQ-CF-04324,core-finance,docs/ref-5.4-alert-rules.md,6.2 充值模块 API 告警,| POST /api/v1/admin/finance/recharge/manual-fix | 手动补单频率 | > 5 次/小时 | warning | 30 分钟 |,api,P1,告警指标应满足：手动补单频率,源码路径+行号、对应运行测试或数据库/Redis/队列证据,表格单元格已拆为单一字段断言
REQ-CF-04325,core-finance,docs/ref-5.4-alert-rules.md,6.2 充值模块 API 告警,| POST /api/v1/admin/finance/recharge/manual-fix | 手动补单频率 | > 5 次/小时 | warning | 30 分钟 |,api,P1,阈值应满足：> 5 次/小时,源码路径+行号、对应运行测试或数据库/Redis/队列证据,表格单元格已拆为单一字段断言
REQ-CF-04327,core-finance,docs/ref-5.4-alert-rules.md,6.2 充值模块 API 告警,| POST /api/v1/admin/finance/recharge/manual-fix | 手动补单频率 | > 5 次/小时 | warning | 30 分钟 |,api,P1,静默期应满足：30 分钟,源码路径+行号、对应运行测试或数据库/Redis/队列证据,表格单元格已拆为单一字段断言
REQ-CF-04328,core-finance,docs/ref-5.4-alert-rules.md,6.2 充值模块 API 告警,| — | 充值渠道可用性 | < 100% | critical | 1 分钟 |,api,P1,告警指标应满足：充值渠道可用性,源码路径+行号、对应运行测试或数据库/Redis/队列证据,表格单元格已拆为单一字段断言
REQ-CF-04329,core-finance,docs/ref-5.4-alert-rules.md,6.2 充值模块 API 告警,| — | 充值渠道可用性 | < 100% | critical | 1 分钟 |,api,P1,阈值应满足：< 100%,源码路径+行号、对应运行测试或数据库/Redis/队列证据,表格单元格已拆为单一字段断言
REQ-CF-04332,core-finance,docs/ref-5.4-alert-rules.md,6.3 渠道模块 API 告警,| GET /api/v1/admin/vendors/:id/health | 渠道健康检查失败 | 连续 3 次 | warning | 5 分钟 |,api,P1,API 路径应满足：GET /api/v1/admin/vendors/:id/health,源码路径+行号、对应运行测试或数据库/Redis/队列证据,表格单元格已拆为单一字段断言
REQ-CF-04333,core-finance,docs/ref-5.4-alert-rules.md,6.3 渠道模块 API 告警,| GET /api/v1/admin/vendors/:id/health | 渠道健康检查失败 | 连续 3 次 | warning | 5 分钟 |,api,P1,告警指标应满足：渠道健康检查失败,源码路径+行号、对应运行测试或数据库/Redis/队列证据,表格单元格已拆为单一字段断言
REQ-CF-04334,core-finance,docs/ref-5.4-alert-rules.md,6.3 渠道模块 API 告警,| GET /api/v1/admin/vendors/:id/health | 渠道健康检查失败 | 连续 3 次 | warning | 5 分钟 |,api,P1,阈值应满足：连续 3 次,源码路径+行号、对应运行测试或数据库/Redis/队列证据,表格单元格已拆为单一字段断言
REQ-CF-04335,core-finance,docs/ref-5.4-alert-rules.md,6.3 渠道模块 API 告警,| GET /api/v1/admin/vendors/:id/health | 渠道健康检查失败 | 连续 3 次 | warning | 5 分钟 |,api,P1,等级应满足：warning,源码路径+行号、对应运行测试或数据库/Redis/队列证据,表格单元格已拆为单一字段断言
REQ-CF-04336,core-finance,docs/ref-5.4-alert-rules.md,6.3 渠道模块 API 告警,| API 路径 | 告警指标 | 阈值 | 等级 | 静默期 |,api,P1,静默期应满足：5 分钟,源码路径+行号、对应运行测试或数据库/Redis/队列证据,表格单元格已拆为单一字段断言
REQ-CF-04337,core-finance,docs/ref-5.4-alert-rules.md,6.3 渠道模块 API 告警,| — | 渠道可用率 | < 95% | warning | 10 分钟 |,api,P1,告警指标应满足：渠道可用率,源码路径+行号、对应运行测试或数据库/Redis/队列证据,表格单元格已拆为单一字段断言
REQ-CF-04338,core-finance,docs/ref-5.4-alert-rules.md,6.3 渠道模块 API 告警,### 6.3 渠道模块 API 告警,api,P1,阈值应满足：< 95%,源码路径+行号、对应运行测试或数据库/Redis/队列证据,表格单元格已拆为单一字段断言
REQ-CF-04340,core-finance,docs/ref-5.4-alert-rules.md,6.3 渠道模块 API 告警,| — | 渠道可用率 | < 95% | warning | 10 分钟 |,api,P1,静默期应满足：10 分钟,源码路径+行号、对应运行测试或数据库/Redis/队列证据,表格单元格已拆为单一字段断言
REQ-CF-04342,core-finance,docs/ref-5.4-alert-rules.md,6.3 渠道模块 API 告警,### 6.3 渠道模块 API 告警,api,P1,阈值应满足：< 80%,源码路径+行号、对应运行测试或数据库/Redis/队列证据,表格单元格已拆为单一字段断言
REQ-CF-04343,core-finance,docs/ref-5.4-alert-rules.md,6.3 渠道模块 API 告警,| — | 渠道可用率 | < 80% | critical | 5 分钟 |,api,P1,等级应满足：critical,源码路径+行号、对应运行测试或数据库/Redis/队列证据,表格单元格已拆为单一字段断言
REQ-CF-04345,core-finance,docs/ref-5.4-alert-rules.md,6.3 渠道模块 API 告警,| — | 渠道响应延迟 P99 | > 5s | warning | 5 分钟 |,api,P1,告警指标应满足：渠道响应延迟 P99,源码路径+行号、对应运行测试或数据库/Redis/队列证据,表格单元格已拆为单一字段断言
REQ-CF-04346,core-finance,docs/ref-5.4-alert-rules.md,6.3 渠道模块 API 告警,### 6.3 渠道模块 API 告警,api,P1,阈值应满足：> 5s,源码路径+行号、对应运行测试或数据库/Redis/队列证据,表格单元格已拆为单一字段断言
REQ-CF-04349,core-finance,docs/ref-5.4-alert-rules.md,6.3 渠道模块 API 告警,| — | Key 池消耗率 | > 90% | warning | 30 分钟 |,api,P1,告警指标应满足：Key 池消耗率,源码路径+行号、对应运行测试或数据库/Redis/队列证据,表格单元格已拆为单一字段断言
REQ-CF-04350,core-finance,docs/ref-5.4-alert-rules.md,6.3 渠道模块 API 告警,### 6.3 渠道模块 API 告警,api,P1,阈值应满足：> 90%,源码路径+行号、对应运行测试或数据库/Redis/队列证据,表格单元格已拆为单一字段断言
REQ-CF-04352,core-finance,docs/ref-5.4-alert-rules.md,6.3 渠道模块 API 告警,| — | Key 池消耗率 | > 90% | warning | 30 分钟 |,api,P1,静默期应满足：30 分钟,源码路径+行号、对应运行测试或数据库/Redis/队列证据,表格单元格已拆为单一字段断言
REQ-CF-04353,core-finance,docs/ref-5.4-alert-rules.md,6.3 渠道模块 API 告警,| — | 批量模型异常数 | ≥ 3 个同时异常 | critical | 1 分钟 |,api,P1,告警指标应满足：批量模型异常数,源码路径+行号、对应运行测试或数据库/Redis/队列证据,表格单元格已拆为单一字段断言
REQ-CF-04354,core-finance,docs/ref-5.4-alert-rules.md,6.3 渠道模块 API 告警,| — | 批量模型异常数 | ≥ 3 个同时异常 | critical | 1 分钟 |,api,P1,阈值应满足：≥ 3 个同时异常,源码路径+行号、对应运行测试或数据库/Redis/队列证据,表格单元格已拆为单一字段断言
REQ-CF-04356,core-finance,docs/ref-5.4-alert-rules.md,6.3 渠道模块 API 告警,| API 路径 | 告警指标 | 阈值 | 等级 | 静默期 |,api,P1,静默期应满足：1 分钟,源码路径+行号、对应运行测试或数据库/Redis/队列证据,表格单元格已拆为单一字段断言
REQ-CF-04357,core-finance,docs/ref-5.4-alert-rules.md,6.4 代理模块 API 告警,| POST /api/v1/admin/agents/:id/audit | 代理审核超时 | > T+1 | warning | 1 小时 |,api,P1,API 路径应满足：POST /api/v1/admin/agents/:id/audit,源码路径+行号、对应运行测试或数据库/Redis/队列证据,表格单元格已拆为单一字段断言
REQ-CF-04358,core-finance,docs/ref-5.4-alert-rules.md,6.4 代理模块 API 告警,| POST /api/v1/admin/agents/:id/audit | 代理审核超时 | > T+1 | warning | 1 小时 |,api,P1,告警指标应满足：代理审核超时,源码路径+行号、对应运行测试或数据库/Redis/队列证据,表格单元格已拆为单一字段断言
REQ-CF-04359,core-finance,docs/ref-5.4-alert-rules.md,6.4 代理模块 API 告警,### 6.4 代理模块 API 告警,api,P1,阈值应满足：> T+1,源码路径+行号、对应运行测试或数据库/Redis/队列证据,表格单元格已拆为单一字段断言
REQ-CF-04360,core-finance,docs/ref-5.4-alert-rules.md,6.4 代理模块 API 告警,| POST /api/v1/admin/agents/:id/audit | 代理审核超时 | > T+1 | warning | 1 小时 |,api,P1,等级应满足：warning,源码路径+行号、对应运行测试或数据库/Redis/队列证据,表格单元格已拆为单一字段断言
REQ-CF-04361,core-finance,docs/ref-5.4-alert-rules.md,6.4 代理模块 API 告警,| API 路径 | 告警指标 | 阈值 | 等级 | 静默期 |,api,P1,静默期应满足：1 小时,源码路径+行号、对应运行测试或数据库/Redis/队列证据,表格单元格已拆为单一字段断言
REQ-CF-04362,core-finance,docs/ref-5.4-alert-rules.md,6.4 代理模块 API 告警,| POST /api/v1/admin/finance/withdraws/:id/approve | 提现审核超时初审 | > T+0.5 | info | 1 小时 |,api,P1,API 路径应满足：POST /api/v1/admin/finance/withdraws/:id/approve,源码路径+行号、对应运行测试或数据库/Redis/队列证据,表格单元格已拆为单一字段断言
REQ-CF-04363,core-finance,docs/ref-5.4-alert-rules.md,6.4 代理模块 API 告警,| POST /api/v1/admin/finance/withdraws/:id/approve | 提现审核超时初审 | > T+0.5 | info | 1 小时 |,api,P1,告警指标应满足：提现审核超时初审,源码路径+行号、对应运行测试或数据库/Redis/队列证据,表格单元格已拆为单一字段断言
REQ-CF-04364,core-finance,docs/ref-5.4-alert-rules.md,6.4 代理模块 API 告警,| POST /api/v1/admin/finance/withdraws/:id/approve | 提现审核超时初审 | > T+0.5 | info | 1 小时 |,api,P1,阈值应满足：> T+0.5,源码路径+行号、对应运行测试或数据库/Redis/队列证据,表格单元格已拆为单一字段断言
REQ-CF-04365,core-finance,docs/ref-5.4-alert-rules.md,6.4 代理模块 API 告警,| POST /api/v1/admin/finance/withdraws/:id/approve | 提现审核超时初审 | > T+0.5 | info | 1 小时 |,api,P1,等级应满足：info,源码路径+行号、对应运行测试或数据库/Redis/队列证据,表格单元格已拆为单一字段断言
REQ-CF-04367,core-finance,docs/ref-5.4-alert-rules.md,6.4 代理模块 API 告警,| POST /api/v1/admin/finance/withdraws/:id/review | 提现审核超时复审 | > T+0.5 | info | 1 小时 |,api,P1,API 路径应满足：POST /api/v1/admin/finance/withdraws/:id/review,源码路径+行号、对应运行测试或数据库/Redis/队列证据,表格单元格已拆为单一字段断言
REQ-CF-04368,core-finance,docs/ref-5.4-alert-rules.md,6.4 代理模块 API 告警,| POST /api/v1/admin/finance/withdraws/:id/review | 提现审核超时复审 | > T+0.5 | info | 1 小时 |,api,P1,告警指标应满足：提现审核超时复审,源码路径+行号、对应运行测试或数据库/Redis/队列证据,表格单元格已拆为单一字段断言
REQ-CF-04372,core-finance,docs/ref-5.4-alert-rules.md,6.4 代理模块 API 告警,| POST /api/v1/admin/finance/withdraws/:id/pay | 提现打款失败率 | > 2% | warning | 10 分钟 |,api,P1,API 路径应满足：POST /api/v1/admin/finance/withdraws/:id/pay,源码路径+行号、对应运行测试或数据库/Redis/队列证据,表格单元格已拆为单一字段断言
REQ-CF-04373,core-finance,docs/ref-5.4-alert-rules.md,6.4 代理模块 API 告警,| POST /api/v1/admin/finance/withdraws/:id/pay | 提现打款失败率 | > 2% | warning | 10 分钟 |,api,P1,告警指标应满足：提现打款失败率,源码路径+行号、对应运行测试或数据库/Redis/队列证据,表格单元格已拆为单一字段断言
REQ-CF-04374,core-finance,docs/ref-5.4-alert-rules.md,6.4 代理模块 API 告警,### 6.4 代理模块 API 告警,api,P1,阈值应满足：> 2%,源码路径+行号、对应运行测试或数据库/Redis/队列证据,表格单元格已拆为单一字段断言
REQ-CF-04376,core-finance,docs/ref-5.4-alert-rules.md,6.4 代理模块 API 告警,| POST /api/v1/admin/finance/withdraws/:id/pay | 提现打款失败率 | > 2% | warning | 10 分钟 |,api,P1,静默期应满足：10 分钟,源码路径+行号、对应运行测试或数据库/Redis/队列证据,表格单元格已拆为单一字段断言
REQ-CF-04377,core-finance,docs/ref-5.4-alert-rules.md,6.4 代理模块 API 告警,| — | 佣金计算偏差率 | > 0.1% | warning | 10 分钟 |,api,P1,告警指标应满足：佣金计算偏差率,源码路径+行号、对应运行测试或数据库/Redis/队列证据,表格单元格已拆为单一字段断言
REQ-CF-04378,core-finance,docs/ref-5.4-alert-rules.md,6.4 代理模块 API 告警,### 6.4 代理模块 API 告警,api,P1,阈值应满足：> 0.1%,源码路径+行号、对应运行测试或数据库/Redis/队列证据,表格单元格已拆为单一字段断言
REQ-CF-04381,core-finance,docs/ref-5.4-alert-rules.md,6.4 代理模块 API 告警,| — | 代理对账偏差 | ≥ ¥1 | info | 1 小时 |,api,P1,告警指标应满足：代理对账偏差,源码路径+行号、对应运行测试或数据库/Redis/队列证据,表格单元格已拆为单一字段断言
REQ-CF-04382,core-finance,docs/ref-5.4-alert-rules.md,6.4 代理模块 API 告警,### 6.4 代理模块 API 告警,api,P1,阈值应满足：≥ ¥1,源码路径+行号、对应运行测试或数据库/Redis/队列证据,表格单元格已拆为单一字段断言
REQ-CF-04385,core-finance,docs/ref-5.4-alert-rules.md,6.5 安全模块 API 告警,| POST /api/v1/auth/login | 登录失败率 | > 20% | warning | 5 分钟 |,api,P1,API 路径应满足：POST /api/v1/auth/login,源码路径+行号、对应运行测试或数据库/Redis/队列证据,表格单元格已拆为单一字段断言
REQ-CF-04386,core-finance,docs/ref-5.4-alert-rules.md,6.5 安全模块 API 告警,| POST /api/v1/auth/login | 登录失败率 | > 20% | warning | 5 分钟 |,api,P1,告警指标应满足：登录失败率,源码路径+行号、对应运行测试或数据库/Redis/队列证据,表格单元格已拆为单一字段断言
REQ-CF-04387,core-finance,docs/ref-5.4-alert-rules.md,6.5 安全模块 API 告警,### 6.5 安全模块 API 告警,api,P1,阈值应满足：> 20%,源码路径+行号、对应运行测试或数据库/Redis/队列证据,表格单元格已拆为单一字段断言
REQ-CF-04388,core-finance,docs/ref-5.4-alert-rules.md,6.5 安全模块 API 告警,| POST /api/v1/auth/login | 登录失败率 | > 20% | warning | 5 分钟 |,api,P1,等级应满足：warning,源码路径+行号、对应运行测试或数据库/Redis/队列证据,表格单元格已拆为单一字段断言
REQ-CF-04389,core-finance,docs/ref-5.4-alert-rules.md,6.5 安全模块 API 告警,| API 路径 | 告警指标 | 阈值 | 等级 | 静默期 |,api,P1,静默期应满足：5 分钟,源码路径+行号、对应运行测试或数据库/Redis/队列证据,表格单元格已拆为单一字段断言
REQ-CF-04391,core-finance,docs/ref-5.4-alert-rules.md,6.5 安全模块 API 告警,| POST /api/v1/auth/login | 暴力破解检测 | 5 分钟内失败 > 10 次/IP | critical | 1 分钟 |,api,P1,告警指标应满足：暴力破解检测,源码路径+行号、对应运行测试或数据库/Redis/队列证据,表格单元格已拆为单一字段断言
REQ-CF-04392,core-finance,docs/ref-5.4-alert-rules.md,6.5 安全模块 API 告警,| POST /api/v1/auth/login | 暴力破解检测 | 5 分钟内失败 > 10 次/IP | critical | 1 分钟 |,api,P1,阈值应满足：5 分钟内失败 > 10 次/IP,源码路径+行号、对应运行测试或数据库/Redis/队列证据,表格单元格已拆为单一字段断言
REQ-CF-04393,core-finance,docs/ref-5.4-alert-rules.md,6.5 安全模块 API 告警,| POST /api/v1/auth/login | 暴力破解检测 | 5 分钟内失败 > 10 次/IP | critical | 1 分钟 |,api,P1,等级应满足：critical,源码路径+行号、对应运行测试或数据库/Redis/队列证据,表格单元格已拆为单一字段断言
REQ-CF-04394,core-finance,docs/ref-5.4-alert-rules.md,6.5 安全模块 API 告警,| API 路径 | 告警指标 | 阈值 | 等级 | 静默期 |,api,P1,静默期应满足：1 分钟,源码路径+行号、对应运行测试或数据库/Redis/队列证据,表格单元格已拆为单一字段断言
REQ-CF-04395,core-finance,docs/ref-5.4-alert-rules.md,6.5 安全模块 API 告警,| POST /api/v1/auth/key-auth | API Key 认证失败率 | > 10% | warning | 5 分钟 |,api,P1,API 路径应满足：POST /api/v1/auth/key-auth,源码路径+行号、对应运行测试或数据库/Redis/队列证据,表格单元格已拆为单一字段断言
REQ-CF-04396,core-finance,docs/ref-5.4-alert-rules.md,6.5 安全模块 API 告警,| POST /api/v1/auth/key-auth | API Key 认证失败率 | > 10% | warning | 5 分钟 |,api,P1,告警指标应满足：API Key 认证失败率,源码路径+行号、对应运行测试或数据库/Redis/队列证据,表格单元格已拆为单一字段断言
REQ-CF-04397,core-finance,docs/ref-5.4-alert-rules.md,6.5 安全模块 API 告警,### 6.5 安全模块 API 告警,api,P1,阈值应满足：> 10%,源码路径+行号、对应运行测试或数据库/Redis/队列证据,表格单元格已拆为单一字段断言
REQ-CF-04400,core-finance,docs/ref-5.4-alert-rules.md,6.5 安全模块 API 告警,| — | 异地登录检测数 | > 50 次/小时 | info | 1 小时 |,api,P1,告警指标应满足：异地登录检测数,源码路径+行号、对应运行测试或数据库/Redis/队列证据,表格单元格已拆为单一字段断言
REQ-CF-04401,core-finance,docs/ref-5.4-alert-rules.md,6.5 安全模块 API 告警,| — | 异地登录检测数 | > 50 次/小时 | info | 1 小时 |,api,P1,阈值应满足：> 50 次/小时,源码路径+行号、对应运行测试或数据库/Redis/队列证据,表格单元格已拆为单一字段断言
REQ-CF-04402,core-finance,docs/ref-5.4-alert-rules.md,6.5 安全模块 API 告警,| — | 异地登录检测数 | > 50 次/小时 | info | 1 小时 |,api,P1,等级应满足：info,源码路径+行号、对应运行测试或数据库/Redis/队列证据,表格单元格已拆为单一字段断言
REQ-CF-04403,core-finance,docs/ref-5.4-alert-rules.md,6.5 安全模块 API 告警,| API 路径 | 告警指标 | 阈值 | 等级 | 静默期 |,api,P1,静默期应满足：1 小时,源码路径+行号、对应运行测试或数据库/Redis/队列证据,表格单元格已拆为单一字段断言
REQ-CF-04404,core-finance,docs/ref-5.4-alert-rules.md,6.5 安全模块 API 告警,| — | 安全事件 L1 触发 | ≥ 1 | critical | 即时 |,api,P1,告警指标应满足：安全事件 L1 触发,源码路径+行号、对应运行测试或数据库/Redis/队列证据,表格单元格已拆为单一字段断言
REQ-CF-04405,core-finance,docs/ref-5.4-alert-rules.md,6.5 安全模块 API 告警,### 6.5 安全模块 API 告警,api,P1,阈值应满足：≥ 1,源码路径+行号、对应运行测试或数据库/Redis/队列证据,表格单元格已拆为单一字段断言
REQ-CF-04407,core-finance,docs/ref-5.4-alert-rules.md,6.5 安全模块 API 告警,| API 路径 | 告警指标 | 阈值 | 等级 | 静默期 |,api,P1,静默期应满足：即时,源码路径+行号、对应运行测试或数据库/Redis/队列证据,表格单元格已拆为单一字段断言
REQ-CF-04408,core-finance,docs/ref-5.4-alert-rules.md,6.5 安全模块 API 告警,| — | 安全事件 L2 触发 | ≥ 3/小时 | warning | 1 小时 |,api,P1,告警指标应满足：安全事件 L2 触发,源码路径+行号、对应运行测试或数据库/Redis/队列证据,表格单元格已拆为单一字段断言
REQ-CF-04409,core-finance,docs/ref-5.4-alert-rules.md,6.5 安全模块 API 告警,| — | 安全事件 L2 触发 | ≥ 3/小时 | warning | 1 小时 |,api,P1,阈值应满足：≥ 3/小时,源码路径+行号、对应运行测试或数据库/Redis/队列证据,表格单元格已拆为单一字段断言
REQ-CF-04412,core-finance,docs/ref-5.4-alert-rules.md,6.6 限流/系统模块 API 告警,| — | 全局 QPS 使用率 | > 80% | info | 30 分钟 |,api,P1,告警指标应满足：全局 QPS 使用率,源码路径+行号、对应运行测试或数据库/Redis/队列证据,表格单元格已拆为单一字段断言
REQ-CF-04413,core-finance,docs/ref-5.4-alert-rules.md,6.6 限流/系统模块 API 告警,### 6.6 限流/系统模块 API 告警,api,P1,阈值应满足：> 80%,源码路径+行号、对应运行测试或数据库/Redis/队列证据,表格单元格已拆为单一字段断言
REQ-CF-04414,core-finance,docs/ref-5.4-alert-rules.md,6.6 限流/系统模块 API 告警,| — | 全局 QPS 使用率 | > 80% | info | 30 分钟 |,api,P1,等级应满足：info,源码路径+行号、对应运行测试或数据库/Redis/队列证据,表格单元格已拆为单一字段断言
REQ-CF-04415,core-finance,docs/ref-5.4-alert-rules.md,6.6 限流/系统模块 API 告警,| — | 全局 QPS 使用率 | > 80% | info | 30 分钟 |,api,P1,静默期应满足：30 分钟,源码路径+行号、对应运行测试或数据库/Redis/队列证据,表格单元格已拆为单一字段断言
REQ-CF-04417,core-finance,docs/ref-5.4-alert-rules.md,6.6 限流/系统模块 API 告警,### 6.6 限流/系统模块 API 告警,api,P1,阈值应满足：> 95%,源码路径+行号、对应运行测试或数据库/Redis/队列证据,表格单元格已拆为单一字段断言
REQ-CF-04418,core-finance,docs/ref-5.4-alert-rules.md,6.6 限流/系统模块 API 告警,| — | 全局 QPS 使用率 | > 95% | warning | 10 分钟 |,api,P1,等级应满足：warning,源码路径+行号、对应运行测试或数据库/Redis/队列证据,表格单元格已拆为单一字段断言
REQ-CF-04419,core-finance,docs/ref-5.4-alert-rules.md,6.6 限流/系统模块 API 告警,| — | 全局 QPS 使用率 | > 95% | warning | 10 分钟 |,api,P1,静默期应满足：10 分钟,源码路径+行号、对应运行测试或数据库/Redis/队列证据,表格单元格已拆为单一字段断言
REQ-CF-04420,core-finance,docs/ref-5.4-alert-rules.md,6.6 限流/系统模块 API 告警,| — | 限流命中率 | > 5% | warning | 10 分钟 |,api,P1,告警指标应满足：限流命中率,源码路径+行号、对应运行测试或数据库/Redis/队列证据,表格单元格已拆为单一字段断言
REQ-CF-04421,core-finance,docs/ref-5.4-alert-rules.md,6.6 限流/系统模块 API 告警,### 6.6 限流/系统模块 API 告警,api,P1,阈值应满足：> 5%,源码路径+行号、对应运行测试或数据库/Redis/队列证据,表格单元格已拆为单一字段断言
REQ-CF-04424,core-finance,docs/ref-5.4-alert-rules.md,6.6 限流/系统模块 API 告警,| — | 熔断器状态 | open | critical | 1 分钟 |,api,P0,告警指标应满足：熔断器状态,源码路径+行号、对应运行测试或数据库/Redis/队列证据,表格单元格已拆为单一字段断言
REQ-CF-04425,core-finance,docs/ref-5.4-alert-rules.md,6.6 限流/系统模块 API 告警,| — | 熔断器状态 | open | critical | 1 分钟 |,api,P1,阈值应满足：open,源码路径+行号、对应运行测试或数据库/Redis/队列证据,表格单元格已拆为单一字段断言
REQ-CF-04426,core-finance,docs/ref-5.4-alert-rules.md,6.6 限流/系统模块 API 告警,| — | 熔断器状态 | open | critical | 1 分钟 |,api,P1,等级应满足：critical,源码路径+行号、对应运行测试或数据库/Redis/队列证据,表格单元格已拆为单一字段断言
REQ-CF-04427,core-finance,docs/ref-5.4-alert-rules.md,6.6 限流/系统模块 API 告警,| API 路径 | 告警指标 | 阈值 | 等级 | 静默期 |,api,P1,静默期应满足：1 分钟,源码路径+行号、对应运行测试或数据库/Redis/队列证据,表格单元格已拆为单一字段断言
REQ-CF-04428,core-finance,docs/ref-5.4-alert-rules.md,6.6 限流/系统模块 API 告警,| — | 磁盘使用率 | > 85% | warning | 1 小时 |,api,P1,告警指标应满足：磁盘使用率,源码路径+行号、对应运行测试或数据库/Redis/队列证据,表格单元格已拆为单一字段断言
REQ-CF-04429,core-finance,docs/ref-5.4-alert-rules.md,6.6 限流/系统模块 API 告警,### 6.6 限流/系统模块 API 告警,api,P1,阈值应满足：> 85%,源码路径+行号、对应运行测试或数据库/Redis/队列证据,表格单元格已拆为单一字段断言
REQ-CF-04431,core-finance,docs/ref-5.4-alert-rules.md,6.6 限流/系统模块 API 告警,| API 路径 | 告警指标 | 阈值 | 等级 | 静默期 |,api,P1,静默期应满足：1 小时,源码路径+行号、对应运行测试或数据库/Redis/队列证据,表格单元格已拆为单一字段断言
REQ-CF-04436,core-finance,docs/ref-5.4-alert-rules.md,6.6 限流/系统模块 API 告警,| — | CPU 使用率 | > 80% 持续 10 分钟 | warning | 30 分钟 |,api,P1,告警指标应满足：CPU 使用率,源码路径+行号、对应运行测试或数据库/Redis/队列证据,表格单元格已拆为单一字段断言
REQ-CF-04437,core-finance,docs/ref-5.4-alert-rules.md,6.6 限流/系统模块 API 告警,| — | CPU 使用率 | > 80% 持续 10 分钟 | warning | 30 分钟 |,api,P1,阈值应满足：> 80% 持续 10 分钟,源码路径+行号、对应运行测试或数据库/Redis/队列证据,表格单元格已拆为单一字段断言
REQ-CF-04440,core-finance,docs/ref-5.4-alert-rules.md,6.6 限流/系统模块 API 告警,| — | Redis 内存使用率 | > 80% | warning | 30 分钟 |,api,P1,告警指标应满足：Redis 内存使用率,源码路径+行号、对应运行测试或数据库/Redis/队列证据,表格单元格已拆为单一字段断言
REQ-CF-04444,core-finance,docs/ref-5.4-alert-rules.md,6.7 财务对账 API 告警,| — | 充值对账偏差 | ≥ ¥1 | info | 1 小时 |,api,P1,告警指标应满足：充值对账偏差,源码路径+行号、对应运行测试或数据库/Redis/队列证据,表格单元格已拆为单一字段断言
REQ-CF-04445,core-finance,docs/ref-5.4-alert-rules.md,6.7 财务对账 API 告警,### 6.7 财务对账 API 告警,api,P1,阈值应满足：≥ ¥1,源码路径+行号、对应运行测试或数据库/Redis/队列证据,表格单元格已拆为单一字段断言
REQ-CF-04446,core-finance,docs/ref-5.4-alert-rules.md,6.7 财务对账 API 告警,| — | 充值对账偏差 | ≥ ¥1 | info | 1 小时 |,api,P1,等级应满足：info,源码路径+行号、对应运行测试或数据库/Redis/队列证据,表格单元格已拆为单一字段断言
REQ-CF-04447,core-finance,docs/ref-5.4-alert-rules.md,6.7 财务对账 API 告警,| API 路径 | 告警指标 | 阈值 | 等级 | 静默期 |,api,P1,静默期应满足：1 小时,源码路径+行号、对应运行测试或数据库/Redis/队列证据,表格单元格已拆为单一字段断言
REQ-CF-04448,core-finance,docs/ref-5.4-alert-rules.md,6.7 财务对账 API 告警,| — | 消费对账偏差 | ≥ ¥1 | info | 1 小时 |,api,P1,告警指标应满足：消费对账偏差,源码路径+行号、对应运行测试或数据库/Redis/队列证据,表格单元格已拆为单一字段断言
REQ-CF-04452,core-finance,docs/ref-5.4-alert-rules.md,6.7 财务对账 API 告警,| — | 会计恒等式偏差 | > ¥10 | critical | 即时 |,api,P1,告警指标应满足：会计恒等式偏差,源码路径+行号、对应运行测试或数据库/Redis/队列证据,表格单元格已拆为单一字段断言
REQ-CF-04453,core-finance,docs/ref-5.4-alert-rules.md,6.7 财务对账 API 告警,### 6.7 财务对账 API 告警,api,P1,阈值应满足：> ¥10,源码路径+行号、对应运行测试或数据库/Redis/队列证据,表格单元格已拆为单一字段断言
REQ-CF-04454,core-finance,docs/ref-5.4-alert-rules.md,6.7 财务对账 API 告警,| — | 会计恒等式偏差 | > ¥10 | critical | 即时 |,api,P1,等级应满足：critical,源码路径+行号、对应运行测试或数据库/Redis/队列证据,表格单元格已拆为单一字段断言
REQ-CF-04455,core-finance,docs/ref-5.4-alert-rules.md,6.7 财务对账 API 告警,| API 路径 | 告警指标 | 阈值 | 等级 | 静默期 |,api,P1,静默期应满足：即时,源码路径+行号、对应运行测试或数据库/Redis/队列证据,表格单元格已拆为单一字段断言
REQ-CF-04457,core-finance,docs/ref-5.4-alert-rules.md,6.7 财务对账 API 告警,| — | 会计恒等式偏差 | ¥1 ~ ¥10 | warning | 1 小时 |,api,P1,阈值应满足：¥1 ~ ¥10,源码路径+行号、对应运行测试或数据库/Redis/队列证据,表格单元格已拆为单一字段断言
REQ-CF-04458,core-finance,docs/ref-5.4-alert-rules.md,6.7 财务对账 API 告警,| — | 会计恒等式偏差 | ¥1 ~ ¥10 | warning | 1 小时 |,api,P1,等级应满足：warning,源码路径+行号、对应运行测试或数据库/Redis/队列证据,表格单元格已拆为单一字段断言
REQ-CF-04460,core-finance,docs/ref-5.4-alert-rules.md,6.7 财务对账 API 告警,| — | 月结执行失败 | 1 次 | critical | — |,api,P1,告警指标应满足：月结执行失败,源码路径+行号、对应运行测试或数据库/Redis/队列证据,表格单元格已拆为单一字段断言
REQ-CF-04461,core-finance,docs/ref-5.4-alert-rules.md,6.7 财务对账 API 告警,### 6.7 财务对账 API 告警,api,P1,阈值应满足：1 次,源码路径+行号、对应运行测试或数据库/Redis/队列证据,表格单元格已拆为单一字段断言
REQ-CF-04463,core-finance,docs/ref-5.4-alert-rules.md,6.7 财务对账 API 告警,| API 路径 | 告警指标 | 阈值 | 等级 | 静默期 |,api,P0,告警指标应满足：平台余额,源码路径+行号、对应运行测试或数据库/Redis/队列证据,表格单元格已拆为单一字段断言
REQ-CF-04464,core-finance,docs/ref-5.4-alert-rules.md,6.7 财务对账 API 告警,"| — | 平台余额 | < ¥10,000 | warning | 1 小时 |",api,P1,"阈值应满足：< ¥10,000",源码路径+行号、对应运行测试或数据库/Redis/队列证据,表格单元格已拆为单一字段断言
REQ-CF-04468,core-finance,docs/ref-5.4-alert-rules.md,6.7 财务对账 API 告警,"| — | 平台余额 | < ¥10,000 | warning | 1 小时 |",api,P1,"阈值应满足：< ¥1,000",源码路径+行号、对应运行测试或数据库/Redis/队列证据,表格单元格已拆为单一字段断言
REQ-CF-04470,core-finance,docs/ref-5.4-alert-rules.md,6.7 财务对账 API 告警,"| — | 平台余额 | < ¥1,000 | critical | 10 分钟 |",api,P1,静默期应满足：10 分钟,源码路径+行号、对应运行测试或数据库/Redis/队列证据,表格单元格已拆为单一字段断言
REQ-CF-04471,core-finance,docs/ref-5.4-alert-rules.md,ALERT-001: 告警风暴抑制,#### ALERT-001: 告警风暴抑制,performance,P1,触发器：同一告警规则 ID 在 5 分钟内触发次数 >= 100,源码路径+行号、对应运行测试或数据库/Redis/队列证据,N/A：原审计记录未提供补充依据；待复核源码、测试及运行证据。
REQ-CF-04472,core-finance,docs/ref-5.4-alert-rules.md,ALERT-001: 告警风暴抑制,#### ALERT-001: 告警风暴抑制,performance,P1,2. 启动聚合摘要模式，每 5 分钟发送一条聚合消息,源码路径+行号、对应运行测试或数据库/Redis/队列证据,N/A：原审计记录未提供补充依据；待复核源码、测试及运行证据。
REQ-CF-04473,core-finance,docs/ref-5.4-alert-rules.md,ALERT-001: 告警风暴抑制,#### ALERT-001: 告警风暴抑制,performance,P1,"3. 聚合摘要格式：""告警 [规则名] 在 [时间窗口] 内触发了 N 次，当前状态：[FIRING/RESOLVED]，影响范围：...""",源码路径+行号、对应运行测试或数据库/Redis/队列证据,N/A：原审计记录未提供补充依据；待复核源码、测试及运行证据。
REQ-CF-04474,core-finance,docs/ref-5.4-alert-rules.md,ALERT-001: 告警风暴抑制,#### ALERT-001: 告警风暴抑制,performance,P1,4. 统计风暴期间的最高频事件、平均持续时间,源码路径+行号、对应运行测试或数据库/Redis/队列证据,N/A：原审计记录未提供补充依据；待复核源码、测试及运行证据。
REQ-CF-04475,core-finance,docs/ref-5.4-alert-rules.md,ALERT-001: 告警风暴抑制,#### ALERT-001: 告警风暴抑制,performance,P1,退出条件：连续 2 个聚合周期内触发次数 < 10 次/分钟,源码路径+行号、对应运行测试或数据库/Redis/队列证据,N/A：原审计记录未提供补充依据；待复核源码、测试及运行证据。
REQ-CF-04476,core-finance,docs/ref-4.4-finance.md,财务管理 — 深化参考文档,**对应章节**：[PRD-README.md §4.4 财务管理](../PRD-README.md#44-财务管理) + [§5.2 计费与结算精化](../PRD-README.md#52-计费与结算精化),logic,P1,**对应章节**：[PRD-README.md §4.4 财务管理](../PRD-README.md#44-财务管理) + [§5.2 计费与结算精化](../PRD-README.md#52-计费与结算精化),源码路径+行号、对应运行测试或数据库/Redis/队列证据,N/A：原审计记录未提供补充依据；待复核源码、测试及运行证据。
REQ-CF-04477,core-finance,docs/ref-4.4-finance.md,财务管理 — 深化参考文档,**状态**：基于现有后端代码（`api/src/db/schema/billing.ts`、`api/src/db/schema/finance.ts`、`api/src/routes/admin/finance/*.ts`、`api/src/services/billing/`、`api/src/services/reconciliation/`）生成,api,P1,**状态**：基于现有后端代码（`api/src/db/schema/billing.ts`、`api/src/db/schema/finance.ts`、`api/src/routes/admin/finance/*.ts`、`api/src/services/billing/`、`api/src/services/reconciliation/`）生成,源码路径+行号、对应运行测试或数据库/Redis/队列证据,N/A：原审计记录未提供补充依据；待复核源码、测试及运行证据。
REQ-CF-04478,core-finance,docs/ref-4.4-finance.md,财务管理 — 深化参考文档,**粒度**：Schema 字段定义 → API 接口 → 前端组件 Props → 商业逻辑 → 交叉引用,api,P1,**粒度**：Schema 字段定义 → API 接口 → 前端组件 Props → 商业逻辑 → 交叉引用,源码路径+行号、对应运行测试或数据库/Redis/队列证据,N/A：原审计记录未提供补充依据；待复核源码、测试及运行证据。
REQ-CF-04479,core-finance,docs/ref-4.4-finance.md,目录,## 目录,logic,P1,[价格引擎与计费链路](#1-价格引擎与计费链路),源码路径+行号、对应运行测试或数据库/Redis/队列证据,N/A：原审计记录未提供补充依据；待复核源码、测试及运行证据。
REQ-CF-04480,core-finance,docs/ref-4.4-finance.md,目录,## 目录,logic,P1,[充值管理（多通道）](#2-充值管理),源码路径+行号、对应运行测试或数据库/Redis/队列证据,N/A：原审计记录未提供补充依据；待复核源码、测试及运行证据。
REQ-CF-04481,core-finance,docs/ref-4.4-finance.md,目录,## 目录,logic,P1,[发票管理](#3-发票管理),源码路径+行号、对应运行测试或数据库/Redis/队列证据,N/A：原审计记录未提供补充依据；待复核源码、测试及运行证据。
REQ-CF-04482,core-finance,docs/ref-4.4-finance.md,目录,## 目录,logic,P1,[退款管理](#4-退款管理),源码路径+行号、对应运行测试或数据库/Redis/队列证据,N/A：原审计记录未提供补充依据；待复核源码、测试及运行证据。
REQ-CF-04483,core-finance,docs/ref-4.4-finance.md,目录,## 目录,logic,P1,[财务仪表盘](#5-财务仪表盘),源码路径+行号、对应运行测试或数据库/Redis/队列证据,N/A：原审计记录未提供补充依据；待复核源码、测试及运行证据。
REQ-CF-04484,core-finance,docs/ref-4.4-finance.md,目录,## 目录,logic,P1,[自动对账引擎](#6-自动对账引擎),源码路径+行号、对应运行测试或数据库/Redis/队列证据,N/A：原审计记录未提供补充依据；待复核源码、测试及运行证据。
REQ-CF-04485,core-finance,docs/ref-4.4-finance.md,目录,## 目录,logic,P1,[账单与财务日报](#7-账单与财务日报),源码路径+行号、对应运行测试或数据库/Redis/队列证据,N/A：原审计记录未提供补充依据；待复核源码、测试及运行证据。
REQ-CF-04486,core-finance,docs/ref-4.4-finance.md,目录,## 目录,logic,P1,[跨模块数据流](#8-跨模块数据流),源码路径+行号、对应运行测试或数据库/Redis/队列证据,N/A：原审计记录未提供补充依据；待复核源码、测试及运行证据。
REQ-CF-04487,core-finance,docs/ref-4.4-finance.md,L0 — 渠道成本价,#### L0 — 渠道成本价,field,P1,**`vendor_models` 表字段**：,源码路径+行号、对应运行测试或数据库/Redis/队列证据,N/A：原审计记录未提供补充依据；待复核源码、测试及运行证据。
REQ-CF-04488,core-finance,docs/ref-4.4-finance.md,L1 — 平台标准价,#### L1 — 平台标准价,logic,P1,**`site_configs`**：`default_markup` — 全局加价率（百分比）,源码路径+行号、对应运行测试或数据库/Redis/队列证据,N/A：原审计记录未提供补充依据；待复核源码、测试及运行证据。
REQ-CF-04489,core-finance,docs/ref-4.4-finance.md,L1 — 平台标准价,#### L1 — 平台标准价,logic,P1,"如：`inputPrice=0.000001`, `markup=50%` → `sellPrice=0.0000015",源码路径+行号、对应运行测试或数据库/Redis/队列证据,N/A：原审计记录未提供补充依据；待复核源码、测试及运行证据。
REQ-CF-04490,core-finance,docs/ref-4.4-finance.md,L2 — 模型覆盖价,#### L2 — 模型覆盖价,field,P1,**`vendor_models` 表字段**：,源码路径+行号、对应运行测试或数据库/Redis/队列证据,N/A：原审计记录未提供补充依据；待复核源码、测试及运行证据。
REQ-CF-04491,core-finance,docs/ref-4.4-finance.md,L2 — 模型覆盖价,#### L2 — 模型覆盖价,logic,P1,不为 null 时覆盖 L1 计算值。,源码路径+行号、对应运行测试或数据库/Redis/队列证据,N/A：原审计记录未提供补充依据；待复核源码、测试及运行证据。
REQ-CF-04492,core-finance,docs/ref-4.4-finance.md,L3 — Key 组内 Key 独立售价,#### L3 — Key 组内 Key 独立售价,logic,P1,**`vendor_key_group_items` 表**（每个 Key 自己的 sellPrice）：,源码路径+行号、对应运行测试或数据库/Redis/队列证据,N/A：原审计记录未提供补充依据；待复核源码、测试及运行证据。
REQ-CF-04493,core-finance,docs/ref-4.4-finance.md,L3 — Key 组内 Key 独立售价,#### L3 — Key 组内 Key 独立售价,logic,P1,不为 null 时覆盖 L2。,源码路径+行号、对应运行测试或数据库/Redis/队列证据,N/A：原审计记录未提供补充依据；待复核源码、测试及运行证据。
REQ-CF-04494,core-finance,docs/ref-4.4-finance.md,L4 — Key-Model 交叉定价,#### L4 — Key-Model 交叉定价,logic,P1,**`vendor_key_group_model_prices` 表**：,源码路径+行号、对应运行测试或数据库/Redis/队列证据,N/A：原审计记录未提供补充依据；待复核源码、测试及运行证据。
REQ-CF-04495,core-finance,docs/ref-4.4-finance.md,L5 — 活动价,#### L5 — 活动价,logic,P1,**`campaign_prices` 表**（同一模型在活动期间的特殊价格）。,源码路径+行号、对应运行测试或数据库/Redis/队列证据,N/A：原审计记录未提供补充依据；待复核源码、测试及运行证据。
REQ-CF-04496,core-finance,docs/ref-4.4-finance.md,1.2 优先级计算,### 1.2 优先级计算,api,P1,实现参考 `api/src/services/billing/pricing.ts`：,源码路径+行号、对应运行测试或数据库/Redis/队列证据,N/A：原审计记录未提供补充依据；待复核源码、测试及运行证据。
REQ-CF-04497,core-finance,docs/ref-4.4-finance.md,1.4 用户折扣,### 1.4 用户折扣,logic,P1,**`user_discounts` 表**：,源码路径+行号、对应运行测试或数据库/Redis/队列证据,N/A：原审计记录未提供补充依据；待复核源码、测试及运行证据。
REQ-CF-04498,core-finance,docs/ref-4.4-finance.md,1.4 用户折扣,### 1.4 用户折扣,logic,P1,作用：对特定用户的整体折扣率（如 VIP 用户 8 折 = 0.8000）。在价格优先级链末尾应用。,源码路径+行号、对应运行测试或数据库/Redis/队列证据,N/A：原审计记录未提供补充依据；待复核源码、测试及运行证据。
REQ-CF-04499,core-finance,docs/ref-4.4-finance.md,2.1 充值表结构（`recharge_orders`）,"export const rechargeOrders = pgTable(""recharge_orders"", {",logic,P1,recharge_orders_order_no_idx` (unique) — 订单号快速检索,源码路径+行号、对应运行测试或数据库/Redis/队列证据,N/A：原审计记录未提供补充依据；待复核源码、测试及运行证据。
REQ-CF-04500,core-finance,docs/ref-4.4-finance.md,2.1 充值表结构（`recharge_orders`）,"export const rechargeOrders = pgTable(""recharge_orders"", {",logic,P1,recharge_orders_user_created_at_idx` — 用户充值历史,源码路径+行号、对应运行测试或数据库/Redis/队列证据,N/A：原审计记录未提供补充依据；待复核源码、测试及运行证据。
REQ-CF-04501,core-finance,docs/ref-4.4-finance.md,2.1 充值表结构（`recharge_orders`）,"export const rechargeOrders = pgTable(""recharge_orders"", {",state,P1,recharge_orders_status_idx` — 按状态筛选,源码路径+行号、对应运行测试或数据库/Redis/队列证据,N/A：原审计记录未提供补充依据；待复核源码、测试及运行证据。
REQ-CF-04502,core-finance,docs/ref-4.4-finance.md,2.2 充值通道,| 支付宝在线 | `alipay` | 支付宝支付 → 回调自动到账 | 自动 |,logic,P1,通道应满足：支付宝在线,源码路径+行号、对应运行测试或数据库/Redis/队列证据,表格单元格已拆为单一字段断言
REQ-CF-04503,core-finance,docs/ref-4.4-finance.md,2.2 充值通道,| 支付宝在线 | `alipay` | 支付宝支付 → 回调自动到账 | 自动 |,logic,P1,enum 值应满足：`alipay`,源码路径+行号、对应运行测试或数据库/Redis/队列证据,表格单元格已拆为单一字段断言
REQ-CF-04504,core-finance,docs/ref-4.4-finance.md,2.2 充值通道,| 支付宝在线 | `alipay` | 支付宝支付 → 回调自动到账 | 自动 |,logic,P1,到账方式应满足：支付宝支付 → 回调自动到账,源码路径+行号、对应运行测试或数据库/Redis/队列证据,表格单元格已拆为单一字段断言
REQ-CF-04505,core-finance,docs/ref-4.4-finance.md,2.2 充值通道,| 通道 | enum 值 | 到账方式 | 审核要求 |,logic,P1,审核要求应满足：自动,源码路径+行号、对应运行测试或数据库/Redis/队列证据,表格单元格已拆为单一字段断言
REQ-CF-04506,core-finance,docs/ref-4.4-finance.md,2.2 充值通道,| 微信在线 | `wechat` | 微信支付 → 回调自动到账 | 自动 |,logic,P1,通道应满足：微信在线,源码路径+行号、对应运行测试或数据库/Redis/队列证据,表格单元格已拆为单一字段断言
REQ-CF-04507,core-finance,docs/ref-4.4-finance.md,2.2 充值通道,| 微信在线 | `wechat` | 微信支付 → 回调自动到账 | 自动 |,logic,P1,enum 值应满足：`wechat`,源码路径+行号、对应运行测试或数据库/Redis/队列证据,表格单元格已拆为单一字段断言
REQ-CF-04508,core-finance,docs/ref-4.4-finance.md,2.2 充值通道,| 微信在线 | `wechat` | 微信支付 → 回调自动到账 | 自动 |,logic,P1,到账方式应满足：微信支付 → 回调自动到账,源码路径+行号、对应运行测试或数据库/Redis/队列证据,表格单元格已拆为单一字段断言
REQ-CF-04510,core-finance,docs/ref-4.4-finance.md,2.2 充值通道,| 对公转账 | `bank_transfer` | 人工审核凭证 → 双审确认 | 财务双审 |,logic,P1,通道应满足：对公转账,源码路径+行号、对应运行测试或数据库/Redis/队列证据,表格单元格已拆为单一字段断言
REQ-CF-04511,core-finance,docs/ref-4.4-finance.md,2.2 充值通道,| 对公转账 | `bank_transfer` | 人工审核凭证 → 双审确认 | 财务双审 |,logic,P1,enum 值应满足：`bank_transfer`,源码路径+行号、对应运行测试或数据库/Redis/队列证据,表格单元格已拆为单一字段断言
REQ-CF-04512,core-finance,docs/ref-4.4-finance.md,2.2 充值通道,| 对公转账 | `bank_transfer` | 人工审核凭证 → 双审确认 | 财务双审 |,logic,P1,到账方式应满足：人工审核凭证 → 双审确认,源码路径+行号、对应运行测试或数据库/Redis/队列证据,表格单元格已拆为单一字段断言
REQ-CF-04513,core-finance,docs/ref-4.4-finance.md,2.2 充值通道,| 通道 | enum 值 | 到账方式 | 审核要求 |,logic,P1,审核要求应满足：财务双审,源码路径+行号、对应运行测试或数据库/Redis/队列证据,表格单元格已拆为单一字段断言
REQ-CF-04514,core-finance,docs/ref-4.4-finance.md,2.2 充值通道,| 对公转账 | `bank_transfer` | 人工审核凭证 → 双审确认 | 财务双审 |,logic,P1,**对公转账双审流程**：,源码路径+行号、对应运行测试或数据库/Redis/队列证据,N/A：原审计记录未提供补充依据；待复核源码、测试及运行证据。
REQ-CF-04515,core-finance,docs/ref-4.4-finance.md,POST `/api/v1/recharge` — 发起充值,#### POST `/api/v1/recharge` — 发起充值,api,P1,**请求**（在线支付）：,源码路径+行号、对应运行测试或数据库/Redis/队列证据,N/A：原审计记录未提供补充依据；待复核源码、测试及运行证据。
REQ-CF-04516,core-finance,docs/ref-4.4-finance.md,POST `/api/v1/recharge` — 发起充值,#### POST `/api/v1/recharge` — 发起充值,api,P1,**请求**（对公转账）：,源码路径+行号、对应运行测试或数据库/Redis/队列证据,N/A：原审计记录未提供补充依据；待复核源码、测试及运行证据。
REQ-CF-04517,core-finance,docs/ref-4.4-finance.md,GET `/api/v1/admin/recharge-orders` — 充值订单列表,#### GET `/api/v1/admin/recharge-orders` — 充值订单列表,api,P1,"**Query**: `page`, `pageSize`, `status`, `channel`, `startDate`, `endDate`, `search",源码路径+行号、对应运行测试或数据库/Redis/队列证据,N/A：原审计记录未提供补充依据；待复核源码、测试及运行证据。
REQ-CF-04518,core-finance,docs/ref-4.4-finance.md,2.4 前端充值管理页面,### 2.4 前端充值管理页面,page,P1,**RechargeOrderDetailModal Props**：,源码路径+行号、对应运行测试或数据库/Redis/队列证据,N/A：原审计记录未提供补充依据；待复核源码、测试及运行证据。
REQ-CF-04519,core-finance,docs/ref-4.4-finance.md,POST `/api/v1/invoices` — 申请发票,#### POST `/api/v1/invoices` — 申请发票,api,P1,已开票金额 ≤ 已消费/充值金额（防止超额开票）,源码路径+行号、对应运行测试或数据库/Redis/队列证据,N/A：原审计记录未提供补充依据；待复核源码、测试及运行证据。
REQ-CF-04520,core-finance,docs/ref-4.4-finance.md,GET `/api/v1/admin/invoices` — 管理员发票列表,#### GET `/api/v1/admin/invoices` — 管理员发票列表,api,P1,"**Query filters**: `status`, `userId`, `invoiceType`, `startDate`, `endDate`, `search",源码路径+行号、对应运行测试或数据库/Redis/队列证据,N/A：原审计记录未提供补充依据；待复核源码、测试及运行证据。
REQ-CF-04521,core-finance,docs/ref-4.4-finance.md,4.1 退款表结构（`refund_requests`）,// fee_refund | order_refund | api_refund,logic,P1,类型应满足：`fee_refund`,源码路径+行号、对应运行测试或数据库/Redis/队列证据,表格单元格已拆为单一字段断言
REQ-CF-04522,core-finance,docs/ref-4.4-finance.md,4.1 退款表结构（`refund_requests`）,### 4.1 退款表结构（`refund_requests`）,logic,P0,说明应满足：余额退费,源码路径+行号、对应运行测试或数据库/Redis/队列证据,表格单元格已拆为单一字段断言
REQ-CF-04523,core-finance,docs/ref-4.4-finance.md,4.1 退款表结构（`refund_requests`）,### 4.1 退款表结构（`refund_requests`）,logic,P0,退到哪里应满足：退回用户余额,源码路径+行号、对应运行测试或数据库/Redis/队列证据,表格单元格已拆为单一字段断言
REQ-CF-04524,core-finance,docs/ref-4.4-finance.md,4.1 退款表结构（`refund_requests`）,// fee_refund | order_refund | api_refund,logic,P1,类型应满足：`order_refund`,源码路径+行号、对应运行测试或数据库/Redis/队列证据,表格单元格已拆为单一字段断言
REQ-CF-04525,core-finance,docs/ref-4.4-finance.md,4.1 退款表结构（`refund_requests`）,### 4.1 退款表结构（`refund_requests`）,logic,P1,说明应满足：充值订单退款,源码路径+行号、对应运行测试或数据库/Redis/队列证据,表格单元格已拆为单一字段断言
REQ-CF-04526,core-finance,docs/ref-4.4-finance.md,4.1 退款表结构（`refund_requests`）,### 4.1 退款表结构（`refund_requests`）,rollback,P0,退到哪里应满足：原路退回（通道）+ 余额回滚,源码路径+行号、对应运行测试或数据库/Redis/队列证据,表格单元格已拆为单一字段断言
REQ-CF-04527,core-finance,docs/ref-4.4-finance.md,4.1 退款表结构（`refund_requests`）,// fee_refund | order_refund | api_refund,api,P1,类型应满足：`api_refund`,源码路径+行号、对应运行测试或数据库/Redis/队列证据,表格单元格已拆为单一字段断言
REQ-CF-04528,core-finance,docs/ref-4.4-finance.md,4.1 退款表结构（`refund_requests`）,"refCallLogId: integer(""ref_call_log_id""),      // 调用退款",api,P1,说明应满足：API 调用退款（失败计费）,源码路径+行号、对应运行测试或数据库/Redis/队列证据,表格单元格已拆为单一字段断言
REQ-CF-04530,core-finance,docs/ref-4.4-finance.md,POST `/api/v1/admin/refunds/:id/execute` — 执行退款,#### POST `/api/v1/admin/refunds/:id/execute` — 执行退款,api,P1,1. 更新 refundRequests.status → completed,源码路径+行号、对应运行测试或数据库/Redis/队列证据,N/A：原审计记录未提供补充依据；待复核源码、测试及运行证据。
REQ-CF-04531,core-finance,docs/ref-4.4-finance.md,POST `/api/v1/admin/refunds/:id/execute` — 执行退款,#### POST `/api/v1/admin/refunds/:id/execute` — 执行退款,api,P0,2. 如果是调用的退款 → `updateHealthAfterCall` + 调整用户余额,源码路径+行号、对应运行测试或数据库/Redis/队列证据,N/A：原审计记录未提供补充依据；待复核源码、测试及运行证据。
REQ-CF-04532,core-finance,docs/ref-4.4-finance.md,POST `/api/v1/admin/refunds/:id/execute` — 执行退款,#### POST `/api/v1/admin/refunds/:id/execute` — 执行退款,api,P1,3. 如果是充值订单退款 → 标记 `rechargeOrders.refundedAt,源码路径+行号、对应运行测试或数据库/Redis/队列证据,N/A：原审计记录未提供补充依据；待复核源码、测试及运行证据。
REQ-CF-04533,core-finance,docs/ref-4.4-finance.md,POST `/api/v1/admin/refunds/:id/execute` — 执行退款,#### POST `/api/v1/admin/refunds/:id/execute` — 执行退款,api,P1,4. 写入 `balance_logs` (type=refund),源码路径+行号、对应运行测试或数据库/Redis/队列证据,N/A：原审计记录未提供补充依据；待复核源码、测试及运行证据。
REQ-CF-04534,core-finance,docs/ref-4.4-finance.md,5.2 已实现指标,| 本月收入 | `call_logs.cost` SUM | 月度 |,logic,P1,指标应满足：本月收入,源码路径+行号、对应运行测试或数据库/Redis/队列证据,表格单元格已拆为单一字段断言
REQ-CF-04535,core-finance,docs/ref-4.4-finance.md,5.2 已实现指标,| 本月收入 | `call_logs.cost` SUM | 月度 |,api,P1,API 来源应满足：`call_logs.cost` SUM,源码路径+行号、对应运行测试或数据库/Redis/队列证据,表格单元格已拆为单一字段断言
REQ-CF-04536,core-finance,docs/ref-4.4-finance.md,5.2 已实现指标,| 指标 | API 来源 | 聚合粒度 |,logic,P1,聚合粒度应满足：月度,源码路径+行号、对应运行测试或数据库/Redis/队列证据,表格单元格已拆为单一字段断言
REQ-CF-04537,core-finance,docs/ref-4.4-finance.md,5.2 已实现指标,| 今日收入 | `call_logs.cost` SUM（当天）| 当天 |,logic,P1,指标应满足：今日收入,源码路径+行号、对应运行测试或数据库/Redis/队列证据,表格单元格已拆为单一字段断言
REQ-CF-04538,core-finance,docs/ref-4.4-finance.md,5.2 已实现指标,| 今日收入 | `call_logs.cost` SUM（当天）| 当天 |,api,P1,API 来源应满足：`call_logs.cost` SUM（当天）,源码路径+行号、对应运行测试或数据库/Redis/队列证据,表格单元格已拆为单一字段断言
REQ-CF-04539,core-finance,docs/ref-4.4-finance.md,5.2 已实现指标,| 指标 | API 来源 | 聚合粒度 |,logic,P1,聚合粒度应满足：当天,源码路径+行号、对应运行测试或数据库/Redis/队列证据,表格单元格已拆为单一字段断言
REQ-CF-04540,core-finance,docs/ref-4.4-finance.md,5.2 已实现指标,| 收入构成（充值/代理/其他） | `recharge_orders.channel` + `agents` | 月度 |,logic,P1,指标应满足：收入构成（充值/代理/其他）,源码路径+行号、对应运行测试或数据库/Redis/队列证据,表格单元格已拆为单一字段断言
REQ-CF-04541,core-finance,docs/ref-4.4-finance.md,5.2 已实现指标,| 收入构成（充值/代理/其他） | `recharge_orders.channel` + `agents` | 月度 |,api,P1,API 来源应满足：`recharge_orders.channel` + `agents`,源码路径+行号、对应运行测试或数据库/Redis/队列证据,表格单元格已拆为单一字段断言
REQ-CF-04543,core-finance,docs/ref-4.4-finance.md,5.2 已实现指标,| 按模型收入 Top 5 | `call_logs.modelName` GROUP BY | 月度 |,logic,P1,指标应满足：按模型收入 Top 5,源码路径+行号、对应运行测试或数据库/Redis/队列证据,表格单元格已拆为单一字段断言
REQ-CF-04544,core-finance,docs/ref-4.4-finance.md,5.2 已实现指标,| 按模型收入 Top 5 | `call_logs.modelName` GROUP BY | 月度 |,api,P1,API 来源应满足：`call_logs.modelName` GROUP BY,源码路径+行号、对应运行测试或数据库/Redis/队列证据,表格单元格已拆为单一字段断言
REQ-CF-04546,core-finance,docs/ref-4.4-finance.md,5.2 已实现指标,| 本月支出 | `call_logs.cost` SUM（成本价）| 月度 |,logic,P1,指标应满足：本月支出,源码路径+行号、对应运行测试或数据库/Redis/队列证据,表格单元格已拆为单一字段断言
REQ-CF-04547,core-finance,docs/ref-4.4-finance.md,5.2 已实现指标,| 本月支出 | `call_logs.cost` SUM（成本价）| 月度 |,api,P1,API 来源应满足：`call_logs.cost` SUM（成本价）,源码路径+行号、对应运行测试或数据库/Redis/队列证据,表格单元格已拆为单一字段断言
REQ-CF-04549,core-finance,docs/ref-4.4-finance.md,5.2 已实现指标,| 支出构成（按渠道） | `call_logs.vendorName` GROUP BY | 月度 |,logic,P1,指标应满足：支出构成（按渠道）,源码路径+行号、对应运行测试或数据库/Redis/队列证据,表格单元格已拆为单一字段断言
REQ-CF-04550,core-finance,docs/ref-4.4-finance.md,5.2 已实现指标,| 支出构成（按渠道） | `call_logs.vendorName` GROUP BY | 月度 |,api,P1,API 来源应满足：`call_logs.vendorName` GROUP BY,源码路径+行号、对应运行测试或数据库/Redis/队列证据,表格单元格已拆为单一字段断言
REQ-CF-04552,core-finance,docs/ref-4.4-finance.md,5.2 已实现指标,| 毛利润 | 用户收入 - 渠道成本 | 月度 |,logic,P1,指标应满足：毛利润,源码路径+行号、对应运行测试或数据库/Redis/队列证据,表格单元格已拆为单一字段断言
REQ-CF-04553,core-finance,docs/ref-4.4-finance.md,5.2 已实现指标,| 毛利润 | 用户收入 - 渠道成本 | 月度 |,api,P1,API 来源应满足：用户收入 - 渠道成本,源码路径+行号、对应运行测试或数据库/Redis/队列证据,表格单元格已拆为单一字段断言
REQ-CF-04555,core-finance,docs/ref-4.4-finance.md,5.2 已实现指标,| 毛利率趋势 | `finance_profit_records` 表 | 近 12 个月 |,logic,P1,指标应满足：毛利率趋势,源码路径+行号、对应运行测试或数据库/Redis/队列证据,表格单元格已拆为单一字段断言
REQ-CF-04556,core-finance,docs/ref-4.4-finance.md,5.2 已实现指标,| 毛利率趋势 | `finance_profit_records` 表 | 近 12 个月 |,api,P1,API 来源应满足：`finance_profit_records` 表,源码路径+行号、对应运行测试或数据库/Redis/队列证据,表格单元格已拆为单一字段断言
REQ-CF-04557,core-finance,docs/ref-4.4-finance.md,5.2 已实现指标,| 毛利率趋势 | `finance_profit_records` 表 | 近 12 个月 |,logic,P1,聚合粒度应满足：近 12 个月,源码路径+行号、对应运行测试或数据库/Redis/队列证据,表格单元格已拆为单一字段断言
REQ-CF-04558,core-finance,docs/ref-4.4-finance.md,5.2 已实现指标,| 按模型毛利率 | `finance_profit_records` 表 | 月度 |,logic,P1,指标应满足：按模型毛利率,源码路径+行号、对应运行测试或数据库/Redis/队列证据,表格单元格已拆为单一字段断言
REQ-CF-04561,core-finance,docs/ref-4.4-finance.md,5.4 前端仪表盘组件规格,### 5.4 前端仪表盘组件规格,logic,P1,**FinanceDashboardProps**：,源码路径+行号、对应运行测试或数据库/Redis/队列证据,N/A：原审计记录未提供补充依据；待复核源码、测试及运行证据。
REQ-CF-04562,core-finance,docs/ref-4.4-finance.md,GET `/api/v1/admin/finance/reconciliation` — 对账报告列表,#### GET `/api/v1/admin/finance/reconciliation` — 对账报告列表,api,P1,"**Query**: `reconType`, `startDate`, `endDate`, `status",源码路径+行号、对应运行测试或数据库/Redis/队列证据,N/A：原审计记录未提供补充依据；待复核源码、测试及运行证据。
REQ-CF-04563,core-finance,docs/ref-4.4-finance.md,7.1 账单 PDF 生成,### 7.1 账单 PDF 生成,api,P1,**API**：`POST /api/v1/admin/billing/generate-pdf,源码路径+行号、对应运行测试或数据库/Redis/队列证据,N/A：原审计记录未提供补充依据；待复核源码、测试及运行证据。
REQ-CF-04564,core-finance,docs/ref-4.4-finance.md,7.1 账单 PDF 生成,### 7.1 账单 PDF 生成,api,P1,**实现参考**：`api/src/services/billing-pdf.ts,源码路径+行号、对应运行测试或数据库/Redis/队列证据,N/A：原审计记录未提供补充依据；待复核源码、测试及运行证据。
REQ-CF-04565,core-finance,docs/ref-4.4-finance.md,7.2 财务日报自动生成,### 7.2 财务日报自动生成,logic,P1,**每日定时任务**（`daily-summary.ts`）：,源码路径+行号、对应运行测试或数据库/Redis/队列证据,N/A：原审计记录未提供补充依据；待复核源码、测试及运行证据。
REQ-CF-04566,core-finance,docs/ref-4.4-finance.md,8.2 依赖模块,"| `billing/index.ts` | `call_logs`, `balance_logs`, `agent_clients` | 计费核心 |",logic,P1,模块应满足：`billing/index.ts`,源码路径+行号、对应运行测试或数据库/Redis/队列证据,表格单元格已拆为单一字段断言
REQ-CF-04567,core-finance,docs/ref-4.4-finance.md,8.2 依赖模块,"| `billing/index.ts` | `call_logs`, `balance_logs`, `agent_clients` | 计费核心 |",logic,P1,"依赖应满足：`call_logs`, `balance_logs`, `agent_clients`",源码路径+行号、对应运行测试或数据库/Redis/队列证据,表格单元格已拆为单一字段断言
REQ-CF-04568,core-finance,docs/ref-4.4-finance.md,8.2 依赖模块,"| `billing/index.ts` | `call_logs`, `balance_logs`, `agent_clients` | 计费核心 |",logic,P1,说明应满足：计费核心,源码路径+行号、对应运行测试或数据库/Redis/队列证据,表格单元格已拆为单一字段断言
REQ-CF-04569,core-finance,docs/ref-4.4-finance.md,8.2 依赖模块,"| `billing/commission.ts` | `commission_rules`, `commission_logs` | 佣金计算 |",logic,P1,模块应满足：`billing/commission.ts`,源码路径+行号、对应运行测试或数据库/Redis/队列证据,表格单元格已拆为单一字段断言
REQ-CF-04570,core-finance,docs/ref-4.4-finance.md,8.2 依赖模块,"| `billing/commission.ts` | `commission_rules`, `commission_logs` | 佣金计算 |",logic,P1,"依赖应满足：`commission_rules`, `commission_logs`",源码路径+行号、对应运行测试或数据库/Redis/队列证据,表格单元格已拆为单一字段断言
REQ-CF-04571,core-finance,docs/ref-4.4-finance.md,8.2 依赖模块,"| `billing/commission.ts` | `commission_rules`, `commission_logs` | 佣金计算 |",logic,P1,说明应满足：佣金计算,源码路径+行号、对应运行测试或数据库/Redis/队列证据,表格单元格已拆为单一字段断言
REQ-CF-04572,core-finance,docs/ref-4.4-finance.md,8.2 依赖模块,"| `billing-pdf.ts` | `call_logs`, `models` | 账单 PDF 生成 |",logic,P1,模块应满足：`billing-pdf.ts`,源码路径+行号、对应运行测试或数据库/Redis/队列证据,表格单元格已拆为单一字段断言
REQ-CF-04573,core-finance,docs/ref-4.4-finance.md,8.2 依赖模块,"| `billing-pdf.ts` | `call_logs`, `models` | 账单 PDF 生成 |",logic,P1,"依赖应满足：`call_logs`, `models`",源码路径+行号、对应运行测试或数据库/Redis/队列证据,表格单元格已拆为单一字段断言
REQ-CF-04574,core-finance,docs/ref-4.4-finance.md,8.2 依赖模块,"| `billing-pdf.ts` | `call_logs`, `models` | 账单 PDF 生成 |",logic,P1,说明应满足：账单 PDF 生成,源码路径+行号、对应运行测试或数据库/Redis/队列证据,表格单元格已拆为单一字段断言
REQ-CF-04575,core-finance,docs/ref-4.4-finance.md,8.2 依赖模块,"| `recharge-service/` | `recharge_orders`, `balance_logs` | 充值服务 |",logic,P1,模块应满足：`recharge-service/`,源码路径+行号、对应运行测试或数据库/Redis/队列证据,表格单元格已拆为单一字段断言
REQ-CF-04576,core-finance,docs/ref-4.4-finance.md,8.2 依赖模块,"| `recharge-service/` | `recharge_orders`, `balance_logs` | 充值服务 |",logic,P1,"依赖应满足：`recharge_orders`, `balance_logs`",源码路径+行号、对应运行测试或数据库/Redis/队列证据,表格单元格已拆为单一字段断言
REQ-CF-04577,core-finance,docs/ref-4.4-finance.md,8.2 依赖模块,"| `recharge-service/` | `recharge_orders`, `balance_logs` | 充值服务 |",logic,P1,说明应满足：充值服务,源码路径+行号、对应运行测试或数据库/Redis/队列证据,表格单元格已拆为单一字段断言
REQ-CF-04578,core-finance,docs/ref-4.4-finance.md,8.2 依赖模块,| `invoice-service/` | `invoice_requests` | 发票服务 |,logic,P1,模块应满足：`invoice-service/`,源码路径+行号、对应运行测试或数据库/Redis/队列证据,表格单元格已拆为单一字段断言
REQ-CF-04579,core-finance,docs/ref-4.4-finance.md,8.2 依赖模块,| `invoice-service/` | `invoice_requests` | 发票服务 |,logic,P1,依赖应满足：`invoice_requests`,源码路径+行号、对应运行测试或数据库/Redis/队列证据,表格单元格已拆为单一字段断言
REQ-CF-04580,core-finance,docs/ref-4.4-finance.md,8.2 依赖模块,| `invoice-service/` | `invoice_requests` | 发票服务 |,logic,P1,说明应满足：发票服务,源码路径+行号、对应运行测试或数据库/Redis/队列证据,表格单元格已拆为单一字段断言
REQ-CF-04581,core-finance,docs/ref-4.4-finance.md,8.2 依赖模块,"| `refund-service/` | `refund_requests`, `balance_logs` | 退款服务 |",logic,P1,模块应满足：`refund-service/`,源码路径+行号、对应运行测试或数据库/Redis/队列证据,表格单元格已拆为单一字段断言
REQ-CF-04582,core-finance,docs/ref-4.4-finance.md,8.2 依赖模块,"| `refund-service/` | `refund_requests`, `balance_logs` | 退款服务 |",logic,P1,"依赖应满足：`refund_requests`, `balance_logs`",源码路径+行号、对应运行测试或数据库/Redis/队列证据,表格单元格已拆为单一字段断言
REQ-CF-04583,core-finance,docs/ref-4.4-finance.md,8.2 依赖模块,"| `refund-service/` | `refund_requests`, `balance_logs` | 退款服务 |",logic,P1,说明应满足：退款服务,源码路径+行号、对应运行测试或数据库/Redis/队列证据,表格单元格已拆为单一字段断言
REQ-CF-04584,core-finance,docs/ref-4.4-finance.md,8.2 依赖模块,| `reconciliation/` | 所有财务表 | 对账引擎 |,logic,P1,模块应满足：`reconciliation/`,源码路径+行号、对应运行测试或数据库/Redis/队列证据,表格单元格已拆为单一字段断言
REQ-CF-04585,core-finance,docs/ref-4.4-finance.md,8.2 依赖模块,| `reconciliation/` | 所有财务表 | 对账引擎 |,logic,P1,依赖应满足：所有财务表,源码路径+行号、对应运行测试或数据库/Redis/队列证据,表格单元格已拆为单一字段断言
REQ-CF-04586,core-finance,docs/ref-4.4-finance.md,8.2 依赖模块,| `reconciliation/` | 所有财务表 | 对账引擎 |,logic,P1,说明应满足：对账引擎,源码路径+行号、对应运行测试或数据库/Redis/队列证据,表格单元格已拆为单一字段断言
REQ-CF-04587,core-finance,docs/ref-4.4-finance.md,8.2 依赖模块,| `daily-summary/` | `daily_recon_summary` | 日报生成 |,logic,P1,模块应满足：`daily-summary/`,源码路径+行号、对应运行测试或数据库/Redis/队列证据,表格单元格已拆为单一字段断言
REQ-CF-04588,core-finance,docs/ref-4.4-finance.md,8.2 依赖模块,| `daily-summary/` | `daily_recon_summary` | 日报生成 |,logic,P1,依赖应满足：`daily_recon_summary`,源码路径+行号、对应运行测试或数据库/Redis/队列证据,表格单元格已拆为单一字段断言
REQ-CF-04589,core-finance,docs/ref-4.4-finance.md,8.2 依赖模块,| `daily-summary/` | `daily_recon_summary` | 日报生成 |,logic,P1,说明应满足：日报生成,源码路径+行号、对应运行测试或数据库/Redis/队列证据,表格单元格已拆为单一字段断言
REQ-CF-04590,core-finance,docs/ref-4.4-finance.md,8.2 依赖模块,| `profit-service/` | `finance_profit_records` | 利润分析 |,logic,P1,模块应满足：`profit-service/`,源码路径+行号、对应运行测试或数据库/Redis/队列证据,表格单元格已拆为单一字段断言
REQ-CF-04591,core-finance,docs/ref-4.4-finance.md,8.2 依赖模块,| `profit-service/` | `finance_profit_records` | 利润分析 |,logic,P1,依赖应满足：`finance_profit_records`,源码路径+行号、对应运行测试或数据库/Redis/队列证据,表格单元格已拆为单一字段断言
REQ-CF-04592,core-finance,docs/ref-4.4-finance.md,8.2 依赖模块,| `profit-service/` | `finance_profit_records` | 利润分析 |,logic,P1,说明应满足：利润分析,源码路径+行号、对应运行测试或数据库/Redis/队列证据,表格单元格已拆为单一字段断言
REQ-CF-04593,core-finance,docs/ref-4.4-finance.md,8.2 依赖模块,| `payment-adapter/` | 支付通道回调 | 支付适配器 |,logic,P1,模块应满足：`payment-adapter/`,源码路径+行号、对应运行测试或数据库/Redis/队列证据,表格单元格已拆为单一字段断言
REQ-CF-04594,core-finance,docs/ref-4.4-finance.md,8.2 依赖模块,| `payment-adapter/` | 支付通道回调 | 支付适配器 |,logic,P1,依赖应满足：支付通道回调,源码路径+行号、对应运行测试或数据库/Redis/队列证据,表格单元格已拆为单一字段断言
REQ-CF-04595,core-finance,docs/ref-4.4-finance.md,8.2 依赖模块,| `payment-adapter/` | 支付通道回调 | 支付适配器 |,logic,P1,说明应满足：支付适配器,源码路径+行号、对应运行测试或数据库/Redis/队列证据,表格单元格已拆为单一字段断言
REQ-CF-04596,core-finance,docs/ref-4.4-finance.md,8.2 依赖模块,| `payment-security.ts` | 支付风控 | 风控检查 |,logic,P1,模块应满足：`payment-security.ts`,源码路径+行号、对应运行测试或数据库/Redis/队列证据,表格单元格已拆为单一字段断言
REQ-CF-04597,core-finance,docs/ref-4.4-finance.md,8.2 依赖模块,| `payment-security.ts` | 支付风控 | 风控检查 |,logic,P1,依赖应满足：支付风控,源码路径+行号、对应运行测试或数据库/Redis/队列证据,表格单元格已拆为单一字段断言
REQ-CF-04598,core-finance,docs/ref-4.4-finance.md,8.2 依赖模块,| `payment-security.ts` | 支付风控 | 风控检查 |,logic,P1,说明应满足：风控检查,源码路径+行号、对应运行测试或数据库/Redis/队列证据,表格单元格已拆为单一字段断言
REQ-CF-04599,core-finance,docs/ref-4.4-finance.md,8.3 关联文档,| [PRD-README.md §4.4](../PRD-README.md#44-财务管理) | 财务总纲 |,logic,P1,文档应满足：[PRD-README.md §4.4](../PRD-README.md#44-财务管理),源码路径+行号、对应运行测试或数据库/Redis/队列证据,表格单元格已拆为单一字段断言
REQ-CF-04600,core-finance,docs/ref-4.4-finance.md,8.3 关联文档,| 文档 | 关联内容 |,logic,P1,关联内容应满足：财务总纲,源码路径+行号、对应运行测试或数据库/Redis/队列证据,表格单元格已拆为单一字段断言
REQ-CF-04601,core-finance,docs/ref-4.4-finance.md,8.3 关联文档,| [PRD-README.md §5.2](../PRD-README.md#52-计费与结算精化) | 计费/账单/对账 |,logic,P1,文档应满足：[PRD-README.md §5.2](../PRD-README.md#52-计费与结算精化),源码路径+行号、对应运行测试或数据库/Redis/队列证据,表格单元格已拆为单一字段断言
REQ-CF-04602,core-finance,docs/ref-4.4-finance.md,8.3 关联文档,| [PRD-README.md §5.2](../PRD-README.md#52-计费与结算精化) | 计费/账单/对账 |,logic,P1,关联内容应满足：计费/账单/对账,源码路径+行号、对应运行测试或数据库/Redis/队列证据,表格单元格已拆为单一字段断言
REQ-CF-04603,core-finance,docs/ref-4.4-finance.md,8.3 关联文档,| [ref-3-agent-system.md](ref-3-agent-system.md) | 代理佣金与提现 |,logic,P1,文档应满足：[ref-3-agent-system.md](ref-3-agent-system.md),源码路径+行号、对应运行测试或数据库/Redis/队列证据,表格单元格已拆为单一字段断言
REQ-CF-04604,core-finance,docs/ref-4.4-finance.md,8.3 关联文档,| [ref-3-agent-system.md](ref-3-agent-system.md) | 代理佣金与提现 |,logic,P1,关联内容应满足：代理佣金与提现,源码路径+行号、对应运行测试或数据库/Redis/队列证据,表格单元格已拆为单一字段断言
REQ-CF-04605,core-finance,docs/ref-4.4-finance.md,8.3 关联文档,| [ref-5.1-routing.md](ref-5.1-routing.md) | 路由 - 转发计费前提 |,logic,P1,文档应满足：[ref-5.1-routing.md](ref-5.1-routing.md),源码路径+行号、对应运行测试或数据库/Redis/队列证据,表格单元格已拆为单一字段断言
REQ-CF-04606,core-finance,docs/ref-4.4-finance.md,8.3 关联文档,| [ref-5.1-routing.md](ref-5.1-routing.md) | 路由 - 转发计费前提 |,logic,P1,关联内容应满足：路由 - 转发计费前提,源码路径+行号、对应运行测试或数据库/Redis/队列证据,表格单元格已拆为单一字段断言
REQ-CF-04607,core-finance,docs/ref-4.4-finance.md,8.3 关联文档,| [sprint-1/03-settlement-overview.md](sprint-1/03-settlement-overview.md) | 结算对账原始需求 |,logic,P1,文档应满足：[sprint-1/03-settlement-overview.md](sprint-1/03-settlement-overview.md),源码路径+行号、对应运行测试或数据库/Redis/队列证据,表格单元格已拆为单一字段断言
REQ-CF-04608,core-finance,docs/ref-4.4-finance.md,8.3 关联文档,| [sprint-1/03-settlement-overview.md](sprint-1/03-settlement-overview.md) | 结算对账原始需求 |,logic,P1,关联内容应满足：结算对账原始需求,源码路径+行号、对应运行测试或数据库/Redis/队列证据,表格单元格已拆为单一字段断言
REQ-CF-04609,core-finance,docs/ref-4.4-finance.md,8.4 关键约束,### 8.4 关键约束,audit,P0,1. **价格溯源性**：每笔 call_logs 必须记录 `priceSource` + `priceSourceId`，支持财务审计回溯,源码路径+行号、对应运行测试或数据库/Redis/队列证据,N/A：原审计记录未提供补充依据；待复核源码、测试及运行证据。
REQ-CF-04610,core-finance,docs/ref-4.4-finance.md,8.4 关键约束,### 8.4 关键约束,concurrency,P1,2. **乐观锁**：`daily_recon_summary.version` 防止并发重复生成,源码路径+行号、对应运行测试或数据库/Redis/队列证据,N/A：原审计记录未提供补充依据；待复核源码、测试及运行证据。
REQ-CF-04611,core-finance,docs/ref-4.4-finance.md,8.4 关键约束,### 8.4 关键约束,exception,P0,3. **资金平衡校验**：每日必须通过公式验证，差异 > ¥0.01 标记异常,源码路径+行号、对应运行测试或数据库/Redis/队列证据,N/A：原审计记录未提供补充依据；待复核源码、测试及运行证据。
REQ-CF-04612,core-finance,docs/ref-4.4-finance.md,8.4 关键约束,### 8.4 关键约束,field,P1,4. **退款不可超额**：退款金额 ≤ 充值金额 - 已消费金额,源码路径+行号、对应运行测试或数据库/Redis/队列证据,N/A：原审计记录未提供补充依据；待复核源码、测试及运行证据。
REQ-CF-04613,core-finance,docs/ref-4.4-finance.md,8.4 关键约束,### 8.4 关键约束,logic,P0,5. **对公转账双审**：必须两岗确认，不能同一人初审+复审,源码路径+行号、对应运行测试或数据库/Redis/队列证据,N/A：原审计记录未提供补充依据；待复核源码、测试及运行证据。
REQ-CF-04614,core-finance,docs/ref-4.4-finance.md,8.4 关键约束,### 8.4 关键约束,field,P0,6. **预扣安全性**：预扣金额 ≥ ¥0.01，防止零元订单绕过余额检查,源码路径+行号、对应运行测试或数据库/Redis/队列证据,N/A：原审计记录未提供补充依据；待复核源码、测试及运行证据。
REQ-CF-04615,core-finance,docs/ref-4.4-finance.md,8.4 关键约束,### 8.4 关键约束,field,P1,7. **发票限额**：已开票总金额 ≤ 用户实际累计充值/消费金额（按发票类型）,源码路径+行号、对应运行测试或数据库/Redis/队列证据,N/A：原审计记录未提供补充依据；待复核源码、测试及运行证据。
REQ-CF-04616,core-finance,docs/ref-4.4-finance.md,8.4 关键约束,### 8.4 关键约束,logic,P1,**文档版本**：v1.0 — 2026-07-28,源码路径+行号、对应运行测试或数据库/Redis/队列证据,N/A：原审计记录未提供补充依据；待复核源码、测试及运行证据。
REQ-CF-04617,core-finance,docs/ref-4.4-finance.md,8.4 关键约束,### 8.4 关键约束,api,P1,"**编写依据**：`api/src/db/schema/billing.ts`, `api/src/db/schema/finance.ts`, `api/src/routes/admin/finance/*.ts`, `api/src/services/billing/`, `api/src/services/reconciliation/`, `api/src/services/billing-pdf.ts",源码路径+行号、对应运行测试或数据库/Redis/队列证据,N/A：原审计记录未提供补充依据；待复核源码、测试及运行证据。
REQ-CF-04618,core-finance,docs/ref-4.4-finance.md,8.4 关键约束,### 8.4 关键约束,page,P1,**下一步建议**：添加发票/退款/对账的前端页面组件实现,源码路径+行号、对应运行测试或数据库/Redis/队列证据,N/A：原审计记录未提供补充依据；待复核源码、测试及运行证据。
REQ-CF-04619,core-finance,docs/ref-4.4-finance.md,模块概述,### 模块概述,logic,P1,财务管理模块涵盖价格引擎与计费链路、充值管理、发票管理、退款管理、财务仪表盘、自动对账引擎、账单与财务日报等。,源码路径+行号、对应运行测试或数据库/Redis/队列证据,N/A：原审计记录未提供补充依据；待复核源码、测试及运行证据。
REQ-CF-04620,core-finance,docs/ref-4.4-finance.md,边界条件清单,| FIN-001 | 账务不平自动检测 | 对账引擎发现账户流水与渠道账单之间的金额不一致 | 自动标记差异记录为 `RECONCILE_MISMATCH`，生成对账差异报告；差异 < 0.01 元的自动按舍入处理；差异 >= 0.01 元的创建异常工单通知财务团队 | 该对账周期 | P0 |,boundary,P1,#应满足：FIN-001,源码路径+行号、对应运行测试或数据库/Redis/队列证据,表格单元格已拆为单一字段断言
REQ-CF-04621,core-finance,docs/ref-4.4-finance.md,边界条件清单,| FIN-001 | 账务不平自动检测 | 对账引擎发现账户流水与渠道账单之间的金额不一致 | 自动标记差异记录为 `RECONCILE_MISMATCH`，生成对账差异报告；差异 < 0.01 元的自动按舍入处理；差异 >= 0.01 元的创建异常工单通知财务团队 | 该对账周期 | P0 |,boundary,P1,场景应满足：账务不平自动检测,源码路径+行号、对应运行测试或数据库/Redis/队列证据,表格单元格已拆为单一字段断言
REQ-CF-04622,core-finance,docs/ref-4.4-finance.md,边界条件清单,| FIN-001 | 账务不平自动检测 | 对账引擎发现账户流水与渠道账单之间的金额不一致 | 自动标记差异记录为 `RECONCILE_MISMATCH`，生成对账差异报告；差异 < 0.01 元的自动按舍入处理；差异 >= 0.01 元的创建异常工单通知财务团队 | 该对账周期 | P0 |,boundary,P1,触发条件应满足：对账引擎发现账户流水与渠道账单之间的金额不一致,源码路径+行号、对应运行测试或数据库/Redis/队列证据,表格单元格已拆为单一字段断言
REQ-CF-04623,core-finance,docs/ref-4.4-finance.md,边界条件清单,| FIN-001 | 账务不平自动检测 | 对账引擎发现账户流水与渠道账单之间的金额不一致 | 自动标记差异记录为 `RECONCILE_MISMATCH`，生成对账差异报告；差异 < 0.01 元的自动按舍入处理；差异 >= 0.01 元的创建异常工单通知财务团队 | 该对账周期 | P0 |,action,P1,预期行为应满足：自动标记差异记录为 `RECONCILE_MISMATCH`，生成对账差异报告；差异 < 0.01 元的自动按舍入处理；差异 >= 0.01 元的创建异常工单通知财务团队,源码路径+行号、对应运行测试或数据库/Redis/队列证据,表格单元格已拆为单一字段断言
REQ-CF-04624,core-finance,docs/ref-4.4-finance.md,边界条件清单,| FIN-001 | 账务不平自动检测 | 对账引擎发现账户流水与渠道账单之间的金额不一致 | 自动标记差异记录为 `RECONCILE_MISMATCH`，生成对账差异报告；差异 < 0.01 元的自动按舍入处理；差异 >= 0.01 元的创建异常工单通知财务团队 | 该对账周期 | P0 |,boundary,P1,影响范围应满足：该对账周期,源码路径+行号、对应运行测试或数据库/Redis/队列证据,表格单元格已拆为单一字段断言
REQ-CF-04625,core-finance,docs/ref-4.4-finance.md,边界条件清单,| # | 场景 | 触发条件 | 预期行为 | 影响范围 | 优先级 |,boundary,P0,优先级应满足：P0,源码路径+行号、对应运行测试或数据库/Redis/队列证据,表格单元格已拆为单一字段断言
REQ-CF-04626,core-finance,docs/ref-4.4-finance.md,边界条件清单,| FIN-002 | 多币种汇率过期 | 系统使用的汇率数据超过有效期（如 24h 未更新） | 冻结使用过期汇率进行的新交易，已有进行中的交易使用过期汇率完成；触发汇率更新任务，若 1h 内仍未更新则通知管理员 | 涉及该币种的全部交易 | P0 |,boundary,P1,#应满足：FIN-002,源码路径+行号、对应运行测试或数据库/Redis/队列证据,表格单元格已拆为单一字段断言
REQ-CF-04627,core-finance,docs/ref-4.4-finance.md,边界条件清单,| FIN-002 | 多币种汇率过期 | 系统使用的汇率数据超过有效期（如 24h 未更新） | 冻结使用过期汇率进行的新交易，已有进行中的交易使用过期汇率完成；触发汇率更新任务，若 1h 内仍未更新则通知管理员 | 涉及该币种的全部交易 | P0 |,boundary,P1,场景应满足：多币种汇率过期,源码路径+行号、对应运行测试或数据库/Redis/队列证据,表格单元格已拆为单一字段断言
REQ-CF-04628,core-finance,docs/ref-4.4-finance.md,边界条件清单,| FIN-002 | 多币种汇率过期 | 系统使用的汇率数据超过有效期（如 24h 未更新） | 冻结使用过期汇率进行的新交易，已有进行中的交易使用过期汇率完成；触发汇率更新任务，若 1h 内仍未更新则通知管理员 | 涉及该币种的全部交易 | P0 |,boundary,P1,触发条件应满足：系统使用的汇率数据超过有效期（如 24h 未更新）,源码路径+行号、对应运行测试或数据库/Redis/队列证据,表格单元格已拆为单一字段断言
REQ-CF-04629,core-finance,docs/ref-4.4-finance.md,边界条件清单,| FIN-002 | 多币种汇率过期 | 系统使用的汇率数据超过有效期（如 24h 未更新） | 冻结使用过期汇率进行的新交易，已有进行中的交易使用过期汇率完成；触发汇率更新任务，若 1h 内仍未更新则通知管理员 | 涉及该币种的全部交易 | P0 |,action,P1,预期行为应满足：冻结使用过期汇率进行的新交易，已有进行中的交易使用过期汇率完成；触发汇率更新任务，若 1h 内仍未更新则通知管理员,源码路径+行号、对应运行测试或数据库/Redis/队列证据,表格单元格已拆为单一字段断言
REQ-CF-04630,core-finance,docs/ref-4.4-finance.md,边界条件清单,| FIN-002 | 多币种汇率过期 | 系统使用的汇率数据超过有效期（如 24h 未更新） | 冻结使用过期汇率进行的新交易，已有进行中的交易使用过期汇率完成；触发汇率更新任务，若 1h 内仍未更新则通知管理员 | 涉及该币种的全部交易 | P0 |,boundary,P1,影响范围应满足：涉及该币种的全部交易,源码路径+行号、对应运行测试或数据库/Redis/队列证据,表格单元格已拆为单一字段断言
REQ-CF-04632,core-finance,docs/ref-4.4-finance.md,边界条件清单,| FIN-003 | 财务报表导出数据一致性 | 生成报表过程中有新交易发生 | 报表使用快照隔离级别（`SERIALIZABLE` 或 `REPEATABLE READ`），基于导出时刻的一致性快照，不受后续交易影响 | 该报表 | P0 |,boundary,P1,#应满足：FIN-003,源码路径+行号、对应运行测试或数据库/Redis/队列证据,表格单元格已拆为单一字段断言
REQ-CF-04633,core-finance,docs/ref-4.4-finance.md,边界条件清单,| FIN-003 | 财务报表导出数据一致性 | 生成报表过程中有新交易发生 | 报表使用快照隔离级别（`SERIALIZABLE` 或 `REPEATABLE READ`），基于导出时刻的一致性快照，不受后续交易影响 | 该报表 | P0 |,boundary,P1,场景应满足：财务报表导出数据一致性,源码路径+行号、对应运行测试或数据库/Redis/队列证据,表格单元格已拆为单一字段断言
REQ-CF-04634,core-finance,docs/ref-4.4-finance.md,边界条件清单,| FIN-003 | 财务报表导出数据一致性 | 生成报表过程中有新交易发生 | 报表使用快照隔离级别（`SERIALIZABLE` 或 `REPEATABLE READ`），基于导出时刻的一致性快照，不受后续交易影响 | 该报表 | P0 |,boundary,P1,触发条件应满足：生成报表过程中有新交易发生,源码路径+行号、对应运行测试或数据库/Redis/队列证据,表格单元格已拆为单一字段断言
REQ-CF-04635,core-finance,docs/ref-4.4-finance.md,边界条件清单,| FIN-003 | 财务报表导出数据一致性 | 生成报表过程中有新交易发生 | 报表使用快照隔离级别（`SERIALIZABLE` 或 `REPEATABLE READ`），基于导出时刻的一致性快照，不受后续交易影响 | 该报表 | P0 |,boundary,P1,预期行为应满足：报表使用快照隔离级别（`SERIALIZABLE` 或 `REPEATABLE READ`），基于导出时刻的一致性快照，不受后续交易影响,源码路径+行号、对应运行测试或数据库/Redis/队列证据,表格单元格已拆为单一字段断言
REQ-CF-04636,core-finance,docs/ref-4.4-finance.md,边界条件清单,| # | 场景 | 触发条件 | 预期行为 | 影响范围 | 优先级 |,boundary,P1,影响范围应满足：该报表,源码路径+行号、对应运行测试或数据库/Redis/队列证据,表格单元格已拆为单一字段断言
REQ-CF-04638,core-finance,docs/ref-4.4-finance.md,边界条件清单,| FIN-004 | 余额并发扣减（防止通兑超扣） | 多个不相关的消费操作同时并发扣减同一账户余额 | 使用行级锁（`SELECT ... FOR UPDATE`）保证原子性；若扣减后余额为负，事务回滚并返回错误 | 该账户 | P0 |,boundary,P1,#应满足：FIN-004,源码路径+行号、对应运行测试或数据库/Redis/队列证据,表格单元格已拆为单一字段断言
REQ-CF-04639,core-finance,docs/ref-4.4-finance.md,边界条件清单,| FIN-004 | 余额并发扣减（防止通兑超扣） | 多个不相关的消费操作同时并发扣减同一账户余额 | 使用行级锁（`SELECT ... FOR UPDATE`）保证原子性；若扣减后余额为负，事务回滚并返回错误 | 该账户 | P0 |,concurrency,P0,场景应满足：余额并发扣减（防止通兑超扣）,源码路径+行号、对应运行测试或数据库/Redis/队列证据,表格单元格已拆为单一字段断言
REQ-CF-04640,core-finance,docs/ref-4.4-finance.md,边界条件清单,| FIN-004 | 余额并发扣减（防止通兑超扣） | 多个不相关的消费操作同时并发扣减同一账户余额 | 使用行级锁（`SELECT ... FOR UPDATE`）保证原子性；若扣减后余额为负，事务回滚并返回错误 | 该账户 | P0 |,concurrency,P0,触发条件应满足：多个不相关的消费操作同时并发扣减同一账户余额,源码路径+行号、对应运行测试或数据库/Redis/队列证据,表格单元格已拆为单一字段断言
REQ-CF-04641,core-finance,docs/ref-4.4-finance.md,边界条件清单,| FIN-004 | 余额并发扣减（防止通兑超扣） | 多个不相关的消费操作同时并发扣减同一账户余额 | 使用行级锁（`SELECT ... FOR UPDATE`）保证原子性；若扣减后余额为负，事务回滚并返回错误 | 该账户 | P0 |,transaction,P0,预期行为应满足：使用行级锁（`SELECT ... FOR UPDATE`）保证原子性；若扣减后余额为负，事务回滚并返回错误,源码路径+行号、对应运行测试或数据库/Redis/队列证据,表格单元格已拆为单一字段断言
REQ-CF-04642,core-finance,docs/ref-4.4-finance.md,边界条件清单,| # | 场景 | 触发条件 | 预期行为 | 影响范围 | 优先级 |,boundary,P1,影响范围应满足：该账户,源码路径+行号、对应运行测试或数据库/Redis/队列证据,表格单元格已拆为单一字段断言
REQ-CF-04644,core-finance,docs/ref-4.4-finance.md,边界条件清单,"| FIN-005 | 退款时账户余额不足 | 用户申请退款时账户可用余额小于退款金额 | 支持负余额退款（平台先行垫付），记录为""负余额""状态，用户下次充值时优先抵扣；退款金额需从平台运营账户划扣 | 退款流程 | P0 |",boundary,P1,#应满足：FIN-005,源码路径+行号、对应运行测试或数据库/Redis/队列证据,表格单元格已拆为单一字段断言
REQ-CF-04645,core-finance,docs/ref-4.4-finance.md,边界条件清单,"| FIN-005 | 退款时账户余额不足 | 用户申请退款时账户可用余额小于退款金额 | 支持负余额退款（平台先行垫付），记录为""负余额""状态，用户下次充值时优先抵扣；退款金额需从平台运营账户划扣 | 退款流程 | P0 |",boundary,P0,场景应满足：退款时账户余额不足,源码路径+行号、对应运行测试或数据库/Redis/队列证据,表格单元格已拆为单一字段断言
REQ-CF-04646,core-finance,docs/ref-4.4-finance.md,边界条件清单,"| FIN-005 | 退款时账户余额不足 | 用户申请退款时账户可用余额小于退款金额 | 支持负余额退款（平台先行垫付），记录为""负余额""状态，用户下次充值时优先抵扣；退款金额需从平台运营账户划扣 | 退款流程 | P0 |",boundary,P0,触发条件应满足：用户申请退款时账户可用余额小于退款金额,源码路径+行号、对应运行测试或数据库/Redis/队列证据,表格单元格已拆为单一字段断言
REQ-CF-04647,core-finance,docs/ref-4.4-finance.md,边界条件清单,"| FIN-005 | 退款时账户余额不足 | 用户申请退款时账户可用余额小于退款金额 | 支持负余额退款（平台先行垫付），记录为""负余额""状态，用户下次充值时优先抵扣；退款金额需从平台运营账户划扣 | 退款流程 | P0 |",boundary,P0,"预期行为应满足：支持负余额退款（平台先行垫付），记录为""负余额""状态，用户下次充值时优先抵扣；退款金额需从平台运营账户划扣",源码路径+行号、对应运行测试或数据库/Redis/队列证据,表格单元格已拆为单一字段断言
REQ-CF-04648,core-finance,docs/ref-4.4-finance.md,边界条件清单,| # | 场景 | 触发条件 | 预期行为 | 影响范围 | 优先级 |,boundary,P1,影响范围应满足：退款流程,源码路径+行号、对应运行测试或数据库/Redis/队列证据,表格单元格已拆为单一字段断言
REQ-CF-04650,core-finance,docs/ref-4.4-finance.md,边界条件清单,"| FIN-006 | 发票重复开具 | 同一笔交易被误操作重复申请开票 | 每笔交易增加 `invoice_status` 字段 + `invoice_id` 唯一约束；重复申请时返回""该交易已开具发票""错误 | 开票流程 | P0 |",boundary,P1,#应满足：FIN-006,源码路径+行号、对应运行测试或数据库/Redis/队列证据,表格单元格已拆为单一字段断言
REQ-CF-04651,core-finance,docs/ref-4.4-finance.md,边界条件清单,"| FIN-006 | 发票重复开具 | 同一笔交易被误操作重复申请开票 | 每笔交易增加 `invoice_status` 字段 + `invoice_id` 唯一约束；重复申请时返回""该交易已开具发票""错误 | 开票流程 | P0 |",boundary,P1,场景应满足：发票重复开具,源码路径+行号、对应运行测试或数据库/Redis/队列证据,表格单元格已拆为单一字段断言
REQ-CF-04652,core-finance,docs/ref-4.4-finance.md,边界条件清单,"| FIN-006 | 发票重复开具 | 同一笔交易被误操作重复申请开票 | 每笔交易增加 `invoice_status` 字段 + `invoice_id` 唯一约束；重复申请时返回""该交易已开具发票""错误 | 开票流程 | P0 |",boundary,P1,触发条件应满足：同一笔交易被误操作重复申请开票,源码路径+行号、对应运行测试或数据库/Redis/队列证据,表格单元格已拆为单一字段断言
REQ-CF-04653,core-finance,docs/ref-4.4-finance.md,边界条件清单,"| FIN-006 | 发票重复开具 | 同一笔交易被误操作重复申请开票 | 每笔交易增加 `invoice_status` 字段 + `invoice_id` 唯一约束；重复申请时返回""该交易已开具发票""错误 | 开票流程 | P0 |",field,P0,"预期行为应满足：每笔交易增加 `invoice_status` 字段 + `invoice_id` 唯一约束；重复申请时返回""该交易已开具发票""错误",源码路径+行号、对应运行测试或数据库/Redis/队列证据,表格单元格已拆为单一字段断言
REQ-CF-04654,core-finance,docs/ref-4.4-finance.md,边界条件清单,| # | 场景 | 触发条件 | 预期行为 | 影响范围 | 优先级 |,boundary,P1,影响范围应满足：开票流程,源码路径+行号、对应运行测试或数据库/Redis/队列证据,表格单元格已拆为单一字段断言
REQ-CF-04656,core-finance,docs/ref-4.4-finance.md,边界条件清单,| FIN-007 | 自动对账引擎停摆 | 对账引擎因依赖服务（如渠道 API）不可用而无法完成对账 | 标记该渠道对账为 `PENDING`，继续处理其他渠道；对账任务设置超时（默认 30 分钟），超时后标记为 `TIMEOUT` 并通知管理员手动处理 | 该渠道对账 | P1 |,boundary,P1,#应满足：FIN-007,源码路径+行号、对应运行测试或数据库/Redis/队列证据,表格单元格已拆为单一字段断言
REQ-CF-04657,core-finance,docs/ref-4.4-finance.md,边界条件清单,| FIN-007 | 自动对账引擎停摆 | 对账引擎因依赖服务（如渠道 API）不可用而无法完成对账 | 标记该渠道对账为 `PENDING`，继续处理其他渠道；对账任务设置超时（默认 30 分钟），超时后标记为 `TIMEOUT` 并通知管理员手动处理 | 该渠道对账 | P1 |,boundary,P1,场景应满足：自动对账引擎停摆,源码路径+行号、对应运行测试或数据库/Redis/队列证据,表格单元格已拆为单一字段断言
REQ-CF-04658,core-finance,docs/ref-4.4-finance.md,边界条件清单,| FIN-007 | 自动对账引擎停摆 | 对账引擎因依赖服务（如渠道 API）不可用而无法完成对账 | 标记该渠道对账为 `PENDING`，继续处理其他渠道；对账任务设置超时（默认 30 分钟），超时后标记为 `TIMEOUT` 并通知管理员手动处理 | 该渠道对账 | P1 |,api,P1,触发条件应满足：对账引擎因依赖服务（如渠道 API）不可用而无法完成对账,源码路径+行号、对应运行测试或数据库/Redis/队列证据,表格单元格已拆为单一字段断言
REQ-CF-04659,core-finance,docs/ref-4.4-finance.md,边界条件清单,| FIN-007 | 自动对账引擎停摆 | 对账引擎因依赖服务（如渠道 API）不可用而无法完成对账 | 标记该渠道对账为 `PENDING`，继续处理其他渠道；对账任务设置超时（默认 30 分钟），超时后标记为 `TIMEOUT` 并通知管理员手动处理 | 该渠道对账 | P1 |,action,P1,预期行为应满足：标记该渠道对账为 `PENDING`，继续处理其他渠道；对账任务设置超时（默认 30 分钟），超时后标记为 `TIMEOUT` 并通知管理员手动处理,源码路径+行号、对应运行测试或数据库/Redis/队列证据,表格单元格已拆为单一字段断言
REQ-CF-04660,core-finance,docs/ref-4.4-finance.md,边界条件清单,| FIN-007 | 自动对账引擎停摆 | 对账引擎因依赖服务（如渠道 API）不可用而无法完成对账 | 标记该渠道对账为 `PENDING`，继续处理其他渠道；对账任务设置超时（默认 30 分钟），超时后标记为 `TIMEOUT` 并通知管理员手动处理 | 该渠道对账 | P1 |,boundary,P1,影响范围应满足：该渠道对账,源码路径+行号、对应运行测试或数据库/Redis/队列证据,表格单元格已拆为单一字段断言
REQ-CF-04661,core-finance,docs/ref-4.4-finance.md,边界条件清单,| # | 场景 | 触发条件 | 预期行为 | 影响范围 | 优先级 |,boundary,P1,优先级应满足：P1,源码路径+行号、对应运行测试或数据库/Redis/队列证据,表格单元格已拆为单一字段断言
REQ-CF-04662,core-finance,docs/ref-4.4-finance.md,边界条件清单,| FIN-008 | 财务日报计算超时 | 当日交易量过大导致财务日报计算超过预定时长 | 日报计算设置超时（默认 10 分钟），超时后暂停计算；采取增量计算策略：按小时粒度预汇总，日报时合并小时汇总结果 | 日报 | P1 |,boundary,P1,#应满足：FIN-008,源码路径+行号、对应运行测试或数据库/Redis/队列证据,表格单元格已拆为单一字段断言
REQ-CF-04663,core-finance,docs/ref-4.4-finance.md,边界条件清单,| FIN-008 | 财务日报计算超时 | 当日交易量过大导致财务日报计算超过预定时长 | 日报计算设置超时（默认 10 分钟），超时后暂停计算；采取增量计算策略：按小时粒度预汇总，日报时合并小时汇总结果 | 日报 | P1 |,boundary,P1,场景应满足：财务日报计算超时,源码路径+行号、对应运行测试或数据库/Redis/队列证据,表格单元格已拆为单一字段断言
REQ-CF-04664,core-finance,docs/ref-4.4-finance.md,边界条件清单,| FIN-008 | 财务日报计算超时 | 当日交易量过大导致财务日报计算超过预定时长 | 日报计算设置超时（默认 10 分钟），超时后暂停计算；采取增量计算策略：按小时粒度预汇总，日报时合并小时汇总结果 | 日报 | P1 |,boundary,P1,触发条件应满足：当日交易量过大导致财务日报计算超过预定时长,源码路径+行号、对应运行测试或数据库/Redis/队列证据,表格单元格已拆为单一字段断言
REQ-CF-04665,core-finance,docs/ref-4.4-finance.md,边界条件清单,| FIN-008 | 财务日报计算超时 | 当日交易量过大导致财务日报计算超过预定时长 | 日报计算设置超时（默认 10 分钟），超时后暂停计算；采取增量计算策略：按小时粒度预汇总，日报时合并小时汇总结果 | 日报 | P1 |,boundary,P1,预期行为应满足：日报计算设置超时（默认 10 分钟），超时后暂停计算；采取增量计算策略：按小时粒度预汇总，日报时合并小时汇总结果,源码路径+行号、对应运行测试或数据库/Redis/队列证据,表格单元格已拆为单一字段断言
REQ-CF-04666,core-finance,docs/ref-4.4-finance.md,边界条件清单,| # | 场景 | 触发条件 | 预期行为 | 影响范围 | 优先级 |,boundary,P1,影响范围应满足：日报,源码路径+行号、对应运行测试或数据库/Redis/队列证据,表格单元格已拆为单一字段断言
REQ-CF-04668,core-finance,docs/ref-4.4-finance.md,FIN-001: 账务不平自动检测,#### FIN-001: 账务不平自动检测,logic,P1,时间差异（服务时间 vs 渠道结算时间 T+1）,源码路径+行号、对应运行测试或数据库/Redis/队列证据,N/A：原审计记录未提供补充依据；待复核源码、测试及运行证据。
REQ-CF-04669,core-finance,docs/ref-4.4-finance.md,FIN-001: 账务不平自动检测,#### FIN-001: 账务不平自动检测,logic,P1,舍入差异（不同系统计数精度不一致）,源码路径+行号、对应运行测试或数据库/Redis/队列证据,N/A：原审计记录未提供补充依据；待复核源码、测试及运行证据。
REQ-CF-04670,core-finance,docs/ref-4.4-finance.md,FIN-001: 账务不平自动检测,#### FIN-001: 账务不平自动检测,logic,P1,价格变更差异（历史计价 vs 新价格）,源码路径+行号、对应运行测试或数据库/Redis/队列证据,N/A：原审计记录未提供补充依据；待复核源码、测试及运行证据。
REQ-CF-04671,core-finance,docs/ref-4.4-finance.md,异常流程汇总,| 账务不平 | 自动标记 + 创建工单 | 财务团队通知 |,exception,P1,场景应满足：账务不平,源码路径+行号、对应运行测试或数据库/Redis/队列证据,表格单元格已拆为单一字段断言
REQ-CF-04672,core-finance,docs/ref-4.4-finance.md,异常流程汇总,| 账务不平 | 自动标记 + 创建工单 | 财务团队通知 |,exception,P1,恢复策略应满足：自动标记 + 创建工单,源码路径+行号、对应运行测试或数据库/Redis/队列证据,表格单元格已拆为单一字段断言
REQ-CF-04673,core-finance,docs/ref-4.4-finance.md,异常流程汇总,| 账务不平 | 自动标记 + 创建工单 | 财务团队通知 |,action,P1,是否通知应满足：财务团队通知,源码路径+行号、对应运行测试或数据库/Redis/队列证据,表格单元格已拆为单一字段断言
REQ-CF-04674,core-finance,docs/ref-4.4-finance.md,异常流程汇总,| 汇率过期 | 冻结 + 强制更新 | P1 运维告警 |,exception,P1,场景应满足：汇率过期,源码路径+行号、对应运行测试或数据库/Redis/队列证据,表格单元格已拆为单一字段断言
REQ-CF-04675,core-finance,docs/ref-4.4-finance.md,异常流程汇总,| 汇率过期 | 冻结 + 强制更新 | P1 运维告警 |,exception,P1,恢复策略应满足：冻结 + 强制更新,源码路径+行号、对应运行测试或数据库/Redis/队列证据,表格单元格已拆为单一字段断言
REQ-CF-04676,core-finance,docs/ref-4.4-finance.md,异常流程汇总,| 汇率过期 | 冻结 + 强制更新 | P1 运维告警 |,action,P1,是否通知应满足：P1 运维告警,源码路径+行号、对应运行测试或数据库/Redis/队列证据,表格单元格已拆为单一字段断言
REQ-CF-04677,core-finance,docs/ref-4.4-finance.md,异常流程汇总,| 并发扣减 | 行级锁 + 事务回滚 | 无（正常竞态） |,concurrency,P1,场景应满足：并发扣减,源码路径+行号、对应运行测试或数据库/Redis/队列证据,表格单元格已拆为单一字段断言
REQ-CF-04678,core-finance,docs/ref-4.4-finance.md,异常流程汇总,| 并发扣减 | 行级锁 + 事务回滚 | 无（正常竞态） |,transaction,P0,恢复策略应满足：行级锁 + 事务回滚,源码路径+行号、对应运行测试或数据库/Redis/队列证据,表格单元格已拆为单一字段断言
REQ-CF-04679,core-finance,docs/ref-4.4-finance.md,异常流程汇总,| 并发扣减 | 行级锁 + 事务回滚 | 无（正常竞态） |,action,P1,是否通知应满足：无（正常竞态）,源码路径+行号、对应运行测试或数据库/Redis/队列证据,表格单元格已拆为单一字段断言
REQ-CF-04680,core-finance,docs/ref-4.4-finance.md,异常流程汇总,| 余额不足退款 | 负余额垫付 | 操作日志 |,exception,P0,场景应满足：余额不足退款,源码路径+行号、对应运行测试或数据库/Redis/队列证据,表格单元格已拆为单一字段断言
REQ-CF-04681,core-finance,docs/ref-4.4-finance.md,异常流程汇总,| 余额不足退款 | 负余额垫付 | 操作日志 |,exception,P0,恢复策略应满足：负余额垫付,源码路径+行号、对应运行测试或数据库/Redis/队列证据,表格单元格已拆为单一字段断言
REQ-CF-04682,core-finance,docs/ref-4.4-finance.md,异常流程汇总,| 场景 | 恢复策略 | 是否通知 |,action,P1,是否通知应满足：操作日志,源码路径+行号、对应运行测试或数据库/Redis/队列证据,表格单元格已拆为单一字段断言
REQ-CF-04683,core-finance,docs/ref-4.4-finance.md,异常流程汇总,| 对账引擎停摆 | 跳过 + 手动处理 | P0 通知 |,exception,P1,场景应满足：对账引擎停摆,源码路径+行号、对应运行测试或数据库/Redis/队列证据,表格单元格已拆为单一字段断言
REQ-CF-04684,core-finance,docs/ref-4.4-finance.md,异常流程汇总,| 对账引擎停摆 | 跳过 + 手动处理 | P0 通知 |,exception,P1,恢复策略应满足：跳过 + 手动处理,源码路径+行号、对应运行测试或数据库/Redis/队列证据,表格单元格已拆为单一字段断言
REQ-CF-04685,core-finance,docs/ref-4.4-finance.md,异常流程汇总,| 场景 | 恢复策略 | 是否通知 |,action,P0,是否通知应满足：P0 通知,源码路径+行号、对应运行测试或数据库/Redis/队列证据,表格单元格已拆为单一字段断言
REQ-CF-04686,core-finance,docs/ref-4.4-finance.md,异常流程汇总,| 日报超时 | 增量预汇总 | 操作日志 |,exception,P1,场景应满足：日报超时,源码路径+行号、对应运行测试或数据库/Redis/队列证据,表格单元格已拆为单一字段断言
REQ-CF-04687,core-finance,docs/ref-4.4-finance.md,异常流程汇总,| 日报超时 | 增量预汇总 | 操作日志 |,exception,P1,恢复策略应满足：增量预汇总,源码路径+行号、对应运行测试或数据库/Redis/队列证据,表格单元格已拆为单一字段断言
REQ-CF-04689,core-finance,docs/ref-2.2.6-recharge.md,用户端充值中心深化文档,**对应章节**：PRD-README.md §2.2.6 充值 `/console/recharge` + §2.2.7 消费明细,logic,P1,**对应章节**：PRD-README.md §2.2.6 充值 `/console/recharge` + §2.2.7 消费明细,源码路径+行号、对应运行测试或数据库/Redis/队列证据,N/A：原审计记录未提供补充依据；待复核源码、测试及运行证据。
REQ-CF-04690,core-finance,docs/ref-2.2.6-recharge.md,用户端充值中心深化文档,**最后更新**：2026-07-28,logic,P1,**最后更新**：2026-07-28,源码路径+行号、对应运行测试或数据库/Redis/队列证据,N/A：原审计记录未提供补充依据；待复核源码、测试及运行证据。
REQ-CF-04691,core-finance,docs/ref-2.2.6-recharge.md,用户端充值中心深化文档,**定位**：充值流程、支付通道、对公转账、充值记录、优惠活动、余额变动明细的完整规格,logic,P0,**定位**：充值流程、支付通道、对公转账、充值记录、优惠活动、余额变动明细的完整规格,源码路径+行号、对应运行测试或数据库/Redis/队列证据,N/A：原审计记录未提供补充依据；待复核源码、测试及运行证据。
REQ-CF-04692,core-finance,docs/ref-2.2.6-recharge.md,三、API 接口,| `GET` | `/api/v1/me/balance` | 查询余额 |,api,P1,方法应满足：`GET`,源码路径+行号、对应运行测试或数据库/Redis/队列证据,表格单元格已拆为单一字段断言
REQ-CF-04693,core-finance,docs/ref-2.2.6-recharge.md,三、API 接口,| `GET` | `/api/v1/me/balance` | 查询余额 |,api,P1,路径应满足：`/api/v1/me/balance`,源码路径+行号、对应运行测试或数据库/Redis/队列证据,表格单元格已拆为单一字段断言
REQ-CF-04694,core-finance,docs/ref-2.2.6-recharge.md,三、API 接口,| `GET` | `/api/v1/me/balance` | 查询余额 |,api,P0,说明应满足：查询余额,源码路径+行号、对应运行测试或数据库/Redis/队列证据,表格单元格已拆为单一字段断言
REQ-CF-04695,core-finance,docs/ref-2.2.6-recharge.md,三、API 接口,| `POST` | `/api/v1/me/recharge` | 发起充值（创建订单）|,api,P1,方法应满足：`POST`,源码路径+行号、对应运行测试或数据库/Redis/队列证据,表格单元格已拆为单一字段断言
REQ-CF-04696,core-finance,docs/ref-2.2.6-recharge.md,三、API 接口,| `POST` | `/api/v1/me/recharge` | 发起充值（创建订单）|,api,P1,路径应满足：`/api/v1/me/recharge`,源码路径+行号、对应运行测试或数据库/Redis/队列证据,表格单元格已拆为单一字段断言
REQ-CF-04697,core-finance,docs/ref-2.2.6-recharge.md,三、API 接口,| `POST` | `/api/v1/me/recharge` | 发起充值（创建订单）|,api,P1,说明应满足：发起充值（创建订单）,源码路径+行号、对应运行测试或数据库/Redis/队列证据,表格单元格已拆为单一字段断言
REQ-CF-04699,core-finance,docs/ref-2.2.6-recharge.md,三、API 接口,| `GET` | `/api/v1/me/recharge-orders` | 充值记录列表 |,api,P1,路径应满足：`/api/v1/me/recharge-orders`,源码路径+行号、对应运行测试或数据库/Redis/队列证据,表格单元格已拆为单一字段断言
REQ-CF-04700,core-finance,docs/ref-2.2.6-recharge.md,三、API 接口,| `GET` | `/api/v1/me/recharge-orders` | 充值记录列表 |,api,P1,说明应满足：充值记录列表,源码路径+行号、对应运行测试或数据库/Redis/队列证据,表格单元格已拆为单一字段断言
REQ-CF-04702,core-finance,docs/ref-2.2.6-recharge.md,三、API 接口,| `GET` | `/api/v1/me/recharge-orders/:id` | 订单详情 |,api,P1,路径应满足：`/api/v1/me/recharge-orders/:id`,源码路径+行号、对应运行测试或数据库/Redis/队列证据,表格单元格已拆为单一字段断言
REQ-CF-04703,core-finance,docs/ref-2.2.6-recharge.md,三、API 接口,| `GET` | `/api/v1/me/recharge-orders/:id` | 订单详情 |,api,P1,说明应满足：订单详情,源码路径+行号、对应运行测试或数据库/Redis/队列证据,表格单元格已拆为单一字段断言
REQ-CF-04705,core-finance,docs/ref-2.2.6-recharge.md,三、API 接口,| `POST` | `/api/v1/me/recharge-orders/:id/pay` | 重新支付（过期订单）|,api,P1,路径应满足：`/api/v1/me/recharge-orders/:id/pay`,源码路径+行号、对应运行测试或数据库/Redis/队列证据,表格单元格已拆为单一字段断言
REQ-CF-04706,core-finance,docs/ref-2.2.6-recharge.md,三、API 接口,| `POST` | `/api/v1/me/recharge-orders/:id/pay` | 重新支付（过期订单）|,api,P1,说明应满足：重新支付（过期订单）,源码路径+行号、对应运行测试或数据库/Redis/队列证据,表格单元格已拆为单一字段断言
REQ-CF-04708,core-finance,docs/ref-2.2.6-recharge.md,三、API 接口,| `POST` | `/api/v1/me/recharge-orders/bank-transfer` | 上传对公转账凭证 |,api,P1,路径应满足：`/api/v1/me/recharge-orders/bank-transfer`,源码路径+行号、对应运行测试或数据库/Redis/队列证据,表格单元格已拆为单一字段断言
REQ-CF-04709,core-finance,docs/ref-2.2.6-recharge.md,三、API 接口,| `POST` | `/api/v1/me/recharge-orders/bank-transfer` | 上传对公转账凭证 |,api,P1,说明应满足：上传对公转账凭证,源码路径+行号、对应运行测试或数据库/Redis/队列证据,表格单元格已拆为单一字段断言
REQ-CF-04711,core-finance,docs/ref-2.2.6-recharge.md,三、API 接口,| `GET` | `/api/v1/me/transactions` | 消费明细列表 |,api,P1,路径应满足：`/api/v1/me/transactions`,源码路径+行号、对应运行测试或数据库/Redis/队列证据,表格单元格已拆为单一字段断言
REQ-CF-04712,core-finance,docs/ref-2.2.6-recharge.md,三、API 接口,| `GET` | `/api/v1/me/transactions` | 消费明细列表 |,api,P1,说明应满足：消费明细列表,源码路径+行号、对应运行测试或数据库/Redis/队列证据,表格单元格已拆为单一字段断言
REQ-CF-04714,core-finance,docs/ref-2.2.6-recharge.md,三、API 接口,| `GET` | `/api/v1/me/promotions` | 可用优惠列表 |,api,P1,路径应满足：`/api/v1/me/promotions`,源码路径+行号、对应运行测试或数据库/Redis/队列证据,表格单元格已拆为单一字段断言
REQ-CF-04715,core-finance,docs/ref-2.2.6-recharge.md,三、API 接口,| `GET` | `/api/v1/me/promotions` | 可用优惠列表 |,api,P1,说明应满足：可用优惠列表,源码路径+行号、对应运行测试或数据库/Redis/队列证据,表格单元格已拆为单一字段断言
REQ-CF-04716,core-finance,docs/ref-2.2.6-recharge.md,4.2 订单超时处理,| 30 分钟未支付 | 订单自动过期（status: expired） |,logic,P1,场景应满足：30 分钟未支付,源码路径+行号、对应运行测试或数据库/Redis/队列证据,表格单元格已拆为单一字段断言
REQ-CF-04717,core-finance,docs/ref-2.2.6-recharge.md,4.2 订单超时处理,| 30 分钟未支付 | 订单自动过期（status: expired） |,logic,P1,处理应满足：订单自动过期（status: expired）,源码路径+行号、对应运行测试或数据库/Redis/队列证据,表格单元格已拆为单一字段断言
REQ-CF-04718,core-finance,docs/ref-2.2.6-recharge.md,4.2 订单超时处理,| 过期订单 | 不可支付，需重新发起充值 |,logic,P1,场景应满足：过期订单,源码路径+行号、对应运行测试或数据库/Redis/队列证据,表格单元格已拆为单一字段断言
REQ-CF-04719,core-finance,docs/ref-2.2.6-recharge.md,4.2 订单超时处理,| 过期订单 | 不可支付，需重新发起充值 |,logic,P1,处理应满足：不可支付，需重新发起充值,源码路径+行号、对应运行测试或数据库/Redis/队列证据,表格单元格已拆为单一字段断言
REQ-CF-04720,core-finance,docs/ref-2.2.6-recharge.md,4.2 订单超时处理,"| 过期的二维码 | 支付渠道关闭，用户扫码会提示""订单已过期"" |",logic,P1,场景应满足：过期的二维码,源码路径+行号、对应运行测试或数据库/Redis/队列证据,表格单元格已拆为单一字段断言
REQ-CF-04721,core-finance,docs/ref-2.2.6-recharge.md,4.2 订单超时处理,"| 过期的二维码 | 支付渠道关闭，用户扫码会提示""订单已过期"" |",logic,P1,"处理应满足：支付渠道关闭，用户扫码会提示""订单已过期""",源码路径+行号、对应运行测试或数据库/Redis/队列证据,表格单元格已拆为单一字段断言
REQ-CF-04722,core-finance,docs/ref-2.2.6-recharge.md,4.2 订单超时处理,| 过期后回调到达 | 拒绝回调，记录异常订单，通知管理员 |,logic,P1,场景应满足：过期后回调到达,源码路径+行号、对应运行测试或数据库/Redis/队列证据,表格单元格已拆为单一字段断言
REQ-CF-04723,core-finance,docs/ref-2.2.6-recharge.md,4.2 订单超时处理,| 过期后回调到达 | 拒绝回调，记录异常订单，通知管理员 |,action,P1,处理应满足：拒绝回调，记录异常订单，通知管理员,源码路径+行号、对应运行测试或数据库/Redis/队列证据,表格单元格已拆为单一字段断言
REQ-CF-04724,core-finance,docs/ref-2.2.6-recharge.md,4.3 对公转账流程,| ① 提交申请 | 用户填写金额，填写对公转账信息 | pending_review |,logic,P1,步骤应满足：① 提交申请,源码路径+行号、对应运行测试或数据库/Redis/队列证据,表格单元格已拆为单一字段断言
REQ-CF-04725,core-finance,docs/ref-2.2.6-recharge.md,4.3 对公转账流程,| ① 提交申请 | 用户填写金额，填写对公转账信息 | pending_review |,field,P1,操作应满足：用户填写金额，填写对公转账信息,源码路径+行号、对应运行测试或数据库/Redis/队列证据,表格单元格已拆为单一字段断言
REQ-CF-04726,core-finance,docs/ref-2.2.6-recharge.md,4.3 对公转账流程,| ① 提交申请 | 用户填写金额，填写对公转账信息 | pending_review |,state,P1,状态应满足：pending_review,源码路径+行号、对应运行测试或数据库/Redis/队列证据,表格单元格已拆为单一字段断言
REQ-CF-04727,core-finance,docs/ref-2.2.6-recharge.md,4.3 对公转账流程,| ② 转账并上传凭证 | 用户转账后上传截图/回单 | pending_review |,logic,P1,步骤应满足：② 转账并上传凭证,源码路径+行号、对应运行测试或数据库/Redis/队列证据,表格单元格已拆为单一字段断言
REQ-CF-04728,core-finance,docs/ref-2.2.6-recharge.md,4.3 对公转账流程,| ② 转账并上传凭证 | 用户转账后上传截图/回单 | pending_review |,logic,P1,操作应满足：用户转账后上传截图/回单,源码路径+行号、对应运行测试或数据库/Redis/队列证据,表格单元格已拆为单一字段断言
REQ-CF-04730,core-finance,docs/ref-2.2.6-recharge.md,4.3 对公转账流程,| ③ 财务审核 | 管理员在后台审核凭证 | under_review / rejected |,logic,P1,步骤应满足：③ 财务审核,源码路径+行号、对应运行测试或数据库/Redis/队列证据,表格单元格已拆为单一字段断言
REQ-CF-04731,core-finance,docs/ref-2.2.6-recharge.md,4.3 对公转账流程,| ③ 财务审核 | 管理员在后台审核凭证 | under_review / rejected |,logic,P1,操作应满足：管理员在后台审核凭证,源码路径+行号、对应运行测试或数据库/Redis/队列证据,表格单元格已拆为单一字段断言
REQ-CF-04732,core-finance,docs/ref-2.2.6-recharge.md,4.3 对公转账流程,| ③ 财务审核 | 管理员在后台审核凭证 | under_review / rejected |,state,P1,状态应满足：under_review / rejected,源码路径+行号、对应运行测试或数据库/Redis/队列证据,表格单元格已拆为单一字段断言
REQ-CF-04733,core-finance,docs/ref-2.2.6-recharge.md,4.3 对公转账流程,| ④ 确认到账 | 财务确认银行流水到账 | success |,logic,P1,步骤应满足：④ 确认到账,源码路径+行号、对应运行测试或数据库/Redis/队列证据,表格单元格已拆为单一字段断言
REQ-CF-04734,core-finance,docs/ref-2.2.6-recharge.md,4.3 对公转账流程,| ④ 确认到账 | 财务确认银行流水到账 | success |,logic,P1,操作应满足：财务确认银行流水到账,源码路径+行号、对应运行测试或数据库/Redis/队列证据,表格单元格已拆为单一字段断言
REQ-CF-04735,core-finance,docs/ref-2.2.6-recharge.md,4.3 对公转账流程,| ④ 确认到账 | 财务确认银行流水到账 | success |,state,P1,状态应满足：success,源码路径+行号、对应运行测试或数据库/Redis/队列证据,表格单元格已拆为单一字段断言
REQ-CF-04736,core-finance,docs/ref-2.2.6-recharge.md,4.3 对公转账流程,| ⑤ 通知 | 系统通知用户充值成功 | success |,action,P1,步骤应满足：⑤ 通知,源码路径+行号、对应运行测试或数据库/Redis/队列证据,表格单元格已拆为单一字段断言
REQ-CF-04737,core-finance,docs/ref-2.2.6-recharge.md,4.3 对公转账流程,| ⑤ 通知 | 系统通知用户充值成功 | success |,action,P1,操作应满足：系统通知用户充值成功,源码路径+行号、对应运行测试或数据库/Redis/队列证据,表格单元格已拆为单一字段断言
REQ-CF-04739,core-finance,docs/ref-2.2.6-recharge.md,4.4 充值金额约束,| 最低充值 | ¥1 |,field,P1,规则应满足：最低充值,源码路径+行号、对应运行测试或数据库/Redis/队列证据,表格单元格已拆为单一字段断言
REQ-CF-04740,core-finance,docs/ref-2.2.6-recharge.md,4.4 充值金额约束,"| 最高充值 | ¥50,000（单笔）|",field,P1,规则应满足：最高充值,源码路径+行号、对应运行测试或数据库/Redis/队列证据,表格单元格已拆为单一字段断言
REQ-CF-04741,core-finance,docs/ref-2.2.6-recharge.md,4.4 充值金额约束,"| 最高充值 | ¥50,000（单笔）|",field,P1,"值应满足：¥50,000（单笔）",源码路径+行号、对应运行测试或数据库/Redis/队列证据,表格单元格已拆为单一字段断言
REQ-CF-04742,core-finance,docs/ref-2.2.6-recharge.md,4.4 充值金额约束,"| 单日上限 | ¥100,000（对公不受限）|",field,P1,规则应满足：单日上限,源码路径+行号、对应运行测试或数据库/Redis/队列证据,表格单元格已拆为单一字段断言
REQ-CF-04743,core-finance,docs/ref-2.2.6-recharge.md,4.4 充值金额约束,"| 单日上限 | ¥100,000（对公不受限）|",field,P1,"值应满足：¥100,000（对公不受限）",源码路径+行号、对应运行测试或数据库/Redis/队列证据,表格单元格已拆为单一字段断言
REQ-CF-04744,core-finance,docs/ref-2.2.6-recharge.md,4.4 充值金额约束,| 自定义金额 | 支持到分（¥0.01）|,field,P1,规则应满足：自定义金额,源码路径+行号、对应运行测试或数据库/Redis/队列证据,表格单元格已拆为单一字段断言
REQ-CF-04745,core-finance,docs/ref-2.2.6-recharge.md,4.4 充值金额约束,| 自定义金额 | 支持到分（¥0.01）|,field,P1,值应满足：支持到分（¥0.01）,源码路径+行号、对应运行测试或数据库/Redis/队列证据,表格单元格已拆为单一字段断言
REQ-CF-04746,core-finance,docs/ref-2.2.6-recharge.md,六、交叉引用,| PRD-README.md §2.2.6 | 充值总纲 |,logic,P1,其他文档应满足：PRD-README.md §2.2.6,源码路径+行号、对应运行测试或数据库/Redis/队列证据,表格单元格已拆为单一字段断言
REQ-CF-04747,core-finance,docs/ref-2.2.6-recharge.md,六、交叉引用,| 其他文档 | 关联内容 |,logic,P1,关联内容应满足：充值总纲,源码路径+行号、对应运行测试或数据库/Redis/队列证据,表格单元格已拆为单一字段断言
REQ-CF-04748,core-finance,docs/ref-2.2.6-recharge.md,六、交叉引用,| ref-4.4-finance.md | 财务管理（充值订单管理/对账） |,logic,P1,其他文档应满足：ref-4.4-finance.md,源码路径+行号、对应运行测试或数据库/Redis/队列证据,表格单元格已拆为单一字段断言
REQ-CF-04749,core-finance,docs/ref-2.2.6-recharge.md,六、交叉引用,| ref-4.4-finance.md | 财务管理（充值订单管理/对账） |,logic,P1,关联内容应满足：财务管理（充值订单管理/对账）,源码路径+行号、对应运行测试或数据库/Redis/队列证据,表格单元格已拆为单一字段断言
REQ-CF-04750,core-finance,docs/ref-2.2.6-recharge.md,六、交叉引用,| ref-4.5-marketing.md | 活动管理（充值优惠配置） |,logic,P1,其他文档应满足：ref-4.5-marketing.md,源码路径+行号、对应运行测试或数据库/Redis/队列证据,表格单元格已拆为单一字段断言
REQ-CF-04751,core-finance,docs/ref-2.2.6-recharge.md,六、交叉引用,| ref-4.5-marketing.md | 活动管理（充值优惠配置） |,logic,P1,关联内容应满足：活动管理（充值优惠配置）,源码路径+行号、对应运行测试或数据库/Redis/队列证据,表格单元格已拆为单一字段断言
REQ-CF-04752,core-finance,docs/ref-2.2.6-recharge.md,六、交叉引用,| data-dictionary.md §3.1 | 余额计算规则 |,logic,P1,其他文档应满足：data-dictionary.md §3.1,源码路径+行号、对应运行测试或数据库/Redis/队列证据,表格单元格已拆为单一字段断言
REQ-CF-04753,core-finance,docs/ref-2.2.6-recharge.md,六、交叉引用,| data-dictionary.md §3.1 | 余额计算规则 |,logic,P0,关联内容应满足：余额计算规则,源码路径+行号、对应运行测试或数据库/Redis/队列证据,表格单元格已拆为单一字段断言
REQ-CF-04754,core-finance,docs/ref-2.2.6-recharge.md,六、交叉引用,| flowcharts/01-recharge.md | 充值流程泳道图 |,logic,P1,其他文档应满足：flowcharts/01-recharge.md,源码路径+行号、对应运行测试或数据库/Redis/队列证据,表格单元格已拆为单一字段断言
REQ-CF-04755,core-finance,docs/ref-2.2.6-recharge.md,六、交叉引用,| flowcharts/01-recharge.md | 充值流程泳道图 |,logic,P1,关联内容应满足：充值流程泳道图,源码路径+行号、对应运行测试或数据库/Redis/队列证据,表格单元格已拆为单一字段断言
REQ-CF-04756,core-finance,docs/ref-2.2.6-recharge.md,七、充值异常处理与运营流程（运营视角补充）,**P0 补充**：2026-07-30 — 充值回调超时重试、对公转账确认流程、充值渠道熔断,exception,P0,**P0 补充**：2026-07-30 — 充值回调超时重试、对公转账确认流程、充值渠道熔断,源码路径+行号、对应运行测试或数据库/Redis/队列证据,N/A：原审计记录未提供补充依据；待复核源码、测试及运行证据。
REQ-CF-04757,core-finance,docs/ref-2.2.6-recharge.md,7.1.2 回调重试参数,| 回调等待超时 | 30 秒 | 支付渠道回调的最大等待时间 |,logic,P1,参数应满足：回调等待超时,源码路径+行号、对应运行测试或数据库/Redis/队列证据,表格单元格已拆为单一字段断言
REQ-CF-04758,core-finance,docs/ref-2.2.6-recharge.md,7.1.2 回调重试参数,| 参数 | 默认值 | 说明 |,logic,P1,默认值应满足：30 秒,源码路径+行号、对应运行测试或数据库/Redis/队列证据,表格单元格已拆为单一字段断言
REQ-CF-04759,core-finance,docs/ref-2.2.6-recharge.md,7.1.2 回调重试参数,| 回调等待超时 | 30 秒 | 支付渠道回调的最大等待时间 |,logic,P1,说明应满足：支付渠道回调的最大等待时间,源码路径+行号、对应运行测试或数据库/Redis/队列证据,表格单元格已拆为单一字段断言
REQ-CF-04760,core-finance,docs/ref-2.2.6-recharge.md,7.1.2 回调重试参数,| 轮询间隔 | 5 秒 | 主动查询支付状态的间隔 |,logic,P1,参数应满足：轮询间隔,源码路径+行号、对应运行测试或数据库/Redis/队列证据,表格单元格已拆为单一字段断言
REQ-CF-04761,core-finance,docs/ref-2.2.6-recharge.md,7.1.2 回调重试参数,| 参数 | 默认值 | 说明 |,logic,P1,默认值应满足：5 秒,源码路径+行号、对应运行测试或数据库/Redis/队列证据,表格单元格已拆为单一字段断言
REQ-CF-04762,core-finance,docs/ref-2.2.6-recharge.md,7.1.2 回调重试参数,| 轮询间隔 | 5 秒 | 主动查询支付状态的间隔 |,state,P1,说明应满足：主动查询支付状态的间隔,源码路径+行号、对应运行测试或数据库/Redis/队列证据,表格单元格已拆为单一字段断言
REQ-CF-04763,core-finance,docs/ref-2.2.6-recharge.md,7.1.2 回调重试参数,| 最大轮询次数 | 360 次（30 分钟） | 超过后标记超时 |,logic,P1,参数应满足：最大轮询次数,源码路径+行号、对应运行测试或数据库/Redis/队列证据,表格单元格已拆为单一字段断言
REQ-CF-04764,core-finance,docs/ref-2.2.6-recharge.md,7.1.2 回调重试参数,| 最大轮询次数 | 360 次（30 分钟） | 超过后标记超时 |,logic,P1,默认值应满足：360 次（30 分钟）,源码路径+行号、对应运行测试或数据库/Redis/队列证据,表格单元格已拆为单一字段断言
REQ-CF-04765,core-finance,docs/ref-2.2.6-recharge.md,7.1.2 回调重试参数,| 最大轮询次数 | 360 次（30 分钟） | 超过后标记超时 |,logic,P1,说明应满足：超过后标记超时,源码路径+行号、对应运行测试或数据库/Redis/队列证据,表格单元格已拆为单一字段断言
REQ-CF-04766,core-finance,docs/ref-2.2.6-recharge.md,7.1.2 回调重试参数,| 重试次数（回调失败） | 3 次 | 回调失败后重试 |,logic,P1,参数应满足：重试次数（回调失败）,源码路径+行号、对应运行测试或数据库/Redis/队列证据,表格单元格已拆为单一字段断言
REQ-CF-04767,core-finance,docs/ref-2.2.6-recharge.md,7.1.2 回调重试参数,| 参数 | 默认值 | 说明 |,logic,P1,默认值应满足：3 次,源码路径+行号、对应运行测试或数据库/Redis/队列证据,表格单元格已拆为单一字段断言
REQ-CF-04768,core-finance,docs/ref-2.2.6-recharge.md,7.1.2 回调重试参数,| 重试次数（回调失败） | 3 次 | 回调失败后重试 |,logic,P1,说明应满足：回调失败后重试,源码路径+行号、对应运行测试或数据库/Redis/队列证据,表格单元格已拆为单一字段断言
REQ-CF-04769,core-finance,docs/ref-2.2.6-recharge.md,7.1.2 回调重试参数,| 重试间隔 | 30 秒 | 重试之间的间隔 |,logic,P1,参数应满足：重试间隔,源码路径+行号、对应运行测试或数据库/Redis/队列证据,表格单元格已拆为单一字段断言
REQ-CF-04771,core-finance,docs/ref-2.2.6-recharge.md,7.1.2 回调重试参数,| 重试间隔 | 30 秒 | 重试之间的间隔 |,logic,P1,说明应满足：重试之间的间隔,源码路径+行号、对应运行测试或数据库/Redis/队列证据,表格单元格已拆为单一字段断言
REQ-CF-04772,core-finance,docs/ref-2.2.6-recharge.md,7.2.1 全流程,用户提交 → 运营初审 → 财务复审 → 入账 → 通知用户,action,P1,用户提交 → 运营初审 → 财务复审 → 入账 → 通知用户,源码路径+行号、对应运行测试或数据库/Redis/队列证据,N/A：原审计记录未提供补充依据；待复核源码、测试及运行证据。
REQ-CF-04773,core-finance,docs/ref-2.2.6-recharge.md,7.2.1 全流程,#### 7.2.1 全流程,field,P1,"1. 用户填写转账金额、上传凭证（JPG/PNG/PDF, ≤5MB）、备注",源码路径+行号、对应运行测试或数据库/Redis/队列证据,N/A：原审计记录未提供补充依据；待复核源码、测试及运行证据。
REQ-CF-04774,core-finance,docs/ref-2.2.6-recharge.md,7.2.1 全流程,#### 7.2.1 全流程,state,P1,2. 订单状态 bank_pending,源码路径+行号、对应运行测试或数据库/Redis/队列证据,N/A：原审计记录未提供补充依据；待复核源码、测试及运行证据。
REQ-CF-04775,core-finance,docs/ref-2.2.6-recharge.md,7.2.1 全流程,#### 7.2.1 全流程,logic,P1,3. 运营收到待审提示（管理后台 → 财务 → 对公转账待审）,源码路径+行号、对应运行测试或数据库/Redis/队列证据,N/A：原审计记录未提供补充依据；待复核源码、测试及运行证据。
REQ-CF-04776,core-finance,docs/ref-2.2.6-recharge.md,7.2.1 全流程,#### 7.2.1 全流程,logic,P1,4. 运营查看凭证，登录网银核对银行流水,源码路径+行号、对应运行测试或数据库/Redis/队列证据,N/A：原审计记录未提供补充依据；待复核源码、测试及运行证据。
REQ-CF-04777,core-finance,docs/ref-2.2.6-recharge.md,7.2.1 全流程,#### 7.2.1 全流程,field,P1,5. 确认金额和到账时间，填写财务备注,源码路径+行号、对应运行测试或数据库/Redis/队列证据,N/A：原审计记录未提供补充依据；待复核源码、测试及运行证据。
REQ-CF-04778,core-finance,docs/ref-2.2.6-recharge.md,7.2.1 全流程,#### 7.2.1 全流程,field,P1,"金额 ≤ ¥10,000：运营终审",源码路径+行号、对应运行测试或数据库/Redis/队列证据,N/A：原审计记录未提供补充依据；待复核源码、测试及运行证据。
REQ-CF-04779,core-finance,docs/ref-2.2.6-recharge.md,7.2.1 全流程,用户提交 → 运营初审 → 财务复审 → 入账 → 通知用户,field,P1,"金额 > ¥10,000：需财务复审（双人）",源码路径+行号、对应运行测试或数据库/Redis/队列证据,N/A：原审计记录未提供补充依据；待复核源码、测试及运行证据。
REQ-CF-04780,core-finance,docs/ref-2.2.6-recharge.md,7.2.1 全流程,#### 7.2.1 全流程,field,P1,"金额 > ¥100,000：需 super_admin 审批",源码路径+行号、对应运行测试或数据库/Redis/队列证据,N/A：原审计记录未提供补充依据；待复核源码、测试及运行证据。
REQ-CF-04781,core-finance,docs/ref-2.2.6-recharge.md,7.2.1 全流程,用户提交 → 运营初审 → 财务复审 → 入账 → 通知用户,action,P0,7. 审核通过：系统自动增加余额、写入日志、通知用户,源码路径+行号、对应运行测试或数据库/Redis/队列证据,N/A：原审计记录未提供补充依据；待复核源码、测试及运行证据。
REQ-CF-04782,core-finance,docs/ref-2.2.6-recharge.md,7.2.1 全流程,用户提交 → 运营初审 → 财务复审 → 入账 → 通知用户,action,P1,8. 审核驳回：填写原因、通知用户、用户可修改后重新提交,源码路径+行号、对应运行测试或数据库/Redis/队列证据,N/A：原审计记录未提供补充依据；待复核源码、测试及运行证据。
