req_id,domain,source_path,bad_fields,recovered_section,recovered_quote,recovered_assertion,quote_source_lines,section_source_lines,conversion,compound_after_recovery,status,basis
REQ-CF-00001,core-finance,docs/PRD-核心引擎.md,source_section;source_quote;atomic_assertion,5.1 智能路由系统,馃搸 **娣卞寲鍙傝€?*锛歔`docs/ref-5.1-routing.md`](ref-5.1-routing.md) 鈥?鍚矾鐢辩瓥鐣ョ鐞?API銆佺啍鏂櫒閰嶇疆鎸佷箙鍖栵紙鏂拌〃 Schema锛夈€佹墜鍔ㄨ鐩栨満鍒躲€佽矾鐢辨帹鑽愬垎鏋愮紦瀛樸€佽矾鐢遍厤缃鐞嗛〉闈㈠畬鏁磋鏍硷紙鍥涗釜椤电鐨勭粍浠?Props锛夈€佷氦鍙夊紩鐢ㄤ笌璋冪敤閾?,馃搸 **娣卞寲鍙傝€?*锛歔`docs/ref-5.1-routing.md`](ref-5.1-routing.md) 鈥?鍚矾鐢辩瓥鐣ョ鐞?API銆佺啍鏂櫒閰嶇疆鎸佷箙鍖栵紙鏂拌〃 Schema锛夈€佹墜鍔ㄨ鐩栨満鍒躲€佽矾鐢辨帹鑽愬垎鏋愮紦瀛樸€佽矾鐢遍厤缃鐞嗛〉闈㈠畬鏁磋鏍硷紙鍥涗釜椤电鐨勭粍浠?Props锛夈€佷氦鍙夊紩鐢ㄤ笌璋冪敤閾?,,2,gb18030->utf8 x1,NO,MANUAL_REVIEW,至少一个受影响字段无法整字段安全转换，或完整源行不可读/不可定位，或存在复合断言
REQ-CF-00002,core-finance,docs/PRD-核心引擎.md,source_section;source_quote;atomic_assertion,5.1.2 璐熻浇鍧囪　绠楁硶锛圥2锛?,#### 5.1.2 璐熻浇鍧囪　绠楁硶锛圥2锛?,**加权轮询实现**,,,gb18030->utf8 x1,NO,MANUAL_REVIEW,至少一个受影响字段无法整字段安全转换，或完整源行不可读/不可定位，或存在复合断言
REQ-CF-00003,core-finance,docs/PRD-核心引擎.md,source_section;source_quote;atomic_assertion,5.1.2 璐熻浇鍧囪　绠楁硶锛圥2锛?,#### 5.1.2 璐熻浇鍧囪　绠楁硶锛圥2锛?,**鏈€灏戣繛鎺ヤ紭鍏?*,,,,NO,MANUAL_REVIEW,至少一个受影响字段无法整字段安全转换，或完整源行不可读/不可定位，或存在复合断言
REQ-CF-00004,core-finance,docs/PRD-核心引擎.md,source_section;source_quote;atomic_assertion,5.1.3 鐔旀柇鍣ㄧ姸鎬佹満锛圥2锛?,#### 5.1.3 鐔旀柇鍣ㄧ姸鎬佹満锛圥2锛?,**熔断配置参数**,,,gb18030->utf8 x1,NO,MANUAL_REVIEW,至少一个受影响字段无法整字段安全转换，或完整源行不可读/不可定位，或存在复合断言
REQ-CF-00005,core-finance,docs/PRD-核心引擎.md,source_section;source_quote,5.1.3 鐔旀柇鍣ㄧ姸鎬佹満锛圥2锛?,#### 5.1.3 鐔旀柇鍣ㄧ姸鎬佹満锛圥2锛?,鍙傛暟应满足：澶辫触闃堝€?,,,,NO,MANUAL_REVIEW,至少一个受影响字段无法整字段安全转换，或完整源行不可读/不可定位，或存在复合断言
REQ-CF-00006,core-finance,docs/PRD-核心引擎.md,source_section;source_quote;atomic_assertion,5.1.3 鐔旀柇鍣ㄧ姸鎬佹満锛圥2锛?,#### 5.1.3 鐔旀柇鍣ㄧ姸鎬佹満锛圥2锛?,榛樿鍊?应满足：5 娆?,,,,NO,MANUAL_REVIEW,至少一个受影响字段无法整字段安全转换，或完整源行不可读/不可定位，或存在复合断言
REQ-CF-00007,core-finance,docs/PRD-核心引擎.md,source_section;source_quote;atomic_assertion,5.1.3 鐔旀柇鍣ㄧ姸鎬佹満锛圥2锛?,#### 5.1.3 鐔旀柇鍣ㄧ姸鎬佹満锛圥2锛?,璇存槑应满足：杩炵画澶辫触娆℃暟杈炬鍊艰Е鍙戝崐寮€,,,,NO,MANUAL_REVIEW,至少一个受影响字段无法整字段安全转换，或完整源行不可读/不可定位，或存在复合断言
REQ-CF-00008,core-finance,docs/PRD-核心引擎.md,source_section;source_quote,5.1.3 鐔旀柇鍣ㄧ姸鎬佹満锛圥2锛?,#### 5.1.3 鐔旀柇鍣ㄧ姸鎬佹満锛圥2锛?,鍙傛暟应满足：鐔旀柇瓒呮椂,,,,NO,MANUAL_REVIEW,至少一个受影响字段无法整字段安全转换，或完整源行不可读/不可定位，或存在复合断言
REQ-CF-00009,core-finance,docs/PRD-核心引擎.md,source_section;source_quote;atomic_assertion,5.1.3 鐔旀柇鍣ㄧ姸鎬佹満锛圥2锛?,#### 5.1.3 鐔旀柇鍣ㄧ姸鎬佹満锛圥2锛?,榛樿鍊?应满足：30 绉?,,,,NO,MANUAL_REVIEW,至少一个受影响字段无法整字段安全转换，或完整源行不可读/不可定位，或存在复合断言
REQ-CF-00010,core-finance,docs/PRD-核心引擎.md,source_section;source_quote,5.1.3 鐔旀柇鍣ㄧ姸鎬佹満锛圥2锛?,#### 5.1.3 鐔旀柇鍣ㄧ姸鎬佹満锛圥2锛?,璇存槑应满足：鍏ㄥ紑鐘舵€佷笅绛夊緟澶氫箙杩涘叆鍗婂紑,,,,NO,MANUAL_REVIEW,至少一个受影响字段无法整字段安全转换，或完整源行不可读/不可定位，或存在复合断言
REQ-CF-00011,core-finance,docs/PRD-核心引擎.md,source_section;source_quote,5.1.3 鐔旀柇鍣ㄧ姸鎬佹満锛圥2锛?,#### 5.1.3 鐔旀柇鍣ㄧ姸鎬佹満锛圥2锛?,鍙傛暟应满足：鎺㈤拡鏁?,,,,NO,MANUAL_REVIEW,至少一个受影响字段无法整字段安全转换，或完整源行不可读/不可定位，或存在复合断言
REQ-CF-00012,core-finance,docs/PRD-核心引擎.md,source_section;source_quote;atomic_assertion,5.1.3 鐔旀柇鍣ㄧ姸鎬佹満锛圥2锛?,#### 5.1.3 鐔旀柇鍣ㄧ姸鎬佹満锛圥2锛?,榛樿鍊?应满足：3 娆?,,,,NO,MANUAL_REVIEW,至少一个受影响字段无法整字段安全转换，或完整源行不可读/不可定位，或存在复合断言
REQ-CF-00013,core-finance,docs/PRD-核心引擎.md,source_section;source_quote;atomic_assertion,5.1.3 鐔旀柇鍣ㄧ姸鎬佹満锛圥2锛?,#### 5.1.3 鐔旀柇鍣ㄧ姸鎬佹満锛圥2锛?,璇存槑应满足：鍗婂紑鐘舵€佷笅杩炵画鎴愬姛澶氬皯娆℃仮澶?,,,,NO,MANUAL_REVIEW,至少一个受影响字段无法整字段安全转换，或完整源行不可读/不可定位，或存在复合断言
REQ-CF-00014,core-finance,docs/PRD-核心引擎.md,source_section;source_quote,5.1.3 鐔旀柇鍣ㄧ姸鎬佹満锛圥2锛?,#### 5.1.3 鐔旀柇鍣ㄧ姸鎬佹満锛圥2锛?,鍙傛暟应满足：鎺㈤拡闂撮殧,,,,NO,MANUAL_REVIEW,至少一个受影响字段无法整字段安全转换，或完整源行不可读/不可定位，或存在复合断言
REQ-CF-00015,core-finance,docs/PRD-核心引擎.md,source_section;source_quote;atomic_assertion,5.1.3 鐔旀柇鍣ㄧ姸鎬佹満锛圥2锛?,#### 5.1.3 鐔旀柇鍣ㄧ姸鎬佹満锛圥2锛?,榛樿鍊?应满足：10 绉?,,,,NO,MANUAL_REVIEW,至少一个受影响字段无法整字段安全转换，或完整源行不可读/不可定位，或存在复合断言
REQ-CF-00016,core-finance,docs/PRD-核心引擎.md,source_section;source_quote;atomic_assertion,5.1.3 鐔旀柇鍣ㄧ姸鎬佹満锛圥2锛?,#### 5.1.3 鐔旀柇鍣ㄧ姸鎬佹満锛圥2锛?,璇存槑应满足：鍗婂紑鐘舵€佹斁琛岃姹傜殑闂撮殧,,,,NO,MANUAL_REVIEW,至少一个受影响字段无法整字段安全转换，或完整源行不可读/不可定位，或存在复合断言
REQ-CF-00017,core-finance,docs/PRD-核心引擎.md,source_section;source_quote,5.1.3 鐔旀柇鍣ㄧ姸鎬佹満锛圥2锛?,#### 5.1.3 鐔旀柇鍣ㄧ姸鎬佹満锛圥2锛?,鍙傛暟应满足：绾у埆,,,,NO,MANUAL_REVIEW,至少一个受影响字段无法整字段安全转换，或完整源行不可读/不可定位，或存在复合断言
REQ-CF-00018,core-finance,docs/PRD-核心引擎.md,source_section;source_quote;atomic_assertion,5.1.3 鐔旀柇鍣ㄧ姸鎬佹満锛圥2锛?,#### 5.1.3 鐔旀柇鍣ㄧ姸鎬佹満锛圥2锛?,榛樿鍊?应满足：鐔旀柇瀵硅薄,,,,NO,MANUAL_REVIEW,至少一个受影响字段无法整字段安全转换，或完整源行不可读/不可定位，或存在复合断言
REQ-CF-00019,core-finance,docs/PRD-核心引擎.md,source_section;source_quote,5.1.3 鐔旀柇鍣ㄧ姸鎬佹満锛圥2锛?,#### 5.1.3 鐔旀柇鍣ㄧ姸鎬佹満锛圥2锛?,璇存槑应满足：褰卞搷鑼冨洿,,,,NO,MANUAL_REVIEW,至少一个受影响字段无法整字段安全转换，或完整源行不可读/不可定位，或存在复合断言
REQ-CF-00020,core-finance,docs/PRD-核心引擎.md,source_section;source_quote,5.1.3 鐔旀柇鍣ㄧ姸鎬佹満锛圥2锛?,#### 5.1.3 鐔旀柇鍣ㄧ姸鎬佹満锛圥2锛?,鍙傛暟应满足：Key 绾?,,,,NO,MANUAL_REVIEW,至少一个受影响字段无法整字段安全转换，或完整源行不可读/不可定位，或存在复合断言
REQ-CF-00021,core-finance,docs/PRD-核心引擎.md,source_section;source_quote;atomic_assertion,5.1.3 鐔旀柇鍣ㄧ姸鎬佹満锛圥2锛?,#### 5.1.3 鐔旀柇鍣ㄧ姸鎬佹満锛圥2锛?,榛樿鍊?应满足：鍗曚釜 API Key,,,,NO,MANUAL_REVIEW,至少一个受影响字段无法整字段安全转换，或完整源行不可读/不可定位，或存在复合断言
REQ-CF-00022,core-finance,docs/PRD-核心引擎.md,source_section;source_quote;atomic_assertion,5.1.3 鐔旀柇鍣ㄧ姸鎬佹満锛圥2锛?,#### 5.1.3 鐔旀柇鍣ㄧ姸鎬佹満锛圥2锛?,璇存槑应满足：璇?Key 琚Щ闄よ疆璇紝鍏朵粬 Key 姝ｅ父,,,,NO,MANUAL_REVIEW,至少一个受影响字段无法整字段安全转换，或完整源行不可读/不可定位，或存在复合断言
REQ-CF-00023,core-finance,docs/PRD-核心引擎.md,source_section;source_quote,5.1.3 鐔旀柇鍣ㄧ姸鎬佹満锛圥2锛?,#### 5.1.3 鐔旀柇鍣ㄧ姸鎬佹満锛圥2锛?,鍙傛暟应满足：渚涘簲鍟嗙骇,,,,NO,MANUAL_REVIEW,至少一个受影响字段无法整字段安全转换，或完整源行不可读/不可定位，或存在复合断言
REQ-CF-00024,core-finance,docs/PRD-核心引擎.md,source_section;source_quote;atomic_assertion,5.1.3 鐔旀柇鍣ㄧ姸鎬佹満锛圥2锛?,#### 5.1.3 鐔旀柇鍣ㄧ姸鎬佹満锛圥2锛?,榛樿鍊?应满足：鏁翠釜渚涘簲鍟?,,,,NO,MANUAL_REVIEW,至少一个受影响字段无法整字段安全转换，或完整源行不可读/不可定位，或存在复合断言
REQ-CF-00025,core-finance,docs/PRD-核心引擎.md,source_section;source_quote;atomic_assertion,5.1.3 鐔旀柇鍣ㄧ姸鎬佹満锛圥2锛?,#### 5.1.3 鐔旀柇鍣ㄧ姸鎬佹満锛圥2锛?,璇存槑应满足：鎵€鏈夎姹傚垏鎹㈠埌澶囩敤渚涘簲鍟?,,,,NO,MANUAL_REVIEW,至少一个受影响字段无法整字段安全转换，或完整源行不可读/不可定位，或存在复合断言
REQ-CF-00026,core-finance,docs/PRD-核心引擎.md,source_section;source_quote;atomic_assertion,5.1.3 鐔旀柇鍣ㄧ姸鎬佹満锛圥2锛?,#### 5.1.3 鐔旀柇鍣ㄧ姸鎬佹満锛圥2锛?,鍙傛暟应满足：妯″瀷绾?,,,,NO,MANUAL_REVIEW,至少一个受影响字段无法整字段安全转换，或完整源行不可读/不可定位，或存在复合断言
REQ-CF-00027,core-finance,docs/PRD-核心引擎.md,source_section;source_quote;atomic_assertion,5.1.3 鐔旀柇鍣ㄧ姸鎬佹満锛圥2锛?,#### 5.1.3 鐔旀柇鍣ㄧ姸鎬佹満锛圥2锛?,榛樿鍊?应满足：鐗瑰畾妯″瀷鐨勬墍鏈変緵搴斿晢,,,,NO,MANUAL_REVIEW,至少一个受影响字段无法整字段安全转换，或完整源行不可读/不可定位，或存在复合断言
REQ-CF-00028,core-finance,docs/PRD-核心引擎.md,source_section;source_quote,5.1.3 鐔旀柇鍣ㄧ姸鎬佹満锛圥2锛?,#### 5.1.3 鐔旀柇鍣ㄧ姸鎬佹満锛圥2锛?,璇存槑应满足：杩斿洖妯″瀷涓嶅彲鐢ㄩ敊璇?,,,,NO,MANUAL_REVIEW,至少一个受影响字段无法整字段安全转换，或完整源行不可读/不可定位，或存在复合断言
REQ-CF-00029,core-finance,docs/PRD-核心引擎.md,source_quote;atomic_assertion,5.2 璁¤垂涓庣粨绠楃簿鍖?,馃搸 **娣卞寲鍙傝€?*锛歔`docs/ref-5.2-billing.md`](ref-5.2-billing.md) 鈥?鍚叚灞傚畾浠蜂綋绯汇€佸疄鏃惰璐规祦绋嬶紙棰勬墸鈫掑閫€灏戣ˉ锛夈€丏rizzle Schema銆佽处鍗曞懆鏈熴€佽嚜鍔ㄥ璐︺€佷环鏍奸厤缃€佽璐瑰紓甯稿鐞?,馃搸 **娣卞寲鍙傝€?*锛歔`docs/ref-5.2-billing.md`](ref-5.2-billing.md) 鈥?鍚叚灞傚畾浠蜂綋绯汇€佸疄鏃惰璐规祦绋嬶紙棰勬墸鈫掑閫€灏戣ˉ锛夈€丏rizzle Schema銆佽处鍗曞懆鏈熴€佽嚜鍔ㄥ璐︺€佷环鏍奸厤缃€佽璐瑰紓甯稿鐞?,,158,,NO,MANUAL_REVIEW,至少一个受影响字段无法整字段安全转换，或完整源行不可读/不可定位，或存在复合断言
REQ-CF-00030,core-finance,docs/PRD-核心引擎.md,source_quote;atomic_assertion,5.2 璁¤垂涓庣粨绠楃簿鍖?,馃搸 **娣卞寲鍙傝€?*锛歔`docs/ref-4.4-finance.md`](ref-4.4-finance.md) 鈥?鍚环鏍煎紩鎿庡叚灞傚疄鐜般€佸疄鏃惰璐归摼璺€佸璐﹀紩鎿庛€佽处鍗?PDF 鐢熸垚,馃搸 **娣卞寲鍙傝€?*锛歔`docs/ref-4.4-finance.md`](ref-4.4-finance.md) 鈥?鍚环鏍煎紩鎿庡叚灞傚疄鐜般€佸疄鏃惰璐归摼璺€佸璐﹀紩鎿庛€佽处鍗?PDF 鐢熸垚,,158,,NO,MANUAL_REVIEW,至少一个受影响字段无法整字段安全转换，或完整源行不可读/不可定位，或存在复合断言
REQ-CF-00031,core-finance,docs/PRD-核心引擎.md,source_section;source_quote;atomic_assertion,5.2.1 价格层级与优先级,#### 5.2.1 价格层级与优先级,**价格层级定义**,164,164,gb18030->utf8 x1,NO,REVIEW_CANDIDATE,所有受影响字段均完成整字段可逆转换，且引用/章节可定位；仍需人工确认
REQ-CF-00032,core-finance,docs/PRD-核心引擎.md,source_section;source_quote;atomic_assertion,5.2.1 价格层级与优先级,#### 5.2.1 价格层级与优先级,灞傜骇应满足：L0,164,164,gb18030->utf8 x1,NO,MANUAL_REVIEW,至少一个受影响字段无法整字段安全转换，或完整源行不可读/不可定位，或存在复合断言
REQ-CF-00033,core-finance,docs/PRD-核心引擎.md,source_section;source_quote;atomic_assertion,5.2.1 价格层级与优先级,#### 5.2.1 价格层级与优先级,鍚嶇О应满足：渚涘簲鍟嗘垚鏈环,164,164,gb18030->utf8 x1,NO,MANUAL_REVIEW,至少一个受影响字段无法整字段安全转换，或完整源行不可读/不可定位，或存在复合断言
REQ-CF-00034,core-finance,docs/PRD-核心引擎.md,source_section;source_quote;atomic_assertion,5.2.1 价格层级与优先级,#### 5.2.1 价格层级与优先级,璇存槑应满足：涓婃父鍘熷浠锋牸,164,164,gb18030->utf8 x1,NO,MANUAL_REVIEW,至少一个受影响字段无法整字段安全转换，或完整源行不可读/不可定位，或存在复合断言
REQ-CF-00035,core-finance,docs/PRD-核心引擎.md,source_section;source_quote,5.2.1 价格层级与优先级,#### 5.2.1 价格层级与优先级,鍗曚环鏉ユ簮应满足：`vendor_models.input/output_price`,164,164,gb18030->utf8 x1,NO,REVIEW_CANDIDATE,所有受影响字段均完成整字段可逆转换，且引用/章节可定位；仍需人工确认
REQ-CF-00036,core-finance,docs/PRD-核心引擎.md,source_section;source_quote;atomic_assertion,5.2.1 价格层级与优先级,#### 5.2.1 价格层级与优先级,灞傜骇应满足：L1,164,164,gb18030->utf8 x1,NO,MANUAL_REVIEW,至少一个受影响字段无法整字段安全转换，或完整源行不可读/不可定位，或存在复合断言
REQ-CF-00037,core-finance,docs/PRD-核心引擎.md,source_section;source_quote;atomic_assertion,5.2.1 价格层级与优先级,#### 5.2.1 价格层级与优先级,鍚嶇О应满足：骞冲彴鏍囧噯浠?,164,164,gb18030->utf8 x1,NO,MANUAL_REVIEW,至少一个受影响字段无法整字段安全转换，或完整源行不可读/不可定位，或存在复合断言
REQ-CF-00038,core-finance,docs/PRD-核心引擎.md,source_section;source_quote,5.2.1 价格层级与优先级,#### 5.2.1 价格层级与优先级,璇存槑应满足：L0 脳 (1 + 鍏ㄥ眬鍔犱环鐜?,164,164,gb18030->utf8 x1,NO,REVIEW_CANDIDATE,所有受影响字段均完成整字段可逆转换，且引用/章节可定位；仍需人工确认
REQ-CF-00039,core-finance,docs/PRD-核心引擎.md,source_section;source_quote,5.2.1 价格层级与优先级,#### 5.2.1 价格层级与优先级,鍗曚环鏉ユ簮应满足：`site_configs.default_markup_rate`,164,164,gb18030->utf8 x1,NO,REVIEW_CANDIDATE,所有受影响字段均完成整字段可逆转换，且引用/章节可定位；仍需人工确认
REQ-CF-00040,core-finance,docs/PRD-核心引擎.md,source_section;source_quote;atomic_assertion,5.2.1 价格层级与优先级,#### 5.2.1 价格层级与优先级,灞傜骇应满足：L2,164,164,gb18030->utf8 x1,NO,MANUAL_REVIEW,至少一个受影响字段无法整字段安全转换，或完整源行不可读/不可定位，或存在复合断言
REQ-CF-00041,core-finance,docs/PRD-核心引擎.md,source_section;source_quote;atomic_assertion,5.2.1 价格层级与优先级,#### 5.2.1 价格层级与优先级,鍚嶇О应满足：妯″瀷瑕嗙洊浠?,164,164,gb18030->utf8 x1,NO,MANUAL_REVIEW,至少一个受影响字段无法整字段安全转换，或完整源行不可读/不可定位，或存在复合断言
REQ-CF-00042,core-finance,docs/PRD-核心引擎.md,source_section;source_quote;atomic_assertion,5.2.1 价格层级与优先级,#### 5.2.1 价格层级与优先级,璇存槑应满足：鐗瑰畾妯″瀷鐨勭嫭绔嬪敭浠?,164,164,gb18030->utf8 x1,NO,MANUAL_REVIEW,至少一个受影响字段无法整字段安全转换，或完整源行不可读/不可定位，或存在复合断言
REQ-CF-00043,core-finance,docs/PRD-核心引擎.md,source_section;source_quote,5.2.1 价格层级与优先级,#### 5.2.1 价格层级与优先级,鍗曚环鏉ユ簮应满足：`models.override_price`,164,164,gb18030->utf8 x1,NO,REVIEW_CANDIDATE,所有受影响字段均完成整字段可逆转换，且引用/章节可定位；仍需人工确认
REQ-CF-00044,core-finance,docs/PRD-核心引擎.md,source_section;source_quote;atomic_assertion,5.2.1 价格层级与优先级,#### 5.2.1 价格层级与优先级,灞傜骇应满足：L3,164,164,gb18030->utf8 x1,NO,MANUAL_REVIEW,至少一个受影响字段无法整字段安全转换，或完整源行不可读/不可定位，或存在复合断言
REQ-CF-00045,core-finance,docs/PRD-核心引擎.md,source_section;source_quote;atomic_assertion,5.2.1 价格层级与优先级,#### 5.2.1 价格层级与优先级,鍚嶇О应满足：浠ｇ悊鎶樻墸浠?,164,164,gb18030->utf8 x1,NO,MANUAL_REVIEW,至少一个受影响字段无法整字段安全转换，或完整源行不可读/不可定位，或存在复合断言
REQ-CF-00046,core-finance,docs/PRD-核心引擎.md,source_section;source_quote;atomic_assertion,5.2.1 价格层级与优先级,#### 5.2.1 价格层级与优先级,璇存槑应满足：浠ｇ悊鍚嶄笅鐢ㄦ埛涓撳睘浠锋牸,164,164,gb18030->utf8 x1,NO,MANUAL_REVIEW,至少一个受影响字段无法整字段安全转换，或完整源行不可读/不可定位，或存在复合断言
REQ-CF-00047,core-finance,docs/PRD-核心引擎.md,source_section;source_quote,5.2.1 价格层级与优先级,#### 5.2.1 价格层级与优先级,鍗曚环鏉ユ簮应满足：`agent_commission.discount_rate`,164,164,gb18030->utf8 x1,NO,REVIEW_CANDIDATE,所有受影响字段均完成整字段可逆转换，且引用/章节可定位；仍需人工确认
REQ-CF-00048,core-finance,docs/PRD-核心引擎.md,source_section;source_quote;atomic_assertion,5.2.1 价格层级与优先级,#### 5.2.1 价格层级与优先级,灞傜骇应满足：L4,164,164,gb18030->utf8 x1,NO,MANUAL_REVIEW,至少一个受影响字段无法整字段安全转换，或完整源行不可读/不可定位，或存在复合断言
REQ-CF-00049,core-finance,docs/PRD-核心引擎.md,source_section;source_quote;atomic_assertion,5.2.1 价格层级与优先级,#### 5.2.1 价格层级与优先级,鍚嶇О应满足：鍒嗙粍瀹氫环,164,164,gb18030->utf8 x1,NO,MANUAL_REVIEW,至少一个受影响字段无法整字段安全转换，或完整源行不可读/不可定位，或存在复合断言
REQ-CF-00050,core-finance,docs/PRD-核心引擎.md,source_section;source_quote;atomic_assertion,5.2.1 价格层级与优先级,#### 5.2.1 价格层级与优先级,璇存槑应满足：Key 缁勪笓灞炰环鏍?,164,164,gb18030->utf8 x1,NO,MANUAL_REVIEW,至少一个受影响字段无法整字段安全转换，或完整源行不可读/不可定位，或存在复合断言
REQ-CF-00051,core-finance,docs/PRD-核心引擎.md,source_section;source_quote,5.2.1 价格层级与优先级,#### 5.2.1 价格层级与优先级,鍗曚环鏉ユ簮应满足：`key_group_pricing.unit_price`,164,164,gb18030->utf8 x1,NO,REVIEW_CANDIDATE,所有受影响字段均完成整字段可逆转换，且引用/章节可定位；仍需人工确认
REQ-CF-00052,core-finance,docs/PRD-核心引擎.md,source_section;source_quote;atomic_assertion,5.2.1 价格层级与优先级,#### 5.2.1 价格层级与优先级,灞傜骇应满足：L5,164,164,gb18030->utf8 x1,NO,MANUAL_REVIEW,至少一个受影响字段无法整字段安全转换，或完整源行不可读/不可定位，或存在复合断言
REQ-CF-00053,core-finance,docs/PRD-核心引擎.md,source_section;source_quote;atomic_assertion,5.2.1 价格层级与优先级,#### 5.2.1 价格层级与优先级,鍚嶇О应满足：娲诲姩浠?,164,164,gb18030->utf8 x1,NO,MANUAL_REVIEW,至少一个受影响字段无法整字段安全转换，或完整源行不可读/不可定位，或存在复合断言
REQ-CF-00054,core-finance,docs/PRD-核心引擎.md,source_section;source_quote;atomic_assertion,5.2.1 价格层级与优先级,#### 5.2.1 价格层级与优先级,璇存槑应满足：娲诲姩鏈熼棿涓存椂浠锋牸,164,164,gb18030->utf8 x1,NO,MANUAL_REVIEW,至少一个受影响字段无法整字段安全转换，或完整源行不可读/不可定位，或存在复合断言
REQ-CF-00055,core-finance,docs/PRD-核心引擎.md,source_section;source_quote,5.2.1 价格层级与优先级,#### 5.2.1 价格层级与优先级,鍗曚环鏉ユ簮应满足：`campaign_prices.discount_rate`,164,164,gb18030->utf8 x1,NO,REVIEW_CANDIDATE,所有受影响字段均完成整字段可逆转换，且引用/章节可定位；仍需人工确认
REQ-CF-00056,core-finance,docs/PRD-核心引擎.md,source_section;source_quote;atomic_assertion,5.2.1 价格层级与优先级,#### 5.2.1 价格层级与优先级,**瀹氫环浼樺厛绾ц鍒?*,164,164,gb18030->utf8 x1,NO,MANUAL_REVIEW,至少一个受影响字段无法整字段安全转换，或完整源行不可读/不可定位，或存在复合断言
REQ-CF-00057,core-finance,docs/PRD-核心引擎.md,source_section;source_quote;atomic_assertion,5.2.3 璐﹀崟鍛ㄦ湡锛圥1锛?,#### 5.2.3 璐﹀崟鍛ㄦ湡锛圥1锛?,**账单 PDF 内容**,,,gb18030->utf8 x1,NO,MANUAL_REVIEW,至少一个受影响字段无法整字段安全转换，或完整源行不可读/不可定位，或存在复合断言
REQ-CF-00058,core-finance,docs/PRD-核心引擎.md,source_section;source_quote;atomic_assertion,5.3 限流引擎精化,馃搸 **娣卞寲鍙傝€?*锛歔`docs/ref-5.3-rate-limiter.md`](ref-5.3-rate-limiter.md) 鈥?鍚洓绾ч檺娴佹灦鏋勩€丏rizzle Schema 鍏ㄦ枃銆丄PI 鎺ュ彛銆佸墠绔粍浠?Props銆侀檺娴佺畻娉曠粏鑺傘€侀殧绂荤瓥鐣ャ€侀檷绾х瓥鐣ャ€侀厤缃」姹囨€?,馃搸 **娣卞寲鍙傝€?*锛歔`docs/ref-5.3-rate-limiter.md`](ref-5.3-rate-limiter.md) 鈥?鍚洓绾ч檺娴佹灦鏋勩€丏rizzle Schema 鍏ㄦ枃銆丄PI 鎺ュ彛銆佸墠绔粍浠?Props銆侀檺娴佺畻娉曠粏鑺傘€侀殧绂荤瓥鐣ャ€侀檷绾х瓥鐣ャ€侀厤缃」姹囨€?,,280,gb18030->utf8 x1,NO,MANUAL_REVIEW,至少一个受影响字段无法整字段安全转换，或完整源行不可读/不可定位，或存在复合断言
REQ-CF-00059,core-finance,docs/PRD-核心引擎.md,source_section;source_quote,5.3.1 四级限流详细规格,| L1 鍏ㄥ眬 | 鍏ㄧ郴缁?QPS | `site_configs` | 10000 | 鎵€鏈夎姹?| 涓嶅彲瓒呰秺 |,绾у埆应满足：L1 鍏ㄥ眬,,284,gb18030->utf8 x1,NO,MANUAL_REVIEW,至少一个受影响字段无法整字段安全转换，或完整源行不可读/不可定位，或存在复合断言
REQ-CF-00060,core-finance,docs/PRD-核心引擎.md,source_section;source_quote,5.3.1 四级限流详细规格,| L1 鍏ㄥ眬 | 鍏ㄧ郴缁?QPS | `site_configs` | 10000 | 鎵€鏈夎姹?| 涓嶅彲瓒呰秺 |,闄愬埗缁村害应满足：鍏ㄧ郴缁?QPS,,284,gb18030->utf8 x1,NO,MANUAL_REVIEW,至少一个受影响字段无法整字段安全转换，或完整源行不可读/不可定位，或存在复合断言
REQ-CF-00061,core-finance,docs/PRD-核心引擎.md,source_section;source_quote;atomic_assertion,5.3.1 四级限流详细规格,| L1 鍏ㄥ眬 | 鍏ㄧ郴缁?QPS | `site_configs` | 10000 | 鎵€鏈夎姹?| 涓嶅彲瓒呰秺 |,閰嶇疆鏂瑰紡应满足：`site_configs`,,284,gb18030->utf8 x1,NO,MANUAL_REVIEW,至少一个受影响字段无法整字段安全转换，或完整源行不可读/不可定位，或存在复合断言
REQ-CF-00062,core-finance,docs/PRD-核心引擎.md,source_section;source_quote;atomic_assertion,5.3.1 四级限流详细规格,| L1 鍏ㄥ眬 | 鍏ㄧ郴缁?QPS | `site_configs` | 10000 | 鎵€鏈夎姹?| 涓嶅彲瓒呰秺 |,榛樿鍊?应满足：10000,,284,gb18030->utf8 x1,NO,MANUAL_REVIEW,至少一个受影响字段无法整字段安全转换，或完整源行不可读/不可定位，或存在复合断言
REQ-CF-00063,core-finance,docs/PRD-核心引擎.md,source_section;source_quote;atomic_assertion,5.3.1 四级限流详细规格,| 绾у埆 | 闄愬埗缁村害 | 閰嶇疆鏂瑰紡 | 榛樿鍊?| 浣滅敤鑼冨洿 | 瓒呰秺鏂瑰紡 |,浣滅敤鑼冨洿应满足：鎵€鏈夎姹?,,284,gb18030->utf8 x1,NO,MANUAL_REVIEW,至少一个受影响字段无法整字段安全转换，或完整源行不可读/不可定位，或存在复合断言
REQ-CF-00064,core-finance,docs/PRD-核心引擎.md,source_section;source_quote,5.3.1 四级限流详细规格,| 绾у埆 | 闄愬埗缁村害 | 閰嶇疆鏂瑰紡 | 榛樿鍊?| 浣滅敤鑼冨洿 | 瓒呰秺鏂瑰紡 |,瓒呰秺鏂瑰紡应满足：涓嶅彲瓒呰秺,,284,gb18030->utf8 x1,NO,MANUAL_REVIEW,至少一个受影响字段无法整字段安全转换，或完整源行不可读/不可定位，或存在复合断言
REQ-CF-00066,core-finance,docs/PRD-核心引擎.md,source_section;source_quote,5.3.1 四级限流详细规格,| L1 鍏ㄥ眬 | 鍏ㄧ郴缁?TPM | `site_configs` | 60000000 | 鎵€鏈夎姹?| 涓嶅彲瓒呰秺 |,闄愬埗缁村害应满足：鍏ㄧ郴缁?TPM,,284,gb18030->utf8 x1,NO,MANUAL_REVIEW,至少一个受影响字段无法整字段安全转换，或完整源行不可读/不可定位，或存在复合断言
REQ-CF-00068,core-finance,docs/PRD-核心引擎.md,source_section;source_quote;atomic_assertion,5.3.1 四级限流详细规格,| L1 鍏ㄥ眬 | 鍏ㄧ郴缁?TPM | `site_configs` | 60000000 | 鎵€鏈夎姹?| 涓嶅彲瓒呰秺 |,榛樿鍊?应满足：60000000,,284,gb18030->utf8 x1,NO,MANUAL_REVIEW,至少一个受影响字段无法整字段安全转换，或完整源行不可读/不可定位，或存在复合断言
REQ-CF-00071,core-finance,docs/PRD-核心引擎.md,source_section;source_quote;atomic_assertion,5.3.1 四级限流详细规格,| L2 鐢ㄦ埛 | 鐢ㄦ埛 QPS | `user_quotas` | 100 | 璇ョ敤鎴?| admin 鍙皟鏁?|,绾у埆应满足：L2 鐢ㄦ埛,,284,gb18030->utf8 x1,NO,MANUAL_REVIEW,至少一个受影响字段无法整字段安全转换，或完整源行不可读/不可定位，或存在复合断言
REQ-CF-00072,core-finance,docs/PRD-核心引擎.md,source_section;source_quote;atomic_assertion,5.3.1 四级限流详细规格,| 绾у埆 | 闄愬埗缁村害 | 閰嶇疆鏂瑰紡 | 榛樿鍊?| 浣滅敤鑼冨洿 | 瓒呰秺鏂瑰紡 |,闄愬埗缁村害应满足：鐢ㄦ埛 QPS,,284,gb18030->utf8 x1,NO,MANUAL_REVIEW,至少一个受影响字段无法整字段安全转换，或完整源行不可读/不可定位，或存在复合断言
REQ-CF-00073,core-finance,docs/PRD-核心引擎.md,source_section;source_quote;atomic_assertion,5.3.1 四级限流详细规格,| L2 鐢ㄦ埛 | 鐢ㄦ埛 QPS | `user_quotas` | 100 | 璇ョ敤鎴?| admin 鍙皟鏁?|,閰嶇疆鏂瑰紡应满足：`user_quotas`,,284,gb18030->utf8 x1,NO,MANUAL_REVIEW,至少一个受影响字段无法整字段安全转换，或完整源行不可读/不可定位，或存在复合断言
REQ-CF-00074,core-finance,docs/PRD-核心引擎.md,source_section;source_quote;atomic_assertion,5.3.1 四级限流详细规格,| 绾у埆 | 闄愬埗缁村害 | 閰嶇疆鏂瑰紡 | 榛樿鍊?| 浣滅敤鑼冨洿 | 瓒呰秺鏂瑰紡 |,榛樿鍊?应满足：100,,284,gb18030->utf8 x1,NO,MANUAL_REVIEW,至少一个受影响字段无法整字段安全转换，或完整源行不可读/不可定位，或存在复合断言
REQ-CF-00075,core-finance,docs/PRD-核心引擎.md,source_section;source_quote;atomic_assertion,5.3.1 四级限流详细规格,| 绾у埆 | 闄愬埗缁村害 | 閰嶇疆鏂瑰紡 | 榛樿鍊?| 浣滅敤鑼冨洿 | 瓒呰秺鏂瑰紡 |,浣滅敤鑼冨洿应满足：璇ョ敤鎴?,,284,gb18030->utf8 x1,NO,MANUAL_REVIEW,至少一个受影响字段无法整字段安全转换，或完整源行不可读/不可定位，或存在复合断言
REQ-CF-00076,core-finance,docs/PRD-核心引擎.md,source_section;source_quote;atomic_assertion,5.3.1 四级限流详细规格,| L2 鐢ㄦ埛 | 鐢ㄦ埛 QPS | `user_quotas` | 100 | 璇ョ敤鎴?| admin 鍙皟鏁?|,瓒呰秺鏂瑰紡应满足：admin 鍙皟鏁?,,284,gb18030->utf8 x1,NO,MANUAL_REVIEW,至少一个受影响字段无法整字段安全转换，或完整源行不可读/不可定位，或存在复合断言
REQ-CF-00078,core-finance,docs/PRD-核心引擎.md,source_section;source_quote;atomic_assertion,5.3.1 四级限流详细规格,| 绾у埆 | 闄愬埗缁村害 | 閰嶇疆鏂瑰紡 | 榛樿鍊?| 浣滅敤鑼冨洿 | 瓒呰秺鏂瑰紡 |,闄愬埗缁村害应满足：鐢ㄦ埛 TPM,,284,gb18030->utf8 x1,NO,MANUAL_REVIEW,至少一个受影响字段无法整字段安全转换，或完整源行不可读/不可定位，或存在复合断言
REQ-CF-00080,core-finance,docs/PRD-核心引擎.md,source_section;source_quote;atomic_assertion,5.3.1 四级限流详细规格,| L1 鍏ㄥ眬 | 鍏ㄧ郴缁?TPM | `site_configs` | 60000000 | 鎵€鏈夎姹?| 涓嶅彲瓒呰秺 |,榛樿鍊?应满足：600000,,284,gb18030->utf8 x1,NO,MANUAL_REVIEW,至少一个受影响字段无法整字段安全转换，或完整源行不可读/不可定位，或存在复合断言
REQ-CF-00084,core-finance,docs/PRD-核心引擎.md,source_section;source_quote;atomic_assertion,5.3.1 四级限流详细规格,| L2 鐢ㄦ埛 | 鐢ㄦ埛鏃ヨ皟鐢?| `user_quotas` | 涓嶉檺 | 璇ョ敤鎴?| admin 鍙皟鏁?|,闄愬埗缁村害应满足：鐢ㄦ埛鏃ヨ皟鐢?,,284,gb18030->utf8 x1,NO,MANUAL_REVIEW,至少一个受影响字段无法整字段安全转换，或完整源行不可读/不可定位，或存在复合断言
REQ-CF-00086,core-finance,docs/PRD-核心引擎.md,source_section;source_quote;atomic_assertion,5.3.1 四级限流详细规格,| 绾у埆 | 闄愬埗缁村害 | 閰嶇疆鏂瑰紡 | 榛樿鍊?| 浣滅敤鑼冨洿 | 瓒呰秺鏂瑰紡 |,榛樿鍊?应满足：涓嶉檺,,284,gb18030->utf8 x1,NO,MANUAL_REVIEW,至少一个受影响字段无法整字段安全转换，或完整源行不可读/不可定位，或存在复合断言
REQ-CF-00089,core-finance,docs/PRD-核心引擎.md,source_section;source_quote,5.3.1 四级限流详细规格,| L3 Key | Key QPS | `api_keys` | 50 | 璇?Key | 鐢ㄦ埛鍙皟鏁?|,绾у埆应满足：L3 Key,,284,gb18030->utf8 x1,NO,MANUAL_REVIEW,至少一个受影响字段无法整字段安全转换，或完整源行不可读/不可定位，或存在复合断言
REQ-CF-00090,core-finance,docs/PRD-核心引擎.md,source_section;source_quote,5.3.1 四级限流详细规格,| 绾у埆 | 闄愬埗缁村害 | 閰嶇疆鏂瑰紡 | 榛樿鍊?| 浣滅敤鑼冨洿 | 瓒呰秺鏂瑰紡 |,闄愬埗缁村害应满足：Key QPS,,284,gb18030->utf8 x1,NO,MANUAL_REVIEW,至少一个受影响字段无法整字段安全转换，或完整源行不可读/不可定位，或存在复合断言
REQ-CF-00091,core-finance,docs/PRD-核心引擎.md,source_section;source_quote;atomic_assertion,5.3.1 四级限流详细规格,| L3 Key | Key QPS | `api_keys` | 50 | 璇?Key | 鐢ㄦ埛鍙皟鏁?|,閰嶇疆鏂瑰紡应满足：`api_keys`,,284,gb18030->utf8 x1,NO,MANUAL_REVIEW,至少一个受影响字段无法整字段安全转换，或完整源行不可读/不可定位，或存在复合断言
REQ-CF-00092,core-finance,docs/PRD-核心引擎.md,source_section;source_quote;atomic_assertion,5.3.1 四级限流详细规格,| 绾у埆 | 闄愬埗缁村害 | 閰嶇疆鏂瑰紡 | 榛樿鍊?| 浣滅敤鑼冨洿 | 瓒呰秺鏂瑰紡 |,榛樿鍊?应满足：50,,284,gb18030->utf8 x1,NO,MANUAL_REVIEW,至少一个受影响字段无法整字段安全转换，或完整源行不可读/不可定位，或存在复合断言
REQ-CF-00093,core-finance,docs/PRD-核心引擎.md,source_section;source_quote,5.3.1 四级限流详细规格,| 绾у埆 | 闄愬埗缁村害 | 閰嶇疆鏂瑰紡 | 榛樿鍊?| 浣滅敤鑼冨洿 | 瓒呰秺鏂瑰紡 |,浣滅敤鑼冨洿应满足：璇?Key,,284,gb18030->utf8 x1,NO,MANUAL_REVIEW,至少一个受影响字段无法整字段安全转换，或完整源行不可读/不可定位，或存在复合断言
REQ-CF-00094,core-finance,docs/PRD-核心引擎.md,source_section;source_quote;atomic_assertion,5.3.1 四级限流详细规格,| 绾у埆 | 闄愬埗缁村害 | 閰嶇疆鏂瑰紡 | 榛樿鍊?| 浣滅敤鑼冨洿 | 瓒呰秺鏂瑰紡 |,瓒呰秺鏂瑰紡应满足：鐢ㄦ埛鍙皟鏁?,,284,gb18030->utf8 x1,NO,MANUAL_REVIEW,至少一个受影响字段无法整字段安全转换，或完整源行不可读/不可定位，或存在复合断言
REQ-CF-00096,core-finance,docs/PRD-核心引擎.md,source_section;source_quote,5.3.1 四级限流详细规格,| 绾у埆 | 闄愬埗缁村害 | 閰嶇疆鏂瑰紡 | 榛樿鍊?| 浣滅敤鑼冨洿 | 瓒呰秺鏂瑰紡 |,闄愬埗缁村害应满足：Key TPM,,284,gb18030->utf8 x1,NO,MANUAL_REVIEW,至少一个受影响字段无法整字段安全转换，或完整源行不可读/不可定位，或存在复合断言
REQ-CF-00098,core-finance,docs/PRD-核心引擎.md,source_section;source_quote;atomic_assertion,5.3.1 四级限流详细规格,| L3 Key | Key TPM | `api_keys` | 300000 | 璇?Key | 鐢ㄦ埛鍙皟鏁?|,榛樿鍊?应满足：300000,,284,gb18030->utf8 x1,NO,MANUAL_REVIEW,至少一个受影响字段无法整字段安全转换，或完整源行不可读/不可定位，或存在复合断言
REQ-CF-00102,core-finance,docs/PRD-核心引擎.md,source_section;source_quote,5.3.1 四级限流详细规格,| L3 Key | Key 鏃ヨ皟鐢?| `api_keys` | 涓嶉檺 | 璇?Key | 鐢ㄦ埛鍙皟鏁?|,闄愬埗缁村害应满足：Key 鏃ヨ皟鐢?,,284,gb18030->utf8 x1,NO,MANUAL_REVIEW,至少一个受影响字段无法整字段安全转换，或完整源行不可读/不可定位，或存在复合断言
REQ-CF-00107,core-finance,docs/PRD-核心引擎.md,source_section;source_quote,5.3.1 四级限流详细规格,| L4 妯″瀷 | 妯″瀷鍏ㄥ眬 QPS | `rate_limits` | 2000 | 璇ユā鍨嬫墍鏈夎姹?| admin 鍙皟鏁?|,绾у埆应满足：L4 妯″瀷,,284,gb18030->utf8 x1,NO,MANUAL_REVIEW,至少一个受影响字段无法整字段安全转换，或完整源行不可读/不可定位，或存在复合断言
REQ-CF-00108,core-finance,docs/PRD-核心引擎.md,source_section;source_quote;atomic_assertion,5.3.1 四级限流详细规格,| L4 妯″瀷 | 妯″瀷鍏ㄥ眬 QPS | `rate_limits` | 2000 | 璇ユā鍨嬫墍鏈夎姹?| admin 鍙皟鏁?|,闄愬埗缁村害应满足：妯″瀷鍏ㄥ眬 QPS,,284,gb18030->utf8 x1,NO,MANUAL_REVIEW,至少一个受影响字段无法整字段安全转换，或完整源行不可读/不可定位，或存在复合断言
REQ-CF-00109,core-finance,docs/PRD-核心引擎.md,source_section;source_quote;atomic_assertion,5.3.1 四级限流详细规格,| L4 妯″瀷 | 妯″瀷鍏ㄥ眬 QPS | `rate_limits` | 2000 | 璇ユā鍨嬫墍鏈夎姹?| admin 鍙皟鏁?|,閰嶇疆鏂瑰紡应满足：`rate_limits`,,284,gb18030->utf8 x1,NO,MANUAL_REVIEW,至少一个受影响字段无法整字段安全转换，或完整源行不可读/不可定位，或存在复合断言
REQ-CF-00110,core-finance,docs/PRD-核心引擎.md,source_section;source_quote;atomic_assertion,5.3.1 四级限流详细规格,| L4 妯″瀷 | 妯″瀷鍏ㄥ眬 QPS | `rate_limits` | 2000 | 璇ユā鍨嬫墍鏈夎姹?| admin 鍙皟鏁?|,榛樿鍊?应满足：2000,,284,gb18030->utf8 x1,NO,MANUAL_REVIEW,至少一个受影响字段无法整字段安全转换，或完整源行不可读/不可定位，或存在复合断言
REQ-CF-00111,core-finance,docs/PRD-核心引擎.md,source_section;source_quote;atomic_assertion,5.3.1 四级限流详细规格,| L4 妯″瀷 | 妯″瀷鍏ㄥ眬 QPS | `rate_limits` | 2000 | 璇ユā鍨嬫墍鏈夎姹?| admin 鍙皟鏁?|,浣滅敤鑼冨洿应满足：璇ユā鍨嬫墍鏈夎姹?,,284,gb18030->utf8 x1,NO,MANUAL_REVIEW,至少一个受影响字段无法整字段安全转换，或完整源行不可读/不可定位，或存在复合断言
REQ-CF-00114,core-finance,docs/PRD-核心引擎.md,source_section;source_quote;atomic_assertion,5.3.1 四级限流详细规格,| L4 妯″瀷 | 妯″瀷鐢ㄦ埛绾?QPS | `rate_limits` | 50 | 姣忕敤鎴峰璇ユā鍨?| admin 鍙皟鏁?|,闄愬埗缁村害应满足：妯″瀷鐢ㄦ埛绾?QPS,,284,gb18030->utf8 x1,NO,MANUAL_REVIEW,至少一个受影响字段无法整字段安全转换，或完整源行不可读/不可定位，或存在复合断言
REQ-CF-00117,core-finance,docs/PRD-核心引擎.md,source_section;source_quote;atomic_assertion,5.3.1 四级限流详细规格,| L4 妯″瀷 | 妯″瀷鐢ㄦ埛绾?QPS | `rate_limits` | 50 | 姣忕敤鎴峰璇ユā鍨?| admin 鍙皟鏁?|,浣滅敤鑼冨洿应满足：姣忕敤鎴峰璇ユā鍨?,,284,gb18030->utf8 x1,NO,MANUAL_REVIEW,至少一个受影响字段无法整字段安全转换，或完整源行不可读/不可定位，或存在复合断言
REQ-CF-00119,core-finance,docs/PRD-核心引擎.md,source_section;source_quote;atomic_assertion,5.3.1 四级限流详细规格,#### 5.3.1 四级限流详细规格,**限流命中响应**,284,284,gb18030->utf8 x1,NO,REVIEW_CANDIDATE,所有受影响字段均完成整字段可逆转换，且引用/章节可定位；仍需人工确认
REQ-CF-00120,core-finance,docs/PRD-核心引擎.md,source_quote;atomic_assertion,5.4 閫氱煡涓庡憡璀︾簿鍖?,馃搸 **娣卞寲鍙傝€?*锛歔`docs/ref-5.4-alert-rules.md`](ref-5.4-alert-rules.md) 鈥?鍚?monitoring_rules/alerts/notification 鍏ㄨ〃缁撴瀯銆? 椤瑰憡璀︽寚鏍?CRUD API銆佸憡璀﹁鍒欓厤缃〉闈㈣鏍硷紙鍥涗釜椤电鐨勭粍浠?Props锛夈€佸憡璀﹀懡涓秼鍔挎煴鐘跺浘鏁版嵁娴併€佷氦鍙夊紩鐢ㄤ笌璋冪敤閾?,馃搸 **娣卞寲鍙傝€?*锛歔`docs/ref-5.4-alert-rules.md`](ref-5.4-alert-rules.md) 鈥?鍚?monitoring_rules/alerts/notification 鍏ㄨ〃缁撴瀯銆? 椤瑰憡璀︽寚鏍?CRUD API銆佸憡璀﹁鍒欓厤缃〉闈㈣鏍硷紙鍥涗釜椤电鐨勭粍浠?Props锛夈€佸憡璀﹀懡涓秼鍔挎煴鐘跺浘鏁版嵁娴併€佷氦鍙夊紩鐢ㄤ笌璋冪敤閾?,,316,,NO,MANUAL_REVIEW,至少一个受影响字段无法整字段安全转换，或完整源行不可读/不可定位，或存在复合断言
REQ-CF-00121,core-finance,docs/PRD-核心引擎.md,source_section;source_quote;atomic_assertion,5.4.2 鍛婅瑙勫垯閰嶇疆锛圥2锛?,| API 澶辫触鐜?| > 5%锛堟渶杩?5 鍒嗛挓锛墊 馃敶 绱ф€?| 鍏ㄩ儴绠＄悊鍛?| 5 鍒嗛挓 1 娆?|,鍛婅鎸囨爣应满足：API 澶辫触鐜?,,,,NO,MANUAL_REVIEW,至少一个受影响字段无法整字段安全转换，或完整源行不可读/不可定位，或存在复合断言
REQ-CF-00122,core-finance,docs/PRD-核心引擎.md,source_section;source_quote;atomic_assertion,5.4.2 鍛婅瑙勫垯閰嶇疆锛圥2锛?,| API 澶辫触鐜?| > 5%锛堟渶杩?5 鍒嗛挓锛墊 馃敶 绱ф€?| 鍏ㄩ儴绠＄悊鍛?| 5 鍒嗛挓 1 娆?|,鏉′欢应满足：> 5%锛堟渶杩?5 鍒嗛挓锛墊 馃敶 绱ф€?,,,,NO,MANUAL_REVIEW,至少一个受影响字段无法整字段安全转换，或完整源行不可读/不可定位，或存在复合断言
REQ-CF-00123,core-finance,docs/PRD-核心引擎.md,source_section;source_quote;atomic_assertion,5.4.2 鍛婅瑙勫垯閰嶇疆锛圥2锛?,| API 澶辫触鐜?| > 5%锛堟渶杩?5 鍒嗛挓锛墊 馃敶 绱ф€?| 鍏ㄩ儴绠＄悊鍛?| 5 鍒嗛挓 1 娆?|,绛夌骇应满足：鍏ㄩ儴绠＄悊鍛?,,,,NO,MANUAL_REVIEW,至少一个受影响字段无法整字段安全转换，或完整源行不可读/不可定位，或存在复合断言
REQ-CF-00124,core-finance,docs/PRD-核心引擎.md,source_section;source_quote,5.4.2 鍛婅瑙勫垯閰嶇疆锛圥2锛?,| 告警指标 | 条件 | 等级 | 通知对象 | 频率限制 |,閫氱煡瀵硅薄应满足：5 鍒嗛挓 1 娆?,340,,gb18030->utf8 x1,NO,MANUAL_REVIEW,至少一个受影响字段无法整字段安全转换，或完整源行不可读/不可定位，或存在复合断言
REQ-CF-00125,core-finance,docs/PRD-核心引擎.md,source_section;source_quote;atomic_assertion,5.4.2 鍛婅瑙勫垯閰嶇疆锛圥2锛?,| 渚涘簲鍟嗗彲鐢ㄧ巼 | < 95%锛堟渶杩?5 鍒嗛挓锛墊 馃敶 绱ф€?| 杩愮淮绠＄悊鍛?| 5 鍒嗛挓 1 娆?|,鍛婅鎸囨爣应满足：渚涘簲鍟嗗彲鐢ㄧ巼,,,,NO,MANUAL_REVIEW,至少一个受影响字段无法整字段安全转换，或完整源行不可读/不可定位，或存在复合断言
REQ-CF-00126,core-finance,docs/PRD-核心引擎.md,source_section;source_quote;atomic_assertion,5.4.2 鍛婅瑙勫垯閰嶇疆锛圥2锛?,| 渚涘簲鍟嗗彲鐢ㄧ巼 | < 95%锛堟渶杩?5 鍒嗛挓锛墊 馃敶 绱ф€?| 杩愮淮绠＄悊鍛?| 5 鍒嗛挓 1 娆?|,鏉′欢应满足：< 95%锛堟渶杩?5 鍒嗛挓锛墊 馃敶 绱ф€?,,,,NO,MANUAL_REVIEW,至少一个受影响字段无法整字段安全转换，或完整源行不可读/不可定位，或存在复合断言
REQ-CF-00127,core-finance,docs/PRD-核心引擎.md,source_section;source_quote;atomic_assertion,5.4.2 鍛婅瑙勫垯閰嶇疆锛圥2锛?,| 渚涘簲鍟嗗彲鐢ㄧ巼 | < 95%锛堟渶杩?5 鍒嗛挓锛墊 馃敶 绱ф€?| 杩愮淮绠＄悊鍛?| 5 鍒嗛挓 1 娆?|,绛夌骇应满足：杩愮淮绠＄悊鍛?,,,,NO,MANUAL_REVIEW,至少一个受影响字段无法整字段安全转换，或完整源行不可读/不可定位，或存在复合断言
REQ-CF-00129,core-finance,docs/PRD-核心引擎.md,source_section;source_quote;atomic_assertion,5.4.2 鍛婅瑙勫垯閰嶇疆锛圥2锛?,| 鍝嶅簲鏃堕棿 P95 | > 2s锛堟渶杩?5 鍒嗛挓锛墊 馃煛 鍛婅 | 杩愮淮绠＄悊鍛?| 15 鍒嗛挓 1 娆?|,鍛婅鎸囨爣应满足：鍝嶅簲鏃堕棿 P95,,,,NO,MANUAL_REVIEW,至少一个受影响字段无法整字段安全转换，或完整源行不可读/不可定位，或存在复合断言
REQ-CF-00130,core-finance,docs/PRD-核心引擎.md,source_section;source_quote;atomic_assertion,5.4.2 鍛婅瑙勫垯閰嶇疆锛圥2锛?,| 鍝嶅簲鏃堕棿 P95 | > 2s锛堟渶杩?5 鍒嗛挓锛墊 馃煛 鍛婅 | 杩愮淮绠＄悊鍛?| 15 鍒嗛挓 1 娆?|,鏉′欢应满足：> 2s锛堟渶杩?5 鍒嗛挓锛墊 馃煛 鍛婅,,,,NO,MANUAL_REVIEW,至少一个受影响字段无法整字段安全转换，或完整源行不可读/不可定位，或存在复合断言
REQ-CF-00132,core-finance,docs/PRD-核心引擎.md,source_section;source_quote,5.4.2 鍛婅瑙勫垯閰嶇疆锛圥2锛?,| 鍝嶅簲鏃堕棿 P95 | > 2s锛堟渶杩?5 鍒嗛挓锛墊 馃煛 鍛婅 | 杩愮淮绠＄悊鍛?| 15 鍒嗛挓 1 娆?|,閫氱煡瀵硅薄应满足：15 鍒嗛挓 1 娆?,,,,NO,MANUAL_REVIEW,至少一个受影响字段无法整字段安全转换，或完整源行不可读/不可定位，或存在复合断言
REQ-CF-00133,core-finance,docs/PRD-核心引擎.md,source_section;source_quote;atomic_assertion,5.4.2 鍛婅瑙勫垯閰嶇疆锛圥2锛?,| 告警指标 | 条件 | 等级 | 通知对象 | 频率限制 |,鍛婅鎸囨爣应满足：骞冲彴浣欓,340,,gb18030->utf8 x1,NO,MANUAL_REVIEW,至少一个受影响字段无法整字段安全转换，或完整源行不可读/不可定位，或存在复合断言
REQ-CF-00134,core-finance,docs/PRD-核心引擎.md,source_section;source_quote,5.4.2 鍛婅瑙勫垯閰嶇疆锛圥2锛?,| 骞冲彴浣欓 | < 楼100 | 馃煛 鍛婅 | super_admin | 1 灏忔椂 1 娆?|,鏉′欢应满足：< 楼100,,,,NO,MANUAL_REVIEW,至少一个受影响字段无法整字段安全转换，或完整源行不可读/不可定位，或存在复合断言
REQ-CF-00135,core-finance,docs/PRD-核心引擎.md,source_section;source_quote;atomic_assertion,5.4.2 鍛婅瑙勫垯閰嶇疆锛圥2锛?,| 鍝嶅簲鏃堕棿 P95 | > 2s锛堟渶杩?5 鍒嗛挓锛墊 馃煛 鍛婅 | 杩愮淮绠＄悊鍛?| 15 鍒嗛挓 1 娆?|,绛夌骇应满足：馃煛 鍛婅,,,,NO,MANUAL_REVIEW,至少一个受影响字段无法整字段安全转换，或完整源行不可读/不可定位，或存在复合断言
REQ-CF-00136,core-finance,docs/PRD-核心引擎.md,source_section;source_quote,5.4.2 鍛婅瑙勫垯閰嶇疆锛圥2锛?,| 骞冲彴浣欓 | < 楼100 | 馃煛 鍛婅 | super_admin | 1 灏忔椂 1 娆?|,閫氱煡瀵硅薄应满足：super_admin,,,,NO,MANUAL_REVIEW,至少一个受影响字段无法整字段安全转换，或完整源行不可读/不可定位，或存在复合断言
REQ-CF-00137,core-finance,docs/PRD-核心引擎.md,source_section;source_quote,5.4.2 鍛婅瑙勫垯閰嶇疆锛圥2锛?,| 告警指标 | 条件 | 等级 | 通知对象 | 频率限制 |,棰戠巼闄愬埗应满足：1 灏忔椂 1 娆?,340,,gb18030->utf8 x1,NO,MANUAL_REVIEW,至少一个受影响字段无法整字段安全转换，或完整源行不可读/不可定位，或存在复合断言
REQ-CF-00138,core-finance,docs/PRD-核心引擎.md,source_section;source_quote;atomic_assertion,5.4.2 鍛婅瑙勫垯閰嶇疆锛圥2锛?,| 鐢ㄦ埛澶辫触鐜?| 鍗曠敤鎴?> 20%锛? 鍒嗛挓锛墊 馃煝 鎻愰啋 | 瀹夊叏绠＄悊鍛?| 15 鍒嗛挓 1 娆?|,鍛婅鎸囨爣应满足：鐢ㄦ埛澶辫触鐜?,,,,NO,MANUAL_REVIEW,至少一个受影响字段无法整字段安全转换，或完整源行不可读/不可定位，或存在复合断言
REQ-CF-00139,core-finance,docs/PRD-核心引擎.md,source_section;source_quote;atomic_assertion,5.4.2 鍛婅瑙勫垯閰嶇疆锛圥2锛?,| 鐢ㄦ埛澶辫触鐜?| 鍗曠敤鎴?> 20%锛? 鍒嗛挓锛墊 馃煝 鎻愰啋 | 瀹夊叏绠＄悊鍛?| 15 鍒嗛挓 1 娆?|,鏉′欢应满足：鍗曠敤鎴?> 20%锛? 鍒嗛挓锛墊 馃煝 鎻愰啋,,,,NO,MANUAL_REVIEW,至少一个受影响字段无法整字段安全转换，或完整源行不可读/不可定位，或存在复合断言
REQ-CF-00140,core-finance,docs/PRD-核心引擎.md,source_section;source_quote;atomic_assertion,5.4.2 鍛婅瑙勫垯閰嶇疆锛圥2锛?,| 鐢ㄦ埛澶辫触鐜?| 鍗曠敤鎴?> 20%锛? 鍒嗛挓锛墊 馃煝 鎻愰啋 | 瀹夊叏绠＄悊鍛?| 15 鍒嗛挓 1 娆?|,绛夌骇应满足：瀹夊叏绠＄悊鍛?,,,,NO,MANUAL_REVIEW,至少一个受影响字段无法整字段安全转换，或完整源行不可读/不可定位，或存在复合断言
REQ-CF-00142,core-finance,docs/PRD-核心引擎.md,source_section;source_quote;atomic_assertion,5.4.2 鍛婅瑙勫垯閰嶇疆锛圥2锛?,| 纾佺洏浣跨敤鐜?| > 85% | 馃煛 鍛婅 | 杩愮淮绠＄悊鍛?| 30 鍒嗛挓 1 娆?|,鍛婅鎸囨爣应满足：纾佺洏浣跨敤鐜?,,,,NO,MANUAL_REVIEW,至少一个受影响字段无法整字段安全转换，或完整源行不可读/不可定位，或存在复合断言
REQ-CF-00143,core-finance,docs/PRD-核心引擎.md,source_section;source_quote,5.4.2 鍛婅瑙勫垯閰嶇疆锛圥2锛?,#### 5.4.2 鍛婅瑙勫垯閰嶇疆锛圥2锛?,鏉′欢应满足：> 85%,,,,NO,MANUAL_REVIEW,至少一个受影响字段无法整字段安全转换，或完整源行不可读/不可定位，或存在复合断言
REQ-CF-00145,core-finance,docs/PRD-核心引擎.md,source_section;source_quote;atomic_assertion,5.4.2 鍛婅瑙勫垯閰嶇疆锛圥2锛?,| 告警指标 | 条件 | 等级 | 通知对象 | 频率限制 |,閫氱煡瀵硅薄应满足：杩愮淮绠＄悊鍛?,340,,gb18030->utf8 x1,NO,MANUAL_REVIEW,至少一个受影响字段无法整字段安全转换，或完整源行不可读/不可定位，或存在复合断言
REQ-CF-00146,core-finance,docs/PRD-核心引擎.md,source_section;source_quote,5.4.2 鍛婅瑙勫垯閰嶇疆锛圥2锛?,| 纾佺洏浣跨敤鐜?| > 85% | 馃煛 鍛婅 | 杩愮淮绠＄悊鍛?| 30 鍒嗛挓 1 娆?|,棰戠巼闄愬埗应满足：30 鍒嗛挓 1 娆?,,,,NO,MANUAL_REVIEW,至少一个受影响字段无法整字段安全转换，或完整源行不可读/不可定位，或存在复合断言
REQ-CF-00147,core-finance,docs/PRD-核心引擎.md,source_section;source_quote;atomic_assertion,5.4.2 鍛婅瑙勫垯閰嶇疆锛圥2锛?,| CPU 浣跨敤鐜?| > 80%锛堟寔缁?5 鍒嗛挓锛墊 馃煛 鍛婅 | 杩愮淮绠＄悊鍛?| 30 鍒嗛挓 1 娆?|,鍛婅鎸囨爣应满足：CPU 浣跨敤鐜?,,,,NO,MANUAL_REVIEW,至少一个受影响字段无法整字段安全转换，或完整源行不可读/不可定位，或存在复合断言
REQ-CF-00148,core-finance,docs/PRD-核心引擎.md,source_section;source_quote;atomic_assertion,5.4.2 鍛婅瑙勫垯閰嶇疆锛圥2锛?,| CPU 浣跨敤鐜?| > 80%锛堟寔缁?5 鍒嗛挓锛墊 馃煛 鍛婅 | 杩愮淮绠＄悊鍛?| 30 鍒嗛挓 1 娆?|,鏉′欢应满足：> 80%锛堟寔缁?5 鍒嗛挓锛墊 馃煛 鍛婅,,,,NO,MANUAL_REVIEW,至少一个受影响字段无法整字段安全转换，或完整源行不可读/不可定位，或存在复合断言
REQ-CF-00150,core-finance,docs/PRD-核心引擎.md,source_section;source_quote,5.4.2 鍛婅瑙勫垯閰嶇疆锛圥2锛?,| 纾佺洏浣跨敤鐜?| > 85% | 馃煛 鍛婅 | 杩愮淮绠＄悊鍛?| 30 鍒嗛挓 1 娆?|,閫氱煡瀵硅薄应满足：30 鍒嗛挓 1 娆?,,,,NO,MANUAL_REVIEW,至少一个受影响字段无法整字段安全转换，或完整源行不可读/不可定位，或存在复合断言
REQ-CF-00154,core-finance,docs/PRD-财务模块增强.md,source_quote;atomic_assertion,背景,姣忔湀璐㈠姟闇€瑕佸悜绠＄悊灞傝緭鍑哄畬鏁寸殑璐㈠姟鎶ュ憡锛屽綋鍓嶅彧鏈夋瘺鍒╂鼎鍒嗘瀽锛屾病鏈夋湀搴︽姤鍛婃ā鏉裤€傝储鍔℃瘡鏈堟墜鍔ㄤ粠绯荤粺鍚勫瀵煎嚭鏁版嵁鎷?Excel锛岃€楁椂 2-3 澶┿€?,姣忔湀璐㈠姟闇€瑕佸悜绠＄悊灞傝緭鍑哄畬鏁寸殑璐㈠姟鎶ュ憡锛屽綋鍓嶅彧鏈夋瘺鍒╂鼎鍒嗘瀽锛屾病鏈夋湀搴︽姤鍛婃ā鏉裤€傝储鍔℃瘡鏈堟墜鍔ㄤ粠绯荤粺鍚勫瀵煎嚭鏁版嵁鎷?Excel锛岃€楁椂 2-3 澶┿€?,,13;82;138;193;258,gb18030->utf8 x1,NO,MANUAL_REVIEW,至少一个受影响字段无法整字段安全转换，或完整源行不可读/不可定位，或存在复合断言
REQ-CF-00155,core-finance,docs/PRD-财务模块增强.md,source_quote,功能规格,| 鎶ュ憡妯℃澘 | 鑷姩鐢熸垚鏈堝害璐㈠姟鎶ュ憡锛屽寘鍚敹鍏?鏀嚭/鍒╂鼎/瓒嬪娍/瀵规瘮 |,妯″潡应满足：鎶ュ憡妯℃澘,,17;86;142;197;262,gb18030->utf8 x1,NO,MANUAL_REVIEW,至少一个受影响字段无法整字段安全转换，或完整源行不可读/不可定位，或存在复合断言
REQ-CF-00156,core-finance,docs/PRD-财务模块增强.md,source_quote;atomic_assertion,功能规格,| 鎶ュ憡妯℃澘 | 鑷姩鐢熸垚鏈堝害璐㈠姟鎶ュ憡锛屽寘鍚敹鍏?鏀嚭/鍒╂鼎/瓒嬪娍/瀵规瘮 |,璇存槑应满足：鑷姩鐢熸垚鏈堝害璐㈠姟鎶ュ憡锛屽寘鍚敹鍏?鏀嚭/鍒╂鼎/瓒嬪娍/瀵规瘮,,17;86;142;197;262,gb18030->utf8 x1,NO,MANUAL_REVIEW,至少一个受影响字段无法整字段安全转换，或完整源行不可读/不可定位，或存在复合断言
REQ-CF-00157,core-finance,docs/PRD-财务模块增强.md,source_quote;atomic_assertion,功能规格,| 鎶ュ憡鍐呭 | 鏀跺叆鍒嗘瀽锛堟寜閫氶亾/妯″瀷/浠ｇ悊鍒嗭級銆佹敮鍑哄垎鏋愶紙鎸変緵搴斿晢鍒嗭級銆佹瘺鍒╃巼鍒嗘瀽銆佺敤鎴峰厖鍊?娑堣€楄秼鍔裤€佷唬鐞嗕剑閲戞敮鍑恒€佷緵搴斿晢缁撶畻鏄庣粏 |,妯″潡应满足：鎶ュ憡鍐呭,,17;86;142;197;262,gb18030->utf8 x1,NO,MANUAL_REVIEW,至少一个受影响字段无法整字段安全转换，或完整源行不可读/不可定位，或存在复合断言
REQ-CF-00158,core-finance,docs/PRD-财务模块增强.md,source_quote;atomic_assertion,功能规格,| 鎶ュ憡鍐呭 | 鏀跺叆鍒嗘瀽锛堟寜閫氶亾/妯″瀷/浠ｇ悊鍒嗭級銆佹敮鍑哄垎鏋愶紙鎸変緵搴斿晢鍒嗭級銆佹瘺鍒╃巼鍒嗘瀽銆佺敤鎴峰厖鍊?娑堣€楄秼鍔裤€佷唬鐞嗕剑閲戞敮鍑恒€佷緵搴斿晢缁撶畻鏄庣粏 |,璇存槑应满足：鏀跺叆鍒嗘瀽锛堟寜閫氶亾/妯″瀷/浠ｇ悊鍒嗭級銆佹敮鍑哄垎鏋愶紙鎸変緵搴斿晢鍒嗭級銆佹瘺鍒╃巼鍒嗘瀽銆佺敤鎴峰厖鍊?娑堣€楄秼鍔裤€佷唬鐞嗕剑閲戞敮鍑恒€佷緵搴斿晢缁撶畻鏄庣粏,,17;86;142;197;262,gb18030->utf8 x1,NO,MANUAL_REVIEW,至少一个受影响字段无法整字段安全转换，或完整源行不可读/不可定位，或存在复合断言
REQ-CF-00159,core-finance,docs/PRD-财务模块增强.md,source_quote;atomic_assertion,功能规格,| 瀵煎嚭鏍煎紡 | PDF锛堟墦鍗扮増锛? Excel锛堝垎鏋愮増锛墊,| 瀵煎嚭鏍煎紡 | PDF锛堟墦鍗扮増锛? Excel锛堝垎鏋愮増锛墊,,17;86;142;197;262,gb18030->utf8 x1,NO,MANUAL_REVIEW,至少一个受影响字段无法整字段安全转换，或完整源行不可读/不可定位，或存在复合断言
REQ-CF-00160,core-finance,docs/PRD-财务模块增强.md,source_quote;atomic_assertion,功能规格,| 鎶ュ憡妯℃澘 | 鑷姩鐢熸垚鏈堝害璐㈠姟鎶ュ憡锛屽寘鍚敹鍏?鏀嚭/鍒╂鼎/瓒嬪娍/瀵规瘮 |,妯″潡应满足：鑷姩鐢熸垚,,17;86;142;197;262,gb18030->utf8 x1,NO,MANUAL_REVIEW,至少一个受影响字段无法整字段安全转换，或完整源行不可读/不可定位，或存在复合断言
REQ-CF-00161,core-finance,docs/PRD-财务模块增强.md,source_quote;atomic_assertion,功能规格,| 鑷姩鐢熸垚 | 娆℃湀 3 鏃?00:00 鑷姩鐢熸垚涓婃湀鎶ュ憡 |,璇存槑应满足：娆℃湀 3 鏃?00:00 鑷姩鐢熸垚涓婃湀鎶ュ憡,,17;86;142;197;262,gb18030->utf8 x1,NO,MANUAL_REVIEW,至少一个受影响字段无法整字段安全转换，或完整源行不可读/不可定位，或存在复合断言
REQ-CF-00162,core-finance,docs/PRD-财务模块增强.md,atomic_assertion,功能规格,#### 功能规格,妯″潡应满足：鎺ㄩ€?,17;86;142;197;262,17;86;142;197;262,gb18030->utf8 x1,NO,MANUAL_REVIEW,至少一个受影响字段无法整字段安全转换，或完整源行不可读/不可定位，或存在复合断言
REQ-CF-00163,core-finance,docs/PRD-财务模块增强.md,source_quote,功能规格,| 鎺ㄩ€?| 鐢熸垚鍚庤嚜鍔ㄩ€氱煡璐㈠姟鍜?super_admin |,璇存槑应满足：鐢熸垚鍚庤嚜鍔ㄩ€氱煡璐㈠姟鍜?super_admin,,17;86;142;197;262,gb18030->utf8 x1,NO,MANUAL_REVIEW,至少一个受影响字段无法整字段安全转换，或完整源行不可读/不可定位，或存在复合断言
REQ-CF-00164,core-finance,docs/PRD-财务模块增强.md,source_section;source_quote,API 接口,| 方法 | 路径 | 说明 | 权限 |,鏂规硶应满足：`GET`,64;127;174;247;274,62;125;172;245;272,gb18030->utf8 x1,NO,REVIEW_CANDIDATE,所有受影响字段均完成整字段可逆转换，且引用/章节可定位；仍需人工确认
REQ-CF-00165,core-finance,docs/PRD-财务模块增强.md,source_section;source_quote;atomic_assertion,API 接口,| `GET` | `/api/v1/admin/finance/reports/monthly` | 月度报告列表 | finance 以上 |,璺緞应满足：`/api/v1/admin/finance/reports/monthly`,66,62;125;172;245;272,gb18030->utf8 x1,NO,MANUAL_REVIEW,至少一个受影响字段无法整字段安全转换，或完整源行不可读/不可定位，或存在复合断言
REQ-CF-00166,core-finance,docs/PRD-财务模块增强.md,source_section;source_quote;atomic_assertion,API 接口,| `GET` | `/api/v1/admin/finance/reports/monthly` | 月度报告列表 | finance 以上 |,璇存槑应满足：鏈堝害鎶ュ憡鍒楄〃,66,62;125;172;245;272,gb18030->utf8 x1,NO,MANUAL_REVIEW,至少一个受影响字段无法整字段安全转换，或完整源行不可读/不可定位，或存在复合断言
REQ-CF-00167,core-finance,docs/PRD-财务模块增强.md,source_section;source_quote;atomic_assertion,API 接口,| `GET` | `/api/v1/admin/finance/reports/monthly` | 月度报告列表 | finance 以上 |,鏉冮檺应满足：finance 浠ヤ笂,66,62;125;172;245;272,gb18030->utf8 x1,NO,MANUAL_REVIEW,至少一个受影响字段无法整字段安全转换，或完整源行不可读/不可定位，或存在复合断言
REQ-CF-00169,core-finance,docs/PRD-财务模块增强.md,source_section;source_quote;atomic_assertion,API 接口,| `GET` | `/api/v1/admin/finance/reports/monthly/:period` | 指定月份报告详情 | finance 以上 |,璺緞应满足：`/api/v1/admin/finance/reports/monthly/:period`,67,62;125;172;245;272,gb18030->utf8 x1,NO,MANUAL_REVIEW,至少一个受影响字段无法整字段安全转换，或完整源行不可读/不可定位，或存在复合断言
REQ-CF-00170,core-finance,docs/PRD-财务模块增强.md,source_section;source_quote;atomic_assertion,API 接口,| `GET` | `/api/v1/admin/finance/reports/monthly/:period` | 指定月份报告详情 | finance 以上 |,璇存槑应满足：鎸囧畾鏈堜唤鎶ュ憡璇︽儏,67,62;125;172;245;272,gb18030->utf8 x1,NO,MANUAL_REVIEW,至少一个受影响字段无法整字段安全转换，或完整源行不可读/不可定位，或存在复合断言
REQ-CF-00172,core-finance,docs/PRD-财务模块增强.md,source_section;source_quote,API 接口,| `POST` | `/api/v1/admin/finance/reports/monthly/generate` | 手动生成报告 | finance 以上 |,鏂规硶应满足：`POST`,68,62;125;172;245;272,gb18030->utf8 x1,NO,REVIEW_CANDIDATE,所有受影响字段均完成整字段可逆转换，且引用/章节可定位；仍需人工确认
REQ-CF-00173,core-finance,docs/PRD-财务模块增强.md,source_section;source_quote;atomic_assertion,API 接口,| `POST` | `/api/v1/admin/finance/reports/monthly/generate` | 手动生成报告 | finance 以上 |,璺緞应满足：`/api/v1/admin/finance/reports/monthly/generate`,68,62;125;172;245;272,gb18030->utf8 x1,NO,MANUAL_REVIEW,至少一个受影响字段无法整字段安全转换，或完整源行不可读/不可定位，或存在复合断言
REQ-CF-00174,core-finance,docs/PRD-财务模块增强.md,source_section;source_quote,API 接口,| `POST` | `/api/v1/admin/finance/reports/monthly/generate` | 手动生成报告 | finance 以上 |,璇存槑应满足：鎵嬪姩鐢熸垚鎶ュ憡,68,62;125;172;245;272,gb18030->utf8 x1,NO,REVIEW_CANDIDATE,所有受影响字段均完成整字段可逆转换，且引用/章节可定位；仍需人工确认
REQ-CF-00177,core-finance,docs/PRD-财务模块增强.md,source_section;source_quote;atomic_assertion,API 接口,| `GET` | `/api/v1/admin/finance/reports/monthly/:period/pdf` | 下载 PDF | finance 以上 |,璺緞应满足：`/api/v1/admin/finance/reports/monthly/:period/pdf`,69,62;125;172;245;272,gb18030->utf8 x1,NO,MANUAL_REVIEW,至少一个受影响字段无法整字段安全转换，或完整源行不可读/不可定位，或存在复合断言
REQ-CF-00178,core-finance,docs/PRD-财务模块增强.md,source_section;source_quote,API 接口,| `GET` | `/api/v1/admin/finance/reports/monthly/:period/pdf` | 下载 PDF | finance 以上 |,璇存槑应满足：涓嬭浇 PDF,69,62;125;172;245;272,gb18030->utf8 x1,NO,REVIEW_CANDIDATE,所有受影响字段均完成整字段可逆转换，且引用/章节可定位；仍需人工确认
REQ-CF-00180,core-finance,docs/PRD-财务模块增强.md,source_section;source_quote;atomic_assertion,前端变更,"| 璐㈠姟 鈫?鏂板""鏈堝害鎶ュ憡""鍏ュ彛 | 鎶ュ憡鍒楄〃椤碉紝灞曠ず宸茬敓鎴愮殑鏈堝害鎶ュ憡 |","椤甸潰应满足：璐㈠姟 鈫?鏂板""鏈堝害鎶ュ憡""鍏ュ彛",,71;181;280,gb18030->utf8 x1,NO,MANUAL_REVIEW,至少一个受影响字段无法整字段安全转换，或完整源行不可读/不可定位，或存在复合断言
REQ-CF-00181,core-finance,docs/PRD-财务模块增强.md,source_section;source_quote;atomic_assertion,前端变更,"| 璐㈠姟 鈫?鏂板""鏈堝害鎶ュ憡""鍏ュ彛 | 鎶ュ憡鍒楄〃椤碉紝灞曠ず宸茬敓鎴愮殑鏈堝害鎶ュ憡 |",鍙樻洿应满足：鎶ュ憡鍒楄〃椤碉紝灞曠ず宸茬敓鎴愮殑鏈堝害鎶ュ憡,,71;181;280,gb18030->utf8 x1,NO,MANUAL_REVIEW,至少一个受影响字段无法整字段安全转换，或完整源行不可读/不可定位，或存在复合断言
REQ-CF-00182,core-finance,docs/PRD-财务模块增强.md,source_section;source_quote;atomic_assertion,前端变更,| 璐㈠姟 鈫?鏈堝害鎶ュ憡 鈫?璇︽儏 | 鎶ュ憡璇︽儏椤碉紝瀹屾暣灞曠ず鏀跺叆/鏀嚭/鍒╂鼎/瓒嬪娍 |,椤甸潰应满足：璐㈠姟 鈫?鏈堝害鎶ュ憡 鈫?璇︽儏,,71;181;280,gb18030->utf8 x1,NO,MANUAL_REVIEW,至少一个受影响字段无法整字段安全转换，或完整源行不可读/不可定位，或存在复合断言
REQ-CF-00183,core-finance,docs/PRD-财务模块增强.md,source_section;source_quote;atomic_assertion,前端变更,| 璐㈠姟 鈫?鏈堝害鎶ュ憡 鈫?璇︽儏 | 鎶ュ憡璇︽儏椤碉紝瀹屾暣灞曠ず鏀跺叆/鏀嚭/鍒╂鼎/瓒嬪娍 |,鍙樻洿应满足：鎶ュ憡璇︽儏椤碉紝瀹屾暣灞曠ず鏀跺叆/鏀嚭/鍒╂鼎/瓒嬪娍,,71;181;280,gb18030->utf8 x1,NO,MANUAL_REVIEW,至少一个受影响字段无法整字段安全转换，或完整源行不可读/不可定位，或存在复合断言
REQ-CF-00184,core-finance,docs/PRD-财务模块增强.md,source_quote;atomic_assertion,背景,姣忔湀璐㈠姟闇€瑕佸悜绠＄悊灞傝緭鍑哄畬鏁寸殑璐㈠姟鎶ュ憡锛屽綋鍓嶅彧鏈夋瘺鍒╂鼎鍒嗘瀽锛屾病鏈夋湀搴︽姤鍛婃ā鏉裤€傝储鍔℃瘡鏈堟墜鍔ㄤ粠绯荤粺鍚勫瀵煎嚭鏁版嵁鎷?Excel锛岃€楁椂 2-3 澶┿€?,璐㈠姟姣忓ぉ鏃╀笂闇€瑕佹煡鐪嬫槰鏃ヨ储鍔℃暟鎹€傚綋鍓嶆湁 API 浣嗘棤鑷姩鎺ㄩ€佹満鍒讹紝璐㈠姟姣忓ぉ鎵嬪姩鏌ヨ銆?,,13;82;138;193;258,gb18030->utf8 x1,NO,MANUAL_REVIEW,至少一个受影响字段无法整字段安全转换，或完整源行不可读/不可定位，或存在复合断言
REQ-CF-00185,core-finance,docs/PRD-财务模块增强.md,atomic_assertion,功能规格,#### 功能规格,| 鎺ㄩ€佹椂闂?| 姣忓ぉ鏃╀笂 9:00锛堝彲閰嶇疆锛墊,17;86;142;197;262,17;86;142;197;262,gb18030->utf8 x1,NO,MANUAL_REVIEW,至少一个受影响字段无法整字段安全转换，或完整源行不可读/不可定位，或存在复合断言
REQ-CF-00186,core-finance,docs/PRD-财务模块增强.md,atomic_assertion,功能规格,#### 功能规格,| 鎺ㄩ€佹笭閬?| 閭欢锛堟敹浠朵汉鍙厤缃紝鏀寔澶氭敹浠朵汉锛墊,17;86;142;197;262,17;86;142;197;262,gb18030->utf8 x1,NO,MANUAL_REVIEW,至少一个受影响字段无法整字段安全转换，或完整源行不可读/不可定位，或存在复合断言
REQ-CF-00187,core-finance,docs/PRD-财务模块增强.md,atomic_assertion,功能规格,#### 功能规格,妯″潡应满足：鎺ㄩ€佸唴瀹?,17;86;142;197;262,17;86;142;197;262,gb18030->utf8 x1,NO,MANUAL_REVIEW,至少一个受影响字段无法整字段安全转换，或完整源行不可读/不可定位，或存在复合断言
REQ-CF-00188,core-finance,docs/PRD-财务模块增强.md,atomic_assertion,功能规格,| 模块 | 说明 |,璇存槑应满足：鏄ㄦ棩璐㈠姟鏃ユ姤锛氬厖鍊兼敹鍏?娑堣€楅噾棰?鎻愮幇閲戦/浣ｉ噾鏀嚭/閫€娆鹃噾棰?瀵硅处鐘舵€?骞冲彴浣欓鎬婚,19;88;144;199;264,17;86;142;197;262,gb18030->utf8 x1,NO,MANUAL_REVIEW,至少一个受影响字段无法整字段安全转换，或完整源行不可读/不可定位，或存在复合断言
REQ-CF-00189,core-finance,docs/PRD-财务模块增强.md,atomic_assertion,功能规格,#### 功能规格,妯″潡应满足：寮傚父鏍囪,17;86;142;197;262,17;86;142;197;262,gb18030->utf8 x1,NO,MANUAL_REVIEW,至少一个受影响字段无法整字段安全转换，或完整源行不可读/不可定位，或存在复合断言
REQ-CF-00190,core-finance,docs/PRD-财务模块增强.md,atomic_assertion,功能规格,| 模块 | 说明 |,璇存槑应满足：瀵硅处涓嶅钩銆佸紓甯告寚鏍囪嚜鍔ㄧ孩鑹叉爣璁?,19;88;144;199;264,17;86;142;197;262,gb18030->utf8 x1,NO,MANUAL_REVIEW,至少一个受影响字段无法整字段安全转换，或完整源行不可读/不可定位，或存在复合断言
REQ-CF-00191,core-finance,docs/PRD-财务模块增强.md,atomic_assertion,功能规格,#### 功能规格,妯″潡应满足：鎺ㄩ€佸巻鍙?,17;86;142;197;262,17;86;142;197;262,gb18030->utf8 x1,NO,MANUAL_REVIEW,至少一个受影响字段无法整字段安全转换，或完整源行不可读/不可定位，或存在复合断言
REQ-CF-00192,core-finance,docs/PRD-财务模块增强.md,atomic_assertion,功能规格,| 模块 | 说明 |,璇存槑应满足：鏌ョ湅鍘嗗彶鎺ㄩ€佽褰曪紝纭鏄惁姝ｅ父閫佽揪,19;88;144;199;264,17;86;142;197;262,gb18030->utf8 x1,NO,MANUAL_REVIEW,至少一个受影响字段无法整字段安全转换，或完整源行不可读/不可定位，或存在复合断言
REQ-CF-00194,core-finance,docs/PRD-财务模块增强.md,source_section;source_quote;atomic_assertion,API 接口,| `GET` | `/api/v1/admin/finance/reports/monthly` | 月度报告列表 | finance 以上 |,璺緞应满足：`/api/v1/admin/finance/daily-report/config`,66,62;125;172;245;272,gb18030->utf8 x1,NO,MANUAL_REVIEW,至少一个受影响字段无法整字段安全转换，或完整源行不可读/不可定位，或存在复合断言
REQ-CF-00195,core-finance,docs/PRD-财务模块增强.md,source_section;source_quote;atomic_assertion,API 接口,| 方法 | 路径 | 说明 | 权限 |,璇存槑应满足：閰嶇疆鏃ユ姤鎺ㄩ€?,64;127;174;247;274,62;125;172;245;272,gb18030->utf8 x1,NO,MANUAL_REVIEW,至少一个受影响字段无法整字段安全转换，或完整源行不可读/不可定位，或存在复合断言
REQ-CF-00199,core-finance,docs/PRD-财务模块增强.md,source_section;source_quote;atomic_assertion,API 接口,| 方法 | 路径 | 说明 | 权限 |,璇存槑应满足：鏌ョ湅鏃ユ姤閰嶇疆,64;127;174;247;274,62;125;172;245;272,gb18030->utf8 x1,NO,MANUAL_REVIEW,至少一个受影响字段无法整字段安全转换，或完整源行不可读/不可定位，或存在复合断言
REQ-CF-00202,core-finance,docs/PRD-财务模块增强.md,source_section;source_quote;atomic_assertion,API 接口,| `GET` | `/api/v1/admin/finance/reports/monthly` | 月度报告列表 | finance 以上 |,璺緞应满足：`/api/v1/admin/finance/daily-report/history`,66,62;125;172;245;272,gb18030->utf8 x1,NO,MANUAL_REVIEW,至少一个受影响字段无法整字段安全转换，或完整源行不可读/不可定位，或存在复合断言
REQ-CF-00203,core-finance,docs/PRD-财务模块增强.md,source_section;source_quote;atomic_assertion,API 接口,| 方法 | 路径 | 说明 | 权限 |,璇存槑应满足：鎺ㄩ€佸巻鍙茶褰?,64;127;174;247;274,62;125;172;245;272,gb18030->utf8 x1,NO,MANUAL_REVIEW,至少一个受影响字段无法整字段安全转换，或完整源行不可读/不可定位，或存在复合断言
REQ-CF-00206,core-finance,docs/PRD-财务模块增强.md,source_section;source_quote;atomic_assertion,API 接口,| `GET` | `/api/v1/admin/finance/reports/monthly` | 月度报告列表 | finance 以上 |,璺緞应满足：`/api/v1/admin/finance/daily-report/test`,66,62;125;172;245;272,gb18030->utf8 x1,NO,MANUAL_REVIEW,至少一个受影响字段无法整字段安全转换，或完整源行不可读/不可定位，或存在复合断言
REQ-CF-00207,core-finance,docs/PRD-财务模块增强.md,source_section;source_quote;atomic_assertion,API 接口,| 方法 | 路径 | 说明 | 权限 |,璇存槑应满足：鍙戦€佹祴璇曟棩鎶?,64;127;174;247;274,62;125;172;245;272,gb18030->utf8 x1,NO,MANUAL_REVIEW,至少一个受影响字段无法整字段安全转换，或完整源行不可读/不可定位，或存在复合断言
REQ-CF-00209,core-finance,docs/PRD-财务模块增强.md,atomic_assertion,背景,#### 背景,浼佷笟瀹㈡埛/浠ｇ悊鏈夊厛娑堣垂鍚庣粨绠楃殑闇€姹傦紙鏈堢粨/璐︽湡锛夈€傚綋鍓嶇郴缁熸棤鎺堜俊棰濆害姒傚康锛岀敤鎴蜂綑棰濅负璐熸椂鐩存帴绂佺敤锛屾棤娉曟敮鎸佸ぇ瀹㈡埛璧婅处鍦烘櫙銆?,13;82;138;193;258,13;82;138;193;258,gb18030->utf8 x1,NO,MANUAL_REVIEW,至少一个受影响字段无法整字段安全转换，或完整源行不可读/不可定位，或存在复合断言
REQ-CF-00210,core-finance,docs/PRD-财务模块增强.md,atomic_assertion,功能规格,#### 功能规格,| 鎺堜俊棰濆害閰嶇疆 | 杩愯惀绔负鎸囧畾鐢ㄦ埛璁剧疆鎺堜俊棰濆害锛埪? = 涓嶆敮鎸佽祳璐︼級|锛堝弬鑰冿細鐢ㄦ埛浣欓涓嶈冻鏃讹紝鍙户缁秷璐硅嚦浣欓涓?-鎺堜俊棰濆害锛墊,17;86;142;197;262,17;86;142;197;262,gb18030->utf8 x1,NO,MANUAL_REVIEW,至少一个受影响字段无法整字段安全转换，或完整源行不可读/不可定位，或存在复合断言
REQ-CF-00212,core-finance,docs/PRD-财务模块增强.md,atomic_assertion,功能规格,| 模块 | 说明 |,璇存槑应满足：鐢ㄦ埛浣欓 > 0锛氫紭鍏堟墸浣欓锛涗綑棰濅负 0 浣嗘巿淇￠搴?> 0锛氳鍏ユ瑺璐癸紱娆犺垂瓒呰繃鎺堜俊棰濆害锛氱姝㈣皟鐢?,19;88;144;199;264,17;86;142;197;262,gb18030->utf8 x1,NO,MANUAL_REVIEW,至少一个受影响字段无法整字段安全转换，或完整源行不可读/不可定位，或存在复合断言
REQ-CF-00213,core-finance,docs/PRD-财务模块增强.md,atomic_assertion,功能规格,#### 功能规格,妯″潡应满足：璐︽湡绠＄悊,17;86;142;197;262,17;86;142;197;262,gb18030->utf8 x1,NO,MANUAL_REVIEW,至少一个受影响字段无法整字段安全转换，或完整源行不可读/不可定位，或存在复合断言
REQ-CF-00214,core-finance,docs/PRD-财务模块增强.md,atomic_assertion,功能规格,| 模块 | 说明 |,璇存槑应满足：閰嶇疆鎺堜俊鐢ㄦ埛鐨勭粨绠楀懆鏈燂紙鏈堢粨/鍗婃湀缁擄級锛屽埌鏈熻嚜鍔ㄧ敓鎴愯处鍗?,19;88;144;199;264,17;86;142;197;262,gb18030->utf8 x1,NO,MANUAL_REVIEW,至少一个受影响字段无法整字段安全转换，或完整源行不可读/不可定位，或存在复合断言
REQ-CF-00216,core-finance,docs/PRD-财务模块增强.md,atomic_assertion,功能规格,| 模块 | 说明 |,璇存槑应满足：娆犺垂杈炬巿淇￠搴?50%/80%/100% 鏃跺垎鍒€氱煡,19;88;144;199;264,17;86;142;197;262,gb18030->utf8 x1,NO,MANUAL_REVIEW,至少一个受影响字段无法整字段安全转换，或完整源行不可读/不可定位，或存在复合断言
REQ-CF-00217,core-finance,docs/PRD-财务模块增强.md,atomic_assertion,功能规格,#### 功能规格,妯″潡应满足：鎺堜俊瀹℃壒,17;86;142;197;262,17;86;142;197;262,gb18030->utf8 x1,NO,MANUAL_REVIEW,至少一个受影响字段无法整字段安全转换，或完整源行不可读/不可定位，或存在复合断言
REQ-CF-00218,core-finance,docs/PRD-财务模块增强.md,source_quote;atomic_assertion,功能规格,| 鎺ㄩ€?| 鐢熸垚鍚庤嚜鍔ㄩ€氱煡璐㈠姟鍜?super_admin |,璇存槑应满足：璁剧疆鎺堜俊棰濆害闇€ super_admin 瀹℃壒锛岃褰曟搷浣滄棩蹇?,,17;86;142;197;262,gb18030->utf8 x1,NO,MANUAL_REVIEW,至少一个受影响字段无法整字段安全转换，或完整源行不可读/不可定位，或存在复合断言
REQ-CF-00219,core-finance,docs/PRD-财务模块增强.md,source_section;source_quote,API 接口,| 方法 | 路径 | 说明 | 权限 |,鏂规硶应满足：`PUT`,64;127;174;247;274,62;125;172;245;272,gb18030->utf8 x1,NO,REVIEW_CANDIDATE,所有受影响字段均完成整字段可逆转换，且引用/章节可定位；仍需人工确认
REQ-CF-00220,core-finance,docs/PRD-财务模块增强.md,source_section;source_quote;atomic_assertion,API 接口,| `GET` | `/api/v1/admin/finance/reports/monthly` | 月度报告列表 | finance 以上 |,璺緞应满足：`/api/v1/admin/users/:id/credit-limit`,66,62;125;172;245;272,gb18030->utf8 x1,NO,MANUAL_REVIEW,至少一个受影响字段无法整字段安全转换，或完整源行不可读/不可定位，或存在复合断言
REQ-CF-00221,core-finance,docs/PRD-财务模块增强.md,source_section;source_quote;atomic_assertion,API 接口,| 方法 | 路径 | 说明 | 权限 |,璇存槑应满足：璁剧疆鐢ㄦ埛鎺堜俊棰濆害,64;127;174;247;274,62;125;172;245;272,gb18030->utf8 x1,NO,MANUAL_REVIEW,至少一个受影响字段无法整字段安全转换，或完整源行不可读/不可定位，或存在复合断言
REQ-CF-00222,core-finance,docs/PRD-财务模块增强.md,source_section;source_quote,API 接口,| `GET` | `/api/v1/admin/finance/reports/monthly` | 月度报告列表 | finance 以上 |,鏉冮檺应满足：super_admin,66,62;125;172;245;272,gb18030->utf8 x1,NO,REVIEW_CANDIDATE,所有受影响字段均完成整字段可逆转换，且引用/章节可定位；仍需人工确认
REQ-CF-00224,core-finance,docs/PRD-财务模块增强.md,source_section;source_quote;atomic_assertion,API 接口,| `GET` | `/api/v1/admin/finance/reports/monthly` | 月度报告列表 | finance 以上 |,璺緞应满足：`/api/v1/admin/users/credit-list`,66,62;125;172;245;272,gb18030->utf8 x1,NO,MANUAL_REVIEW,至少一个受影响字段无法整字段安全转换，或完整源行不可读/不可定位，或存在复合断言
REQ-CF-00225,core-finance,docs/PRD-财务模块增强.md,source_section;source_quote;atomic_assertion,API 接口,| 方法 | 路径 | 说明 | 权限 |,璇存槑应满足：鎺堜俊鐢ㄦ埛鍒楄〃,64;127;174;247;274,62;125;172;245;272,gb18030->utf8 x1,NO,MANUAL_REVIEW,至少一个受影响字段无法整字段安全转换，或完整源行不可读/不可定位，或存在复合断言
REQ-CF-00228,core-finance,docs/PRD-财务模块增强.md,source_section;source_quote;atomic_assertion,API 接口,| `GET` | `/api/v1/admin/finance/reports/monthly` | 月度报告列表 | finance 以上 |,璺緞应满足：`/api/v1/admin/credit/usage`,66,62;125;172;245;272,gb18030->utf8 x1,NO,MANUAL_REVIEW,至少一个受影响字段无法整字段安全转换，或完整源行不可读/不可定位，或存在复合断言
REQ-CF-00229,core-finance,docs/PRD-财务模块增强.md,source_section;source_quote;atomic_assertion,API 接口,| 方法 | 路径 | 说明 | 权限 |,璇存槑应满足：鎺堜俊棰濆害浣跨敤缁熻,64;127;174;247;274,62;125;172;245;272,gb18030->utf8 x1,NO,MANUAL_REVIEW,至少一个受影响字段无法整字段安全转换，或完整源行不可读/不可定位，或存在复合断言
REQ-CF-00232,core-finance,docs/PRD-财务模块增强.md,source_section;source_quote;atomic_assertion,API 接口,| `GET` | `/api/v1/admin/finance/reports/monthly` | 月度报告列表 | finance 以上 |,璺緞应满足：`/api/v1/me/credit`,66,62;125;172;245;272,gb18030->utf8 x1,NO,MANUAL_REVIEW,至少一个受影响字段无法整字段安全转换，或完整源行不可读/不可定位，或存在复合断言
REQ-CF-00233,core-finance,docs/PRD-财务模块增强.md,source_section;source_quote;atomic_assertion,API 接口,| 方法 | 路径 | 说明 | 权限 |,璇存槑应满足：鐢ㄦ埛鏌ョ湅鑷繁鐨勬巿淇′俊鎭?,64;127;174;247;274,62;125;172;245;272,gb18030->utf8 x1,NO,MANUAL_REVIEW,至少一个受影响字段无法整字段安全转换，或完整源行不可读/不可定位，或存在复合断言
REQ-CF-00234,core-finance,docs/PRD-财务模块增强.md,source_section;source_quote;atomic_assertion,API 接口,| 方法 | 路径 | 说明 | 权限 |,鏉冮檺应满足：鐢ㄦ埛,64;127;174;247;274,62;125;172;245;272,gb18030->utf8 x1,NO,MANUAL_REVIEW,至少一个受影响字段无法整字段安全转换，或完整源行不可读/不可定位，或存在复合断言
REQ-CF-00235,core-finance,docs/PRD-财务模块增强.md,source_section;atomic_assertion,前端变更,| 页面 | 变更 |,"椤甸潰应满足：绠＄悊鍚庡彴 鈫?鐢ㄦ埛璇︽儏 鈫?鏂板""鎺堜俊绠＄悊""鏍囩椤?",73;183;282,71;181;280,gb18030->utf8 x1,NO,MANUAL_REVIEW,至少一个受影响字段无法整字段安全转换，或完整源行不可读/不可定位，或存在复合断言
REQ-CF-00236,core-finance,docs/PRD-财务模块增强.md,source_section;atomic_assertion,前端变更,| 页面 | 变更 |,鍙樻洿应满足：璁剧疆鎺堜俊棰濆害銆佹煡鐪嬩娇鐢ㄨ褰?,73;183;282,71;181;280,gb18030->utf8 x1,NO,MANUAL_REVIEW,至少一个受影响字段无法整字段安全转换，或完整源行不可读/不可定位，或存在复合断言
REQ-CF-00237,core-finance,docs/PRD-财务模块增强.md,source_section;atomic_assertion,前端变更,| 页面 | 变更 |,"椤甸潰应满足：绠＄悊鍚庡彴 鈫?鏂板""鎺堜俊绠＄悊""鍏ュ彛",73;183;282,71;181;280,gb18030->utf8 x1,NO,MANUAL_REVIEW,至少一个受影响字段无法整字段安全转换，或完整源行不可读/不可定位，或存在复合断言
REQ-CF-00238,core-finance,docs/PRD-财务模块增强.md,source_section;atomic_assertion,前端变更,| 页面 | 变更 |,鍙樻洿应满足：鎺堜俊鐢ㄦ埛鍒楄〃锛屽睍绀洪搴?宸茬敤/鍙敤/璐︽湡,73;183;282,71;181;280,gb18030->utf8 x1,NO,MANUAL_REVIEW,至少一个受影响字段无法整字段安全转换，或完整源行不可读/不可定位，或存在复合断言
REQ-CF-00239,core-finance,docs/PRD-财务模块增强.md,source_section;atomic_assertion,前端变更,| 页面 | 变更 |,椤甸潰应满足：鐢ㄦ埛绔?鈫?浣欓鍗＄墖,73;183;282,71;181;280,gb18030->utf8 x1,NO,MANUAL_REVIEW,至少一个受影响字段无法整字段安全转换，或完整源行不可读/不可定位，或存在复合断言
REQ-CF-00240,core-finance,docs/PRD-财务模块增强.md,source_section;atomic_assertion,前端变更,| 页面 | 变更 |,"鍙樻洿应满足：灞曠ず鎺堜俊棰濆害淇℃伅锛?鍙敤棰濆害 楼XX / 宸茬敤 楼XX""",73;183;282,71;181;280,gb18030->utf8 x1,NO,MANUAL_REVIEW,至少一个受影响字段无法整字段安全转换，或完整源行不可读/不可定位，或存在复合断言
REQ-CF-00241,core-finance,docs/PRD-财务模块增强.md,source_quote;atomic_assertion,背景,姣忔湀璐㈠姟闇€瑕佸悜绠＄悊灞傝緭鍑哄畬鏁寸殑璐㈠姟鎶ュ憡锛屽綋鍓嶅彧鏈夋瘺鍒╂鼎鍒嗘瀽锛屾病鏈夋湀搴︽姤鍛婃ā鏉裤€傝储鍔℃瘡鏈堟墜鍔ㄤ粠绯荤粺鍚勫瀵煎嚭鏁版嵁鎷?Excel锛岃€楁椂 2-3 澶┿€?,褰撳墠閫€娆炬祦绋嬶細鐢ㄦ埛鐢宠 鈫?璐㈠姟瀹℃牳 鈫?鎵嬪姩璋冩暣浣欓 鈫?鎵嬪姩璁＄畻浣ｉ噾鎵ｅ洖銆傛搷浣滈闄╅珮锛屼笖瀹规槗婕忕畻宸插彂鏀剧殑浣ｉ噾銆?,,13;82;138;193;258,gb18030->utf8 x1,NO,MANUAL_REVIEW,至少一个受影响字段无法整字段安全转换，或完整源行不可读/不可定位，或存在复合断言
REQ-CF-00242,core-finance,docs/PRD-财务模块增强.md,atomic_assertion,功能规格,#### 功能规格,妯″潡应满足：閫€娆剧敵璇?,17;86;142;197;262,17;86;142;197;262,gb18030->utf8 x1,NO,MANUAL_REVIEW,至少一个受影响字段无法整字段安全转换，或完整源行不可读/不可定位，或存在复合断言
REQ-CF-00243,core-finance,docs/PRD-财务模块增强.md,atomic_assertion,功能规格,| 模块 | 说明 |,璇存槑应满足：鐢ㄦ埛绔彁浜ら€€娆剧敵璇凤紝閫夋嫨閫€娆惧師鍥?,19;88;144;199;264,17;86;142;197;262,gb18030->utf8 x1,NO,MANUAL_REVIEW,至少一个受影响字段无法整字段安全转换，或完整源行不可读/不可定位，或存在复合断言
REQ-CF-00244,core-finance,docs/PRD-财务模块增强.md,atomic_assertion,功能规格,#### 功能规格,妯″潡应满足：閫€娆惧鏍?,17;86;142;197;262,17;86;142;197;262,gb18030->utf8 x1,NO,MANUAL_REVIEW,至少一个受影响字段无法整字段安全转换，或完整源行不可读/不可定位，或存在复合断言
REQ-CF-00245,core-finance,docs/PRD-财务模块增强.md,atomic_assertion,功能规格,| 模块 | 说明 |,璇存槑应满足：璐㈠姟瀹℃牳閫€娆剧敵璇凤紝纭閫€娆鹃噾棰?,19;88;144;199;264,17;86;142;197;262,gb18030->utf8 x1,NO,MANUAL_REVIEW,至少一个受影响字段无法整字段安全转换，或完整源行不可读/不可定位，或存在复合断言
REQ-CF-00246,core-finance,docs/PRD-财务模块增强.md,atomic_assertion,功能规格,#### 功能规格,妯″潡应满足：鑷姩浣欓璋冩暣,17;86;142;197;262,17;86;142;197;262,gb18030->utf8 x1,NO,MANUAL_REVIEW,至少一个受影响字段无法整字段安全转换，或完整源行不可读/不可定位，或存在复合断言
REQ-CF-00247,core-finance,docs/PRD-财务模块增强.md,atomic_assertion,功能规格,| 模块 | 说明 |,璇存槑应满足：瀹℃牳閫氳繃鍚庣郴缁熻嚜鍔ㄦ墸鍑忎綑棰濓紙涓嶅啀鎵嬪姩鎿嶄綔锛墊,19;88;144;199;264,17;86;142;197;262,gb18030->utf8 x1,NO,MANUAL_REVIEW,至少一个受影响字段无法整字段安全转换，或完整源行不可读/不可定位，或存在复合断言
REQ-CF-00249,core-finance,docs/PRD-财务模块增强.md,source_quote;atomic_assertion,功能规格,| 鎶ュ憡鍐呭 | 鏀跺叆鍒嗘瀽锛堟寜閫氶亾/妯″瀷/浠ｇ悊鍒嗭級銆佹敮鍑哄垎鏋愶紙鎸変緵搴斿晢鍒嗭級銆佹瘺鍒╃巼鍒嗘瀽銆佺敤鎴峰厖鍊?娑堣€楄秼鍔裤€佷唬鐞嗕剑閲戞敮鍑恒€佷緵搴斿晢缁撶畻鏄庣粏 |,璇存槑应满足：鑷姩璁＄畻璇ョ敤鎴锋渶杩戠殑娑堣垂涓凡鍙戞斁鐨勪唬鐞嗕剑閲戯紝鎸夋瘮渚嬫墸鍥?,,17;86;142;197;262,gb18030->utf8 x1,NO,MANUAL_REVIEW,至少一个受影响字段无法整字段安全转换，或完整源行不可读/不可定位，或存在复合断言
REQ-CF-00250,core-finance,docs/PRD-财务模块增强.md,atomic_assertion,功能规格,#### 功能规格,妯″潡应满足：浣ｉ噾鎵ｅ洖鎵ц,17;86;142;197;262,17;86;142;197;262,gb18030->utf8 x1,NO,MANUAL_REVIEW,至少一个受影响字段无法整字段安全转换，或完整源行不可读/不可定位，或存在复合断言
REQ-CF-00251,core-finance,docs/PRD-财务模块增强.md,atomic_assertion,功能规格,| 模块 | 说明 |,璇存槑应满足：鎵ｅ洖閲戦浠庝唬鐞嗙殑寰呯粨绠椾剑閲戜腑鎵ｉ櫎锛屽涓嶈冻鍒欒鍏ヤ唬鐞嗘瑺娆?,19;88;144;199;264,17;86;142;197;262,gb18030->utf8 x1,NO,MANUAL_REVIEW,至少一个受影响字段无法整字段安全转换，或完整源行不可读/不可定位，或存在复合断言
REQ-CF-00252,core-finance,docs/PRD-财务模块增强.md,atomic_assertion,功能规格,#### 功能规格,妯″潡应满足：閫€娆捐褰?,17;86;142;197;262,17;86;142;197;262,gb18030->utf8 x1,NO,MANUAL_REVIEW,至少一个受影响字段无法整字段安全转换，或完整源行不可读/不可定位，或存在复合断言
REQ-CF-00253,core-finance,docs/PRD-财务模块增强.md,atomic_assertion,功能规格,| 模块 | 说明 |,璇存槑应满足：瀹屾暣鐨勯€€娆?浣ｉ噾鎵ｅ洖瀹¤閾捐矾,19;88;144;199;264,17;86;142;197;262,gb18030->utf8 x1,NO,MANUAL_REVIEW,至少一个受影响字段无法整字段安全转换，或完整源行不可读/不可定位，或存在复合断言
REQ-CF-00255,core-finance,docs/PRD-财务模块增强.md,source_section;source_quote;atomic_assertion,API 接口,| `GET` | `/api/v1/admin/finance/reports/monthly` | 月度报告列表 | finance 以上 |,璺緞应满足：`/api/v1/me/refunds`,66,62;125;172;245;272,gb18030->utf8 x1,NO,MANUAL_REVIEW,至少一个受影响字段无法整字段安全转换，或完整源行不可读/不可定位，或存在复合断言
REQ-CF-00256,core-finance,docs/PRD-财务模块增强.md,source_section;source_quote;atomic_assertion,API 接口,| 方法 | 路径 | 说明 | 权限 |,璇存槑应满足：鐢ㄦ埛鎻愪氦閫€娆剧敵璇?,64;127;174;247;274,62;125;172;245;272,gb18030->utf8 x1,NO,MANUAL_REVIEW,至少一个受影响字段无法整字段安全转换，或完整源行不可读/不可定位，或存在复合断言
REQ-CF-00259,core-finance,docs/PRD-财务模块增强.md,source_section;source_quote;atomic_assertion,API 接口,| `GET` | `/api/v1/admin/finance/reports/monthly` | 月度报告列表 | finance 以上 |,璺緞应满足：`/api/v1/admin/refunds`,66,62;125;172;245;272,gb18030->utf8 x1,NO,MANUAL_REVIEW,至少一个受影响字段无法整字段安全转换，或完整源行不可读/不可定位，或存在复合断言
REQ-CF-00260,core-finance,docs/PRD-财务模块增强.md,source_section;source_quote;atomic_assertion,API 接口,| 方法 | 路径 | 说明 | 权限 |,璇存槑应满足：閫€娆惧垪琛?,64;127;174;247;274,62;125;172;245;272,gb18030->utf8 x1,NO,MANUAL_REVIEW,至少一个受影响字段无法整字段安全转换，或完整源行不可读/不可定位，或存在复合断言
REQ-CF-00263,core-finance,docs/PRD-财务模块增强.md,source_section;source_quote;atomic_assertion,API 接口,| `GET` | `/api/v1/admin/finance/reports/monthly` | 月度报告列表 | finance 以上 |,璺緞应满足：`/api/v1/admin/refunds/:id/review`,66,62;125;172;245;272,gb18030->utf8 x1,NO,MANUAL_REVIEW,至少一个受影响字段无法整字段安全转换，或完整源行不可读/不可定位，或存在复合断言
REQ-CF-00264,core-finance,docs/PRD-财务模块增强.md,source_section;source_quote;atomic_assertion,API 接口,| 方法 | 路径 | 说明 | 权限 |,璇存槑应满足：瀹℃牳閫€娆撅紙鍚嚜鍔ㄤ剑閲戞墸鍥炶绠楋級,64;127;174;247;274,62;125;172;245;272,gb18030->utf8 x1,NO,MANUAL_REVIEW,至少一个受影响字段无法整字段安全转换，或完整源行不可读/不可定位，或存在复合断言
REQ-CF-00267,core-finance,docs/PRD-财务模块增强.md,source_section;source_quote;atomic_assertion,API 接口,| `GET` | `/api/v1/admin/finance/reports/monthly` | 月度报告列表 | finance 以上 |,璺緞应满足：`/api/v1/admin/refunds/:id/commission-impact`,66,62;125;172;245;272,gb18030->utf8 x1,NO,MANUAL_REVIEW,至少一个受影响字段无法整字段安全转换，或完整源行不可读/不可定位，或存在复合断言
REQ-CF-00268,core-finance,docs/PRD-财务模块增强.md,source_section;source_quote;atomic_assertion,API 接口,| 方法 | 路径 | 说明 | 权限 |,璇存槑应满足：鏌ョ湅閫€娆炬秹鍙婄殑浣ｉ噾鎵ｅ洖鏄庣粏,64;127;174;247;274,62;125;172;245;272,gb18030->utf8 x1,NO,MANUAL_REVIEW,至少一个受影响字段无法整字段安全转换，或完整源行不可读/不可定位，或存在复合断言
REQ-CF-00270,core-finance,docs/PRD-财务模块增强.md,source_quote;atomic_assertion,背景,姣忔湀璐㈠姟闇€瑕佸悜绠＄悊灞傝緭鍑哄畬鏁寸殑璐㈠姟鎶ュ憡锛屽綋鍓嶅彧鏈夋瘺鍒╂鼎鍒嗘瀽锛屾病鏈夋湀搴︽姤鍛婃ā鏉裤€傝储鍔℃瘡鏈堟墜鍔ㄤ粠绯荤粺鍚勫瀵煎嚭鏁版嵁鎷?Excel锛岃€楁椂 2-3 澶┿€?,璐㈠姟姣忔湀闇€瑕佸悜绋庡姟閮ㄩ棬鐢虫姤锛岄渶瑕佺煡閬撴湰鏈堝紑绁ㄩ噾棰濄€佹湭寮€绁ㄩ噾棰濄€佸鍊肩◣涓撶敤鍙戠エ缁熻銆傚綋鍓嶇郴缁熷彧璁板綍鍙戠エ鐢宠娴佺▼锛屾病鏈夊紑绁ㄧ粺璁″拰绋庣エ鍒嗘瀽銆?,,13;82;138;193;258,gb18030->utf8 x1,NO,MANUAL_REVIEW,至少一个受影响字段无法整字段安全转换，或完整源行不可读/不可定位，或存在复合断言
REQ-CF-00271,core-finance,docs/PRD-财务模块增强.md,atomic_assertion,功能规格,#### 功能规格,妯″潡应满足：寮€绁ㄧ粺璁?,17;86;142;197;262,17;86;142;197;262,gb18030->utf8 x1,NO,MANUAL_REVIEW,至少一个受影响字段无法整字段安全转换，或完整源行不可读/不可定位，或存在复合断言
REQ-CF-00272,core-finance,docs/PRD-财务模块增强.md,atomic_assertion,功能规格,| 模块 | 说明 |,璇存槑应满足：鏈湀寮€绁ㄩ噾棰濓紙鏅エ/涓撶エ鍒嗗埆缁熻锛夈€佸紑绁ㄧ瑪鏁般€佸悓姣?鐜瘮,19;88;144;199;264,17;86;142;197;262,gb18030->utf8 x1,NO,MANUAL_REVIEW,至少一个受影响字段无法整字段安全转换，或完整源行不可读/不可定位，或存在复合断言
REQ-CF-00273,core-finance,docs/PRD-财务模块增强.md,atomic_assertion,功能规格,#### 功能规格,妯″潡应满足：鏈紑绁ㄧ粺璁?,17;86;142;197;262,17;86;142;197;262,gb18030->utf8 x1,NO,MANUAL_REVIEW,至少一个受影响字段无法整字段安全转换，或完整源行不可读/不可定位，或存在复合断言
REQ-CF-00274,core-finance,docs/PRD-财务模块增强.md,atomic_assertion,功能规格,| 模块 | 说明 |,璇存槑应满足：鏈紑绁ㄦ秷璐归噾棰濄€佸彲寮€绁ㄤ絾鏈敵璇风殑鏈堜唤,19;88;144;199;264,17;86;142;197;262,gb18030->utf8 x1,NO,MANUAL_REVIEW,至少一个受影响字段无法整字段安全转换，或完整源行不可读/不可定位，或存在复合断言
REQ-CF-00275,core-finance,docs/PRD-财务模块增强.md,source_quote,功能规格,| 鎶ュ憡鍐呭 | 鏀跺叆鍒嗘瀽锛堟寜閫氶亾/妯″瀷/浠ｇ悊鍒嗭級銆佹敮鍑哄垎鏋愶紙鎸変緵搴斿晢鍒嗭級銆佹瘺鍒╃巼鍒嗘瀽銆佺敤鎴峰厖鍊?娑堣€楄秼鍔裤€佷唬鐞嗕剑閲戞敮鍑恒€佷緵搴斿晢缁撶畻鏄庣粏 |,妯″潡应满足：绋庣エ鍒嗘瀽,,17;86;142;197;262,gb18030->utf8 x1,NO,MANUAL_REVIEW,至少一个受影响字段无法整字段安全转换，或完整源行不可读/不可定位，或存在复合断言
REQ-CF-00276,core-finance,docs/PRD-财务模块增强.md,atomic_assertion,功能规格,| 模块 | 说明 |,璇存槑应满足：澧炲€肩◣涓撶敤鍙戠エ鍗犳瘮銆佽繘椤规姷鎵ｉ浼?,19;88;144;199;264,17;86;142;197;262,gb18030->utf8 x1,NO,MANUAL_REVIEW,至少一个受影响字段无法整字段安全转换，或完整源行不可读/不可定位，或存在复合断言
REQ-CF-00277,core-finance,docs/PRD-财务模块增强.md,atomic_assertion,功能规格,#### 功能规格,妯″潡应满足：寮€绁ㄨ秼鍔?,17;86;142;197;262,17;86;142;197;262,gb18030->utf8 x1,NO,MANUAL_REVIEW,至少一个受影响字段无法整字段安全转换，或完整源行不可读/不可定位，或存在复合断言
REQ-CF-00278,core-finance,docs/PRD-财务模块增强.md,atomic_assertion,功能规格,| 模块 | 说明 |,璇存槑应满足：杩?12 涓湀寮€绁ㄩ噾棰濊秼鍔垮浘,19;88;144;199;264,17;86;142;197;262,gb18030->utf8 x1,NO,MANUAL_REVIEW,至少一个受影响字段无法整字段安全转换，或完整源行不可读/不可定位，或存在复合断言
REQ-CF-00279,core-finance,docs/PRD-财务模块增强.md,source_quote,功能规格,| 瀵煎嚭鏍煎紡 | PDF锛堟墦鍗扮増锛? Excel锛堝垎鏋愮増锛墊,妯″潡应满足：瀵煎嚭,,17;86;142;197;262,gb18030->utf8 x1,NO,MANUAL_REVIEW,至少一个受影响字段无法整字段安全转换，或完整源行不可读/不可定位，或存在复合断言
REQ-CF-00280,core-finance,docs/PRD-财务模块增强.md,source_quote;atomic_assertion,功能规格,| 瀵煎嚭鏍煎紡 | PDF锛堟墦鍗扮増锛? Excel锛堝垎鏋愮増锛墊,璇存槑应满足：寮€绁ㄦ槑缁嗗鍑轰负 CSV/Excel锛岀敤浜庣◣鍔＄敵鎶?,,17;86;142;197;262,gb18030->utf8 x1,NO,MANUAL_REVIEW,至少一个受影响字段无法整字段安全转换，或完整源行不可读/不可定位，或存在复合断言
REQ-CF-00282,core-finance,docs/PRD-财务模块增强.md,source_section;source_quote;atomic_assertion,API 接口,| `GET` | `/api/v1/admin/finance/reports/monthly` | 月度报告列表 | finance 以上 |,璺緞应满足：`/api/v1/admin/finance/tax-summary`,66,62;125;172;245;272,gb18030->utf8 x1,NO,MANUAL_REVIEW,至少一个受影响字段无法整字段安全转换，或完整源行不可读/不可定位，或存在复合断言
REQ-CF-00283,core-finance,docs/PRD-财务模块增强.md,source_section;source_quote;atomic_assertion,API 接口,| 方法 | 路径 | 说明 | 权限 |,璇存槑应满足：绋庣エ缁熻鎬昏,64;127;174;247;274,62;125;172;245;272,gb18030->utf8 x1,NO,MANUAL_REVIEW,至少一个受影响字段无法整字段安全转换，或完整源行不可读/不可定位，或存在复合断言
REQ-CF-00286,core-finance,docs/PRD-财务模块增强.md,source_section;source_quote;atomic_assertion,API 接口,| `GET` | `/api/v1/admin/finance/reports/monthly` | 月度报告列表 | finance 以上 |,璺緞应满足：`/api/v1/admin/finance/tax-summary/detail`,66,62;125;172;245;272,gb18030->utf8 x1,NO,MANUAL_REVIEW,至少一个受影响字段无法整字段安全转换，或完整源行不可读/不可定位，或存在复合断言
REQ-CF-00287,core-finance,docs/PRD-财务模块增强.md,source_section;source_quote;atomic_assertion,API 接口,| 方法 | 路径 | 说明 | 权限 |,璇存槑应满足：寮€绁ㄦ槑缁?,64;127;174;247;274,62;125;172;245;272,gb18030->utf8 x1,NO,MANUAL_REVIEW,至少一个受影响字段无法整字段安全转换，或完整源行不可读/不可定位，或存在复合断言
REQ-CF-00290,core-finance,docs/PRD-财务模块增强.md,source_section;source_quote;atomic_assertion,API 接口,| `GET` | `/api/v1/admin/finance/reports/monthly` | 月度报告列表 | finance 以上 |,璺緞应满足：`/api/v1/admin/finance/tax-summary/uninvoiced`,66,62;125;172;245;272,gb18030->utf8 x1,NO,MANUAL_REVIEW,至少一个受影响字段无法整字段安全转换，或完整源行不可读/不可定位，或存在复合断言
REQ-CF-00291,core-finance,docs/PRD-财务模块增强.md,source_section;source_quote;atomic_assertion,API 接口,| 方法 | 路径 | 说明 | 权限 |,璇存槑应满足：鏈紑绁ㄦ秷璐规槑缁?,64;127;174;247;274,62;125;172;245;272,gb18030->utf8 x1,NO,MANUAL_REVIEW,至少一个受影响字段无法整字段安全转换，或完整源行不可读/不可定位，或存在复合断言
REQ-CF-00293,core-finance,docs/PRD-财务模块增强.md,source_section;source_quote;atomic_assertion,前端变更,"| 璐㈠姟 鈫?鏂板""鏈堝害鎶ュ憡""鍏ュ彛 | 鎶ュ憡鍒楄〃椤碉紝灞曠ず宸茬敓鎴愮殑鏈堝害鎶ュ憡 |","椤甸潰应满足：璐㈠姟 鈫?鏂板""绋庣エ缁熻""鍏ュ彛",,71;181;280,gb18030->utf8 x1,NO,MANUAL_REVIEW,至少一个受影响字段无法整字段安全转换，或完整源行不可读/不可定位，或存在复合断言
REQ-CF-00294,core-finance,docs/PRD-财务模块增强.md,source_section;source_quote;atomic_assertion,前端变更,"| 璐㈠姟 鈫?鏂板""鏈堝害鎶ュ憡""鍏ュ彛 | 鎶ュ憡鍒楄〃椤碉紝灞曠ず宸茬敓鎴愮殑鏈堝害鎶ュ憡 |",鍙樻洿应满足：寮€绁ㄧ粺璁＄湅鏉匡紝灞曠ず寮€绁ㄩ噾棰?鏈紑绁ㄩ噾棰?瓒嬪娍,,71;181;280,gb18030->utf8 x1,NO,MANUAL_REVIEW,至少一个受影响字段无法整字段安全转换，或完整源行不可读/不可定位，或存在复合断言
REQ-CF-00295,core-finance,docs/PRD-财务模块增强.md,source_section;source_quote;atomic_assertion,前端变更,"| 璐㈠姟 鈫?鏂板""鏈堝害鎶ュ憡""鍏ュ彛 | 鎶ュ憡鍒楄〃椤碉紝灞曠ず宸茬敓鎴愮殑鏈堝害鎶ュ憡 |",椤甸潰应满足：璐㈠姟 鈫?绋庣エ缁熻 鈫?鏄庣粏,,71;181;280,gb18030->utf8 x1,NO,MANUAL_REVIEW,至少一个受影响字段无法整字段安全转换，或完整源行不可读/不可定位，或存在复合断言
REQ-CF-00296,core-finance,docs/PRD-财务模块增强.md,source_section;atomic_assertion,前端变更,| 页面 | 变更 |,鍙樻洿应满足：寮€绁ㄦ槑缁嗗垪琛紝鏀寔瀵煎嚭,73;183;282,71;181;280,gb18030->utf8 x1,NO,MANUAL_REVIEW,至少一个受影响字段无法整字段安全转换，或完整源行不可读/不可定位，或存在复合断言
REQ-CF-00297,core-finance,docs/PRD-财务模块增强.md,source_section;source_quote;atomic_assertion,9.7 财务模块总览,| 璐㈠姟鎬昏处锛堢鐩綑棰濊〃锛墊 P0 | 鍚庣5d+鍓嶇3d | 璐㈠姟鏃ュ父宸ヤ綔鐨勬牳蹇冨伐鍏?|,妯″潡应满足：璐㈠姟鎬昏处锛堢鐩綑棰濊〃锛墊 P0,,289,gb18030->utf8 x1,NO,MANUAL_REVIEW,至少一个受影响字段无法整字段安全转换，或完整源行不可读/不可定位，或存在复合断言
REQ-CF-00298,core-finance,docs/PRD-财务模块增强.md,source_section;source_quote;atomic_assertion,9.7 财务模块总览,| 璐㈠姟鎬昏处锛堢鐩綑棰濊〃锛墊 P0 | 鍚庣5d+鍓嶇3d | 璐㈠姟鏃ュ父宸ヤ綔鐨勬牳蹇冨伐鍏?|,浼樺厛绾?应满足：鍚庣5d+鍓嶇3d,,289,gb18030->utf8 x1,NO,MANUAL_REVIEW,至少一个受影响字段无法整字段安全转换，或完整源行不可读/不可定位，或存在复合断言
REQ-CF-00299,core-finance,docs/PRD-财务模块增强.md,source_section;source_quote;atomic_assertion,9.7 财务模块总览,| 璐㈠姟鎬昏处锛堢鐩綑棰濊〃锛墊 P0 | 鍚庣5d+鍓嶇3d | 璐㈠姟鏃ュ父宸ヤ綔鐨勬牳蹇冨伐鍏?|,棰勪及宸ヤ綔閲?应满足：璐㈠姟鏃ュ父宸ヤ綔鐨勬牳蹇冨伐鍏?,,289,gb18030->utf8 x1,NO,MANUAL_REVIEW,至少一个受影响字段无法整字段安全转换，或完整源行不可读/不可定位，或存在复合断言
REQ-CF-00300,core-finance,docs/PRD-财务模块增强.md,source_section;source_quote,9.7 财务模块总览,| 月度财务报告 | P0 | 后端3d+前端2d | 管理层决策的核心数据 |,妯″潡应满足：鏈堝害璐㈠姟鎶ュ憡,294,289,gb18030->utf8 x1,NO,REVIEW_CANDIDATE,所有受影响字段均完成整字段可逆转换，且引用/章节可定位；仍需人工确认
REQ-CF-00301,core-finance,docs/PRD-财务模块增强.md,source_section;source_quote,9.7 财务模块总览,| 妯″潡 | 浼樺厛绾?| 棰勪及宸ヤ綔閲?| 鏍稿績浠峰€?|,浼樺厛绾?应满足：P0,,289,gb18030->utf8 x1,NO,MANUAL_REVIEW,至少一个受影响字段无法整字段安全转换，或完整源行不可读/不可定位，或存在复合断言
REQ-CF-00302,core-finance,docs/PRD-财务模块增强.md,source_section;source_quote;atomic_assertion,9.7 财务模块总览,| 月度财务报告 | P0 | 后端3d+前端2d | 管理层决策的核心数据 |,棰勪及宸ヤ綔閲?应满足：鍚庣3d+鍓嶇2d,294,289,gb18030->utf8 x1,NO,MANUAL_REVIEW,至少一个受影响字段无法整字段安全转换，或完整源行不可读/不可定位，或存在复合断言
REQ-CF-00303,core-finance,docs/PRD-财务模块增强.md,source_section;source_quote;atomic_assertion,9.7 财务模块总览,| 月度财务报告 | P0 | 后端3d+前端2d | 管理层决策的核心数据 |,鏍稿績浠峰€?应满足：绠＄悊灞傚喅绛栫殑鏍稿績鏁版嵁,294,289,gb18030->utf8 x1,NO,MANUAL_REVIEW,至少一个受影响字段无法整字段安全转换，或完整源行不可读/不可定位，或存在复合断言
REQ-CF-00304,core-finance,docs/PRD-财务模块增强.md,source_section;source_quote;atomic_assertion,9.7 财务模块总览,| 璐㈠姟鏃ユ姤鑷姩鎺ㄩ€?| P0 | 鍚庣2d | 姣忓ぉ鏃╀笂蹇呴』鐪?|,妯″潡应满足：璐㈠姟鏃ユ姤鑷姩鎺ㄩ€?,,289,gb18030->utf8 x1,NO,MANUAL_REVIEW,至少一个受影响字段无法整字段安全转换，或完整源行不可读/不可定位，或存在复合断言
REQ-CF-00306,core-finance,docs/PRD-财务模块增强.md,source_section;source_quote;atomic_assertion,9.7 财务模块总览,| 妯″潡 | 浼樺厛绾?| 棰勪及宸ヤ綔閲?| 鏍稿績浠峰€?|,棰勪及宸ヤ綔閲?应满足：鍚庣2d,,289,gb18030->utf8 x1,NO,MANUAL_REVIEW,至少一个受影响字段无法整字段安全转换，或完整源行不可读/不可定位，或存在复合断言
REQ-CF-00307,core-finance,docs/PRD-财务模块增强.md,source_section;source_quote;atomic_assertion,9.7 财务模块总览,| 璐㈠姟鏃ユ姤鑷姩鎺ㄩ€?| P0 | 鍚庣2d | 姣忓ぉ鏃╀笂蹇呴』鐪?|,鏍稿績浠峰€?应满足：姣忓ぉ鏃╀笂蹇呴』鐪?,,289,gb18030->utf8 x1,NO,MANUAL_REVIEW,至少一个受影响字段无法整字段安全转换，或完整源行不可读/不可定位，或存在复合断言
REQ-CF-00308,core-finance,docs/PRD-财务模块增强.md,source_section;source_quote,9.7 财务模块总览,| 授信额度体系 | P1 | 后端5d+前端3d | 大客户业务的前提条件 |,妯″潡应满足：鎺堜俊棰濆害浣撶郴,296,289,gb18030->utf8 x1,NO,REVIEW_CANDIDATE,所有受影响字段均完成整字段可逆转换，且引用/章节可定位；仍需人工确认
REQ-CF-00309,core-finance,docs/PRD-财务模块增强.md,source_section;source_quote,9.7 财务模块总览,| 妯″潡 | 浼樺厛绾?| 棰勪及宸ヤ綔閲?| 鏍稿績浠峰€?|,浼樺厛绾?应满足：P1,,289,gb18030->utf8 x1,NO,MANUAL_REVIEW,至少一个受影响字段无法整字段安全转换，或完整源行不可读/不可定位，或存在复合断言
REQ-CF-00310,core-finance,docs/PRD-财务模块增强.md,source_section;source_quote;atomic_assertion,9.7 财务模块总览,| 璐㈠姟鎬昏处锛堢鐩綑棰濊〃锛墊 P0 | 鍚庣5d+鍓嶇3d | 璐㈠姟鏃ュ父宸ヤ綔鐨勬牳蹇冨伐鍏?|,棰勪及宸ヤ綔閲?应满足：鍚庣5d+鍓嶇3d,,289,gb18030->utf8 x1,NO,MANUAL_REVIEW,至少一个受影响字段无法整字段安全转换，或完整源行不可读/不可定位，或存在复合断言
REQ-CF-00311,core-finance,docs/PRD-财务模块增强.md,source_section;source_quote;atomic_assertion,9.7 财务模块总览,| 授信额度体系 | P1 | 后端5d+前端3d | 大客户业务的前提条件 |,鏍稿績浠峰€?应满足：澶у鎴蜂笟鍔＄殑鍓嶆彁鏉′欢,296,289,gb18030->utf8 x1,NO,MANUAL_REVIEW,至少一个受影响字段无法整字段安全转换，或完整源行不可读/不可定位，或存在复合断言
REQ-CF-00312,core-finance,docs/PRD-财务模块增强.md,source_section;source_quote;atomic_assertion,9.7 财务模块总览,| 閫€娆捐嚜鍔ㄥ寲锛堝惈浣ｉ噾鎵ｅ洖锛墊 P1 | 鍚庣4d | 闄嶄綆鎿嶄綔椋庨櫓 |,妯″潡应满足：閫€娆捐嚜鍔ㄥ寲锛堝惈浣ｉ噾鎵ｅ洖锛墊 P1,,289,gb18030->utf8 x1,NO,MANUAL_REVIEW,至少一个受影响字段无法整字段安全转换，或完整源行不可读/不可定位，或存在复合断言
REQ-CF-00313,core-finance,docs/PRD-财务模块增强.md,source_section;source_quote;atomic_assertion,9.7 财务模块总览,| 妯″潡 | 浼樺厛绾?| 棰勪及宸ヤ綔閲?| 鏍稿績浠峰€?|,浼樺厛绾?应满足：鍚庣4d,,289,gb18030->utf8 x1,NO,MANUAL_REVIEW,至少一个受影响字段无法整字段安全转换，或完整源行不可读/不可定位，或存在复合断言
REQ-CF-00314,core-finance,docs/PRD-财务模块增强.md,source_section;source_quote;atomic_assertion,9.7 财务模块总览,| 閫€娆捐嚜鍔ㄥ寲锛堝惈浣ｉ噾鎵ｅ洖锛墊 P1 | 鍚庣4d | 闄嶄綆鎿嶄綔椋庨櫓 |,棰勪及宸ヤ綔閲?应满足：闄嶄綆鎿嶄綔椋庨櫓,,289,gb18030->utf8 x1,NO,MANUAL_REVIEW,至少一个受影响字段无法整字段安全转换，或完整源行不可读/不可定位，或存在复合断言
REQ-CF-00315,core-finance,docs/PRD-财务模块增强.md,source_section;source_quote;atomic_assertion,9.7 财务模块总览,| 绋庣エ缁熻鐪嬫澘 | P1 | 鍚庣3d+鍓嶇2d | 绋庡姟鍚堣闇€姹?|,妯″潡应满足：绋庣エ缁熻鐪嬫澘,,289,gb18030->utf8 x1,NO,MANUAL_REVIEW,至少一个受影响字段无法整字段安全转换，或完整源行不可读/不可定位，或存在复合断言
REQ-CF-00318,core-finance,docs/PRD-财务模块增强.md,source_section;source_quote;atomic_assertion,9.7 财务模块总览,| 绋庣エ缁熻鐪嬫澘 | P1 | 鍚庣3d+鍓嶇2d | 绋庡姟鍚堣闇€姹?|,鏍稿績浠峰€?应满足：绋庡姟鍚堣闇€姹?,,289,gb18030->utf8 x1,NO,MANUAL_REVIEW,至少一个受影响字段无法整字段安全转换，或完整源行不可读/不可定位，或存在复合断言
REQ-CF-00319,core-finance,docs/PRD-财务模块增强.md,source_section;source_quote;atomic_assertion,9.7 财务模块总览,### 9.7 财务模块总览,**鍚堣**锛氬悗绔?22 浜哄ぉ + 鍓嶇 10 浜哄ぉ = 绾?4 鍛?,289,289,gb18030->utf8 x1,NO,MANUAL_REVIEW,至少一个受影响字段无法整字段安全转换，或完整源行不可读/不可定位，或存在复合断言
REQ-CF-02580,core-finance,docs/PRD-运营增长模块.md,source_section;source_quote;atomic_assertion,8.1 代理兑换码配额与绑定,馃搸 **杩愯惀鏂规鍙傝€?*锛歔`docs/ops-business-plan.md`](ops-business-plan.md) 搂3.3 鈥?浠ｇ悊鍟嗗厬鎹㈢爜鎷夋柊绛栫暐,馃搸 **杩愯惀鏂规鍙傝€?*锛歔`docs/ops-business-plan.md`](ops-business-plan.md) 搂3.3 鈥?浠ｇ悊鍟嗗厬鎹㈢爜鎷夋柊绛栫暐,,2,gb18030->utf8 x1,NO,MANUAL_REVIEW,至少一个受影响字段无法整字段安全转换，或完整源行不可读/不可定位，或存在复合断言
REQ-CF-02581,core-finance,docs/PRD-运营增长模块.md,atomic_assertion,背景,#### 背景,浠ｇ悊鍟嗕綔涓轰富鍔涙嫇瀹㈡笭閬擄紝闇€瑕佸彲閲忓寲鐨勬媺鏂板伐鍏枫€傚綋鍓嶄唬鐞嗘棤娉曢€氳繃鍏戞崲鐮佽拷韪媺鏂版晥鏋滐紝瀵艰嚧浠ｇ悊鎷夋柊涓嶅彲杩芥函銆佷笉鍙縺鍔便€?,6;64;125;198;286,6;64;125;198;286,gb18030->utf8 x1,NO,MANUAL_REVIEW,至少一个受影响字段无法整字段安全转换，或完整源行不可读/不可定位，或存在复合断言
REQ-CF-02582,core-finance,docs/PRD-运营增长模块.md,source_quote;atomic_assertion,功能规格,| 杩愯惀绔厤棰濋厤缃?| 涓烘瘡涓唬鐞嗚缃湀鍏戞崲鐮侀厤棰濓紙鏁伴噺 + 闈㈠€硷級锛屾敮鎸佹寜绛夌骇榛樿閰嶉 |,妯″潡应满足：杩愯惀绔厤棰濋厤缃?,,10;68;129;202;290,gb18030->utf8 x1,NO,MANUAL_REVIEW,至少一个受影响字段无法整字段安全转换，或完整源行不可读/不可定位，或存在复合断言
REQ-CF-02583,core-finance,docs/PRD-运营增长模块.md,source_quote;atomic_assertion,功能规格,| 杩愯惀绔厤棰濋厤缃?| 涓烘瘡涓唬鐞嗚缃湀鍏戞崲鐮侀厤棰濓紙鏁伴噺 + 闈㈠€硷級锛屾敮鎸佹寜绛夌骇榛樿閰嶉 |,璇存槑应满足：涓烘瘡涓唬鐞嗚缃湀鍏戞崲鐮侀厤棰濓紙鏁伴噺 + 闈㈠€硷級锛屾敮鎸佹寜绛夌骇榛樿閰嶉,,10;68;129;202;290,gb18030->utf8 x1,NO,MANUAL_REVIEW,至少一个受影响字段无法整字段安全转换，或完整源行不可读/不可定位，或存在复合断言
REQ-CF-02584,core-finance,docs/PRD-运营增长模块.md,source_quote;atomic_assertion,功能规格,| 浠ｇ悊鐢宠娴佺▼ | 浠ｇ悊绔敵璇峰厬鎹㈢爜閰嶉 鈫?杩愯惀瀹℃牳 鈫?瀹℃牳閫氳繃鍚庡厬鎹㈢爜鍒拌处 |,妯″潡应满足：浠ｇ悊鐢宠娴佺▼,,10;68;129;202;290,gb18030->utf8 x1,NO,MANUAL_REVIEW,至少一个受影响字段无法整字段安全转换，或完整源行不可读/不可定位，或存在复合断言
REQ-CF-02585,core-finance,docs/PRD-运营增长模块.md,source_quote;atomic_assertion,功能规格,| 浠ｇ悊鐢宠娴佺▼ | 浠ｇ悊绔敵璇峰厬鎹㈢爜閰嶉 鈫?杩愯惀瀹℃牳 鈫?瀹℃牳閫氳繃鍚庡厬鎹㈢爜鍒拌处 |,璇存槑应满足：浠ｇ悊绔敵璇峰厬鎹㈢爜閰嶉 鈫?杩愯惀瀹℃牳 鈫?瀹℃牳閫氳繃鍚庡厬鎹㈢爜鍒拌处,,10;68;129;202;290,gb18030->utf8 x1,NO,MANUAL_REVIEW,至少一个受影响字段无法整字段安全转换，或完整源行不可读/不可定位，或存在复合断言
REQ-CF-02586,core-finance,docs/PRD-运营增长模块.md,source_quote,功能规格,| 鍏戞崲鐮佺粦瀹氫唬鐞?| 鐢熸垚鍏戞崲鐮佹椂缁戝畾 `agent_id`锛岀敤鎴峰厬鎹㈠悗鑷姩寤虹珛浠ｇ悊-鐢ㄦ埛鍏宠仈 |,妯″潡应满足：鍏戞崲鐮佺粦瀹氫唬鐞?,,10;68;129;202;290,gb18030->utf8 x1,NO,MANUAL_REVIEW,至少一个受影响字段无法整字段安全转换，或完整源行不可读/不可定位，或存在复合断言
REQ-CF-02587,core-finance,docs/PRD-运营增长模块.md,source_quote;atomic_assertion,功能规格,| 鍏戞崲鐮佺粦瀹氫唬鐞?| 鐢熸垚鍏戞崲鐮佹椂缁戝畾 `agent_id`锛岀敤鎴峰厬鎹㈠悗鑷姩寤虹珛浠ｇ悊-鐢ㄦ埛鍏宠仈 |,璇存槑应满足：鐢熸垚鍏戞崲鐮佹椂缁戝畾 `agent_id`锛岀敤鎴峰厬鎹㈠悗鑷姩寤虹珛浠ｇ悊-鐢ㄦ埛鍏宠仈,,10;68;129;202;290,gb18030->utf8 x1,NO,MANUAL_REVIEW,至少一个受影响字段无法整字段安全转换，或完整源行不可读/不可定位，或存在复合断言
REQ-CF-02588,core-finance,docs/PRD-运营增长模块.md,source_quote;atomic_assertion,功能规格,| 浠ｇ悊绔粺璁?| 鍏戞崲鐮佷娇鐢ㄧ粺璁★細宸插彂鏀?/ 宸蹭娇鐢?/ 鍓╀綑棰濆害 / 鍏宠仈鐢ㄦ埛鍒楄〃 |,妯″潡应满足：浠ｇ悊绔粺璁?,,10;68;129;202;290,gb18030->utf8 x1,NO,MANUAL_REVIEW,至少一个受影响字段无法整字段安全转换，或完整源行不可读/不可定位，或存在复合断言
REQ-CF-02589,core-finance,docs/PRD-运营增长模块.md,source_quote;atomic_assertion,功能规格,| 浠ｇ悊绔粺璁?| 鍏戞崲鐮佷娇鐢ㄧ粺璁★細宸插彂鏀?/ 宸蹭娇鐢?/ 鍓╀綑棰濆害 / 鍏宠仈鐢ㄦ埛鍒楄〃 |,璇存槑应满足：鍏戞崲鐮佷娇鐢ㄧ粺璁★細宸插彂鏀?/ 宸蹭娇鐢?/ 鍓╀綑棰濆害 / 鍏宠仈鐢ㄦ埛鍒楄〃,,10;68;129;202;290,gb18030->utf8 x1,NO,MANUAL_REVIEW,至少一个受影响字段无法整字段安全转换，或完整源行不可读/不可定位，或存在复合断言
REQ-CF-02590,core-finance,docs/PRD-运营增长模块.md,source_quote;atomic_assertion,功能规格,| 鍏呭€兼椿鍔ㄨ嚜鍔ㄥ叧鑱?| 鍏呭€兼椿鍔ㄧ敓鎴愮殑鍏戞崲鐮佸悓鏍锋敮鎸佷唬鐞嗙粦瀹?|,妯″潡应满足：鍏呭€兼椿鍔ㄨ嚜鍔ㄥ叧鑱?,,10;68;129;202;290,gb18030->utf8 x1,NO,MANUAL_REVIEW,至少一个受影响字段无法整字段安全转换，或完整源行不可读/不可定位，或存在复合断言
REQ-CF-02591,core-finance,docs/PRD-运营增长模块.md,source_quote;atomic_assertion,功能规格,| 鍏呭€兼椿鍔ㄨ嚜鍔ㄥ叧鑱?| 鍏呭€兼椿鍔ㄧ敓鎴愮殑鍏戞崲鐮佸悓鏍锋敮鎸佷唬鐞嗙粦瀹?|,璇存槑应满足：鍏呭€兼椿鍔ㄧ敓鎴愮殑鍏戞崲鐮佸悓鏍锋敮鎸佷唬鐞嗙粦瀹?,,10;68;129;202;290,gb18030->utf8 x1,NO,MANUAL_REVIEW,至少一个受影响字段无法整字段安全转换，或完整源行不可读/不可定位，或存在复合断言
REQ-CF-02592,core-finance,docs/PRD-运营增长模块.md,source_section;source_quote,API 接口,| `POST` | `/api/v1/admin/agents/:id/redemption-quota` | 璁剧疆浠ｇ悊鍏戞崲鐮侀厤棰?| agent_mgr 浠ヤ笂 |,鏂规硶应满足：`POST`,,39;101;172;247;329,gb18030->utf8 x1,NO,MANUAL_REVIEW,至少一个受影响字段无法整字段安全转换，或完整源行不可读/不可定位，或存在复合断言
REQ-CF-02593,core-finance,docs/PRD-运营增长模块.md,source_section;source_quote;atomic_assertion,API 接口,| `POST` | `/api/v1/admin/agents/:id/redemption-quota` | 璁剧疆浠ｇ悊鍏戞崲鐮侀厤棰?| agent_mgr 浠ヤ笂 |,璺緞应满足：`/api/v1/admin/agents/:id/redemption-quota`,,39;101;172;247;329,gb18030->utf8 x1,NO,MANUAL_REVIEW,至少一个受影响字段无法整字段安全转换，或完整源行不可读/不可定位，或存在复合断言
REQ-CF-02594,core-finance,docs/PRD-运营增长模块.md,source_section;source_quote;atomic_assertion,API 接口,| `POST` | `/api/v1/admin/agents/:id/redemption-quota` | 璁剧疆浠ｇ悊鍏戞崲鐮侀厤棰?| agent_mgr 浠ヤ笂 |,璇存槑应满足：璁剧疆浠ｇ悊鍏戞崲鐮侀厤棰?,,39;101;172;247;329,gb18030->utf8 x1,NO,MANUAL_REVIEW,至少一个受影响字段无法整字段安全转换，或完整源行不可读/不可定位，或存在复合断言
REQ-CF-02595,core-finance,docs/PRD-运营增长模块.md,source_section;source_quote;atomic_assertion,API 接口,| `POST` | `/api/v1/admin/agents/:id/redemption-quota` | 璁剧疆浠ｇ悊鍏戞崲鐮侀厤棰?| agent_mgr 浠ヤ笂 |,鏉冮檺应满足：agent_mgr 浠ヤ笂,,39;101;172;247;329,gb18030->utf8 x1,NO,MANUAL_REVIEW,至少一个受影响字段无法整字段安全转换，或完整源行不可读/不可定位，或存在复合断言
REQ-CF-02596,core-finance,docs/PRD-运营增长模块.md,source_section;source_quote,API 接口,| 方法 | 路径 | 说明 | 权限 |,鏂规硶应满足：`GET`,41;103;174;249;331,39;101;172;247;329,gb18030->utf8 x1,NO,REVIEW_CANDIDATE,所有受影响字段均完成整字段可逆转换，且引用/章节可定位；仍需人工确认
REQ-CF-02598,core-finance,docs/PRD-运营增长模块.md,source_section;source_quote;atomic_assertion,API 接口,| `GET` | `/api/v1/admin/agents/:id/redemption-quota` | 查看代理配额 | agent_mgr 以上 |,璇存槑应满足：鏌ョ湅浠ｇ悊閰嶉,44,39;101;172;247;329,gb18030->utf8 x1,NO,MANUAL_REVIEW,至少一个受影响字段无法整字段安全转换，或完整源行不可读/不可定位，或存在复合断言
REQ-CF-02601,core-finance,docs/PRD-运营增长模块.md,source_section;source_quote;atomic_assertion,API 接口,| `POST` | `/api/v1/agent/redemption-codes/request` | 浠ｇ悊鐢宠鍏戞崲鐮?| agent 浠ヤ笂 |,璺緞应满足：`/api/v1/agent/redemption-codes/request`,,39;101;172;247;329,gb18030->utf8 x1,NO,MANUAL_REVIEW,至少一个受影响字段无法整字段安全转换，或完整源行不可读/不可定位，或存在复合断言
REQ-CF-02602,core-finance,docs/PRD-运营增长模块.md,source_section;source_quote;atomic_assertion,API 接口,| `POST` | `/api/v1/agent/redemption-codes/request` | 浠ｇ悊鐢宠鍏戞崲鐮?| agent 浠ヤ笂 |,璇存槑应满足：浠ｇ悊鐢宠鍏戞崲鐮?,,39;101;172;247;329,gb18030->utf8 x1,NO,MANUAL_REVIEW,至少一个受影响字段无法整字段安全转换，或完整源行不可读/不可定位，或存在复合断言
REQ-CF-02603,core-finance,docs/PRD-运营增长模块.md,source_section;source_quote;atomic_assertion,API 接口,| `POST` | `/api/v1/agent/redemption-codes/request` | 浠ｇ悊鐢宠鍏戞崲鐮?| agent 浠ヤ笂 |,鏉冮檺应满足：agent 浠ヤ笂,,39;101;172;247;329,gb18030->utf8 x1,NO,MANUAL_REVIEW,至少一个受影响字段无法整字段安全转换，或完整源行不可读/不可定位，或存在复合断言
REQ-CF-02605,core-finance,docs/PRD-运营增长模块.md,source_section;source_quote;atomic_assertion,API 接口,| `POST` | `/api/v1/agent/redemption-codes/request` | 浠ｇ悊鐢宠鍏戞崲鐮?| agent 浠ヤ笂 |,璺緞应满足：`/api/v1/agent/redemption-codes`,,39;101;172;247;329,gb18030->utf8 x1,NO,MANUAL_REVIEW,至少一个受影响字段无法整字段安全转换，或完整源行不可读/不可定位，或存在复合断言
REQ-CF-02606,core-finance,docs/PRD-运营增长模块.md,source_section;source_quote;atomic_assertion,API 接口,| `GET` | `/api/v1/agent/redemption-codes` | 浠ｇ悊鏌ョ湅鍏戞崲鐮佸垪琛?| agent 浠ヤ笂 |,璇存槑应满足：浠ｇ悊鏌ョ湅鍏戞崲鐮佸垪琛?,,39;101;172;247;329,gb18030->utf8 x1,NO,MANUAL_REVIEW,至少一个受影响字段无法整字段安全转换，或完整源行不可读/不可定位，或存在复合断言
REQ-CF-02609,core-finance,docs/PRD-运营增长模块.md,source_section;source_quote;atomic_assertion,API 接口,| `GET` | `/api/v1/agent/redemption-stats` | 代理兑换统计 | agent 以上 |,璺緞应满足：`/api/v1/agent/redemption-stats`,47,39;101;172;247;329,gb18030->utf8 x1,NO,MANUAL_REVIEW,至少一个受影响字段无法整字段安全转换，或完整源行不可读/不可定位，或存在复合断言
REQ-CF-02610,core-finance,docs/PRD-运营增长模块.md,source_section;source_quote;atomic_assertion,API 接口,| `GET` | `/api/v1/agent/redemption-stats` | 代理兑换统计 | agent 以上 |,璇存槑应满足：浠ｇ悊鍏戞崲缁熻,47,39;101;172;247;329,gb18030->utf8 x1,NO,MANUAL_REVIEW,至少一个受影响字段无法整字段安全转换，或完整源行不可读/不可定位，或存在复合断言
REQ-CF-02612,core-finance,docs/PRD-运营增长模块.md,source_section;source_quote;atomic_assertion,前端变更,"| 绠＄悊鍚庡彴 鈫?浠ｇ悊鍟嗚鎯?| 鏂板""鍏戞崲鐮侀厤棰?鏍囩椤碉紝閰嶇疆鏈堥厤棰濆拰闈㈠€?|",椤甸潰应满足：绠＄悊鍚庡彴 鈫?浠ｇ悊鍟嗚鎯?,,49;110;183;257;341,gb18030->utf8 x1,NO,MANUAL_REVIEW,至少一个受影响字段无法整字段安全转换，或完整源行不可读/不可定位，或存在复合断言
REQ-CF-02613,core-finance,docs/PRD-运营增长模块.md,source_section;source_quote;atomic_assertion,前端变更,"| 绠＄悊鍚庡彴 鈫?浠ｇ悊鍟嗚鎯?| 鏂板""鍏戞崲鐮侀厤棰?鏍囩椤碉紝閰嶇疆鏈堥厤棰濆拰闈㈠€?|","鍙樻洿应满足：鏂板""鍏戞崲鐮侀厤棰?鏍囩椤碉紝閰嶇疆鏈堥厤棰濆拰闈㈠€?",,49;110;183;257;341,gb18030->utf8 x1,NO,MANUAL_REVIEW,至少一个受影响字段无法整字段安全转换，或完整源行不可读/不可定位，或存在复合断言
REQ-CF-02614,core-finance,docs/PRD-运营增长模块.md,source_section;source_quote;atomic_assertion,前端变更,"| 浠ｇ悊绔?鈫?鎺у埗鍙?| 鏂板""鎺ㄥ箍鍏戞崲鐮?鍏ュ彛锛屾煡鐪嬮厤棰濆拰宸插彂鏀惧厬鎹㈢爜 |",椤甸潰应满足：浠ｇ悊绔?鈫?鎺у埗鍙?,,49;110;183;257;341,gb18030->utf8 x1,NO,MANUAL_REVIEW,至少一个受影响字段无法整字段安全转换，或完整源行不可读/不可定位，或存在复合断言
REQ-CF-02615,core-finance,docs/PRD-运营增长模块.md,source_section;source_quote;atomic_assertion,前端变更,"| 浠ｇ悊绔?鈫?鎺у埗鍙?| 鏂板""鎺ㄥ箍鍏戞崲鐮?鍏ュ彛锛屾煡鐪嬮厤棰濆拰宸插彂鏀惧厬鎹㈢爜 |","鍙樻洿应满足：鏂板""鎺ㄥ箍鍏戞崲鐮?鍏ュ彛锛屾煡鐪嬮厤棰濆拰宸插彂鏀惧厬鎹㈢爜",,49;110;183;257;341,gb18030->utf8 x1,NO,MANUAL_REVIEW,至少一个受影响字段无法整字段安全转换，或完整源行不可读/不可定位，或存在复合断言
REQ-CF-02616,core-finance,docs/PRD-运营增长模块.md,source_section;source_quote;atomic_assertion,前端变更,| 浠ｇ悊绔?鈫?缁熻 | 鏂板鍏戞崲鐮佷娇鐢ㄧ粺璁￠潰鏉?|,椤甸潰应满足：浠ｇ悊绔?鈫?缁熻,,49;110;183;257;341,gb18030->utf8 x1,NO,MANUAL_REVIEW,至少一个受影响字段无法整字段安全转换，或完整源行不可读/不可定位，或存在复合断言
REQ-CF-02617,core-finance,docs/PRD-运营增长模块.md,source_section;source_quote;atomic_assertion,前端变更,| 浠ｇ悊绔?鈫?缁熻 | 鏂板鍏戞崲鐮佷娇鐢ㄧ粺璁￠潰鏉?|,鍙樻洿应满足：鏂板鍏戞崲鐮佷娇鐢ㄧ粺璁￠潰鏉?,,49;110;183;257;341,gb18030->utf8 x1,NO,MANUAL_REVIEW,至少一个受影响字段无法整字段安全转换，或完整源行不可读/不可定位，或存在复合断言
REQ-CF-02618,core-finance,docs/PRD-运营增长模块.md,source_section;source_quote;atomic_assertion,前端变更,| 杩愯惀 鈫?娲诲姩绠＄悊 | 鍒涘缓娲诲姩鏃跺彲閫?鍒嗛厤缁欎唬鐞?妯″紡 |,椤甸潰应满足：杩愯惀 鈫?娲诲姩绠＄悊,,49;110;183;257;341,gb18030->utf8 x1,NO,MANUAL_REVIEW,至少一个受影响字段无法整字段安全转换，或完整源行不可读/不可定位，或存在复合断言
REQ-CF-02619,core-finance,docs/PRD-运营增长模块.md,source_section;source_quote;atomic_assertion,前端变更,| 杩愯惀 鈫?娲诲姩绠＄悊 | 鍒涘缓娲诲姩鏃跺彲閫?鍒嗛厤缁欎唬鐞?妯″紡 |,鍙樻洿应满足：鍒涘缓娲诲姩鏃跺彲閫?鍒嗛厤缁欎唬鐞?妯″紡,,49;110;183;257;341,gb18030->utf8 x1,NO,MANUAL_REVIEW,至少一个受影响字段无法整字段安全转换，或完整源行不可读/不可定位，或存在复合断言
REQ-CF-02620,core-finance,docs/PRD-运营增长模块.md,source_section;source_quote;atomic_assertion,8.2 鍏呭€兼椿鍔ㄨ嚜鍔ㄨ禒閫?,馃搸 **杩愯惀鏂规鍙傝€?*锛歔`docs/ops-business-plan.md`](ops-business-plan.md) 搂3.6 鈥?鍏呭€兼椿鍔ㄨ浆鍖?,馃搸 **杩愯惀鏂规鍙傝€?*锛歔`docs/ops-business-plan.md`](ops-business-plan.md) 搂3.6 鈥?鍏呭€兼椿鍔ㄨ浆鍖?,,,,NO,MANUAL_REVIEW,至少一个受影响字段无法整字段安全转换，或完整源行不可读/不可定位，或存在复合断言
REQ-CF-02621,core-finance,docs/PRD-运营增长模块.md,atomic_assertion,背景,#### 背景,褰撳墠鍏呭€兼椿鍔ㄩ渶瑕佺敤鎴锋墜鍔ㄨ緭鍏ュ厬鎹㈢爜锛岃浆鍖栫巼浣庛€傝嚜鍔ㄨ禒閫佹満鍒跺彲澶у箙鎻愬崌娲诲姩鍙備笌鐜囷紝鏇夸唬濂楅鐨勯浠樿垂浼樻儬鎰熺煡銆?,6;64;125;198;286,6;64;125;198;286,gb18030->utf8 x1,NO,MANUAL_REVIEW,至少一个受影响字段无法整字段安全转换，或完整源行不可读/不可定位，或存在复合断言
REQ-CF-02622,core-finance,docs/PRD-运营增长模块.md,atomic_assertion,功能规格,#### 功能规格,妯″潡应满足：鑷姩璧犻€佽鍒?,10;68;129;202;290,10;68;129;202;290,gb18030->utf8 x1,NO,MANUAL_REVIEW,至少一个受影响字段无法整字段安全转换，或完整源行不可读/不可定位，或存在复合断言
REQ-CF-02623,core-finance,docs/PRD-运营增长模块.md,source_quote;atomic_assertion,功能规格,| 杩愯惀绔厤棰濋厤缃?| 涓烘瘡涓唬鐞嗚缃湀鍏戞崲鐮侀厤棰濓紙鏁伴噺 + 闈㈠€硷級锛屾敮鎸佹寜绛夌骇榛樿閰嶉 |,"璇存槑应满足：杩愯惀绔垱寤烘椿鍔ㄦ椂鍙€夋嫨""鑷姩璧犻€?妯″紡锛岄厤缃厖鍊奸噾棰濋棬妲涘拰璧犻€侀噾棰?",,10;68;129;202;290,gb18030->utf8 x1,NO,MANUAL_REVIEW,至少一个受影响字段无法整字段安全转换，或完整源行不可读/不可定位，或存在复合断言
REQ-CF-02625,core-finance,docs/PRD-运营增长模块.md,source_quote;atomic_assertion,功能规格,| 鍏呭€兼椿鍔ㄨ嚜鍔ㄥ叧鑱?| 鍏呭€兼椿鍔ㄧ敓鎴愮殑鍏戞崲鐮佸悓鏍锋敮鎸佷唬鐞嗙粦瀹?|,璇存槑应满足：鐢ㄦ埛鍏呭€兼垚鍔?鈫?绯荤粺鑷姩鍒ゆ柇鏄惁绗﹀悎娲诲姩鏉′欢 鈫?鑷姩鍙戞斁鍏戞崲鐮佸埌鐢ㄦ埛璐︽埛,,10;68;129;202;290,gb18030->utf8 x1,NO,MANUAL_REVIEW,至少一个受影响字段无法整字段安全转换，或完整源行不可读/不可定位，或存在复合断言
REQ-CF-02626,core-finance,docs/PRD-运营增长模块.md,source_quote;atomic_assertion,功能规格,| 鍏戞崲鐮佺粦瀹氫唬鐞?| 鐢熸垚鍏戞崲鐮佹椂缁戝畾 `agent_id`锛岀敤鎴峰厬鎹㈠悗鑷姩寤虹珛浠ｇ悊-鐢ㄦ埛鍏宠仈 |,妯″潡应满足：鐢ㄦ埛绔睍绀?,,10;68;129;202;290,gb18030->utf8 x1,NO,MANUAL_REVIEW,至少一个受影响字段无法整字段安全转换，或完整源行不可读/不可定位，或存在复合断言
REQ-CF-02627,core-finance,docs/PRD-运营增长模块.md,source_quote;atomic_assertion,功能规格,| 浠ｇ悊鐢宠娴佺▼ | 浠ｇ悊绔敵璇峰厬鎹㈢爜閰嶉 鈫?杩愯惀瀹℃牳 鈫?瀹℃牳閫氳繃鍚庡厬鎹㈢爜鍒拌处 |,璇存槑应满足：鐢ㄦ埛鎺у埗鍙版柊澧?鎴戠殑浼樻儬鍒?椤甸潰锛屽睍绀哄凡鍒拌处鐨勫厬鎹㈢爜鍙婁娇鐢ㄧ姸鎬?,,10;68;129;202;290,gb18030->utf8 x1,NO,MANUAL_REVIEW,至少一个受影响字段无法整字段安全转换，或完整源行不可读/不可定位，或存在复合断言
REQ-CF-02628,core-finance,docs/PRD-运营增长模块.md,atomic_assertion,功能规格,#### 功能规格,妯″潡应满足：浣欓涓嶈冻鎻愮ず,10;68;129;202;290,10;68;129;202;290,gb18030->utf8 x1,NO,MANUAL_REVIEW,至少一个受影响字段无法整字段安全转换，或完整源行不可读/不可定位，或存在复合断言
REQ-CF-02629,core-finance,docs/PRD-运营增长模块.md,atomic_assertion,功能规格,| 模块 | 说明 |,璇存槑应满足：浣欓涓嶈冻鏃朵紭鍏堝睍绀哄彲鐢ㄤ紭鎯犲埜锛屽紩瀵肩敤鎴蜂娇鐢?,12;70;131;204;292,10;68;129;202;290,gb18030->utf8 x1,NO,MANUAL_REVIEW,至少一个受影响字段无法整字段安全转换，或完整源行不可读/不可定位，或存在复合断言
REQ-CF-02631,core-finance,docs/PRD-运营增长模块.md,atomic_assertion,功能规格,| 模块 | 说明 |,璇存槑应满足：鏀寔鍚屾椂鍙備笌澶氫釜娲诲姩锛屾寜鏈€浼樿鍒欒嚜鍔ㄩ€夋嫨,12;70;131;204;292,10;68;129;202;290,gb18030->utf8 x1,NO,MANUAL_REVIEW,至少一个受影响字段无法整字段安全转换，或完整源行不可读/不可定位，或存在复合断言
REQ-CF-02633,core-finance,docs/PRD-运营增长模块.md,source_section;source_quote;atomic_assertion,API 接口,| `POST` | `/api/v1/admin/agents/:id/redemption-quota` | 璁剧疆浠ｇ悊鍏戞崲鐮侀厤棰?| agent_mgr 浠ヤ笂 |,璺緞应满足：`/api/v1/admin/campaigns/:id/auto-grant`,,39;101;172;247;329,gb18030->utf8 x1,NO,MANUAL_REVIEW,至少一个受影响字段无法整字段安全转换，或完整源行不可读/不可定位，或存在复合断言
REQ-CF-02634,core-finance,docs/PRD-运营增长模块.md,source_section;source_quote;atomic_assertion,API 接口,| 方法 | 路径 | 说明 | 权限 |,璇存槑应满足：閰嶇疆鑷姩璧犻€佽鍒?,41;103;174;249;331,39;101;172;247;329,gb18030->utf8 x1,NO,MANUAL_REVIEW,至少一个受影响字段无法整字段安全转换，或完整源行不可读/不可定位，或存在复合断言
REQ-CF-02635,core-finance,docs/PRD-运营增长模块.md,source_section;source_quote;atomic_assertion,API 接口,| `POST` | `/api/v1/admin/agents/:id/redemption-quota` | 璁剧疆浠ｇ悊鍏戞崲鐮侀厤棰?| agent_mgr 浠ヤ笂 |,鏉冮檺应满足：operator 浠ヤ笂,,39;101;172;247;329,gb18030->utf8 x1,NO,MANUAL_REVIEW,至少一个受影响字段无法整字段安全转换，或完整源行不可读/不可定位，或存在复合断言
REQ-CF-02637,core-finance,docs/PRD-运营增长模块.md,source_section;source_quote;atomic_assertion,API 接口,| `POST` | `/api/v1/admin/agents/:id/redemption-quota` | 璁剧疆浠ｇ悊鍏戞崲鐮侀厤棰?| agent_mgr 浠ヤ笂 |,璺緞应满足：`/api/v1/me/coupons`,,39;101;172;247;329,gb18030->utf8 x1,NO,MANUAL_REVIEW,至少一个受影响字段无法整字段安全转换，或完整源行不可读/不可定位，或存在复合断言
REQ-CF-02638,core-finance,docs/PRD-运营增长模块.md,source_section;source_quote,API 接口,| 方法 | 路径 | 说明 | 权限 |,璇存槑应满足：鎴戠殑浼樻儬鍒稿垪琛?,41;103;174;249;331,39;101;172;247;329,gb18030->utf8 x1,NO,REVIEW_CANDIDATE,所有受影响字段均完成整字段可逆转换，且引用/章节可定位；仍需人工确认
REQ-CF-02639,core-finance,docs/PRD-运营增长模块.md,source_section;source_quote;atomic_assertion,API 接口,| 方法 | 路径 | 说明 | 权限 |,鏉冮檺应满足：鐢ㄦ埛,41;103;174;249;331,39;101;172;247;329,gb18030->utf8 x1,NO,MANUAL_REVIEW,至少一个受影响字段无法整字段安全转换，或完整源行不可读/不可定位，或存在复合断言
REQ-CF-02641,core-finance,docs/PRD-运营增长模块.md,source_section;source_quote;atomic_assertion,API 接口,| `POST` | `/api/v1/admin/agents/:id/redemption-quota` | 璁剧疆浠ｇ悊鍏戞崲鐮侀厤棰?| agent_mgr 浠ヤ笂 |,璺緞应满足：`/api/v1/me/coupons/:id/redeem`,,39;101;172;247;329,gb18030->utf8 x1,NO,MANUAL_REVIEW,至少一个受影响字段无法整字段安全转换，或完整源行不可读/不可定位，或存在复合断言
REQ-CF-02642,core-finance,docs/PRD-运营增长模块.md,source_section;source_quote,API 接口,| 方法 | 路径 | 说明 | 权限 |,璇存槑应满足：浣跨敤浼樻儬鍒?,41;103;174;249;331,39;101;172;247;329,gb18030->utf8 x1,NO,REVIEW_CANDIDATE,所有受影响字段均完成整字段可逆转换，且引用/章节可定位；仍需人工确认
REQ-CF-02645,core-finance,docs/PRD-运营增长模块.md,source_section;source_quote;atomic_assertion,API 接口,| `POST` | `/api/v1/admin/agents/:id/redemption-quota` | 璁剧疆浠ｇ悊鍏戞崲鐮侀厤棰?| agent_mgr 浠ヤ笂 |,璺緞应满足：`/api/v1/me/coupons/available`,,39;101;172;247;329,gb18030->utf8 x1,NO,MANUAL_REVIEW,至少一个受影响字段无法整字段安全转换，或完整源行不可读/不可定位，或存在复合断言
REQ-CF-02646,core-finance,docs/PRD-运营增长模块.md,source_section;source_quote;atomic_assertion,API 接口,| 方法 | 路径 | 说明 | 权限 |,璇存槑应满足：鍙敤浼樻儬鍒革紙浣欓涓嶈冻鏃惰皟鐢級,41;103;174;249;331,39;101;172;247;329,gb18030->utf8 x1,NO,MANUAL_REVIEW,至少一个受影响字段无法整字段安全转换，或完整源行不可读/不可定位，或存在复合断言
REQ-CF-02648,core-finance,docs/PRD-运营增长模块.md,source_section;source_quote;atomic_assertion,前端变更,"| 浠ｇ悊绔?鈫?鎺у埗鍙?| 鏂板""鎺ㄥ箍鍏戞崲鐮?鍏ュ彛锛屾煡鐪嬮厤棰濆拰宸插彂鏀惧厬鎹㈢爜 |","椤甸潰应满足：鐢ㄦ埛鎺у埗鍙?鈫?鏂板""浼樻儬鍒?鍏ュ彛",,49;110;183;257;341,gb18030->utf8 x1,NO,MANUAL_REVIEW,至少一个受影响字段无法整字段安全转换，或完整源行不可读/不可定位，或存在复合断言
REQ-CF-02649,core-finance,docs/PRD-运营增长模块.md,source_section;atomic_assertion,前端变更,| 页面 | 变更 |,鍙樻洿应满足：浼樻儬鍒稿垪琛ㄩ〉锛屽睍绀哄彲鐢?宸茬敤/宸茶繃鏈?,51;112;185;259;343,49;110;183;257;341,gb18030->utf8 x1,NO,MANUAL_REVIEW,至少一个受影响字段无法整字段安全转换，或完整源行不可读/不可定位，或存在复合断言
REQ-CF-02650,core-finance,docs/PRD-运营增长模块.md,source_section;atomic_assertion,前端变更,| 页面 | 变更 |,椤甸潰应满足：鍏呭€兼垚鍔熼〉,51;112;185;259;343,49;110;183;257;341,gb18030->utf8 x1,NO,MANUAL_REVIEW,至少一个受影响字段无法整字段安全转换，或完整源行不可读/不可定位，或存在复合断言
REQ-CF-02651,core-finance,docs/PRD-运营增长模块.md,source_section;atomic_assertion,前端变更,| 页面 | 变更 |,"鍙樻洿应满足：灞曠ず鍒拌处鐨勪紭鎯犲埜锛?鎭枩鑾峰緱 楼10 浼樻儬鍒革紒""",51;112;185;259;343,49;110;183;257;341,gb18030->utf8 x1,NO,MANUAL_REVIEW,至少一个受影响字段无法整字段安全转换，或完整源行不可读/不可定位，或存在复合断言
REQ-CF-02652,core-finance,docs/PRD-运营增长模块.md,source_section;atomic_assertion,前端变更,| 页面 | 变更 |,椤甸潰应满足：浣欓涓嶈冻鎻愮ず,51;112;185;259;343,49;110;183;257;341,gb18030->utf8 x1,NO,MANUAL_REVIEW,至少一个受影响字段无法整字段安全转换，或完整源行不可读/不可定位，或存在复合断言
REQ-CF-02653,core-finance,docs/PRD-运营增长模块.md,source_section;atomic_assertion,前端变更,| 页面 | 变更 |,"鍙樻洿应满足：灞曠ず鍙敤浼樻儬鍒革細""鎮ㄦ湁 楼10 浼樻儬鍒稿彲鐢紝绔嬪嵆浣跨敤""",51;112;185;259;343,49;110;183;257;341,gb18030->utf8 x1,NO,MANUAL_REVIEW,至少一个受影响字段无法整字段安全转换，或完整源行不可读/不可定位，或存在复合断言
REQ-CF-02654,core-finance,docs/PRD-运营增长模块.md,source_section;source_quote;atomic_assertion,前端变更,| 杩愯惀 鈫?娲诲姩绠＄悊 | 鍒涘缓娲诲姩鏃跺彲閫?鍒嗛厤缁欎唬鐞?妯″紡 |,椤甸潰应满足：杩愯惀 鈫?娲诲姩绠＄悊 鈫?鍒涘缓娲诲姩,,49;110;183;257;341,gb18030->utf8 x1,NO,MANUAL_REVIEW,至少一个受影响字段无法整字段安全转换，或完整源行不可读/不可定位，或存在复合断言
REQ-CF-02655,core-finance,docs/PRD-运营增长模块.md,source_section;atomic_assertion,前端变更,| 页面 | 变更 |,"鍙樻洿应满足：鏂板""鑷姩璧犻€?寮€鍏冲拰閰嶇疆椤?",51;112;185;259;343,49;110;183;257;341,gb18030->utf8 x1,NO,MANUAL_REVIEW,至少一个受影响字段无法整字段安全转换，或完整源行不可读/不可定位，或存在复合断言
REQ-CF-02656,core-finance,docs/PRD-运营增长模块.md,source_section;source_quote;atomic_assertion,8.3 鐢ㄦ埛鍒嗙兢鎺ㄩ€?,馃搸 **杩愯惀鏂规鍙傝€?*锛歔`docs/ops-business-plan.md`](ops-business-plan.md) 搂4.3 鈥?鐢ㄦ埛鍒嗙兢杩愯惀,馃搸 **杩愯惀鏂规鍙傝€?*锛歔`docs/ops-business-plan.md`](ops-business-plan.md) 搂4.3 鈥?鐢ㄦ埛鍒嗙兢杩愯惀,,,,NO,MANUAL_REVIEW,至少一个受影响字段无法整字段安全转换，或完整源行不可读/不可定位，或存在复合断言
REQ-CF-02657,core-finance,docs/PRD-运营增长模块.md,atomic_assertion,背景,#### 背景,褰撳墠閫氱煡鍙兘鍏ㄩ儴鎺ㄩ€侊紝鏃犳硶閽堝鐗瑰畾鐢ㄦ埛缇ょ簿鍑嗚Е杈撅紝瀵艰嚧杩愯惀娲诲姩杞寲鐜囦綆銆佺敤鎴锋敹鍒版棤鍏抽€氱煡浣撻獙宸€?,6;64;125;198;286,6;64;125;198;286,gb18030->utf8 x1,NO,MANUAL_REVIEW,至少一个受影响字段无法整字段安全转换，或完整源行不可读/不可定位，或存在复合断言
REQ-CF-02658,core-finance,docs/PRD-运营增长模块.md,atomic_assertion,功能规格,#### 功能规格,妯″潡应满足：鍒嗙兢瑙勫垯寮曟搸,10;68;129;202;290,10;68;129;202;290,gb18030->utf8 x1,NO,MANUAL_REVIEW,至少一个受影响字段无法整字段安全转换，或完整源行不可读/不可定位，或存在复合断言
REQ-CF-02659,core-finance,docs/PRD-运营增长模块.md,source_quote;atomic_assertion,功能规格,| 杩愯惀绔厤棰濋厤缃?| 涓烘瘡涓唬鐞嗚缃湀鍏戞崲鐮侀厤棰濓紙鏁伴噺 + 闈㈠€硷級锛屾敮鎸佹寜绛夌骇榛樿閰嶉 |,璇存槑应满足：杩愯惀绔垱寤虹敤鎴峰垎缇わ紝鏀寔鎸夋敞鍐屾椂闂?娑堣垂閲戦/鏈€鍚庣櫥褰曟椂闂?鏈€鍚庤皟鐢ㄦ椂闂?鐢ㄦ埛绛夌骇/浠ｇ悊褰掑睘绛夌淮搴︾粍鍚堢瓫閫?,,10;68;129;202;290,gb18030->utf8 x1,NO,MANUAL_REVIEW,至少一个受影响字段无法整字段安全转换，或完整源行不可读/不可定位，或存在复合断言
REQ-CF-02660,core-finance,docs/PRD-运营增长模块.md,atomic_assertion,功能规格,#### 功能规格,妯″潡应满足：鎺ㄩ€佷换鍔?,10;68;129;202;290,10;68;129;202;290,gb18030->utf8 x1,NO,MANUAL_REVIEW,至少一个受影响字段无法整字段安全转换，或完整源行不可读/不可定位，或存在复合断言
REQ-CF-02661,core-finance,docs/PRD-运营增长模块.md,atomic_assertion,功能规格,| 模块 | 说明 |,璇存槑应满足：鍩轰簬鍒嗙兢鍒涘缓鎺ㄩ€佷换鍔★紝閫夋嫨鎺ㄩ€佹笭閬擄紙绔欏唴閫氱煡+閭欢锛夊拰鍐呭妯℃澘,12;70;131;204;292,10;68;129;202;290,gb18030->utf8 x1,NO,MANUAL_REVIEW,至少一个受影响字段无法整字段安全转换，或完整源行不可读/不可定位，或存在复合断言
REQ-CF-02662,core-finance,docs/PRD-运营增长模块.md,atomic_assertion,功能规格,#### 功能规格,妯″潡应满足：鍐呭妯℃澘鍙橀噺,10;68;129;202;290,10;68;129;202;290,gb18030->utf8 x1,NO,MANUAL_REVIEW,至少一个受影响字段无法整字段安全转换，或完整源行不可读/不可定位，或存在复合断言
REQ-CF-02663,core-finance,docs/PRD-运营增长模块.md,atomic_assertion,功能规格,| 模块 | 说明 |,"璇存槑应满足：鏀寔妯℃澘鍙橀噺锛歚{user_name}`, `{balance}`, `{last_model}` 绛?",12;70;131;204;292,10;68;129;202;290,gb18030->utf8 x1,NO,MANUAL_REVIEW,至少一个受影响字段无法整字段安全转换，或完整源行不可读/不可定位，或存在复合断言
REQ-CF-02664,core-finance,docs/PRD-运营增长模块.md,atomic_assertion,功能规格,#### 功能规格,妯″潡应满足：鎺ㄩ€佹晥鏋滅粺璁?,10;68;129;202;290,10;68;129;202;290,gb18030->utf8 x1,NO,MANUAL_REVIEW,至少一个受影响字段无法整字段安全转换，或完整源行不可读/不可定位，或存在复合断言
REQ-CF-02665,core-finance,docs/PRD-运营增长模块.md,atomic_assertion,功能规格,| 模块 | 说明 |,璇存槑应满足：鍙戦€侀噺 / 鎵撳紑鐜?/ 杞寲鐜?/ 鐐瑰嚮鐜?,12;70;131;204;292,10;68;129;202;290,gb18030->utf8 x1,NO,MANUAL_REVIEW,至少一个受影响字段无法整字段安全转换，或完整源行不可读/不可定位，或存在复合断言
REQ-CF-02666,core-finance,docs/PRD-运营增长模块.md,atomic_assertion,功能规格,#### 功能规格,妯″潡应满足：瀹氭椂鎺ㄩ€?,10;68;129;202;290,10;68;129;202;290,gb18030->utf8 x1,NO,MANUAL_REVIEW,至少一个受影响字段无法整字段安全转换，或完整源行不可读/不可定位，或存在复合断言
REQ-CF-02667,core-finance,docs/PRD-运营增长模块.md,atomic_assertion,功能规格,| 模块 | 说明 |,璇存槑应满足：鏀寔瀹氭椂鎵ц锛堢珛鍗?鎸囧畾鏃堕棿/鍛ㄦ湡鎬э級,12;70;131;204;292,10;68;129;202;290,gb18030->utf8 x1,NO,MANUAL_REVIEW,至少一个受影响字段无法整字段安全转换，或完整源行不可读/不可定位，或存在复合断言
REQ-CF-02669,core-finance,docs/PRD-运营增长模块.md,source_section;source_quote;atomic_assertion,API 接口,| `POST` | `/api/v1/admin/agents/:id/redemption-quota` | 璁剧疆浠ｇ悊鍏戞崲鐮侀厤棰?| agent_mgr 浠ヤ笂 |,璺緞应满足：`/api/v1/admin/user-segments`,,39;101;172;247;329,gb18030->utf8 x1,NO,MANUAL_REVIEW,至少一个受影响字段无法整字段安全转换，或完整源行不可读/不可定位，或存在复合断言
REQ-CF-02670,core-finance,docs/PRD-运营增长模块.md,source_section;source_quote;atomic_assertion,API 接口,| 方法 | 路径 | 说明 | 权限 |,璇存槑应满足：鍒涘缓鐢ㄦ埛鍒嗙兢,41;103;174;249;331,39;101;172;247;329,gb18030->utf8 x1,NO,MANUAL_REVIEW,至少一个受影响字段无法整字段安全转换，或完整源行不可读/不可定位，或存在复合断言
REQ-CF-02674,core-finance,docs/PRD-运营增长模块.md,source_section;source_quote;atomic_assertion,API 接口,| 方法 | 路径 | 说明 | 权限 |,璇存槑应满足：鍒嗙兢鍒楄〃,41;103;174;249;331,39;101;172;247;329,gb18030->utf8 x1,NO,MANUAL_REVIEW,至少一个受影响字段无法整字段安全转换，或完整源行不可读/不可定位，或存在复合断言
REQ-CF-02677,core-finance,docs/PRD-运营增长模块.md,source_section;source_quote;atomic_assertion,API 接口,| `POST` | `/api/v1/admin/agents/:id/redemption-quota` | 璁剧疆浠ｇ悊鍏戞崲鐮侀厤棰?| agent_mgr 浠ヤ笂 |,璺緞应满足：`/api/v1/admin/user-segments/:id/estimate`,,39;101;172;247;329,gb18030->utf8 x1,NO,MANUAL_REVIEW,至少一个受影响字段无法整字段安全转换，或完整源行不可读/不可定位，或存在复合断言
REQ-CF-02678,core-finance,docs/PRD-运营增长模块.md,source_section;source_quote;atomic_assertion,API 接口,| 方法 | 路径 | 说明 | 权限 |,璇存槑应满足：棰勪及鍒嗙兢浜烘暟,41;103;174;249;331,39;101;172;247;329,gb18030->utf8 x1,NO,MANUAL_REVIEW,至少一个受影响字段无法整字段安全转换，或完整源行不可读/不可定位，或存在复合断言
REQ-CF-02681,core-finance,docs/PRD-运营增长模块.md,source_section;source_quote;atomic_assertion,API 接口,| `POST` | `/api/v1/admin/agents/:id/redemption-quota` | 璁剧疆浠ｇ悊鍏戞崲鐮侀厤棰?| agent_mgr 浠ヤ笂 |,璺緞应满足：`/api/v1/admin/notifications/segment`,,39;101;172;247;329,gb18030->utf8 x1,NO,MANUAL_REVIEW,至少一个受影响字段无法整字段安全转换，或完整源行不可读/不可定位，或存在复合断言
REQ-CF-02682,core-finance,docs/PRD-运营增长模块.md,source_section;source_quote;atomic_assertion,API 接口,| 方法 | 路径 | 说明 | 权限 |,璇存槑应满足：鍒涘缓鍒嗙兢鎺ㄩ€佷换鍔?,41;103;174;249;331,39;101;172;247;329,gb18030->utf8 x1,NO,MANUAL_REVIEW,至少一个受影响字段无法整字段安全转换，或完整源行不可读/不可定位，或存在复合断言
REQ-CF-02686,core-finance,docs/PRD-运营增长模块.md,source_section;source_quote;atomic_assertion,API 接口,| 方法 | 路径 | 说明 | 权限 |,璇存槑应满足：鎺ㄩ€佷换鍔″垪琛?,41;103;174;249;331,39;101;172;247;329,gb18030->utf8 x1,NO,MANUAL_REVIEW,至少一个受影响字段无法整字段安全转换，或完整源行不可读/不可定位，或存在复合断言
REQ-CF-02689,core-finance,docs/PRD-运营增长模块.md,source_section;source_quote;atomic_assertion,API 接口,| `POST` | `/api/v1/admin/agents/:id/redemption-quota` | 璁剧疆浠ｇ悊鍏戞崲鐮侀厤棰?| agent_mgr 浠ヤ笂 |,璺緞应满足：`/api/v1/admin/notifications/segment/:id/stats`,,39;101;172;247;329,gb18030->utf8 x1,NO,MANUAL_REVIEW,至少一个受影响字段无法整字段安全转换，或完整源行不可读/不可定位，或存在复合断言
REQ-CF-02690,core-finance,docs/PRD-运营增长模块.md,source_section;source_quote;atomic_assertion,API 接口,| 方法 | 路径 | 说明 | 权限 |,璇存槑应满足：鎺ㄩ€佹晥鏋滅粺璁?,41;103;174;249;331,39;101;172;247;329,gb18030->utf8 x1,NO,MANUAL_REVIEW,至少一个受影响字段无法整字段安全转换，或完整源行不可读/不可定位，或存在复合断言
REQ-CF-02692,core-finance,docs/PRD-运营增长模块.md,source_section;source_quote;atomic_assertion,前端变更,| 杩愯惀 鈫?娲诲姩绠＄悊 | 鍒涘缓娲诲姩鏃跺彲閫?鍒嗛厤缁欎唬鐞?妯″紡 |,"椤甸潰应满足：杩愯惀 鈫?鏂板""鐢ㄦ埛鍒嗙兢""鍏ュ彛",,49;110;183;257;341,gb18030->utf8 x1,NO,MANUAL_REVIEW,至少一个受影响字段无法整字段安全转换，或完整源行不可读/不可定位，或存在复合断言
REQ-CF-02693,core-finance,docs/PRD-运营增长模块.md,source_section;atomic_assertion,前端变更,| 页面 | 变更 |,鍙樻洿应满足：鍒嗙兢鍒楄〃椤碉紝鏀寔鍒涘缓/缂栬緫/棰勮鍒嗙兢,51;112;185;259;343,49;110;183;257;341,gb18030->utf8 x1,NO,MANUAL_REVIEW,至少一个受影响字段无法整字段安全转换，或完整源行不可读/不可定位，或存在复合断言
REQ-CF-02694,core-finance,docs/PRD-运营增长模块.md,source_section;source_quote;atomic_assertion,前端变更,| 杩愯惀 鈫?娲诲姩绠＄悊 | 鍒涘缓娲诲姩鏃跺彲閫?鍒嗛厤缁欎唬鐞?妯″紡 |,椤甸潰应满足：杩愯惀 鈫?鍒嗙兢鍒涘缓,,49;110;183;257;341,gb18030->utf8 x1,NO,MANUAL_REVIEW,至少一个受影响字段无法整字段安全转换，或完整源行不可读/不可定位，或存在复合断言
REQ-CF-02695,core-finance,docs/PRD-运营增长模块.md,source_section;atomic_assertion,前端变更,| 页面 | 变更 |,鍙樻洿应满足：瑙勫垯閰嶇疆闈㈡澘锛屾敮鎸佸缁村害缁勫悎绛涢€?,51;112;185;259;343,49;110;183;257;341,gb18030->utf8 x1,NO,MANUAL_REVIEW,至少一个受影响字段无法整字段安全转换，或完整源行不可读/不可定位，或存在复合断言
REQ-CF-02696,core-finance,docs/PRD-运营增长模块.md,source_section;source_quote;atomic_assertion,前端变更,| 杩愯惀 鈫?娲诲姩绠＄悊 | 鍒涘缓娲诲姩鏃跺彲閫?鍒嗛厤缁欎唬鐞?妯″紡 |,"椤甸潰应满足：杩愯惀 鈫?鏂板""鍒嗙兢鎺ㄩ€?鍏ュ彛",,49;110;183;257;341,gb18030->utf8 x1,NO,MANUAL_REVIEW,至少一个受影响字段无法整字段安全转换，或完整源行不可读/不可定位，或存在复合断言
REQ-CF-02697,core-finance,docs/PRD-运营增长模块.md,source_section;atomic_assertion,前端变更,| 页面 | 变更 |,鍙樻洿应满足：鎺ㄩ€佷换鍔″垱寤洪〉锛岄€夋嫨鍒嗙兢+妯℃澘+娓犻亾+鏃堕棿,51;112;185;259;343,49;110;183;257;341,gb18030->utf8 x1,NO,MANUAL_REVIEW,至少一个受影响字段无法整字段安全转换，或完整源行不可读/不可定位，或存在复合断言
REQ-CF-02698,core-finance,docs/PRD-运营增长模块.md,source_section;source_quote;atomic_assertion,前端变更,| 杩愯惀 鈫?娲诲姩绠＄悊 | 鍒涘缓娲诲姩鏃跺彲閫?鍒嗛厤缁欎唬鐞?妯″紡 |,椤甸潰应满足：杩愯惀 鈫?鎺ㄩ€佹晥鏋?,,49;110;183;257;341,gb18030->utf8 x1,NO,MANUAL_REVIEW,至少一个受影响字段无法整字段安全转换，或完整源行不可读/不可定位，或存在复合断言
REQ-CF-02699,core-finance,docs/PRD-运营增长模块.md,source_section;source_quote;atomic_assertion,前端变更,| 浠ｇ悊绔?鈫?缁熻 | 鏂板鍏戞崲鐮佷娇鐢ㄧ粺璁￠潰鏉?|,鍙樻洿应满足：鎺ㄩ€佺粺璁￠潰鏉匡紝灞曠ず鍙戦€侀噺/鎵撳紑鐜?杞寲鐜?,,49;110;183;257;341,gb18030->utf8 x1,NO,MANUAL_REVIEW,至少一个受影响字段无法整字段安全转换，或完整源行不可读/不可定位，或存在复合断言
REQ-CF-02700,core-finance,docs/PRD-运营增长模块.md,source_section;source_quote;atomic_assertion,8.4 鑷姩鍖栨祦澶卞彫鍥?,馃搸 **杩愯惀鏂规鍙傝€?*锛歔`docs/ops-business-plan.md`](ops-business-plan.md) 搂4.2 鈥?娴佸け鍙洖绛栫暐,馃搸 **杩愯惀鏂规鍙傝€?*锛歔`docs/ops-business-plan.md`](ops-business-plan.md) 搂4.2 鈥?娴佸け鍙洖绛栫暐,,,,NO,MANUAL_REVIEW,至少一个受影响字段无法整字段安全转换，或完整源行不可读/不可定位，或存在复合断言
REQ-CF-02701,core-finance,docs/PRD-运营增长模块.md,atomic_assertion,背景,#### 背景,鐢ㄦ埛娴佸け鏄函鎸夐噺璁¤垂妯″紡鐨勬牳蹇冪棝鐐广€傚綋鍓嶆棤鑷姩鍖栧彫鍥炴満鍒讹紝娴佸け鐢ㄦ埛瀹屽叏闈犺繍钀ユ墜鍔ㄥ鐞嗭紝鏁堢巼浣庛€佽鐩栭潰绐勩€?,6;64;125;198;286,6;64;125;198;286,gb18030->utf8 x1,NO,MANUAL_REVIEW,至少一个受影响字段无法整字段安全转换，或完整源行不可读/不可定位，或存在复合断言
REQ-CF-02702,core-finance,docs/PRD-运营增长模块.md,atomic_assertion,功能规格,#### 功能规格,妯″潡应满足：鍙洖瑙勫垯閰嶇疆,10;68;129;202;290,10;68;129;202;290,gb18030->utf8 x1,NO,MANUAL_REVIEW,至少一个受影响字段无法整字段安全转换，或完整源行不可读/不可定位，或存在复合断言
REQ-CF-02703,core-finance,docs/PRD-运营增长模块.md,source_quote;atomic_assertion,功能规格,| 杩愯惀绔厤棰濋厤缃?| 涓烘瘡涓唬鐞嗚缃湀鍏戞崲鐮侀厤棰濓紙鏁伴噺 + 闈㈠€硷級锛屾敮鎸佹寜绛夌骇榛樿閰嶉 |,璇存槑应满足：杩愯惀绔厤缃彫鍥炶鍒欙紝鏀寔澶氱骇瑙﹀彂鏉′欢锛?澶╂棤璋冪敤/14澶╂棤璋冪敤/30澶╂棤鐧诲綍,,10;68;129;202;290,gb18030->utf8 x1,NO,MANUAL_REVIEW,至少一个受影响字段无法整字段安全转换，或完整源行不可读/不可定位，或存在复合断言
REQ-CF-02705,core-finance,docs/PRD-运营增长模块.md,atomic_assertion,功能规格,| 模块 | 说明 |,璇存槑应满足：鍩轰簬鏈€鍚庤皟鐢ㄦ椂闂村拰鏈€鍚庣櫥褰曟椂闂磋嚜鍔ㄦ娴?,12;70;131;204;292,10;68;129;202;290,gb18030->utf8 x1,NO,MANUAL_REVIEW,至少一个受影响字段无法整字段安全转换，或完整源行不可读/不可定位，或存在复合断言
REQ-CF-02706,core-finance,docs/PRD-运营增长模块.md,atomic_assertion,功能规格,#### 功能规格,妯″潡应满足：鍙戦€佸唴瀹?,10;68;129;202;290,10;68;129;202;290,gb18030->utf8 x1,NO,MANUAL_REVIEW,至少一个受影响字段无法整字段安全转换，或完整源行不可读/不可定位，或存在复合断言
REQ-CF-02707,core-finance,docs/PRD-运营增长模块.md,atomic_assertion,功能规格,| 模块 | 说明 |,璇存槑应满足：鍙厤缃偖浠舵ā鏉匡紝鏀寔鍙橀噺鏇挎崲,12;70;131;204;292,10;68;129;202;290,gb18030->utf8 x1,NO,MANUAL_REVIEW,至少一个受影响字段无法整字段安全转换，或完整源行不可读/不可定位，或存在复合断言
REQ-CF-02709,core-finance,docs/PRD-运营增长模块.md,atomic_assertion,功能规格,| 模块 | 说明 |,璇存槑应满足：閭欢 + 绔欏唴閫氱煡,12;70;131;204;292,10;68;129;202;290,gb18030->utf8 x1,NO,MANUAL_REVIEW,至少一个受影响字段无法整字段安全转换，或完整源行不可读/不可定位，或存在复合断言
REQ-CF-02710,core-finance,docs/PRD-运营增长模块.md,atomic_assertion,功能规格,#### 功能规格,妯″潡应满足：浼樻儬鍒歌禒閫?,10;68;129;202;290,10;68;129;202;290,gb18030->utf8 x1,NO,MANUAL_REVIEW,至少一个受影响字段无法整字段安全转换，或完整源行不可读/不可定位，或存在复合断言
REQ-CF-02711,core-finance,docs/PRD-运营增长模块.md,source_quote;atomic_assertion,功能规格,| 浠ｇ悊鐢宠娴佺▼ | 浠ｇ悊绔敵璇峰厬鎹㈢爜閰嶉 鈫?杩愯惀瀹℃牳 鈫?瀹℃牳閫氳繃鍚庡厬鎹㈢爜鍒拌处 |,璇存槑应满足：鏀寔閰嶇疆鍙洖鏃惰嚜鍔ㄥ彂鏀惧厬鎹㈢爜鍒扮敤鎴疯处鎴?,,10;68;129;202;290,gb18030->utf8 x1,NO,MANUAL_REVIEW,至少一个受影响字段无法整字段安全转换，或完整源行不可读/不可定位，或存在复合断言
REQ-CF-02712,core-finance,docs/PRD-运营增长模块.md,atomic_assertion,功能规格,#### 功能规格,妯″潡应满足：瑙勫垯绠＄悊,10;68;129;202;290,10;68;129;202;290,gb18030->utf8 x1,NO,MANUAL_REVIEW,至少一个受影响字段无法整字段安全转换，或完整源行不可读/不可定位，或存在复合断言
REQ-CF-02713,core-finance,docs/PRD-运营增长模块.md,atomic_assertion,功能规格,| 模块 | 说明 |,璇存槑应满足：鍚敤/绂佺敤鍙洖瑙勫垯锛岃缃墽琛岄鐜?,12;70;131;204;292,10;68;129;202;290,gb18030->utf8 x1,NO,MANUAL_REVIEW,至少一个受影响字段无法整字段安全转换，或完整源行不可读/不可定位，或存在复合断言
REQ-CF-02714,core-finance,docs/PRD-运营增长模块.md,atomic_assertion,功能规格,#### 功能规格,妯″潡应满足：鏁堟灉缁熻,10;68;129;202;290,10;68;129;202;290,gb18030->utf8 x1,NO,MANUAL_REVIEW,至少一个受影响字段无法整字段安全转换，或完整源行不可读/不可定位，或存在复合断言
REQ-CF-02715,core-finance,docs/PRD-运营增长模块.md,atomic_assertion,功能规格,| 模块 | 说明 |,璇存槑应满足：鍙戦€侀噺 / 鎵撳紑鐜?/ 鍙洖鐜?/ 鍙洖鍚?澶╃暀瀛樼巼,12;70;131;204;292,10;68;129;202;290,gb18030->utf8 x1,NO,MANUAL_REVIEW,至少一个受影响字段无法整字段安全转换，或完整源行不可读/不可定位，或存在复合断言
REQ-CF-02717,core-finance,docs/PRD-运营增长模块.md,source_section;source_quote;atomic_assertion,API 接口,| `POST` | `/api/v1/admin/agents/:id/redemption-quota` | 璁剧疆浠ｇ悊鍏戞崲鐮侀厤棰?| agent_mgr 浠ヤ笂 |,璺緞应满足：`/api/v1/admin/recall-rules`,,39;101;172;247;329,gb18030->utf8 x1,NO,MANUAL_REVIEW,至少一个受影响字段无法整字段安全转换，或完整源行不可读/不可定位，或存在复合断言
REQ-CF-02718,core-finance,docs/PRD-运营增长模块.md,source_section;source_quote;atomic_assertion,API 接口,| 方法 | 路径 | 说明 | 权限 |,璇存槑应满足：鍒涘缓鍙洖瑙勫垯,41;103;174;249;331,39;101;172;247;329,gb18030->utf8 x1,NO,MANUAL_REVIEW,至少一个受影响字段无法整字段安全转换，或完整源行不可读/不可定位，或存在复合断言
REQ-CF-02722,core-finance,docs/PRD-运营增长模块.md,source_section;source_quote;atomic_assertion,API 接口,| 方法 | 路径 | 说明 | 权限 |,璇存槑应满足：鍙洖瑙勫垯鍒楄〃,41;103;174;249;331,39;101;172;247;329,gb18030->utf8 x1,NO,MANUAL_REVIEW,至少一个受影响字段无法整字段安全转换，或完整源行不可读/不可定位，或存在复合断言
REQ-CF-02724,core-finance,docs/PRD-运营增长模块.md,source_section;source_quote,API 接口,| 方法 | 路径 | 说明 | 权限 |,鏂规硶应满足：`PATCH`,41;103;174;249;331,39;101;172;247;329,gb18030->utf8 x1,NO,REVIEW_CANDIDATE,所有受影响字段均完成整字段可逆转换，且引用/章节可定位；仍需人工确认
REQ-CF-02725,core-finance,docs/PRD-运营增长模块.md,source_section;source_quote;atomic_assertion,API 接口,| `POST` | `/api/v1/admin/agents/:id/redemption-quota` | 璁剧疆浠ｇ悊鍏戞崲鐮侀厤棰?| agent_mgr 浠ヤ笂 |,璺緞应满足：`/api/v1/admin/recall-rules/:id`,,39;101;172;247;329,gb18030->utf8 x1,NO,MANUAL_REVIEW,至少一个受影响字段无法整字段安全转换，或完整源行不可读/不可定位，或存在复合断言
REQ-CF-02726,core-finance,docs/PRD-运营增长模块.md,source_section;source_quote;atomic_assertion,API 接口,| 方法 | 路径 | 说明 | 权限 |,璇存槑应满足：鏇存柊鍙洖瑙勫垯,41;103;174;249;331,39;101;172;247;329,gb18030->utf8 x1,NO,MANUAL_REVIEW,至少一个受影响字段无法整字段安全转换，或完整源行不可读/不可定位，或存在复合断言
REQ-CF-02729,core-finance,docs/PRD-运营增长模块.md,source_section;source_quote;atomic_assertion,API 接口,| `POST` | `/api/v1/admin/agents/:id/redemption-quota` | 璁剧疆浠ｇ悊鍏戞崲鐮侀厤棰?| agent_mgr 浠ヤ笂 |,璺緞应满足：`/api/v1/admin/recall-rules/:id/toggle`,,39;101;172;247;329,gb18030->utf8 x1,NO,MANUAL_REVIEW,至少一个受影响字段无法整字段安全转换，或完整源行不可读/不可定位，或存在复合断言
REQ-CF-02730,core-finance,docs/PRD-运营增长模块.md,source_section;source_quote;atomic_assertion,API 接口,| 方法 | 路径 | 说明 | 权限 |,璇存槑应满足：鍚敤/绂佺敤瑙勫垯,41;103;174;249;331,39;101;172;247;329,gb18030->utf8 x1,NO,MANUAL_REVIEW,至少一个受影响字段无法整字段安全转换，或完整源行不可读/不可定位，或存在复合断言
REQ-CF-02733,core-finance,docs/PRD-运营增长模块.md,source_section;source_quote;atomic_assertion,API 接口,| `POST` | `/api/v1/admin/agents/:id/redemption-quota` | 璁剧疆浠ｇ悊鍏戞崲鐮侀厤棰?| agent_mgr 浠ヤ笂 |,璺緞应满足：`/api/v1/admin/recall-stats`,,39;101;172;247;329,gb18030->utf8 x1,NO,MANUAL_REVIEW,至少一个受影响字段无法整字段安全转换，或完整源行不可读/不可定位，或存在复合断言
REQ-CF-02734,core-finance,docs/PRD-运营增长模块.md,source_section;source_quote;atomic_assertion,API 接口,| 方法 | 路径 | 说明 | 权限 |,璇存槑应满足：鍙洖鏁堟灉缁熻,41;103;174;249;331,39;101;172;247;329,gb18030->utf8 x1,NO,MANUAL_REVIEW,至少一个受影响字段无法整字段安全转换，或完整源行不可读/不可定位，或存在复合断言
REQ-CF-02736,core-finance,docs/PRD-运营增长模块.md,source_section;source_quote;atomic_assertion,前端变更,| 杩愯惀 鈫?娲诲姩绠＄悊 | 鍒涘缓娲诲姩鏃跺彲閫?鍒嗛厤缁欎唬鐞?妯″紡 |,"椤甸潰应满足：杩愯惀 鈫?鏂板""娴佸け鍙洖""鍏ュ彛",,49;110;183;257;341,gb18030->utf8 x1,NO,MANUAL_REVIEW,至少一个受影响字段无法整字段安全转换，或完整源行不可读/不可定位，或存在复合断言
REQ-CF-02737,core-finance,docs/PRD-运营增长模块.md,source_section;atomic_assertion,前端变更,| 页面 | 变更 |,鍙樻洿应满足：鍙洖瑙勫垯鍒楄〃椤碉紝灞曠ず瑙勫垯鐘舵€佸拰鏁堟灉姒傝,51;112;185;259;343,49;110;183;257;341,gb18030->utf8 x1,NO,MANUAL_REVIEW,至少一个受影响字段无法整字段安全转换，或完整源行不可读/不可定位，或存在复合断言
REQ-CF-02738,core-finance,docs/PRD-运营增长模块.md,source_section;source_quote;atomic_assertion,前端变更,| 杩愯惀 鈫?娲诲姩绠＄悊 | 鍒涘缓娲诲姩鏃跺彲閫?鍒嗛厤缁欎唬鐞?妯″紡 |,椤甸潰应满足：杩愯惀 鈫?鍙洖瑙勫垯缂栬緫,,49;110;183;257;341,gb18030->utf8 x1,NO,MANUAL_REVIEW,至少一个受影响字段无法整字段安全转换，或完整源行不可读/不可定位，或存在复合断言
REQ-CF-02739,core-finance,docs/PRD-运营增长模块.md,source_section;atomic_assertion,前端变更,| 页面 | 变更 |,鍙樻洿应满足：瑙勫垯閰嶇疆琛ㄥ崟锛屾敮鎸佽Е鍙戞潯浠?鍙戦€佸唴瀹?浼樻儬鍒歌禒閫侀厤缃?,51;112;185;259;343,49;110;183;257;341,gb18030->utf8 x1,NO,MANUAL_REVIEW,至少一个受影响字段无法整字段安全转换，或完整源行不可读/不可定位，或存在复合断言
REQ-CF-02740,core-finance,docs/PRD-运营增长模块.md,source_section;source_quote;atomic_assertion,前端变更,| 杩愯惀 鈫?娲诲姩绠＄悊 | 鍒涘缓娲诲姩鏃跺彲閫?鍒嗛厤缁欎唬鐞?妯″紡 |,椤甸潰应满足：杩愯惀 鈫?鍙洖鏁堟灉,,49;110;183;257;341,gb18030->utf8 x1,NO,MANUAL_REVIEW,至少一个受影响字段无法整字段安全转换，或完整源行不可读/不可定位，或存在复合断言
REQ-CF-02741,core-finance,docs/PRD-运营增长模块.md,source_section;atomic_assertion,前端变更,| 页面 | 变更 |,鍙樻洿应满足：缁熻鐪嬫澘锛氬彂閫侀噺/鎵撳紑鐜?鍙洖鐜囪秼鍔垮浘锛屽彫鍥炴垚鏈垎鏋?,51;112;185;259;343,49;110;183;257;341,gb18030->utf8 x1,NO,MANUAL_REVIEW,至少一个受影响字段无法整字段安全转换，或完整源行不可读/不可定位，或存在复合断言
REQ-CF-02742,core-finance,docs/PRD-运营增长模块.md,source_section;source_quote;atomic_assertion,8.5 运营增长模块总览,| 浠ｇ悊鍏戞崲鐮侀厤棰濅笌缁戝畾 | P0 | 鍚庣3d+鍓嶇2d | 浠ｇ悊鍟嗗彲閲忓寲鐨勬媺鏂板伐鍏?|,妯″潡应满足：浠ｇ悊鍏戞崲鐮侀厤棰濅笌缁戝畾,,267,gb18030->utf8 x1,NO,MANUAL_REVIEW,至少一个受影响字段无法整字段安全转换，或完整源行不可读/不可定位，或存在复合断言
REQ-CF-02743,core-finance,docs/PRD-运营增长模块.md,source_section;source_quote,8.5 运营增长模块总览,| 妯″潡 | 浼樺厛绾?| 棰勪及宸ヤ綔閲?| 鏍稿績浠峰€?|,浼樺厛绾?应满足：P0,,267,gb18030->utf8 x1,NO,MANUAL_REVIEW,至少一个受影响字段无法整字段安全转换，或完整源行不可读/不可定位，或存在复合断言
REQ-CF-02744,core-finance,docs/PRD-运营增长模块.md,source_section;source_quote;atomic_assertion,8.5 运营增长模块总览,| 浠ｇ悊鍏戞崲鐮侀厤棰濅笌缁戝畾 | P0 | 鍚庣3d+鍓嶇2d | 浠ｇ悊鍟嗗彲閲忓寲鐨勬媺鏂板伐鍏?|,棰勪及宸ヤ綔閲?应满足：鍚庣3d+鍓嶇2d,,267,gb18030->utf8 x1,NO,MANUAL_REVIEW,至少一个受影响字段无法整字段安全转换，或完整源行不可读/不可定位，或存在复合断言
REQ-CF-02745,core-finance,docs/PRD-运营增长模块.md,source_section;source_quote;atomic_assertion,8.5 运营增长模块总览,| 浠ｇ悊鍏戞崲鐮侀厤棰濅笌缁戝畾 | P0 | 鍚庣3d+鍓嶇2d | 浠ｇ悊鍟嗗彲閲忓寲鐨勬媺鏂板伐鍏?|,鏍稿績浠峰€?应满足：浠ｇ悊鍟嗗彲閲忓寲鐨勬媺鏂板伐鍏?,,267,gb18030->utf8 x1,NO,MANUAL_REVIEW,至少一个受影响字段无法整字段安全转换，或完整源行不可读/不可定位，或存在复合断言
REQ-CF-02746,core-finance,docs/PRD-运营增长模块.md,source_section;source_quote;atomic_assertion,8.5 运营增长模块总览,| 鍏呭€兼椿鍔ㄨ嚜鍔ㄨ禒閫?| P0 | 鍚庣2d+鍓嶇2d | 鎻愬崌鍏呭€艰浆鍖栫巼30%+ |,妯″潡应满足：鍏呭€兼椿鍔ㄨ嚜鍔ㄨ禒閫?,,267,gb18030->utf8 x1,NO,MANUAL_REVIEW,至少一个受影响字段无法整字段安全转换，或完整源行不可读/不可定位，或存在复合断言
REQ-CF-02748,core-finance,docs/PRD-运营增长模块.md,source_section;source_quote;atomic_assertion,8.5 运营增长模块总览,| 鍏呭€兼椿鍔ㄨ嚜鍔ㄨ禒閫?| P0 | 鍚庣2d+鍓嶇2d | 鎻愬崌鍏呭€艰浆鍖栫巼30%+ |,棰勪及宸ヤ綔閲?应满足：鍚庣2d+鍓嶇2d,,267,gb18030->utf8 x1,NO,MANUAL_REVIEW,至少一个受影响字段无法整字段安全转换，或完整源行不可读/不可定位，或存在复合断言
REQ-CF-02749,core-finance,docs/PRD-运营增长模块.md,source_section;source_quote;atomic_assertion,8.5 运营增长模块总览,| 鍏呭€兼椿鍔ㄨ嚜鍔ㄨ禒閫?| P0 | 鍚庣2d+鍓嶇2d | 鎻愬崌鍏呭€艰浆鍖栫巼30%+ |,鏍稿績浠峰€?应满足：鎻愬崌鍏呭€艰浆鍖栫巼30%+,,267,gb18030->utf8 x1,NO,MANUAL_REVIEW,至少一个受影响字段无法整字段安全转换，或完整源行不可读/不可定位，或存在复合断言
REQ-CF-02750,core-finance,docs/PRD-运营增长模块.md,source_section;source_quote;atomic_assertion,8.5 运营增长模块总览,| 鐢ㄦ埛鍒嗙兢鎺ㄩ€?| P0 | 鍚庣4d+鍓嶇3d | 绮惧噯瑙﹁揪锛岃繍钀ユ晥鐜囨彁鍗?|,妯″潡应满足：鐢ㄦ埛鍒嗙兢鎺ㄩ€?,,267,gb18030->utf8 x1,NO,MANUAL_REVIEW,至少一个受影响字段无法整字段安全转换，或完整源行不可读/不可定位，或存在复合断言
REQ-CF-02752,core-finance,docs/PRD-运营增长模块.md,source_section;source_quote;atomic_assertion,8.5 运营增长模块总览,| 鐢ㄦ埛鍒嗙兢鎺ㄩ€?| P0 | 鍚庣4d+鍓嶇3d | 绮惧噯瑙﹁揪锛岃繍钀ユ晥鐜囨彁鍗?|,棰勪及宸ヤ綔閲?应满足：鍚庣4d+鍓嶇3d,,267,gb18030->utf8 x1,NO,MANUAL_REVIEW,至少一个受影响字段无法整字段安全转换，或完整源行不可读/不可定位，或存在复合断言
REQ-CF-02753,core-finance,docs/PRD-运营增长模块.md,source_section;source_quote;atomic_assertion,8.5 运营增长模块总览,| 鐢ㄦ埛鍒嗙兢鎺ㄩ€?| P0 | 鍚庣4d+鍓嶇3d | 绮惧噯瑙﹁揪锛岃繍钀ユ晥鐜囨彁鍗?|,鏍稿績浠峰€?应满足：绮惧噯瑙﹁揪锛岃繍钀ユ晥鐜囨彁鍗?,,267,gb18030->utf8 x1,NO,MANUAL_REVIEW,至少一个受影响字段无法整字段安全转换，或完整源行不可读/不可定位，或存在复合断言
REQ-CF-02754,core-finance,docs/PRD-运营增长模块.md,source_section;source_quote;atomic_assertion,8.5 运营增长模块总览,| 鑷姩鍖栨祦澶卞彫鍥?| P0 | 鍚庣3d+鍓嶇2d | 鍙洖鐜?5%+锛岄檷浣庢祦澶?|,妯″潡应满足：鑷姩鍖栨祦澶卞彫鍥?,,267,gb18030->utf8 x1,NO,MANUAL_REVIEW,至少一个受影响字段无法整字段安全转换，或完整源行不可读/不可定位，或存在复合断言
REQ-CF-02757,core-finance,docs/PRD-运营增长模块.md,source_section;source_quote;atomic_assertion,8.5 运营增长模块总览,| 鑷姩鍖栨祦澶卞彫鍥?| P0 | 鍚庣3d+鍓嶇2d | 鍙洖鐜?5%+锛岄檷浣庢祦澶?|,鏍稿績浠峰€?应满足：鍙洖鐜?5%+锛岄檷浣庢祦澶?,,267,gb18030->utf8 x1,NO,MANUAL_REVIEW,至少一个受影响字段无法整字段安全转换，或完整源行不可读/不可定位，或存在复合断言
REQ-CF-02758,core-finance,docs/PRD-运营增长模块.md,source_section;source_quote;atomic_assertion,8.5 运营增长模块总览,### 8.5 运营增长模块总览,**鍚堣**锛氬悗绔?2浜哄ぉ + 鍓嶇9浜哄ぉ = 绾?.5鍛?,267,267,gb18030->utf8 x1,NO,MANUAL_REVIEW,至少一个受影响字段无法整字段安全转换，或完整源行不可读/不可定位，或存在复合断言
REQ-CF-02759,core-finance,docs/PRD-运营增长模块.md,source_section;source_quote;atomic_assertion,8.6 鎺ㄨ崘鐮佽惀閿€绯荤粺,**鍏宠仈**锛氫唬鐞嗗晢鎺ㄨ崘鐮佺鐞?鈫?鍚庡彴钀ラ攢閰嶇疆 鈫?鎺ㄨ崘浣ｉ噾缁撶畻,**鍏宠仈**锛氫唬鐞嗗晢鎺ㄨ崘鐮佺鐞?鈫?鍚庡彴钀ラ攢閰嶇疆 鈫?鎺ㄨ崘浣ｉ噾缁撶畻,,,,NO,MANUAL_REVIEW,至少一个受影响字段无法整字段安全转换，或完整源行不可读/不可定位，或存在复合断言
REQ-CF-02760,core-finance,docs/PRD-运营增长模块.md,source_section;source_quote;atomic_assertion,8.6 鎺ㄨ崘鐮佽惀閿€绯荤粺,**浠ｇ爜宸插疄鐜?*锛歚api/src/services/agent-core/referral.ts`锛堟帹鑽愮爜鐢熸垚涓庤В鏋愶級,**浠ｇ爜宸插疄鐜?*锛歚api/src/services/agent-core/referral.ts`锛堟帹鑽愮爜鐢熸垚涓庤В鏋愶級,,,,NO,MANUAL_REVIEW,至少一个受影响字段无法整字段安全转换，或完整源行不可读/不可定位，或存在复合断言
REQ-CF-02761,core-finance,docs/PRD-运营增长模块.md,source_section;source_quote;atomic_assertion,8.6 鎺ㄨ崘鐮佽惀閿€绯荤粺,**鏂板**锛氬悗鍙拌惀閿€閰嶇疆闈㈡澘 + 鎺ㄨ崘浣ｉ噾缁撶畻,**鏂板**锛氬悗鍙拌惀閿€閰嶇疆闈㈡澘 + 鎺ㄨ崘浣ｉ噾缁撶畻,,,,NO,MANUAL_REVIEW,至少一个受影响字段无法整字段安全转换，或完整源行不可读/不可定位，或存在复合断言
REQ-CF-02762,core-finance,docs/PRD-运营增长模块.md,atomic_assertion,背景,#### 背景,绯荤粺宸插疄鐜颁唬鐞嗗晢鎺ㄨ崘鐮佸姛鑳斤紙Redis 鍙屽悜鏄犲皠 + 鏁版嵁搴撴寔涔呭寲锛夛紝浣嗙己灏戣繍钀ラ厤缃叆鍙ｅ拰鎺ㄨ崘浣ｉ噾缁撶畻閫昏緫銆傞渶瑕佸皢鎺ㄨ崘鐮佺撼鍏ュ畬鏁磋惀閿€閾捐矾锛氳繍钀ラ厤缃帹鑽愯鍒?鈫?浠ｇ悊鐢熸垚鎺ㄥ箍鐮?鈫?鏂扮敤鎴峰～鍐欐帹鑽愮爜 鈫?浠ｇ悊鑾峰緱鎺ㄨ崘鏀剁泭銆?,6;64;125;198;286,6;64;125;198;286,gb18030->utf8 x1,NO,MANUAL_REVIEW,至少一个受影响字段无法整字段安全转换，或完整源行不可读/不可定位，或存在复合断言
REQ-CF-02764,core-finance,docs/PRD-运营增长模块.md,source_quote;atomic_assertion,功能规格,| 杩愯惀绔厤棰濋厤缃?| 涓烘瘡涓唬鐞嗚缃湀鍏戞崲鐮侀厤棰濓紙鏁伴噺 + 闈㈠€硷級锛屾敮鎸佹寜绛夌骇榛樿閰嶉 |,璇存槑应满足：浠ｇ悊鍟嗚嚜鍔ㄧ敓鎴?浣嶆帹鑽愮爜锛屾敮鎸佺鐞嗗憳鎵嬪姩璁剧疆锛堝悗鍙帮級,,10;68;129;202;290,gb18030->utf8 x1,NO,MANUAL_REVIEW,至少一个受影响字段无法整字段安全转换，或完整源行不可读/不可定位，或存在复合断言
REQ-CF-02766,core-finance,docs/PRD-运营增长模块.md,source_quote;atomic_assertion,功能规格,| 鍏戞崲鐮佺粦瀹氫唬鐞?| 鐢熸垚鍏戞崲鐮佹椂缁戝畾 `agent_id`锛岀敤鎴峰厬鎹㈠悗鑷姩寤虹珛浠ｇ悊-鐢ㄦ埛鍏宠仈 |,璇存槑应满足：鎺ㄨ崘鐮佸啓鍏?`agents.referral_code` 瀛楁锛孯edis 缂撳瓨鍔犻€熸煡璇?,,10;68;129;202;290,gb18030->utf8 x1,NO,MANUAL_REVIEW,至少一个受影响字段无法整字段安全转换，或完整源行不可读/不可定位，或存在复合断言
REQ-CF-02768,core-finance,docs/PRD-运营增长模块.md,atomic_assertion,功能规格,| 模块 | 说明 |,璇存槑应满足：绯荤粺鑷姩鏍￠獙鍞竴鎬э紝鎺掗櫎鏄撴贩娣嗗瓧绗?O0Il,12;70;131;204;292,10;68;129;202;290,gb18030->utf8 x1,NO,MANUAL_REVIEW,至少一个受影响字段无法整字段安全转换，或完整源行不可读/不可定位，或存在复合断言
REQ-CF-02770,core-finance,docs/PRD-运营增长模块.md,source_quote;atomic_assertion,功能规格,| 鍏戞崲鐮佺粦瀹氫唬鐞?| 鐢熸垚鍏戞崲鐮佹椂缁戝畾 `agent_id`锛岀敤鎴峰厬鎹㈠悗鑷姩寤虹珛浠ｇ悊-鐢ㄦ埛鍏宠仈 |,璇存槑应满足：閫氳繃鎺ㄨ崘鐮佹煡璇㈠綊灞炰唬鐞嗗晢锛岀敤浜庢敞鍐屾祦绋嬬粦瀹氫唬鐞嗗叧绯?,,10;68;129;202;290,gb18030->utf8 x1,NO,MANUAL_REVIEW,至少一个受影响字段无法整字段安全转换，或完整源行不可读/不可定位，或存在复合断言
REQ-CF-02771,core-finance,docs/PRD-运营增长模块.md,atomic_assertion,功能规格,#### 功能规格,妯″潡应满足：鎺ㄨ崘浣ｉ噾瑙勫垯閰嶇疆,10;68;129;202;290,10;68;129;202;290,gb18030->utf8 x1,NO,MANUAL_REVIEW,至少一个受影响字段无法整字段安全转换，或完整源行不可读/不可定位，或存在复合断言
REQ-CF-02772,core-finance,docs/PRD-运营增长模块.md,source_quote;atomic_assertion,功能规格,| 杩愯惀绔厤棰濋厤缃?| 涓烘瘡涓唬鐞嗚缃湀鍏戞崲鐮侀厤棰濓紙鏁伴噺 + 闈㈠€硷級锛屾敮鎸佹寜绛夌骇榛樿閰嶉 |,璇存槑应满足：鍦?`commission_rules` 涓柊澧?`ruleType='referral'`锛屾敮鎸佸浐瀹氶噾棰?姣斾緥,,10;68;129;202;290,gb18030->utf8 x1,NO,MANUAL_REVIEW,至少一个受影响字段无法整字段安全转换，或完整源行不可读/不可定位，或存在复合断言
REQ-CF-02774,core-finance,docs/PRD-运营增长模块.md,atomic_assertion,功能规格,| 模块 | 说明 |,璇存槑应满足：鏂扮敤鎴锋敞鍐屾椂濉啓鎺ㄨ崘鐮侊紝鑷姩瑙﹀彂 `processReferralCommission` 缁撶畻,12;70;131;204;292,10;68;129;202;290,gb18030->utf8 x1,NO,MANUAL_REVIEW,至少一个受影响字段无法整字段安全转换，或完整源行不可读/不可定位，或存在复合断言
REQ-CF-02775,core-finance,docs/PRD-运营增长模块.md,atomic_assertion,功能规格,#### 功能规格,妯″潡应满足：钀ラ攢閰嶇疆绠＄悊,10;68;129;202;290,10;68;129;202;290,gb18030->utf8 x1,NO,MANUAL_REVIEW,至少一个受影响字段无法整字段安全转换，或完整源行不可读/不可定位，或存在复合断言
REQ-CF-02776,core-finance,docs/PRD-运营增长模块.md,atomic_assertion,功能规格,| 模块 | 说明 |,璇存槑应满足：鍚庡彴绠＄悊绔細鎺ㄨ崘鐮佸惎鐢?绂佺敤銆佹帹鑽愮爜鍒嗛厤銆佹帹鑽愪剑閲戦厤缃?,12;70;131;204;292,10;68;129;202;290,gb18030->utf8 x1,NO,MANUAL_REVIEW,至少一个受影响字段无法整字段安全转换，或完整源行不可读/不可定位，或存在复合断言
REQ-CF-02777,core-finance,docs/PRD-运营增长模块.md,source_quote;atomic_assertion,鏁版嵁琛ㄥ彉鏇?,// agent_redemption_quotas 鈥?浠ｇ悊鍏戞崲鐮侀厤棰?,**agents 琛ㄦ柊澧炲瓧娈?*锛堝凡娣诲姞锛夛細,,20;78;139;214;302,,NO,MANUAL_REVIEW,至少一个受影响字段无法整字段安全转换，或完整源行不可读/不可定位，或存在复合断言
REQ-CF-02778,core-finance,docs/PRD-运营增长模块.md,atomic_assertion,鏁版嵁琛ㄥ彉鏇?,"agentId: integer(""agent_id"").notNull().references(() => users.id),",**commission_rules 琛ㄦ柊澧?ruleType锛歚referral`**锛?,26,20;78;139;214;302,,NO,MANUAL_REVIEW,至少一个受影响字段无法整字段安全转换，或完整源行不可读/不可定位，或存在复合断言
REQ-CF-02779,core-finance,docs/PRD-运营增长模块.md,atomic_assertion,鏁版嵁琛ㄥ彉鏇?,"export const agentRedemptionQuotas = pgTable(""agent_redemption_quotas"", {",**system_configs 鏂板钀ラ攢閰嶇疆椤?*锛?,24,20;78;139;214;302,,NO,MANUAL_REVIEW,至少一个受影响字段无法整字段安全转换，或完整源行不可读/不可定位，或存在复合断言
REQ-CF-02782,core-finance,docs/PRD-运营增长模块.md,atomic_assertion,鏁版嵁琛ㄥ彉鏇?,#### 鏁版嵁琛ㄥ彉鏇?,璇存槑应满足：鎺ㄨ崘鐮佸姛鑳藉叏灞€寮€鍏?,20;78;139;214;302,20;78;139;214;302,,NO,MANUAL_REVIEW,至少一个受影响字段无法整字段安全转换，或完整源行不可读/不可定位，或存在复合断言
REQ-CF-02788,core-finance,docs/PRD-运营增长模块.md,atomic_assertion,鏁版嵁琛ㄥ彉鏇?,#### 鏁版嵁琛ㄥ彉鏇?,璇存槑应满足：鍥哄畾鎺ㄨ崘浣ｉ噾锛堝厓锛?,20;78;139;214;302,20;78;139;214;302,,NO,MANUAL_REVIEW,至少一个受影响字段无法整字段安全转换，或完整源行不可读/不可定位，或存在复合断言
REQ-CF-02791,core-finance,docs/PRD-运营增长模块.md,atomic_assertion,鏁版嵁琛ㄥ彉鏇?,#### 鏁版嵁琛ㄥ彉鏇?,璇存槑应满足：姣斾緥浣ｉ噾锛堟柊鐢ㄦ埛棣栧厖閲戦鐨勭櫨鍒嗘瘮锛?,20;78;139;214;302,20;78;139;214;302,,NO,MANUAL_REVIEW,至少一个受影响字段无法整字段安全转换，或完整源行不可读/不可定位，或存在复合断言
REQ-CF-02799,core-finance,docs/PRD-运营增长模块.md,source_section;source_quote;atomic_assertion,API 接口,| `POST` | `/api/v1/agent/redemption-codes/request` | 浠ｇ悊鐢宠鍏戞崲鐮?| agent 浠ヤ笂 |,璺緞应满足：`/api/v1/agent/referral-code`,,39;101;172;247;329,gb18030->utf8 x1,NO,MANUAL_REVIEW,至少一个受影响字段无法整字段安全转换，或完整源行不可读/不可定位，或存在复合断言
REQ-CF-02800,core-finance,docs/PRD-运营增长模块.md,source_section;source_quote;atomic_assertion,API 接口,| 方法 | 路径 | 说明 | 权限 |,璇存槑应满足：鑾峰彇/鐢熸垚鎴戠殑鎺ㄨ崘鐮?,41;103;174;249;331,39;101;172;247;329,gb18030->utf8 x1,NO,MANUAL_REVIEW,至少一个受影响字段无法整字段安全转换，或完整源行不可读/不可定位，或存在复合断言
REQ-CF-02801,core-finance,docs/PRD-运营增长模块.md,source_section;source_quote,API 接口,| 方法 | 路径 | 说明 | 权限 |,鏉冮檺应满足：浠ｇ悊鍟?,41;103;174;249;331,39;101;172;247;329,gb18030->utf8 x1,NO,REVIEW_CANDIDATE,所有受影响字段均完成整字段可逆转换，且引用/章节可定位；仍需人工确认
REQ-CF-02803,core-finance,docs/PRD-运营增长模块.md,source_section;source_quote;atomic_assertion,API 接口,| `POST` | `/api/v1/agent/redemption-codes/request` | 浠ｇ悊鐢宠鍏戞崲鐮?| agent 浠ヤ笂 |,璺緞应满足：`/api/v1/agent/referral-code/regenerate`,,39;101;172;247;329,gb18030->utf8 x1,NO,MANUAL_REVIEW,至少一个受影响字段无法整字段安全转换，或完整源行不可读/不可定位，或存在复合断言
REQ-CF-02804,core-finance,docs/PRD-运营增长模块.md,source_section;source_quote,API 接口,| 方法 | 路径 | 说明 | 权限 |,璇存槑应满足：閲嶆柊鐢熸垚鎺ㄨ崘鐮?,41;103;174;249;331,39;101;172;247;329,gb18030->utf8 x1,NO,REVIEW_CANDIDATE,所有受影响字段均完成整字段可逆转换，且引用/章节可定位；仍需人工确认
REQ-CF-02806,core-finance,docs/PRD-运营增长模块.md,source_section;source_quote,API 接口,| 方法 | 路径 | 说明 | 权限 |,鏂规硶应满足：`PUT`,41;103;174;249;331,39;101;172;247;329,gb18030->utf8 x1,NO,REVIEW_CANDIDATE,所有受影响字段均完成整字段可逆转换，且引用/章节可定位；仍需人工确认
REQ-CF-02807,core-finance,docs/PRD-运营增长模块.md,source_section;source_quote;atomic_assertion,API 接口,| `POST` | `/api/v1/admin/agents/:id/redemption-quota` | 璁剧疆浠ｇ悊鍏戞崲鐮侀厤棰?| agent_mgr 浠ヤ笂 |,璺緞应满足：`/api/v1/admin/agents/:id/referral-code`,,39;101;172;247;329,gb18030->utf8 x1,NO,MANUAL_REVIEW,至少一个受影响字段无法整字段安全转换，或完整源行不可读/不可定位，或存在复合断言
REQ-CF-02808,core-finance,docs/PRD-运营增长模块.md,source_section;source_quote;atomic_assertion,API 接口,| 方法 | 路径 | 说明 | 权限 |,璇存槑应满足：绠＄悊鍛樿缃帹鑽愮爜,41;103;174;249;331,39;101;172;247;329,gb18030->utf8 x1,NO,MANUAL_REVIEW,至少一个受影响字段无法整字段安全转换，或完整源行不可读/不可定位，或存在复合断言
REQ-CF-02811,core-finance,docs/PRD-运营增长模块.md,source_section;source_quote;atomic_assertion,API 接口,| `POST` | `/api/v1/admin/agents/:id/redemption-quota` | 璁剧疆浠ｇ悊鍏戞崲鐮侀厤棰?| agent_mgr 浠ヤ笂 |,璺緞应满足：`/api/v1/admin/referral-codes`,,39;101;172;247;329,gb18030->utf8 x1,NO,MANUAL_REVIEW,至少一个受影响字段无法整字段安全转换，或完整源行不可读/不可定位，或存在复合断言
REQ-CF-02812,core-finance,docs/PRD-运营增长模块.md,source_section;source_quote;atomic_assertion,API 接口,| `GET` | `/api/v1/agent/redemption-codes` | 浠ｇ悊鏌ョ湅鍏戞崲鐮佸垪琛?| agent 浠ヤ笂 |,璇存槑应满足：鎵€鏈変唬鐞嗗晢鎺ㄨ崘鐮佸垪琛?,,39;101;172;247;329,gb18030->utf8 x1,NO,MANUAL_REVIEW,至少一个受影响字段无法整字段安全转换，或完整源行不可读/不可定位，或存在复合断言
REQ-CF-02815,core-finance,docs/PRD-运营增长模块.md,source_section;source_quote;atomic_assertion,API 接口,| `POST` | `/api/v1/admin/agents/:id/redemption-quota` | 璁剧疆浠ｇ悊鍏戞崲鐮侀厤棰?| agent_mgr 浠ヤ笂 |,璺緞应满足：`/api/v1/admin/referral-config`,,39;101;172;247;329,gb18030->utf8 x1,NO,MANUAL_REVIEW,至少一个受影响字段无法整字段安全转换，或完整源行不可读/不可定位，或存在复合断言
REQ-CF-02816,core-finance,docs/PRD-运营增长模块.md,source_section;source_quote;atomic_assertion,API 接口,| 方法 | 路径 | 说明 | 权限 |,璇存槑应满足：鑾峰彇鎺ㄨ崘鐮佽惀閿€閰嶇疆,41;103;174;249;331,39;101;172;247;329,gb18030->utf8 x1,NO,MANUAL_REVIEW,至少一个受影响字段无法整字段安全转换，或完整源行不可读/不可定位，或存在复合断言
REQ-CF-02820,core-finance,docs/PRD-运营增长模块.md,source_section;source_quote;atomic_assertion,API 接口,| 方法 | 路径 | 说明 | 权限 |,璇存槑应满足：鏇存柊鎺ㄨ崘鐮佽惀閿€閰嶇疆,41;103;174;249;331,39;101;172;247;329,gb18030->utf8 x1,NO,MANUAL_REVIEW,至少一个受影响字段无法整字段安全转换，或完整源行不可读/不可定位，或存在复合断言
REQ-CF-02823,core-finance,docs/PRD-运营增长模块.md,source_section;source_quote;atomic_assertion,API 接口,| `POST` | `/api/v1/admin/agents/:id/redemption-quota` | 璁剧疆浠ｇ悊鍏戞崲鐮侀厤棰?| agent_mgr 浠ヤ笂 |,璺緞应满足：`/api/v1/auth/register?ref=CODE`,,39;101;172;247;329,gb18030->utf8 x1,NO,MANUAL_REVIEW,至少一个受影响字段无法整字段安全转换，或完整源行不可读/不可定位，或存在复合断言
REQ-CF-02824,core-finance,docs/PRD-运营增长模块.md,source_section;source_quote;atomic_assertion,API 接口,| 方法 | 路径 | 说明 | 权限 |,璇存槑应满足：娉ㄥ唽鏃舵惡甯︽帹鑽愮爜,41;103;174;249;331,39;101;172;247;329,gb18030->utf8 x1,NO,MANUAL_REVIEW,至少一个受影响字段无法整字段安全转换，或完整源行不可读/不可定位，或存在复合断言
REQ-CF-02825,core-finance,docs/PRD-运营增长模块.md,source_section;source_quote;atomic_assertion,API 接口,| 方法 | 路径 | 说明 | 权限 |,鏉冮檺应满足：鍏紑,41;103;174;249;331,39;101;172;247;329,gb18030->utf8 x1,NO,MANUAL_REVIEW,至少一个受影响字段无法整字段安全转换，或完整源行不可读/不可定位，或存在复合断言
REQ-CF-02827,core-finance,docs/PRD-运营增长模块.md,source_section;source_quote;atomic_assertion,前端变更,"| 浠ｇ悊绔?鈫?鎺у埗鍙?| 鏂板""鎺ㄥ箍鍏戞崲鐮?鍏ュ彛锛屾煡鐪嬮厤棰濆拰宸插彂鏀惧厬鎹㈢爜 |","鍙樻洿应满足：鏂板""鎺ㄥ箍鐮?鍏ュ彛锛屽睍绀烘帹鑽愮爜鍜屾帹骞夸簩缁寸爜",,49;110;183;257;341,gb18030->utf8 x1,NO,MANUAL_REVIEW,至少一个受影响字段无法整字段安全转换，或完整源行不可读/不可定位，或存在复合断言
REQ-CF-02828,core-finance,docs/PRD-运营增长模块.md,source_section;source_quote;atomic_assertion,前端变更,"| 浠ｇ悊绔?鈫?鎺у埗鍙?| 鏂板""鎺ㄥ箍鍏戞崲鐮?鍏ュ彛锛屾煡鐪嬮厤棰濆拰宸插彂鏀惧厬鎹㈢爜 |",椤甸潰应满足：浠ｇ悊绔?鈫?鎺ㄥ箍缁熻,,49;110;183;257;341,gb18030->utf8 x1,NO,MANUAL_REVIEW,至少一个受影响字段无法整字段安全转换，或完整源行不可读/不可定位，或存在复合断言
REQ-CF-02829,core-finance,docs/PRD-运营增长模块.md,source_section;atomic_assertion,前端变更,| 页面 | 变更 |,鍙樻洿应满足：鎺ㄨ崘娉ㄥ唽鐢ㄦ埛鏁?/ 鎺ㄨ崘浣ｉ噾鏀剁泭 / 瓒嬪娍鍥?,51;112;185;259;343,49;110;183;257;341,gb18030->utf8 x1,NO,MANUAL_REVIEW,至少一个受影响字段无法整字段安全转换，或完整源行不可读/不可定位，或存在复合断言
REQ-CF-02830,core-finance,docs/PRD-运营增长模块.md,source_section;source_quote;atomic_assertion,前端变更,"| 绠＄悊鍚庡彴 鈫?浠ｇ悊鍟嗚鎯?| 鏂板""鍏戞崲鐮侀厤棰?鏍囩椤碉紝閰嶇疆鏈堥厤棰濆拰闈㈠€?|",椤甸潰应满足：绠＄悊鍚庡彴 鈫?钀ラ攢閰嶇疆,,49;110;183;257;341,gb18030->utf8 x1,NO,MANUAL_REVIEW,至少一个受影响字段无法整字段安全转换，或完整源行不可读/不可定位，或存在复合断言
REQ-CF-02831,core-finance,docs/PRD-运营增长模块.md,source_section;atomic_assertion,前端变更,| 页面 | 变更 |,"鍙樻洿应满足：鏂板""鎺ㄨ崘鐮佽惀閿€""閰嶇疆椤碉紝寮€鍏?浣ｉ噾/浼樻儬鍒?",51;112;185;259;343,49;110;183;257;341,gb18030->utf8 x1,NO,MANUAL_REVIEW,至少一个受影响字段无法整字段安全转换，或完整源行不可读/不可定位，或存在复合断言
REQ-CF-02832,core-finance,docs/PRD-运营增长模块.md,source_section;source_quote;atomic_assertion,前端变更,"| 绠＄悊鍚庡彴 鈫?浠ｇ悊鍟嗚鎯?| 鏂板""鍏戞崲鐮侀厤棰?鏍囩椤碉紝閰嶇疆鏈堥厤棰濆拰闈㈠€?|",椤甸潰应满足：绠＄悊鍚庡彴 鈫?浠ｇ悊鍟嗙鐞?,,49;110;183;257;341,gb18030->utf8 x1,NO,MANUAL_REVIEW,至少一个受影响字段无法整字段安全转换，或完整源行不可读/不可定位，或存在复合断言
REQ-CF-02833,core-finance,docs/PRD-运营增长模块.md,source_section;source_quote;atomic_assertion,前端变更,"| 绠＄悊鍚庡彴 鈫?浠ｇ悊鍟嗚鎯?| 鏂板""鍏戞崲鐮侀厤棰?鏍囩椤碉紝閰嶇疆鏈堥厤棰濆拰闈㈠€?|",鍙樻洿应满足：浠ｇ悊鍟嗚鎯呴〉鏂板鎺ㄨ崘鐮佸瓧娈碉紙鍙紪杈戯級,,49;110;183;257;341,gb18030->utf8 x1,NO,MANUAL_REVIEW,至少一个受影响字段无法整字段安全转换，或完整源行不可读/不可定位，或存在复合断言
REQ-CF-02834,core-finance,docs/PRD-运营增长模块.md,source_section,前端变更,| 页面 | 变更 |,椤甸潰应满足：娉ㄥ唽椤甸潰,51;112;185;259;343,49;110;183;257;341,gb18030->utf8 x1,NO,REVIEW_CANDIDATE,所有受影响字段均完成整字段可逆转换，且引用/章节可定位；仍需人工确认
REQ-CF-02835,core-finance,docs/PRD-运营增长模块.md,source_section;atomic_assertion,前端变更,| 页面 | 变更 |,"鍙樻洿应满足：鏂板""鎺ㄨ崘鐮?杈撳叆妗嗭紙鍙€夛級",51;112;185;259;343,49;110;183;257;341,gb18030->utf8 x1,NO,MANUAL_REVIEW,至少一个受影响字段无法整字段安全转换，或完整源行不可读/不可定位，或存在复合断言
REQ-CF-02836,core-finance,docs/PRD-运营增长模块.md,source_quote;atomic_assertion,与其他模块的关系,| 搂8.1 浠ｇ悊鍏戞崲鐮侀厤棰?| 鎺ㄨ崘鐮佸拰鍏戞崲鐮佷簰琛ワ細鎺ㄨ崘鐮佺敤浜庢敞鍐屾媺鏂帮紝鍏戞崲鐮佺敤浜庡厖鍊间紭鎯?|,鍏宠仈妯″潡应满足：搂8.1 浠ｇ悊鍏戞崲鐮侀厤棰?,,375,gb18030->utf8 x1,NO,MANUAL_REVIEW,至少一个受影响字段无法整字段安全转换，或完整源行不可读/不可定位，或存在复合断言
REQ-CF-02837,core-finance,docs/PRD-运营增长模块.md,source_quote,与其他模块的关系,| 搂8.1 浠ｇ悊鍏戞崲鐮侀厤棰?| 鎺ㄨ崘鐮佸拰鍏戞崲鐮佷簰琛ワ細鎺ㄨ崘鐮佺敤浜庢敞鍐屾媺鏂帮紝鍏戞崲鐮佺敤浜庡厖鍊间紭鎯?|,璇存槑应满足：鎺ㄨ崘鐮佸拰鍏戞崲鐮佷簰琛ワ細鎺ㄨ崘鐮佺敤浜庢敞鍐屾媺鏂帮紝鍏戞崲鐮佺敤浜庡厖鍊间紭鎯?,,375,gb18030->utf8 x1,NO,MANUAL_REVIEW,至少一个受影响字段无法整字段安全转换，或完整源行不可读/不可定位，或存在复合断言
REQ-CF-02838,core-finance,docs/PRD-运营增长模块.md,source_quote;atomic_assertion,与其他模块的关系,| 搂8.2 鍏呭€兼椿鍔ㄨ嚜鍔ㄨ禒閫?| 鎺ㄨ崘娉ㄥ唽鎴愬姛鍚庯紝鏂扮敤鎴烽鍏呭彲瑙﹀彂鑷姩璧犻€?|,鍏宠仈妯″潡应满足：搂8.2 鍏呭€兼椿鍔ㄨ嚜鍔ㄨ禒閫?,,375,gb18030->utf8 x1,NO,MANUAL_REVIEW,至少一个受影响字段无法整字段安全转换，或完整源行不可读/不可定位，或存在复合断言
REQ-CF-02839,core-finance,docs/PRD-运营增长模块.md,source_quote;atomic_assertion,与其他模块的关系,| 搂8.2 鍏呭€兼椿鍔ㄨ嚜鍔ㄨ禒閫?| 鎺ㄨ崘娉ㄥ唽鎴愬姛鍚庯紝鏂扮敤鎴烽鍏呭彲瑙﹀彂鑷姩璧犻€?|,璇存槑应满足：鎺ㄨ崘娉ㄥ唽鎴愬姛鍚庯紝鏂扮敤鎴烽鍏呭彲瑙﹀彂鑷姩璧犻€?,,375,gb18030->utf8 x1,NO,MANUAL_REVIEW,至少一个受影响字段无法整字段安全转换，或完整源行不可读/不可定位，或存在复合断言
REQ-CF-02840,core-finance,docs/PRD-运营增长模块.md,source_quote;atomic_assertion,与其他模块的关系,| §9 财务模块 | 推荐佣金通过 `commission_logs` 计入代理商待结算佣金 |,鍏宠仈妯″潡应满足：搂9 璐㈠姟妯″潡,381,375,gb18030->utf8 x1,NO,MANUAL_REVIEW,至少一个受影响字段无法整字段安全转换，或完整源行不可读/不可定位，或存在复合断言
REQ-CF-02841,core-finance,docs/PRD-运营增长模块.md,source_quote;atomic_assertion,与其他模块的关系,| §9 财务模块 | 推荐佣金通过 `commission_logs` 计入代理商待结算佣金 |,璇存槑应满足：鎺ㄨ崘浣ｉ噾閫氳繃 `commission_logs` 璁″叆浠ｇ悊鍟嗗緟缁撶畻浣ｉ噾,381,375,gb18030->utf8 x1,NO,MANUAL_REVIEW,至少一个受影响字段无法整字段安全转换，或完整源行不可读/不可定位，或存在复合断言
REQ-CF-02842,core-finance,docs/PRD-运营增长模块.md,source_quote;atomic_assertion,与其他模块的关系,| 搂19 浠ｇ悊鍟嗘敮鎾?| 浠ｇ悊绔帶鍒跺彴灞曠ず鎺ㄥ箍缁熻鍜屾帹鑽愪剑閲戞敹鐩?|,鍏宠仈妯″潡应满足：搂19 浠ｇ悊鍟嗘敮鎾?,,375,gb18030->utf8 x1,NO,MANUAL_REVIEW,至少一个受影响字段无法整字段安全转换，或完整源行不可读/不可定位，或存在复合断言
REQ-CF-02843,core-finance,docs/PRD-运营增长模块.md,source_quote;atomic_assertion,与其他模块的关系,| 搂19 浠ｇ悊鍟嗘敮鎾?| 浠ｇ悊绔帶鍒跺彴灞曠ず鎺ㄥ箍缁熻鍜屾帹鑽愪剑閲戞敹鐩?|,璇存槑应满足：浠ｇ悊绔帶鍒跺彴灞曠ず鎺ㄥ箍缁熻鍜屾帹鑽愪剑閲戞敹鐩?,,375,gb18030->utf8 x1,NO,MANUAL_REVIEW,至少一个受影响字段无法整字段安全转换，或完整源行不可读/不可定位，或存在复合断言
REQ-CF-02844,core-finance,docs/PRD-运营增长模块.md,source_section;source_quote;atomic_assertion,8.7 运营增长模块总览（更新）,| 浠ｇ悊鍏戞崲鐮侀厤棰濅笌缁戝畾 | P0 | 鍚庣3d+鍓嶇2d | 浠ｇ悊鍟嗗彲閲忓寲鐨勬媺鏂板伐鍏?|,妯″潡应满足：浠ｇ悊鍏戞崲鐮侀厤棰濅笌缁戝畾,,386,gb18030->utf8 x1,NO,MANUAL_REVIEW,至少一个受影响字段无法整字段安全转换，或完整源行不可读/不可定位，或存在复合断言
REQ-CF-02845,core-finance,docs/PRD-运营增长模块.md,source_section;source_quote,8.7 运营增长模块总览（更新）,| 妯″潡 | 浼樺厛绾?| 棰勪及宸ヤ綔閲?| 鏍稿績浠峰€?|,浼樺厛绾?应满足：P0,,386,gb18030->utf8 x1,NO,MANUAL_REVIEW,至少一个受影响字段无法整字段安全转换，或完整源行不可读/不可定位，或存在复合断言
REQ-CF-02846,core-finance,docs/PRD-运营增长模块.md,source_section;source_quote;atomic_assertion,8.7 运营增长模块总览（更新）,| 浠ｇ悊鍏戞崲鐮侀厤棰濅笌缁戝畾 | P0 | 鍚庣3d+鍓嶇2d | 浠ｇ悊鍟嗗彲閲忓寲鐨勬媺鏂板伐鍏?|,棰勪及宸ヤ綔閲?应满足：鍚庣3d+鍓嶇2d,,386,gb18030->utf8 x1,NO,MANUAL_REVIEW,至少一个受影响字段无法整字段安全转换，或完整源行不可读/不可定位，或存在复合断言
REQ-CF-02847,core-finance,docs/PRD-运营增长模块.md,source_section;source_quote;atomic_assertion,8.7 运营增长模块总览（更新）,| 浠ｇ悊鍏戞崲鐮侀厤棰濅笌缁戝畾 | P0 | 鍚庣3d+鍓嶇2d | 浠ｇ悊鍟嗗彲閲忓寲鐨勬媺鏂板伐鍏?|,鏍稿績浠峰€?应满足：浠ｇ悊鍟嗗彲閲忓寲鐨勬媺鏂板伐鍏?,,386,gb18030->utf8 x1,NO,MANUAL_REVIEW,至少一个受影响字段无法整字段安全转换，或完整源行不可读/不可定位，或存在复合断言
REQ-CF-02848,core-finance,docs/PRD-运营增长模块.md,source_section;source_quote;atomic_assertion,8.7 运营增长模块总览（更新）,| 鍏呭€兼椿鍔ㄨ嚜鍔ㄨ禒閫?| P0 | 鍚庣2d+鍓嶇2d | 鎻愬崌鍏呭€艰浆鍖栫巼30%+ |,妯″潡应满足：鍏呭€兼椿鍔ㄨ嚜鍔ㄨ禒閫?,,386,gb18030->utf8 x1,NO,MANUAL_REVIEW,至少一个受影响字段无法整字段安全转换，或完整源行不可读/不可定位，或存在复合断言
REQ-CF-02850,core-finance,docs/PRD-运营增长模块.md,source_section;source_quote;atomic_assertion,8.7 运营增长模块总览（更新）,| 鍏呭€兼椿鍔ㄨ嚜鍔ㄨ禒閫?| P0 | 鍚庣2d+鍓嶇2d | 鎻愬崌鍏呭€艰浆鍖栫巼30%+ |,棰勪及宸ヤ綔閲?应满足：鍚庣2d+鍓嶇2d,,386,gb18030->utf8 x1,NO,MANUAL_REVIEW,至少一个受影响字段无法整字段安全转换，或完整源行不可读/不可定位，或存在复合断言
REQ-CF-02851,core-finance,docs/PRD-运营增长模块.md,source_section;source_quote;atomic_assertion,8.7 运营增长模块总览（更新）,| 鍏呭€兼椿鍔ㄨ嚜鍔ㄨ禒閫?| P0 | 鍚庣2d+鍓嶇2d | 鎻愬崌鍏呭€艰浆鍖栫巼30%+ |,鏍稿績浠峰€?应满足：鎻愬崌鍏呭€艰浆鍖栫巼30%+,,386,gb18030->utf8 x1,NO,MANUAL_REVIEW,至少一个受影响字段无法整字段安全转换，或完整源行不可读/不可定位，或存在复合断言
REQ-CF-02852,core-finance,docs/PRD-运营增长模块.md,source_section;source_quote;atomic_assertion,8.7 运营增长模块总览（更新）,| 鐢ㄦ埛鍒嗙兢鎺ㄩ€?| P0 | 鍚庣4d+鍓嶇3d | 绮惧噯瑙﹁揪锛岃繍钀ユ晥鐜囨彁鍗?|,妯″潡应满足：鐢ㄦ埛鍒嗙兢鎺ㄩ€?,,386,gb18030->utf8 x1,NO,MANUAL_REVIEW,至少一个受影响字段无法整字段安全转换，或完整源行不可读/不可定位，或存在复合断言
REQ-CF-02854,core-finance,docs/PRD-运营增长模块.md,source_section;source_quote;atomic_assertion,8.7 运营增长模块总览（更新）,| 鐢ㄦ埛鍒嗙兢鎺ㄩ€?| P0 | 鍚庣4d+鍓嶇3d | 绮惧噯瑙﹁揪锛岃繍钀ユ晥鐜囨彁鍗?|,棰勪及宸ヤ綔閲?应满足：鍚庣4d+鍓嶇3d,,386,gb18030->utf8 x1,NO,MANUAL_REVIEW,至少一个受影响字段无法整字段安全转换，或完整源行不可读/不可定位，或存在复合断言
REQ-CF-02855,core-finance,docs/PRD-运营增长模块.md,source_section;source_quote;atomic_assertion,8.7 运营增长模块总览（更新）,| 鐢ㄦ埛鍒嗙兢鎺ㄩ€?| P0 | 鍚庣4d+鍓嶇3d | 绮惧噯瑙﹁揪锛岃繍钀ユ晥鐜囨彁鍗?|,鏍稿績浠峰€?应满足：绮惧噯瑙﹁揪锛岃繍钀ユ晥鐜囨彁鍗?,,386,gb18030->utf8 x1,NO,MANUAL_REVIEW,至少一个受影响字段无法整字段安全转换，或完整源行不可读/不可定位，或存在复合断言
REQ-CF-02856,core-finance,docs/PRD-运营增长模块.md,source_section;source_quote;atomic_assertion,8.7 运营增长模块总览（更新）,| 鑷姩鍖栨祦澶卞彫鍥?| P0 | 鍚庣3d+鍓嶇2d | 鍙洖鐜?5%+锛岄檷浣庢祦澶?|,妯″潡应满足：鑷姩鍖栨祦澶卞彫鍥?,,386,gb18030->utf8 x1,NO,MANUAL_REVIEW,至少一个受影响字段无法整字段安全转换，或完整源行不可读/不可定位，或存在复合断言
REQ-CF-02859,core-finance,docs/PRD-运营增长模块.md,source_section;source_quote;atomic_assertion,8.7 运营增长模块总览（更新）,| 鑷姩鍖栨祦澶卞彫鍥?| P0 | 鍚庣3d+鍓嶇2d | 鍙洖鐜?5%+锛岄檷浣庢祦澶?|,鏍稿績浠峰€?应满足：鍙洖鐜?5%+锛岄檷浣庢祦澶?,,386,gb18030->utf8 x1,NO,MANUAL_REVIEW,至少一个受影响字段无法整字段安全转换，或完整源行不可读/不可定位，或存在复合断言
REQ-CF-02860,core-finance,docs/PRD-运营增长模块.md,source_section;source_quote;atomic_assertion,8.7 运营增长模块总览（更新）,| **鎺ㄨ崘鐮佽惀閿€绯荤粺** | **P0** | **鍚庣2d+鍓嶇2d** | **浠ｇ悊鍟嗘媺鏂板彲杩芥函锛屾帹鑽愪剑閲戞縺鍔?* |,妯″潡应满足：**鎺ㄨ崘鐮佽惀閿€绯荤粺**,,386,gb18030->utf8 x1,NO,MANUAL_REVIEW,至少一个受影响字段无法整字段安全转换，或完整源行不可读/不可定位，或存在复合断言
REQ-CF-02861,core-finance,docs/PRD-运营增长模块.md,source_section;source_quote,8.7 运营增长模块总览（更新）,| 妯″潡 | 浼樺厛绾?| 棰勪及宸ヤ綔閲?| 鏍稿績浠峰€?|,浼樺厛绾?应满足：**P0**,,386,gb18030->utf8 x1,NO,MANUAL_REVIEW,至少一个受影响字段无法整字段安全转换，或完整源行不可读/不可定位，或存在复合断言
REQ-CF-02862,core-finance,docs/PRD-运营增长模块.md,source_section;source_quote;atomic_assertion,8.7 运营增长模块总览（更新）,| 鍏呭€兼椿鍔ㄨ嚜鍔ㄨ禒閫?| P0 | 鍚庣2d+鍓嶇2d | 鎻愬崌鍏呭€艰浆鍖栫巼30%+ |,棰勪及宸ヤ綔閲?应满足：**鍚庣2d+鍓嶇2d**,,386,gb18030->utf8 x1,NO,MANUAL_REVIEW,至少一个受影响字段无法整字段安全转换，或完整源行不可读/不可定位，或存在复合断言
REQ-CF-02863,core-finance,docs/PRD-运营增长模块.md,source_section;source_quote;atomic_assertion,8.7 运营增长模块总览（更新）,| **鎺ㄨ崘鐮佽惀閿€绯荤粺** | **P0** | **鍚庣2d+鍓嶇2d** | **浠ｇ悊鍟嗘媺鏂板彲杩芥函锛屾帹鑽愪剑閲戞縺鍔?* |,鏍稿績浠峰€?应满足：**浠ｇ悊鍟嗘媺鏂板彲杩芥函锛屾帹鑽愪剑閲戞縺鍔?*,,386,gb18030->utf8 x1,NO,MANUAL_REVIEW,至少一个受影响字段无法整字段安全转换，或完整源行不可读/不可定位，或存在复合断言
REQ-CF-02864,core-finance,docs/PRD-运营增长模块.md,source_section;source_quote;atomic_assertion,8.7 运营增长模块总览（更新）,### 8.7 运营增长模块总览（更新）,**鍚堣**锛氬悗绔?4浜哄ぉ + 鍓嶇11浜哄ぉ = 绾?鍛?,386,386,gb18030->utf8 x1,NO,MANUAL_REVIEW,至少一个受影响字段无法整字段安全转换，或完整源行不可读/不可定位，或存在复合断言
REQ-ADMINPORTAL-00001,admin-portal,docs/PRD-管理后台.md,source_section;source_quote,4.1 总览看板 `/admin`,### 4.1 总览看板 `/admin`,需求规定：**鏍稿績鎸囨爣鍖哄煙**,2,2,gb18030->utf8 x1,NO,REVIEW_CANDIDATE,所有受影响字段均完成整字段可逆转换，且引用/章节可定位；仍需人工确认
REQ-ADMINPORTAL-00002,admin-portal,docs/PRD-管理后台.md,source_section;source_quote;atomic_assertion,4.1 总览看板 `/admin`,### 4.1 总览看板 `/admin`,需求规定：鎸囨爣鍗?| 鏁版嵁婧?| 鏇存柊棰戠巼 | 灞曠ず鏍煎紡,2,2,gb18030->utf8 x1,NO,MANUAL_REVIEW,至少一个受影响字段无法整字段安全转换，或完整源行不可读/不可定位，或存在复合断言
REQ-ADMINPORTAL-00003,admin-portal,docs/PRD-管理后台.md,source_section;source_quote;atomic_assertion,4.1 总览看板 `/admin`,### 4.1 总览看板 `/admin`,"需求规定：浠婃棩鏀跺叆 | `consumption_logs` 褰撴棩 | 瀹炴椂锛?0 绉掞級| 楼1,234.50 鈫?2%",2,2,gb18030->utf8 x1,NO,MANUAL_REVIEW,至少一个受影响字段无法整字段安全转换，或完整源行不可读/不可定位，或存在复合断言
REQ-ADMINPORTAL-00004,admin-portal,docs/PRD-管理后台.md,source_section;source_quote;atomic_assertion,4.1 总览看板 `/admin`,### 4.1 总览看板 `/admin`,需求规定：鏂板鐢ㄦ埛鏁?| `users` 褰撴棩娉ㄥ唽 | 1 鍒嗛挓 | 56 浜?鈫?%,2,2,gb18030->utf8 x1,NO,MANUAL_REVIEW,至少一个受影响字段无法整字段安全转换，或完整源行不可读/不可定位，或存在复合断言
REQ-ADMINPORTAL-00005,admin-portal,docs/PRD-管理后台.md,source_section;source_quote;atomic_assertion,4.1 总览看板 `/admin`,### 4.1 总览看板 `/admin`,"需求规定：API 鎬昏皟鐢ㄩ噺 | `call_logs` 褰撴棩 | 瀹炴椂锛?0 绉掞級| 123,456 鈫?%",2,2,gb18030->utf8 x1,NO,MANUAL_REVIEW,至少一个受影响字段无法整字段安全转换，或完整源行不可读/不可定位，或存在复合断言
REQ-ADMINPORTAL-00006,admin-portal,docs/PRD-管理后台.md,source_section;source_quote;atomic_assertion,4.1 总览看板 `/admin`,### 4.1 总览看板 `/admin`,需求规定：澶辫触鐜?| (澶辫触/鎬绘暟)脳100 | 瀹炴椂锛?0 绉掞級| 2.3% 馃煝,2,2,gb18030->utf8 x1,NO,MANUAL_REVIEW,至少一个受影响字段无法整字段安全转换，或完整源行不可读/不可定位，或存在复合断言
REQ-ADMINPORTAL-00007,admin-portal,docs/PRD-管理后台.md,source_section;source_quote;atomic_assertion,4.1 总览看板 `/admin`,### 4.1 总览看板 `/admin`,需求规定：鍦ㄧ嚎鐢ㄦ埛 | WebSocket 杩炴帴鏁?| 瀹炴椂锛? 绉掞級| 234 浜?,2,2,gb18030->utf8 x1,NO,MANUAL_REVIEW,至少一个受影响字段无法整字段安全转换，或完整源行不可读/不可定位，或存在复合断言
REQ-ADMINPORTAL-00008,admin-portal,docs/PRD-管理后台.md,source_section;source_quote;atomic_assertion,4.1 总览看板 `/admin`,### 4.1 总览看板 `/admin`,"需求规定：鏈湀姣涘埄娑?| 鏀跺叆 - 渚涘簲鍟嗘垚鏈?| 1 灏忔椂 | 楼12,345.60",2,2,gb18030->utf8 x1,NO,MANUAL_REVIEW,至少一个受影响字段无法整字段安全转换，或完整源行不可读/不可定位，或存在复合断言
REQ-ADMINPORTAL-00009,admin-portal,docs/PRD-管理后台.md,source_section;source_quote,4.1 总览看板 `/admin`,### 4.1 总览看板 `/admin`,需求规定：姣涘埄鐜?| (姣涘埄娑?鏀跺叆)脳100 | 1 灏忔椂 | 25.6%,2,2,gb18030->utf8 x1,NO,REVIEW_CANDIDATE,所有受影响字段均完成整字段可逆转换，且引用/章节可定位；仍需人工确认
REQ-ADMINPORTAL-00010,admin-portal,docs/PRD-管理后台.md,source_section;source_quote;atomic_assertion,4.1 总览看板 `/admin`,### 4.1 总览看板 `/admin`,需求规定：**寮傚父鎸囨爣鑷姩楂樹寒**,2,2,gb18030->utf8 x1,NO,MANUAL_REVIEW,至少一个受影响字段无法整字段安全转换，或完整源行不可读/不可定位，或存在复合断言
REQ-ADMINPORTAL-00011,admin-portal,docs/PRD-管理后台.md,source_section;source_quote,4.1 总览看板 `/admin`,### 4.1 总览看板 `/admin`,需求规定：**寰呭姙闃熷垪**,2,2,gb18030->utf8 x1,NO,REVIEW_CANDIDATE,所有受影响字段均完成整字段可逆转换，且引用/章节可定位；仍需人工确认
REQ-ADMINPORTAL-00012,admin-portal,docs/PRD-管理后台.md,source_section;source_quote,4.1 总览看板 `/admin`,### 4.1 总览看板 `/admin`,需求规定：绫诲瀷 | 鏁版嵁婧?| 灞曠ず鏂瑰紡,2,2,gb18030->utf8 x1,NO,REVIEW_CANDIDATE,所有受影响字段均完成整字段可逆转换，且引用/章节可定位；仍需人工确认
REQ-ADMINPORTAL-00013,admin-portal,docs/PRD-管理后台.md,source_section;source_quote;atomic_assertion,4.1 总览看板 `/admin`,### 4.1 总览看板 `/admin`,需求规定：寰呭鏍稿疄鍚?| `real_name_reviews` status=pending | 鏁板瓧寰界珷锛岀偣鍑昏烦杞?,2,2,gb18030->utf8 x1,NO,MANUAL_REVIEW,至少一个受影响字段无法整字段安全转换，或完整源行不可读/不可定位，或存在复合断言
REQ-ADMINPORTAL-00014,admin-portal,docs/PRD-管理后台.md,source_section;source_quote;atomic_assertion,4.1 总览看板 `/admin`,### 4.1 总览看板 `/admin`,需求规定：寰呭鏍告彁鐜?| `agent_withdraws` status=pending | 鏁板瓧寰界珷 + 鎬婚噾棰?,2,2,gb18030->utf8 x1,NO,MANUAL_REVIEW,至少一个受影响字段无法整字段安全转换，或完整源行不可读/不可定位，或存在复合断言
REQ-ADMINPORTAL-00015,admin-portal,docs/PRD-管理后台.md,source_section;source_quote;atomic_assertion,4.1 总览看板 `/admin`,### 4.1 总览看板 `/admin`,需求规定：寰呭鐞嗗憡璀?| `security_events` status鈮爎esolved | 鎸変弗閲嶇瓑绾у垎鑹?,2,2,gb18030->utf8 x1,NO,MANUAL_REVIEW,至少一个受影响字段无法整字段安全转换，或完整源行不可读/不可定位，或存在复合断言
REQ-ADMINPORTAL-00016,admin-portal,docs/PRD-管理后台.md,source_section;source_quote,4.1 总览看板 `/admin`,### 4.1 总览看板 `/admin`,需求规定：寰呯‘璁ょ粨绠?| `agent_settlement` status=pending | 鏁板瓧寰界珷,2,2,gb18030->utf8 x1,NO,REVIEW_CANDIDATE,所有受影响字段均完成整字段可逆转换，且引用/章节可定位；仍需人工确认
REQ-ADMINPORTAL-00017,admin-portal,docs/PRD-管理后台.md,source_section;source_quote,4.1 总览看板 `/admin`,### 4.1 总览看板 `/admin`,需求规定：寰呮帹閫佸叕鍛?| `announcements` scheduled_at <= now | 鏁板瓧寰界珷,2,2,gb18030->utf8 x1,NO,REVIEW_CANDIDATE,所有受影响字段均完成整字段可逆转换，且引用/章节可定位；仍需人工确认
REQ-ADMINPORTAL-00018,admin-portal,docs/PRD-管理后台.md,source_section;source_quote;atomic_assertion,4.1 总览看板 `/admin`,### 4.1 总览看板 `/admin`,需求规定：**鏈€杩戞椿鍔ㄦ祦**,2,2,gb18030->utf8 x1,NO,MANUAL_REVIEW,至少一个受影响字段无法整字段安全转换，或完整源行不可读/不可定位，或存在复合断言
REQ-ADMINPORTAL-00019,admin-portal,docs/PRD-管理后台.md,source_section;source_quote,鐢ㄦ埛鍒楄〃锛堝惈鎵归噺鎿嶄綔锛?,#### 鐢ㄦ埛鍒楄〃锛堝惈鎵归噺鎿嶄綔锛?,需求规定：**琛ㄦ牸鍒?*,,,,NO,MANUAL_REVIEW,至少一个受影响字段无法整字段安全转换，或完整源行不可读/不可定位，或存在复合断言
REQ-ADMINPORTAL-00020,admin-portal,docs/PRD-管理后台.md,source_section;source_quote;atomic_assertion,鐢ㄦ埛鍒楄〃锛堝惈鎵归噺鎿嶄綔锛?,#### 鐢ㄦ埛鍒楄〃锛堝惈鎵归噺鎿嶄綔锛?,需求规定：鍒?| 璇存槑 | 鎺掑簭,,,,NO,MANUAL_REVIEW,至少一个受影响字段无法整字段安全转换，或完整源行不可读/不可定位，或存在复合断言
REQ-ADMINPORTAL-00021,admin-portal,docs/PRD-管理后台.md,source_section;source_quote,鐢ㄦ埛鍒楄〃锛堝惈鎵归噺鎿嶄綔锛?,#### 鐢ㄦ埛鍒楄〃锛堝惈鎵归噺鎿嶄綔锛?,需求规定：ID | `u_xxxxx` | 鉁?,,,,NO,MANUAL_REVIEW,至少一个受影响字段无法整字段安全转换，或完整源行不可读/不可定位，或存在复合断言
REQ-ADMINPORTAL-00022,admin-portal,docs/PRD-管理后台.md,source_section;source_quote;atomic_assertion,鐢ㄦ埛鍒楄〃锛堝惈鎵归噺鎿嶄綔锛?,#### 鐢ㄦ埛鍒楄〃锛堝惈鎵归噺鎿嶄綔锛?,需求规定：鏄电О | 鍙偣鍑昏繘鍏ヨ鎯?| 鉁?,,,,NO,MANUAL_REVIEW,至少一个受影响字段无法整字段安全转换，或完整源行不可读/不可定位，或存在复合断言
REQ-ADMINPORTAL-00023,admin-portal,docs/PRD-管理后台.md,source_section;source_quote;atomic_assertion,鐢ㄦ埛鍒楄〃锛堝惈鎵归噺鎿嶄綔锛?,#### 鐢ㄦ埛鍒楄〃锛堝惈鎵归噺鎿嶄綔锛?,需求规定：閭 | 瀹屾暣灞曠ず | 鉁?,,,,NO,MANUAL_REVIEW,至少一个受影响字段无法整字段安全转换，或完整源行不可读/不可定位，或存在复合断言
REQ-ADMINPORTAL-00024,admin-portal,docs/PRD-管理后台.md,source_section;source_quote;atomic_assertion,鐢ㄦ埛鍒楄〃锛堝惈鎵归噺鎿嶄綔锛?,#### 鐢ㄦ埛鍒楄〃锛堝惈鎵归噺鎿嶄綔锛?,需求规定：瑙掕壊 | 鏍囩锛堥鑹叉寜绛夌骇锛墊 鉁?,,,,NO,MANUAL_REVIEW,至少一个受影响字段无法整字段安全转换，或完整源行不可读/不可定位，或存在复合断言
REQ-ADMINPORTAL-00025,admin-portal,docs/PRD-管理后台.md,source_section;source_quote;atomic_assertion,鐢ㄦ埛鍒楄〃锛堝惈鎵归噺鎿嶄綔锛?,#### 鐢ㄦ埛鍒楄〃锛堝惈鎵归噺鎿嶄綔锛?,需求规定：浣欓 | 楼 鏍煎紡 | 鉁?,,,,NO,MANUAL_REVIEW,至少一个受影响字段无法整字段安全转换，或完整源行不可读/不可定位，或存在复合断言
REQ-ADMINPORTAL-00026,admin-portal,docs/PRD-管理后台.md,source_section;source_quote;atomic_assertion,鐢ㄦ埛鍒楄〃锛堝惈鎵归噺鎿嶄綔锛?,#### 鐢ㄦ埛鍒楄〃锛堝惈鎵归噺鎿嶄綔锛?,需求规定：鎬绘秷璐?| 楼 鏍煎紡锛堢疮璁★級| 鉁?,,,,NO,MANUAL_REVIEW,至少一个受影响字段无法整字段安全转换，或完整源行不可读/不可定位，或存在复合断言
REQ-ADMINPORTAL-00027,admin-portal,docs/PRD-管理后台.md,source_section;source_quote,鐢ㄦ埛鍒楄〃锛堝惈鎵归噺鎿嶄綔锛?,#### 鐢ㄦ埛鍒楄〃锛堝惈鎵归噺鎿嶄綔锛?,需求规定：娉ㄥ唽鏃堕棿 | YYYY-MM-DD | 鉁?,,,,NO,MANUAL_REVIEW,至少一个受影响字段无法整字段安全转换，或完整源行不可读/不可定位，或存在复合断言
REQ-ADMINPORTAL-00028,admin-portal,docs/PRD-管理后台.md,source_section;source_quote;atomic_assertion,鐢ㄦ埛鍒楄〃锛堝惈鎵归噺鎿嶄綔锛?,#### 鐢ㄦ埛鍒楄〃锛堝惈鎵归噺鎿嶄綔锛?,需求规定：鏈€鍚庣櫥褰?| YYYY-MM-DD HH:mm | 鉁?,,,,NO,MANUAL_REVIEW,至少一个受影响字段无法整字段安全转换，或完整源行不可读/不可定位，或存在复合断言
REQ-ADMINPORTAL-00029,admin-portal,docs/PRD-管理后台.md,source_section;source_quote,鐢ㄦ埛鍒楄〃锛堝惈鎵归噺鎿嶄綔锛?,#### 鐢ㄦ埛鍒楄〃锛堝惈鎵归噺鎿嶄綔锛?,需求规定：鐘舵€?| 姝ｅ父/绂佺敤/鍐荤粨 涓夎壊 | 鉁?,,,,NO,MANUAL_REVIEW,至少一个受影响字段无法整字段安全转换，或完整源行不可读/不可定位，或存在复合断言
REQ-ADMINPORTAL-00030,admin-portal,docs/PRD-管理后台.md,source_section;source_quote,鐢ㄦ埛鍒楄〃锛堝惈鎵归噺鎿嶄綔锛?,#### 鐢ㄦ埛鍒楄〃锛堝惈鎵归噺鎿嶄綔锛?,需求规定：**鎵归噺鎿嶄綔鏍?*,,,,NO,MANUAL_REVIEW,至少一个受影响字段无法整字段安全转换，或完整源行不可读/不可定位，或存在复合断言
REQ-ADMINPORTAL-00031,admin-portal,docs/PRD-管理后台.md,source_section;source_quote;atomic_assertion,鐢ㄦ埛鍒楄〃锛堝惈鎵归噺鎿嶄綔锛?,#### 鐢ㄦ埛鍒楄〃锛堝惈鎵归噺鎿嶄綔锛?,需求规定：**鐢ㄦ埛璇︽儏鈥斺€斾俊鎭〉**,,,,NO,MANUAL_REVIEW,至少一个受影响字段无法整字段安全转换，或完整源行不可读/不可定位，或存在复合断言
REQ-ADMINPORTAL-00032,admin-portal,docs/PRD-管理后台.md,source_section;source_quote;atomic_assertion,鐢ㄦ埛鍒楄〃锛堝惈鎵归噺鎿嶄綔锛?,#### 鐢ㄦ埛鍒楄〃锛堝惈鎵归噺鎿嶄綔锛?,需求规定：**鐢ㄦ埛璇︽儏鈥斺€擪ey 椤甸潰**,,,,NO,MANUAL_REVIEW,至少一个受影响字段无法整字段安全转换，或完整源行不可读/不可定位，或存在复合断言
REQ-ADMINPORTAL-00033,admin-portal,docs/PRD-管理后台.md,source_section;source_quote;atomic_assertion,鐢ㄦ埛鍒楄〃锛堝惈鎵归噺鎿嶄綔锛?,#### 鐢ㄦ埛鍒楄〃锛堝惈鎵归噺鎿嶄綔锛?,需求规定：- 鍚?2.2.3 Key 鍒楄〃锛屼絾绠＄悊鍛樿瑙掑彲鏌ョ湅 Key 鐨勫畬鏁存槑鏂囷紙闇€纭韬唤锛?,,,,NO,MANUAL_REVIEW,至少一个受影响字段无法整字段安全转换，或完整源行不可读/不可定位，或存在复合断言
REQ-ADMINPORTAL-00034,admin-portal,docs/PRD-管理后台.md,source_section;source_quote;atomic_assertion,鐢ㄦ埛鍒楄〃锛堝惈鎵归噺鎿嶄綔锛?,#### 鐢ㄦ埛鍒楄〃锛堝惈鎵归噺鎿嶄綔锛?,需求规定：- 绠＄悊鍛樺彲浠ｄ负绂佺敤/鍚敤/鍒犻櫎 Key,,,,NO,MANUAL_REVIEW,至少一个受影响字段无法整字段安全转换，或完整源行不可读/不可定位，或存在复合断言
REQ-ADMINPORTAL-00035,admin-portal,docs/PRD-管理后台.md,source_section;source_quote;atomic_assertion,鐢ㄦ埛鍒楄〃锛堝惈鎵归噺鎿嶄綔锛?,#### 鐢ㄦ埛鍒楄〃锛堝惈鎵归噺鎿嶄綔锛?,需求规定：**鐢ㄦ埛璇︽儏鈥斺€旀棩蹇楅〉闈?*,,,,NO,MANUAL_REVIEW,至少一个受影响字段无法整字段安全转换，或完整源行不可读/不可定位，或存在复合断言
REQ-ADMINPORTAL-00036,admin-portal,docs/PRD-管理后台.md,source_section;source_quote;atomic_assertion,鐢ㄦ埛鍒楄〃锛堝惈鎵归噺鎿嶄綔锛?,#### 鐢ㄦ埛鍒楄〃锛堝惈鎵归噺鎿嶄綔锛?,需求规定：- 璇ョ敤鎴风殑璋冪敤鏃ュ織锛堢瓫閫夊ソ鐨勶級,,,,NO,MANUAL_REVIEW,至少一个受影响字段无法整字段安全转换，或完整源行不可读/不可定位，或存在复合断言
REQ-ADMINPORTAL-00037,admin-portal,docs/PRD-管理后台.md,source_section;source_quote;atomic_assertion,鐢ㄦ埛鍒楄〃锛堝惈鎵归噺鎿嶄綔锛?,#### 鐢ㄦ埛鍒楄〃锛堝惈鎵归噺鎿嶄綔锛?,需求规定：- 璇ョ敤鎴风殑鎿嶄綔鏃ュ織锛堝瀵嗙爜淇敼銆並ey 鍒涘缓绛夛級,,,,NO,MANUAL_REVIEW,至少一个受影响字段无法整字段安全转换，或完整源行不可读/不可定位，或存在复合断言
REQ-ADMINPORTAL-00038,admin-portal,docs/PRD-管理后台.md,source_section;source_quote;atomic_assertion,鐢ㄦ埛鍒楄〃锛堝惈鎵归噺鎿嶄綔锛?,#### 鐢ㄦ埛鍒楄〃锛堝惈鎵归噺鎿嶄綔锛?,需求规定：**鐢ㄦ埛璇︽儏鈥斺€斾綑棰濋〉闈?*,,,,NO,MANUAL_REVIEW,至少一个受影响字段无法整字段安全转换，或完整源行不可读/不可定位，或存在复合断言
REQ-ADMINPORTAL-00039,admin-portal,docs/PRD-管理后台.md,source_section;source_quote;atomic_assertion,鐢ㄦ埛鍒楄〃锛堝惈鎵归噺鎿嶄綔锛?,#### 鐢ㄦ埛鍒楄〃锛堝惈鎵归噺鎿嶄綔锛?,需求规定：- 瀹屾暣浣欓鍙樺姩娴佹按锛堝厖鍊?娑堣垂/璋冩暣/鍐荤粨/瑙ｅ喕锛?,,,,NO,MANUAL_REVIEW,至少一个受影响字段无法整字段安全转换，或完整源行不可读/不可定位，或存在复合断言
REQ-ADMINPORTAL-00040,admin-portal,docs/PRD-管理后台.md,source_section;source_quote;atomic_assertion,鐢ㄦ埛鍒楄〃锛堝惈鎵归噺鎿嶄綔锛?,#### 鐢ㄦ埛鍒楄〃锛堝惈鎵归噺鎿嶄綔锛?,需求规定：- 鏀寔鏃堕棿鑼冨洿绛涢€?,,,,NO,MANUAL_REVIEW,至少一个受影响字段无法整字段安全转换，或完整源行不可读/不可定位，或存在复合断言
REQ-ADMINPORTAL-00041,admin-portal,docs/PRD-管理后台.md,source_section;source_quote;atomic_assertion,鐢ㄦ埛鍒楄〃锛堝惈鎵归噺鎿嶄綔锛?,#### 鐢ㄦ埛鍒楄〃锛堝惈鎵归噺鎿嶄綔锛?,需求规定：- 鏀寔瀵煎嚭 CSV,,,,NO,MANUAL_REVIEW,至少一个受影响字段无法整字段安全转换，或完整源行不可读/不可定位，或存在复合断言
REQ-ADMINPORTAL-00042,admin-portal,docs/PRD-管理后台.md,source_section;source_quote,4.3.1 渚涘簲鍟嗙鐞?`/admin/vendors`,#### 4.3.1 渚涘簲鍟嗙鐞?`/admin/vendors`,需求规定：**渚涘簲鍟嗗垪琛?*,,,,NO,MANUAL_REVIEW,至少一个受影响字段无法整字段安全转换，或完整源行不可读/不可定位，或存在复合断言
REQ-ADMINPORTAL-00043,admin-portal,docs/PRD-管理后台.md,source_section;source_quote;atomic_assertion,4.3.1 渚涘簲鍟嗙鐞?`/admin/vendors`,#### 4.3.1 渚涘簲鍟嗙鐞?`/admin/vendors`,需求规定：鍒?| 璇存槑,,,,NO,MANUAL_REVIEW,至少一个受影响字段无法整字段安全转换，或完整源行不可读/不可定位，或存在复合断言
REQ-ADMINPORTAL-00044,admin-portal,docs/PRD-管理后台.md,source_section;source_quote;atomic_assertion,4.3.1 渚涘簲鍟嗙鐞?`/admin/vendors`,#### 4.3.1 渚涘簲鍟嗙鐞?`/admin/vendors`,需求规定：渚涘簲鍟嗗悕 | 鍙偣鍑昏繘鍏ヨ鎯?,,,,NO,MANUAL_REVIEW,至少一个受影响字段无法整字段安全转换，或完整源行不可读/不可定位，或存在复合断言
REQ-ADMINPORTAL-00045,admin-portal,docs/PRD-管理后台.md,source_section;source_quote,4.3.1 渚涘簲鍟嗙鐞?`/admin/vendors`,#### 4.3.1 渚涘簲鍟嗙鐞?`/admin/vendors`,需求规定：Logo | 灞曠ず缂╃暐鍥?,,,,NO,MANUAL_REVIEW,至少一个受影响字段无法整字段安全转换，或完整源行不可读/不可定位，或存在复合断言
REQ-ADMINPORTAL-00046,admin-portal,docs/PRD-管理后台.md,source_section;source_quote;atomic_assertion,4.3.1 渚涘簲鍟嗙鐞?`/admin/vendors`,#### 4.3.1 渚涘簲鍟嗙鐞?`/admin/vendors`,需求规定：API 鍩虹鍦板潃 | `https://api.deepseek.com`,,,,NO,MANUAL_REVIEW,至少一个受影响字段无法整字段安全转换，或完整源行不可读/不可定位，或存在复合断言
REQ-ADMINPORTAL-00047,admin-portal,docs/PRD-管理后台.md,source_section;source_quote;atomic_assertion,4.3.1 渚涘簲鍟嗙鐞?`/admin/vendors`,#### 4.3.1 渚涘簲鍟嗙鐞?`/admin/vendors`,需求规定：鐘舵€?| 鍦ㄧ嚎(馃煝) / 缁存姢(馃煛) / 绂荤嚎(馃敶),,,,NO,MANUAL_REVIEW,至少一个受影响字段无法整字段安全转换，或完整源行不可读/不可定位，或存在复合断言
REQ-ADMINPORTAL-00048,admin-portal,docs/PRD-管理后台.md,source_section;source_quote;atomic_assertion,4.3.1 渚涘簲鍟嗙鐞?`/admin/vendors`,#### 4.3.1 渚涘簲鍟嗙鐞?`/admin/vendors`,需求规定：鍋ュ悍搴?| 鏈€杩?24 灏忔椂鍙敤鐜囩櫨鍒嗘瘮,,,,NO,MANUAL_REVIEW,至少一个受影响字段无法整字段安全转换，或完整源行不可读/不可定位，或存在复合断言
REQ-ADMINPORTAL-00049,admin-portal,docs/PRD-管理后台.md,source_section;source_quote,4.3.1 渚涘簲鍟嗙鐞?`/admin/vendors`,#### 4.3.1 渚涘簲鍟嗙鐞?`/admin/vendors`,需求规定：浠婃棩璋冪敤閲?| 鏁板€?,,,,NO,MANUAL_REVIEW,至少一个受影响字段无法整字段安全转换，或完整源行不可读/不可定位，或存在复合断言
REQ-ADMINPORTAL-00050,admin-portal,docs/PRD-管理后台.md,source_section;source_quote;atomic_assertion,4.3.1 渚涘簲鍟嗙鐞?`/admin/vendors`,#### 4.3.1 渚涘簲鍟嗙鐞?`/admin/vendors`,需求规定：浠婃棩璐圭敤 | 楼 鏍煎紡锛堝钩鍙伴噰璐垚鏈級,,,,NO,MANUAL_REVIEW,至少一个受影响字段无法整字段安全转换，或完整源行不可读/不可定位，或存在复合断言
REQ-ADMINPORTAL-00051,admin-portal,docs/PRD-管理后台.md,source_section;source_quote;atomic_assertion,4.3.1 渚涘簲鍟嗙鐞?`/admin/vendors`,#### 4.3.1 渚涘簲鍟嗙鐞?`/admin/vendors`,需求规定：鎿嶄綔 | [缂栬緫] [鐘舵€佸垏鎹 [娴嬭瘯杩為€氭€,,,,NO,MANUAL_REVIEW,至少一个受影响字段无法整字段安全转换，或完整源行不可读/不可定位，或存在复合断言
REQ-ADMINPORTAL-00052,admin-portal,docs/PRD-管理后台.md,source_section;source_quote;atomic_assertion,4.3.1 渚涘簲鍟嗙鐞?`/admin/vendors`,#### 4.3.1 渚涘簲鍟嗙鐞?`/admin/vendors`,需求规定：**渚涘簲鍟嗚鎯呪€斺€斿熀鏈俊鎭?*,,,,NO,MANUAL_REVIEW,至少一个受影响字段无法整字段安全转换，或完整源行不可读/不可定位，或存在复合断言
REQ-ADMINPORTAL-00053,admin-portal,docs/PRD-管理后台.md,source_section;source_quote;atomic_assertion,4.3.1 渚涘簲鍟嗙鐞?`/admin/vendors`,#### 4.3.1 渚涘簲鍟嗙鐞?`/admin/vendors`,需求规定：**渚涘簲鍟嗚鎯呪€斺€斿仴搴风姸鎬?*,,,,NO,MANUAL_REVIEW,至少一个受影响字段无法整字段安全转换，或完整源行不可读/不可定位，或存在复合断言
REQ-ADMINPORTAL-00054,admin-portal,docs/PRD-管理后台.md,source_section;source_quote,4.3.1 渚涘簲鍟嗙鐞?`/admin/vendors`,#### 4.3.1 渚涘簲鍟嗙鐞?`/admin/vendors`,需求规定：**渚涘簲鍟嗙姸鎬佸垏鎹?*,,,,NO,MANUAL_REVIEW,至少一个受影响字段无法整字段安全转换，或完整源行不可读/不可定位，或存在复合断言
REQ-ADMINPORTAL-00055,admin-portal,docs/PRD-管理后台.md,source_section;source_quote,4.3.1 渚涘簲鍟嗙鐞?`/admin/vendors`,#### 4.3.1 渚涘簲鍟嗙鐞?`/admin/vendors`,需求规定：**鍋ュ悍妫€鏌ラ厤缃?*,,,,NO,MANUAL_REVIEW,至少一个受影响字段无法整字段安全转换，或完整源行不可读/不可定位，或存在复合断言
REQ-ADMINPORTAL-00056,admin-portal,docs/PRD-管理后台.md,source_section;source_quote;atomic_assertion,4.3.1 渚涘簲鍟嗙鐞?`/admin/vendors`,#### 4.3.1 渚涘簲鍟嗙鐞?`/admin/vendors`,需求规定：閰嶇疆椤?| 璇存槑 | 榛樿鍊?,,,,NO,MANUAL_REVIEW,至少一个受影响字段无法整字段安全转换，或完整源行不可读/不可定位，或存在复合断言
REQ-ADMINPORTAL-00057,admin-portal,docs/PRD-管理后台.md,source_section;source_quote;atomic_assertion,4.3.1 渚涘簲鍟嗙鐞?`/admin/vendors`,#### 4.3.1 渚涘簲鍟嗙鐞?`/admin/vendors`,需求规定：妫€鏌ョ鐐?| 渚涘簲鍟嗗仴搴锋鏌?URL | `/health`,,,,NO,MANUAL_REVIEW,至少一个受影响字段无法整字段安全转换，或完整源行不可读/不可定位，或存在复合断言
REQ-ADMINPORTAL-00058,admin-portal,docs/PRD-管理后台.md,source_section;source_quote,4.3.1 渚涘簲鍟嗙鐞?`/admin/vendors`,#### 4.3.1 渚涘簲鍟嗙鐞?`/admin/vendors`,需求规定：HTTP 鏂规硶 | GET / POST | GET,,,,NO,MANUAL_REVIEW,至少一个受影响字段无法整字段安全转换，或完整源行不可读/不可定位，或存在复合断言
REQ-ADMINPORTAL-00059,admin-portal,docs/PRD-管理后台.md,source_section;source_quote;atomic_assertion,4.3.1 渚涘簲鍟嗙鐞?`/admin/vendors`,#### 4.3.1 渚涘簲鍟嗙鐞?`/admin/vendors`,"需求规定：鏈熸湜鍝嶅簲 | 鏈熸湜 HTTP 鐘舵€佺爜鎴栧搷搴斾綋 | `200` 鎴?`{""status"":""ok""}`",,,,NO,MANUAL_REVIEW,至少一个受影响字段无法整字段安全转换，或完整源行不可读/不可定位，或存在复合断言
REQ-ADMINPORTAL-00060,admin-portal,docs/PRD-管理后台.md,source_section;source_quote,4.3.1 渚涘簲鍟嗙鐞?`/admin/vendors`,#### 4.3.1 渚涘簲鍟嗙鐞?`/admin/vendors`,需求规定：妫€鏌ラ棿闅?| 绉?| 30 绉?,,,,NO,MANUAL_REVIEW,至少一个受影响字段无法整字段安全转换，或完整源行不可读/不可定位，或存在复合断言
REQ-ADMINPORTAL-00061,admin-portal,docs/PRD-管理后台.md,source_section;source_quote;atomic_assertion,4.3.1 渚涘簲鍟嗙鐞?`/admin/vendors`,#### 4.3.1 渚涘簲鍟嗙鐞?`/admin/vendors`,需求规定：瓒呮椂鏃堕棿 | 姣 | 5000ms,,,,NO,MANUAL_REVIEW,至少一个受影响字段无法整字段安全转换，或完整源行不可读/不可定位，或存在复合断言
REQ-ADMINPORTAL-00062,admin-portal,docs/PRD-管理后台.md,source_section;source_quote;atomic_assertion,4.3.1 渚涘簲鍟嗙鐞?`/admin/vendors`,#### 4.3.1 渚涘簲鍟嗙鐞?`/admin/vendors`,需求规定：澶辫触闃堝€?| 杩炵画澶辫触娆℃暟杈炬鍊艰Е鍙戝憡璀?| 3 娆?,,,,NO,MANUAL_REVIEW,至少一个受影响字段无法整字段安全转换，或完整源行不可读/不可定位，或存在复合断言
REQ-ADMINPORTAL-00063,admin-portal,docs/PRD-管理后台.md,source_section;source_quote;atomic_assertion,4.3.1 渚涘簲鍟嗙鐞?`/admin/vendors`,#### 4.3.1 渚涘簲鍟嗙鐞?`/admin/vendors`,需求规定：鐔旀柇闃堝€?| 杩炵画澶辫触娆℃暟杈炬鍊艰嚜鍔ㄧ啍鏂?| 10 娆?,,,,NO,MANUAL_REVIEW,至少一个受影响字段无法整字段安全转换，或完整源行不可读/不可定位，或存在复合断言
REQ-ADMINPORTAL-00064,admin-portal,docs/PRD-管理后台.md,source_section;source_quote;atomic_assertion,4.3.2 模型管理 `/admin/models`,#### 4.3.2 模型管理 `/admin/models`,需求规定：**妯″瀷鍒楄〃**,212,212,gb18030->utf8 x1,NO,MANUAL_REVIEW,至少一个受影响字段无法整字段安全转换，或完整源行不可读/不可定位，或存在复合断言
REQ-ADMINPORTAL-00065,admin-portal,docs/PRD-管理后台.md,source_section;source_quote;atomic_assertion,4.3.2 模型管理 `/admin/models`,#### 4.3.2 模型管理 `/admin/models`,需求规定：鍒?| 璇存槑,212,212,gb18030->utf8 x1,NO,MANUAL_REVIEW,至少一个受影响字段无法整字段安全转换，或完整源行不可读/不可定位，或存在复合断言
REQ-ADMINPORTAL-00066,admin-portal,docs/PRD-管理后台.md,source_section;source_quote;atomic_assertion,4.3.2 模型管理 `/admin/models`,#### 4.3.2 模型管理 `/admin/models`,需求规定：妯″瀷鍚?| `deepseek-chat`,212,212,gb18030->utf8 x1,NO,MANUAL_REVIEW,至少一个受影响字段无法整字段安全转换，或完整源行不可读/不可定位，或存在复合断言
REQ-ADMINPORTAL-00067,admin-portal,docs/PRD-管理后台.md,source_section;source_quote,4.3.2 模型管理 `/admin/models`,#### 4.3.2 模型管理 `/admin/models`,需求规定：渚涘簲鍟?| `DeepSeek`,212,212,gb18030->utf8 x1,NO,REVIEW_CANDIDATE,所有受影响字段均完成整字段可逆转换，且引用/章节可定位；仍需人工确认
REQ-ADMINPORTAL-00068,admin-portal,docs/PRD-管理后台.md,source_section;source_quote,4.3.2 模型管理 `/admin/models`,#### 4.3.2 模型管理 `/admin/models`,需求规定：鑳藉姏绫诲瀷 | 鏂囨湰鐢熸垚 / 瀵硅瘽 / 浠ｇ爜 / 鍥惧儚 / 宓屽叆,212,212,gb18030->utf8 x1,NO,REVIEW_CANDIDATE,所有受影响字段均完成整字段可逆转换，且引用/章节可定位；仍需人工确认
REQ-ADMINPORTAL-00069,admin-portal,docs/PRD-管理后台.md,source_section;source_quote;atomic_assertion,4.3.2 模型管理 `/admin/models`,#### 4.3.2 模型管理 `/admin/models`,需求规定：涓婁笅鏂囩獥鍙?| `128K` / `32K`,212,212,gb18030->utf8 x1,NO,MANUAL_REVIEW,至少一个受影响字段无法整字段安全转换，或完整源行不可读/不可定位，或存在复合断言
REQ-ADMINPORTAL-00070,admin-portal,docs/PRD-管理后台.md,source_section;source_quote;atomic_assertion,4.3.2 模型管理 `/admin/models`,#### 4.3.2 模型管理 `/admin/models`,需求规定：鏍囧噯浠锋牸 | 杈撳叆 `楼0.002` / 杈撳嚭 `楼0.008`,212,212,gb18030->utf8 x1,NO,MANUAL_REVIEW,至少一个受影响字段无法整字段安全转换，或完整源行不可读/不可定位，或存在复合断言
REQ-ADMINPORTAL-00071,admin-portal,docs/PRD-管理后台.md,source_section;source_quote;atomic_assertion,4.3.2 模型管理 `/admin/models`,#### 4.3.2 模型管理 `/admin/models`,需求规定：鐘舵€?| 鍙敤 / 宸蹭笅绾?,212,212,gb18030->utf8 x1,NO,MANUAL_REVIEW,至少一个受影响字段无法整字段安全转换，或完整源行不可读/不可定位，或存在复合断言
REQ-ADMINPORTAL-00072,admin-portal,docs/PRD-管理后台.md,source_section;source_quote,4.3.2 模型管理 `/admin/models`,#### 4.3.2 模型管理 `/admin/models`,需求规定：鎿嶄綔 | [缂栬緫] [涓嬬嚎/涓婄嚎],212,212,gb18030->utf8 x1,NO,REVIEW_CANDIDATE,所有受影响字段均完成整字段可逆转换，且引用/章节可定位；仍需人工确认
REQ-ADMINPORTAL-00073,admin-portal,docs/PRD-管理后台.md,source_section;source_quote;atomic_assertion,4.3.2 模型管理 `/admin/models`,#### 4.3.2 模型管理 `/admin/models`,需求规定：**鍒涘缓/缂栬緫妯″瀷**,212,212,gb18030->utf8 x1,NO,MANUAL_REVIEW,至少一个受影响字段无法整字段安全转换，或完整源行不可读/不可定位，或存在复合断言
REQ-ADMINPORTAL-00074,admin-portal,docs/PRD-管理后台.md,source_section;source_quote,4.3.2 模型管理 `/admin/models`,#### 4.3.2 模型管理 `/admin/models`,需求规定：**浠锋牸鍙樻洿鍘嗗彶**,212,212,gb18030->utf8 x1,NO,REVIEW_CANDIDATE,所有受影响字段均完成整字段可逆转换，且引用/章节可定位；仍需人工确认
REQ-ADMINPORTAL-00075,admin-portal,docs/PRD-管理后台.md,source_section;source_quote,4.3.2 模型管理 `/admin/models`,#### 4.3.2 模型管理 `/admin/models`,需求规定：**鎵归噺浠锋牸鍙樻洿**,212,212,gb18030->utf8 x1,NO,REVIEW_CANDIDATE,所有受影响字段均完成整字段可逆转换，且引用/章节可定位；仍需人工确认
REQ-ADMINPORTAL-00076,admin-portal,docs/PRD-管理后台.md,atomic_assertion,4.3.3 渚涘簲鍟?妯″瀷鏄犲皠 `/admin/vendor-models`,#### 4.3.3 渚涘簲鍟?妯″瀷鏄犲皠 `/admin/vendor-models`,需求规定：**鏄犲皠鍒楄〃**,271,271,,NO,MANUAL_REVIEW,至少一个受影响字段无法整字段安全转换，或完整源行不可读/不可定位，或存在复合断言
REQ-ADMINPORTAL-00077,admin-portal,docs/PRD-管理后台.md,atomic_assertion,4.3.3 渚涘簲鍟?妯″瀷鏄犲皠 `/admin/vendor-models`,#### 4.3.3 渚涘簲鍟?妯″瀷鏄犲皠 `/admin/vendor-models`,需求规定：鍒?| 璇存槑,271,271,,NO,MANUAL_REVIEW,至少一个受影响字段无法整字段安全转换，或完整源行不可读/不可定位，或存在复合断言
REQ-ADMINPORTAL-00078,admin-portal,docs/PRD-管理后台.md,atomic_assertion,4.3.3 渚涘簲鍟?妯″瀷鏄犲皠 `/admin/vendor-models`,#### 4.3.3 渚涘簲鍟?妯″瀷鏄犲皠 `/admin/vendor-models`,需求规定：妯″瀷鍚?| 骞冲彴妯″瀷鍚?,271,271,,NO,MANUAL_REVIEW,至少一个受影响字段无法整字段安全转换，或完整源行不可读/不可定位，或存在复合断言
REQ-ADMINPORTAL-00080,admin-portal,docs/PRD-管理后台.md,atomic_assertion,4.3.3 渚涘簲鍟?妯″瀷鏄犲皠 `/admin/vendor-models`,#### 4.3.3 渚涘簲鍟?妯″瀷鏄犲皠 `/admin/vendor-models`,需求规定：涓婃父妯″瀷鍚?| 璇ヤ緵搴斿晢瀵硅繖涓ā鍨嬬殑鍛藉悕,271,271,,NO,MANUAL_REVIEW,至少一个受影响字段无法整字段安全转换，或完整源行不可读/不可定位，或存在复合断言
REQ-ADMINPORTAL-00081,admin-portal,docs/PRD-管理后台.md,atomic_assertion,4.3.3 渚涘簲鍟?妯″瀷鏄犲皠 `/admin/vendor-models`,#### 4.3.3 渚涘簲鍟?妯″瀷鏄犲皠 `/admin/vendor-models`,需求规定：杈撳叆浠锋牸 | 楼/1K tokens锛堝钩鍙伴噰璐环锛墊,271,271,,NO,MANUAL_REVIEW,至少一个受影响字段无法整字段安全转换，或完整源行不可读/不可定位，或存在复合断言
REQ-ADMINPORTAL-00083,admin-portal,docs/PRD-管理后台.md,atomic_assertion,4.3.3 渚涘簲鍟?妯″瀷鏄犲皠 `/admin/vendor-models`,#### 4.3.3 渚涘簲鍟?妯″瀷鏄犲皠 `/admin/vendor-models`,需求规定：鏉冮噸 | 澶氫緵搴斿晢鏃舵祦閲忓垎閰嶆潈閲?,271,271,,NO,MANUAL_REVIEW,至少一个受影响字段无法整字段安全转换，或完整源行不可读/不可定位，或存在复合断言
REQ-ADMINPORTAL-00085,admin-portal,docs/PRD-管理后台.md,atomic_assertion,4.3.3 渚涘簲鍟?妯″瀷鏄犲皠 `/admin/vendor-models`,#### 4.3.3 渚涘簲鍟?妯″瀷鏄犲皠 `/admin/vendor-models`,需求规定：鐘舵€?| 鍙敤/绂佺敤,271,271,,NO,MANUAL_REVIEW,至少一个受影响字段无法整字段安全转换，或完整源行不可读/不可定位，或存在复合断言
REQ-ADMINPORTAL-00086,admin-portal,docs/PRD-管理后台.md,atomic_assertion,4.3.3 渚涘簲鍟?妯″瀷鏄犲皠 `/admin/vendor-models`,#### 4.3.3 渚涘簲鍟?妯″瀷鏄犲皠 `/admin/vendor-models`,需求规定：**鍒涘缓鏄犲皠**,271,271,,NO,MANUAL_REVIEW,至少一个受影响字段无法整字段安全转换，或完整源行不可读/不可定位，或存在复合断言
REQ-ADMINPORTAL-00087,admin-portal,docs/PRD-管理后台.md,atomic_assertion,4.3.3 渚涘簲鍟?妯″瀷鏄犲皠 `/admin/vendor-models`,#### 4.3.3 渚涘簲鍟?妯″瀷鏄犲皠 `/admin/vendor-models`,需求规定：**澶氫緵搴斿晢璺敱閫昏緫**,271,271,,NO,MANUAL_REVIEW,至少一个受影响字段无法整字段安全转换，或完整源行不可读/不可定位，或存在复合断言
REQ-ADMINPORTAL-00088,admin-portal,docs/PRD-管理后台.md,source_section;source_quote;atomic_assertion,4.3.4 Key 璧勬簮姹?`/admin/vendor-key-groups`锛圥2锛?,#### 4.3.4 Key 璧勬簮姹?`/admin/vendor-key-groups`锛圥2锛?,需求规定：**涓轰粈涔堥渶瑕?Key 璧勬簮姹?*,,,,NO,MANUAL_REVIEW,至少一个受影响字段无法整字段安全转换，或完整源行不可读/不可定位，或存在复合断言
REQ-ADMINPORTAL-00089,admin-portal,docs/PRD-管理后台.md,source_section;source_quote;atomic_assertion,4.3.4 Key 璧勬簮姹?`/admin/vendor-key-groups`锛圥2锛?,#### 4.3.4 Key 璧勬簮姹?`/admin/vendor-key-groups`锛圥2锛?,需求规定：- 鏃犳硶绮剧粏鎺у埗鍝釜 Key 鎺ユ敹澶氬皯娴侀噺,,,,NO,MANUAL_REVIEW,至少一个受影响字段无法整字段安全转换，或完整源行不可读/不可定位，或存在复合断言
REQ-ADMINPORTAL-00090,admin-portal,docs/PRD-管理后台.md,source_section;source_quote;atomic_assertion,4.3.4 Key 璧勬簮姹?`/admin/vendor-key-groups`锛圥2锛?,#### 4.3.4 Key 璧勬簮姹?`/admin/vendor-key-groups`锛圥2锛?,需求规定：- 鏌愪釜 Key 寮傚父鏃堕毦浠ュ揩閫熷垏鎹?,,,,NO,MANUAL_REVIEW,至少一个受影响字段无法整字段安全转换，或完整源行不可读/不可定位，或存在复合断言
REQ-ADMINPORTAL-00091,admin-portal,docs/PRD-管理后台.md,source_section;source_quote;atomic_assertion,4.3.4 Key 璧勬簮姹?`/admin/vendor-key-groups`锛圥2锛?,#### 4.3.4 Key 璧勬簮姹?`/admin/vendor-key-groups`锛圥2锛?,需求规定：- 涓嶅悓閲囪喘浠锋牸鐨?Key 鏃犳硶鍖哄垎瀹氫环,,,,NO,MANUAL_REVIEW,至少一个受影响字段无法整字段安全转换，或完整源行不可读/不可定位，或存在复合断言
REQ-ADMINPORTAL-00092,admin-portal,docs/PRD-管理后台.md,source_section;source_quote;atomic_assertion,4.3.4 Key 璧勬簮姹?`/admin/vendor-key-groups`锛圥2锛?,#### 4.3.4 Key 璧勬簮姹?`/admin/vendor-key-groups`锛圥2锛?,需求规定：**璧勬簮姹犲垎缁勮鏍?*,,,,NO,MANUAL_REVIEW,至少一个受影响字段无法整字段安全转换，或完整源行不可读/不可定位，或存在复合断言
REQ-ADMINPORTAL-00093,admin-portal,docs/PRD-管理后台.md,source_section;source_quote;atomic_assertion,4.3.4 Key 璧勬簮姹?`/admin/vendor-key-groups`锛圥2锛?,#### 4.3.4 Key 璧勬簮姹?`/admin/vendor-key-groups`锛圥2锛?,需求规定：瀛楁 | 璇存槑,,,,NO,MANUAL_REVIEW,至少一个受影响字段无法整字段安全转换，或完整源行不可读/不可定位，或存在复合断言
REQ-ADMINPORTAL-00094,admin-portal,docs/PRD-管理后台.md,source_section;source_quote;atomic_assertion,4.3.4 Key 璧勬簮姹?`/admin/vendor-key-groups`锛圥2锛?,#### 4.3.4 Key 璧勬簮姹?`/admin/vendor-key-groups`锛圥2锛?,"需求规定：鍒嗙粍鍚?| 濡?""楂樹紭鍏堢骇缁? / ""鏅€氱粍""",,,,NO,MANUAL_REVIEW,至少一个受影响字段无法整字段安全转换，或完整源行不可读/不可定位，或存在复合断言
REQ-ADMINPORTAL-00095,admin-portal,docs/PRD-管理后台.md,source_section;source_quote;atomic_assertion,4.3.4 Key 璧勬簮姹?`/admin/vendor-key-groups`锛圥2锛?,#### 4.3.4 Key 璧勬簮姹?`/admin/vendor-key-groups`锛圥2锛?,需求规定：鎵€灞炰緵搴斿晢 | 鍏宠仈鍒板叿浣撲緵搴斿晢,,,,NO,MANUAL_REVIEW,至少一个受影响字段无法整字段安全转换，或完整源行不可读/不可定位，或存在复合断言
REQ-ADMINPORTAL-00096,admin-portal,docs/PRD-管理后台.md,source_section;source_quote;atomic_assertion,4.3.4 Key 璧勬簮姹?`/admin/vendor-key-groups`锛圥2锛?,#### 4.3.4 Key 璧勬簮姹?`/admin/vendor-key-groups`锛圥2锛?,需求规定：鏉冮噸 | 鏁翠釜鍒嗙粍鐨勬祦閲忔潈閲?,,,,NO,MANUAL_REVIEW,至少一个受影响字段无法整字段安全转换，或完整源行不可读/不可定位，或存在复合断言
REQ-ADMINPORTAL-00097,admin-portal,docs/PRD-管理后台.md,source_section;source_quote;atomic_assertion,4.3.4 Key 璧勬簮姹?`/admin/vendor-key-groups`锛圥2锛?,#### 4.3.4 Key 璧勬簮姹?`/admin/vendor-key-groups`锛圥2锛?,需求规定：瀹氫环瑕嗙洊 | 鍙嫭绔嬩簬鍏ㄥ眬瀹氫环,,,,NO,MANUAL_REVIEW,至少一个受影响字段无法整字段安全转换，或完整源行不可读/不可定位，或存在复合断言
REQ-ADMINPORTAL-00098,admin-portal,docs/PRD-管理后台.md,source_section;source_quote;atomic_assertion,4.3.4 Key 璧勬簮姹?`/admin/vendor-key-groups`锛圥2锛?,#### 4.3.4 Key 璧勬簮姹?`/admin/vendor-key-groups`锛圥2锛?,需求规定：鐘舵€?| 鍚敤/绂佺敤,,,,NO,MANUAL_REVIEW,至少一个受影响字段无法整字段安全转换，或完整源行不可读/不可定位，或存在复合断言
REQ-ADMINPORTAL-00099,admin-portal,docs/PRD-管理后台.md,source_section;source_quote;atomic_assertion,4.3.4 Key 璧勬簮姹?`/admin/vendor-key-groups`锛圥2锛?,#### 4.3.4 Key 璧勬簮姹?`/admin/vendor-key-groups`锛圥2锛?,需求规定：**鍒嗙粍鍐呯殑 Key 绠＄悊**,,,,NO,MANUAL_REVIEW,至少一个受影响字段无法整字段安全转换，或完整源行不可读/不可定位，或存在复合断言
REQ-ADMINPORTAL-00100,admin-portal,docs/PRD-管理后台.md,source_section;source_quote;atomic_assertion,4.3.4 Key 璧勬簮姹?`/admin/vendor-key-groups`锛圥2锛?,#### 4.3.4 Key 璧勬簮姹?`/admin/vendor-key-groups`锛圥2锛?,需求规定：**鍔犳潈杞绠楁硶**,,,,NO,MANUAL_REVIEW,至少一个受影响字段无法整字段安全转换，或完整源行不可读/不可定位，或存在复合断言
REQ-ADMINPORTAL-00101,admin-portal,docs/PRD-管理后台.md,source_section;source_quote;atomic_assertion,4.3.4 Key 璧勬簮姹?`/admin/vendor-key-groups`锛圥2锛?,#### 4.3.4 Key 璧勬簮姹?`/admin/vendor-key-groups`锛圥2锛?,需求规定：**杩為€氭€ф祴璇?*,,,,NO,MANUAL_REVIEW,至少一个受影响字段无法整字段安全转换，或完整源行不可读/不可定位，或存在复合断言
REQ-ADMINPORTAL-00102,admin-portal,docs/PRD-管理后台.md,source_section;source_quote,4.4.1 财务总览 `/admin/finance`,#### 4.4.1 财务总览 `/admin/finance`,需求规定：**鏀跺叆鍒嗘瀽闈㈡澘**,381,381,gb18030->utf8 x1,NO,REVIEW_CANDIDATE,所有受影响字段均完成整字段可逆转换，且引用/章节可定位；仍需人工确认
REQ-ADMINPORTAL-00103,admin-portal,docs/PRD-管理后台.md,source_section;source_quote;atomic_assertion,4.4.1 财务总览 `/admin/finance`,#### 4.4.1 财务总览 `/admin/finance`,需求规定：**鏀嚭鍒嗘瀽闈㈡澘**,381,381,gb18030->utf8 x1,NO,MANUAL_REVIEW,至少一个受影响字段无法整字段安全转换，或完整源行不可读/不可定位，或存在复合断言
REQ-ADMINPORTAL-00104,admin-portal,docs/PRD-管理后台.md,source_section;source_quote;atomic_assertion,4.4.1 财务总览 `/admin/finance`,#### 4.4.1 财务总览 `/admin/finance`,需求规定：**鍒╂鼎鍒嗘瀽闈㈡澘**锛圥1锛?,381,381,gb18030->utf8 x1,NO,MANUAL_REVIEW,至少一个受影响字段无法整字段安全转换，或完整源行不可读/不可定位，或存在复合断言
REQ-ADMINPORTAL-00105,admin-portal,docs/PRD-管理后台.md,source_section;source_quote;atomic_assertion,4.4.2 鍏呭€艰鍗?`/admin/recharge-orders`,#### 4.4.2 鍏呭€艰鍗?`/admin/recharge-orders`,需求规定：**璁㈠崟鍒楄〃**,,,,NO,MANUAL_REVIEW,至少一个受影响字段无法整字段安全转换，或完整源行不可读/不可定位，或存在复合断言
REQ-ADMINPORTAL-00106,admin-portal,docs/PRD-管理后台.md,source_section;source_quote;atomic_assertion,4.4.2 鍏呭€艰鍗?`/admin/recharge-orders`,#### 4.4.2 鍏呭€艰鍗?`/admin/recharge-orders`,需求规定：鍒?| 璇存槑,,,,NO,MANUAL_REVIEW,至少一个受影响字段无法整字段安全转换，或完整源行不可读/不可定位，或存在复合断言
REQ-ADMINPORTAL-00107,admin-portal,docs/PRD-管理后台.md,source_section;source_quote,4.4.2 鍏呭€艰鍗?`/admin/recharge-orders`,#### 4.4.2 鍏呭€艰鍗?`/admin/recharge-orders`,需求规定：璁㈠崟鍙?| `RCH-20260726-0001`,,,,NO,MANUAL_REVIEW,至少一个受影响字段无法整字段安全转换，或完整源行不可读/不可定位，或存在复合断言
REQ-ADMINPORTAL-00108,admin-portal,docs/PRD-管理后台.md,source_section;source_quote;atomic_assertion,4.4.2 鍏呭€艰鍗?`/admin/recharge-orders`,#### 4.4.2 鍏呭€艰鍗?`/admin/recharge-orders`,需求规定：鐢ㄦ埛 | 鐢ㄦ埛鏄电О锛堝彲鐐瑰嚮杩涘叆鐢ㄦ埛璇︽儏锛墊,,,,NO,MANUAL_REVIEW,至少一个受影响字段无法整字段安全转换，或完整源行不可读/不可定位，或存在复合断言
REQ-ADMINPORTAL-00109,admin-portal,docs/PRD-管理后台.md,source_section;source_quote;atomic_assertion,4.4.2 鍏呭€艰鍗?`/admin/recharge-orders`,#### 4.4.2 鍏呭€艰鍗?`/admin/recharge-orders`,需求规定：閲戦 | 楼100.00,,,,NO,MANUAL_REVIEW,至少一个受影响字段无法整字段安全转换，或完整源行不可读/不可定位，或存在复合断言
REQ-ADMINPORTAL-00110,admin-portal,docs/PRD-管理后台.md,source_section;source_quote;atomic_assertion,4.4.2 鍏呭€艰鍗?`/admin/recharge-orders`,#### 4.4.2 鍏呭€艰鍗?`/admin/recharge-orders`,需求规定：鏀粯鏂瑰紡 | 鏀粯瀹?/ 寰俊 / 瀵瑰叕杞处,,,,NO,MANUAL_REVIEW,至少一个受影响字段无法整字段安全转换，或完整源行不可读/不可定位，或存在复合断言
REQ-ADMINPORTAL-00111,admin-portal,docs/PRD-管理后台.md,source_section;source_quote;atomic_assertion,4.4.2 鍏呭€艰鍗?`/admin/recharge-orders`,#### 4.4.2 鍏呭€艰鍗?`/admin/recharge-orders`,需求规定：鍏呭€兼椂闂?| 2026-07-26 11:35,,,,NO,MANUAL_REVIEW,至少一个受影响字段无法整字段安全转换，或完整源行不可读/不可定位，或存在复合断言
REQ-ADMINPORTAL-00112,admin-portal,docs/PRD-管理后台.md,source_section;source_quote;atomic_assertion,4.4.2 鍏呭€艰鍗?`/admin/recharge-orders`,#### 4.4.2 鍏呭€艰鍗?`/admin/recharge-orders`,需求规定：鐘舵€?| 鎴愬姛 / 澶辫触 / 寰呮敮浠?/ 宸茶繃鏈?/ 寮傚父,,,,NO,MANUAL_REVIEW,至少一个受影响字段无法整字段安全转换，或完整源行不可读/不可定位，或存在复合断言
REQ-ADMINPORTAL-00113,admin-portal,docs/PRD-管理后台.md,source_section;source_quote;atomic_assertion,4.4.2 鍏呭€艰鍗?`/admin/recharge-orders`,#### 4.4.2 鍏呭€艰鍗?`/admin/recharge-orders`,需求规定：鎿嶄綔 | [璇︽儏] [琛ュ崟] [閫€娆綸,,,,NO,MANUAL_REVIEW,至少一个受影响字段无法整字段安全转换，或完整源行不可读/不可定位，或存在复合断言
REQ-ADMINPORTAL-00114,admin-portal,docs/PRD-管理后台.md,source_section;source_quote;atomic_assertion,4.4.2 鍏呭€艰鍗?`/admin/recharge-orders`,#### 4.4.2 鍏呭€艰鍗?`/admin/recharge-orders`,需求规定：**寮傚父璁㈠崟澶勭悊**,,,,NO,MANUAL_REVIEW,至少一个受影响字段无法整字段安全转换，或完整源行不可读/不可定位，或存在复合断言
REQ-ADMINPORTAL-00115,admin-portal,docs/PRD-管理后台.md,source_section;source_quote;atomic_assertion,4.4.3 佣金管理 `/admin/finance/commissions`,#### 4.4.3 佣金管理 `/admin/finance/commissions`,需求规定：**浣ｉ噾瑙勫垯鈥斺€斿叏灞€榛樿**,466,466,gb18030->utf8 x1,NO,MANUAL_REVIEW,至少一个受影响字段无法整字段安全转换，或完整源行不可读/不可定位，或存在复合断言
REQ-ADMINPORTAL-00116,admin-portal,docs/PRD-管理后台.md,source_section;source_quote;atomic_assertion,4.4.3 佣金管理 `/admin/finance/commissions`,#### 4.4.3 佣金管理 `/admin/finance/commissions`,需求规定：瑙勫垯椤?| 榛樿鍊?| 璇存槑,466,466,gb18030->utf8 x1,NO,MANUAL_REVIEW,至少一个受影响字段无法整字段安全转换，或完整源行不可读/不可定位，或存在复合断言
REQ-ADMINPORTAL-00117,admin-portal,docs/PRD-管理后台.md,source_section;source_quote;atomic_assertion,4.4.3 佣金管理 `/admin/finance/commissions`,#### 4.4.3 佣金管理 `/admin/finance/commissions`,需求规定：榛樿浣ｉ噾姣斾緥 | 10% | 鎵€鏈夋柊寤轰唬鐞嗙殑榛樿浣ｉ噾鐜?,466,466,gb18030->utf8 x1,NO,MANUAL_REVIEW,至少一个受影响字段无法整字段安全转换，或完整源行不可读/不可定位，或存在复合断言
REQ-ADMINPORTAL-00118,admin-portal,docs/PRD-管理后台.md,source_section;source_quote;atomic_assertion,4.4.3 佣金管理 `/admin/finance/commissions`,#### 4.4.3 佣金管理 `/admin/finance/commissions`,需求规定：鏈€浣庝剑閲戠巼 | 3% | 涓嶅彲浣庝簬姝ゅ€?,466,466,gb18030->utf8 x1,NO,MANUAL_REVIEW,至少一个受影响字段无法整字段安全转换，或完整源行不可读/不可定位，或存在复合断言
REQ-ADMINPORTAL-00119,admin-portal,docs/PRD-管理后台.md,source_section;source_quote;atomic_assertion,4.4.3 佣金管理 `/admin/finance/commissions`,#### 4.4.3 佣金管理 `/admin/finance/commissions`,需求规定：鏈€楂樹剑閲戠巼 | 30% | 涓嶅彲楂樹簬姝ゅ€?,466,466,gb18030->utf8 x1,NO,MANUAL_REVIEW,至少一个受影响字段无法整字段安全转换，或完整源行不可读/不可定位，或存在复合断言
REQ-ADMINPORTAL-00120,admin-portal,docs/PRD-管理后台.md,source_section;source_quote;atomic_assertion,4.4.3 佣金管理 `/admin/finance/commissions`,#### 4.4.3 佣金管理 `/admin/finance/commissions`,需求规定：浣ｉ噾璁＄畻鍩哄噯 | 鐢ㄦ埛娑堣垂閲戦 | 鍚爣鍑嗕环/娲诲姩浠凤紝涓嶅惈閫€娆?,466,466,gb18030->utf8 x1,NO,MANUAL_REVIEW,至少一个受影响字段无法整字段安全转换，或完整源行不可读/不可定位，或存在复合断言
REQ-ADMINPORTAL-00121,admin-portal,docs/PRD-管理后台.md,source_section;source_quote;atomic_assertion,4.4.3 佣金管理 `/admin/finance/commissions`,#### 4.4.3 佣金管理 `/admin/finance/commissions`,需求规定：**闃舵浣ｉ噾閰嶇疆**,466,466,gb18030->utf8 x1,NO,MANUAL_REVIEW,至少一个受影响字段无法整字段安全转换，或完整源行不可读/不可定位，或存在复合断言
REQ-ADMINPORTAL-00122,admin-portal,docs/PRD-管理后台.md,source_section;source_quote;atomic_assertion,4.4.3 佣金管理 `/admin/finance/commissions`,#### 4.4.3 佣金管理 `/admin/finance/commissions`,需求规定：**浣ｉ噾娴佹按鏌ヨ**,466,466,gb18030->utf8 x1,NO,MANUAL_REVIEW,至少一个受影响字段无法整字段安全转换，或完整源行不可读/不可定位，或存在复合断言
REQ-ADMINPORTAL-00123,admin-portal,docs/PRD-管理后台.md,source_section;source_quote;atomic_assertion,4.4.3 佣金管理 `/admin/finance/commissions`,#### 4.4.3 佣金管理 `/admin/finance/commissions`,需求规定：鍒?| 璇存槑,466,466,gb18030->utf8 x1,NO,MANUAL_REVIEW,至少一个受影响字段无法整字段安全转换，或完整源行不可读/不可定位，或存在复合断言
REQ-ADMINPORTAL-00124,admin-portal,docs/PRD-管理后台.md,source_section;source_quote,4.4.3 佣金管理 `/admin/finance/commissions`,#### 4.4.3 佣金管理 `/admin/finance/commissions`,需求规定：鏃堕棿 | 2026-07-26 11:35,466,466,gb18030->utf8 x1,NO,REVIEW_CANDIDATE,所有受影响字段均完成整字段可逆转换，且引用/章节可定位；仍需人工确认
REQ-ADMINPORTAL-00125,admin-portal,docs/PRD-管理后台.md,source_section;source_quote,4.4.3 佣金管理 `/admin/finance/commissions`,#### 4.4.3 佣金管理 `/admin/finance/commissions`,需求规定：浠ｇ悊 | TechAgent,466,466,gb18030->utf8 x1,NO,REVIEW_CANDIDATE,所有受影响字段均完成整字段可逆转换，且引用/章节可定位；仍需人工确认
REQ-ADMINPORTAL-00126,admin-portal,docs/PRD-管理后台.md,source_section;source_quote;atomic_assertion,4.4.3 佣金管理 `/admin/finance/commissions`,#### 4.4.3 佣金管理 `/admin/finance/commissions`,需求规定：鏉ユ簮鐢ㄦ埛 | user_12345,466,466,gb18030->utf8 x1,NO,MANUAL_REVIEW,至少一个受影响字段无法整字段安全转换，或完整源行不可读/不可定位，或存在复合断言
REQ-ADMINPORTAL-00127,admin-portal,docs/PRD-管理后台.md,source_section;source_quote;atomic_assertion,4.4.3 佣金管理 `/admin/finance/commissions`,#### 4.4.3 佣金管理 `/admin/finance/commissions`,需求规定：娑堣垂閲戦 | 楼100.00,466,466,gb18030->utf8 x1,NO,MANUAL_REVIEW,至少一个受影响字段无法整字段安全转换，或完整源行不可读/不可定位，或存在复合断言
REQ-ADMINPORTAL-00128,admin-portal,docs/PRD-管理后台.md,source_section;source_quote,4.4.3 佣金管理 `/admin/finance/commissions`,#### 4.4.3 佣金管理 `/admin/finance/commissions`,需求规定：浣ｉ噾鐜?| 10%,466,466,gb18030->utf8 x1,NO,REVIEW_CANDIDATE,所有受影响字段均完成整字段可逆转换，且引用/章节可定位；仍需人工确认
REQ-ADMINPORTAL-00129,admin-portal,docs/PRD-管理后台.md,source_section;source_quote;atomic_assertion,4.4.3 佣金管理 `/admin/finance/commissions`,#### 4.4.3 佣金管理 `/admin/finance/commissions`,需求规定：浣ｉ噾閲戦 | 楼10.00,466,466,gb18030->utf8 x1,NO,MANUAL_REVIEW,至少一个受影响字段无法整字段安全转换，或完整源行不可读/不可定位，或存在复合断言
REQ-ADMINPORTAL-00130,admin-portal,docs/PRD-管理后台.md,source_section;source_quote,4.4.3 佣金管理 `/admin/finance/commissions`,#### 4.4.3 佣金管理 `/admin/finance/commissions`,需求规定：缁撶畻鐘舵€?| 宸茬粨绠?/ 寰呯粨绠?,466,466,gb18030->utf8 x1,NO,REVIEW_CANDIDATE,所有受影响字段均完成整字段可逆转换，且引用/章节可定位；仍需人工确认
REQ-ADMINPORTAL-00131,admin-portal,docs/PRD-管理后台.md,source_section;source_quote,4.4.3 佣金管理 `/admin/finance/commissions`,#### 4.4.3 佣金管理 `/admin/finance/commissions`,需求规定：缁撶畻鍛ㄦ湡 | 2026-07,466,466,gb18030->utf8 x1,NO,REVIEW_CANDIDATE,所有受影响字段均完成整字段可逆转换，且引用/章节可定位；仍需人工确认
REQ-ADMINPORTAL-00132,admin-portal,docs/PRD-管理后台.md,atomic_assertion,4.4.4 提现审核 `/admin/withdraws`,#### 4.4.4 提现审核 `/admin/withdraws`,需求规定：**鍙屽娴佺▼璇︾粏鏉?*,506,506,gb18030->utf8 x1,NO,MANUAL_REVIEW,至少一个受影响字段无法整字段安全转换，或完整源行不可读/不可定位，或存在复合断言
REQ-ADMINPORTAL-00133,admin-portal,docs/PRD-管理后台.md,source_section;source_quote;atomic_assertion,4.5.1 活动管理 `/admin/campaigns`,#### 4.5.1 活动管理 `/admin/campaigns`,需求规定：**娲诲姩瀹屾暣鐢熷懡鍛ㄦ湡**,548,548,gb18030->utf8 x1,NO,MANUAL_REVIEW,至少一个受影响字段无法整字段安全转换，或完整源行不可读/不可定位，或存在复合断言
REQ-ADMINPORTAL-00134,admin-portal,docs/PRD-管理后台.md,source_section;source_quote,4.5.1 活动管理 `/admin/campaigns`,#### 4.5.1 活动管理 `/admin/campaigns`,需求规定：**娲诲姩绫诲瀷涓庨厤缃?*,548,548,gb18030->utf8 x1,NO,REVIEW_CANDIDATE,所有受影响字段均完成整字段可逆转换，且引用/章节可定位；仍需人工确认
REQ-ADMINPORTAL-00135,admin-portal,docs/PRD-管理后台.md,source_section;source_quote;atomic_assertion,4.5.1 活动管理 `/admin/campaigns`,#### 4.5.1 活动管理 `/admin/campaigns`,需求规定：绫诲瀷 | 瑙﹀彂鏉′欢 | 濂栧姳 | 閰嶇疆鍙傛暟,548,548,gb18030->utf8 x1,NO,MANUAL_REVIEW,至少一个受影响字段无法整字段安全转换，或完整源行不可读/不可定位，或存在复合断言
REQ-ADMINPORTAL-00136,admin-portal,docs/PRD-管理后台.md,source_section;source_quote;atomic_assertion,4.5.1 活动管理 `/admin/campaigns`,#### 4.5.1 活动管理 `/admin/campaigns`,需求规定：鍏呭€兼弧璧?| 鍏呭€奸噾棰?鈮?闃堝€?| 璧犻€佷綑棰?| 婊?楼500 閫?楼50,548,548,gb18030->utf8 x1,NO,MANUAL_REVIEW,至少一个受影响字段无法整字段安全转换，或完整源行不可读/不可定位，或存在复合断言
REQ-ADMINPORTAL-00137,admin-portal,docs/PRD-管理后台.md,source_section;source_quote;atomic_assertion,4.5.1 活动管理 `/admin/campaigns`,#### 4.5.1 活动管理 `/admin/campaigns`,需求规定：娑堣垂杩斿埄 | 绱娑堣垂 鈮?闃堝€?| 杩旇繕浣欓 | 娑堣垂婊?楼1000 杩?楼30,548,548,gb18030->utf8 x1,NO,MANUAL_REVIEW,至少一个受影响字段无法整字段安全转换，或完整源行不可读/不可定位，或存在复合断言
REQ-ADMINPORTAL-00138,admin-portal,docs/PRD-管理后台.md,source_section;source_quote;atomic_assertion,4.5.1 活动管理 `/admin/campaigns`,#### 4.5.1 活动管理 `/admin/campaigns`,需求规定：鏂板绔嬪噺 | 棣栨鍏呭€?| 鎶樻墸鎴栬禒閫?| 棣栧厖 9 鎶?,548,548,gb18030->utf8 x1,NO,MANUAL_REVIEW,至少一个受影响字段无法整字段安全转换，或完整源行不可读/不可定位，或存在复合断言
REQ-ADMINPORTAL-00139,admin-portal,docs/PRD-管理后台.md,source_section;source_quote;atomic_assertion,4.5.1 活动管理 `/admin/campaigns`,#### 4.5.1 活动管理 `/admin/campaigns`,需求规定：鍏戞崲鐮佹椿鍔?| 杈撳叆鎸囧畾鍏戞崲鐮?| 浣欓/鏉冮檺 | 鍏宠仈鍏戞崲鐮佹睜,548,548,gb18030->utf8 x1,NO,MANUAL_REVIEW,至少一个受影响字段无法整字段安全转换，或完整源行不可读/不可定位，或存在复合断言
REQ-ADMINPORTAL-00140,admin-portal,docs/PRD-管理后台.md,source_section;source_quote;atomic_assertion,4.5.1 活动管理 `/admin/campaigns`,#### 4.5.1 活动管理 `/admin/campaigns`,"需求规定：閭€璇峰鍔?| 閭€璇峰ソ鍙嬫敞鍐屽苟娑堣垂 | 鍙屾柟鑾疯禒 | 閭€璇疯€?楼20, 琚個璇疯€?楼10",548,548,gb18030->utf8 x1,NO,MANUAL_REVIEW,至少一个受影响字段无法整字段安全转换，或完整源行不可读/不可定位，或存在复合断言
REQ-ADMINPORTAL-00141,admin-portal,docs/PRD-管理后台.md,source_section;source_quote;atomic_assertion,4.5.1 活动管理 `/admin/campaigns`,#### 4.5.1 活动管理 `/admin/campaigns`,需求规定：鏃舵鐗规儬 | 鎸囧畾鏃舵璋冪敤鎸囧畾妯″瀷 | 浠锋牸鎶樻墸 | 澶滈棿 deepseek-chat 8 鎶?,548,548,gb18030->utf8 x1,NO,MANUAL_REVIEW,至少一个受影响字段无法整字段安全转换，或完整源行不可读/不可定位，或存在复合断言
REQ-ADMINPORTAL-00142,admin-portal,docs/PRD-管理后台.md,source_section;source_quote;atomic_assertion,4.5.1 活动管理 `/admin/campaigns`,#### 4.5.1 活动管理 `/admin/campaigns`,需求规定：**娲诲姩瑙勫垯閰嶇疆闈㈡澘**,548,548,gb18030->utf8 x1,NO,MANUAL_REVIEW,至少一个受影响字段无法整字段安全转换，或完整源行不可读/不可定位，或存在复合断言
REQ-ADMINPORTAL-00143,admin-portal,docs/PRD-管理后台.md,source_section;source_quote,4.5.1 活动管理 `/admin/campaigns`,#### 4.5.1 活动管理 `/admin/campaigns`,需求规定：**娲诲姩鏁版嵁杩借釜**,548,548,gb18030->utf8 x1,NO,REVIEW_CANDIDATE,所有受影响字段均完成整字段可逆转换，且引用/章节可定位；仍需人工确认
REQ-ADMINPORTAL-00144,admin-portal,docs/PRD-管理后台.md,source_section;source_quote,4.5.1 活动管理 `/admin/campaigns`,#### 4.5.1 活动管理 `/admin/campaigns`,需求规定：鎸囨爣 | 璁＄畻鏂瑰紡,548,548,gb18030->utf8 x1,NO,REVIEW_CANDIDATE,所有受影响字段均完成整字段可逆转换，且引用/章节可定位；仍需人工确认
REQ-ADMINPORTAL-00145,admin-portal,docs/PRD-管理后台.md,source_section;source_quote;atomic_assertion,4.5.1 活动管理 `/admin/campaigns`,#### 4.5.1 活动管理 `/admin/campaigns`,需求规定：鍙備笌鐢ㄦ埛鏁?| 瑙﹀彂娲诲姩鐨勭嫭绔嬬敤鎴锋暟,548,548,gb18030->utf8 x1,NO,MANUAL_REVIEW,至少一个受影响字段无法整字段安全转换，或完整源行不可读/不可定位，或存在复合断言
REQ-ADMINPORTAL-00146,admin-portal,docs/PRD-管理后台.md,source_section;source_quote;atomic_assertion,4.5.1 活动管理 `/admin/campaigns`,#### 4.5.1 活动管理 `/admin/campaigns`,需求规定：鍙戞斁濂栧姳鎬婚 | 宸插彂鏀剧殑濂栧姳浠峰€兼€诲拰,548,548,gb18030->utf8 x1,NO,MANUAL_REVIEW,至少一个受影响字段无法整字段安全转换，或完整源行不可读/不可定位，或存在复合断言
REQ-ADMINPORTAL-00147,admin-portal,docs/PRD-管理后台.md,source_section;source_quote;atomic_assertion,4.5.1 活动管理 `/admin/campaigns`,#### 4.5.1 活动管理 `/admin/campaigns`,需求规定：浣跨敤濂栧姳閲戦 | 鐢ㄦ埛宸叉秷璐圭殑濂栧姳閲戦,548,548,gb18030->utf8 x1,NO,MANUAL_REVIEW,至少一个受影响字段无法整字段安全转换，或完整源行不可读/不可定位，或存在复合断言
REQ-ADMINPORTAL-00148,admin-portal,docs/PRD-管理后台.md,source_section;source_quote;atomic_assertion,4.5.1 活动管理 `/admin/campaigns`,#### 4.5.1 活动管理 `/admin/campaigns`,需求规定：鎷夊姩娑堣垂澧為噺 | 娲诲姩鏈熼棿鐨勬秷璐?- 娲诲姩鍓嶇殑鏃ュ潎娑堣垂 脳 娲诲姩澶╂暟,548,548,gb18030->utf8 x1,NO,MANUAL_REVIEW,至少一个受影响字段无法整字段安全转换，或完整源行不可读/不可定位，或存在复合断言
REQ-ADMINPORTAL-00149,admin-portal,docs/PRD-管理后台.md,source_section;source_quote;atomic_assertion,4.5.1 活动管理 `/admin/campaigns`,#### 4.5.1 活动管理 `/admin/campaigns`,需求规定：ROI | (鎷夊姩娑堣垂澧為噺 - 娲诲姩鎴愭湰) / 娲诲姩鎴愭湰,548,548,gb18030->utf8 x1,NO,MANUAL_REVIEW,至少一个受影响字段无法整字段安全转换，或完整源行不可读/不可定位，或存在复合断言
REQ-ADMINPORTAL-00150,admin-portal,docs/PRD-管理后台.md,source_section;source_quote;atomic_assertion,4.5.1 活动管理 `/admin/campaigns`,#### 4.5.1 活动管理 `/admin/campaigns`,需求规定：姣忔棩瓒嬪娍 | 鍙備笌浜烘暟/鍙戞斁閲戦/鎷夊姩娑堣垂 鐨勬瘡鏃ユ姌绾?,548,548,gb18030->utf8 x1,NO,MANUAL_REVIEW,至少一个受影响字段无法整字段安全转换，或完整源行不可读/不可定位，或存在复合断言
REQ-ADMINPORTAL-00151,admin-portal,docs/PRD-管理后台.md,source_section;source_quote;atomic_assertion,4.5.1 活动管理 `/admin/campaigns`,#### 4.5.1 活动管理 `/admin/campaigns`,需求规定：**娲诲姩鑷姩缁撴潫鏉′欢**,548,548,gb18030->utf8 x1,NO,MANUAL_REVIEW,至少一个受影响字段无法整字段安全转换，或完整源行不可读/不可定位，或存在复合断言
REQ-ADMINPORTAL-00152,admin-portal,docs/PRD-管理后台.md,source_section;source_quote;atomic_assertion,4.5.2 公告管理 `/admin/announcements`,#### 4.5.2 公告管理 `/admin/announcements`,需求规定：**鍏憡缂栬緫闈㈡澘**,612,612,gb18030->utf8 x1,NO,MANUAL_REVIEW,至少一个受影响字段无法整字段安全转换，或完整源行不可读/不可定位，或存在复合断言
REQ-ADMINPORTAL-00153,admin-portal,docs/PRD-管理后台.md,source_section;source_quote;atomic_assertion,4.5.2 公告管理 `/admin/announcements`,#### 4.5.2 公告管理 `/admin/announcements`,需求规定：**宸茶缁熻锛圥1锛?*,612,612,gb18030->utf8 x1,NO,MANUAL_REVIEW,至少一个受影响字段无法整字段安全转换，或完整源行不可读/不可定位，或存在复合断言
REQ-ADMINPORTAL-00154,admin-portal,docs/PRD-管理后台.md,source_section;source_quote;atomic_assertion,4.5.3 鏁忔劅璇嶅簱 `/admin/sensitive-words`锛圥2锛?,#### 4.5.3 鏁忔劅璇嶅簱 `/admin/sensitive-words`锛圥2锛?,需求规定：**璇嶅簱绠＄悊**,,,,NO,MANUAL_REVIEW,至少一个受影响字段无法整字段安全转换，或完整源行不可读/不可定位，或存在复合断言
REQ-ADMINPORTAL-00155,admin-portal,docs/PRD-管理后台.md,source_section;source_quote,4.5.3 鏁忔劅璇嶅簱 `/admin/sensitive-words`锛圥2锛?,#### 4.5.3 鏁忔劅璇嶅簱 `/admin/sensitive-words`锛圥2锛?,需求规定：鍔熻兘 | 鎿嶄綔,,,,NO,MANUAL_REVIEW,至少一个受影响字段无法整字段安全转换，或完整源行不可读/不可定位，或存在复合断言
REQ-ADMINPORTAL-00156,admin-portal,docs/PRD-管理后台.md,source_section;source_quote;atomic_assertion,4.5.3 鏁忔劅璇嶅簱 `/admin/sensitive-words`锛圥2锛?,#### 4.5.3 鏁忔劅璇嶅簱 `/admin/sensitive-words`锛圥2锛?,需求规定：娣诲姞鏁忔劅璇?| 杈撳叆璇?+ 閫夋嫨鍒嗙被锛堣壊鎯?鏀挎不/鏆村姏/骞垮憡/鑷畾涔夛級,,,,NO,MANUAL_REVIEW,至少一个受影响字段无法整字段安全转换，或完整源行不可读/不可定位，或存在复合断言
REQ-ADMINPORTAL-00157,admin-portal,docs/PRD-管理后台.md,source_section;source_quote;atomic_assertion,4.5.3 鏁忔劅璇嶅簱 `/admin/sensitive-words`锛圥2锛?,#### 4.5.3 鏁忔劅璇嶅簱 `/admin/sensitive-words`锛圥2锛?,需求规定：鎵归噺瀵煎叆 | 涓婁紶 TXT锛堥€愯锛? CSV 鏂囦欢,,,,NO,MANUAL_REVIEW,至少一个受影响字段无法整字段安全转换，或完整源行不可读/不可定位，或存在复合断言
REQ-ADMINPORTAL-00158,admin-portal,docs/PRD-管理后台.md,source_section;source_quote,4.5.3 鏁忔劅璇嶅簱 `/admin/sensitive-words`锛圥2锛?,#### 4.5.3 鏁忔劅璇嶅簱 `/admin/sensitive-words`锛圥2锛?,需求规定：瀵煎嚭 | 瀵煎嚭鍏ㄩ儴鏁忔劅璇嶄负 TXT/CSV,,,,NO,MANUAL_REVIEW,至少一个受影响字段无法整字段安全转换，或完整源行不可读/不可定位，或存在复合断言
REQ-ADMINPORTAL-00159,admin-portal,docs/PRD-管理后台.md,source_section;source_quote;atomic_assertion,4.5.3 鏁忔劅璇嶅簱 `/admin/sensitive-words`锛圥2锛?,#### 4.5.3 鏁忔劅璇嶅簱 `/admin/sensitive-words`锛圥2锛?,需求规定：缂栬緫 | 淇敼璇嶅唴瀹瑰拰鍒嗙被,,,,NO,MANUAL_REVIEW,至少一个受影响字段无法整字段安全转换，或完整源行不可读/不可定位，或存在复合断言
REQ-ADMINPORTAL-00160,admin-portal,docs/PRD-管理后台.md,source_section;source_quote,4.5.3 鏁忔劅璇嶅簱 `/admin/sensitive-words`锛圥2锛?,#### 4.5.3 鏁忔劅璇嶅簱 `/admin/sensitive-words`锛圥2锛?,需求规定：鍒犻櫎 | 绉婚櫎鏁忔劅璇?,,,,NO,MANUAL_REVIEW,至少一个受影响字段无法整字段安全转换，或完整源行不可读/不可定位，或存在复合断言
REQ-ADMINPORTAL-00161,admin-portal,docs/PRD-管理后台.md,source_section;source_quote,4.5.3 鏁忔劅璇嶅簱 `/admin/sensitive-words`锛圥2锛?,#### 4.5.3 鏁忔劅璇嶅簱 `/admin/sensitive-words`锛圥2锛?,需求规定：**娴嬭瘯鍔熻兘**,,,,NO,MANUAL_REVIEW,至少一个受影响字段无法整字段安全转换，或完整源行不可读/不可定位，或存在复合断言
REQ-ADMINPORTAL-00162,admin-portal,docs/PRD-管理后台.md,source_section;source_quote;atomic_assertion,4.5.3 鏁忔劅璇嶅簱 `/admin/sensitive-words`锛圥2锛?,#### 4.5.3 鏁忔劅璇嶅簱 `/admin/sensitive-words`锛圥2锛?,需求规定：**鍛戒腑鍔ㄤ綔閰嶇疆**,,,,NO,MANUAL_REVIEW,至少一个受影响字段无法整字段安全转换，或完整源行不可读/不可定位，或存在复合断言
REQ-ADMINPORTAL-00163,admin-portal,docs/PRD-管理后台.md,source_section;source_quote,4.5.3 鏁忔劅璇嶅簱 `/admin/sensitive-words`锛圥2锛?,#### 4.5.3 鏁忔劅璇嶅簱 `/admin/sensitive-words`锛圥2锛?,需求规定：涓ラ噸绾у埆 | 鍛戒腑鍔ㄤ綔 | 璇存槑,,,,NO,MANUAL_REVIEW,至少一个受影响字段无法整字段安全转换，或完整源行不可读/不可定位，或存在复合断言
REQ-ADMINPORTAL-00164,admin-portal,docs/PRD-管理后台.md,source_section;source_quote;atomic_assertion,4.5.3 鏁忔劅璇嶅簱 `/admin/sensitive-words`锛圥2锛?,#### 4.5.3 鏁忔劅璇嶅簱 `/admin/sensitive-words`锛圥2锛?,需求规定：楂?| 鎷︽埅璇锋眰 + 绂佺敤 Key + 閫氱煡绠＄悊鍛?| 鏀挎不/鑹叉儏,,,,NO,MANUAL_REVIEW,至少一个受影响字段无法整字段安全转换，或完整源行不可读/不可定位，或存在复合断言
REQ-ADMINPORTAL-00165,admin-portal,docs/PRD-管理后台.md,source_section;source_quote;atomic_assertion,4.5.3 鏁忔劅璇嶅簱 `/admin/sensitive-words`锛圥2锛?,#### 4.5.3 鏁忔劅璇嶅簱 `/admin/sensitive-words`锛圥2锛?,需求规定：涓?| 鎷︽埅璇锋眰 + 璁板綍瀹¤鏃ュ織 + 閫氱煡绠＄悊鍛?| 鏆村姏/骞垮憡,,,,NO,MANUAL_REVIEW,至少一个受影响字段无法整字段安全转换，或完整源行不可读/不可定位，或存在复合断言
REQ-ADMINPORTAL-00166,admin-portal,docs/PRD-管理后台.md,source_section;source_quote;atomic_assertion,4.5.3 鏁忔劅璇嶅簱 `/admin/sensitive-words`锛圥2锛?,#### 4.5.3 鏁忔劅璇嶅簱 `/admin/sensitive-words`锛圥2锛?,需求规定：浣?| 璁板綍瀹¤鏃ュ織锛堜笉鎷︽埅锛墊 鑷畾涔変綆椋庨櫓璇?,,,,NO,MANUAL_REVIEW,至少一个受影响字段无法整字段安全转换，或完整源行不可读/不可定位，或存在复合断言
REQ-ADMINPORTAL-00167,admin-portal,docs/PRD-管理后台.md,source_section;source_quote;atomic_assertion,4.5.4 閭欢妯℃澘 `/admin/email-templates`锛圥1锛?,#### 4.5.4 閭欢妯℃澘 `/admin/email-templates`锛圥1锛?,需求规定：**妯℃澘鍦烘櫙鍒楄〃**,,,,NO,MANUAL_REVIEW,至少一个受影响字段无法整字段安全转换，或完整源行不可读/不可定位，或存在复合断言
REQ-ADMINPORTAL-00168,admin-portal,docs/PRD-管理后台.md,source_section;source_quote;atomic_assertion,4.5.4 閭欢妯℃澘 `/admin/email-templates`锛圥1锛?,#### 4.5.4 閭欢妯℃澘 `/admin/email-templates`锛圥1锛?,需求规定：鍦烘櫙 | 瑙﹀彂鏉′欢 | 鍙戦€佸璞?| 棰戠巼闄愬埗,,,,NO,MANUAL_REVIEW,至少一个受影响字段无法整字段安全转换，或完整源行不可读/不可定位，或存在复合断言
REQ-ADMINPORTAL-00169,admin-portal,docs/PRD-管理后台.md,source_section;source_quote;atomic_assertion,4.5.4 閭欢妯℃澘 `/admin/email-templates`锛圥1锛?,#### 4.5.4 閭欢妯℃澘 `/admin/email-templates`锛圥1锛?,需求规定：鍏呭€兼垚鍔?| 鍏呭€煎埌璐?| 鍏呭€肩敤鎴?| 姣忔鍏呭€?,,,,NO,MANUAL_REVIEW,至少一个受影响字段无法整字段安全转换，或完整源行不可读/不可定位，或存在复合断言
REQ-ADMINPORTAL-00170,admin-portal,docs/PRD-管理后台.md,source_section;source_quote;atomic_assertion,4.5.4 閭欢妯℃澘 `/admin/email-templates`锛圥1锛?,#### 4.5.4 閭欢妯℃澘 `/admin/email-templates`锛圥1锛?,需求规定：浣欓涓嶈冻 | 浣欓 < 楼10 | 浣欓涓嶈冻鐢ㄦ埛 | 姣忔棩鏈€澶?1 娆?,,,,NO,MANUAL_REVIEW,至少一个受影响字段无法整字段安全转换，或完整源行不可读/不可定位，或存在复合断言
REQ-ADMINPORTAL-00171,admin-portal,docs/PRD-管理后台.md,source_section;source_quote;atomic_assertion,4.5.4 閭欢妯℃澘 `/admin/email-templates`锛圥1锛?,#### 4.5.4 閭欢妯℃澘 `/admin/email-templates`锛圥1锛?,需求规定：Key 杩囨湡鎻愰啋 | 杩囨湡鍓?7/3/1 澶?| Key 鎸佹湁浜?| 姣忎釜 Key 鐙珛,,,,NO,MANUAL_REVIEW,至少一个受影响字段无法整字段安全转换，或完整源行不可读/不可定位，或存在复合断言
REQ-ADMINPORTAL-00172,admin-portal,docs/PRD-管理后台.md,source_section;source_quote;atomic_assertion,4.5.4 閭欢妯℃澘 `/admin/email-templates`锛圥1锛?,#### 4.5.4 閭欢妯℃澘 `/admin/email-templates`锛圥1锛?,需求规定：瀹炲悕瀹℃牳閫氳繃 | 瀹℃牳閫氳繃 | 鐢宠鐢ㄦ埛 | 姣忔瀹℃牳,,,,NO,MANUAL_REVIEW,至少一个受影响字段无法整字段安全转换，或完整源行不可读/不可定位，或存在复合断言
REQ-ADMINPORTAL-00173,admin-portal,docs/PRD-管理后台.md,source_section;source_quote;atomic_assertion,4.5.4 閭欢妯℃澘 `/admin/email-templates`锛圥1锛?,#### 4.5.4 閭欢妯℃澘 `/admin/email-templates`锛圥1锛?,需求规定：瀹炲悕瀹℃牳鎷掔粷 | 瀹℃牳鎷掔粷 | 鐢宠鐢ㄦ埛 | 姣忔瀹℃牳,,,,NO,MANUAL_REVIEW,至少一个受影响字段无法整字段安全转换，或完整源行不可读/不可定位，或存在复合断言
REQ-ADMINPORTAL-00174,admin-portal,docs/PRD-管理后台.md,source_section;source_quote;atomic_assertion,4.5.4 閭欢妯℃澘 `/admin/email-templates`锛圥1锛?,#### 4.5.4 閭欢妯℃澘 `/admin/email-templates`锛圥1锛?,需求规定：鍙戠エ宸插紑 | 鍙戠エ寮€鍏峰畬鎴?| 鐢宠浜?| 姣忔寮€绁?,,,,NO,MANUAL_REVIEW,至少一个受影响字段无法整字段安全转换，或完整源行不可读/不可定位，或存在复合断言
REQ-ADMINPORTAL-00175,admin-portal,docs/PRD-管理后台.md,source_section;source_quote;atomic_assertion,4.5.4 閭欢妯℃澘 `/admin/email-templates`锛圥1锛?,#### 4.5.4 閭欢妯℃澘 `/admin/email-templates`锛圥1锛?,需求规定：鎻愮幇瀹屾垚 | 鎵撴纭 | 鐢宠浠ｇ悊 | 姣忔鎻愮幇,,,,NO,MANUAL_REVIEW,至少一个受影响字段无法整字段安全转换，或完整源行不可读/不可定位，或存在复合断言
REQ-ADMINPORTAL-00176,admin-portal,docs/PRD-管理后台.md,source_section;source_quote;atomic_assertion,4.5.4 閭欢妯℃澘 `/admin/email-templates`锛圥1锛?,#### 4.5.4 閭欢妯℃澘 `/admin/email-templates`锛圥1锛?,需求规定：瀹夊叏鍛婅 | 瀹夊叏浜嬩欢瑙﹀彂 | 瀹夊叏绠＄悊鍛?| 浜嬩欢绾у埆,,,,NO,MANUAL_REVIEW,至少一个受影响字段无法整字段安全转换，或完整源行不可读/不可定位，或存在复合断言
REQ-ADMINPORTAL-00177,admin-portal,docs/PRD-管理后台.md,source_section;source_quote;atomic_assertion,4.5.4 閭欢妯℃澘 `/admin/email-templates`锛圥1锛?,#### 4.5.4 閭欢妯℃澘 `/admin/email-templates`锛圥1锛?,需求规定：楠岃瘉鐮?| 鐧诲綍/鎿嶄綔楠岃瘉 | 鎿嶄綔鐢ㄦ埛 | 姣?60 绉?,,,,NO,MANUAL_REVIEW,至少一个受影响字段无法整字段安全转换，或完整源行不可读/不可定位，或存在复合断言
REQ-ADMINPORTAL-00178,admin-portal,docs/PRD-管理后台.md,source_section;source_quote,4.5.4 閭欢妯℃澘 `/admin/email-templates`锛圥1锛?,#### 4.5.4 閭欢妯℃澘 `/admin/email-templates`锛圥1锛?,需求规定：**妯℃澘缂栬緫**,,,,NO,MANUAL_REVIEW,至少一个受影响字段无法整字段安全转换，或完整源行不可读/不可定位，或存在复合断言
REQ-ADMINPORTAL-00179,admin-portal,docs/PRD-管理后台.md,source_section;source_quote;atomic_assertion,4.5.4 閭欢妯℃澘 `/admin/email-templates`锛圥1锛?,#### 4.5.4 閭欢妯℃澘 `/admin/email-templates`锛圥1锛?,需求规定：**棰勮鍔熻兘**,,,,NO,MANUAL_REVIEW,至少一个受影响字段无法整字段安全转换，或完整源行不可读/不可定位，或存在复合断言
REQ-ADMINPORTAL-00180,admin-portal,docs/PRD-管理后台.md,atomic_assertion,4.6.1 安全事件 `/admin/security-events`,#### 4.6.1 安全事件 `/admin/security-events`,需求规定：**浜嬩欢鍒楄〃**,746,746,gb18030->utf8 x1,NO,MANUAL_REVIEW,至少一个受影响字段无法整字段安全转换，或完整源行不可读/不可定位，或存在复合断言
REQ-ADMINPORTAL-00181,admin-portal,docs/PRD-管理后台.md,atomic_assertion,4.6.1 安全事件 `/admin/security-events`,#### 4.6.1 安全事件 `/admin/security-events`,需求规定：鍒?| 璇存槑,746,746,gb18030->utf8 x1,NO,MANUAL_REVIEW,至少一个受影响字段无法整字段安全转换，或完整源行不可读/不可定位，或存在复合断言
REQ-ADMINPORTAL-00183,admin-portal,docs/PRD-管理后台.md,atomic_assertion,4.6.1 安全事件 `/admin/security-events`,#### 4.6.1 安全事件 `/admin/security-events`,需求规定：绫诲瀷 | 寮傚父鐧诲綍 / 鏆村姏鐮磋В / Token 寮傚父 / Key 娉勯湶 / 浣欓寮傚父 / 鍐呭杩囨护,746,746,gb18030->utf8 x1,NO,MANUAL_REVIEW,至少一个受影响字段无法整字段安全转换，或完整源行不可读/不可定位，或存在复合断言
REQ-ADMINPORTAL-00184,admin-portal,docs/PRD-管理后台.md,atomic_assertion,4.6.1 安全事件 `/admin/security-events`,#### 4.6.1 安全事件 `/admin/security-events`,需求规定：鍏宠仈鐢ㄦ埛 | 瑙﹀彂浜嬩欢鐨勭敤鎴凤紙鍙偣鍑昏烦杞敤鎴疯鎯咃級,746,746,gb18030->utf8 x1,NO,MANUAL_REVIEW,至少一个受影响字段无法整字段安全转换，或完整源行不可读/不可定位，或存在复合断言
REQ-ADMINPORTAL-00185,admin-portal,docs/PRD-管理后台.md,atomic_assertion,4.6.1 安全事件 `/admin/security-events`,#### 4.6.1 安全事件 `/admin/security-events`,需求规定：鍏宠仈 Key | 鍏宠仈鐨?API Key锛堝鏈夛級,746,746,gb18030->utf8 x1,NO,MANUAL_REVIEW,至少一个受影响字段无法整字段安全转换，或完整源行不可读/不可定位，或存在复合断言
REQ-ADMINPORTAL-00187,admin-portal,docs/PRD-管理后台.md,atomic_assertion,4.6.1 安全事件 `/admin/security-events`,#### 4.6.1 安全事件 `/admin/security-events`,需求规定：涓ラ噸绛夌骇 | 馃敶 绱ф€?/ 馃煛 鍛婅 / 馃煝 鎻愰啋,746,746,gb18030->utf8 x1,NO,MANUAL_REVIEW,至少一个受影响字段无法整字段安全转换，或完整源行不可读/不可定位，或存在复合断言
REQ-ADMINPORTAL-00188,admin-portal,docs/PRD-管理后台.md,atomic_assertion,4.6.1 安全事件 `/admin/security-events`,#### 4.6.1 安全事件 `/admin/security-events`,需求规定：鐘舵€?| 寰呭鐞?/ 澶勭悊涓?/ 宸插缃?/ 宸插拷鐣?,746,746,gb18030->utf8 x1,NO,MANUAL_REVIEW,至少一个受影响字段无法整字段安全转换，或完整源行不可读/不可定位，或存在复合断言
REQ-ADMINPORTAL-00189,admin-portal,docs/PRD-管理后台.md,atomic_assertion,4.6.1 安全事件 `/admin/security-events`,#### 4.6.1 安全事件 `/admin/security-events`,需求规定：鎿嶄綔 | [鏌ョ湅璇︽儏] [澶勭疆],746,746,gb18030->utf8 x1,NO,MANUAL_REVIEW,至少一个受影响字段无法整字段安全转换，或完整源行不可读/不可定位，或存在复合断言
REQ-ADMINPORTAL-00190,admin-portal,docs/PRD-管理后台.md,atomic_assertion,4.6.1 安全事件 `/admin/security-events`,#### 4.6.1 安全事件 `/admin/security-events`,需求规定：**浜嬩欢璇︽儏**,746,746,gb18030->utf8 x1,NO,MANUAL_REVIEW,至少一个受影响字段无法整字段安全转换，或完整源行不可读/不可定位，或存在复合断言
REQ-ADMINPORTAL-00193,admin-portal,docs/PRD-管理后台.md,atomic_assertion,4.6.1 安全事件 `/admin/security-events`,#### 4.6.1 安全事件 `/admin/security-events`,需求规定：绂佺敤 Key | 绔嬪嵆绂佺敤鍏宠仈鐨?API Key,746,746,gb18030->utf8 x1,NO,MANUAL_REVIEW,至少一个受影响字段无法整字段安全转换，或完整源行不可读/不可定位，或存在复合断言
REQ-ADMINPORTAL-00194,admin-portal,docs/PRD-管理后台.md,atomic_assertion,4.6.1 安全事件 `/admin/security-events`,#### 4.6.1 安全事件 `/admin/security-events`,需求规定：灏佺鐢ㄦ埛 | 绂佺敤鐢ㄦ埛璐﹀彿锛屽凡鏈?Key 鍏ㄩ儴澶辨晥,746,746,gb18030->utf8 x1,NO,MANUAL_REVIEW,至少一个受影响字段无法整字段安全转换，或完整源行不可读/不可定位，或存在复合断言
REQ-ADMINPORTAL-00196,admin-portal,docs/PRD-管理后台.md,atomic_assertion,4.6.1 安全事件 `/admin/security-events`,#### 4.6.1 安全事件 `/admin/security-events`,需求规定：鏍囪璇姤 | 鍏抽棴浜嬩欢锛屼笉閲囧彇琛屽姩,746,746,gb18030->utf8 x1,NO,MANUAL_REVIEW,至少一个受影响字段无法整字段安全转换，或完整源行不可读/不可定位，或存在复合断言
REQ-ADMINPORTAL-00197,admin-portal,docs/PRD-管理后台.md,atomic_assertion,4.6.1 安全事件 `/admin/security-events`,#### 4.6.1 安全事件 `/admin/security-events`,需求规定：蹇界暐 | 鍏抽棴浜嬩欢锛堜絾淇濈暀璁板綍锛墊,746,746,gb18030->utf8 x1,NO,MANUAL_REVIEW,至少一个受影响字段无法整字段安全转换，或完整源行不可读/不可定位，或存在复合断言
REQ-ADMINPORTAL-00198,admin-portal,docs/PRD-管理后台.md,source_section;source_quote,4.6.2 安全配置 `/admin/security-config`,#### 4.6.2 安全配置 `/admin/security-config`,需求规定：**IP 榛戠櫧鍚嶅崟**,795,795,gb18030->utf8 x1,NO,REVIEW_CANDIDATE,所有受影响字段均完成整字段可逆转换，且引用/章节可定位；仍需人工确认
REQ-ADMINPORTAL-00199,admin-portal,docs/PRD-管理后台.md,source_section;source_quote;atomic_assertion,4.6.2 安全配置 `/admin/security-config`,#### 4.6.2 安全配置 `/admin/security-config`,需求规定：**鍦扮悊灏佺**,795,795,gb18030->utf8 x1,NO,MANUAL_REVIEW,至少一个受影响字段无法整字段安全转换，或完整源行不可读/不可定位，或存在复合断言
REQ-ADMINPORTAL-00200,admin-portal,docs/PRD-管理后台.md,source_section;source_quote,4.6.2 安全配置 `/admin/security-config`,#### 4.6.2 安全配置 `/admin/security-config`,需求规定：**鐧诲綍闄愬埗**,795,795,gb18030->utf8 x1,NO,REVIEW_CANDIDATE,所有受影响字段均完成整字段可逆转换，且引用/章节可定位；仍需人工确认
REQ-ADMINPORTAL-00201,admin-portal,docs/PRD-管理后台.md,source_section;source_quote,4.6.3 椋庢帶瑙勫垯寮曟搸 `/admin/security-rules`锛圥2锛?,#### 4.6.3 椋庢帶瑙勫垯寮曟搸 `/admin/security-rules`锛圥2锛?,需求规定：**瑙勫垯瀹氫箟闈㈡澘**,,,,NO,MANUAL_REVIEW,至少一个受影响字段无法整字段安全转换，或完整源行不可读/不可定位，或存在复合断言
REQ-ADMINPORTAL-00202,admin-portal,docs/PRD-管理后台.md,source_section;source_quote;atomic_assertion,4.6.3 椋庢帶瑙勫垯寮曟搸 `/admin/security-rules`锛圥2锛?,#### 4.6.3 椋庢帶瑙勫垯寮曟搸 `/admin/security-rules`锛圥2锛?,需求规定：**鍐呯疆棰勮瑙勫垯**,,,,NO,MANUAL_REVIEW,至少一个受影响字段无法整字段安全转换，或完整源行不可读/不可定位，或存在复合断言
REQ-ADMINPORTAL-00203,admin-portal,docs/PRD-管理后台.md,source_section;source_quote;atomic_assertion,4.6.3 椋庢帶瑙勫垯寮曟搸 `/admin/security-rules`锛圥2锛?,#### 4.6.3 椋庢帶瑙勫垯寮曟搸 `/admin/security-rules`锛圥2锛?,需求规定：瑙勫垯鍚?| 鏉′欢 | 鍔ㄤ綔 | 榛樿鐘舵€?,,,,NO,MANUAL_REVIEW,至少一个受影响字段无法整字段安全转换，或完整源行不可读/不可定位，或存在复合断言
REQ-ADMINPORTAL-00204,admin-portal,docs/PRD-管理后台.md,source_section;source_quote;atomic_assertion,4.6.3 椋庢帶瑙勫垯寮曟搸 `/admin/security-rules`锛圥2锛?,#### 4.6.3 椋庢帶瑙勫垯寮曟搸 `/admin/security-rules`锛圥2锛?,需求规定：鏆村姏鐮磋В闃叉姢 | 5 鍒嗛挓鍐呯櫥褰曞け璐?鈮?5 娆?| 灏佺 IP 15 鍒嗛挓 + 璁板綍浜嬩欢 | 鍚敤,,,,NO,MANUAL_REVIEW,至少一个受影响字段无法整字段安全转换，或完整源行不可读/不可定位，或存在复合断言
REQ-ADMINPORTAL-00205,admin-portal,docs/PRD-管理后台.md,source_section;source_quote;atomic_assertion,4.6.3 椋庢帶瑙勫垯寮曟搸 `/admin/security-rules`锛圥2锛?,#### 4.6.3 椋庢帶瑙勫垯寮曟搸 `/admin/security-rules`锛圥2锛?,需求规定：寮傚湴鐧诲綍妫€娴?| 鐧诲綍 IP 鍩庡競 鈮?鏈€杩?3 娆?| 璁板綍浜嬩欢 + 閫氱煡鐢ㄦ埛 | 鍚敤,,,,NO,MANUAL_REVIEW,至少一个受影响字段无法整字段安全转换，或完整源行不可读/不可定位，或存在复合断言
REQ-ADMINPORTAL-00206,admin-portal,docs/PRD-管理后台.md,source_section;source_quote;atomic_assertion,4.6.3 椋庢帶瑙勫垯寮曟搸 `/admin/security-rules`锛圥2锛?,#### 4.6.3 椋庢帶瑙勫垯寮曟搸 `/admin/security-rules`锛圥2锛?,需求规定：Key 娉勯湶妫€娴?| 鍚屼竴 Key 鏉ヨ嚜 鈮?3 涓煄甯?5 鍒嗛挓鍐?| 涓存椂绂佺敤 Key 15 鍒嗛挓 + 閫氱煡绠＄悊鍛?| 鍚敤,,,,NO,MANUAL_REVIEW,至少一个受影响字段无法整字段安全转换，或完整源行不可读/不可定位，或存在复合断言
REQ-ADMINPORTAL-00207,admin-portal,docs/PRD-管理后台.md,source_section;source_quote;atomic_assertion,4.6.3 椋庢帶瑙勫垯寮曟搸 `/admin/security-rules`锛圥2锛?,#### 4.6.3 椋庢帶瑙勫垯寮曟搸 `/admin/security-rules`锛圥2锛?,需求规定：澶ч娑堣垂棰勮 | 鍗曟娑堣垂 > 楼100 鎴?鏃ョ疮璁?> 楼500 | 璁板綍浜嬩欢 + 閫氱煡鐢ㄦ埛 | 鍚敤,,,,NO,MANUAL_REVIEW,至少一个受影响字段无法整字段安全转换，或完整源行不可读/不可定位，或存在复合断言
REQ-ADMINPORTAL-00208,admin-portal,docs/PRD-管理后台.md,source_section;source_quote;atomic_assertion,4.6.3 椋庢帶瑙勫垯寮曟搸 `/admin/security-rules`锛圥2锛?,#### 4.6.3 椋庢帶瑙勫垯寮曟搸 `/admin/security-rules`锛圥2锛?,需求规定：澶滈棿鏁忔劅鎿嶄綔 | 0:00-6:00 鐨勬晱鎰熸搷浣?| 璁板綍浜嬩欢 + 閫氱煡绠＄悊鍛?| 绂佺敤,,,,NO,MANUAL_REVIEW,至少一个受影响字段无法整字段安全转换，或完整源行不可读/不可定位，或存在复合断言
REQ-ADMINPORTAL-00209,admin-portal,docs/PRD-管理后台.md,source_section;source_quote;atomic_assertion,4.6.3 椋庢帶瑙勫垯寮曟搸 `/admin/security-rules`锛圥2锛?,#### 4.6.3 椋庢帶瑙勫垯寮曟搸 `/admin/security-rules`锛圥2锛?,需求规定：浣欓寮傚父鍑忓皯 | 5 鍒嗛挓娑堣垂 > 浣欓 50% | 璁板綍浜嬩欢 + 涓存椂绂佺敤 Key | 鍚敤,,,,NO,MANUAL_REVIEW,至少一个受影响字段无法整字段安全转换，或完整源行不可读/不可定位，或存在复合断言
REQ-ADMINPORTAL-00210,admin-portal,docs/PRD-管理后台.md,source_section;source_quote;atomic_assertion,4.6.3 椋庢帶瑙勫垯寮曟搸 `/admin/security-rules`锛圥2锛?,#### 4.6.3 椋庢帶瑙勫垯寮曟搸 `/admin/security-rules`锛圥2锛?,需求规定：**鍛戒腑缁熻**,,,,NO,MANUAL_REVIEW,至少一个受影响字段无法整字段安全转换，或完整源行不可读/不可定位，或存在复合断言
REQ-ADMINPORTAL-00211,admin-portal,docs/PRD-管理后台.md,source_section;source_quote;atomic_assertion,4.6.4 AI 椋庢帶妯″瀷 `/admin/risk-control`锛圥2锛?,#### 4.6.4 AI 椋庢帶妯″瀷 `/admin/risk-control`锛圥2锛?,需求规定：**妯″瀷閰嶇疆闈㈡澘**,,,,NO,MANUAL_REVIEW,至少一个受影响字段无法整字段安全转换，或完整源行不可读/不可定位，或存在复合断言
REQ-ADMINPORTAL-00212,admin-portal,docs/PRD-管理后台.md,source_section;source_quote;atomic_assertion,4.6.4 AI 椋庢帶妯″瀷 `/admin/risk-control`锛圥2锛?,#### 4.6.4 AI 椋庢帶妯″瀷 `/admin/risk-control`锛圥2锛?,需求规定：**妯″瀷璇勪及鎶ュ憡**,,,,NO,MANUAL_REVIEW,至少一个受影响字段无法整字段安全转换，或完整源行不可读/不可定位，或存在复合断言
REQ-ADMINPORTAL-00213,admin-portal,docs/PRD-管理后台.md,source_quote;atomic_assertion,4.7.1 调用日志 `/admin/logs`,> 管理员视角的增强功能,需求规定：**绠＄悊鍛橀檮鍔犺兘鍔?*,951,949,gb18030->utf8 x1,NO,MANUAL_REVIEW,至少一个受影响字段无法整字段安全转换，或完整源行不可读/不可定位，或存在复合断言
REQ-ADMINPORTAL-00214,admin-portal,docs/PRD-管理后台.md,source_quote;atomic_assertion,4.7.1 调用日志 `/admin/logs`,> 管理员视角的增强功能,需求规定：**寮傚父鍒嗘瀽澧炲己**,951,949,gb18030->utf8 x1,NO,MANUAL_REVIEW,至少一个受影响字段无法整字段安全转换，或完整源行不可读/不可定位，或存在复合断言
REQ-ADMINPORTAL-00216,admin-portal,docs/PRD-管理后台.md,atomic_assertion,4.7.2 操作日志 `/admin/operation-logs`,#### 4.7.2 操作日志 `/admin/operation-logs`,需求规定：鎿嶄綔鍒嗙被 | 璁板綍绮掑害 | 绀轰緥,984,984,gb18030->utf8 x1,NO,MANUAL_REVIEW,至少一个受影响字段无法整字段安全转换，或完整源行不可读/不可定位，或存在复合断言
REQ-ADMINPORTAL-00217,admin-portal,docs/PRD-管理后台.md,atomic_assertion,4.7.2 操作日志 `/admin/operation-logs`,#### 4.7.2 操作日志 `/admin/operation-logs`,需求规定：鐢ㄦ埛绠＄悊 | 鏁忔劅鎿嶄綔 | 绂佺敤鐢ㄦ埛銆佽皟鏁翠綑棰濄€佷慨鏀硅鑹?,984,984,gb18030->utf8 x1,NO,MANUAL_REVIEW,至少一个受影响字段无法整字段安全转换，或完整源行不可读/不可定位，或存在复合断言
REQ-ADMINPORTAL-00218,admin-portal,docs/PRD-管理后台.md,atomic_assertion,4.7.2 操作日志 `/admin/operation-logs`,#### 4.7.2 操作日志 `/admin/operation-logs`,需求规定：Key 绠＄悊 | 鎵€鏈夋搷浣?| 鍒涘缓/绂佺敤/鍒犻櫎 Key,984,984,gb18030->utf8 x1,NO,MANUAL_REVIEW,至少一个受影响字段无法整字段安全转换，或完整源行不可读/不可定位，或存在复合断言
REQ-ADMINPORTAL-00219,admin-portal,docs/PRD-管理后台.md,atomic_assertion,4.7.2 操作日志 `/admin/operation-logs`,#### 4.7.2 操作日志 `/admin/operation-logs`,需求规定：璐㈠姟绠＄悊 | 鎵€鏈夋搷浣?| 鎻愮幇瀹℃牳銆佽ˉ鍗曘€侀€€娆?,984,984,gb18030->utf8 x1,NO,MANUAL_REVIEW,至少一个受影响字段无法整字段安全转换，或完整源行不可读/不可定位，或存在复合断言
REQ-ADMINPORTAL-00220,admin-portal,docs/PRD-管理后台.md,atomic_assertion,4.7.2 操作日志 `/admin/operation-logs`,#### 4.7.2 操作日志 `/admin/operation-logs`,需求规定：閰嶇疆绠＄悊 | 鎵€鏈夋搷浣?| 淇敼绯荤粺鍙傛暟銆佹ā鍨嬩环鏍?,984,984,gb18030->utf8 x1,NO,MANUAL_REVIEW,至少一个受影响字段无法整字段安全转换，或完整源行不可读/不可定位，或存在复合断言
REQ-ADMINPORTAL-00221,admin-portal,docs/PRD-管理后台.md,atomic_assertion,4.7.2 操作日志 `/admin/operation-logs`,#### 4.7.2 操作日志 `/admin/operation-logs`,需求规定：瀹夊叏绠＄悊 | 鎵€鏈夋搷浣?| 灏佺 IP銆佷慨鏀归鎺ц鍒?,984,984,gb18030->utf8 x1,NO,MANUAL_REVIEW,至少一个受影响字段无法整字段安全转换，或完整源行不可读/不可定位，或存在复合断言
REQ-ADMINPORTAL-00222,admin-portal,docs/PRD-管理后台.md,atomic_assertion,4.7.2 操作日志 `/admin/operation-logs`,#### 4.7.2 操作日志 `/admin/operation-logs`,需求规定：鏅€氭搷浣?| 涓嶈褰?| 鏌ョ湅鍒楄〃銆佹祻瑙堥〉闈?,984,984,gb18030->utf8 x1,NO,MANUAL_REVIEW,至少一个受影响字段无法整字段安全转换，或完整源行不可读/不可定位，或存在复合断言
REQ-ADMINPORTAL-00225,admin-portal,docs/PRD-管理后台.md,source_section;source_quote,4.7.3 瀹炴椂鐩戞帶 `/admin/monitoring`锛圥1锛?,#### 4.7.3 瀹炴椂鐩戞帶 `/admin/monitoring`锛圥1锛?,需求规定：**鐩戞帶闈㈡澘甯冨眬**,,,,NO,MANUAL_REVIEW,至少一个受影响字段无法整字段安全转换，或完整源行不可读/不可定位，或存在复合断言
REQ-ADMINPORTAL-00226,admin-portal,docs/PRD-管理后台.md,source_section;source_quote;atomic_assertion,4.7.3 瀹炴椂鐩戞帶 `/admin/monitoring`锛圥1锛?,#### 4.7.3 瀹炴椂鐩戞帶 `/admin/monitoring`锛圥1锛?,需求规定：**鍛婅鑷姩瑙﹀彂**,,,,NO,MANUAL_REVIEW,至少一个受影响字段无法整字段安全转换，或完整源行不可读/不可定位，或存在复合断言
REQ-ADMINPORTAL-00227,admin-portal,docs/PRD-管理后台.md,source_section;source_quote,4.7.3 瀹炴椂鐩戞帶 `/admin/monitoring`锛圥1锛?,#### 4.7.3 瀹炴椂鐩戞帶 `/admin/monitoring`锛圥1锛?,需求规定：鎸囨爣 | 鏉′欢 | 鍔ㄤ綔,,,,NO,MANUAL_REVIEW,至少一个受影响字段无法整字段安全转换，或完整源行不可读/不可定位，或存在复合断言
REQ-ADMINPORTAL-00228,admin-portal,docs/PRD-管理后台.md,source_section;source_quote;atomic_assertion,4.7.3 瀹炴椂鐩戞帶 `/admin/monitoring`锛圥1锛?,#### 4.7.3 瀹炴椂鐩戞帶 `/admin/monitoring`锛圥1锛?,需求规定：CPU > 80% | 鎸佺画 5 鍒嗛挓 | 馃煛 鍛婅閫氱煡,,,,NO,MANUAL_REVIEW,至少一个受影响字段无法整字段安全转换，或完整源行不可读/不可定位，或存在复合断言
REQ-ADMINPORTAL-00229,admin-portal,docs/PRD-管理后台.md,source_section;source_quote;atomic_assertion,4.7.3 瀹炴椂鐩戞帶 `/admin/monitoring`锛圥1锛?,#### 4.7.3 瀹炴椂鐩戞帶 `/admin/monitoring`锛圥1锛?,需求规定：API P99 > 2s | 鎸佺画 5 鍒嗛挓 | 馃煛 鍛婅閫氱煡,,,,NO,MANUAL_REVIEW,至少一个受影响字段无法整字段安全转换，或完整源行不可读/不可定位，或存在复合断言
REQ-ADMINPORTAL-00230,admin-portal,docs/PRD-管理后台.md,source_section;source_quote;atomic_assertion,4.7.3 瀹炴椂鐩戞帶 `/admin/monitoring`锛圥1锛?,#### 4.7.3 瀹炴椂鐩戞帶 `/admin/monitoring`锛圥1锛?,需求规定：API 澶辫触鐜?> 5% | 鎸佺画 5 鍒嗛挓 | 馃敶 绱ф€ラ€氱煡,,,,NO,MANUAL_REVIEW,至少一个受影响字段无法整字段安全转换，或完整源行不可读/不可定位，或存在复合断言
REQ-ADMINPORTAL-00231,admin-portal,docs/PRD-管理后台.md,source_section;source_quote;atomic_assertion,4.7.3 瀹炴椂鐩戞帶 `/admin/monitoring`锛圥1锛?,#### 4.7.3 瀹炴椂鐩戞帶 `/admin/monitoring`锛圥1锛?,需求规定：纾佺洏 > 85% | 瑙﹀彂 | 馃煛 鍛婅閫氱煡,,,,NO,MANUAL_REVIEW,至少一个受影响字段无法整字段安全转换，或完整源行不可读/不可定位，或存在复合断言
REQ-ADMINPORTAL-00232,admin-portal,docs/PRD-管理后台.md,source_section;source_quote;atomic_assertion,4.7.3 瀹炴椂鐩戞帶 `/admin/monitoring`锛圥1锛?,#### 4.7.3 瀹炴椂鐩戞帶 `/admin/monitoring`锛圥1锛?,需求规定：鏁版嵁搴撹繛鎺?> 80% | 鎸佺画 5 鍒嗛挓 | 馃煛 鍛婅閫氱煡,,,,NO,MANUAL_REVIEW,至少一个受影响字段无法整字段安全转换，或完整源行不可读/不可定位，或存在复合断言
REQ-ADMINPORTAL-00233,admin-portal,docs/PRD-管理后台.md,source_section;source_quote;atomic_assertion,4.7.3 瀹炴椂鐩戞帶 `/admin/monitoring`锛圥1锛?,#### 4.7.3 瀹炴椂鐩戞帶 `/admin/monitoring`锛圥1锛?,需求规定：Redis 鍛戒腑鐜?< 90% | 鎸佺画 10 鍒嗛挓 | 馃煝 鎻愰啋,,,,NO,MANUAL_REVIEW,至少一个受影响字段无法整字段安全转换，或完整源行不可读/不可定位，或存在复合断言
REQ-ADMINPORTAL-00234,admin-portal,docs/PRD-管理后台.md,source_section;source_quote;atomic_assertion,4.7.4 闄愭祦鍙鍖?`/admin/rate-limits`锛圥1锛?,#### 4.7.4 闄愭祦鍙鍖?`/admin/rate-limits`锛圥1锛?,需求规定：**闄愭祦瑙勫垯鍒楄〃**,,,,NO,MANUAL_REVIEW,至少一个受影响字段无法整字段安全转换，或完整源行不可读/不可定位，或存在复合断言
REQ-ADMINPORTAL-00235,admin-portal,docs/PRD-管理后台.md,source_section;source_quote;atomic_assertion,4.7.4 闄愭祦鍙鍖?`/admin/rate-limits`锛圥1锛?,#### 4.7.4 闄愭祦鍙鍖?`/admin/rate-limits`锛圥1锛?,需求规定：绾у埆 | 瑙勫垯 | 褰撳墠鍊?| 瑙﹀彂娆℃暟锛堜粖鏃ワ級,,,,NO,MANUAL_REVIEW,至少一个受影响字段无法整字段安全转换，或完整源行不可读/不可定位，或存在复合断言
REQ-ADMINPORTAL-00236,admin-portal,docs/PRD-管理后台.md,source_section;source_quote,4.7.4 闄愭祦鍙鍖?`/admin/rate-limits`锛圥1锛?,#### 4.7.4 闄愭祦鍙鍖?`/admin/rate-limits`锛圥1锛?,"需求规定：鍏ㄥ眬 | 鎬?QPS 涓婇檺 | 10,000 | 0 娆?",,,,NO,MANUAL_REVIEW,至少一个受影响字段无法整字段安全转换，或完整源行不可读/不可定位，或存在复合断言
REQ-ADMINPORTAL-00237,admin-portal,docs/PRD-管理后台.md,source_section;source_quote,4.7.4 闄愭祦鍙鍖?`/admin/rate-limits`锛圥1锛?,#### 4.7.4 闄愭祦鍙鍖?`/admin/rate-limits`锛圥1锛?,"需求规定：鍏ㄥ眬 | 鎬?TPM 涓婇檺 | 60,000,000 | 1 娆?",,,,NO,MANUAL_REVIEW,至少一个受影响字段无法整字段安全转换，或完整源行不可读/不可定位，或存在复合断言
REQ-ADMINPORTAL-00238,admin-portal,docs/PRD-管理后台.md,source_section;source_quote;atomic_assertion,4.7.4 闄愭祦鍙鍖?`/admin/rate-limits`锛圥1锛?,#### 4.7.4 闄愭祦鍙鍖?`/admin/rate-limits`锛圥1锛?,需求规定：鐢ㄦ埛 | 榛樿鐢ㄦ埛 QPS | 100 | 234 娆?,,,,NO,MANUAL_REVIEW,至少一个受影响字段无法整字段安全转换，或完整源行不可读/不可定位，或存在复合断言
REQ-ADMINPORTAL-00239,admin-portal,docs/PRD-管理后台.md,source_section;source_quote;atomic_assertion,4.7.4 闄愭祦鍙鍖?`/admin/rate-limits`锛圥1锛?,#### 4.7.4 闄愭祦鍙鍖?`/admin/rate-limits`锛圥1锛?,"需求规定：鐢ㄦ埛 | 榛樿鐢ㄦ埛 TPM | 600,000 | 45 娆?",,,,NO,MANUAL_REVIEW,至少一个受影响字段无法整字段安全转换，或完整源行不可读/不可定位，或存在复合断言
REQ-ADMINPORTAL-00240,admin-portal,docs/PRD-管理后台.md,source_section;source_quote;atomic_assertion,4.7.4 闄愭祦鍙鍖?`/admin/rate-limits`锛圥1锛?,#### 4.7.4 闄愭祦鍙鍖?`/admin/rate-limits`锛圥1锛?,需求规定：Key | 榛樿 Key QPS | 50 | 567 娆?,,,,NO,MANUAL_REVIEW,至少一个受影响字段无法整字段安全转换，或完整源行不可读/不可定位，或存在复合断言
REQ-ADMINPORTAL-00241,admin-portal,docs/PRD-管理后台.md,source_section;source_quote;atomic_assertion,4.7.4 闄愭祦鍙鍖?`/admin/rate-limits`锛圥1锛?,#### 4.7.4 闄愭祦鍙鍖?`/admin/rate-limits`锛圥1锛?,"需求规定：Key | 榛樿 Key TPM | 300,000 | 89 娆?",,,,NO,MANUAL_REVIEW,至少一个受影响字段无法整字段安全转换，或完整源行不可读/不可定位，或存在复合断言
REQ-ADMINPORTAL-00242,admin-portal,docs/PRD-管理后台.md,source_section;source_quote,4.7.4 闄愭祦鍙鍖?`/admin/rate-limits`锛圥1锛?,#### 4.7.4 闄愭祦鍙鍖?`/admin/rate-limits`锛圥1锛?,"需求规定：妯″瀷 | deepseek-chat QPS | 2,000 | 12 娆?",,,,NO,MANUAL_REVIEW,至少一个受影响字段无法整字段安全转换，或完整源行不可读/不可定位，或存在复合断言
REQ-ADMINPORTAL-00243,admin-portal,docs/PRD-管理后台.md,source_section;source_quote,4.7.4 闄愭祦鍙鍖?`/admin/rate-limits`锛圥1锛?,#### 4.7.4 闄愭祦鍙鍖?`/admin/rate-limits`锛圥1锛?,需求规定：妯″瀷 | gpt-4o QPS | 500 | 0 娆?,,,,NO,MANUAL_REVIEW,至少一个受影响字段无法整字段安全转换，或完整源行不可读/不可定位，或存在复合断言
REQ-ADMINPORTAL-00244,admin-portal,docs/PRD-管理后台.md,source_section;source_quote;atomic_assertion,4.7.4 闄愭祦鍙鍖?`/admin/rate-limits`锛圥1锛?,#### 4.7.4 闄愭祦鍙鍖?`/admin/rate-limits`锛圥1锛?,需求规定：**闄愭祦瑙﹀彂缁熻**,,,,NO,MANUAL_REVIEW,至少一个受影响字段无法整字段安全转换，或完整源行不可读/不可定位，或存在复合断言
REQ-ADMINPORTAL-00245,admin-portal,docs/PRD-管理后台.md,source_section;source_quote;atomic_assertion,4.8.1 系统参数配置 `/admin/configs`,#### 4.8.1 系统参数配置 `/admin/configs`,需求规定：**閰嶇疆鍒嗙被璇︽儏**,1093,1093,gb18030->utf8 x1,NO,MANUAL_REVIEW,至少一个受影响字段无法整字段安全转换，或完整源行不可读/不可定位，或存在复合断言
REQ-ADMINPORTAL-00246,admin-portal,docs/PRD-管理后台.md,source_section;source_quote;atomic_assertion,4.8.1 系统参数配置 `/admin/configs`,#### 4.8.1 系统参数配置 `/admin/configs`,需求规定：鍒嗙被 | 閰嶇疆椤?| 绫诲瀷 | 榛樿鍊?| 璇存槑,1093,1093,gb18030->utf8 x1,NO,MANUAL_REVIEW,至少一个受影响字段无法整字段安全转换，或完整源行不可读/不可定位，或存在复合断言
REQ-ADMINPORTAL-00247,admin-portal,docs/PRD-管理后台.md,source_section;source_quote;atomic_assertion,4.8.1 系统参数配置 `/admin/configs`,#### 4.8.1 系统参数配置 `/admin/configs`,"需求规定：骞冲彴鍩虹 | 骞冲彴鍚嶇О | text | ""3cloud"" | 鍓嶇鏍囬/Logo 鏃佹樉绀?",1093,1093,gb18030->utf8 x1,NO,MANUAL_REVIEW,至少一个受影响字段无法整字段安全转换，或完整源行不可读/不可定位，或存在复合断言
REQ-ADMINPORTAL-00248,admin-portal,docs/PRD-管理后台.md,source_section;source_quote;atomic_assertion,4.8.1 系统参数配置 `/admin/configs`,#### 4.8.1 系统参数配置 `/admin/configs`,"需求规定：骞冲彴鍩虹 | ICP 澶囨鍙?| text | """" | 椤佃剼灞曠ず",1093,1093,gb18030->utf8 x1,NO,MANUAL_REVIEW,至少一个受影响字段无法整字段安全转换，或完整源行不可读/不可定位，或存在复合断言
REQ-ADMINPORTAL-00249,admin-portal,docs/PRD-管理后台.md,source_section;source_quote;atomic_assertion,4.8.1 系统参数配置 `/admin/configs`,#### 4.8.1 系统参数配置 `/admin/configs`,"需求规定：骞冲彴鍩虹 | 瀹㈡湇閭 | text | ""support@3cloud.ai"" | 鑱旂郴鍏ュ彛",1093,1093,gb18030->utf8 x1,NO,MANUAL_REVIEW,至少一个受影响字段无法整字段安全转换，或完整源行不可读/不可定位，或存在复合断言
REQ-ADMINPORTAL-00250,admin-portal,docs/PRD-管理后台.md,source_section;source_quote;atomic_assertion,4.8.1 系统参数配置 `/admin/configs`,#### 4.8.1 系统参数配置 `/admin/configs`,"需求规定：骞冲彴鍩虹 | Logo URL | text | """" | 鑷畾涔?Logo",1093,1093,gb18030->utf8 x1,NO,MANUAL_REVIEW,至少一个受影响字段无法整字段安全转换，或完整源行不可读/不可定位，或存在复合断言
REQ-ADMINPORTAL-00251,admin-portal,docs/PRD-管理后台.md,source_section;source_quote;atomic_assertion,4.8.1 系统参数配置 `/admin/configs`,#### 4.8.1 系统参数配置 `/admin/configs`,需求规定：鏀粯 | 鏀粯瀹?App ID | encrypted | 鈥?| 鏀粯缃戝叧鍙傛暟,1093,1093,gb18030->utf8 x1,NO,MANUAL_REVIEW,至少一个受影响字段无法整字段安全转换，或完整源行不可读/不可定位，或存在复合断言
REQ-ADMINPORTAL-00252,admin-portal,docs/PRD-管理后台.md,source_section;source_quote;atomic_assertion,4.8.1 系统参数配置 `/admin/configs`,#### 4.8.1 系统参数配置 `/admin/configs`,需求规定：鏀粯 | 鏀粯瀹濈閽?| encrypted | 鈥?| 闇€韬唤楠岃瘉鏌ョ湅,1093,1093,gb18030->utf8 x1,NO,MANUAL_REVIEW,至少一个受影响字段无法整字段安全转换，或完整源行不可读/不可定位，或存在复合断言
REQ-ADMINPORTAL-00253,admin-portal,docs/PRD-管理后台.md,source_section;source_quote;atomic_assertion,4.8.1 系统参数配置 `/admin/configs`,#### 4.8.1 系统参数配置 `/admin/configs`,需求规定：鏀粯 | 寰俊鍟嗘埛鍙?| encrypted | 鈥?| 鏀粯缃戝叧鍙傛暟,1093,1093,gb18030->utf8 x1,NO,MANUAL_REVIEW,至少一个受影响字段无法整字段安全转换，或完整源行不可读/不可定位，或存在复合断言
REQ-ADMINPORTAL-00254,admin-portal,docs/PRD-管理后台.md,source_section;source_quote;atomic_assertion,4.8.1 系统参数配置 `/admin/configs`,#### 4.8.1 系统参数配置 `/admin/configs`,"需求规定：閭欢 | SMTP 涓绘満 | text | """" | 閭欢鍙戦€佹湇鍔″櫒",1093,1093,gb18030->utf8 x1,NO,MANUAL_REVIEW,至少一个受影响字段无法整字段安全转换，或完整源行不可读/不可定位，或存在复合断言
REQ-ADMINPORTAL-00255,admin-portal,docs/PRD-管理后台.md,source_section;source_quote;atomic_assertion,4.8.1 系统参数配置 `/admin/configs`,#### 4.8.1 系统参数配置 `/admin/configs`,需求规定：閭欢 | SMTP 绔彛 | int | 465 | SSL/TLS,1093,1093,gb18030->utf8 x1,NO,MANUAL_REVIEW,至少一个受影响字段无法整字段安全转换，或完整源行不可读/不可定位，或存在复合断言
REQ-ADMINPORTAL-00256,admin-portal,docs/PRD-管理后台.md,source_section;source_quote;atomic_assertion,4.8.1 系统参数配置 `/admin/configs`,#### 4.8.1 系统参数配置 `/admin/configs`,需求规定：閭欢 | SMTP 鐢ㄦ埛鍚?| encrypted | 鈥?| 璁よ瘉鍑嵁,1093,1093,gb18030->utf8 x1,NO,MANUAL_REVIEW,至少一个受影响字段无法整字段安全转换，或完整源行不可读/不可定位，或存在复合断言
REQ-ADMINPORTAL-00257,admin-portal,docs/PRD-管理后台.md,source_section;source_quote;atomic_assertion,4.8.1 系统参数配置 `/admin/configs`,#### 4.8.1 系统参数配置 `/admin/configs`,需求规定：閭欢 | SMTP 瀵嗙爜 | encrypted | 鈥?| 璁よ瘉鍑嵁,1093,1093,gb18030->utf8 x1,NO,MANUAL_REVIEW,至少一个受影响字段无法整字段安全转换，或完整源行不可读/不可定位，或存在复合断言
REQ-ADMINPORTAL-00258,admin-portal,docs/PRD-管理后台.md,source_section;source_quote;atomic_assertion,4.8.1 系统参数配置 `/admin/configs`,#### 4.8.1 系统参数配置 `/admin/configs`,"需求规定：閭欢 | 鍙戜欢浜哄湴鍧€ | text | """" | 灞曠ず缁欐敹浠朵汉",1093,1093,gb18030->utf8 x1,NO,MANUAL_REVIEW,至少一个受影响字段无法整字段安全转换，或完整源行不可读/不可定位，或存在复合断言
REQ-ADMINPORTAL-00259,admin-portal,docs/PRD-管理后台.md,source_section;source_quote;atomic_assertion,4.8.1 系统参数配置 `/admin/configs`,#### 4.8.1 系统参数配置 `/admin/configs`,"需求规定：瀹夊叏 | 2FA 寮哄埗绛栫暐 | select | ""鍙€? | 鍙€?寮哄埗鍏ㄩ儴/浠呯鐞嗗憳",1093,1093,gb18030->utf8 x1,NO,MANUAL_REVIEW,至少一个受影响字段无法整字段安全转换，或完整源行不可读/不可定位，或存在复合断言
REQ-ADMINPORTAL-00260,admin-portal,docs/PRD-管理后台.md,source_section;source_quote;atomic_assertion,4.8.1 系统参数配置 `/admin/configs`,#### 4.8.1 系统参数配置 `/admin/configs`,需求规定：瀹夊叏 | 瀵嗙爜鏈€灏忛暱搴?| int | 8 | 娉ㄥ唽/鏀瑰瘑鐮佹牎楠?,1093,1093,gb18030->utf8 x1,NO,MANUAL_REVIEW,至少一个受影响字段无法整字段安全转换，或完整源行不可读/不可定位，或存在复合断言
REQ-ADMINPORTAL-00261,admin-portal,docs/PRD-管理后台.md,source_section;source_quote,4.8.1 系统参数配置 `/admin/configs`,#### 4.8.1 系统参数配置 `/admin/configs`,需求规定：瀹夊叏 | 鐧诲綍閿佸畾闃堝€?| int | 5 | 娆?5鍒嗛挓,1093,1093,gb18030->utf8 x1,NO,REVIEW_CANDIDATE,所有受影响字段均完成整字段可逆转换，且引用/章节可定位；仍需人工确认
REQ-ADMINPORTAL-00262,admin-portal,docs/PRD-管理后台.md,source_section;source_quote;atomic_assertion,4.8.1 系统参数配置 `/admin/configs`,#### 4.8.1 系统参数配置 `/admin/configs`,需求规定：瀹夊叏 | 鐧诲綍閿佸畾鏃堕暱 | int | 15 | 鍒嗛挓,1093,1093,gb18030->utf8 x1,NO,MANUAL_REVIEW,至少一个受影响字段无法整字段安全转换，或完整源行不可读/不可定位，或存在复合断言
REQ-ADMINPORTAL-00263,admin-portal,docs/PRD-管理后台.md,source_section;source_quote;atomic_assertion,4.8.1 系统参数配置 `/admin/configs`,#### 4.8.1 系统参数配置 `/admin/configs`,"需求规定：閫氱煡 | 榛樿閫氱煡娓犻亾 | multi-select | [""绔欏唴"", ""閭欢""] | 鐢ㄦ埛鍙鐩?",1093,1093,gb18030->utf8 x1,NO,MANUAL_REVIEW,至少一个受影响字段无法整字段安全转换，或完整源行不可读/不可定位，或存在复合断言
REQ-ADMINPORTAL-00264,admin-portal,docs/PRD-管理后台.md,source_section;source_quote;atomic_assertion,4.8.1 系统参数配置 `/admin/configs`,#### 4.8.1 系统参数配置 `/admin/configs`,需求规定：閫氱煡 | 姣忔棩閭欢涓婇檺 | int | 5 | 姣忕敤鎴锋瘡澶?,1093,1093,gb18030->utf8 x1,NO,MANUAL_REVIEW,至少一个受影响字段无法整字段安全转换，或完整源行不可读/不可定位，或存在复合断言
REQ-ADMINPORTAL-00265,admin-portal,docs/PRD-管理后台.md,source_section;source_quote;atomic_assertion,4.8.1 系统参数配置 `/admin/configs`,#### 4.8.1 系统参数配置 `/admin/configs`,需求规定：闄愭祦 | 鍏ㄥ眬 QPS 涓婇檺 | int | 10000 | 鈥?,1093,1093,gb18030->utf8 x1,NO,MANUAL_REVIEW,至少一个受影响字段无法整字段安全转换，或完整源行不可读/不可定位，或存在复合断言
REQ-ADMINPORTAL-00266,admin-portal,docs/PRD-管理后台.md,source_section;source_quote;atomic_assertion,4.8.1 系统参数配置 `/admin/configs`,#### 4.8.1 系统参数配置 `/admin/configs`,需求规定：闄愭祦 | 榛樿鐢ㄦ埛 QPS | int | 100 | 鈥?,1093,1093,gb18030->utf8 x1,NO,MANUAL_REVIEW,至少一个受影响字段无法整字段安全转换，或完整源行不可读/不可定位，或存在复合断言
REQ-ADMINPORTAL-00267,admin-portal,docs/PRD-管理后台.md,source_section;source_quote;atomic_assertion,4.8.1 系统参数配置 `/admin/configs`,#### 4.8.1 系统参数配置 `/admin/configs`,需求规定：闄愭祦 | 榛樿 Key QPS | int | 50 | 鈥?,1093,1093,gb18030->utf8 x1,NO,MANUAL_REVIEW,至少一个受影响字段无法整字段安全转换，或完整源行不可读/不可定位，或存在复合断言
REQ-ADMINPORTAL-00268,admin-portal,docs/PRD-管理后台.md,source_section;source_quote;atomic_assertion,4.8.1 系统参数配置 `/admin/configs`,#### 4.8.1 系统参数配置 `/admin/configs`,需求规定：闄愭祦 | API 瓒呮椂鏃堕棿 | int | 30000 | 姣,1093,1093,gb18030->utf8 x1,NO,MANUAL_REVIEW,至少一个受影响字段无法整字段安全转换，或完整源行不可读/不可定位，或存在复合断言
REQ-ADMINPORTAL-00269,admin-portal,docs/PRD-管理后台.md,source_section;source_quote;atomic_assertion,4.8.1 系统参数配置 `/admin/configs`,#### 4.8.1 系统参数配置 `/admin/configs`,"需求规定：浠锋牸 | 榛樿鍔犱环鐜?| decimal(5,2) | 10.00 | %",1093,1093,gb18030->utf8 x1,NO,MANUAL_REVIEW,至少一个受影响字段无法整字段安全转换，或完整源行不可读/不可定位，或存在复合断言
REQ-ADMINPORTAL-00270,admin-portal,docs/PRD-管理后台.md,source_section;source_quote;atomic_assertion,4.8.1 系统参数配置 `/admin/configs`,#### 4.8.1 系统参数配置 `/admin/configs`,"需求规定：缁撶畻 | 榛樿缁撶畻鍛ㄦ湡 | select | ""鏈堢粨"" | 鏈堢粨/鍛ㄧ粨",1093,1093,gb18030->utf8 x1,NO,MANUAL_REVIEW,至少一个受影响字段无法整字段安全转换，或完整源行不可读/不可定位，或存在复合断言
REQ-ADMINPORTAL-00271,admin-portal,docs/PRD-管理后台.md,source_section;source_quote;atomic_assertion,4.8.1 系统参数配置 `/admin/configs`,#### 4.8.1 系统参数配置 `/admin/configs`,"需求规定：缁撶畻 | 榛樿浣ｉ噾鐜?| decimal(5,2) | 10.00 | %",1093,1093,gb18030->utf8 x1,NO,MANUAL_REVIEW,至少一个受影响字段无法整字段安全转换，或完整源行不可读/不可定位，或存在复合断言
REQ-ADMINPORTAL-00272,admin-portal,docs/PRD-管理后台.md,source_section;source_quote;atomic_assertion,4.8.1 系统参数配置 `/admin/configs`,#### 4.8.1 系统参数配置 `/admin/configs`,需求规定：缁撶畻 | 缁撶畻寤惰繜澶╂暟 | int | 3 | 璐﹀崟鐢熸垚寤惰繜澶╂暟,1093,1093,gb18030->utf8 x1,NO,MANUAL_REVIEW,至少一个受影响字段无法整字段安全转换，或完整源行不可读/不可定位，或存在复合断言
REQ-ADMINPORTAL-00273,admin-portal,docs/PRD-管理后台.md,source_section;source_quote;atomic_assertion,4.8.1 系统参数配置 `/admin/configs`,#### 4.8.1 系统参数配置 `/admin/configs`,需求规定：缁撶畻 | 浣ｉ噾鍐荤粨鏈?| int | 7 | 澶╋紙浜х敓鍚庡彲鎻愮幇锛墊,1093,1093,gb18030->utf8 x1,NO,MANUAL_REVIEW,至少一个受影响字段无法整字段安全转换，或完整源行不可读/不可定位，或存在复合断言
REQ-ADMINPORTAL-00274,admin-portal,docs/PRD-管理后台.md,source_section;source_quote;atomic_assertion,4.8.1 系统参数配置 `/admin/configs`,#### 4.8.1 系统参数配置 `/admin/configs`,"需求规定：瀹炲悕 | 瀹炲悕绛夌骇 | select | ""鏍囧噯"" | 鏍囧噯/涓ユ牸/瀹芥澗",1093,1093,gb18030->utf8 x1,NO,MANUAL_REVIEW,至少一个受影响字段无法整字段安全转换，或完整源行不可读/不可定位，或存在复合断言
REQ-ADMINPORTAL-00275,admin-portal,docs/PRD-管理后台.md,source_section;source_quote;atomic_assertion,4.8.1 系统参数配置 `/admin/configs`,#### 4.8.1 系统参数配置 `/admin/configs`,"需求规定：瀹炲悕 | OCR 鏈嶅姟閰嶇疆 | encrypted | """" | 绗笁鏂?OCR API Key",1093,1093,gb18030->utf8 x1,NO,MANUAL_REVIEW,至少一个受影响字段无法整字段安全转换，或完整源行不可读/不可定位，或存在复合断言
REQ-ADMINPORTAL-00276,admin-portal,docs/PRD-管理后台.md,source_section;source_quote,4.8.1 系统参数配置 `/admin/configs`,#### 4.8.1 系统参数配置 `/admin/configs`,需求规定：渚涘簲鍟?| 鍋ュ悍妫€鏌ラ棿闅?| int | 30 | 绉?,1093,1093,gb18030->utf8 x1,NO,REVIEW_CANDIDATE,所有受影响字段均完成整字段可逆转换，且引用/章节可定位；仍需人工确认
REQ-ADMINPORTAL-00277,admin-portal,docs/PRD-管理后台.md,source_section;source_quote,4.8.1 系统参数配置 `/admin/configs`,#### 4.8.1 系统参数配置 `/admin/configs`,需求规定：渚涘簲鍟?| 鐔旀柇澶辫触闃堝€?| int | 10 | 杩炵画澶辫触娆℃暟,1093,1093,gb18030->utf8 x1,NO,REVIEW_CANDIDATE,所有受影响字段均完成整字段可逆转换，且引用/章节可定位；仍需人工确认
REQ-ADMINPORTAL-00278,admin-portal,docs/PRD-管理后台.md,source_section;source_quote;atomic_assertion,4.8.1 系统参数配置 `/admin/configs`,#### 4.8.1 系统参数配置 `/admin/configs`,需求规定：渚涘簲鍟?| 鐔旀柇鎭㈠绛夊緟 | int | 30 | 绉?,1093,1093,gb18030->utf8 x1,NO,MANUAL_REVIEW,至少一个受影响字段无法整字段安全转换，或完整源行不可读/不可定位，或存在复合断言
REQ-ADMINPORTAL-00279,admin-portal,docs/PRD-管理后台.md,source_section;source_quote;atomic_assertion,4.8.1 系统参数配置 `/admin/configs`,#### 4.8.1 系统参数配置 `/admin/configs`,需求规定：**鏁忔劅閰嶇疆鏌ョ湅纭娴佺▼**,1093,1093,gb18030->utf8 x1,NO,MANUAL_REVIEW,至少一个受影响字段无法整字段安全转换，或完整源行不可读/不可定位，或存在复合断言
REQ-ADMINPORTAL-00280,admin-portal,docs/PRD-管理后台.md,source_section;source_quote;atomic_assertion,4.8.1 系统参数配置 `/admin/configs`,#### 4.8.1 系统参数配置 `/admin/configs`,需求规定：**閰嶇疆瀵煎叆瀵煎嚭**锛圥2锛?,1093,1093,gb18030->utf8 x1,NO,MANUAL_REVIEW,至少一个受影响字段无法整字段安全转换，或完整源行不可读/不可定位，或存在复合断言
REQ-ADMINPORTAL-00281,admin-portal,docs/PRD-管理后台.md,source_section;source_quote;atomic_assertion,4.8.2 閰嶇疆鐗堟湰鎺у埗 `/admin/config-versions`锛圥1锛?,#### 4.8.2 閰嶇疆鐗堟湰鎺у埗 `/admin/config-versions`锛圥1锛?,需求规定：**鐗堟湰鍒楄〃**,,,,NO,MANUAL_REVIEW,至少一个受影响字段无法整字段安全转换，或完整源行不可读/不可定位，或存在复合断言
REQ-ADMINPORTAL-00282,admin-portal,docs/PRD-管理后台.md,source_section;source_quote,4.8.2 閰嶇疆鐗堟湰鎺у埗 `/admin/config-versions`锛圥1锛?,#### 4.8.2 閰嶇疆鐗堟湰鎺у埗 `/admin/config-versions`锛圥1锛?,需求规定：鐗堟湰 | 鏃堕棿 | 鎿嶄綔浜?| 鍙樻洿椤规暟 | 璇存槑,,,,NO,MANUAL_REVIEW,至少一个受影响字段无法整字段安全转换，或完整源行不可读/不可定位，或存在复合断言
REQ-ADMINPORTAL-00283,admin-portal,docs/PRD-管理后台.md,source_section;source_quote,4.8.2 閰嶇疆鐗堟湰鎺у埗 `/admin/config-versions`锛圥1锛?,#### 4.8.2 閰嶇疆鐗堟湰鎺у埗 `/admin/config-versions`锛圥1锛?,需求规定：v42 | 2026-07-26 11:35 | admin@3cloud.ai | 2 | 璋冩暣 DeepSeek 鍔犱环鐜?,,,,NO,MANUAL_REVIEW,至少一个受影响字段无法整字段安全转换，或完整源行不可读/不可定位，或存在复合断言
REQ-ADMINPORTAL-00284,admin-portal,docs/PRD-管理后台.md,source_section;source_quote;atomic_assertion,4.8.2 閰嶇疆鐗堟湰鎺у埗 `/admin/config-versions`锛圥1锛?,#### 4.8.2 閰嶇疆鐗堟湰鎺у埗 `/admin/config-versions`锛圥1锛?,需求规定：v41 | 2026-07-25 15:00 | 绯荤粺 | 1 | 鑷姩澶囦唤锛堟椿鍔ㄥ埌鏈燂級,,,,NO,MANUAL_REVIEW,至少一个受影响字段无法整字段安全转换，或完整源行不可读/不可定位，或存在复合断言
REQ-ADMINPORTAL-00285,admin-portal,docs/PRD-管理后台.md,source_section;source_quote;atomic_assertion,4.8.2 閰嶇疆鐗堟湰鎺у埗 `/admin/config-versions`锛圥1锛?,#### 4.8.2 閰嶇疆鐗堟湰鎺у埗 `/admin/config-versions`锛圥1锛?,需求规定：v40 | 2026-07-24 09:00 | admin@3cloud.ai | 5 | 閰嶇疆鏂颁緵搴斿晢 OspreyAI,,,,NO,MANUAL_REVIEW,至少一个受影响字段无法整字段安全转换，或完整源行不可读/不可定位，或存在复合断言
REQ-ADMINPORTAL-00286,admin-portal,docs/PRD-管理后台.md,source_section;source_quote,4.8.2 閰嶇疆鐗堟湰鎺у埗 `/admin/config-versions`锛圥1锛?,#### 4.8.2 閰嶇疆鐗堟湰鎺у埗 `/admin/config-versions`锛圥1锛?,需求规定：**鐗堟湰瀵规瘮**,,,,NO,MANUAL_REVIEW,至少一个受影响字段无法整字段安全转换，或完整源行不可读/不可定位，或存在复合断言
REQ-ADMINPORTAL-00287,admin-portal,docs/PRD-管理后台.md,source_section;source_quote,4.8.2 閰嶇疆鐗堟湰鎺у埗 `/admin/config-versions`锛圥1锛?,#### 4.8.2 閰嶇疆鐗堟湰鎺у埗 `/admin/config-versions`锛圥1锛?,需求规定：**鐗堟湰鍥炴粴**,,,,NO,MANUAL_REVIEW,至少一个受影响字段无法整字段安全转换，或完整源行不可读/不可定位，或存在复合断言
REQ-ADMINPORTAL-00288,admin-portal,docs/PRD-管理后台.md,source_section;source_quote,4.9.1 鑷畾涔夋姤琛?`/admin/custom-reports`锛圥2锛?,#### 4.9.1 鑷畾涔夋姤琛?`/admin/custom-reports`锛圥2锛?,需求规定：**鎶ヨ〃鏋勫缓鍣?*,,,,NO,MANUAL_REVIEW,至少一个受影响字段无法整字段安全转换，或完整源行不可读/不可定位，或存在复合断言
REQ-ADMINPORTAL-00289,admin-portal,docs/PRD-管理后台.md,source_section;source_quote,4.9.1 鑷畾涔夋姤琛?`/admin/custom-reports`锛圥2锛?,#### 4.9.1 鑷畾涔夋姤琛?`/admin/custom-reports`锛圥2锛?,需求规定：**瀹氭椂璋冨害**,,,,NO,MANUAL_REVIEW,至少一个受影响字段无法整字段安全转换，或完整源行不可读/不可定位，或存在复合断言
REQ-ADMINPORTAL-00290,admin-portal,docs/PRD-管理后台.md,source_section;source_quote;atomic_assertion,4.9.2 A/B 娴嬭瘯 `/admin/ab-testing`锛圥2锛?,#### 4.9.2 A/B 娴嬭瘯 `/admin/ab-testing`锛圥2锛?,需求规定：**瀹為獙閰嶇疆**,,,,NO,MANUAL_REVIEW,至少一个受影响字段无法整字段安全转换，或完整源行不可读/不可定位，或存在复合断言
REQ-ADMINPORTAL-00291,admin-portal,docs/PRD-管理后台.md,source_section;source_quote,4.9.2 A/B 娴嬭瘯 `/admin/ab-testing`锛圥2锛?,#### 4.9.2 A/B 娴嬭瘯 `/admin/ab-testing`锛圥2锛?,需求规定：**瀹為獙缁撴灉**,,,,NO,MANUAL_REVIEW,至少一个受影响字段无法整字段安全转换，或完整源行不可读/不可定位，或存在复合断言
REQ-ADMINPORTAL-00292,admin-portal,docs/PRD-管理后台.md,source_section;source_quote,4.10 渚涘簲鍟嗚嚜鍔╃鐞嗭紙P1锛?,> 馃搸 **娣卞寲鍙傝€?*锛歔`docs/ref-4.10-vendor-self-service.md`](ref-4.10-vendor-self-service.md) 鈥?鍚叆椹绘祦绋嬫吵閬撳浘銆佹敞鍐岃〃鍗曞瓧娈点€佷緵搴斿晢浠〃鐩?妯″瀷绠＄悊/鏁版嵁缁熻/缁撶畻鍏ㄨ鏍笺€丏rizzle Schema銆丄PI 鎺ュ彛銆佸鏍告祦绋?,需求规定：**渚涘簲鍟嗗叆椹绘祦绋?*,,,,NO,MANUAL_REVIEW,至少一个受影响字段无法整字段安全转换，或完整源行不可读/不可定位，或存在复合断言
REQ-ADMINPORTAL-00293,admin-portal,docs/PRD-管理后台.md,source_section;source_quote;atomic_assertion,4.10 渚涘簲鍟嗚嚜鍔╃鐞嗭紙P1锛?,### 4.10 渚涘簲鍟嗚嚜鍔╃鐞嗭紙P1锛?,需求规定：**渚涘簲鍟嗙鐞嗗悗鍙板姛鑳?*,,,,NO,MANUAL_REVIEW,至少一个受影响字段无法整字段安全转换，或完整源行不可读/不可定位，或存在复合断言
REQ-ADMINPORTAL-00294,admin-portal,docs/PRD-管理后台.md,source_section;source_quote,4.10 渚涘簲鍟嗚嚜鍔╃鐞嗭紙P1锛?,### 4.10 渚涘簲鍟嗚嚜鍔╃鐞嗭紙P1锛?,需求规定：椤甸潰 | 鍔熻兘 | 璁块棶鏂瑰紡,,,,NO,MANUAL_REVIEW,至少一个受影响字段无法整字段安全转换，或完整源行不可读/不可定位，或存在复合断言
REQ-ADMINPORTAL-00295,admin-portal,docs/PRD-管理后台.md,source_section;source_quote;atomic_assertion,4.10 渚涘簲鍟嗚嚜鍔╃鐞嗭紙P1锛?,> 馃搸 **娣卞寲鍙傝€?*锛歔`docs/ref-4.10-vendor-self-service.md`](ref-4.10-vendor-self-service.md) 鈥?鍚叆椹绘祦绋嬫吵閬撳浘銆佹敞鍐岃〃鍗曞瓧娈点€佷緵搴斿晢浠〃鐩?妯″瀷绠＄悊/鏁版嵁缁熻/缁撶畻鍏ㄨ鏍笺€丏rizzle Schema銆丄PI 鎺ュ彛銆佸鏍告祦绋?,需求规定：浠〃鐩?| 浠婃棩璋冪敤閲?鏀跺叆/鍙敤鐜?瓒嬪娍 | `/vendor`,,,,NO,MANUAL_REVIEW,至少一个受影响字段无法整字段安全转换，或完整源行不可读/不可定位，或存在复合断言
REQ-ADMINPORTAL-00296,admin-portal,docs/PRD-管理后台.md,source_section;source_quote;atomic_assertion,4.10 渚涘簲鍟嗚嚜鍔╃鐞嗭紙P1锛?,> 馃搸 **娣卞寲鍙傝€?*锛歔`docs/ref-4.10-vendor-self-service.md`](ref-4.10-vendor-self-service.md) 鈥?鍚叆椹绘祦绋嬫吵閬撳浘銆佹敞鍐岃〃鍗曞瓧娈点€佷緵搴斿晢浠〃鐩?妯″瀷绠＄悊/鏁版嵁缁熻/缁撶畻鍏ㄨ鏍笺€丏rizzle Schema銆丄PI 鎺ュ彛銆佸鏍告祦绋?,需求规定：妯″瀷绠＄悊 | 宸叉帴鍏ユā鍨嬪垪琛?鏂板妯″瀷/浠锋牸淇敼 | `/vendor/models`,,,,NO,MANUAL_REVIEW,至少一个受影响字段无法整字段安全转换，或完整源行不可读/不可定位，或存在复合断言
REQ-ADMINPORTAL-00297,admin-portal,docs/PRD-管理后台.md,source_section;source_quote;atomic_assertion,4.10 渚涘簲鍟嗚嚜鍔╃鐞嗭紙P1锛?,> 馃搸 **娣卞寲鍙傝€?*锛歔`docs/ref-4.10-vendor-self-service.md`](ref-4.10-vendor-self-service.md) 鈥?鍚叆椹绘祦绋嬫吵閬撳浘銆佹敞鍐岃〃鍗曞瓧娈点€佷緵搴斿晢浠〃鐩?妯″瀷绠＄悊/鏁版嵁缁熻/缁撶畻鍏ㄨ鏍笺€丏rizzle Schema銆丄PI 鎺ュ彛銆佸鏍告祦绋?,需求规定：鏁版嵁缁熻 | 璋冪敤瓒嬪娍/鏀跺叆瓒嬪娍/鐢ㄦ埛鍒嗗竷(鑴辨晱) | `/vendor/stats`,,,,NO,MANUAL_REVIEW,至少一个受影响字段无法整字段安全转换，或完整源行不可读/不可定位，或存在复合断言
REQ-ADMINPORTAL-00298,admin-portal,docs/PRD-管理后台.md,source_section;source_quote,4.10 渚涘簲鍟嗚嚜鍔╃鐞嗭紙P1锛?,> 馃搸 **娣卞寲鍙傝€?*锛歔`docs/ref-4.10-vendor-self-service.md`](ref-4.10-vendor-self-service.md) 鈥?鍚叆椹绘祦绋嬫吵閬撳浘銆佹敞鍐岃〃鍗曞瓧娈点€佷緵搴斿晢浠〃鐩?妯″瀷绠＄悊/鏁版嵁缁熻/缁撶畻鍏ㄨ鏍笺€丏rizzle Schema銆丄PI 鎺ュ彛銆佸鏍告祦绋?,需求规定：缁撶畻 | 缁撶畻鍗曟煡鐪?瀵硅处 | `/vendor/settlement`,,,,NO,MANUAL_REVIEW,至少一个受影响字段无法整字段安全转换，或完整源行不可读/不可定位，或存在复合断言
REQ-ADMINPORTAL-00299,admin-portal,docs/PRD-管理后台.md,source_section;source_quote;atomic_assertion,4.10 渚涘簲鍟嗚嚜鍔╃鐞嗭紙P1锛?,> 馃搸 **娣卞寲鍙傝€?*锛歔`docs/ref-4.10-vendor-self-service.md`](ref-4.10-vendor-self-service.md) 鈥?鍚叆椹绘祦绋嬫吵閬撳浘銆佹敞鍐岃〃鍗曞瓧娈点€佷緵搴斿晢浠〃鐩?妯″瀷绠＄悊/鏁版嵁缁熻/缁撶畻鍏ㄨ鏍笺€丏rizzle Schema銆丄PI 鎺ュ彛銆佸鏍告祦绋?,需求规定：閫氱煡 | 骞冲彴閫氱煡鍒楄〃 | `/vendor/notifications`,,,,NO,MANUAL_REVIEW,至少一个受影响字段无法整字段安全转换，或完整源行不可读/不可定位，或存在复合断言
REQ-ADMINPORTAL-00300,growth-operations,docs/PRD-概览与运营模型.md,source_quote;atomic_assertion,1.2 商业模型,| 瑙掕壊 | 琛屼负 | 鏀跺叆/浠峰€?| 瀵瑰钩鍙扮殑璐＄尞 |,需求规定：瑙掕壊 | 琛屼负 | 鏀跺叆/浠峰€?| 瀵瑰钩鍙扮殑璐＄尞,,8,gb18030->utf8 x1,NO,MANUAL_REVIEW,至少一个受影响字段无法整字段安全转换，或完整源行不可读/不可定位，或存在复合断言
REQ-ADMINPORTAL-00301,growth-operations,docs/PRD-概览与运营模型.md,source_quote;atomic_assertion,1.2 商业模型,| **骞冲彴** | 浠庝緵搴斿晢閲囪喘 鈫?鍔犱环/鎶戒剑杞敭 | 璧氬彇閲囪喘浠蜂笌鍞环涔嬮棿鐨勫樊浠?+ 浠ｇ悊鍟嗕剑閲戞娊鎴?| 鈥?|,需求规定：**骞冲彴** | 浠庝緵搴斿晢閲囪喘 鈫?鍔犱环/鎶戒剑杞敭 | 璧氬彇閲囪喘浠蜂笌鍞环涔嬮棿鐨勫樊浠?+ 浠ｇ悊鍟嗕剑閲戞娊鎴?| 鈥?,,8,gb18030->utf8 x1,NO,MANUAL_REVIEW,至少一个受影响字段无法整字段安全转换，或完整源行不可读/不可定位，或存在复合断言
REQ-ADMINPORTAL-00302,growth-operations,docs/PRD-概览与运营模型.md,source_quote;atomic_assertion,1.2 商业模型,| **渚涘簲鍟?* | 鎻愪緵妯″瀷 API 鑳藉姏 | 閫氳繃骞冲彴瑙﹁揪鏇村缁堢鐢ㄦ埛 | 鎻愪緵鏍稿績绠楀姏浜у搧 |,需求规定：**渚涘簲鍟?* | 鎻愪緵妯″瀷 API 鑳藉姏 | 閫氳繃骞冲彴瑙﹁揪鏇村缁堢鐢ㄦ埛 | 鎻愪緵鏍稿績绠楀姏浜у搧,,8,gb18030->utf8 x1,NO,MANUAL_REVIEW,至少一个受影响字段无法整字段安全转换，或完整源行不可读/不可定位，或存在复合断言
REQ-ADMINPORTAL-00303,growth-operations,docs/PRD-概览与运营模型.md,source_quote;atomic_assertion,1.2 商业模型,| **涓€绾т唬鐞?* | 鍙戝睍鍚嶄笅鐢ㄦ埛鍜屽瓙浠ｇ悊 | 璧氬彇鐢ㄦ埛娑堣垂鐨勪剑閲戝垎鎴?| 甯︽潵鐢ㄦ埛娴侀噺鍜屾秷璐?|,需求规定：**涓€绾т唬鐞?* | 鍙戝睍鍚嶄笅鐢ㄦ埛鍜屽瓙浠ｇ悊 | 璧氬彇鐢ㄦ埛娑堣垂鐨勪剑閲戝垎鎴?| 甯︽潵鐢ㄦ埛娴侀噺鍜屾秷璐?,,8,gb18030->utf8 x1,NO,MANUAL_REVIEW,至少一个受影响字段无法整字段安全转换，或完整源行不可读/不可定位，或存在复合断言
REQ-ADMINPORTAL-00304,growth-operations,docs/PRD-概览与运营模型.md,source_quote;atomic_assertion,1.2 商业模型,| **瀛愪唬鐞?* | 闅跺睘浜庝竴绾т唬鐞嗗彂灞曠敤鎴?| 璧氬彇鐢ㄦ埛娑堣垂鐨勪剑閲戝垎鎴?| 鎵╁睍鐢ㄦ埛瑙﹁揪闈?|,需求规定：**瀛愪唬鐞?* | 闅跺睘浜庝竴绾т唬鐞嗗彂灞曠敤鎴?| 璧氬彇鐢ㄦ埛娑堣垂鐨勪剑閲戝垎鎴?| 鎵╁睍鐢ㄦ埛瑙﹁揪闈?,,8,gb18030->utf8 x1,NO,MANUAL_REVIEW,至少一个受影响字段无法整字段安全转换，或完整源行不可读/不可定位，或存在复合断言
REQ-ADMINPORTAL-00305,growth-operations,docs/PRD-概览与运营模型.md,source_quote;atomic_assertion,1.2 商业模型,| **浼佷笟鐢ㄦ埛** | 闆嗕腑绠＄悊鍥㈤槦 API 娑堣垂 | 缁熶竴璁¤垂銆佸璁°€佹潈闄愮鐞?| 楂樹环鍊肩ǔ瀹氭秷璐?|,需求规定：**浼佷笟鐢ㄦ埛** | 闆嗕腑绠＄悊鍥㈤槦 API 娑堣垂 | 缁熶竴璁¤垂銆佸璁°€佹潈闄愮鐞?| 楂樹环鍊肩ǔ瀹氭秷璐?,,8,gb18030->utf8 x1,NO,MANUAL_REVIEW,至少一个受影响字段无法整字段安全转换，或完整源行不可读/不可定位，或存在复合断言
REQ-ADMINPORTAL-00306,growth-operations,docs/PRD-概览与运营模型.md,source_quote;atomic_assertion,1.2 商业模型,| **寮€鍙戣€?* | 浣跨敤 API Key 璋冪敤妯″瀷 | 涓€绔欏紡鎺ュ叆澶氭ā鍨嬨€佸厤鍘婚€愪竴绛剧害 | 鏈€骞挎硾鐨勭敤鎴峰熀纭€ |,需求规定：**寮€鍙戣€?* | 浣跨敤 API Key 璋冪敤妯″瀷 | 涓€绔欏紡鎺ュ叆澶氭ā鍨嬨€佸厤鍘婚€愪竴绛剧害 | 鏈€骞挎硾鐨勭敤鎴峰熀纭€,,8,gb18030->utf8 x1,NO,MANUAL_REVIEW,至少一个受影响字段无法整字段安全转换，或完整源行不可读/不可定位，或存在复合断言
REQ-ADMINPORTAL-00307,growth-operations,docs/PRD-概览与运营模型.md,source_section;source_quote;atomic_assertion,1.3 鏍稿績鍟嗕笟鎸囨爣锛堣繍钀?KPI锛?,| 鎸囨爣鍚嶇О | 瀹氫箟 | 閲囬泦鏂瑰紡 | 杩愯惀鎰忎箟 | 棰勮闃堝€?|,需求规定：鎸囨爣鍚嶇О | 瀹氫箟 | 閲囬泦鏂瑰紡 | 杩愯惀鎰忎箟 | 棰勮闃堝€?,,,,NO,MANUAL_REVIEW,至少一个受影响字段无法整字段安全转换，或完整源行不可读/不可定位，或存在复合断言
REQ-ADMINPORTAL-00308,growth-operations,docs/PRD-概览与运营模型.md,source_section;source_quote;atomic_assertion,1.3 鏍稿績鍟嗕笟鎸囨爣锛堣繍钀?KPI锛?,| 鏃ユ椿璺冪敤鎴?(DAU) | 姣忓ぉ鍙戣捣鑷冲皯 1 娆?API 璋冪敤鐨勭嫭绔嬬敤鎴锋暟 | `call_logs.user_id` 鍘婚噸璁℃暟 | 琛￠噺骞冲彴鏃ユ椿鍋ュ悍搴?| 杩炵画 3 澶╀笅闄?> 10% |,需求规定：鏃ユ椿璺冪敤鎴?(DAU) | 姣忓ぉ鍙戣捣鑷冲皯 1 娆?API 璋冪敤鐨勭嫭绔嬬敤鎴锋暟 | `call_logs.user_id` 鍘婚噸璁℃暟 | 琛￠噺骞冲彴鏃ユ椿鍋ュ悍搴?| 杩炵画 3 澶╀笅闄?> 10%,,,,NO,MANUAL_REVIEW,至少一个受影响字段无法整字段安全转换，或完整源行不可读/不可定位，或存在复合断言
REQ-ADMINPORTAL-00309,growth-operations,docs/PRD-概览与运营模型.md,source_section;source_quote;atomic_assertion,1.3 鏍稿績鍟嗕笟鎸囨爣锛堣繍钀?KPI锛?,| 鏃ヨ皟鐢ㄩ噺 | 鍏ㄥぉ API 璇锋眰鎬绘暟 | `call_logs` 璁℃暟 | 绯荤粺璐熻浇鍜岃惀鏀舵潵婧?| 澧為暱鐜?> 100%/鍛?闇€鎵╁ |,需求规定：鏃ヨ皟鐢ㄩ噺 | 鍏ㄥぉ API 璇锋眰鎬绘暟 | `call_logs` 璁℃暟 | 绯荤粺璐熻浇鍜岃惀鏀舵潵婧?| 澧為暱鐜?> 100%/鍛?闇€鎵╁,,,,NO,MANUAL_REVIEW,至少一个受影响字段无法整字段安全转换，或完整源行不可读/不可定位，或存在复合断言
REQ-ADMINPORTAL-00310,growth-operations,docs/PRD-概览与运营模型.md,source_section;source_quote;atomic_assertion,1.3 鏍稿績鍟嗕笟鎸囨爣锛堣繍钀?KPI锛?,| 鏈堟祦姘?(MRR) | 鏈堝害鐢ㄦ埛娑堣垂鎬婚 | `consumption_logs` 鎸夋湀鑱氬悎 | 骞冲彴钀ユ敹鏍稿績鎸囨爣 | 鏈堢幆姣斾笅闄?> 15% |,需求规定：鏈堟祦姘?(MRR) | 鏈堝害鐢ㄦ埛娑堣垂鎬婚 | `consumption_logs` 鎸夋湀鑱氬悎 | 骞冲彴钀ユ敹鏍稿績鎸囨爣 | 鏈堢幆姣斾笅闄?> 15%,,,,NO,MANUAL_REVIEW,至少一个受影响字段无法整字段安全转换，或完整源行不可读/不可定位，或存在复合断言
REQ-ADMINPORTAL-00311,growth-operations,docs/PRD-概览与运营模型.md,source_section;source_quote;atomic_assertion,1.3 鏍稿績鍟嗕笟鎸囨爣锛堣繍钀?KPI锛?,| 姣涘埄鐜?| (鐢ㄦ埛鏀跺叆 - 渚涘簲鍟嗘垚鏈? / 鐢ㄦ埛鏀跺叆 脳 100% | 璐㈠姟妯″潡鑷姩璁＄畻 | 骞冲彴鐩堝埄鑳藉姏 | < 15% 闇€璋冩暣瀹氫环 |,需求规定：姣涘埄鐜?| (鐢ㄦ埛鏀跺叆 - 渚涘簲鍟嗘垚鏈? / 鐢ㄦ埛鏀跺叆 脳 100% | 璐㈠姟妯″潡鑷姩璁＄畻 | 骞冲彴鐩堝埄鑳藉姏 | < 15% 闇€璋冩暣瀹氫环,,,,NO,MANUAL_REVIEW,至少一个受影响字段无法整字段安全转换，或完整源行不可读/不可定位，或存在复合断言
REQ-ADMINPORTAL-00312,growth-operations,docs/PRD-概览与运营模型.md,source_section;source_quote;atomic_assertion,1.3 鏍稿績鍟嗕笟鎸囨爣锛堣繍钀?KPI锛?,| 鐢ㄦ埛鐣欏瓨鐜囷紙7鏃ワ級 | 娉ㄥ唽鍚庣 7 澶╀粛鏈夎皟鐢ㄧ殑鐢ㄦ埛 / 娉ㄥ唽鎬绘暟 | 鐢ㄦ埛鍒嗘瀽妯″潡 | 浜у搧绮樻€?| < 20% 闇€浼樺寲 Onboarding |,需求规定：鐢ㄦ埛鐣欏瓨鐜囷紙7鏃ワ級 | 娉ㄥ唽鍚庣 7 澶╀粛鏈夎皟鐢ㄧ殑鐢ㄦ埛 / 娉ㄥ唽鎬绘暟 | 鐢ㄦ埛鍒嗘瀽妯″潡 | 浜у搧绮樻€?| < 20% 闇€浼樺寲 Onboarding,,,,NO,MANUAL_REVIEW,至少一个受影响字段无法整字段安全转换，或完整源行不可读/不可定位，或存在复合断言
REQ-ADMINPORTAL-00313,growth-operations,docs/PRD-概览与运营模型.md,source_section;source_quote;atomic_assertion,1.3 鏍稿績鍟嗕笟鎸囨爣锛堣繍钀?KPI锛?,| 鐢ㄦ埛鐣欏瓨鐜囷紙30鏃ワ級 | 娉ㄥ唽鍚庣 30 澶╀粛鏈夎皟鐢ㄧ殑鐢ㄦ埛 / 娉ㄥ唽鎬绘暟 | 鐢ㄦ埛鍒嗘瀽妯″潡 | 闀挎湡浠峰€煎垽鏂?| < 10% 闇€璋冩暣杩愯惀绛栫暐 |,需求规定：鐢ㄦ埛鐣欏瓨鐜囷紙30鏃ワ級 | 娉ㄥ唽鍚庣 30 澶╀粛鏈夎皟鐢ㄧ殑鐢ㄦ埛 / 娉ㄥ唽鎬绘暟 | 鐢ㄦ埛鍒嗘瀽妯″潡 | 闀挎湡浠峰€煎垽鏂?| < 10% 闇€璋冩暣杩愯惀绛栫暐,,,,NO,MANUAL_REVIEW,至少一个受影响字段无法整字段安全转换，或完整源行不可读/不可定位，或存在复合断言
REQ-ADMINPORTAL-00314,growth-operations,docs/PRD-概览与运营模型.md,source_section;source_quote;atomic_assertion,1.3 鏍稿績鍟嗕笟鎸囨爣锛堣繍钀?KPI锛?,| 浠ｇ悊娲昏穬搴?| 杩?30 澶╁悕涓嬬敤鎴锋湁娑堣垂鐨勪唬鐞?/ 鎬讳唬鐞嗘暟 | 浠ｇ悊妯″潡 | 鍒嗛攢浣撶郴鍋ュ悍搴?| < 50% 闇€浠ｇ悊婵€鍔?|,需求规定：浠ｇ悊娲昏穬搴?| 杩?30 澶╁悕涓嬬敤鎴锋湁娑堣垂鐨勪唬鐞?/ 鎬讳唬鐞嗘暟 | 浠ｇ悊妯″潡 | 鍒嗛攢浣撶郴鍋ュ悍搴?| < 50% 闇€浠ｇ悊婵€鍔?,,,,NO,MANUAL_REVIEW,至少一个受影响字段无法整字段安全转换，或完整源行不可读/不可定位，或存在复合断言
REQ-ADMINPORTAL-00315,growth-operations,docs/PRD-概览与运营模型.md,source_section;source_quote;atomic_assertion,1.3 鏍稿績鍟嗕笟鎸囨爣锛堣繍钀?KPI锛?,| Key 浣跨敤鐜?| 宸插垱寤?Key 涓繎 7 澶╂湁璋冪敤鐨勫崰姣?| `api_keys` 鍏宠仈 `call_logs` | Key 闂茬疆鐜囩洃鎺?| < 40% 闇€鎻愰啋鐢ㄦ埛娓呯悊 |,需求规定：Key 浣跨敤鐜?| 宸插垱寤?Key 涓繎 7 澶╂湁璋冪敤鐨勫崰姣?| `api_keys` 鍏宠仈 `call_logs` | Key 闂茬疆鐜囩洃鎺?| < 40% 闇€鎻愰啋鐢ㄦ埛娓呯悊,,,,NO,MANUAL_REVIEW,至少一个受影响字段无法整字段安全转换，或完整源行不可读/不可定位，或存在复合断言
REQ-ADMINPORTAL-00316,growth-operations,docs/PRD-概览与运营模型.md,source_section;source_quote;atomic_assertion,1.3 鏍稿績鍟嗕笟鎸囨爣锛堣繍钀?KPI锛?,| 渚涘簲鍟嗗仴搴峰害 | 鍚勪緵搴斿晢 API 鍙敤鐜囷紙鏈€杩?24 灏忔椂锛?| 鍋ュ悍妫€鏌ユā鍧?| 鏈嶅姟璐ㄩ噺鐩戞帶 | < 99% 瑙﹀彂鍛婅 |,需求规定：渚涘簲鍟嗗仴搴峰害 | 鍚勪緵搴斿晢 API 鍙敤鐜囷紙鏈€杩?24 灏忔椂锛?| 鍋ュ悍妫€鏌ユā鍧?| 鏈嶅姟璐ㄩ噺鐩戞帶 | < 99% 瑙﹀彂鍛婅,,,,NO,MANUAL_REVIEW,至少一个受影响字段无法整字段安全转换，或完整源行不可读/不可定位，或存在复合断言
REQ-ADMINPORTAL-00317,growth-operations,docs/PRD-概览与运营模型.md,source_section;source_quote;atomic_assertion,1.3 鏍稿績鍟嗕笟鎸囨爣锛堣繍钀?KPI锛?,| 鍛婅鏀舵暃鐜?| 鐪熷疄鍛婅 / 鎬诲憡璀︽暟 脳 100% | 鍛婅妯″潡 | 鍛婅璐ㄩ噺銆侀伩鍏嶅憡璀︾柌鍔?| < 60% 闇€璋冩暣瑙勫垯闃堝€?|,需求规定：鍛婅鏀舵暃鐜?| 鐪熷疄鍛婅 / 鎬诲憡璀︽暟 脳 100% | 鍛婅妯″潡 | 鍛婅璐ㄩ噺銆侀伩鍏嶅憡璀︾柌鍔?| < 60% 闇€璋冩暣瑙勫垯闃堝€?,,,,NO,MANUAL_REVIEW,至少一个受影响字段无法整字段安全转换，或完整源行不可读/不可定位，或存在复合断言
REQ-ADMINPORTAL-00318,growth-operations,docs/PRD-概览与运营模型.md,source_section;source_quote;atomic_assertion,1.3 鏍稿績鍟嗕笟鎸囨爣锛堣繍钀?KPI锛?,| 鑷姪缁撶畻鐜?| 浠ｇ悊鍟嗚嚜鍔╃‘璁ょ粨绠楃殑姣斾緥 | 缁撶畻妯″潡 | 杩愯惀浜哄姏鎶曞叆 | < 70% 闇€浼樺寲缁撶畻娴佺▼ |,需求规定：鑷姪缁撶畻鐜?| 浠ｇ悊鍟嗚嚜鍔╃‘璁ょ粨绠楃殑姣斾緥 | 缁撶畻妯″潡 | 杩愯惀浜哄姏鎶曞叆 | < 70% 闇€浼樺寲缁撶畻娴佺▼,,,,NO,MANUAL_REVIEW,至少一个受影响字段无法整字段安全转换，或完整源行不可读/不可定位，或存在复合断言
REQ-ADMINPORTAL-00319,growth-operations,docs/PRD-概览与运营模型.md,source_section;source_quote;atomic_assertion,1.3 鏍稿績鍟嗕笟鎸囨爣锛堣繍钀?KPI锛?,| 瀹㈠崟浠?(ARPU) | 鏈堟€绘秷璐?/ 鏈堟椿璺冪敤鎴锋暟 | 璐㈠姟妯″潡 | 鐢ㄦ埛浠峰€煎垎灞?| 杩炵画 3 鏈堜笅闄嶉渶钀ラ攢鍒烘縺 |,需求规定：瀹㈠崟浠?(ARPU) | 鏈堟€绘秷璐?/ 鏈堟椿璺冪敤鎴锋暟 | 璐㈠姟妯″潡 | 鐢ㄦ埛浠峰€煎垎灞?| 杩炵画 3 鏈堜笅闄嶉渶钀ラ攢鍒烘縺,,,,NO,MANUAL_REVIEW,至少一个受影响字段无法整字段安全转换，或完整源行不可读/不可定位，或存在复合断言
REQ-ADMINPORTAL-00320,growth-operations,docs/PRD-概览与运营模型.md,source_section;source_quote;atomic_assertion,1.4 鐢ㄦ埛鍒嗗眰涓庤繍钀ョ瓥鐣?,| 用户分层 | 定义 | 占比（典型） | 运营策略 |,需求规定：鐢ㄦ埛鍒嗗眰 | 瀹氫箟 | 鍗犳瘮锛堝吀鍨嬶級 | 杩愯惀绛栫暐,41,,gb18030->utf8 x1,NO,MANUAL_REVIEW,至少一个受影响字段无法整字段安全转换，或完整源行不可读/不可定位，或存在复合断言
REQ-ADMINPORTAL-00321,growth-operations,docs/PRD-概览与运营模型.md,source_section;source_quote;atomic_assertion,1.4 鐢ㄦ埛鍒嗗眰涓庤繍钀ョ瓥鐣?,| **绉嶅瓙鐢ㄦ埛** | 褰撴湀娑堣垂 > 楼1000 | ~5% | 涓撳睘瀹㈡埛缁忕悊銆佷紭鍏堟妧鏈敮鎸併€佷笓灞炴姌鎵?|,需求规定：**绉嶅瓙鐢ㄦ埛** | 褰撴湀娑堣垂 > 楼1000 | ~5% | 涓撳睘瀹㈡埛缁忕悊銆佷紭鍏堟妧鏈敮鎸併€佷笓灞炴姌鎵?,,,,NO,MANUAL_REVIEW,至少一个受影响字段无法整字段安全转换，或完整源行不可读/不可定位，或存在复合断言
REQ-ADMINPORTAL-00322,growth-operations,docs/PRD-概览与运营模型.md,source_section;source_quote;atomic_assertion,1.4 鐢ㄦ埛鍒嗗眰涓庤繍钀ョ瓥鐣?,| **娲昏穬鐢ㄦ埛** | 褰撴湀娑堣垂 楼100-1000 | ~15% | 瀹氭湡鎺ㄩ€佺敤閲忔姤鍛娿€佹椿鍔ㄩ€氱煡 |,需求规定：**娲昏穬鐢ㄦ埛** | 褰撴湀娑堣垂 楼100-1000 | ~15% | 瀹氭湡鎺ㄩ€佺敤閲忔姤鍛娿€佹椿鍔ㄩ€氱煡,,,,NO,MANUAL_REVIEW,至少一个受影响字段无法整字段安全转换，或完整源行不可读/不可定位，或存在复合断言
REQ-ADMINPORTAL-00323,growth-operations,docs/PRD-概览与运营模型.md,source_section;source_quote;atomic_assertion,1.4 鐢ㄦ埛鍒嗗眰涓庤繍钀ョ瓥鐣?,| **鏅€氱敤鎴?* | 褰撴湀娑堣垂 楼10-100 | ~30% | 閭欢钀ラ攢銆佹弧璧犳椿鍔?|,需求规定：**鏅€氱敤鎴?* | 褰撴湀娑堣垂 楼10-100 | ~30% | 閭欢钀ラ攢銆佹弧璧犳椿鍔?,,,,NO,MANUAL_REVIEW,至少一个受影响字段无法整字段安全转换，或完整源行不可读/不可定位，或存在复合断言
REQ-ADMINPORTAL-00324,growth-operations,docs/PRD-概览与运营模型.md,source_section;source_quote;atomic_assertion,1.4 鐢ㄦ埛鍒嗗眰涓庤繍钀ョ瓥鐣?,| **浼戠湢鐢ㄦ埛** | 褰撴湀鏈夌櫥褰曚絾鏃犳秷璐?| ~25% | 鎺ㄩ€佹ā鍨嬫洿鏂般€佷紭鎯犲埜鍞ら啋 |,需求规定：**浼戠湢鐢ㄦ埛** | 褰撴湀鏈夌櫥褰曚絾鏃犳秷璐?| ~25% | 鎺ㄩ€佹ā鍨嬫洿鏂般€佷紭鎯犲埜鍞ら啋,,,,NO,MANUAL_REVIEW,至少一个受影响字段无法整字段安全转换，或完整源行不可读/不可定位，或存在复合断言
REQ-ADMINPORTAL-00325,growth-operations,docs/PRD-概览与运营模型.md,source_section;source_quote;atomic_assertion,1.4 鐢ㄦ埛鍒嗗眰涓庤繍钀ョ瓥鐣?,| **娴佸け鐢ㄦ埛** | 娉ㄥ唽瓒呰繃 30 澶╀笖杩?30 澶╂棤鐧诲綍 | ~25% | 鍙洖閭欢銆佹柊妯″瀷涓婄嚎閫氱煡 |,需求规定：**娴佸け鐢ㄦ埛** | 娉ㄥ唽瓒呰繃 30 澶╀笖杩?30 澶╂棤鐧诲綍 | ~25% | 鍙洖閭欢銆佹柊妯″瀷涓婄嚎閫氱煡,,,,NO,MANUAL_REVIEW,至少一个受影响字段无法整字段安全转换，或完整源行不可读/不可定位，或存在复合断言
REQ-ADMINPORTAL-00327,customer-support,docs/PRD-客服支撑模块.md,source_quote;atomic_assertion,功能规格,| 用户搜索入口 | 输入用户 ID/邮箱/手机号，统一搜索 |,需求规定：鐢ㄦ埛鎼滅储鍏ュ彛 | 杈撳叆鐢ㄦ埛 ID/閭/鎵嬫満鍙凤紝缁熶竴鎼滅储,12,8;40;113;148;198;234,gb18030->utf8 x1,NO,MANUAL_REVIEW,至少一个受影响字段无法整字段安全转换，或完整源行不可读/不可定位，或存在复合断言
REQ-ADMINPORTAL-00328,customer-support,docs/PRD-客服支撑模块.md,source_quote;atomic_assertion,功能规格,| 淇℃伅鑱氬悎闈㈡澘 | 涓€涓〉闈㈠睍绀猴細鐢ㄦ埛鍩烘湰淇℃伅銆佷綑棰濈姸鎬併€佹渶杩戝厖鍊艰褰曘€佹渶杩戣皟鐢ㄦ棩蹇椼€佸巻鍙插伐鍗曘€佷綑棰濆彉鍔ㄦ祦姘?|,需求规定：淇℃伅鑱氬悎闈㈡澘 | 涓€涓〉闈㈠睍绀猴細鐢ㄦ埛鍩烘湰淇℃伅銆佷綑棰濈姸鎬併€佹渶杩戝厖鍊艰褰曘€佹渶杩戣皟鐢ㄦ棩蹇椼€佸巻鍙插伐鍗曘€佷綑棰濆彉鍔ㄦ祦姘?,,8;40;113;148;198;234,gb18030->utf8 x1,NO,MANUAL_REVIEW,至少一个受影响字段无法整字段安全转换，或完整源行不可读/不可定位，或存在复合断言
REQ-ADMINPORTAL-00329,customer-support,docs/PRD-客服支撑模块.md,source_quote;atomic_assertion,功能规格,| 蹇嵎鎿嶄綔 | 鍦ㄥ伐鍙板唴鍙洿鎺ユ搷浣滅敤鎴凤紙鏌ョ湅璇︽儏銆佽皟鏁翠綑棰濄€佺鐢?鍚敤绛夛級|,需求规定：蹇嵎鎿嶄綔 | 鍦ㄥ伐鍙板唴鍙洿鎺ユ搷浣滅敤鎴凤紙鏌ョ湅璇︽儏銆佽皟鏁翠綑棰濄€佺鐢?鍚敤绛夛級,,8;40;113;148;198;234,gb18030->utf8 x1,NO,MANUAL_REVIEW,至少一个受影响字段无法整字段安全转换，或完整源行不可读/不可定位，或存在复合断言
REQ-ADMINPORTAL-00330,customer-support,docs/PRD-客服支撑模块.md,source_quote;atomic_assertion,功能规格,| 浼氳瘽鍘嗗彶 | 鏈€杩戜笌鐢ㄦ埛浜や簰鐨勫伐鍗曞拰鍥炲璁板綍 |,需求规定：浼氳瘽鍘嗗彶 | 鏈€杩戜笌鐢ㄦ埛浜や簰鐨勫伐鍗曞拰鍥炲璁板綍,,8;40;113;148;198;234,gb18030->utf8 x1,NO,MANUAL_REVIEW,至少一个受影响字段无法整字段安全转换，或完整源行不可读/不可定位，或存在复合断言
REQ-ADMINPORTAL-00331,customer-support,docs/PRD-客服支撑模块.md,source_section;source_quote;atomic_assertion,API 接口,| 方法 | 路径 | 说明 | 权限 |,需求规定：鏂规硶 | 璺緞 | 璇存槑 | 鏉冮檺,19;85;125;176;211;245,17;83;123;174;209;243,gb18030->utf8 x1,NO,MANUAL_REVIEW,至少一个受影响字段无法整字段安全转换，或完整源行不可读/不可定位，或存在复合断言
REQ-ADMINPORTAL-00332,customer-support,docs/PRD-客服支撑模块.md,source_section;source_quote;atomic_assertion,API 接口,| `GET` | `/api/v1/admin/support/user-search?q=` | 搜索用户（ID/邮箱/手机号模糊匹配）| 客服专员以上 |,需求规定：`GET` | `/api/v1/admin/support/user-search?q=` | 鎼滅储鐢ㄦ埛锛圛D/閭/鎵嬫満鍙锋ā绯婂尮閰嶏級| 瀹㈡湇涓撳憳浠ヤ笂,21,17;83;123;174;209;243,gb18030->utf8 x1,NO,MANUAL_REVIEW,至少一个受影响字段无法整字段安全转换，或完整源行不可读/不可定位，或存在复合断言
REQ-ADMINPORTAL-00333,customer-support,docs/PRD-客服支撑模块.md,source_section;source_quote;atomic_assertion,API 接口,| `GET` | `/api/v1/admin/support/user-dashboard/:userId` | 用户信息聚合面板数据 | 客服专员以上 |,需求规定：`GET` | `/api/v1/admin/support/user-dashboard/:userId` | 鐢ㄦ埛淇℃伅鑱氬悎闈㈡澘鏁版嵁 | 瀹㈡湇涓撳憳浠ヤ笂,22,17;83;123;174;209;243,gb18030->utf8 x1,NO,MANUAL_REVIEW,至少一个受影响字段无法整字段安全转换，或完整源行不可读/不可定位，或存在复合断言
REQ-ADMINPORTAL-00334,customer-support,docs/PRD-客服支撑模块.md,source_section;source_quote;atomic_assertion,API 接口,| `GET` | `/api/v1/admin/support/user-timeline/:userId` | 鐢ㄦ埛鎿嶄綔鏃堕棿绾?| 瀹㈡湇涓撳憳浠ヤ笂 |,需求规定：`GET` | `/api/v1/admin/support/user-timeline/:userId` | 鐢ㄦ埛鎿嶄綔鏃堕棿绾?| 瀹㈡湇涓撳憳浠ヤ笂,,17;83;123;174;209;243,gb18030->utf8 x1,NO,MANUAL_REVIEW,至少一个受影响字段无法整字段安全转换，或完整源行不可读/不可定位，或存在复合断言
REQ-ADMINPORTAL-00335,customer-support,docs/PRD-客服支撑模块.md,source_section,前端变更,| 页面 | 变更 |,需求规定：椤甸潰 | 鍙樻洿,27;98;134;185;220;251,25;96;132;183;218;249,gb18030->utf8 x1,NO,REVIEW_CANDIDATE,所有受影响字段均完成整字段可逆转换，且引用/章节可定位；仍需人工确认
REQ-ADMINPORTAL-00336,customer-support,docs/PRD-客服支撑模块.md,source_section;source_quote;atomic_assertion,前端变更,"| 绠＄悊鍚庡彴 鈫?鏂板""瀹㈡湇宸ヤ綔鍙?鍏ュ彛 | 缁熶竴鎼滅储 + 淇℃伅鑱氬悎闈㈡澘 |","需求规定：绠＄悊鍚庡彴 鈫?鏂板""瀹㈡湇宸ヤ綔鍙?鍏ュ彛 | 缁熶竴鎼滅储 + 淇℃伅鑱氬悎闈㈡澘",,25;96;132;183;218;249,gb18030->utf8 x1,NO,MANUAL_REVIEW,至少一个受影响字段无法整字段安全转换，或完整源行不可读/不可定位，或存在复合断言
REQ-ADMINPORTAL-00337,customer-support,docs/PRD-客服支撑模块.md,source_section;source_quote;atomic_assertion,前端变更,| 瀹㈡湇宸ヤ綔鍙?鈫?鐢ㄦ埛璇︽儏 | 鏌ョ湅鐢ㄦ埛淇℃伅銆佷綑棰濄€佸厖鍊艰褰曘€佽皟鐢ㄦ棩蹇椼€佸巻鍙插伐鍗?|,需求规定：瀹㈡湇宸ヤ綔鍙?鈫?鐢ㄦ埛璇︽儏 | 鏌ョ湅鐢ㄦ埛淇℃伅銆佷綑棰濄€佸厖鍊艰褰曘€佽皟鐢ㄦ棩蹇椼€佸巻鍙插伐鍗?,,25;96;132;183;218;249,gb18030->utf8 x1,NO,MANUAL_REVIEW,至少一个受影响字段无法整字段安全转换，或完整源行不可读/不可定位，或存在复合断言
REQ-ADMINPORTAL-00339,customer-support,docs/PRD-客服支撑模块.md,atomic_assertion,功能规格,#### 功能规格,需求规定：鐭ヨ瘑搴撳垎绫?| 鎸夊垎绫荤粍缁囷細鍏呭€?璁¤垂/Key/妯″瀷/鍙戠エ/浠ｇ悊/瀹夊叏/甯歌閿欒,8;40;113;148;198;234,8;40;113;148;198;234,gb18030->utf8 x1,NO,MANUAL_REVIEW,至少一个受影响字段无法整字段安全转换，或完整源行不可读/不可定位，或存在复合断言
REQ-ADMINPORTAL-00340,customer-support,docs/PRD-客服支撑模块.md,atomic_assertion,功能规格,#### 功能规格,需求规定：鏂囩珷绠＄悊 | 杩愯惀绔垱寤?缂栬緫/鍙戝竷鐭ヨ瘑搴撴枃绔狅紝鏀寔 Markdown 缂栬緫,8;40;113;148;198;234,8;40;113;148;198;234,gb18030->utf8 x1,NO,MANUAL_REVIEW,至少一个受影响字段无法整字段安全转换，或完整源行不可读/不可定位，或存在复合断言
REQ-ADMINPORTAL-00341,customer-support,docs/PRD-客服支撑模块.md,source_quote;atomic_assertion,功能规格,| 用户搜索入口 | 输入用户 ID/邮箱/手机号，统一搜索 |,需求规定：鎼滅储鍔熻兘 | 鍏ㄦ枃鎼滅储鐭ヨ瘑搴撳唴瀹?,12,8;40;113;148;198;234,gb18030->utf8 x1,NO,MANUAL_REVIEW,至少一个受影响字段无法整字段安全转换，或完整源行不可读/不可定位，或存在复合断言
REQ-ADMINPORTAL-00342,customer-support,docs/PRD-客服支撑模块.md,source_quote;atomic_assertion,功能规格,| 用户搜索入口 | 输入用户 ID/邮箱/手机号，统一搜索 |,需求规定：鐢ㄦ埛绔睍绀?| 甯姪涓績椤甸潰灞曠ず鐭ヨ瘑搴撴枃绔狅紙鐢ㄦ埛鍙嚜鍔╂煡鐪嬶級,12,8;40;113;148;198;234,gb18030->utf8 x1,NO,MANUAL_REVIEW,至少一个受影响字段无法整字段安全转换，或完整源行不可读/不可定位，或存在复合断言
REQ-ADMINPORTAL-00343,customer-support,docs/PRD-客服支撑模块.md,atomic_assertion,功能规格,#### 功能规格,需求规定：瀹㈡湇绔揩閫熷紩鐢?| 鍥炲宸ュ崟鏃跺彲鐩存帴鎻掑叆鐭ヨ瘑搴撴枃绔犻摼鎺ユ垨鍐呭,8;40;113;148;198;234,8;40;113;148;198;234,gb18030->utf8 x1,NO,MANUAL_REVIEW,至少一个受影响字段无法整字段安全转换，或完整源行不可读/不可定位，或存在复合断言
REQ-ADMINPORTAL-00344,customer-support,docs/PRD-客服支撑模块.md,atomic_assertion,功能规格,#### 功能规格,需求规定：娴忚閲忕粺璁?| 鍚勬枃绔犵殑娴忚娆℃暟銆佺偣璧?韪╋紙甯姪璇勪及鍐呭璐ㄩ噺锛墊,8;40;113;148;198;234,8;40;113;148;198;234,gb18030->utf8 x1,NO,MANUAL_REVIEW,至少一个受影响字段无法整字段安全转换，或完整源行不可读/不可定位，或存在复合断言
REQ-ADMINPORTAL-00345,customer-support,docs/PRD-客服支撑模块.md,source_section;source_quote;atomic_assertion,API 接口,| 方法 | 路径 | 说明 | 权限 |,需求规定：鏂规硶 | 璺緞 | 璇存槑 | 鏉冮檺,19;85;125;176;211;245,17;83;123;174;209;243,gb18030->utf8 x1,NO,MANUAL_REVIEW,至少一个受影响字段无法整字段安全转换，或完整源行不可读/不可定位，或存在复合断言
REQ-ADMINPORTAL-00346,customer-support,docs/PRD-客服支撑模块.md,source_section;source_quote;atomic_assertion,API 接口,| `GET` | `/api/v1/admin/support/user-search?q=` | 搜索用户（ID/邮箱/手机号模糊匹配）| 客服专员以上 |,需求规定：`POST` | `/api/v1/admin/knowledge-base/articles` | 鍒涘缓鏂囩珷 | operator 浠ヤ笂,21,17;83;123;174;209;243,gb18030->utf8 x1,NO,MANUAL_REVIEW,至少一个受影响字段无法整字段安全转换，或完整源行不可读/不可定位，或存在复合断言
REQ-ADMINPORTAL-00347,customer-support,docs/PRD-客服支撑模块.md,source_section;source_quote;atomic_assertion,API 接口,| `GET` | `/api/v1/admin/support/user-search?q=` | 搜索用户（ID/邮箱/手机号模糊匹配）| 客服专员以上 |,需求规定：`PATCH` | `/api/v1/admin/knowledge-base/articles/:id` | 鏇存柊鏂囩珷 | operator 浠ヤ笂,21,17;83;123;174;209;243,gb18030->utf8 x1,NO,MANUAL_REVIEW,至少一个受影响字段无法整字段安全转换，或完整源行不可读/不可定位，或存在复合断言
REQ-ADMINPORTAL-00348,customer-support,docs/PRD-客服支撑模块.md,source_section;source_quote;atomic_assertion,API 接口,| `GET` | `/api/v1/admin/support/user-search?q=` | 搜索用户（ID/邮箱/手机号模糊匹配）| 客服专员以上 |,需求规定：`DELETE` | `/api/v1/admin/knowledge-base/articles/:id` | 鍒犻櫎鏂囩珷 | operator 浠ヤ笂,21,17;83;123;174;209;243,gb18030->utf8 x1,NO,MANUAL_REVIEW,至少一个受影响字段无法整字段安全转换，或完整源行不可读/不可定位，或存在复合断言
REQ-ADMINPORTAL-00349,customer-support,docs/PRD-客服支撑模块.md,source_section;source_quote;atomic_assertion,API 接口,| `GET` | `/api/v1/admin/support/user-search?q=` | 搜索用户（ID/邮箱/手机号模糊匹配）| 客服专员以上 |,需求规定：`GET` | `/api/v1/admin/knowledge-base/articles` | 鏂囩珷鍒楄〃 | 瀹㈡湇涓撳憳浠ヤ笂,21,17;83;123;174;209;243,gb18030->utf8 x1,NO,MANUAL_REVIEW,至少一个受影响字段无法整字段安全转换，或完整源行不可读/不可定位，或存在复合断言
REQ-ADMINPORTAL-00350,customer-support,docs/PRD-客服支撑模块.md,source_section;source_quote;atomic_assertion,API 接口,| `GET` | `/api/v1/admin/support/user-search?q=` | 搜索用户（ID/邮箱/手机号模糊匹配）| 客服专员以上 |,需求规定：`GET` | `/api/v1/public/knowledge-base/articles` | 鍏紑鏂囩珷鍒楄〃 | 鏃犻渶鐧诲綍,21,17;83;123;174;209;243,gb18030->utf8 x1,NO,MANUAL_REVIEW,至少一个受影响字段无法整字段安全转换，或完整源行不可读/不可定位，或存在复合断言
REQ-ADMINPORTAL-00351,customer-support,docs/PRD-客服支撑模块.md,source_section;source_quote;atomic_assertion,API 接口,| `GET` | `/api/v1/admin/support/user-search?q=` | 搜索用户（ID/邮箱/手机号模糊匹配）| 客服专员以上 |,需求规定：`GET` | `/api/v1/public/knowledge-base/articles/:id` | 鏂囩珷璇︽儏 | 鏃犻渶鐧诲綍,21,17;83;123;174;209;243,gb18030->utf8 x1,NO,MANUAL_REVIEW,至少一个受影响字段无法整字段安全转换，或完整源行不可读/不可定位，或存在复合断言
REQ-ADMINPORTAL-00352,customer-support,docs/PRD-客服支撑模块.md,source_section;source_quote,API 接口,| `GET` | `/api/v1/admin/support/user-search?q=` | 搜索用户（ID/邮箱/手机号模糊匹配）| 客服专员以上 |,需求规定：`GET` | `/api/v1/public/knowledge-base/search?q=` | 鍏ㄦ枃鎼滅储 | 鏃犻渶鐧诲綍,21,17;83;123;174;209;243,gb18030->utf8 x1,NO,REVIEW_CANDIDATE,所有受影响字段均完成整字段可逆转换，且引用/章节可定位；仍需人工确认
REQ-ADMINPORTAL-00353,customer-support,docs/PRD-客服支撑模块.md,source_section;source_quote;atomic_assertion,API 接口,| `GET` | `/api/v1/admin/support/user-search?q=` | 搜索用户（ID/邮箱/手机号模糊匹配）| 客服专员以上 |,需求规定：`POST` | `/api/v1/public/knowledge-base/articles/:id/feedback` | 鏂囩珷鍙嶉锛堟湁鐢?娌＄敤锛墊 鐢ㄦ埛,21,17;83;123;174;209;243,gb18030->utf8 x1,NO,MANUAL_REVIEW,至少一个受影响字段无法整字段安全转换，或完整源行不可读/不可定位，或存在复合断言
REQ-ADMINPORTAL-00354,customer-support,docs/PRD-客服支撑模块.md,source_section,前端变更,| 页面 | 变更 |,需求规定：椤甸潰 | 鍙樻洿,27;98;134;185;220;251,25;96;132;183;218;249,gb18030->utf8 x1,NO,REVIEW_CANDIDATE,所有受影响字段均完成整字段可逆转换，且引用/章节可定位；仍需人工确认
REQ-ADMINPORTAL-00355,customer-support,docs/PRD-客服支撑模块.md,source_section;source_quote;atomic_assertion,前端变更,"| 绠＄悊鍚庡彴 鈫?鏂板""瀹㈡湇宸ヤ綔鍙?鍏ュ彛 | 缁熶竴鎼滅储 + 淇℃伅鑱氬悎闈㈡澘 |","需求规定：杩愯惀 鈫?鏂板""鐭ヨ瘑搴?鍏ュ彛 | 鏂囩珷绠＄悊鍒楄〃锛屾敮鎸佸垱寤?缂栬緫/鍙戝竷/褰掓。",,25;96;132;183;218;249,gb18030->utf8 x1,NO,MANUAL_REVIEW,至少一个受影响字段无法整字段安全转换，或完整源行不可读/不可定位，或存在复合断言
REQ-ADMINPORTAL-00356,customer-support,docs/PRD-客服支撑模块.md,source_section;source_quote;atomic_assertion,前端变更,#### 前端变更,需求规定：杩愯惀 鈫?鐭ヨ瘑搴?鈫?缂栬緫 | Markdown 缂栬緫鍣紝鏀寔鍒嗙被/鏍囩/鎽樿璁剧疆,25;96;132;183;218;249,25;96;132;183;218;249,gb18030->utf8 x1,NO,MANUAL_REVIEW,至少一个受影响字段无法整字段安全转换，或完整源行不可读/不可定位，或存在复合断言
REQ-ADMINPORTAL-00357,customer-support,docs/PRD-客服支撑模块.md,source_section;source_quote;atomic_assertion,前端变更,"| 绠＄悊鍚庡彴 鈫?鏂板""瀹㈡湇宸ヤ綔鍙?鍏ュ彛 | 缁熶竴鎼滅储 + 淇℃伅鑱氬悎闈㈡澘 |","需求规定：Portal 鈫?鏂板""/help""甯姪涓績椤?| 鎸夊垎绫诲睍绀虹煡璇嗗簱鏂囩珷锛屾敮鎸佹悳绱?",,25;96;132;183;218;249,gb18030->utf8 x1,NO,MANUAL_REVIEW,至少一个受影响字段无法整字段安全转换，或完整源行不可读/不可定位，或存在复合断言
REQ-ADMINPORTAL-00358,customer-support,docs/PRD-客服支撑模块.md,source_section;source_quote;atomic_assertion,前端变更,"| 绠＄悊鍚庡彴 鈫?鏂板""瀹㈡湇宸ヤ綔鍙?鍏ュ彛 | 缁熶竴鎼滅储 + 淇℃伅鑱氬悎闈㈡澘 |",需求规定：绠＄悊鍚庡彴 鈫?宸ュ崟璇︽儏 鈫?鍥炲妗?| 蹇€熷紩鐢ㄧ煡璇嗗簱鏂囩珷,,25;96;132;183;218;249,gb18030->utf8 x1,NO,MANUAL_REVIEW,至少一个受影响字段无法整字段安全转换，或完整源行不可读/不可定位，或存在复合断言
REQ-ADMINPORTAL-00360,customer-support,docs/PRD-客服支撑模块.md,atomic_assertion,功能规格,#### 功能规格,需求规定：甯姪涓績棣栭〉 | 鍒嗙被灞曠ず锛氬厖鍊?璁¤垂/API Key/妯″瀷/鍙戠エ/浠ｇ悊鍟?甯歌閿欒,8;40;113;148;198;234,8;40;113;148;198;234,gb18030->utf8 x1,NO,MANUAL_REVIEW,至少一个受影响字段无法整字段安全转换，或完整源行不可读/不可定位，或存在复合断言
REQ-ADMINPORTAL-00361,customer-support,docs/PRD-客服支撑模块.md,source_quote;atomic_assertion,功能规格,| 用户搜索入口 | 输入用户 ID/邮箱/手机号，统一搜索 |,需求规定：鎼滅储 | 鍏ㄦ枃鎼滅储甯姪涓績鍐呭,12,8;40;113;148;198;234,gb18030->utf8 x1,NO,MANUAL_REVIEW,至少一个受影响字段无法整字段安全转换，或完整源行不可读/不可定位，或存在复合断言
REQ-ADMINPORTAL-00362,customer-support,docs/PRD-客服支撑模块.md,atomic_assertion,功能规格,#### 功能规格,需求规定：鐑棬鏂囩珷 | 鎸夋祻瑙堥噺鑷姩鎺掑簭鐨勭儹闂ㄦ枃绔?,8;40;113;148;198;234,8;40;113;148;198;234,gb18030->utf8 x1,NO,MANUAL_REVIEW,至少一个受影响字段无法整字段安全转换，或完整源行不可读/不可定位，或存在复合断言
REQ-ADMINPORTAL-00363,customer-support,docs/PRD-客服支撑模块.md,source_quote;atomic_assertion,功能规格,| 用户搜索入口 | 输入用户 ID/邮箱/手机号，统一搜索 |,需求规定：鑱旂郴瀹㈡湇 | 甯姪涓績搴曢儴鎻愪緵鑱旂郴瀹㈡湇鍏ュ彛锛堝垱寤哄伐鍗曪級,12,8;40;113;148;198;234,gb18030->utf8 x1,NO,MANUAL_REVIEW,至少一个受影响字段无法整字段安全转换，或完整源行不可读/不可定位，或存在复合断言
REQ-ADMINPORTAL-00364,customer-support,docs/PRD-客服支撑模块.md,atomic_assertion,功能规格,#### 功能规格,需求规定：鐭ヨ瘑搴撹仈鍔?| 甯姪涓績鍐呭 = 鐭ヨ瘑搴撲腑宸插彂甯冪殑鏂囩珷,8;40;113;148;198;234,8;40;113;148;198;234,gb18030->utf8 x1,NO,MANUAL_REVIEW,至少一个受影响字段无法整字段安全转换，或完整源行不可读/不可定位，或存在复合断言
REQ-ADMINPORTAL-00365,customer-support,docs/PRD-客服支撑模块.md,source_section;source_quote;atomic_assertion,API 接口,| 方法 | 路径 | 说明 | 权限 |,需求规定：鏂规硶 | 璺緞 | 璇存槑 | 鏉冮檺,19;85;125;176;211;245,17;83;123;174;209;243,gb18030->utf8 x1,NO,MANUAL_REVIEW,至少一个受影响字段无法整字段安全转换，或完整源行不可读/不可定位，或存在复合断言
REQ-ADMINPORTAL-00366,customer-support,docs/PRD-客服支撑模块.md,source_section;source_quote;atomic_assertion,API 接口,| `GET` | `/api/v1/admin/support/user-search?q=` | 搜索用户（ID/邮箱/手机号模糊匹配）| 客服专员以上 |,需求规定：`GET` | `/api/v1/public/help/categories` | 甯姪涓績鍒嗙被鍒楄〃 | 鏃犻渶鐧诲綍,21,17;83;123;174;209;243,gb18030->utf8 x1,NO,MANUAL_REVIEW,至少一个受影响字段无法整字段安全转换，或完整源行不可读/不可定位，或存在复合断言
REQ-ADMINPORTAL-00367,customer-support,docs/PRD-客服支撑模块.md,source_section;source_quote;atomic_assertion,API 接口,| `GET` | `/api/v1/admin/support/user-search?q=` | 搜索用户（ID/邮箱/手机号模糊匹配）| 客服专员以上 |,需求规定：`GET` | `/api/v1/public/help/articles` | 鏂囩珷鍒楄〃锛堟寜鍒嗙被绛涢€夛級| 鏃犻渶鐧诲綍,21,17;83;123;174;209;243,gb18030->utf8 x1,NO,MANUAL_REVIEW,至少一个受影响字段无法整字段安全转换，或完整源行不可读/不可定位，或存在复合断言
REQ-ADMINPORTAL-00368,customer-support,docs/PRD-客服支撑模块.md,source_section;source_quote;atomic_assertion,API 接口,| `GET` | `/api/v1/admin/support/user-search?q=` | 搜索用户（ID/邮箱/手机号模糊匹配）| 客服专员以上 |,需求规定：`GET` | `/api/v1/public/help/articles/hot` | 鐑棬鏂囩珷 | 鏃犻渶鐧诲綍,21,17;83;123;174;209;243,gb18030->utf8 x1,NO,MANUAL_REVIEW,至少一个受影响字段无法整字段安全转换，或完整源行不可读/不可定位，或存在复合断言
REQ-ADMINPORTAL-00369,customer-support,docs/PRD-客服支撑模块.md,source_section;source_quote,API 接口,| `GET` | `/api/v1/admin/support/user-search?q=` | 搜索用户（ID/邮箱/手机号模糊匹配）| 客服专员以上 |,需求规定：`GET` | `/api/v1/public/help/search?q=` | 鍏ㄦ枃鎼滅储 | 鏃犻渶鐧诲綍,21,17;83;123;174;209;243,gb18030->utf8 x1,NO,REVIEW_CANDIDATE,所有受影响字段均完成整字段可逆转换，且引用/章节可定位；仍需人工确认
REQ-ADMINPORTAL-00370,customer-support,docs/PRD-客服支撑模块.md,source_section,前端变更,| 页面 | 变更 |,需求规定：椤甸潰 | 鍙樻洿,27;98;134;185;220;251,25;96;132;183;218;249,gb18030->utf8 x1,NO,REVIEW_CANDIDATE,所有受影响字段均完成整字段可逆转换，且引用/章节可定位；仍需人工确认
REQ-ADMINPORTAL-00371,customer-support,docs/PRD-客服支撑模块.md,source_section;source_quote;atomic_assertion,前端变更,"| 绠＄悊鍚庡彴 鈫?鏂板""瀹㈡湇宸ヤ綔鍙?鍏ュ彛 | 缁熶竴鎼滅储 + 淇℃伅鑱氬悎闈㈡澘 |","需求规定：Portal 鈫?鏂板""/help""璺敱 | 甯姪涓績棣栭〉",,25;96;132;183;218;249,gb18030->utf8 x1,NO,MANUAL_REVIEW,至少一个受影响字段无法整字段安全转换，或完整源行不可读/不可定位，或存在复合断言
REQ-ADMINPORTAL-00372,customer-support,docs/PRD-客服支撑模块.md,source_section;source_quote;atomic_assertion,前端变更,#### 前端变更,需求规定：Portal 鈫?甯姪涓績 鈫?璇︽儏 | 鏂囩珷璇︽儏椤?,25;96;132;183;218;249,25;96;132;183;218;249,gb18030->utf8 x1,NO,MANUAL_REVIEW,至少一个受影响字段无法整字段安全转换，或完整源行不可读/不可定位，或存在复合断言
REQ-ADMINPORTAL-00373,customer-support,docs/PRD-客服支撑模块.md,source_section;source_quote;atomic_assertion,前端变更,#### 前端变更,"需求规定：Portal 鈫?瀵艰埅 | 鏂板""甯姪涓績""閾炬帴",25;96;132;183;218;249,25;96;132;183;218;249,gb18030->utf8 x1,NO,MANUAL_REVIEW,至少一个受影响字段无法整字段安全转换，或完整源行不可读/不可定位，或存在复合断言
REQ-ADMINPORTAL-00375,customer-support,docs/PRD-客服支撑模块.md,atomic_assertion,功能规格,#### 功能规格,需求规定：妯℃澘绠＄悊 | 杩愯惀绔垱寤?缂栬緫/鍒犻櫎蹇嵎鍥炲妯℃澘,8;40;113;148;198;234,8;40;113;148;198;234,gb18030->utf8 x1,NO,MANUAL_REVIEW,至少一个受影响字段无法整字段安全转换，或完整源行不可读/不可定位，或存在复合断言
REQ-ADMINPORTAL-00376,customer-support,docs/PRD-客服支撑模块.md,atomic_assertion,功能规格,#### 功能规格,需求规定：妯℃澘鍒嗙被 | 鎸夊満鏅垎绫伙細鍏呭€?Key/閫€娆?鍙戠エ/浠ｇ悊/瀹夊叏/閫氱敤,8;40;113;148;198;234,8;40;113;148;198;234,gb18030->utf8 x1,NO,MANUAL_REVIEW,至少一个受影响字段无法整字段安全转换，或完整源行不可读/不可定位，或存在复合断言
REQ-ADMINPORTAL-00377,customer-support,docs/PRD-客服支撑模块.md,atomic_assertion,功能规格,#### 功能规格,"需求规定：妯℃澘鍙橀噺 | 鏀寔鍙橀噺鏇挎崲锛歚{user_name}`, `{amount}`, `{order_id}` 绛?",8;40;113;148;198;234,8;40;113;148;198;234,gb18030->utf8 x1,NO,MANUAL_REVIEW,至少一个受影响字段无法整字段安全转换，或完整源行不可读/不可定位，或存在复合断言
REQ-ADMINPORTAL-00378,customer-support,docs/PRD-客服支撑模块.md,atomic_assertion,功能规格,#### 功能规格,需求规定：宸ュ崟蹇嵎寮曠敤 | 鍥炲宸ュ崟鏃讹紝浠庢ā鏉垮垪琛ㄩ€夋嫨鎻掑叆锛岃嚜鍔ㄦ浛鎹㈠彉閲?,8;40;113;148;198;234,8;40;113;148;198;234,gb18030->utf8 x1,NO,MANUAL_REVIEW,至少一个受影响字段无法整字段安全转换，或完整源行不可读/不可定位，或存在复合断言
REQ-ADMINPORTAL-00379,customer-support,docs/PRD-客服支撑模块.md,source_section;source_quote;atomic_assertion,API 接口,| 方法 | 路径 | 说明 | 权限 |,需求规定：鏂规硶 | 璺緞 | 璇存槑 | 鏉冮檺,19;85;125;176;211;245,17;83;123;174;209;243,gb18030->utf8 x1,NO,MANUAL_REVIEW,至少一个受影响字段无法整字段安全转换，或完整源行不可读/不可定位，或存在复合断言
REQ-ADMINPORTAL-00380,customer-support,docs/PRD-客服支撑模块.md,source_section;source_quote;atomic_assertion,API 接口,| `GET` | `/api/v1/admin/support/user-search?q=` | 搜索用户（ID/邮箱/手机号模糊匹配）| 客服专员以上 |,需求规定：`POST` | `/api/v1/admin/quick-reply-templates` | 鍒涘缓妯℃澘 | operator 浠ヤ笂,21,17;83;123;174;209;243,gb18030->utf8 x1,NO,MANUAL_REVIEW,至少一个受影响字段无法整字段安全转换，或完整源行不可读/不可定位，或存在复合断言
REQ-ADMINPORTAL-00381,customer-support,docs/PRD-客服支撑模块.md,source_section;source_quote;atomic_assertion,API 接口,| `GET` | `/api/v1/admin/support/user-search?q=` | 搜索用户（ID/邮箱/手机号模糊匹配）| 客服专员以上 |,需求规定：`GET` | `/api/v1/admin/quick-reply-templates` | 妯℃澘鍒楄〃 | 瀹㈡湇涓撳憳浠ヤ笂,21,17;83;123;174;209;243,gb18030->utf8 x1,NO,MANUAL_REVIEW,至少一个受影响字段无法整字段安全转换，或完整源行不可读/不可定位，或存在复合断言
REQ-ADMINPORTAL-00382,customer-support,docs/PRD-客服支撑模块.md,source_section;source_quote;atomic_assertion,API 接口,| `GET` | `/api/v1/admin/support/user-search?q=` | 搜索用户（ID/邮箱/手机号模糊匹配）| 客服专员以上 |,需求规定：`PATCH` | `/api/v1/admin/quick-reply-templates/:id` | 鏇存柊妯℃澘 | operator 浠ヤ笂,21,17;83;123;174;209;243,gb18030->utf8 x1,NO,MANUAL_REVIEW,至少一个受影响字段无法整字段安全转换，或完整源行不可读/不可定位，或存在复合断言
REQ-ADMINPORTAL-00383,customer-support,docs/PRD-客服支撑模块.md,source_section;source_quote;atomic_assertion,API 接口,| `GET` | `/api/v1/admin/support/user-search?q=` | 搜索用户（ID/邮箱/手机号模糊匹配）| 客服专员以上 |,需求规定：`DELETE` | `/api/v1/admin/quick-reply-templates/:id` | 鍒犻櫎妯℃澘 | operator 浠ヤ笂,21,17;83;123;174;209;243,gb18030->utf8 x1,NO,MANUAL_REVIEW,至少一个受影响字段无法整字段安全转换，或完整源行不可读/不可定位，或存在复合断言
REQ-ADMINPORTAL-00384,customer-support,docs/PRD-客服支撑模块.md,source_section,前端变更,| 页面 | 变更 |,需求规定：椤甸潰 | 鍙樻洿,27;98;134;185;220;251,25;96;132;183;218;249,gb18030->utf8 x1,NO,REVIEW_CANDIDATE,所有受影响字段均完成整字段可逆转换，且引用/章节可定位；仍需人工确认
REQ-ADMINPORTAL-00385,customer-support,docs/PRD-客服支撑模块.md,source_section;source_quote;atomic_assertion,前端变更,"| 绠＄悊鍚庡彴 鈫?鏂板""瀹㈡湇宸ヤ綔鍙?鍏ュ彛 | 缁熶竴鎼滅储 + 淇℃伅鑱氬悎闈㈡澘 |","需求规定：杩愯惀 鈫?鏂板""蹇嵎鍥炲""鍏ュ彛 | 妯℃澘绠＄悊鍒楄〃",,25;96;132;183;218;249,gb18030->utf8 x1,NO,MANUAL_REVIEW,至少一个受影响字段无法整字段安全转换，或完整源行不可读/不可定位，或存在复合断言
REQ-ADMINPORTAL-00386,customer-support,docs/PRD-客服支撑模块.md,source_section;source_quote;atomic_assertion,前端变更,#### 前端变更,"需求规定：宸ュ崟璇︽儏 鈫?鍥炲妗?| 鏂板""鎻掑叆妯℃澘""鎸夐挳",25;96;132;183;218;249,25;96;132;183;218;249,gb18030->utf8 x1,NO,MANUAL_REVIEW,至少一个受影响字段无法整字段安全转换，或完整源行不可读/不可定位，或存在复合断言
REQ-ADMINPORTAL-00388,customer-support,docs/PRD-客服支撑模块.md,source_quote;atomic_assertion,功能规格,| 用户搜索入口 | 输入用户 ID/邮箱/手机号，统一搜索 |,需求规定：鐢ㄦ埛绔亰澶╂寜閽?| Portal 鍙充笅瑙掓偓娴亰澶╂寜閽紝鎺у埗鍙板唴宓岃亰澶╁叆鍙?,12,8;40;113;148;198;234,gb18030->utf8 x1,NO,MANUAL_REVIEW,至少一个受影响字段无法整字段安全转换，或完整源行不可读/不可定位，或存在复合断言
REQ-ADMINPORTAL-00389,customer-support,docs/PRD-客服支撑模块.md,source_quote;atomic_assertion,功能规格,| 蹇嵎鎿嶄綔 | 鍦ㄥ伐鍙板唴鍙洿鎺ユ搷浣滅敤鎴凤紙鏌ョ湅璇︽儏銆佽皟鏁翠綑棰濄€佺鐢?鍚敤绛夛級|,需求规定：浼氳瘽绠＄悊 | 瀹㈡湇鍙悓鏃舵帴寰呭涓細璇濓紝鏌ョ湅浼氳瘽鍒楄〃,,8;40;113;148;198;234,gb18030->utf8 x1,NO,MANUAL_REVIEW,至少一个受影响字段无法整字段安全转换，或完整源行不可读/不可定位，或存在复合断言
REQ-ADMINPORTAL-00390,customer-support,docs/PRD-客服支撑模块.md,atomic_assertion,功能规格,#### 功能规格,需求规定：娑堟伅绫诲瀷 | 鏀寔鏂囧瓧/鍥剧墖,8;40;113;148;198;234,8;40;113;148;198;234,gb18030->utf8 x1,NO,MANUAL_REVIEW,至少一个受影响字段无法整字段安全转换，或完整源行不可读/不可定位，或存在复合断言
REQ-ADMINPORTAL-00391,customer-support,docs/PRD-客服支撑模块.md,atomic_assertion,功能规格,#### 功能规格,需求规定：绂荤嚎澶勭悊 | 瀹㈡湇绂荤嚎鏃剁敤鎴峰彂閫佺殑娑堟伅鑷姩鍒涘缓宸ュ崟,8;40;113;148;198;234,8;40;113;148;198;234,gb18030->utf8 x1,NO,MANUAL_REVIEW,至少一个受影响字段无法整字段安全转换，或完整源行不可读/不可定位，或存在复合断言
REQ-ADMINPORTAL-00392,customer-support,docs/PRD-客服支撑模块.md,source_quote;atomic_assertion,功能规格,| 蹇嵎鎿嶄綔 | 鍦ㄥ伐鍙板唴鍙洿鎺ユ搷浣滅敤鎴凤紙鏌ョ湅璇︽儏銆佽皟鏁翠綑棰濄€佺鐢?鍚敤绛夛級|,需求规定：瀹㈡湇宸ヤ綔鍙伴泦鎴?| 瀹㈡湇宸ヤ綔鍙板唴宓屽湪绾垮鏈嶉潰鏉?,,8;40;113;148;198;234,gb18030->utf8 x1,NO,MANUAL_REVIEW,至少一个受影响字段无法整字段安全转换，或完整源行不可读/不可定位，或存在复合断言
REQ-ADMINPORTAL-00393,customer-support,docs/PRD-客服支撑模块.md,source_quote;atomic_assertion,功能规格,| 浼氳瘽鍘嗗彶 | 鏈€杩戜笌鐢ㄦ埛浜や簰鐨勫伐鍗曞拰鍥炲璁板綍 |,需求规定：娑堟伅鍘嗗彶 | 淇濆瓨鏈€杩?30 澶╄亰澶╄褰?,,8;40;113;148;198;234,gb18030->utf8 x1,NO,MANUAL_REVIEW,至少一个受影响字段无法整字段安全转换，或完整源行不可读/不可定位，或存在复合断言
REQ-ADMINPORTAL-00394,customer-support,docs/PRD-客服支撑模块.md,source_section;source_quote;atomic_assertion,API 接口,| 方法 | 路径 | 说明 | 权限 |,需求规定：鏂规硶 | 璺緞 | 璇存槑 | 鏉冮檺,19;85;125;176;211;245,17;83;123;174;209;243,gb18030->utf8 x1,NO,MANUAL_REVIEW,至少一个受影响字段无法整字段安全转换，或完整源行不可读/不可定位，或存在复合断言
REQ-ADMINPORTAL-00395,customer-support,docs/PRD-客服支撑模块.md,source_section;source_quote;atomic_assertion,API 接口,| `GET` | `/api/v1/admin/support/user-search?q=` | 搜索用户（ID/邮箱/手机号模糊匹配）| 客服专员以上 |,需求规定：`WS` | `/ws/chat` | 鍦ㄧ嚎瀹㈡湇 WebSocket 杩炴帴 | 鐢ㄦ埛/瀹㈡湇涓撳憳浠ヤ笂,21,17;83;123;174;209;243,gb18030->utf8 x1,NO,MANUAL_REVIEW,至少一个受影响字段无法整字段安全转换，或完整源行不可读/不可定位，或存在复合断言
REQ-ADMINPORTAL-00396,customer-support,docs/PRD-客服支撑模块.md,source_section;source_quote;atomic_assertion,API 接口,| `GET` | `/api/v1/admin/support/user-search?q=` | 搜索用户（ID/邮箱/手机号模糊匹配）| 客服专员以上 |,需求规定：`GET` | `/api/v1/admin/chat/sessions` | 褰撳墠娲昏穬浼氳瘽鍒楄〃 | 瀹㈡湇涓撳憳浠ヤ笂,21,17;83;123;174;209;243,gb18030->utf8 x1,NO,MANUAL_REVIEW,至少一个受影响字段无法整字段安全转换，或完整源行不可读/不可定位，或存在复合断言
REQ-ADMINPORTAL-00397,customer-support,docs/PRD-客服支撑模块.md,source_section;source_quote;atomic_assertion,API 接口,| `GET` | `/api/v1/admin/support/user-search?q=` | 搜索用户（ID/邮箱/手机号模糊匹配）| 客服专员以上 |,需求规定：`GET` | `/api/v1/admin/chat/sessions/:id/messages` | 浼氳瘽娑堟伅鍘嗗彶 | 瀹㈡湇涓撳憳浠ヤ笂,21,17;83;123;174;209;243,gb18030->utf8 x1,NO,MANUAL_REVIEW,至少一个受影响字段无法整字段安全转换，或完整源行不可读/不可定位，或存在复合断言
REQ-ADMINPORTAL-00398,customer-support,docs/PRD-客服支撑模块.md,source_section;source_quote;atomic_assertion,API 接口,| `GET` | `/api/v1/admin/support/user-search?q=` | 搜索用户（ID/邮箱/手机号模糊匹配）| 客服专员以上 |,需求规定：`POST` | `/api/v1/admin/chat/sessions/:id/close` | 鍏抽棴浼氳瘽 | 瀹㈡湇涓撳憳浠ヤ笂,21,17;83;123;174;209;243,gb18030->utf8 x1,NO,MANUAL_REVIEW,至少一个受影响字段无法整字段安全转换，或完整源行不可读/不可定位，或存在复合断言
REQ-ADMINPORTAL-00399,customer-support,docs/PRD-客服支撑模块.md,source_section,前端变更,| 页面 | 变更 |,需求规定：椤甸潰 | 鍙樻洿,27;98;134;185;220;251,25;96;132;183;218;249,gb18030->utf8 x1,NO,REVIEW_CANDIDATE,所有受影响字段均完成整字段可逆转换，且引用/章节可定位；仍需人工确认
REQ-ADMINPORTAL-00400,customer-support,docs/PRD-客服支撑模块.md,source_section;source_quote;atomic_assertion,前端变更,#### 前端变更,需求规定：Portal 鈫?鎵€鏈夐〉闈?| 鍙充笅瑙掓偓娴亰澶╂寜閽?,25;96;132;183;218;249,25;96;132;183;218;249,gb18030->utf8 x1,NO,MANUAL_REVIEW,至少一个受影响字段无法整字段安全转换，或完整源行不可读/不可定位，或存在复合断言
REQ-ADMINPORTAL-00401,customer-support,docs/PRD-客服支撑模块.md,source_section;source_quote;atomic_assertion,前端变更,"| 绠＄悊鍚庡彴 鈫?鏂板""瀹㈡湇宸ヤ綔鍙?鍏ュ彛 | 缁熶竴鎼滅储 + 淇℃伅鑱氬悎闈㈡澘 |",需求规定：鐢ㄦ埛鎺у埗鍙?| 鍐呭祵鑱婂ぉ鍏ュ彛,,25;96;132;183;218;249,gb18030->utf8 x1,NO,MANUAL_REVIEW,至少一个受影响字段无法整字段安全转换，或完整源行不可读/不可定位，或存在复合断言
REQ-ADMINPORTAL-00402,customer-support,docs/PRD-客服支撑模块.md,source_section;source_quote;atomic_assertion,前端变更,"| 绠＄悊鍚庡彴 鈫?鏂板""瀹㈡湇宸ヤ綔鍙?鍏ュ彛 | 缁熶竴鎼滅储 + 淇℃伅鑱氬悎闈㈡澘 |","需求规定：瀹㈡湇宸ヤ綔鍙?| 鏂板""鍦ㄧ嚎瀹㈡湇""闈㈡澘",,25;96;132;183;218;249,gb18030->utf8 x1,NO,MANUAL_REVIEW,至少一个受影响字段无法整字段安全转换，或完整源行不可读/不可定位，或存在复合断言
REQ-ADMINPORTAL-00404,customer-support,docs/PRD-客服支撑模块.md,source_quote;atomic_assertion,功能规格,| 用户搜索入口 | 输入用户 ID/邮箱/手机号，统一搜索 |,需求规定：鏃堕棿绾垮睍绀?| 鎸夋椂闂村€掑簭灞曠ず鐢ㄦ埛鎿嶄綔锛氱櫥褰?鍒涘缓Key/鍏呭€?璋冪敤API/绂佺敤Key/鎻愪氦宸ュ崟/绯荤粺閫氱煡,12,8;40;113;148;198;234,gb18030->utf8 x1,NO,MANUAL_REVIEW,至少一个受影响字段无法整字段安全转换，或完整源行不可读/不可定位，或存在复合断言
REQ-ADMINPORTAL-00405,customer-support,docs/PRD-客服支撑模块.md,atomic_assertion,功能规格,#### 功能规格,需求规定：鏃堕棿鑼冨洿 | 榛樿灞曠ず鏈€杩?7 澶╋紝鏀寔鑷畾涔夎寖鍥?,8;40;113;148;198;234,8;40;113;148;198;234,gb18030->utf8 x1,NO,MANUAL_REVIEW,至少一个受影响字段无法整字段安全转换，或完整源行不可读/不可定位，或存在复合断言
REQ-ADMINPORTAL-00407,customer-support,docs/PRD-客服支撑模块.md,atomic_assertion,功能规格,#### 功能规格,需求规定：浜嬩欢绫诲瀷杩囨护 | 鎸変簨浠剁被鍨嬬瓫閫夛細鐧诲綍/Key/鍏呭€?璋冪敤/宸ュ崟/绯荤粺,8;40;113;148;198;234,8;40;113;148;198;234,gb18030->utf8 x1,NO,MANUAL_REVIEW,至少一个受影响字段无法整字段安全转换，或完整源行不可读/不可定位，或存在复合断言
REQ-ADMINPORTAL-00408,customer-support,docs/PRD-客服支撑模块.md,source_section;source_quote;atomic_assertion,API 接口,| 方法 | 路径 | 说明 | 权限 |,需求规定：鏂规硶 | 璺緞 | 璇存槑 | 鏉冮檺,19;85;125;176;211;245,17;83;123;174;209;243,gb18030->utf8 x1,NO,MANUAL_REVIEW,至少一个受影响字段无法整字段安全转换，或完整源行不可读/不可定位，或存在复合断言
REQ-ADMINPORTAL-00409,customer-support,docs/PRD-客服支撑模块.md,source_section;source_quote;atomic_assertion,API 接口,| `GET` | `/api/v1/admin/support/user-timeline/:userId` | 鐢ㄦ埛鎿嶄綔鏃堕棿绾?| 瀹㈡湇涓撳憳浠ヤ笂 |,需求规定：`GET` | `/api/v1/admin/support/user-timeline/:userId` | 鐢ㄦ埛鎿嶄綔鏃堕棿绾?| 瀹㈡湇涓撳憳浠ヤ笂,,17;83;123;174;209;243,gb18030->utf8 x1,NO,MANUAL_REVIEW,至少一个受影响字段无法整字段安全转换，或完整源行不可读/不可定位，或存在复合断言
REQ-ADMINPORTAL-00410,customer-support,docs/PRD-客服支撑模块.md,source_section,前端变更,| 页面 | 变更 |,需求规定：椤甸潰 | 鍙樻洿,27;98;134;185;220;251,25;96;132;183;218;249,gb18030->utf8 x1,NO,REVIEW_CANDIDATE,所有受影响字段均完成整字段可逆转换，且引用/章节可定位；仍需人工确认
REQ-ADMINPORTAL-00411,customer-support,docs/PRD-客服支撑模块.md,source_section;source_quote;atomic_assertion,前端变更,| 瀹㈡湇宸ヤ綔鍙?鈫?鐢ㄦ埛璇︽儏 | 鏌ョ湅鐢ㄦ埛淇℃伅銆佷綑棰濄€佸厖鍊艰褰曘€佽皟鐢ㄦ棩蹇椼€佸巻鍙插伐鍗?|,"需求规定：瀹㈡湇宸ヤ綔鍙?鈫?鐢ㄦ埛璇︽儏 | 鏂板""鎿嶄綔鏃堕棿绾?鏍囩椤?",,25;96;132;183;218;249,gb18030->utf8 x1,NO,MANUAL_REVIEW,至少一个受影响字段无法整字段安全转换，或完整源行不可读/不可定位，或存在复合断言
REQ-ADMINPORTAL-00412,customer-support,docs/PRD-客服支撑模块.md,source_section;source_quote;atomic_assertion,10.7 客服支撑模块总览,| 妯″潡 | 浼樺厛绾?| 棰勪及宸ヤ綔閲?| 鏍稿績浠峰€?|,需求规定：妯″潡 | 浼樺厛绾?| 棰勪及宸ヤ綔閲?| 鏍稿績浠峰€?,,257,gb18030->utf8 x1,NO,MANUAL_REVIEW,至少一个受影响字段无法整字段安全转换，或完整源行不可读/不可定位，或存在复合断言
REQ-ADMINPORTAL-00413,customer-support,docs/PRD-客服支撑模块.md,source_section;source_quote;atomic_assertion,10.7 客服支撑模块总览,| 瀹㈡湇宸ヤ綔鍙帮紙缁熶竴鐢ㄦ埛鏌ヨ锛墊 P0 | 鍚庣3d+鍓嶇4d | 瀹㈡湇鏃ュ父宸ヤ綔鐨勬牳蹇冨伐鍏?|,需求规定：瀹㈡湇宸ヤ綔鍙帮紙缁熶竴鐢ㄦ埛鏌ヨ锛墊 P0 | 鍚庣3d+鍓嶇4d | 瀹㈡湇鏃ュ父宸ヤ綔鐨勬牳蹇冨伐鍏?,,257,gb18030->utf8 x1,NO,MANUAL_REVIEW,至少一个受影响字段无法整字段安全转换，或完整源行不可读/不可定位，或存在复合断言
REQ-ADMINPORTAL-00414,customer-support,docs/PRD-客服支撑模块.md,source_section;source_quote;atomic_assertion,10.7 客服支撑模块总览,| 鐭ヨ瘑搴撶郴缁?| P0 | 鍚庣4d+鍓嶇4d | 鍑忓皯閲嶅鍥炵瓟锛岄檷浣庡煿璁垚鏈?|,需求规定：鐭ヨ瘑搴撶郴缁?| P0 | 鍚庣4d+鍓嶇4d | 鍑忓皯閲嶅鍥炵瓟锛岄檷浣庡煿璁垚鏈?,,257,gb18030->utf8 x1,NO,MANUAL_REVIEW,至少一个受影响字段无法整字段安全转换，或完整源行不可读/不可定位，或存在复合断言
REQ-ADMINPORTAL-00415,customer-support,docs/PRD-客服支撑模块.md,source_section;source_quote;atomic_assertion,10.7 客服支撑模块总览,| 鐢ㄦ埛绔府鍔╀腑蹇?| P0 | 鍓嶇3d | 鍑忓皯 30% 瀹㈡湇鍜ㄨ閲?|,需求规定：鐢ㄦ埛绔府鍔╀腑蹇?| P0 | 鍓嶇3d | 鍑忓皯 30% 瀹㈡湇鍜ㄨ閲?,,257,gb18030->utf8 x1,NO,MANUAL_REVIEW,至少一个受影响字段无法整字段安全转换，或完整源行不可读/不可定位，或存在复合断言
REQ-ADMINPORTAL-00416,customer-support,docs/PRD-客服支撑模块.md,source_section;source_quote;atomic_assertion,10.7 客服支撑模块总览,| 快捷回复模板 | P1 | 后端2d+前端2d | 提升工单回复效率 50% |,需求规定：蹇嵎鍥炲妯℃澘 | P1 | 鍚庣2d+鍓嶇2d | 鎻愬崌宸ュ崟鍥炲鏁堢巼 50%,264,257,gb18030->utf8 x1,NO,MANUAL_REVIEW,至少一个受影响字段无法整字段安全转换，或完整源行不可读/不可定位，或存在复合断言
REQ-ADMINPORTAL-00417,customer-support,docs/PRD-客服支撑模块.md,source_section;source_quote;atomic_assertion,10.7 客服支撑模块总览,| 鍦ㄧ嚎瀹㈡湇锛圵ebChat锛墊 P1 | 鍚庣5d+鍓嶇5d | 瀹炴椂鍝嶅簲锛屾彁鍗囩敤鎴蜂綋楠?|,需求规定：鍦ㄧ嚎瀹㈡湇锛圵ebChat锛墊 P1 | 鍚庣5d+鍓嶇5d | 瀹炴椂鍝嶅簲锛屾彁鍗囩敤鎴蜂綋楠?,,257,gb18030->utf8 x1,NO,MANUAL_REVIEW,至少一个受影响字段无法整字段安全转换，或完整源行不可读/不可定位，或存在复合断言
REQ-ADMINPORTAL-00418,customer-support,docs/PRD-客服支撑模块.md,source_section;source_quote;atomic_assertion,10.7 客服支撑模块总览,| 鐢ㄦ埛鎿嶄綔鏃堕棿绾?| P1 | 鍚庣2d+鍓嶇2d | 蹇€熷畾浣嶉棶棰樻牴鍥?|,需求规定：鐢ㄦ埛鎿嶄綔鏃堕棿绾?| P1 | 鍚庣2d+鍓嶇2d | 蹇€熷畾浣嶉棶棰樻牴鍥?,,257,gb18030->utf8 x1,NO,MANUAL_REVIEW,至少一个受影响字段无法整字段安全转换，或完整源行不可读/不可定位，或存在复合断言
REQ-ADMINPORTAL-00419,customer-support,docs/PRD-客服支撑模块.md,source_section;source_quote;atomic_assertion,10.7 客服支撑模块总览,| 快捷回复模板 | P1 | 后端2d+前端2d | 提升工单回复效率 50% |,需求规定：**鍚堣**锛氬悗绔?16 浜哄ぉ + 鍓嶇 20 浜哄ぉ = 绾?4.5 鍛?,264,257,gb18030->utf8 x1,NO,MANUAL_REVIEW,至少一个受影响字段无法整字段安全转换，或完整源行不可读/不可定位，或存在复合断言
REQ-ADMINPORTAL-00421,system-admin,docs/PRD-系统管理员支撑.md,source_quote;atomic_assertion,功能规格,| 瀹¤鏃ュ織鏌ヨ | 鎸夋椂闂?鎿嶄綔浜?鎿嶄綔绫诲瀷/璧勬簮绫诲瀷/褰卞搷鑼冨洿澶氱淮绛涢€?|,需求规定：瀹¤鏃ュ織鏌ヨ | 鎸夋椂闂?鎿嶄綔浜?鎿嶄綔绫诲瀷/璧勬簮绫诲瀷/褰卞搷鑼冨洿澶氱淮绛涢€?,,11;47;87;121;194;230;287;360,gb18030->utf8 x1,NO,MANUAL_REVIEW,至少一个受影响字段无法整字段安全转换，或完整源行不可读/不可定位，或存在复合断言
REQ-ADMINPORTAL-00422,system-admin,docs/PRD-系统管理员支撑.md,source_quote;atomic_assertion,功能规格,| 鎿嶄綔璇︽儏 | 鏌ョ湅姣忔鎿嶄綔鐨?before/after JSON diff锛岄珮浜彉鏇村瓧娈?|,需求规定：鎿嶄綔璇︽儏 | 鏌ョ湅姣忔鎿嶄綔鐨?before/after JSON diff锛岄珮浜彉鏇村瓧娈?,,11;47;87;121;194;230;287;360,gb18030->utf8 x1,NO,MANUAL_REVIEW,至少一个受影响字段无法整字段安全转换，或完整源行不可读/不可定位，或存在复合断言
REQ-ADMINPORTAL-00423,system-admin,docs/PRD-系统管理员支撑.md,source_quote;atomic_assertion,功能规格,| 异常操作模式识别 | 自动标记异常时段操作（如凌晨批量改配置）、敏感操作（如改权限/改余额） |,需求规定：寮傚父鎿嶄綔妯″紡璇嗗埆 | 鑷姩鏍囪寮傚父鏃舵鎿嶄綔锛堝鍑屾櫒鎵归噺鏀归厤缃級銆佹晱鎰熸搷浣滐紙濡傛敼鏉冮檺/鏀逛綑棰濓級,17,11;47;87;121;194;230;287;360,gb18030->utf8 x1,NO,MANUAL_REVIEW,至少一个受影响字段无法整字段安全转换，或完整源行不可读/不可定位，或存在复合断言
REQ-ADMINPORTAL-00424,system-admin,docs/PRD-系统管理员支撑.md,source_quote;atomic_assertion,功能规格,| 鎿嶄綔鍥炴粴 | 瀵归厤缃彉鏇寸被鎿嶄綔锛屼竴閿洖婊氬埌鍙樻洿鍓嶇姸鎬?|,需求规定：鎿嶄綔鍥炴粴 | 瀵归厤缃彉鏇寸被鎿嶄綔锛屼竴閿洖婊氬埌鍙樻洿鍓嶇姸鎬?,,11;47;87;121;194;230;287;360,gb18030->utf8 x1,NO,MANUAL_REVIEW,至少一个受影响字段无法整字段安全转换，或完整源行不可读/不可定位，或存在复合断言
REQ-ADMINPORTAL-00425,system-admin,docs/PRD-系统管理员支撑.md,source_quote;atomic_assertion,功能规格,| 导出 | 审计日志导出 CSV/JSON 格式 |,需求规定：瀵煎嚭 | 瀹¤鏃ュ織瀵煎嚭 CSV/JSON 鏍煎紡,19,11;47;87;121;194;230;287;360,gb18030->utf8 x1,NO,MANUAL_REVIEW,至少一个受影响字段无法整字段安全转换，或完整源行不可读/不可定位，或存在复合断言
REQ-ADMINPORTAL-00426,system-admin,docs/PRD-系统管理员支撑.md,source_section;source_quote;atomic_assertion,API 接口,| 方法 | 路径 | 说明 | 权限 |,需求规定：鏂规硶 | 璺緞 | 璇存槑 | 鏉冮檺,23;60;99;171;207;262;331;404,21;58;97;169;205;260;329;402,gb18030->utf8 x1,NO,MANUAL_REVIEW,至少一个受影响字段无法整字段安全转换，或完整源行不可读/不可定位，或存在复合断言
REQ-ADMINPORTAL-00427,system-admin,docs/PRD-系统管理员支撑.md,source_section;source_quote;atomic_assertion,API 接口,| GET | /api/v1/admin/audit-logs | 瀹¤鏃ュ織鍒楄〃锛堝缁寸瓫閫夛級 | 绠＄悊鍛?|,需求规定：GET | /api/v1/admin/audit-logs | 瀹¤鏃ュ織鍒楄〃锛堝缁寸瓫閫夛級 | 绠＄悊鍛?,,21;58;97;169;205;260;329;402,gb18030->utf8 x1,NO,MANUAL_REVIEW,至少一个受影响字段无法整字段安全转换，或完整源行不可读/不可定位，或存在复合断言
REQ-ADMINPORTAL-00428,system-admin,docs/PRD-系统管理员支撑.md,source_section;source_quote;atomic_assertion,API 接口,| GET | /api/v1/admin/audit-logs/:id | 瀹¤鏃ュ織璇︽儏锛堝惈 diff锛?| 绠＄悊鍛?|,需求规定：GET | /api/v1/admin/audit-logs/:id | 瀹¤鏃ュ織璇︽儏锛堝惈 diff锛?| 绠＄悊鍛?,,21;58;97;169;205;260;329;402,gb18030->utf8 x1,NO,MANUAL_REVIEW,至少一个受影响字段无法整字段安全转换，或完整源行不可读/不可定位，或存在复合断言
REQ-ADMINPORTAL-00429,system-admin,docs/PRD-系统管理员支撑.md,source_section;source_quote;atomic_assertion,API 接口,| GET | /api/v1/admin/audit-logs/anomalies | 寮傚父鎿嶄綔妯″紡妫€娴嬬粨鏋?| 绠＄悊鍛?|,需求规定：GET | /api/v1/admin/audit-logs/anomalies | 寮傚父鎿嶄綔妯″紡妫€娴嬬粨鏋?| 绠＄悊鍛?,,21;58;97;169;205;260;329;402,gb18030->utf8 x1,NO,MANUAL_REVIEW,至少一个受影响字段无法整字段安全转换，或完整源行不可读/不可定位，或存在复合断言
REQ-ADMINPORTAL-00430,system-admin,docs/PRD-系统管理员支撑.md,source_section;source_quote;atomic_assertion,API 接口,| POST | /api/v1/admin/audit-logs/:id/rollback | 鍥炴粴鎿嶄綔 | 瓒呯骇绠＄悊鍛?|,需求规定：POST | /api/v1/admin/audit-logs/:id/rollback | 鍥炴粴鎿嶄綔 | 瓒呯骇绠＄悊鍛?,,21;58;97;169;205;260;329;402,gb18030->utf8 x1,NO,MANUAL_REVIEW,至少一个受影响字段无法整字段安全转换，或完整源行不可读/不可定位，或存在复合断言
REQ-ADMINPORTAL-00431,system-admin,docs/PRD-系统管理员支撑.md,source_section;source_quote;atomic_assertion,API 接口,| GET | /api/v1/admin/audit-logs/export | 瀵煎嚭瀹¤鏃ュ織 | 瓒呯骇绠＄悊鍛?|,需求规定：GET | /api/v1/admin/audit-logs/export | 瀵煎嚭瀹¤鏃ュ織 | 瓒呯骇绠＄悊鍛?,,21;58;97;169;205;260;329;402,gb18030->utf8 x1,NO,MANUAL_REVIEW,至少一个受影响字段无法整字段安全转换，或完整源行不可读/不可定位，或存在复合断言
REQ-ADMINPORTAL-00432,system-admin,docs/PRD-系统管理员支撑.md,source_section,前端变更,| 页面 | 变更 |,需求规定：椤甸潰 | 鍙樻洿,33;73;109;182;218;273;346;415,31;71;107;180;216;271;344;413,gb18030->utf8 x1,NO,REVIEW_CANDIDATE,所有受影响字段均完成整字段可逆转换，且引用/章节可定位；仍需人工确认
REQ-ADMINPORTAL-00433,system-admin,docs/PRD-系统管理员支撑.md,source_section;source_quote;atomic_assertion,前端变更,"| 绠＄悊鍚庡彴 -> 鏂板""瀹¤鏃ュ織""鍏ュ彛 | 澶氱淮绛涢€?鍒楄〃+璇︽儏闈㈡澘 |","需求规定：绠＄悊鍚庡彴 -> 鏂板""瀹¤鏃ュ織""鍏ュ彛 | 澶氱淮绛涢€?鍒楄〃+璇︽儏闈㈡澘",,31;71;107;180;216;271;344;413,gb18030->utf8 x1,NO,MANUAL_REVIEW,至少一个受影响字段无法整字段安全转换，或完整源行不可读/不可定位，或存在复合断言
REQ-ADMINPORTAL-00434,system-admin,docs/PRD-系统管理员支撑.md,source_section;source_quote;atomic_assertion,前端变更,| 绠＄悊鍚庡彴 -> 瀹¤鏃ュ織 -> 璇︽儏 | before/after diff 鍙鍖?|,需求规定：绠＄悊鍚庡彴 -> 瀹¤鏃ュ織 -> 璇︽儏 | before/after diff 鍙鍖?,,31;71;107;180;216;271;344;413,gb18030->utf8 x1,NO,MANUAL_REVIEW,至少一个受影响字段无法整字段安全转换，或完整源行不可读/不可定位，或存在复合断言
REQ-ADMINPORTAL-00435,system-admin,docs/PRD-系统管理员支撑.md,source_section;source_quote;atomic_assertion,前端变更,| 绠＄悊鍚庡彴 -> 瀹¤鏃ュ織 -> 寮傚父妫€娴?| 寮傚父鎿嶄綔妯″紡鍒楄〃 |,需求规定：绠＄悊鍚庡彴 -> 瀹¤鏃ュ織 -> 寮傚父妫€娴?| 寮傚父鎿嶄綔妯″紡鍒楄〃,,31;71;107;180;216;271;344;413,gb18030->utf8 x1,NO,MANUAL_REVIEW,至少一个受影响字段无法整字段安全转换，或完整源行不可读/不可定位，或存在复合断言
REQ-ADMINPORTAL-00437,system-admin,docs/PRD-系统管理员支撑.md,atomic_assertion,功能规格,#### 功能规格,需求规定：琛ㄦ€昏 | 鏄剧ず鎵€鏈夎〃鍚?琛屾暟/鏁版嵁澶у皬/绱㈠紩澶у皬/鏈€鍚?VACUUM 鏃堕棿,11;47;87;121;194;230;287;360,11;47;87;121;194;230;287;360,gb18030->utf8 x1,NO,MANUAL_REVIEW,至少一个受影响字段无法整字段安全转换，或完整源行不可读/不可定位，或存在复合断言
REQ-ADMINPORTAL-00438,system-admin,docs/PRD-系统管理员支撑.md,atomic_assertion,功能规格,#### 功能规格,需求规定：绱㈠紩鐘舵€?| 绱㈠紩浣跨敤鐜?鏈娇鐢ㄧ储寮?閲嶅绱㈠紩妫€娴?,11;47;87;121;194;230;287;360,11;47;87;121;194;230;287;360,gb18030->utf8 x1,NO,MANUAL_REVIEW,至少一个受影响字段无法整字段安全转换，或完整源行不可读/不可定位，或存在复合断言
REQ-ADMINPORTAL-00439,system-admin,docs/PRD-系统管理员支撑.md,atomic_assertion,功能规格,#### 功能规格,需求规定：鎱㈡煡璇㈠垎鏋?| 鎱㈡煡璇㈠垪琛紙鎵ц鏃堕棿/閿佺瓑寰?鎵弿琛屾暟/鏌ヨ鏂囨湰锛?,11;47;87;121;194;230;287;360,11;47;87;121;194;230;287;360,gb18030->utf8 x1,NO,MANUAL_REVIEW,至少一个受影响字段无法整字段安全转换，或完整源行不可读/不可定位，或存在复合断言
REQ-ADMINPORTAL-00440,system-admin,docs/PRD-系统管理员支撑.md,source_quote;atomic_assertion,功能规格,| 鎿嶄綔璇︽儏 | 鏌ョ湅姣忔鎿嶄綔鐨?before/after JSON diff锛岄珮浜彉鏇村瓧娈?|,需求规定：杩炴帴鏌ョ湅 | 褰撳墠娲昏穬杩炴帴鏁?杩炴帴鏉ユ簮/IP 鍒嗗竷,,11;47;87;121;194;230;287;360,gb18030->utf8 x1,NO,MANUAL_REVIEW,至少一个受影响字段无法整字段安全转换，或完整源行不可读/不可定位，或存在复合断言
REQ-ADMINPORTAL-00441,system-admin,docs/PRD-系统管理员支撑.md,source_quote;atomic_assertion,功能规格,| 鎿嶄綔璇︽儏 | 鏌ョ湅姣忔鎿嶄綔鐨?before/after JSON diff锛岄珮浜彉鏇村瓧娈?|,需求规定：SQL 鎵ц | 鍙妯″紡 SQL 鎵ц鍣紙浠呭厑璁?SELECT锛岀姝?INSERT/UPDATE/DELETE/ALTER/DROP/TRUNCATE锛?,,11;47;87;121;194;230;287;360,gb18030->utf8 x1,NO,MANUAL_REVIEW,至少一个受影响字段无法整字段安全转换，或完整源行不可读/不可定位，或存在复合断言
REQ-ADMINPORTAL-00442,system-admin,docs/PRD-系统管理员支撑.md,source_quote;atomic_assertion,功能规格,| 瀹¤鏃ュ織鏌ヨ | 鎸夋椂闂?鎿嶄綔浜?鎿嶄綔绫诲瀷/璧勬簮绫诲瀷/褰卞搷鑼冨洿澶氱淮绛涢€?|,需求规定：Schema 娴忚鍣?| 鏌ョ湅琛ㄧ粨鏋?瀛楁绫诲瀷/榛樿鍊?绾︽潫/澶栭敭/绱㈠紩,,11;47;87;121;194;230;287;360,gb18030->utf8 x1,NO,MANUAL_REVIEW,至少一个受影响字段无法整字段安全转换，或完整源行不可读/不可定位，或存在复合断言
REQ-ADMINPORTAL-00443,system-admin,docs/PRD-系统管理员支撑.md,source_section;source_quote;atomic_assertion,API 接口,| 方法 | 路径 | 说明 | 权限 |,需求规定：鏂规硶 | 璺緞 | 璇存槑 | 鏉冮檺,23;60;99;171;207;262;331;404,21;58;97;169;205;260;329;402,gb18030->utf8 x1,NO,MANUAL_REVIEW,至少一个受影响字段无法整字段安全转换，或完整源行不可读/不可定位，或存在复合断言
REQ-ADMINPORTAL-00444,system-admin,docs/PRD-系统管理员支撑.md,source_section;source_quote;atomic_assertion,API 接口,| GET | /api/v1/admin/audit-logs | 瀹¤鏃ュ織鍒楄〃锛堝缁寸瓫閫夛級 | 绠＄悊鍛?|,需求规定：GET | /api/v1/admin/database/tables | 琛ㄥ垪琛ㄥ強缁熻淇℃伅 | 瓒呯骇绠＄悊鍛?,,21;58;97;169;205;260;329;402,gb18030->utf8 x1,NO,MANUAL_REVIEW,至少一个受影响字段无法整字段安全转换，或完整源行不可读/不可定位，或存在复合断言
REQ-ADMINPORTAL-00445,system-admin,docs/PRD-系统管理员支撑.md,source_section;source_quote;atomic_assertion,API 接口,| GET | /api/v1/admin/audit-logs | 瀹¤鏃ュ織鍒楄〃锛堝缁寸瓫閫夛級 | 绠＄悊鍛?|,需求规定：GET | /api/v1/admin/database/tables/:name | 琛ㄧ粨鏋勮鎯?| 瓒呯骇绠＄悊鍛?,,21;58;97;169;205;260;329;402,gb18030->utf8 x1,NO,MANUAL_REVIEW,至少一个受影响字段无法整字段安全转换，或完整源行不可读/不可定位，或存在复合断言
REQ-ADMINPORTAL-00446,system-admin,docs/PRD-系统管理员支撑.md,source_section;source_quote;atomic_assertion,API 接口,| GET | /api/v1/admin/audit-logs | 瀹¤鏃ュ織鍒楄〃锛堝缁寸瓫閫夛級 | 绠＄悊鍛?|,需求规定：GET | /api/v1/admin/database/indexes | 绱㈠紩鐘舵€佹姤鍛?| 瓒呯骇绠＄悊鍛?,,21;58;97;169;205;260;329;402,gb18030->utf8 x1,NO,MANUAL_REVIEW,至少一个受影响字段无法整字段安全转换，或完整源行不可读/不可定位，或存在复合断言
REQ-ADMINPORTAL-00447,system-admin,docs/PRD-系统管理员支撑.md,source_section;source_quote;atomic_assertion,API 接口,| GET | /api/v1/admin/audit-logs | 瀹¤鏃ュ織鍒楄〃锛堝缁寸瓫閫夛級 | 绠＄悊鍛?|,需求规定：GET | /api/v1/admin/database/slow-queries | 鎱㈡煡璇㈠垪琛?| 瓒呯骇绠＄悊鍛?,,21;58;97;169;205;260;329;402,gb18030->utf8 x1,NO,MANUAL_REVIEW,至少一个受影响字段无法整字段安全转换，或完整源行不可读/不可定位，或存在复合断言
REQ-ADMINPORTAL-00448,system-admin,docs/PRD-系统管理员支撑.md,source_section;source_quote;atomic_assertion,API 接口,| GET | /api/v1/admin/audit-logs | 瀹¤鏃ュ織鍒楄〃锛堝缁寸瓫閫夛級 | 绠＄悊鍛?|,需求规定：GET | /api/v1/admin/database/connections | 褰撳墠杩炴帴 | 瓒呯骇绠＄悊鍛?,,21;58;97;169;205;260;329;402,gb18030->utf8 x1,NO,MANUAL_REVIEW,至少一个受影响字段无法整字段安全转换，或完整源行不可读/不可定位，或存在复合断言
REQ-ADMINPORTAL-00449,system-admin,docs/PRD-系统管理员支撑.md,source_section;source_quote;atomic_assertion,API 接口,| POST | /api/v1/admin/audit-logs/:id/rollback | 鍥炴粴鎿嶄綔 | 瓒呯骇绠＄悊鍛?|,需求规定：POST | /api/v1/admin/database/query | 鎵ц鍙 SQL | 瓒呯骇绠＄悊鍛?,,21;58;97;169;205;260;329;402,gb18030->utf8 x1,NO,MANUAL_REVIEW,至少一个受影响字段无法整字段安全转换，或完整源行不可读/不可定位，或存在复合断言
REQ-ADMINPORTAL-00450,system-admin,docs/PRD-系统管理员支撑.md,source_section,前端变更,| 页面 | 变更 |,需求规定：椤甸潰 | 鍙樻洿,33;73;109;182;218;273;346;415,31;71;107;180;216;271;344;413,gb18030->utf8 x1,NO,REVIEW_CANDIDATE,所有受影响字段均完成整字段可逆转换，且引用/章节可定位；仍需人工确认
REQ-ADMINPORTAL-00451,system-admin,docs/PRD-系统管理员支撑.md,source_section;source_quote;atomic_assertion,前端变更,"| 绠＄悊鍚庡彴 -> 鏂板""瀹¤鏃ュ織""鍏ュ彛 | 澶氱淮绛涢€?鍒楄〃+璇︽儏闈㈡澘 |","需求规定：绠＄悊鍚庡彴 -> 杩愮淮 -> 鏂板""鏁版嵁搴?鍏ュ彛 | 琛ㄦ€昏+绱㈠紩鐘舵€?鎱㈡煡璇?杩炴帴鏁?",,31;71;107;180;216;271;344;413,gb18030->utf8 x1,NO,MANUAL_REVIEW,至少一个受影响字段无法整字段安全转换，或完整源行不可读/不可定位，或存在复合断言
REQ-ADMINPORTAL-00452,system-admin,docs/PRD-系统管理员支撑.md,source_section;source_quote;atomic_assertion,前端变更,"| 绠＄悊鍚庡彴 -> 鏂板""瀹¤鏃ュ織""鍏ュ彛 | 澶氱淮绛涢€?鍒楄〃+璇︽儏闈㈡澘 |",需求规定：绠＄悊鍚庡彴 -> 鏁版嵁搴?-> Schema 娴忚鍣?| 琛ㄧ粨鏋勫睍绀?,,31;71;107;180;216;271;344;413,gb18030->utf8 x1,NO,MANUAL_REVIEW,至少一个受影响字段无法整字段安全转换，或完整源行不可读/不可定位，或存在复合断言
REQ-ADMINPORTAL-00453,system-admin,docs/PRD-系统管理员支撑.md,source_section;source_quote;atomic_assertion,前端变更,"| 绠＄悊鍚庡彴 -> 鏂板""瀹¤鏃ュ織""鍏ュ彛 | 澶氱淮绛涢€?鍒楄〃+璇︽儏闈㈡澘 |",需求规定：绠＄悊鍚庡彴 -> 鏁版嵁搴?-> SQL 鎵ц鍣?| 鍙 SQL 缂栬緫鍣紝甯﹁娉曢珮浜拰缁撴灉灞曠ず,,31;71;107;180;216;271;344;413,gb18030->utf8 x1,NO,MANUAL_REVIEW,至少一个受影响字段无法整字段安全转换，或完整源行不可读/不可定位，或存在复合断言
REQ-ADMINPORTAL-00455,system-admin,docs/PRD-系统管理员支撑.md,atomic_assertion,功能规格,#### 功能规格,需求规定：Redis 姒傝 | 鍐呭瓨浣跨敤閲?Key 鎬绘暟/鍛戒腑鐜?骞冲潎 TTL/杩炴帴鏁?,11;47;87;121;194;230;287;360,11;47;87;121;194;230;287;360,gb18030->utf8 x1,NO,MANUAL_REVIEW,至少一个受影响字段无法整字段安全转换，或完整源行不可读/不可定位，或存在复合断言
REQ-ADMINPORTAL-00456,system-admin,docs/PRD-系统管理员支撑.md,atomic_assertion,功能规格,#### 功能规格,需求规定：Key 妯″紡娴忚 | 鎸夊墠缂€鍒嗙粍灞曠ず Key 鏁伴噺锛坲ser:* / config:* / rate_limit:* / session:*锛?,11;47;87;121;194;230;287;360,11;47;87;121;194;230;287;360,gb18030->utf8 x1,NO,MANUAL_REVIEW,至少一个受影响字段无法整字段安全转换，或完整源行不可读/不可定位，或存在复合断言
REQ-ADMINPORTAL-00457,system-admin,docs/PRD-系统管理员支撑.md,atomic_assertion,功能规格,#### 功能规格,需求规定：缂撳瓨娓呯悊 | 鎸夊墠缂€娓呯悊缂撳瓨锛堝娓呯悊鎵€鏈?user:* 缂撳瓨锛夛紝鏀寔纭寮圭獥,11;47;87;121;194;230;287;360,11;47;87;121;194;230;287;360,gb18030->utf8 x1,NO,MANUAL_REVIEW,至少一个受影响字段无法整字段安全转换，或完整源行不可读/不可定位，或存在复合断言
REQ-ADMINPORTAL-00458,system-admin,docs/PRD-系统管理员支撑.md,source_quote;atomic_assertion,功能规格,| 瀹¤鏃ュ織鏌ヨ | 鎸夋椂闂?鎿嶄綔浜?鎿嶄綔绫诲瀷/璧勬簮绫诲瀷/褰卞搷鑼冨洿澶氱淮绛涢€?|,需求规定：缂撳瓨鏌ヨ | 鏌ヨ鎸囧畾 Key 鐨勫€?,,11;47;87;121;194;230;287;360,gb18030->utf8 x1,NO,MANUAL_REVIEW,至少一个受影响字段无法整字段安全转换，或完整源行不可读/不可定位，或存在复合断言
REQ-ADMINPORTAL-00459,system-admin,docs/PRD-系统管理员支撑.md,atomic_assertion,功能规格,#### 功能规格,需求规定：缂撳瓨缁熻 | 鍚勭紦瀛樺尯鍩熺殑鍛戒腑鐜?杩囨湡鏁?椹遍€愭暟瓒嬪娍,11;47;87;121;194;230;287;360,11;47;87;121;194;230;287;360,gb18030->utf8 x1,NO,MANUAL_REVIEW,至少一个受影响字段无法整字段安全转换，或完整源行不可读/不可定位，或存在复合断言
REQ-ADMINPORTAL-00460,system-admin,docs/PRD-系统管理员支撑.md,source_section;source_quote;atomic_assertion,API 接口,| 方法 | 路径 | 说明 | 权限 |,需求规定：鏂规硶 | 璺緞 | 璇存槑 | 鏉冮檺,23;60;99;171;207;262;331;404,21;58;97;169;205;260;329;402,gb18030->utf8 x1,NO,MANUAL_REVIEW,至少一个受影响字段无法整字段安全转换，或完整源行不可读/不可定位，或存在复合断言
REQ-ADMINPORTAL-00461,system-admin,docs/PRD-系统管理员支撑.md,source_section;source_quote;atomic_assertion,API 接口,| GET | /api/v1/admin/audit-logs | 瀹¤鏃ュ織鍒楄〃锛堝缁寸瓫閫夛級 | 绠＄悊鍛?|,需求规定：GET | /api/v1/admin/cache/info | Redis 姒傝淇℃伅 | 瓒呯骇绠＄悊鍛?,,21;58;97;169;205;260;329;402,gb18030->utf8 x1,NO,MANUAL_REVIEW,至少一个受影响字段无法整字段安全转换，或完整源行不可读/不可定位，或存在复合断言
REQ-ADMINPORTAL-00462,system-admin,docs/PRD-系统管理员支撑.md,source_section;source_quote;atomic_assertion,API 接口,| GET | /api/v1/admin/audit-logs | 瀹¤鏃ュ織鍒楄〃锛堝缁寸瓫閫夛級 | 绠＄悊鍛?|,需求规定：GET | /api/v1/admin/cache/keys | Key 鎸夊墠缂€鍒嗙粍缁熻 | 瓒呯骇绠＄悊鍛?,,21;58;97;169;205;260;329;402,gb18030->utf8 x1,NO,MANUAL_REVIEW,至少一个受影响字段无法整字段安全转换，或完整源行不可读/不可定位，或存在复合断言
REQ-ADMINPORTAL-00463,system-admin,docs/PRD-系统管理员支撑.md,source_section;source_quote;atomic_assertion,API 接口,| GET | /api/v1/admin/audit-logs | 瀹¤鏃ュ織鍒楄〃锛堝缁寸瓫閫夛級 | 绠＄悊鍛?|,需求规定：GET | /api/v1/admin/cache/keys/:key | 鏌ヨ鎸囧畾 Key 鐨勫€?| 瓒呯骇绠＄悊鍛?,,21;58;97;169;205;260;329;402,gb18030->utf8 x1,NO,MANUAL_REVIEW,至少一个受影响字段无法整字段安全转换，或完整源行不可读/不可定位，或存在复合断言
REQ-ADMINPORTAL-00464,system-admin,docs/PRD-系统管理员支撑.md,source_section;source_quote;atomic_assertion,API 接口,| GET | /api/v1/admin/audit-logs | 瀹¤鏃ュ織鍒楄〃锛堝缁寸瓫閫夛級 | 绠＄悊鍛?|,需求规定：DELETE | /api/v1/admin/cache/keys | 鎸夊墠缂€娓呯悊缂撳瓨 | 瓒呯骇绠＄悊鍛?,,21;58;97;169;205;260;329;402,gb18030->utf8 x1,NO,MANUAL_REVIEW,至少一个受影响字段无法整字段安全转换，或完整源行不可读/不可定位，或存在复合断言
REQ-ADMINPORTAL-00465,system-admin,docs/PRD-系统管理员支撑.md,source_section;source_quote;atomic_assertion,API 接口,| GET | /api/v1/admin/audit-logs | 瀹¤鏃ュ織鍒楄〃锛堝缁寸瓫閫夛級 | 绠＄悊鍛?|,需求规定：GET | /api/v1/admin/cache/stats | 缂撳瓨鍛戒腑鐜囩粺璁?| 瓒呯骇绠＄悊鍛?,,21;58;97;169;205;260;329;402,gb18030->utf8 x1,NO,MANUAL_REVIEW,至少一个受影响字段无法整字段安全转换，或完整源行不可读/不可定位，或存在复合断言
REQ-ADMINPORTAL-00466,system-admin,docs/PRD-系统管理员支撑.md,source_section,前端变更,| 页面 | 变更 |,需求规定：椤甸潰 | 鍙樻洿,33;73;109;182;218;273;346;415,31;71;107;180;216;271;344;413,gb18030->utf8 x1,NO,REVIEW_CANDIDATE,所有受影响字段均完成整字段可逆转换，且引用/章节可定位；仍需人工确认
REQ-ADMINPORTAL-00467,system-admin,docs/PRD-系统管理员支撑.md,source_section;source_quote;atomic_assertion,前端变更,"| 绠＄悊鍚庡彴 -> 鏂板""瀹¤鏃ュ織""鍏ュ彛 | 澶氱淮绛涢€?鍒楄〃+璇︽儏闈㈡澘 |","需求规定：绠＄悊鍚庡彴 -> 杩愮淮 -> 鏂板""缂撳瓨绠＄悊""鍏ュ彛 | Redis 姒傝+Key 鍒嗙粍娴忚+娓呯悊鎿嶄綔",,31;71;107;180;216;271;344;413,gb18030->utf8 x1,NO,MANUAL_REVIEW,至少一个受影响字段无法整字段安全转换，或完整源行不可读/不可定位，或存在复合断言
REQ-ADMINPORTAL-00469,system-admin,docs/PRD-系统管理员支撑.md,source_quote;atomic_assertion,功能规格,| 瀹¤鏃ュ織鏌ヨ | 鎸夋椂闂?鎿嶄綔浜?鎿嶄綔绫诲瀷/璧勬簮绫诲瀷/褰卞搷鑼冨洿澶氱淮绛涢€?|,需求规定：浠诲姟鍒楄〃 | 鎵€鏈夊畾鏃朵换鍔″悕绉?绫诲瀷/璋冨害琛ㄨ揪寮?涓婃鎵ц鏃堕棿/涓婃缁撴灉/鐘舵€?,,11;47;87;121;194;230;287;360,gb18030->utf8 x1,NO,MANUAL_REVIEW,至少一个受影响字段无法整字段安全转换，或完整源行不可读/不可定位，或存在复合断言
REQ-ADMINPORTAL-00470,system-admin,docs/PRD-系统管理员支撑.md,atomic_assertion,功能规格,#### 功能规格,需求规定：浠诲姟鎵ц鍘嗗彶 | 姣忔鎵ц鐨勫紑濮嬫椂闂?缁撴潫鏃堕棿/鑰楁椂/缁撴灉/閿欒淇℃伅,11;47;87;121;194;230;287;360,11;47;87;121;194;230;287;360,gb18030->utf8 x1,NO,MANUAL_REVIEW,至少一个受影响字段无法整字段安全转换，或完整源行不可读/不可定位，或存在复合断言
REQ-ADMINPORTAL-00471,system-admin,docs/PRD-系统管理员支撑.md,atomic_assertion,功能规格,#### 功能规格,需求规定：鎵嬪姩瑙﹀彂 | 绠＄悊鍛樻墜鍔ㄨЕ鍙戞煇涓换鍔＄珛鍗虫墽琛?,11;47;87;121;194;230;287;360,11;47;87;121;194;230;287;360,gb18030->utf8 x1,NO,MANUAL_REVIEW,至少一个受影响字段无法整字段安全转换，或完整源行不可读/不可定位，或存在复合断言
REQ-ADMINPORTAL-00472,system-admin,docs/PRD-系统管理员支撑.md,atomic_assertion,功能规格,#### 功能规格,需求规定：鍚敤/绂佺敤 | 涓存椂绂佺敤鏌愪釜浠诲姟锛堝缁存姢鏈熼棿鏆傚仠澶囦唤锛?,11;47;87;121;194;230;287;360,11;47;87;121;194;230;287;360,gb18030->utf8 x1,NO,MANUAL_REVIEW,至少一个受影响字段无法整字段安全转换，或完整源行不可读/不可定位，或存在复合断言
REQ-ADMINPORTAL-00473,system-admin,docs/PRD-系统管理员支撑.md,atomic_assertion,功能规格,#### 功能规格,需求规定：澶辫触鍛婅 | 浠诲姟杩炵画澶辫触 N 娆″悗鑷姩鍛婅,11;47;87;121;194;230;287;360,11;47;87;121;194;230;287;360,gb18030->utf8 x1,NO,MANUAL_REVIEW,至少一个受影响字段无法整字段安全转换，或完整源行不可读/不可定位，或存在复合断言
REQ-ADMINPORTAL-00474,system-admin,docs/PRD-系统管理员支撑.md,atomic_assertion,功能规格,#### 功能规格,需求规定：浠诲姟渚濊禆 | 閰嶇疆浠诲姟闂翠緷璧栧叧绯伙紙濡傦細瀵硅处渚濊禆缁撶畻鍏堝畬鎴愶級,11;47;87;121;194;230;287;360,11;47;87;121;194;230;287;360,gb18030->utf8 x1,NO,MANUAL_REVIEW,至少一个受影响字段无法整字段安全转换，或完整源行不可读/不可定位，或存在复合断言
REQ-ADMINPORTAL-00475,system-admin,docs/PRD-系统管理员支撑.md,source_section;source_quote;atomic_assertion,API 接口,| 方法 | 路径 | 说明 | 权限 |,需求规定：鏂规硶 | 璺緞 | 璇存槑 | 鏉冮檺,23;60;99;171;207;262;331;404,21;58;97;169;205;260;329;402,gb18030->utf8 x1,NO,MANUAL_REVIEW,至少一个受影响字段无法整字段安全转换，或完整源行不可读/不可定位，或存在复合断言
REQ-ADMINPORTAL-00476,system-admin,docs/PRD-系统管理员支撑.md,source_section;source_quote;atomic_assertion,API 接口,| GET | /api/v1/admin/audit-logs | 瀹¤鏃ュ織鍒楄〃锛堝缁寸瓫閫夛級 | 绠＄悊鍛?|,需求规定：GET | /api/v1/admin/tasks | 浠诲姟鍒楄〃 | 瓒呯骇绠＄悊鍛?,,21;58;97;169;205;260;329;402,gb18030->utf8 x1,NO,MANUAL_REVIEW,至少一个受影响字段无法整字段安全转换，或完整源行不可读/不可定位，或存在复合断言
REQ-ADMINPORTAL-00477,system-admin,docs/PRD-系统管理员支撑.md,source_section;source_quote;atomic_assertion,API 接口,| GET | /api/v1/admin/audit-logs | 瀹¤鏃ュ織鍒楄〃锛堝缁寸瓫閫夛級 | 绠＄悊鍛?|,需求规定：GET | /api/v1/admin/tasks/:id | 浠诲姟璇︽儏 | 瓒呯骇绠＄悊鍛?,,21;58;97;169;205;260;329;402,gb18030->utf8 x1,NO,MANUAL_REVIEW,至少一个受影响字段无法整字段安全转换，或完整源行不可读/不可定位，或存在复合断言
REQ-ADMINPORTAL-00478,system-admin,docs/PRD-系统管理员支撑.md,source_section;source_quote;atomic_assertion,API 接口,| GET | /api/v1/admin/audit-logs | 瀹¤鏃ュ織鍒楄〃锛堝缁寸瓫閫夛級 | 绠＄悊鍛?|,需求规定：PATCH | /api/v1/admin/tasks/:id | 鏇存柊浠诲姟閰嶇疆 | 瓒呯骇绠＄悊鍛?,,21;58;97;169;205;260;329;402,gb18030->utf8 x1,NO,MANUAL_REVIEW,至少一个受影响字段无法整字段安全转换，或完整源行不可读/不可定位，或存在复合断言
REQ-ADMINPORTAL-00479,system-admin,docs/PRD-系统管理员支撑.md,source_section;source_quote;atomic_assertion,API 接口,| POST | /api/v1/admin/audit-logs/:id/rollback | 鍥炴粴鎿嶄綔 | 瓒呯骇绠＄悊鍛?|,需求规定：POST | /api/v1/admin/tasks/:id/trigger | 鎵嬪姩瑙﹀彂浠诲姟 | 瓒呯骇绠＄悊鍛?,,21;58;97;169;205;260;329;402,gb18030->utf8 x1,NO,MANUAL_REVIEW,至少一个受影响字段无法整字段安全转换，或完整源行不可读/不可定位，或存在复合断言
REQ-ADMINPORTAL-00480,system-admin,docs/PRD-系统管理员支撑.md,source_section;source_quote;atomic_assertion,API 接口,| POST | /api/v1/admin/audit-logs/:id/rollback | 鍥炴粴鎿嶄綔 | 瓒呯骇绠＄悊鍛?|,需求规定：POST | /api/v1/admin/tasks/:id/toggle | 鍚敤/绂佺敤浠诲姟 | 瓒呯骇绠＄悊鍛?,,21;58;97;169;205;260;329;402,gb18030->utf8 x1,NO,MANUAL_REVIEW,至少一个受影响字段无法整字段安全转换，或完整源行不可读/不可定位，或存在复合断言
REQ-ADMINPORTAL-00481,system-admin,docs/PRD-系统管理员支撑.md,source_section;source_quote;atomic_assertion,API 接口,| GET | /api/v1/admin/audit-logs | 瀹¤鏃ュ織鍒楄〃锛堝缁寸瓫閫夛級 | 绠＄悊鍛?|,需求规定：GET | /api/v1/admin/tasks/:id/history | 鎵ц鍘嗗彶 | 瓒呯骇绠＄悊鍛?,,21;58;97;169;205;260;329;402,gb18030->utf8 x1,NO,MANUAL_REVIEW,至少一个受影响字段无法整字段安全转换，或完整源行不可读/不可定位，或存在复合断言
REQ-ADMINPORTAL-00482,system-admin,docs/PRD-系统管理员支撑.md,source_section,前端变更,| 页面 | 变更 |,需求规定：椤甸潰 | 鍙樻洿,33;73;109;182;218;273;346;415,31;71;107;180;216;271;344;413,gb18030->utf8 x1,NO,REVIEW_CANDIDATE,所有受影响字段均完成整字段可逆转换，且引用/章节可定位；仍需人工确认
REQ-ADMINPORTAL-00483,system-admin,docs/PRD-系统管理员支撑.md,source_section;source_quote;atomic_assertion,前端变更,"| 绠＄悊鍚庡彴 -> 鏂板""瀹¤鏃ュ織""鍏ュ彛 | 澶氱淮绛涢€?鍒楄〃+璇︽儏闈㈡澘 |","需求规定：绠＄悊鍚庡彴 -> 杩愮淮 -> 鏂板""浠诲姟璋冨害""鍏ュ彛 | 浠诲姟鍒楄〃+鎵ц鍘嗗彶+鎵嬪姩瑙﹀彂",,31;71;107;180;216;271;344;413,gb18030->utf8 x1,NO,MANUAL_REVIEW,至少一个受影响字段无法整字段安全转换，或完整源行不可读/不可定位，或存在复合断言
REQ-ADMINPORTAL-00485,system-admin,docs/PRD-系统管理员支撑.md,source_quote;atomic_assertion,功能规格,| 瀹¤鏃ュ織鏌ヨ | 鎸夋椂闂?鎿嶄綔浜?鎿嶄綔绫诲瀷/璧勬簮绫诲瀷/褰卞搷鑼冨洿澶氱淮绛涢€?|,需求规定：鏃ュ織鏂囦欢鍒楄〃 | 灞曠ず鏈嶅姟鍣ㄤ笂鍏抽敭鏃ュ織鏂囦欢鍒楄〃锛坅pi-error.log / api-access.log / nginx-error.log / deploy.log锛?,,11;47;87;121;194;230;287;360,gb18030->utf8 x1,NO,MANUAL_REVIEW,至少一个受影响字段无法整字段安全转换，或完整源行不可读/不可定位，或存在复合断言
REQ-ADMINPORTAL-00486,system-admin,docs/PRD-系统管理员支撑.md,source_quote;atomic_assertion,功能规格,| 瀹¤鏃ュ織鏌ヨ | 鎸夋椂闂?鎿嶄綔浜?鎿嶄綔绫诲瀷/璧勬簮绫诲瀷/褰卞搷鑼冨洿澶氱淮绛涢€?|,需求规定：瀹炴椂 tail | 瀹炴椂婊氬姩鏌ョ湅鏃ュ織灏鹃儴锛岀被浼?tail -f,,11;47;87;121;194;230;287;360,gb18030->utf8 x1,NO,MANUAL_REVIEW,至少一个受影响字段无法整字段安全转换，或完整源行不可读/不可定位，或存在复合断言
REQ-ADMINPORTAL-00487,system-admin,docs/PRD-系统管理员支撑.md,source_quote,功能规格,| 瀹¤鏃ュ織鏌ヨ | 鎸夋椂闂?鎿嶄綔浜?鎿嶄綔绫诲瀷/璧勬簮绫诲瀷/褰卞搷鑼冨洿澶氱淮绛涢€?|,需求规定：鏃堕棿鑼冨洿绛涢€?| 鎸夋椂闂磋寖鍥存煡鐪嬫棩蹇楃墖娈?,,11;47;87;121;194;230;287;360,gb18030->utf8 x1,NO,MANUAL_REVIEW,至少一个受影响字段无法整字段安全转换，或完整源行不可读/不可定位，或存在复合断言
REQ-ADMINPORTAL-00488,system-admin,docs/PRD-系统管理员支撑.md,source_quote;atomic_assertion,功能规格,| 瀹¤鏃ュ織鏌ヨ | 鎸夋椂闂?鎿嶄綔浜?鎿嶄綔绫诲瀷/璧勬簮绫诲瀷/褰卞搷鑼冨洿澶氱淮绛涢€?|,需求规定：鍏抽敭璇嶆悳绱?| 鎼滅储鏃ュ織涓寘鍚叧閿瘝鐨勮,,11;47;87;121;194;230;287;360,gb18030->utf8 x1,NO,MANUAL_REVIEW,至少一个受影响字段无法整字段安全转换，或完整源行不可读/不可定位，或存在复合断言
REQ-ADMINPORTAL-00489,system-admin,docs/PRD-系统管理员支撑.md,source_quote;atomic_assertion,功能规格,| 瀹¤鏃ュ織鏌ヨ | 鎸夋椂闂?鎿嶄綔浜?鎿嶄綔绫诲瀷/璧勬簮绫诲瀷/褰卞搷鑼冨洿澶氱淮绛涢€?|,需求规定：鏃ュ織绾у埆杩囨护 | 鎸?error/warn/info/debug 绾у埆杩囨护,,11;47;87;121;194;230;287;360,gb18030->utf8 x1,NO,MANUAL_REVIEW,至少一个受影响字段无法整字段安全转换，或完整源行不可读/不可定位，或存在复合断言
REQ-ADMINPORTAL-00490,system-admin,docs/PRD-系统管理员支撑.md,source_quote;atomic_assertion,功能规格,| 瀹¤鏃ュ織鏌ヨ | 鎸夋椂闂?鎿嶄綔浜?鎿嶄綔绫诲瀷/璧勬簮绫诲瀷/褰卞搷鑼冨洿澶氱淮绛涢€?|,需求规定：鏃ュ織涓嬭浇 | 鎸夋椂闂磋寖鍥村鍑烘棩蹇楁枃浠?,,11;47;87;121;194;230;287;360,gb18030->utf8 x1,NO,MANUAL_REVIEW,至少一个受影响字段无法整字段安全转换，或完整源行不可读/不可定位，或存在复合断言
REQ-ADMINPORTAL-00491,system-admin,docs/PRD-系统管理员支撑.md,source_section;source_quote;atomic_assertion,API 接口,| 方法 | 路径 | 说明 | 权限 |,需求规定：鏂规硶 | 璺緞 | 璇存槑 | 鏉冮檺,23;60;99;171;207;262;331;404,21;58;97;169;205;260;329;402,gb18030->utf8 x1,NO,MANUAL_REVIEW,至少一个受影响字段无法整字段安全转换，或完整源行不可读/不可定位，或存在复合断言
REQ-ADMINPORTAL-00492,system-admin,docs/PRD-系统管理员支撑.md,source_section;source_quote;atomic_assertion,API 接口,| GET | /api/v1/admin/audit-logs | 瀹¤鏃ュ織鍒楄〃锛堝缁寸瓫閫夛級 | 绠＄悊鍛?|,需求规定：GET | /api/v1/admin/logs/files | 鍙煡鐪嬬殑鏃ュ織鏂囦欢鍒楄〃 | 瓒呯骇绠＄悊鍛?,,21;58;97;169;205;260;329;402,gb18030->utf8 x1,NO,MANUAL_REVIEW,至少一个受影响字段无法整字段安全转换，或完整源行不可读/不可定位，或存在复合断言
REQ-ADMINPORTAL-00493,system-admin,docs/PRD-系统管理员支撑.md,source_section;source_quote;atomic_assertion,API 接口,| GET | /api/v1/admin/audit-logs | 瀹¤鏃ュ織鍒楄〃锛堝缁寸瓫閫夛級 | 绠＄悊鍛?|,需求规定：GET | /api/v1/admin/logs/read | 璇诲彇鏃ュ織鍐呭锛堟敮鎸?offset/limit/level/鍏抽敭璇嶏級 | 瓒呯骇绠＄悊鍛?,,21;58;97;169;205;260;329;402,gb18030->utf8 x1,NO,MANUAL_REVIEW,至少一个受影响字段无法整字段安全转换，或完整源行不可读/不可定位，或存在复合断言
REQ-ADMINPORTAL-00494,system-admin,docs/PRD-系统管理员支撑.md,source_section;source_quote;atomic_assertion,API 接口,| POST | /api/v1/admin/audit-logs/:id/rollback | 鍥炴粴鎿嶄綔 | 瓒呯骇绠＄悊鍛?|,需求规定：WS | /ws/logs | WebSocket 瀹炴椂鏃ュ織娴?| 瓒呯骇绠＄悊鍛?,,21;58;97;169;205;260;329;402,gb18030->utf8 x1,NO,MANUAL_REVIEW,至少一个受影响字段无法整字段安全转换，或完整源行不可读/不可定位，或存在复合断言
REQ-ADMINPORTAL-00495,system-admin,docs/PRD-系统管理员支撑.md,source_section;source_quote;atomic_assertion,API 接口,| GET | /api/v1/admin/audit-logs | 瀹¤鏃ュ織鍒楄〃锛堝缁寸瓫閫夛級 | 绠＄悊鍛?|,需求规定：GET | /api/v1/admin/logs/download | 涓嬭浇鏃ュ織鏂囦欢 | 瓒呯骇绠＄悊鍛?,,21;58;97;169;205;260;329;402,gb18030->utf8 x1,NO,MANUAL_REVIEW,至少一个受影响字段无法整字段安全转换，或完整源行不可读/不可定位，或存在复合断言
REQ-ADMINPORTAL-00496,system-admin,docs/PRD-系统管理员支撑.md,source_section,前端变更,| 页面 | 变更 |,需求规定：椤甸潰 | 鍙樻洿,33;73;109;182;218;273;346;415,31;71;107;180;216;271;344;413,gb18030->utf8 x1,NO,REVIEW_CANDIDATE,所有受影响字段均完成整字段可逆转换，且引用/章节可定位；仍需人工确认
REQ-ADMINPORTAL-00497,system-admin,docs/PRD-系统管理员支撑.md,source_section;source_quote;atomic_assertion,前端变更,"| 绠＄悊鍚庡彴 -> 鏂板""瀹¤鏃ュ織""鍏ュ彛 | 澶氱淮绛涢€?鍒楄〃+璇︽儏闈㈡澘 |","需求规定：绠＄悊鍚庡彴 -> 杩愮淮 -> 鏂板""鏃ュ織鏌ョ湅""鍏ュ彛 | 鏃ュ織鏂囦欢閫夋嫨+瀹炴椂 tail+鎼滅储+杩囨护",,31;71;107;180;216;271;344;413,gb18030->utf8 x1,NO,MANUAL_REVIEW,至少一个受影响字段无法整字段安全转换，或完整源行不可读/不可定位，或存在复合断言
REQ-ADMINPORTAL-00499,system-admin,docs/PRD-系统管理员支撑.md,atomic_assertion,功能规格,#### 功能规格,需求规定：鏈嶅姟鐘舵€佹€昏 | API 鏈嶅姟/鏁版嵁搴?Redis/鍚勪緵搴斿晢 API 鐨勫疄鏃剁姸鎬侊紙缁胯壊/榛勮壊/绾㈣壊锛?,11;47;87;121;194;230;287;360,11;47;87;121;194;230;287;360,gb18030->utf8 x1,NO,MANUAL_REVIEW,至少一个受影响字段无法整字段安全转换，或完整源行不可读/不可定位，或存在复合断言
REQ-ADMINPORTAL-00500,system-admin,docs/PRD-系统管理员支撑.md,atomic_assertion,功能规格,#### 功能规格,需求规定：6 缁村害鍋ュ悍璇勫垎 | API 鍙敤鎬?30%)/寤惰繜(25%)/閿欒鐜?20%)/鏁版嵁搴?10%)/Redis(10%)/瀹夊叏(5%),11;47;87;121;194;230;287;360,11;47;87;121;194;230;287;360,gb18030->utf8 x1,NO,MANUAL_REVIEW,至少一个受影响字段无法整字段安全转换，或完整源行不可读/不可定位，或存在复合断言
REQ-ADMINPORTAL-00501,system-admin,docs/PRD-系统管理员支撑.md,atomic_assertion,功能规格,#### 功能规格,需求规定：鍘嗗彶鍙敤鎬ц秼鍔?| 杩?7 澶╂瘡鏃ュ仴搴疯瘎鍒嗚秼鍔垮浘,11;47;87;121;194;230;287;360,11;47;87;121;194;230;287;360,gb18030->utf8 x1,NO,MANUAL_REVIEW,至少一个受影响字段无法整字段安全转换，或完整源行不可读/不可定位，或存在复合断言
REQ-ADMINPORTAL-00502,system-admin,docs/PRD-系统管理员支撑.md,atomic_assertion,功能规格,#### 功能规格,需求规定：渚涘簲鍟嗛€氶亾鍋ュ悍 | 鎵€鏈変緵搴斿晢閫氶亾鐨勫仴搴风姸鎬佺粺璁★紙鍋ュ悍鏁?閫氶亾鎬绘暟/鍋ュ悍鐜囷級,11;47;87;121;194;230;287;360,11;47;87;121;194;230;287;360,gb18030->utf8 x1,NO,MANUAL_REVIEW,至少一个受影响字段无法整字段安全转换，或完整源行不可读/不可定位，或存在复合断言
REQ-ADMINPORTAL-00503,system-admin,docs/PRD-系统管理员支撑.md,source_quote;atomic_assertion,功能规格,| 瀹¤鏃ュ織鏌ヨ | 鎸夋椂闂?鎿嶄綔浜?鎿嶄綔绫诲瀷/璧勬簮绫诲瀷/褰卞搷鑼冨洿澶氱淮绛涢€?|,需求规定：璧勬簮鐩戞帶 | CPU/鍐呭瓨/纾佺洏/绯荤粺璐熻浇/杩涚▼鍫嗗唴瀛樺疄鏃剁洃鎺?,,11;47;87;121;194;230;287;360,gb18030->utf8 x1,NO,MANUAL_REVIEW,至少一个受影响字段无法整字段安全转换，或完整源行不可读/不可定位，或存在复合断言
REQ-ADMINPORTAL-00504,system-admin,docs/PRD-系统管理员支撑.md,source_quote;atomic_assertion,功能规格,| 瀹¤鏃ュ織鏌ヨ | 鎸夋椂闂?鎿嶄綔浜?鎿嶄綔绫诲瀷/璧勬簮绫诲瀷/褰卞搷鑼冨洿澶氱淮绛涢€?|,需求规定：鑷姩璇婃柇 | 6 椤硅瘖鏂細鏁版嵁搴撹繛鎺?Redis杩炴帴/渚涘簲鍟嗚繛閫氭€?纾佺洏鍐欏叆/杩涚▼鍐呭瓨/绯荤粺璧勬簮,,11;47;87;121;194;230;287;360,gb18030->utf8 x1,NO,MANUAL_REVIEW,至少一个受影响字段无法整字段安全转换，或完整源行不可读/不可定位，或存在复合断言
REQ-ADMINPORTAL-00505,system-admin,docs/PRD-系统管理员支撑.md,source_section;source_quote;atomic_assertion,鍚庣瀹炵幇鐘舵€?,| 绔偣 | 瀹炵幇鐘舵€?| 璇存槑 |,需求规定：绔偣 | 瀹炵幇鐘舵€?| 璇存槑,,,,NO,MANUAL_REVIEW,至少一个受影响字段无法整字段安全转换，或完整源行不可读/不可定位，或存在复合断言
REQ-ADMINPORTAL-00506,system-admin,docs/PRD-系统管理员支撑.md,source_section;source_quote;atomic_assertion,鍚庣瀹炵幇鐘舵€?,| `GET /api/v1/admin/health/overview` | 鉁?宸插疄鐜?| 鏈嶅姟鐘舵€佹€昏 + 渚涘簲鍟嗛€氶亾鍋ュ悍缁熻 |,需求规定：`GET /api/v1/admin/health/overview` | 鉁?宸插疄鐜?| 鏈嶅姟鐘舵€佹€昏 + 渚涘簲鍟嗛€氶亾鍋ュ悍缁熻,,,,NO,MANUAL_REVIEW,至少一个受影响字段无法整字段安全转换，或完整源行不可读/不可定位，或存在复合断言
REQ-ADMINPORTAL-00507,system-admin,docs/PRD-系统管理员支撑.md,source_section,鍚庣瀹炵幇鐘舵€?,| `GET /api/v1/admin/health-score` | 鉁?宸插疄鐜?| 6 缁村害鍋ュ悍璇勫垎 + 鍔犳潈鎬诲垎 |,需求规定：`GET /api/v1/admin/health-score` | 鉁?宸插疄鐜?| 6 缁村害鍋ュ悍璇勫垎 + 鍔犳潈鎬诲垎,246,,,NO,MANUAL_REVIEW,至少一个受影响字段无法整字段安全转换，或完整源行不可读/不可定位，或存在复合断言
REQ-ADMINPORTAL-00508,system-admin,docs/PRD-系统管理员支撑.md,source_section,鍚庣瀹炵幇鐘舵€?,| `GET /api/v1/admin/health-score/history` | 鉁?宸插疄鐜?| 杩?7 澶╄秼鍔?|,需求规定：`GET /api/v1/admin/health-score/history` | 鉁?宸插疄鐜?| 杩?7 澶╄秼鍔?,247,,,NO,MANUAL_REVIEW,至少一个受影响字段无法整字段安全转换，或完整源行不可读/不可定位，或存在复合断言
REQ-ADMINPORTAL-00509,system-admin,docs/PRD-系统管理员支撑.md,source_section;source_quote;atomic_assertion,鍚庣瀹炵幇鐘舵€?,| `GET /api/v1/admin/health/service/:name` | 鉁?宸插疄鐜?| 鍗曚釜鏈嶅姟璇︽儏 (api/database/redis) |,需求规定：`GET /api/v1/admin/health/service/:name` | 鉁?宸插疄鐜?| 鍗曚釜鏈嶅姟璇︽儏 (api/database/redis),,,,NO,MANUAL_REVIEW,至少一个受影响字段无法整字段安全转换，或完整源行不可读/不可定位，或存在复合断言
REQ-ADMINPORTAL-00510,system-admin,docs/PRD-系统管理员支撑.md,source_section;source_quote;atomic_assertion,鍚庣瀹炵幇鐘舵€?,| `GET /api/v1/admin/health/resources` | 鉁?宸插疄鐜?| CPU/鍐呭瓨/纾佺洏/绯荤粺淇℃伅 |,需求规定：`GET /api/v1/admin/health/resources` | 鉁?宸插疄鐜?| CPU/鍐呭瓨/纾佺洏/绯荤粺淇℃伅,,,,NO,MANUAL_REVIEW,至少一个受影响字段无法整字段安全转换，或完整源行不可读/不可定位，或存在复合断言
REQ-ADMINPORTAL-00511,system-admin,docs/PRD-系统管理员支撑.md,source_section,鍚庣瀹炵幇鐘舵€?,| `POST /api/v1/admin/health/diagnose` | 鉁?宸插疄鐜?| 6 椤硅嚜鍔ㄨ瘖鏂?+ 鎬荤粨 |,需求规定：`POST /api/v1/admin/health/diagnose` | 鉁?宸插疄鐜?| 6 椤硅嚜鍔ㄨ瘖鏂?+ 鎬荤粨,250,,,NO,MANUAL_REVIEW,至少一个受影响字段无法整字段安全转换，或完整源行不可读/不可定位，或存在复合断言
REQ-ADMINPORTAL-00513,system-admin,docs/PRD-系统管理员支撑.md,source_quote;atomic_assertion,寰呭疄鐜?,| 渚濊禆鎷撴墤鍥?| 鏈嶅姟渚濊禆鍏崇郴鍙鍖?| P2 |,需求规定：渚濊禆鎷撴墤鍥?| 鏈嶅姟渚濊禆鍏崇郴鍙鍖?| P2,,252,,NO,MANUAL_REVIEW,至少一个受影响字段无法整字段安全转换，或完整源行不可读/不可定位，或存在复合断言
REQ-ADMINPORTAL-00514,system-admin,docs/PRD-系统管理员支撑.md,source_quote;atomic_assertion,寰呭疄鐜?,| 渚涘簲鍟嗗搷搴旀椂闂磋秼鍔?| 鍚勪緵搴斿晢 API 鍝嶅簲鏃堕棿瓒嬪娍鍥?| P2 |,需求规定：渚涘簲鍟嗗搷搴旀椂闂磋秼鍔?| 鍚勪緵搴斿晢 API 鍝嶅簲鏃堕棿瓒嬪娍鍥?| P2,,252,,NO,MANUAL_REVIEW,至少一个受影响字段无法整字段安全转换，或完整源行不可读/不可定位，或存在复合断言
REQ-ADMINPORTAL-00516,system-admin,docs/PRD-系统管理员支撑.md,source_section;source_quote;atomic_assertion,API 接口,| 方法 | 路径 | 说明 | 权限 |,需求规定：鏂规硶 | 璺緞 | 璇存槑 | 鏉冮檺,23;60;99;171;207;262;331;404,21;58;97;169;205;260;329;402,gb18030->utf8 x1,NO,MANUAL_REVIEW,至少一个受影响字段无法整字段安全转换，或完整源行不可读/不可定位，或存在复合断言
REQ-ADMINPORTAL-00517,system-admin,docs/PRD-系统管理员支撑.md,source_section;source_quote;atomic_assertion,API 接口,| GET | /api/v1/admin/audit-logs | 瀹¤鏃ュ織鍒楄〃锛堝缁寸瓫閫夛級 | 绠＄悊鍛?|,需求规定：GET | /api/v1/admin/health/overview | 鎵€鏈夋湇鍔＄姸鎬佹瑙?| security_view,,21;58;97;169;205;260;329;402,gb18030->utf8 x1,NO,MANUAL_REVIEW,至少一个受影响字段无法整字段安全转换，或完整源行不可读/不可定位，或存在复合断言
REQ-ADMINPORTAL-00518,system-admin,docs/PRD-系统管理员支撑.md,source_section;source_quote,API 接口,| GET | /api/v1/admin/audit-logs | 瀹¤鏃ュ織鍒楄〃锛堝缁寸瓫閫夛級 | 绠＄悊鍛?|,需求规定：GET | /api/v1/admin/health-score | 6 缁村害鍋ュ悍璇勫垎 | security_view,,21;58;97;169;205;260;329;402,gb18030->utf8 x1,NO,MANUAL_REVIEW,至少一个受影响字段无法整字段安全转换，或完整源行不可读/不可定位，或存在复合断言
REQ-ADMINPORTAL-00519,system-admin,docs/PRD-系统管理员支撑.md,source_section;source_quote,API 接口,| GET | /api/v1/admin/audit-logs | 瀹¤鏃ュ織鍒楄〃锛堝缁寸瓫閫夛級 | 绠＄悊鍛?|,需求规定：GET | /api/v1/admin/health-score/history | 杩?7 澶╄秼鍔?| security_view,,21;58;97;169;205;260;329;402,gb18030->utf8 x1,NO,MANUAL_REVIEW,至少一个受影响字段无法整字段安全转换，或完整源行不可读/不可定位，或存在复合断言
REQ-ADMINPORTAL-00520,system-admin,docs/PRD-系统管理员支撑.md,source_section;source_quote;atomic_assertion,API 接口,| GET | /api/v1/admin/audit-logs | 瀹¤鏃ュ織鍒楄〃锛堝缁寸瓫閫夛級 | 绠＄悊鍛?|,需求规定：GET | /api/v1/admin/health/service/:name | 鍗曚釜鏈嶅姟璇︽儏 | security_view,,21;58;97;169;205;260;329;402,gb18030->utf8 x1,NO,MANUAL_REVIEW,至少一个受影响字段无法整字段安全转换，或完整源行不可读/不可定位，或存在复合断言
REQ-ADMINPORTAL-00521,system-admin,docs/PRD-系统管理员支撑.md,source_section;source_quote,API 接口,| GET | /api/v1/admin/audit-logs | 瀹¤鏃ュ織鍒楄〃锛堝缁寸瓫閫夛級 | 绠＄悊鍛?|,需求规定：GET | /api/v1/admin/health/resources | 鏈嶅姟鍣ㄨ祫婧愮洃鎺?| security_view,,21;58;97;169;205;260;329;402,gb18030->utf8 x1,NO,MANUAL_REVIEW,至少一个受影响字段无法整字段安全转换，或完整源行不可读/不可定位，或存在复合断言
REQ-ADMINPORTAL-00522,system-admin,docs/PRD-系统管理员支撑.md,source_section;source_quote;atomic_assertion,API 接口,| POST | /api/v1/admin/audit-logs/:id/rollback | 鍥炴粴鎿嶄綔 | 瓒呯骇绠＄悊鍛?|,需求规定：POST | /api/v1/admin/health/diagnose | 瑙﹀彂鑷姩璇婃柇 | security_view,,21;58;97;169;205;260;329;402,gb18030->utf8 x1,NO,MANUAL_REVIEW,至少一个受影响字段无法整字段安全转换，或完整源行不可读/不可定位，或存在复合断言
REQ-ADMINPORTAL-00523,system-admin,docs/PRD-系统管理员支撑.md,source_section,前端变更,| 页面 | 变更 |,需求规定：椤甸潰 | 鍙樻洿,33;73;109;182;218;273;346;415,31;71;107;180;216;271;344;413,gb18030->utf8 x1,NO,REVIEW_CANDIDATE,所有受影响字段均完成整字段可逆转换，且引用/章节可定位；仍需人工确认
REQ-ADMINPORTAL-00524,system-admin,docs/PRD-系统管理员支撑.md,source_section;source_quote;atomic_assertion,前端变更,"| 绠＄悊鍚庡彴 -> 鏂板""瀹¤鏃ュ織""鍏ュ彛 | 澶氱淮绛涢€?鍒楄〃+璇︽儏闈㈡澘 |","需求规定：绠＄悊鍚庡彴 -> 杩愮淮 -> 鏂板""鍋ュ悍妫€鏌?鍏ュ彛 | 鏈嶅姟鐘舵€佹€昏+鍋ュ悍璇勫垎+璧勬簮鐩戞帶+璇婃柇",,31;71;107;180;216;271;344;413,gb18030->utf8 x1,NO,MANUAL_REVIEW,至少一个受影响字段无法整字段安全转换，或完整源行不可读/不可定位，或存在复合断言
REQ-ADMINPORTAL-00525,system-admin,docs/PRD-系统管理员支撑.md,source_section;source_quote;atomic_assertion,前端变更,"| 绠＄悊鍚庡彴 -> 鏂板""瀹¤鏃ュ織""鍏ュ彛 | 澶氱淮绛涢€?鍒楄〃+璇︽儏闈㈡澘 |",需求规定：绠＄悊鍚庡彴 -> 杩愮淮 -> 鍋ュ悍妫€鏌?-> 璇︽儏 | 鏈嶅姟璇︽儏+鍝嶅簲鏃堕棿瓒嬪娍,,31;71;107;180;216;271;344;413,gb18030->utf8 x1,NO,MANUAL_REVIEW,至少一个受影响字段无法整字段安全转换，或完整源行不可读/不可定位，或存在复合断言
REQ-ADMINPORTAL-00526,system-admin,docs/PRD-系统管理员支撑.md,source_section;source_quote;atomic_assertion,前端变更,"| 绠＄悊鍚庡彴 -> 鏂板""瀹¤鏃ュ織""鍏ュ彛 | 澶氱淮绛涢€?鍒楄〃+璇︽儏闈㈡澘 |",需求规定：绠＄悊鍚庡彴 -> 杩愮淮 -> 鍋ュ悍妫€鏌?-> 璇婃柇 | 鑷姩璇婃柇缁撴灉灞曠ず,,31;71;107;180;216;271;344;413,gb18030->utf8 x1,NO,MANUAL_REVIEW,至少一个受影响字段无法整字段安全转换，或完整源行不可读/不可定位，或存在复合断言
REQ-ADMINPORTAL-00528,system-admin,docs/PRD-系统管理员支撑.md,source_quote;atomic_assertion,功能规格,| 瀹¤鏃ュ織鏌ヨ | 鎸夋椂闂?鎿嶄綔浜?鎿嶄綔绫诲瀷/璧勬簮绫诲瀷/褰卞搷鑼冨洿澶氱淮绛涢€?|,需求规定：鍙樻洿棰勮 | 淇敼閰嶇疆鍓嶏紝棰勮褰卞搷鑼冨洿锛氬摢浜涙ā鍧?鐢ㄦ埛浼氬彈褰卞搷,,11;47;87;121;194;230;287;360,gb18030->utf8 x1,NO,MANUAL_REVIEW,至少一个受影响字段无法整字段安全转换，或完整源行不可读/不可定位，或存在复合断言
REQ-ADMINPORTAL-00529,system-admin,docs/PRD-系统管理员支撑.md,source_quote;atomic_assertion,功能规格,| 异常操作模式识别 | 自动标记异常时段操作（如凌晨批量改配置）、敏感操作（如改权限/改余额） |,需求规定：鍙樻洿璁″垝 | 缂栨帓涓€缁勫彉鏇存搷浣滐紝璁惧畾鎵ц鏃堕棿锛屽埌鏃惰嚜鍔ㄦ墽琛?,17,11;47;87;121;194;230;287;360,gb18030->utf8 x1,NO,MANUAL_REVIEW,至少一个受影响字段无法整字段安全转换，或完整源行不可读/不可定位，或存在复合断言
REQ-ADMINPORTAL-00530,system-admin,docs/PRD-系统管理员支撑.md,source_quote;atomic_assertion,功能规格,| 鎿嶄綔鍥炴粴 | 瀵归厤缃彉鏇寸被鎿嶄綔锛屼竴閿洖婊氬埌鍙樻洿鍓嶇姸鎬?|,需求规定：娌欑妯℃嫙 | 閰嶇疆鍙樻洿鍦ㄦ矙绠变腑妯℃嫙鎵ц锛屼笉鐪熸鏀规暟鎹紝灞曠ず棰勬湡缁撴灉,,11;47;87;121;194;230;287;360,gb18030->utf8 x1,NO,MANUAL_REVIEW,至少一个受影响字段无法整字段安全转换，或完整源行不可读/不可定位，或存在复合断言
REQ-ADMINPORTAL-00531,system-admin,docs/PRD-系统管理员支撑.md,source_quote;atomic_assertion,功能规格,| 异常操作模式识别 | 自动标记异常时段操作（如凌晨批量改配置）、敏感操作（如改权限/改余额） |,需求规定：鍙樻洿瀹℃壒 | 楂橀闄╁彉鏇达紙濡傛敼瀹氫环/鏀瑰畨鍏ㄧ瓥鐣ワ級闇€瀹℃壒鍚庢墠鑳芥墽琛?,17,11;47;87;121;194;230;287;360,gb18030->utf8 x1,NO,MANUAL_REVIEW,至少一个受影响字段无法整字段安全转换，或完整源行不可读/不可定位，或存在复合断言
REQ-ADMINPORTAL-00532,system-admin,docs/PRD-系统管理员支撑.md,source_quote;atomic_assertion,功能规格,| 鎿嶄綔鍥炴粴 | 瀵归厤缃彉鏇寸被鎿嶄綔锛屼竴閿洖婊氬埌鍙樻洿鍓嶇姸鎬?|,需求规定：鍙樻洿鍥炴粴 | 鎵ц澶辫触鐨勫彉鏇磋鍒掕嚜鍔ㄥ洖婊氭墍鏈夊凡鎵ц姝ラ,,11;47;87;121;194;230;287;360,gb18030->utf8 x1,NO,MANUAL_REVIEW,至少一个受影响字段无法整字段安全转换，或完整源行不可读/不可定位，或存在复合断言
REQ-ADMINPORTAL-00533,system-admin,docs/PRD-系统管理员支撑.md,source_section;source_quote;atomic_assertion,API 接口,| 方法 | 路径 | 说明 | 权限 |,需求规定：鏂规硶 | 璺緞 | 璇存槑 | 鏉冮檺,23;60;99;171;207;262;331;404,21;58;97;169;205;260;329;402,gb18030->utf8 x1,NO,MANUAL_REVIEW,至少一个受影响字段无法整字段安全转换，或完整源行不可读/不可定位，或存在复合断言
REQ-ADMINPORTAL-00534,system-admin,docs/PRD-系统管理员支撑.md,source_section;source_quote;atomic_assertion,API 接口,| POST | /api/v1/admin/audit-logs/:id/rollback | 鍥炴粴鎿嶄綔 | 瓒呯骇绠＄悊鍛?|,需求规定：POST | /api/v1/admin/change-plans | 鍒涘缓鍙樻洿璁″垝 | 瓒呯骇绠＄悊鍛?,,21;58;97;169;205;260;329;402,gb18030->utf8 x1,NO,MANUAL_REVIEW,至少一个受影响字段无法整字段安全转换，或完整源行不可读/不可定位，或存在复合断言
REQ-ADMINPORTAL-00535,system-admin,docs/PRD-系统管理员支撑.md,source_section;source_quote;atomic_assertion,API 接口,| GET | /api/v1/admin/audit-logs | 瀹¤鏃ュ織鍒楄〃锛堝缁寸瓫閫夛級 | 绠＄悊鍛?|,需求规定：GET | /api/v1/admin/change-plans | 鍙樻洿璁″垝鍒楄〃 | 瓒呯骇绠＄悊鍛?,,21;58;97;169;205;260;329;402,gb18030->utf8 x1,NO,MANUAL_REVIEW,至少一个受影响字段无法整字段安全转换，或完整源行不可读/不可定位，或存在复合断言
REQ-ADMINPORTAL-00536,system-admin,docs/PRD-系统管理员支撑.md,source_section;source_quote;atomic_assertion,API 接口,| GET | /api/v1/admin/audit-logs | 瀹¤鏃ュ織鍒楄〃锛堝缁寸瓫閫夛級 | 绠＄悊鍛?|,需求规定：GET | /api/v1/admin/change-plans/:id | 璁″垝璇︽儏 | 瓒呯骇绠＄悊鍛?,,21;58;97;169;205;260;329;402,gb18030->utf8 x1,NO,MANUAL_REVIEW,至少一个受影响字段无法整字段安全转换，或完整源行不可读/不可定位，或存在复合断言
REQ-ADMINPORTAL-00537,system-admin,docs/PRD-系统管理员支撑.md,source_section;source_quote;atomic_assertion,API 接口,| GET | /api/v1/admin/audit-logs | 瀹¤鏃ュ織鍒楄〃锛堝缁寸瓫閫夛級 | 绠＄悊鍛?|,需求规定：PATCH | /api/v1/admin/change-plans/:id | 鏇存柊璁″垝 | 瓒呯骇绠＄悊鍛?,,21;58;97;169;205;260;329;402,gb18030->utf8 x1,NO,MANUAL_REVIEW,至少一个受影响字段无法整字段安全转换，或完整源行不可读/不可定位，或存在复合断言
REQ-ADMINPORTAL-00538,system-admin,docs/PRD-系统管理员支撑.md,source_section;source_quote;atomic_assertion,API 接口,| POST | /api/v1/admin/audit-logs/:id/rollback | 鍥炴粴鎿嶄綔 | 瓒呯骇绠＄悊鍛?|,需求规定：POST | /api/v1/admin/change-plans/:id/preview | 娌欑棰勮 | 瓒呯骇绠＄悊鍛?,,21;58;97;169;205;260;329;402,gb18030->utf8 x1,NO,MANUAL_REVIEW,至少一个受影响字段无法整字段安全转换，或完整源行不可读/不可定位，或存在复合断言
REQ-ADMINPORTAL-00539,system-admin,docs/PRD-系统管理员支撑.md,source_section;source_quote;atomic_assertion,API 接口,| POST | /api/v1/admin/audit-logs/:id/rollback | 鍥炴粴鎿嶄綔 | 瓒呯骇绠＄悊鍛?|,需求规定：POST | /api/v1/admin/change-plans/:id/submit-review | 鎻愪氦瀹℃壒 | 瓒呯骇绠＄悊鍛?,,21;58;97;169;205;260;329;402,gb18030->utf8 x1,NO,MANUAL_REVIEW,至少一个受影响字段无法整字段安全转换，或完整源行不可读/不可定位，或存在复合断言
REQ-ADMINPORTAL-00540,system-admin,docs/PRD-系统管理员支撑.md,source_section;source_quote;atomic_assertion,API 接口,| POST | /api/v1/admin/audit-logs/:id/rollback | 鍥炴粴鎿嶄綔 | 瓒呯骇绠＄悊鍛?|,需求规定：POST | /api/v1/admin/change-plans/:id/approve | 瀹℃壒閫氳繃 | 绠＄悊鍛?,,21;58;97;169;205;260;329;402,gb18030->utf8 x1,NO,MANUAL_REVIEW,至少一个受影响字段无法整字段安全转换，或完整源行不可读/不可定位，或存在复合断言
REQ-ADMINPORTAL-00541,system-admin,docs/PRD-系统管理员支撑.md,source_section;source_quote;atomic_assertion,API 接口,| POST | /api/v1/admin/audit-logs/:id/rollback | 鍥炴粴鎿嶄綔 | 瓒呯骇绠＄悊鍛?|,需求规定：POST | /api/v1/admin/change-plans/:id/reject | 椹冲洖 | 绠＄悊鍛?,,21;58;97;169;205;260;329;402,gb18030->utf8 x1,NO,MANUAL_REVIEW,至少一个受影响字段无法整字段安全转换，或完整源行不可读/不可定位，或存在复合断言
REQ-ADMINPORTAL-00542,system-admin,docs/PRD-系统管理员支撑.md,source_section;source_quote;atomic_assertion,API 接口,| POST | /api/v1/admin/audit-logs/:id/rollback | 鍥炴粴鎿嶄綔 | 瓒呯骇绠＄悊鍛?|,需求规定：POST | /api/v1/admin/change-plans/:id/execute | 绔嬪嵆鎵ц | 瓒呯骇绠＄悊鍛?,,21;58;97;169;205;260;329;402,gb18030->utf8 x1,NO,MANUAL_REVIEW,至少一个受影响字段无法整字段安全转换，或完整源行不可读/不可定位，或存在复合断言
REQ-ADMINPORTAL-00543,system-admin,docs/PRD-系统管理员支撑.md,source_section;source_quote;atomic_assertion,API 接口,| POST | /api/v1/admin/audit-logs/:id/rollback | 鍥炴粴鎿嶄綔 | 瓒呯骇绠＄悊鍛?|,需求规定：POST | /api/v1/admin/change-plans/:id/rollback | 鍥炴粴 | 瓒呯骇绠＄悊鍛?,,21;58;97;169;205;260;329;402,gb18030->utf8 x1,NO,MANUAL_REVIEW,至少一个受影响字段无法整字段安全转换，或完整源行不可读/不可定位，或存在复合断言
REQ-ADMINPORTAL-00544,system-admin,docs/PRD-系统管理员支撑.md,source_section,前端变更,| 页面 | 变更 |,需求规定：椤甸潰 | 鍙樻洿,33;73;109;182;218;273;346;415,31;71;107;180;216;271;344;413,gb18030->utf8 x1,NO,REVIEW_CANDIDATE,所有受影响字段均完成整字段可逆转换，且引用/章节可定位；仍需人工确认
REQ-ADMINPORTAL-00545,system-admin,docs/PRD-系统管理员支撑.md,source_section;source_quote;atomic_assertion,前端变更,"| 绠＄悊鍚庡彴 -> 鏂板""瀹¤鏃ュ織""鍏ュ彛 | 澶氱淮绛涢€?鍒楄〃+璇︽儏闈㈡澘 |","需求规定：绠＄悊鍚庡彴 -> 杩愮淮 -> 鏂板""鍙樻洿璁″垝""鍏ュ彛 | 璁″垝鍒楄〃+鍒涘缓鍚戝",,31;71;107;180;216;271;344;413,gb18030->utf8 x1,NO,MANUAL_REVIEW,至少一个受影响字段无法整字段安全转换，或完整源行不可读/不可定位，或存在复合断言
REQ-ADMINPORTAL-00546,system-admin,docs/PRD-系统管理员支撑.md,source_section;source_quote;atomic_assertion,前端变更,"| 绠＄悊鍚庡彴 -> 鏂板""瀹¤鏃ュ織""鍏ュ彛 | 澶氱淮绛涢€?鍒楄〃+璇︽儏闈㈡澘 |",需求规定：绠＄悊鍚庡彴 -> 杩愮淮 -> 鍙樻洿璁″垝 -> 璇︽儏 | 姝ラ鍒楄〃+棰勮+鎵ц/鍥炴粴,,31;71;107;180;216;271;344;413,gb18030->utf8 x1,NO,MANUAL_REVIEW,至少一个受影响字段无法整字段安全转换，或完整源行不可读/不可定位，或存在复合断言
REQ-ADMINPORTAL-00547,system-admin,docs/PRD-系统管理员支撑.md,source_section;source_quote;atomic_assertion,前端变更,| 绠＄悊鍚庡彴 -> 瀹¤鏃ュ織 -> 璇︽儏 | before/after diff 鍙鍖?|,需求规定：绠＄悊鍚庡彴 -> 瀹℃壒涓績 | 鍙樻洿璁″垝瀹℃壒寰呭姙,,31;71;107;180;216;271;344;413,gb18030->utf8 x1,NO,MANUAL_REVIEW,至少一个受影响字段无法整字段安全转换，或完整源行不可读/不可定位，或存在复合断言
REQ-ADMINPORTAL-00549,system-admin,docs/PRD-系统管理员支撑.md,atomic_assertion,功能规格,#### 功能规格,需求规定：鐗堟湰淇℃伅 | 鏄剧ず褰撳墠閮ㄧ讲鐗堟湰锛坓it commit hash + tag + 閮ㄧ讲鏃堕棿锛?,11;47;87;121;194;230;287;360,11;47;87;121;194;230;287;360,gb18030->utf8 x1,NO,MANUAL_REVIEW,至少一个受影响字段无法整字段安全转换，或完整源行不可读/不可定位，或存在复合断言
REQ-ADMINPORTAL-00550,system-admin,docs/PRD-系统管理员支撑.md,source_quote;atomic_assertion,功能规格,| 瀹¤鏃ュ織鏌ヨ | 鎸夋椂闂?鎿嶄綔浜?鎿嶄綔绫诲瀷/璧勬簮绫诲瀷/褰卞搷鑼冨洿澶氱淮绛涢€?|,需求规定：鐗堟湰鍙戝竷璁板綍 | 鎸夋椂闂村€掑簭鐨勭増鏈彂甯冨垪琛細鐗堟湰鍙?鍙戝竷鍐呭/鍙戝竷鏃堕棿/鍙戝竷浜?,,11;47;87;121;194;230;287;360,gb18030->utf8 x1,NO,MANUAL_REVIEW,至少一个受影响字段无法整字段安全转换，或完整源行不可读/不可定位，或存在复合断言
REQ-ADMINPORTAL-00551,system-admin,docs/PRD-系统管理员支撑.md,source_quote;atomic_assertion,功能规格,| 瀹¤鏃ュ織鏌ヨ | 鎸夋椂闂?鎿嶄綔浜?鎿嶄綔绫诲瀷/璧勬簮绫诲瀷/褰卞搷鑼冨洿澶氱淮绛涢€?|,需求规定：鍗囩骇鎿嶄綔 | 涓€閿Е鍙戦儴缃叉祦绋嬶紙璋冪敤 deploy.sh锛?,,11;47;87;121;194;230;287;360,gb18030->utf8 x1,NO,MANUAL_REVIEW,至少一个受影响字段无法整字段安全转换，或完整源行不可读/不可定位，或存在复合断言
REQ-ADMINPORTAL-00552,system-admin,docs/PRD-系统管理员支撑.md,source_quote;atomic_assertion,功能规格,| 鎿嶄綔鍥炴粴 | 瀵归厤缃彉鏇寸被鎿嶄綔锛屼竴閿洖婊氬埌鍙樻洿鍓嶇姸鎬?|,需求规定：鍥炴粴鎿嶄綔 | 涓€閿洖婊氬埌涓婁竴涓増鏈?,,11;47;87;121;194;230;287;360,gb18030->utf8 x1,NO,MANUAL_REVIEW,至少一个受影响字段无法整字段安全转换，或完整源行不可读/不可定位，或存在复合断言
REQ-ADMINPORTAL-00553,system-admin,docs/PRD-系统管理员支撑.md,source_quote;atomic_assertion,功能规格,| 瀹¤鏃ュ織鏌ヨ | 鎸夋椂闂?鎿嶄綔浜?鎿嶄綔绫诲瀷/璧勬簮绫诲瀷/褰卞搷鑼冨洿澶氱淮绛涢€?|,需求规定：鐏板害寮€鍏?| 鎸夌敤鎴锋瘮渚?鐢ㄦ埛 ID 鑼冨洿鐏板害鍙戝竷鏂板姛鑳?,,11;47;87;121;194;230;287;360,gb18030->utf8 x1,NO,MANUAL_REVIEW,至少一个受影响字段无法整字段安全转换，或完整源行不可读/不可定位，或存在复合断言
REQ-ADMINPORTAL-00554,system-admin,docs/PRD-系统管理员支撑.md,source_section;source_quote;atomic_assertion,API 接口,| 方法 | 路径 | 说明 | 权限 |,需求规定：鏂规硶 | 璺緞 | 璇存槑 | 鏉冮檺,23;60;99;171;207;262;331;404,21;58;97;169;205;260;329;402,gb18030->utf8 x1,NO,MANUAL_REVIEW,至少一个受影响字段无法整字段安全转换，或完整源行不可读/不可定位，或存在复合断言
REQ-ADMINPORTAL-00555,system-admin,docs/PRD-系统管理员支撑.md,source_section;source_quote;atomic_assertion,API 接口,| GET | /api/v1/admin/audit-logs | 瀹¤鏃ュ織鍒楄〃锛堝缁寸瓫閫夛級 | 绠＄悊鍛?|,需求规定：GET | /api/v1/admin/deployments/current | 褰撳墠鐗堟湰淇℃伅 | 瓒呯骇绠＄悊鍛?,,21;58;97;169;205;260;329;402,gb18030->utf8 x1,NO,MANUAL_REVIEW,至少一个受影响字段无法整字段安全转换，或完整源行不可读/不可定位，或存在复合断言
REQ-ADMINPORTAL-00556,system-admin,docs/PRD-系统管理员支撑.md,source_section;source_quote;atomic_assertion,API 接口,| GET | /api/v1/admin/audit-logs | 瀹¤鏃ュ織鍒楄〃锛堝缁寸瓫閫夛級 | 绠＄悊鍛?|,需求规定：GET | /api/v1/admin/deployments | 閮ㄧ讲鍘嗗彶鍒楄〃 | 瓒呯骇绠＄悊鍛?,,21;58;97;169;205;260;329;402,gb18030->utf8 x1,NO,MANUAL_REVIEW,至少一个受影响字段无法整字段安全转换，或完整源行不可读/不可定位，或存在复合断言
REQ-ADMINPORTAL-00557,system-admin,docs/PRD-系统管理员支撑.md,source_section;source_quote;atomic_assertion,API 接口,| POST | /api/v1/admin/audit-logs/:id/rollback | 鍥炴粴鎿嶄綔 | 瓒呯骇绠＄悊鍛?|,需求规定：POST | /api/v1/admin/deployments/deploy | 瑙﹀彂閮ㄧ讲 | 瓒呯骇绠＄悊鍛?,,21;58;97;169;205;260;329;402,gb18030->utf8 x1,NO,MANUAL_REVIEW,至少一个受影响字段无法整字段安全转换，或完整源行不可读/不可定位，或存在复合断言
REQ-ADMINPORTAL-00558,system-admin,docs/PRD-系统管理员支撑.md,source_section;source_quote;atomic_assertion,API 接口,| POST | /api/v1/admin/audit-logs/:id/rollback | 鍥炴粴鎿嶄綔 | 瓒呯骇绠＄悊鍛?|,需求规定：POST | /api/v1/admin/deployments/:id/rollback | 鍥炴粴鍒版寚瀹氱増鏈?| 瓒呯骇绠＄悊鍛?,,21;58;97;169;205;260;329;402,gb18030->utf8 x1,NO,MANUAL_REVIEW,至少一个受影响字段无法整字段安全转换，或完整源行不可读/不可定位，或存在复合断言
REQ-ADMINPORTAL-00559,system-admin,docs/PRD-系统管理员支撑.md,source_section;source_quote;atomic_assertion,API 接口,| GET | /api/v1/admin/audit-logs | 瀹¤鏃ュ織鍒楄〃锛堝缁寸瓫閫夛級 | 绠＄悊鍛?|,需求规定：GET | /api/v1/admin/feature-flags | 鍔熻兘寮€鍏冲垪琛?| 瓒呯骇绠＄悊鍛?,,21;58;97;169;205;260;329;402,gb18030->utf8 x1,NO,MANUAL_REVIEW,至少一个受影响字段无法整字段安全转换，或完整源行不可读/不可定位，或存在复合断言
REQ-ADMINPORTAL-00560,system-admin,docs/PRD-系统管理员支撑.md,source_section;source_quote;atomic_assertion,API 接口,| GET | /api/v1/admin/audit-logs | 瀹¤鏃ュ織鍒楄〃锛堝缁寸瓫閫夛級 | 绠＄悊鍛?|,需求规定：PATCH | /api/v1/admin/feature-flags/:key | 鏇存柊鍔熻兘寮€鍏?| 瓒呯骇绠＄悊鍛?,,21;58;97;169;205;260;329;402,gb18030->utf8 x1,NO,MANUAL_REVIEW,至少一个受影响字段无法整字段安全转换，或完整源行不可读/不可定位，或存在复合断言
REQ-ADMINPORTAL-00561,system-admin,docs/PRD-系统管理员支撑.md,source_section,前端变更,| 页面 | 变更 |,需求规定：椤甸潰 | 鍙樻洿,33;73;109;182;218;273;346;415,31;71;107;180;216;271;344;413,gb18030->utf8 x1,NO,REVIEW_CANDIDATE,所有受影响字段均完成整字段可逆转换，且引用/章节可定位；仍需人工确认
REQ-ADMINPORTAL-00562,system-admin,docs/PRD-系统管理员支撑.md,source_section;source_quote;atomic_assertion,前端变更,"| 绠＄悊鍚庡彴 -> 鏂板""瀹¤鏃ュ織""鍏ュ彛 | 澶氱淮绛涢€?鍒楄〃+璇︽儏闈㈡澘 |","需求规定：绠＄悊鍚庡彴 -> 杩愮淮 -> 鏂板""鐗堟湰绠＄悊""鍏ュ彛 | 褰撳墠鐗堟湰淇℃伅+閮ㄧ讲鍘嗗彶+涓€閿儴缃?鍥炴粴",,31;71;107;180;216;271;344;413,gb18030->utf8 x1,NO,MANUAL_REVIEW,至少一个受影响字段无法整字段安全转换，或完整源行不可读/不可定位，或存在复合断言
REQ-ADMINPORTAL-00563,system-admin,docs/PRD-系统管理员支撑.md,source_section;source_quote;atomic_assertion,前端变更,"| 绠＄悊鍚庡彴 -> 鏂板""瀹¤鏃ュ織""鍏ュ彛 | 澶氱淮绛涢€?鍒楄〃+璇︽儏闈㈡澘 |","需求规定：绠＄悊鍚庡彴 -> 杩愮淮 -> 鏂板""鍔熻兘寮€鍏?鍏ュ彛 | 鐏板害鍙戝竷寮€鍏冲垪琛?閰嶇疆",,31;71;107;180;216;271;344;413,gb18030->utf8 x1,NO,MANUAL_REVIEW,至少一个受影响字段无法整字段安全转换，或完整源行不可读/不可定位，或存在复合断言
REQ-ADMINPORTAL-00564,system-admin,docs/PRD-系统管理员支撑.md,source_section;source_quote;atomic_assertion,12.9 绯荤粺绠＄悊鍛樻ā鍧楁€昏,| 妯″潡 | 浼樺厛绾?| 棰勪及宸ヤ綔閲?| 鏍稿績浠峰€?|,需求规定：妯″潡 | 浼樺厛绾?| 棰勪及宸ヤ綔閲?| 鏍稿績浠峰€?,,,,NO,MANUAL_REVIEW,至少一个受影响字段无法整字段安全转换，或完整源行不可读/不可定位，或存在复合断言
REQ-ADMINPORTAL-00565,system-admin,docs/PRD-系统管理员支撑.md,source_section;source_quote;atomic_assertion,12.9 绯荤粺绠＄悊鍛樻ā鍧楁€昏,| 鎿嶄綔瀹¤鎺у埗鍙?| P0 | 鍚庣 3d + 鍓嶇 4d | 鎿嶄綔杩芥函+寮傚父妯″紡璇嗗埆锛屽畨鍏ㄥ悎瑙?|,需求规定：鎿嶄綔瀹¤鎺у埗鍙?| P0 | 鍚庣 3d + 鍓嶇 4d | 鎿嶄綔杩芥函+寮傚父妯″紡璇嗗埆锛屽畨鍏ㄥ悎瑙?,,,,NO,MANUAL_REVIEW,至少一个受影响字段无法整字段安全转换，或完整源行不可读/不可定位，或存在复合断言
REQ-ADMINPORTAL-00566,system-admin,docs/PRD-系统管理员支撑.md,source_section;source_quote;atomic_assertion,12.9 绯荤粺绠＄悊鍛樻ā鍧楁€昏,| 鍋ュ悍妫€鏌ュぇ鐩?| P0 | 鍚庣 3d + 鍓嶇 4d | 涓€鐪兼帉鎻＄郴缁熺姸鎬侊紝鏁呴殰蹇€熷畾浣?|,需求规定：鍋ュ悍妫€鏌ュぇ鐩?| P0 | 鍚庣 3d + 鍓嶇 4d | 涓€鐪兼帉鎻＄郴缁熺姸鎬侊紝鏁呴殰蹇€熷畾浣?,,,,NO,MANUAL_REVIEW,至少一个受影响字段无法整字段安全转换，或完整源行不可读/不可定位，或存在复合断言
REQ-ADMINPORTAL-00567,system-admin,docs/PRD-系统管理员支撑.md,source_section;source_quote;atomic_assertion,12.9 绯荤粺绠＄悊鍛樻ā鍧楁€昏,| 浠诲姟璋冨害涓績 | P1 | 鍚庣 4d + 鍓嶇 4d | 瀹氭椂浠诲姟缁熶竴绠＄悊锛屽け璐ュ強鏃跺彂鐜?|,需求规定：浠诲姟璋冨害涓績 | P1 | 鍚庣 4d + 鍓嶇 4d | 瀹氭椂浠诲姟缁熶竴绠＄悊锛屽け璐ュ強鏃跺彂鐜?,,,,NO,MANUAL_REVIEW,至少一个受影响字段无法整字段安全转换，或完整源行不可读/不可定位，或存在复合断言
REQ-ADMINPORTAL-00568,system-admin,docs/PRD-系统管理员支撑.md,source_section;source_quote;atomic_assertion,12.9 绯荤粺绠＄悊鍛樻ā鍧楁€昏,| 鍦ㄧ嚎鏃ュ織鏌ョ湅鍣?| P1 | 鍚庣 3d + 鍓嶇 3d | 鏃犻渶 SSH 鍗冲彲鏌ョ湅鏃ュ織锛屽畨鍏ㄤ究鎹?|,需求规定：鍦ㄧ嚎鏃ュ織鏌ョ湅鍣?| P1 | 鍚庣 3d + 鍓嶇 3d | 鏃犻渶 SSH 鍗冲彲鏌ョ湅鏃ュ織锛屽畨鍏ㄤ究鎹?,,,,NO,MANUAL_REVIEW,至少一个受影响字段无法整字段安全转换，或完整源行不可读/不可定位，或存在复合断言
REQ-ADMINPORTAL-00569,system-admin,docs/PRD-系统管理员支撑.md,source_section;source_quote;atomic_assertion,12.9 绯荤粺绠＄悊鍛樻ā鍧楁€昏,| 缂撳瓨绠＄悊鎺у埗鍙?| P1 | 鍚庣 2d + 鍓嶇 3d | 缂撳瓨鍙鍖?鎸夐渶娓呯悊 |,需求规定：缂撳瓨绠＄悊鎺у埗鍙?| P1 | 鍚庣 2d + 鍓嶇 3d | 缂撳瓨鍙鍖?鎸夐渶娓呯悊,,,,NO,MANUAL_REVIEW,至少一个受影响字段无法整字段安全转换，或完整源行不可读/不可定位，或存在复合断言
REQ-ADMINPORTAL-00570,system-admin,docs/PRD-系统管理员支撑.md,source_section;source_quote;atomic_assertion,12.9 绯荤粺绠＄悊鍛樻ā鍧楁€昏,| 鏁版嵁搴撶鐞嗛潰鏉?| P2 | 鍚庣 4d + 鍓嶇 4d | 鏁版嵁搴撶姸鎬佸彲瑙嗗寲锛岃緟鍔╂€ц兘璋冧紭 |,需求规定：鏁版嵁搴撶鐞嗛潰鏉?| P2 | 鍚庣 4d + 鍓嶇 4d | 鏁版嵁搴撶姸鎬佸彲瑙嗗寲锛岃緟鍔╂€ц兘璋冧紭,,,,NO,MANUAL_REVIEW,至少一个受影响字段无法整字段安全转换，或完整源行不可读/不可定位，或存在复合断言
REQ-ADMINPORTAL-00571,system-admin,docs/PRD-系统管理员支撑.md,source_section;source_quote;atomic_assertion,12.9 绯荤粺绠＄悊鍛樻ā鍧楁€昏,| 鍙樻洿璁″垝涓庢矙绠遍瑙?| P2 | 鍚庣 4d + 鍓嶇 4d | 闄嶄綆鍙樻洿椋庨櫓锛屾敮鎸佽鍒掔紪鎺?|,需求规定：鍙樻洿璁″垝涓庢矙绠遍瑙?| P2 | 鍚庣 4d + 鍓嶇 4d | 闄嶄綆鍙樻洿椋庨櫓锛屾敮鎸佽鍒掔紪鎺?,,,,NO,MANUAL_REVIEW,至少一个受影响字段无法整字段安全转换，或完整源行不可读/不可定位，或存在复合断言
REQ-ADMINPORTAL-00572,system-admin,docs/PRD-系统管理员支撑.md,source_section;source_quote;atomic_assertion,12.9 绯荤粺绠＄悊鍛樻ā鍧楁€昏,| 绯荤粺鍗囩骇涓庣増鏈鐞?| P2 | 鍚庣 3d + 鍓嶇 3d | 鐗堟湰鍙拷婧紝涓€閿洖婊?鐏板害鍙戝竷 |,需求规定：绯荤粺鍗囩骇涓庣増鏈鐞?| P2 | 鍚庣 3d + 鍓嶇 3d | 鐗堟湰鍙拷婧紝涓€閿洖婊?鐏板害鍙戝竷,,,,NO,MANUAL_REVIEW,至少一个受影响字段无法整字段安全转换，或完整源行不可读/不可定位，或存在复合断言
REQ-ADMINPORTAL-00573,system-admin,docs/PRD-系统管理员支撑.md,source_section;source_quote;atomic_assertion,12.9 绯荤粺绠＄悊鍛樻ā鍧楁€昏,### 12.9 绯荤粺绠＄悊鍛樻ā鍧楁€昏,需求规定：**鍚堣**锛氬悗绔?26 浜哄ぉ + 鍓嶇 29 浜哄ぉ = 绾?7 鍛?,,,,NO,MANUAL_REVIEW,至少一个受影响字段无法整字段安全转换，或完整源行不可读/不可定位，或存在复合断言
REQ-ADMINPORTAL-00575,growth-operations,docs/PRD-运营增长模块.md,source_quote;atomic_assertion,功能规格,| 杩愯惀绔厤棰濋厤缃?| 涓烘瘡涓唬鐞嗚缃湀鍏戞崲鐮侀厤棰濓紙鏁伴噺 + 闈㈠€硷級锛屾敮鎸佹寜绛夌骇榛樿閰嶉 |,需求规定：杩愯惀绔厤棰濋厤缃?| 涓烘瘡涓唬鐞嗚缃湀鍏戞崲鐮侀厤棰濓紙鏁伴噺 + 闈㈠€硷級锛屾敮鎸佹寜绛夌骇榛樿閰嶉,,10;68;129;202;290,gb18030->utf8 x1,NO,MANUAL_REVIEW,至少一个受影响字段无法整字段安全转换，或完整源行不可读/不可定位，或存在复合断言
REQ-ADMINPORTAL-00576,growth-operations,docs/PRD-运营增长模块.md,source_quote;atomic_assertion,功能规格,| 浠ｇ悊鐢宠娴佺▼ | 浠ｇ悊绔敵璇峰厬鎹㈢爜閰嶉 鈫?杩愯惀瀹℃牳 鈫?瀹℃牳閫氳繃鍚庡厬鎹㈢爜鍒拌处 |,需求规定：浠ｇ悊鐢宠娴佺▼ | 浠ｇ悊绔敵璇峰厬鎹㈢爜閰嶉 鈫?杩愯惀瀹℃牳 鈫?瀹℃牳閫氳繃鍚庡厬鎹㈢爜鍒拌处,,10;68;129;202;290,gb18030->utf8 x1,NO,MANUAL_REVIEW,至少一个受影响字段无法整字段安全转换，或完整源行不可读/不可定位，或存在复合断言
REQ-ADMINPORTAL-00577,growth-operations,docs/PRD-运营增长模块.md,source_quote;atomic_assertion,功能规格,| 鍏戞崲鐮佺粦瀹氫唬鐞?| 鐢熸垚鍏戞崲鐮佹椂缁戝畾 `agent_id`锛岀敤鎴峰厬鎹㈠悗鑷姩寤虹珛浠ｇ悊-鐢ㄦ埛鍏宠仈 |,需求规定：鍏戞崲鐮佺粦瀹氫唬鐞?| 鐢熸垚鍏戞崲鐮佹椂缁戝畾 `agent_id`锛岀敤鎴峰厬鎹㈠悗鑷姩寤虹珛浠ｇ悊-鐢ㄦ埛鍏宠仈,,10;68;129;202;290,gb18030->utf8 x1,NO,MANUAL_REVIEW,至少一个受影响字段无法整字段安全转换，或完整源行不可读/不可定位，或存在复合断言
REQ-ADMINPORTAL-00578,growth-operations,docs/PRD-运营增长模块.md,source_quote;atomic_assertion,功能规格,| 浠ｇ悊绔粺璁?| 鍏戞崲鐮佷娇鐢ㄧ粺璁★細宸插彂鏀?/ 宸蹭娇鐢?/ 鍓╀綑棰濆害 / 鍏宠仈鐢ㄦ埛鍒楄〃 |,需求规定：浠ｇ悊绔粺璁?| 鍏戞崲鐮佷娇鐢ㄧ粺璁★細宸插彂鏀?/ 宸蹭娇鐢?/ 鍓╀綑棰濆害 / 鍏宠仈鐢ㄦ埛鍒楄〃,,10;68;129;202;290,gb18030->utf8 x1,NO,MANUAL_REVIEW,至少一个受影响字段无法整字段安全转换，或完整源行不可读/不可定位，或存在复合断言
REQ-ADMINPORTAL-00579,growth-operations,docs/PRD-运营增长模块.md,source_quote;atomic_assertion,功能规格,| 鍏呭€兼椿鍔ㄨ嚜鍔ㄥ叧鑱?| 鍏呭€兼椿鍔ㄧ敓鎴愮殑鍏戞崲鐮佸悓鏍锋敮鎸佷唬鐞嗙粦瀹?|,需求规定：鍏呭€兼椿鍔ㄨ嚜鍔ㄥ叧鑱?| 鍏呭€兼椿鍔ㄧ敓鎴愮殑鍏戞崲鐮佸悓鏍锋敮鎸佷唬鐞嗙粦瀹?,,10;68;129;202;290,gb18030->utf8 x1,NO,MANUAL_REVIEW,至少一个受影响字段无法整字段安全转换，或完整源行不可读/不可定位，或存在复合断言
REQ-ADMINPORTAL-00580,growth-operations,docs/PRD-运营增长模块.md,source_section;source_quote;atomic_assertion,API 接口,| 方法 | 路径 | 说明 | 权限 |,需求规定：鏂规硶 | 璺緞 | 璇存槑 | 鏉冮檺,41;103;174;249;331,39;101;172;247;329,gb18030->utf8 x1,NO,MANUAL_REVIEW,至少一个受影响字段无法整字段安全转换，或完整源行不可读/不可定位，或存在复合断言
REQ-ADMINPORTAL-00581,growth-operations,docs/PRD-运营增长模块.md,source_section;source_quote;atomic_assertion,API 接口,| `POST` | `/api/v1/admin/agents/:id/redemption-quota` | 璁剧疆浠ｇ悊鍏戞崲鐮侀厤棰?| agent_mgr 浠ヤ笂 |,需求规定：`POST` | `/api/v1/admin/agents/:id/redemption-quota` | 璁剧疆浠ｇ悊鍏戞崲鐮侀厤棰?| agent_mgr 浠ヤ笂,,39;101;172;247;329,gb18030->utf8 x1,NO,MANUAL_REVIEW,至少一个受影响字段无法整字段安全转换，或完整源行不可读/不可定位，或存在复合断言
REQ-ADMINPORTAL-00582,growth-operations,docs/PRD-运营增长模块.md,source_section;source_quote;atomic_assertion,API 接口,| `GET` | `/api/v1/admin/agents/:id/redemption-quota` | 查看代理配额 | agent_mgr 以上 |,需求规定：`GET` | `/api/v1/admin/agents/:id/redemption-quota` | 鏌ョ湅浠ｇ悊閰嶉 | agent_mgr 浠ヤ笂,44,39;101;172;247;329,gb18030->utf8 x1,NO,MANUAL_REVIEW,至少一个受影响字段无法整字段安全转换，或完整源行不可读/不可定位，或存在复合断言
REQ-ADMINPORTAL-00583,growth-operations,docs/PRD-运营增长模块.md,source_section;source_quote;atomic_assertion,API 接口,| `POST` | `/api/v1/agent/redemption-codes/request` | 浠ｇ悊鐢宠鍏戞崲鐮?| agent 浠ヤ笂 |,需求规定：`POST` | `/api/v1/agent/redemption-codes/request` | 浠ｇ悊鐢宠鍏戞崲鐮?| agent 浠ヤ笂,,39;101;172;247;329,gb18030->utf8 x1,NO,MANUAL_REVIEW,至少一个受影响字段无法整字段安全转换，或完整源行不可读/不可定位，或存在复合断言
REQ-ADMINPORTAL-00584,growth-operations,docs/PRD-运营增长模块.md,source_section;source_quote;atomic_assertion,API 接口,| `GET` | `/api/v1/agent/redemption-codes` | 浠ｇ悊鏌ョ湅鍏戞崲鐮佸垪琛?| agent 浠ヤ笂 |,需求规定：`GET` | `/api/v1/agent/redemption-codes` | 浠ｇ悊鏌ョ湅鍏戞崲鐮佸垪琛?| agent 浠ヤ笂,,39;101;172;247;329,gb18030->utf8 x1,NO,MANUAL_REVIEW,至少一个受影响字段无法整字段安全转换，或完整源行不可读/不可定位，或存在复合断言
REQ-ADMINPORTAL-00585,growth-operations,docs/PRD-运营增长模块.md,source_section;source_quote;atomic_assertion,API 接口,| `GET` | `/api/v1/agent/redemption-stats` | 代理兑换统计 | agent 以上 |,需求规定：`GET` | `/api/v1/agent/redemption-stats` | 浠ｇ悊鍏戞崲缁熻 | agent 浠ヤ笂,47,39;101;172;247;329,gb18030->utf8 x1,NO,MANUAL_REVIEW,至少一个受影响字段无法整字段安全转换，或完整源行不可读/不可定位，或存在复合断言
REQ-ADMINPORTAL-00586,growth-operations,docs/PRD-运营增长模块.md,source_section,前端变更,| 页面 | 变更 |,需求规定：椤甸潰 | 鍙樻洿,51;112;185;259;343,49;110;183;257;341,gb18030->utf8 x1,NO,REVIEW_CANDIDATE,所有受影响字段均完成整字段可逆转换，且引用/章节可定位；仍需人工确认
REQ-ADMINPORTAL-00587,growth-operations,docs/PRD-运营增长模块.md,source_section;source_quote;atomic_assertion,前端变更,"| 绠＄悊鍚庡彴 鈫?浠ｇ悊鍟嗚鎯?| 鏂板""鍏戞崲鐮侀厤棰?鏍囩椤碉紝閰嶇疆鏈堥厤棰濆拰闈㈠€?|","需求规定：绠＄悊鍚庡彴 鈫?浠ｇ悊鍟嗚鎯?| 鏂板""鍏戞崲鐮侀厤棰?鏍囩椤碉紝閰嶇疆鏈堥厤棰濆拰闈㈠€?",,49;110;183;257;341,gb18030->utf8 x1,NO,MANUAL_REVIEW,至少一个受影响字段无法整字段安全转换，或完整源行不可读/不可定位，或存在复合断言
REQ-ADMINPORTAL-00588,growth-operations,docs/PRD-运营增长模块.md,source_section;source_quote;atomic_assertion,前端变更,"| 浠ｇ悊绔?鈫?鎺у埗鍙?| 鏂板""鎺ㄥ箍鍏戞崲鐮?鍏ュ彛锛屾煡鐪嬮厤棰濆拰宸插彂鏀惧厬鎹㈢爜 |","需求规定：浠ｇ悊绔?鈫?鎺у埗鍙?| 鏂板""鎺ㄥ箍鍏戞崲鐮?鍏ュ彛锛屾煡鐪嬮厤棰濆拰宸插彂鏀惧厬鎹㈢爜",,49;110;183;257;341,gb18030->utf8 x1,NO,MANUAL_REVIEW,至少一个受影响字段无法整字段安全转换，或完整源行不可读/不可定位，或存在复合断言
REQ-ADMINPORTAL-00589,growth-operations,docs/PRD-运营增长模块.md,source_section;source_quote;atomic_assertion,前端变更,| 浠ｇ悊绔?鈫?缁熻 | 鏂板鍏戞崲鐮佷娇鐢ㄧ粺璁￠潰鏉?|,需求规定：浠ｇ悊绔?鈫?缁熻 | 鏂板鍏戞崲鐮佷娇鐢ㄧ粺璁￠潰鏉?,,49;110;183;257;341,gb18030->utf8 x1,NO,MANUAL_REVIEW,至少一个受影响字段无法整字段安全转换，或完整源行不可读/不可定位，或存在复合断言
REQ-ADMINPORTAL-00590,growth-operations,docs/PRD-运营增长模块.md,source_section;source_quote;atomic_assertion,前端变更,| 杩愯惀 鈫?娲诲姩绠＄悊 | 鍒涘缓娲诲姩鏃跺彲閫?鍒嗛厤缁欎唬鐞?妯″紡 |,需求规定：杩愯惀 鈫?娲诲姩绠＄悊 | 鍒涘缓娲诲姩鏃跺彲閫?鍒嗛厤缁欎唬鐞?妯″紡,,49;110;183;257;341,gb18030->utf8 x1,NO,MANUAL_REVIEW,至少一个受影响字段无法整字段安全转换，或完整源行不可读/不可定位，或存在复合断言
REQ-ADMINPORTAL-00592,growth-operations,docs/PRD-运营增长模块.md,source_quote;atomic_assertion,功能规格,| 杩愯惀绔厤棰濋厤缃?| 涓烘瘡涓唬鐞嗚缃湀鍏戞崲鐮侀厤棰濓紙鏁伴噺 + 闈㈠€硷級锛屾敮鎸佹寜绛夌骇榛樿閰嶉 |,"需求规定：鑷姩璧犻€佽鍒?| 杩愯惀绔垱寤烘椿鍔ㄦ椂鍙€夋嫨""鑷姩璧犻€?妯″紡锛岄厤缃厖鍊奸噾棰濋棬妲涘拰璧犻€侀噾棰?",,10;68;129;202;290,gb18030->utf8 x1,NO,MANUAL_REVIEW,至少一个受影响字段无法整字段安全转换，或完整源行不可读/不可定位，或存在复合断言
REQ-ADMINPORTAL-00593,growth-operations,docs/PRD-运营增长模块.md,source_quote;atomic_assertion,功能规格,| 鍏呭€兼椿鍔ㄨ嚜鍔ㄥ叧鑱?| 鍏呭€兼椿鍔ㄧ敓鎴愮殑鍏戞崲鐮佸悓鏍锋敮鎸佷唬鐞嗙粦瀹?|,需求规定：瑙﹀彂鏃舵満 | 鐢ㄦ埛鍏呭€兼垚鍔?鈫?绯荤粺鑷姩鍒ゆ柇鏄惁绗﹀悎娲诲姩鏉′欢 鈫?鑷姩鍙戞斁鍏戞崲鐮佸埌鐢ㄦ埛璐︽埛,,10;68;129;202;290,gb18030->utf8 x1,NO,MANUAL_REVIEW,至少一个受影响字段无法整字段安全转换，或完整源行不可读/不可定位，或存在复合断言
REQ-ADMINPORTAL-00594,growth-operations,docs/PRD-运营增长模块.md,source_quote;atomic_assertion,功能规格,| 浠ｇ悊鐢宠娴佺▼ | 浠ｇ悊绔敵璇峰厬鎹㈢爜閰嶉 鈫?杩愯惀瀹℃牳 鈫?瀹℃牳閫氳繃鍚庡厬鎹㈢爜鍒拌处 |,需求规定：鐢ㄦ埛绔睍绀?| 鐢ㄦ埛鎺у埗鍙版柊澧?鎴戠殑浼樻儬鍒?椤甸潰锛屽睍绀哄凡鍒拌处鐨勫厬鎹㈢爜鍙婁娇鐢ㄧ姸鎬?,,10;68;129;202;290,gb18030->utf8 x1,NO,MANUAL_REVIEW,至少一个受影响字段无法整字段安全转换，或完整源行不可读/不可定位，或存在复合断言
REQ-ADMINPORTAL-00595,growth-operations,docs/PRD-运营增长模块.md,atomic_assertion,功能规格,#### 功能规格,需求规定：浣欓涓嶈冻鎻愮ず | 浣欓涓嶈冻鏃朵紭鍏堝睍绀哄彲鐢ㄤ紭鎯犲埜锛屽紩瀵肩敤鎴蜂娇鐢?,10;68;129;202;290,10;68;129;202;290,gb18030->utf8 x1,NO,MANUAL_REVIEW,至少一个受影响字段无法整字段安全转换，或完整源行不可读/不可定位，或存在复合断言
REQ-ADMINPORTAL-00596,growth-operations,docs/PRD-运营增长模块.md,atomic_assertion,功能规格,#### 功能规格,需求规定：澶氭椿鍔ㄥ彔鍔?| 鏀寔鍚屾椂鍙備笌澶氫釜娲诲姩锛屾寜鏈€浼樿鍒欒嚜鍔ㄩ€夋嫨,10;68;129;202;290,10;68;129;202;290,gb18030->utf8 x1,NO,MANUAL_REVIEW,至少一个受影响字段无法整字段安全转换，或完整源行不可读/不可定位，或存在复合断言
REQ-ADMINPORTAL-00597,growth-operations,docs/PRD-运营增长模块.md,source_section;source_quote;atomic_assertion,API 接口,| 方法 | 路径 | 说明 | 权限 |,需求规定：鏂规硶 | 璺緞 | 璇存槑 | 鏉冮檺,41;103;174;249;331,39;101;172;247;329,gb18030->utf8 x1,NO,MANUAL_REVIEW,至少一个受影响字段无法整字段安全转换，或完整源行不可读/不可定位，或存在复合断言
REQ-ADMINPORTAL-00598,growth-operations,docs/PRD-运营增长模块.md,source_section;source_quote;atomic_assertion,API 接口,| `POST` | `/api/v1/admin/agents/:id/redemption-quota` | 璁剧疆浠ｇ悊鍏戞崲鐮侀厤棰?| agent_mgr 浠ヤ笂 |,需求规定：`POST` | `/api/v1/admin/campaigns/:id/auto-grant` | 閰嶇疆鑷姩璧犻€佽鍒?| operator 浠ヤ笂,,39;101;172;247;329,gb18030->utf8 x1,NO,MANUAL_REVIEW,至少一个受影响字段无法整字段安全转换，或完整源行不可读/不可定位，或存在复合断言
REQ-ADMINPORTAL-00599,growth-operations,docs/PRD-运营增长模块.md,source_section;source_quote;atomic_assertion,API 接口,| `GET` | `/api/v1/admin/agents/:id/redemption-quota` | 查看代理配额 | agent_mgr 以上 |,需求规定：`GET` | `/api/v1/me/coupons` | 鎴戠殑浼樻儬鍒稿垪琛?| 鐢ㄦ埛,44,39;101;172;247;329,gb18030->utf8 x1,NO,MANUAL_REVIEW,至少一个受影响字段无法整字段安全转换，或完整源行不可读/不可定位，或存在复合断言
REQ-ADMINPORTAL-00600,growth-operations,docs/PRD-运营增长模块.md,source_section;source_quote;atomic_assertion,API 接口,| `POST` | `/api/v1/admin/agents/:id/redemption-quota` | 璁剧疆浠ｇ悊鍏戞崲鐮侀厤棰?| agent_mgr 浠ヤ笂 |,需求规定：`POST` | `/api/v1/me/coupons/:id/redeem` | 浣跨敤浼樻儬鍒?| 鐢ㄦ埛,,39;101;172;247;329,gb18030->utf8 x1,NO,MANUAL_REVIEW,至少一个受影响字段无法整字段安全转换，或完整源行不可读/不可定位，或存在复合断言
REQ-ADMINPORTAL-00601,growth-operations,docs/PRD-运营增长模块.md,source_section;source_quote;atomic_assertion,API 接口,| `GET` | `/api/v1/admin/agents/:id/redemption-quota` | 查看代理配额 | agent_mgr 以上 |,需求规定：`GET` | `/api/v1/me/coupons/available` | 鍙敤浼樻儬鍒革紙浣欓涓嶈冻鏃惰皟鐢級 | 鐢ㄦ埛,44,39;101;172;247;329,gb18030->utf8 x1,NO,MANUAL_REVIEW,至少一个受影响字段无法整字段安全转换，或完整源行不可读/不可定位，或存在复合断言
REQ-ADMINPORTAL-00602,growth-operations,docs/PRD-运营增长模块.md,source_section,前端变更,| 页面 | 变更 |,需求规定：椤甸潰 | 鍙樻洿,51;112;185;259;343,49;110;183;257;341,gb18030->utf8 x1,NO,REVIEW_CANDIDATE,所有受影响字段均完成整字段可逆转换，且引用/章节可定位；仍需人工确认
REQ-ADMINPORTAL-00603,growth-operations,docs/PRD-运营增长模块.md,source_section;source_quote;atomic_assertion,前端变更,"| 浠ｇ悊绔?鈫?鎺у埗鍙?| 鏂板""鎺ㄥ箍鍏戞崲鐮?鍏ュ彛锛屾煡鐪嬮厤棰濆拰宸插彂鏀惧厬鎹㈢爜 |","需求规定：鐢ㄦ埛鎺у埗鍙?鈫?鏂板""浼樻儬鍒?鍏ュ彛 | 浼樻儬鍒稿垪琛ㄩ〉锛屽睍绀哄彲鐢?宸茬敤/宸茶繃鏈?",,49;110;183;257;341,gb18030->utf8 x1,NO,MANUAL_REVIEW,至少一个受影响字段无法整字段安全转换，或完整源行不可读/不可定位，或存在复合断言
REQ-ADMINPORTAL-00604,growth-operations,docs/PRD-运营增长模块.md,source_section;source_quote;atomic_assertion,前端变更,#### 前端变更,"需求规定：鍏呭€兼垚鍔熼〉 | 灞曠ず鍒拌处鐨勪紭鎯犲埜锛?鎭枩鑾峰緱 楼10 浼樻儬鍒革紒""",49;110;183;257;341,49;110;183;257;341,gb18030->utf8 x1,NO,MANUAL_REVIEW,至少一个受影响字段无法整字段安全转换，或完整源行不可读/不可定位，或存在复合断言
REQ-ADMINPORTAL-00605,growth-operations,docs/PRD-运营增长模块.md,source_section;source_quote;atomic_assertion,前端变更,#### 前端变更,"需求规定：浣欓涓嶈冻鎻愮ず | 灞曠ず鍙敤浼樻儬鍒革細""鎮ㄦ湁 楼10 浼樻儬鍒稿彲鐢紝绔嬪嵆浣跨敤""",49;110;183;257;341,49;110;183;257;341,gb18030->utf8 x1,NO,MANUAL_REVIEW,至少一个受影响字段无法整字段安全转换，或完整源行不可读/不可定位，或存在复合断言
REQ-ADMINPORTAL-00606,growth-operations,docs/PRD-运营增长模块.md,source_section;source_quote;atomic_assertion,前端变更,| 杩愯惀 鈫?娲诲姩绠＄悊 | 鍒涘缓娲诲姩鏃跺彲閫?鍒嗛厤缁欎唬鐞?妯″紡 |,"需求规定：杩愯惀 鈫?娲诲姩绠＄悊 鈫?鍒涘缓娲诲姩 | 鏂板""鑷姩璧犻€?寮€鍏冲拰閰嶇疆椤?",,49;110;183;257;341,gb18030->utf8 x1,NO,MANUAL_REVIEW,至少一个受影响字段无法整字段安全转换，或完整源行不可读/不可定位，或存在复合断言
REQ-ADMINPORTAL-00608,growth-operations,docs/PRD-运营增长模块.md,source_quote;atomic_assertion,功能规格,| 杩愯惀绔厤棰濋厤缃?| 涓烘瘡涓唬鐞嗚缃湀鍏戞崲鐮侀厤棰濓紙鏁伴噺 + 闈㈠€硷級锛屾敮鎸佹寜绛夌骇榛樿閰嶉 |,需求规定：鍒嗙兢瑙勫垯寮曟搸 | 杩愯惀绔垱寤虹敤鎴峰垎缇わ紝鏀寔鎸夋敞鍐屾椂闂?娑堣垂閲戦/鏈€鍚庣櫥褰曟椂闂?鏈€鍚庤皟鐢ㄦ椂闂?鐢ㄦ埛绛夌骇/浠ｇ悊褰掑睘绛夌淮搴︾粍鍚堢瓫閫?,,10;68;129;202;290,gb18030->utf8 x1,NO,MANUAL_REVIEW,至少一个受影响字段无法整字段安全转换，或完整源行不可读/不可定位，或存在复合断言
REQ-ADMINPORTAL-00609,growth-operations,docs/PRD-运营增长模块.md,atomic_assertion,功能规格,#### 功能规格,需求规定：鎺ㄩ€佷换鍔?| 鍩轰簬鍒嗙兢鍒涘缓鎺ㄩ€佷换鍔★紝閫夋嫨鎺ㄩ€佹笭閬擄紙绔欏唴閫氱煡+閭欢锛夊拰鍐呭妯℃澘,10;68;129;202;290,10;68;129;202;290,gb18030->utf8 x1,NO,MANUAL_REVIEW,至少一个受影响字段无法整字段安全转换，或完整源行不可读/不可定位，或存在复合断言
REQ-ADMINPORTAL-00610,growth-operations,docs/PRD-运营增长模块.md,atomic_assertion,功能规格,#### 功能规格,"需求规定：鍐呭妯℃澘鍙橀噺 | 鏀寔妯℃澘鍙橀噺锛歚{user_name}`, `{balance}`, `{last_model}` 绛?",10;68;129;202;290,10;68;129;202;290,gb18030->utf8 x1,NO,MANUAL_REVIEW,至少一个受影响字段无法整字段安全转换，或完整源行不可读/不可定位，或存在复合断言
REQ-ADMINPORTAL-00611,growth-operations,docs/PRD-运营增长模块.md,atomic_assertion,功能规格,#### 功能规格,需求规定：鎺ㄩ€佹晥鏋滅粺璁?| 鍙戦€侀噺 / 鎵撳紑鐜?/ 杞寲鐜?/ 鐐瑰嚮鐜?,10;68;129;202;290,10;68;129;202;290,gb18030->utf8 x1,NO,MANUAL_REVIEW,至少一个受影响字段无法整字段安全转换，或完整源行不可读/不可定位，或存在复合断言
REQ-ADMINPORTAL-00612,growth-operations,docs/PRD-运营增长模块.md,atomic_assertion,功能规格,#### 功能规格,需求规定：瀹氭椂鎺ㄩ€?| 鏀寔瀹氭椂鎵ц锛堢珛鍗?鎸囧畾鏃堕棿/鍛ㄦ湡鎬э級,10;68;129;202;290,10;68;129;202;290,gb18030->utf8 x1,NO,MANUAL_REVIEW,至少一个受影响字段无法整字段安全转换，或完整源行不可读/不可定位，或存在复合断言
REQ-ADMINPORTAL-00613,growth-operations,docs/PRD-运营增长模块.md,source_section;source_quote;atomic_assertion,API 接口,| 方法 | 路径 | 说明 | 权限 |,需求规定：鏂规硶 | 璺緞 | 璇存槑 | 鏉冮檺,41;103;174;249;331,39;101;172;247;329,gb18030->utf8 x1,NO,MANUAL_REVIEW,至少一个受影响字段无法整字段安全转换，或完整源行不可读/不可定位，或存在复合断言
REQ-ADMINPORTAL-00614,growth-operations,docs/PRD-运营增长模块.md,source_section;source_quote;atomic_assertion,API 接口,| `POST` | `/api/v1/admin/agents/:id/redemption-quota` | 璁剧疆浠ｇ悊鍏戞崲鐮侀厤棰?| agent_mgr 浠ヤ笂 |,需求规定：`POST` | `/api/v1/admin/user-segments` | 鍒涘缓鐢ㄦ埛鍒嗙兢 | operator 浠ヤ笂,,39;101;172;247;329,gb18030->utf8 x1,NO,MANUAL_REVIEW,至少一个受影响字段无法整字段安全转换，或完整源行不可读/不可定位，或存在复合断言
REQ-ADMINPORTAL-00615,growth-operations,docs/PRD-运营增长模块.md,source_section;source_quote;atomic_assertion,API 接口,| `GET` | `/api/v1/admin/agents/:id/redemption-quota` | 查看代理配额 | agent_mgr 以上 |,需求规定：`GET` | `/api/v1/admin/user-segments` | 鍒嗙兢鍒楄〃 | operator 浠ヤ笂,44,39;101;172;247;329,gb18030->utf8 x1,NO,MANUAL_REVIEW,至少一个受影响字段无法整字段安全转换，或完整源行不可读/不可定位，或存在复合断言
REQ-ADMINPORTAL-00616,growth-operations,docs/PRD-运营增长模块.md,source_section;source_quote;atomic_assertion,API 接口,| `POST` | `/api/v1/admin/agents/:id/redemption-quota` | 璁剧疆浠ｇ悊鍏戞崲鐮侀厤棰?| agent_mgr 浠ヤ笂 |,需求规定：`POST` | `/api/v1/admin/user-segments/:id/estimate` | 棰勪及鍒嗙兢浜烘暟 | operator 浠ヤ笂,,39;101;172;247;329,gb18030->utf8 x1,NO,MANUAL_REVIEW,至少一个受影响字段无法整字段安全转换，或完整源行不可读/不可定位，或存在复合断言
REQ-ADMINPORTAL-00617,growth-operations,docs/PRD-运营增长模块.md,source_section;source_quote;atomic_assertion,API 接口,| `POST` | `/api/v1/admin/agents/:id/redemption-quota` | 璁剧疆浠ｇ悊鍏戞崲鐮侀厤棰?| agent_mgr 浠ヤ笂 |,需求规定：`POST` | `/api/v1/admin/notifications/segment` | 鍒涘缓鍒嗙兢鎺ㄩ€佷换鍔?| operator 浠ヤ笂,,39;101;172;247;329,gb18030->utf8 x1,NO,MANUAL_REVIEW,至少一个受影响字段无法整字段安全转换，或完整源行不可读/不可定位，或存在复合断言
REQ-ADMINPORTAL-00618,growth-operations,docs/PRD-运营增长模块.md,source_section;source_quote;atomic_assertion,API 接口,| `GET` | `/api/v1/admin/agents/:id/redemption-quota` | 查看代理配额 | agent_mgr 以上 |,需求规定：`GET` | `/api/v1/admin/notifications/segment` | 鎺ㄩ€佷换鍔″垪琛?| operator 浠ヤ笂,44,39;101;172;247;329,gb18030->utf8 x1,NO,MANUAL_REVIEW,至少一个受影响字段无法整字段安全转换，或完整源行不可读/不可定位，或存在复合断言
REQ-ADMINPORTAL-00619,growth-operations,docs/PRD-运营增长模块.md,source_section;source_quote;atomic_assertion,API 接口,| `GET` | `/api/v1/admin/agents/:id/redemption-quota` | 查看代理配额 | agent_mgr 以上 |,需求规定：`GET` | `/api/v1/admin/notifications/segment/:id/stats` | 鎺ㄩ€佹晥鏋滅粺璁?| operator 浠ヤ笂,44,39;101;172;247;329,gb18030->utf8 x1,NO,MANUAL_REVIEW,至少一个受影响字段无法整字段安全转换，或完整源行不可读/不可定位，或存在复合断言
REQ-ADMINPORTAL-00620,growth-operations,docs/PRD-运营增长模块.md,source_section,前端变更,| 页面 | 变更 |,需求规定：椤甸潰 | 鍙樻洿,51;112;185;259;343,49;110;183;257;341,gb18030->utf8 x1,NO,REVIEW_CANDIDATE,所有受影响字段均完成整字段可逆转换，且引用/章节可定位；仍需人工确认
REQ-ADMINPORTAL-00621,growth-operations,docs/PRD-运营增长模块.md,source_section;source_quote;atomic_assertion,前端变更,| 杩愯惀 鈫?娲诲姩绠＄悊 | 鍒涘缓娲诲姩鏃跺彲閫?鍒嗛厤缁欎唬鐞?妯″紡 |,"需求规定：杩愯惀 鈫?鏂板""鐢ㄦ埛鍒嗙兢""鍏ュ彛 | 鍒嗙兢鍒楄〃椤碉紝鏀寔鍒涘缓/缂栬緫/棰勮鍒嗙兢",,49;110;183;257;341,gb18030->utf8 x1,NO,MANUAL_REVIEW,至少一个受影响字段无法整字段安全转换，或完整源行不可读/不可定位，或存在复合断言
REQ-ADMINPORTAL-00622,growth-operations,docs/PRD-运营增长模块.md,source_section;source_quote;atomic_assertion,前端变更,| 杩愯惀 鈫?娲诲姩绠＄悊 | 鍒涘缓娲诲姩鏃跺彲閫?鍒嗛厤缁欎唬鐞?妯″紡 |,需求规定：杩愯惀 鈫?鍒嗙兢鍒涘缓 | 瑙勫垯閰嶇疆闈㈡澘锛屾敮鎸佸缁村害缁勫悎绛涢€?,,49;110;183;257;341,gb18030->utf8 x1,NO,MANUAL_REVIEW,至少一个受影响字段无法整字段安全转换，或完整源行不可读/不可定位，或存在复合断言
REQ-ADMINPORTAL-00623,growth-operations,docs/PRD-运营增长模块.md,source_section;source_quote;atomic_assertion,前端变更,| 杩愯惀 鈫?娲诲姩绠＄悊 | 鍒涘缓娲诲姩鏃跺彲閫?鍒嗛厤缁欎唬鐞?妯″紡 |,"需求规定：杩愯惀 鈫?鏂板""鍒嗙兢鎺ㄩ€?鍏ュ彛 | 鎺ㄩ€佷换鍔″垱寤洪〉锛岄€夋嫨鍒嗙兢+妯℃澘+娓犻亾+鏃堕棿",,49;110;183;257;341,gb18030->utf8 x1,NO,MANUAL_REVIEW,至少一个受影响字段无法整字段安全转换，或完整源行不可读/不可定位，或存在复合断言
REQ-ADMINPORTAL-00624,growth-operations,docs/PRD-运营增长模块.md,source_section;source_quote;atomic_assertion,前端变更,| 浠ｇ悊绔?鈫?缁熻 | 鏂板鍏戞崲鐮佷娇鐢ㄧ粺璁￠潰鏉?|,需求规定：杩愯惀 鈫?鎺ㄩ€佹晥鏋?| 鎺ㄩ€佺粺璁￠潰鏉匡紝灞曠ず鍙戦€侀噺/鎵撳紑鐜?杞寲鐜?,,49;110;183;257;341,gb18030->utf8 x1,NO,MANUAL_REVIEW,至少一个受影响字段无法整字段安全转换，或完整源行不可读/不可定位，或存在复合断言
REQ-ADMINPORTAL-00626,growth-operations,docs/PRD-运营增长模块.md,source_quote;atomic_assertion,功能规格,| 杩愯惀绔厤棰濋厤缃?| 涓烘瘡涓唬鐞嗚缃湀鍏戞崲鐮侀厤棰濓紙鏁伴噺 + 闈㈠€硷級锛屾敮鎸佹寜绛夌骇榛樿閰嶉 |,需求规定：鍙洖瑙勫垯閰嶇疆 | 杩愯惀绔厤缃彫鍥炶鍒欙紝鏀寔澶氱骇瑙﹀彂鏉′欢锛?澶╂棤璋冪敤/14澶╂棤璋冪敤/30澶╂棤鐧诲綍,,10;68;129;202;290,gb18030->utf8 x1,NO,MANUAL_REVIEW,至少一个受影响字段无法整字段安全转换，或完整源行不可读/不可定位，或存在复合断言
REQ-ADMINPORTAL-00627,growth-operations,docs/PRD-运营增长模块.md,atomic_assertion,功能规格,#### 功能规格,需求规定：瑙﹀彂鏉′欢 | 鍩轰簬鏈€鍚庤皟鐢ㄦ椂闂村拰鏈€鍚庣櫥褰曟椂闂磋嚜鍔ㄦ娴?,10;68;129;202;290,10;68;129;202;290,gb18030->utf8 x1,NO,MANUAL_REVIEW,至少一个受影响字段无法整字段安全转换，或完整源行不可读/不可定位，或存在复合断言
REQ-ADMINPORTAL-00628,growth-operations,docs/PRD-运营增长模块.md,atomic_assertion,功能规格,#### 功能规格,需求规定：鍙戦€佸唴瀹?| 鍙厤缃偖浠舵ā鏉匡紝鏀寔鍙橀噺鏇挎崲,10;68;129;202;290,10;68;129;202;290,gb18030->utf8 x1,NO,MANUAL_REVIEW,至少一个受影响字段无法整字段安全转换，或完整源行不可读/不可定位，或存在复合断言
REQ-ADMINPORTAL-00629,growth-operations,docs/PRD-运营增长模块.md,atomic_assertion,功能规格,#### 功能规格,需求规定：鍙戦€佹笭閬?| 閭欢 + 绔欏唴閫氱煡,10;68;129;202;290,10;68;129;202;290,gb18030->utf8 x1,NO,MANUAL_REVIEW,至少一个受影响字段无法整字段安全转换，或完整源行不可读/不可定位，或存在复合断言
REQ-ADMINPORTAL-00630,growth-operations,docs/PRD-运营增长模块.md,source_quote;atomic_assertion,功能规格,| 浠ｇ悊鐢宠娴佺▼ | 浠ｇ悊绔敵璇峰厬鎹㈢爜閰嶉 鈫?杩愯惀瀹℃牳 鈫?瀹℃牳閫氳繃鍚庡厬鎹㈢爜鍒拌处 |,需求规定：浼樻儬鍒歌禒閫?| 鏀寔閰嶇疆鍙洖鏃惰嚜鍔ㄥ彂鏀惧厬鎹㈢爜鍒扮敤鎴疯处鎴?,,10;68;129;202;290,gb18030->utf8 x1,NO,MANUAL_REVIEW,至少一个受影响字段无法整字段安全转换，或完整源行不可读/不可定位，或存在复合断言
REQ-ADMINPORTAL-00631,growth-operations,docs/PRD-运营增长模块.md,atomic_assertion,功能规格,#### 功能规格,需求规定：瑙勫垯绠＄悊 | 鍚敤/绂佺敤鍙洖瑙勫垯锛岃缃墽琛岄鐜?,10;68;129;202;290,10;68;129;202;290,gb18030->utf8 x1,NO,MANUAL_REVIEW,至少一个受影响字段无法整字段安全转换，或完整源行不可读/不可定位，或存在复合断言
REQ-ADMINPORTAL-00632,growth-operations,docs/PRD-运营增长模块.md,atomic_assertion,功能规格,#### 功能规格,需求规定：鏁堟灉缁熻 | 鍙戦€侀噺 / 鎵撳紑鐜?/ 鍙洖鐜?/ 鍙洖鍚?澶╃暀瀛樼巼,10;68;129;202;290,10;68;129;202;290,gb18030->utf8 x1,NO,MANUAL_REVIEW,至少一个受影响字段无法整字段安全转换，或完整源行不可读/不可定位，或存在复合断言
REQ-ADMINPORTAL-00633,growth-operations,docs/PRD-运营增长模块.md,source_section;source_quote;atomic_assertion,API 接口,| 方法 | 路径 | 说明 | 权限 |,需求规定：鏂规硶 | 璺緞 | 璇存槑 | 鏉冮檺,41;103;174;249;331,39;101;172;247;329,gb18030->utf8 x1,NO,MANUAL_REVIEW,至少一个受影响字段无法整字段安全转换，或完整源行不可读/不可定位，或存在复合断言
REQ-ADMINPORTAL-00634,growth-operations,docs/PRD-运营增长模块.md,source_section;source_quote;atomic_assertion,API 接口,| `POST` | `/api/v1/admin/agents/:id/redemption-quota` | 璁剧疆浠ｇ悊鍏戞崲鐮侀厤棰?| agent_mgr 浠ヤ笂 |,需求规定：`POST` | `/api/v1/admin/recall-rules` | 鍒涘缓鍙洖瑙勫垯 | operator 浠ヤ笂,,39;101;172;247;329,gb18030->utf8 x1,NO,MANUAL_REVIEW,至少一个受影响字段无法整字段安全转换，或完整源行不可读/不可定位，或存在复合断言
REQ-ADMINPORTAL-00635,growth-operations,docs/PRD-运营增长模块.md,source_section;source_quote;atomic_assertion,API 接口,| `GET` | `/api/v1/admin/agents/:id/redemption-quota` | 查看代理配额 | agent_mgr 以上 |,需求规定：`GET` | `/api/v1/admin/recall-rules` | 鍙洖瑙勫垯鍒楄〃 | operator 浠ヤ笂,44,39;101;172;247;329,gb18030->utf8 x1,NO,MANUAL_REVIEW,至少一个受影响字段无法整字段安全转换，或完整源行不可读/不可定位，或存在复合断言
REQ-ADMINPORTAL-00636,growth-operations,docs/PRD-运营增长模块.md,source_section;source_quote;atomic_assertion,API 接口,| `POST` | `/api/v1/admin/agents/:id/redemption-quota` | 璁剧疆浠ｇ悊鍏戞崲鐮侀厤棰?| agent_mgr 浠ヤ笂 |,需求规定：`PATCH` | `/api/v1/admin/recall-rules/:id` | 鏇存柊鍙洖瑙勫垯 | operator 浠ヤ笂,,39;101;172;247;329,gb18030->utf8 x1,NO,MANUAL_REVIEW,至少一个受影响字段无法整字段安全转换，或完整源行不可读/不可定位，或存在复合断言
REQ-ADMINPORTAL-00637,growth-operations,docs/PRD-运营增长模块.md,source_section;source_quote;atomic_assertion,API 接口,| `POST` | `/api/v1/admin/agents/:id/redemption-quota` | 璁剧疆浠ｇ悊鍏戞崲鐮侀厤棰?| agent_mgr 浠ヤ笂 |,需求规定：`POST` | `/api/v1/admin/recall-rules/:id/toggle` | 鍚敤/绂佺敤瑙勫垯 | operator 浠ヤ笂,,39;101;172;247;329,gb18030->utf8 x1,NO,MANUAL_REVIEW,至少一个受影响字段无法整字段安全转换，或完整源行不可读/不可定位，或存在复合断言
REQ-ADMINPORTAL-00638,growth-operations,docs/PRD-运营增长模块.md,source_section;source_quote;atomic_assertion,API 接口,| `GET` | `/api/v1/admin/agents/:id/redemption-quota` | 查看代理配额 | agent_mgr 以上 |,需求规定：`GET` | `/api/v1/admin/recall-stats` | 鍙洖鏁堟灉缁熻 | operator 浠ヤ笂,44,39;101;172;247;329,gb18030->utf8 x1,NO,MANUAL_REVIEW,至少一个受影响字段无法整字段安全转换，或完整源行不可读/不可定位，或存在复合断言
REQ-ADMINPORTAL-00639,growth-operations,docs/PRD-运营增长模块.md,source_section,前端变更,| 页面 | 变更 |,需求规定：椤甸潰 | 鍙樻洿,51;112;185;259;343,49;110;183;257;341,gb18030->utf8 x1,NO,REVIEW_CANDIDATE,所有受影响字段均完成整字段可逆转换，且引用/章节可定位；仍需人工确认
REQ-ADMINPORTAL-00640,growth-operations,docs/PRD-运营增长模块.md,source_section;source_quote;atomic_assertion,前端变更,| 杩愯惀 鈫?娲诲姩绠＄悊 | 鍒涘缓娲诲姩鏃跺彲閫?鍒嗛厤缁欎唬鐞?妯″紡 |,"需求规定：杩愯惀 鈫?鏂板""娴佸け鍙洖""鍏ュ彛 | 鍙洖瑙勫垯鍒楄〃椤碉紝灞曠ず瑙勫垯鐘舵€佸拰鏁堟灉姒傝",,49;110;183;257;341,gb18030->utf8 x1,NO,MANUAL_REVIEW,至少一个受影响字段无法整字段安全转换，或完整源行不可读/不可定位，或存在复合断言
REQ-ADMINPORTAL-00641,growth-operations,docs/PRD-运营增长模块.md,source_section;source_quote;atomic_assertion,前端变更,| 杩愯惀 鈫?娲诲姩绠＄悊 | 鍒涘缓娲诲姩鏃跺彲閫?鍒嗛厤缁欎唬鐞?妯″紡 |,需求规定：杩愯惀 鈫?鍙洖瑙勫垯缂栬緫 | 瑙勫垯閰嶇疆琛ㄥ崟锛屾敮鎸佽Е鍙戞潯浠?鍙戦€佸唴瀹?浼樻儬鍒歌禒閫侀厤缃?,,49;110;183;257;341,gb18030->utf8 x1,NO,MANUAL_REVIEW,至少一个受影响字段无法整字段安全转换，或完整源行不可读/不可定位，或存在复合断言
REQ-ADMINPORTAL-00642,growth-operations,docs/PRD-运营增长模块.md,source_section;source_quote;atomic_assertion,前端变更,| 杩愯惀 鈫?娲诲姩绠＄悊 | 鍒涘缓娲诲姩鏃跺彲閫?鍒嗛厤缁欎唬鐞?妯″紡 |,需求规定：杩愯惀 鈫?鍙洖鏁堟灉 | 缁熻鐪嬫澘锛氬彂閫侀噺/鎵撳紑鐜?鍙洖鐜囪秼鍔垮浘锛屽彫鍥炴垚鏈垎鏋?,,49;110;183;257;341,gb18030->utf8 x1,NO,MANUAL_REVIEW,至少一个受影响字段无法整字段安全转换，或完整源行不可读/不可定位，或存在复合断言
REQ-ADMINPORTAL-00643,growth-operations,docs/PRD-运营增长模块.md,source_section;source_quote;atomic_assertion,8.5 运营增长模块总览,| 妯″潡 | 浼樺厛绾?| 棰勪及宸ヤ綔閲?| 鏍稿績浠峰€?|,需求规定：妯″潡 | 浼樺厛绾?| 棰勪及宸ヤ綔閲?| 鏍稿績浠峰€?,,267,gb18030->utf8 x1,NO,MANUAL_REVIEW,至少一个受影响字段无法整字段安全转换，或完整源行不可读/不可定位，或存在复合断言
REQ-ADMINPORTAL-00644,growth-operations,docs/PRD-运营增长模块.md,source_section;source_quote;atomic_assertion,8.5 运营增长模块总览,| 浠ｇ悊鍏戞崲鐮侀厤棰濅笌缁戝畾 | P0 | 鍚庣3d+鍓嶇2d | 浠ｇ悊鍟嗗彲閲忓寲鐨勬媺鏂板伐鍏?|,需求规定：浠ｇ悊鍏戞崲鐮侀厤棰濅笌缁戝畾 | P0 | 鍚庣3d+鍓嶇2d | 浠ｇ悊鍟嗗彲閲忓寲鐨勬媺鏂板伐鍏?,,267,gb18030->utf8 x1,NO,MANUAL_REVIEW,至少一个受影响字段无法整字段安全转换，或完整源行不可读/不可定位，或存在复合断言
REQ-ADMINPORTAL-00645,growth-operations,docs/PRD-运营增长模块.md,source_section;source_quote;atomic_assertion,8.5 运营增长模块总览,| 鍏呭€兼椿鍔ㄨ嚜鍔ㄨ禒閫?| P0 | 鍚庣2d+鍓嶇2d | 鎻愬崌鍏呭€艰浆鍖栫巼30%+ |,需求规定：鍏呭€兼椿鍔ㄨ嚜鍔ㄨ禒閫?| P0 | 鍚庣2d+鍓嶇2d | 鎻愬崌鍏呭€艰浆鍖栫巼30%+,,267,gb18030->utf8 x1,NO,MANUAL_REVIEW,至少一个受影响字段无法整字段安全转换，或完整源行不可读/不可定位，或存在复合断言
REQ-ADMINPORTAL-00646,growth-operations,docs/PRD-运营增长模块.md,source_section;source_quote;atomic_assertion,8.5 运营增长模块总览,| 鐢ㄦ埛鍒嗙兢鎺ㄩ€?| P0 | 鍚庣4d+鍓嶇3d | 绮惧噯瑙﹁揪锛岃繍钀ユ晥鐜囨彁鍗?|,需求规定：鐢ㄦ埛鍒嗙兢鎺ㄩ€?| P0 | 鍚庣4d+鍓嶇3d | 绮惧噯瑙﹁揪锛岃繍钀ユ晥鐜囨彁鍗?,,267,gb18030->utf8 x1,NO,MANUAL_REVIEW,至少一个受影响字段无法整字段安全转换，或完整源行不可读/不可定位，或存在复合断言
REQ-ADMINPORTAL-00647,growth-operations,docs/PRD-运营增长模块.md,source_section;source_quote;atomic_assertion,8.5 运营增长模块总览,| 鑷姩鍖栨祦澶卞彫鍥?| P0 | 鍚庣3d+鍓嶇2d | 鍙洖鐜?5%+锛岄檷浣庢祦澶?|,需求规定：鑷姩鍖栨祦澶卞彫鍥?| P0 | 鍚庣3d+鍓嶇2d | 鍙洖鐜?5%+锛岄檷浣庢祦澶?,,267,gb18030->utf8 x1,NO,MANUAL_REVIEW,至少一个受影响字段无法整字段安全转换，或完整源行不可读/不可定位，或存在复合断言
REQ-ADMINPORTAL-00648,growth-operations,docs/PRD-运营增长模块.md,source_section;source_quote;atomic_assertion,8.5 运营增长模块总览,### 8.5 运营增长模块总览,需求规定：**鍚堣**锛氬悗绔?2浜哄ぉ + 鍓嶇9浜哄ぉ = 绾?.5鍛?,267,267,gb18030->utf8 x1,NO,MANUAL_REVIEW,至少一个受影响字段无法整字段安全转换，或完整源行不可读/不可定位，或存在复合断言
REQ-ADMINPORTAL-00650,growth-operations,docs/PRD-运营增长模块.md,source_quote;atomic_assertion,功能规格,| 杩愯惀绔厤棰濋厤缃?| 涓烘瘡涓唬鐞嗚缃湀鍏戞崲鐮侀厤棰濓紙鏁伴噺 + 闈㈠€硷級锛屾敮鎸佹寜绛夌骇榛樿閰嶉 |,需求规定：鎺ㄨ崘鐮佺敓鎴?| 浠ｇ悊鍟嗚嚜鍔ㄧ敓鎴?浣嶆帹鑽愮爜锛屾敮鎸佺鐞嗗憳鎵嬪姩璁剧疆锛堝悗鍙帮級,,10;68;129;202;290,gb18030->utf8 x1,NO,MANUAL_REVIEW,至少一个受影响字段无法整字段安全转换，或完整源行不可读/不可定位，或存在复合断言
REQ-ADMINPORTAL-00651,growth-operations,docs/PRD-运营增长模块.md,source_quote;atomic_assertion,功能规格,| 鍏戞崲鐮佺粦瀹氫唬鐞?| 鐢熸垚鍏戞崲鐮佹椂缁戝畾 `agent_id`锛岀敤鎴峰厬鎹㈠悗鑷姩寤虹珛浠ｇ悊-鐢ㄦ埛鍏宠仈 |,需求规定：鎺ㄨ崘鐮佹寔涔呭寲 | 鎺ㄨ崘鐮佸啓鍏?`agents.referral_code` 瀛楁锛孯edis 缂撳瓨鍔犻€熸煡璇?,,10;68;129;202;290,gb18030->utf8 x1,NO,MANUAL_REVIEW,至少一个受影响字段无法整字段安全转换，或完整源行不可读/不可定位，或存在复合断言
REQ-ADMINPORTAL-00652,growth-operations,docs/PRD-运营增长模块.md,atomic_assertion,功能规格,#### 功能规格,需求规定：鎺ㄨ崘鐮佸敮涓€鎬?| 绯荤粺鑷姩鏍￠獙鍞竴鎬э紝鎺掗櫎鏄撴贩娣嗗瓧绗?O0Il,10;68;129;202;290,10;68;129;202;290,gb18030->utf8 x1,NO,MANUAL_REVIEW,至少一个受影响字段无法整字段安全转换，或完整源行不可读/不可定位，或存在复合断言
REQ-ADMINPORTAL-00653,growth-operations,docs/PRD-运营增长模块.md,source_quote;atomic_assertion,功能规格,| 鍏戞崲鐮佺粦瀹氫唬鐞?| 鐢熸垚鍏戞崲鐮佹椂缁戝畾 `agent_id`锛岀敤鎴峰厬鎹㈠悗鑷姩寤虹珛浠ｇ悊-鐢ㄦ埛鍏宠仈 |,需求规定：鎺ㄨ崘鐮佽В鏋?| 閫氳繃鎺ㄨ崘鐮佹煡璇㈠綊灞炰唬鐞嗗晢锛岀敤浜庢敞鍐屾祦绋嬬粦瀹氫唬鐞嗗叧绯?,,10;68;129;202;290,gb18030->utf8 x1,NO,MANUAL_REVIEW,至少一个受影响字段无法整字段安全转换，或完整源行不可读/不可定位，或存在复合断言
REQ-ADMINPORTAL-00654,growth-operations,docs/PRD-运营增长模块.md,source_quote;atomic_assertion,功能规格,| 杩愯惀绔厤棰濋厤缃?| 涓烘瘡涓唬鐞嗚缃湀鍏戞崲鐮侀厤棰濓紙鏁伴噺 + 闈㈠€硷級锛屾敮鎸佹寜绛夌骇榛樿閰嶉 |,需求规定：鎺ㄨ崘浣ｉ噾瑙勫垯閰嶇疆 | 鍦?`commission_rules` 涓柊澧?`ruleType='referral'`锛屾敮鎸佸浐瀹氶噾棰?姣斾緥,,10;68;129;202;290,gb18030->utf8 x1,NO,MANUAL_REVIEW,至少一个受影响字段无法整字段安全转换，或完整源行不可读/不可定位，或存在复合断言
REQ-ADMINPORTAL-00655,growth-operations,docs/PRD-运营增长模块.md,atomic_assertion,功能规格,#### 功能规格,需求规定：鎺ㄨ崘娉ㄥ唽浣ｉ噾 | 鏂扮敤鎴锋敞鍐屾椂濉啓鎺ㄨ崘鐮侊紝鑷姩瑙﹀彂 `processReferralCommission` 缁撶畻,10;68;129;202;290,10;68;129;202;290,gb18030->utf8 x1,NO,MANUAL_REVIEW,至少一个受影响字段无法整字段安全转换，或完整源行不可读/不可定位，或存在复合断言
REQ-ADMINPORTAL-00656,growth-operations,docs/PRD-运营增长模块.md,atomic_assertion,功能规格,#### 功能规格,需求规定：钀ラ攢閰嶇疆绠＄悊 | 鍚庡彴绠＄悊绔細鎺ㄨ崘鐮佸惎鐢?绂佺敤銆佹帹鑽愮爜鍒嗛厤銆佹帹鑽愪剑閲戦厤缃?,10;68;129;202;290,10;68;129;202;290,gb18030->utf8 x1,NO,MANUAL_REVIEW,至少一个受影响字段无法整字段安全转换，或完整源行不可读/不可定位，或存在复合断言
REQ-ADMINPORTAL-00657,growth-operations,docs/PRD-运营增长模块.md,source_quote;atomic_assertion,鏁版嵁琛ㄥ彉鏇?,// agent_redemption_quotas 鈥?浠ｇ悊鍏戞崲鐮侀厤棰?,需求规定：**agents 琛ㄦ柊澧炲瓧娈?*锛堝凡娣诲姞锛夛細,,20;78;139;214;302,,NO,MANUAL_REVIEW,至少一个受影响字段无法整字段安全转换，或完整源行不可读/不可定位，或存在复合断言
REQ-ADMINPORTAL-00658,growth-operations,docs/PRD-运营增长模块.md,atomic_assertion,鏁版嵁琛ㄥ彉鏇?,"agentId: integer(""agent_id"").notNull().references(() => users.id),",需求规定：**commission_rules 琛ㄦ柊澧?ruleType锛歚referral`**锛?,26,20;78;139;214;302,,NO,MANUAL_REVIEW,至少一个受影响字段无法整字段安全转换，或完整源行不可读/不可定位，或存在复合断言
REQ-ADMINPORTAL-00659,growth-operations,docs/PRD-运营增长模块.md,atomic_assertion,鏁版嵁琛ㄥ彉鏇?,"export const agentRedemptionQuotas = pgTable(""agent_redemption_quotas"", {",需求规定：**system_configs 鏂板钀ラ攢閰嶇疆椤?*锛?,24,20;78;139;214;302,,NO,MANUAL_REVIEW,至少一个受影响字段无法整字段安全转换，或完整源行不可读/不可定位，或存在复合断言
REQ-ADMINPORTAL-00661,growth-operations,docs/PRD-运营增长模块.md,atomic_assertion,鏁版嵁琛ㄥ彉鏇?,"agentId: integer(""agent_id"").notNull().references(() => users.id),",需求规定：`referral_enabled` | `true` / `false` | 鎺ㄨ崘鐮佸姛鑳藉叏灞€寮€鍏?,26,20;78;139;214;302,,NO,MANUAL_REVIEW,至少一个受影响字段无法整字段安全转换，或完整源行不可读/不可定位，或存在复合断言
REQ-ADMINPORTAL-00663,growth-operations,docs/PRD-运营增长模块.md,atomic_assertion,鏁版嵁琛ㄥ彉鏇?,"agentId: integer(""agent_id"").notNull().references(() => users.id),",需求规定：`referral_fixed_amount` | `10.000000` | 鍥哄畾鎺ㄨ崘浣ｉ噾锛堝厓锛?,26,20;78;139;214;302,,NO,MANUAL_REVIEW,至少一个受影响字段无法整字段安全转换，或完整源行不可读/不可定位，或存在复合断言
REQ-ADMINPORTAL-00664,growth-operations,docs/PRD-运营增长模块.md,atomic_assertion,鏁版嵁琛ㄥ彉鏇?,"agentId: integer(""agent_id"").notNull().references(() => users.id),",需求规定：`referral_commission_rate` | `0.1000` | 姣斾緥浣ｉ噾锛堟柊鐢ㄦ埛棣栧厖閲戦鐨勭櫨鍒嗘瘮锛?,26,20;78;139;214;302,,NO,MANUAL_REVIEW,至少一个受影响字段无法整字段安全转换，或完整源行不可读/不可定位，或存在复合断言
REQ-ADMINPORTAL-00667,growth-operations,docs/PRD-运营增长模块.md,source_section;source_quote;atomic_assertion,API 接口,| 方法 | 路径 | 说明 | 权限 |,需求规定：鏂规硶 | 璺緞 | 璇存槑 | 鏉冮檺,41;103;174;249;331,39;101;172;247;329,gb18030->utf8 x1,NO,MANUAL_REVIEW,至少一个受影响字段无法整字段安全转换，或完整源行不可读/不可定位，或存在复合断言
REQ-ADMINPORTAL-00668,growth-operations,docs/PRD-运营增长模块.md,source_section;source_quote;atomic_assertion,API 接口,| `GET` | `/api/v1/agent/redemption-codes` | 浠ｇ悊鏌ョ湅鍏戞崲鐮佸垪琛?| agent 浠ヤ笂 |,需求规定：`GET` | `/api/v1/agent/referral-code` | 鑾峰彇/鐢熸垚鎴戠殑鎺ㄨ崘鐮?| 浠ｇ悊鍟?,,39;101;172;247;329,gb18030->utf8 x1,NO,MANUAL_REVIEW,至少一个受影响字段无法整字段安全转换，或完整源行不可读/不可定位，或存在复合断言
REQ-ADMINPORTAL-00669,growth-operations,docs/PRD-运营增长模块.md,source_section;source_quote,API 接口,| `POST` | `/api/v1/agent/redemption-codes/request` | 浠ｇ悊鐢宠鍏戞崲鐮?| agent 浠ヤ笂 |,需求规定：`POST` | `/api/v1/agent/referral-code/regenerate` | 閲嶆柊鐢熸垚鎺ㄨ崘鐮?| 浠ｇ悊鍟?,,39;101;172;247;329,gb18030->utf8 x1,NO,MANUAL_REVIEW,至少一个受影响字段无法整字段安全转换，或完整源行不可读/不可定位，或存在复合断言
REQ-ADMINPORTAL-00670,growth-operations,docs/PRD-运营增长模块.md,source_section;source_quote;atomic_assertion,API 接口,| `POST` | `/api/v1/admin/agents/:id/redemption-quota` | 璁剧疆浠ｇ悊鍏戞崲鐮侀厤棰?| agent_mgr 浠ヤ笂 |,需求规定：`PUT` | `/api/v1/admin/agents/:id/referral-code` | 绠＄悊鍛樿缃帹鑽愮爜 | agent_mgr 浠ヤ笂,,39;101;172;247;329,gb18030->utf8 x1,NO,MANUAL_REVIEW,至少一个受影响字段无法整字段安全转换，或完整源行不可读/不可定位，或存在复合断言
REQ-ADMINPORTAL-00671,growth-operations,docs/PRD-运营增长模块.md,source_section;source_quote;atomic_assertion,API 接口,| `GET` | `/api/v1/admin/agents/:id/redemption-quota` | 查看代理配额 | agent_mgr 以上 |,需求规定：`GET` | `/api/v1/admin/referral-codes` | 鎵€鏈変唬鐞嗗晢鎺ㄨ崘鐮佸垪琛?| agent_mgr 浠ヤ笂,44,39;101;172;247;329,gb18030->utf8 x1,NO,MANUAL_REVIEW,至少一个受影响字段无法整字段安全转换，或完整源行不可读/不可定位，或存在复合断言
REQ-ADMINPORTAL-00672,growth-operations,docs/PRD-运营增长模块.md,source_section;source_quote;atomic_assertion,API 接口,| `GET` | `/api/v1/admin/agents/:id/redemption-quota` | 查看代理配额 | agent_mgr 以上 |,需求规定：`GET` | `/api/v1/admin/referral-config` | 鑾峰彇鎺ㄨ崘鐮佽惀閿€閰嶇疆 | operator 浠ヤ笂,44,39;101;172;247;329,gb18030->utf8 x1,NO,MANUAL_REVIEW,至少一个受影响字段无法整字段安全转换，或完整源行不可读/不可定位，或存在复合断言
REQ-ADMINPORTAL-00673,growth-operations,docs/PRD-运营增长模块.md,source_section;source_quote;atomic_assertion,API 接口,| `POST` | `/api/v1/admin/agents/:id/redemption-quota` | 璁剧疆浠ｇ悊鍏戞崲鐮侀厤棰?| agent_mgr 浠ヤ笂 |,需求规定：`PUT` | `/api/v1/admin/referral-config` | 鏇存柊鎺ㄨ崘鐮佽惀閿€閰嶇疆 | operator 浠ヤ笂,,39;101;172;247;329,gb18030->utf8 x1,NO,MANUAL_REVIEW,至少一个受影响字段无法整字段安全转换，或完整源行不可读/不可定位，或存在复合断言
REQ-ADMINPORTAL-00674,growth-operations,docs/PRD-运营增长模块.md,source_section;source_quote;atomic_assertion,API 接口,| `POST` | `/api/v1/admin/agents/:id/redemption-quota` | 璁剧疆浠ｇ悊鍏戞崲鐮侀厤棰?| agent_mgr 浠ヤ笂 |,需求规定：`POST` | `/api/v1/auth/register?ref=CODE` | 娉ㄥ唽鏃舵惡甯︽帹鑽愮爜 | 鍏紑,,39;101;172;247;329,gb18030->utf8 x1,NO,MANUAL_REVIEW,至少一个受影响字段无法整字段安全转换，或完整源行不可读/不可定位，或存在复合断言
REQ-ADMINPORTAL-00675,growth-operations,docs/PRD-运营增长模块.md,source_section,前端变更,| 页面 | 变更 |,需求规定：椤甸潰 | 鍙樻洿,51;112;185;259;343,49;110;183;257;341,gb18030->utf8 x1,NO,REVIEW_CANDIDATE,所有受影响字段均完成整字段可逆转换，且引用/章节可定位；仍需人工确认
REQ-ADMINPORTAL-00676,growth-operations,docs/PRD-运营增长模块.md,source_section;source_quote;atomic_assertion,前端变更,"| 浠ｇ悊绔?鈫?鎺у埗鍙?| 鏂板""鎺ㄥ箍鍏戞崲鐮?鍏ュ彛锛屾煡鐪嬮厤棰濆拰宸插彂鏀惧厬鎹㈢爜 |","需求规定：浠ｇ悊绔?鈫?鎺у埗鍙?| 鏂板""鎺ㄥ箍鐮?鍏ュ彛锛屽睍绀烘帹鑽愮爜鍜屾帹骞夸簩缁寸爜",,49;110;183;257;341,gb18030->utf8 x1,NO,MANUAL_REVIEW,至少一个受影响字段无法整字段安全转换，或完整源行不可读/不可定位，或存在复合断言
REQ-ADMINPORTAL-00677,growth-operations,docs/PRD-运营增长模块.md,source_section;source_quote;atomic_assertion,前端变更,"| 浠ｇ悊绔?鈫?鎺у埗鍙?| 鏂板""鎺ㄥ箍鍏戞崲鐮?鍏ュ彛锛屾煡鐪嬮厤棰濆拰宸插彂鏀惧厬鎹㈢爜 |",需求规定：浠ｇ悊绔?鈫?鎺ㄥ箍缁熻 | 鎺ㄨ崘娉ㄥ唽鐢ㄦ埛鏁?/ 鎺ㄨ崘浣ｉ噾鏀剁泭 / 瓒嬪娍鍥?,,49;110;183;257;341,gb18030->utf8 x1,NO,MANUAL_REVIEW,至少一个受影响字段无法整字段安全转换，或完整源行不可读/不可定位，或存在复合断言
REQ-ADMINPORTAL-00678,growth-operations,docs/PRD-运营增长模块.md,source_section;source_quote;atomic_assertion,前端变更,"| 绠＄悊鍚庡彴 鈫?浠ｇ悊鍟嗚鎯?| 鏂板""鍏戞崲鐮侀厤棰?鏍囩椤碉紝閰嶇疆鏈堥厤棰濆拰闈㈠€?|","需求规定：绠＄悊鍚庡彴 鈫?钀ラ攢閰嶇疆 | 鏂板""鎺ㄨ崘鐮佽惀閿€""閰嶇疆椤碉紝寮€鍏?浣ｉ噾/浼樻儬鍒?",,49;110;183;257;341,gb18030->utf8 x1,NO,MANUAL_REVIEW,至少一个受影响字段无法整字段安全转换，或完整源行不可读/不可定位，或存在复合断言
REQ-ADMINPORTAL-00679,growth-operations,docs/PRD-运营增长模块.md,source_section;source_quote;atomic_assertion,前端变更,"| 绠＄悊鍚庡彴 鈫?浠ｇ悊鍟嗚鎯?| 鏂板""鍏戞崲鐮侀厤棰?鏍囩椤碉紝閰嶇疆鏈堥厤棰濆拰闈㈠€?|",需求规定：绠＄悊鍚庡彴 鈫?浠ｇ悊鍟嗙鐞?| 浠ｇ悊鍟嗚鎯呴〉鏂板鎺ㄨ崘鐮佸瓧娈碉紙鍙紪杈戯級,,49;110;183;257;341,gb18030->utf8 x1,NO,MANUAL_REVIEW,至少一个受影响字段无法整字段安全转换，或完整源行不可读/不可定位，或存在复合断言
REQ-ADMINPORTAL-00680,growth-operations,docs/PRD-运营增长模块.md,source_section;atomic_assertion,前端变更,| 页面 | 变更 |,"需求规定：娉ㄥ唽椤甸潰 | 鏂板""鎺ㄨ崘鐮?杈撳叆妗嗭紙鍙€夛級",51;112;185;259;343,49;110;183;257;341,gb18030->utf8 x1,NO,MANUAL_REVIEW,至少一个受影响字段无法整字段安全转换，或完整源行不可读/不可定位，或存在复合断言
REQ-ADMINPORTAL-00681,growth-operations,docs/PRD-运营增长模块.md,source_quote;atomic_assertion,与其他模块的关系,| 关联模块 | 说明 |,需求规定：鍏宠仈妯″潡 | 璇存槑,377,375,gb18030->utf8 x1,NO,MANUAL_REVIEW,至少一个受影响字段无法整字段安全转换，或完整源行不可读/不可定位，或存在复合断言
REQ-ADMINPORTAL-00682,growth-operations,docs/PRD-运营增长模块.md,source_quote;atomic_assertion,与其他模块的关系,| 搂8.1 浠ｇ悊鍏戞崲鐮侀厤棰?| 鎺ㄨ崘鐮佸拰鍏戞崲鐮佷簰琛ワ細鎺ㄨ崘鐮佺敤浜庢敞鍐屾媺鏂帮紝鍏戞崲鐮佺敤浜庡厖鍊间紭鎯?|,需求规定：搂8.1 浠ｇ悊鍏戞崲鐮侀厤棰?| 鎺ㄨ崘鐮佸拰鍏戞崲鐮佷簰琛ワ細鎺ㄨ崘鐮佺敤浜庢敞鍐屾媺鏂帮紝鍏戞崲鐮佺敤浜庡厖鍊间紭鎯?,,375,gb18030->utf8 x1,NO,MANUAL_REVIEW,至少一个受影响字段无法整字段安全转换，或完整源行不可读/不可定位，或存在复合断言
REQ-ADMINPORTAL-00683,growth-operations,docs/PRD-运营增长模块.md,source_quote;atomic_assertion,与其他模块的关系,| 搂8.2 鍏呭€兼椿鍔ㄨ嚜鍔ㄨ禒閫?| 鎺ㄨ崘娉ㄥ唽鎴愬姛鍚庯紝鏂扮敤鎴烽鍏呭彲瑙﹀彂鑷姩璧犻€?|,需求规定：搂8.2 鍏呭€兼椿鍔ㄨ嚜鍔ㄨ禒閫?| 鎺ㄨ崘娉ㄥ唽鎴愬姛鍚庯紝鏂扮敤鎴烽鍏呭彲瑙﹀彂鑷姩璧犻€?,,375,gb18030->utf8 x1,NO,MANUAL_REVIEW,至少一个受影响字段无法整字段安全转换，或完整源行不可读/不可定位，或存在复合断言
REQ-ADMINPORTAL-00684,growth-operations,docs/PRD-运营增长模块.md,source_quote;atomic_assertion,与其他模块的关系,| §9 财务模块 | 推荐佣金通过 `commission_logs` 计入代理商待结算佣金 |,需求规定：搂9 璐㈠姟妯″潡 | 鎺ㄨ崘浣ｉ噾閫氳繃 `commission_logs` 璁″叆浠ｇ悊鍟嗗緟缁撶畻浣ｉ噾,381,375,gb18030->utf8 x1,NO,MANUAL_REVIEW,至少一个受影响字段无法整字段安全转换，或完整源行不可读/不可定位，或存在复合断言
REQ-ADMINPORTAL-00685,growth-operations,docs/PRD-运营增长模块.md,source_quote;atomic_assertion,与其他模块的关系,| 搂19 浠ｇ悊鍟嗘敮鎾?| 浠ｇ悊绔帶鍒跺彴灞曠ず鎺ㄥ箍缁熻鍜屾帹鑽愪剑閲戞敹鐩?|,需求规定：搂19 浠ｇ悊鍟嗘敮鎾?| 浠ｇ悊绔帶鍒跺彴灞曠ず鎺ㄥ箍缁熻鍜屾帹鑽愪剑閲戞敹鐩?,,375,gb18030->utf8 x1,NO,MANUAL_REVIEW,至少一个受影响字段无法整字段安全转换，或完整源行不可读/不可定位，或存在复合断言
REQ-ADMINPORTAL-00686,growth-operations,docs/PRD-运营增长模块.md,source_section;source_quote;atomic_assertion,8.7 运营增长模块总览（更新）,| 妯″潡 | 浼樺厛绾?| 棰勪及宸ヤ綔閲?| 鏍稿績浠峰€?|,需求规定：妯″潡 | 浼樺厛绾?| 棰勪及宸ヤ綔閲?| 鏍稿績浠峰€?,,386,gb18030->utf8 x1,NO,MANUAL_REVIEW,至少一个受影响字段无法整字段安全转换，或完整源行不可读/不可定位，或存在复合断言
REQ-ADMINPORTAL-00687,growth-operations,docs/PRD-运营增长模块.md,source_section;source_quote;atomic_assertion,8.7 运营增长模块总览（更新）,| 浠ｇ悊鍏戞崲鐮侀厤棰濅笌缁戝畾 | P0 | 鍚庣3d+鍓嶇2d | 浠ｇ悊鍟嗗彲閲忓寲鐨勬媺鏂板伐鍏?|,需求规定：浠ｇ悊鍏戞崲鐮侀厤棰濅笌缁戝畾 | P0 | 鍚庣3d+鍓嶇2d | 浠ｇ悊鍟嗗彲閲忓寲鐨勬媺鏂板伐鍏?,,386,gb18030->utf8 x1,NO,MANUAL_REVIEW,至少一个受影响字段无法整字段安全转换，或完整源行不可读/不可定位，或存在复合断言
REQ-ADMINPORTAL-00688,growth-operations,docs/PRD-运营增长模块.md,source_section;source_quote;atomic_assertion,8.7 运营增长模块总览（更新）,| 鍏呭€兼椿鍔ㄨ嚜鍔ㄨ禒閫?| P0 | 鍚庣2d+鍓嶇2d | 鎻愬崌鍏呭€艰浆鍖栫巼30%+ |,需求规定：鍏呭€兼椿鍔ㄨ嚜鍔ㄨ禒閫?| P0 | 鍚庣2d+鍓嶇2d | 鎻愬崌鍏呭€艰浆鍖栫巼30%+,,386,gb18030->utf8 x1,NO,MANUAL_REVIEW,至少一个受影响字段无法整字段安全转换，或完整源行不可读/不可定位，或存在复合断言
REQ-ADMINPORTAL-00689,growth-operations,docs/PRD-运营增长模块.md,source_section;source_quote;atomic_assertion,8.7 运营增长模块总览（更新）,| 鐢ㄦ埛鍒嗙兢鎺ㄩ€?| P0 | 鍚庣4d+鍓嶇3d | 绮惧噯瑙﹁揪锛岃繍钀ユ晥鐜囨彁鍗?|,需求规定：鐢ㄦ埛鍒嗙兢鎺ㄩ€?| P0 | 鍚庣4d+鍓嶇3d | 绮惧噯瑙﹁揪锛岃繍钀ユ晥鐜囨彁鍗?,,386,gb18030->utf8 x1,NO,MANUAL_REVIEW,至少一个受影响字段无法整字段安全转换，或完整源行不可读/不可定位，或存在复合断言
REQ-ADMINPORTAL-00690,growth-operations,docs/PRD-运营增长模块.md,source_section;source_quote;atomic_assertion,8.7 运营增长模块总览（更新）,| 鑷姩鍖栨祦澶卞彫鍥?| P0 | 鍚庣3d+鍓嶇2d | 鍙洖鐜?5%+锛岄檷浣庢祦澶?|,需求规定：鑷姩鍖栨祦澶卞彫鍥?| P0 | 鍚庣3d+鍓嶇2d | 鍙洖鐜?5%+锛岄檷浣庢祦澶?,,386,gb18030->utf8 x1,NO,MANUAL_REVIEW,至少一个受影响字段无法整字段安全转换，或完整源行不可读/不可定位，或存在复合断言
REQ-ADMINPORTAL-00691,growth-operations,docs/PRD-运营增长模块.md,source_section;source_quote;atomic_assertion,8.7 运营增长模块总览（更新）,| **鎺ㄨ崘鐮佽惀閿€绯荤粺** | **P0** | **鍚庣2d+鍓嶇2d** | **浠ｇ悊鍟嗘媺鏂板彲杩芥函锛屾帹鑽愪剑閲戞縺鍔?* |,需求规定：**鎺ㄨ崘鐮佽惀閿€绯荤粺** | **P0** | **鍚庣2d+鍓嶇2d** | **浠ｇ悊鍟嗘媺鏂板彲杩芥函锛屾帹鑽愪剑閲戞縺鍔?*,,386,gb18030->utf8 x1,NO,MANUAL_REVIEW,至少一个受影响字段无法整字段安全转换，或完整源行不可读/不可定位，或存在复合断言
REQ-ADMINPORTAL-00692,growth-operations,docs/PRD-运营增长模块.md,source_section;source_quote;atomic_assertion,8.7 运营增长模块总览（更新）,### 8.7 运营增长模块总览（更新）,需求规定：**鍚堣**锛氬悗绔?4浜哄ぉ + 鍓嶇11浜哄ぉ = 绾?鍛?,386,386,gb18030->utf8 x1,NO,MANUAL_REVIEW,至少一个受影响字段无法整字段安全转换，或完整源行不可读/不可定位，或存在复合断言
REQ-ADMINPORTAL-00693,integrations-sso,docs/PRD-第三方集成.md,source_section;source_quote;atomic_assertion,16.1 绗笁鏂规湇鍔℃€昏,| 鏈嶅姟 | 鐢ㄩ€?| 鐘舵€?| 閰嶇疆鏂瑰紡 |,需求规定：鏈嶅姟 | 鐢ㄩ€?| 鐘舵€?| 閰嶇疆鏂瑰紡,,,,NO,MANUAL_REVIEW,至少一个受影响字段无法整字段安全转换，或完整源行不可读/不可定位，或存在复合断言
REQ-ADMINPORTAL-00694,integrations-sso,docs/PRD-第三方集成.md,source_section;source_quote;atomic_assertion,16.1 绗笁鏂规湇鍔℃€昏,| 妯″瀷渚涘簲鍟?| API 璋冪敤 | 宸插鎺?| 渚涘簲鍟嗙鐞嗗悗鍙伴厤缃?|,需求规定：妯″瀷渚涘簲鍟?| API 璋冪敤 | 宸插鎺?| 渚涘簲鍟嗙鐞嗗悗鍙伴厤缃?,,,,NO,MANUAL_REVIEW,至少一个受影响字段无法整字段安全转换，或完整源行不可读/不可定位，或存在复合断言
REQ-ADMINPORTAL-00695,integrations-sso,docs/PRD-第三方集成.md,source_section;source_quote;atomic_assertion,16.1 绗笁鏂规湇鍔℃€昏,| 鏀粯缃戝叧 | 鍦ㄧ嚎鍏呭€?| 寰呭鎺?| 鐜鍙橀噺 + 鍥炶皟 URL |,需求规定：鏀粯缃戝叧 | 鍦ㄧ嚎鍏呭€?| 寰呭鎺?| 鐜鍙橀噺 + 鍥炶皟 URL,,,,NO,MANUAL_REVIEW,至少一个受影响字段无法整字段安全转换，或完整源行不可读/不可定位，或存在复合断言
REQ-ADMINPORTAL-00696,integrations-sso,docs/PRD-第三方集成.md,source_section;source_quote;atomic_assertion,16.1 绗笁鏂规湇鍔℃€昏,| 鐭俊鏈嶅姟 | 楠岃瘉鐮?閫氱煡 | 寰呭鎺?| 鐜鍙橀噺 |,需求规定：鐭俊鏈嶅姟 | 楠岃瘉鐮?閫氱煡 | 寰呭鎺?| 鐜鍙橀噺,,,,NO,MANUAL_REVIEW,至少一个受影响字段无法整字段安全转换，或完整源行不可读/不可定位，或存在复合断言
REQ-ADMINPORTAL-00697,integrations-sso,docs/PRD-第三方集成.md,source_section;source_quote;atomic_assertion,16.1 绗笁鏂规湇鍔℃€昏,| 閭欢鏈嶅姟 | 閫氱煡/鎶ュ憡鎺ㄩ€?| 宸插鎺?| SMTP 閰嶇疆 |,需求规定：閭欢鏈嶅姟 | 閫氱煡/鎶ュ憡鎺ㄩ€?| 宸插鎺?| SMTP 閰嶇疆,,,,NO,MANUAL_REVIEW,至少一个受影响字段无法整字段安全转换，或完整源行不可读/不可定位，或存在复合断言
REQ-ADMINPORTAL-00698,integrations-sso,docs/PRD-第三方集成.md,source_section;source_quote;atomic_assertion,16.1 绗笁鏂规湇鍔℃€昏,| 瀵硅薄瀛樺偍 | 鏂囦欢/澶囦唤瀛樺偍 | 寰呭鎺?| OSS/S3 鍏煎 |,需求规定：瀵硅薄瀛樺偍 | 鏂囦欢/澶囦唤瀛樺偍 | 寰呭鎺?| OSS/S3 鍏煎,,,,NO,MANUAL_REVIEW,至少一个受影响字段无法整字段安全转换，或完整源行不可读/不可定位，或存在复合断言
REQ-ADMINPORTAL-00699,integrations-sso,docs/PRD-第三方集成.md,source_section;source_quote;atomic_assertion,16.1 绗笁鏂规湇鍔℃€昏,| 鐢靛瓙绛剧珷 | 鍚堝悓绛剧讲 | 寰呭鎺?| API 瀵规帴 |,需求规定：鐢靛瓙绛剧珷 | 鍚堝悓绛剧讲 | 寰呭鎺?| API 瀵规帴,,,,NO,MANUAL_REVIEW,至少一个受影响字段无法整字段安全转换，或完整源行不可读/不可定位，或存在复合断言
REQ-ADMINPORTAL-00700,integrations-sso,docs/PRD-第三方集成.md,source_section;source_quote;atomic_assertion,16.1 绗笁鏂规湇鍔℃€昏,| 濞佽儊鎯呮姤 | 瀹夊叏椋庢帶 | 宸插鎺?| API Key 閰嶇疆 |,需求规定：濞佽儊鎯呮姤 | 瀹夊叏椋庢帶 | 宸插鎺?| API Key 閰嶇疆,,,,NO,MANUAL_REVIEW,至少一个受影响字段无法整字段安全转换，或完整源行不可读/不可定位，或存在复合断言
REQ-ADMINPORTAL-00702,integrations-sso,docs/PRD-第三方集成.md,source_quote;atomic_assertion,功能规格,| 鏀粯娓犻亾 | 鏀粯瀹?/ 寰俊鏀粯 / 閾惰仈锛堝彲閫夛級 |,需求规定：鏀粯娓犻亾 | 鏀粯瀹?/ 寰俊鏀粯 / 閾惰仈锛堝彲閫夛級,,19,gb18030->utf8 x1,NO,MANUAL_REVIEW,至少一个受影响字段无法整字段安全转换，或完整源行不可读/不可定位，或存在复合断言
REQ-ADMINPORTAL-00703,integrations-sso,docs/PRD-第三方集成.md,source_quote;atomic_assertion,功能规格,| 鏀粯娴佺▼ | 鐢ㄦ埛鍙戣捣鍏呭€?-> 鐢熸垚璁㈠崟 -> 璺宠浆鏀粯椤?-> 寮傛鍥炶皟 -> 鏇存柊璁㈠崟鐘舵€?-> 鍔犱綑棰?|,需求规定：鏀粯娴佺▼ | 鐢ㄦ埛鍙戣捣鍏呭€?-> 鐢熸垚璁㈠崟 -> 璺宠浆鏀粯椤?-> 寮傛鍥炶皟 -> 鏇存柊璁㈠崟鐘舵€?-> 鍔犱綑棰?,,19,gb18030->utf8 x1,NO,MANUAL_REVIEW,至少一个受影响字段无法整字段安全转换，或完整源行不可读/不可定位，或存在复合断言
REQ-ADMINPORTAL-00704,integrations-sso,docs/PRD-第三方集成.md,source_quote;atomic_assertion,功能规格,| 鍥炶皟澶勭悊 | 鎺ユ敹鏀粯鍥炶皟 -> 楠岃瘉绛惧悕 -> 鏍￠獙璁㈠崟鍙?閲戦 -> 澶勭悊閲嶅鍥炶皟 -> 鏇存柊浣欓 |,需求规定：鍥炶皟澶勭悊 | 鎺ユ敹鏀粯鍥炶皟 -> 楠岃瘉绛惧悕 -> 鏍￠獙璁㈠崟鍙?閲戦 -> 澶勭悊閲嶅鍥炶皟 -> 鏇存柊浣欓,,19,gb18030->utf8 x1,NO,MANUAL_REVIEW,至少一个受影响字段无法整字段安全转换，或完整源行不可读/不可定位，或存在复合断言
REQ-ADMINPORTAL-00705,integrations-sso,docs/PRD-第三方集成.md,source_quote;atomic_assertion,功能规格,| 閫€娆惧鐞?| 鍙戣捣閫€娆?-> 璋冪敤鏀粯缃戝叧閫€娆?API -> 寮傛鏌ヨ閫€娆剧粨鏋?-> 鏇存柊璁㈠崟鐘舵€?|,需求规定：閫€娆惧鐞?| 鍙戣捣閫€娆?-> 璋冪敤鏀粯缃戝叧閫€娆?API -> 寮傛鏌ヨ閫€娆剧粨鏋?-> 鏇存柊璁㈠崟鐘舵€?,,19,gb18030->utf8 x1,NO,MANUAL_REVIEW,至少一个受影响字段无法整字段安全转换，或完整源行不可读/不可定位，或存在复合断言
REQ-ADMINPORTAL-00706,integrations-sso,docs/PRD-第三方集成.md,source_quote;atomic_assertion,功能规格,| 对账 | 每日拉取支付网关账单 vs 本地订单双向对账 |,需求规定：瀵硅处 | 姣忔棩鎷夊彇鏀粯缃戝叧璐﹀崟 vs 鏈湴璁㈠崟鍙屽悜瀵硅处,27,19,gb18030->utf8 x1,NO,MANUAL_REVIEW,至少一个受影响字段无法整字段安全转换，或完整源行不可读/不可定位，或存在复合断言
REQ-ADMINPORTAL-00707,integrations-sso,docs/PRD-第三方集成.md,source_section,16.3 短信服务集成,| 模块 | 说明 |,需求规定：妯″潡 | 璇存槑,21;60;70,58,gb18030->utf8 x1,NO,REVIEW_CANDIDATE,所有受影响字段均完成整字段可逆转换，且引用/章节可定位；仍需人工确认
REQ-ADMINPORTAL-00708,integrations-sso,docs/PRD-第三方集成.md,source_section;source_quote;atomic_assertion,16.3 短信服务集成,| 浣跨敤鍦烘櫙 | 鐧诲綍楠岃瘉鐮併€佸畨鍏ㄦ彁閱掋€佸厖鍊奸€氱煡銆佸紓甯稿憡璀?|,需求规定：浣跨敤鍦烘櫙 | 鐧诲綍楠岃瘉鐮併€佸畨鍏ㄦ彁閱掋€佸厖鍊奸€氱煡銆佸紓甯稿憡璀?,,58,gb18030->utf8 x1,NO,MANUAL_REVIEW,至少一个受影响字段无法整字段安全转换，或完整源行不可读/不可定位，或存在复合断言
REQ-ADMINPORTAL-00709,integrations-sso,docs/PRD-第三方集成.md,source_section;source_quote;atomic_assertion,16.3 短信服务集成,| 鏈嶅姟鍟?| 闃块噷浜戠煭淇?/ 鑵捐浜戠煭淇?/ Twilio锛堟捣澶栵級 |,需求规定：鏈嶅姟鍟?| 闃块噷浜戠煭淇?/ 鑵捐浜戠煭淇?/ Twilio锛堟捣澶栵級,,58,gb18030->utf8 x1,NO,MANUAL_REVIEW,至少一个受影响字段无法整字段安全转换，或完整源行不可读/不可定位，或存在复合断言
REQ-ADMINPORTAL-00710,integrations-sso,docs/PRD-第三方集成.md,source_section;source_quote;atomic_assertion,16.3 短信服务集成,| 模板管理 | 在短信服务商后台配置模板，系统内维护模板 ID 映射 |,需求规定：妯℃澘绠＄悊 | 鍦ㄧ煭淇℃湇鍔″晢鍚庡彴閰嶇疆妯℃澘锛岀郴缁熷唴缁存姢妯℃澘 ID 鏄犲皠,64,58,gb18030->utf8 x1,NO,MANUAL_REVIEW,至少一个受影响字段无法整字段安全转换，或完整源行不可读/不可定位，或存在复合断言
REQ-ADMINPORTAL-00711,integrations-sso,docs/PRD-第三方集成.md,source_section;source_quote;atomic_assertion,16.3 短信服务集成,| 鍙戦€侀鐜?| 姣忔潯鎵嬫満鍙锋瘡鍒嗛挓鏈€澶?1 鏉★紝姣忓ぉ鏈€澶?10 鏉?|,需求规定：鍙戦€侀鐜?| 姣忔潯鎵嬫満鍙锋瘡鍒嗛挓鏈€澶?1 鏉★紝姣忓ぉ鏈€澶?10 鏉?,,58,gb18030->utf8 x1,NO,MANUAL_REVIEW,至少一个受影响字段无法整字段安全转换，或完整源行不可读/不可定位，或存在复合断言
REQ-ADMINPORTAL-00712,integrations-sso,docs/PRD-第三方集成.md,source_section;source_quote;atomic_assertion,16.3 短信服务集成,| 澶辫触澶勭悊 | 鍙戦€佸け璐ヨ嚜鍔ㄩ噸璇?3 娆★紝浠嶅け璐ヨ浆閭欢閫氱煡 |,需求规定：澶辫触澶勭悊 | 鍙戦€佸け璐ヨ嚜鍔ㄩ噸璇?3 娆★紝浠嶅け璐ヨ浆閭欢閫氱煡,,58,gb18030->utf8 x1,NO,MANUAL_REVIEW,至少一个受影响字段无法整字段安全转换，或完整源行不可读/不可定位，或存在复合断言
REQ-ADMINPORTAL-00714,integrations-sso,docs/PRD-第三方集成.md,source_quote;atomic_assertion,16.4 对象存储集成,| 浣跨敤鍦烘櫙 | 鏂囦欢涓婁紶锛堝疄鍚嶆潗鏂?鍙戠エ/鍚堝悓闄勪欢锛夈€佹暟鎹簱澶囦唤銆佹棩蹇楀綊妗?|,需求规定：浣跨敤鍦烘櫙 | 鏂囦欢涓婁紶锛堝疄鍚嶆潗鏂?鍙戠エ/鍚堝悓闄勪欢锛夈€佹暟鎹簱澶囦唤銆佹棩蹇楀綊妗?,,68,gb18030->utf8 x1,NO,MANUAL_REVIEW,至少一个受影响字段无法整字段安全转换，或完整源行不可读/不可定位，或存在复合断言
REQ-ADMINPORTAL-00715,integrations-sso,docs/PRD-第三方集成.md,source_quote;atomic_assertion,16.4 对象存储集成,| 鏈嶅姟鍟?| 闃块噷浜?OSS / 鑵捐浜?COS / AWS S3 / MinIO锛堣嚜寤猴級 |,需求规定：鏈嶅姟鍟?| 闃块噷浜?OSS / 鑵捐浜?COS / AWS S3 / MinIO锛堣嚜寤猴級,,68,gb18030->utf8 x1,NO,MANUAL_REVIEW,至少一个受影响字段无法整字段安全转换，或完整源行不可读/不可定位，或存在复合断言
REQ-ADMINPORTAL-00716,integrations-sso,docs/PRD-第三方集成.md,source_quote;atomic_assertion,16.4 对象存储集成,| 目录结构 | /uploads/{type}/{date}/{file} /backups/db/{date}/ /backups/logs/{date}/ |,需求规定：鐩綍缁撴瀯 | /uploads/{type}/{date}/{file} /backups/db/{date}/ /backups/logs/{date}/,74,68,gb18030->utf8 x1,NO,MANUAL_REVIEW,至少一个受影响字段无法整字段安全转换，或完整源行不可读/不可定位，或存在复合断言
REQ-ADMINPORTAL-00718,integrations-sso,docs/PRD-第三方集成.md,source_quote;atomic_assertion,16.4 对象存储集成,| 鏉冮檺鎺у埗 | 浠呮湇鍔＄鍙啓锛岀敓鎴愰绛惧悕 URL 渚涘墠绔洿浼?|,需求规定：鏉冮檺鎺у埗 | 浠呮湇鍔＄鍙啓锛岀敓鎴愰绛惧悕 URL 渚涘墠绔洿浼?,,68,gb18030->utf8 x1,NO,MANUAL_REVIEW,至少一个受影响字段无法整字段安全转换，或完整源行不可读/不可定位，或存在复合断言
REQ-ADMINPORTAL-00719,integrations-sso,docs/PRD-第三方集成.md,source_quote;atomic_assertion,16.5 故障切换策略,| 服务 | 降级策略 |,需求规定：鏈嶅姟 | 闄嶇骇绛栫暐,80,78,gb18030->utf8 x1,NO,MANUAL_REVIEW,至少一个受影响字段无法整字段安全转换，或完整源行不可读/不可定位，或存在复合断言
REQ-ADMINPORTAL-00720,integrations-sso,docs/PRD-第三方集成.md,source_quote;atomic_assertion,16.5 故障切换策略,| 鏀粯缃戝叧 | 涓绘笭閬撳け璐ヨ嚜鍔ㄥ垏鎹㈠埌澶囬€夋笭閬?|,需求规定：鏀粯缃戝叧 | 涓绘笭閬撳け璐ヨ嚜鍔ㄥ垏鎹㈠埌澶囬€夋笭閬?,,78,gb18030->utf8 x1,NO,MANUAL_REVIEW,至少一个受影响字段无法整字段安全转换，或完整源行不可读/不可定位，或存在复合断言
REQ-ADMINPORTAL-00721,integrations-sso,docs/PRD-第三方集成.md,source_quote;atomic_assertion,16.5 故障切换策略,| 鐭俊鏈嶅姟 | 鍙戦€佸け璐ラ檷绾т负閭欢閫氱煡 |,需求规定：鐭俊鏈嶅姟 | 鍙戦€佸け璐ラ檷绾т负閭欢閫氱煡,,78,gb18030->utf8 x1,NO,MANUAL_REVIEW,至少一个受影响字段无法整字段安全转换，或完整源行不可读/不可定位，或存在复合断言
REQ-ADMINPORTAL-00722,integrations-sso,docs/PRD-第三方集成.md,source_quote;atomic_assertion,16.5 故障切换策略,| 瀵硅薄瀛樺偍 | 涓嶅彲鐢ㄦ椂鍥為€€鍒版湰鍦扮鐩樺瓨鍌?|,需求规定：瀵硅薄瀛樺偍 | 涓嶅彲鐢ㄦ椂鍥為€€鍒版湰鍦扮鐩樺瓨鍌?,,78,gb18030->utf8 x1,NO,MANUAL_REVIEW,至少一个受影响字段无法整字段安全转换，或完整源行不可读/不可定位，或存在复合断言
REQ-ADMINPORTAL-00723,integrations-sso,docs/PRD-第三方集成.md,source_quote;atomic_assertion,16.5 故障切换策略,| 濞佽儊鎯呮姤 | 涓嶅彲鐢ㄦ椂璺宠繃鎯呮姤妫€娴嬶紝浠呬娇鐢ㄦ湰鍦拌鍒?|,需求规定：濞佽儊鎯呮姤 | 涓嶅彲鐢ㄦ椂璺宠繃鎯呮姤妫€娴嬶紝浠呬娇鐢ㄦ湰鍦拌鍒?,,78,gb18030->utf8 x1,NO,MANUAL_REVIEW,至少一个受影响字段无法整字段安全转换，或完整源行不可读/不可定位，或存在复合断言
REQ-ADMINPORTAL-00724,integrations-sso,docs/PRD-第三方集成.md,source_section;source_quote;atomic_assertion,16.6 API 接口,| 方法 | 路径 | 说明 | 权限 |,需求规定：鏂规硶 | 璺緞 | 璇存槑 | 鏉冮檺,89,87,gb18030->utf8 x1,NO,MANUAL_REVIEW,至少一个受影响字段无法整字段安全转换，或完整源行不可读/不可定位，或存在复合断言
REQ-ADMINPORTAL-00725,integrations-sso,docs/PRD-第三方集成.md,source_section;source_quote;atomic_assertion,16.6 API 接口,| GET | /api/v1/admin/integrations | 绗笁鏂归泦鎴愬垪琛ㄥ強鐘舵€?| 瓒呯骇绠＄悊鍛?|,需求规定：GET | /api/v1/admin/integrations | 绗笁鏂归泦鎴愬垪琛ㄥ強鐘舵€?| 瓒呯骇绠＄悊鍛?,,87,gb18030->utf8 x1,NO,MANUAL_REVIEW,至少一个受影响字段无法整字段安全转换，或完整源行不可读/不可定位，或存在复合断言
REQ-ADMINPORTAL-00726,integrations-sso,docs/PRD-第三方集成.md,source_section;source_quote;atomic_assertion,16.6 API 接口,| GET | /api/v1/admin/integrations/:name | 鍗曚釜闆嗘垚閰嶇疆璇︽儏 | 瓒呯骇绠＄悊鍛?|,需求规定：GET | /api/v1/admin/integrations/:name | 鍗曚釜闆嗘垚閰嶇疆璇︽儏 | 瓒呯骇绠＄悊鍛?,,87,gb18030->utf8 x1,NO,MANUAL_REVIEW,至少一个受影响字段无法整字段安全转换，或完整源行不可读/不可定位，或存在复合断言
REQ-ADMINPORTAL-00727,integrations-sso,docs/PRD-第三方集成.md,source_section;source_quote;atomic_assertion,16.6 API 接口,| PATCH | /api/v1/admin/integrations/:name/config | 鏇存柊闆嗘垚閰嶇疆 | 瓒呯骇绠＄悊鍛?|,需求规定：PATCH | /api/v1/admin/integrations/:name/config | 鏇存柊闆嗘垚閰嶇疆 | 瓒呯骇绠＄悊鍛?,,87,gb18030->utf8 x1,NO,MANUAL_REVIEW,至少一个受影响字段无法整字段安全转换，或完整源行不可读/不可定位，或存在复合断言
REQ-ADMINPORTAL-00728,integrations-sso,docs/PRD-第三方集成.md,source_section;source_quote;atomic_assertion,16.6 API 接口,| POST | /api/v1/admin/integrations/:name/test | 娴嬭瘯闆嗘垚杩為€氭€?| 瓒呯骇绠＄悊鍛?|,需求规定：POST | /api/v1/admin/integrations/:name/test | 娴嬭瘯闆嗘垚杩為€氭€?| 瓒呯骇绠＄悊鍛?,,87,gb18030->utf8 x1,NO,MANUAL_REVIEW,至少一个受影响字段无法整字段安全转换，或完整源行不可读/不可定位，或存在复合断言
REQ-ADMINPORTAL-00729,integrations-sso,docs/PRD-第三方集成.md,source_section;source_quote;atomic_assertion,16.6 API 接口,| GET | /api/v1/admin/integrations/:name/logs | 闆嗘垚璋冪敤鏃ュ織 | 瓒呯骇绠＄悊鍛?|,需求规定：GET | /api/v1/admin/integrations/:name/logs | 闆嗘垚璋冪敤鏃ュ織 | 瓒呯骇绠＄悊鍛?,,87,gb18030->utf8 x1,NO,MANUAL_REVIEW,至少一个受影响字段无法整字段安全转换，或完整源行不可读/不可定位，或存在复合断言
REQ-ADMINPORTAL-00730,integrations-sso,docs/PRD-第三方集成.md,source_section,16.7 前端变更,| 页面 | 变更 |,需求规定：椤甸潰 | 鍙樻洿,99,97,gb18030->utf8 x1,NO,REVIEW_CANDIDATE,所有受影响字段均完成整字段可逆转换，且引用/章节可定位；仍需人工确认
REQ-ADMINPORTAL-00731,integrations-sso,docs/PRD-第三方集成.md,source_section;source_quote;atomic_assertion,16.7 前端变更,"| 绠＄悊鍚庡彴 -> 杩愮淮 -> 鏂板""绗笁鏂归泦鎴?鍏ュ彛 | 闆嗘垚鍒楄〃+鐘舵€佹寚绀虹伅+閰嶇疆琛ㄥ崟 |","需求规定：绠＄悊鍚庡彴 -> 杩愮淮 -> 鏂板""绗笁鏂归泦鎴?鍏ュ彛 | 闆嗘垚鍒楄〃+鐘舵€佹寚绀虹伅+閰嶇疆琛ㄥ崟",,97,gb18030->utf8 x1,NO,MANUAL_REVIEW,至少一个受影响字段无法整字段安全转换，或完整源行不可读/不可定位，或存在复合断言
REQ-ADMINPORTAL-00732,integrations-sso,docs/PRD-第三方集成.md,source_section;source_quote;atomic_assertion,16.7 前端变更,| 绠＄悊鍚庡彴 -> 杩愮淮 -> 闆嗘垚璇︽儏 | 閰嶇疆鍙傛暟+杩為€氭€ф祴璇?璋冪敤鏃ュ織 |,需求规定：绠＄悊鍚庡彴 -> 杩愮淮 -> 闆嗘垚璇︽儏 | 閰嶇疆鍙傛暟+杩為€氭€ф祴璇?璋冪敤鏃ュ織,,97,gb18030->utf8 x1,NO,MANUAL_REVIEW,至少一个受影响字段无法整字段安全转换，或完整源行不可读/不可定位，或存在复合断言
REQ-ADMINPORTAL-00733,integrations-sso,docs/PRD-第三方集成.md,source_section;source_quote;atomic_assertion,16.7 前端变更,| 绠＄悊鍚庡彴 -> 杩愮淮 -> 鏀粯閰嶇疆 | 鏀粯娓犻亾寮€鍏?鍙傛暟閰嶇疆/娴嬭瘯妯″紡鍒囨崲 |,需求规定：绠＄悊鍚庡彴 -> 杩愮淮 -> 鏀粯閰嶇疆 | 鏀粯娓犻亾寮€鍏?鍙傛暟閰嶇疆/娴嬭瘯妯″紡鍒囨崲,,97,gb18030->utf8 x1,NO,MANUAL_REVIEW,至少一个受影响字段无法整字段安全转换，或完整源行不可读/不可定位，或存在复合断言
REQ-ADMINPORTAL-00734,admin-portal,docs/PRD-组件库规范.md,source_section,基础组件,| 缁勪欢 | 鐢ㄩ€?| 鐘舵€?|,需求规定：缁勪欢 | 鐢ㄩ€?| 鐘舵€?,9;24,7,gb18030->utf8 x1,NO,REVIEW_CANDIDATE,所有受影响字段均完成整字段可逆转换，且引用/章节可定位；仍需人工确认
REQ-ADMINPORTAL-00735,admin-portal,docs/PRD-组件库规范.md,source_section;source_quote;atomic_assertion,基础组件,| PageHeader | 页面标题栏，含面包屑+操作按钮 | 已有 |,需求规定：PageHeader | 椤甸潰鏍囬鏍忥紝鍚潰鍖呭睉+鎿嶄綔鎸夐挳 | 宸叉湁,11,7,gb18030->utf8 x1,NO,MANUAL_REVIEW,至少一个受影响字段无法整字段安全转换，或完整源行不可读/不可定位，或存在复合断言
REQ-ADMINPORTAL-00736,admin-portal,docs/PRD-组件库规范.md,source_section;source_quote;atomic_assertion,基础组件,| SearchBar | 鎼滅储妗嗭紝鏀寔鍏抽敭璇?鏃堕棿鑼冨洿/鐘舵€佺瓫閫?| 宸叉湁 |,需求规定：SearchBar | 鎼滅储妗嗭紝鏀寔鍏抽敭璇?鏃堕棿鑼冨洿/鐘舵€佺瓫閫?| 宸叉湁,,7,gb18030->utf8 x1,NO,MANUAL_REVIEW,至少一个受影响字段无法整字段安全转换，或完整源行不可读/不可定位，或存在复合断言
REQ-ADMINPORTAL-00737,admin-portal,docs/PRD-组件库规范.md,source_section;source_quote;atomic_assertion,基础组件,| DataTable | 閫氱敤鏁版嵁琛ㄦ牸锛屾敮鎸佹帓搴?绛涢€?鍒嗛〉 | 宸叉湁 |,需求规定：DataTable | 閫氱敤鏁版嵁琛ㄦ牸锛屾敮鎸佹帓搴?绛涢€?鍒嗛〉 | 宸叉湁,,7,gb18030->utf8 x1,NO,MANUAL_REVIEW,至少一个受影响字段无法整字段安全转换，或完整源行不可读/不可定位，或存在复合断言
REQ-ADMINPORTAL-00738,admin-portal,docs/PRD-组件库规范.md,source_section;source_quote;atomic_assertion,基础组件,| FilterPanel | 楂樼骇绛涢€夐潰鏉匡紝鏀寔澶氭潯浠剁粍鍚?| 宸叉湁 |,需求规定：FilterPanel | 楂樼骇绛涢€夐潰鏉匡紝鏀寔澶氭潯浠剁粍鍚?| 宸叉湁,,7,gb18030->utf8 x1,NO,MANUAL_REVIEW,至少一个受影响字段无法整字段安全转换，或完整源行不可读/不可定位，或存在复合断言
REQ-ADMINPORTAL-00739,admin-portal,docs/PRD-组件库规范.md,source_section,基础组件,| StatusBadge | 鐘舵€佹爣绛撅紝棰滆壊/鍥炬爣鏍规嵁鐘舵€佽嚜鍔ㄦ槧灏?| 宸叉湁 |,需求规定：StatusBadge | 鐘舵€佹爣绛撅紝棰滆壊/鍥炬爣鏍规嵁鐘舵€佽嚜鍔ㄦ槧灏?| 宸叉湁,15,7,gb18030->utf8 x1,NO,REVIEW_CANDIDATE,所有受影响字段均完成整字段可逆转换，且引用/章节可定位；仍需人工确认
REQ-ADMINPORTAL-00740,admin-portal,docs/PRD-组件库规范.md,source_section;source_quote;atomic_assertion,基础组件,| ConfirmDialog | 纭寮圭獥锛屾敮鎸佽嚜瀹氫箟鍐呭鍜岀‘璁ゆ寜閽枃瀛?| 宸叉湁 |,需求规定：ConfirmDialog | 纭寮圭獥锛屾敮鎸佽嚜瀹氫箟鍐呭鍜岀‘璁ゆ寜閽枃瀛?| 宸叉湁,,7,gb18030->utf8 x1,NO,MANUAL_REVIEW,至少一个受影响字段无法整字段安全转换，或完整源行不可读/不可定位，或存在复合断言
REQ-ADMINPORTAL-00741,admin-portal,docs/PRD-组件库规范.md,source_section;source_quote;atomic_assertion,基础组件,| EmptyState | 空状态占位图+引导文字+操作按钮 | 已有 |,需求规定：EmptyState | 绌虹姸鎬佸崰浣嶅浘+寮曞鏂囧瓧+鎿嶄綔鎸夐挳 | 宸叉湁,17,7,gb18030->utf8 x1,NO,MANUAL_REVIEW,至少一个受影响字段无法整字段安全转换，或完整源行不可读/不可定位，或存在复合断言
REQ-ADMINPORTAL-00742,admin-portal,docs/PRD-组件库规范.md,source_section,基础组件,| LoadingSkeleton | 楠ㄦ灦灞忓姞杞藉崰浣?| 宸叉湁 |,需求规定：LoadingSkeleton | 楠ㄦ灦灞忓姞杞藉崰浣?| 宸叉湁,18,7,gb18030->utf8 x1,NO,REVIEW_CANDIDATE,所有受影响字段均完成整字段可逆转换，且引用/章节可定位；仍需人工确认
REQ-ADMINPORTAL-00743,admin-portal,docs/PRD-组件库规范.md,source_section;source_quote;atomic_assertion,基础组件,| PageError | 椤甸潰绾ч敊璇彁绀?閲嶈瘯鎸夐挳 | 宸叉湁 |,需求规定：PageError | 椤甸潰绾ч敊璇彁绀?閲嶈瘯鎸夐挳 | 宸叉湁,,7,gb18030->utf8 x1,NO,MANUAL_REVIEW,至少一个受影响字段无法整字段安全转换，或完整源行不可读/不可定位，或存在复合断言
REQ-ADMINPORTAL-00744,admin-portal,docs/PRD-组件库规范.md,source_section;source_quote;atomic_assertion,基础组件,| ExportButton | 瀵煎嚭鎸夐挳锛屾敮鎸?CSV/JSON/PDF 鏍煎紡閫夋嫨 | 宸叉湁 |,需求规定：ExportButton | 瀵煎嚭鎸夐挳锛屾敮鎸?CSV/JSON/PDF 鏍煎紡閫夋嫨 | 宸叉湁,,7,gb18030->utf8 x1,NO,MANUAL_REVIEW,至少一个受影响字段无法整字段安全转换，或完整源行不可读/不可定位，或存在复合断言
REQ-ADMINPORTAL-00746,admin-portal,docs/PRD-组件库规范.md,source_quote;atomic_assertion,业务组件,| BalanceDisplay | 浣欓灞曠ず锛屽惈璐у竵绗﹀彿+鏍煎紡鍖?| 宸叉湁 |,需求规定：BalanceDisplay | 浣欓灞曠ず锛屽惈璐у竵绗﹀彿+鏍煎紡鍖?| 宸叉湁,,22,gb18030->utf8 x1,NO,MANUAL_REVIEW,至少一个受影响字段无法整字段安全转换，或完整源行不可读/不可定位，或存在复合断言
REQ-ADMINPORTAL-00747,admin-portal,docs/PRD-组件库规范.md,source_quote;atomic_assertion,业务组件,| TokenDisplay | Token 数量展示，含单位换算 | 已有 |,需求规定：TokenDisplay | Token 鏁伴噺灞曠ず锛屽惈鍗曚綅鎹㈢畻 | 宸叉湁,27,22,gb18030->utf8 x1,NO,MANUAL_REVIEW,至少一个受影响字段无法整字段安全转换，或完整源行不可读/不可定位，或存在复合断言
REQ-ADMINPORTAL-00748,admin-portal,docs/PRD-组件库规范.md,source_quote;atomic_assertion,业务组件,| ModelSelector | 模型选择器，支持分类/搜索/对比 | 已有 |,需求规定：ModelSelector | 妯″瀷閫夋嫨鍣紝鏀寔鍒嗙被/鎼滅储/瀵规瘮 | 宸叉湁,28,22,gb18030->utf8 x1,NO,MANUAL_REVIEW,至少一个受影响字段无法整字段安全转换，或完整源行不可读/不可定位，或存在复合断言
REQ-ADMINPORTAL-00749,admin-portal,docs/PRD-组件库规范.md,source_quote;atomic_assertion,业务组件,| TimeRangePicker | 鏃堕棿鑼冨洿閫夋嫨鍣紝鏀寔棰勮锛堜粖鏃?鏈懆/鏈湀锛?| 宸叉湁 |,需求规定：TimeRangePicker | 鏃堕棿鑼冨洿閫夋嫨鍣紝鏀寔棰勮锛堜粖鏃?鏈懆/鏈湀锛?| 宸叉湁,,22,gb18030->utf8 x1,NO,MANUAL_REVIEW,至少一个受影响字段无法整字段安全转换，或完整源行不可读/不可定位，或存在复合断言
REQ-ADMINPORTAL-00750,admin-portal,docs/PRD-组件库规范.md,source_quote;atomic_assertion,业务组件,| CopyButton | 涓€閿鍒讹紝鍚鍒舵垚鍔熸彁绀?| 宸叉湁 |,需求规定：CopyButton | 涓€閿鍒讹紝鍚鍒舵垚鍔熸彁绀?| 宸叉湁,,22,gb18030->utf8 x1,NO,MANUAL_REVIEW,至少一个受影响字段无法整字段安全转换，或完整源行不可读/不可定位，或存在复合断言
REQ-ADMINPORTAL-00751,admin-portal,docs/PRD-组件库规范.md,source_quote;atomic_assertion,业务组件,| RichTextEditor | 瀵屾枃鏈紪杈戝櫒锛屾敮鎸?HTML/Markdown | 宸叉湁 |,需求规定：RichTextEditor | 瀵屾枃鏈紪杈戝櫒锛屾敮鎸?HTML/Markdown | 宸叉湁,,22,gb18030->utf8 x1,NO,MANUAL_REVIEW,至少一个受影响字段无法整字段安全转换，或完整源行不可读/不可定位，或存在复合断言
REQ-ADMINPORTAL-00752,admin-portal,docs/PRD-组件库规范.md,source_quote;atomic_assertion,业务组件,| FileUploader | 鏂囦欢涓婁紶锛屾敮鎸佹嫋鎷?澶氭枃浠?杩涘害 | 宸叉湁 |,需求规定：FileUploader | 鏂囦欢涓婁紶锛屾敮鎸佹嫋鎷?澶氭枃浠?杩涘害 | 宸叉湁,,22,gb18030->utf8 x1,NO,MANUAL_REVIEW,至少一个受影响字段无法整字段安全转换，或完整源行不可读/不可定位，或存在复合断言
REQ-ADMINPORTAL-00753,admin-portal,docs/PRD-组件库规范.md,source_quote;atomic_assertion,业务组件,| TrendChart | 瓒嬪娍鍥撅紝鍩轰簬 Recharts 灏佽锛屾敮鎸佹煴鐘?鎶樼嚎 | 宸叉湁 |,需求规定：TrendChart | 瓒嬪娍鍥撅紝鍩轰簬 Recharts 灏佽锛屾敮鎸佹煴鐘?鎶樼嚎 | 宸叉湁,,22,gb18030->utf8 x1,NO,MANUAL_REVIEW,至少一个受影响字段无法整字段安全转换，或完整源行不可读/不可定位，或存在复合断言
REQ-ADMINPORTAL-00754,admin-portal,docs/PRD-组件库规范.md,source_quote;atomic_assertion,业务组件,| PieChart | 楗煎浘锛屾敮鎸佸浘渚?鐧惧垎姣?| 宸叉湁 |,需求规定：PieChart | 楗煎浘锛屾敮鎸佸浘渚?鐧惧垎姣?| 宸叉湁,,22,gb18030->utf8 x1,NO,MANUAL_REVIEW,至少一个受影响字段无法整字段安全转换，或完整源行不可读/不可定位，或存在复合断言
REQ-ADMINPORTAL-00755,admin-portal,docs/PRD-组件库规范.md,source_quote;atomic_assertion,业务组件,| KpiCard | KPI 指标卡片，含趋势箭头+环比 | 已有 |,需求规定：KpiCard | KPI 鎸囨爣鍗＄墖锛屽惈瓒嬪娍绠ご+鐜瘮 | 宸叉湁,35,22,gb18030->utf8 x1,NO,MANUAL_REVIEW,至少一个受影响字段无法整字段安全转换，或完整源行不可读/不可定位，或存在复合断言
REQ-ADMINPORTAL-00757,admin-portal,docs/PRD-组件库规范.md,source_quote;atomic_assertion,15.3 UI 风格指南,| 涓婚鑹?| 钃濊壊 #2563eb锛堜富鑹诧級銆佺豢鑹?#10b981锛堟垚鍔燂級銆佺孩鑹?#ef4444锛堥敊璇級銆侀粍鑹?#f59e0b锛堣鍛婏級 |,需求规定：涓婚鑹?| 钃濊壊 #2563eb锛堜富鑹诧級銆佺豢鑹?#10b981锛堟垚鍔燂級銆佺孩鑹?#ef4444锛堥敊璇級銆侀粍鑹?#f59e0b锛堣鍛婏級,,75,gb18030->utf8 x1,NO,MANUAL_REVIEW,至少一个受影响字段无法整字段安全转换，或完整源行不可读/不可定位，或存在复合断言
REQ-ADMINPORTAL-00759,admin-portal,docs/PRD-组件库规范.md,source_quote;atomic_assertion,15.3 UI 风格指南,| 字号 | 12px（辅助）/ 14px（正文）/ 16px（标题）/ 20px（页面标题）|,需求规定：瀛楀彿 | 12px锛堣緟鍔╋級/ 14px锛堟鏂囷級/ 16px锛堟爣棰橈級/ 20px锛堥〉闈㈡爣棰橈級,81,75,gb18030->utf8 x1,NO,MANUAL_REVIEW,至少一个受影响字段无法整字段安全转换，或完整源行不可读/不可定位，或存在复合断言
REQ-ADMINPORTAL-00760,admin-portal,docs/PRD-组件库规范.md,source_quote;atomic_assertion,15.3 UI 风格指南,| 鍦嗚 | 4px锛堣緭鍏ユ锛? 8px锛堝崱鐗囷級/ 12px锛堝脊绐楋級|,需求规定：鍦嗚 | 4px锛堣緭鍏ユ锛? 8px锛堝崱鐗囷級/ 12px锛堝脊绐楋級,,75,gb18030->utf8 x1,NO,MANUAL_REVIEW,至少一个受影响字段无法整字段安全转换，或完整源行不可读/不可定位，或存在复合断言
REQ-ADMINPORTAL-00763,admin-portal,docs/PRD-组件库规范.md,source_quote;atomic_assertion,15.3 UI 风格指南,| 鍔ㄧ敾 | 娣″叆 200ms锛屾粦鍔?300ms锛岄鏋跺睆 1.5s pulse |,需求规定：鍔ㄧ敾 | 娣″叆 200ms锛屾粦鍔?300ms锛岄鏋跺睆 1.5s pulse,,75,gb18030->utf8 x1,NO,MANUAL_REVIEW,至少一个受影响字段无法整字段安全转换，或完整源行不可读/不可定位，或存在复合断言
REQ-ADMINPORTAL-00764,admin-portal,docs/PRD-组件库规范.md,source_section,15.4 前端变更,| 页面 | 变更 |,需求规定：椤甸潰 | 鍙樻洿,89,87,gb18030->utf8 x1,NO,REVIEW_CANDIDATE,所有受影响字段均完成整字段可逆转换，且引用/章节可定位；仍需人工确认
REQ-ADMINPORTAL-00765,admin-portal,docs/PRD-组件库规范.md,source_section;source_quote;atomic_assertion,15.4 前端变更,| 前端项目 | 新增 components/ 目录整理，按 atomic design 分层 |,需求规定：鍓嶇椤圭洰 | 鏂板 components/ 鐩綍鏁寸悊锛屾寜 atomic design 鍒嗗眰,91,87,gb18030->utf8 x1,NO,MANUAL_REVIEW,至少一个受影响字段无法整字段安全转换，或完整源行不可读/不可定位，或存在复合断言
REQ-ADMINPORTAL-00766,admin-portal,docs/PRD-组件库规范.md,source_section;source_quote;atomic_assertion,15.4 前端变更,| Storybook | 鍙€夛細缁勪欢鏂囨。鍜?playground |,需求规定：Storybook | 鍙€夛細缁勪欢鏂囨。鍜?playground,,87,gb18030->utf8 x1,NO,MANUAL_REVIEW,至少一个受影响字段无法整字段安全转换，或完整源行不可读/不可定位，或存在复合断言
REQ-ADMINPORTAL-00767,admin-portal,docs/PRD-组件库规范.md,source_section;source_quote;atomic_assertion,15.5 API 接口,| 方法 | 路径 | 说明 | 权限 |,需求规定：鏂规硶 | 璺緞 | 璇存槑 | 鏉冮檺,96,94,gb18030->utf8 x1,NO,MANUAL_REVIEW,至少一个受影响字段无法整字段安全转换，或完整源行不可读/不可定位，或存在复合断言
REQ-ADMINPORTAL-00768,admin-portal,docs/PRD-组件库规范.md,source_section;source_quote;atomic_assertion,15.5 API 接口,| GET | /api/v1/admin/components | 缁勪欢搴撳垪琛?| 绠＄悊鍛樹互涓?|,需求规定：GET | /api/v1/admin/components | 缁勪欢搴撳垪琛?| 绠＄悊鍛樹互涓?,,94,gb18030->utf8 x1,NO,MANUAL_REVIEW,至少一个受影响字段无法整字段安全转换，或完整源行不可读/不可定位，或存在复合断言
REQ-ADMINPORTAL-00769,admin-portal,docs/PRD-组件库规范.md,source_section;source_quote;atomic_assertion,15.5 API 接口,| GET | /api/v1/admin/components/:name | 缁勪欢璇︽儏锛圥rops/浣跨敤绀轰緥锛?| 绠＄悊鍛樹互涓?|,需求规定：GET | /api/v1/admin/components/:name | 缁勪欢璇︽儏锛圥rops/浣跨敤绀轰緥锛?| 绠＄悊鍛樹互涓?,,94,gb18030->utf8 x1,NO,MANUAL_REVIEW,至少一个受影响字段无法整字段安全转换，或完整源行不可读/不可定位，或存在复合断言
REQ-ADMINPORTAL-00770,admin-portal,docs/PRD-组件库规范.md,source_section;source_quote;atomic_assertion,15.5 API 接口,| GET | /api/v1/admin/components/usage-stats | 缁勪欢浣跨敤棰戠巼缁熻 | 绠＄悊鍛樹互涓?|,需求规定：GET | /api/v1/admin/components/usage-stats | 缁勪欢浣跨敤棰戠巼缁熻 | 绠＄悊鍛樹互涓?,,94,gb18030->utf8 x1,NO,MANUAL_REVIEW,至少一个受影响字段无法整字段安全转换，或完整源行不可读/不可定位，或存在复合断言
REQ-ADMINPORTAL-00772,admin-portal,docs/PRD-组件库规范.md,source_quote;atomic_assertion,15.6 鍔熻兘瑙勬牸琛?,| 缁勪欢鐩綍 | 鎸?atomic design 鍒嗗眰灞曠ず鎵€鏈夊叕鍏辩粍浠?|,需求规定：缁勪欢鐩綍 | 鎸?atomic design 鍒嗗眰灞曠ず鎵€鏈夊叕鍏辩粍浠?,,102,,NO,MANUAL_REVIEW,至少一个受影响字段无法整字段安全转换，或完整源行不可读/不可定位，或存在复合断言
REQ-ADMINPORTAL-00773,admin-portal,docs/PRD-组件库规范.md,source_quote;atomic_assertion,15.6 鍔熻兘瑙勬牸琛?,| 缁勪欢璇︽儏 | 鏄剧ず缁勪欢 Props 瀹氫箟銆佷娇鐢ㄧず渚嬨€佷唬鐮佺墖娈?|,需求规定：缁勪欢璇︽儏 | 鏄剧ず缁勪欢 Props 瀹氫箟銆佷娇鐢ㄧず渚嬨€佷唬鐮佺墖娈?,,102,,NO,MANUAL_REVIEW,至少一个受影响字段无法整字段安全转换，或完整源行不可读/不可定位，或存在复合断言
REQ-ADMINPORTAL-00774,admin-portal,docs/PRD-组件库规范.md,source_quote;atomic_assertion,15.6 鍔熻兘瑙勬牸琛?,| 浣跨敤缁熻 | 缁熻鍚勭粍浠跺湪椤圭洰涓殑浣跨敤棰戠巼鍜屽紩鐢ㄩ〉闈?|,需求规定：浣跨敤缁熻 | 缁熻鍚勭粍浠跺湪椤圭洰涓殑浣跨敤棰戠巼鍜屽紩鐢ㄩ〉闈?,,102,,NO,MANUAL_REVIEW,至少一个受影响字段无法整字段安全转换，或完整源行不可读/不可定位，或存在复合断言
REQ-ADMINPORTAL-00775,admin-portal,docs/PRD-组件库规范.md,source_quote;atomic_assertion,15.6 鍔熻兘瑙勬牸琛?,| 鎼滅储 | 鎸夌粍浠跺悕绉?鍏抽敭璇嶆悳绱?|,需求规定：鎼滅储 | 鎸夌粍浠跺悕绉?鍏抽敭璇嶆悳绱?,,102,,NO,MANUAL_REVIEW,至少一个受影响字段无法整字段安全转换，或完整源行不可读/不可定位，或存在复合断言
REQ-ADMINPORTAL-02783,admin-portal,docs/PRD-管理后台.md,source_section;source_quote,**渚涘簲鍟嗙鐞嗗悗鍙板姛鑳?*,**渚涘簲鍟嗙鐞嗗悗鍙板姛鑳?*,该需求域必须单独定义并验证“输入”维度。,,,,NO,MANUAL_REVIEW,至少一个受影响字段无法整字段安全转换，或完整源行不可读/不可定位，或存在复合断言
REQ-ADMINPORTAL-02784,admin-portal,docs/PRD-管理后台.md,source_section;source_quote,**渚涘簲鍟嗙鐞嗗悗鍙板姛鑳?*,**渚涘簲鍟嗙鐞嗗悗鍙板姛鑳?*,该需求域必须单独定义并验证“前置”维度。,,,,NO,MANUAL_REVIEW,至少一个受影响字段无法整字段安全转换，或完整源行不可读/不可定位，或存在复合断言
REQ-ADMINPORTAL-02785,admin-portal,docs/PRD-管理后台.md,source_section;source_quote,**渚涘簲鍟嗙鐞嗗悗鍙板姛鑳?*,**渚涘簲鍟嗙鐞嗗悗鍙板姛鑳?*,该需求域必须单独定义并验证“角色”维度。,,,,NO,MANUAL_REVIEW,至少一个受影响字段无法整字段安全转换，或完整源行不可读/不可定位，或存在复合断言
REQ-ADMINPORTAL-02786,admin-portal,docs/PRD-管理后台.md,source_section;source_quote,**渚涘簲鍟嗙鐞嗗悗鍙板姛鑳?*,**渚涘簲鍟嗙鐞嗗悗鍙板姛鑳?*,该需求域必须单独定义并验证“权限”维度。,,,,NO,MANUAL_REVIEW,至少一个受影响字段无法整字段安全转换，或完整源行不可读/不可定位，或存在复合断言
REQ-ADMINPORTAL-02787,admin-portal,docs/PRD-管理后台.md,source_section;source_quote,**渚涘簲鍟嗙鐞嗗悗鍙板姛鑳?*,**渚涘簲鍟嗙鐞嗗悗鍙板姛鑳?*,该需求域必须单独定义并验证“状态”维度。,,,,NO,MANUAL_REVIEW,至少一个受影响字段无法整字段安全转换，或完整源行不可读/不可定位，或存在复合断言
REQ-ADMINPORTAL-02788,admin-portal,docs/PRD-管理后台.md,source_section;source_quote,**渚涘簲鍟嗙鐞嗗悗鍙板姛鑳?*,**渚涘簲鍟嗙鐞嗗悗鍙板姛鑳?*,该需求域必须单独定义并验证“正常”维度。,,,,NO,MANUAL_REVIEW,至少一个受影响字段无法整字段安全转换，或完整源行不可读/不可定位，或存在复合断言
REQ-ADMINPORTAL-02789,admin-portal,docs/PRD-管理后台.md,source_section;source_quote,**渚涘簲鍟嗙鐞嗗悗鍙板姛鑳?*,**渚涘簲鍟嗙鐞嗗悗鍙板姛鑳?*,该需求域必须单独定义并验证“边界”维度。,,,,NO,MANUAL_REVIEW,至少一个受影响字段无法整字段安全转换，或完整源行不可读/不可定位，或存在复合断言
REQ-ADMINPORTAL-02790,admin-portal,docs/PRD-管理后台.md,source_section;source_quote,**渚涘簲鍟嗙鐞嗗悗鍙板姛鑳?*,**渚涘簲鍟嗙鐞嗗悗鍙板姛鑳?*,该需求域必须单独定义并验证“异常”维度。,,,,NO,MANUAL_REVIEW,至少一个受影响字段无法整字段安全转换，或完整源行不可读/不可定位，或存在复合断言
REQ-ADMINPORTAL-02791,admin-portal,docs/PRD-管理后台.md,source_section;source_quote,**渚涘簲鍟嗙鐞嗗悗鍙板姛鑳?*,**渚涘簲鍟嗙鐞嗗悗鍙板姛鑳?*,该需求域必须单独定义并验证“并发”维度。,,,,NO,MANUAL_REVIEW,至少一个受影响字段无法整字段安全转换，或完整源行不可读/不可定位，或存在复合断言
REQ-ADMINPORTAL-02792,admin-portal,docs/PRD-管理后台.md,source_section;source_quote,**渚涘簲鍟嗙鐞嗗悗鍙板姛鑳?*,**渚涘簲鍟嗙鐞嗗悗鍙板姛鑳?*,该需求域必须单独定义并验证“幂等”维度。,,,,NO,MANUAL_REVIEW,至少一个受影响字段无法整字段安全转换，或完整源行不可读/不可定位，或存在复合断言
REQ-ADMINPORTAL-02793,admin-portal,docs/PRD-管理后台.md,source_section;source_quote,**渚涘簲鍟嗙鐞嗗悗鍙板姛鑳?*,**渚涘簲鍟嗙鐞嗗悗鍙板姛鑳?*,该需求域必须单独定义并验证“事务”维度。,,,,NO,MANUAL_REVIEW,至少一个受影响字段无法整字段安全转换，或完整源行不可读/不可定位，或存在复合断言
REQ-ADMINPORTAL-02794,admin-portal,docs/PRD-管理后台.md,source_section;source_quote,**渚涘簲鍟嗙鐞嗗悗鍙板姛鑳?*,**渚涘簲鍟嗙鐞嗗悗鍙板姛鑳?*,该需求域必须单独定义并验证“回滚”维度。,,,,NO,MANUAL_REVIEW,至少一个受影响字段无法整字段安全转换，或完整源行不可读/不可定位，或存在复合断言
REQ-ADMINPORTAL-02795,admin-portal,docs/PRD-管理后台.md,source_section;source_quote,**渚涘簲鍟嗙鐞嗗悗鍙板姛鑳?*,**渚涘簲鍟嗙鐞嗗悗鍙板姛鑳?*,该需求域必须单独定义并验证“落库”维度。,,,,NO,MANUAL_REVIEW,至少一个受影响字段无法整字段安全转换，或完整源行不可读/不可定位，或存在复合断言
REQ-ADMINPORTAL-02796,admin-portal,docs/PRD-管理后台.md,source_section;source_quote,**渚涘簲鍟嗙鐞嗗悗鍙板姛鑳?*,**渚涘簲鍟嗙鐞嗗悗鍙板姛鑳?*,该需求域必须单独定义并验证“缓存”维度。,,,,NO,MANUAL_REVIEW,至少一个受影响字段无法整字段安全转换，或完整源行不可读/不可定位，或存在复合断言
REQ-ADMINPORTAL-02797,admin-portal,docs/PRD-管理后台.md,source_section;source_quote,**渚涘簲鍟嗙鐞嗗悗鍙板姛鑳?*,**渚涘簲鍟嗙鐞嗗悗鍙板姛鑳?*,该需求域必须单独定义并验证“通知”维度。,,,,NO,MANUAL_REVIEW,至少一个受影响字段无法整字段安全转换，或完整源行不可读/不可定位，或存在复合断言
REQ-ADMINPORTAL-02798,admin-portal,docs/PRD-管理后台.md,source_section;source_quote,**渚涘簲鍟嗙鐞嗗悗鍙板姛鑳?*,**渚涘簲鍟嗙鐞嗗悗鍙板姛鑳?*,该需求域必须单独定义并验证“审计”维度。,,,,NO,MANUAL_REVIEW,至少一个受影响字段无法整字段安全转换，或完整源行不可读/不可定位，或存在复合断言
REQ-ADMINPORTAL-02799,admin-portal,docs/PRD-管理后台.md,source_section;source_quote,**渚涘簲鍟嗙鐞嗗悗鍙板姛鑳?*,**渚涘簲鍟嗙鐞嗗悗鍙板姛鑳?*,该需求域必须单独定义并验证“监控”维度。,,,,NO,MANUAL_REVIEW,至少一个受影响字段无法整字段安全转换，或完整源行不可读/不可定位，或存在复合断言
REQ-ADMINPORTAL-02800,admin-portal,docs/PRD-管理后台.md,source_section;source_quote,**渚涘簲鍟嗙鐞嗗悗鍙板姛鑳?*,**渚涘簲鍟嗙鐞嗗悗鍙板姛鑳?*,该需求域必须单独定义并验证“测试”维度。,,,,NO,MANUAL_REVIEW,至少一个受影响字段无法整字段安全转换，或完整源行不可读/不可定位，或存在复合断言
REQ-ADMINPORTAL-02801,growth-operations,docs/PRD-概览与运营模型.md,source_section;source_quote,### 1.4 鐢ㄦ埛鍒嗗眰涓庤繍钀ョ瓥鐣?,### 1.4 鐢ㄦ埛鍒嗗眰涓庤繍钀ョ瓥鐣?,该需求域必须单独定义并验证“输入”维度。,,,,NO,MANUAL_REVIEW,至少一个受影响字段无法整字段安全转换，或完整源行不可读/不可定位，或存在复合断言
REQ-ADMINPORTAL-02802,growth-operations,docs/PRD-概览与运营模型.md,source_section;source_quote,### 1.4 鐢ㄦ埛鍒嗗眰涓庤繍钀ョ瓥鐣?,### 1.4 鐢ㄦ埛鍒嗗眰涓庤繍钀ョ瓥鐣?,该需求域必须单独定义并验证“前置”维度。,,,,NO,MANUAL_REVIEW,至少一个受影响字段无法整字段安全转换，或完整源行不可读/不可定位，或存在复合断言
REQ-ADMINPORTAL-02803,growth-operations,docs/PRD-概览与运营模型.md,source_section;source_quote,### 1.4 鐢ㄦ埛鍒嗗眰涓庤繍钀ョ瓥鐣?,### 1.4 鐢ㄦ埛鍒嗗眰涓庤繍钀ョ瓥鐣?,该需求域必须单独定义并验证“角色”维度。,,,,NO,MANUAL_REVIEW,至少一个受影响字段无法整字段安全转换，或完整源行不可读/不可定位，或存在复合断言
REQ-ADMINPORTAL-02804,growth-operations,docs/PRD-概览与运营模型.md,source_section;source_quote,### 1.4 鐢ㄦ埛鍒嗗眰涓庤繍钀ョ瓥鐣?,### 1.4 鐢ㄦ埛鍒嗗眰涓庤繍钀ョ瓥鐣?,该需求域必须单独定义并验证“权限”维度。,,,,NO,MANUAL_REVIEW,至少一个受影响字段无法整字段安全转换，或完整源行不可读/不可定位，或存在复合断言
REQ-ADMINPORTAL-02805,growth-operations,docs/PRD-概览与运营模型.md,source_section;source_quote,### 1.4 鐢ㄦ埛鍒嗗眰涓庤繍钀ョ瓥鐣?,### 1.4 鐢ㄦ埛鍒嗗眰涓庤繍钀ョ瓥鐣?,该需求域必须单独定义并验证“状态”维度。,,,,NO,MANUAL_REVIEW,至少一个受影响字段无法整字段安全转换，或完整源行不可读/不可定位，或存在复合断言
REQ-ADMINPORTAL-02806,growth-operations,docs/PRD-概览与运营模型.md,source_section;source_quote,### 1.4 鐢ㄦ埛鍒嗗眰涓庤繍钀ョ瓥鐣?,### 1.4 鐢ㄦ埛鍒嗗眰涓庤繍钀ョ瓥鐣?,该需求域必须单独定义并验证“正常”维度。,,,,NO,MANUAL_REVIEW,至少一个受影响字段无法整字段安全转换，或完整源行不可读/不可定位，或存在复合断言
REQ-ADMINPORTAL-02807,growth-operations,docs/PRD-概览与运营模型.md,source_section;source_quote,### 1.4 鐢ㄦ埛鍒嗗眰涓庤繍钀ョ瓥鐣?,### 1.4 鐢ㄦ埛鍒嗗眰涓庤繍钀ョ瓥鐣?,该需求域必须单独定义并验证“边界”维度。,,,,NO,MANUAL_REVIEW,至少一个受影响字段无法整字段安全转换，或完整源行不可读/不可定位，或存在复合断言
REQ-ADMINPORTAL-02808,growth-operations,docs/PRD-概览与运营模型.md,source_section;source_quote,### 1.4 鐢ㄦ埛鍒嗗眰涓庤繍钀ョ瓥鐣?,### 1.4 鐢ㄦ埛鍒嗗眰涓庤繍钀ョ瓥鐣?,该需求域必须单独定义并验证“异常”维度。,,,,NO,MANUAL_REVIEW,至少一个受影响字段无法整字段安全转换，或完整源行不可读/不可定位，或存在复合断言
REQ-ADMINPORTAL-02809,growth-operations,docs/PRD-概览与运营模型.md,source_section;source_quote,### 1.4 鐢ㄦ埛鍒嗗眰涓庤繍钀ョ瓥鐣?,### 1.4 鐢ㄦ埛鍒嗗眰涓庤繍钀ョ瓥鐣?,该需求域必须单独定义并验证“并发”维度。,,,,NO,MANUAL_REVIEW,至少一个受影响字段无法整字段安全转换，或完整源行不可读/不可定位，或存在复合断言
REQ-ADMINPORTAL-02810,growth-operations,docs/PRD-概览与运营模型.md,source_section;source_quote,### 1.4 鐢ㄦ埛鍒嗗眰涓庤繍钀ョ瓥鐣?,### 1.4 鐢ㄦ埛鍒嗗眰涓庤繍钀ョ瓥鐣?,该需求域必须单独定义并验证“幂等”维度。,,,,NO,MANUAL_REVIEW,至少一个受影响字段无法整字段安全转换，或完整源行不可读/不可定位，或存在复合断言
REQ-ADMINPORTAL-02811,growth-operations,docs/PRD-概览与运营模型.md,source_section;source_quote,### 1.4 鐢ㄦ埛鍒嗗眰涓庤繍钀ョ瓥鐣?,### 1.4 鐢ㄦ埛鍒嗗眰涓庤繍钀ョ瓥鐣?,该需求域必须单独定义并验证“事务”维度。,,,,NO,MANUAL_REVIEW,至少一个受影响字段无法整字段安全转换，或完整源行不可读/不可定位，或存在复合断言
REQ-ADMINPORTAL-02812,growth-operations,docs/PRD-概览与运营模型.md,source_section;source_quote,### 1.4 鐢ㄦ埛鍒嗗眰涓庤繍钀ョ瓥鐣?,### 1.4 鐢ㄦ埛鍒嗗眰涓庤繍钀ョ瓥鐣?,该需求域必须单独定义并验证“回滚”维度。,,,,NO,MANUAL_REVIEW,至少一个受影响字段无法整字段安全转换，或完整源行不可读/不可定位，或存在复合断言
REQ-ADMINPORTAL-02813,growth-operations,docs/PRD-概览与运营模型.md,source_section;source_quote,### 1.4 鐢ㄦ埛鍒嗗眰涓庤繍钀ョ瓥鐣?,### 1.4 鐢ㄦ埛鍒嗗眰涓庤繍钀ョ瓥鐣?,该需求域必须单独定义并验证“落库”维度。,,,,NO,MANUAL_REVIEW,至少一个受影响字段无法整字段安全转换，或完整源行不可读/不可定位，或存在复合断言
REQ-ADMINPORTAL-02814,growth-operations,docs/PRD-概览与运营模型.md,source_section;source_quote,### 1.4 鐢ㄦ埛鍒嗗眰涓庤繍钀ョ瓥鐣?,### 1.4 鐢ㄦ埛鍒嗗眰涓庤繍钀ョ瓥鐣?,该需求域必须单独定义并验证“缓存”维度。,,,,NO,MANUAL_REVIEW,至少一个受影响字段无法整字段安全转换，或完整源行不可读/不可定位，或存在复合断言
REQ-ADMINPORTAL-02815,growth-operations,docs/PRD-概览与运营模型.md,source_section;source_quote,### 1.4 鐢ㄦ埛鍒嗗眰涓庤繍钀ョ瓥鐣?,### 1.4 鐢ㄦ埛鍒嗗眰涓庤繍钀ョ瓥鐣?,该需求域必须单独定义并验证“通知”维度。,,,,NO,MANUAL_REVIEW,至少一个受影响字段无法整字段安全转换，或完整源行不可读/不可定位，或存在复合断言
REQ-ADMINPORTAL-02816,growth-operations,docs/PRD-概览与运营模型.md,source_section;source_quote,### 1.4 鐢ㄦ埛鍒嗗眰涓庤繍钀ョ瓥鐣?,### 1.4 鐢ㄦ埛鍒嗗眰涓庤繍钀ョ瓥鐣?,该需求域必须单独定义并验证“审计”维度。,,,,NO,MANUAL_REVIEW,至少一个受影响字段无法整字段安全转换，或完整源行不可读/不可定位，或存在复合断言
REQ-ADMINPORTAL-02817,growth-operations,docs/PRD-概览与运营模型.md,source_section;source_quote,### 1.4 鐢ㄦ埛鍒嗗眰涓庤繍钀ョ瓥鐣?,### 1.4 鐢ㄦ埛鍒嗗眰涓庤繍钀ョ瓥鐣?,该需求域必须单独定义并验证“监控”维度。,,,,NO,MANUAL_REVIEW,至少一个受影响字段无法整字段安全转换，或完整源行不可读/不可定位，或存在复合断言
REQ-ADMINPORTAL-02818,growth-operations,docs/PRD-概览与运营模型.md,source_section;source_quote,### 1.4 鐢ㄦ埛鍒嗗眰涓庤繍钀ョ瓥鐣?,### 1.4 鐢ㄦ埛鍒嗗眰涓庤繍钀ョ瓥鐣?,该需求域必须单独定义并验证“测试”维度。,,,,NO,MANUAL_REVIEW,至少一个受影响字段无法整字段安全转换，或完整源行不可读/不可定位，或存在复合断言
REQ-ADMINPORTAL-02819,customer-support,docs/PRD-客服支撑模块.md,source_section;source_quote,**鍚堣**锛氬悗绔?16 浜哄ぉ + 鍓嶇 20 浜哄ぉ = 绾?4.5 鍛?,**鍚堣**锛氬悗绔?16 浜哄ぉ + 鍓嶇 20 浜哄ぉ = 绾?4.5 鍛?,该需求域必须单独定义并验证“输入”维度。,,,,NO,MANUAL_REVIEW,至少一个受影响字段无法整字段安全转换，或完整源行不可读/不可定位，或存在复合断言
REQ-ADMINPORTAL-02820,customer-support,docs/PRD-客服支撑模块.md,source_section;source_quote,**鍚堣**锛氬悗绔?16 浜哄ぉ + 鍓嶇 20 浜哄ぉ = 绾?4.5 鍛?,**鍚堣**锛氬悗绔?16 浜哄ぉ + 鍓嶇 20 浜哄ぉ = 绾?4.5 鍛?,该需求域必须单独定义并验证“前置”维度。,,,,NO,MANUAL_REVIEW,至少一个受影响字段无法整字段安全转换，或完整源行不可读/不可定位，或存在复合断言
REQ-ADMINPORTAL-02821,customer-support,docs/PRD-客服支撑模块.md,source_section;source_quote,**鍚堣**锛氬悗绔?16 浜哄ぉ + 鍓嶇 20 浜哄ぉ = 绾?4.5 鍛?,**鍚堣**锛氬悗绔?16 浜哄ぉ + 鍓嶇 20 浜哄ぉ = 绾?4.5 鍛?,该需求域必须单独定义并验证“角色”维度。,,,,NO,MANUAL_REVIEW,至少一个受影响字段无法整字段安全转换，或完整源行不可读/不可定位，或存在复合断言
REQ-ADMINPORTAL-02822,customer-support,docs/PRD-客服支撑模块.md,source_section;source_quote,**鍚堣**锛氬悗绔?16 浜哄ぉ + 鍓嶇 20 浜哄ぉ = 绾?4.5 鍛?,**鍚堣**锛氬悗绔?16 浜哄ぉ + 鍓嶇 20 浜哄ぉ = 绾?4.5 鍛?,该需求域必须单独定义并验证“权限”维度。,,,,NO,MANUAL_REVIEW,至少一个受影响字段无法整字段安全转换，或完整源行不可读/不可定位，或存在复合断言
REQ-ADMINPORTAL-02823,customer-support,docs/PRD-客服支撑模块.md,source_section;source_quote,**鍚堣**锛氬悗绔?16 浜哄ぉ + 鍓嶇 20 浜哄ぉ = 绾?4.5 鍛?,**鍚堣**锛氬悗绔?16 浜哄ぉ + 鍓嶇 20 浜哄ぉ = 绾?4.5 鍛?,该需求域必须单独定义并验证“状态”维度。,,,,NO,MANUAL_REVIEW,至少一个受影响字段无法整字段安全转换，或完整源行不可读/不可定位，或存在复合断言
REQ-ADMINPORTAL-02824,customer-support,docs/PRD-客服支撑模块.md,source_section;source_quote,**鍚堣**锛氬悗绔?16 浜哄ぉ + 鍓嶇 20 浜哄ぉ = 绾?4.5 鍛?,**鍚堣**锛氬悗绔?16 浜哄ぉ + 鍓嶇 20 浜哄ぉ = 绾?4.5 鍛?,该需求域必须单独定义并验证“正常”维度。,,,,NO,MANUAL_REVIEW,至少一个受影响字段无法整字段安全转换，或完整源行不可读/不可定位，或存在复合断言
REQ-ADMINPORTAL-02825,customer-support,docs/PRD-客服支撑模块.md,source_section;source_quote,**鍚堣**锛氬悗绔?16 浜哄ぉ + 鍓嶇 20 浜哄ぉ = 绾?4.5 鍛?,**鍚堣**锛氬悗绔?16 浜哄ぉ + 鍓嶇 20 浜哄ぉ = 绾?4.5 鍛?,该需求域必须单独定义并验证“边界”维度。,,,,NO,MANUAL_REVIEW,至少一个受影响字段无法整字段安全转换，或完整源行不可读/不可定位，或存在复合断言
REQ-ADMINPORTAL-02826,customer-support,docs/PRD-客服支撑模块.md,source_section;source_quote,**鍚堣**锛氬悗绔?16 浜哄ぉ + 鍓嶇 20 浜哄ぉ = 绾?4.5 鍛?,**鍚堣**锛氬悗绔?16 浜哄ぉ + 鍓嶇 20 浜哄ぉ = 绾?4.5 鍛?,该需求域必须单独定义并验证“异常”维度。,,,,NO,MANUAL_REVIEW,至少一个受影响字段无法整字段安全转换，或完整源行不可读/不可定位，或存在复合断言
REQ-ADMINPORTAL-02827,customer-support,docs/PRD-客服支撑模块.md,source_section;source_quote,**鍚堣**锛氬悗绔?16 浜哄ぉ + 鍓嶇 20 浜哄ぉ = 绾?4.5 鍛?,**鍚堣**锛氬悗绔?16 浜哄ぉ + 鍓嶇 20 浜哄ぉ = 绾?4.5 鍛?,该需求域必须单独定义并验证“并发”维度。,,,,NO,MANUAL_REVIEW,至少一个受影响字段无法整字段安全转换，或完整源行不可读/不可定位，或存在复合断言
REQ-ADMINPORTAL-02828,customer-support,docs/PRD-客服支撑模块.md,source_section;source_quote,**鍚堣**锛氬悗绔?16 浜哄ぉ + 鍓嶇 20 浜哄ぉ = 绾?4.5 鍛?,**鍚堣**锛氬悗绔?16 浜哄ぉ + 鍓嶇 20 浜哄ぉ = 绾?4.5 鍛?,该需求域必须单独定义并验证“幂等”维度。,,,,NO,MANUAL_REVIEW,至少一个受影响字段无法整字段安全转换，或完整源行不可读/不可定位，或存在复合断言
REQ-ADMINPORTAL-02829,customer-support,docs/PRD-客服支撑模块.md,source_section;source_quote,**鍚堣**锛氬悗绔?16 浜哄ぉ + 鍓嶇 20 浜哄ぉ = 绾?4.5 鍛?,**鍚堣**锛氬悗绔?16 浜哄ぉ + 鍓嶇 20 浜哄ぉ = 绾?4.5 鍛?,该需求域必须单独定义并验证“事务”维度。,,,,NO,MANUAL_REVIEW,至少一个受影响字段无法整字段安全转换，或完整源行不可读/不可定位，或存在复合断言
REQ-ADMINPORTAL-02830,customer-support,docs/PRD-客服支撑模块.md,source_section;source_quote,**鍚堣**锛氬悗绔?16 浜哄ぉ + 鍓嶇 20 浜哄ぉ = 绾?4.5 鍛?,**鍚堣**锛氬悗绔?16 浜哄ぉ + 鍓嶇 20 浜哄ぉ = 绾?4.5 鍛?,该需求域必须单独定义并验证“回滚”维度。,,,,NO,MANUAL_REVIEW,至少一个受影响字段无法整字段安全转换，或完整源行不可读/不可定位，或存在复合断言
REQ-ADMINPORTAL-02831,customer-support,docs/PRD-客服支撑模块.md,source_section;source_quote,**鍚堣**锛氬悗绔?16 浜哄ぉ + 鍓嶇 20 浜哄ぉ = 绾?4.5 鍛?,**鍚堣**锛氬悗绔?16 浜哄ぉ + 鍓嶇 20 浜哄ぉ = 绾?4.5 鍛?,该需求域必须单独定义并验证“落库”维度。,,,,NO,MANUAL_REVIEW,至少一个受影响字段无法整字段安全转换，或完整源行不可读/不可定位，或存在复合断言
REQ-ADMINPORTAL-02832,customer-support,docs/PRD-客服支撑模块.md,source_section;source_quote,**鍚堣**锛氬悗绔?16 浜哄ぉ + 鍓嶇 20 浜哄ぉ = 绾?4.5 鍛?,**鍚堣**锛氬悗绔?16 浜哄ぉ + 鍓嶇 20 浜哄ぉ = 绾?4.5 鍛?,该需求域必须单独定义并验证“缓存”维度。,,,,NO,MANUAL_REVIEW,至少一个受影响字段无法整字段安全转换，或完整源行不可读/不可定位，或存在复合断言
REQ-ADMINPORTAL-02833,customer-support,docs/PRD-客服支撑模块.md,source_section;source_quote,**鍚堣**锛氬悗绔?16 浜哄ぉ + 鍓嶇 20 浜哄ぉ = 绾?4.5 鍛?,**鍚堣**锛氬悗绔?16 浜哄ぉ + 鍓嶇 20 浜哄ぉ = 绾?4.5 鍛?,该需求域必须单独定义并验证“通知”维度。,,,,NO,MANUAL_REVIEW,至少一个受影响字段无法整字段安全转换，或完整源行不可读/不可定位，或存在复合断言
REQ-ADMINPORTAL-02834,customer-support,docs/PRD-客服支撑模块.md,source_section;source_quote,**鍚堣**锛氬悗绔?16 浜哄ぉ + 鍓嶇 20 浜哄ぉ = 绾?4.5 鍛?,**鍚堣**锛氬悗绔?16 浜哄ぉ + 鍓嶇 20 浜哄ぉ = 绾?4.5 鍛?,该需求域必须单独定义并验证“审计”维度。,,,,NO,MANUAL_REVIEW,至少一个受影响字段无法整字段安全转换，或完整源行不可读/不可定位，或存在复合断言
REQ-ADMINPORTAL-02835,customer-support,docs/PRD-客服支撑模块.md,source_section;source_quote,**鍚堣**锛氬悗绔?16 浜哄ぉ + 鍓嶇 20 浜哄ぉ = 绾?4.5 鍛?,**鍚堣**锛氬悗绔?16 浜哄ぉ + 鍓嶇 20 浜哄ぉ = 绾?4.5 鍛?,该需求域必须单独定义并验证“监控”维度。,,,,NO,MANUAL_REVIEW,至少一个受影响字段无法整字段安全转换，或完整源行不可读/不可定位，或存在复合断言
REQ-ADMINPORTAL-02836,customer-support,docs/PRD-客服支撑模块.md,source_section;source_quote,**鍚堣**锛氬悗绔?16 浜哄ぉ + 鍓嶇 20 浜哄ぉ = 绾?4.5 鍛?,**鍚堣**锛氬悗绔?16 浜哄ぉ + 鍓嶇 20 浜哄ぉ = 绾?4.5 鍛?,该需求域必须单独定义并验证“测试”维度。,,,,NO,MANUAL_REVIEW,至少一个受影响字段无法整字段安全转换，或完整源行不可读/不可定位，或存在复合断言
REQ-ADMINPORTAL-02837,system-admin,docs/PRD-系统管理员支撑.md,source_section;source_quote,**鍚堣**锛氬悗绔?26 浜哄ぉ + 鍓嶇 29 浜哄ぉ = 绾?7 鍛?,**鍚堣**锛氬悗绔?26 浜哄ぉ + 鍓嶇 29 浜哄ぉ = 绾?7 鍛?,该需求域必须单独定义并验证“输入”维度。,,,,NO,MANUAL_REVIEW,至少一个受影响字段无法整字段安全转换，或完整源行不可读/不可定位，或存在复合断言
REQ-ADMINPORTAL-02838,system-admin,docs/PRD-系统管理员支撑.md,source_section;source_quote,**鍚堣**锛氬悗绔?26 浜哄ぉ + 鍓嶇 29 浜哄ぉ = 绾?7 鍛?,**鍚堣**锛氬悗绔?26 浜哄ぉ + 鍓嶇 29 浜哄ぉ = 绾?7 鍛?,该需求域必须单独定义并验证“前置”维度。,,,,NO,MANUAL_REVIEW,至少一个受影响字段无法整字段安全转换，或完整源行不可读/不可定位，或存在复合断言
REQ-ADMINPORTAL-02839,system-admin,docs/PRD-系统管理员支撑.md,source_section;source_quote,**鍚堣**锛氬悗绔?26 浜哄ぉ + 鍓嶇 29 浜哄ぉ = 绾?7 鍛?,**鍚堣**锛氬悗绔?26 浜哄ぉ + 鍓嶇 29 浜哄ぉ = 绾?7 鍛?,该需求域必须单独定义并验证“角色”维度。,,,,NO,MANUAL_REVIEW,至少一个受影响字段无法整字段安全转换，或完整源行不可读/不可定位，或存在复合断言
REQ-ADMINPORTAL-02840,system-admin,docs/PRD-系统管理员支撑.md,source_section;source_quote,**鍚堣**锛氬悗绔?26 浜哄ぉ + 鍓嶇 29 浜哄ぉ = 绾?7 鍛?,**鍚堣**锛氬悗绔?26 浜哄ぉ + 鍓嶇 29 浜哄ぉ = 绾?7 鍛?,该需求域必须单独定义并验证“权限”维度。,,,,NO,MANUAL_REVIEW,至少一个受影响字段无法整字段安全转换，或完整源行不可读/不可定位，或存在复合断言
REQ-ADMINPORTAL-02841,system-admin,docs/PRD-系统管理员支撑.md,source_section;source_quote,**鍚堣**锛氬悗绔?26 浜哄ぉ + 鍓嶇 29 浜哄ぉ = 绾?7 鍛?,**鍚堣**锛氬悗绔?26 浜哄ぉ + 鍓嶇 29 浜哄ぉ = 绾?7 鍛?,该需求域必须单独定义并验证“状态”维度。,,,,NO,MANUAL_REVIEW,至少一个受影响字段无法整字段安全转换，或完整源行不可读/不可定位，或存在复合断言
REQ-ADMINPORTAL-02842,system-admin,docs/PRD-系统管理员支撑.md,source_section;source_quote,**鍚堣**锛氬悗绔?26 浜哄ぉ + 鍓嶇 29 浜哄ぉ = 绾?7 鍛?,**鍚堣**锛氬悗绔?26 浜哄ぉ + 鍓嶇 29 浜哄ぉ = 绾?7 鍛?,该需求域必须单独定义并验证“正常”维度。,,,,NO,MANUAL_REVIEW,至少一个受影响字段无法整字段安全转换，或完整源行不可读/不可定位，或存在复合断言
REQ-ADMINPORTAL-02843,system-admin,docs/PRD-系统管理员支撑.md,source_section;source_quote,**鍚堣**锛氬悗绔?26 浜哄ぉ + 鍓嶇 29 浜哄ぉ = 绾?7 鍛?,**鍚堣**锛氬悗绔?26 浜哄ぉ + 鍓嶇 29 浜哄ぉ = 绾?7 鍛?,该需求域必须单独定义并验证“边界”维度。,,,,NO,MANUAL_REVIEW,至少一个受影响字段无法整字段安全转换，或完整源行不可读/不可定位，或存在复合断言
REQ-ADMINPORTAL-02844,system-admin,docs/PRD-系统管理员支撑.md,source_section;source_quote,**鍚堣**锛氬悗绔?26 浜哄ぉ + 鍓嶇 29 浜哄ぉ = 绾?7 鍛?,**鍚堣**锛氬悗绔?26 浜哄ぉ + 鍓嶇 29 浜哄ぉ = 绾?7 鍛?,该需求域必须单独定义并验证“异常”维度。,,,,NO,MANUAL_REVIEW,至少一个受影响字段无法整字段安全转换，或完整源行不可读/不可定位，或存在复合断言
REQ-ADMINPORTAL-02845,system-admin,docs/PRD-系统管理员支撑.md,source_section;source_quote,**鍚堣**锛氬悗绔?26 浜哄ぉ + 鍓嶇 29 浜哄ぉ = 绾?7 鍛?,**鍚堣**锛氬悗绔?26 浜哄ぉ + 鍓嶇 29 浜哄ぉ = 绾?7 鍛?,该需求域必须单独定义并验证“并发”维度。,,,,NO,MANUAL_REVIEW,至少一个受影响字段无法整字段安全转换，或完整源行不可读/不可定位，或存在复合断言
REQ-ADMINPORTAL-02846,system-admin,docs/PRD-系统管理员支撑.md,source_section;source_quote,**鍚堣**锛氬悗绔?26 浜哄ぉ + 鍓嶇 29 浜哄ぉ = 绾?7 鍛?,**鍚堣**锛氬悗绔?26 浜哄ぉ + 鍓嶇 29 浜哄ぉ = 绾?7 鍛?,该需求域必须单独定义并验证“幂等”维度。,,,,NO,MANUAL_REVIEW,至少一个受影响字段无法整字段安全转换，或完整源行不可读/不可定位，或存在复合断言
REQ-ADMINPORTAL-02847,system-admin,docs/PRD-系统管理员支撑.md,source_section;source_quote,**鍚堣**锛氬悗绔?26 浜哄ぉ + 鍓嶇 29 浜哄ぉ = 绾?7 鍛?,**鍚堣**锛氬悗绔?26 浜哄ぉ + 鍓嶇 29 浜哄ぉ = 绾?7 鍛?,该需求域必须单独定义并验证“事务”维度。,,,,NO,MANUAL_REVIEW,至少一个受影响字段无法整字段安全转换，或完整源行不可读/不可定位，或存在复合断言
REQ-ADMINPORTAL-02848,system-admin,docs/PRD-系统管理员支撑.md,source_section;source_quote,**鍚堣**锛氬悗绔?26 浜哄ぉ + 鍓嶇 29 浜哄ぉ = 绾?7 鍛?,**鍚堣**锛氬悗绔?26 浜哄ぉ + 鍓嶇 29 浜哄ぉ = 绾?7 鍛?,该需求域必须单独定义并验证“回滚”维度。,,,,NO,MANUAL_REVIEW,至少一个受影响字段无法整字段安全转换，或完整源行不可读/不可定位，或存在复合断言
REQ-ADMINPORTAL-02849,system-admin,docs/PRD-系统管理员支撑.md,source_section;source_quote,**鍚堣**锛氬悗绔?26 浜哄ぉ + 鍓嶇 29 浜哄ぉ = 绾?7 鍛?,**鍚堣**锛氬悗绔?26 浜哄ぉ + 鍓嶇 29 浜哄ぉ = 绾?7 鍛?,该需求域必须单独定义并验证“落库”维度。,,,,NO,MANUAL_REVIEW,至少一个受影响字段无法整字段安全转换，或完整源行不可读/不可定位，或存在复合断言
REQ-ADMINPORTAL-02850,system-admin,docs/PRD-系统管理员支撑.md,source_section;source_quote,**鍚堣**锛氬悗绔?26 浜哄ぉ + 鍓嶇 29 浜哄ぉ = 绾?7 鍛?,**鍚堣**锛氬悗绔?26 浜哄ぉ + 鍓嶇 29 浜哄ぉ = 绾?7 鍛?,该需求域必须单独定义并验证“缓存”维度。,,,,NO,MANUAL_REVIEW,至少一个受影响字段无法整字段安全转换，或完整源行不可读/不可定位，或存在复合断言
REQ-ADMINPORTAL-02851,system-admin,docs/PRD-系统管理员支撑.md,source_section;source_quote,**鍚堣**锛氬悗绔?26 浜哄ぉ + 鍓嶇 29 浜哄ぉ = 绾?7 鍛?,**鍚堣**锛氬悗绔?26 浜哄ぉ + 鍓嶇 29 浜哄ぉ = 绾?7 鍛?,该需求域必须单独定义并验证“通知”维度。,,,,NO,MANUAL_REVIEW,至少一个受影响字段无法整字段安全转换，或完整源行不可读/不可定位，或存在复合断言
REQ-ADMINPORTAL-02852,system-admin,docs/PRD-系统管理员支撑.md,source_section;source_quote,**鍚堣**锛氬悗绔?26 浜哄ぉ + 鍓嶇 29 浜哄ぉ = 绾?7 鍛?,**鍚堣**锛氬悗绔?26 浜哄ぉ + 鍓嶇 29 浜哄ぉ = 绾?7 鍛?,该需求域必须单独定义并验证“审计”维度。,,,,NO,MANUAL_REVIEW,至少一个受影响字段无法整字段安全转换，或完整源行不可读/不可定位，或存在复合断言
REQ-ADMINPORTAL-02853,system-admin,docs/PRD-系统管理员支撑.md,source_section;source_quote,**鍚堣**锛氬悗绔?26 浜哄ぉ + 鍓嶇 29 浜哄ぉ = 绾?7 鍛?,**鍚堣**锛氬悗绔?26 浜哄ぉ + 鍓嶇 29 浜哄ぉ = 绾?7 鍛?,该需求域必须单独定义并验证“监控”维度。,,,,NO,MANUAL_REVIEW,至少一个受影响字段无法整字段安全转换，或完整源行不可读/不可定位，或存在复合断言
REQ-ADMINPORTAL-02854,system-admin,docs/PRD-系统管理员支撑.md,source_section;source_quote,**鍚堣**锛氬悗绔?26 浜哄ぉ + 鍓嶇 29 浜哄ぉ = 绾?7 鍛?,**鍚堣**锛氬悗绔?26 浜哄ぉ + 鍓嶇 29 浜哄ぉ = 绾?7 鍛?,该需求域必须单独定义并验证“测试”维度。,,,,NO,MANUAL_REVIEW,至少一个受影响字段无法整字段安全转换，或完整源行不可读/不可定位，或存在复合断言
REQ-ADMINPORTAL-02855,growth-operations,docs/PRD-运营增长模块.md,source_section;source_quote,**鍚堣**锛氬悗绔?4浜哄ぉ + 鍓嶇11浜哄ぉ = 绾?鍛?,**鍚堣**锛氬悗绔?4浜哄ぉ + 鍓嶇11浜哄ぉ = 绾?鍛?,该需求域必须单独定义并验证“输入”维度。,,,,NO,MANUAL_REVIEW,至少一个受影响字段无法整字段安全转换，或完整源行不可读/不可定位，或存在复合断言
REQ-ADMINPORTAL-02856,growth-operations,docs/PRD-运营增长模块.md,source_section;source_quote,**鍚堣**锛氬悗绔?4浜哄ぉ + 鍓嶇11浜哄ぉ = 绾?鍛?,**鍚堣**锛氬悗绔?4浜哄ぉ + 鍓嶇11浜哄ぉ = 绾?鍛?,该需求域必须单独定义并验证“前置”维度。,,,,NO,MANUAL_REVIEW,至少一个受影响字段无法整字段安全转换，或完整源行不可读/不可定位，或存在复合断言
REQ-ADMINPORTAL-02857,growth-operations,docs/PRD-运营增长模块.md,source_section;source_quote,**鍚堣**锛氬悗绔?4浜哄ぉ + 鍓嶇11浜哄ぉ = 绾?鍛?,**鍚堣**锛氬悗绔?4浜哄ぉ + 鍓嶇11浜哄ぉ = 绾?鍛?,该需求域必须单独定义并验证“角色”维度。,,,,NO,MANUAL_REVIEW,至少一个受影响字段无法整字段安全转换，或完整源行不可读/不可定位，或存在复合断言
REQ-ADMINPORTAL-02858,growth-operations,docs/PRD-运营增长模块.md,source_section;source_quote,**鍚堣**锛氬悗绔?4浜哄ぉ + 鍓嶇11浜哄ぉ = 绾?鍛?,**鍚堣**锛氬悗绔?4浜哄ぉ + 鍓嶇11浜哄ぉ = 绾?鍛?,该需求域必须单独定义并验证“权限”维度。,,,,NO,MANUAL_REVIEW,至少一个受影响字段无法整字段安全转换，或完整源行不可读/不可定位，或存在复合断言
REQ-ADMINPORTAL-02859,growth-operations,docs/PRD-运营增长模块.md,source_section;source_quote,**鍚堣**锛氬悗绔?4浜哄ぉ + 鍓嶇11浜哄ぉ = 绾?鍛?,**鍚堣**锛氬悗绔?4浜哄ぉ + 鍓嶇11浜哄ぉ = 绾?鍛?,该需求域必须单独定义并验证“状态”维度。,,,,NO,MANUAL_REVIEW,至少一个受影响字段无法整字段安全转换，或完整源行不可读/不可定位，或存在复合断言
REQ-ADMINPORTAL-02860,growth-operations,docs/PRD-运营增长模块.md,source_section;source_quote,**鍚堣**锛氬悗绔?4浜哄ぉ + 鍓嶇11浜哄ぉ = 绾?鍛?,**鍚堣**锛氬悗绔?4浜哄ぉ + 鍓嶇11浜哄ぉ = 绾?鍛?,该需求域必须单独定义并验证“正常”维度。,,,,NO,MANUAL_REVIEW,至少一个受影响字段无法整字段安全转换，或完整源行不可读/不可定位，或存在复合断言
REQ-ADMINPORTAL-02861,growth-operations,docs/PRD-运营增长模块.md,source_section;source_quote,**鍚堣**锛氬悗绔?4浜哄ぉ + 鍓嶇11浜哄ぉ = 绾?鍛?,**鍚堣**锛氬悗绔?4浜哄ぉ + 鍓嶇11浜哄ぉ = 绾?鍛?,该需求域必须单独定义并验证“边界”维度。,,,,NO,MANUAL_REVIEW,至少一个受影响字段无法整字段安全转换，或完整源行不可读/不可定位，或存在复合断言
REQ-ADMINPORTAL-02862,growth-operations,docs/PRD-运营增长模块.md,source_section;source_quote,**鍚堣**锛氬悗绔?4浜哄ぉ + 鍓嶇11浜哄ぉ = 绾?鍛?,**鍚堣**锛氬悗绔?4浜哄ぉ + 鍓嶇11浜哄ぉ = 绾?鍛?,该需求域必须单独定义并验证“异常”维度。,,,,NO,MANUAL_REVIEW,至少一个受影响字段无法整字段安全转换，或完整源行不可读/不可定位，或存在复合断言
REQ-ADMINPORTAL-02863,growth-operations,docs/PRD-运营增长模块.md,source_section;source_quote,**鍚堣**锛氬悗绔?4浜哄ぉ + 鍓嶇11浜哄ぉ = 绾?鍛?,**鍚堣**锛氬悗绔?4浜哄ぉ + 鍓嶇11浜哄ぉ = 绾?鍛?,该需求域必须单独定义并验证“并发”维度。,,,,NO,MANUAL_REVIEW,至少一个受影响字段无法整字段安全转换，或完整源行不可读/不可定位，或存在复合断言
REQ-ADMINPORTAL-02864,growth-operations,docs/PRD-运营增长模块.md,source_section;source_quote,**鍚堣**锛氬悗绔?4浜哄ぉ + 鍓嶇11浜哄ぉ = 绾?鍛?,**鍚堣**锛氬悗绔?4浜哄ぉ + 鍓嶇11浜哄ぉ = 绾?鍛?,该需求域必须单独定义并验证“幂等”维度。,,,,NO,MANUAL_REVIEW,至少一个受影响字段无法整字段安全转换，或完整源行不可读/不可定位，或存在复合断言
REQ-ADMINPORTAL-02865,growth-operations,docs/PRD-运营增长模块.md,source_section;source_quote,**鍚堣**锛氬悗绔?4浜哄ぉ + 鍓嶇11浜哄ぉ = 绾?鍛?,**鍚堣**锛氬悗绔?4浜哄ぉ + 鍓嶇11浜哄ぉ = 绾?鍛?,该需求域必须单独定义并验证“事务”维度。,,,,NO,MANUAL_REVIEW,至少一个受影响字段无法整字段安全转换，或完整源行不可读/不可定位，或存在复合断言
REQ-ADMINPORTAL-02866,growth-operations,docs/PRD-运营增长模块.md,source_section;source_quote,**鍚堣**锛氬悗绔?4浜哄ぉ + 鍓嶇11浜哄ぉ = 绾?鍛?,**鍚堣**锛氬悗绔?4浜哄ぉ + 鍓嶇11浜哄ぉ = 绾?鍛?,该需求域必须单独定义并验证“回滚”维度。,,,,NO,MANUAL_REVIEW,至少一个受影响字段无法整字段安全转换，或完整源行不可读/不可定位，或存在复合断言
REQ-ADMINPORTAL-02867,growth-operations,docs/PRD-运营增长模块.md,source_section;source_quote,**鍚堣**锛氬悗绔?4浜哄ぉ + 鍓嶇11浜哄ぉ = 绾?鍛?,**鍚堣**锛氬悗绔?4浜哄ぉ + 鍓嶇11浜哄ぉ = 绾?鍛?,该需求域必须单独定义并验证“落库”维度。,,,,NO,MANUAL_REVIEW,至少一个受影响字段无法整字段安全转换，或完整源行不可读/不可定位，或存在复合断言
REQ-ADMINPORTAL-02868,growth-operations,docs/PRD-运营增长模块.md,source_section;source_quote,**鍚堣**锛氬悗绔?4浜哄ぉ + 鍓嶇11浜哄ぉ = 绾?鍛?,**鍚堣**锛氬悗绔?4浜哄ぉ + 鍓嶇11浜哄ぉ = 绾?鍛?,该需求域必须单独定义并验证“缓存”维度。,,,,NO,MANUAL_REVIEW,至少一个受影响字段无法整字段安全转换，或完整源行不可读/不可定位，或存在复合断言
REQ-ADMINPORTAL-02869,growth-operations,docs/PRD-运营增长模块.md,source_section;source_quote,**鍚堣**锛氬悗绔?4浜哄ぉ + 鍓嶇11浜哄ぉ = 绾?鍛?,**鍚堣**锛氬悗绔?4浜哄ぉ + 鍓嶇11浜哄ぉ = 绾?鍛?,该需求域必须单独定义并验证“通知”维度。,,,,NO,MANUAL_REVIEW,至少一个受影响字段无法整字段安全转换，或完整源行不可读/不可定位，或存在复合断言
REQ-ADMINPORTAL-02870,growth-operations,docs/PRD-运营增长模块.md,source_section;source_quote,**鍚堣**锛氬悗绔?4浜哄ぉ + 鍓嶇11浜哄ぉ = 绾?鍛?,**鍚堣**锛氬悗绔?4浜哄ぉ + 鍓嶇11浜哄ぉ = 绾?鍛?,该需求域必须单独定义并验证“审计”维度。,,,,NO,MANUAL_REVIEW,至少一个受影响字段无法整字段安全转换，或完整源行不可读/不可定位，或存在复合断言
REQ-ADMINPORTAL-02871,growth-operations,docs/PRD-运营增长模块.md,source_section;source_quote,**鍚堣**锛氬悗绔?4浜哄ぉ + 鍓嶇11浜哄ぉ = 绾?鍛?,**鍚堣**锛氬悗绔?4浜哄ぉ + 鍓嶇11浜哄ぉ = 绾?鍛?,该需求域必须单独定义并验证“监控”维度。,,,,NO,MANUAL_REVIEW,至少一个受影响字段无法整字段安全转换，或完整源行不可读/不可定位，或存在复合断言
REQ-ADMINPORTAL-02872,growth-operations,docs/PRD-运营增长模块.md,source_section;source_quote,**鍚堣**锛氬悗绔?4浜哄ぉ + 鍓嶇11浜哄ぉ = 绾?鍛?,**鍚堣**锛氬悗绔?4浜哄ぉ + 鍓嶇11浜哄ぉ = 绾?鍛?,该需求域必须单独定义并验证“测试”维度。,,,,NO,MANUAL_REVIEW,至少一个受影响字段无法整字段安全转换，或完整源行不可读/不可定位，或存在复合断言
REQ-ADMINPORTAL-02873,integrations-sso,docs/PRD-第三方集成.md,source_section;source_quote,#### 16.7 前端变更,#### 16.7 前端变更,该需求域必须单独定义并验证“输入”维度。,97,97,gb18030->utf8 x1,NO,REVIEW_CANDIDATE,所有受影响字段均完成整字段可逆转换，且引用/章节可定位；仍需人工确认
REQ-ADMINPORTAL-02874,integrations-sso,docs/PRD-第三方集成.md,source_section;source_quote,#### 16.7 前端变更,#### 16.7 前端变更,该需求域必须单独定义并验证“前置”维度。,97,97,gb18030->utf8 x1,NO,REVIEW_CANDIDATE,所有受影响字段均完成整字段可逆转换，且引用/章节可定位；仍需人工确认
REQ-ADMINPORTAL-02875,integrations-sso,docs/PRD-第三方集成.md,source_section;source_quote,#### 16.7 前端变更,#### 16.7 前端变更,该需求域必须单独定义并验证“角色”维度。,97,97,gb18030->utf8 x1,NO,REVIEW_CANDIDATE,所有受影响字段均完成整字段可逆转换，且引用/章节可定位；仍需人工确认
REQ-ADMINPORTAL-02876,integrations-sso,docs/PRD-第三方集成.md,source_section;source_quote,#### 16.7 前端变更,#### 16.7 前端变更,该需求域必须单独定义并验证“权限”维度。,97,97,gb18030->utf8 x1,NO,REVIEW_CANDIDATE,所有受影响字段均完成整字段可逆转换，且引用/章节可定位；仍需人工确认
REQ-ADMINPORTAL-02877,integrations-sso,docs/PRD-第三方集成.md,source_section;source_quote,#### 16.7 前端变更,#### 16.7 前端变更,该需求域必须单独定义并验证“状态”维度。,97,97,gb18030->utf8 x1,NO,REVIEW_CANDIDATE,所有受影响字段均完成整字段可逆转换，且引用/章节可定位；仍需人工确认
REQ-ADMINPORTAL-02878,integrations-sso,docs/PRD-第三方集成.md,source_section;source_quote,#### 16.7 前端变更,#### 16.7 前端变更,该需求域必须单独定义并验证“正常”维度。,97,97,gb18030->utf8 x1,NO,REVIEW_CANDIDATE,所有受影响字段均完成整字段可逆转换，且引用/章节可定位；仍需人工确认
REQ-ADMINPORTAL-02879,integrations-sso,docs/PRD-第三方集成.md,source_section;source_quote,#### 16.7 前端变更,#### 16.7 前端变更,该需求域必须单独定义并验证“边界”维度。,97,97,gb18030->utf8 x1,NO,REVIEW_CANDIDATE,所有受影响字段均完成整字段可逆转换，且引用/章节可定位；仍需人工确认
REQ-ADMINPORTAL-02880,integrations-sso,docs/PRD-第三方集成.md,source_section;source_quote,#### 16.7 前端变更,#### 16.7 前端变更,该需求域必须单独定义并验证“异常”维度。,97,97,gb18030->utf8 x1,NO,REVIEW_CANDIDATE,所有受影响字段均完成整字段可逆转换，且引用/章节可定位；仍需人工确认
REQ-ADMINPORTAL-02881,integrations-sso,docs/PRD-第三方集成.md,source_section;source_quote,#### 16.7 前端变更,#### 16.7 前端变更,该需求域必须单独定义并验证“并发”维度。,97,97,gb18030->utf8 x1,NO,REVIEW_CANDIDATE,所有受影响字段均完成整字段可逆转换，且引用/章节可定位；仍需人工确认
REQ-ADMINPORTAL-02882,integrations-sso,docs/PRD-第三方集成.md,source_section;source_quote,#### 16.7 前端变更,#### 16.7 前端变更,该需求域必须单独定义并验证“幂等”维度。,97,97,gb18030->utf8 x1,NO,REVIEW_CANDIDATE,所有受影响字段均完成整字段可逆转换，且引用/章节可定位；仍需人工确认
REQ-ADMINPORTAL-02883,integrations-sso,docs/PRD-第三方集成.md,source_section;source_quote,#### 16.7 前端变更,#### 16.7 前端变更,该需求域必须单独定义并验证“事务”维度。,97,97,gb18030->utf8 x1,NO,REVIEW_CANDIDATE,所有受影响字段均完成整字段可逆转换，且引用/章节可定位；仍需人工确认
REQ-ADMINPORTAL-02884,integrations-sso,docs/PRD-第三方集成.md,source_section;source_quote,#### 16.7 前端变更,#### 16.7 前端变更,该需求域必须单独定义并验证“回滚”维度。,97,97,gb18030->utf8 x1,NO,REVIEW_CANDIDATE,所有受影响字段均完成整字段可逆转换，且引用/章节可定位；仍需人工确认
REQ-ADMINPORTAL-02885,integrations-sso,docs/PRD-第三方集成.md,source_section;source_quote,#### 16.7 前端变更,#### 16.7 前端变更,该需求域必须单独定义并验证“落库”维度。,97,97,gb18030->utf8 x1,NO,REVIEW_CANDIDATE,所有受影响字段均完成整字段可逆转换，且引用/章节可定位；仍需人工确认
REQ-ADMINPORTAL-02886,integrations-sso,docs/PRD-第三方集成.md,source_section;source_quote,#### 16.7 前端变更,#### 16.7 前端变更,该需求域必须单独定义并验证“缓存”维度。,97,97,gb18030->utf8 x1,NO,REVIEW_CANDIDATE,所有受影响字段均完成整字段可逆转换，且引用/章节可定位；仍需人工确认
REQ-ADMINPORTAL-02887,integrations-sso,docs/PRD-第三方集成.md,source_section;source_quote,#### 16.7 前端变更,#### 16.7 前端变更,该需求域必须单独定义并验证“通知”维度。,97,97,gb18030->utf8 x1,NO,REVIEW_CANDIDATE,所有受影响字段均完成整字段可逆转换，且引用/章节可定位；仍需人工确认
REQ-ADMINPORTAL-02888,integrations-sso,docs/PRD-第三方集成.md,source_section;source_quote,#### 16.7 前端变更,#### 16.7 前端变更,该需求域必须单独定义并验证“审计”维度。,97,97,gb18030->utf8 x1,NO,REVIEW_CANDIDATE,所有受影响字段均完成整字段可逆转换，且引用/章节可定位；仍需人工确认
REQ-ADMINPORTAL-02889,integrations-sso,docs/PRD-第三方集成.md,source_section;source_quote,#### 16.7 前端变更,#### 16.7 前端变更,该需求域必须单独定义并验证“监控”维度。,97,97,gb18030->utf8 x1,NO,REVIEW_CANDIDATE,所有受影响字段均完成整字段可逆转换，且引用/章节可定位；仍需人工确认
REQ-ADMINPORTAL-02890,integrations-sso,docs/PRD-第三方集成.md,source_section;source_quote,#### 16.7 前端变更,#### 16.7 前端变更,该需求域必须单独定义并验证“测试”维度。,97,97,gb18030->utf8 x1,NO,REVIEW_CANDIDATE,所有受影响字段均完成整字段可逆转换，且引用/章节可定位；仍需人工确认
UA2-00001,user-agent,docs/PRD-用户体系.md,source_quote;atomic_assertion,2.1 瑙掕壊涓庢潈闄愪綋绯|,馃搸 **娣卞寲鍙傝€*锛歔`docs/ref-2.1-roles-permissions.md`](ref-2.1-roles-permissions.md) 鈥鍚Bitset 鏉冮檺瀹氫箟锛0 椤癸級銆佸唴缃鑹叉潈闄愮煩闃点€佹潈闄愯绠椾紭鍏堢骇銆丄PI 鎺ュ彛銆佷腑闂翠欢浣跨敤璇存槑,馃搸 **娣卞寲鍙傝€*锛歔`docs/ref-2.1-roles-permissions.md`](ref-2.1-roles-permissions.md) 鈥鍚Bitset 鏉冮檺瀹氫箟锛0 椤癸級銆佸唴缃鑹叉潈闄愮煩闃点€佹潈闄愯绠椾紭鍏堢骇銆丄PI 鎺ュ彛銆佷腑闂翠欢浣跨敤璇存槑,,2,,NO,MANUAL_REVIEW,至少一个受影响字段无法整字段安全转换，或完整源行不可读/不可定位，或存在复合断言
UA2-00003,user-agent,docs/PRD-用户体系.md,source_quote;atomic_assertion,2.1.1 角色矩阵,骞冲彴鎷ユ湁鑰鍒涘浜,骞冲彴鎷ユ湁鑰鍒涘浜,,6,gb18030->utf8 x1,NO,MANUAL_REVIEW,至少一个受影响字段无法整字段安全转换，或完整源行不可读/不可定位，或存在复合断言
UA2-00004,user-agent,docs/PRD-用户体系.md,source_quote;atomic_assertion,2.1.1 角色矩阵,鍏ㄩ儴鏉冮檺锛屼笉鍙浠讳綍浜虹鐞,鍏ㄩ儴鏉冮檺锛屼笉鍙浠讳綍浜虹鐞,,6,gb18030->utf8 x1,NO,MANUAL_REVIEW,至少一个受影响字段无法整字段安全转换，或完整源行不可读/不可定位，或存在复合断言
UA2-00006,user-agent,docs/PRD-用户体系.md,source_quote;atomic_assertion,2.1.1 角色矩阵,鍒涘浜恒€丆TO,鍒涘浜恒€丆TO,,6,gb18030->utf8 x1,NO,MANUAL_REVIEW,至少一个受影响字段无法整字段安全转换，或完整源行不可读/不可定位，或存在复合断言
UA2-00008,user-agent,docs/PRD-用户体系.md,source_quote;atomic_assertion,2.1.1 角色矩阵,杩愯惀绠＄悊鍛,杩愯惀绠＄悊鍛,,6,gb18030->utf8 x1,NO,MANUAL_REVIEW,至少一个受影响字段无法整字段安全转换，或完整源行不可读/不可定位，或存在复合断言
UA2-00009,user-agent,docs/PRD-用户体系.md,source_quote;atomic_assertion,2.1.1 角色矩阵,闄よ储鍔℃斁娆绯荤粺瀵嗛挜澶栫殑鍏ㄩ儴绠＄悊鏉冮檺,闄よ储鍔℃斁娆绯荤粺瀵嗛挜澶栫殑鍏ㄩ儴绠＄悊鏉冮檺,,6,gb18030->utf8 x1,NO,MANUAL_REVIEW,至少一个受影响字段无法整字段安全转换，或完整源行不可读/不可定位，或存在复合断言
UA2-00011,user-agent,docs/PRD-用户体系.md,source_quote;atomic_assertion,2.1.1 角色矩阵,鏃ュ父杩愯惀璐熻矗浜,鏃ュ父杩愯惀璐熻矗浜,,6,gb18030->utf8 x1,NO,MANUAL_REVIEW,至少一个受影响字段无法整字段安全转换，或完整源行不可读/不可定位，或存在复合断言
UA2-00014,user-agent,docs/PRD-用户体系.md,source_quote;atomic_assertion,2.1.1 角色矩阵,璐㈠姟鏁版嵁鏌ョ湅銆佸厖鍊煎鏍搞€佹彁鐜板垵瀹°€佸彂绁ㄧ鐞,璐㈠姟鏁版嵁鏌ョ湅銆佸厖鍊煎鏍搞€佹彁鐜板垵瀹°€佸彂绁ㄧ鐞,,6,gb18030->utf8 x1,NO,MANUAL_REVIEW,至少一个受影响字段无法整字段安全转换，或完整源行不可读/不可定位，或存在复合断言
UA2-00018,user-agent,docs/PRD-用户体系.md,source_quote;atomic_assertion,2.1.1 角色矩阵,瀹¤宀,瀹¤宀,,6,gb18030->utf8 x1,NO,MANUAL_REVIEW,至少一个受影响字段无法整字段安全转换，或完整源行不可读/不可定位，或存在复合断言
UA2-00019,user-agent,docs/PRD-用户体系.md,source_quote;atomic_assertion,2.1.1 角色矩阵,鏃ュ織鍙鏉冮檺銆佸璁℃姤琛ㄦ煡鐪,鏃ュ織鍙鏉冮檺銆佸璁℃姤琛ㄦ煡鐪,,6,gb18030->utf8 x1,NO,MANUAL_REVIEW,至少一个受影响字段无法整字段安全转换，或完整源行不可读/不可定位，或存在复合断言
UA2-00021,user-agent,docs/PRD-用户体系.md,source_quote;atomic_assertion,2.1.1 角色矩阵,合规审计,合规审计,,6,gb18030->utf8 x1,NO,MANUAL_REVIEW,至少一个受影响字段无法整字段安全转换，或完整源行不可读/不可定位，或存在复合断言
UA2-00023,user-agent,docs/PRD-用户体系.md,source_quote;atomic_assertion,2.1.1 角色矩阵,杩愯惀宀,杩愯惀宀,,6,gb18030->utf8 x1,NO,MANUAL_REVIEW,至少一个受影响字段无法整字段安全转换，或完整源行不可读/不可定位，或存在复合断言
UA2-00024,user-agent,docs/PRD-用户体系.md,source_quote;atomic_assertion,2.1.1 角色矩阵,活动/公告/内容/邮件模板管理,活动/公告/内容/邮件模板管理,,6,gb18030->utf8 x1,NO,MANUAL_REVIEW,至少一个受影响字段无法整字段安全转换，或完整源行不可读/不可定位，或存在复合断言
UA2-00026,user-agent,docs/PRD-用户体系.md,source_quote;atomic_assertion,2.1.1 角色矩阵,运营专员,运营专员,,6,gb18030->utf8 x1,NO,MANUAL_REVIEW,至少一个受影响字段无法整字段安全转换，或完整源行不可读/不可定位，或存在复合断言
UA2-00029,user-agent,docs/PRD-用户体系.md,source_quote;atomic_assertion,2.1.1 角色矩阵,安全事件/风控规则/实名审核/封禁管理,安全事件/风控规则/实名审核/封禁管理,,6,gb18030->utf8 x1,NO,MANUAL_REVIEW,至少一个受影响字段无法整字段安全转换，或完整源行不可读/不可定位，或存在复合断言
UA2-00033,user-agent,docs/PRD-用户体系.md,source_quote;atomic_assertion,2.1.1 角色矩阵,浠ｇ悊绠＄悊宀,浠ｇ悊绠＄悊宀,,6,gb18030->utf8 x1,NO,MANUAL_REVIEW,至少一个受影响字段无法整字段安全转换，或完整源行不可读/不可定位，或存在复合断言
UA2-00034,user-agent,docs/PRD-用户体系.md,source_quote;atomic_assertion,2.1.1 角色矩阵,浠ｇ悊瀹℃牳銆佷剑閲戦厤缃€佺粨绠楀鎵,浠ｇ悊瀹℃牳銆佷剑閲戦厤缃€佺粨绠楀鎵,,6,gb18030->utf8 x1,NO,MANUAL_REVIEW,至少一个受影响字段无法整字段安全转换，或完整源行不可读/不可定位，或存在复合断言
UA2-00039,user-agent,docs/PRD-用户体系.md,source_quote;atomic_assertion,2.1.1 角色矩阵,绠＄悊鍚嶄笅鐢ㄦ埛銆佹煡鐪嬪垎浣ｆ暟鎹€佹彁鐜,绠＄悊鍚嶄笅鐢ㄦ埛銆佹煡鐪嬪垎浣ｆ暟鎹€佹彁鐜,,6,gb18030->utf8 x1,NO,MANUAL_REVIEW,至少一个受影响字段无法整字段安全转换，或完整源行不可读/不可定位，或存在复合断言
UA2-00043,user-agent,docs/PRD-用户体系.md,source_quote;atomic_assertion,2.1.1 角色矩阵,鏅€氱敤鎴,鏅€氱敤鎴,,6,gb18030->utf8 x1,NO,MANUAL_REVIEW,至少一个受影响字段无法整字段安全转换，或完整源行不可读/不可定位，或存在复合断言
UA2-00044,user-agent,docs/PRD-用户体系.md,source_quote;atomic_assertion,2.1.1 角色矩阵,绠＄悊鑷繁鐨Key銆佽皟鐢API銆佹煡鐪嬫秷璐,绠＄悊鑷繁鐨Key銆佽皟鐢API銆佹煡鐪嬫秷璐,,6,gb18030->utf8 x1,NO,MANUAL_REVIEW,至少一个受影响字段无法整字段安全转换，或完整源行不可读/不可定位，或存在复合断言
UA2-00046,user-agent,docs/PRD-用户体系.md,source_quote;atomic_assertion,2.1.1 角色矩阵,寮€鍙戣€,寮€鍙戣€,,6,gb18030->utf8 x1,NO,MANUAL_REVIEW,至少一个受影响字段无法整字段安全转换，或完整源行不可读/不可定位，或存在复合断言
UA2-00048,user-agent,docs/PRD-用户体系.md,source_quote;atomic_assertion,2.1.1 角色矩阵,寮€鍙戣€呯敤鎴,寮€鍙戣€呯敤鎴,,6,gb18030->utf8 x1,NO,MANUAL_REVIEW,至少一个受影响字段无法整字段安全转换，或完整源行不可读/不可定位，或存在复合断言
UA2-00049,user-agent,docs/PRD-用户体系.md,source_quote;atomic_assertion,2.1.1 角色矩阵,鍚user锛岄澶栧彲鏌ョ湅寮€鍙戣€呮枃妗ｅ拰浠ｇ爜绀轰緥,鍚user锛岄澶栧彲鏌ョ湅寮€鍙戣€呮枃妗ｅ拰浠ｇ爜绀轰緥,,6,gb18030->utf8 x1,NO,MANUAL_REVIEW,至少一个受影响字段无法整字段安全转换，或完整源行不可读/不可定位，或存在复合断言
UA2-00051,user-agent,docs/PRD-用户体系.md,source_quote;atomic_assertion,2.1.1 角色矩阵,闆嗘垚寮€鍙戣€,闆嗘垚寮€鍙戣€,,6,gb18030->utf8 x1,NO,MANUAL_REVIEW,至少一个受影响字段无法整字段安全转换，或完整源行不可读/不可定位，或存在复合断言
UA2-00052,user-agent,docs/PRD-用户体系.md,source_section;source_quote;atomic_assertion,2.1.2 权限引擎规格,**资源维度**（按模块划分）：,**资源维度**（按模块划分）：,23,21,gb18030->utf8 x1,NO,REVIEW_CANDIDATE,所有受影响字段均完成整字段可逆转换，且引用/章节可定位；仍需人工确认
UA2-00053,user-agent,docs/PRD-用户体系.md,source_section,2.1.2 权限引擎规格,`user`,`user`,27;78,21,gb18030->utf8 x1,NO,REVIEW_CANDIDATE,所有受影响字段均完成整字段可逆转换，且引用/章节可定位；仍需人工确认
UA2-00054,user-agent,docs/PRD-用户体系.md,source_section;source_quote;atomic_assertion,2.1.2 权限引擎规格,用户管理,用户管理,27,21,gb18030->utf8 x1,NO,REVIEW_CANDIDATE,所有受影响字段均完成整字段可逆转换，且引用/章节可定位；仍需人工确认
UA2-00055,user-agent,docs/PRD-用户体系.md,source_section;source_quote;atomic_assertion,2.1.2 权限引擎规格,列表 / 详情 / 余额操作 / 禁用,列表 / 详情 / 余额操作 / 禁用,27,21,gb18030->utf8 x1,NO,REVIEW_CANDIDATE,所有受影响字段均完成整字段可逆转换，且引用/章节可定位；仍需人工确认
UA2-00056,user-agent,docs/PRD-用户体系.md,source_section,2.1.2 权限引擎规格,`apikey`,`apikey`,28,21,gb18030->utf8 x1,NO,REVIEW_CANDIDATE,所有受影响字段均完成整字段可逆转换，且引用/章节可定位；仍需人工确认
UA2-00057,user-agent,docs/PRD-用户体系.md,source_section;source_quote;atomic_assertion,2.1.2 权限引擎规格,API Key 管理,API Key 管理,28;777,21,gb18030->utf8 x1,NO,REVIEW_CANDIDATE,所有受影响字段均完成整字段可逆转换，且引用/章节可定位；仍需人工确认
UA2-00058,user-agent,docs/PRD-用户体系.md,source_section;source_quote;atomic_assertion,2.1.2 权限引擎规格,列表 / 创建 / 编辑 / 删除 / 权限配置,列表 / 创建 / 编辑 / 删除 / 权限配置,28,21,gb18030->utf8 x1,NO,REVIEW_CANDIDATE,所有受影响字段均完成整字段可逆转换，且引用/章节可定位；仍需人工确认
UA2-00059,user-agent,docs/PRD-用户体系.md,source_section,2.1.2 权限引擎规格,`vendor`,`vendor`,,21,gb18030->utf8 x1,NO,MANUAL_REVIEW,至少一个受影响字段无法整字段安全转换，或完整源行不可读/不可定位，或存在复合断言
UA2-00060,user-agent,docs/PRD-用户体系.md,source_section;source_quote;atomic_assertion,2.1.2 权限引擎规格,渚涘簲鍟嗙鐞,渚涘簲鍟嗙鐞,,21,gb18030->utf8 x1,NO,MANUAL_REVIEW,至少一个受影响字段无法整字段安全转换，或完整源行不可读/不可定位，或存在复合断言
UA2-00061,user-agent,docs/PRD-用户体系.md,source_section;source_quote;atomic_assertion,2.1.2 权限引擎规格,鍒楄〃 / 閰嶇疆 / 鐘舵€佸垏鎹,鍒楄〃 / 閰嶇疆 / 鐘舵€佸垏鎹,,21,gb18030->utf8 x1,NO,MANUAL_REVIEW,至少一个受影响字段无法整字段安全转换，或完整源行不可读/不可定位，或存在复合断言
UA2-00062,user-agent,docs/PRD-用户体系.md,source_section,2.1.2 权限引擎规格,`model`,`model`,30,21,gb18030->utf8 x1,NO,REVIEW_CANDIDATE,所有受影响字段均完成整字段可逆转换，且引用/章节可定位；仍需人工确认
UA2-00063,user-agent,docs/PRD-用户体系.md,source_section;source_quote;atomic_assertion,2.1.2 权限引擎规格,模型管理,模型管理,30,21,gb18030->utf8 x1,NO,REVIEW_CANDIDATE,所有受影响字段均完成整字段可逆转换，且引用/章节可定位；仍需人工确认
UA2-00064,user-agent,docs/PRD-用户体系.md,source_section;source_quote;atomic_assertion,2.1.2 权限引擎规格,列表 / 价格 / 映射,列表 / 价格 / 映射,30,21,gb18030->utf8 x1,NO,REVIEW_CANDIDATE,所有受影响字段均完成整字段可逆转换，且引用/章节可定位；仍需人工确认
UA2-00065,user-agent,docs/PRD-用户体系.md,source_section,2.1.2 权限引擎规格,`finance`,`finance`,,21,gb18030->utf8 x1,NO,MANUAL_REVIEW,至少一个受影响字段无法整字段安全转换，或完整源行不可读/不可定位，或存在复合断言
UA2-00066,user-agent,docs/PRD-用户体系.md,source_section;source_quote;atomic_assertion,2.1.2 权限引擎规格,财务管理,财务管理,,21,gb18030->utf8 x1,NO,MANUAL_REVIEW,至少一个受影响字段无法整字段安全转换，或完整源行不可读/不可定位，或存在复合断言
UA2-00067,user-agent,docs/PRD-用户体系.md,source_section;source_quote;atomic_assertion,2.1.2 权限引擎规格,鎬昏 / 娴佹按 / 鍙戠エ / 閫€娆/ 鎻愮幇瀹℃牳,鎬昏 / 娴佹按 / 鍙戠エ / 閫€娆/ 鎻愮幇瀹℃牳,,21,gb18030->utf8 x1,NO,MANUAL_REVIEW,至少一个受影响字段无法整字段安全转换，或完整源行不可读/不可定位，或存在复合断言
UA2-00068,user-agent,docs/PRD-用户体系.md,source_section,2.1.2 权限引擎规格,`agent`,`agent`,,21,gb18030->utf8 x1,NO,MANUAL_REVIEW,至少一个受影响字段无法整字段安全转换，或完整源行不可读/不可定位，或存在复合断言
UA2-00069,user-agent,docs/PRD-用户体系.md,source_section;source_quote;atomic_assertion,2.1.2 权限引擎规格,浠ｇ悊鍟嗙鐞,浠ｇ悊鍟嗙鐞,,21,gb18030->utf8 x1,NO,MANUAL_REVIEW,至少一个受影响字段无法整字段安全转换，或完整源行不可读/不可定位，或存在复合断言
UA2-00070,user-agent,docs/PRD-用户体系.md,source_section,2.1.2 权限引擎规格,审核 / 佣金 / 结算,审核 / 佣金 / 结算,,21,gb18030->utf8 x1,NO,MANUAL_REVIEW,至少一个受影响字段无法整字段安全转换，或完整源行不可读/不可定位，或存在复合断言
UA2-00071,user-agent,docs/PRD-用户体系.md,source_section,2.1.2 权限引擎规格,`security`,`security`,33,21,gb18030->utf8 x1,NO,REVIEW_CANDIDATE,所有受影响字段均完成整字段可逆转换，且引用/章节可定位；仍需人工确认
UA2-00072,user-agent,docs/PRD-用户体系.md,source_section;source_quote;atomic_assertion,2.1.2 权限引擎规格,安全管理,安全管理,33,21,gb18030->utf8 x1,NO,REVIEW_CANDIDATE,所有受影响字段均完成整字段可逆转换，且引用/章节可定位；仍需人工确认
UA2-00073,user-agent,docs/PRD-用户体系.md,source_section;source_quote;atomic_assertion,2.1.2 权限引擎规格,事件 / 规则 / 封禁 / 风控,事件 / 规则 / 封禁 / 风控,33,21,gb18030->utf8 x1,NO,REVIEW_CANDIDATE,所有受影响字段均完成整字段可逆转换，且引用/章节可定位；仍需人工确认
UA2-00074,user-agent,docs/PRD-用户体系.md,source_section,2.1.2 权限引擎规格,`log`,`log`,34,21,gb18030->utf8 x1,NO,REVIEW_CANDIDATE,所有受影响字段均完成整字段可逆转换，且引用/章节可定位；仍需人工确认
UA2-00075,user-agent,docs/PRD-用户体系.md,source_section;source_quote;atomic_assertion,2.1.2 权限引擎规格,日志管理,日志管理,34,21,gb18030->utf8 x1,NO,REVIEW_CANDIDATE,所有受影响字段均完成整字段可逆转换，且引用/章节可定位；仍需人工确认
UA2-00076,user-agent,docs/PRD-用户体系.md,source_section;source_quote;atomic_assertion,2.1.2 权限引擎规格,调用日志 / 操作日志 / 审计日志,调用日志 / 操作日志 / 审计日志,34,21,gb18030->utf8 x1,NO,REVIEW_CANDIDATE,所有受影响字段均完成整字段可逆转换，且引用/章节可定位；仍需人工确认
UA2-00077,user-agent,docs/PRD-用户体系.md,source_section,2.1.2 权限引擎规格,`config`,`config`,35,21,gb18030->utf8 x1,NO,REVIEW_CANDIDATE,所有受影响字段均完成整字段可逆转换，且引用/章节可定位；仍需人工确认
UA2-00078,user-agent,docs/PRD-用户体系.md,source_section;source_quote;atomic_assertion,2.1.2 权限引擎规格,系统配置,系统配置,35;93,21,gb18030->utf8 x1,NO,REVIEW_CANDIDATE,所有受影响字段均完成整字段可逆转换，且引用/章节可定位；仍需人工确认
UA2-00079,user-agent,docs/PRD-用户体系.md,source_section;source_quote;atomic_assertion,2.1.2 权限引擎规格,参数 / 版本 / 站点 / 环境,参数 / 版本 / 站点 / 环境,35,21,gb18030->utf8 x1,NO,REVIEW_CANDIDATE,所有受影响字段均完成整字段可逆转换，且引用/章节可定位；仍需人工确认
UA2-00080,user-agent,docs/PRD-用户体系.md,source_section,2.1.2 权限引擎规格,`marketing`,`marketing`,36,21,gb18030->utf8 x1,NO,REVIEW_CANDIDATE,所有受影响字段均完成整字段可逆转换，且引用/章节可定位；仍需人工确认
UA2-00081,user-agent,docs/PRD-用户体系.md,source_section;source_quote;atomic_assertion,2.1.2 权限引擎规格,营销运营,营销运营,36,21,gb18030->utf8 x1,NO,REVIEW_CANDIDATE,所有受影响字段均完成整字段可逆转换，且引用/章节可定位；仍需人工确认
UA2-00082,user-agent,docs/PRD-用户体系.md,source_section;source_quote;atomic_assertion,2.1.2 权限引擎规格,活动 / 公告 / 内容 / 邮件模板,活动 / 公告 / 内容 / 邮件模板,36,21,gb18030->utf8 x1,NO,REVIEW_CANDIDATE,所有受影响字段均完成整字段可逆转换，且引用/章节可定位；仍需人工确认
UA2-00083,user-agent,docs/PRD-用户体系.md,source_section;source_quote;atomic_assertion,2.1.2 权限引擎规格,**鎿嶄綔缁村害**锛堟瘡涓祫婧愮嫭绔嬶級锛|,**鎿嶄綔缁村害**锛堟瘡涓祫婧愮嫭绔嬶級锛|,,21,gb18030->utf8 x1,NO,MANUAL_REVIEW,至少一个受影响字段无法整字段安全转换，或完整源行不可读/不可定位，或存在复合断言
UA2-00084,user-agent,docs/PRD-用户体系.md,source_section,2.1.2 权限引擎规格,操作代码,操作代码,40,21,gb18030->utf8 x1,NO,REVIEW_CANDIDATE,所有受影响字段均完成整字段可逆转换，且引用/章节可定位；仍需人工确认
UA2-00085,user-agent,docs/PRD-用户体系.md,source_section,2.1.2 权限引擎规格,操作,操作,40;74;75;76;77;78;79;83;84;371;579;884;1022,21,gb18030->utf8 x1,NO,REVIEW_CANDIDATE,所有受影响字段均完成整字段可逆转换，且引用/章节可定位；仍需人工确认
UA2-00086,user-agent,docs/PRD-用户体系.md,source_section,2.1.2 权限引擎规格,说明,说明,40;52;743;753;1022,21,gb18030->utf8 x1,NO,REVIEW_CANDIDATE,所有受影响字段均完成整字段可逆转换，且引用/章节可定位；仍需人工确认
UA2-00087,user-agent,docs/PRD-用户体系.md,source_section,2.1.2 权限引擎规格,`read`,`read`,,21,gb18030->utf8 x1,NO,MANUAL_REVIEW,至少一个受影响字段无法整字段安全转换，或完整源行不可读/不可定位，或存在复合断言
UA2-00088,user-agent,docs/PRD-用户体系.md,source_section;source_quote;atomic_assertion,2.1.2 权限引擎规格,查看,查看,,21,gb18030->utf8 x1,NO,MANUAL_REVIEW,至少一个受影响字段无法整字段安全转换，或完整源行不可读/不可定位，或存在复合断言
UA2-00089,user-agent,docs/PRD-用户体系.md,source_section;source_quote;atomic_assertion,2.1.2 权限引擎规格,鍒楄〃鍜岃鎯,鍒楄〃鍜岃鎯,,21,gb18030->utf8 x1,NO,MANUAL_REVIEW,至少一个受影响字段无法整字段安全转换，或完整源行不可读/不可定位，或存在复合断言
UA2-00090,user-agent,docs/PRD-用户体系.md,source_section,2.1.2 权限引擎规格,`create`,`create`,43,21,gb18030->utf8 x1,NO,REVIEW_CANDIDATE,所有受影响字段均完成整字段可逆转换，且引用/章节可定位；仍需人工确认
UA2-00091,user-agent,docs/PRD-用户体系.md,source_section;source_quote;atomic_assertion,2.1.2 权限引擎规格,创建,创建,28;43;805;816;933,21,gb18030->utf8 x1,NO,REVIEW_CANDIDATE,所有受影响字段均完成整字段可逆转换，且引用/章节可定位；仍需人工确认
UA2-00092,user-agent,docs/PRD-用户体系.md,source_section;source_quote;atomic_assertion,2.1.2 权限引擎规格,新增,新增,43,21,gb18030->utf8 x1,NO,REVIEW_CANDIDATE,所有受影响字段均完成整字段可逆转换，且引用/章节可定位；仍需人工确认
UA2-00093,user-agent,docs/PRD-用户体系.md,source_section,2.1.2 权限引擎规格,`update`,`update`,44,21,gb18030->utf8 x1,NO,REVIEW_CANDIDATE,所有受影响字段均完成整字段可逆转换，且引用/章节可定位；仍需人工确认
UA2-00094,user-agent,docs/PRD-用户体系.md,source_section,2.1.2 权限引擎规格,编辑,编辑,838,21,gb18030->utf8 x1,NO,REVIEW_CANDIDATE,所有受影响字段均完成整字段可逆转换，且引用/章节可定位；仍需人工确认
UA2-00095,user-agent,docs/PRD-用户体系.md,source_section;source_quote;atomic_assertion,2.1.2 权限引擎规格,修改现有数据,修改现有数据,44,21,gb18030->utf8 x1,NO,REVIEW_CANDIDATE,所有受影响字段均完成整字段可逆转换，且引用/章节可定位；仍需人工确认
UA2-00096,user-agent,docs/PRD-用户体系.md,source_section,2.1.2 权限引擎规格,`delete`,`delete`,45,21,gb18030->utf8 x1,NO,REVIEW_CANDIDATE,所有受影响字段均完成整字段可逆转换，且引用/章节可定位；仍需人工确认
UA2-00097,user-agent,docs/PRD-用户体系.md,source_section,2.1.2 权限引擎规格,删除,删除,45;96,21,gb18030->utf8 x1,NO,REVIEW_CANDIDATE,所有受影响字段均完成整字段可逆转换，且引用/章节可定位；仍需人工确认
UA2-00098,user-agent,docs/PRD-用户体系.md,source_section,2.1.2 权限引擎规格,移除,移除,45,21,gb18030->utf8 x1,NO,REVIEW_CANDIDATE,所有受影响字段均完成整字段可逆转换，且引用/章节可定位；仍需人工确认
UA2-00099,user-agent,docs/PRD-用户体系.md,source_section,2.1.2 权限引擎规格,`export`,`export`,46,21,gb18030->utf8 x1,NO,REVIEW_CANDIDATE,所有受影响字段均完成整字段可逆转换，且引用/章节可定位；仍需人工确认
UA2-00100,user-agent,docs/PRD-用户体系.md,source_section,2.1.2 权限引擎规格,导出,导出,46;300;1029,21,gb18030->utf8 x1,NO,REVIEW_CANDIDATE,所有受影响字段均完成整字段可逆转换，且引用/章节可定位；仍需人工确认
UA2-00101,user-agent,docs/PRD-用户体系.md,source_section,2.1.2 权限引擎规格,批量导出数据,批量导出数据,46,21,gb18030->utf8 x1,NO,REVIEW_CANDIDATE,所有受影响字段均完成整字段可逆转换，且引用/章节可定位；仍需人工确认
UA2-00102,user-agent,docs/PRD-用户体系.md,source_section;source_quote;atomic_assertion,2.1.2 权限引擎规格,| `audit` | 瀹℃牳 | 瀹℃牳鎿嶄綔锛堟彁鐜瀹炲悕/缁撶畻锛墊,| `audit` | 瀹℃牳 | 瀹℃牳鎿嶄綔锛堟彁鐜瀹炲悕/缁撶畻锛墊,,21,gb18030->utf8 x1,NO,MANUAL_REVIEW,至少一个受影响字段无法整字段安全转换，或完整源行不可读/不可定位，或存在复合断言
UA2-00103,user-agent,docs/PRD-用户体系.md,source_section;source_quote;atomic_assertion,2.1.2 权限引擎规格,| `operate` | 鎿嶄綔 | 鐗规畩鎿嶄綔锛堢鐢ㄧ敤鎴璋冩暣浣欓锛墊,| `operate` | 鎿嶄綔 | 鐗规畩鎿嶄綔锛堢鐢ㄧ敤鎴璋冩暣浣欓锛墊,,21,gb18030->utf8 x1,NO,MANUAL_REVIEW,至少一个受影响字段无法整字段安全转换，或完整源行不可读/不可定位，或存在复合断言
UA2-00104,user-agent,docs/PRD-用户体系.md,source_section;source_quote;atomic_assertion,2.1.2 权限引擎规格,**鏁版嵁鑼冨洿闄愬埗**锛|,**鏁版嵁鑼冨洿闄愬埗**锛|,,21,gb18030->utf8 x1,NO,MANUAL_REVIEW,至少一个受影响字段无法整字段安全转换，或完整源行不可读/不可定位，或存在复合断言
UA2-00105,user-agent,docs/PRD-用户体系.md,source_section,2.1.2 权限引擎规格,范围,范围,52;297;684,21,gb18030->utf8 x1,NO,REVIEW_CANDIDATE,所有受影响字段均完成整字段可逆转换，且引用/章节可定位；仍需人工确认
UA2-00107,user-agent,docs/PRD-用户体系.md,source_section,2.1.2 权限引擎规格,示例,示例,52;1095,21,gb18030->utf8 x1,NO,REVIEW_CANDIDATE,所有受影响字段均完成整字段可逆转换，且引用/章节可定位；仍需人工确认
UA2-00108,user-agent,docs/PRD-用户体系.md,source_section,2.1.2 权限引擎规格,`all`,`all`,54,21,gb18030->utf8 x1,NO,REVIEW_CANDIDATE,所有受影响字段均完成整字段可逆转换，且引用/章节可定位；仍需人工确认
UA2-00109,user-agent,docs/PRD-用户体系.md,source_section,2.1.2 权限引擎规格,鍏ㄥ钩鍙版暟鎹,鍏ㄥ钩鍙版暟鎹,54,21,gb18030->utf8 x1,NO,REVIEW_CANDIDATE,所有受影响字段均完成整字段可逆转换，且引用/章节可定位；仍需人工确认
UA2-00110,user-agent,docs/PRD-用户体系.md,source_section,2.1.2 权限引擎规格,"super_admin, admin","super_admin, admin",54,21,gb18030->utf8 x1,NO,REVIEW_CANDIDATE,所有受影响字段均完成整字段可逆转换，且引用/章节可定位；仍需人工确认
UA2-00111,user-agent,docs/PRD-用户体系.md,source_section,2.1.2 权限引擎规格,`agent_only`,`agent_only`,,21,gb18030->utf8 x1,NO,MANUAL_REVIEW,至少一个受影响字段无法整字段安全转换，或完整源行不可读/不可定位，或存在复合断言
UA2-00112,user-agent,docs/PRD-用户体系.md,source_section,2.1.2 权限引擎规格,浠呭悕涓嬪叧鑱旂敤鎴,浠呭悕涓嬪叧鑱旂敤鎴,,21,gb18030->utf8 x1,NO,MANUAL_REVIEW,至少一个受影响字段无法整字段安全转换，或完整源行不可读/不可定位，或存在复合断言
UA2-00113,user-agent,docs/PRD-用户体系.md,source_section;source_quote;atomic_assertion,2.1.2 权限引擎规格,agent 鍙兘鐪嬪埌鑷繁鍚嶄笅鐨勭敤鎴锋暟鎹,agent 鍙兘鐪嬪埌鑷繁鍚嶄笅鐨勭敤鎴锋暟鎹,,21,gb18030->utf8 x1,NO,MANUAL_REVIEW,至少一个受影响字段无法整字段安全转换，或完整源行不可读/不可定位，或存在复合断言
UA2-00114,user-agent,docs/PRD-用户体系.md,source_section,2.1.2 权限引擎规格,`self`,`self`,,21,gb18030->utf8 x1,NO,MANUAL_REVIEW,至少一个受影响字段无法整字段安全转换，或完整源行不可读/不可定位，或存在复合断言
UA2-00115,user-agent,docs/PRD-用户体系.md,source_section,2.1.2 权限引擎规格,浠呰嚜宸,浠呰嚜宸,,21,gb18030->utf8 x1,NO,MANUAL_REVIEW,至少一个受影响字段无法整字段安全转换，或完整源行不可读/不可定位，或存在复合断言
UA2-00116,user-agent,docs/PRD-用户体系.md,source_section;source_quote;atomic_assertion,2.1.2 权限引擎规格,user 鍙兘鐪嬪埌鑷繁鐨勬暟鎹,user 鍙兘鐪嬪埌鑷繁鐨勬暟鎹,,21,gb18030->utf8 x1,NO,MANUAL_REVIEW,至少一个受影响字段无法整字段安全转换，或完整源行不可读/不可定位，或存在复合断言
UA2-00117,user-agent,docs/PRD-用户体系.md,source_section;source_quote;atomic_assertion,2.1.2 权限引擎规格,**瑙掕壊妯℃澘棰勮**锛|,**瑙掕壊妯℃澘棰勮**锛|,,21,gb18030->utf8 x1,NO,MANUAL_REVIEW,至少一个受影响字段无法整字段安全转换，或完整源行不可读/不可定位，或存在复合断言
UA2-00118,user-agent,docs/PRD-用户体系.md,source_section;source_quote;atomic_assertion,2.1.2 权限引擎规格,模板名称,模板名称,60,21,gb18030->utf8 x1,NO,REVIEW_CANDIDATE,所有受影响字段均完成整字段可逆转换，且引用/章节可定位；仍需人工确认
UA2-00119,user-agent,docs/PRD-用户体系.md,source_section,2.1.2 权限引擎规格,包含权限,包含权限,,21,gb18030->utf8 x1,NO,MANUAL_REVIEW,至少一个受影响字段无法整字段安全转换，或完整源行不可读/不可定位，或存在复合断言
UA2-00120,user-agent,docs/PRD-用户体系.md,source_section,2.1.2 权限引擎规格,适用场景,适用场景,,21,gb18030->utf8 x1,NO,MANUAL_REVIEW,至少一个受影响字段无法整字段安全转换，或完整源行不可读/不可定位，或存在复合断言
UA2-00121,user-agent,docs/PRD-用户体系.md,source_section,2.1.2 权限引擎规格,财务专员,财务专员,,21,gb18030->utf8 x1,NO,MANUAL_REVIEW,至少一个受影响字段无法整字段安全转换，或完整源行不可读/不可定位，或存在复合断言
UA2-00122,user-agent,docs/PRD-用户体系.md,source_section,2.1.2 权限引擎规格,"finance:{read, create, update, export, audit}","finance:{read, create, update, export, audit}",,21,gb18030->utf8 x1,NO,MANUAL_REVIEW,至少一个受影响字段无法整字段安全转换，或完整源行不可读/不可定位，或存在复合断言
UA2-00123,user-agent,docs/PRD-用户体系.md,source_section;source_quote;atomic_assertion,2.1.2 权限引擎规格,璐㈠姟璁拌处銆佸鏍,璐㈠姟璁拌处銆佸鏍,,21,gb18030->utf8 x1,NO,MANUAL_REVIEW,至少一个受影响字段无法整字段安全转换，或完整源行不可读/不可定位，或存在复合断言
UA2-00124,user-agent,docs/PRD-用户体系.md,source_section;source_quote;atomic_assertion,2.1.2 权限引擎规格,运营专员,运营专员,,21,gb18030->utf8 x1,NO,MANUAL_REVIEW,至少一个受影响字段无法整字段安全转换，或完整源行不可读/不可定位，或存在复合断言
UA2-00125,user-agent,docs/PRD-用户体系.md,source_section,2.1.2 权限引擎规格,"marketing:{all}, config:{read}, log:{read}","marketing:{all}, config:{read}, log:{read}",,21,gb18030->utf8 x1,NO,MANUAL_REVIEW,至少一个受影响字段无法整字段安全转换，或完整源行不可读/不可定位，或存在复合断言
UA2-00126,user-agent,docs/PRD-用户体系.md,source_section,2.1.2 权限引擎规格,娲诲姩銆佸唴瀹硅繍钀,娲诲姩銆佸唴瀹硅繍钀,,21,gb18030->utf8 x1,NO,MANUAL_REVIEW,至少一个受影响字段无法整字段安全转换，或完整源行不可读/不可定位，或存在复合断言
UA2-00127,user-agent,docs/PRD-用户体系.md,source_section,2.1.2 权限引擎规格,客服专员,客服专员,,21,gb18030->utf8 x1,NO,MANUAL_REVIEW,至少一个受影响字段无法整字段安全转换，或完整源行不可读/不可定位，或存在复合断言
UA2-00128,user-agent,docs/PRD-用户体系.md,source_section,2.1.2 权限引擎规格,"user:{read}, finance:{read}, log:{read}","user:{read}, finance:{read}, log:{read}",64,21,gb18030->utf8 x1,NO,REVIEW_CANDIDATE,所有受影响字段均完成整字段可逆转换，且引用/章节可定位；仍需人工确认
UA2-00129,user-agent,docs/PRD-用户体系.md,source_section;source_quote;atomic_assertion,2.1.2 权限引擎规格,处理用户咨询,处理用户咨询,64,21,gb18030->utf8 x1,NO,REVIEW_CANDIDATE,所有受影响字段均完成整字段可逆转换，且引用/章节可定位；仍需人工确认
UA2-00130,user-agent,docs/PRD-用户体系.md,source_section;source_quote;atomic_assertion,2.1.2 权限引擎规格,瀹¤鍛,瀹¤鍛,,21,gb18030->utf8 x1,NO,MANUAL_REVIEW,至少一个受影响字段无法整字段安全转换，或完整源行不可读/不可定位，或存在复合断言
UA2-00131,user-agent,docs/PRD-用户体系.md,source_section,2.1.2 权限引擎规格,"log:{read}, finance:{read}","log:{read}, finance:{read}",,21,gb18030->utf8 x1,NO,MANUAL_REVIEW,至少一个受影响字段无法整字段安全转换，或完整源行不可读/不可定位，或存在复合断言
UA2-00132,user-agent,docs/PRD-用户体系.md,source_section;source_quote;atomic_assertion,2.1.2 权限引擎规格,合规审计,合规审计,,21,gb18030->utf8 x1,NO,MANUAL_REVIEW,至少一个受影响字段无法整字段安全转换，或完整源行不可读/不可定位，或存在复合断言
UA2-00133,user-agent,docs/PRD-用户体系.md,source_section;source_quote;atomic_assertion,2.1.2 权限引擎规格,鍙绠＄悊鍛,鍙绠＄悊鍛,,21,gb18030->utf8 x1,NO,MANUAL_REVIEW,至少一个受影响字段无法整字段安全转换，或完整源行不可读/不可定位，或存在复合断言
UA2-00134,user-agent,docs/PRD-用户体系.md,source_section;source_quote;atomic_assertion,2.1.2 权限引擎规格,鎵€鏈夎祫婧{read},鎵€鏈夎祫婧{read},,21,gb18030->utf8 x1,NO,MANUAL_REVIEW,至少一个受影响字段无法整字段安全转换，或完整源行不可读/不可定位，或存在复合断言
UA2-00135,user-agent,docs/PRD-用户体系.md,source_section;source_quote;atomic_assertion,2.1.2 权限引擎规格,鏁版嵁鏌ョ湅銆佹姤琛,鏁版嵁鏌ョ湅銆佹姤琛,,21,gb18030->utf8 x1,NO,MANUAL_REVIEW,至少一个受影响字段无法整字段安全转换，或完整源行不可读/不可定位，或存在复合断言
UA2-00136,user-agent,docs/PRD-用户体系.md,source_section;source_quote;atomic_assertion,2.1.3 澶氱鐞嗗憳鍗忎綔涓庢搷浣滃璁|,**鎿嶄綔鏃ュ織璁板綍鍐呭**锛堟瘡鏉¤褰曞繀椤诲寘鍚級锛|,**鎿嶄綔鏃ュ織璁板綍鍐呭**锛堟瘡鏉¤褰曞繀椤诲寘鍚級锛|,,,,NO,MANUAL_REVIEW,至少一个受影响字段无法整字段安全转换，或完整源行不可读/不可定位，或存在复合断言
UA2-00137,user-agent,docs/PRD-用户体系.md,source_section,2.1.3 澶氱鐞嗗憳鍗忎綔涓庢搷浣滃璁|,`operator_id`,`operator_id`,74,,,NO,MANUAL_REVIEW,至少一个受影响字段无法整字段安全转换，或完整源行不可读/不可定位，或存在复合断言
UA2-00138,user-agent,docs/PRD-用户体系.md,source_section,2.1.3 澶氱鐞嗗憳鍗忎綔涓庢搷浣滃璁|,鎿嶄綔浜虹敤鎴ID,鎿嶄綔浜虹敤鎴ID,74,,,NO,MANUAL_REVIEW,至少一个受影响字段无法整字段安全转换，或完整源行不可读/不可定位，或存在复合断言
UA2-00139,user-agent,docs/PRD-用户体系.md,source_section,2.1.3 澶氱鐞嗗憳鍗忎綔涓庢搷浣滃璁|,`u_10086`,`u_10086`,74,,,NO,MANUAL_REVIEW,至少一个受影响字段无法整字段安全转换，或完整源行不可读/不可定位，或存在复合断言
UA2-00140,user-agent,docs/PRD-用户体系.md,source_section,2.1.3 澶氱鐞嗗憳鍗忎綔涓庢搷浣滃璁|,`operator_name`,`operator_name`,75,,,NO,MANUAL_REVIEW,至少一个受影响字段无法整字段安全转换，或完整源行不可读/不可定位，或存在复合断言
UA2-00141,user-agent,docs/PRD-用户体系.md,source_section,2.1.3 澶氱鐞嗗憳鍗忎綔涓庢搷浣滃璁|,鎿嶄綔浜烘樀绉,鎿嶄綔浜烘樀绉,75,,,NO,MANUAL_REVIEW,至少一个受影响字段无法整字段安全转换，或完整源行不可读/不可定位，或存在复合断言
UA2-00142,user-agent,docs/PRD-用户体系.md,source_section,2.1.3 澶氱鐞嗗憳鍗忎綔涓庢搷浣滃璁|,`张三`,`张三`,75,,gb18030->utf8 x1,NO,MANUAL_REVIEW,至少一个受影响字段无法整字段安全转换，或完整源行不可读/不可定位，或存在复合断言
UA2-00143,user-agent,docs/PRD-用户体系.md,source_section,2.1.3 澶氱鐞嗗憳鍗忎綔涓庢搷浣滃璁|,`operator_ip`,`operator_ip`,76,,,NO,MANUAL_REVIEW,至少一个受影响字段无法整字段安全转换，或完整源行不可读/不可定位，或存在复合断言
UA2-00144,user-agent,docs/PRD-用户体系.md,source_section,2.1.3 澶氱鐞嗗憳鍗忎綔涓庢搷浣滃璁|,鎿嶄綔浜烘潵婧IP,鎿嶄綔浜烘潵婧IP,76,,,NO,MANUAL_REVIEW,至少一个受影响字段无法整字段安全转换，或完整源行不可读/不可定位，或存在复合断言
UA2-00145,user-agent,docs/PRD-用户体系.md,source_section,2.1.3 澶氱鐞嗗憳鍗忎綔涓庢搷浣滃璁|,`117.78.2.66`,`117.78.2.66`,76,,,NO,MANUAL_REVIEW,至少一个受影响字段无法整字段安全转换，或完整源行不可读/不可定位，或存在复合断言
UA2-00146,user-agent,docs/PRD-用户体系.md,source_section,2.1.3 澶氱鐞嗗憳鍗忎綔涓庢搷浣滃璁|,`action`,`action`,77,,,NO,MANUAL_REVIEW,至少一个受影响字段无法整字段安全转换，或完整源行不可读/不可定位，或存在复合断言
UA2-00147,user-agent,docs/PRD-用户体系.md,source_section,2.1.3 澶氱鐞嗗憳鍗忎綔涓庢搷浣滃璁|,操作类型,操作类型,77,,gb18030->utf8 x1,NO,MANUAL_REVIEW,至少一个受影响字段无法整字段安全转换，或完整源行不可读/不可定位，或存在复合断言
UA2-00148,user-agent,docs/PRD-用户体系.md,source_section,2.1.3 澶氱鐞嗗憳鍗忎綔涓庢搷浣滃璁|,`user.balance.adjust`,`user.balance.adjust`,77,,,NO,MANUAL_REVIEW,至少一个受影响字段无法整字段安全转换，或完整源行不可读/不可定位，或存在复合断言
UA2-00149,user-agent,docs/PRD-用户体系.md,source_section,2.1.3 澶氱鐞嗗憳鍗忎綔涓庢搷浣滃璁|,`target_type`,`target_type`,78,,,NO,MANUAL_REVIEW,至少一个受影响字段无法整字段安全转换，或完整源行不可读/不可定位，或存在复合断言
UA2-00150,user-agent,docs/PRD-用户体系.md,source_section,2.1.3 澶氱鐞嗗憳鍗忎綔涓庢搷浣滃璁|,操作对象类型,操作对象类型,78,,gb18030->utf8 x1,NO,MANUAL_REVIEW,至少一个受影响字段无法整字段安全转换，或完整源行不可读/不可定位，或存在复合断言
UA2-00151,user-agent,docs/PRD-用户体系.md,source_section,2.1.3 澶氱鐞嗗憳鍗忎綔涓庢搷浣滃璁|,`user`,`user`,27;78,,,NO,MANUAL_REVIEW,至少一个受影响字段无法整字段安全转换，或完整源行不可读/不可定位，或存在复合断言
UA2-00152,user-agent,docs/PRD-用户体系.md,source_section,2.1.3 澶氱鐞嗗憳鍗忎綔涓庢搷浣滃璁|,`target_id`,`target_id`,79,,,NO,MANUAL_REVIEW,至少一个受影响字段无法整字段安全转换，或完整源行不可读/不可定位，或存在复合断言
UA2-00153,user-agent,docs/PRD-用户体系.md,source_section,2.1.3 澶氱鐞嗗憳鍗忎綔涓庢搷浣滃璁|,操作对象 ID,操作对象 ID,79,,gb18030->utf8 x1,NO,MANUAL_REVIEW,至少一个受影响字段无法整字段安全转换，或完整源行不可读/不可定位，或存在复合断言
UA2-00154,user-agent,docs/PRD-用户体系.md,source_section,2.1.3 澶氱鐞嗗憳鍗忎綔涓庢搷浣滃璁|,`u_10087`,`u_10087`,79,,,NO,MANUAL_REVIEW,至少一个受影响字段无法整字段安全转换，或完整源行不可读/不可定位，或存在复合断言
UA2-00155,user-agent,docs/PRD-用户体系.md,source_section,2.1.3 澶氱鐞嗗憳鍗忎綔涓庢搷浣滃璁|,`before_value`,`before_value`,,,,NO,MANUAL_REVIEW,至少一个受影响字段无法整字段安全转换，或完整源行不可读/不可定位，或存在复合断言
UA2-00156,user-agent,docs/PRD-用户体系.md,source_section;source_quote;atomic_assertion,2.1.3 澶氱鐞嗗憳鍗忎綔涓庢搷浣滃璁|,"鎿嶄綔鍓嶅€硷紙鏁忔劅鎿嶄綔蹇呭～锛墊 `{""balance"": 500.00}`","鎿嶄綔鍓嶅€硷紙鏁忔劅鎿嶄綔蹇呭～锛墊 `{""balance"": 500.00}`",,,,NO,MANUAL_REVIEW,至少一个受影响字段无法整字段安全转换，或完整源行不可读/不可定位，或存在复合断言
UA2-00157,user-agent,docs/PRD-用户体系.md,source_section,2.1.3 澶氱鐞嗗憳鍗忎綔涓庢搷浣滃璁|,`after_value`,`after_value`,,,,NO,MANUAL_REVIEW,至少一个受影响字段无法整字段安全转换，或完整源行不可读/不可定位，或存在复合断言
UA2-00158,user-agent,docs/PRD-用户体系.md,source_section;source_quote;atomic_assertion,2.1.3 澶氱鐞嗗憳鍗忎綔涓庢搷浣滃璁|,"鎿嶄綔鍚庡€硷紙鏁忔劅鎿嶄綔蹇呭～锛墊 `{""balance"": 300.00}`","鎿嶄綔鍚庡€硷紙鏁忔劅鎿嶄綔蹇呭～锛墊 `{""balance"": 300.00}`",,,,NO,MANUAL_REVIEW,至少一个受影响字段无法整字段安全转换，或完整源行不可读/不可定位，或存在复合断言
UA2-00159,user-agent,docs/PRD-用户体系.md,source_section,2.1.3 澶氱鐞嗗憳鍗忎綔涓庢搷浣滃璁|,`reason`,`reason`,,,,NO,MANUAL_REVIEW,至少一个受影响字段无法整字段安全转换，或完整源行不可读/不可定位，或存在复合断言
UA2-00160,user-agent,docs/PRD-用户体系.md,source_section,2.1.3 澶氱鐞嗗憳鍗忎綔涓庢搷浣滃璁|,操作理由,操作理由,,,gb18030->utf8 x1,NO,MANUAL_REVIEW,至少一个受影响字段无法整字段安全转换，或完整源行不可读/不可定位，或存在复合断言
UA2-00161,user-agent,docs/PRD-用户体系.md,source_section;source_quote;atomic_assertion,2.1.3 澶氱鐞嗗憳鍗忎綔涓庢搷浣滃璁|,`鐢ㄦ埛鐢宠閫€娆捐皟鏁碻,`鐢ㄦ埛鐢宠閫€娆捐皟鏁碻,,,,NO,MANUAL_REVIEW,至少一个受影响字段无法整字段安全转换，或完整源行不可读/不可定位，或存在复合断言
UA2-00162,user-agent,docs/PRD-用户体系.md,source_section,2.1.3 澶氱鐞嗗憳鍗忎綔涓庢搷浣滃璁|,`result`,`result`,83,,,NO,MANUAL_REVIEW,至少一个受影响字段无法整字段安全转换，或完整源行不可读/不可定位，或存在复合断言
UA2-00163,user-agent,docs/PRD-用户体系.md,source_section,2.1.3 澶氱鐞嗗憳鍗忎綔涓庢搷浣滃璁|,操作结果,操作结果,83,,gb18030->utf8 x1,NO,MANUAL_REVIEW,至少一个受影响字段无法整字段安全转换，或完整源行不可读/不可定位，或存在复合断言
UA2-00164,user-agent,docs/PRD-用户体系.md,source_section,2.1.3 澶氱鐞嗗憳鍗忎綔涓庢搷浣滃璁|,`success` / `failed`,`success` / `failed`,83,,,NO,MANUAL_REVIEW,至少一个受影响字段无法整字段安全转换，或完整源行不可读/不可定位，或存在复合断言
UA2-00165,user-agent,docs/PRD-用户体系.md,source_section,2.1.3 澶氱鐞嗗憳鍗忎綔涓庢搷浣滃璁|,`timestamp`,`timestamp`,84,,,NO,MANUAL_REVIEW,至少一个受影响字段无法整字段安全转换，或完整源行不可读/不可定位，或存在复合断言
UA2-00166,user-agent,docs/PRD-用户体系.md,source_section,2.1.3 澶氱鐞嗗憳鍗忎綔涓庢搷浣滃璁|,操作时间,操作时间,84,,gb18030->utf8 x1,NO,MANUAL_REVIEW,至少一个受影响字段无法整字段安全转换，或完整源行不可读/不可定位，或存在复合断言
UA2-00167,user-agent,docs/PRD-用户体系.md,source_section,2.1.3 澶氱鐞嗗憳鍗忎綔涓庢搷浣滃璁|,`2026-07-26 11:30:00`,`2026-07-26 11:30:00`,84,,,NO,MANUAL_REVIEW,至少一个受影响字段无法整字段安全转换，或完整源行不可读/不可定位，或存在复合断言
UA2-00168,user-agent,docs/PRD-用户体系.md,source_section;source_quote;atomic_assertion,2.1.3 澶氱鐞嗗憳鍗忎綔涓庢搷浣滃璁|,**鏁忔劅鎿嶄綔鍒楄〃**锛堝繀椤昏褰曞墠鍚庡€+ 闇€浜屾纭锛夛細,**鏁忔劅鎿嶄綔鍒楄〃**锛堝繀椤昏褰曞墠鍚庡€+ 闇€浜屾纭锛夛細,,,,NO,MANUAL_REVIEW,至少一个受影响字段无法整字段安全转换，或完整源行不可读/不可定位，或存在复合断言
UA2-00169,user-agent,docs/PRD-用户体系.md,source_section;source_quote;atomic_assertion,2.1.3 澶氱鐞嗗憳鍗忎綔涓庢搷浣滃璁|,**鏁忔劅鎿嶄綔瀹℃壒娴*锛|,**鏁忔劅鎿嶄綔瀹℃壒娴*锛|,,,,NO,MANUAL_REVIEW,至少一个受影响字段无法整字段安全转换，或完整源行不可读/不可定位，或存在复合断言
UA2-00170,user-agent,docs/PRD-用户体系.md,source_section;source_quote;atomic_assertion,2.2 鐢ㄦ埛绔姛鑳借鏍|,馃搸 **娣卞寲鍙傝€*锛歔`docs/ref-2.2-user-dashboard.md`](ref-2.2-user-dashboard.md) 鈥鍚Drizzle Schema 琛ュ厖銆佸畬鏁API 鎺ュ彛銆6 鍖哄煙缁勪欢 Props銆佺姸鎬佺鐞嗐€佷氦鍙夊紩鐢ㄤ笌璋冪敤閾|,馃搸 **娣卞寲鍙傝€*锛歔`docs/ref-2.2-user-dashboard.md`](ref-2.2-user-dashboard.md) 鈥鍚Drizzle Schema 琛ュ厖銆佸畬鏁API 鎺ュ彛銆6 鍖哄煙缁勪欢 Props銆佺姸鎬佺鐞嗐€佷氦鍙夊紩鐢ㄤ笌璋冪敤閾|,,,,NO,MANUAL_REVIEW,至少一个受影响字段无法整字段安全转换，或完整源行不可读/不可定位，或存在复合断言
UA2-00171,user-agent,docs/PRD-用户体系.md,source_section;source_quote;atomic_assertion,鍖哄煙 1锛氭杩庡崱鐗|,**字段规格**,**字段规格**,128;166;201;530;1297,,gb18030->utf8 x1,NO,MANUAL_REVIEW,至少一个受影响字段无法整字段安全转换，或完整源行不可读/不可定位，或存在复合断言
UA2-00172,user-agent,docs/PRD-用户体系.md,source_section;source_quote;atomic_assertion,鍖哄煙 1锛氭杩庡崱鐗|,用户昵称,用户昵称,132,,gb18030->utf8 x1,NO,MANUAL_REVIEW,至少一个受影响字段无法整字段安全转换，或完整源行不可读/不可定位，或存在复合断言
UA2-00173,user-agent,docs/PRD-用户体系.md,source_section,鍖哄煙 1锛氭杩庡崱鐗|,text,text,132;640;665;1301;1302;1307,,,NO,MANUAL_REVIEW,至少一个受影响字段无法整字段安全转换，或完整源行不可读/不可定位，或存在复合断言
UA2-00174,user-agent,docs/PRD-用户体系.md,source_section,鍖哄煙 1锛氭杩庡崱鐗|,`users.nickname`,`users.nickname`,132,,,NO,MANUAL_REVIEW,至少一个受影响字段无法整字段安全转换，或完整源行不可读/不可定位，或存在复合断言
UA2-00175,user-agent,docs/PRD-用户体系.md,source_section,鍖哄煙 1锛氭杩庡崱鐗|,会话加载,会话加载,134,,gb18030->utf8 x1,NO,MANUAL_REVIEW,至少一个受影响字段无法整字段安全转换，或完整源行不可读/不可定位，或存在复合断言
UA2-00176,user-agent,docs/PRD-用户体系.md,source_section;source_quote;atomic_assertion,鍖哄煙 1锛氭杩庡崱鐗|,显示邮箱前缀,显示邮箱前缀,132,,gb18030->utf8 x1,NO,MANUAL_REVIEW,至少一个受影响字段无法整字段安全转换，或完整源行不可读/不可定位，或存在复合断言
UA2-00177,user-agent,docs/PRD-用户体系.md,source_section;source_quote;atomic_assertion,鍖哄煙 1锛氭杩庡崱鐗|,角色标签,角色标签,,,gb18030->utf8 x1,NO,MANUAL_REVIEW,至少一个受影响字段无法整字段安全转换，或完整源行不可读/不可定位，或存在复合断言
UA2-00178,user-agent,docs/PRD-用户体系.md,source_section,鍖哄煙 1锛氭杩庡崱鐗|,badge,badge,134,,,NO,MANUAL_REVIEW,至少一个受影响字段无法整字段安全转换，或完整源行不可读/不可定位，或存在复合断言
UA2-00179,user-agent,docs/PRD-用户体系.md,source_section,鍖哄煙 1锛氭杩庡崱鐗|,`users.role`,`users.role`,,,,NO,MANUAL_REVIEW,至少一个受影响字段无法整字段安全转换，或完整源行不可读/不可定位，或存在复合断言
UA2-00181,user-agent,docs/PRD-用户体系.md,source_section,鍖哄煙 1锛氭杩庡崱鐗|,涓嶆樉绀,涓嶆樉绀,134,,,NO,MANUAL_REVIEW,至少一个受影响字段无法整字段安全转换，或完整源行不可读/不可定位，或存在复合断言
UA2-00182,user-agent,docs/PRD-用户体系.md,source_section,鍖哄煙 1锛氭杩庡崱鐗|,VIP 标识,VIP 标识,134,,gb18030->utf8 x1,NO,MANUAL_REVIEW,至少一个受影响字段无法整字段安全转换，或完整源行不可读/不可定位，或存在复合断言
UA2-00184,user-agent,docs/PRD-用户体系.md,source_section,鍖哄煙 1锛氭杩庡崱鐗|,`users.vip_level`,`users.vip_level`,134,,,NO,MANUAL_REVIEW,至少一个受影响字段无法整字段安全转换，或完整源行不可读/不可定位，或存在复合断言
UA2-00186,user-agent,docs/PRD-用户体系.md,source_section,鍖哄煙 1锛氭杩庡崱鐗|,level=0 涓嶆樉绀,level=0 涓嶆樉绀,134,,,NO,MANUAL_REVIEW,至少一个受影响字段无法整字段安全转换，或完整源行不可读/不可定位，或存在复合断言
UA2-00187,user-agent,docs/PRD-用户体系.md,source_section;source_quote;atomic_assertion,鍖哄煙 1锛氭杩庡崱鐗|,账户余额,账户余额,135;173,,gb18030->utf8 x1,NO,MANUAL_REVIEW,至少一个受影响字段无法整字段安全转换，或完整源行不可读/不可定位，或存在复合断言
UA2-00188,user-agent,docs/PRD-用户体系.md,source_section,鍖哄煙 1锛氭杩庡崱鐗|,"decimal(10,2)","decimal(10,2)",135,,,NO,MANUAL_REVIEW,至少一个受影响字段无法整字段安全转换，或完整源行不可读/不可定位，或存在复合断言
UA2-00189,user-agent,docs/PRD-用户体系.md,source_section,鍖哄煙 1锛氭杩庡崱鐗|,`users.balance`,`users.balance`,135;173,,,NO,MANUAL_REVIEW,至少一个受影响字段无法整字段安全转换，或完整源行不可读/不可定位，或存在复合断言
UA2-00190,user-agent,docs/PRD-用户体系.md,source_section;source_quote;atomic_assertion,鍖哄煙 1锛氭杩庡崱鐗|,每次页面刷新,每次页面刷新,135,,gb18030->utf8 x1,NO,MANUAL_REVIEW,至少一个受影响字段无法整字段安全转换，或完整源行不可读/不可定位，或存在复合断言
UA2-00191,user-agent,docs/PRD-用户体系.md,source_section,鍖哄煙 1锛氭杩庡崱鐗|,¥0.00,¥0.00,641;642;656;657;727;1211,,gb18030->utf8 x1,NO,MANUAL_REVIEW,至少一个受影响字段无法整字段安全转换，或完整源行不可读/不可定位，或存在复合断言
UA2-00192,user-agent,docs/PRD-用户体系.md,source_section;source_quote;atomic_assertion,鍖哄煙 1锛氭杩庡崱鐗|,余额预警底色,余额预警底色,,,gb18030->utf8 x1,NO,MANUAL_REVIEW,至少一个受影响字段无法整字段安全转换，或完整源行不可读/不可定位，或存在复合断言
UA2-00193,user-agent,docs/PRD-用户体系.md,source_section,鍖哄煙 1锛氭杩庡崱鐗|,color,color,,,,NO,MANUAL_REVIEW,至少一个受影响字段无法整字段安全转换，或完整源行不可读/不可定位，或存在复合断言
UA2-00194,user-agent,docs/PRD-用户体系.md,source_section;source_quote;atomic_assertion,鍖哄煙 1锛氭杩庡崱鐗|,浣欓 <= 楼10 榛勮壊锛= 楼1 绾㈣壊,浣欓 <= 楼10 榛勮壊锛= 楼1 绾㈣壊,,,,NO,MANUAL_REVIEW,至少一个受影响字段无法整字段安全转换，或完整源行不可读/不可定位，或存在复合断言
UA2-00195,user-agent,docs/PRD-用户体系.md,source_section;source_quote;atomic_assertion,鍖哄煙 1锛氭杩庡崱鐗|,每次刷新,每次刷新,,,gb18030->utf8 x1,NO,MANUAL_REVIEW,至少一个受影响字段无法整字段安全转换，或完整源行不可读/不可定位，或存在复合断言
UA2-00196,user-agent,docs/PRD-用户体系.md,source_section,鍖哄煙 1锛氭杩庡崱鐗|,正常底色,正常底色,,,gb18030->utf8 x1,NO,MANUAL_REVIEW,至少一个受影响字段无法整字段安全转换，或完整源行不可读/不可定位，或存在复合断言
UA2-00197,user-agent,docs/PRD-用户体系.md,source_section,鍖哄煙 1锛氭杩庡崱鐗|,今日已用 Token,今日已用 Token,137,,gb18030->utf8 x1,NO,MANUAL_REVIEW,至少一个受影响字段无法整字段安全转换，或完整源行不可读/不可定位，或存在复合断言
UA2-00198,user-agent,docs/PRD-用户体系.md,source_section,鍖哄煙 1锛氭杩庡崱鐗|,bigint,bigint,137,,,NO,MANUAL_REVIEW,至少一个受影响字段无法整字段安全转换，或完整源行不可读/不可定位，或存在复合断言
UA2-00199,user-agent,docs/PRD-用户体系.md,source_section,鍖哄煙 1锛氭杩庡崱鐗|,`call_logs` 当日聚合,`call_logs` 当日聚合,137,,gb18030->utf8 x1,NO,MANUAL_REVIEW,至少一个受影响字段无法整字段安全转换，或完整源行不可读/不可定位，或存在复合断言
UA2-00200,user-agent,docs/PRD-用户体系.md,source_section,鍖哄煙 1锛氭杩庡崱鐗|,10 绉掕疆璇,10 绉掕疆璇,137,,,NO,MANUAL_REVIEW,至少一个受影响字段无法整字段安全转换，或完整源行不可读/不可定位，或存在复合断言
UA2-00201,user-agent,docs/PRD-用户体系.md,source_section,鍖哄煙 1锛氭杩庡崱鐗|,0 tokens,0 tokens,137,,,NO,MANUAL_REVIEW,至少一个受影响字段无法整字段安全转换，或完整源行不可读/不可定位，或存在复合断言
UA2-00202,user-agent,docs/PRD-用户体系.md,source_section,鍖哄煙 1锛氭杩庡崱鐗|,剩余免费额度,剩余免费额度,,,gb18030->utf8 x1,NO,MANUAL_REVIEW,至少一个受影响字段无法整字段安全转换，或完整源行不可读/不可定位，或存在复合断言
UA2-00204,user-agent,docs/PRD-用户体系.md,source_section,鍖哄煙 1锛氭杩庡崱鐗|,`user_quotas.daily_free` - 今日已用,`user_quotas.daily_free` - 今日已用,,,gb18030->utf8 x1,NO,MANUAL_REVIEW,至少一个受影响字段无法整字段安全转换，或完整源行不可读/不可定位，或存在复合断言
UA2-00206,user-agent,docs/PRD-用户体系.md,source_section;source_quote;atomic_assertion,鍖哄煙 1锛氭杩庡崱鐗|,无免费额度则隐藏,无免费额度则隐藏,,,gb18030->utf8 x1,NO,MANUAL_REVIEW,至少一个受影响字段无法整字段安全转换，或完整源行不可读/不可定位，或存在复合断言
UA2-00207,user-agent,docs/PRD-用户体系.md,source_section;source_quote;atomic_assertion,鍖哄煙 1锛氭杩庡崱鐗|,上次登录时间,上次登录时间,,,gb18030->utf8 x1,NO,MANUAL_REVIEW,至少一个受影响字段无法整字段安全转换，或完整源行不可读/不可定位，或存在复合断言
UA2-00208,user-agent,docs/PRD-用户体系.md,source_section,鍖哄煙 1锛氭杩庡崱鐗|,datetime,datetime,,,,NO,MANUAL_REVIEW,至少一个受影响字段无法整字段安全转换，或完整源行不可读/不可定位，或存在复合断言
UA2-00209,user-agent,docs/PRD-用户体系.md,source_section;source_quote;atomic_assertion,鍖哄煙 1锛氭杩庡崱鐗|,`login_history` 鏈€鏂颁竴鏉,`login_history` 鏈€鏂颁竴鏉,,,,NO,MANUAL_REVIEW,至少一个受影响字段无法整字段安全转换，或完整源行不可读/不可定位，或存在复合断言
UA2-00211,user-agent,docs/PRD-用户体系.md,source_section;source_quote;atomic_assertion,鍖哄煙 1锛氭杩庡崱鐗|,"""首次登录""","""首次登录""",,,gb18030->utf8 x1,NO,MANUAL_REVIEW,至少一个受影响字段无法整字段安全转换，或完整源行不可读/不可定位，或存在复合断言
UA2-00212,user-agent,docs/PRD-用户体系.md,source_section;source_quote;atomic_assertion,鍖哄煙 1锛氭杩庡崱鐗|,上次登录 IP,上次登录 IP,,,gb18030->utf8 x1,NO,MANUAL_REVIEW,至少一个受影响字段无法整字段安全转换，或完整源行不可读/不可定位，或存在复合断言
UA2-00214,user-agent,docs/PRD-用户体系.md,source_section,鍖哄煙 1锛氭杩庡崱鐗|,同上,同上,,,gb18030->utf8 x1,NO,MANUAL_REVIEW,至少一个受影响字段无法整字段安全转换，或完整源行不可读/不可定位，或存在复合断言
UA2-00216,user-agent,docs/PRD-用户体系.md,source_section;source_quote;atomic_assertion,鍖哄煙 1锛氭杩庡崱鐗|,涓婃鐧诲綍褰掑睘鍦,涓婃鐧诲綍褰掑睘鍦,,,,NO,MANUAL_REVIEW,至少一个受影响字段无法整字段安全转换，或完整源行不可读/不可定位，或存在复合断言
UA2-00218,user-agent,docs/PRD-用户体系.md,source_section,鍖哄煙 1锛氭杩庡崱鐗|,IP 鍦扮悊搴撹В鏋,IP 鍦扮悊搴撹В鏋,,,,NO,MANUAL_REVIEW,至少一个受影响字段无法整字段安全转换，或完整源行不可读/不可定位，或存在复合断言
UA2-00220,user-agent,docs/PRD-用户体系.md,source_section;source_quote;atomic_assertion,鍖哄煙 1锛氭杩庡崱鐗|,"""未知区域""","""未知区域""",,,gb18030->utf8 x1,NO,MANUAL_REVIEW,至少一个受影响字段无法整字段安全转换，或完整源行不可读/不可定位，或存在复合断言
UA2-00221,user-agent,docs/PRD-用户体系.md,source_section;source_quote;atomic_assertion,鍖哄煙 1锛氭杩庡崱鐗|,**运营配置**,**运营配置**,143;190;619,,gb18030->utf8 x1,NO,MANUAL_REVIEW,至少一个受影响字段无法整字段安全转换，或完整源行不可读/不可定位，或存在复合断言
UA2-00222,user-agent,docs/PRD-用户体系.md,source_section;source_quote;atomic_assertion,鍖哄煙 1锛氭杩庡崱鐗|,閰嶇疆椤,閰嶇疆椤,,,,NO,MANUAL_REVIEW,至少一个受影响字段无法整字段安全转换，或完整源行不可读/不可定位，或存在复合断言
UA2-00223,user-agent,docs/PRD-用户体系.md,source_section;source_quote;atomic_assertion,鍖哄煙 1锛氭杩庡崱鐗|,路径,路径,,,gb18030->utf8 x1,NO,MANUAL_REVIEW,至少一个受影响字段无法整字段安全转换，或完整源行不可读/不可定位，或存在复合断言
UA2-00224,user-agent,docs/PRD-用户体系.md,source_section;source_quote;atomic_assertion,鍖哄煙 1锛氭杩庡崱鐗|,榛樿鍊,榛樿鍊,,,,NO,MANUAL_REVIEW,至少一个受影响字段无法整字段安全转换，或完整源行不可读/不可定位，或存在复合断言
UA2-00225,user-agent,docs/PRD-用户体系.md,source_section,鍖哄煙 1锛氭杩庡崱鐗|,说明,说明,40;52;743;753;1022,,gb18030->utf8 x1,NO,MANUAL_REVIEW,至少一个受影响字段无法整字段安全转换，或完整源行不可读/不可定位，或存在复合断言
UA2-00226,user-agent,docs/PRD-用户体系.md,source_section;source_quote;atomic_assertion,鍖哄煙 1锛氭杩庡崱鐗|,浣欓棰勮闃堝€榛勮壊,浣欓棰勮闃堝€榛勮壊,,,,NO,MANUAL_REVIEW,至少一个受影响字段无法整字段安全转换，或完整源行不可读/不可定位，或存在复合断言
UA2-00227,user-agent,docs/PRD-用户体系.md,source_section,鍖哄煙 1锛氭杩庡崱鐗|,`site_configs.balance_warn_yellow`,`site_configs.balance_warn_yellow`,,,,NO,MANUAL_REVIEW,至少一个受影响字段无法整字段安全转换，或完整源行不可读/不可定位，或存在复合断言
UA2-00228,user-agent,docs/PRD-用户体系.md,source_section,鍖哄煙 1锛氭杩庡崱鐗|,10.00,10.00,,,,NO,MANUAL_REVIEW,至少一个受影响字段无法整字段安全转换，或完整源行不可读/不可定位，或存在复合断言
UA2-00229,user-agent,docs/PRD-用户体系.md,source_section;source_quote;atomic_assertion,鍖哄煙 1锛氭杩庡崱鐗|,浣欓浣庝簬姝ゅ€煎崱鐗囧彉榛,浣欓浣庝簬姝ゅ€煎崱鐗囧彉榛,,,,NO,MANUAL_REVIEW,至少一个受影响字段无法整字段安全转换，或完整源行不可读/不可定位，或存在复合断言
UA2-00230,user-agent,docs/PRD-用户体系.md,source_section;source_quote;atomic_assertion,鍖哄煙 1锛氭杩庡崱鐗|,浣欓棰勮闃堝€绾㈣壊,浣欓棰勮闃堝€绾㈣壊,,,,NO,MANUAL_REVIEW,至少一个受影响字段无法整字段安全转换，或完整源行不可读/不可定位，或存在复合断言
UA2-00231,user-agent,docs/PRD-用户体系.md,source_section,鍖哄煙 1锛氭杩庡崱鐗|,`site_configs.balance_warn_red`,`site_configs.balance_warn_red`,,,,NO,MANUAL_REVIEW,至少一个受影响字段无法整字段安全转换，或完整源行不可读/不可定位，或存在复合断言
UA2-00232,user-agent,docs/PRD-用户体系.md,source_section,鍖哄煙 1锛氭杩庡崱鐗|,1.00,1.00,,,,NO,MANUAL_REVIEW,至少一个受影响字段无法整字段安全转换，或完整源行不可读/不可定位，或存在复合断言
UA2-00233,user-agent,docs/PRD-用户体系.md,source_section;source_quote;atomic_assertion,鍖哄煙 1锛氭杩庡崱鐗|,浣欓浣庝簬姝ゅ€煎崱鐗囧彉绾,浣欓浣庝簬姝ゅ€煎崱鐗囧彉绾,,,,NO,MANUAL_REVIEW,至少一个受影响字段无法整字段安全转换，或完整源行不可读/不可定位，或存在复合断言
UA2-00234,user-agent,docs/PRD-用户体系.md,source_section,鍖哄煙 1锛氭杩庡崱鐗|,免费额度每日上限,免费额度每日上限,,,gb18030->utf8 x1,NO,MANUAL_REVIEW,至少一个受影响字段无法整字段安全转换，或完整源行不可读/不可定位，或存在复合断言
UA2-00235,user-agent,docs/PRD-用户体系.md,source_section,鍖哄煙 1锛氭杩庡崱鐗|,`site_configs.daily_free_tokens`,`site_configs.daily_free_tokens`,,,,NO,MANUAL_REVIEW,至少一个受影响字段无法整字段安全转换，或完整源行不可读/不可定位，或存在复合断言
UA2-00236,user-agent,docs/PRD-用户体系.md,source_section;source_quote;atomic_assertion,鍖哄煙 1锛氭杩庡崱鐗|,0 琛ㄧず涓嶅惎鐢ㄥ厤璐归搴,0 琛ㄧず涓嶅惎鐢ㄥ厤璐归搴,,,,NO,MANUAL_REVIEW,至少一个受影响字段无法整字段安全转换，或完整源行不可读/不可定位，或存在复合断言
UA2-00237,user-agent,docs/PRD-用户体系.md,source_section,鍖哄煙 1锛氭杩庡崱鐗|,**边界条件**,**边界条件**,151;184;221;1318,,gb18030->utf8 x1,NO,MANUAL_REVIEW,至少一个受影响字段无法整字段安全转换，或完整源行不可读/不可定位，或存在复合断言
UA2-00238,user-agent,docs/PRD-用户体系.md,source_section;source_quote;atomic_assertion,鍖哄煙 1锛氭杩庡崱鐗|,鐢ㄦ埛浣欓涓鸿礋鏁版椂锛堝钩鍙版瑺璐瑰満鏅級锛氭樉绀虹孩鑹`楼-XX.XX`锛屽崱鐗囬《閮ㄥ鍔鈿狅笍 璐︽埛娆犺垂锛岃绔嬪嵆鍏呭€妯潯,鐢ㄦ埛浣欓涓鸿礋鏁版椂锛堝钩鍙版瑺璐瑰満鏅級锛氭樉绀虹孩鑹`楼-XX.XX`锛屽崱鐗囬《閮ㄥ鍔鈿狅笍 璐︽埛娆犺垂锛岃绔嬪嵆鍏呭€妯潯,,,,NO,MANUAL_REVIEW,至少一个受影响字段无法整字段安全转换，或完整源行不可读/不可定位，或存在复合断言
UA2-00239,user-agent,docs/PRD-用户体系.md,source_section;source_quote;atomic_assertion,鍖哄煙 1锛氭杩庡崱鐗|,"鐢ㄦ埛琚鐢ㄦ椂锛氫綑棰濆崱鐗囦笉鍙锛屽睍绀璐︽埛宸茶绂佺敤""鎻愮ず","鐢ㄦ埛琚鐢ㄦ椂锛氫綑棰濆崱鐗囦笉鍙锛屽睍绀璐︽埛宸茶绂佺敤""鎻愮ず",,,,NO,MANUAL_REVIEW,至少一个受影响字段无法整字段安全转换，或完整源行不可读/不可定位，或存在复合断言
UA2-00240,user-agent,docs/PRD-用户体系.md,source_section;source_quote;atomic_assertion,鍖哄煙 1锛氭杩庡崱鐗|,鐢ㄦ埛瑙掕壊鍙樻洿鍚庯細涓嬫鍒锋柊鏃惰鑹叉爣绛炬洿鏂|,鐢ㄦ埛瑙掕壊鍙樻洿鍚庯細涓嬫鍒锋柊鏃惰鑹叉爣绛炬洿鏂|,,,,NO,MANUAL_REVIEW,至少一个受影响字段无法整字段安全转换，或完整源行不可读/不可定位，或存在复合断言
UA2-00241,user-agent,docs/PRD-用户体系.md,source_section;source_quote;atomic_assertion,鍖哄煙 1锛氭杩庡崱鐗|,**运营策略**,**运营策略**,157;227;362,,gb18030->utf8 x1,NO,MANUAL_REVIEW,至少一个受影响字段无法整字段安全转换，或完整源行不可读/不可定位，或存在复合断言
UA2-00242,user-agent,docs/PRD-用户体系.md,source_section;source_quote;atomic_assertion,鍖哄煙 1锛氭杩庡崱鐗|,"鏂版敞鍐岀敤鎴风殑鍓7 澶╋紝娆㈣繋鍗＄墖棰濆灞曠ず""鏂扮敤鎴蜂繚鎶ゆ湡""鏍囪瘑鍜屽墿浣欏ぉ鏁|","鏂版敞鍐岀敤鎴风殑鍓7 澶╋紝娆㈣繋鍗＄墖棰濆灞曠ず""鏂扮敤鎴蜂繚鎶ゆ湡""鏍囪瘑鍜屽墿浣欏ぉ鏁|",,,,NO,MANUAL_REVIEW,至少一个受影响字段无法整字段安全转换，或完整源行不可读/不可定位，或存在复合断言
UA2-00243,user-agent,docs/PRD-用户体系.md,source_section;source_quote;atomic_assertion,鍖哄煙 1锛氭杩庡崱鐗|,浣欓鍗冲皢鑰楀敖鏃讹紝鍗＄墖鐨绔嬪嵆鍏呭€鎸夐挳鏀惧ぇ绐佸嚭,浣欓鍗冲皢鑰楀敖鏃讹紝鍗＄墖鐨绔嬪嵆鍏呭€鎸夐挳鏀惧ぇ绐佸嚭,,,,NO,MANUAL_REVIEW,至少一个受影响字段无法整字段安全转换，或完整源行不可读/不可定位，或存在复合断言
UA2-00244,user-agent,docs/PRD-用户体系.md,source_section;source_quote;atomic_assertion,鍖哄煙 2锛氭牳蹇冩寚鏍囧崱鐗|,**字段规格**,**字段规格**,128;166;201;530;1297,,gb18030->utf8 x1,NO,MANUAL_REVIEW,至少一个受影响字段无法整字段安全转换，或完整源行不可读/不可定位，或存在复合断言
UA2-00245,user-agent,docs/PRD-用户体系.md,source_section,鍖哄煙 2锛氭牳蹇冩寚鏍囧崱鐗|,今日调用次数,今日调用次数,315,,gb18030->utf8 x1,NO,MANUAL_REVIEW,至少一个受影响字段无法整字段安全转换，或完整源行不可读/不可定位，或存在复合断言
UA2-00246,user-agent,docs/PRD-用户体系.md,source_section,鍖哄煙 2锛氭牳蹇冩寚鏍囧崱鐗|,`COUNT(call_logs)` 当日,`COUNT(call_logs)` 当日,,,gb18030->utf8 x1,NO,MANUAL_REVIEW,至少一个受影响字段无法整字段安全转换，或完整源行不可读/不可定位，或存在复合断言
UA2-00247,user-agent,docs/PRD-用户体系.md,source_section;source_quote;atomic_assertion,鍖哄煙 2锛氭牳蹇冩寚鏍囧崱鐗|,鎴愬姛/澶辫触鏁,鎴愬姛/澶辫触鏁,,,,NO,MANUAL_REVIEW,至少一个受影响字段无法整字段安全转换，或完整源行不可读/不可定位，或存在复合断言
UA2-00248,user-agent,docs/PRD-用户体系.md,source_section;source_quote;atomic_assertion,鍖哄煙 2锛氭牳蹇冩寚鏍囧崱鐗|,鐜瘮鏄ㄦ棩鍙樺寲鐜,鐜瘮鏄ㄦ棩鍙樺寲鐜,,,,NO,MANUAL_REVIEW,至少一个受影响字段无法整字段安全转换，或完整源行不可读/不可定位，或存在复合断言
UA2-00249,user-agent,docs/PRD-用户体系.md,source_section,鍖哄煙 2锛氭牳蹇冩寚鏍囧崱鐗|,`/console/logs range=today`,`/console/logs range=today`,,,,NO,MANUAL_REVIEW,至少一个受影响字段无法整字段安全转换，或完整源行不可读/不可定位，或存在复合断言
UA2-00250,user-agent,docs/PRD-用户体系.md,source_section,鍖哄煙 2锛氭牳蹇冩寚鏍囧崱鐗|,浠婃棩 Token 娑堣€,浠婃棩 Token 娑堣€,316,,,NO,MANUAL_REVIEW,至少一个受影响字段无法整字段安全转换，或完整源行不可读/不可定位，或存在复合断言
UA2-00251,user-agent,docs/PRD-用户体系.md,source_section,鍖哄煙 2锛氭牳蹇冩寚鏍囧崱鐗|,`SUM(tokens)` 当日,`SUM(tokens)` 当日,,,gb18030->utf8 x1,NO,MANUAL_REVIEW,至少一个受影响字段无法整字段安全转换，或完整源行不可读/不可定位，或存在复合断言
UA2-00252,user-agent,docs/PRD-用户体系.md,source_section,鍖哄煙 2锛氭牳蹇冩寚鏍囧崱鐗|,输入/输出拆分,输入/输出拆分,,,gb18030->utf8 x1,NO,MANUAL_REVIEW,至少一个受影响字段无法整字段安全转换，或完整源行不可读/不可定位，或存在复合断言
UA2-00254,user-agent,docs/PRD-用户体系.md,source_section,鍖哄煙 2锛氭牳蹇冩寚鏍囧崱鐗|,`/console/stats range=today`,`/console/stats range=today`,,,,NO,MANUAL_REVIEW,至少一个受影响字段无法整字段安全转换，或完整源行不可读/不可定位，或存在复合断言
UA2-00255,user-agent,docs/PRD-用户体系.md,source_section;source_quote;atomic_assertion,鍖哄煙 2锛氭牳蹇冩寚鏍囧崱鐗|,今日消费金额,今日消费金额,,,gb18030->utf8 x1,NO,MANUAL_REVIEW,至少一个受影响字段无法整字段安全转换，或完整源行不可读/不可定位，或存在复合断言
UA2-00256,user-agent,docs/PRD-用户体系.md,source_section,鍖哄煙 2锛氭牳蹇冩寚鏍囧崱鐗|,`SUM(cost)` 当日,`SUM(cost)` 当日,,,gb18030->utf8 x1,NO,MANUAL_REVIEW,至少一个受影响字段无法整字段安全转换，或完整源行不可读/不可定位，或存在复合断言
UA2-00257,user-agent,docs/PRD-用户体系.md,source_section;source_quote;atomic_assertion,鍖哄煙 2锛氭牳蹇冩寚鏍囧崱鐗|,鏈堢疮璁℃秷璐,鏈堢疮璁℃秷璐,,,,NO,MANUAL_REVIEW,至少一个受影响字段无法整字段安全转换，或完整源行不可读/不可定位，或存在复合断言
UA2-00259,user-agent,docs/PRD-用户体系.md,source_section,鍖哄煙 2锛氭牳蹇冩寚鏍囧崱鐗|,`/console/transactions range=today`,`/console/transactions range=today`,,,,NO,MANUAL_REVIEW,至少一个受影响字段无法整字段安全转换，或完整源行不可读/不可定位，或存在复合断言
UA2-00260,user-agent,docs/PRD-用户体系.md,source_section;source_quote;atomic_assertion,鍖哄煙 2锛氭牳蹇冩寚鏍囧崱鐗|,账户余额,账户余额,135;173,,gb18030->utf8 x1,NO,MANUAL_REVIEW,至少一个受影响字段无法整字段安全转换，或完整源行不可读/不可定位，或存在复合断言
UA2-00261,user-agent,docs/PRD-用户体系.md,source_section,鍖哄煙 2锛氭牳蹇冩寚鏍囧崱鐗|,`users.balance`,`users.balance`,135;173,,,NO,MANUAL_REVIEW,至少一个受影响字段无法整字段安全转换，或完整源行不可读/不可定位，或存在复合断言
UA2-00262,user-agent,docs/PRD-用户体系.md,source_section;source_quote;atomic_assertion,鍖哄煙 2锛氭牳蹇冩寚鏍囧崱鐗|,昨日余额变化,昨日余额变化,173,,gb18030->utf8 x1,NO,MANUAL_REVIEW,至少一个受影响字段无法整字段安全转换，或完整源行不可读/不可定位，或存在复合断言
UA2-00263,user-agent,docs/PRD-用户体系.md,source_section;source_quote;atomic_assertion,鍖哄煙 2锛氭牳蹇冩寚鏍囧崱鐗|,昨日余额,昨日余额,173,,gb18030->utf8 x1,NO,MANUAL_REVIEW,至少一个受影响字段无法整字段安全转换，或完整源行不可读/不可定位，或存在复合断言
UA2-00264,user-agent,docs/PRD-用户体系.md,source_section,鍖哄煙 2锛氭牳蹇冩寚鏍囧崱鐗|,`/console/recharge`,`/console/recharge`,173,,,NO,MANUAL_REVIEW,至少一个受影响字段无法整字段安全转换，或完整源行不可读/不可定位，或存在复合断言
UA2-00265,user-agent,docs/PRD-用户体系.md,source_section,鍖哄煙 2锛氭牳蹇冩寚鏍囧崱鐗|,**鍙樺寲鐜囧睍绀洪€昏緫**,**鍙樺寲鐜囧睍绀洪€昏緫**,175,,,NO,MANUAL_REVIEW,至少一个受影响字段无法整字段安全转换，或完整源行不可读/不可定位，或存在复合断言
UA2-00266,user-agent,docs/PRD-用户体系.md,source_section,鍖哄煙 2锛氭牳蹇冩寚鏍囧崱鐗|,**边界条件**,**边界条件**,151;184;221;1318,,gb18030->utf8 x1,NO,MANUAL_REVIEW,至少一个受影响字段无法整字段安全转换，或完整源行不可读/不可定位，或存在复合断言
UA2-00267,user-agent,docs/PRD-用户体系.md,source_section;source_quote;atomic_assertion,鍖哄煙 2锛氭牳蹇冩寚鏍囧崱鐗|,"数据加载失败时：卡片展示 `--`，卡片右下角显示""数据加载失败""灰色小字","数据加载失败时：卡片展示 `--`，卡片右下角显示""数据加载失败""灰色小字",186,,gb18030->utf8 x1,NO,MANUAL_REVIEW,至少一个受影响字段无法整字段安全转换，或完整源行不可读/不可定位，或存在复合断言
UA2-00268,user-agent,docs/PRD-用户体系.md,source_section;source_quote;atomic_assertion,鍖哄煙 2锛氭牳蹇冩寚鏍囧崱鐗|,鏃犳暟鎹紙鏂扮敤鎴凤級锛氬崱鐗囧睍绀`0`锛屽彉鍖栫巼鏄剧ず `鈥擿,鏃犳暟鎹紙鏂扮敤鎴凤級锛氬崱鐗囧睍绀`0`锛屽彉鍖栫巼鏄剧ず `鈥擿,,,,NO,MANUAL_REVIEW,至少一个受影响字段无法整字段安全转换，或完整源行不可读/不可定位，或存在复合断言
UA2-00269,user-agent,docs/PRD-用户体系.md,source_section;source_quote;atomic_assertion,鍖哄煙 2锛氭牳蹇冩寚鏍囧崱鐗|,"鏁板€艰秴杩9999 鏃讹細杞崲涓K/M 鍗曚綅锛堝 12500 鈫""12.5K""锛|","鏁板€艰秴杩9999 鏃讹細杞崲涓K/M 鍗曚綅锛堝 12500 鈫""12.5K""锛|",,,,NO,MANUAL_REVIEW,至少一个受影响字段无法整字段安全转换，或完整源行不可读/不可定位，或存在复合断言
UA2-00270,user-agent,docs/PRD-用户体系.md,source_section;source_quote;atomic_assertion,鍖哄煙 2锛氭牳蹇冩寚鏍囧崱鐗|,**运营配置**,**运营配置**,143;190;619,,gb18030->utf8 x1,NO,MANUAL_REVIEW,至少一个受影响字段无法整字段安全转换，或完整源行不可读/不可定位，或存在复合断言
UA2-00271,user-agent,docs/PRD-用户体系.md,source_section;source_quote;atomic_assertion,鍖哄煙 2锛氭牳蹇冩寚鏍囧崱鐗|,閰嶇疆椤,閰嶇疆椤,,,,NO,MANUAL_REVIEW,至少一个受影响字段无法整字段安全转换，或完整源行不可读/不可定位，或存在复合断言
UA2-00272,user-agent,docs/PRD-用户体系.md,source_section,鍖哄煙 2锛氭牳蹇冩寚鏍囧崱鐗|,说明,说明,40;52;743;753;1022,,gb18030->utf8 x1,NO,MANUAL_REVIEW,至少一个受影响字段无法整字段安全转换，或完整源行不可读/不可定位，或存在复合断言
UA2-00273,user-agent,docs/PRD-用户体系.md,source_section;source_quote;atomic_assertion,鍖哄煙 2锛氭牳蹇冩寚鏍囧崱鐗|,鏄惁灞曠ず鍏嶈垂棰濆害娑堣€,鏄惁灞曠ず鍏嶈垂棰濆害娑堣€,,,,NO,MANUAL_REVIEW,至少一个受影响字段无法整字段安全转换，或完整源行不可读/不可定位，或存在复合断言
UA2-00274,user-agent,docs/PRD-用户体系.md,source_section,鍖哄煙 2锛氭牳蹇冩寚鏍囧崱鐗|,`site_configs.show_free_quota`,`site_configs.show_free_quota`,,,,NO,MANUAL_REVIEW,至少一个受影响字段无法整字段安全转换，或完整源行不可读/不可定位，或存在复合断言
UA2-00275,user-agent,docs/PRD-用户体系.md,source_section;source_quote;atomic_assertion,鍖哄煙 2锛氭牳蹇冩寚鏍囧崱鐗|,瀵规瘮鍩哄噯锛堟槰鏃涓婂懆鍚屾湡/涓婃湀鍚屾湡锛墊 `site_configs.default_compare_period`,瀵规瘮鍩哄噯锛堟槰鏃涓婂懆鍚屾湡/涓婃湀鍚屾湡锛墊 `site_configs.default_compare_period`,,,,NO,MANUAL_REVIEW,至少一个受影响字段无法整字段安全转换，或完整源行不可读/不可定位，或存在复合断言
UA2-00276,user-agent,docs/PRD-用户体系.md,source_section;source_quote;atomic_assertion,区域 3：额度使用进度条,**字段规格**,**字段规格**,128;166;201;530;1297,199,gb18030->utf8 x1,NO,REVIEW_CANDIDATE,所有受影响字段均完成整字段可逆转换，且引用/章节可定位；仍需人工确认
UA2-00277,user-agent,docs/PRD-用户体系.md,source_section;source_quote;atomic_assertion,区域 3：额度使用进度条,鎬婚搴,鎬婚搴,,199,gb18030->utf8 x1,NO,MANUAL_REVIEW,至少一个受影响字段无法整字段安全转换，或完整源行不可读/不可定位，或存在复合断言
UA2-00278,user-agent,docs/PRD-用户体系.md,source_section,区域 3：额度使用进度条,decimal,decimal,135;206,199,gb18030->utf8 x1,NO,REVIEW_CANDIDATE,所有受影响字段均完成整字段可逆转换，且引用/章节可定位；仍需人工确认
UA2-00279,user-agent,docs/PRD-用户体系.md,source_section;source_quote;atomic_assertion,区域 3：额度使用进度条,鐢ㄦ埛鐨勬湁鏁堥厤棰濅笂闄,鐢ㄦ埛鐨勬湁鏁堥厤棰濅笂闄,,199,gb18030->utf8 x1,NO,MANUAL_REVIEW,至少一个受影响字段无法整字段安全转换，或完整源行不可读/不可定位，或存在复合断言
UA2-00280,user-agent,docs/PRD-用户体系.md,source_section,区域 3：额度使用进度条,宸茬敤閲,宸茬敤閲,206,199,gb18030->utf8 x1,NO,REVIEW_CANDIDATE,所有受影响字段均完成整字段可逆转换，且引用/章节可定位；仍需人工确认
UA2-00282,user-agent,docs/PRD-用户体系.md,source_section,区域 3：额度使用进度条,当月已消耗量,当月已消耗量,206,199,gb18030->utf8 x1,NO,REVIEW_CANDIDATE,所有受影响字段均完成整字段可逆转换，且引用/章节可定位；仍需人工确认
UA2-00283,user-agent,docs/PRD-用户体系.md,source_section,区域 3：额度使用进度条,浣跨敤鐜,浣跨敤鐜,,199,gb18030->utf8 x1,NO,MANUAL_REVIEW,至少一个受影响字段无法整字段安全转换，或完整源行不可读/不可定位，或存在复合断言
UA2-00284,user-agent,docs/PRD-用户体系.md,source_section,区域 3：额度使用进度条,int,int,137,199,gb18030->utf8 x1,NO,REVIEW_CANDIDATE,所有受影响字段均完成整字段可逆转换，且引用/章节可定位；仍需人工确认
UA2-00285,user-agent,docs/PRD-用户体系.md,source_section;source_quote;atomic_assertion,区域 3：额度使用进度条,宸茬敤閲/ 鎬婚搴脳 100%,宸茬敤閲/ 鎬婚搴脳 100%,,199,gb18030->utf8 x1,NO,MANUAL_REVIEW,至少一个受影响字段无法整字段安全转换，或完整源行不可读/不可定位，或存在复合断言
UA2-00286,user-agent,docs/PRD-用户体系.md,source_section,区域 3：额度使用进度条,剩余额度,剩余额度,,199,gb18030->utf8 x1,NO,MANUAL_REVIEW,至少一个受影响字段无法整字段安全转换，或完整源行不可读/不可定位，或存在复合断言
UA2-00288,user-agent,docs/PRD-用户体系.md,source_section;source_quote;atomic_assertion,区域 3：额度使用进度条,鎬婚搴- 宸茬敤閲,鎬婚搴- 宸茬敤閲,,199,gb18030->utf8 x1,NO,MANUAL_REVIEW,至少一个受影响字段无法整字段安全转换，或完整源行不可读/不可定位，或存在复合断言
UA2-00289,user-agent,docs/PRD-用户体系.md,source_section;source_quote;atomic_assertion,区域 3：额度使用进度条,| 棰勪及鍙敤澶╂暟 | int | 鍓╀綑棰濆害 / 鏃ュ潎娑堣€楅噺锛堟棩鍧囨秷鑰楅噺 = 杩7 澶╂€绘秷鑰/ 7锛墊,| 棰勪及鍙敤澶╂暟 | int | 鍓╀綑棰濆害 / 鏃ュ潎娑堣€楅噺锛堟棩鍧囨秷鑰楅噺 = 杩7 澶╂€绘秷鑰/ 7锛墊,,199,gb18030->utf8 x1,NO,MANUAL_REVIEW,至少一个受影响字段无法整字段安全转换，或完整源行不可读/不可定位，或存在复合断言
UA2-00290,user-agent,docs/PRD-用户体系.md,source_section,区域 3：额度使用进度条,**杩涘害鏉＄姸鎬侀€昏緫**,**杩涘害鏉＄姸鎬侀€昏緫**,211,199,gb18030->utf8 x1,NO,REVIEW_CANDIDATE,所有受影响字段均完成整字段可逆转换，且引用/章节可定位；仍需人工确认
UA2-00291,user-agent,docs/PRD-用户体系.md,source_section,区域 3：额度使用进度条,**边界条件**,**边界条件**,151;184;221;1318,199,gb18030->utf8 x1,NO,REVIEW_CANDIDATE,所有受影响字段均完成整字段可逆转换，且引用/章节可定位；仍需人工确认
UA2-00292,user-agent,docs/PRD-用户体系.md,source_section;source_quote;atomic_assertion,区域 3：额度使用进度条,"鐢ㄦ埛鏃犻搴﹂檺鍒讹紙`user_quotas` 鏈缃級锛氫笉鏄剧ず杩涘害鏉＄粍浠讹紝鏀逛负鏄剧ず""鏃犻檺鍒鏍囪瘑","鐢ㄦ埛鏃犻搴﹂檺鍒讹紙`user_quotas` 鏈缃級锛氫笉鏄剧ず杩涘害鏉＄粍浠讹紝鏀逛负鏄剧ず""鏃犻檺鍒鏍囪瘑",,199,gb18030->utf8 x1,NO,MANUAL_REVIEW,至少一个受影响字段无法整字段安全转换，或完整源行不可读/不可定位，或存在复合断言
UA2-00293,user-agent,docs/PRD-用户体系.md,source_section;source_quote;atomic_assertion,区域 3：额度使用进度条,"鏃ュ潎娑堣€楅噺涓0锛堟柊娉ㄥ唽/鏃犺皟鐢級锛氶浼板彲鐢ㄥぉ鏁板睍绀""鈥|","鏃ュ潎娑堣€楅噺涓0锛堟柊娉ㄥ唽/鏃犺皟鐢級锛氶浼板彲鐢ㄥぉ鏁板睍绀""鈥|",,199,gb18030->utf8 x1,NO,MANUAL_REVIEW,至少一个受影响字段无法整字段安全转换，或完整源行不可读/不可定位，或存在复合断言
UA2-00294,user-agent,docs/PRD-用户体系.md,source_section;source_quote;atomic_assertion,区域 3：额度使用进度条,"浣欓涓0 涓旈搴﹀凡鐢ㄥ畬锛氳繘搴︽潯婊＄孩 + ""璐︽埛宸叉瑺璐閬僵","浣欓涓0 涓旈搴﹀凡鐢ㄥ畬锛氳繘搴︽潯婊＄孩 + ""璐︽埛宸叉瑺璐閬僵",,199,gb18030->utf8 x1,NO,MANUAL_REVIEW,至少一个受影响字段无法整字段安全转换，或完整源行不可读/不可定位，或存在复合断言
UA2-00295,user-agent,docs/PRD-用户体系.md,source_section;source_quote;atomic_assertion,区域 3：额度使用进度条,**运营策略**,**运营策略**,157;227;362,199,gb18030->utf8 x1,NO,REVIEW_CANDIDATE,所有受影响字段均完成整字段可逆转换，且引用/章节可定位；仍需人工确认
UA2-00296,user-agent,docs/PRD-用户体系.md,source_section;source_quote;atomic_assertion,区域 3：额度使用进度条,额度 > 80% 时：系统自动触发余额不足通知,额度 > 80% 时：系统自动触发余额不足通知,229,199,gb18030->utf8 x1,NO,REVIEW_CANDIDATE,所有受影响字段均完成整字段可逆转换，且引用/章节可定位；仍需人工确认
UA2-00297,user-agent,docs/PRD-用户体系.md,source_section;source_quote;atomic_assertion,区域 3：额度使用进度条,棰濆害 > 95% 鏃讹細鍦ㄩ€氱煡鍩虹涓婏紝澧炲姞閭欢閫氱煡,棰濆害 > 95% 鏃讹細鍦ㄩ€氱煡鍩虹涓婏紝澧炲姞閭欢閫氱煡,,199,gb18030->utf8 x1,NO,MANUAL_REVIEW,至少一个受影响字段无法整字段安全转换，或完整源行不可读/不可定位，或存在复合断言
UA2-00298,user-agent,docs/PRD-用户体系.md,source_section,鍖哄煙 4锛氱敤閲忔€昏灞曞紑闈㈡澘,**面板结构**,**面板结构**,236,,gb18030->utf8 x1,NO,MANUAL_REVIEW,至少一个受影响字段无法整字段安全转换，或完整源行不可读/不可定位，或存在复合断言
UA2-00299,user-agent,docs/PRD-用户体系.md,source_section;source_quote;atomic_assertion,鍖哄煙 4锛氱敤閲忔€昏灞曞紑闈㈡澘,**概要模式展示逻辑**,**概要模式展示逻辑**,265,,gb18030->utf8 x1,NO,MANUAL_REVIEW,至少一个受影响字段无法整字段安全转换，或完整源行不可读/不可定位，或存在复合断言
UA2-00300,user-agent,docs/PRD-用户体系.md,source_section;source_quote;atomic_assertion,鍖哄煙 4锛氱敤閲忔€昏灞曞紑闈㈡澘,榛樿灞曠ず浠婃棩璋冪敤娆℃暟銆佹湰鏈Token 娑堣€椼€佹湰鏈堣垂鐢ㄤ笁椤|,榛樿灞曠ず浠婃棩璋冪敤娆℃暟銆佹湰鏈Token 娑堣€椼€佹湰鏈堣垂鐢ㄤ笁椤|,,,,NO,MANUAL_REVIEW,至少一个受影响字段无法整字段安全转换，或完整源行不可读/不可定位，或存在复合断言
UA2-00301,user-agent,docs/PRD-用户体系.md,source_section,鍖哄煙 4锛氱敤閲忔€昏灞曞紑闈㈡澘,鏁版嵁鍔犺浇鍓嶅睍绀Skeleton 楠ㄦ灦灞|,鏁版嵁鍔犺浇鍓嶅睍绀Skeleton 楠ㄦ灦灞|,268,,,NO,MANUAL_REVIEW,至少一个受影响字段无法整字段安全转换，或完整源行不可读/不可定位，或存在复合断言
UA2-00302,user-agent,docs/PRD-用户体系.md,source_section;source_quote;atomic_assertion,鍖哄煙 4锛氱敤閲忔€昏灞曞紑闈㈡澘,"鏁版嵁绌虹櫧锛氬睍绀0 鍊+ ""鏆傛棤鏁版嵁""鐏拌壊鏂囧瓧","鏁版嵁绌虹櫧锛氬睍绀0 鍊+ ""鏆傛棤鏁版嵁""鐏拌壊鏂囧瓧",,,,NO,MANUAL_REVIEW,至少一个受影响字段无法整字段安全转换，或完整源行不可读/不可定位，或存在复合断言
UA2-00303,user-agent,docs/PRD-用户体系.md,source_section;source_quote;atomic_assertion,鍖哄煙 4锛氱敤閲忔€昏灞曞紑闈㈡澘,**鐑姏鍥捐鏍*,**鐑姏鍥捐鏍*,,,,NO,MANUAL_REVIEW,至少一个受影响字段无法整字段安全转换，或完整源行不可读/不可定位，或存在复合断言
UA2-00304,user-agent,docs/PRD-用户体系.md,source_section;source_quote;atomic_assertion,鍖哄煙 4锛氱敤閲忔€昏灞曞紑闈㈡澘,| X 杞|| 24 灏忔椂锛:00-23:00锛墊,| X 杞|| 24 灏忔椂锛:00-23:00锛墊,,,,NO,MANUAL_REVIEW,至少一个受影响字段无法整字段安全转换，或完整源行不可读/不可定位，或存在复合断言
UA2-00305,user-agent,docs/PRD-用户体系.md,source_section;source_quote;atomic_assertion,鍖哄煙 4锛氱敤閲忔€昏灞曞紑闈㈡澘,| Y 杞|| 鐢ㄦ埛甯哥敤妯″瀷锛堟渶澶10 涓紝鎸夎皟鐢ㄩ噺鎺掑簭锛墊,| Y 杞|| 鐢ㄦ埛甯哥敤妯″瀷锛堟渶澶10 涓紝鎸夎皟鐢ㄩ噺鎺掑簭锛墊,,,,NO,MANUAL_REVIEW,至少一个受影响字段无法整字段安全转换，或完整源行不可读/不可定位，或存在复合断言
UA2-00306,user-agent,docs/PRD-用户体系.md,source_section,鍖哄煙 4锛氱敤閲忔€昏灞曞紑闈㈡澘,颜色映射,颜色映射,277,,gb18030->utf8 x1,NO,MANUAL_REVIEW,至少一个受影响字段无法整字段安全转换，或完整源行不可读/不可定位，或存在复合断言
UA2-00307,user-agent,docs/PRD-用户体系.md,source_section,鍖哄煙 4锛氱敤閲忔€昏灞曞紑闈㈡澘,"0% = #f0f0f0, 25% = #c6e48b, 50% = #7bc96f, 75% = #239a3b, 100% = #196127","0% = #f0f0f0, 25% = #c6e48b, 50% = #7bc96f, 75% = #239a3b, 100% = #196127",277,,,NO,MANUAL_REVIEW,至少一个受影响字段无法整字段安全转换，或完整源行不可读/不可定位，或存在复合断言
UA2-00308,user-agent,docs/PRD-用户体系.md,source_section;source_quote;atomic_assertion,鍖哄煙 4锛氱敤閲忔€昏灞曞紑闈㈡澘,悬浮提示,悬浮提示,,,gb18030->utf8 x1,NO,MANUAL_REVIEW,至少一个受影响字段无法整字段安全转换，或完整源行不可读/不可定位，或存在复合断言
UA2-00309,user-agent,docs/PRD-用户体系.md,source_section;source_quote;atomic_assertion,鍖哄煙 4锛氱敤閲忔€昏灞曞紑闈㈡澘,妯″瀷鍚嶃€佹椂娈点€佽皟鐢ㄦ鏁般€佸崰姣,妯″瀷鍚嶃€佹椂娈点€佽皟鐢ㄦ鏁般€佸崰姣,,,,NO,MANUAL_REVIEW,至少一个受影响字段无法整字段安全转换，或完整源行不可读/不可定位，或存在复合断言
UA2-00310,user-agent,docs/PRD-用户体系.md,source_section;source_quote;atomic_assertion,鍖哄煙 5锛歍oken 娑堣€楄秼鍔垮浘,**图表配置**,**图表配置**,284,,gb18030->utf8 x1,NO,MANUAL_REVIEW,至少一个受影响字段无法整字段安全转换，或完整源行不可读/不可定位，或存在复合断言
UA2-00311,user-agent,docs/PRD-用户体系.md,source_section,鍖哄煙 5锛歍oken 娑堣€楄秼鍔垮浘,时间范围,时间范围,297,,gb18030->utf8 x1,NO,MANUAL_REVIEW,至少一个受影响字段无法整字段安全转换，或完整源行不可读/不可定位，或存在复合断言
UA2-00312,user-agent,docs/PRD-用户体系.md,source_section,鍖哄煙 5锛歍oken 娑堣€楄秼鍔垮浘,杩7 澶,杩7 澶,976,,,NO,MANUAL_REVIEW,至少一个受影响字段无法整字段安全转换，或完整源行不可读/不可定位，或存在复合断言
UA2-00313,user-agent,docs/PRD-用户体系.md,source_section;source_quote;atomic_assertion,鍖哄煙 5锛歍oken 娑堣€楄秼鍔垮浘,24h / 7d / 30d / 鑷畾涔,24h / 7d / 30d / 鑷畾涔,,,,NO,MANUAL_REVIEW,至少一个受影响字段无法整字段安全转换，或完整源行不可读/不可定位，或存在复合断言
UA2-00314,user-agent,docs/PRD-用户体系.md,source_section,鍖哄煙 5锛歍oken 娑堣€楄秼鍔垮浘,聚合粒度,聚合粒度,289,,gb18030->utf8 x1,NO,MANUAL_REVIEW,至少一个受影响字段无法整字段安全转换，或完整源行不可读/不可定位，或存在复合断言
UA2-00315,user-agent,docs/PRD-用户体系.md,source_section,鍖哄煙 5锛歍oken 娑堣€楄秼鍔垮浘,鎸夊皬鏃,鎸夊皬鏃,289,,,NO,MANUAL_REVIEW,至少一个受影响字段无法整字段安全转换，或完整源行不可读/不可定位，或存在复合断言
UA2-00316,user-agent,docs/PRD-用户体系.md,source_section,鍖哄煙 5锛歍oken 娑堣€楄秼鍔垮浘,鎸夊皬鏃/ 鎸夊ぉ / 鎸夊懆,鎸夊皬鏃/ 鎸夊ぉ / 鎸夊懆,289,,,NO,MANUAL_REVIEW,至少一个受影响字段无法整字段安全转换，或完整源行不可读/不可定位，或存在复合断言
UA2-00317,user-agent,docs/PRD-用户体系.md,source_section,鍖哄煙 5锛歍oken 娑堣€楄秼鍔垮浘,数据系列,数据系列,290,,gb18030->utf8 x1,NO,MANUAL_REVIEW,至少一个受影响字段无法整字段安全转换，或完整源行不可读/不可定位，或存在复合断言
UA2-00318,user-agent,docs/PRD-用户体系.md,source_section,鍖哄煙 5锛歍oken 娑堣€楄秼鍔垮浘,鎬Token,鎬Token,290,,,NO,MANUAL_REVIEW,至少一个受影响字段无法整字段安全转换，或完整源行不可读/不可定位，或存在复合断言
UA2-00319,user-agent,docs/PRD-用户体系.md,source_section,鍖哄煙 5锛歍oken 娑堣€楄秼鍔垮浘,鎬Token / 杈撳叆 Token / 杈撳嚭 Token,鎬Token / 杈撳叆 Token / 杈撳嚭 Token,290,,,NO,MANUAL_REVIEW,至少一个受影响字段无法整字段安全转换，或完整源行不可读/不可定位，或存在复合断言
UA2-00320,user-agent,docs/PRD-用户体系.md,source_section;source_quote;atomic_assertion,鍖哄煙 5锛歍oken 娑堣€楄秼鍔垮浘,对比基准,对比基准,294,,gb18030->utf8 x1,NO,MANUAL_REVIEW,至少一个受影响字段无法整字段安全转换，或完整源行不可读/不可定位，或存在复合断言
UA2-00321,user-agent,docs/PRD-用户体系.md,source_section,鍖哄煙 5锛歍oken 娑堣€楄秼鍔垮浘,上一周期 / 上周同期 / 上月同期,上一周期 / 上周同期 / 上月同期,,,gb18030->utf8 x1,NO,MANUAL_REVIEW,至少一个受影响字段无法整字段安全转换，或完整源行不可读/不可定位，或存在复合断言
UA2-00322,user-agent,docs/PRD-用户体系.md,source_section,鍖哄煙 5锛歍oken 娑堣€楄秼鍔垮浘,图表类型,图表类型,292;1095,,gb18030->utf8 x1,NO,MANUAL_REVIEW,至少一个受影响字段无法整字段安全转换，或完整源行不可读/不可定位，或存在复合断言
UA2-00323,user-agent,docs/PRD-用户体系.md,source_section,鍖哄煙 5锛歍oken 娑堣€楄秼鍔垮浘,鏌辩姸鍥,鏌辩姸鍥,255;292,,,NO,MANUAL_REVIEW,至少一个受影响字段无法整字段安全转换，或完整源行不可读/不可定位，或存在复合断言
UA2-00324,user-agent,docs/PRD-用户体系.md,source_section,鍖哄煙 5锛歍oken 娑堣€楄秼鍔垮浘,鏌辩姸鍥/ 鎶樼嚎鍥/ 闈㈢Н鍥,鏌辩姸鍥/ 鎶樼嚎鍥/ 闈㈢Н鍥,292,,,NO,MANUAL_REVIEW,至少一个受影响字段无法整字段安全转换，或完整源行不可读/不可定位，或存在复合断言
UA2-00325,user-agent,docs/PRD-用户体系.md,source_section;source_quote;atomic_assertion,鍖哄煙 5锛歍oken 娑堣€楄秼鍔垮浘,**对比基准叠加规则**,**对比基准叠加规则**,294,,gb18030->utf8 x1,NO,MANUAL_REVIEW,至少一个受影响字段无法整字段安全转换，或完整源行不可读/不可定位，或存在复合断言
UA2-00326,user-agent,docs/PRD-用户体系.md,source_section;source_quote;atomic_assertion,鍖哄煙 5锛歍oken 娑堣€楄秼鍔垮浘,寮€鍚姣斿悗锛岀敤铏氱嚎娓叉煋瀵规瘮鍛ㄦ湡鐨勮秼鍔|,寮€鍚姣斿悗锛岀敤铏氱嚎娓叉煋瀵规瘮鍛ㄦ湡鐨勮秼鍔|,,,,NO,MANUAL_REVIEW,至少一个受影响字段无法整字段安全转换，或完整源行不可读/不可定位，或存在复合断言
UA2-00327,user-agent,docs/PRD-用户体系.md,source_section,鍖哄煙 5锛歍oken 娑堣€楄秼鍔垮浘,对比周期 = 当前时间范围 - 当前时间范围长度,对比周期 = 当前时间范围 - 当前时间范围长度,297,,gb18030->utf8 x1,NO,MANUAL_REVIEW,至少一个受影响字段无法整字段安全转换，或完整源行不可读/不可定位，或存在复合断言
UA2-00328,user-agent,docs/PRD-用户体系.md,source_section;source_quote;atomic_assertion,鍖哄煙 5锛歍oken 娑堣€楄秼鍔垮浘,渚嬪锛 澶╁姣鈫鏄剧ず鍓7 澶╃殑鏁版嵁铏氱嚎,渚嬪锛 澶╁姣鈫鏄剧ず鍓7 澶╃殑鏁版嵁铏氱嚎,,,,NO,MANUAL_REVIEW,至少一个受影响字段无法整字段安全转换，或完整源行不可读/不可定位，或存在复合断言
UA2-00329,user-agent,docs/PRD-用户体系.md,source_section,鍖哄煙 5锛歍oken 娑堣€楄秼鍔垮浘,**数据导出**,**数据导出**,300,,gb18030->utf8 x1,NO,MANUAL_REVIEW,至少一个受影响字段无法整字段安全转换，或完整源行不可读/不可定位，或存在复合断言
UA2-00330,user-agent,docs/PRD-用户体系.md,source_section;source_quote;atomic_assertion,鍖哄煙 5锛歍oken 娑堣€楄秼鍔垮浘,图表右上角下载按钮：导出 PNG / SVG 图片,图表右上角下载按钮：导出 PNG / SVG 图片,302,,gb18030->utf8 x1,NO,MANUAL_REVIEW,至少一个受影响字段无法整字段安全转换，或完整源行不可读/不可定位，或存在复合断言
UA2-00331,user-agent,docs/PRD-用户体系.md,source_section;source_quote;atomic_assertion,鍖哄煙 5锛歍oken 娑堣€楄秼鍔垮浘,鍘熷鏁版嵁瀵煎嚭锛欳SV锛堝寘鍚瘡鏉℃暟鎹拰瀵规瘮鏁版嵁锛|,鍘熷鏁版嵁瀵煎嚭锛欳SV锛堝寘鍚瘡鏉℃暟鎹拰瀵规瘮鏁版嵁锛|,,,,NO,MANUAL_REVIEW,至少一个受影响字段无法整字段安全转换，或完整源行不可读/不可定位，或存在复合断言
UA2-00332,user-agent,docs/PRD-用户体系.md,source_section;source_quote;atomic_assertion,区域 6：模型分布明细表,**琛ㄦ牸鍒楀畾涔*,**琛ㄦ牸鍒楀畾涔*,,307,gb18030->utf8 x1,NO,MANUAL_REVIEW,至少一个受影响字段无法整字段安全转换，或完整源行不可读/不可定位，或存在复合断言
UA2-00333,user-agent,docs/PRD-用户体系.md,source_section;source_quote;atomic_assertion,区域 6：模型分布明细表,| 妯″瀷鍚|| 鉁A-Z | 甯︿緵搴斿晢鏍囩锛堝皬鏍囩锛墊,| 妯″瀷鍚|| 鉁A-Z | 甯︿緵搴斿晢鏍囩锛堝皬鏍囩锛墊,,307,gb18030->utf8 x1,NO,MANUAL_REVIEW,至少一个受影响字段无法整字段安全转换，或完整源行不可读/不可定位，或存在复合断言
UA2-00334,user-agent,docs/PRD-用户体系.md,source_section,区域 6：模型分布明细表,渚涘簲鍟,渚涘簲鍟,314,307,gb18030->utf8 x1,NO,REVIEW_CANDIDATE,所有受影响字段均完成整字段可逆转换，且引用/章节可定位；仍需人工确认
UA2-00335,user-agent,docs/PRD-用户体系.md,source_section,区域 6：模型分布明细表,灞曠ず渚涘簲鍟Logo 缂╁啓,灞曠ず渚涘簲鍟Logo 缂╁啓,314,307,gb18030->utf8 x1,NO,REVIEW_CANDIDATE,所有受影响字段均完成整字段可逆转换，且引用/章节可定位；仍需人工确认
UA2-00336,user-agent,docs/PRD-用户体系.md,source_section,区域 6：模型分布明细表,调用次数,调用次数,315,307,gb18030->utf8 x1,NO,REVIEW_CANDIDATE,所有受影响字段均完成整字段可逆转换，且引用/章节可定位；仍需人工确认
UA2-00337,user-agent,docs/PRD-用户体系.md,source_section,区域 6：模型分布明细表,今日调用次数,今日调用次数,315,307,gb18030->utf8 x1,NO,REVIEW_CANDIDATE,所有受影响字段均完成整字段可逆转换，且引用/章节可定位；仍需人工确认
UA2-00338,user-agent,docs/PRD-用户体系.md,source_section,区域 6：模型分布明细表,Token 总量,Token 总量,316,307,gb18030->utf8 x1,NO,REVIEW_CANDIDATE,所有受影响字段均完成整字段可逆转换，且引用/章节可定位；仍需人工确认
UA2-00339,user-agent,docs/PRD-用户体系.md,source_section,区域 6：模型分布明细表,浠婃棩 Token 娑堣€,浠婃棩 Token 娑堣€,316,307,gb18030->utf8 x1,NO,REVIEW_CANDIDATE,所有受影响字段均完成整字段可逆转换，且引用/章节可定位；仍需人工确认
UA2-00340,user-agent,docs/PRD-用户体系.md,source_section;source_quote;atomic_assertion,区域 6：模型分布明细表,费用合计,费用合计,,307,gb18030->utf8 x1,NO,MANUAL_REVIEW,至少一个受影响字段无法整字段安全转换，或完整源行不可读/不可定位，或存在复合断言
UA2-00341,user-agent,docs/PRD-用户体系.md,source_section,区域 6：模型分布明细表,¥ 格式,¥ 格式,,307,gb18030->utf8 x1,NO,MANUAL_REVIEW,至少一个受影响字段无法整字段安全转换，或完整源行不可读/不可定位，或存在复合断言
UA2-00342,user-agent,docs/PRD-用户体系.md,source_section;source_quote;atomic_assertion,区域 6：模型分布明细表,平均延迟,平均延迟,,307,gb18030->utf8 x1,NO,MANUAL_REVIEW,至少一个受影响字段无法整字段安全转换，或完整源行不可读/不可定位，或存在复合断言
UA2-00343,user-agent,docs/PRD-用户体系.md,source_section,区域 6：模型分布明细表,ms 格式,ms 格式,,307,gb18030->utf8 x1,NO,MANUAL_REVIEW,至少一个受影响字段无法整字段安全转换，或完整源行不可读/不可定位，或存在复合断言
UA2-00344,user-agent,docs/PRD-用户体系.md,source_section;source_quote;atomic_assertion,区域 6：模型分布明细表,默认按调用量降序排列,默认按调用量降序排列,322,307,gb18030->utf8 x1,NO,REVIEW_CANDIDATE,所有受影响字段均完成整字段可逆转换，且引用/章节可定位；仍需人工确认
UA2-00345,user-agent,docs/PRD-用户体系.md,source_section;source_quote;atomic_assertion,区域 6：模型分布明细表,鐐瑰嚮琛鈫璺宠浆 `/console/logs model=xxx&range=today`锛堣妯″瀷浠婃棩鏃ュ織锛|,鐐瑰嚮琛鈫璺宠浆 `/console/logs model=xxx&range=today`锛堣妯″瀷浠婃棩鏃ュ織锛|,,307,gb18030->utf8 x1,NO,MANUAL_REVIEW,至少一个受影响字段无法整字段安全转换，或完整源行不可读/不可定位，或存在复合断言
UA2-00346,user-agent,docs/PRD-用户体系.md,source_section;source_quote;atomic_assertion,区域 6：模型分布明细表,"榧犳爣鎮诞琛鈫鑳屾櫙鑹查珮浜紝鍙充晶鏄剧ず""鏌ョ湅鏃ュ織""鎸夐挳","榧犳爣鎮诞琛鈫鑳屾櫙鑹查珮浜紝鍙充晶鏄剧ず""鏌ョ湅鏃ュ織""鎸夐挳",,307,gb18030->utf8 x1,NO,MANUAL_REVIEW,至少一个受影响字段无法整字段安全转换，或完整源行不可读/不可定位，或存在复合断言
UA2-00347,user-agent,docs/PRD-用户体系.md,source_section;source_quote;atomic_assertion,区域 6：模型分布明细表,"浠婃棩鏃犺皟鐢細琛ㄦ牸鍖哄煙灞曠ず绌虹姸鎬佹彃鍥+ ""浠婃棩鏆傛棤璋冪敤璁板綍锛屽紑濮嬫偍鐨勭涓€娆API 璋冪敤 鈫|","浠婃棩鏃犺皟鐢細琛ㄦ牸鍖哄煙灞曠ず绌虹姸鎬佹彃鍥+ ""浠婃棩鏆傛棤璋冪敤璁板綍锛屽紑濮嬫偍鐨勭涓€娆API 璋冪敤 鈫|",,307,gb18030->utf8 x1,NO,MANUAL_REVIEW,至少一个受影响字段无法整字段安全转换，或完整源行不可读/不可定位，或存在复合断言
UA2-00348,user-agent,docs/PRD-用户体系.md,source_section;source_quote;atomic_assertion,鍖哄煙 7锛欰PI Key 瀵规瘮琛|,**琛ㄦ牸鍒楀畾涔*,**琛ㄦ牸鍒楀畾涔*,,,,NO,MANUAL_REVIEW,至少一个受影响字段无法整字段安全转换，或完整源行不可读/不可定位，或存在复合断言
UA2-00349,user-agent,docs/PRD-用户体系.md,source_section;source_quote;atomic_assertion,鍖哄煙 7锛欰PI Key 瀵规瘮琛|,Key 名称,Key 名称,,,gb18030->utf8 x1,NO,MANUAL_REVIEW,至少一个受影响字段无法整字段安全转换，或完整源行不可读/不可定位，或存在复合断言
UA2-00350,user-agent,docs/PRD-用户体系.md,source_section;source_quote;atomic_assertion,鍖哄煙 7锛欰PI Key 瀵规瘮琛|,鐢ㄦ埛鑷畾涔夊埆鍚,鐢ㄦ埛鑷畾涔夊埆鍚,,,,NO,MANUAL_REVIEW,至少一个受影响字段无法整字段安全转换，或完整源行不可读/不可定位，或存在复合断言
UA2-00351,user-agent,docs/PRD-用户体系.md,source_section;source_quote;atomic_assertion,鍖哄煙 7锛欰PI Key 瀵规瘮琛|,创建时间,创建时间,,,gb18030->utf8 x1,NO,MANUAL_REVIEW,至少一个受影响字段无法整字段安全转换，或完整源行不可读/不可定位，或存在复合断言
UA2-00352,user-agent,docs/PRD-用户体系.md,source_section;source_quote;atomic_assertion,鍖哄煙 7锛欰PI Key 瀵规瘮琛|,格式：YYYY-MM-DD,格式：YYYY-MM-DD,,,gb18030->utf8 x1,NO,MANUAL_REVIEW,至少一个受影响字段无法整字段安全转换，或完整源行不可读/不可定位，或存在复合断言
UA2-00353,user-agent,docs/PRD-用户体系.md,source_section;source_quote;atomic_assertion,鍖哄煙 7锛欰PI Key 瀵规瘮琛|,鏈€鍚庝娇鐢ㄦ椂闂,鏈€鍚庝娇鐢ㄦ椂闂,,,,NO,MANUAL_REVIEW,至少一个受影响字段无法整字段安全转换，或完整源行不可读/不可定位，或存在复合断言
UA2-00354,user-agent,docs/PRD-用户体系.md,source_section;source_quote;atomic_assertion,鍖哄煙 7锛欰PI Key 瀵规瘮琛|,"鏍煎紡锛歒YYY-MM-DD HH:mm锛岃秴杩7 澶╃伆鑹叉爣娉闂茬疆""","鏍煎紡锛歒YYY-MM-DD HH:mm锛岃秴杩7 澶╃伆鑹叉爣娉闂茬疆""",,,,NO,MANUAL_REVIEW,至少一个受影响字段无法整字段安全转换，或完整源行不可读/不可定位，或存在复合断言
UA2-00355,user-agent,docs/PRD-用户体系.md,source_section,鍖哄煙 7锛欰PI Key 瀵规瘮琛|,浠婃棩璋冪敤閲,浠婃棩璋冪敤閲,341;791,,,NO,MANUAL_REVIEW,至少一个受影响字段无法整字段安全转换，或完整源行不可读/不可定位，或存在复合断言
UA2-00356,user-agent,docs/PRD-用户体系.md,source_section,鍖哄煙 7锛欰PI Key 瀵规瘮琛|,鏁板€,鏁板€,341;791,,,NO,MANUAL_REVIEW,至少一个受影响字段无法整字段安全转换，或完整源行不可读/不可定位，或存在复合断言
UA2-00357,user-agent,docs/PRD-用户体系.md,source_section,鍖哄煙 7锛欰PI Key 瀵规瘮琛|,鎴愬姛鐜,鎴愬姛鐜,342,,,NO,MANUAL_REVIEW,至少一个受影响字段无法整字段安全转换，或完整源行不可读/不可定位，或存在复合断言
UA2-00358,user-agent,docs/PRD-用户体系.md,source_section,鍖哄煙 7锛欰PI Key 瀵规瘮琛|,百分比，不同颜色,百分比，不同颜色,342,,gb18030->utf8 x1,NO,MANUAL_REVIEW,至少一个受影响字段无法整字段安全转换，或完整源行不可读/不可定位，或存在复合断言
UA2-00359,user-agent,docs/PRD-用户体系.md,source_section,鍖哄煙 7锛欰PI Key 瀵规瘮琛|,费用占比,费用占比,,,gb18030->utf8 x1,NO,MANUAL_REVIEW,至少一个受影响字段无法整字段安全转换，或完整源行不可读/不可定位，或存在复合断言
UA2-00360,user-agent,docs/PRD-用户体系.md,source_section;source_quote;atomic_assertion,鍖哄煙 7锛欰PI Key 瀵规瘮琛|,鐧惧垎姣旓紝甯﹁壊鏉,鐧惧垎姣旓紝甯﹁壊鏉,,,,NO,MANUAL_REVIEW,至少一个受影响字段无法整字段安全转换，或完整源行不可读/不可定位，或存在复合断言
UA2-00361,user-agent,docs/PRD-用户体系.md,source_section;source_quote;atomic_assertion,鍖哄煙 7锛欰PI Key 瀵规瘮琛|,**对比标准**,**对比标准**,345,,gb18030->utf8 x1,NO,MANUAL_REVIEW,至少一个受影响字段无法整字段安全转换，或完整源行不可读/不可定位，或存在复合断言
UA2-00362,user-agent,docs/PRD-用户体系.md,source_section,鍖哄煙 7锛欰PI Key 瀵规瘮琛|,**闲置 Key 识别**,**闲置 Key 识别**,354,,gb18030->utf8 x1,NO,MANUAL_REVIEW,至少一个受影响字段无法整字段安全转换，或完整源行不可读/不可定位，或存在复合断言
UA2-00363,user-agent,docs/PRD-用户体系.md,source_section;source_quote;atomic_assertion,鍖哄煙 7锛欰PI Key 瀵规瘮琛|,**运营策略**,**运营策略**,157;227;362,,gb18030->utf8 x1,NO,MANUAL_REVIEW,至少一个受影响字段无法整字段安全转换，或完整源行不可读/不可定位，或存在复合断言
UA2-00364,user-agent,docs/PRD-用户体系.md,source_section;source_quote;atomic_assertion,鍖哄煙 7锛欰PI Key 瀵规瘮琛|,闂茬疆 Key 瓒呰繃 30 澶鈫绯荤粺鍙戦€侀€氱煡鎻愰啋鐢ㄦ埛娓呯悊鎴栫‘璁や繚鐣|,闂茬疆 Key 瓒呰繃 30 澶鈫绯荤粺鍙戦€侀€氱煡鎻愰啋鐢ㄦ埛娓呯悊鎴栫‘璁や繚鐣|,,,,NO,MANUAL_REVIEW,至少一个受影响字段无法整字段安全转换，或完整源行不可读/不可定位，或存在复合断言
UA2-00365,user-agent,docs/PRD-用户体系.md,source_section;source_quote;atomic_assertion,鍖哄煙 7锛欰PI Key 瀵规瘮琛|,瓒呰繃 90 澶╂湭浣跨敤鐨Key 鈫鑷姩绂佺敤锛岄€氱煡鐢ㄦ埛,瓒呰繃 90 澶╂湭浣跨敤鐨Key 鈫鑷姩绂佺敤锛岄€氱煡鐢ㄦ埛,,,,NO,MANUAL_REVIEW,至少一个受影响字段无法整字段安全转换，或完整源行不可读/不可定位，或存在复合断言
UA2-00366,user-agent,docs/PRD-用户体系.md,source_section;source_quote;atomic_assertion,鍖哄煙 8锛氬揩鎹锋搷浣滃叆鍙|,绔嬪嵆鍏呭€,绔嬪嵆鍏呭€,,,,NO,MANUAL_REVIEW,至少一个受影响字段无法整字段安全转换，或完整源行不可读/不可定位，或存在复合断言
UA2-00367,user-agent,docs/PRD-用户体系.md,source_section,鍖哄煙 8锛氬揩鎹锋搷浣滃叆鍙|,点击按钮,点击按钮,,,gb18030->utf8 x1,NO,MANUAL_REVIEW,至少一个受影响字段无法整字段安全转换，或完整源行不可读/不可定位，或存在复合断言
UA2-00368,user-agent,docs/PRD-用户体系.md,source_section,鍖哄煙 8锛氬揩鎹锋搷浣滃叆鍙|,跳转 `/console/recharge`,跳转 `/console/recharge`,,,gb18030->utf8 x1,NO,MANUAL_REVIEW,至少一个受影响字段无法整字段安全转换，或完整源行不可读/不可定位，或存在复合断言
UA2-00369,user-agent,docs/PRD-用户体系.md,source_section;source_quote;atomic_assertion,鍖哄煙 8锛氬揩鎹锋搷浣滃叆鍙|,鎵€鏈夌敤鎴,鎵€鏈夌敤鎴,,,,NO,MANUAL_REVIEW,至少一个受影响字段无法整字段安全转换，或完整源行不可读/不可定位，或存在复合断言
UA2-00370,user-agent,docs/PRD-用户体系.md,source_section;source_quote;atomic_assertion,鍖哄煙 8锛氬揩鎹锋搷浣滃叆鍙|,鍒涘缓鏂Key,鍒涘缓鏂Key,,,,NO,MANUAL_REVIEW,至少一个受影响字段无法整字段安全转换，或完整源行不可读/不可定位，或存在复合断言
UA2-00372,user-agent,docs/PRD-用户体系.md,source_section;source_quote;atomic_assertion,鍖哄煙 8锛氬揩鎹锋搷浣滃叆鍙|,寮圭獥锛堝悓 2.2.3 鍒涘缓 Key 寮圭獥锛墊 鎵€鏈夌敤鎴,寮圭獥锛堝悓 2.2.3 鍒涘缓 Key 寮圭獥锛墊 鎵€鏈夌敤鎴,,,,NO,MANUAL_REVIEW,至少一个受影响字段无法整字段安全转换，或完整源行不可读/不可定位，或存在复合断言
UA2-00373,user-agent,docs/PRD-用户体系.md,source_section,鍖哄煙 8锛氬揩鎹锋搷浣滃叆鍙|,复制 cURL 示例,复制 cURL 示例,,,gb18030->utf8 x1,NO,MANUAL_REVIEW,至少一个受影响字段无法整字段安全转换，或完整源行不可读/不可定位，或存在复合断言
UA2-00375,user-agent,docs/PRD-用户体系.md,source_section;source_quote;atomic_assertion,鍖哄煙 8锛氬揩鎹锋搷浣滃叆鍙|,寮圭獥灞曠ず cURL 绀轰緥浠ｇ爜 + 涓€閿鍒,寮圭獥灞曠ず cURL 绀轰緥浠ｇ爜 + 涓€閿鍒,,,,NO,MANUAL_REVIEW,至少一个受影响字段无法整字段安全转换，或完整源行不可读/不可定位，或存在复合断言
UA2-00377,user-agent,docs/PRD-用户体系.md,source_section;source_quote;atomic_assertion,鍖哄煙 8锛氬揩鎹锋搷浣滃叆鍙|,查看日志,查看日志,,,gb18030->utf8 x1,NO,MANUAL_REVIEW,至少一个受影响字段无法整字段安全转换，或完整源行不可读/不可定位，或存在复合断言
UA2-00379,user-agent,docs/PRD-用户体系.md,source_section,鍖哄煙 8锛氬揩鎹锋搷浣滃叆鍙|,跳转 `/console/logs`,跳转 `/console/logs`,,,gb18030->utf8 x1,NO,MANUAL_REVIEW,至少一个受影响字段无法整字段安全转换，或完整源行不可读/不可定位，或存在复合断言
UA2-00381,user-agent,docs/PRD-用户体系.md,source_section;source_quote;atomic_assertion,鍖哄煙 8锛氬揩鎹锋搷浣滃叆鍙|,**cURL 示例弹窗内容**,**cURL 示例弹窗内容**,378,,gb18030->utf8 x1,NO,MANUAL_REVIEW,至少一个受影响字段无法整字段安全转换，或完整源行不可读/不可定位，或存在复合断言
UA2-00382,user-agent,docs/PRD-用户体系.md,source_section;source_quote;atomic_assertion,鍖哄煙 8锛氬揩鎹锋搷浣滃叆鍙|,"鑷姩濉厖鐢ㄦ埛鐨勭涓€涓湁鏁Key锛坄YOUR_API_KEY` 鏇挎崲涓哄疄闄Key 鐨勫墠 8 浣+ ""***""锛|","鑷姩濉厖鐢ㄦ埛鐨勭涓€涓湁鏁Key锛坄YOUR_API_KEY` 鏇挎崲涓哄疄闄Key 鐨勫墠 8 浣+ ""***""锛|",,,,NO,MANUAL_REVIEW,至少一个受影响字段无法整字段安全转换，或完整源行不可读/不可定位，或存在复合断言
UA2-00383,user-agent,docs/PRD-用户体系.md,source_section;source_quote;atomic_assertion,鍖哄煙 8锛氬揩鎹锋搷浣滃叆鍙|,"鎻愪緵""澶嶅埗浠ｇ爜""鍜澶嶅埗甯Key""涓や釜鎸夐挳","鎻愪緵""澶嶅埗浠ｇ爜""鍜澶嶅埗甯Key""涓や釜鎸夐挳",,,,NO,MANUAL_REVIEW,至少一个受影响字段无法整字段安全转换，或完整源行不可读/不可定位，或存在复合断言
UA2-00384,user-agent,docs/PRD-用户体系.md,source_section;source_quote;atomic_assertion,鍖哄煙 9锛氭渶杩戠櫥褰曡褰|,**璁板綍鍒楄〃锛堟渶澶5 鏉★級**,**璁板綍鍒楄〃锛堟渶澶5 鏉★級**,,,,NO,MANUAL_REVIEW,至少一个受影响字段无法整字段安全转换，或完整源行不可读/不可定位，或存在复合断言
UA2-00385,user-agent,docs/PRD-用户体系.md,source_section,鍖哄煙 9锛氭渶杩戠櫥褰曡褰|,时间,时间,84;297;857;858;991;1207;1220,,gb18030->utf8 x1,NO,MANUAL_REVIEW,至少一个受影响字段无法整字段安全转换，或完整源行不可读/不可定位，或存在复合断言
UA2-00386,user-agent,docs/PRD-用户体系.md,source_section,鍖哄煙 9锛氭渶杩戠櫥褰曡褰|,`YYYY-MM-DD HH:mm`,`YYYY-MM-DD HH:mm`,,,,NO,MANUAL_REVIEW,至少一个受影响字段无法整字段安全转换，或完整源行不可读/不可定位，或存在复合断言
UA2-00387,user-agent,docs/PRD-用户体系.md,source_section,鍖哄煙 9锛氭渶杩戠櫥褰曡褰|,`xxx.xxx.xxx.xxx`,`xxx.xxx.xxx.xxx`,,,,NO,MANUAL_REVIEW,至少一个受影响字段无法整字段安全转换，或完整源行不可读/不可定位，或存在复合断言
UA2-00388,user-agent,docs/PRD-用户体系.md,source_section,鍖哄煙 9锛氭渶杩戠櫥褰曡褰|,地理位置,地理位置,403,,gb18030->utf8 x1,NO,MANUAL_REVIEW,至少一个受影响字段无法整字段安全转换，或完整源行不可读/不可定位，或存在复合断言
UA2-00389,user-agent,docs/PRD-用户体系.md,source_section,鍖哄煙 9锛氭渶杩戠櫥褰曡褰|,"`城市, 省份`","`城市, 省份`",403,,gb18030->utf8 x1,NO,MANUAL_REVIEW,至少一个受影响字段无法整字段安全转换，或完整源行不可读/不可定位，或存在复合断言
UA2-00390,user-agent,docs/PRD-用户体系.md,source_section,鍖哄煙 9锛氭渶杩戠櫥褰曡褰|,閫氳繃 IP 搴撹В鏋,閫氳繃 IP 搴撹В鏋,403,,,NO,MANUAL_REVIEW,至少一个受影响字段无法整字段安全转换，或完整源行不可读/不可定位，或存在复合断言
UA2-00391,user-agent,docs/PRD-用户体系.md,source_section;source_quote;atomic_assertion,鍖哄煙 9锛氭渶杩戠櫥褰曡褰|,璁惧/娴忚鍣,璁惧/娴忚鍣,,,,NO,MANUAL_REVIEW,至少一个受影响字段无法整字段安全转换，或完整源行不可读/不可定位，或存在复合断言
UA2-00392,user-agent,docs/PRD-用户体系.md,source_section,鍖哄煙 9锛氭渶杩戠櫥褰曡褰|,`Chrome 120 / Windows 10`,`Chrome 120 / Windows 10`,,,,NO,MANUAL_REVIEW,至少一个受影响字段无法整字段安全转换，或完整源行不可读/不可定位，或存在复合断言
UA2-00393,user-agent,docs/PRD-用户体系.md,source_section,鍖哄煙 9锛氭渶杩戠櫥褰曡褰|,UA 解析结果,UA 解析结果,,,gb18030->utf8 x1,NO,MANUAL_REVIEW,至少一个受影响字段无法整字段安全转换，或完整源行不可读/不可定位，或存在复合断言
UA2-00394,user-agent,docs/PRD-用户体系.md,source_section,鍖哄煙 9锛氭渶杩戠櫥褰曡褰|,鐘舵€,鐘舵€,993,,,NO,MANUAL_REVIEW,至少一个受影响字段无法整字段安全转换，或完整源行不可读/不可定位，或存在复合断言
UA2-00395,user-agent,docs/PRD-用户体系.md,source_section;source_quote;atomic_assertion,鍖哄煙 9锛氭渶杩戠櫥褰曡褰|,成功/失败,成功/失败,1155,,gb18030->utf8 x1,NO,MANUAL_REVIEW,至少一个受影响字段无法整字段安全转换，或完整源行不可读/不可定位，或存在复合断言
UA2-00396,user-agent,docs/PRD-用户体系.md,source_section,鍖哄煙 9锛氭渶杩戠櫥褰曡褰|,澶辫触鐢ㄧ孩鑹,澶辫触鐢ㄧ孩鑹,,,,NO,MANUAL_REVIEW,至少一个受影响字段无法整字段安全转换，或完整源行不可读/不可定位，或存在复合断言
UA2-00397,user-agent,docs/PRD-用户体系.md,source_section;source_quote;atomic_assertion,鍖哄煙 9锛氭渶杩戠櫥褰曡褰|,"| 鎿嶄綔 | 鈥|| ""寮傚父""鏍囩锛堟娴嬪埌寮傚湴/IP 鍙樺寲澶ф椂灞曠ず锛墊","| 鎿嶄綔 | 鈥|| ""寮傚父""鏍囩锛堟娴嬪埌寮傚湴/IP 鍙樺寲澶ф椂灞曠ず锛墊",,,,NO,MANUAL_REVIEW,至少一个受影响字段无法整字段安全转换，或完整源行不可读/不可定位，或存在复合断言
UA2-00398,user-agent,docs/PRD-用户体系.md,source_section;source_quote;atomic_assertion,鍖哄煙 9锛氭渶杩戠櫥褰曡褰|,**寮傚父妫€娴嬭鍒*,**寮傚父妫€娴嬭鍒*,,,,NO,MANUAL_REVIEW,至少一个受影响字段无法整字段安全转换，或完整源行不可读/不可定位，或存在复合断言
UA2-00399,user-agent,docs/PRD-用户体系.md,source_section;source_quote;atomic_assertion,鍖哄煙 10锛氬揩閫熸帴鍏ュ紩瀵硷紙鏂扮敤鎴Onboarding锛|,**引导步骤**,**引导步骤**,422,,gb18030->utf8 x1,NO,MANUAL_REVIEW,至少一个受影响字段无法整字段安全转换，或完整源行不可读/不可定位，或存在复合断言
UA2-00400,user-agent,docs/PRD-用户体系.md,source_section,鍖哄煙 10锛氬揩閫熸帴鍏ュ紩瀵硷紙鏂扮敤鎴Onboarding锛|,1/3,1/3,,,,NO,MANUAL_REVIEW,至少一个受影响字段无法整字段安全转换，或完整源行不可读/不可定位，或存在复合断言
UA2-00401,user-agent,docs/PRD-用户体系.md,source_section;source_quote;atomic_assertion,鍖哄煙 10锛氬揩閫熸帴鍏ュ紩瀵硷紙鏂扮敤鎴Onboarding锛|,鍒涘缓鎮ㄧ殑绗竴涓API Key,鍒涘缓鎮ㄧ殑绗竴涓API Key,,,,NO,MANUAL_REVIEW,至少一个受影响字段无法整字段安全转换，或完整源行不可读/不可定位，或存在复合断言
UA2-00402,user-agent,docs/PRD-用户体系.md,source_section;source_quote;atomic_assertion,鍖哄煙 10锛氬揩閫熸帴鍏ュ紩瀵硷紙鏂扮敤鎴Onboarding锛|,"""绔嬪嵆鍒涘缓 Key""鈫掑脊绐","""绔嬪嵆鍒涘缓 Key""鈫掑脊绐",,,,NO,MANUAL_REVIEW,至少一个受影响字段无法整字段安全转换，或完整源行不可读/不可定位，或存在复合断言
UA2-00403,user-agent,docs/PRD-用户体系.md,source_section;source_quote;atomic_assertion,鍖哄煙 10锛氬揩閫熸帴鍏ュ紩瀵硷紙鏂扮敤鎴Onboarding锛|,至少存在 1 个启用状态的 Key,至少存在 1 个启用状态的 Key,,,gb18030->utf8 x1,NO,MANUAL_REVIEW,至少一个受影响字段无法整字段安全转换，或完整源行不可读/不可定位，或存在复合断言
UA2-00404,user-agent,docs/PRD-用户体系.md,source_section;source_quote;atomic_assertion,鍖哄煙 10锛氬揩閫熸帴鍏ュ紩瀵硷紙鏂扮敤鎴Onboarding锛|,宸叉湁 Key 鍒欒嚜鍔ㄦ爣璁板畬鎴,宸叉湁 Key 鍒欒嚜鍔ㄦ爣璁板畬鎴,,,,NO,MANUAL_REVIEW,至少一个受影响字段无法整字段安全转换，或完整源行不可读/不可定位，或存在复合断言
UA2-00405,user-agent,docs/PRD-用户体系.md,source_section,鍖哄煙 10锛氬揩閫熸帴鍏ュ紩瀵硷紙鏂扮敤鎴Onboarding锛|,2/3,2/3,,,,NO,MANUAL_REVIEW,至少一个受影响字段无法整字段安全转换，或完整源行不可读/不可定位，或存在复合断言
UA2-00406,user-agent,docs/PRD-用户体系.md,source_section;source_quote;atomic_assertion,鍖哄煙 10锛氬揩閫熸帴鍏ュ紩瀵硷紙鏂扮敤鎴Onboarding锛|,复制接入代码,复制接入代码,,,gb18030->utf8 x1,NO,MANUAL_REVIEW,至少一个受影响字段无法整字段安全转换，或完整源行不可读/不可定位，或存在复合断言
UA2-00407,user-agent,docs/PRD-用户体系.md,source_section,鍖哄煙 10锛氬揩閫熸帴鍏ュ紩瀵硷紙鏂扮敤鎴Onboarding锛|,"""复制 cURL 示例""","""复制 cURL 示例""",,,gb18030->utf8 x1,NO,MANUAL_REVIEW,至少一个受影响字段无法整字段安全转换，或完整源行不可读/不可定位，或存在复合断言
UA2-00408,user-agent,docs/PRD-用户体系.md,source_section,鍖哄煙 10锛氬揩閫熸帴鍏ュ紩瀵硷紙鏂扮敤鎴Onboarding锛|,点击复制按钮即可,点击复制按钮即可,,,gb18030->utf8 x1,NO,MANUAL_REVIEW,至少一个受影响字段无法整字段安全转换，或完整源行不可读/不可定位，或存在复合断言
UA2-00409,user-agent,docs/PRD-用户体系.md,source_section,鍖哄煙 10锛氬揩閫熸帴鍏ュ紩瀵硷紙鏂扮敤鎴Onboarding锛|,3/3,3/3,,,,NO,MANUAL_REVIEW,至少一个受影响字段无法整字段安全转换，或完整源行不可读/不可定位，或存在复合断言
UA2-00410,user-agent,docs/PRD-用户体系.md,source_section;source_quote;atomic_assertion,鍖哄煙 10锛氬揩閫熸帴鍏ュ紩瀵硷紙鏂扮敤鎴Onboarding锛|,测试首次调用,测试首次调用,,,gb18030->utf8 x1,NO,MANUAL_REVIEW,至少一个受影响字段无法整字段安全转换，或完整源行不可读/不可定位，或存在复合断言
UA2-00411,user-agent,docs/PRD-用户体系.md,source_section,鍖哄煙 10锛氬揩閫熸帴鍏ュ紩瀵硷紙鏂扮敤鎴Onboarding锛|,"""鎵撳紑 Playground 娴嬭瘯""鈫掕烦杞Playground","""鎵撳紑 Playground 娴嬭瘯""鈫掕烦杞Playground",,,,NO,MANUAL_REVIEW,至少一个受影响字段无法整字段安全转换，或完整源行不可读/不可定位，或存在复合断言
UA2-00412,user-agent,docs/PRD-用户体系.md,source_section,鍖哄煙 10锛氬揩閫熸帴鍏ュ紩瀵硷紙鏂扮敤鎴Onboarding锛|,至少 1 次成功的 API 调用,至少 1 次成功的 API 调用,,,gb18030->utf8 x1,NO,MANUAL_REVIEW,至少一个受影响字段无法整字段安全转换，或完整源行不可读/不可定位，或存在复合断言
UA2-00413,user-agent,docs/PRD-用户体系.md,source_section,鍖哄煙 10锛氬揩閫熸帴鍏ュ紩瀵硷紙鏂扮敤鎴Onboarding锛|,**完成动画**,**完成动画**,430,,gb18030->utf8 x1,NO,MANUAL_REVIEW,至少一个受影响字段无法整字段安全转换，或完整源行不可读/不可定位，或存在复合断言
UA2-00414,user-agent,docs/PRD-用户体系.md,source_section;source_quote;atomic_assertion,鍖哄煙 10锛氬揩閫熸帴鍏ュ紩瀵硷紙鏂扮敤鎴Onboarding锛|,涓夋楠ゅ叏閮ㄥ畬鎴愬悗锛氶〉闈㈤《閮ㄩ鍏馃帀 鎭枩锛佹偍宸插畬鎴愬揩閫熸帴鍏妯箙,涓夋楠ゅ叏閮ㄥ畬鎴愬悗锛氶〉闈㈤《閮ㄩ鍏馃帀 鎭枩锛佹偍宸插畬鎴愬揩閫熸帴鍏妯箙,,,,NO,MANUAL_REVIEW,至少一个受影响字段无法整字段安全转换，或完整源行不可读/不可定位，或存在复合断言
UA2-00415,user-agent,docs/PRD-用户体系.md,source_section;source_quote;atomic_assertion,鍖哄煙 10锛氬揩閫熸帴鍏ュ紩瀵硷紙鏂扮敤鎴Onboarding锛|,妯箙 5 绉掑悗鑷姩娣″嚭锛屼笉鍐嶆樉绀|,妯箙 5 绉掑悗鑷姩娣″嚭锛屼笉鍐嶆樉绀|,,,,NO,MANUAL_REVIEW,至少一个受影响字段无法整字段安全转换，或完整源行不可读/不可定位，或存在复合断言
UA2-00416,user-agent,docs/PRD-用户体系.md,source_section;source_quote;atomic_assertion,鍖哄煙 10锛氬揩閫熸帴鍏ュ紩瀵硷紙鏂扮敤鎴Onboarding锛|,瀹屾垚鍚`users.onboarding_completed = true`锛屽悗缁笉鍐嶅睍绀哄紩瀵|,瀹屾垚鍚`users.onboarding_completed = true`锛屽悗缁笉鍐嶅睍绀哄紩瀵|,,,,NO,MANUAL_REVIEW,至少一个受影响字段无法整字段安全转换，或完整源行不可读/不可定位，或存在复合断言
UA2-00417,user-agent,docs/PRD-用户体系.md,source_section;source_quote;atomic_assertion,鍖哄煙 10锛氬揩閫熸帴鍏ュ紩瀵硷紙鏂扮敤鎴Onboarding锛|,**强制逻辑**,**强制逻辑**,436,,gb18030->utf8 x1,NO,MANUAL_REVIEW,至少一个受影响字段无法整字段安全转换，或完整源行不可读/不可定位，或存在复合断言
UA2-00418,user-agent,docs/PRD-用户体系.md,source_section;source_quote;atomic_assertion,鍖哄煙 10锛氬揩閫熸帴鍏ュ紩瀵硷紙鏂扮敤鎴Onboarding锛|,users.onboarding_completed = false` 涓旂敤鎴锋敞鍐屾椂闂< 7 澶鈫姣忔璁块棶浠〃鐩橀兘灞曠ず,users.onboarding_completed = false` 涓旂敤鎴锋敞鍐屾椂闂< 7 澶鈫姣忔璁块棶浠〃鐩橀兘灞曠ず,,,,NO,MANUAL_REVIEW,至少一个受影响字段无法整字段安全转换，或完整源行不可读/不可定位，或存在复合断言
UA2-00419,user-agent,docs/PRD-用户体系.md,source_section;source_quote;atomic_assertion,鍖哄煙 10锛氬揩閫熸帴鍏ュ紩瀵硷紙鏂扮敤鎴Onboarding锛|,"娉ㄥ唽瓒呰繃 7 澶╀粛鏈畬鎴愬紩瀵鈫寮曞缂╀负涓€涓憡璀︽潯锛鎮ㄨ繕宸竴姝ュ氨瀹屾垚鎺ュ叆閰嶇疆""","娉ㄥ唽瓒呰繃 7 澶╀粛鏈畬鎴愬紩瀵鈫寮曞缂╀负涓€涓憡璀︽潯锛鎮ㄨ繕宸竴姝ュ氨瀹屾垚鎺ュ叆閰嶇疆""",,,,NO,MANUAL_REVIEW,至少一个受影响字段无法整字段安全转换，或完整源行不可读/不可定位，或存在复合断言
UA2-00420,user-agent,docs/PRD-用户体系.md,source_section;source_quote;atomic_assertion,鍖哄煙 10锛氬揩閫熸帴鍏ュ紩瀵硷紙鏂扮敤鎴Onboarding锛|,"鍙墜鍔ㄥ叧闂紩瀵硷紙""绋嶅悗鍐嶈""閾炬帴锛 澶╁唴涓嶅啀寮癸級","鍙墜鍔ㄥ叧闂紩瀵硷紙""绋嶅悗鍐嶈""閾炬帴锛 澶╁唴涓嶅啀寮癸級",,,,NO,MANUAL_REVIEW,至少一个受影响字段无法整字段安全转换，或完整源行不可读/不可定位，或存在复合断言
UA2-00421,user-agent,docs/PRD-用户体系.md,source_section,鍖哄煙 11锛氭垚鏈娴嬪崱鐗囷紙P1锛|,**预测算法**,**预测算法**,446,,gb18030->utf8 x1,NO,MANUAL_REVIEW,至少一个受影响字段无法整字段安全转换，或完整源行不可读/不可定位，或存在复合断言
UA2-00422,user-agent,docs/PRD-用户体系.md,source_section;source_quote;atomic_assertion,鍖哄煙 11锛氭垚鏈娴嬪崱鐗囷紙P1锛|,**展示内容**,**展示内容**,460;521,,gb18030->utf8 x1,NO,MANUAL_REVIEW,至少一个受影响字段无法整字段安全转换，或完整源行不可读/不可定位，或存在复合断言
UA2-00423,user-agent,docs/PRD-用户体系.md,source_section;source_quote;atomic_assertion,鍖哄煙 11锛氭垚鏈娴嬪崱鐗囷紙P1锛|,**棰勮闃堝€*,**棰勮闃堝€*,,,,NO,MANUAL_REVIEW,至少一个受影响字段无法整字段安全转换，或完整源行不可读/不可定位，或存在复合断言
UA2-00424,user-agent,docs/PRD-用户体系.md,source_section,鍖哄煙 11锛氭垚鏈娴嬪崱鐗囷紙P1锛|,> 30 澶,> 30 澶,,,,NO,MANUAL_REVIEW,至少一个受影响字段无法整字段安全转换，或完整源行不可读/不可定位，或存在复合断言
UA2-00425,user-agent,docs/PRD-用户体系.md,source_section;source_quote;atomic_assertion,鍖哄煙 11锛氭垚鏈娴嬪崱鐗囷紙P1锛|,缁胯壊锛屾甯告樉绀,缁胯壊锛屾甯告樉绀,,,,NO,MANUAL_REVIEW,至少一个受影响字段无法整字段安全转换，或完整源行不可读/不可定位，或存在复合断言
UA2-00426,user-agent,docs/PRD-用户体系.md,source_section,鍖哄煙 11锛氭垚鏈娴嬪崱鐗囷紙P1锛|,15-30 澶,15-30 澶,,,,NO,MANUAL_REVIEW,至少一个受影响字段无法整字段安全转换，或完整源行不可读/不可定位，或存在复合断言
UA2-00427,user-agent,docs/PRD-用户体系.md,source_section;source_quote;atomic_assertion,鍖哄煙 11锛氭垚鏈娴嬪崱鐗囷紙P1锛|,钃濊壊锛屾甯告樉绀,钃濊壊锛屾甯告樉绀,,,,NO,MANUAL_REVIEW,至少一个受影响字段无法整字段安全转换，或完整源行不可读/不可定位，或存在复合断言
UA2-00428,user-agent,docs/PRD-用户体系.md,source_section,鍖哄煙 11锛氭垚鏈娴嬪崱鐗囷紙P1锛|,7-14 澶,7-14 澶,,,,NO,MANUAL_REVIEW,至少一个受影响字段无法整字段安全转换，或完整源行不可读/不可定位，或存在复合断言
UA2-00429,user-agent,docs/PRD-用户体系.md,source_section;source_quote;atomic_assertion,鍖哄煙 11锛氭垚鏈娴嬪崱鐗囷紙P1锛|,"榛勮壊锛屾樉绀鍗冲皢鑰楀敖""","榛勮壊锛屾樉绀鍗冲皢鑰楀敖""",,,,NO,MANUAL_REVIEW,至少一个受影响字段无法整字段安全转换，或完整源行不可读/不可定位，或存在复合断言
UA2-00430,user-agent,docs/PRD-用户体系.md,source_section;source_quote;atomic_assertion,鍖哄煙 11锛氭垚鏈娴嬪崱鐗囷紙P1锛|,"""鏌ョ湅鍏呭€间紭鎯鎸夐挳","""鏌ョ湅鍏呭€间紭鎯鎸夐挳",,,,NO,MANUAL_REVIEW,至少一个受影响字段无法整字段安全转换，或完整源行不可读/不可定位，或存在复合断言
UA2-00431,user-agent,docs/PRD-用户体系.md,source_section,鍖哄煙 11锛氭垚鏈娴嬪崱鐗囷紙P1锛|,3-6 澶,3-6 澶,,,,NO,MANUAL_REVIEW,至少一个受影响字段无法整字段安全转换，或完整源行不可读/不可定位，或存在复合断言
UA2-00432,user-agent,docs/PRD-用户体系.md,source_section;source_quote;atomic_assertion,鍖哄煙 11锛氭垚鏈娴嬪崱鐗囷紙P1锛|,"绾㈣壊锛屾樉绀浣欓涓嶈冻""","绾㈣壊锛屾樉绀浣欓涓嶈冻""",,,,NO,MANUAL_REVIEW,至少一个受影响字段无法整字段安全转换，或完整源行不可读/不可定位，或存在复合断言
UA2-00433,user-agent,docs/PRD-用户体系.md,source_section;source_quote;atomic_assertion,鍖哄煙 11锛氭垚鏈娴嬪崱鐗囷紙P1锛|,"""绔嬪嵆鍏呭€鎸夐挳锛堟斁澶э級","""绔嬪嵆鍏呭€鎸夐挳锛堟斁澶э級",,,,NO,MANUAL_REVIEW,至少一个受影响字段无法整字段安全转换，或完整源行不可读/不可定位，或存在复合断言
UA2-00434,user-agent,docs/PRD-用户体系.md,source_section,鍖哄煙 11锛氭垚鏈娴嬪崱鐗囷紙P1锛|,< 3 澶,< 3 澶,,,,NO,MANUAL_REVIEW,至少一个受影响字段无法整字段安全转换，或完整源行不可读/不可定位，或存在复合断言
UA2-00435,user-agent,docs/PRD-用户体系.md,source_section;source_quote;atomic_assertion,鍖哄煙 11锛氭垚鏈娴嬪崱鐗囷紙P1锛|,"绾㈣壊闂儊锛屾樉绀浣欓鍗冲皢鑰楀敖""","绾㈣壊闂儊锛屾樉绀浣欓鍗冲皢鑰楀敖""",,,,NO,MANUAL_REVIEW,至少一个受影响字段无法整字段安全转换，或完整源行不可读/不可定位，或存在复合断言
UA2-00436,user-agent,docs/PRD-用户体系.md,source_section;source_quote;atomic_assertion,鍖哄煙 11锛氭垚鏈娴嬪崱鐗囷紙P1锛|,"""绱ф€ュ厖鍊鎸夐挳锛堥珮浜級","""绱ф€ュ厖鍊鎸夐挳锛堥珮浜級",,,,NO,MANUAL_REVIEW,至少一个受影响字段无法整字段安全转换，或完整源行不可读/不可定位，或存在复合断言
UA2-00437,user-agent,docs/PRD-用户体系.md,source_section,鍖哄煙 11锛氭垚鏈娴嬪崱鐗囷紙P1锛|,宸茶€楀敖,宸茶€楀敖,,,,NO,MANUAL_REVIEW,至少一个受影响字段无法整字段安全转换，或完整源行不可读/不可定位，或存在复合断言
UA2-00438,user-agent,docs/PRD-用户体系.md,source_section;source_quote;atomic_assertion,鍖哄煙 11锛氭垚鏈娴嬪崱鐗囷紙P1锛|,鐏拌壊閬僵锛屾樉绀浣欓宸茬敤瀹,鐏拌壊閬僵锛屾樉绀浣欓宸茬敤瀹,,,,NO,MANUAL_REVIEW,至少一个受影响字段无法整字段安全转换，或完整源行不可读/不可定位，或存在复合断言
UA2-00439,user-agent,docs/PRD-用户体系.md,source_section;source_quote;atomic_assertion,鍖哄煙 11锛氭垚鏈娴嬪崱鐗囷紙P1锛|,浠呭睍绀绔嬪嵆鍏呭€,浠呭睍绀绔嬪嵆鍏呭€,,,,NO,MANUAL_REVIEW,至少一个受影响字段无法整字段安全转换，或完整源行不可读/不可定位，或存在复合断言
UA2-00440,user-agent,docs/PRD-用户体系.md,source_section;source_quote;atomic_assertion,鍖哄煙 12锛氬紓甯稿憡璀﹀崱鐗囷紙P1锛|,**鍛婅绫诲瀷涓庤Е鍙戞潯浠*,**鍛婅绫诲瀷涓庤Е鍙戞潯浠*,,,,NO,MANUAL_REVIEW,至少一个受影响字段无法整字段安全转换，或完整源行不可读/不可定位，或存在复合断言
UA2-00441,user-agent,docs/PRD-用户体系.md,source_section,鍖哄煙 12锛氬紓甯稿憡璀﹀崱鐗囷紙P1锛|,澶辫触鐜囩獊澧,澶辫触鐜囩獊澧,,,,NO,MANUAL_REVIEW,至少一个受影响字段无法整字段安全转换，或完整源行不可读/不可定位，或存在复合断言
UA2-00442,user-agent,docs/PRD-用户体系.md,source_section;source_quote;atomic_assertion,鍖哄煙 12锛氬紓甯稿憡璀﹀崱鐗囷紙P1锛|,杩5 鍒嗛挓澶辫触鐜> 5% 涓旀瘮鍓嶄竴灏忔椂 > 2x,杩5 鍒嗛挓澶辫触鐜> 5% 涓旀瘮鍓嶄竴灏忔椂 > 2x,,,,NO,MANUAL_REVIEW,至少一个受影响字段无法整字段安全转换，或完整源行不可读/不可定位，或存在复合断言
UA2-00443,user-agent,docs/PRD-用户体系.md,source_section;source_quote;atomic_assertion,鍖哄煙 12锛氬紓甯稿憡璀﹀崱鐗囷紙P1锛|,馃敶 绱ф€,馃敶 绱ф€,,,,NO,MANUAL_REVIEW,至少一个受影响字段无法整字段安全转换，或完整源行不可读/不可定位，或存在复合断言
UA2-00444,user-agent,docs/PRD-用户体系.md,source_section,鍖哄煙 12锛氬紓甯稿憡璀﹀崱鐗囷紙P1锛|,妫€鏌ユā鍨嬬姸鎬/ 鑱旂郴瀹㈡湇,妫€鏌ユā鍨嬬姸鎬/ 鑱旂郴瀹㈡湇,,,,NO,MANUAL_REVIEW,至少一个受影响字段无法整字段安全转换，或完整源行不可读/不可定位，或存在复合断言
UA2-00445,user-agent,docs/PRD-用户体系.md,source_section;source_quote;atomic_assertion,鍖哄煙 12锛氬紓甯稿憡璀﹀崱鐗囷紙P1锛|,配额即将耗尽,配额即将耗尽,,,gb18030->utf8 x1,NO,MANUAL_REVIEW,至少一个受影响字段无法整字段安全转换，或完整源行不可读/不可定位，或存在复合断言
UA2-00446,user-agent,docs/PRD-用户体系.md,source_section;source_quote;atomic_assertion,鍖哄煙 12锛氬紓甯稿憡璀﹀崱鐗囷紙P1锛|,浣欓鍙敤澶╂暟 < 7 澶,浣欓鍙敤澶╂暟 < 7 澶,,,,NO,MANUAL_REVIEW,至少一个受影响字段无法整字段安全转换，或完整源行不可读/不可定位，或存在复合断言
UA2-00447,user-agent,docs/PRD-用户体系.md,source_section;source_quote;atomic_assertion,鍖哄煙 12锛氬紓甯稿憡璀﹀崱鐗囷紙P1锛|,🟡 告警,🟡 告警,,,gb18030->utf8 x1,NO,MANUAL_REVIEW,至少一个受影响字段无法整字段安全转换，或完整源行不可读/不可定位，或存在复合断言
UA2-00448,user-agent,docs/PRD-用户体系.md,source_section;source_quote;atomic_assertion,鍖哄煙 12锛氬紓甯稿憡璀﹀崱鐗囷紙P1锛|,绔嬪嵆鍏呭€,绔嬪嵆鍏呭€,,,,NO,MANUAL_REVIEW,至少一个受影响字段无法整字段安全转换，或完整源行不可读/不可定位，或存在复合断言
UA2-00449,user-agent,docs/PRD-用户体系.md,source_section,鍖哄煙 12锛氬紓甯稿憡璀﹀崱鐗囷紙P1锛|,异常 IP 登录,异常 IP 登录,,,gb18030->utf8 x1,NO,MANUAL_REVIEW,至少一个受影响字段无法整字段安全转换，或完整源行不可读/不可定位，或存在复合断言
UA2-00450,user-agent,docs/PRD-用户体系.md,source_section,鍖哄煙 12锛氬紓甯稿憡璀﹀崱鐗囷紙P1锛|,褰撳墠鐧诲綍 IP 灞炲湴 鈮甯哥敤鍦,褰撳墠鐧诲綍 IP 灞炲湴 鈮甯哥敤鍦,,,,NO,MANUAL_REVIEW,至少一个受影响字段无法整字段安全转换，或完整源行不可读/不可定位，或存在复合断言
UA2-00452,user-agent,docs/PRD-用户体系.md,source_section;source_quote;atomic_assertion,鍖哄煙 12锛氬紓甯稿憡璀﹀崱鐗囷紙P1锛|,确认是否本人操作 / 修改密码,确认是否本人操作 / 修改密码,,,gb18030->utf8 x1,NO,MANUAL_REVIEW,至少一个受影响字段无法整字段安全转换，或完整源行不可读/不可定位，或存在复合断言
UA2-00453,user-agent,docs/PRD-用户体系.md,source_section,鍖哄煙 12锛氬紓甯稿憡璀﹀崱鐗囷紙P1锛|,Key 泄露嫌疑,Key 泄露嫌疑,,,gb18030->utf8 x1,NO,MANUAL_REVIEW,至少一个受影响字段无法整字段安全转换，或完整源行不可读/不可定位，或存在复合断言
UA2-00454,user-agent,docs/PRD-用户体系.md,source_section;source_quote;atomic_assertion,鍖哄煙 12锛氬紓甯稿憡璀﹀崱鐗囷紙P1锛|,鍚屼竴 Key 鍦< 5 鍒嗛挓鍐呬粠 > 2 涓煄甯傝皟鐢,鍚屼竴 Key 鍦< 5 鍒嗛挓鍐呬粠 > 2 涓煄甯傝皟鐢,,,,NO,MANUAL_REVIEW,至少一个受影响字段无法整字段安全转换，或完整源行不可读/不可定位，或存在复合断言
UA2-00456,user-agent,docs/PRD-用户体系.md,source_section,鍖哄煙 12锛氬紓甯稿憡璀﹀崱鐗囷紙P1锛|,立即禁用 Key / 联系客服,立即禁用 Key / 联系客服,,,gb18030->utf8 x1,NO,MANUAL_REVIEW,至少一个受影响字段无法整字段安全转换，或完整源行不可读/不可定位，或存在复合断言
UA2-00457,user-agent,docs/PRD-用户体系.md,source_section;source_quote;atomic_assertion,鍖哄煙 12锛氬紓甯稿憡璀﹀崱鐗囷紙P1锛|,余额透支,余额透支,,,gb18030->utf8 x1,NO,MANUAL_REVIEW,至少一个受影响字段无法整字段安全转换，或完整源行不可读/不可定位，或存在复合断言
UA2-00458,user-agent,docs/PRD-用户体系.md,source_section;source_quote;atomic_assertion,鍖哄煙 12锛氬紓甯稿憡璀﹀崱鐗囷紙P1锛|,浣欓 < 0锛堝凡娆犺垂锛墊 馃敶 绱ф€,浣欓 < 0锛堝凡娆犺垂锛墊 馃敶 绱ф€,,,,NO,MANUAL_REVIEW,至少一个受影响字段无法整字段安全转换，或完整源行不可读/不可定位，或存在复合断言
UA2-00459,user-agent,docs/PRD-用户体系.md,source_section;source_quote;atomic_assertion,鍖哄煙 12锛氬紓甯稿憡璀﹀崱鐗囷紙P1锛|,绔嬪嵆鍏呭€间互鎭㈠鏈嶅姟,绔嬪嵆鍏呭€间互鎭㈠鏈嶅姟,,,,NO,MANUAL_REVIEW,至少一个受影响字段无法整字段安全转换，或完整源行不可读/不可定位，或存在复合断言
UA2-00460,user-agent,docs/PRD-用户体系.md,source_section,鍖哄煙 12锛氬紓甯稿憡璀﹀崱鐗囷紙P1锛|,模型下线,模型下线,,,gb18030->utf8 x1,NO,MANUAL_REVIEW,至少一个受影响字段无法整字段安全转换，或完整源行不可读/不可定位，或存在复合断言
UA2-00461,user-agent,docs/PRD-用户体系.md,source_section;source_quote;atomic_assertion,鍖哄煙 12锛氬紓甯稿憡璀﹀崱鐗囷紙P1锛|,甯哥敤妯″瀷鐘舵€佸彉涓宸蹭笅绾,甯哥敤妯″瀷鐘舵€佸彉涓宸蹭笅绾,,,,NO,MANUAL_REVIEW,至少一个受影响字段无法整字段安全转换，或完整源行不可读/不可定位，或存在复合断言
UA2-00463,user-agent,docs/PRD-用户体系.md,source_section;source_quote;atomic_assertion,鍖哄煙 12锛氬紓甯稿憡璀﹀崱鐗囷紙P1锛|,查看替代模型,查看替代模型,,,gb18030->utf8 x1,NO,MANUAL_REVIEW,至少一个受影响字段无法整字段安全转换，或完整源行不可读/不可定位，或存在复合断言
UA2-00464,user-agent,docs/PRD-用户体系.md,source_section;source_quote;atomic_assertion,鍖哄煙 12锛氬紓甯稿憡璀﹀崱鐗囷紙P1锛|,**告警卡片布局**,**告警卡片布局**,496,,gb18030->utf8 x1,NO,MANUAL_REVIEW,至少一个受影响字段无法整字段安全转换，或完整源行不可读/不可定位，或存在复合断言
UA2-00465,user-agent,docs/PRD-用户体系.md,source_section;source_quote;atomic_assertion,鍖哄煙 12锛氬紓甯稿憡璀﹀崱鐗囷紙P1锛|,**告警折叠逻辑**,**告警折叠逻辑**,512,,gb18030->utf8 x1,NO,MANUAL_REVIEW,至少一个受影响字段无法整字段安全转换，或完整源行不可读/不可定位，或存在复合断言
UA2-00466,user-agent,docs/PRD-用户体系.md,source_section;source_quote;atomic_assertion,鍖哄煙 12锛氬紓甯稿憡璀﹀崱鐗囷紙P1锛|,默认展示全部,默认展示全部,513,,gb18030->utf8 x1,NO,MANUAL_REVIEW,至少一个受影响字段无法整字段安全转换，或完整源行不可读/不可定位，或存在复合断言
UA2-00467,user-agent,docs/PRD-用户体系.md,source_section;source_quote;atomic_assertion,鍖哄煙 12锛氬紓甯稿憡璀﹀崱鐗囷紙P1锛|,"鐢ㄦ埛鐐瑰嚮""宸茶""鍚庡皢姝ゅ憡璀︽姌鍙犲埌""宸茶鍛婅 (N)""鎶樺彔鏍|","鐢ㄦ埛鐐瑰嚮""宸茶""鍚庡皢姝ゅ憡璀︽姌鍙犲埌""宸茶鍛婅 (N)""鎶樺彔鏍|",,,,NO,MANUAL_REVIEW,至少一个受影响字段无法整字段安全转换，或完整源行不可读/不可定位，或存在复合断言
UA2-00468,user-agent,docs/PRD-用户体系.md,source_section;source_quote;atomic_assertion,鍖哄煙 12锛氬紓甯稿憡璀﹀崱鐗囷紙P1锛|,"鐩稿悓绫诲瀷鐨勫憡璀5 鍒嗛挓鍐呭悎骞朵负涓€鏉★紙""澶辫触鐜囩獊澧- N 娆¤Е鍙锛|","鐩稿悓绫诲瀷鐨勫憡璀5 鍒嗛挓鍐呭悎骞朵负涓€鏉★紙""澶辫触鐜囩獊澧- N 娆¤Е鍙锛|",,,,NO,MANUAL_REVIEW,至少一个受影响字段无法整字段安全转换，或完整源行不可读/不可定位，或存在复合断言
UA2-00469,user-agent,docs/PRD-用户体系.md,source_section;source_quote;atomic_assertion,鍖哄煙 13锛氳处鍗曞懆鏈熸瑙堬紙P1锛|,**展示内容**,**展示内容**,460;521,,gb18030->utf8 x1,NO,MANUAL_REVIEW,至少一个受影响字段无法整字段安全转换，或完整源行不可读/不可定位，或存在复合断言
UA2-00470,user-agent,docs/PRD-用户体系.md,source_section;source_quote;atomic_assertion,鍖哄煙 13锛氳处鍗曞懆鏈熸瑙堬紙P1锛|,**字段规格**,**字段规格**,128;166;201;530;1297,,gb18030->utf8 x1,NO,MANUAL_REVIEW,至少一个受影响字段无法整字段安全转换，或完整源行不可读/不可定位，或存在复合断言
UA2-00471,user-agent,docs/PRD-用户体系.md,source_section;source_quote;atomic_assertion,鍖哄煙 13锛氳处鍗曞懆鏈熸瑙堬紙P1锛|,账单起止日期,账单起止日期,534,,gb18030->utf8 x1,NO,MANUAL_REVIEW,至少一个受影响字段无法整字段安全转换，或完整源行不可读/不可定位，或存在复合断言
UA2-00472,user-agent,docs/PRD-用户体系.md,source_section,鍖哄煙 13锛氳处鍗曞懆鏈熸瑙堬紙P1锛|,`site_configs.billing_cycle_start` + 当前周期,`site_configs.billing_cycle_start` + 当前周期,,,gb18030->utf8 x1,NO,MANUAL_REVIEW,至少一个受影响字段无法整字段安全转换，或完整源行不可读/不可定位，或存在复合断言
UA2-00473,user-agent,docs/PRD-用户体系.md,source_section;source_quote;atomic_assertion,鍖哄煙 13锛氳处鍗曞懆鏈熸瑙堬紙P1锛|,每月 1 日到月底,每月 1 日到月底,534,,gb18030->utf8 x1,NO,MANUAL_REVIEW,至少一个受影响字段无法整字段安全转换，或完整源行不可读/不可定位，或存在复合断言
UA2-00474,user-agent,docs/PRD-用户体系.md,source_section,鍖哄煙 13锛氳处鍗曞懆鏈熸瑙堬紙P1锛|,宸插嚭璐﹂噾棰,宸插嚭璐﹂噾棰,525,,,NO,MANUAL_REVIEW,至少一个受影响字段无法整字段安全转换，或完整源行不可读/不可定位，或存在复合断言
UA2-00475,user-agent,docs/PRD-用户体系.md,source_section,鍖哄煙 13锛氳处鍗曞懆鏈熸瑙堬紙P1锛|,上期结算后的消费总和,上期结算后的消费总和,,,gb18030->utf8 x1,NO,MANUAL_REVIEW,至少一个受影响字段无法整字段安全转换，或完整源行不可读/不可定位，或存在复合断言
UA2-00476,user-agent,docs/PRD-用户体系.md,source_section;source_quote;atomic_assertion,鍖哄煙 13锛氳处鍗曞懆鏈熸瑙堬紙P1锛|,已结算的金额,已结算的金额,,,gb18030->utf8 x1,NO,MANUAL_REVIEW,至少一个受影响字段无法整字段安全转换，或完整源行不可读/不可定位，或存在复合断言
UA2-00477,user-agent,docs/PRD-用户体系.md,source_section,鍖哄煙 13锛氳处鍗曞懆鏈熸瑙堬紙P1锛|,寰呯粨绠楅噾棰,寰呯粨绠楅噾棰,,,,NO,MANUAL_REVIEW,至少一个受影响字段无法整字段安全转换，或完整源行不可读/不可定位，或存在复合断言
UA2-00478,user-agent,docs/PRD-用户体系.md,source_section;source_quote;atomic_assertion,鍖哄煙 13锛氳处鍗曞懆鏈熸瑙堬紙P1锛|,鏈€杩N 澶╃殑娑堣垂锛圢 鐢辩粨绠楀欢杩熷ぉ鏁伴厤缃級,鏈€杩N 澶╃殑娑堣垂锛圢 鐢辩粨绠楀欢杩熷ぉ鏁伴厤缃級,,,,NO,MANUAL_REVIEW,至少一个受影响字段无法整字段安全转换，或完整源行不可读/不可定位，或存在复合断言
UA2-00479,user-agent,docs/PRD-用户体系.md,source_section;source_quote;atomic_assertion,鍖哄煙 13锛氳处鍗曞懆鏈熸瑙堬紙P1锛|,未结算的消费,未结算的消费,,,gb18030->utf8 x1,NO,MANUAL_REVIEW,至少一个受影响字段无法整字段安全转换，或完整源行不可读/不可定位，或存在复合断言
UA2-00480,user-agent,docs/PRD-用户体系.md,source_section;source_quote;atomic_assertion,鍖哄煙 13锛氳处鍗曞懆鏈熸瑙堬紙P1锛|,缁撶畻鏃ュ€掕鏃,缁撶畻鏃ュ€掕鏃,,,,NO,MANUAL_REVIEW,至少一个受影响字段无法整字段安全转换，或完整源行不可读/不可定位，或存在复合断言
UA2-00481,user-agent,docs/PRD-用户体系.md,source_section;source_quote;atomic_assertion,鍖哄煙 13锛氳处鍗曞懆鏈熸瑙堬紙P1锛|,`billing_cycle_end` - 当前日期,`billing_cycle_end` - 当前日期,,,gb18030->utf8 x1,NO,MANUAL_REVIEW,至少一个受影响字段无法整字段安全转换，或完整源行不可读/不可定位，或存在复合断言
UA2-00482,user-agent,docs/PRD-用户体系.md,source_section;source_quote;atomic_assertion,鍖哄煙 13锛氳处鍗曞懆鏈熸瑙堬紙P1锛|,璐熸暟鏃舵樉绀宸茶繃缁撶畻鏃N 澶,璐熸暟鏃舵樉绀宸茶繃缁撶畻鏃N 澶,,,,NO,MANUAL_REVIEW,至少一个受影响字段无法整字段安全转换，或完整源行不可读/不可定位，或存在复合断言
UA2-00483,user-agent,docs/PRD-用户体系.md,source_section;source_quote;atomic_assertion,鍖哄煙 13锛氳处鍗曞懆鏈熸瑙堬紙P1锛|,**历史账单列表**,**历史账单列表**,539,,gb18030->utf8 x1,NO,MANUAL_REVIEW,至少一个受影响字段无法整字段安全转换，或完整源行不可读/不可定位，或存在复合断言
UA2-00484,user-agent,docs/PRD-用户体系.md,source_section;source_quote;atomic_assertion,鍖哄煙 13锛氳处鍗曞懆鏈熸瑙堬紙P1锛|,灞曠ず鏈€杩12 涓懆鏈熺殑璐﹀崟姹囨€|,灞曠ず鏈€杩12 涓懆鏈熺殑璐﹀崟姹囨€|,,,,NO,MANUAL_REVIEW,至少一个受影响字段无法整字段安全转换，或完整源行不可读/不可定位，或存在复合断言
UA2-00485,user-agent,docs/PRD-用户体系.md,source_section;source_quote;atomic_assertion,鍖哄煙 13锛氳处鍗曞懆鏈熸瑙堬紙P1锛|,姣忚锛氬懆鏈/ 鎬绘秷璐/ 宸插嚭璐/ 鐘舵€侊紙宸茬粨绠/ 寰呯粨绠楋級,姣忚锛氬懆鏈/ 鎬绘秷璐/ 宸插嚭璐/ 鐘舵€侊紙宸茬粨绠/ 寰呯粨绠楋級,,,,NO,MANUAL_REVIEW,至少一个受影响字段无法整字段安全转换，或完整源行不可读/不可定位，或存在复合断言
UA2-00486,user-agent,docs/PRD-用户体系.md,source_section;source_quote;atomic_assertion,鍖哄煙 13锛氳处鍗曞懆鏈熸瑙堬紙P1锛|,鐐瑰嚮琛鈫涓嬭浇璇ュ懆鏈熻处鍗PDF/CSV,鐐瑰嚮琛鈫涓嬭浇璇ュ懆鏈熻处鍗PDF/CSV,,,,NO,MANUAL_REVIEW,至少一个受影响字段无法整字段安全转换，或完整源行不可读/不可定位，或存在复合断言
UA2-00487,user-agent,docs/PRD-用户体系.md,source_section,鍖哄煙 14锛氬疄鏃舵椿鍔ㄦ祦锛圥2锛|,**WebSocket 消息格式**,**WebSocket 消息格式**,548,,gb18030->utf8 x1,NO,MANUAL_REVIEW,至少一个受影响字段无法整字段安全转换，或完整源行不可读/不可定位，或存在复合断言
UA2-00488,user-agent,docs/PRD-用户体系.md,source_section;source_quote;atomic_assertion,鍖哄煙 14锛氬疄鏃舵椿鍔ㄦ祦锛圥2锛|,**前端展示**,**前端展示**,564,,gb18030->utf8 x1,NO,MANUAL_REVIEW,至少一个受影响字段无法整字段安全转换，或完整源行不可读/不可定位，或存在复合断言
UA2-00489,user-agent,docs/PRD-用户体系.md,source_section;source_quote;atomic_assertion,鍖哄煙 14锛氬疄鏃舵椿鍔ㄦ祦锛圥2锛|,榧犳爣鎮仠娲诲姩娴佸尯鍩,榧犳爣鎮仠娲诲姩娴佸尯鍩,,,,NO,MANUAL_REVIEW,至少一个受影响字段无法整字段安全转换，或完整源行不可读/不可定位，或存在复合断言
UA2-00490,user-agent,docs/PRD-用户体系.md,source_section;source_quote;atomic_assertion,鍖哄煙 14锛氬疄鏃舵椿鍔ㄦ祦锛圥2锛|,鏆傚仠鑷姩婊氬姩锛屾秷鎭笉鍐嶈嚜鍔ㄧЩ鍑,鏆傚仠鑷姩婊氬姩锛屾秷鎭笉鍐嶈嚜鍔ㄧЩ鍑,,,,NO,MANUAL_REVIEW,至少一个受影响字段无法整字段安全转换，或完整源行不可读/不可定位，或存在复合断言
UA2-00491,user-agent,docs/PRD-用户体系.md,source_section,鍖哄煙 14锛氬疄鏃舵椿鍔ㄦ祦锛圥2锛|,鼠标移出,鼠标移出,,,gb18030->utf8 x1,NO,MANUAL_REVIEW,至少一个受影响字段无法整字段安全转换，或完整源行不可读/不可定位，或存在复合断言
UA2-00492,user-agent,docs/PRD-用户体系.md,source_section;source_quote;atomic_assertion,鍖哄煙 14锛氬疄鏃舵椿鍔ㄦ祦锛圥2锛|,恢复自动滚动,恢复自动滚动,582,,gb18030->utf8 x1,NO,MANUAL_REVIEW,至少一个受影响字段无法整字段安全转换，或完整源行不可读/不可定位，或存在复合断言
UA2-00493,user-agent,docs/PRD-用户体系.md,source_section,鍖哄煙 14锛氬疄鏃舵椿鍔ㄦ祦锛圥2锛|,"点击""暂停""按钮","点击""暂停""按钮",,,gb18030->utf8 x1,NO,MANUAL_REVIEW,至少一个受影响字段无法整字段安全转换，或完整源行不可读/不可定位，或存在复合断言
UA2-00494,user-agent,docs/PRD-用户体系.md,source_section;source_quote;atomic_assertion,鍖哄煙 14锛氬疄鏃舵椿鍔ㄦ祦锛圥2锛|,"鎵嬪姩鏆傚仠锛屾寜閽彉涓鎭㈠""","鎵嬪姩鏆傚仠锛屾寜閽彉涓鎭㈠""",,,,NO,MANUAL_REVIEW,至少一个受影响字段无法整字段安全转换，或完整源行不可读/不可定位，或存在复合断言
UA2-00495,user-agent,docs/PRD-用户体系.md,source_section,鍖哄煙 14锛氬疄鏃舵椿鍔ㄦ祦锛圥2锛|,点击某条消息,点击某条消息,,,gb18030->utf8 x1,NO,MANUAL_REVIEW,至少一个受影响字段无法整字段安全转换，或完整源行不可读/不可定位，或存在复合断言
UA2-00496,user-agent,docs/PRD-用户体系.md,source_section;source_quote;atomic_assertion,鍖哄煙 14锛氬疄鏃舵椿鍔ㄦ祦锛圥2锛|,跳转到该次调用的日志详情,跳转到该次调用的日志详情,584,,gb18030->utf8 x1,NO,MANUAL_REVIEW,至少一个受影响字段无法整字段安全转换，或完整源行不可读/不可定位，或存在复合断言
UA2-00497,user-agent,docs/PRD-用户体系.md,source_section,鍖哄煙 14锛氬疄鏃舵椿鍔ㄦ祦锛圥2锛|,**性能约束**,**性能约束**,586,,gb18030->utf8 x1,NO,MANUAL_REVIEW,至少一个受影响字段无法整字段安全转换，或完整源行不可读/不可定位，或存在复合断言
UA2-00498,user-agent,docs/PRD-用户体系.md,source_section;source_quote;atomic_assertion,鍖哄煙 14锛氬疄鏃舵椿鍔ㄦ祦锛圥2锛|,娲诲姩娴佺紦鍐插尯鏈€澶氫繚鐣200 鏉℃秷鎭|,娲诲姩娴佺紦鍐插尯鏈€澶氫繚鐣200 鏉℃秷鎭|,,,,NO,MANUAL_REVIEW,至少一个受影响字段无法整字段安全转换，或完整源行不可读/不可定位，或存在复合断言
UA2-00499,user-agent,docs/PRD-用户体系.md,source_section;source_quote;atomic_assertion,鍖哄煙 14锛氬疄鏃舵椿鍔ㄦ祦锛圥2锛|,WebSocket 鏂嚎鍚庤嚜鍔ㄩ噸杩烇紙3 绉掗棿闅旓紝鏈€澶氶噸璇5 娆★級,WebSocket 鏂嚎鍚庤嚜鍔ㄩ噸杩烇紙3 绉掗棿闅旓紝鏈€澶氶噸璇5 娆★級,,,,NO,MANUAL_REVIEW,至少一个受影响字段无法整字段安全转换，或完整源行不可读/不可定位，或存在复合断言
UA2-00500,user-agent,docs/PRD-用户体系.md,source_section;source_quote;atomic_assertion,鍖哄煙 14锛氬疄鏃舵椿鍔ㄦ祦锛圥2锛|,鏂嚎鏈熼棿鐨勬秷鎭湪閲嶈繛鍚庢壒閲忔媺鍙栵紙鏈€澶50 鏉★級,鏂嚎鏈熼棿鐨勬秷鎭湪閲嶈繛鍚庢壒閲忔媺鍙栵紙鏈€澶50 鏉★級,,,,NO,MANUAL_REVIEW,至少一个受影响字段无法整字段安全转换，或完整源行不可读/不可定位，或存在复合断言
UA2-00501,user-agent,docs/PRD-用户体系.md,source_section;source_quote;atomic_assertion,鍖哄煙 15锛氭ā鍨嬫帹鑽鎴愭湰浼樺寲寤鸿锛圥2锛|,**建议生成逻辑**,**建议生成逻辑**,595,,gb18030->utf8 x1,NO,MANUAL_REVIEW,至少一个受影响字段无法整字段安全转换，或完整源行不可读/不可定位，或存在复合断言
UA2-00502,user-agent,docs/PRD-用户体系.md,source_section;source_quote;atomic_assertion,鍖哄煙 15锛氭ā鍨嬫帹鑽鎴愭湰浼樺寲寤鸿锛圥2锛|,**建议卡片格式**,**建议卡片格式**,609,,gb18030->utf8 x1,NO,MANUAL_REVIEW,至少一个受影响字段无法整字段安全转换，或完整源行不可读/不可定位，或存在复合断言
UA2-00503,user-agent,docs/PRD-用户体系.md,source_section;source_quote;atomic_assertion,鍖哄煙 15锛氭ā鍨嬫帹鑽鎴愭湰浼樺寲寤鸿锛圥2锛|,**运营配置**,**运营配置**,143;190;619,,gb18030->utf8 x1,NO,MANUAL_REVIEW,至少一个受影响字段无法整字段安全转换，或完整源行不可读/不可定位，或存在复合断言
UA2-00504,user-agent,docs/PRD-用户体系.md,source_section;source_quote;atomic_assertion,鍖哄煙 15锛氭ā鍨嬫帹鑽鎴愭湰浼樺寲寤鸿锛圥2锛|,鏈€浣庤妭鐪侀噾棰濓紙浣庝簬姝や笉灞曠ず锛墊 `site_configs.min_save_amount` 榛樿 楼5.00,鏈€浣庤妭鐪侀噾棰濓紙浣庝簬姝や笉灞曠ず锛墊 `site_configs.min_save_amount` 榛樿 楼5.00,,,,NO,MANUAL_REVIEW,至少一个受影响字段无法整字段安全转换，或完整源行不可读/不可定位，或存在复合断言
UA2-00505,user-agent,docs/PRD-用户体系.md,source_section;source_quote;atomic_assertion,鍖哄煙 15锛氭ā鍨嬫帹鑽鎴愭湰浼樺寲寤鸿锛圥2锛|,建议展示频率,建议展示频率,,,gb18030->utf8 x1,NO,MANUAL_REVIEW,至少一个受影响字段无法整字段安全转换，或完整源行不可读/不可定位，或存在复合断言
UA2-00506,user-agent,docs/PRD-用户体系.md,source_section;source_quote;atomic_assertion,鍖哄煙 15锛氭ā鍨嬫帹鑽鎴愭湰浼樺寲寤鸿锛圥2锛|,`site_configs.optimization_tip_frequency` 榛樿 7 澶╀竴娆,`site_configs.optimization_tip_frequency` 榛樿 7 澶╀竴娆,,,,NO,MANUAL_REVIEW,至少一个受影响字段无法整字段安全转换，或完整源行不可读/不可定位，或存在复合断言
UA2-00507,user-agent,docs/PRD-用户体系.md,source_section,2.2.2 模型中心 `/console/models`,**页面布局**,**页面布局**,630,628,gb18030->utf8 x1,NO,REVIEW_CANDIDATE,所有受影响字段均完成整字段可逆转换，且引用/章节可定位；仍需人工确认
UA2-00508,user-agent,docs/PRD-用户体系.md,source_section;source_quote;atomic_assertion,2.2.2 模型中心 `/console/models`,**模型卡片字段规格**,**模型卡片字段规格**,649,628,gb18030->utf8 x1,NO,REVIEW_CANDIDATE,所有受影响字段均完成整字段可逆转换，且引用/章节可定位；仍需人工确认
UA2-00509,user-agent,docs/PRD-用户体系.md,source_section;source_quote;atomic_assertion,2.2.2 模型中心 `/console/models`,妯″瀷鍚,妯″瀷鍚,,628,gb18030->utf8 x1,NO,MANUAL_REVIEW,至少一个受影响字段无法整字段安全转换，或完整源行不可读/不可定位，或存在复合断言
UA2-00510,user-agent,docs/PRD-用户体系.md,source_section,2.2.2 模型中心 `/console/models`,`models.name`,`models.name`,,628,gb18030->utf8 x1,NO,MANUAL_REVIEW,至少一个受影响字段无法整字段安全转换，或完整源行不可读/不可定位，或存在复合断言
UA2-00511,user-agent,docs/PRD-用户体系.md,source_section,2.2.2 模型中心 `/console/models`,渚涘簲鍟嗗悕绉,渚涘簲鍟嗗悕绉,,628,gb18030->utf8 x1,NO,MANUAL_REVIEW,至少一个受影响字段无法整字段安全转换，或完整源行不可读/不可定位，或存在复合断言
UA2-00512,user-agent,docs/PRD-用户体系.md,source_section,2.2.2 模型中心 `/console/models`,`vendors.name`,`vendors.name`,,628,gb18030->utf8 x1,NO,MANUAL_REVIEW,至少一个受影响字段无法整字段安全转换，或完整源行不可读/不可定位，或存在复合断言
UA2-00513,user-agent,docs/PRD-用户体系.md,source_section;source_quote;atomic_assertion,2.2.2 模型中心 `/console/models`,显示供应商名 + Logo（如有）,显示供应商名 + Logo（如有）,,628,gb18030->utf8 x1,NO,MANUAL_REVIEW,至少一个受影响字段无法整字段安全转换，或完整源行不可读/不可定位，或存在复合断言
UA2-00514,user-agent,docs/PRD-用户体系.md,source_section;source_quote;atomic_assertion,2.2.2 模型中心 `/console/models`,涓婁笅鏂囩獥鍙,涓婁笅鏂囩獥鍙,,628,gb18030->utf8 x1,NO,MANUAL_REVIEW,至少一个受影响字段无法整字段安全转换，或完整源行不可读/不可定位，或存在复合断言
UA2-00515,user-agent,docs/PRD-用户体系.md,source_section,2.2.2 模型中心 `/console/models`,`models.context_window`,`models.context_window`,,628,gb18030->utf8 x1,NO,MANUAL_REVIEW,至少一个受影响字段无法整字段安全转换，或完整源行不可读/不可定位，或存在复合断言
UA2-00516,user-agent,docs/PRD-用户体系.md,source_section,2.2.2 模型中心 `/console/models`,格式化：128K / 32K / 8K,格式化：128K / 32K / 8K,,628,gb18030->utf8 x1,NO,MANUAL_REVIEW,至少一个受影响字段无法整字段安全转换，或完整源行不可读/不可定位，或存在复合断言
UA2-00517,user-agent,docs/PRD-用户体系.md,source_section,2.2.2 模型中心 `/console/models`,输入价格,输入价格,656,628,gb18030->utf8 x1,NO,REVIEW_CANDIDATE,所有受影响字段均完成整字段可逆转换，且引用/章节可定位；仍需人工确认
UA2-00518,user-agent,docs/PRD-用户体系.md,source_section,2.2.2 模型中心 `/console/models`,`vendor_models.input_price`,`vendor_models.input_price`,656,628,gb18030->utf8 x1,NO,REVIEW_CANDIDATE,所有受影响字段均完成整字段可逆转换，且引用/章节可定位；仍需人工确认
UA2-00519,user-agent,docs/PRD-用户体系.md,source_section,2.2.2 模型中心 `/console/models`,¥0.002/1K tokens,¥0.002/1K tokens,656,628,gb18030->utf8 x1,NO,REVIEW_CANDIDATE,所有受影响字段均完成整字段可逆转换，且引用/章节可定位；仍需人工确认
UA2-00520,user-agent,docs/PRD-用户体系.md,source_section,2.2.2 模型中心 `/console/models`,输出价格,输出价格,657,628,gb18030->utf8 x1,NO,REVIEW_CANDIDATE,所有受影响字段均完成整字段可逆转换，且引用/章节可定位；仍需人工确认
UA2-00521,user-agent,docs/PRD-用户体系.md,source_section,2.2.2 模型中心 `/console/models`,`vendor_models.output_price`,`vendor_models.output_price`,657,628,gb18030->utf8 x1,NO,REVIEW_CANDIDATE,所有受影响字段均完成整字段可逆转换，且引用/章节可定位；仍需人工确认
UA2-00522,user-agent,docs/PRD-用户体系.md,source_section,2.2.2 模型中心 `/console/models`,¥0.008/1K tokens,¥0.008/1K tokens,657,628,gb18030->utf8 x1,NO,REVIEW_CANDIDATE,所有受影响字段均完成整字段可逆转换，且引用/章节可定位；仍需人工确认
UA2-00523,user-agent,docs/PRD-用户体系.md,source_section,2.2.2 模型中心 `/console/models`,鐘舵€佹爣绛,鐘舵€佹爣绛,,628,gb18030->utf8 x1,NO,MANUAL_REVIEW,至少一个受影响字段无法整字段安全转换，或完整源行不可读/不可定位，或存在复合断言
UA2-00524,user-agent,docs/PRD-用户体系.md,source_section,2.2.2 模型中心 `/console/models`,`vendor_models.status`,`vendor_models.status`,,628,gb18030->utf8 x1,NO,MANUAL_REVIEW,至少一个受影响字段无法整字段安全转换，或完整源行不可读/不可定位，或存在复合断言
UA2-00525,user-agent,docs/PRD-用户体系.md,source_section;source_quote;atomic_assertion,2.2.2 模型中心 `/console/models`,鍙敤(馃煝) / 缁存姢涓馃煛) / 宸蹭笅绾馃敶),鍙敤(馃煝) / 缁存姢涓馃煛) / 宸蹭笅绾馃敶),,628,gb18030->utf8 x1,NO,MANUAL_REVIEW,至少一个受影响字段无法整字段安全转换，或完整源行不可读/不可定位，或存在复合断言
UA2-00526,user-agent,docs/PRD-用户体系.md,source_section;source_quote;atomic_assertion,2.2.2 模型中心 `/console/models`,**分类页签逻辑**,**分类页签逻辑**,660,628,gb18030->utf8 x1,NO,REVIEW_CANDIDATE,所有受影响字段均完成整字段可逆转换，且引用/章节可定位；仍需人工确认
UA2-00527,user-agent,docs/PRD-用户体系.md,source_section;source_quote;atomic_assertion,2.2.2 模型中心 `/console/models`,分类,分类,660;662,628,gb18030->utf8 x1,NO,REVIEW_CANDIDATE,所有受影响字段均完成整字段可逆转换，且引用/章节可定位；仍需人工确认
UA2-00528,user-agent,docs/PRD-用户体系.md,source_section,2.2.2 模型中心 `/console/models`,匹配规则,匹配规则,,628,gb18030->utf8 x1,NO,MANUAL_REVIEW,至少一个受影响字段无法整字段安全转换，或完整源行不可读/不可定位，或存在复合断言
UA2-00529,user-agent,docs/PRD-用户体系.md,source_section;source_quote;atomic_assertion,2.2.2 模型中心 `/console/models`,| 全部 | 全部模型（排除已下线）|,| 全部 | 全部模型（排除已下线）|,664,628,gb18030->utf8 x1,NO,REVIEW_CANDIDATE,所有受影响字段均完成整字段可逆转换，且引用/章节可定位；仍需人工确认
UA2-00530,user-agent,docs/PRD-用户体系.md,source_section,2.2.2 模型中心 `/console/models`,文本生成,文本生成,665,628,gb18030->utf8 x1,NO,REVIEW_CANDIDATE,所有受影响字段均完成整字段可逆转换，且引用/章节可定位；仍需人工确认
UA2-00531,user-agent,docs/PRD-用户体系.md,source_section,2.2.2 模型中心 `/console/models`,`models.capability` = 'text_generation',`models.capability` = 'text_generation',665,628,gb18030->utf8 x1,NO,REVIEW_CANDIDATE,所有受影响字段均完成整字段可逆转换，且引用/章节可定位；仍需人工确认
UA2-00532,user-agent,docs/PRD-用户体系.md,source_section,2.2.2 模型中心 `/console/models`,对话,对话,666;719;741,628,gb18030->utf8 x1,NO,REVIEW_CANDIDATE,所有受影响字段均完成整字段可逆转换，且引用/章节可定位；仍需人工确认
UA2-00533,user-agent,docs/PRD-用户体系.md,source_section,2.2.2 模型中心 `/console/models`,`models.capability` = 'chat',`models.capability` = 'chat',666,628,gb18030->utf8 x1,NO,REVIEW_CANDIDATE,所有受影响字段均完成整字段可逆转换，且引用/章节可定位；仍需人工确认
UA2-00534,user-agent,docs/PRD-用户体系.md,source_section,2.2.2 模型中心 `/console/models`,图像生成,图像生成,667,628,gb18030->utf8 x1,NO,REVIEW_CANDIDATE,所有受影响字段均完成整字段可逆转换，且引用/章节可定位；仍需人工确认
UA2-00535,user-agent,docs/PRD-用户体系.md,source_section,2.2.2 模型中心 `/console/models`,`models.capability` = 'image_generation',`models.capability` = 'image_generation',667,628,gb18030->utf8 x1,NO,REVIEW_CANDIDATE,所有受影响字段均完成整字段可逆转换，且引用/章节可定位；仍需人工确认
UA2-00536,user-agent,docs/PRD-用户体系.md,source_section,2.2.2 模型中心 `/console/models`,嵌入,嵌入,668,628,gb18030->utf8 x1,NO,REVIEW_CANDIDATE,所有受影响字段均完成整字段可逆转换，且引用/章节可定位；仍需人工确认
UA2-00537,user-agent,docs/PRD-用户体系.md,source_section,2.2.2 模型中心 `/console/models`,`models.capability` = 'embedding',`models.capability` = 'embedding',668,628,gb18030->utf8 x1,NO,REVIEW_CANDIDATE,所有受影响字段均完成整字段可逆转换，且引用/章节可定位；仍需人工确认
UA2-00538,user-agent,docs/PRD-用户体系.md,source_section,2.2.2 模型中心 `/console/models`,代码,代码,40;669,628,gb18030->utf8 x1,NO,REVIEW_CANDIDATE,所有受影响字段均完成整字段可逆转换，且引用/章节可定位；仍需人工确认
UA2-00539,user-agent,docs/PRD-用户体系.md,source_section,2.2.2 模型中心 `/console/models`,`models.capability` = 'code',`models.capability` = 'code',669,628,gb18030->utf8 x1,NO,REVIEW_CANDIDATE,所有受影响字段均完成整字段可逆转换，且引用/章节可定位；仍需人工确认
UA2-00540,user-agent,docs/PRD-用户体系.md,source_section;source_quote;atomic_assertion,2.2.2 模型中心 `/console/models`,音频,音频,670,628,gb18030->utf8 x1,NO,REVIEW_CANDIDATE,所有受影响字段均完成整字段可逆转换，且引用/章节可定位；仍需人工确认
UA2-00541,user-agent,docs/PRD-用户体系.md,source_section,2.2.2 模型中心 `/console/models`,`models.capability` = 'audio',`models.capability` = 'audio',670,628,gb18030->utf8 x1,NO,REVIEW_CANDIDATE,所有受影响字段均完成整字段可逆转换，且引用/章节可定位；仍需人工确认
UA2-00542,user-agent,docs/PRD-用户体系.md,source_section,2.2.2 模型中心 `/console/models`,**搜索逻辑**,**搜索逻辑**,672,628,gb18030->utf8 x1,NO,REVIEW_CANDIDATE,所有受影响字段均完成整字段可逆转换，且引用/章节可定位；仍需人工确认
UA2-00543,user-agent,docs/PRD-用户体系.md,source_section,2.2.2 模型中心 `/console/models`,按模型名模糊匹配,按模型名模糊匹配,674,628,gb18030->utf8 x1,NO,REVIEW_CANDIDATE,所有受影响字段均完成整字段可逆转换，且引用/章节可定位；仍需人工确认
UA2-00544,user-agent,docs/PRD-用户体系.md,source_section;source_quote;atomic_assertion,2.2.2 模型中心 `/console/models`,鎸変緵搴斿晢鍚嶆ā绯婂尮閰|,鎸変緵搴斿晢鍚嶆ā绯婂尮閰|,,628,gb18030->utf8 x1,NO,MANUAL_REVIEW,至少一个受影响字段无法整字段安全转换，或完整源行不可读/不可定位，或存在复合断言
UA2-00545,user-agent,docs/PRD-用户体系.md,source_section;source_quote;atomic_assertion,2.2.2 模型中心 `/console/models`,鎼滅储缁撴灉涓珮浜尮閰嶆枃瀛|,鎼滅储缁撴灉涓珮浜尮閰嶆枃瀛|,,628,gb18030->utf8 x1,NO,MANUAL_REVIEW,至少一个受影响字段无法整字段安全转换，或完整源行不可读/不可定位，或存在复合断言
UA2-00546,user-agent,docs/PRD-用户体系.md,source_section;source_quote;atomic_assertion,2.2.2 模型中心 `/console/models`,"鎼滅储鏃犵粨鏋滄椂灞曠ず锛鏈壘鍒板尮閰嶇殑妯″瀷锛岃瘯璇曞叾浠栧叧閿瘝""","鎼滅储鏃犵粨鏋滄椂灞曠ず锛鏈壘鍒板尮閰嶇殑妯″瀷锛岃瘯璇曞叾浠栧叧閿瘝""",,628,gb18030->utf8 x1,NO,MANUAL_REVIEW,至少一个受影响字段无法整字段安全转换，或完整源行不可读/不可定位，或存在复合断言
UA2-00547,user-agent,docs/PRD-用户体系.md,source_section;source_quote;atomic_assertion,2.2.2 模型中心 `/console/models`,**绛涢€夋潯浠*,**绛涢€夋潯浠*,,628,gb18030->utf8 x1,NO,MANUAL_REVIEW,至少一个受影响字段无法整字段安全转换，或完整源行不可读/不可定位，或存在复合断言
UA2-00548,user-agent,docs/PRD-用户体系.md,source_section;source_quote;atomic_assertion,2.2.2 模型中心 `/console/models`,绛涢€夌淮搴,绛涢€夌淮搴,,628,gb18030->utf8 x1,NO,MANUAL_REVIEW,至少一个受影响字段无法整字段安全转换，或完整源行不可读/不可定位，或存在复合断言
UA2-00549,user-agent,docs/PRD-用户体系.md,source_section,2.2.2 模型中心 `/console/models`,选项,选项,1031,628,gb18030->utf8 x1,NO,REVIEW_CANDIDATE,所有受影响字段均完成整字段可逆转换，且引用/章节可定位；仍需人工确认
UA2-00550,user-agent,docs/PRD-用户体系.md,source_section,2.2.2 模型中心 `/console/models`,渚涘簲鍟,渚涘簲鍟,314,628,gb18030->utf8 x1,NO,REVIEW_CANDIDATE,所有受影响字段均完成整字段可逆转换，且引用/章节可定位；仍需人工确认
UA2-00551,user-agent,docs/PRD-用户体系.md,source_section;source_quote;atomic_assertion,2.2.2 模型中心 `/console/models`,澶氶€変笅鎷夛紙鎵€鏈夊凡鎺ュ叆渚涘簲鍟嗭級,澶氶€変笅鎷夛紙鎵€鏈夊凡鎺ュ叆渚涘簲鍟嗭級,,628,gb18030->utf8 x1,NO,MANUAL_REVIEW,至少一个受影响字段无法整字段安全转换，或完整源行不可读/不可定位，或存在复合断言
UA2-00552,user-agent,docs/PRD-用户体系.md,source_section,2.2.2 模型中心 `/console/models`,价格范围,价格范围,684,628,gb18030->utf8 x1,NO,REVIEW_CANDIDATE,所有受影响字段均完成整字段可逆转换，且引用/章节可定位；仍需人工确认
UA2-00553,user-agent,docs/PRD-用户体系.md,source_section,2.2.2 模型中心 `/console/models`,¥0-0.01 / ¥0.01-0.05 / ¥0.05-0.10 / ¥0.10+,¥0-0.01 / ¥0.01-0.05 / ¥0.05-0.10 / ¥0.10+,684,628,gb18030->utf8 x1,NO,REVIEW_CANDIDATE,所有受影响字段均完成整字段可逆转换，且引用/章节可定位；仍需人工确认
UA2-00554,user-agent,docs/PRD-用户体系.md,source_section,2.2.2 模型中心 `/console/models`,鐘舵€,鐘舵€,993,628,gb18030->utf8 x1,NO,REVIEW_CANDIDATE,所有受影响字段均完成整字段可逆转换，且引用/章节可定位；仍需人工确认
UA2-00555,user-agent,docs/PRD-用户体系.md,source_section;source_quote;atomic_assertion,2.2.2 模型中心 `/console/models`,鍙敤 / 缁存姢涓/ 鍏ㄩ儴,鍙敤 / 缁存姢涓/ 鍏ㄩ儴,,628,gb18030->utf8 x1,NO,MANUAL_REVIEW,至少一个受影响字段无法整字段安全转换，或完整源行不可读/不可定位，或存在复合断言
UA2-00556,user-agent,docs/PRD-用户体系.md,source_section,2.2.2 模型中心 `/console/models`,**价格明细弹窗**,**价格明细弹窗**,689,628,gb18030->utf8 x1,NO,REVIEW_CANDIDATE,所有受影响字段均完成整字段可逆转换，且引用/章节可定位；仍需人工确认
UA2-00557,user-agent,docs/PRD-用户体系.md,source_section;source_quote;atomic_assertion,2.2.2 模型中心 `/console/models`,"鐐瑰嚮妯″瀷鍗＄墖鐨浠锋牸""鍖哄煙 鈫寮瑰嚭浠锋牸鏄庣粏","鐐瑰嚮妯″瀷鍗＄墖鐨浠锋牸""鍖哄煙 鈫寮瑰嚭浠锋牸鏄庣粏",,628,gb18030->utf8 x1,NO,MANUAL_REVIEW,至少一个受影响字段无法整字段安全转换，或完整源行不可读/不可定位，或存在复合断言
UA2-00558,user-agent,docs/PRD-用户体系.md,source_section,2.2.2 模型中心 `/console/models`,**Playground 在线测试**,**Playground 在线测试**,711,628,gb18030->utf8 x1,NO,REVIEW_CANDIDATE,所有受影响字段均完成整字段可逆转换，且引用/章节可定位；仍需人工确认
UA2-00559,user-agent,docs/PRD-用户体系.md,source_section,2.2.2 模型中心 `/console/models`,**测试界面布局**,**测试界面布局**,713,628,gb18030->utf8 x1,NO,REVIEW_CANDIDATE,所有受影响字段均完成整字段可逆转换，且引用/章节可定位；仍需人工确认
UA2-00560,user-agent,docs/PRD-用户体系.md,source_section,2.2.2 模型中心 `/console/models`,**对话模式**,**对话模式**,741,628,gb18030->utf8 x1,NO,REVIEW_CANDIDATE,所有受影响字段均完成整字段可逆转换，且引用/章节可定位；仍需人工确认
UA2-00561,user-agent,docs/PRD-用户体系.md,source_section,2.2.2 模型中心 `/console/models`,功能,功能,743;753,628,gb18030->utf8 x1,NO,REVIEW_CANDIDATE,所有受影响字段均完成整字段可逆转换，且引用/章节可定位；仍需人工确认
UA2-00562,user-agent,docs/PRD-用户体系.md,source_section,2.2.2 模型中心 `/console/models`,说明,说明,40;52;743;753;1022,628,gb18030->utf8 x1,NO,REVIEW_CANDIDATE,所有受影响字段均完成整字段可逆转换，且引用/章节可定位；仍需人工确认
UA2-00563,user-agent,docs/PRD-用户体系.md,source_section,2.2.2 模型中心 `/console/models`,System Prompt,System Prompt,722,628,gb18030->utf8 x1,NO,REVIEW_CANDIDATE,所有受影响字段均完成整字段可逆转换，且引用/章节可定位；仍需人工确认
UA2-00564,user-agent,docs/PRD-用户体系.md,source_section;source_quote;atomic_assertion,2.2.2 模型中心 `/console/models`,鍙€夎緭鍏ワ紝璁剧疆瀵硅瘽绯荤粺瑙掕壊,鍙€夎緭鍏ワ紝璁剧疆瀵硅瘽绯荤粺瑙掕壊,,628,gb18030->utf8 x1,NO,MANUAL_REVIEW,至少一个受影响字段无法整字段安全转换，或完整源行不可读/不可定位，或存在复合断言
UA2-00565,user-agent,docs/PRD-用户体系.md,source_section,2.2.2 模型中心 `/console/models`,多轮对话,多轮对话,,628,gb18030->utf8 x1,NO,MANUAL_REVIEW,至少一个受影响字段无法整字段安全转换，或完整源行不可读/不可定位，或存在复合断言
UA2-00566,user-agent,docs/PRD-用户体系.md,source_section;source_quote;atomic_assertion,2.2.2 模型中心 `/console/models`,支持连续对话，历史消息自动拼入上下文,支持连续对话，历史消息自动拼入上下文,746,628,gb18030->utf8 x1,NO,REVIEW_CANDIDATE,所有受影响字段均完成整字段可逆转换，且引用/章节可定位；仍需人工确认
UA2-00567,user-agent,docs/PRD-用户体系.md,source_section,2.2.2 模型中心 `/console/models`,Token 计数,Token 计数,,628,gb18030->utf8 x1,NO,MANUAL_REVIEW,至少一个受影响字段无法整字段安全转换，或完整源行不可读/不可定位，或存在复合断言
UA2-00568,user-agent,docs/PRD-用户体系.md,source_section;source_quote;atomic_assertion,2.2.2 模型中心 `/console/models`,瀹炴椂鏄剧ず褰撳墠杞緭鍏Token 鏁,瀹炴椂鏄剧ず褰撳墠杞緭鍏Token 鏁,,628,gb18030->utf8 x1,NO,MANUAL_REVIEW,至少一个受影响字段无法整字段安全转换，或完整源行不可读/不可定位，或存在复合断言
UA2-00569,user-agent,docs/PRD-用户体系.md,source_section;source_quote;atomic_assertion,2.2.2 模型中心 `/console/models`,鍙戦€佹柟寮,鍙戦€佹柟寮,,628,gb18030->utf8 x1,NO,MANUAL_REVIEW,至少一个受影响字段无法整字段安全转换，或完整源行不可读/不可定位，或存在复合断言
UA2-00570,user-agent,docs/PRD-用户体系.md,source_section,2.2.2 模型中心 `/console/models`,Ctrl+Enter 鎴栫偣鍑诲彂閫佹寜閽,Ctrl+Enter 鎴栫偣鍑诲彂閫佹寜閽,,628,gb18030->utf8 x1,NO,MANUAL_REVIEW,至少一个受影响字段无法整字段安全转换，或完整源行不可读/不可定位，或存在复合断言
UA2-00571,user-agent,docs/PRD-用户体系.md,source_section,2.2.2 模型中心 `/console/models`,清空对话,清空对话,,628,gb18030->utf8 x1,NO,MANUAL_REVIEW,至少一个受影响字段无法整字段安全转换，或完整源行不可读/不可定位，或存在复合断言
UA2-00572,user-agent,docs/PRD-用户体系.md,source_section;source_quote;atomic_assertion,2.2.2 模型中心 `/console/models`,涓€閿竻绌哄綋鍓嶅璇濆巻鍙,涓€閿竻绌哄綋鍓嶅璇濆巻鍙,,628,gb18030->utf8 x1,NO,MANUAL_REVIEW,至少一个受影响字段无法整字段安全转换，或完整源行不可读/不可定位，或存在复合断言
UA2-00573,user-agent,docs/PRD-用户体系.md,source_section,2.2.2 模型中心 `/console/models`,**对比模式**,**对比模式**,751;1102,628,gb18030->utf8 x1,NO,REVIEW_CANDIDATE,所有受影响字段均完成整字段可逆转换，且引用/章节可定位；仍需人工确认
UA2-00576,user-agent,docs/PRD-用户体系.md,source_section,2.2.2 模型中心 `/console/models`,澶氭ā鍨嬮€夋嫨,澶氭ā鍨嬮€夋嫨,,628,gb18030->utf8 x1,NO,MANUAL_REVIEW,至少一个受影响字段无法整字段安全转换，或完整源行不可读/不可定位，或存在复合断言
UA2-00577,user-agent,docs/PRD-用户体系.md,source_section;source_quote;atomic_assertion,2.2.2 模型中心 `/console/models`,鍕鹃€2-4 涓ā鍨嬪悓鏃跺彂閫佸悓涓€ Prompt,鍕鹃€2-4 涓ā鍨嬪悓鏃跺彂閫佸悓涓€ Prompt,,628,gb18030->utf8 x1,NO,MANUAL_REVIEW,至少一个受影响字段无法整字段安全转换，或完整源行不可读/不可定位，或存在复合断言
UA2-00578,user-agent,docs/PRD-用户体系.md,source_section;source_quote;atomic_assertion,2.2.2 模型中心 `/console/models`,并列展示,并列展示,,628,gb18030->utf8 x1,NO,MANUAL_REVIEW,至少一个受影响字段无法整字段安全转换，或完整源行不可读/不可定位，或存在复合断言
UA2-00579,user-agent,docs/PRD-用户体系.md,source_section;source_quote;atomic_assertion,2.2.2 模型中心 `/console/models`,鍝嶅簲鍖哄煙鍒嗘爮骞跺垪灞曠ず鍚勬ā鍨嬪洖绛,鍝嶅簲鍖哄煙鍒嗘爮骞跺垪灞曠ず鍚勬ā鍨嬪洖绛,,628,gb18030->utf8 x1,NO,MANUAL_REVIEW,至少一个受影响字段无法整字段安全转换，或完整源行不可读/不可定位，或存在复合断言
UA2-00580,user-agent,docs/PRD-用户体系.md,source_section,2.2.2 模型中心 `/console/models`,对比指标,对比指标,,628,gb18030->utf8 x1,NO,MANUAL_REVIEW,至少一个受影响字段无法整字段安全转换，或完整源行不可读/不可定位，或存在复合断言
UA2-00581,user-agent,docs/PRD-用户体系.md,source_section;source_quote;atomic_assertion,2.2.2 模型中心 `/console/models`,Token 娑堣€椼€佽垂鐢ㄣ€佽€楁椂銆佸搷搴斿唴瀹瑰悓鏃跺姣,Token 娑堣€椼€佽垂鐢ㄣ€佽€楁椂銆佸搷搴斿唴瀹瑰悓鏃跺姣,,628,gb18030->utf8 x1,NO,MANUAL_REVIEW,至少一个受影响字段无法整字段安全转换，或完整源行不可读/不可定位，或存在复合断言
UA2-00582,user-agent,docs/PRD-用户体系.md,source_section;source_quote;atomic_assertion,2.2.2 模型中心 `/console/models`,推荐标注,推荐标注,,628,gb18030->utf8 x1,NO,MANUAL_REVIEW,至少一个受影响字段无法整字段安全转换，或完整源行不可读/不可定位，或存在复合断言
UA2-00583,user-agent,docs/PRD-用户体系.md,source_section;source_quote;atomic_assertion,2.2.2 模型中心 `/console/models`,"鑷姩鏍囨敞""鏈€浣庝环""銆鏈€蹇鏍囩","鑷姩鏍囨敞""鏈€浣庝环""銆鏈€蹇鏍囩",,628,gb18030->utf8 x1,NO,MANUAL_REVIEW,至少一个受影响字段无法整字段安全转换，或完整源行不可读/不可定位，或存在复合断言
UA2-00584,user-agent,docs/PRD-用户体系.md,source_section,2.2.2 模型中心 `/console/models`,**测试记录**,**测试记录**,760,628,gb18030->utf8 x1,NO,REVIEW_CANDIDATE,所有受影响字段均完成整字段可逆转换，且引用/章节可定位；仍需人工确认
UA2-00585,user-agent,docs/PRD-用户体系.md,source_section;source_quote;atomic_assertion,2.2.2 模型中心 `/console/models`,字段,字段,128;166;201;203;399;530;532;649;651;762;781;807;809;842;987;1297;1299,628,gb18030->utf8 x1,NO,REVIEW_CANDIDATE,所有受影响字段均完成整字段可逆转换，且引用/章节可定位；仍需人工确认
UA2-00587,user-agent,docs/PRD-用户体系.md,source_section;source_quote;atomic_assertion,2.2.2 模型中心 `/console/models`,| 浼氳瘽鍘嗗彶 | 淇濆瓨鏈€杩50 娆℃祴璇曡褰曪紙鏈湴瀛樺偍锛墊,| 浼氳瘽鍘嗗彶 | 淇濆瓨鏈€杩50 娆℃祴璇曡褰曪紙鏈湴瀛樺偍锛墊,,628,gb18030->utf8 x1,NO,MANUAL_REVIEW,至少一个受影响字段无法整字段安全转换，或完整源行不可读/不可定位，或存在复合断言
UA2-00588,user-agent,docs/PRD-用户体系.md,source_section;source_quote;atomic_assertion,2.2.2 模型中心 `/console/models`,内容保存,内容保存,,628,gb18030->utf8 x1,NO,MANUAL_REVIEW,至少一个受影响字段无法整字段安全转换，或完整源行不可读/不可定位，或存在复合断言
UA2-00589,user-agent,docs/PRD-用户体系.md,source_section;source_quote;atomic_assertion,2.2.2 模型中心 `/console/models`,姣忔潯娴嬭瘯淇濆瓨锛歅rompt銆佸搷搴斻€乀oken 娑堣€椼€佽垂鐢,姣忔潯娴嬭瘯淇濆瓨锛歅rompt銆佸搷搴斻€乀oken 娑堣€椼€佽垂鐢,,628,gb18030->utf8 x1,NO,MANUAL_REVIEW,至少一个受影响字段无法整字段安全转换，或完整源行不可读/不可定位，或存在复合断言
UA2-00590,user-agent,docs/PRD-用户体系.md,source_section,2.2.2 模型中心 `/console/models`,回溯,回溯,,628,gb18030->utf8 x1,NO,MANUAL_REVIEW,至少一个受影响字段无法整字段安全转换，或完整源行不可读/不可定位，或存在复合断言
UA2-00591,user-agent,docs/PRD-用户体系.md,source_section;source_quote;atomic_assertion,2.2.2 模型中心 `/console/models`,鍙睍寮€鍘嗗彶璁板綍鏌ョ湅瀹屾暣瀵硅瘽鍐呭,鍙睍寮€鍘嗗彶璁板綍鏌ョ湅瀹屾暣瀵硅瘽鍐呭,,628,gb18030->utf8 x1,NO,MANUAL_REVIEW,至少一个受影响字段无法整字段安全转换，或完整源行不可读/不可定位，或存在复合断言
UA2-00592,user-agent,docs/PRD-用户体系.md,source_section,2.2.2 模型中心 `/console/models`,重新测试,重新测试,,628,gb18030->utf8 x1,NO,MANUAL_REVIEW,至少一个受影响字段无法整字段安全转换，或完整源行不可读/不可定位，或存在复合断言
UA2-00593,user-agent,docs/PRD-用户体系.md,source_section;source_quote;atomic_assertion,2.2.2 模型中心 `/console/models`,鐐瑰嚮鍘嗗彶璁板綍 鈫鑷姩濉厖 Prompt 鈫閲嶆柊鍙戦€,鐐瑰嚮鍘嗗彶璁板綍 鈫鑷姩濉厖 Prompt 鈫閲嶆柊鍙戦€,,628,gb18030->utf8 x1,NO,MANUAL_REVIEW,至少一个受影响字段无法整字段安全转换，或完整源行不可读/不可定位，或存在复合断言
UA2-00594,user-agent,docs/PRD-用户体系.md,source_section,2.2.2 模型中心 `/console/models`,**Playground 计费规则**,**Playground 计费规则**,769,628,gb18030->utf8 x1,NO,REVIEW_CANDIDATE,所有受影响字段均完成整字段可逆转换，且引用/章节可定位；仍需人工确认
UA2-00595,user-agent,docs/PRD-用户体系.md,source_section;source_quote;atomic_assertion,2.2.2 模型中心 `/console/models`,Playground 中的调用**真实计费**（不是模拟）,Playground 中的调用**真实计费**（不是模拟）,770,628,gb18030->utf8 x1,NO,REVIEW_CANDIDATE,所有受影响字段均完成整字段可逆转换，且引用/章节可定位；仍需人工确认
UA2-00596,user-agent,docs/PRD-用户体系.md,source_section;source_quote;atomic_assertion,2.2.2 模型中心 `/console/models`,调用前展示预估费用确认弹窗（费用 > ¥0.01 时）,调用前展示预估费用确认弹窗（费用 > ¥0.01 时）,771,628,gb18030->utf8 x1,NO,REVIEW_CANDIDATE,所有受影响字段均完成整字段可逆转换，且引用/章节可定位；仍需人工确认
UA2-00597,user-agent,docs/PRD-用户体系.md,source_section;source_quote;atomic_assertion,2.2.2 模型中心 `/console/models`,璐圭敤 < 楼0.01 鏃朵笉寮圭‘璁わ紝鐩存帴鍙戦€|,璐圭敤 < 楼0.01 鏃朵笉寮圭‘璁わ紝鐩存帴鍙戦€|,,628,gb18030->utf8 x1,NO,MANUAL_REVIEW,至少一个受影响字段无法整字段安全转换，或完整源行不可读/不可定位，或存在复合断言
UA2-00598,user-agent,docs/PRD-用户体系.md,source_section,2.2.2 模型中心 `/console/models`,Playground 消费计入正常消费流水,Playground 消费计入正常消费流水,773,628,gb18030->utf8 x1,NO,REVIEW_CANDIDATE,所有受影响字段均完成整字段可逆转换，且引用/章节可定位；仍需人工确认
UA2-00599,user-agent,docs/PRD-用户体系.md,source_section;source_quote;atomic_assertion,Key 列表,**表格字段**,**表格字段**,781,779,gb18030->utf8 x1,NO,REVIEW_CANDIDATE,所有受影响字段均完成整字段可逆转换，且引用/章节可定位；仍需人工确认
UA2-00600,user-agent,docs/PRD-用户体系.md,source_section;source_quote;atomic_assertion,Key 列表,别名,别名,,779,gb18030->utf8 x1,NO,MANUAL_REVIEW,至少一个受影响字段无法整字段安全转换，或完整源行不可读/不可定位，或存在复合断言
UA2-00601,user-agent,docs/PRD-用户体系.md,source_section,Key 列表,20%,20%,997,779,gb18030->utf8 x1,NO,REVIEW_CANDIDATE,所有受影响字段均完成整字段可逆转换，且引用/章节可定位；仍需人工确认
UA2-00602,user-agent,docs/PRD-用户体系.md,source_section,Key 列表,鉁A-Z,鉁A-Z,,779,gb18030->utf8 x1,NO,MANUAL_REVIEW,至少一个受影响字段无法整字段安全转换，或完整源行不可读/不可定位，或存在复合断言
UA2-00603,user-agent,docs/PRD-用户体系.md,source_section;source_quote;atomic_assertion,Key 列表,鐢ㄦ埛鑷畾涔夊悕绉,鐢ㄦ埛鑷畾涔夊悕绉,,779,gb18030->utf8 x1,NO,MANUAL_REVIEW,至少一个受影响字段无法整字段安全转换，或完整源行不可读/不可定位，或存在复合断言
UA2-00604,user-agent,docs/PRD-用户体系.md,source_section,Key 列表,Key 前缀,Key 前缀,,779,gb18030->utf8 x1,NO,MANUAL_REVIEW,至少一个受影响字段无法整字段安全转换，或完整源行不可读/不可定位，或存在复合断言
UA2-00605,user-agent,docs/PRD-用户体系.md,source_section,Key 列表,25%,25%,277,779,gb18030->utf8 x1,NO,REVIEW_CANDIDATE,所有受影响字段均完成整字段可逆转换，且引用/章节可定位；仍需人工确认
UA2-00606,user-agent,docs/PRD-用户体系.md,source_section;source_quote;atomic_assertion,Key 列表,格式：`sk-xxxx****xxxx`（中间部分脱敏）,格式：`sk-xxxx****xxxx`（中间部分脱敏）,,779,gb18030->utf8 x1,NO,MANUAL_REVIEW,至少一个受影响字段无法整字段安全转换，或完整源行不可读/不可定位，或存在复合断言
UA2-00607,user-agent,docs/PRD-用户体系.md,source_section;source_quote;atomic_assertion,Key 列表,创建时间,创建时间,,779,gb18030->utf8 x1,NO,MANUAL_REVIEW,至少一个受影响字段无法整字段安全转换，或完整源行不可读/不可定位，或存在复合断言
UA2-00608,user-agent,docs/PRD-用户体系.md,source_section,Key 列表,15%,15%,991,779,gb18030->utf8 x1,NO,REVIEW_CANDIDATE,所有受影响字段均完成整字段可逆转换，且引用/章节可定位；仍需人工确认
UA2-00609,user-agent,docs/PRD-用户体系.md,source_section,Key 列表,`YYYY-MM-DD HH:mm`,`YYYY-MM-DD HH:mm`,,779,gb18030->utf8 x1,NO,MANUAL_REVIEW,至少一个受影响字段无法整字段安全转换，或完整源行不可读/不可定位，或存在复合断言
UA2-00610,user-agent,docs/PRD-用户体系.md,source_section;source_quote;atomic_assertion,Key 列表,鏈€鍚庝娇鐢ㄦ椂闂,鏈€鍚庝娇鐢ㄦ椂闂,,779,gb18030->utf8 x1,NO,MANUAL_REVIEW,至少一个受影响字段无法整字段安全转换，或完整源行不可读/不可定位，或存在复合断言
UA2-00612,user-agent,docs/PRD-用户体系.md,source_section;source_quote;atomic_assertion,Key 列表,"`YYYY-MM-DD HH:mm`，NULL 展示""从未使用""","`YYYY-MM-DD HH:mm`，NULL 展示""从未使用""",,779,gb18030->utf8 x1,NO,MANUAL_REVIEW,至少一个受影响字段无法整字段安全转换，或完整源行不可读/不可定位，或存在复合断言
UA2-00613,user-agent,docs/PRD-用户体系.md,source_section,Key 列表,鐘舵€,鐘舵€,993,779,gb18030->utf8 x1,NO,REVIEW_CANDIDATE,所有受影响字段均完成整字段可逆转换，且引用/章节可定位；仍需人工确认
UA2-00614,user-agent,docs/PRD-用户体系.md,source_section,Key 列表,10%,10%,791;996;1063,779,gb18030->utf8 x1,NO,REVIEW_CANDIDATE,所有受影响字段均完成整字段可逆转换，且引用/章节可定位；仍需人工确认
UA2-00615,user-agent,docs/PRD-用户体系.md,source_section;source_quote;atomic_assertion,Key 列表,启用/禁用/过期 三色标签,启用/禁用/过期 三色标签,,779,gb18030->utf8 x1,NO,MANUAL_REVIEW,至少一个受影响字段无法整字段安全转换，或完整源行不可读/不可定位，或存在复合断言
UA2-00616,user-agent,docs/PRD-用户体系.md,source_section,Key 列表,权限范围,权限范围,,779,gb18030->utf8 x1,NO,MANUAL_REVIEW,至少一个受影响字段无法整字段安全转换，或完整源行不可读/不可定位，或存在复合断言
UA2-00618,user-agent,docs/PRD-用户体系.md,source_section;source_quote;atomic_assertion,Key 列表,"""鍏ㄩ儴妯″瀷"" / ""浠N 涓ā鍨","""鍏ㄩ儴妯″瀷"" / ""浠N 涓ā鍨",,779,gb18030->utf8 x1,NO,MANUAL_REVIEW,至少一个受影响字段无法整字段安全转换，或完整源行不可读/不可定位，或存在复合断言
UA2-00619,user-agent,docs/PRD-用户体系.md,source_section,Key 列表,浠婃棩璋冪敤閲,浠婃棩璋冪敤閲,341;791,779,gb18030->utf8 x1,NO,REVIEW_CANDIDATE,所有受影响字段均完成整字段可逆转换，且引用/章节可定位；仍需人工确认
UA2-00621,user-agent,docs/PRD-用户体系.md,source_section,Key 列表,鏁板€,鏁板€,341;791,779,gb18030->utf8 x1,NO,REVIEW_CANDIDATE,所有受影响字段均完成整字段可逆转换，且引用/章节可定位；仍需人工确认
UA2-00622,user-agent,docs/PRD-用户体系.md,source_section,Key 列表,操作,操作,40;74;75;76;77;78;79;83;84;371;579;884;1022,779,gb18030->utf8 x1,NO,REVIEW_CANDIDATE,所有受影响字段均完成整字段可逆转换，且引用/章节可定位；仍需人工确认
UA2-00624,user-agent,docs/PRD-用户体系.md,source_section;source_quote;atomic_assertion,Key 列表,[编辑] [禁用/启用] [删除],[编辑] [禁用/启用] [删除],,779,gb18030->utf8 x1,NO,MANUAL_REVIEW,至少一个受影响字段无法整字段安全转换，或完整源行不可读/不可定位，或存在复合断言
UA2-00625,user-agent,docs/PRD-用户体系.md,source_section,Key 列表,**绛涢€夊櫒**,**绛涢€夊櫒**,794,779,gb18030->utf8 x1,NO,REVIEW_CANDIDATE,所有受影响字段均完成整字段可逆转换，且引用/章节可定位；仍需人工确认
UA2-00626,user-agent,docs/PRD-用户体系.md,source_section;source_quote;atomic_assertion,Key 列表,绛涢€夋潯浠,绛涢€夋潯浠,,779,gb18030->utf8 x1,NO,MANUAL_REVIEW,至少一个受影响字段无法整字段安全转换，或完整源行不可读/不可定位，或存在复合断言
UA2-00627,user-agent,docs/PRD-用户体系.md,source_section,Key 列表,控件,控件,,779,gb18030->utf8 x1,NO,MANUAL_REVIEW,至少一个受影响字段无法整字段安全转换，或完整源行不可读/不可定位，或存在复合断言
UA2-00628,user-agent,docs/PRD-用户体系.md,source_section,Key 列表,说明,说明,40;52;743;753;1022,779,gb18030->utf8 x1,NO,REVIEW_CANDIDATE,所有受影响字段均完成整字段可逆转换，且引用/章节可定位；仍需人工确认
UA2-00630,user-agent,docs/PRD-用户体系.md,source_section;source_quote;atomic_assertion,Key 列表,涓嬫媺澶氶€,涓嬫媺澶氶€,,779,gb18030->utf8 x1,NO,MANUAL_REVIEW,至少一个受影响字段无法整字段安全转换，或完整源行不可读/不可定位，或存在复合断言
UA2-00631,user-agent,docs/PRD-用户体系.md,source_section;source_quote;atomic_assertion,Key 列表,启用/禁用/过期,启用/禁用/过期,,779,gb18030->utf8 x1,NO,MANUAL_REVIEW,至少一个受影响字段无法整字段安全转换，或完整源行不可读/不可定位，或存在复合断言
UA2-00633,user-agent,docs/PRD-用户体系.md,source_section;source_quote;atomic_assertion,Key 列表,日期范围,日期范围,,779,gb18030->utf8 x1,NO,MANUAL_REVIEW,至少一个受影响字段无法整字段安全转换，或完整源行不可读/不可定位，或存在复合断言
UA2-00634,user-agent,docs/PRD-用户体系.md,source_section;source_quote;atomic_assertion,Key 列表,寮€濮~ 缁撴潫,寮€濮~ 缁撴潫,,779,gb18030->utf8 x1,NO,MANUAL_REVIEW,至少一个受影响字段无法整字段安全转换，或完整源行不可读/不可定位，或存在复合断言
UA2-00636,user-agent,docs/PRD-用户体系.md,source_section,Key 列表,下拉,下拉,,779,gb18030->utf8 x1,NO,MANUAL_REVIEW,至少一个受影响字段无法整字段安全转换，或完整源行不可读/不可定位，或存在复合断言
UA2-00637,user-agent,docs/PRD-用户体系.md,source_section;source_quote;atomic_assertion,Key 列表,鍏ㄩ儴妯″瀷 / 闄愬埗妯″瀷 / 鏃犻檺鍒,鍏ㄩ儴妯″瀷 / 闄愬埗妯″瀷 / 鏃犻檺鍒,,779,gb18030->utf8 x1,NO,MANUAL_REVIEW,至少一个受影响字段无法整字段安全转换，或完整源行不可读/不可定位，或存在复合断言
UA2-00638,user-agent,docs/PRD-用户体系.md,source_section,Key 列表,搜索,搜索,635;672,779,gb18030->utf8 x1,NO,REVIEW_CANDIDATE,所有受影响字段均完成整字段可逆转换，且引用/章节可定位；仍需人工确认
UA2-00639,user-agent,docs/PRD-用户体系.md,source_section,Key 列表,杈撳叆妗,杈撳叆妗,,779,gb18030->utf8 x1,NO,MANUAL_REVIEW,至少一个受影响字段无法整字段安全转换，或完整源行不可读/不可定位，或存在复合断言
UA2-00640,user-agent,docs/PRD-用户体系.md,source_section;source_quote;atomic_assertion,Key 列表,鎸夊埆鍚Key 鍓嶇紑妯＄硦鎼滅储,鎸夊埆鍚Key 鍓嶇紑妯＄硦鎼滅储,,779,gb18030->utf8 x1,NO,MANUAL_REVIEW,至少一个受影响字段无法整字段安全转换，或完整源行不可读/不可定位，或存在复合断言
UA2-00641,user-agent,docs/PRD-用户体系.md,source_section;source_quote;atomic_assertion,创建 Key 弹窗,**弹窗字段**,**弹窗字段**,807,805,gb18030->utf8 x1,NO,REVIEW_CANDIDATE,所有受影响字段均完成整字段可逆转换，且引用/章节可定位；仍需人工确认
UA2-00642,user-agent,docs/PRD-用户体系.md,source_section;source_quote;atomic_assertion,创建 Key 弹窗,别名,别名,,805,gb18030->utf8 x1,NO,MANUAL_REVIEW,至少一个受影响字段无法整字段安全转换，或完整源行不可读/不可定位，或存在复合断言
UA2-00643,user-agent,docs/PRD-用户体系.md,source_section,创建 Key 弹窗,text(50),text(50),,805,gb18030->utf8 x1,NO,MANUAL_REVIEW,至少一个受影响字段无法整字段安全转换，或完整源行不可读/不可定位，或存在复合断言
UA2-00644,user-agent,docs/PRD-用户体系.md,source_section;source_quote;atomic_assertion,创建 Key 弹窗,"鍞竴鏍囪瘑 Key 鐨勭敤閫旓紝濡鐢熶骇鐜-涓籏ey""","鍞竴鏍囪瘑 Key 鐨勭敤閫旓紝濡鐢熶骇鐜-涓籏ey""",,805,gb18030->utf8 x1,NO,MANUAL_REVIEW,至少一个受影响字段无法整字段安全转换，或完整源行不可读/不可定位，或存在复合断言
UA2-00645,user-agent,docs/PRD-用户体系.md,source_section,创建 Key 弹窗,权限范围,权限范围,,805,gb18030->utf8 x1,NO,MANUAL_REVIEW,至少一个受影响字段无法整字段安全转换，或完整源行不可读/不可定位，或存在复合断言
UA2-00646,user-agent,docs/PRD-用户体系.md,source_section,创建 Key 弹窗,select,select,,805,gb18030->utf8 x1,NO,MANUAL_REVIEW,至少一个受影响字段无法整字段安全转换，或完整源行不可读/不可定位，或存在复合断言
UA2-00647,user-agent,docs/PRD-用户体系.md,source_section;source_quote;atomic_assertion,创建 Key 弹窗,"""鍏ㄩ儴妯″瀷"" 鎴閫夋嫨鎸囧畾妯″瀷","""鍏ㄩ儴妯″瀷"" 鎴閫夋嫨鎸囧畾妯″瀷",,805,gb18030->utf8 x1,NO,MANUAL_REVIEW,至少一个受影响字段无法整字段安全转换，或完整源行不可读/不可定位，或存在复合断言
UA2-00648,user-agent,docs/PRD-用户体系.md,source_section,创建 Key 弹窗,过期时间,过期时间,,805,gb18030->utf8 x1,NO,MANUAL_REVIEW,至少一个受影响字段无法整字段安全转换，或完整源行不可读/不可定位，或存在复合断言
UA2-00649,user-agent,docs/PRD-用户体系.md,source_section,创建 Key 弹窗,datetime,datetime,,805,gb18030->utf8 x1,NO,MANUAL_REVIEW,至少一个受影响字段无法整字段安全转换，或完整源行不可读/不可定位，或存在复合断言
UA2-00650,user-agent,docs/PRD-用户体系.md,source_section;source_quote;atomic_assertion,创建 Key 弹窗,不设置则永不过期,不设置则永不过期,,805,gb18030->utf8 x1,NO,MANUAL_REVIEW,至少一个受影响字段无法整字段安全转换，或完整源行不可读/不可定位，或存在复合断言
UA2-00651,user-agent,docs/PRD-用户体系.md,source_section,创建 Key 弹窗,IP 鐧藉悕鍗,IP 鐧藉悕鍗,919,805,gb18030->utf8 x1,NO,REVIEW_CANDIDATE,所有受影响字段均完成整字段可逆转换，且引用/章节可定位；仍需人工确认
UA2-00652,user-agent,docs/PRD-用户体系.md,source_section,创建 Key 弹窗,textarea,textarea,,805,gb18030->utf8 x1,NO,MANUAL_REVIEW,至少一个受影响字段无法整字段安全转换，或完整源行不可读/不可定位，或存在复合断言
UA2-00653,user-agent,docs/PRD-用户体系.md,source_section;source_quote;atomic_assertion,创建 Key 弹窗,姣忚涓€涓IP/CIDR锛岀┖鍒欎笉闄愬埗,姣忚涓€涓IP/CIDR锛岀┖鍒欎笉闄愬埗,,805,gb18030->utf8 x1,NO,MANUAL_REVIEW,至少一个受影响字段无法整字段安全转换，或完整源行不可读/不可定位，或存在复合断言
UA2-00654,user-agent,docs/PRD-用户体系.md,source_section;source_quote;atomic_assertion,创建 Key 弹窗,**创建成功后的处理**,**创建成功后的处理**,816,805,gb18030->utf8 x1,NO,REVIEW_CANDIDATE,所有受影响字段均完成整字段可逆转换，且引用/章节可定位；仍需人工确认
UA2-00655,user-agent,docs/PRD-用户体系.md,source_section;source_quote;atomic_assertion,创建 Key 弹窗,**安全约束**,**安全约束**,830,805,gb18030->utf8 x1,NO,REVIEW_CANDIDATE,所有受影响字段均完成整字段可逆转换，且引用/章节可定位；仍需人工确认
UA2-00656,user-agent,docs/PRD-用户体系.md,source_section;source_quote;atomic_assertion,创建 Key 弹窗,Key 鍒涘缓鎴愬姛鍚庤繑鍥炲寘鍚畬鏁Key锛屼絾鍚庣鍙瓨鍌Key 鐨勫搱甯屽€硷紙SHA-256锛|,Key 鍒涘缓鎴愬姛鍚庤繑鍥炲寘鍚畬鏁Key锛屼絾鍚庣鍙瓨鍌Key 鐨勫搱甯屽€硷紙SHA-256锛|,,805,gb18030->utf8 x1,NO,MANUAL_REVIEW,至少一个受影响字段无法整字段安全转换，或完整源行不可读/不可定位，或存在复合断言
UA2-00657,user-agent,docs/PRD-用户体系.md,source_section;source_quote;atomic_assertion,创建 Key 弹窗,绠＄悊鍛樹篃鏃犳硶鏌ョ湅 Key 鐨勬槑鏂|,绠＄悊鍛樹篃鏃犳硶鏌ョ湅 Key 鐨勬槑鏂|,,805,gb18030->utf8 x1,NO,MANUAL_REVIEW,至少一个受影响字段无法整字段安全转换，或完整源行不可读/不可定位，或存在复合断言
UA2-00658,user-agent,docs/PRD-用户体系.md,source_section;source_quote;atomic_assertion,创建 Key 弹窗,濡傜敤鎴蜂涪澶Key锛屽彧鑳介噸鏂板垱寤猴紝鏃犳硶鎵惧洖,濡傜敤鎴蜂涪澶Key锛屽彧鑳介噸鏂板垱寤猴紝鏃犳硶鎵惧洖,,805,gb18030->utf8 x1,NO,MANUAL_REVIEW,至少一个受影响字段无法整字段安全转换，或完整源行不可读/不可定位，或存在复合断言
UA2-00659,user-agent,docs/PRD-用户体系.md,source_quote;atomic_assertion,编辑 Key,**鍙紪杈戝瓧娈*,**鍙紪杈戝瓧娈*,,838,gb18030->utf8 x1,NO,MANUAL_REVIEW,至少一个受影响字段无法整字段安全转换，或完整源行不可读/不可定位，或存在复合断言
UA2-00660,user-agent,docs/PRD-用户体系.md,source_quote;atomic_assertion,编辑 Key,别名,别名,,838,gb18030->utf8 x1,NO,MANUAL_REVIEW,至少一个受影响字段无法整字段安全转换，或完整源行不可读/不可定位，或存在复合断言
UA2-00661,user-agent,docs/PRD-用户体系.md,source_quote;atomic_assertion,编辑 Key,鍙慨鏀,鍙慨鏀,,838,gb18030->utf8 x1,NO,MANUAL_REVIEW,至少一个受影响字段无法整字段安全转换，或完整源行不可读/不可定位，或存在复合断言
UA2-00663,user-agent,docs/PRD-用户体系.md,source_quote;atomic_assertion,编辑 Key,鍙慨鏀癸紝淇敼鍚庡嵆鏃剁敓鏁,鍙慨鏀癸紝淇敼鍚庡嵆鏃剁敓鏁,,838,gb18030->utf8 x1,NO,MANUAL_REVIEW,至少一个受影响字段无法整字段安全转换，或完整源行不可读/不可定位，或存在复合断言
UA2-00665,user-agent,docs/PRD-用户体系.md,source_quote;atomic_assertion,编辑 Key,可修改：延长/缩短/取消,可修改：延长/缩短/取消,846,838,gb18030->utf8 x1,NO,REVIEW_CANDIDATE,所有受影响字段均完成整字段可逆转换，且引用/章节可定位；仍需人工确认
UA2-00666,user-agent,docs/PRD-用户体系.md,source_quote;atomic_assertion,编辑 Key,**淇敼杩囨湡鏃堕棿鐨勬搷浣*,**淇敼杩囨湡鏃堕棿鐨勬搷浣*,,838,gb18030->utf8 x1,NO,MANUAL_REVIEW,至少一个受影响字段无法整字段安全转换，或完整源行不可读/不可定位，或存在复合断言
UA2-00667,user-agent,docs/PRD-用户体系.md,source_section,禁用/启用 Key,禁用 Key,禁用 Key,,863,gb18030->utf8 x1,NO,MANUAL_REVIEW,至少一个受影响字段无法整字段安全转换，或完整源行不可读/不可定位，或存在复合断言
UA2-00668,user-agent,docs/PRD-用户体系.md,source_section;source_quote;atomic_assertion,禁用/启用 Key,鍗虫椂鐢熸晥锛屾墍鏈変娇鐢ㄨ Key 鐨勮姹傝繑鍥403,鍗虫椂鐢熸晥锛屾墍鏈変娇鐢ㄨ Key 鐨勮姹傝繑鍥403,,863,gb18030->utf8 x1,NO,MANUAL_REVIEW,至少一个受影响字段无法整字段安全转换，或完整源行不可读/不可定位，或存在复合断言
UA2-00669,user-agent,docs/PRD-用户体系.md,source_section;source_quote;atomic_assertion,禁用/启用 Key,手动启用,手动启用,,863,gb18030->utf8 x1,NO,MANUAL_REVIEW,至少一个受影响字段无法整字段安全转换，或完整源行不可读/不可定位，或存在复合断言
UA2-00670,user-agent,docs/PRD-用户体系.md,source_section;source_quote;atomic_assertion,禁用/启用 Key,启用 Key,启用 Key,863,863,gb18030->utf8 x1,NO,REVIEW_CANDIDATE,所有受影响字段均完成整字段可逆转换，且引用/章节可定位；仍需人工确认
UA2-00671,user-agent,docs/PRD-用户体系.md,source_section;source_quote;atomic_assertion,禁用/启用 Key,即时恢复,即时恢复,,863,gb18030->utf8 x1,NO,MANUAL_REVIEW,至少一个受影响字段无法整字段安全转换，或完整源行不可读/不可定位，或存在复合断言
UA2-00672,user-agent,docs/PRD-用户体系.md,source_section,禁用/启用 Key,删除 Key,删除 Key,,863,gb18030->utf8 x1,NO,MANUAL_REVIEW,至少一个受影响字段无法整字段安全转换，或完整源行不可读/不可定位，或存在复合断言
UA2-00673,user-agent,docs/PRD-用户体系.md,source_section;source_quote;atomic_assertion,禁用/启用 Key,绉婚櫎 Key 璁板綍锛屼笉鍙仮澶,绉婚櫎 Key 璁板綍锛屼笉鍙仮澶,,863,gb18030->utf8 x1,NO,MANUAL_REVIEW,至少一个受影响字段无法整字段安全转换，或完整源行不可读/不可定位，或存在复合断言
UA2-00674,user-agent,docs/PRD-用户体系.md,source_section;source_quote;atomic_assertion,禁用/启用 Key,不可恢复,不可恢复,,863,gb18030->utf8 x1,NO,MANUAL_REVIEW,至少一个受影响字段无法整字段安全转换，或完整源行不可读/不可定位，或存在复合断言
UA2-00675,user-agent,docs/PRD-用户体系.md,source_section;source_quote;atomic_assertion,禁用/启用 Key,**禁用确认弹窗**,**禁用确认弹窗**,871,863,gb18030->utf8 x1,NO,REVIEW_CANDIDATE,所有受影响字段均完成整字段可逆转换，且引用/章节可定位；仍需人工确认
UA2-00676,user-agent,docs/PRD-用户体系.md,source_section,禁用/启用 Key,**批量操作**,**批量操作**,884,863,gb18030->utf8 x1,NO,REVIEW_CANDIDATE,所有受影响字段均完成整字段可逆转换，且引用/章节可定位；仍需人工确认
UA2-00677,user-agent,docs/PRD-用户体系.md,source_section;source_quote;atomic_assertion,禁用/启用 Key,閫変腑澶氫釜 Key锛坈heckbox锛|,閫変腑澶氫釜 Key锛坈heckbox锛|,,863,gb18030->utf8 x1,NO,MANUAL_REVIEW,至少一个受影响字段无法整字段安全转换，或完整源行不可读/不可定位，或存在复合断言
UA2-00678,user-agent,docs/PRD-用户体系.md,source_section;source_quote;atomic_assertion,禁用/启用 Key,操作栏出现：批量启用 / 批量禁用 / 批量删除,操作栏出现：批量启用 / 批量禁用 / 批量删除,887,863,gb18030->utf8 x1,NO,REVIEW_CANDIDATE,所有受影响字段均完成整字段可逆转换，且引用/章节可定位；仍需人工确认
UA2-00679,user-agent,docs/PRD-用户体系.md,source_section;source_quote;atomic_assertion,禁用/启用 Key,"鎵归噺鍒犻櫎闇€鍐嶆纭锛纭畾鍒犻櫎閫変腑鐨N 涓Key锛熸鎿嶄綔涓嶅彲鎭㈠""锛|","鎵归噺鍒犻櫎闇€鍐嶆纭锛纭畾鍒犻櫎閫変腑鐨N 涓Key锛熸鎿嶄綔涓嶅彲鎭㈠""锛|",,863,gb18030->utf8 x1,NO,MANUAL_REVIEW,至少一个受影响字段无法整字段安全转换，或完整源行不可读/不可定位，或存在复合断言
UA2-00680,user-agent,docs/PRD-用户体系.md,source_section,Key 鏉冮檺鎺у埗锛圥1锛|,**鎸夋ā鍨嬬矑搴*,**鎸夋ā鍨嬬矑搴*,894,,,NO,MANUAL_REVIEW,至少一个受影响字段无法整字段安全转换，或完整源行不可读/不可定位，或存在复合断言
UA2-00681,user-agent,docs/PRD-用户体系.md,source_section,Key 鏉冮檺鎺у埗锛圥1锛|,**鎸夋搷浣滅矑搴*,**鎸夋搷浣滅矑搴*,911,,,NO,MANUAL_REVIEW,至少一个受影响字段无法整字段安全转换，或完整源行不可读/不可定位，或存在复合断言
UA2-00682,user-agent,docs/PRD-用户体系.md,source_section;source_quote;atomic_assertion,Key 鏉冮檺鎺у埗锛圥1锛|,读写（默认）,读写（默认）,915,,gb18030->utf8 x1,NO,MANUAL_REVIEW,至少一个受影响字段无法整字段安全转换，或完整源行不可读/不可定位，或存在复合断言
UA2-00683,user-agent,docs/PRD-用户体系.md,source_section,Key 鏉冮檺鎺у埗锛圥1锛|,全部 API 操作,全部 API 操作,,,gb18030->utf8 x1,NO,MANUAL_REVIEW,至少一个受影响字段无法整字段安全转换，或完整源行不可读/不可定位，或存在复合断言
UA2-00684,user-agent,docs/PRD-用户体系.md,source_section;source_quote;atomic_assertion,Key 鏉冮檺鎺у埗锛圥1锛|,只读,只读,,,gb18030->utf8 x1,NO,MANUAL_REVIEW,至少一个受影响字段无法整字段安全转换，或完整源行不可读/不可定位，或存在复合断言
UA2-00685,user-agent,docs/PRD-用户体系.md,source_section;source_quote;atomic_assertion,Key 鏉冮檺鎺у埗锛圥1锛|,浠List 妯″瀷銆佹煡璇綑棰濈瓑璇绘搷浣,浠List 妯″瀷銆佹煡璇綑棰濈瓑璇绘搷浣,,,,NO,MANUAL_REVIEW,至少一个受影响字段无法整字段安全转换，或完整源行不可读/不可定位，或存在复合断言
UA2-00686,user-agent,docs/PRD-用户体系.md,source_section;source_quote;atomic_assertion,Key 鏉冮檺鎺у埗锛圥1锛|,鑷畾涔,鑷畾涔,,,,NO,MANUAL_REVIEW,至少一个受影响字段无法整字段安全转换，或完整源行不可读/不可定位，或存在复合断言
UA2-00687,user-agent,docs/PRD-用户体系.md,source_section;source_quote;atomic_assertion,Key 鏉冮檺鎺у埗锛圥1锛|,鎸API 绔偣绮掑害鎺堟潈,鎸API 绔偣绮掑害鎺堟潈,,,,NO,MANUAL_REVIEW,至少一个受影响字段无法整字段安全转换，或完整源行不可读/不可定位，或存在复合断言
UA2-00688,user-agent,docs/PRD-用户体系.md,source_section,Key 鏉冮檺鎺у埗锛圥1锛|,**IP 鐧藉悕鍗*,**IP 鐧藉悕鍗*,919,,,NO,MANUAL_REVIEW,至少一个受影响字段无法整字段安全转换，或完整源行不可读/不可定位，或存在复合断言
UA2-00689,user-agent,docs/PRD-用户体系.md,source_section;source_quote;atomic_assertion,Key 鏉冮檺鎺у埗锛圥1锛|,姣忚涓€涓IP 鎴CIDR 娈|,姣忚涓€涓IP 鎴CIDR 娈|,,,,NO,MANUAL_REVIEW,至少一个受影响字段无法整字段安全转换，或完整源行不可读/不可定位，或存在复合断言
UA2-00690,user-agent,docs/PRD-用户体系.md,source_section;source_quote;atomic_assertion,Key 鏉冮檺鎺у埗锛圥1锛|,鏍煎紡鏍￠獙锛欼Pv4 / IPv6 / CIDR锛堝 `192.168.1.0/24`锛|,鏍煎紡鏍￠獙锛欼Pv4 / IPv6 / CIDR锛堝 `192.168.1.0/24`锛|,,,,NO,MANUAL_REVIEW,至少一个受影响字段无法整字段安全转换，或完整源行不可读/不可定位，或存在复合断言
UA2-00691,user-agent,docs/PRD-用户体系.md,source_section;source_quote;atomic_assertion,Key 鏉冮檺鎺у埗锛圥1锛|,白名单为空时：不限制 IP,白名单为空时：不限制 IP,923,,gb18030->utf8 x1,NO,MANUAL_REVIEW,至少一个受影响字段无法整字段安全转换，或完整源行不可读/不可定位，或存在复合断言
UA2-00692,user-agent,docs/PRD-用户体系.md,source_section;source_quote;atomic_assertion,Key 鏉冮檺鎺у埗锛圥1锛|,鐧藉悕鍗曢潪绌烘椂锛氶潪鐧藉悕鍗IP 璇锋眰杩斿洖 403,鐧藉悕鍗曢潪绌烘椂锛氶潪鐧藉悕鍗IP 璇锋眰杩斿洖 403,,,,NO,MANUAL_REVIEW,至少一个受影响字段无法整字段安全转换，或完整源行不可读/不可定位，或存在复合断言
UA2-00693,user-agent,docs/PRD-用户体系.md,source_section;source_quote;atomic_assertion,杩囨湡鏃堕棿绠＄悊锛圥2锛|,**过期时间设置**,**过期时间设置**,930,,gb18030->utf8 x1,NO,MANUAL_REVIEW,至少一个受影响字段无法整字段安全转换，或完整源行不可读/不可定位，或存在复合断言
UA2-00694,user-agent,docs/PRD-用户体系.md,source_section,杩囨湡鏃堕棿绠＄悊锛圥2锛|,**过期提醒**,**过期提醒**,940,,gb18030->utf8 x1,NO,MANUAL_REVIEW,至少一个受影响字段无法整字段安全转换，或完整源行不可读/不可定位，或存在复合断言
UA2-00695,user-agent,docs/PRD-用户体系.md,source_section,杩囨湡鏃堕棿绠＄悊锛圥2锛|,杩囨湡鍓7 澶,杩囨湡鍓7 澶,,,,NO,MANUAL_REVIEW,至少一个受影响字段无法整字段安全转换，或完整源行不可读/不可定位，或存在复合断言
UA2-00696,user-agent,docs/PRD-用户体系.md,source_section;source_quote;atomic_assertion,杩囨湡鏃堕棿绠＄悊锛圥2锛|,站内通知,站内通知,947,,gb18030->utf8 x1,NO,MANUAL_REVIEW,至少一个受影响字段无法整字段安全转换，或完整源行不可读/不可定位，或存在复合断言
UA2-00697,user-agent,docs/PRD-用户体系.md,source_section,杩囨湡鏃堕棿绠＄悊锛圥2锛|,"""鎮ㄧ殑 Key銆寈xx銆嶅皢浜7 澶╁悗杩囨湡""","""鎮ㄧ殑 Key銆寈xx銆嶅皢浜7 澶╁悗杩囨湡""",,,,NO,MANUAL_REVIEW,至少一个受影响字段无法整字段安全转换，或完整源行不可读/不可定位，或存在复合断言
UA2-00698,user-agent,docs/PRD-用户体系.md,source_section,杩囨湡鏃堕棿绠＄悊锛圥2锛|,杩囨湡鍓3 澶,杩囨湡鍓3 澶,,,,NO,MANUAL_REVIEW,至少一个受影响字段无法整字段安全转换，或完整源行不可读/不可定位，或存在复合断言
UA2-00699,user-agent,docs/PRD-用户体系.md,source_section;source_quote;atomic_assertion,杩囨湡鏃堕棿绠＄悊锛圥2锛|,站内通知 + 邮件,站内通知 + 邮件,947,,gb18030->utf8 x1,NO,MANUAL_REVIEW,至少一个受影响字段无法整字段安全转换，或完整源行不可读/不可定位，或存在复合断言
UA2-00700,user-agent,docs/PRD-用户体系.md,source_section;source_quote;atomic_assertion,杩囨湡鏃堕棿绠＄悊锛圥2锛|,"""鎮ㄧ殑 Key銆寈xx銆嶅皢浜3 澶╁悗杩囨湡锛岃鍙婃椂缁湡""","""鎮ㄧ殑 Key銆寈xx銆嶅皢浜3 澶╁悗杩囨湡锛岃鍙婃椂缁湡""",,,,NO,MANUAL_REVIEW,至少一个受影响字段无法整字段安全转换，或完整源行不可读/不可定位，或存在复合断言
UA2-00701,user-agent,docs/PRD-用户体系.md,source_section,杩囨湡鏃堕棿绠＄悊锛圥2锛|,杩囨湡鍓1 澶,杩囨湡鍓1 澶,,,,NO,MANUAL_REVIEW,至少一个受影响字段无法整字段安全转换，或完整源行不可读/不可定位，或存在复合断言
UA2-00703,user-agent,docs/PRD-用户体系.md,source_section;source_quote;atomic_assertion,杩囨湡鏃堕棿绠＄悊锛圥2锛|,"""鎮ㄧ殑 Key銆寈xx銆嶅皢浜庢槑澶╄繃鏈燂紝缁湡璇风偣鍑","""鎮ㄧ殑 Key銆寈xx銆嶅皢浜庢槑澶╄繃鏈燂紝缁湡璇风偣鍑",,,,NO,MANUAL_REVIEW,至少一个受影响字段无法整字段安全转换，或完整源行不可读/不可定位，或存在复合断言
UA2-00704,user-agent,docs/PRD-用户体系.md,source_section,杩囨湡鏃堕棿绠＄悊锛圥2锛|,过期当天,过期当天,,,gb18030->utf8 x1,NO,MANUAL_REVIEW,至少一个受影响字段无法整字段安全转换，或完整源行不可读/不可定位，或存在复合断言
UA2-00706,user-agent,docs/PRD-用户体系.md,source_section;source_quote;atomic_assertion,杩囨湡鏃堕棿绠＄悊锛圥2锛|,"""您的 Key「xxx」已过期，已自动禁用""","""您的 Key「xxx」已过期，已自动禁用""",947,,gb18030->utf8 x1,NO,MANUAL_REVIEW,至少一个受影响字段无法整字段安全转换，或完整源行不可读/不可定位，或存在复合断言
UA2-00707,user-agent,docs/PRD-用户体系.md,source_section;source_quote;atomic_assertion,杩囨湡鏃堕棿绠＄悊锛圥2锛|,**杩囨湡鍚庤涓*,**杩囨湡鍚庤涓*,,,,NO,MANUAL_REVIEW,至少一个受影响字段无法整字段安全转换，或完整源行不可读/不可定位，或存在复合断言
UA2-00708,user-agent,docs/PRD-用户体系.md,source_section;source_quote;atomic_assertion,用量统计,**姣忎釜 Key 鐨勭粺璁￠潰鏉*,**姣忎釜 Key 鐨勭粺璁￠潰鏉*,,965;1079,gb18030->utf8 x1,NO,MANUAL_REVIEW,至少一个受影响字段无法整字段安全转换，或完整源行不可读/不可定位，或存在复合断言
UA2-00709,user-agent,docs/PRD-用户体系.md,source_quote;atomic_assertion,2.2.4 调用日志 `/console/logs`,**日志列表字段**,**日志列表字段**,987,985,gb18030->utf8 x1,NO,REVIEW_CANDIDATE,所有受影响字段均完成整字段可逆转换，且引用/章节可定位；仍需人工确认
UA2-00715,user-agent,docs/PRD-用户体系.md,source_quote;atomic_assertion,2.2.4 调用日志 `/console/logs`,妯″瀷鍚+ 渚涘簲鍟嗘爣绛,妯″瀷鍚+ 渚涘簲鍟嗘爣绛,,985,gb18030->utf8 x1,NO,MANUAL_REVIEW,至少一个受影响字段无法整字段安全转换，或完整源行不可读/不可定位，或存在复合断言
UA2-00726,user-agent,docs/PRD-用户体系.md,source_quote;atomic_assertion,2.2.4 调用日志 `/console/logs`,| 请求 ID | 20% | `req_xxxxxxxxxxxx`（可复制）|,| 请求 ID | 20% | `req_xxxxxxxxxxxx`（可复制）|,997,985,gb18030->utf8 x1,NO,REVIEW_CANDIDATE,所有受影响字段均完成整字段可逆转换，且引用/章节可定位；仍需人工确认
UA2-00727,user-agent,docs/PRD-用户体系.md,source_quote;atomic_assertion,2.2.4 调用日志 `/console/logs`,错误信息,错误信息,,985,gb18030->utf8 x1,NO,MANUAL_REVIEW,至少一个受影响字段无法整字段安全转换，或完整源行不可读/不可定位，或存在复合断言
UA2-00730,user-agent,docs/PRD-用户体系.md,source_quote;atomic_assertion,2.2.4 调用日志 `/console/logs`,**默认展示**,**默认展示**,1000,985,gb18030->utf8 x1,NO,REVIEW_CANDIDATE,所有受影响字段均完成整字段可逆转换，且引用/章节可定位；仍需人工确认
UA2-00731,user-agent,docs/PRD-用户体系.md,source_quote;atomic_assertion,2.2.4 调用日志 `/console/logs`,鏈€杩500 鏉★紝鎸夋椂闂村€掑簭,鏈€杩500 鏉★紝鎸夋椂闂村€掑簭,,985,gb18030->utf8 x1,NO,MANUAL_REVIEW,至少一个受影响字段无法整字段安全转换，或完整源行不可读/不可定位，或存在复合断言
UA2-00732,user-agent,docs/PRD-用户体系.md,source_quote;atomic_assertion,2.2.4 调用日志 `/console/logs`,棣栨鍔犺浇涓嶈秴杩500ms,棣栨鍔犺浇涓嶈秴杩500ms,,985,gb18030->utf8 x1,NO,MANUAL_REVIEW,至少一个受影响字段无法整字段安全转换，或完整源行不可读/不可定位，或存在复合断言
UA2-00735,user-agent,docs/PRD-用户体系.md,source_quote;atomic_assertion,2.2.4 调用日志 `/console/logs`,**淇濆瓨绛涢€夐璁*,**淇濆瓨绛涢€夐璁*,,985,gb18030->utf8 x1,NO,MANUAL_REVIEW,至少一个受影响字段无法整字段安全转换，或完整源行不可读/不可定位，或存在复合断言
UA2-00738,user-agent,docs/PRD-用户体系.md,source_quote;atomic_assertion,2.2.4 调用日志 `/console/logs`,"| 淇濆瓨棰勮 | 褰撳墠绛涢€夋潯浠朵繚瀛樹负棰勮锛屽懡鍚嶏紙濡浠婃棩澶辫触鏃ュ織""锛墊","| 淇濆瓨棰勮 | 褰撳墠绛涢€夋潯浠朵繚瀛樹负棰勮锛屽懡鍚嶏紙濡浠婃棩澶辫触鏃ュ織""锛墊",,985,gb18030->utf8 x1,NO,MANUAL_REVIEW,至少一个受影响字段无法整字段安全转换，或完整源行不可读/不可定位，或存在复合断言
UA2-00739,user-agent,docs/PRD-用户体系.md,source_quote;atomic_assertion,2.2.4 调用日志 `/console/logs`,加载预设,加载预设,,985,gb18030->utf8 x1,NO,MANUAL_REVIEW,至少一个受影响字段无法整字段安全转换，或完整源行不可读/不可定位，或存在复合断言
UA2-00740,user-agent,docs/PRD-用户体系.md,source_quote;atomic_assertion,2.2.4 调用日志 `/console/logs`,浠庡凡淇濆瓨棰勮鍒楄〃涓€夋嫨,浠庡凡淇濆瓨棰勮鍒楄〃涓€夋嫨,,985,gb18030->utf8 x1,NO,MANUAL_REVIEW,至少一个受影响字段无法整字段安全转换，或完整源行不可读/不可定位，或存在复合断言
UA2-00741,user-agent,docs/PRD-用户体系.md,source_quote;atomic_assertion,2.2.4 调用日志 `/console/logs`,管理预设,管理预设,,985,gb18030->utf8 x1,NO,MANUAL_REVIEW,至少一个受影响字段无法整字段安全转换，或完整源行不可读/不可定位，或存在复合断言
UA2-00742,user-agent,docs/PRD-用户体系.md,source_quote;atomic_assertion,2.2.4 调用日志 `/console/logs`,缂栬緫/鍒犻櫎宸蹭繚瀛橀璁,缂栬緫/鍒犻櫎宸蹭繚瀛橀璁,,985,gb18030->utf8 x1,NO,MANUAL_REVIEW,至少一个受影响字段无法整字段安全转换，或完整源行不可读/不可定位，或存在复合断言
UA2-00744,user-agent,docs/PRD-用户体系.md,source_quote;atomic_assertion,2.2.4 调用日志 `/console/logs`,棰勮淇濆瓨鍦ㄦ湇鍔＄锛坄user_preferences`锛夛紝澶氳澶囧悓姝,棰勮淇濆瓨鍦ㄦ湇鍔＄锛坄user_preferences`锛夛紝澶氳澶囧悓姝,,985,gb18030->utf8 x1,NO,MANUAL_REVIEW,至少一个受影响字段无法整字段安全转换，或完整源行不可读/不可定位，或存在复合断言
UA2-00751,user-agent,docs/PRD-用户体系.md,source_quote;atomic_assertion,2.2.4 调用日志 `/console/logs`,"褰撳墠椤/ 鍏ㄩ儴缁撴灉锛堟渶澶100,000 鏉★級","褰撳墠椤/ 鍏ㄩ儴缁撴灉锛堟渶澶100,000 鏉★級",,985,gb18030->utf8 x1,NO,MANUAL_REVIEW,至少一个受影响字段无法整字段安全转换，或完整源行不可读/不可定位，或存在复合断言
UA2-00753,user-agent,docs/PRD-用户体系.md,source_quote;atomic_assertion,2.2.4 调用日志 `/console/logs`,异步生成，生成后通知下载,异步生成，生成后通知下载,,985,gb18030->utf8 x1,NO,MANUAL_REVIEW,至少一个受影响字段无法整字段安全转换，或完整源行不可读/不可定位，或存在复合断言
UA2-00755,user-agent,docs/PRD-用户体系.md,source_quote;atomic_assertion,2.2.4 调用日志 `/console/logs`,保留 7 天，过期自动清理,保留 7 天，过期自动清理,1036,985,gb18030->utf8 x1,NO,REVIEW_CANDIDATE,所有受影响字段均完成整字段可逆转换，且引用/章节可定位；仍需人工确认
UA2-00756,user-agent,docs/PRD-用户体系.md,source_section;source_quote;atomic_assertion,异常分析面板,**错误类型聚合**,**错误类型聚合**,1042,1040,gb18030->utf8 x1,NO,REVIEW_CANDIDATE,所有受影响字段均完成整字段可逆转换，且引用/章节可定位；仍需人工确认
UA2-00757,user-agent,docs/PRD-用户体系.md,source_section;source_quote;atomic_assertion,异常分析面板,**閿欒鐜囪秼鍔*,**閿欒鐜囪秼鍔*,,1040,gb18030->utf8 x1,NO,MANUAL_REVIEW,至少一个受影响字段无法整字段安全转换，或完整源行不可读/不可定位，或存在复合断言
UA2-00758,user-agent,docs/PRD-用户体系.md,source_section;source_quote;atomic_assertion,异常分析面板,**失败请求明细**,**失败请求明细**,1067,1040,gb18030->utf8 x1,NO,REVIEW_CANDIDATE,所有受影响字段均完成整字段可逆转换，且引用/章节可定位；仍需人工确认
UA2-00759,user-agent,docs/PRD-用户体系.md,source_section;source_quote;atomic_assertion,2.2.5 用量统计 `/console/stats`,**组合查询面板**,**组合查询面板**,1081,1079,gb18030->utf8 x1,NO,REVIEW_CANDIDATE,所有受影响字段均完成整字段可逆转换，且引用/章节可定位；仍需人工确认
UA2-00760,user-agent,docs/PRD-用户体系.md,source_section,2.2.5 用量统计 `/console/stats`,**图表渲染**,**图表渲染**,1093,1079,gb18030->utf8 x1,NO,REVIEW_CANDIDATE,所有受影响字段均完成整字段可逆转换，且引用/章节可定位；仍需人工确认
UA2-00761,user-agent,docs/PRD-用户体系.md,source_section,2.2.5 用量统计 `/console/stats`,模型 × 时间,模型 × 时间,,1079,gb18030->utf8 x1,NO,MANUAL_REVIEW,至少一个受影响字段无法整字段安全转换，或完整源行不可读/不可定位，或存在复合断言
UA2-00762,user-agent,docs/PRD-用户体系.md,source_section;source_quote;atomic_assertion,2.2.5 用量统计 `/console/stats`,鍒嗙粍鏌辩姸鍥,鍒嗙粍鏌辩姸鍥,,1079,gb18030->utf8 x1,NO,MANUAL_REVIEW,至少一个受影响字段无法整字段安全转换，或完整源行不可读/不可定位，或存在复合断言
UA2-00763,user-agent,docs/PRD-用户体系.md,source_section;source_quote;atomic_assertion,2.2.5 用量统计 `/console/stats`,鍚勬ā鍨嬫瘡澶╃殑璋冪敤閲,鍚勬ā鍨嬫瘡澶╃殑璋冪敤閲,,1079,gb18030->utf8 x1,NO,MANUAL_REVIEW,至少一个受影响字段无法整字段安全转换，或完整源行不可读/不可定位，或存在复合断言
UA2-00764,user-agent,docs/PRD-用户体系.md,source_section,2.2.5 用量统计 `/console/stats`,时间 × 模型,时间 × 模型,,1079,gb18030->utf8 x1,NO,MANUAL_REVIEW,至少一个受影响字段无法整字段安全转换，或完整源行不可读/不可定位，或存在复合断言
UA2-00765,user-agent,docs/PRD-用户体系.md,source_section,2.2.5 用量统计 `/console/stats`,鍫嗗彔闈㈢Н鍥,鍫嗗彔闈㈢Н鍥,,1079,gb18030->utf8 x1,NO,MANUAL_REVIEW,至少一个受影响字段无法整字段安全转换，或完整源行不可读/不可定位，或存在复合断言
UA2-00766,user-agent,docs/PRD-用户体系.md,source_section;source_quote;atomic_assertion,2.2.5 用量统计 `/console/stats`,总调用量中各模型占比变化,总调用量中各模型占比变化,,1079,gb18030->utf8 x1,NO,MANUAL_REVIEW,至少一个受影响字段无法整字段安全转换，或完整源行不可读/不可定位，或存在复合断言
UA2-00767,user-agent,docs/PRD-用户体系.md,source_section,2.2.5 用量统计 `/console/stats`,Key × 模型,Key × 模型,,1079,gb18030->utf8 x1,NO,MANUAL_REVIEW,至少一个受影响字段无法整字段安全转换，或完整源行不可读/不可定位，或存在复合断言
UA2-00768,user-agent,docs/PRD-用户体系.md,source_section;source_quote;atomic_assertion,2.2.5 用量统计 `/console/stats`,鐑姏鍥,鐑姏鍥,,1079,gb18030->utf8 x1,NO,MANUAL_REVIEW,至少一个受影响字段无法整字段安全转换，或完整源行不可读/不可定位，或存在复合断言
UA2-00769,user-agent,docs/PRD-用户体系.md,source_section,2.2.5 用量统计 `/console/stats`,鍚Key 鍦ㄥ悇妯″瀷涓婄殑璋冪敤鍒嗗竷,鍚Key 鍦ㄥ悇妯″瀷涓婄殑璋冪敤鍒嗗竷,,1079,gb18030->utf8 x1,NO,MANUAL_REVIEW,至少一个受影响字段无法整字段安全转换，或完整源行不可读/不可定位，或存在复合断言
UA2-00770,user-agent,docs/PRD-用户体系.md,source_section,2.2.5 用量统计 `/console/stats`,渚涘簲鍟脳 鏃堕棿,渚涘簲鍟脳 鏃堕棿,,1079,gb18030->utf8 x1,NO,MANUAL_REVIEW,至少一个受影响字段无法整字段安全转换，或完整源行不可读/不可定位，或存在复合断言
UA2-00771,user-agent,docs/PRD-用户体系.md,source_section,2.2.5 用量统计 `/console/stats`,鎶樼嚎鍥,鎶樼嚎鍥,292;976;1061,1079,gb18030->utf8 x1,NO,REVIEW_CANDIDATE,所有受影响字段均完成整字段可逆转换，且引用/章节可定位；仍需人工确认
UA2-00772,user-agent,docs/PRD-用户体系.md,source_section;source_quote;atomic_assertion,2.2.5 用量统计 `/console/stats`,鍚勪緵搴斿晢鐨勮垂鐢ㄨ秼鍔,鍚勪緵搴斿晢鐨勮垂鐢ㄨ秼鍔,,1079,gb18030->utf8 x1,NO,MANUAL_REVIEW,至少一个受影响字段无法整字段安全转换，或完整源行不可读/不可定位，或存在复合断言
UA2-00773,user-agent,docs/PRD-用户体系.md,source_section,2.2.5 用量统计 `/console/stats`,**对比模式**,**对比模式**,751;1102,1079,gb18030->utf8 x1,NO,REVIEW_CANDIDATE,所有受影响字段均完成整字段可逆转换，且引用/章节可定位；仍需人工确认
UA2-00774,user-agent,docs/PRD-用户体系.md,source_section;source_quote;atomic_assertion,2.2.5 用量统计 `/console/stats`,**鏁版嵁琛ㄨ鍥*,**鏁版嵁琛ㄨ鍥*,,1079,gb18030->utf8 x1,NO,MANUAL_REVIEW,至少一个受影响字段无法整字段安全转换，或完整源行不可读/不可定位，或存在复合断言
UA2-00775,user-agent,docs/PRD-用户体系.md,source_section;source_quote;atomic_assertion,2.2.5 用量统计 `/console/stats`,图表下方显示原始数据表格,图表下方显示原始数据表格,1112,1079,gb18030->utf8 x1,NO,REVIEW_CANDIDATE,所有受影响字段均完成整字段可逆转换，且引用/章节可定位；仍需人工确认
UA2-00776,user-agent,docs/PRD-用户体系.md,source_section;source_quote;atomic_assertion,2.2.5 用量统计 `/console/stats`,琛ㄦ牸鍙帓搴忋€佸彲瀵煎嚭,琛ㄦ牸鍙帓搴忋€佸彲瀵煎嚭,,1079,gb18030->utf8 x1,NO,MANUAL_REVIEW,至少一个受影响字段无法整字段安全转换，或完整源行不可读/不可定位，或存在复合断言
UA2-00777,user-agent,docs/PRD-用户体系.md,source_section;source_quote;atomic_assertion,2.2.6 鍏呭€`/console/recharge`,**鍏呭€奸〉甯冨眬**,**鍏呭€奸〉甯冨眬**,,,,NO,MANUAL_REVIEW,至少一个受影响字段无法整字段安全转换，或完整源行不可读/不可定位，或存在复合断言
UA2-00778,user-agent,docs/PRD-用户体系.md,source_section;source_quote;atomic_assertion,2.2.6 鍏呭€`/console/recharge`,**支付流程**,**支付流程**,1142,,gb18030->utf8 x1,NO,MANUAL_REVIEW,至少一个受影响字段无法整字段安全转换，或完整源行不可读/不可定位，或存在复合断言
UA2-00779,user-agent,docs/PRD-用户体系.md,source_section;source_quote;atomic_assertion,2.2.6 鍏呭€`/console/recharge`,**支付成功/失败处理**,**支付成功/失败处理**,1155,,gb18030->utf8 x1,NO,MANUAL_REVIEW,至少一个受影响字段无法整字段安全转换，或完整源行不可读/不可定位，或存在复合断言
UA2-00780,user-agent,docs/PRD-用户体系.md,source_section;source_quote;atomic_assertion,2.2.6 鍏呭€`/console/recharge`,支付成功,支付成功,1155,,gb18030->utf8 x1,NO,MANUAL_REVIEW,至少一个受影响字段无法整字段安全转换，或完整源行不可读/不可定位，或存在复合断言
UA2-00781,user-agent,docs/PRD-用户体系.md,source_section;source_quote;atomic_assertion,2.2.6 鍏呭€`/console/recharge`,"""鍏呭€兼垚鍔燂紒楼XX 宸插埌璐 寮圭獥","""鍏呭€兼垚鍔燂紒楼XX 宸插埌璐 寮圭獥",,,,NO,MANUAL_REVIEW,至少一个受影响字段无法整字段安全转换，或完整源行不可读/不可定位，或存在复合断言
UA2-00782,user-agent,docs/PRD-用户体系.md,source_section;source_quote;atomic_assertion,2.2.6 鍏呭€`/console/recharge`,浣欓澧炲姞锛屽彂閫侀€氱煡,浣欓澧炲姞锛屽彂閫侀€氱煡,,,,NO,MANUAL_REVIEW,至少一个受影响字段无法整字段安全转换，或完整源行不可读/不可定位，或存在复合断言
UA2-00783,user-agent,docs/PRD-用户体系.md,source_section;source_quote;atomic_assertion,2.2.6 鍏呭€`/console/recharge`,支付失败,支付失败,,,gb18030->utf8 x1,NO,MANUAL_REVIEW,至少一个受影响字段无法整字段安全转换，或完整源行不可读/不可定位，或存在复合断言
UA2-00784,user-agent,docs/PRD-用户体系.md,source_section;source_quote;atomic_assertion,2.2.6 鍏呭€`/console/recharge`,"""支付失败，请重试"" 提示","""支付失败，请重试"" 提示",,,gb18030->utf8 x1,NO,MANUAL_REVIEW,至少一个受影响字段无法整字段安全转换，或完整源行不可读/不可定位，或存在复合断言
UA2-00785,user-agent,docs/PRD-用户体系.md,source_section,2.2.6 鍏呭€`/console/recharge`,璁㈠崟鐘舵€佹洿鏂颁负 failed,璁㈠崟鐘舵€佹洿鏂颁负 failed,,,,NO,MANUAL_REVIEW,至少一个受影响字段无法整字段安全转换，或完整源行不可读/不可定位，或存在复合断言
UA2-00786,user-agent,docs/PRD-用户体系.md,source_section;source_quote;atomic_assertion,2.2.6 鍏呭€`/console/recharge`,支付超时,支付超时,,,gb18030->utf8 x1,NO,MANUAL_REVIEW,至少一个受影响字段无法整字段安全转换，或完整源行不可读/不可定位，或存在复合断言
UA2-00787,user-agent,docs/PRD-用户体系.md,source_section;source_quote;atomic_assertion,2.2.6 鍏呭€`/console/recharge`,"""浜岀淮鐮佸凡杩囨湡锛岃閲嶆柊鍙戣捣鍏呭€","""浜岀淮鐮佸凡杩囨湡锛岃閲嶆柊鍙戣捣鍏呭€",,,,NO,MANUAL_REVIEW,至少一个受影响字段无法整字段安全转换，或完整源行不可读/不可定位，或存在复合断言
UA2-00788,user-agent,docs/PRD-用户体系.md,source_section;source_quote;atomic_assertion,2.2.6 鍏呭€`/console/recharge`,璁㈠崟杩囨湡锛屽叧闂敮浠橀€氶亾,璁㈠崟杩囨湡锛屽叧闂敮浠橀€氶亾,,,,NO,MANUAL_REVIEW,至少一个受影响字段无法整字段安全转换，或完整源行不可读/不可定位，或存在复合断言
UA2-00789,user-agent,docs/PRD-用户体系.md,source_section;source_quote;atomic_assertion,2.2.6 鍏呭€`/console/recharge`,支付成功但余额未增加,支付成功但余额未增加,,,gb18030->utf8 x1,NO,MANUAL_REVIEW,至少一个受影响字段无法整字段安全转换，或完整源行不可读/不可定位，或存在复合断言
UA2-00790,user-agent,docs/PRD-用户体系.md,source_section;source_quote;atomic_assertion,2.2.6 鍏呭€`/console/recharge`,"""鍏呭€煎紓甯革紝璇疯仈绯诲鏈","""鍏呭€煎紓甯革紝璇疯仈绯诲鏈",,,,NO,MANUAL_REVIEW,至少一个受影响字段无法整字段安全转换，或完整源行不可读/不可定位，或存在复合断言
UA2-00791,user-agent,docs/PRD-用户体系.md,source_section;source_quote;atomic_assertion,2.2.6 鍏呭€`/console/recharge`,璁板綍寮傚父璁㈠崟锛岄€氱煡绠＄悊鍛,璁板綍寮傚父璁㈠崟锛岄€氱煡绠＄悊鍛,,,,NO,MANUAL_REVIEW,至少一个受影响字段无法整字段安全转换，或完整源行不可读/不可定位，或存在复合断言
UA2-00792,user-agent,docs/PRD-用户体系.md,source_section;source_quote;atomic_assertion,2.2.6 鍏呭€`/console/recharge`,**鍏呭€艰褰曞垪琛*,**鍏呭€艰褰曞垪琛*,,,,NO,MANUAL_REVIEW,至少一个受影响字段无法整字段安全转换，或完整源行不可读/不可定位，或存在复合断言
UA2-00793,user-agent,docs/PRD-用户体系.md,source_section,2.2.6 鍏呭€`/console/recharge`,说明,说明,40;52;743;753;1022,,gb18030->utf8 x1,NO,MANUAL_REVIEW,至少一个受影响字段无法整字段安全转换，或完整源行不可读/不可定位，或存在复合断言
UA2-00794,user-agent,docs/PRD-用户体系.md,source_section,2.2.6 鍏呭€`/console/recharge`,璁㈠崟鍙,璁㈠崟鍙,1170,,,NO,MANUAL_REVIEW,至少一个受影响字段无法整字段安全转换，或完整源行不可读/不可定位，或存在复合断言
UA2-00795,user-agent,docs/PRD-用户体系.md,source_section,2.2.6 鍏呭€`/console/recharge`,`recharge_xxxxx`,`recharge_xxxxx`,1170,,,NO,MANUAL_REVIEW,至少一个受影响字段无法整字段安全转换，或完整源行不可读/不可定位，或存在复合断言
UA2-00796,user-agent,docs/PRD-用户体系.md,source_section;source_quote;atomic_assertion,2.2.6 鍏呭€`/console/recharge`,金额,金额,525;601;1171;1222,,gb18030->utf8 x1,NO,MANUAL_REVIEW,至少一个受影响字段无法整字段安全转换，或完整源行不可读/不可定位，或存在复合断言
UA2-00797,user-agent,docs/PRD-用户体系.md,source_section,2.2.6 鍏呭€`/console/recharge`,¥100.00,¥100.00,,,gb18030->utf8 x1,NO,MANUAL_REVIEW,至少一个受影响字段无法整字段安全转换，或完整源行不可读/不可定位，或存在复合断言
UA2-00798,user-agent,docs/PRD-用户体系.md,source_section;source_quote;atomic_assertion,2.2.6 鍏呭€`/console/recharge`,支付方式,支付方式,,,gb18030->utf8 x1,NO,MANUAL_REVIEW,至少一个受影响字段无法整字段安全转换，或完整源行不可读/不可定位，或存在复合断言
UA2-00799,user-agent,docs/PRD-用户体系.md,source_section;source_quote;atomic_assertion,2.2.6 鍏呭€`/console/recharge`,鏀粯瀹/ 寰俊 / 瀵瑰叕,鏀粯瀹/ 寰俊 / 瀵瑰叕,,,,NO,MANUAL_REVIEW,至少一个受影响字段无法整字段安全转换，或完整源行不可读/不可定位，或存在复合断言
UA2-00800,user-agent,docs/PRD-用户体系.md,source_section;source_quote;atomic_assertion,2.2.6 鍏呭€`/console/recharge`,鍏呭€兼椂闂,鍏呭€兼椂闂,,,,NO,MANUAL_REVIEW,至少一个受影响字段无法整字段安全转换，或完整源行不可读/不可定位，或存在复合断言
UA2-00801,user-agent,docs/PRD-用户体系.md,source_section,2.2.6 鍏呭€`/console/recharge`,2026-07-26 11:35,2026-07-26 11:35,1207;1220,,,NO,MANUAL_REVIEW,至少一个受影响字段无法整字段安全转换，或完整源行不可读/不可定位，或存在复合断言
UA2-00802,user-agent,docs/PRD-用户体系.md,source_section,2.2.6 鍏呭€`/console/recharge`,鐘舵€,鐘舵€,993,,,NO,MANUAL_REVIEW,至少一个受影响字段无法整字段安全转换，或完整源行不可读/不可定位，或存在复合断言
UA2-00803,user-agent,docs/PRD-用户体系.md,source_section,2.2.6 鍏呭€`/console/recharge`,鎴愬姛 / 澶辫触 / 寰呮敮浠/ 宸茶繃鏈,鎴愬姛 / 澶辫触 / 寰呮敮浠/ 宸茶繃鏈,,,,NO,MANUAL_REVIEW,至少一个受影响字段无法整字段安全转换，或完整源行不可读/不可定位，或存在复合断言
UA2-00804,user-agent,docs/PRD-用户体系.md,source_section,2.2.6 鍏呭€`/console/recharge`,操作,操作,40;74;75;76;77;78;79;83;84;371;579;884;1022,,gb18030->utf8 x1,NO,MANUAL_REVIEW,至少一个受影响字段无法整字段安全转换，或完整源行不可读/不可定位，或存在复合断言
UA2-00805,user-agent,docs/PRD-用户体系.md,source_section;source_quote;atomic_assertion,2.2.6 鍏呭€`/console/recharge`,"澶辫触璁㈠崟鍙閲嶆柊鏀粯""(30鍒嗛挓鍐呮湁鏁","澶辫触璁㈠崟鍙閲嶆柊鏀粯""(30鍒嗛挓鍐呮湁鏁",,,,NO,MANUAL_REVIEW,至少一个受影响字段无法整字段安全转换，或完整源行不可读/不可定位，或存在复合断言
UA2-00806,user-agent,docs/PRD-用户体系.md,source_section;source_quote;atomic_assertion,2.2.6 鍏呭€`/console/recharge`,**鍏呭€间紭鎯犻厤缃紙杩愯惀绔級**,**鍏呭€间紭鎯犻厤缃紙杩愯惀绔級**,,,,NO,MANUAL_REVIEW,至少一个受影响字段无法整字段安全转换，或完整源行不可读/不可定位，或存在复合断言
UA2-00807,user-agent,docs/PRD-用户体系.md,source_section,2.2.6 鍏呭€`/console/recharge`,优惠类型,优惠类型,,,gb18030->utf8 x1,NO,MANUAL_REVIEW,至少一个受影响字段无法整字段安全转换，或完整源行不可读/不可定位，或存在复合断言
UA2-00808,user-agent,docs/PRD-用户体系.md,source_section;source_quote;atomic_assertion,2.2.6 鍏呭€`/console/recharge`,配置方式,配置方式,1181,,gb18030->utf8 x1,NO,MANUAL_REVIEW,至少一个受影响字段无法整字段安全转换，或完整源行不可读/不可定位，或存在复合断言
UA2-00809,user-agent,docs/PRD-用户体系.md,source_section,2.2.6 鍏呭€`/console/recharge`,示例,示例,52;1095,,gb18030->utf8 x1,NO,MANUAL_REVIEW,至少一个受影响字段无法整字段安全转换，或完整源行不可读/不可定位，或存在复合断言
UA2-00810,user-agent,docs/PRD-用户体系.md,source_section,2.2.6 鍏呭€`/console/recharge`,首充优惠,首充优惠,,,gb18030->utf8 x1,NO,MANUAL_REVIEW,至少一个受影响字段无法整字段安全转换，或完整源行不可读/不可定位，或存在复合断言
UA2-00811,user-agent,docs/PRD-用户体系.md,source_section;source_quote;atomic_assertion,2.2.6 鍏呭€`/console/recharge`,"娲诲姩绯荤粺鍒涘缓""棣栧厖鍊兼弧璧娲诲姩","娲诲姩绯荤粺鍒涘缓""棣栧厖鍊兼弧璧娲诲姩",,,,NO,MANUAL_REVIEW,至少一个受影响字段无法整字段安全转换，或完整源行不可读/不可定位，或存在复合断言
UA2-00812,user-agent,docs/PRD-用户体系.md,source_section,2.2.6 鍏呭€`/console/recharge`,棣栧厖婊÷00閫伮0,棣栧厖婊÷00閫伮0,,,,NO,MANUAL_REVIEW,至少一个受影响字段无法整字段安全转换，或完整源行不可读/不可定位，或存在复合断言
UA2-00813,user-agent,docs/PRD-用户体系.md,source_section,2.2.6 鍏呭€`/console/recharge`,满赠活动,满赠活动,,,gb18030->utf8 x1,NO,MANUAL_REVIEW,至少一个受影响字段无法整字段安全转换，或完整源行不可读/不可定位，或存在复合断言
UA2-00814,user-agent,docs/PRD-用户体系.md,source_section;source_quote;atomic_assertion,2.2.6 鍏呭€`/console/recharge`,活动系统,活动系统,,,gb18030->utf8 x1,NO,MANUAL_REVIEW,至少一个受影响字段无法整字段安全转换，或完整源行不可读/不可定位，或存在复合断言
UA2-00815,user-agent,docs/PRD-用户体系.md,source_section;source_quote;atomic_assertion,2.2.6 鍏呭€`/console/recharge`,鍏吢00閫伮0锛屽厖楼1000閫伮20,鍏吢00閫伮0锛屽厖楼1000閫伮20,,,,NO,MANUAL_REVIEW,至少一个受影响字段无法整字段安全转换，或完整源行不可读/不可定位，或存在复合断言
UA2-00816,user-agent,docs/PRD-用户体系.md,source_section,2.2.6 鍏呭€`/console/recharge`,限时折扣,限时折扣,,,gb18030->utf8 x1,NO,MANUAL_REVIEW,至少一个受影响字段无法整字段安全转换，或完整源行不可读/不可定位，或存在复合断言
UA2-00817,user-agent,docs/PRD-用户体系.md,source_section;source_quote;atomic_assertion,2.2.6 鍏呭€`/console/recharge`,活动系统 + 时间范围,活动系统 + 时间范围,,,gb18030->utf8 x1,NO,MANUAL_REVIEW,至少一个受影响字段无法整字段安全转换，或完整源行不可读/不可定位，或存在复合断言
UA2-00818,user-agent,docs/PRD-用户体系.md,source_section;source_quote;atomic_assertion,2.2.6 鍏呭€`/console/recharge`,7鏈堝唴鍏呭€鎶,7鏈堝唴鍏呭€鎶,,,,NO,MANUAL_REVIEW,至少一个受影响字段无法整字段安全转换，或完整源行不可读/不可定位，或存在复合断言
UA2-00819,user-agent,docs/PRD-用户体系.md,source_section,2.2.6 鍏呭€`/console/recharge`,批量优惠,批量优惠,,,gb18030->utf8 x1,NO,MANUAL_REVIEW,至少一个受影响字段无法整字段安全转换，或完整源行不可读/不可定位，或存在复合断言
UA2-00820,user-agent,docs/PRD-用户体系.md,source_section;source_quote;atomic_assertion,2.2.6 鍏呭€`/console/recharge`,绯荤粺閰嶇疆锛堜粎瀵瑰叕杞处锛墊 瀵瑰叕杞处鈮ヂ000浜6鎶,绯荤粺閰嶇疆锛堜粎瀵瑰叕杞处锛墊 瀵瑰叕杞处鈮ヂ000浜6鎶,,,,NO,MANUAL_REVIEW,至少一个受影响字段无法整字段安全转换，或完整源行不可读/不可定位，或存在复合断言
UA2-00821,user-agent,docs/PRD-用户体系.md,source_section;source_quote;atomic_assertion,2.2.6 鍏呭€`/console/recharge`,**对公转账流程**,**对公转账流程**,1188,,gb18030->utf8 x1,NO,MANUAL_REVIEW,至少一个受影响字段无法整字段安全转换，或完整源行不可读/不可定位，或存在复合断言
UA2-00822,user-agent,docs/PRD-用户体系.md,source_section;source_quote;atomic_assertion,2.2.7 消费明细 / 余额变动 `/console/transactions`,**消费明细列表**,**消费明细列表**,1203,1201,gb18030->utf8 x1,NO,REVIEW_CANDIDATE,所有受影响字段均完成整字段可逆转换，且引用/章节可定位；仍需人工确认
UA2-00823,user-agent,docs/PRD-用户体系.md,source_section,2.2.7 消费明细 / 余额变动 `/console/transactions`,时间,时间,84;297;857;858;991;1207;1220,1201,gb18030->utf8 x1,NO,REVIEW_CANDIDATE,所有受影响字段均完成整字段可逆转换，且引用/章节可定位；仍需人工确认
UA2-00824,user-agent,docs/PRD-用户体系.md,source_section,2.2.7 消费明细 / 余额变动 `/console/transactions`,`2026-07-26 11:35:00.123`,`2026-07-26 11:35:00.123`,1207,1201,gb18030->utf8 x1,NO,REVIEW_CANDIDATE,所有受影响字段均完成整字段可逆转换，且引用/章节可定位；仍需人工确认
UA2-00825,user-agent,docs/PRD-用户体系.md,source_section,2.2.7 消费明细 / 余额变动 `/console/transactions`,模型,模型,724;732;1052;1208;1279,1201,gb18030->utf8 x1,NO,REVIEW_CANDIDATE,所有受影响字段均完成整字段可逆转换，且引用/章节可定位；仍需人工确认
UA2-00826,user-agent,docs/PRD-用户体系.md,source_section,2.2.7 消费明细 / 余额变动 `/console/transactions`,`deepseek-chat`,`deepseek-chat`,1208,1201,gb18030->utf8 x1,NO,REVIEW_CANDIDATE,所有受影响字段均完成整字段可逆转换，且引用/章节可定位；仍需人工确认
UA2-00827,user-agent,docs/PRD-用户体系.md,source_section,2.2.7 消费明细 / 余额变动 `/console/transactions`,Key,Key,28;96;354;777;779;805;824;838;863;933;947;970;1014,1201,gb18030->utf8 x1,NO,REVIEW_CANDIDATE,所有受影响字段均完成整字段可逆转换，且引用/章节可定位；仍需人工确认
UA2-00828,user-agent,docs/PRD-用户体系.md,source_section;source_quote;atomic_assertion,2.2.7 消费明细 / 余额变动 `/console/transactions`,璋冪敤鎵€浣跨敤鐨Key 鍒悕,璋冪敤鎵€浣跨敤鐨Key 鍒悕,,1201,gb18030->utf8 x1,NO,MANUAL_REVIEW,至少一个受影响字段无法整字段安全转换，或完整源行不可读/不可定位，或存在复合断言
UA2-00829,user-agent,docs/PRD-用户体系.md,source_section,2.2.7 消费明细 / 余额变动 `/console/transactions`,Token,Token,137;290;316;613;725;733;973;994;1210,1201,gb18030->utf8 x1,NO,REVIEW_CANDIDATE,所有受影响字段均完成整字段可逆转换，且引用/章节可定位；仍需人工确认
UA2-00830,user-agent,docs/PRD-用户体系.md,source_section,2.2.7 消费明细 / 余额变动 `/console/transactions`,`输入:234 / 输出:567`,`输入:234 / 输出:567`,1210,1201,gb18030->utf8 x1,NO,REVIEW_CANDIDATE,所有受影响字段均完成整字段可逆转换，且引用/章节可定位；仍需人工确认
UA2-00831,user-agent,docs/PRD-用户体系.md,source_section,2.2.7 消费明细 / 余额变动 `/console/transactions`,单价,单价,1211,1201,gb18030->utf8 x1,NO,REVIEW_CANDIDATE,所有受影响字段均完成整字段可逆转换，且引用/章节可定位；仍需人工确认
UA2-00832,user-agent,docs/PRD-用户体系.md,source_section,2.2.7 消费明细 / 余额变动 `/console/transactions`,"`¥0.002/1K in, ¥0.008/1K out`","`¥0.002/1K in, ¥0.008/1K out`",1211,1201,gb18030->utf8 x1,NO,REVIEW_CANDIDATE,所有受影响字段均完成整字段可逆转换，且引用/章节可定位；仍需人工确认
UA2-00833,user-agent,docs/PRD-用户体系.md,source_section,2.2.7 消费明细 / 余额变动 `/console/transactions`,费用,费用,727;735;974;996;1212,1201,gb18030->utf8 x1,NO,REVIEW_CANDIDATE,所有受影响字段均完成整字段可逆转换，且引用/章节可定位；仍需人工确认
UA2-00834,user-agent,docs/PRD-用户体系.md,source_section,2.2.7 消费明细 / 余额变动 `/console/transactions`,`¥0.0123`,`¥0.0123`,996;1212,1201,gb18030->utf8 x1,NO,REVIEW_CANDIDATE,所有受影响字段均完成整字段可逆转换，且引用/章节可定位；仍需人工确认
UA2-00835,user-agent,docs/PRD-用户体系.md,source_section;source_quote;atomic_assertion,2.2.7 消费明细 / 余额变动 `/console/transactions`,浣欓鍙樺姩鍚,浣欓鍙樺姩鍚,,1201,gb18030->utf8 x1,NO,MANUAL_REVIEW,至少一个受影响字段无法整字段安全转换，或完整源行不可读/不可定位，或存在复合断言
UA2-00836,user-agent,docs/PRD-用户体系.md,source_section,2.2.7 消费明细 / 余额变动 `/console/transactions`,`楼234.50 鈫楼234.4877`,`楼234.50 鈫楼234.4877`,,1201,gb18030->utf8 x1,NO,MANUAL_REVIEW,至少一个受影响字段无法整字段安全转换，或完整源行不可读/不可定位，或存在复合断言
UA2-00837,user-agent,docs/PRD-用户体系.md,source_section;source_quote;atomic_assertion,2.2.7 消费明细 / 余额变动 `/console/transactions`,| 请求 ID | `req_xxxxx`（可复制）|,| 请求 ID | `req_xxxxx`（可复制）|,1214,1201,gb18030->utf8 x1,NO,REVIEW_CANDIDATE,所有受影响字段均完成整字段可逆转换，且引用/章节可定位；仍需人工确认
UA2-00838,user-agent,docs/PRD-用户体系.md,source_section;source_quote;atomic_assertion,2.2.7 消费明细 / 余额变动 `/console/transactions`,**余额变动流水**,**余额变动流水**,1216,1201,gb18030->utf8 x1,NO,REVIEW_CANDIDATE,所有受影响字段均完成整字段可逆转换，且引用/章节可定位；仍需人工确认
UA2-00839,user-agent,docs/PRD-用户体系.md,source_section,2.2.7 消费明细 / 余额变动 `/console/transactions`,说明,说明,40;52;743;753;1022,1201,gb18030->utf8 x1,NO,REVIEW_CANDIDATE,所有受影响字段均完成整字段可逆转换，且引用/章节可定位；仍需人工确认
UA2-00841,user-agent,docs/PRD-用户体系.md,source_section,2.2.7 消费明细 / 余额变动 `/console/transactions`,`2026-07-26 11:35`,`2026-07-26 11:35`,1220,1201,gb18030->utf8 x1,NO,REVIEW_CANDIDATE,所有受影响字段均完成整字段可逆转换，且引用/章节可定位；仍需人工确认
UA2-00842,user-agent,docs/PRD-用户体系.md,source_section,2.2.7 消费明细 / 余额变动 `/console/transactions`,类型,类型,77;78;292;1095,1201,gb18030->utf8 x1,NO,REVIEW_CANDIDATE,所有受影响字段均完成整字段可逆转换，且引用/章节可定位；仍需人工确认
UA2-00843,user-agent,docs/PRD-用户体系.md,source_section;source_quote;atomic_assertion,2.2.7 消费明细 / 余额变动 `/console/transactions`,鍏呭€/ 娑堣垂 / 閫€娆/ 绠＄悊鍛樿皟鏁/ 娲诲姩鍙戞斁,鍏呭€/ 娑堣垂 / 閫€娆/ 绠＄悊鍛樿皟鏁/ 娲诲姩鍙戞斁,,1201,gb18030->utf8 x1,NO,MANUAL_REVIEW,至少一个受影响字段无法整字段安全转换，或完整源行不可读/不可定位，或存在复合断言
UA2-00844,user-agent,docs/PRD-用户体系.md,source_section;source_quote;atomic_assertion,2.2.7 消费明细 / 余额变动 `/console/transactions`,变动金额,变动金额,1222,1201,gb18030->utf8 x1,NO,REVIEW_CANDIDATE,所有受影响字段均完成整字段可逆转换，且引用/章节可定位；仍需人工确认
UA2-00845,user-agent,docs/PRD-用户体系.md,source_section,2.2.7 消费明细 / 余额变动 `/console/transactions`,`+¥100.00` / `-¥0.0123`,`+¥100.00` / `-¥0.0123`,,1201,gb18030->utf8 x1,NO,MANUAL_REVIEW,至少一个受影响字段无法整字段安全转换，或完整源行不可读/不可定位，或存在复合断言
UA2-00846,user-agent,docs/PRD-用户体系.md,source_section,2.2.7 消费明细 / 余额变动 `/console/transactions`,鍙樺姩鍓嶄綑棰,鍙樺姩鍓嶄綑棰,1223,1201,gb18030->utf8 x1,NO,REVIEW_CANDIDATE,所有受影响字段均完成整字段可逆转换，且引用/章节可定位；仍需人工确认
UA2-00847,user-agent,docs/PRD-用户体系.md,source_section,2.2.7 消费明细 / 余额变动 `/console/transactions`,`¥134.50`,`¥134.50`,1223,1201,gb18030->utf8 x1,NO,REVIEW_CANDIDATE,所有受影响字段均完成整字段可逆转换，且引用/章节可定位；仍需人工确认
UA2-00848,user-agent,docs/PRD-用户体系.md,source_section,2.2.7 消费明细 / 余额变动 `/console/transactions`,鍙樺姩鍚庝綑棰,鍙樺姩鍚庝綑棰,1224,1201,gb18030->utf8 x1,NO,REVIEW_CANDIDATE,所有受影响字段均完成整字段可逆转换，且引用/章节可定位；仍需人工确认
UA2-00849,user-agent,docs/PRD-用户体系.md,source_section,2.2.7 消费明细 / 余额变动 `/console/transactions`,`¥234.50`,`¥234.50`,1224,1201,gb18030->utf8 x1,NO,REVIEW_CANDIDATE,所有受影响字段均完成整字段可逆转换，且引用/章节可定位；仍需人工确认
UA2-00851,user-agent,docs/PRD-用户体系.md,source_section;source_quote;atomic_assertion,2.2.7 消费明细 / 余额变动 `/console/transactions`,鍏呭€煎埌璐/ 妯″瀷璋冪敤 / 娲诲姩璧犻€绛,鍏呭€煎埌璐/ 妯″瀷璋冪敤 / 娲诲姩璧犻€绛,,1201,gb18030->utf8 x1,NO,MANUAL_REVIEW,至少一个受影响字段无法整字段安全转换，或完整源行不可读/不可定位，或存在复合断言
UA2-00852,user-agent,docs/PRD-用户体系.md,source_section;source_quote;atomic_assertion,2.2.7 消费明细 / 余额变动 `/console/transactions`,**鏃鏈堟眹鎬*,**鏃鏈堟眹鎬*,,1201,gb18030->utf8 x1,NO,MANUAL_REVIEW,至少一个受影响字段无法整字段安全转换，或完整源行不可读/不可定位，或存在复合断言
UA2-00855,user-agent,docs/PRD-用户体系.md,source_quote;atomic_assertion,2.2.8 鍏戞崲鐮`/console/redemption`,浣欓鐮,浣欓鐮,,1239,,NO,MANUAL_REVIEW,至少一个受影响字段无法整字段安全转换，或完整源行不可读/不可定位，或存在复合断言
UA2-00857,user-agent,docs/PRD-用户体系.md,source_quote;atomic_assertion,2.2.8 鍏戞崲鐮`/console/redemption`,直接增加账户余额,直接增加账户余额,,1239,gb18030->utf8 x1,NO,MANUAL_REVIEW,至少一个受影响字段无法整字段安全转换，或完整源行不可读/不可定位，或存在复合断言
UA2-00859,user-agent,docs/PRD-用户体系.md,source_quote;atomic_assertion,2.2.8 鍏戞崲鐮`/console/redemption`,7 澶╂棤闄愰噺 / 1000 娆/ 10 涓Token,7 澶╂棤闄愰噺 / 1000 娆/ 10 涓Token,,1239,,NO,MANUAL_REVIEW,至少一个受影响字段无法整字段安全转换，或完整源行不可读/不可定位，或存在复合断言
UA2-00860,user-agent,docs/PRD-用户体系.md,source_quote;atomic_assertion,2.2.8 鍏戞崲鐮`/console/redemption`,限时/限量体验权限,限时/限量体验权限,,1239,gb18030->utf8 x1,NO,MANUAL_REVIEW,至少一个受影响字段无法整字段安全转换，或完整源行不可读/不可定位，或存在复合断言
UA2-00865,user-agent,docs/PRD-用户体系.md,source_quote;atomic_assertion,2.2.8 鍏戞崲鐮`/console/redemption`,浣欓 楼10 + 7 澶╀綋楠,浣欓 楼10 + 7 澶╀綋楠,,1239,,NO,MANUAL_REVIEW,至少一个受影响字段无法整字段安全转换，或完整源行不可读/不可定位，或存在复合断言
UA2-00867,user-agent,docs/PRD-用户体系.md,source_quote;atomic_assertion,2.2.9 发票 `/console/invoices`,**发票申请流程**,**发票申请流程**,1286,1284,gb18030->utf8 x1,NO,REVIEW_CANDIDATE,所有受影响字段均完成整字段可逆转换，且引用/章节可定位；仍需人工确认
UA2-00868,user-agent,docs/PRD-用户体系.md,source_quote;atomic_assertion,2.2.9 发票 `/console/invoices`,**字段规格**,**字段规格**,128;166;201;530;1297,1284,gb18030->utf8 x1,NO,REVIEW_CANDIDATE,所有受影响字段均完成整字段可逆转换，且引用/章节可定位；仍需人工确认
UA2-00869,user-agent,docs/PRD-用户体系.md,source_quote;atomic_assertion,2.2.9 发票 `/console/invoices`,发票抬头,发票抬头,1301,1284,gb18030->utf8 x1,NO,REVIEW_CANDIDATE,所有受影响字段均完成整字段可逆转换，且引用/章节可定位；仍需人工确认
UA2-00871,user-agent,docs/PRD-用户体系.md,source_quote;atomic_assertion,2.2.9 发票 `/console/invoices`,企业/个人，企业抬头需匹配营业执照,企业/个人，企业抬头需匹配营业执照,1301,1284,gb18030->utf8 x1,NO,REVIEW_CANDIDATE,所有受影响字段均完成整字段可逆转换，且引用/章节可定位；仍需人工确认
UA2-00874,user-agent,docs/PRD-用户体系.md,source_quote;atomic_assertion,2.2.9 发票 `/console/invoices`,企业发票必填，格式校验（15/18/20位）,企业发票必填，格式校验（15/18/20位）,1302,1284,gb18030->utf8 x1,NO,REVIEW_CANDIDATE,所有受影响字段均完成整字段可逆转换，且引用/章节可定位；仍需人工确认
UA2-00877,user-agent,docs/PRD-用户体系.md,source_quote;atomic_assertion,2.2.9 发票 `/console/invoices`,澧炲€肩◣鏅€氬彂绁/ 澧炲€肩◣涓撶敤鍙戠エ,澧炲€肩◣鏅€氬彂绁/ 澧炲€肩◣涓撶敤鍙戠エ,,1284,gb18030->utf8 x1,NO,MANUAL_REVIEW,至少一个受影响字段无法整字段安全转换，或完整源行不可读/不可定位，或存在复合断言
UA2-00880,user-agent,docs/PRD-用户体系.md,source_quote;atomic_assertion,2.2.9 发票 `/console/invoices`,鍙閫夛紝鍚堣閲戦姹囨€,鍙閫夛紝鍚堣閲戦姹囨€,,1284,gb18030->utf8 x1,NO,MANUAL_REVIEW,至少一个受影响字段无法整字段安全转换，或完整源行不可读/不可定位，或存在复合断言
UA2-00881,user-agent,docs/PRD-用户体系.md,source_quote;atomic_assertion,2.2.9 发票 `/console/invoices`,寮€绁ㄩ噾棰,寮€绁ㄩ噾棰,,1284,gb18030->utf8 x1,NO,MANUAL_REVIEW,至少一个受影响字段无法整字段安全转换，或完整源行不可读/不可定位，或存在复合断言
UA2-00883,user-agent,docs/PRD-用户体系.md,source_quote;atomic_assertion,2.2.9 发票 `/console/invoices`,閫変腑鏈堜唤鐨勬秷璐规€诲拰,閫変腑鏈堜唤鐨勬秷璐规€诲拰,,1284,gb18030->utf8 x1,NO,MANUAL_REVIEW,至少一个受影响字段无法整字段安全转换，或完整源行不可读/不可定位，或存在复合断言
UA2-00884,user-agent,docs/PRD-用户体系.md,source_quote;atomic_assertion,2.2.9 发票 `/console/invoices`,收件邮箱,收件邮箱,,1284,gb18030->utf8 x1,NO,MANUAL_REVIEW,至少一个受影响字段无法整字段安全转换，或完整源行不可读/不可定位，或存在复合断言
UA2-00886,user-agent,docs/PRD-用户体系.md,source_quote;atomic_assertion,2.2.9 发票 `/console/invoices`,鐢靛瓙鍙戠エ鍙戦€佸湴鍧€,鐢靛瓙鍙戠エ鍙戦€佸湴鍧€,,1284,gb18030->utf8 x1,NO,MANUAL_REVIEW,至少一个受影响字段无法整字段安全转换，或完整源行不可读/不可定位，或存在复合断言
UA2-00889,user-agent,docs/PRD-用户体系.md,source_quote;atomic_assertion,2.2.9 发票 `/console/invoices`,纸质发票邮寄地址（专票必填）,纸质发票邮寄地址（专票必填）,1307,1284,gb18030->utf8 x1,NO,REVIEW_CANDIDATE,所有受影响字段均完成整字段可逆转换，且引用/章节可定位；仍需人工确认
UA2-00890,user-agent,docs/PRD-用户体系.md,source_quote;atomic_assertion,2.2.9 发票 `/console/invoices`,蹇€掑崟鍙,蹇€掑崟鍙,,1284,gb18030->utf8 x1,NO,MANUAL_REVIEW,至少一个受影响字段无法整字段安全转换，或完整源行不可读/不可定位，或存在复合断言
UA2-00892,user-agent,docs/PRD-用户体系.md,source_quote;atomic_assertion,2.2.9 发票 `/console/invoices`,财务填写，纸质发票邮寄后填写,财务填写，纸质发票邮寄后填写,,1284,gb18030->utf8 x1,NO,MANUAL_REVIEW,至少一个受影响字段无法整字段安全转换，或完整源行不可读/不可定位，或存在复合断言
UA2-00893,user-agent,docs/PRD-用户体系.md,source_quote;atomic_assertion,2.2.9 发票 `/console/invoices`,配置,配置,28;35;93;143;190;284;619;1181,1284,gb18030->utf8 x1,NO,REVIEW_CANDIDATE,所有受影响字段均完成整字段可逆转换，且引用/章节可定位；仍需人工确认
UA2-00894,user-agent,docs/PRD-用户体系.md,source_quote;atomic_assertion,2.2.9 发票 `/console/invoices`,榛樿鍊,榛樿鍊,,1284,gb18030->utf8 x1,NO,MANUAL_REVIEW,至少一个受影响字段无法整字段安全转换，或完整源行不可读/不可定位，或存在复合断言
UA2-00898,user-agent,docs/PRD-用户体系.md,source_quote;atomic_assertion,2.2.9 发票 `/console/invoices`,鏈€浣庡紑绁ㄩ噾棰,鏈€浣庡紑绁ㄩ噾棰,,1284,gb18030->utf8 x1,NO,MANUAL_REVIEW,至少一个受影响字段无法整字段安全转换，或完整源行不可读/不可定位，或存在复合断言
UA2-00899,user-agent,docs/PRD-用户体系.md,source_quote;atomic_assertion,2.2.9 发票 `/console/invoices`,| `invoice_fee_percent` | 0% | 寮€绁ㄦ墜缁垂锛堝彲璁剧櫨鍒嗘瘮锛墊,| `invoice_fee_percent` | 0% | 寮€绁ㄦ墜缁垂锛堝彲璁剧櫨鍒嗘瘮锛墊,,1284,gb18030->utf8 x1,NO,MANUAL_REVIEW,至少一个受影响字段无法整字段安全转换，或完整源行不可读/不可定位，或存在复合断言
UA2-00901,user-agent,docs/PRD-用户体系.md,source_quote;atomic_assertion,2.2.9 发票 `/console/invoices`,鏈€澶氬悎骞跺灏戜釜鏈堜唤,鏈€澶氬悎骞跺灏戜釜鏈堜唤,,1284,gb18030->utf8 x1,NO,MANUAL_REVIEW,至少一个受影响字段无法整字段安全转换，或完整源行不可读/不可定位，或存在复合断言
UA2-00904,user-agent,docs/PRD-用户体系.md,source_quote;atomic_assertion,2.2.9 发票 `/console/invoices`,处理逻辑,处理逻辑,1320,1284,gb18030->utf8 x1,NO,REVIEW_CANDIDATE,所有受影响字段均完成整字段可逆转换，且引用/章节可定位；仍需人工确认
UA2-00905,user-agent,docs/PRD-用户体系.md,source_quote;atomic_assertion,2.2.9 发票 `/console/invoices`,| 鐢ㄦ埛鏈疄鍚|| 鎻愮ず,| 鐢ㄦ埛鏈疄鍚|| 鎻愮ず,,1284,gb18030->utf8 x1,NO,MANUAL_REVIEW,至少一个受影响字段无法整字段安全转换，或完整源行不可读/不可定位，或存在复合断言
UA2-00913,user-agent,docs/PRD-代理商体系.md,source_quote;atomic_assertion,文档正文,馃搸 **娣卞寲鍙傝€?*锛歔`docs/ref-3-agent-system.md`](ref-3-agent-system.md) 鈥?鍚笁绾у鏍告祦绋嬨€佷剑閲戣鍒?API銆佹彁鐜板弻瀹″畬鏁磋鏍笺€佷唬鐞嗙浠〃鐩?KPI銆佺粨绠楀璐﹀紩鎿?,馃搸 **娣卞寲鍙傝€?*锛歔`docs/ref-3-agent-system.md`](ref-3-agent-system.md) 鈥?鍚笁绾у鏍告祦绋嬨€佷剑閲戣鍒?API銆佹彁鐜板弻瀹″畬鏁磋鏍笺€佷唬鐞嗙浠〃鐩?KPI銆佺粨绠楀璐﹀紩鎿?,,,,NO,MANUAL_REVIEW,至少一个受影响字段无法整字段安全转换，或完整源行不可读/不可定位，或存在复合断言
UA2-00914,user-agent,docs/PRD-代理商体系.md,source_quote;atomic_assertion,3.1 代理商层级与权益,预备代理,预备代理,,9,gb18030->utf8 x1,NO,MANUAL_REVIEW,至少一个受影响字段无法整字段安全转换，或完整源行不可读/不可定位，或存在复合断言
UA2-00916,user-agent,docs/PRD-代理商体系.md,source_quote;atomic_assertion,3.1 代理商层级与权益,可查看佣金规则，不能提现,可查看佣金规则，不能提现,,9,gb18030->utf8 x1,NO,MANUAL_REVIEW,至少一个受影响字段无法整字段安全转换，或完整源行不可读/不可定位，或存在复合断言
UA2-00917,user-agent,docs/PRD-代理商体系.md,source_quote;atomic_assertion,3.1 代理商层级与权益,自动,自动,3,9,gb18030->utf8 x1,NO,REVIEW_CANDIDATE,所有受影响字段均完成整字段可逆转换，且引用/章节可定位；仍需人工确认
UA2-00918,user-agent,docs/PRD-代理商体系.md,source_quote;atomic_assertion,3.1 代理商层级与权益,涓€绾т唬鐞?,涓€绾т唬鐞?,,9,gb18030->utf8 x1,NO,MANUAL_REVIEW,至少一个受影响字段无法整字段安全转换，或完整源行不可读/不可定位，或存在复合断言
UA2-00919,user-agent,docs/PRD-代理商体系.md,source_quote;atomic_assertion,3.1 代理商层级与权益,实名+资质审核,实名+资质审核,,9,gb18030->utf8 x1,NO,MANUAL_REVIEW,至少一个受影响字段无法整字段安全转换，或完整源行不可读/不可定位，或存在复合断言
UA2-00920,user-agent,docs/PRD-代理商体系.md,source_quote;atomic_assertion,3.1 代理商层级与权益,鍏ㄥ姛鑳戒唬鐞嗛潰鏉裤€佽嚜瀹氫箟浣ｉ噾銆佸彲鎻愮幇,鍏ㄥ姛鑳戒唬鐞嗛潰鏉裤€佽嚜瀹氫箟浣ｉ噾銆佸彲鎻愮幇,,9,gb18030->utf8 x1,NO,MANUAL_REVIEW,至少一个受影响字段无法整字段安全转换，或完整源行不可读/不可定位，或存在复合断言
UA2-00925,user-agent,docs/PRD-代理商体系.md,source_quote;atomic_assertion,3.1 代理商层级与权益,涓撳睘瀹㈡埛缁忕悊銆佷紭鍏堟敮鎸併€侀樁姊剑閲?,涓撳睘瀹㈡埛缁忕悊銆佷紭鍏堟敮鎸併€侀樁姊剑閲?,,9,gb18030->utf8 x1,NO,MANUAL_REVIEW,至少一个受影响字段无法整字段安全转换，或完整源行不可读/不可定位，或存在复合断言
UA2-00930,user-agent,docs/PRD-代理商体系.md,source_quote;atomic_assertion,3.1 代理商层级与权益,管理名下用户,管理名下用户,,9,gb18030->utf8 x1,NO,MANUAL_REVIEW,至少一个受影响字段无法整字段安全转换，或完整源行不可读/不可定位，或存在复合断言
UA2-00933,user-agent,docs/PRD-代理商体系.md,source_section,3.2 代理佣金规则配置,**佣金计算方式**,**佣金计算方式**,20,18,gb18030->utf8 x1,NO,REVIEW_CANDIDATE,所有受影响字段均完成整字段可逆转换，且引用/章节可定位；仍需人工确认
UA2-00934,user-agent,docs/PRD-代理商体系.md,source_section;source_quote;atomic_assertion,3.2 代理佣金规则配置,固定比例,固定比例,,18,gb18030->utf8 x1,NO,MANUAL_REVIEW,至少一个受影响字段无法整字段安全转换，或完整源行不可读/不可定位，或存在复合断言
UA2-00935,user-agent,docs/PRD-代理商体系.md,source_section;source_quote;atomic_assertion,3.2 代理佣金规则配置,鐢ㄦ埛娑堣垂 脳 浣ｉ噾鐜?,鐢ㄦ埛娑堣垂 脳 浣ｉ噾鐜?,,18,gb18030->utf8 x1,NO,MANUAL_REVIEW,至少一个受影响字段无法整字段安全转换，或完整源行不可读/不可定位，或存在复合断言
UA2-00936,user-agent,docs/PRD-代理商体系.md,source_section,3.2 代理佣金规则配置,通用场景,通用场景,,18,gb18030->utf8 x1,NO,MANUAL_REVIEW,至少一个受影响字段无法整字段安全转换，或完整源行不可读/不可定位，或存在复合断言
UA2-00937,user-agent,docs/PRD-代理商体系.md,source_section;source_quote;atomic_assertion,3.2 代理佣金规则配置,阶梯比例,阶梯比例,,18,gb18030->utf8 x1,NO,MANUAL_REVIEW,至少一个受影响字段无法整字段安全转换，或完整源行不可读/不可定位，或存在复合断言
UA2-00938,user-agent,docs/PRD-代理商体系.md,source_section,3.2 代理佣金规则配置,"鏈堟秷璐?楼0-1000: 5%, 楼1000-5000: 8%, >5000: 12%","鏈堟秷璐?楼0-1000: 5%, 楼1000-5000: 8%, >5000: 12%",,18,gb18030->utf8 x1,NO,MANUAL_REVIEW,至少一个受影响字段无法整字段安全转换，或完整源行不可读/不可定位，或存在复合断言
UA2-00939,user-agent,docs/PRD-代理商体系.md,source_section;source_quote;atomic_assertion,3.2 代理佣金规则配置,婵€鍔卞ぇ浠ｇ悊,婵€鍔卞ぇ浠ｇ悊,,18,gb18030->utf8 x1,NO,MANUAL_REVIEW,至少一个受影响字段无法整字段安全转换，或完整源行不可读/不可定位，或存在复合断言
UA2-00940,user-agent,docs/PRD-代理商体系.md,source_section;source_quote;atomic_assertion,3.2 代理佣金规则配置,固定金额,固定金额,,18,gb18030->utf8 x1,NO,MANUAL_REVIEW,至少一个受影响字段无法整字段安全转换，或完整源行不可读/不可定位，或存在复合断言
UA2-00941,user-agent,docs/PRD-代理商体系.md,source_section,3.2 代理佣金规则配置,姣?Token 楼X 鍥哄畾浣ｉ噾,姣?Token 楼X 鍥哄畾浣ｉ噾,,18,gb18030->utf8 x1,NO,MANUAL_REVIEW,至少一个受影响字段无法整字段安全转换，或完整源行不可读/不可定位，或存在复合断言
UA2-00942,user-agent,docs/PRD-代理商体系.md,source_section,3.2 代理佣金规则配置,楂樺埄娑︽ā鍨?,楂樺埄娑︽ā鍨?,,18,gb18030->utf8 x1,NO,MANUAL_REVIEW,至少一个受影响字段无法整字段安全转换，或完整源行不可读/不可定位，或存在复合断言
UA2-00943,user-agent,docs/PRD-代理商体系.md,source_section,3.2 代理佣金规则配置,混合,混合,,18,gb18030->utf8 x1,NO,MANUAL_REVIEW,至少一个受影响字段无法整字段安全转换，或完整源行不可读/不可定位，或存在复合断言
UA2-00944,user-agent,docs/PRD-代理商体系.md,source_section;source_quote;atomic_assertion,3.2 代理佣金规则配置,按模型分别设置不同佣金率,按模型分别设置不同佣金率,27,18,gb18030->utf8 x1,NO,REVIEW_CANDIDATE,所有受影响字段均完成整字段可逆转换，且引用/章节可定位；仍需人工确认
UA2-00945,user-agent,docs/PRD-代理商体系.md,source_section;source_quote;atomic_assertion,3.2 代理佣金规则配置,精细运营,精细运营,27,18,gb18030->utf8 x1,NO,REVIEW_CANDIDATE,所有受影响字段均完成整字段可逆转换，且引用/章节可定位；仍需人工确认
UA2-00946,user-agent,docs/PRD-代理商体系.md,source_section;source_quote;atomic_assertion,3.2 代理佣金规则配置,**规则配置界面**,**规则配置界面**,29,18,gb18030->utf8 x1,NO,REVIEW_CANDIDATE,所有受影响字段均完成整字段可逆转换，且引用/章节可定位；仍需人工确认
UA2-00947,user-agent,docs/PRD-代理商体系.md,source_section;source_quote;atomic_assertion,3.2 代理佣金规则配置,**佣金规则变更审计**,**佣金规则变更审计**,48,18,gb18030->utf8 x1,NO,REVIEW_CANDIDATE,所有受影响字段均完成整字段可逆转换，且引用/章节可定位；仍需人工确认
UA2-00948,user-agent,docs/PRD-代理商体系.md,source_section;source_quote;atomic_assertion,3.2 代理佣金规则配置,姣忔淇敼浣ｉ噾鐜囪褰曪細淇敼鍓嶅€?鈫?淇敼鍚庡€笺€佹搷浣滀汉銆佹椂闂?,姣忔淇敼浣ｉ噾鐜囪褰曪細淇敼鍓嶅€?鈫?淇敼鍚庡€笺€佹搷浣滀汉銆佹椂闂?,,18,gb18030->utf8 x1,NO,MANUAL_REVIEW,至少一个受影响字段无法整字段安全转换，或完整源行不可读/不可定位，或存在复合断言
UA2-00949,user-agent,docs/PRD-代理商体系.md,source_section;source_quote;atomic_assertion,3.2 代理佣金规则配置,浣ｉ噾鐜囧彉鏇村奖鍝嶅凡浜х敓鐨勪剑閲戝悧锛熲啋 榛樿涓嶅奖鍝嶏紙浠呮柊娑堣垂鎸夋柊瑙勫垯锛夛紝鍙嬀閫?杩芥湐鍒版湰鏈?1 鏃?,浣ｉ噾鐜囧彉鏇村奖鍝嶅凡浜х敓鐨勪剑閲戝悧锛熲啋 榛樿涓嶅奖鍝嶏紙浠呮柊娑堣垂鎸夋柊瑙勫垯锛夛紝鍙嬀閫?杩芥湐鍒版湰鏈?1 鏃?,,18,gb18030->utf8 x1,NO,MANUAL_REVIEW,至少一个受影响字段无法整字段安全转换，或完整源行不可读/不可定位，或存在复合断言
UA2-00950,user-agent,docs/PRD-代理商体系.md,source_section,3.3 代理端仪表盘,**核心指标**,**核心指标**,56,54,gb18030->utf8 x1,NO,REVIEW_CANDIDATE,所有受影响字段均完成整字段可逆转换，且引用/章节可定位；仍需人工确认
UA2-00951,user-agent,docs/PRD-代理商体系.md,source_section;source_quote;atomic_assertion,3.3 代理端仪表盘,总客户数,总客户数,,54,gb18030->utf8 x1,NO,MANUAL_REVIEW,至少一个受影响字段无法整字段安全转换，或完整源行不可读/不可定位，或存在复合断言
UA2-00952,user-agent,docs/PRD-代理商体系.md,source_section;source_quote;atomic_assertion,3.3 代理端仪表盘,`COUNT(名下用户)`,`COUNT(名下用户)`,,54,gb18030->utf8 x1,NO,MANUAL_REVIEW,至少一个受影响字段无法整字段安全转换，或完整源行不可读/不可定位，或存在复合断言
UA2-00953,user-agent,docs/PRD-代理商体系.md,source_section;source_quote;atomic_assertion,3.3 代理端仪表盘,鏁板€?+ 鏈湀鏂板,鏁板€?+ 鏈湀鏂板,,54,gb18030->utf8 x1,NO,MANUAL_REVIEW,至少一个受影响字段无法整字段安全转换，或完整源行不可读/不可定位，或存在复合断言
UA2-00954,user-agent,docs/PRD-代理商体系.md,source_section;source_quote;atomic_assertion,3.3 代理端仪表盘,鏈湀鎬绘秷璐?,鏈湀鎬绘秷璐?,,54,gb18030->utf8 x1,NO,MANUAL_REVIEW,至少一个受影响字段无法整字段安全转换，或完整源行不可读/不可定位，或存在复合断言
UA2-00955,user-agent,docs/PRD-代理商体系.md,source_section;source_quote;atomic_assertion,3.3 代理端仪表盘,`SUM(名下用户当月消费)`,`SUM(名下用户当月消费)`,,54,gb18030->utf8 x1,NO,MANUAL_REVIEW,至少一个受影响字段无法整字段安全转换，或完整源行不可读/不可定位，或存在复合断言
UA2-00956,user-agent,docs/PRD-代理商体系.md,source_section,3.3 代理端仪表盘,¥ 格式,¥ 格式,,54,gb18030->utf8 x1,NO,MANUAL_REVIEW,至少一个受影响字段无法整字段安全转换，或完整源行不可读/不可定位，或存在复合断言
UA2-00957,user-agent,docs/PRD-代理商体系.md,source_section;source_quote;atomic_assertion,3.3 代理端仪表盘,本月佣金收入,本月佣金收入,,54,gb18030->utf8 x1,NO,MANUAL_REVIEW,至少一个受影响字段无法整字段安全转换，或完整源行不可读/不可定位，或存在复合断言
UA2-00958,user-agent,docs/PRD-代理商体系.md,source_section;source_quote;atomic_assertion,3.3 代理端仪表盘,`SUM(褰撴湀浜х敓鐨勪剑閲?`,`SUM(褰撴湀浜х敓鐨勪剑閲?`,,54,gb18030->utf8 x1,NO,MANUAL_REVIEW,至少一个受影响字段无法整字段安全转换，或完整源行不可读/不可定位，或存在复合断言
UA2-00960,user-agent,docs/PRD-代理商体系.md,source_section,3.3 代理端仪表盘,寰呯粨绠楅噾棰?,寰呯粨绠楅噾棰?,,54,gb18030->utf8 x1,NO,MANUAL_REVIEW,至少一个受影响字段无法整字段安全转换，或完整源行不可读/不可定位，或存在复合断言
UA2-00961,user-agent,docs/PRD-代理商体系.md,source_section;source_quote;atomic_assertion,3.3 代理端仪表盘,已产生但未结算的佣金总额,已产生但未结算的佣金总额,,54,gb18030->utf8 x1,NO,MANUAL_REVIEW,至少一个受影响字段无法整字段安全转换，或完整源行不可读/不可定位，或存在复合断言
UA2-00963,user-agent,docs/PRD-代理商体系.md,source_section;source_quote;atomic_assertion,3.3 代理端仪表盘,鍙彁鐜颁綑棰?,鍙彁鐜颁綑棰?,,54,gb18030->utf8 x1,NO,MANUAL_REVIEW,至少一个受影响字段无法整字段安全转换，或完整源行不可读/不可定位，或存在复合断言
UA2-00964,user-agent,docs/PRD-代理商体系.md,source_section,3.3 代理端仪表盘,`agent_balance.withdrawable`,`agent_balance.withdrawable`,,54,gb18030->utf8 x1,NO,MANUAL_REVIEW,至少一个受影响字段无法整字段安全转换，或完整源行不可读/不可定位，或存在复合断言
UA2-00966,user-agent,docs/PRD-代理商体系.md,source_section,3.3 代理端仪表盘,**瓒嬪娍鍥?*,**瓒嬪娍鍥?*,66,54,gb18030->utf8 x1,NO,REVIEW_CANDIDATE,所有受影响字段均完成整字段可逆转换，且引用/章节可定位；仍需人工确认
UA2-00967,user-agent,docs/PRD-代理商体系.md,source_section,3.3 代理端仪表盘,杩?7 澶╁悕涓嬬敤鎴锋秷璐硅秼鍔?,杩?7 澶╁悕涓嬬敤鎴锋秷璐硅秼鍔?,67,54,gb18030->utf8 x1,NO,REVIEW_CANDIDATE,所有受影响字段均完成整字段可逆转换，且引用/章节可定位；仍需人工确认
UA2-00968,user-agent,docs/PRD-代理商体系.md,source_section;source_quote;atomic_assertion,3.3 代理端仪表盘,杩?7 澶╀剑閲戞敹鍏ヨ秼鍔?,杩?7 澶╀剑閲戞敹鍏ヨ秼鍔?,,54,gb18030->utf8 x1,NO,MANUAL_REVIEW,至少一个受影响字段无法整字段安全转换，或完整源行不可读/不可定位，或存在复合断言
UA2-00969,user-agent,docs/PRD-代理商体系.md,source_section,3.3 代理端仪表盘,客户增长趋势,客户增长趋势,69,54,gb18030->utf8 x1,NO,REVIEW_CANDIDATE,所有受影响字段均完成整字段可逆转换，且引用/章节可定位；仍需人工确认
UA2-00970,user-agent,docs/PRD-代理商体系.md,source_section,3.4 提现管理,**提现流程**,**提现流程**,75,73,gb18030->utf8 x1,NO,REVIEW_CANDIDATE,所有受影响字段均完成整字段可逆转换，且引用/章节可定位；仍需人工确认
UA2-00971,user-agent,docs/PRD-代理商体系.md,source_section,3.4 提现管理,**审核面板信息**,**审核面板信息**,86,73,gb18030->utf8 x1,NO,REVIEW_CANDIDATE,所有受影响字段均完成整字段可逆转换，且引用/章节可定位；仍需人工确认
UA2-00972,user-agent,docs/PRD-代理商体系.md,source_section,3.4 提现管理,**提现限制**,**提现限制**,100,73,gb18030->utf8 x1,NO,REVIEW_CANDIDATE,所有受影响字段均完成整字段可逆转换，且引用/章节可定位；仍需人工确认
UA2-00973,user-agent,docs/PRD-代理商体系.md,source_section;source_quote;atomic_assertion,3.4 提现管理,| 鏈€浣庢彁鐜伴噾棰?| 楼10锛堝彲閰嶇疆锛墊,| 鏈€浣庢彁鐜伴噾棰?| 楼10锛堝彲閰嶇疆锛墊,,73,gb18030->utf8 x1,NO,MANUAL_REVIEW,至少一个受影响字段无法整字段安全转换，或完整源行不可读/不可定位，或存在复合断言
UA2-00974,user-agent,docs/PRD-代理商体系.md,source_section;source_quote;atomic_assertion,3.4 提现管理,| 鏈€楂樻彁鐜伴噾棰?| 鍙彁鐜颁綑棰濓紙涓嶅彲瓒呰繃锛墊,| 鏈€楂樻彁鐜伴噾棰?| 鍙彁鐜颁綑棰濓紙涓嶅彲瓒呰繃锛墊,,73,gb18030->utf8 x1,NO,MANUAL_REVIEW,至少一个受影响字段无法整字段安全转换，或完整源行不可读/不可定位，或存在复合断言
UA2-00975,user-agent,docs/PRD-代理商体系.md,source_section,3.4 提现管理,提现频率,提现频率,,73,gb18030->utf8 x1,NO,MANUAL_REVIEW,至少一个受影响字段无法整字段安全转换，或完整源行不可读/不可定位，或存在复合断言
UA2-00976,user-agent,docs/PRD-代理商体系.md,source_section;source_quote;atomic_assertion,3.4 提现管理,姣?24 灏忔椂鏈€澶?1 娆★紙鍙厤缃級,姣?24 灏忔椂鏈€澶?1 娆★紙鍙厤缃級,,73,gb18030->utf8 x1,NO,MANUAL_REVIEW,至少一个受影响字段无法整字段安全转换，或完整源行不可读/不可定位，或存在复合断言
UA2-00977,user-agent,docs/PRD-代理商体系.md,source_section,3.4 提现管理,鍐荤粨鏈?,鍐荤粨鏈?,,73,gb18030->utf8 x1,NO,MANUAL_REVIEW,至少一个受影响字段无法整字段安全转换，或完整源行不可读/不可定位，或存在复合断言
UA2-00978,user-agent,docs/PRD-代理商体系.md,source_section;source_quote;atomic_assertion,3.4 提现管理,浣ｉ噾浜х敓鍚?7 澶╂柟鍙彁鐜帮紙闃叉閫€娆炬墸鍥烇級,浣ｉ噾浜х敓鍚?7 澶╂柟鍙彁鐜帮紙闃叉閫€娆炬墸鍥烇級,,73,gb18030->utf8 x1,NO,MANUAL_REVIEW,至少一个受影响字段无法整字段安全转换，或完整源行不可读/不可定位，或存在复合断言
UA2-00987,user-agent,docs/PRD-代理商支撑增强.md,source_quote;atomic_assertion,文档正文,**閫傜敤瀵硅薄**锛氫唬鐞嗗晢锛堝钩鍙扮绾﹀垎閿€鍟嗭紝鍚屾椂鏄櫘閫氱敤鎴疯韩浠斤級,**閫傜敤瀵硅薄**锛氫唬鐞嗗晢锛堝钩鍙扮绾﹀垎閿€鍟嗭紝鍚屾椂鏄櫘閫氱敤鎴疯韩浠斤級,,,,NO,MANUAL_REVIEW,至少一个受影响字段无法整字段安全转换，或完整源行不可读/不可定位，或存在复合断言
UA2-00988,user-agent,docs/PRD-代理商支撑增强.md,source_quote;atomic_assertion,文档正文,**鐘舵€?*锛歅0-P2 鏂板闇€姹?,**鐘舵€?*锛歅0-P2 鏂板闇€姹?,,,,NO,MANUAL_REVIEW,至少一个受影响字段无法整字段安全转换，或完整源行不可读/不可定位，或存在复合断言
UA2-00989,user-agent,docs/PRD-代理商支撑增强.md,source_quote;atomic_assertion,文档正文,**涓氬姟閫昏緫**锛氫唬鐞嗗晢鍦ㄧ郴缁熸敞鍐屼负鏅€氱敤鎴凤紝鍚庡彴璧嬩簣浠ｇ悊鍟嗚韩浠姐€傚鎴峰綊灞炵敱鍚庡彴鎶ュ锛屼笟鍔″憳/杩愯惀鎵嬪姩鍏宠仈瀹㈡埛鍒颁唬鐞嗗晢銆備唬鐞嗗晢鏍稿績涓鸿禋鍙栦剑閲戠殑鍒嗛攢鍟嗭紝绯荤粺鍚庡彴灏嗙敤鎴蜂笌浠ｇ悊鍟嗘暟鎹嫭绔嬬鐞嗐€?,**涓氬姟閫昏緫**锛氫唬鐞嗗晢鍦ㄧ郴缁熸敞鍐屼负鏅€氱敤鎴凤紝鍚庡彴璧嬩簣浠ｇ悊鍟嗚韩浠姐€傚鎴峰綊灞炵敱鍚庡彴鎶ュ锛屼笟鍔″憳/杩愯惀鎵嬪姩鍏宠仈瀹㈡埛鍒颁唬鐞嗗晢銆備唬鐞嗗晢鏍稿績涓鸿禋鍙栦剑閲戠殑鍒嗛攢鍟嗭紝绯荤粺鍚庡彴灏嗙敤鎴蜂笌浠ｇ悊鍟嗘暟鎹嫭绔嬬鐞嗐€?,,,,NO,MANUAL_REVIEW,至少一个受影响字段无法整字段安全转换，或完整源行不可读/不可定位，或存在复合断言
UA2-00990,user-agent,docs/PRD-代理商支撑增强.md,source_quote;atomic_assertion,背景,浠ｇ悊鍟嗗悕涓嬬殑瀹㈡埛鐢变笟鍔″憳/杩愯惀鍦ㄥ悗鍙版姤澶囷紝褰撳墠娌℃湁涓撻棬鐨勬姤澶囩鐞嗗姛鑳姐€傛姤澶囨搷浣滈潬鎵嬪姩鍏宠仈锛岀己涔忎繚鎶ゆ湡銆佸鏍搞€佸巻鍙茶拷婧瓑鑳藉姏銆?,浠ｇ悊鍟嗗悕涓嬬殑瀹㈡埛鐢变笟鍔″憳/杩愯惀鍦ㄥ悗鍙版姤澶囷紝褰撳墠娌℃湁涓撻棬鐨勬姤澶囩鐞嗗姛鑳姐€傛姤澶囨搷浣滈潬鎵嬪姩鍏宠仈锛岀己涔忎繚鎶ゆ湡銆佸鏍搞€佸巻鍙茶拷婧瓑鑳藉姏銆?,,14;78;116;152;199;233,gb18030->utf8 x1,NO,MANUAL_REVIEW,至少一个受影响字段无法整字段安全转换，或完整源行不可读/不可定位，或存在复合断言
UA2-00991,user-agent,docs/PRD-代理商支撑增强.md,source_quote;atomic_assertion,功能规格,报备录入,报备录入,,18;82;120;156;203;237,gb18030->utf8 x1,NO,MANUAL_REVIEW,至少一个受影响字段无法整字段安全转换，或完整源行不可读/不可定位，或存在复合断言
UA2-00992,user-agent,docs/PRD-代理商支撑增强.md,source_quote;atomic_assertion,功能规格,杩愯惀/涓氬姟鍛樺綍鍏ュ鎴蜂俊鎭紙鍏徃鍚?鑱旂郴浜?鐢佃瘽/閭/闇€姹傛弿杩帮級鈫?閫夋嫨鍏宠仈浠ｇ悊鍟?,杩愯惀/涓氬姟鍛樺綍鍏ュ鎴蜂俊鎭紙鍏徃鍚?鑱旂郴浜?鐢佃瘽/閭/闇€姹傛弿杩帮級鈫?閫夋嫨鍏宠仈浠ｇ悊鍟?,,18;82;120;156;203;237,gb18030->utf8 x1,NO,MANUAL_REVIEW,至少一个受影响字段无法整字段安全转换，或完整源行不可读/不可定位，或存在复合断言
UA2-00993,user-agent,docs/PRD-代理商支撑增强.md,source_quote;atomic_assertion,功能规格,报备审核,报备审核,,18;82;120;156;203;237,gb18030->utf8 x1,NO,MANUAL_REVIEW,至少一个受影响字段无法整字段安全转换，或完整源行不可读/不可定位，或存在复合断言
UA2-00994,user-agent,docs/PRD-代理商支撑增强.md,source_quote;atomic_assertion,功能规格,绠＄悊鍛樺鏍告姤澶囦俊鎭紝閫氳繃鍚庡鎴锋寮忓綊灞炶浠ｇ悊鍟?,绠＄悊鍛樺鏍告姤澶囦俊鎭紝閫氳繃鍚庡鎴锋寮忓綊灞炶浠ｇ悊鍟?,,18;82;120;156;203;237,gb18030->utf8 x1,NO,MANUAL_REVIEW,至少一个受影响字段无法整字段安全转换，或完整源行不可读/不可定位，或存在复合断言
UA2-00995,user-agent,docs/PRD-代理商支撑增强.md,source_quote;atomic_assertion,功能规格,鎶ュ淇濇姢鏈?,鎶ュ淇濇姢鏈?,,18;82;120;156;203;237,gb18030->utf8 x1,NO,MANUAL_REVIEW,至少一个受影响字段无法整字段安全转换，或完整源行不可读/不可定位，或存在复合断言
UA2-00996,user-agent,docs/PRD-代理商支撑增强.md,source_quote;atomic_assertion,功能规格,鎶ュ閫氳繃鍚?N 澶╁唴锛堥粯璁?30 澶╋級锛岃瀹㈡埛浠呭綊姝や唬鐞嗗晢锛屽叾浠栦唬鐞嗕笉鍙叧鑱?,鎶ュ閫氳繃鍚?N 澶╁唴锛堥粯璁?30 澶╋級锛岃瀹㈡埛浠呭綊姝や唬鐞嗗晢锛屽叾浠栦唬鐞嗕笉鍙叧鑱?,,18;82;120;156;203;237,gb18030->utf8 x1,NO,MANUAL_REVIEW,至少一个受影响字段无法整字段安全转换，或完整源行不可读/不可定位，或存在复合断言
UA2-00997,user-agent,docs/PRD-代理商支撑增强.md,source_quote;atomic_assertion,功能规格,报备到期,报备到期,,18;82;120;156;203;237,gb18030->utf8 x1,NO,MANUAL_REVIEW,至少一个受影响字段无法整字段安全转换，或完整源行不可读/不可定位，或存在复合断言
UA2-00998,user-agent,docs/PRD-代理商支撑增强.md,source_quote;atomic_assertion,功能规格,淇濇姢鏈熷唴瀹㈡埛鏈秷璐癸紝鑷姩閲婃斁涓哄叕鍏卞鎴?,淇濇姢鏈熷唴瀹㈡埛鏈秷璐癸紝鑷姩閲婃斁涓哄叕鍏卞鎴?,,18;82;120;156;203;237,gb18030->utf8 x1,NO,MANUAL_REVIEW,至少一个受影响字段无法整字段安全转换，或完整源行不可读/不可定位，或存在复合断言
UA2-00999,user-agent,docs/PRD-代理商支撑增强.md,source_quote;atomic_assertion,功能规格,报备历史,报备历史,,18;82;120;156;203;237,gb18030->utf8 x1,NO,MANUAL_REVIEW,至少一个受影响字段无法整字段安全转换，或完整源行不可读/不可定位，或存在复合断言
UA2-01000,user-agent,docs/PRD-代理商支撑增强.md,source_quote;atomic_assertion,功能规格,鎸変唬鐞嗗晢/鏃堕棿/鐘舵€佹煡璇㈡姤澶囪褰?,鎸変唬鐞嗗晢/鏃堕棿/鐘舵€佹煡璇㈡姤澶囪褰?,,18;82;120;156;203;237,gb18030->utf8 x1,NO,MANUAL_REVIEW,至少一个受影响字段无法整字段安全转换，或完整源行不可读/不可定位，或存在复合断言
UA2-01001,user-agent,docs/PRD-代理商支撑增强.md,source_quote;atomic_assertion,功能规格,客户关联,客户关联,,18;82;120;156;203;237,gb18030->utf8 x1,NO,MANUAL_REVIEW,至少一个受影响字段无法整字段安全转换，或完整源行不可读/不可定位，或存在复合断言
UA2-01002,user-agent,docs/PRD-代理商支撑增强.md,source_quote;atomic_assertion,功能规格,宸叉敞鍐岀敤鎴峰彲鐩存帴鍏宠仈鍒颁唬鐞嗗晢锛屾湭娉ㄥ唽鐢ㄦ埛鍏堟姤澶囷紝娉ㄥ唽鍚庤嚜鍔ㄧ粦瀹?,宸叉敞鍐岀敤鎴峰彲鐩存帴鍏宠仈鍒颁唬鐞嗗晢锛屾湭娉ㄥ唽鐢ㄦ埛鍏堟姤澶囷紝娉ㄥ唽鍚庤嚜鍔ㄧ粦瀹?,,18;82;120;156;203;237,gb18030->utf8 x1,NO,MANUAL_REVIEW,至少一个受影响字段无法整字段安全转换，或完整源行不可读/不可定位，或存在复合断言
UA2-01003,user-agent,docs/PRD-代理商支撑增强.md,source_section,API 接口,POST,POST,,56;93;130;179;213,gb18030->utf8 x1,NO,MANUAL_REVIEW,至少一个受影响字段无法整字段安全转换，或完整源行不可读/不可定位，或存在复合断言
UA2-01004,user-agent,docs/PRD-代理商支撑增强.md,source_section,API 接口,/api/v1/admin/customer-referrals,/api/v1/admin/customer-referrals,,56;93;130;179;213,gb18030->utf8 x1,NO,MANUAL_REVIEW,至少一个受影响字段无法整字段安全转换，或完整源行不可读/不可定位，或存在复合断言
UA2-01005,user-agent,docs/PRD-代理商支撑增强.md,source_section;source_quote;atomic_assertion,API 接口,创建报备,创建报备,,56;93;130;179;213,gb18030->utf8 x1,NO,MANUAL_REVIEW,至少一个受影响字段无法整字段安全转换，或完整源行不可读/不可定位，或存在复合断言
UA2-01006,user-agent,docs/PRD-代理商支撑增强.md,source_section;source_quote;atomic_assertion,API 接口,杩愯惀/涓氬姟鍛?,杩愯惀/涓氬姟鍛?,,56;93;130;179;213,gb18030->utf8 x1,NO,MANUAL_REVIEW,至少一个受影响字段无法整字段安全转换，或完整源行不可读/不可定位，或存在复合断言
UA2-01007,user-agent,docs/PRD-代理商支撑增强.md,source_section,API 接口,GET,GET,99;101;102;134;135;217;220,56;93;130;179;213,gb18030->utf8 x1,NO,REVIEW_CANDIDATE,所有受影响字段均完成整字段可逆转换，且引用/章节可定位；仍需人工确认
UA2-01009,user-agent,docs/PRD-代理商支撑增强.md,source_section;source_quote;atomic_assertion,API 接口,鎶ュ鍒楄〃锛堟寜浠ｇ悊鍟?鐘舵€佺瓫閫夛級,鎶ュ鍒楄〃锛堟寜浠ｇ悊鍟?鐘舵€佺瓫閫夛級,,56;93;130;179;213,gb18030->utf8 x1,NO,MANUAL_REVIEW,至少一个受影响字段无法整字段安全转换，或完整源行不可读/不可定位，或存在复合断言
UA2-01011,user-agent,docs/PRD-代理商支撑增强.md,source_section,API 接口,PATCH,PATCH,,56;93;130;179;213,gb18030->utf8 x1,NO,MANUAL_REVIEW,至少一个受影响字段无法整字段安全转换，或完整源行不可读/不可定位，或存在复合断言
UA2-01012,user-agent,docs/PRD-代理商支撑增强.md,source_section,API 接口,/api/v1/admin/customer-referrals/:id/approve,/api/v1/admin/customer-referrals/:id/approve,,56;93;130;179;213,gb18030->utf8 x1,NO,MANUAL_REVIEW,至少一个受影响字段无法整字段安全转换，或完整源行不可读/不可定位，或存在复合断言
UA2-01013,user-agent,docs/PRD-代理商支撑增强.md,source_section;source_quote;atomic_assertion,API 接口,审核通过,审核通过,,56;93;130;179;213,gb18030->utf8 x1,NO,MANUAL_REVIEW,至少一个受影响字段无法整字段安全转换，或完整源行不可读/不可定位，或存在复合断言
UA2-01014,user-agent,docs/PRD-代理商支撑增强.md,source_section;source_quote;atomic_assertion,API 接口,绠＄悊鍛?,绠＄悊鍛?,,56;93;130;179;213,gb18030->utf8 x1,NO,MANUAL_REVIEW,至少一个受影响字段无法整字段安全转换，或完整源行不可读/不可定位，或存在复合断言
UA2-01016,user-agent,docs/PRD-代理商支撑增强.md,source_section,API 接口,/api/v1/admin/customer-referrals/:id/reject,/api/v1/admin/customer-referrals/:id/reject,,56;93;130;179;213,gb18030->utf8 x1,NO,MANUAL_REVIEW,至少一个受影响字段无法整字段安全转换，或完整源行不可读/不可定位，或存在复合断言
UA2-01017,user-agent,docs/PRD-代理商支撑增强.md,source_section,API 接口,驳回,驳回,,56;93;130;179;213,gb18030->utf8 x1,NO,MANUAL_REVIEW,至少一个受影响字段无法整字段安全转换，或完整源行不可读/不可定位，或存在复合断言
UA2-01020,user-agent,docs/PRD-代理商支撑增强.md,source_section,API 接口,/api/v1/agent/customer-referrals,/api/v1/agent/customer-referrals,,56;93;130;179;213,gb18030->utf8 x1,NO,MANUAL_REVIEW,至少一个受影响字段无法整字段安全转换，或完整源行不可读/不可定位，或存在复合断言
UA2-01021,user-agent,docs/PRD-代理商支撑增强.md,source_section;source_quote;atomic_assertion,API 接口,代理商查看自己的报备记录,代理商查看自己的报备记录,,56;93;130;179;213,gb18030->utf8 x1,NO,MANUAL_REVIEW,至少一个受影响字段无法整字段安全转换，或完整源行不可读/不可定位，或存在复合断言
UA2-01022,user-agent,docs/PRD-代理商支撑增强.md,source_section,API 接口,浠ｇ悊鍟?,浠ｇ悊鍟?,99;101;102;134;135;217;220,56;93;130;179;213,gb18030->utf8 x1,NO,REVIEW_CANDIDATE,所有受影响字段均完成整字段可逆转换，且引用/章节可定位；仍需人工确认
UA2-01024,user-agent,docs/PRD-代理商支撑增强.md,source_section,API 接口,/api/v1/agent/customer-referrals/:id,/api/v1/agent/customer-referrals/:id,,56;93;130;179;213,gb18030->utf8 x1,NO,MANUAL_REVIEW,至少一个受影响字段无法整字段安全转换，或完整源行不可读/不可定位，或存在复合断言
UA2-01025,user-agent,docs/PRD-代理商支撑增强.md,source_section;source_quote;atomic_assertion,API 接口,报备详情,报备详情,,56;93;130;179;213,gb18030->utf8 x1,NO,MANUAL_REVIEW,至少一个受影响字段无法整字段安全转换，或完整源行不可读/不可定位，或存在复合断言
UA2-01027,user-agent,docs/PRD-代理商支撑增强.md,source_section;source_quote;atomic_assertion,前端变更,"管理后台 -> 新增""客户报备""入口","管理后台 -> 新增""客户报备""入口",71,67;104;140;188;222;247,gb18030->utf8 x1,NO,REVIEW_CANDIDATE,所有受影响字段均完成整字段可逆转换，且引用/章节可定位；仍需人工确认
UA2-01028,user-agent,docs/PRD-代理商支撑增强.md,source_section;source_quote;atomic_assertion,前端变更,报备列表 + 创建表单 + 审核操作,报备列表 + 创建表单 + 审核操作,71,67;104;140;188;222;247,gb18030->utf8 x1,NO,REVIEW_CANDIDATE,所有受影响字段均完成整字段可逆转换，且引用/章节可定位；仍需人工确认
UA2-01029,user-agent,docs/PRD-代理商支撑增强.md,source_section;source_quote;atomic_assertion,前端变更,"浠ｇ悊绔?-> 鏂板""鎴戠殑鎶ュ""鍏ュ彛","浠ｇ悊绔?-> 鏂板""鎴戠殑鎶ュ""鍏ュ彛",,67;104;140;188;222;247,gb18030->utf8 x1,NO,MANUAL_REVIEW,至少一个受影响字段无法整字段安全转换，或完整源行不可读/不可定位，或存在复合断言
UA2-01030,user-agent,docs/PRD-代理商支撑增强.md,source_section;source_quote;atomic_assertion,前端变更,鎶ュ璁板綍鍒楄〃 + 鐘舵€佸睍绀?+ 淇濇姢鏈熷€掕鏃?,鎶ュ璁板綍鍒楄〃 + 鐘舵€佸睍绀?+ 淇濇姢鏈熷€掕鏃?,,67;104;140;188;222;247,gb18030->utf8 x1,NO,MANUAL_REVIEW,至少一个受影响字段无法整字段安全转换，或完整源行不可读/不可定位，或存在复合断言
UA2-01031,user-agent,docs/PRD-代理商支撑增强.md,source_quote;atomic_assertion,背景,浠ｇ悊鍟嗛渶瑕佹竻鏅扮殑璐㈠姟宸ュ叿浜嗚В鑷繁鐨勪剑閲戞敹鍏ャ€傚綋鍓嶄华琛ㄧ洏鏈夋眹鎬?KPI锛屼絾缂哄皯鏄庣粏绾х殑浣ｉ噾鏉ユ簮杩借釜鍜岀粨绠楀崟銆?,浠ｇ悊鍟嗛渶瑕佹竻鏅扮殑璐㈠姟宸ュ叿浜嗚В鑷繁鐨勪剑閲戞敹鍏ャ€傚綋鍓嶄华琛ㄧ洏鏈夋眹鎬?KPI锛屼絾缂哄皯鏄庣粏绾х殑浣ｉ噾鏉ユ簮杩借釜鍜岀粨绠楀崟銆?,,14;78;116;152;199;233,gb18030->utf8 x1,NO,MANUAL_REVIEW,至少一个受影响字段无法整字段安全转换，或完整源行不可读/不可定位，或存在复合断言
UA2-01033,user-agent,docs/PRD-代理商支撑增强.md,source_quote;atomic_assertion,功能规格,姣忕瑪浣ｉ噾鏉ユ簮锛氬鎴峰悕 / 娑堣垂閲戦 / 浣ｉ噾鐜?/ 浣ｉ噾閲戦 / 缁撶畻鐘舵€?/ 鏃堕棿,姣忕瑪浣ｉ噾鏉ユ簮锛氬鎴峰悕 / 娑堣垂閲戦 / 浣ｉ噾鐜?/ 浣ｉ噾閲戦 / 缁撶畻鐘舵€?/ 鏃堕棿,,18;82;120;156;203;237,gb18030->utf8 x1,NO,MANUAL_REVIEW,至少一个受影响字段无法整字段安全转换，或完整源行不可读/不可定位，或存在复合断言
UA2-01035,user-agent,docs/PRD-代理商支撑增强.md,source_quote;atomic_assertion,功能规格,鎸夋棩/鏈?骞存眹鎬讳剑閲戞敹鍏ワ紝鏀寔鏃堕棿鑼冨洿绛涢€?,鎸夋棩/鏈?骞存眹鎬讳剑閲戞敹鍏ワ紝鏀寔鏃堕棿鑼冨洿绛涢€?,,18;82;120;156;203;237,gb18030->utf8 x1,NO,MANUAL_REVIEW,至少一个受影响字段无法整字段安全转换，或完整源行不可读/不可定位，或存在复合断言
UA2-01037,user-agent,docs/PRD-代理商支撑增强.md,source_quote;atomic_assertion,功能规格,鏈堝害缁撶畻鍗?PDF 涓嬭浇锛屽惈瀹㈡埛娑堣垂鏄庣粏 + 浣ｉ噾璁＄畻杩囩▼,鏈堝害缁撶畻鍗?PDF 涓嬭浇锛屽惈瀹㈡埛娑堣垂鏄庣粏 + 浣ｉ噾璁＄畻杩囩▼,,18;82;120;156;203;237,gb18030->utf8 x1,NO,MANUAL_REVIEW,至少一个受影响字段无法整字段安全转换，或完整源行不可读/不可定位，或存在复合断言
UA2-01039,user-agent,docs/PRD-代理商支撑增强.md,source_quote;atomic_assertion,功能规格,杩?6 涓湀 / 12 涓湀浣ｉ噾鏀跺叆瓒嬪娍鍥?,杩?6 涓湀 / 12 涓湀浣ｉ噾鏀跺叆瓒嬪娍鍥?,,18;82;120;156;203;237,gb18030->utf8 x1,NO,MANUAL_REVIEW,至少一个受影响字段无法整字段安全转换，或完整源行不可读/不可定位，或存在复合断言
UA2-01041,user-agent,docs/PRD-代理商支撑增强.md,source_quote;atomic_assertion,功能规格,鏍囨敞缁撶畻鏃?/ 鎻愮幇鍒拌处鏃?/ 鍐荤粨鍒版湡鏃?,鏍囨敞缁撶畻鏃?/ 鎻愮幇鍒拌处鏃?/ 鍐荤粨鍒版湡鏃?,,18;82;120;156;203;237,gb18030->utf8 x1,NO,MANUAL_REVIEW,至少一个受影响字段无法整字段安全转换，或完整源行不可读/不可定位，或存在复合断言
UA2-01043,user-agent,docs/PRD-代理商支撑增强.md,source_quote;atomic_assertion,功能规格,浣ｉ噾鏀跺叆璇存槑銆佸彂绁ㄧ敵璇峰叆鍙ｏ紙璺宠浆鍒板彂绁ㄧ敵璇烽〉锛?,浣ｉ噾鏀跺叆璇存槑銆佸彂绁ㄧ敵璇峰叆鍙ｏ紙璺宠浆鍒板彂绁ㄧ敵璇烽〉锛?,,18;82;120;156;203;237,gb18030->utf8 x1,NO,MANUAL_REVIEW,至少一个受影响字段无法整字段安全转换，或完整源行不可读/不可定位，或存在复合断言
UA2-01045,user-agent,docs/PRD-代理商支撑增强.md,source_section,API 接口,/api/v1/agent/finance/commission-details,/api/v1/agent/finance/commission-details,,56;93;130;179;213,gb18030->utf8 x1,NO,MANUAL_REVIEW,至少一个受影响字段无法整字段安全转换，或完整源行不可读/不可定位，或存在复合断言
UA2-01046,user-agent,docs/PRD-代理商支撑增强.md,source_section;source_quote;atomic_assertion,API 接口,佣金明细列表,佣金明细列表,,56;93;130;179;213,gb18030->utf8 x1,NO,MANUAL_REVIEW,至少一个受影响字段无法整字段安全转换，或完整源行不可读/不可定位，或存在复合断言
UA2-01049,user-agent,docs/PRD-代理商支撑增强.md,source_section,API 接口,/api/v1/agent/finance/commission-summary,/api/v1/agent/finance/commission-summary,,56;93;130;179;213,gb18030->utf8 x1,NO,MANUAL_REVIEW,至少一个受影响字段无法整字段安全转换，或完整源行不可读/不可定位，或存在复合断言
UA2-01050,user-agent,docs/PRD-代理商支撑增强.md,source_section,API 接口,浣ｉ噾姹囨€?,浣ｉ噾姹囨€?,,56;93;130;179;213,gb18030->utf8 x1,NO,MANUAL_REVIEW,至少一个受影响字段无法整字段安全转换，或完整源行不可读/不可定位，或存在复合断言
UA2-01053,user-agent,docs/PRD-代理商支撑增强.md,source_section,API 接口,/api/v1/agent/finance/commission-trends,/api/v1/agent/finance/commission-trends,99,56;93;130;179;213,gb18030->utf8 x1,NO,REVIEW_CANDIDATE,所有受影响字段均完成整字段可逆转换，且引用/章节可定位；仍需人工确认
UA2-01054,user-agent,docs/PRD-代理商支撑增强.md,source_section,API 接口,佣金趋势数据,佣金趋势数据,99,56;93;130;179;213,gb18030->utf8 x1,NO,REVIEW_CANDIDATE,所有受影响字段均完成整字段可逆转换，且引用/章节可定位；仍需人工确认
UA2-01057,user-agent,docs/PRD-代理商支撑增强.md,source_section,API 接口,/api/v1/agent/finance/settlement/:period,/api/v1/agent/finance/settlement/:period,101,56;93;130;179;213,gb18030->utf8 x1,NO,REVIEW_CANDIDATE,所有受影响字段均完成整字段可逆转换，且引用/章节可定位；仍需人工确认
UA2-01058,user-agent,docs/PRD-代理商支撑增强.md,source_section;source_quote;atomic_assertion,API 接口,缁撶畻鍗曡鎯?,缁撶畻鍗曡鎯?,,56;93;130;179;213,gb18030->utf8 x1,NO,MANUAL_REVIEW,至少一个受影响字段无法整字段安全转换，或完整源行不可读/不可定位，或存在复合断言
UA2-01061,user-agent,docs/PRD-代理商支撑增强.md,source_section,API 接口,/api/v1/agent/finance/settlement/:period/download,/api/v1/agent/finance/settlement/:period/download,101,56;93;130;179;213,gb18030->utf8 x1,NO,REVIEW_CANDIDATE,所有受影响字段均完成整字段可逆转换，且引用/章节可定位；仍需人工确认
UA2-01062,user-agent,docs/PRD-代理商支撑增强.md,source_section,API 接口,涓嬭浇缁撶畻鍗?PDF,涓嬭浇缁撶畻鍗?PDF,101,56;93;130;179;213,gb18030->utf8 x1,NO,REVIEW_CANDIDATE,所有受影响字段均完成整字段可逆转换，且引用/章节可定位；仍需人工确认
UA2-01065,user-agent,docs/PRD-代理商支撑增强.md,source_section,API 接口,/api/v1/agent/finance/calendar,/api/v1/agent/finance/calendar,102,56;93;130;179;213,gb18030->utf8 x1,NO,REVIEW_CANDIDATE,所有受影响字段均完成整字段可逆转换，且引用/章节可定位；仍需人工确认
UA2-01066,user-agent,docs/PRD-代理商支撑增强.md,source_section,API 接口,财务日历,财务日历,102,56;93;130;179;213,gb18030->utf8 x1,NO,REVIEW_CANDIDATE,所有受影响字段均完成整字段可逆转换，且引用/章节可定位；仍需人工确认
UA2-01068,user-agent,docs/PRD-代理商支撑增强.md,source_section;source_quote;atomic_assertion,前端变更,"浠ｇ悊绔?-> 鏂板""璐㈠姟涓績""鍏ュ彛","浠ｇ悊绔?-> 鏂板""璐㈠姟涓績""鍏ュ彛",,67;104;140;188;222;247,gb18030->utf8 x1,NO,MANUAL_REVIEW,至少一个受影响字段无法整字段安全转换，或完整源行不可读/不可定位，或存在复合断言
UA2-01069,user-agent,docs/PRD-代理商支撑增强.md,source_section,前端变更,浣ｉ噾鏄庣粏 + 姹囨€?+ 瓒嬪娍鍥?+ 缁撶畻鍗曚笅杞?,浣ｉ噾鏄庣粏 + 姹囨€?+ 瓒嬪娍鍥?+ 缁撶畻鍗曚笅杞?,,67;104;140;188;222;247,gb18030->utf8 x1,NO,MANUAL_REVIEW,至少一个受影响字段无法整字段安全转换，或完整源行不可读/不可定位，或存在复合断言
UA2-01070,user-agent,docs/PRD-代理商支撑增强.md,source_section;source_quote;atomic_assertion,前端变更,浠ｇ悊绔?-> 璐㈠姟涓績 -> 缁撶畻鍗?,浠ｇ悊绔?-> 璐㈠姟涓績 -> 缁撶畻鍗?,,67;104;140;188;222;247,gb18030->utf8 x1,NO,MANUAL_REVIEW,至少一个受影响字段无法整字段安全转换，或完整源行不可读/不可定位，或存在复合断言
UA2-01071,user-agent,docs/PRD-代理商支撑增强.md,source_section,前端变更,鏈堝害缁撶畻鍗曞垪琛?+ PDF 涓嬭浇,鏈堝害缁撶畻鍗曞垪琛?+ PDF 涓嬭浇,,67;104;140;188;222;247,gb18030->utf8 x1,NO,MANUAL_REVIEW,至少一个受影响字段无法整字段安全转换，或完整源行不可读/不可定位，或存在复合断言
UA2-01072,user-agent,docs/PRD-代理商支撑增强.md,source_section;source_quote;atomic_assertion,前端变更,浠ｇ悊绔?-> 璐㈠姟涓績 -> 璐㈠姟鏃ュ巻,浠ｇ悊绔?-> 璐㈠姟涓績 -> 璐㈠姟鏃ュ巻,,67;104;140;188;222;247,gb18030->utf8 x1,NO,MANUAL_REVIEW,至少一个受影响字段无法整字段安全转换，或完整源行不可读/不可定位，或存在复合断言
UA2-01073,user-agent,docs/PRD-代理商支撑增强.md,source_section;source_quote;atomic_assertion,前端变更,月历视图标注关键日期,月历视图标注关键日期,,67;104;140;188;222;247,gb18030->utf8 x1,NO,MANUAL_REVIEW,至少一个受影响字段无法整字段安全转换，或完整源行不可读/不可定位，或存在复合断言
UA2-01074,user-agent,docs/PRD-代理商支撑增强.md,source_quote;atomic_assertion,背景,浠ｇ悊鍟嗛渶瑕佷簡瑙ｅ悕涓嬫瘡涓鎴风殑娑堣垂鎯呭喌锛屽綋鍓嶅彧鏈夊鎴峰垪琛紝缂哄皯娑堣垂鏄庣粏鍜屾椿璺冨害鍒嗘瀽銆?,浠ｇ悊鍟嗛渶瑕佷簡瑙ｅ悕涓嬫瘡涓鎴风殑娑堣垂鎯呭喌锛屽綋鍓嶅彧鏈夊鎴峰垪琛紝缂哄皯娑堣垂鏄庣粏鍜屾椿璺冨害鍒嗘瀽銆?,,14;78;116;152;199;233,gb18030->utf8 x1,NO,MANUAL_REVIEW,至少一个受影响字段无法整字段安全转换，或完整源行不可读/不可定位，或存在复合断言
UA2-01076,user-agent,docs/PRD-代理商支撑增强.md,source_quote;atomic_assertion,功能规格,名下客户按消费金额排序，展示消费总额 / 本月消费 / 调用次数,名下客户按消费金额排序，展示消费总额 / 本月消费 / 调用次数,124,18;82;120;156;203;237,gb18030->utf8 x1,NO,REVIEW_CANDIDATE,所有受影响字段均完成整字段可逆转换，且引用/章节可定位；仍需人工确认
UA2-01078,user-agent,docs/PRD-代理商支撑增强.md,source_quote;atomic_assertion,功能规格,鍗曚釜瀹㈡埛杩?30 澶?/ 90 澶╂秷璐硅秼鍔垮浘,鍗曚釜瀹㈡埛杩?30 澶?/ 90 澶╂秷璐硅秼鍔垮浘,,18;82;120;156;203;237,gb18030->utf8 x1,NO,MANUAL_REVIEW,至少一个受影响字段无法整字段安全转换，或完整源行不可读/不可定位，或存在复合断言
UA2-01079,user-agent,docs/PRD-代理商支撑增强.md,source_quote;atomic_assertion,功能规格,瀹㈡埛娲昏穬搴?,瀹㈡埛娲昏穬搴?,,18;82;120;156;203;237,gb18030->utf8 x1,NO,MANUAL_REVIEW,至少一个受影响字段无法整字段安全转换，或完整源行不可读/不可定位，或存在复合断言
UA2-01080,user-agent,docs/PRD-代理商支撑增强.md,source_quote;atomic_assertion,功能规格,鏈€杩戣皟鐢ㄦ椂闂?/ 璋冪敤棰戠巼 / 娲昏穬/娌夐粯/娴佸け 鐘舵€佹爣绛?,鏈€杩戣皟鐢ㄦ椂闂?/ 璋冪敤棰戠巼 / 娲昏穬/娌夐粯/娴佸け 鐘舵€佹爣绛?,,18;82;120;156;203;237,gb18030->utf8 x1,NO,MANUAL_REVIEW,至少一个受影响字段无法整字段安全转换，或完整源行不可读/不可定位，或存在复合断言
UA2-01081,user-agent,docs/PRD-代理商支撑增强.md,source_quote;atomic_assertion,功能规格,客户流失预警,客户流失预警,127,18;82;120;156;203;237,gb18030->utf8 x1,NO,REVIEW_CANDIDATE,所有受影响字段均完成整字段可逆转换，且引用/章节可定位；仍需人工确认
UA2-01082,user-agent,docs/PRD-代理商支撑增强.md,source_quote;atomic_assertion,功能规格,连续 N 天未调用的客户标记预警（默认 14 天）,连续 N 天未调用的客户标记预警（默认 14 天）,127,18;82;120;156;203;237,gb18030->utf8 x1,NO,REVIEW_CANDIDATE,所有受影响字段均完成整字段可逆转换，且引用/章节可定位；仍需人工确认
UA2-01083,user-agent,docs/PRD-代理商支撑增强.md,source_quote;atomic_assertion,功能规格,客户模型偏好,客户模型偏好,,18;82;120;156;203;237,gb18030->utf8 x1,NO,MANUAL_REVIEW,至少一个受影响字段无法整字段安全转换，或完整源行不可读/不可定位，或存在复合断言
UA2-01084,user-agent,docs/PRD-代理商支撑增强.md,source_quote;atomic_assertion,功能规格,鍗曚釜瀹㈡埛鏈€甯镐娇鐢ㄧ殑 Top 5 妯″瀷,鍗曚釜瀹㈡埛鏈€甯镐娇鐢ㄧ殑 Top 5 妯″瀷,,18;82;120;156;203;237,gb18030->utf8 x1,NO,MANUAL_REVIEW,至少一个受影响字段无法整字段安全转换，或完整源行不可读/不可定位，或存在复合断言
UA2-01086,user-agent,docs/PRD-代理商支撑增强.md,source_section,API 接口,/api/v1/agent/customers/consumption-ranking,/api/v1/agent/customers/consumption-ranking,134,56;93;130;179;213,gb18030->utf8 x1,NO,REVIEW_CANDIDATE,所有受影响字段均完成整字段可逆转换，且引用/章节可定位；仍需人工确认
UA2-01087,user-agent,docs/PRD-代理商支撑增强.md,source_section,API 接口,客户消费排名,客户消费排名,134,56;93;130;179;213,gb18030->utf8 x1,NO,REVIEW_CANDIDATE,所有受影响字段均完成整字段可逆转换，且引用/章节可定位；仍需人工确认
UA2-01090,user-agent,docs/PRD-代理商支撑增强.md,source_section,API 接口,/api/v1/agent/customers/:userId/consumption-trend,/api/v1/agent/customers/:userId/consumption-trend,135,56;93;130;179;213,gb18030->utf8 x1,NO,REVIEW_CANDIDATE,所有受影响字段均完成整字段可逆转换，且引用/章节可定位；仍需人工确认
UA2-01091,user-agent,docs/PRD-代理商支撑增强.md,source_section,API 接口,客户消费趋势,客户消费趋势,135,56;93;130;179;213,gb18030->utf8 x1,NO,REVIEW_CANDIDATE,所有受影响字段均完成整字段可逆转换，且引用/章节可定位；仍需人工确认
UA2-01094,user-agent,docs/PRD-代理商支撑增强.md,source_section,API 接口,/api/v1/agent/customers/activity-status,/api/v1/agent/customers/activity-status,,56;93;130;179;213,gb18030->utf8 x1,NO,MANUAL_REVIEW,至少一个受影响字段无法整字段安全转换，或完整源行不可读/不可定位，或存在复合断言
UA2-01095,user-agent,docs/PRD-代理商支撑增强.md,source_section;source_quote;atomic_assertion,API 接口,瀹㈡埛娲昏穬搴︾姸鎬佸垪琛?,瀹㈡埛娲昏穬搴︾姸鎬佸垪琛?,,56;93;130;179;213,gb18030->utf8 x1,NO,MANUAL_REVIEW,至少一个受影响字段无法整字段安全转换，或完整源行不可读/不可定位，或存在复合断言
UA2-01098,user-agent,docs/PRD-代理商支撑增强.md,source_section,API 接口,/api/v1/agent/customers/at-risk,/api/v1/agent/customers/at-risk,,56;93;130;179;213,gb18030->utf8 x1,NO,MANUAL_REVIEW,至少一个受影响字段无法整字段安全转换，或完整源行不可读/不可定位，或存在复合断言
UA2-01099,user-agent,docs/PRD-代理商支撑增强.md,source_section;source_quote;atomic_assertion,API 接口,流失预警客户列表,流失预警客户列表,,56;93;130;179;213,gb18030->utf8 x1,NO,MANUAL_REVIEW,至少一个受影响字段无法整字段安全转换，或完整源行不可读/不可定位，或存在复合断言
UA2-01102,user-agent,docs/PRD-代理商支撑增强.md,source_section,API 接口,/api/v1/agent/customers/:userId/model-preferences,/api/v1/agent/customers/:userId/model-preferences,,56;93;130;179;213,gb18030->utf8 x1,NO,MANUAL_REVIEW,至少一个受影响字段无法整字段安全转换，或完整源行不可读/不可定位，或存在复合断言
UA2-01103,user-agent,docs/PRD-代理商支撑增强.md,source_section;source_quote;atomic_assertion,API 接口,客户模型偏好,客户模型偏好,,56;93;130;179;213,gb18030->utf8 x1,NO,MANUAL_REVIEW,至少一个受影响字段无法整字段安全转换，或完整源行不可读/不可定位，或存在复合断言
UA2-01105,user-agent,docs/PRD-代理商支撑增强.md,source_section;source_quote;atomic_assertion,前端变更,"浠ｇ悊绔?-> 鎴戠殑瀹㈡埛 -> 鏂板""娑堣垂鎺掑悕""鏍囩椤?","浠ｇ悊绔?-> 鎴戠殑瀹㈡埛 -> 鏂板""娑堣垂鎺掑悕""鏍囩椤?",,67;104;140;188;222;247,gb18030->utf8 x1,NO,MANUAL_REVIEW,至少一个受影响字段无法整字段安全转换，或完整源行不可读/不可定位，或存在复合断言
UA2-01106,user-agent,docs/PRD-代理商支撑增强.md,source_section;source_quote;atomic_assertion,前端变更,瀹㈡埛娑堣垂鎺掑悕鍒楄〃 + 瓒嬪娍鍥?,瀹㈡埛娑堣垂鎺掑悕鍒楄〃 + 瓒嬪娍鍥?,,67;104;140;188;222;247,gb18030->utf8 x1,NO,MANUAL_REVIEW,至少一个受影响字段无法整字段安全转换，或完整源行不可读/不可定位，或存在复合断言
UA2-01107,user-agent,docs/PRD-代理商支撑增强.md,source_section;source_quote;atomic_assertion,前端变更,"浠ｇ悊绔?-> 瀹㈡埛璇︽儏 -> 鏂板""娑堣垂鍒嗘瀽""鏍囩椤?","浠ｇ悊绔?-> 瀹㈡埛璇︽儏 -> 鏂板""娑堣垂鍒嗘瀽""鏍囩椤?",,67;104;140;188;222;247,gb18030->utf8 x1,NO,MANUAL_REVIEW,至少一个受影响字段无法整字段安全转换，或完整源行不可读/不可定位，或存在复合断言
UA2-01108,user-agent,docs/PRD-代理商支撑增强.md,source_section;source_quote;atomic_assertion,前端变更,娑堣垂瓒嬪娍 + 妯″瀷鍋忓ソ + 娲昏穬搴?,娑堣垂瓒嬪娍 + 妯″瀷鍋忓ソ + 娲昏穬搴?,,67;104;140;188;222;247,gb18030->utf8 x1,NO,MANUAL_REVIEW,至少一个受影响字段无法整字段安全转换，或完整源行不可读/不可定位，或存在复合断言
UA2-01109,user-agent,docs/PRD-代理商支撑增强.md,source_section;source_quote;atomic_assertion,前端变更,浠ｇ悊绔?-> 棣栭〉浠〃鐩?,浠ｇ悊绔?-> 棣栭〉浠〃鐩?,,67;104;140;188;222;247,gb18030->utf8 x1,NO,MANUAL_REVIEW,至少一个受影响字段无法整字段安全转换，或完整源行不可读/不可定位，或存在复合断言
UA2-01110,user-agent,docs/PRD-代理商支撑增强.md,source_section;source_quote;atomic_assertion,前端变更,"鏂板""娴佸け棰勮""鍗＄墖锛堟暟閲?+ 鍒楄〃锛?","鏂板""娴佸け棰勮""鍗＄墖锛堟暟閲?+ 鍒楄〃锛?",,67;104;140;188;222;247,gb18030->utf8 x1,NO,MANUAL_REVIEW,至少一个受影响字段无法整字段安全转换，或完整源行不可读/不可定位，或存在复合断言
UA2-01111,user-agent,docs/PRD-代理商支撑增强.md,source_quote;atomic_assertion,背景,浠ｇ悊鍟嗛渶瑕佹帴鏀跺钩鍙伴噸瑕侀€氱煡锛屽綋鍓嶆病鏈変笓闂ㄧ殑娑堟伅涓績銆傜瓑绾у彉鏇淬€佷剑閲戝埌璐︺€佹彁鐜扮粨鏋滅瓑鍏抽敭淇℃伅鍒嗘暎鍦ㄥ悇椤甸潰锛屼唬鐞嗗鏄撻敊杩囥€?,浠ｇ悊鍟嗛渶瑕佹帴鏀跺钩鍙伴噸瑕侀€氱煡锛屽綋鍓嶆病鏈変笓闂ㄧ殑娑堟伅涓績銆傜瓑绾у彉鏇淬€佷剑閲戝埌璐︺€佹彁鐜扮粨鏋滅瓑鍏抽敭淇℃伅鍒嗘暎鍦ㄥ悇椤甸潰锛屼唬鐞嗗鏄撻敊杩囥€?,,14;78;116;152;199;233,gb18030->utf8 x1,NO,MANUAL_REVIEW,至少一个受影响字段无法整字段安全转换，或完整源行不可读/不可定位，或存在复合断言
UA2-01112,user-agent,docs/PRD-代理商支撑增强.md,source_quote;atomic_assertion,功能规格,消息分类,消息分类,,18;82;120;156;203;237,gb18030->utf8 x1,NO,MANUAL_REVIEW,至少一个受影响字段无法整字段安全转换，或完整源行不可读/不可定位，或存在复合断言
UA2-01113,user-agent,docs/PRD-代理商支撑增强.md,source_quote;atomic_assertion,功能规格,绯荤粺娑堟伅锛堢瓑绾у彉鏇?瀹℃牳缁撴灉/鎶ュ缁撴灉锛? 璐㈠姟娑堟伅锛堜剑閲戝埌璐?鎻愮幇缁撴灉锛? 杩愯惀娑堟伅锛堜剑閲戣鍒欒皟鏁?娲诲姩/鏂版ā鍨嬶級,绯荤粺娑堟伅锛堢瓑绾у彉鏇?瀹℃牳缁撴灉/鎶ュ缁撴灉锛? 璐㈠姟娑堟伅锛堜剑閲戝埌璐?鎻愮幇缁撴灉锛? 杩愯惀娑堟伅锛堜剑閲戣鍒欒皟鏁?娲诲姩/鏂版ā鍨嬶級,,18;82;120;156;203;237,gb18030->utf8 x1,NO,MANUAL_REVIEW,至少一个受影响字段无法整字段安全转换，或完整源行不可读/不可定位，或存在复合断言
UA2-01114,user-agent,docs/PRD-代理商支撑增强.md,source_quote;atomic_assertion,功能规格,消息列表,消息列表,,18;82;120;156;203;237,gb18030->utf8 x1,NO,MANUAL_REVIEW,至少一个受影响字段无法整字段安全转换，或完整源行不可读/不可定位，或存在复合断言
UA2-01115,user-agent,docs/PRD-代理商支撑增强.md,source_quote;atomic_assertion,功能规格,鎸夋椂闂村€掑簭灞曠ず锛屽垎绫荤瓫閫夛紝宸茶/鏈鏍囪,鎸夋椂闂村€掑簭灞曠ず锛屽垎绫荤瓫閫夛紝宸茶/鏈鏍囪,,18;82;120;156;203;237,gb18030->utf8 x1,NO,MANUAL_REVIEW,至少一个受影响字段无法整字段安全转换，或完整源行不可读/不可定位，或存在复合断言
UA2-01116,user-agent,docs/PRD-代理商支撑增强.md,source_quote;atomic_assertion,功能规格,未读角标,未读角标,,18;82;120;156;203;237,gb18030->utf8 x1,NO,MANUAL_REVIEW,至少一个受影响字段无法整字段安全转换，或完整源行不可读/不可定位，或存在复合断言
UA2-01117,user-agent,docs/PRD-代理商支撑增强.md,source_quote;atomic_assertion,功能规格,渚ц竟鏍?娑堟伅鍏ュ彛鏄剧ず鏈鏁伴噺,渚ц竟鏍?娑堟伅鍏ュ彛鏄剧ず鏈鏁伴噺,,18;82;120;156;203;237,gb18030->utf8 x1,NO,MANUAL_REVIEW,至少一个受影响字段无法整字段安全转换，或完整源行不可读/不可定位，或存在复合断言
UA2-01118,user-agent,docs/PRD-代理商支撑增强.md,source_quote;atomic_assertion,功能规格,标记已读,标记已读,163,18;82;120;156;203;237,gb18030->utf8 x1,NO,REVIEW_CANDIDATE,所有受影响字段均完成整字段可逆转换，且引用/章节可定位；仍需人工确认
UA2-01119,user-agent,docs/PRD-代理商支撑增强.md,source_quote;atomic_assertion,功能规格,单条标记 / 全部标记已读,单条标记 / 全部标记已读,163,18;82;120;156;203;237,gb18030->utf8 x1,NO,REVIEW_CANDIDATE,所有受影响字段均完成整字段可逆转换，且引用/章节可定位；仍需人工确认
UA2-01120,user-agent,docs/PRD-代理商支撑增强.md,source_quote;atomic_assertion,功能规格,娑堟伅鎺ㄩ€?,娑堟伅鎺ㄩ€?,,18;82;120;156;203;237,gb18030->utf8 x1,NO,MANUAL_REVIEW,至少一个受影响字段无法整字段安全转换，或完整源行不可读/不可定位，或存在复合断言
UA2-01121,user-agent,docs/PRD-代理商支撑增强.md,source_quote;atomic_assertion,功能规格,绔欏唴閫氱煡 + 鍙€夐偖浠堕€氱煡,绔欏唴閫氱煡 + 鍙€夐偖浠堕€氱煡,,18;82;120;156;203;237,gb18030->utf8 x1,NO,MANUAL_REVIEW,至少一个受影响字段无法整字段安全转换，或完整源行不可读/不可定位，或存在复合断言
UA2-01122,user-agent,docs/PRD-代理商支撑增强.md,source_section;source_quote;atomic_assertion,鏁版嵁琛ㄨ璁?,澶嶇敤宸叉湁閫氱煡绯荤粺锛屾柊澧?`agent_notifications` 琛ㄦ垨鎵╁睍 `notification_type` 鏋氫妇锛?,澶嶇敤宸叉湁閫氱煡绯荤粺锛屾柊澧?`agent_notifications` 琛ㄦ垨鎵╁睍 `notification_type` 鏋氫妇锛?,,,,NO,MANUAL_REVIEW,至少一个受影响字段无法整字段安全转换，或完整源行不可读/不可定位，或存在复合断言
UA2-01124,user-agent,docs/PRD-代理商支撑增强.md,source_section,API 接口,/api/v1/agent/notifications,/api/v1/agent/notifications,,56;93;130;179;213,gb18030->utf8 x1,NO,MANUAL_REVIEW,至少一个受影响字段无法整字段安全转换，或完整源行不可读/不可定位，或存在复合断言
UA2-01125,user-agent,docs/PRD-代理商支撑增强.md,source_section;source_quote;atomic_assertion,API 接口,消息列表（分类筛选）,消息列表（分类筛选）,,56;93;130;179;213,gb18030->utf8 x1,NO,MANUAL_REVIEW,至少一个受影响字段无法整字段安全转换，或完整源行不可读/不可定位，或存在复合断言
UA2-01128,user-agent,docs/PRD-代理商支撑增强.md,source_section,API 接口,/api/v1/agent/notifications/unread-count,/api/v1/agent/notifications/unread-count,,56;93;130;179;213,gb18030->utf8 x1,NO,MANUAL_REVIEW,至少一个受影响字段无法整字段安全转换，或完整源行不可读/不可定位，或存在复合断言
UA2-01129,user-agent,docs/PRD-代理商支撑增强.md,source_section;source_quote;atomic_assertion,API 接口,未读数量,未读数量,,56;93;130;179;213,gb18030->utf8 x1,NO,MANUAL_REVIEW,至少一个受影响字段无法整字段安全转换，或完整源行不可读/不可定位，或存在复合断言
UA2-01132,user-agent,docs/PRD-代理商支撑增强.md,source_section,API 接口,/api/v1/agent/notifications/:id/read,/api/v1/agent/notifications/:id/read,,56;93;130;179;213,gb18030->utf8 x1,NO,MANUAL_REVIEW,至少一个受影响字段无法整字段安全转换，或完整源行不可读/不可定位，或存在复合断言
UA2-01133,user-agent,docs/PRD-代理商支撑增强.md,source_section;source_quote;atomic_assertion,API 接口,标记已读,标记已读,163,56;93;130;179;213,gb18030->utf8 x1,NO,REVIEW_CANDIDATE,所有受影响字段均完成整字段可逆转换，且引用/章节可定位；仍需人工确认
UA2-01136,user-agent,docs/PRD-代理商支撑增强.md,source_section,API 接口,/api/v1/agent/notifications/read-all,/api/v1/agent/notifications/read-all,,56;93;130;179;213,gb18030->utf8 x1,NO,MANUAL_REVIEW,至少一个受影响字段无法整字段安全转换，或完整源行不可读/不可定位，或存在复合断言
UA2-01137,user-agent,docs/PRD-代理商支撑增强.md,source_section;source_quote;atomic_assertion,API 接口,全部标记已读,全部标记已读,163,56;93;130;179;213,gb18030->utf8 x1,NO,REVIEW_CANDIDATE,所有受影响字段均完成整字段可逆转换，且引用/章节可定位；仍需人工确认
UA2-01139,user-agent,docs/PRD-代理商支撑增强.md,source_section;source_quote;atomic_assertion,前端变更,"浠ｇ悊绔?-> 鏂板""娑堟伅涓績""鍏ュ彛","浠ｇ悊绔?-> 鏂板""娑堟伅涓績""鍏ュ彛",,67;104;140;188;222;247,gb18030->utf8 x1,NO,MANUAL_REVIEW,至少一个受影响字段无法整字段安全转换，或完整源行不可读/不可定位，或存在复合断言
UA2-01140,user-agent,docs/PRD-代理商支撑增强.md,source_section;source_quote;atomic_assertion,前端变更,娑堟伅鍒楄〃 + 鍒嗙被绛涢€?+ 鏈鏍囪,娑堟伅鍒楄〃 + 鍒嗙被绛涢€?+ 鏈鏍囪,,67;104;140;188;222;247,gb18030->utf8 x1,NO,MANUAL_REVIEW,至少一个受影响字段无法整字段安全转换，或完整源行不可读/不可定位，或存在复合断言
UA2-01141,user-agent,docs/PRD-代理商支撑增强.md,source_section;source_quote;atomic_assertion,前端变更,浠ｇ悊绔?-> 渚ц竟鏍?,浠ｇ悊绔?-> 渚ц竟鏍?,,67;104;140;188;222;247,gb18030->utf8 x1,NO,MANUAL_REVIEW,至少一个受影响字段无法整字段安全转换，或完整源行不可读/不可定位，或存在复合断言
UA2-01142,user-agent,docs/PRD-代理商支撑增强.md,source_section;source_quote;atomic_assertion,前端变更,消息图标 + 未读数量角标,消息图标 + 未读数量角标,,67;104;140;188;222;247,gb18030->utf8 x1,NO,MANUAL_REVIEW,至少一个受影响字段无法整字段安全转换，或完整源行不可读/不可定位，或存在复合断言
UA2-01143,user-agent,docs/PRD-代理商支撑增强.md,source_quote;atomic_assertion,背景,褰撳墠绛夌骇浣撶郴鍦ㄥ悗鍙扮鐞嗭紝浠ｇ悊鍟嗙湅涓嶅埌瀹屾暣鐨勭瓑绾ф潈鐩婂姣斿拰鍗囩骇杩涘害銆備唬鐞嗕笉鐭ラ亾鑷繁褰撳墠绛夌骇鏈変粈涔堟潈鐩娿€佸崌鍒颁笅涓€绾ч渶瑕佷粈涔堟潯浠躲€?,褰撳墠绛夌骇浣撶郴鍦ㄥ悗鍙扮鐞嗭紝浠ｇ悊鍟嗙湅涓嶅埌瀹屾暣鐨勭瓑绾ф潈鐩婂姣斿拰鍗囩骇杩涘害銆備唬鐞嗕笉鐭ラ亾鑷繁褰撳墠绛夌骇鏈変粈涔堟潈鐩娿€佸崌鍒颁笅涓€绾ч渶瑕佷粈涔堟潯浠躲€?,,14;78;116;152;199;233,gb18030->utf8 x1,NO,MANUAL_REVIEW,至少一个受影响字段无法整字段安全转换，或完整源行不可读/不可定位，或存在复合断言
UA2-01145,user-agent,docs/PRD-代理商支撑增强.md,source_quote;atomic_assertion,功能规格,各等级佣金率 / 提现额度 / 客服优先 / 专属经理 / 结算周期 横向对比,各等级佣金率 / 提现额度 / 客服优先 / 专属经理 / 结算周期 横向对比,,18;82;120;156;203;237,gb18030->utf8 x1,NO,MANUAL_REVIEW,至少一个受影响字段无法整字段安全转换，或完整源行不可读/不可定位，或存在复合断言
UA2-01147,user-agent,docs/PRD-代理商支撑增强.md,source_quote;atomic_assertion,功能规格,展示当前等级的所有权益，高亮已解锁项,展示当前等级的所有权益，高亮已解锁项,208,18;82;120;156;203;237,gb18030->utf8 x1,NO,REVIEW_CANDIDATE,所有受影响字段均完成整字段可逆转换，且引用/章节可定位；仍需人工确认
UA2-01149,user-agent,docs/PRD-代理商支撑增强.md,source_quote;atomic_assertion,功能规格,褰撳墠绛夌骇鍒颁笅涓€绾х殑鍏蜂綋鏉′欢锛堟湀娑堣垂杈?X 涓?瀹㈡埛鏁拌揪 X 涓級,褰撳墠绛夌骇鍒颁笅涓€绾х殑鍏蜂綋鏉′欢锛堟湀娑堣垂杈?X 涓?瀹㈡埛鏁拌揪 X 涓級,,18;82;120;156;203;237,gb18030->utf8 x1,NO,MANUAL_REVIEW,至少一个受影响字段无法整字段安全转换，或完整源行不可读/不可定位，或存在复合断言
UA2-01151,user-agent,docs/PRD-代理商支撑增强.md,source_quote;atomic_assertion,功能规格,杩涘害鏉″睍绀烘潯浠跺畬鎴愬害锛堝锛氬綋鍓嶆湀娑堣垂 5 涓?/ 鐩爣 10 涓囷級,杩涘害鏉″睍绀烘潯浠跺畬鎴愬害锛堝锛氬綋鍓嶆湀娑堣垂 5 涓?/ 鐩爣 10 涓囷級,,18;82;120;156;203;237,gb18030->utf8 x1,NO,MANUAL_REVIEW,至少一个受影响字段无法整字段安全转换，或完整源行不可读/不可定位，或存在复合断言
UA2-01153,user-agent,docs/PRD-代理商支撑增强.md,source_quote;atomic_assertion,功能规格,绛夌骇鍙樻洿璁板綍锛堟椂闂?/ 浠庡摢绾у崌鍒板摢绾?/ 鍘熷洜锛?,绛夌骇鍙樻洿璁板綍锛堟椂闂?/ 浠庡摢绾у崌鍒板摢绾?/ 鍘熷洜锛?,,18;82;120;156;203;237,gb18030->utf8 x1,NO,MANUAL_REVIEW,至少一个受影响字段无法整字段安全转换，或完整源行不可读/不可定位，或存在复合断言
UA2-01155,user-agent,docs/PRD-代理商支撑增强.md,source_section,API 接口,/api/v1/agent/level/benefits,/api/v1/agent/level/benefits,217,56;93;130;179;213,gb18030->utf8 x1,NO,REVIEW_CANDIDATE,所有受影响字段均完成整字段可逆转换，且引用/章节可定位；仍需人工确认
UA2-01156,user-agent,docs/PRD-代理商支撑增强.md,source_section,API 接口,当前等级权益,当前等级权益,217,56;93;130;179;213,gb18030->utf8 x1,NO,REVIEW_CANDIDATE,所有受影响字段均完成整字段可逆转换，且引用/章节可定位；仍需人工确认
UA2-01159,user-agent,docs/PRD-代理商支撑增强.md,source_section,API 接口,/api/v1/agent/level/comparison,/api/v1/agent/level/comparison,,56;93;130;179;213,gb18030->utf8 x1,NO,MANUAL_REVIEW,至少一个受影响字段无法整字段安全转换，或完整源行不可读/不可定位，或存在复合断言
UA2-01160,user-agent,docs/PRD-代理商支撑增强.md,source_section;source_quote;atomic_assertion,API 接口,鍚勭瓑绾ф潈鐩婂姣?,鍚勭瓑绾ф潈鐩婂姣?,,56;93;130;179;213,gb18030->utf8 x1,NO,MANUAL_REVIEW,至少一个受影响字段无法整字段安全转换，或完整源行不可读/不可定位，或存在复合断言
UA2-01163,user-agent,docs/PRD-代理商支撑增强.md,source_section,API 接口,/api/v1/agent/level/upgrade-progress,/api/v1/agent/level/upgrade-progress,,56;93;130;179;213,gb18030->utf8 x1,NO,MANUAL_REVIEW,至少一个受影响字段无法整字段安全转换，或完整源行不可读/不可定位，或存在复合断言
UA2-01164,user-agent,docs/PRD-代理商支撑增强.md,source_section,API 接口,鍗囩骇鏉′欢鍙婅繘搴?,鍗囩骇鏉′欢鍙婅繘搴?,,56;93;130;179;213,gb18030->utf8 x1,NO,MANUAL_REVIEW,至少一个受影响字段无法整字段安全转换，或完整源行不可读/不可定位，或存在复合断言
UA2-01167,user-agent,docs/PRD-代理商支撑增强.md,source_section,API 接口,/api/v1/agent/level/history,/api/v1/agent/level/history,220,56;93;130;179;213,gb18030->utf8 x1,NO,REVIEW_CANDIDATE,所有受影响字段均完成整字段可逆转换，且引用/章节可定位；仍需人工确认
UA2-01168,user-agent,docs/PRD-代理商支撑增强.md,source_section,API 接口,等级变更历史,等级变更历史,220,56;93;130;179;213,gb18030->utf8 x1,NO,REVIEW_CANDIDATE,所有受影响字段均完成整字段可逆转换，且引用/章节可定位；仍需人工确认
UA2-01170,user-agent,docs/PRD-代理商支撑增强.md,source_section;source_quote;atomic_assertion,前端变更,"浠ｇ悊绔?-> 鏂板""鎴戠殑绛夌骇""鍏ュ彛","浠ｇ悊绔?-> 鏂板""鎴戠殑绛夌骇""鍏ュ彛",,67;104;140;188;222;247,gb18030->utf8 x1,NO,MANUAL_REVIEW,至少一个受影响字段无法整字段安全转换，或完整源行不可读/不可定位，或存在复合断言
UA2-01171,user-agent,docs/PRD-代理商支撑增强.md,source_section,前端变更,绛夌骇鏉冪泭灞曠ず + 鍗囩骇杩涘害 + 鏉冪泭瀵规瘮琛?,绛夌骇鏉冪泭灞曠ず + 鍗囩骇杩涘害 + 鏉冪泭瀵规瘮琛?,,67;104;140;188;222;247,gb18030->utf8 x1,NO,MANUAL_REVIEW,至少一个受影响字段无法整字段安全转换，或完整源行不可读/不可定位，或存在复合断言
UA2-01172,user-agent,docs/PRD-代理商支撑增强.md,source_section;source_quote;atomic_assertion,前端变更,浠ｇ悊绔?-> 浠〃鐩?,浠ｇ悊绔?-> 浠〃鐩?,,67;104;140;188;222;247,gb18030->utf8 x1,NO,MANUAL_REVIEW,至少一个受影响字段无法整字段安全转换，或完整源行不可读/不可定位，或存在复合断言
UA2-01173,user-agent,docs/PRD-代理商支撑增强.md,source_section;source_quote;atomic_assertion,前端变更,绛夌骇鏍囩 + 鍗囩骇杩涘害鏉★紙蹇嵎鍏ュ彛锛?,绛夌骇鏍囩 + 鍗囩骇杩涘害鏉★紙蹇嵎鍏ュ彛锛?,,67;104;140;188;222;247,gb18030->utf8 x1,NO,MANUAL_REVIEW,至少一个受影响字段无法整字段安全转换，或完整源行不可读/不可定位，或存在复合断言
UA2-01174,user-agent,docs/PRD-代理商支撑增强.md,source_quote;atomic_assertion,背景,浠ｇ悊鍟嗙粡甯稿湪澶栵紝闇€瑕佹墜鏈烘煡鐪嬪叧閿暟鎹€傚綋鍓嶇郴缁熶粎閫傞厤妗岄潰绔紝浠ｇ悊鍟嗗湪澶栨棤娉曚究鎹锋煡鐪嬩剑閲戝拰瀹㈡埛鎯呭喌銆?,浠ｇ悊鍟嗙粡甯稿湪澶栵紝闇€瑕佹墜鏈烘煡鐪嬪叧閿暟鎹€傚綋鍓嶇郴缁熶粎閫傞厤妗岄潰绔紝浠ｇ悊鍟嗗湪澶栨棤娉曚究鎹锋煡鐪嬩剑閲戝拰瀹㈡埛鎯呭喌銆?,,14;78;116;152;199;233,gb18030->utf8 x1,NO,MANUAL_REVIEW,至少一个受影响字段无法整字段安全转换，或完整源行不可读/不可定位，或存在复合断言
UA2-01175,user-agent,docs/PRD-代理商支撑增强.md,source_quote;atomic_assertion,功能规格,鍝嶅簲寮忛€傞厤,鍝嶅簲寮忛€傞厤,,18;82;120;156;203;237,gb18030->utf8 x1,NO,MANUAL_REVIEW,至少一个受影响字段无法整字段安全转换，或完整源行不可读/不可定位，或存在复合断言
UA2-01176,user-agent,docs/PRD-代理商支撑增强.md,source_quote;atomic_assertion,功能规格,浠ｇ悊绔墍鏈夐〉闈㈤€傞厤绉诲姩绔睆骞曪紙480px 浠ヤ笅锛?,浠ｇ悊绔墍鏈夐〉闈㈤€傞厤绉诲姩绔睆骞曪紙480px 浠ヤ笅锛?,,18;82;120;156;203;237,gb18030->utf8 x1,NO,MANUAL_REVIEW,至少一个受影响字段无法整字段安全转换，或完整源行不可读/不可定位，或存在复合断言
UA2-01177,user-agent,docs/PRD-代理商支撑增强.md,source_quote;atomic_assertion,功能规格,绉诲姩绔椤?,绉诲姩绔椤?,,18;82;120;156;203;237,gb18030->utf8 x1,NO,MANUAL_REVIEW,至少一个受影响字段无法整字段安全转换，或完整源行不可读/不可定位，或存在复合断言
UA2-01178,user-agent,docs/PRD-代理商支撑增强.md,source_quote;atomic_assertion,功能规格,鍏抽敭鏁版嵁鍗＄墖锛氫粖鏃ヤ剑閲?/ 寰呯粨绠?/ 鍚嶄笅瀹㈡埛鏁?/ 鎻愮幇杩涘害,鍏抽敭鏁版嵁鍗＄墖锛氫粖鏃ヤ剑閲?/ 寰呯粨绠?/ 鍚嶄笅瀹㈡埛鏁?/ 鎻愮幇杩涘害,,18;82;120;156;203;237,gb18030->utf8 x1,NO,MANUAL_REVIEW,至少一个受影响字段无法整字段安全转换，或完整源行不可读/不可定位，或存在复合断言
UA2-01179,user-agent,docs/PRD-代理商支撑增强.md,source_quote;atomic_assertion,功能规格,绉诲姩绔鑸?,绉诲姩绔鑸?,,18;82;120;156;203;237,gb18030->utf8 x1,NO,MANUAL_REVIEW,至少一个受影响字段无法整字段安全转换，或完整源行不可读/不可定位，或存在复合断言
UA2-01180,user-agent,docs/PRD-代理商支撑增强.md,source_quote;atomic_assertion,功能规格,搴曢儴 Tab 瀵艰埅锛氶椤?/ 瀹㈡埛 / 璐㈠姟 / 娑堟伅 / 鎴戠殑,搴曢儴 Tab 瀵艰埅锛氶椤?/ 瀹㈡埛 / 璐㈠姟 / 娑堟伅 / 鎴戠殑,,18;82;120;156;203;237,gb18030->utf8 x1,NO,MANUAL_REVIEW,至少一个受影响字段无法整字段安全转换，或完整源行不可读/不可定位，或存在复合断言
UA2-01181,user-agent,docs/PRD-代理商支撑增强.md,source_quote;atomic_assertion,功能规格,绉诲姩绔搷浣?,绉诲姩绔搷浣?,,18;82;120;156;203;237,gb18030->utf8 x1,NO,MANUAL_REVIEW,至少一个受影响字段无法整字段安全转换，或完整源行不可读/不可定位，或存在复合断言
UA2-01182,user-agent,docs/PRD-代理商支撑增强.md,source_quote;atomic_assertion,功能规格,鏀寔鏌ョ湅浣ｉ噾鏄庣粏銆佸鎴峰垪琛ㄣ€佹彁鐜拌繘搴︺€佹秷鎭垪琛?,鏀寔鏌ョ湅浣ｉ噾鏄庣粏銆佸鎴峰垪琛ㄣ€佹彁鐜拌繘搴︺€佹秷鎭垪琛?,,18;82;120;156;203;237,gb18030->utf8 x1,NO,MANUAL_REVIEW,至少一个受影响字段无法整字段安全转换，或完整源行不可读/不可定位，或存在复合断言
UA2-01183,user-agent,docs/PRD-代理商支撑增强.md,source_quote;atomic_assertion,功能规格,绉诲姩绔帹骞?,绉诲姩绔帹骞?,,18;82;120;156;203;237,gb18030->utf8 x1,NO,MANUAL_REVIEW,至少一个受影响字段无法整字段安全转换，或完整源行不可读/不可定位，或存在复合断言
UA2-01184,user-agent,docs/PRD-代理商支撑增强.md,source_quote;atomic_assertion,功能规格,蹇€熺敓鎴愭帹骞块摼鎺?/ 浜岀淮鐮侊紝鍒嗕韩鍒板井淇?,蹇€熺敓鎴愭帹骞块摼鎺?/ 浜岀淮鐮侊紝鍒嗕韩鍒板井淇?,,18;82;120;156;203;237,gb18030->utf8 x1,NO,MANUAL_REVIEW,至少一个受影响字段无法整字段安全转换，或完整源行不可读/不可定位，或存在复合断言
UA2-01185,user-agent,docs/PRD-代理商支撑增强.md,source_section;source_quote;atomic_assertion,前端变更,浠ｇ悊绔?,浠ｇ悊绔?,,67;104;140;188;222;247,gb18030->utf8 x1,NO,MANUAL_REVIEW,至少一个受影响字段无法整字段安全转换，或完整源行不可读/不可定位，或存在复合断言
UA2-01186,user-agent,docs/PRD-代理商支撑增强.md,source_section;source_quote;atomic_assertion,前端变更,鍏ㄥ眬鍝嶅簲寮忓竷灞€锛岀Щ鍔ㄧ搴曢儴 Tab 瀵艰埅,鍏ㄥ眬鍝嶅簲寮忓竷灞€锛岀Щ鍔ㄧ搴曢儴 Tab 瀵艰埅,,67;104;140;188;222;247,gb18030->utf8 x1,NO,MANUAL_REVIEW,至少一个受影响字段无法整字段安全转换，或完整源行不可读/不可定位，或存在复合断言
UA2-01187,user-agent,docs/PRD-代理商支撑增强.md,source_section;source_quote;atomic_assertion,前端变更,浠ｇ悊绔?-> 绉诲姩绔椤?,浠ｇ悊绔?-> 绉诲姩绔椤?,,67;104;140;188;222;247,gb18030->utf8 x1,NO,MANUAL_REVIEW,至少一个受影响字段无法整字段安全转换，或完整源行不可读/不可定位，或存在复合断言
UA2-01188,user-agent,docs/PRD-代理商支撑增强.md,source_section;source_quote;atomic_assertion,前端变更,4 涓?KPI 鍗＄墖 + 蹇嵎鎿嶄綔,4 涓?KPI 鍗＄墖 + 蹇嵎鎿嶄綔,,67;104;140;188;222;247,gb18030->utf8 x1,NO,MANUAL_REVIEW,至少一个受影响字段无法整字段安全转换，或完整源行不可读/不可定位，或存在复合断言
UA2-01189,user-agent,docs/PRD-代理商支撑增强.md,source_section;source_quote;atomic_assertion,前端变更,浠ｇ悊绔?-> 绉诲姩绔鎴?,浠ｇ悊绔?-> 绉诲姩绔鎴?,,67;104;140;188;222;247,gb18030->utf8 x1,NO,MANUAL_REVIEW,至少一个受影响字段无法整字段安全转换，或完整源行不可读/不可定位，或存在复合断言
UA2-01190,user-agent,docs/PRD-代理商支撑增强.md,source_section;source_quote;atomic_assertion,前端变更,瀹㈡埛鍒楄〃 + 娑堣垂鎺掑悕 + 娲昏穬鐘舵€?,瀹㈡埛鍒楄〃 + 娑堣垂鎺掑悕 + 娲昏穬鐘舵€?,,67;104;140;188;222;247,gb18030->utf8 x1,NO,MANUAL_REVIEW,至少一个受影响字段无法整字段安全转换，或完整源行不可读/不可定位，或存在复合断言
UA2-01191,user-agent,docs/PRD-代理商支撑增强.md,source_section;source_quote;atomic_assertion,前端变更,浠ｇ悊绔?-> 绉诲姩绔储鍔?,浠ｇ悊绔?-> 绉诲姩绔储鍔?,,67;104;140;188;222;247,gb18030->utf8 x1,NO,MANUAL_REVIEW,至少一个受影响字段无法整字段安全转换，或完整源行不可读/不可定位，或存在复合断言
UA2-01192,user-agent,docs/PRD-代理商支撑增强.md,source_section,前端变更,浣ｉ噾姹囨€?+ 鎻愮幇杩涘害 + 璐㈠姟鏃ュ巻,浣ｉ噾姹囨€?+ 鎻愮幇杩涘害 + 璐㈠姟鏃ュ巻,,67;104;140;188;222;247,gb18030->utf8 x1,NO,MANUAL_REVIEW,至少一个受影响字段无法整字段安全转换，或完整源行不可读/不可定位，或存在复合断言
UA2-01193,user-agent,docs/PRD-代理商支撑增强.md,source_section;source_quote;atomic_assertion,19.7 浠ｇ悊鍟嗘敮鎾戝寮烘€昏,客户报备管理,客户报备管理,6;12,,gb18030->utf8 x1,NO,MANUAL_REVIEW,至少一个受影响字段无法整字段安全转换，或完整源行不可读/不可定位，或存在复合断言
UA2-01194,user-agent,docs/PRD-代理商支撑增强.md,source_section;source_quote;atomic_assertion,19.7 浠ｇ悊鍟嗘敮鎾戝寮烘€昏,后端 4d + 前端 4d,后端 4d + 前端 4d,,,gb18030->utf8 x1,NO,MANUAL_REVIEW,至少一个受影响字段无法整字段安全转换，或完整源行不可读/不可定位，或存在复合断言
UA2-01195,user-agent,docs/PRD-代理商支撑增强.md,source_section;source_quote;atomic_assertion,19.7 浠ｇ悊鍟嗘敮鎾戝寮烘€昏,瀹㈡埛褰掑睘娴佺▼姝ｈ鍖栵紝闃叉姠鍗?,瀹㈡埛褰掑睘娴佺▼姝ｈ鍖栵紝闃叉姠鍗?,,,,NO,MANUAL_REVIEW,至少一个受影响字段无法整字段安全转换，或完整源行不可读/不可定位，或存在复合断言
UA2-01196,user-agent,docs/PRD-代理商支撑增强.md,source_section,19.7 浠ｇ悊鍟嗘敮鎾戝寮烘€昏,浠ｇ悊鍟嗚储鍔′腑蹇?,浠ｇ悊鍟嗚储鍔′腑蹇?,76,,,NO,MANUAL_REVIEW,至少一个受影响字段无法整字段安全转换，或完整源行不可读/不可定位，或存在复合断言
UA2-01198,user-agent,docs/PRD-代理商支撑增强.md,source_section;source_quote;atomic_assertion,19.7 浠ｇ悊鍟嗘敮鎾戝寮烘€昏,佣金透明化，代理商最核心诉求,佣金透明化，代理商最核心诉求,,,gb18030->utf8 x1,NO,MANUAL_REVIEW,至少一个受影响字段无法整字段安全转换，或完整源行不可读/不可定位，或存在复合断言
UA2-01199,user-agent,docs/PRD-代理商支撑增强.md,source_section;source_quote;atomic_assertion,19.7 浠ｇ悊鍟嗘敮鎾戝寮烘€昏,浠ｇ悊绔鎴锋秷璐规槑缁?,浠ｇ悊绔鎴锋秷璐规槑缁?,,,,NO,MANUAL_REVIEW,至少一个受影响字段无法整字段安全转换，或完整源行不可读/不可定位，或存在复合断言
UA2-01200,user-agent,docs/PRD-代理商支撑增强.md,source_section;source_quote;atomic_assertion,19.7 浠ｇ悊鍟嗘敮鎾戝寮烘€昏,后端 3d + 前端 3d,后端 3d + 前端 3d,,,gb18030->utf8 x1,NO,MANUAL_REVIEW,至少一个受影响字段无法整字段安全转换，或完整源行不可读/不可定位，或存在复合断言
UA2-01201,user-agent,docs/PRD-代理商支撑增强.md,source_section;source_quote;atomic_assertion,19.7 浠ｇ悊鍟嗘敮鎾戝寮烘€昏,浜嗚В瀹㈡埛鍋ュ悍鐘跺喌锛屾彁鍓嶉璀?,浜嗚В瀹㈡埛鍋ュ悍鐘跺喌锛屾彁鍓嶉璀?,,,,NO,MANUAL_REVIEW,至少一个受影响字段无法整字段安全转换，或完整源行不可读/不可定位，或存在复合断言
UA2-01202,user-agent,docs/PRD-代理商支撑增强.md,source_section;source_quote;atomic_assertion,19.7 浠ｇ悊鍟嗘敮鎾戝寮烘€昏,浠ｇ悊绔秷鎭€氱煡,浠ｇ悊绔秷鎭€氱煡,,,,NO,MANUAL_REVIEW,至少一个受影响字段无法整字段安全转换，或完整源行不可读/不可定位，或存在复合断言
UA2-01203,user-agent,docs/PRD-代理商支撑增强.md,source_section;source_quote;atomic_assertion,19.7 浠ｇ悊鍟嗘敮鎾戝寮烘€昏,后端 2d + 前端 2d,后端 2d + 前端 2d,,,gb18030->utf8 x1,NO,MANUAL_REVIEW,至少一个受影响字段无法整字段安全转换，或完整源行不可读/不可定位，或存在复合断言
UA2-01204,user-agent,docs/PRD-代理商支撑增强.md,source_section,19.7 浠ｇ悊鍟嗘敮鎾戝寮烘€昏,鍏抽敭淇℃伅涓嶉仐婕?,鍏抽敭淇℃伅涓嶉仐婕?,,,,NO,MANUAL_REVIEW,至少一个受影响字段无法整字段安全转换，或完整源行不可读/不可定位，或存在复合断言
UA2-01205,user-agent,docs/PRD-代理商支撑增强.md,source_section;source_quote;atomic_assertion,19.7 浠ｇ悊鍟嗘敮鎾戝寮烘€昏,浠ｇ悊鍟嗙瓑绾ф潈鐩婂睍绀?,浠ｇ悊鍟嗙瓑绾ф潈鐩婂睍绀?,,,,NO,MANUAL_REVIEW,至少一个受影响字段无法整字段安全转换，或完整源行不可读/不可定位，或存在复合断言
UA2-01207,user-agent,docs/PRD-代理商支撑增强.md,source_section;source_quote;atomic_assertion,19.7 浠ｇ悊鍟嗘敮鎾戝寮烘€昏,婵€鍔变唬鐞嗗崌绾э紝閫忔槑鍖栨潈鐩?,婵€鍔变唬鐞嗗崌绾э紝閫忔槑鍖栨潈鐩?,,,,NO,MANUAL_REVIEW,至少一个受影响字段无法整字段安全转换，或完整源行不可读/不可定位，或存在复合断言
UA2-01208,user-agent,docs/PRD-代理商支撑增强.md,source_section;source_quote;atomic_assertion,19.7 浠ｇ悊鍟嗘敮鎾戝寮烘€昏,代理端移动版适配,代理端移动版适配,231,,gb18030->utf8 x1,NO,MANUAL_REVIEW,至少一个受影响字段无法整字段安全转换，或完整源行不可读/不可定位，或存在复合断言
UA2-01209,user-agent,docs/PRD-代理商支撑增强.md,source_section;source_quote;atomic_assertion,19.7 浠ｇ悊鍟嗘敮鎾戝寮烘€昏,前端 5d,前端 5d,,,gb18030->utf8 x1,NO,MANUAL_REVIEW,至少一个受影响字段无法整字段安全转换，或完整源行不可读/不可定位，或存在复合断言
UA2-01210,user-agent,docs/PRD-代理商支撑增强.md,source_section,19.7 浠ｇ悊鍟嗘敮鎾戝寮烘€昏,鎻愬崌浠ｇ悊鍟嗗湪澶栦娇鐢ㄤ綋楠?,鎻愬崌浠ｇ悊鍟嗗湪澶栦娇鐢ㄤ綋楠?,,,,NO,MANUAL_REVIEW,至少一个受影响字段无法整字段安全转换，或完整源行不可读/不可定位，或存在复合断言
UA2-01211,user-agent,docs/PRD-代理商支撑增强.md,source_section;source_quote;atomic_assertion,19.7 浠ｇ悊鍟嗘敮鎾戝寮烘€昏,**鍚堣**锛氬悗绔?15 浜哄ぉ + 鍓嶇 20 浜哄ぉ = 绾?4.5 鍛?,**鍚堣**锛氬悗绔?15 浜哄ぉ + 鍓嶇 20 浜哄ぉ = 绾?4.5 鍛?,,,,NO,MANUAL_REVIEW,至少一个受影响字段无法整字段安全转换，或完整源行不可读/不可定位，或存在复合断言
UA2-01212,user-agent,docs/PRD-代理商支撑增强.md,source_section;source_quote;atomic_assertion,19.7 浠ｇ悊鍟嗘敮鎾戝寮烘€昏,**澶囨敞**锛氫唬鐞嗗晢鏀拺澧炲己涓?搂11 涓氬姟鍛樻敮鎾戞ā鍧楀叡鐢ㄥ鎴风鐞嗘鏋讹紝浣嗚仛鐒︿簬浠ｇ悊鍟嗚瑙掔殑璐㈠姟鍜岀粡钀ュ伐鍏凤紝鑰岄潪鎷撳宸ュ叿銆備笟鍔″憳璐熻矗鎷撳鍜屾姤澶囷紝浠ｇ悊鍟嗚礋璐ｇ粡钀ュ拰鎻愮幇銆?,**澶囨敞**锛氫唬鐞嗗晢鏀拺澧炲己涓?搂11 涓氬姟鍛樻敮鎾戞ā鍧楀叡鐢ㄥ鎴风鐞嗘鏋讹紝浣嗚仛鐒︿簬浠ｇ悊鍟嗚瑙掔殑璐㈠姟鍜岀粡钀ュ伐鍏凤紝鑰岄潪鎷撳宸ュ叿銆備笟鍔″憳璐熻矗鎷撳鍜屾姤澶囷紝浠ｇ悊鍟嗚礋璐ｇ粡钀ュ拰鎻愮幇銆?,,,,NO,MANUAL_REVIEW,至少一个受影响字段无法整字段安全转换，或完整源行不可读/不可定位，或存在复合断言
UA2-01789,user-agent,docs/PRD-用户端体验增强.md,source_quote;atomic_assertion,文档正文,**閫傜敤瀵硅薄**锛氱粓绔敤鎴凤紙寮€鍙戣€浼佷笟鐢ㄦ埛/API 璋冪敤鑰咃級,**閫傜敤瀵硅薄**锛氱粓绔敤鎴凤紙寮€鍙戣€浼佷笟鐢ㄦ埛/API 璋冪敤鑰咃級,,,,NO,MANUAL_REVIEW,至少一个受影响字段无法整字段安全转换，或完整源行不可读/不可定位，或存在复合断言
UA2-01790,user-agent,docs/PRD-用户端体验增强.md,source_quote;atomic_assertion,文档正文,**鐘舵€*锛歅0-P2 鏂板闇€姹|,**鐘舵€*锛歅0-P2 鏂板闇€姹|,,,,NO,MANUAL_REVIEW,至少一个受影响字段无法整字段安全转换，或完整源行不可读/不可定位，或存在复合断言
UA2-01791,user-agent,docs/PRD-用户端体验增强.md,source_quote;atomic_assertion,背景,鐢ㄦ埛鎺ュ叆骞冲彴鏃讹紝闇€瑕佽皟璇API 璋冪敤銆傚綋鍓嶅彧鑳介€氳繃 Playground 鍋氱畝鍗曟祴璇曪紝娌℃湁瀹屾暣鐨API 璋冭瘯宸ュ叿銆傜敤鎴烽渶瑕佺湅鍒拌姹鍝嶅簲/璐圭敤/Tokens/鑰楁椂绛夊畬鏁翠俊鎭紝杩樿鑳藉揩閫熺敓鎴愯皟鐢ㄤ唬鐮併€|,鐢ㄦ埛鎺ュ叆骞冲彴鏃讹紝闇€瑕佽皟璇API 璋冪敤銆傚綋鍓嶅彧鑳介€氳繃 Playground 鍋氱畝鍗曟祴璇曪紝娌℃湁瀹屾暣鐨API 璋冭瘯宸ュ叿銆傜敤鎴烽渶瑕佺湅鍒拌姹鍝嶅簲/璐圭敤/Tokens/鑰楁椂绛夊畬鏁翠俊鎭紝杩樿鑳藉揩閫熺敓鎴愯皟鐢ㄤ唬鐮併€|,,7;63;137;172;236;296;334;405,gb18030->utf8 x1,NO,MANUAL_REVIEW,至少一个受影响字段无法整字段安全转换，或完整源行不可读/不可定位，或存在复合断言
UA2-01793,user-agent,docs/PRD-用户端体验增强.md,source_quote;atomic_assertion,功能规格,閫夋嫨妯″瀷 + 杈撳叆鍙傛暟锛坢odel/messages/temperature/max_tokens/stream锛,閫夋嫨妯″瀷 + 杈撳叆鍙傛暟锛坢odel/messages/temperature/max_tokens/stream锛,,11;67;141;176;240;300;338;409,gb18030->utf8 x1,NO,MANUAL_REVIEW,至少一个受影响字段无法整字段安全转换，或完整源行不可读/不可定位，或存在复合断言
UA2-01795,user-agent,docs/PRD-用户端体验增强.md,source_quote;atomic_assertion,功能规格,鏍煎紡鍖栧睍绀哄搷搴斿唴瀹+ 鑰楁椂 + 杈撳叆 Tokens + 杈撳嚭 Tokens + 璐圭敤鏄庣粏,鏍煎紡鍖栧睍绀哄搷搴斿唴瀹+ 鑰楁椂 + 杈撳叆 Tokens + 杈撳嚭 Tokens + 璐圭敤鏄庣粏,,11;67;141;176;240;300;338;409,gb18030->utf8 x1,NO,MANUAL_REVIEW,至少一个受影响字段无法整字段安全转换，或完整源行不可读/不可定位，或存在复合断言
UA2-01797,user-agent,docs/PRD-用户端体验增强.md,source_quote;atomic_assertion,功能规格,璋冭瘯妯″紡鑷姩杩斿洖 `_chain` 閾捐矾杩借釜淇℃伅锛屽睍绀烘瘡涓€姝ワ細妯″瀷瑙ｆ瀽鈫掕矾鐢卞€欓€夆啋闄愭祦妫€鏌モ啋涓婃父杞彂,璋冭瘯妯″紡鑷姩杩斿洖 `_chain` 閾捐矾杩借釜淇℃伅锛屽睍绀烘瘡涓€姝ワ細妯″瀷瑙ｆ瀽鈫掕矾鐢卞€欓€夆啋闄愭祦妫€鏌モ啋涓婃父杞彂,,11;67;141;176;240;300;338;409,gb18030->utf8 x1,NO,MANUAL_REVIEW,至少一个受影响字段无法整字段安全转换，或完整源行不可读/不可定位，或存在复合断言
UA2-01798,user-agent,docs/PRD-用户端体验增强.md,source_quote;atomic_assertion,功能规格,渚涘簲鍟嗗姣,渚涘簲鍟嗗姣,,11;67;141;176;240;300;338;409,gb18030->utf8 x1,NO,MANUAL_REVIEW,至少一个受影响字段无法整字段安全转换，或完整源行不可读/不可定位，或存在复合断言
UA2-01799,user-agent,docs/PRD-用户端体验增强.md,source_quote;atomic_assertion,功能规格,璋冭瘯杩斿洖鎵€鏈夊€欓€変緵搴斿晢鐨勫敭浠鍋ュ悍鍒鐘舵€侊紝鏀寔鎸夋渶浣庝环/鍔犳潈闅忔満/鎵嬪姩绛栫暐閫夋嫨,璋冭瘯杩斿洖鎵€鏈夊€欓€変緵搴斿晢鐨勫敭浠鍋ュ悍鍒鐘舵€侊紝鏀寔鎸夋渶浣庝环/鍔犳潈闅忔満/鎵嬪姩绛栫暐閫夋嫨,,11;67;141;176;240;300;338;409,gb18030->utf8 x1,NO,MANUAL_REVIEW,至少一个受影响字段无法整字段安全转换，或完整源行不可读/不可定位，或存在复合断言
UA2-01800,user-agent,docs/PRD-用户端体验增强.md,source_quote;atomic_assertion,功能规格,模型类型支持,模型类型支持,,11;67;141;176;240;300;338;409,gb18030->utf8 x1,NO,MANUAL_REVIEW,至少一个受影响字段无法整字段安全转换，或完整源行不可读/不可定位，或存在复合断言
UA2-01801,user-agent,docs/PRD-用户端体验增强.md,source_quote;atomic_assertion,功能规格,鏀寔 chat/completions锛堝惈娴佸紡锛 embeddings + rerank 涓夌璋冭瘯妯″紡,鏀寔 chat/completions锛堝惈娴佸紡锛 embeddings + rerank 涓夌璋冭瘯妯″紡,,11;67;141;176;240;300;338;409,gb18030->utf8 x1,NO,MANUAL_REVIEW,至少一个受影响字段无法整字段安全转换，或完整源行不可读/不可定位，或存在复合断言
UA2-01803,user-agent,docs/PRD-用户端体验增强.md,source_quote;atomic_assertion,功能规格,鑷姩鐢熸垚 Curl / Python / Node.js 璋冪敤浠ｇ爜锛屼竴閿鍒,鑷姩鐢熸垚 Curl / Python / Node.js 璋冪敤浠ｇ爜锛屼竴閿鍒,,11;67;141;176;240;300;338;409,gb18030->utf8 x1,NO,MANUAL_REVIEW,至少一个受影响字段无法整字段安全转换，或完整源行不可读/不可定位，或存在复合断言
UA2-01805,user-agent,docs/PRD-用户端体验增强.md,source_quote;atomic_assertion,功能规格,鏀寔 SSE 娴佸紡鍝嶅簲灞曠ず锛屽疄鏃舵樉绀Token 杈撳嚭,鏀寔 SSE 娴佸紡鍝嶅簲灞曠ず锛屽疄鏃舵樉绀Token 杈撳嚭,,11;67;141;176;240;300;338;409,gb18030->utf8 x1,NO,MANUAL_REVIEW,至少一个受影响字段无法整字段安全转换，或完整源行不可读/不可定位，或存在复合断言
UA2-01806,user-agent,docs/PRD-用户端体验增强.md,source_section,鍚庣瀹炵幇鐘舵€|,`POST /api/v1/playground/chat/completions`,`POST /api/v1/playground/chat/completions`,,,,NO,MANUAL_REVIEW,至少一个受影响字段无法整字段安全转换，或完整源行不可读/不可定位，或存在复合断言
UA2-01807,user-agent,docs/PRD-用户端体验增强.md,source_section,鍚庣瀹炵幇鐘舵€|,鉁宸插疄鐜,鉁宸插疄鐜,,,,NO,MANUAL_REVIEW,至少一个受影响字段无法整字段安全转换，或完整源行不可读/不可定位，或存在复合断言
UA2-01808,user-agent,docs/PRD-用户端体验增强.md,source_section;source_quote;atomic_assertion,鍚庣瀹炵幇鐘舵€|,鏀寔娴佸紡 + 闈炴祦寮忥紝`_chain` 閾捐矾杩借釜锛岀瓥鐣ラ€夋嫨鍙傛暟,鏀寔娴佸紡 + 闈炴祦寮忥紝`_chain` 閾捐矾杩借釜锛岀瓥鐣ラ€夋嫨鍙傛暟,,,,NO,MANUAL_REVIEW,至少一个受影响字段无法整字段安全转换，或完整源行不可读/不可定位，或存在复合断言
UA2-01809,user-agent,docs/PRD-用户端体验增强.md,source_section,鍚庣瀹炵幇鐘舵€|,`POST /api/v1/playground/embeddings`,`POST /api/v1/playground/embeddings`,,,,NO,MANUAL_REVIEW,至少一个受影响字段无法整字段安全转换，或完整源行不可读/不可定位，或存在复合断言
UA2-01811,user-agent,docs/PRD-用户端体验增强.md,source_section;source_quote;atomic_assertion,鍚庣瀹炵幇鐘舵€|,鍚戦噺宓屽叆璋冭瘯锛岃繑鍥炲€欓€変緵搴斿晢璇︽儏,鍚戦噺宓屽叆璋冭瘯锛岃繑鍥炲€欓€変緵搴斿晢璇︽儏,,,,NO,MANUAL_REVIEW,至少一个受影响字段无法整字段安全转换，或完整源行不可读/不可定位，或存在复合断言
UA2-01812,user-agent,docs/PRD-用户端体验增强.md,source_section,鍚庣瀹炵幇鐘舵€|,`POST /api/v1/playground/rerank`,`POST /api/v1/playground/rerank`,,,,NO,MANUAL_REVIEW,至少一个受影响字段无法整字段安全转换，或完整源行不可读/不可定位，或存在复合断言
UA2-01814,user-agent,docs/PRD-用户端体验增强.md,source_section;source_quote;atomic_assertion,鍚庣瀹炵幇鐘舵€|,重排序调试，链路追踪,重排序调试，链路追踪,,,gb18030->utf8 x1,NO,MANUAL_REVIEW,至少一个受影响字段无法整字段安全转换，或完整源行不可读/不可定位，或存在复合断言
UA2-01815,user-agent,docs/PRD-用户端体验增强.md,source_section,鍚庣瀹炵幇鐘舵€|,`GET /api/v1/playground/models`,`GET /api/v1/playground/models`,,,,NO,MANUAL_REVIEW,至少一个受影响字段无法整字段安全转换，或完整源行不可读/不可定位，或存在复合断言
UA2-01817,user-agent,docs/PRD-用户端体验增强.md,source_section;source_quote;atomic_assertion,鍚庣瀹炵幇鐘舵€|,按类型分组返回可调试模型列表,按类型分组返回可调试模型列表,,,gb18030->utf8 x1,NO,MANUAL_REVIEW,至少一个受影响字段无法整字段安全转换，或完整源行不可读/不可定位，或存在复合断言
UA2-01818,user-agent,docs/PRD-用户端体验增强.md,source_section,鍚庣瀹炵幇鐘舵€|,`GET /api/v1/playground/models/:id/vendors`,`GET /api/v1/playground/models/:id/vendors`,,,,NO,MANUAL_REVIEW,至少一个受影响字段无法整字段安全转换，或完整源行不可读/不可定位，或存在复合断言
UA2-01820,user-agent,docs/PRD-用户端体验增强.md,source_section;source_quote;atomic_assertion,鍚庣瀹炵幇鐘舵€|,鍗曚釜妯″瀷渚涘簲鍟嗚鎯,鍗曚釜妯″瀷渚涘簲鍟嗚鎯,,,,NO,MANUAL_REVIEW,至少一个受影响字段无法整字段安全转换，或完整源行不可读/不可定位，或存在复合断言
UA2-01822,user-agent,docs/PRD-用户端体验增强.md,source_quote;atomic_assertion,寰呭疄鐜|,淇濆瓨鏈€杩100 鏉¤皟璇曡褰曪紝鏀寔閲嶆斁鍜屽姣,淇濆瓨鏈€杩100 鏉¤皟璇曡褰曪紝鏀寔閲嶆斁鍜屽姣,,33,,NO,MANUAL_REVIEW,至少一个受影响字段无法整字段安全转换，或完整源行不可读/不可定位，或存在复合断言
UA2-01823,user-agent,docs/PRD-用户端体验增强.md,source_quote;atomic_assertion,寰呭疄鐜|,澶氭ā鍨嬪姣,澶氭ā鍨嬪姣,,33,,NO,MANUAL_REVIEW,至少一个受影响字段无法整字段安全转换，或完整源行不可读/不可定位，或存在复合断言
UA2-01824,user-agent,docs/PRD-用户端体验增强.md,source_quote;atomic_assertion,寰呭疄鐜|,鍚屼竴璇锋眰鍙戦€佸埌澶氫釜妯″瀷锛屾í鍚戝姣,鍚屼竴璇锋眰鍙戦€佸埌澶氫釜妯″瀷锛屾í鍚戝姣,,33,,NO,MANUAL_REVIEW,至少一个受影响字段无法整字段安全转换，或完整源行不可读/不可定位，或存在复合断言
UA2-01826,user-agent,docs/PRD-用户端体验增强.md,source_quote;atomic_assertion,寰呭疄鐜|,涓€閿敓鎴愬悇璇█璋冪敤浠ｇ爜,涓€閿敓鎴愬悇璇█璋冪敤浠ｇ爜,,33,,NO,MANUAL_REVIEW,至少一个受影响字段无法整字段安全转换，或完整源行不可读/不可定位，或存在复合断言
UA2-01827,user-agent,docs/PRD-用户端体验增强.md,source_section,API 接口,POST,POST,46;118;283;315;317;318;319,41;114;151;213;275;310;381;435,gb18030->utf8 x1,NO,REVIEW_CANDIDATE,所有受影响字段均完成整字段可逆转换，且引用/章节可定位；仍需人工确认
UA2-01828,user-agent,docs/PRD-用户端体验增强.md,source_section,API 接口,/api/v1/playground/chat/completions,/api/v1/playground/chat/completions,,41;114;151;213;275;310;381;435,gb18030->utf8 x1,NO,MANUAL_REVIEW,至少一个受影响字段无法整字段安全转换，或完整源行不可读/不可定位，或存在复合断言
UA2-01829,user-agent,docs/PRD-用户端体验增强.md,source_section;source_quote;atomic_assertion,API 接口,瀵硅瘽璋冭瘯锛堟祦寮闈炴祦寮忥紝甯﹂摼璺拷韪級,瀵硅瘽璋冭瘯锛堟祦寮闈炴祦寮忥紝甯﹂摼璺拷韪級,,41;114;151;213;275;310;381;435,gb18030->utf8 x1,NO,MANUAL_REVIEW,至少一个受影响字段无法整字段安全转换，或完整源行不可读/不可定位，或存在复合断言
UA2-01830,user-agent,docs/PRD-用户端体验增强.md,source_section,API 接口,model_manage,model_manage,46;48,41;114;151;213;275;310;381;435,gb18030->utf8 x1,NO,REVIEW_CANDIDATE,所有受影响字段均完成整字段可逆转换，且引用/章节可定位；仍需人工确认
UA2-01832,user-agent,docs/PRD-用户端体验增强.md,source_section,API 接口,/api/v1/playground/embeddings,/api/v1/playground/embeddings,46,41;114;151;213;275;310;381;435,gb18030->utf8 x1,NO,REVIEW_CANDIDATE,所有受影响字段均完成整字段可逆转换，且引用/章节可定位；仍需人工确认
UA2-01833,user-agent,docs/PRD-用户端体验增强.md,source_section,API 接口,向量嵌入调试,向量嵌入调试,46,41;114;151;213;275;310;381;435,gb18030->utf8 x1,NO,REVIEW_CANDIDATE,所有受影响字段均完成整字段可逆转换，且引用/章节可定位；仍需人工确认
UA2-01836,user-agent,docs/PRD-用户端体验增强.md,source_section,API 接口,/api/v1/playground/rerank,/api/v1/playground/rerank,,41;114;151;213;275;310;381;435,gb18030->utf8 x1,NO,MANUAL_REVIEW,至少一个受影响字段无法整字段安全转换，或完整源行不可读/不可定位，或存在复合断言
UA2-01837,user-agent,docs/PRD-用户端体验增强.md,source_section;source_quote;atomic_assertion,API 接口,閲嶆帓搴忚皟璇,閲嶆帓搴忚皟璇,,41;114;151;213;275;310;381;435,gb18030->utf8 x1,NO,MANUAL_REVIEW,至少一个受影响字段无法整字段安全转换，或完整源行不可读/不可定位，或存在复合断言
UA2-01839,user-agent,docs/PRD-用户端体验增强.md,source_section,API 接口,GET,GET,48;119;122;123;155;157;158;217;218;219;220;221;222;279;281;314;316;320;388;389;439;441;442;443,41;114;151;213;275;310;381;435,gb18030->utf8 x1,NO,REVIEW_CANDIDATE,所有受影响字段均完成整字段可逆转换，且引用/章节可定位；仍需人工确认
UA2-01840,user-agent,docs/PRD-用户端体验增强.md,source_section,API 接口,/api/v1/playground/models,/api/v1/playground/models,48,41;114;151;213;275;310;381;435,gb18030->utf8 x1,NO,REVIEW_CANDIDATE,所有受影响字段均完成整字段可逆转换，且引用/章节可定位；仍需人工确认
UA2-01841,user-agent,docs/PRD-用户端体验增强.md,source_section;source_quote;atomic_assertion,API 接口,可调试模型列表（按类型分组）,可调试模型列表（按类型分组）,48,41;114;151;213;275;310;381;435,gb18030->utf8 x1,NO,REVIEW_CANDIDATE,所有受影响字段均完成整字段可逆转换，且引用/章节可定位；仍需人工确认
UA2-01844,user-agent,docs/PRD-用户端体验增强.md,source_section,API 接口,/api/v1/playground/models/:id/vendors,/api/v1/playground/models/:id/vendors,,41;114;151;213;275;310;381;435,gb18030->utf8 x1,NO,MANUAL_REVIEW,至少一个受影响字段无法整字段安全转换，或完整源行不可读/不可定位，或存在复合断言
UA2-01845,user-agent,docs/PRD-用户端体验增强.md,source_section;source_quote;atomic_assertion,API 接口,妯″瀷渚涘簲鍟嗚鎯,妯″瀷渚涘簲鍟嗚鎯,,41;114;151;213;275;310;381;435,gb18030->utf8 x1,NO,MANUAL_REVIEW,至少一个受影响字段无法整字段安全转换，或完整源行不可读/不可定位，或存在复合断言
UA2-01847,user-agent,docs/PRD-用户端体验增强.md,source_section;source_quote;atomic_assertion,前端变更,"绠＄悊鍚庡彴 鈫鏂板""API 璋冭瘯""鍏ュ彛","绠＄悊鍚庡彴 鈫鏂板""API 璋冭瘯""鍏ュ彛",,51;125;160;224;285;322;393;445,gb18030->utf8 x1,NO,MANUAL_REVIEW,至少一个受影响字段无法整字段安全转换，或完整源行不可读/不可定位，或存在复合断言
UA2-01848,user-agent,docs/PRD-用户端体验增强.md,source_section,前端变更,璇锋眰缂栬緫鍣+ 鍝嶅簲灞曠ず + 閾捐矾杩借釜闈㈡澘 + 绛栫暐閫夋嫨,璇锋眰缂栬緫鍣+ 鍝嶅簲灞曠ず + 閾捐矾杩借釜闈㈡澘 + 绛栫暐閫夋嫨,,51;125;160;224;285;322;393;445,gb18030->utf8 x1,NO,MANUAL_REVIEW,至少一个受影响字段无法整字段安全转换，或完整源行不可读/不可定位，或存在复合断言
UA2-01849,user-agent,docs/PRD-用户端体验增强.md,source_section;source_quote;atomic_assertion,前端变更,绠＄悊鍚庡彴 鈫API 璋冭瘯 鈫渚涘簲鍟嗗姣,绠＄悊鍚庡彴 鈫API 璋冭瘯 鈫渚涘簲鍟嗗姣,,51;125;160;224;285;322;393;445,gb18030->utf8 x1,NO,MANUAL_REVIEW,至少一个受影响字段无法整字段安全转换，或完整源行不可读/不可定位，或存在复合断言
UA2-01850,user-agent,docs/PRD-用户端体验增强.md,source_section;source_quote;atomic_assertion,前端变更,灞曠ず鍊欓€変緵搴斿晢鍒楄〃鍙婂敭浠鍋ュ悍鍒,灞曠ず鍊欓€変緵搴斿晢鍒楄〃鍙婂敭浠鍋ュ悍鍒,,51;125;160;224;285;322;393;445,gb18030->utf8 x1,NO,MANUAL_REVIEW,至少一个受影响字段无法整字段安全转换，或完整源行不可读/不可定位，或存在复合断言
UA2-01851,user-agent,docs/PRD-用户端体验增强.md,source_section;source_quote;atomic_assertion,前端变更,妯″瀷涓績 鈫妯″瀷鍗＄墖,妯″瀷涓績 鈫妯″瀷鍗＄墖,,51;125;160;224;285;322;393;445,gb18030->utf8 x1,NO,MANUAL_REVIEW,至少一个受影响字段无法整字段安全转换，或完整源行不可读/不可定位，或存在复合断言
UA2-01852,user-agent,docs/PRD-用户端体验增强.md,source_section;source_quote;atomic_assertion,前端变更,"鏂板""璋冭瘯""鎸夐挳锛屽揩鎹疯烦杞埌 API 璋冭瘯椤","鏂板""璋冭瘯""鎸夐挳锛屽揩鎹疯烦杞埌 API 璋冭瘯椤",,51;125;160;224;285;322;393;445,gb18030->utf8 x1,NO,MANUAL_REVIEW,至少一个受影响字段无法整字段安全转换，或完整源行不可读/不可定位，或存在复合断言
UA2-01853,user-agent,docs/PRD-用户端体验增强.md,source_quote;atomic_assertion,背景,鐢ㄦ埛锛堝挨鍏舵槸浼佷笟鐢ㄦ埛锛夐渶瑕佹帶鍒API 娑堣垂棰勭畻锛岄伩鍏嶆剰澶栬秴鏀€傚綋鍓嶅彧鏈変綑棰濆憡璀︼紝涓嶈兘璁剧疆棰勭畻涓婇檺鍜岃嚜鍔ㄦ殏鍋溿€|,鐢ㄦ埛锛堝挨鍏舵槸浼佷笟鐢ㄦ埛锛夐渶瑕佹帶鍒API 娑堣垂棰勭畻锛岄伩鍏嶆剰澶栬秴鏀€傚綋鍓嶅彧鏈変綑棰濆憡璀︼紝涓嶈兘璁剧疆棰勭畻涓婇檺鍜岃嚜鍔ㄦ殏鍋溿€|,,7;63;137;172;236;296;334;405,gb18030->utf8 x1,NO,MANUAL_REVIEW,至少一个受影响字段无法整字段安全转换，或完整源行不可读/不可定位，或存在复合断言
UA2-01855,user-agent,docs/PRD-用户端体验增强.md,source_quote;atomic_assertion,功能规格,鏃ラ绠/ 鏈堥绠/ 鎬婚绠楋紝瓒呴檺鑷姩鏆傚仠璋冪敤,鏃ラ绠/ 鏈堥绠/ 鎬婚绠楋紝瓒呴檺鑷姩鏆傚仠璋冪敤,,11;67;141;176;240;300;338;409,gb18030->utf8 x1,NO,MANUAL_REVIEW,至少一个受影响字段无法整字段安全转换，或完整源行不可读/不可定位，或存在复合断言
UA2-01857,user-agent,docs/PRD-用户端体验增强.md,source_quote;atomic_assertion,功能规格,娑堣垂杈惧埌 50%/80%/90%/100% 鏃堕€氱煡,娑堣垂杈惧埌 50%/80%/90%/100% 鏃堕€氱煡,,11;67;141;176;240;300;338;409,gb18030->utf8 x1,NO,MANUAL_REVIEW,至少一个受影响字段无法整字段安全转换，或完整源行不可读/不可定位，或存在复合断言
UA2-01859,user-agent,docs/PRD-用户端体验增强.md,source_quote;atomic_assertion,功能规格,浼佷笟鐢ㄦ埛涓烘瘡涓Key 璁剧疆鐙珛棰勭畻,浼佷笟鐢ㄦ埛涓烘瘡涓Key 璁剧疆鐙珛棰勭畻,,11;67;141;176;240;300;338;409,gb18030->utf8 x1,NO,MANUAL_REVIEW,至少一个受影响字段无法整字段安全转换，或完整源行不可读/不可定位，或存在复合断言
UA2-01861,user-agent,docs/PRD-用户端体验增强.md,source_quote;atomic_assertion,功能规格,鎸夎嚜鐒舵湀/鑷畾涔夊懆鏈熼噸缃,鎸夎嚜鐒舵湀/鑷畾涔夊懆鏈熼噸缃,,11;67;141;176;240;300;338;409,gb18030->utf8 x1,NO,MANUAL_REVIEW,至少一个受影响字段无法整字段安全转换，或完整源行不可读/不可定位，或存在复合断言
UA2-01862,user-agent,docs/PRD-用户端体验增强.md,source_quote;atomic_assertion,功能规格,超额处理,超额处理,,11;67;141;176;240;300;338;409,gb18030->utf8 x1,NO,MANUAL_REVIEW,至少一个受影响字段无法整字段安全转换，或完整源行不可读/不可定位，或存在复合断言
UA2-01863,user-agent,docs/PRD-用户端体验增强.md,source_quote;atomic_assertion,功能规格,瓒呴绠楁椂锛氭殏鍋闄嶇骇锛堝垏鎹㈠埌渚垮疁妯″瀷锛浠呭憡璀涓夌妯″紡鍙€,瓒呴绠楁椂锛氭殏鍋闄嶇骇锛堝垏鎹㈠埌渚垮疁妯″瀷锛浠呭憡璀涓夌妯″紡鍙€,,11;67;141;176;240;300;338;409,gb18030->utf8 x1,NO,MANUAL_REVIEW,至少一个受影响字段无法整字段安全转换，或完整源行不可读/不可定位，或存在复合断言
UA2-01865,user-agent,docs/PRD-用户端体验增强.md,source_quote;atomic_assertion,功能规格,灞曠ず棰勭畻浣跨敤杩涘害銆佸墿浣欓搴︺€侀浼版秷鑰楁椂闂,灞曠ず棰勭畻浣跨敤杩涘害銆佸墿浣欓搴︺€侀浼版秷鑰楁椂闂,,11;67;141;176;240;300;338;409,gb18030->utf8 x1,NO,MANUAL_REVIEW,至少一个受影响字段无法整字段安全转换，或完整源行不可读/不可定位，或存在复合断言
UA2-01867,user-agent,docs/PRD-用户端体验增强.md,source_section,API 接口,/api/v1/me/budget-rules,/api/v1/me/budget-rules,118;119;120;121,41;114;151;213;275;310;381;435,gb18030->utf8 x1,NO,REVIEW_CANDIDATE,所有受影响字段均完成整字段可逆转换，且引用/章节可定位；仍需人工确认
UA2-01868,user-agent,docs/PRD-用户端体验增强.md,source_section;source_quote;atomic_assertion,API 接口,创建预算规则,创建预算规则,118,41;114;151;213;275;310;381;435,gb18030->utf8 x1,NO,REVIEW_CANDIDATE,所有受影响字段均完成整字段可逆转换，且引用/章节可定位；仍需人工确认
UA2-01869,user-agent,docs/PRD-用户端体验增强.md,source_section;source_quote;atomic_assertion,API 接口,用户,用户,118;119;120;121;122;123;155;156;157;158;217;218;219;220;221;222;279;280;281;282;283;314;315;316;317;318;319;320;461;463,41;114;151;213;275;310;381;435,gb18030->utf8 x1,NO,REVIEW_CANDIDATE,所有受影响字段均完成整字段可逆转换，且引用/章节可定位；仍需人工确认
UA2-01872,user-agent,docs/PRD-用户端体验增强.md,source_section;source_quote;atomic_assertion,API 接口,预算规则列表,预算规则列表,119,41;114;151;213;275;310;381;435,gb18030->utf8 x1,NO,REVIEW_CANDIDATE,所有受影响字段均完成整字段可逆转换，且引用/章节可定位；仍需人工确认
UA2-01874,user-agent,docs/PRD-用户端体验增强.md,source_section,API 接口,PATCH,PATCH,120;156;280;282,41;114;151;213;275;310;381;435,gb18030->utf8 x1,NO,REVIEW_CANDIDATE,所有受影响字段均完成整字段可逆转换，且引用/章节可定位；仍需人工确认
UA2-01875,user-agent,docs/PRD-用户端体验增强.md,source_section,API 接口,/api/v1/me/budget-rules/:id,/api/v1/me/budget-rules/:id,120;121,41;114;151;213;275;310;381;435,gb18030->utf8 x1,NO,REVIEW_CANDIDATE,所有受影响字段均完成整字段可逆转换，且引用/章节可定位；仍需人工确认
UA2-01876,user-agent,docs/PRD-用户端体验增强.md,source_section,API 接口,更新预算规则,更新预算规则,,41;114;151;213;275;310;381;435,gb18030->utf8 x1,NO,MANUAL_REVIEW,至少一个受影响字段无法整字段安全转换，或完整源行不可读/不可定位，或存在复合断言
UA2-01878,user-agent,docs/PRD-用户端体验增强.md,source_section,API 接口,DELETE,DELETE,121,41;114;151;213;275;310;381;435,gb18030->utf8 x1,NO,REVIEW_CANDIDATE,所有受影响字段均完成整字段可逆转换，且引用/章节可定位；仍需人工确认
UA2-01880,user-agent,docs/PRD-用户端体验增强.md,source_section,API 接口,删除预算规则,删除预算规则,,41;114;151;213;275;310;381;435,gb18030->utf8 x1,NO,MANUAL_REVIEW,至少一个受影响字段无法整字段安全转换，或完整源行不可读/不可定位，或存在复合断言
UA2-01883,user-agent,docs/PRD-用户端体验增强.md,source_section,API 接口,/api/v1/me/budget-usage,/api/v1/me/budget-usage,122;123,41;114;151;213;275;310;381;435,gb18030->utf8 x1,NO,REVIEW_CANDIDATE,所有受影响字段均完成整字段可逆转换，且引用/章节可定位；仍需人工确认
UA2-01884,user-agent,docs/PRD-用户端体验增强.md,source_section,API 接口,当前预算使用情况,当前预算使用情况,,41;114;151;213;275;310;381;435,gb18030->utf8 x1,NO,MANUAL_REVIEW,至少一个受影响字段无法整字段安全转换，或完整源行不可读/不可定位，或存在复合断言
UA2-01887,user-agent,docs/PRD-用户端体验增强.md,source_section,API 接口,/api/v1/me/budget-usage/history,/api/v1/me/budget-usage/history,123,41;114;151;213;275;310;381;435,gb18030->utf8 x1,NO,REVIEW_CANDIDATE,所有受影响字段均完成整字段可逆转换，且引用/章节可定位；仍需人工确认
UA2-01888,user-agent,docs/PRD-用户端体验增强.md,source_section,API 接口,预算使用历史,预算使用历史,,41;114;151;213;275;310;381;435,gb18030->utf8 x1,NO,MANUAL_REVIEW,至少一个受影响字段无法整字段安全转换，或完整源行不可读/不可定位，或存在复合断言
UA2-01890,user-agent,docs/PRD-用户端体验增强.md,source_section;source_quote;atomic_assertion,前端变更,"鐢ㄦ埛鎺у埗鍙-> 鏂板""棰勭畻绠＄悊""鍏ュ彛","鐢ㄦ埛鎺у埗鍙-> 鏂板""棰勭畻绠＄悊""鍏ュ彛",,51;125;160;224;285;322;393;445,gb18030->utf8 x1,NO,MANUAL_REVIEW,至少一个受影响字段无法整字段安全转换，或完整源行不可读/不可定位，或存在复合断言
UA2-01891,user-agent,docs/PRD-用户端体验增强.md,source_section;source_quote;atomic_assertion,前端变更,预算规则列表 + 创建/编辑表单,预算规则列表 + 创建/编辑表单,,51;125;160;224;285;322;393;445,gb18030->utf8 x1,NO,MANUAL_REVIEW,至少一个受影响字段无法整字段安全转换，或完整源行不可读/不可定位，或存在复合断言
UA2-01892,user-agent,docs/PRD-用户端体验增强.md,source_section;source_quote;atomic_assertion,前端变更,鐢ㄦ埛鎺у埗鍙-> 浠〃鐩,鐢ㄦ埛鎺у埗鍙-> 浠〃鐩,,51;125;160;224;285;322;393;445,gb18030->utf8 x1,NO,MANUAL_REVIEW,至少一个受影响字段无法整字段安全转换，或完整源行不可读/不可定位，或存在复合断言
UA2-01893,user-agent,docs/PRD-用户端体验增强.md,source_section;source_quote;atomic_assertion,前端变更,预算进度条组件（全局预算使用率）,预算进度条组件（全局预算使用率）,,51;125;160;224;285;322;393;445,gb18030->utf8 x1,NO,MANUAL_REVIEW,至少一个受影响字段无法整字段安全转换，或完整源行不可读/不可定位，或存在复合断言
UA2-01894,user-agent,docs/PRD-用户端体验增强.md,source_section;source_quote;atomic_assertion,前端变更,鐢ㄦ埛鎺у埗鍙-> API Key 绠＄悊 -> Key 璇︽儏,鐢ㄦ埛鎺у埗鍙-> API Key 绠＄悊 -> Key 璇︽儏,,51;125;160;224;285;322;393;445,gb18030->utf8 x1,NO,MANUAL_REVIEW,至少一个受影响字段无法整字段安全转换，或完整源行不可读/不可定位，或存在复合断言
UA2-01895,user-agent,docs/PRD-用户端体验增强.md,source_section;source_quote;atomic_assertion,前端变更,"新增""独立预算""设置","新增""独立预算""设置",,51;125;160;224;285;322;393;445,gb18030->utf8 x1,NO,MANUAL_REVIEW,至少一个受影响字段无法整字段安全转换，或完整源行不可读/不可定位，或存在复合断言
UA2-01896,user-agent,docs/PRD-用户端体验增强.md,source_quote;atomic_assertion,背景,鏂扮敤鎴锋敞鍐屽悗锛岄潰瀵圭┖鐧界殑鎺у埗鍙颁笉鐭ラ亾浠庡摢寮€濮嬨€傚綋鍓嶇己灏戜氦浜掑紡寮曞锛屽緢澶氱敤鎴锋敞鍐屽悗娌℃湁瀹屾垚绗竴娆¤皟鐢ㄥ氨娴佸け浜嗐€|,鏂扮敤鎴锋敞鍐屽悗锛岄潰瀵圭┖鐧界殑鎺у埗鍙颁笉鐭ラ亾浠庡摢寮€濮嬨€傚綋鍓嶇己灏戜氦浜掑紡寮曞锛屽緢澶氱敤鎴锋敞鍐屽悗娌℃湁瀹屾垚绗竴娆¤皟鐢ㄥ氨娴佸け浜嗐€|,,7;63;137;172;236;296;334;405,gb18030->utf8 x1,NO,MANUAL_REVIEW,至少一个受影响字段无法整字段安全转换，或完整源行不可读/不可定位，或存在复合断言
UA2-01898,user-agent,docs/PRD-用户端体验增强.md,source_quote;atomic_assertion,功能规格,娉ㄥ唽鍚庡脊绐楀紩瀵硷細鍒涘缓 Key -> 澶嶅埗浠ｇ爜 -> 鍙戣捣绗竴娆¤皟鐢-> 鏌ョ湅鐢ㄩ噺,娉ㄥ唽鍚庡脊绐楀紩瀵硷細鍒涘缓 Key -> 澶嶅埗浠ｇ爜 -> 鍙戣捣绗竴娆¤皟鐢-> 鏌ョ湅鐢ㄩ噺,,11;67;141;176;240;300;338;409,gb18030->utf8 x1,NO,MANUAL_REVIEW,至少一个受影响字段无法整字段安全转换，或完整源行不可读/不可定位，或存在复合断言
UA2-01899,user-agent,docs/PRD-用户端体验增强.md,source_quote;atomic_assertion,功能规格,鎺ュ叆妫€鏌ユ竻鍗,鎺ュ叆妫€鏌ユ竻鍗,,11;67;141;176;240;300;338;409,gb18030->utf8 x1,NO,MANUAL_REVIEW,至少一个受影响字段无法整字段安全转换，或完整源行不可读/不可定位，或存在复合断言
UA2-01900,user-agent,docs/PRD-用户端体验增强.md,source_quote;atomic_assertion,功能规格,娉ㄥ唽 / 鍒涘缓 Key / 璋冭瘯璋冪敤 / 璁剧疆棰勭畻 / 鍏呭€/ 鏌ョ湅鏂囨。锛屽畬鎴愮姸鎬佹爣璁,娉ㄥ唽 / 鍒涘缓 Key / 璋冭瘯璋冪敤 / 璁剧疆棰勭畻 / 鍏呭€/ 鏌ョ湅鏂囨。锛屽畬鎴愮姸鎬佹爣璁,,11;67;141;176;240;300;338;409,gb18030->utf8 x1,NO,MANUAL_REVIEW,至少一个受影响字段无法整字段安全转换，或完整源行不可读/不可定位，或存在复合断言
UA2-01902,user-agent,docs/PRD-用户端体验增强.md,source_quote;atomic_assertion,功能规格,棰勭疆澶氳瑷€绀轰緥浠ｇ爜锛岀敤鎴峰彲鐩存帴澶嶅埗浣跨敤,棰勭疆澶氳瑷€绀轰緥浠ｇ爜锛岀敤鎴峰彲鐩存帴澶嶅埗浣跨敤,,11;67;141;176;240;300;338;409,gb18030->utf8 x1,NO,MANUAL_REVIEW,至少一个受影响字段无法整字段安全转换，或完整源行不可读/不可定位，或存在复合断言
UA2-01903,user-agent,docs/PRD-用户端体验增强.md,source_quote;atomic_assertion,功能规格,蹇€熸帴鍏ユā鏉,蹇€熸帴鍏ユā鏉,,11;67;141;176;240;300;338;409,gb18030->utf8 x1,NO,MANUAL_REVIEW,至少一个受影响字段无法整字段安全转换，或完整源行不可读/不可定位，或存在复合断言
UA2-01904,user-agent,docs/PRD-用户端体验增强.md,source_quote;atomic_assertion,功能规格,閫夋嫨浣跨敤鍦烘櫙锛堣亰澶鏂囨湰鐢熸垚/宓屽叆锛夛紝鑷姩鐢熸垚瀵瑰簲鐨勪唬鐮佸拰閰嶇疆,閫夋嫨浣跨敤鍦烘櫙锛堣亰澶鏂囨湰鐢熸垚/宓屽叆锛夛紝鑷姩鐢熸垚瀵瑰簲鐨勪唬鐮佸拰閰嶇疆,,11;67;141;176;240;300;338;409,gb18030->utf8 x1,NO,MANUAL_REVIEW,至少一个受影响字段无法整字段安全转换，或完整源行不可读/不可定位，或存在复合断言
UA2-01906,user-agent,docs/PRD-用户端体验增强.md,source_quote;atomic_assertion,功能规格,鏂扮敤鎴烽娆＄櫥褰曞睍绀哄紩瀵奸潰鏉匡紝寮曞瀹屾垚鍚庢秷澶,鏂扮敤鎴烽娆＄櫥褰曞睍绀哄紩瀵奸潰鏉匡紝寮曞瀹屾垚鍚庢秷澶,,11;67;141;176;240;300;338;409,gb18030->utf8 x1,NO,MANUAL_REVIEW,至少一个受影响字段无法整字段安全转换，或完整源行不可读/不可定位，或存在复合断言
UA2-01908,user-agent,docs/PRD-用户端体验增强.md,source_section,API 接口,/api/v1/me/onboarding/progress,/api/v1/me/onboarding/progress,155;156,41;114;151;213;275;310;381;435,gb18030->utf8 x1,NO,REVIEW_CANDIDATE,所有受影响字段均完成整字段可逆转换，且引用/章节可定位；仍需人工确认
UA2-01909,user-agent,docs/PRD-用户端体验增强.md,source_section;source_quote;atomic_assertion,API 接口,获取引导进度,获取引导进度,155,41;114;151;213;275;310;381;435,gb18030->utf8 x1,NO,REVIEW_CANDIDATE,所有受影响字段均完成整字段可逆转换，且引用/章节可定位；仍需人工确认
UA2-01913,user-agent,docs/PRD-用户端体验增强.md,source_section;source_quote;atomic_assertion,API 接口,更新引导进度,更新引导进度,156,41;114;151;213;275;310;381;435,gb18030->utf8 x1,NO,REVIEW_CANDIDATE,所有受影响字段均完成整字段可逆转换，且引用/章节可定位；仍需人工确认
UA2-01916,user-agent,docs/PRD-用户端体验增强.md,source_section,API 接口,/api/v1/me/onboarding/examples,/api/v1/me/onboarding/examples,157;158,41;114;151;213;275;310;381;435,gb18030->utf8 x1,NO,REVIEW_CANDIDATE,所有受影响字段均完成整字段可逆转换，且引用/章节可定位；仍需人工确认
UA2-01917,user-agent,docs/PRD-用户端体验增强.md,source_section;source_quote;atomic_assertion,API 接口,获取示例代码列表,获取示例代码列表,157,41;114;151;213;275;310;381;435,gb18030->utf8 x1,NO,REVIEW_CANDIDATE,所有受影响字段均完成整字段可逆转换，且引用/章节可定位；仍需人工确认
UA2-01920,user-agent,docs/PRD-用户端体验增强.md,source_section,API 接口,/api/v1/me/onboarding/examples/:lang,/api/v1/me/onboarding/examples/:lang,158,41;114;151;213;275;310;381;435,gb18030->utf8 x1,NO,REVIEW_CANDIDATE,所有受影响字段均完成整字段可逆转换，且引用/章节可定位；仍需人工确认
UA2-01921,user-agent,docs/PRD-用户端体验增强.md,source_section;source_quote;atomic_assertion,API 接口,获取指定语言示例代码,获取指定语言示例代码,158,41;114;151;213;275;310;381;435,gb18030->utf8 x1,NO,REVIEW_CANDIDATE,所有受影响字段均完成整字段可逆转换，且引用/章节可定位；仍需人工确认
UA2-01923,user-agent,docs/PRD-用户端体验增强.md,source_section;source_quote;atomic_assertion,前端变更,鐢ㄦ埛鎺у埗鍙-> 棣栨鐧诲綍,鐢ㄦ埛鎺у埗鍙-> 棣栨鐧诲綍,,51;125;160;224;285;322;393;445,gb18030->utf8 x1,NO,MANUAL_REVIEW,至少一个受影响字段无法整字段安全转换，或完整源行不可读/不可定位，或存在复合断言
UA2-01924,user-agent,docs/PRD-用户端体验增强.md,source_section;source_quote;atomic_assertion,前端变更,寮曞寮圭獥锛堟楠ゅ紡锛,寮曞寮圭獥锛堟楠ゅ紡锛,,51;125;160;224;285;322;393;445,gb18030->utf8 x1,NO,MANUAL_REVIEW,至少一个受影响字段无法整字段安全转换，或完整源行不可读/不可定位，或存在复合断言
UA2-01926,user-agent,docs/PRD-用户端体验增强.md,source_section;source_quote;atomic_assertion,前端变更,鏂扮敤鎴峰睍绀哄紩瀵奸潰鏉匡紝鑰佺敤鎴烽殣钘,鏂扮敤鎴峰睍绀哄紩瀵奸潰鏉匡紝鑰佺敤鎴烽殣钘,,51;125;160;224;285;322;393;445,gb18030->utf8 x1,NO,MANUAL_REVIEW,至少一个受影响字段无法整字段安全转换，或完整源行不可读/不可定位，或存在复合断言
UA2-01927,user-agent,docs/PRD-用户端体验增强.md,source_section;source_quote;atomic_assertion,前端变更,"鐢ㄦ埛鎺у埗鍙-> 鏂板""蹇€熸帴鍏鍏ュ彛","鐢ㄦ埛鎺у埗鍙-> 鏂板""蹇€熸帴鍏鍏ュ彛",,51;125;160;224;285;322;393;445,gb18030->utf8 x1,NO,MANUAL_REVIEW,至少一个受影响字段无法整字段安全转换，或完整源行不可读/不可定位，或存在复合断言
UA2-01928,user-agent,docs/PRD-用户端体验增强.md,source_section,前端变更,场景选择 + 代码生成 + 使用说明,场景选择 + 代码生成 + 使用说明,,51;125;160;224;285;322;393;445,gb18030->utf8 x1,NO,MANUAL_REVIEW,至少一个受影响字段无法整字段安全转换，或完整源行不可读/不可定位，或存在复合断言
UA2-01929,user-agent,docs/PRD-用户端体验增强.md,source_quote;atomic_assertion,背景,鐢ㄦ埛闇€瑕佷簡瑙ｈ嚜宸辩殑娑堣垂鏄庣粏鍜岃秼鍔匡紝褰撳墠鍙湁璋冪敤鏃ュ織锛岀己灏戞湀搴﹁处鍗曞拰娑堣垂鍒嗘瀽鑳藉姏銆備紒涓氱敤鎴峰挨鍏堕渶瑕佽处鍗曞鍑虹敤浜庡唴閮ㄦ姤閿€銆|,鐢ㄦ埛闇€瑕佷簡瑙ｈ嚜宸辩殑娑堣垂鏄庣粏鍜岃秼鍔匡紝褰撳墠鍙湁璋冪敤鏃ュ織锛岀己灏戞湀搴﹁处鍗曞拰娑堣垂鍒嗘瀽鑳藉姏銆備紒涓氱敤鎴峰挨鍏堕渶瑕佽处鍗曞鍑虹敤浜庡唴閮ㄦ姤閿€銆|,,7;63;137;172;236;296;334;405,gb18030->utf8 x1,NO,MANUAL_REVIEW,至少一个受影响字段无法整字段安全转换，或完整源行不可读/不可定位，或存在复合断言
UA2-01931,user-agent,docs/PRD-用户端体验增强.md,source_quote;atomic_assertion,功能规格,鐢熸垚 PDF 鏈堝害璐﹀崟锛氭秷璐规€婚 / 妯″瀷鍒嗗竷 / 姣忔棩瓒嬪娍 / Key 鍒嗗竷,鐢熸垚 PDF 鏈堝害璐﹀崟锛氭秷璐规€婚 / 妯″瀷鍒嗗竷 / 姣忔棩瓒嬪娍 / Key 鍒嗗竷,,11;67;141;176;240;300;338;409,gb18030->utf8 x1,NO,MANUAL_REVIEW,至少一个受影响字段无法整字段安全转换，或完整源行不可读/不可定位，或存在复合断言
UA2-01933,user-agent,docs/PRD-用户端体验增强.md,source_quote;atomic_assertion,功能规格,支持 PDF / CSV 格式下载,支持 PDF / CSV 格式下载,181,11;67;141;176;240;300;338;409,gb18030->utf8 x1,NO,REVIEW_CANDIDATE,所有受影响字段均完成整字段可逆转换，且引用/章节可定位；仍需人工确认
UA2-01935,user-agent,docs/PRD-用户端体验增强.md,source_quote;atomic_assertion,功能规格,鎸夋ā鍨/ 鎸Key / 鎸夋棩 / 鎸夊皬鏃跺缁存秷璐瑰垎甯冨浘琛,鎸夋ā鍨/ 鎸Key / 鎸夋棩 / 鎸夊皬鏃跺缁存秷璐瑰垎甯冨浘琛,,11;67;141;176;240;300;338;409,gb18030->utf8 x1,NO,MANUAL_REVIEW,至少一个受影响字段无法整字段安全转换，或完整源行不可读/不可定位，或存在复合断言
UA2-01936,user-agent,docs/PRD-用户端体验增强.md,source_quote;atomic_assertion,功能规格,成本优化建议,成本优化建议,222,11;67;141;176;240;300;338;409,gb18030->utf8 x1,NO,REVIEW_CANDIDATE,所有受影响字段均完成整字段可逆转换，且引用/章节可定位；仍需人工确认
UA2-01937,user-agent,docs/PRD-用户端体验增强.md,source_quote;atomic_assertion,功能规格,鍩轰簬鐢ㄩ噺鎺ㄨ崘鏇寸粡娴庣殑妯″瀷锛岄浼拌妭鐪侀噾棰,鍩轰簬鐢ㄩ噺鎺ㄨ崘鏇寸粡娴庣殑妯″瀷锛岄浼拌妭鐪侀噾棰,,11;67;141;176;240;300;338;409,gb18030->utf8 x1,NO,MANUAL_REVIEW,至少一个受影响字段无法整字段安全转换，或完整源行不可读/不可定位，或存在复合断言
UA2-01939,user-agent,docs/PRD-用户端体验增强.md,source_quote;atomic_assertion,功能规格,鍩轰簬褰撳墠娑堣垂瓒嬪娍棰勬祴鏈湀鏈€绘秷璐癸紝鏍囪鏄惁瓒呴绠,鍩轰簬褰撳墠娑堣垂瓒嬪娍棰勬祴鏈湀鏈€绘秷璐癸紝鏍囪鏄惁瓒呴绠,,11;67;141;176;240;300;338;409,gb18030->utf8 x1,NO,MANUAL_REVIEW,至少一个受影响字段无法整字段安全转换，或完整源行不可读/不可定位，或存在复合断言
UA2-01941,user-agent,docs/PRD-用户端体验增强.md,source_quote;atomic_assertion,功能规格,本月 vs 上月消费对比，环比增长率,本月 vs 上月消费对比，环比增长率,185,11;67;141;176;240;300;338;409,gb18030->utf8 x1,NO,REVIEW_CANDIDATE,所有受影响字段均完成整字段可逆转换，且引用/章节可定位；仍需人工确认
UA2-01943,user-agent,docs/PRD-用户端体验增强.md,source_section,API 接口,/api/v1/me/billing/summaries,/api/v1/me/billing/summaries,217;218;219,41;114;151;213;275;310;381;435,gb18030->utf8 x1,NO,REVIEW_CANDIDATE,所有受影响字段均完成整字段可逆转换，且引用/章节可定位；仍需人工确认
UA2-01944,user-agent,docs/PRD-用户端体验增强.md,source_section;source_quote;atomic_assertion,API 接口,月度账单列表,月度账单列表,217,41;114;151;213;275;310;381;435,gb18030->utf8 x1,NO,REVIEW_CANDIDATE,所有受影响字段均完成整字段可逆转换，且引用/章节可定位；仍需人工确认
UA2-01947,user-agent,docs/PRD-用户端体验增强.md,source_section,API 接口,/api/v1/me/billing/summaries/:period,/api/v1/me/billing/summaries/:period,218;219,41;114;151;213;275;310;381;435,gb18030->utf8 x1,NO,REVIEW_CANDIDATE,所有受影响字段均完成整字段可逆转换，且引用/章节可定位；仍需人工确认
UA2-01948,user-agent,docs/PRD-用户端体验增强.md,source_section;source_quote;atomic_assertion,API 接口,指定月份账单详情,指定月份账单详情,218,41;114;151;213;275;310;381;435,gb18030->utf8 x1,NO,REVIEW_CANDIDATE,所有受影响字段均完成整字段可逆转换，且引用/章节可定位；仍需人工确认
UA2-01951,user-agent,docs/PRD-用户端体验增强.md,source_section,API 接口,/api/v1/me/billing/summaries/:period/download,/api/v1/me/billing/summaries/:period/download,219,41;114;151;213;275;310;381;435,gb18030->utf8 x1,NO,REVIEW_CANDIDATE,所有受影响字段均完成整字段可逆转换，且引用/章节可定位；仍需人工确认
UA2-01952,user-agent,docs/PRD-用户端体验增强.md,source_section,API 接口,下载账单 PDF,下载账单 PDF,,41;114;151;213;275;310;381;435,gb18030->utf8 x1,NO,MANUAL_REVIEW,至少一个受影响字段无法整字段安全转换，或完整源行不可读/不可定位，或存在复合断言
UA2-01955,user-agent,docs/PRD-用户端体验增强.md,source_section,API 接口,/api/v1/me/billing/analysis,/api/v1/me/billing/analysis,220,41;114;151;213;275;310;381;435,gb18030->utf8 x1,NO,REVIEW_CANDIDATE,所有受影响字段均完成整字段可逆转换，且引用/章节可定位；仍需人工确认
UA2-01956,user-agent,docs/PRD-用户端体验增强.md,source_section;source_quote;atomic_assertion,API 接口,消费分析数据（多维）,消费分析数据（多维）,220,41;114;151;213;275;310;381;435,gb18030->utf8 x1,NO,REVIEW_CANDIDATE,所有受影响字段均完成整字段可逆转换，且引用/章节可定位；仍需人工确认
UA2-01959,user-agent,docs/PRD-用户端体验增强.md,source_section,API 接口,/api/v1/me/billing/forecast,/api/v1/me/billing/forecast,221,41;114;151;213;275;310;381;435,gb18030->utf8 x1,NO,REVIEW_CANDIDATE,所有受影响字段均完成整字段可逆转换，且引用/章节可定位；仍需人工确认
UA2-01960,user-agent,docs/PRD-用户端体验增强.md,source_section,API 接口,费用预测,费用预测,,41;114;151;213;275;310;381;435,gb18030->utf8 x1,NO,MANUAL_REVIEW,至少一个受影响字段无法整字段安全转换，或完整源行不可读/不可定位，或存在复合断言
UA2-01963,user-agent,docs/PRD-用户端体验增强.md,source_section,API 接口,/api/v1/me/billing/optimization-tips,/api/v1/me/billing/optimization-tips,222,41;114;151;213;275;310;381;435,gb18030->utf8 x1,NO,REVIEW_CANDIDATE,所有受影响字段均完成整字段可逆转换，且引用/章节可定位；仍需人工确认
UA2-01964,user-agent,docs/PRD-用户端体验增强.md,source_section;source_quote;atomic_assertion,API 接口,成本优化建议,成本优化建议,222,41;114;151;213;275;310;381;435,gb18030->utf8 x1,NO,REVIEW_CANDIDATE,所有受影响字段均完成整字段可逆转换，且引用/章节可定位；仍需人工确认
UA2-01966,user-agent,docs/PRD-用户端体验增强.md,source_section;source_quote;atomic_assertion,前端变更,"鐢ㄦ埛鎺у埗鍙-> 鏂板""璐﹀崟涓庢秷璐鍏ュ彛","鐢ㄦ埛鎺у埗鍙-> 鏂板""璐﹀崟涓庢秷璐鍏ュ彛",,51;125;160;224;285;322;393;445,gb18030->utf8 x1,NO,MANUAL_REVIEW,至少一个受影响字段无法整字段安全转换，或完整源行不可读/不可定位，或存在复合断言
UA2-01967,user-agent,docs/PRD-用户端体验增强.md,source_section;source_quote;atomic_assertion,前端变更,账单列表 + 下载 + 消费分析图表,账单列表 + 下载 + 消费分析图表,,51;125;160;224;285;322;393;445,gb18030->utf8 x1,NO,MANUAL_REVIEW,至少一个受影响字段无法整字段安全转换，或完整源行不可读/不可定位，或存在复合断言
UA2-01968,user-agent,docs/PRD-用户端体验增强.md,source_section;source_quote;atomic_assertion,前端变更,鐢ㄦ埛鎺у埗鍙-> 璐﹀崟璇︽儏,鐢ㄦ埛鎺у埗鍙-> 璐﹀崟璇︽儏,,51;125;160;224;285;322;393;445,gb18030->utf8 x1,NO,MANUAL_REVIEW,至少一个受影响字段无法整字段安全转换，或完整源行不可读/不可定位，或存在复合断言
UA2-01969,user-agent,docs/PRD-用户端体验增强.md,source_section;source_quote;atomic_assertion,前端变更,妯″瀷鍒嗗竷楗煎浘 + 姣忔棩瓒嬪娍鍥+ Key 鍒嗗竷琛,妯″瀷鍒嗗竷楗煎浘 + 姣忔棩瓒嬪娍鍥+ Key 鍒嗗竷琛,,51;125;160;224;285;322;393;445,gb18030->utf8 x1,NO,MANUAL_REVIEW,至少一个受影响字段无法整字段安全转换，或完整源行不可读/不可定位，或存在复合断言
UA2-01971,user-agent,docs/PRD-用户端体验增强.md,source_section;source_quote;atomic_assertion,前端变更,"鏂板""璐圭敤棰勬祴""鍜浼樺寲寤鸿""鍗＄墖","鏂板""璐圭敤棰勬祴""鍜浼樺寲寤鸿""鍗＄墖",,51;125;160;224;285;322;393;445,gb18030->utf8 x1,NO,MANUAL_REVIEW,至少一个受影响字段无法整字段安全转换，或完整源行不可读/不可定位，或存在复合断言
UA2-01972,user-agent,docs/PRD-用户端体验增强.md,source_quote;atomic_assertion,背景,鐢ㄦ埛鏀跺埌澶ч噺閫氱煡锛屼絾鏃犳硶鎺у埗鍝簺閫氱煡鍙戦€併€侀€氳繃浠€涔堟笭閬撳彂閫併€傛湁浜涚敤鎴疯寰楅€氱煡澶锛屾湁浜涚敤鎴疯寰楀叧閿€氱煡娌℃敹鍒般€|,鐢ㄦ埛鏀跺埌澶ч噺閫氱煡锛屼絾鏃犳硶鎺у埗鍝簺閫氱煡鍙戦€併€侀€氳繃浠€涔堟笭閬撳彂閫併€傛湁浜涚敤鎴疯寰楅€氱煡澶锛屾湁浜涚敤鎴疯寰楀叧閿€氱煡娌℃敹鍒般€|,,7;63;137;172;236;296;334;405,gb18030->utf8 x1,NO,MANUAL_REVIEW,至少一个受影响字段无法整字段安全转换，或完整源行不可读/不可定位，或存在复合断言
UA2-01974,user-agent,docs/PRD-用户端体验增强.md,source_quote;atomic_assertion,功能规格,浣欓涓嶈冻 / Key 杩囨湡 / 寮傚父鐧诲綍 / 娑堣垂瓒呴绠/ 妯″瀷涓嬬嚎 / 宸ュ崟鍥炲 / 鍏憡 / 娲诲姩,浣欓涓嶈冻 / Key 杩囨湡 / 寮傚父鐧诲綍 / 娑堣垂瓒呴绠/ 妯″瀷涓嬬嚎 / 宸ュ崟鍥炲 / 鍏憡 / 娲诲姩,,11;67;141;176;240;300;338;409,gb18030->utf8 x1,NO,MANUAL_REVIEW,至少一个受影响字段无法整字段安全转换，或完整源行不可读/不可定位，或存在复合断言
UA2-01976,user-agent,docs/PRD-用户端体验增强.md,source_quote;atomic_assertion,功能规格,站内通知 / 邮件 / 短信 / Webhook,站内通知 / 邮件 / 短信 / Webhook,245,11;67;141;176;240;300;338;409,gb18030->utf8 x1,NO,REVIEW_CANDIDATE,所有受影响字段均完成整字段可逆转换，且引用/章节可定位；仍需人工确认
UA2-01978,user-agent,docs/PRD-用户端体验增强.md,source_quote;atomic_assertion,功能规格,瀹炴椂 / 姣忔棩姹囨€/ 鍏抽棴,瀹炴椂 / 姣忔棩姹囨€/ 鍏抽棴,,11;67;141;176;240;300;338;409,gb18030->utf8 x1,NO,MANUAL_REVIEW,至少一个受影响字段无法整字段安全转换，或完整源行不可读/不可定位，或存在复合断言
UA2-01979,user-agent,docs/PRD-用户端体验增强.md,source_quote;atomic_assertion,功能规格,静默时段,静默时段,247,11;67;141;176;240;300;338;409,gb18030->utf8 x1,NO,REVIEW_CANDIDATE,所有受影响字段均完成整字段可逆转换，且引用/章节可定位；仍需人工确认
UA2-01980,user-agent,docs/PRD-用户端体验增强.md,source_quote;atomic_assertion,功能规格,设置安静时段（如 23:00-08:00 不推送）,设置安静时段（如 23:00-08:00 不推送）,247,11;67;141;176;240;300;338;409,gb18030->utf8 x1,NO,REVIEW_CANDIDATE,所有受影响字段均完成整字段可逆转换，且引用/章节可定位；仍需人工确认
UA2-01982,user-agent,docs/PRD-用户端体验增强.md,source_quote;atomic_assertion,功能规格,鏌ョ湅鎵€鏈夊凡鍙戦€侀€氱煡璁板綍,鏌ョ湅鎵€鏈夊凡鍙戦€侀€氱煡璁板綍,,11;67;141;176;240;300;338;409,gb18030->utf8 x1,NO,MANUAL_REVIEW,至少一个受影响字段无法整字段安全转换，或完整源行不可读/不可定位，或存在复合断言
UA2-01984,user-agent,docs/PRD-用户端体验增强.md,source_section,API 接口,/api/v1/me/notification-preferences,/api/v1/me/notification-preferences,279;280,41;114;151;213;275;310;381;435,gb18030->utf8 x1,NO,REVIEW_CANDIDATE,所有受影响字段均完成整字段可逆转换，且引用/章节可定位；仍需人工确认
UA2-01985,user-agent,docs/PRD-用户端体验增强.md,source_section;source_quote;atomic_assertion,API 接口,获取通知偏好,获取通知偏好,279,41;114;151;213;275;310;381;435,gb18030->utf8 x1,NO,REVIEW_CANDIDATE,所有受影响字段均完成整字段可逆转换，且引用/章节可定位；仍需人工确认
UA2-01989,user-agent,docs/PRD-用户端体验增强.md,source_section;source_quote;atomic_assertion,API 接口,更新通知偏好,更新通知偏好,280,41;114;151;213;275;310;381;435,gb18030->utf8 x1,NO,REVIEW_CANDIDATE,所有受影响字段均完成整字段可逆转换，且引用/章节可定位；仍需人工确认
UA2-01992,user-agent,docs/PRD-用户端体验增强.md,source_section,API 接口,/api/v1/me/notifications,/api/v1/me/notifications,281;282;283,41;114;151;213;275;310;381;435,gb18030->utf8 x1,NO,REVIEW_CANDIDATE,所有受影响字段均完成整字段可逆转换，且引用/章节可定位；仍需人工确认
UA2-01993,user-agent,docs/PRD-用户端体验增强.md,source_section;source_quote;atomic_assertion,API 接口,通知历史列表,通知历史列表,281,41;114;151;213;275;310;381;435,gb18030->utf8 x1,NO,REVIEW_CANDIDATE,所有受影响字段均完成整字段可逆转换，且引用/章节可定位；仍需人工确认
UA2-01996,user-agent,docs/PRD-用户端体验增强.md,source_section,API 接口,/api/v1/me/notifications/:id/read,/api/v1/me/notifications/:id/read,282,41;114;151;213;275;310;381;435,gb18030->utf8 x1,NO,REVIEW_CANDIDATE,所有受影响字段均完成整字段可逆转换，且引用/章节可定位；仍需人工确认
UA2-01997,user-agent,docs/PRD-用户端体验增强.md,source_section;source_quote;atomic_assertion,API 接口,标记已读,标记已读,282;283,41;114;151;213;275;310;381;435,gb18030->utf8 x1,NO,REVIEW_CANDIDATE,所有受影响字段均完成整字段可逆转换，且引用/章节可定位；仍需人工确认
UA2-02000,user-agent,docs/PRD-用户端体验增强.md,source_section,API 接口,/api/v1/me/notifications/read-all,/api/v1/me/notifications/read-all,283,41;114;151;213;275;310;381;435,gb18030->utf8 x1,NO,REVIEW_CANDIDATE,所有受影响字段均完成整字段可逆转换，且引用/章节可定位；仍需人工确认
UA2-02001,user-agent,docs/PRD-用户端体验增强.md,source_section;source_quote;atomic_assertion,API 接口,全部标记已读,全部标记已读,283,41;114;151;213;275;310;381;435,gb18030->utf8 x1,NO,REVIEW_CANDIDATE,所有受影响字段均完成整字段可逆转换，且引用/章节可定位；仍需人工确认
UA2-02003,user-agent,docs/PRD-用户端体验增强.md,source_section;source_quote;atomic_assertion,前端变更,"鐢ㄦ埛鎺у埗鍙-> 鏂板""閫氱煡璁剧疆""鍏ュ彛","鐢ㄦ埛鎺у埗鍙-> 鏂板""閫氱煡璁剧疆""鍏ュ彛",,51;125;160;224;285;322;393;445,gb18030->utf8 x1,NO,MANUAL_REVIEW,至少一个受影响字段无法整字段安全转换，或完整源行不可读/不可定位，或存在复合断言
UA2-02004,user-agent,docs/PRD-用户端体验增强.md,source_section;source_quote;atomic_assertion,前端变更,事件类型列表 + 渠道/频率选择 + 静默时段设置,事件类型列表 + 渠道/频率选择 + 静默时段设置,,51;125;160;224;285;322;393;445,gb18030->utf8 x1,NO,MANUAL_REVIEW,至少一个受影响字段无法整字段安全转换，或完整源行不可读/不可定位，或存在复合断言
UA2-02005,user-agent,docs/PRD-用户端体验增强.md,source_section;source_quote;atomic_assertion,前端变更,鐢ㄦ埛鎺у埗鍙-> 閫氱煡闈㈡澘,鐢ㄦ埛鎺у埗鍙-> 閫氱煡闈㈡澘,,51;125;160;224;285;322;393;445,gb18030->utf8 x1,NO,MANUAL_REVIEW,至少一个受影响字段无法整字段安全转换，或完整源行不可读/不可定位，或存在复合断言
UA2-02006,user-agent,docs/PRD-用户端体验增强.md,source_section;source_quote;atomic_assertion,前端变更,閫氱煡鍘嗗彶鍒楄〃 + 绛涢€+ 鏍囪宸茶,閫氱煡鍘嗗彶鍒楄〃 + 绛涢€+ 鏍囪宸茶,,51;125;160;224;285;322;393;445,gb18030->utf8 x1,NO,MANUAL_REVIEW,至少一个受影响字段无法整字段安全转换，或完整源行不可读/不可定位，或存在复合断言
UA2-02007,user-agent,docs/PRD-用户端体验增强.md,source_quote;atomic_assertion,背景,鐢ㄦ埛闇€瑕佺鐞嗚嚜宸辩殑璐﹀彿瀹夊叏璁剧疆銆傚綋鍓嶆湁 2FA 鍜屽瘑鐮佷慨鏀癸紝浣嗙己灏戠櫥褰曡澶囩鐞嗐€佺櫥褰曟椿鍔ㄦ棩蹇楃瓑瀹夊叏鍔熻兘銆|,鐢ㄦ埛闇€瑕佺鐞嗚嚜宸辩殑璐﹀彿瀹夊叏璁剧疆銆傚綋鍓嶆湁 2FA 鍜屽瘑鐮佷慨鏀癸紝浣嗙己灏戠櫥褰曡澶囩鐞嗐€佺櫥褰曟椿鍔ㄦ棩蹇楃瓑瀹夊叏鍔熻兘銆|,,7;63;137;172;236;296;334;405,gb18030->utf8 x1,NO,MANUAL_REVIEW,至少一个受影响字段无法整字段安全转换，或完整源行不可读/不可定位，或存在复合断言
UA2-02008,user-agent,docs/PRD-用户端体验增强.md,source_quote;atomic_assertion,功能规格,登录设备管理,登录设备管理,,11;67;141;176;240;300;338;409,gb18030->utf8 x1,NO,MANUAL_REVIEW,至少一个受影响字段无法整字段安全转换，或完整源行不可读/不可定位，或存在复合断言
UA2-02009,user-agent,docs/PRD-用户端体验增强.md,source_quote;atomic_assertion,功能规格,鏌ョ湅鎵€鏈夊凡鐧诲綍璁惧锛堣澶囧悕 / IP / 鏈€鍚庢椿璺冩椂闂达級锛屾敮鎸佽繙绋嬬櫥鍑,鏌ョ湅鎵€鏈夊凡鐧诲綍璁惧锛堣澶囧悕 / IP / 鏈€鍚庢椿璺冩椂闂达級锛屾敮鎸佽繙绋嬬櫥鍑,,11;67;141;176;240;300;338;409,gb18030->utf8 x1,NO,MANUAL_REVIEW,至少一个受影响字段无法整字段安全转换，或完整源行不可读/不可定位，或存在复合断言
UA2-02010,user-agent,docs/PRD-用户端体验增强.md,source_quote;atomic_assertion,功能规格,登录活动日志,登录活动日志,316,11;67;141;176;240;300;338;409,gb18030->utf8 x1,NO,REVIEW_CANDIDATE,所有受影响字段均完成整字段可逆转换，且引用/章节可定位；仍需人工确认
UA2-02011,user-agent,docs/PRD-用户端体验增强.md,source_quote;atomic_assertion,功能规格,鏈€杩30 澶╃櫥褰曡褰曪紙鏃堕棿 / IP / 鍦扮偣 / 璁惧 / 鎴愬姛/澶辫触锛,鏈€杩30 澶╃櫥褰曡褰曪紙鏃堕棿 / IP / 鍦扮偣 / 璁惧 / 鎴愬姛/澶辫触锛,,11;67;141;176;240;300;338;409,gb18030->utf8 x1,NO,MANUAL_REVIEW,至少一个受影响字段无法整字段安全转换，或完整源行不可读/不可定位，或存在复合断言
UA2-02012,user-agent,docs/PRD-用户端体验增强.md,source_quote;atomic_assertion,功能规格,安全设置,安全设置,306;308,11;67;141;176;240;300;338;409,gb18030->utf8 x1,NO,REVIEW_CANDIDATE,所有受影响字段均完成整字段可逆转换，且引用/章节可定位；仍需人工确认
UA2-02013,user-agent,docs/PRD-用户端体验增强.md,source_quote;atomic_assertion,功能规格,修改密码 / 绑定手机 / 绑定邮箱 / 2FA 管理,修改密码 / 绑定手机 / 绑定邮箱 / 2FA 管理,306,11;67;141;176;240;300;338;409,gb18030->utf8 x1,NO,REVIEW_CANDIDATE,所有受影响字段均完成整字段可逆转换，且引用/章节可定位；仍需人工确认
UA2-02014,user-agent,docs/PRD-用户端体验增强.md,source_quote;atomic_assertion,功能规格,异常登录告警,异常登录告警,,11;67;141;176;240;300;338;409,gb18030->utf8 x1,NO,MANUAL_REVIEW,至少一个受影响字段无法整字段安全转换，或完整源行不可读/不可定位，或存在复合断言
UA2-02015,user-agent,docs/PRD-用户端体验增强.md,source_quote;atomic_assertion,功能规格,鏂拌澶鏂板湴鐐圭櫥褰曟椂涓诲姩閫氱煡,鏂拌澶鏂板湴鐐圭櫥褰曟椂涓诲姩閫氱煡,,11;67;141;176;240;300;338;409,gb18030->utf8 x1,NO,MANUAL_REVIEW,至少一个受影响字段无法整字段安全转换，或完整源行不可读/不可定位，或存在复合断言
UA2-02016,user-agent,docs/PRD-用户端体验增强.md,source_quote;atomic_assertion,功能规格,安全评分,安全评分,308;320,11;67;141;176;240;300;338;409,gb18030->utf8 x1,NO,REVIEW_CANDIDATE,所有受影响字段均完成整字段可逆转换，且引用/章节可定位；仍需人工确认
UA2-02017,user-agent,docs/PRD-用户端体验增强.md,source_quote;atomic_assertion,功能规格,综合安全设置完成度评分，引导完善安全配置,综合安全设置完成度评分，引导完善安全配置,308,11;67;141;176;240;300;338;409,gb18030->utf8 x1,NO,REVIEW_CANDIDATE,所有受影响字段均完成整字段可逆转换，且引用/章节可定位；仍需人工确认
UA2-02019,user-agent,docs/PRD-用户端体验增强.md,source_section,API 接口,/api/v1/me/security/devices,/api/v1/me/security/devices,314;315,41;114;151;213;275;310;381;435,gb18030->utf8 x1,NO,REVIEW_CANDIDATE,所有受影响字段均完成整字段可逆转换，且引用/章节可定位；仍需人工确认
UA2-02020,user-agent,docs/PRD-用户端体验增强.md,source_section;source_quote;atomic_assertion,API 接口,登录设备列表,登录设备列表,314,41;114;151;213;275;310;381;435,gb18030->utf8 x1,NO,REVIEW_CANDIDATE,所有受影响字段均完成整字段可逆转换，且引用/章节可定位；仍需人工确认
UA2-02023,user-agent,docs/PRD-用户端体验增强.md,source_section,API 接口,/api/v1/me/security/devices/:id/logout,/api/v1/me/security/devices/:id/logout,315,41;114;151;213;275;310;381;435,gb18030->utf8 x1,NO,REVIEW_CANDIDATE,所有受影响字段均完成整字段可逆转换，且引用/章节可定位；仍需人工确认
UA2-02024,user-agent,docs/PRD-用户端体验增强.md,source_section;source_quote;atomic_assertion,API 接口,远程登出设备,远程登出设备,315,41;114;151;213;275;310;381;435,gb18030->utf8 x1,NO,REVIEW_CANDIDATE,所有受影响字段均完成整字段可逆转换，且引用/章节可定位；仍需人工确认
UA2-02027,user-agent,docs/PRD-用户端体验增强.md,source_section,API 接口,/api/v1/me/security/login-history,/api/v1/me/security/login-history,316,41;114;151;213;275;310;381;435,gb18030->utf8 x1,NO,REVIEW_CANDIDATE,所有受影响字段均完成整字段可逆转换，且引用/章节可定位；仍需人工确认
UA2-02028,user-agent,docs/PRD-用户端体验增强.md,source_section;source_quote;atomic_assertion,API 接口,登录活动日志,登录活动日志,316,41;114;151;213;275;310;381;435,gb18030->utf8 x1,NO,REVIEW_CANDIDATE,所有受影响字段均完成整字段可逆转换，且引用/章节可定位；仍需人工确认
UA2-02031,user-agent,docs/PRD-用户端体验增强.md,source_section,API 接口,/api/v1/me/security/change-password,/api/v1/me/security/change-password,317,41;114;151;213;275;310;381;435,gb18030->utf8 x1,NO,REVIEW_CANDIDATE,所有受影响字段均完成整字段可逆转换，且引用/章节可定位；仍需人工确认
UA2-02032,user-agent,docs/PRD-用户端体验增强.md,source_section;source_quote;atomic_assertion,API 接口,修改密码,修改密码,306;317,41;114;151;213;275;310;381;435,gb18030->utf8 x1,NO,REVIEW_CANDIDATE,所有受影响字段均完成整字段可逆转换，且引用/章节可定位；仍需人工确认
UA2-02035,user-agent,docs/PRD-用户端体验增强.md,source_section,API 接口,/api/v1/me/security/bind-phone,/api/v1/me/security/bind-phone,318,41;114;151;213;275;310;381;435,gb18030->utf8 x1,NO,REVIEW_CANDIDATE,所有受影响字段均完成整字段可逆转换，且引用/章节可定位；仍需人工确认
UA2-02036,user-agent,docs/PRD-用户端体验增强.md,source_section,API 接口,绑定手机,绑定手机,,41;114;151;213;275;310;381;435,gb18030->utf8 x1,NO,MANUAL_REVIEW,至少一个受影响字段无法整字段安全转换，或完整源行不可读/不可定位，或存在复合断言
UA2-02039,user-agent,docs/PRD-用户端体验增强.md,source_section,API 接口,/api/v1/me/security/bind-email,/api/v1/me/security/bind-email,319,41;114;151;213;275;310;381;435,gb18030->utf8 x1,NO,REVIEW_CANDIDATE,所有受影响字段均完成整字段可逆转换，且引用/章节可定位；仍需人工确认
UA2-02040,user-agent,docs/PRD-用户端体验增强.md,source_section;source_quote;atomic_assertion,API 接口,绑定邮箱,绑定邮箱,306;319,41;114;151;213;275;310;381;435,gb18030->utf8 x1,NO,REVIEW_CANDIDATE,所有受影响字段均完成整字段可逆转换，且引用/章节可定位；仍需人工确认
UA2-02043,user-agent,docs/PRD-用户端体验增强.md,source_section,API 接口,/api/v1/me/security/score,/api/v1/me/security/score,320,41;114;151;213;275;310;381;435,gb18030->utf8 x1,NO,REVIEW_CANDIDATE,所有受影响字段均完成整字段可逆转换，且引用/章节可定位；仍需人工确认
UA2-02044,user-agent,docs/PRD-用户端体验增强.md,source_section;source_quote;atomic_assertion,API 接口,安全评分,安全评分,308;320,41;114;151;213;275;310;381;435,gb18030->utf8 x1,NO,REVIEW_CANDIDATE,所有受影响字段均完成整字段可逆转换，且引用/章节可定位；仍需人工确认
UA2-02046,user-agent,docs/PRD-用户端体验增强.md,source_section;source_quote;atomic_assertion,前端变更,"鐢ㄦ埛鎺у埗鍙-> 鏂板""瀹夊叏涓績""鍏ュ彛","鐢ㄦ埛鎺у埗鍙-> 鏂板""瀹夊叏涓績""鍏ュ彛",,51;125;160;224;285;322;393;445,gb18030->utf8 x1,NO,MANUAL_REVIEW,至少一个受影响字段无法整字段安全转换，或完整源行不可读/不可定位，或存在复合断言
UA2-02047,user-agent,docs/PRD-用户端体验增强.md,source_section;source_quote;atomic_assertion,前端变更,安全设置 + 登录设备 + 登录活动日志,安全设置 + 登录设备 + 登录活动日志,,51;125;160;224;285;322;393;445,gb18030->utf8 x1,NO,MANUAL_REVIEW,至少一个受影响字段无法整字段安全转换，或完整源行不可读/不可定位，或存在复合断言
UA2-02048,user-agent,docs/PRD-用户端体验增强.md,source_section;source_quote;atomic_assertion,前端变更,鐢ㄦ埛鎺у埗鍙-> 瀹夊叏涓績 -> 璁惧绠＄悊,鐢ㄦ埛鎺у埗鍙-> 瀹夊叏涓績 -> 璁惧绠＄悊,,51;125;160;224;285;322;393;445,gb18030->utf8 x1,NO,MANUAL_REVIEW,至少一个受影响字段无法整字段安全转换，或完整源行不可读/不可定位，或存在复合断言
UA2-02049,user-agent,docs/PRD-用户端体验增强.md,source_section;source_quote;atomic_assertion,前端变更,设备列表 + 远程登出,设备列表 + 远程登出,,51;125;160;224;285;322;393;445,gb18030->utf8 x1,NO,MANUAL_REVIEW,至少一个受影响字段无法整字段安全转换，或完整源行不可读/不可定位，或存在复合断言
UA2-02050,user-agent,docs/PRD-用户端体验增强.md,source_section;source_quote;atomic_assertion,前端变更,鐢ㄦ埛鎺у埗鍙-> 瀹夊叏涓績 -> 瀹夊叏璇勫垎,鐢ㄦ埛鎺у埗鍙-> 瀹夊叏涓績 -> 瀹夊叏璇勫垎,,51;125;160;224;285;322;393;445,gb18030->utf8 x1,NO,MANUAL_REVIEW,至少一个受影响字段无法整字段安全转换，或完整源行不可读/不可定位，或存在复合断言
UA2-02051,user-agent,docs/PRD-用户端体验增强.md,source_section;source_quote;atomic_assertion,前端变更,评分展示 + 完善引导,评分展示 + 完善引导,,51;125;160;224;285;322;393;445,gb18030->utf8 x1,NO,MANUAL_REVIEW,至少一个受影响字段无法整字段安全转换，或完整源行不可读/不可定位，或存在复合断言
UA2-02052,user-agent,docs/PRD-用户端体验增强.md,source_quote;atomic_assertion,背景,鐢ㄦ埛璋冪敤 API 澶辫触鏃讹紝闇€瑕佸揩閫熷垽鏂槸鍚︽槸骞冲彴闂銆傚綋鍓嶆病鏈変竴涓叕寮€鐨勭姸鎬侀〉灞曠ず鍚勬湇鍔＄殑鍋ュ悍鐘跺喌銆|,鐢ㄦ埛璋冪敤 API 澶辫触鏃讹紝闇€瑕佸揩閫熷垽鏂槸鍚︽槸骞冲彴闂銆傚綋鍓嶆病鏈変竴涓叕寮€鐨勭姸鎬侀〉灞曠ず鍚勬湇鍔＄殑鍋ュ悍鐘跺喌銆|,,7;63;137;172;236;296;334;405,gb18030->utf8 x1,NO,MANUAL_REVIEW,至少一个受影响字段无法整字段安全转换，或完整源行不可读/不可定位，或存在复合断言
UA2-02054,user-agent,docs/PRD-用户端体验增强.md,source_quote;atomic_assertion,功能规格,API 鏈嶅姟 / 鍚勬ā鍨嬩緵搴斿晢 / 鏁版嵁搴/ 鍏ㄩ儴/閮ㄥ垎/鏁呴殰 鐘舵€佹寚绀虹伅,API 鏈嶅姟 / 鍚勬ā鍨嬩緵搴斿晢 / 鏁版嵁搴/ 鍏ㄩ儴/閮ㄥ垎/鏁呴殰 鐘舵€佹寚绀虹伅,,11;67;141;176;240;300;338;409,gb18030->utf8 x1,NO,MANUAL_REVIEW,至少一个受影响字段无法整字段安全转换，或完整源行不可读/不可定位，或存在复合断言
UA2-02055,user-agent,docs/PRD-用户端体验增强.md,source_quote;atomic_assertion,功能规格,鍘嗗彶鍙敤鎬,鍘嗗彶鍙敤鎬,,11;67;141;176;240;300;338;409,gb18030->utf8 x1,NO,MANUAL_REVIEW,至少一个受影响字段无法整字段安全转换，或完整源行不可读/不可定位，或存在复合断言
UA2-02056,user-agent,docs/PRD-用户端体验增强.md,source_quote;atomic_assertion,功能规格,杩7 澶/ 30 澶/ 90 澶╁悇鏈嶅姟鍙敤鐜囪秼鍔垮浘,杩7 澶/ 30 澶/ 90 澶╁悇鏈嶅姟鍙敤鐜囪秼鍔垮浘,,11;67;141;176;240;300;338;409,gb18030->utf8 x1,NO,MANUAL_REVIEW,至少一个受影响字段无法整字段安全转换，或完整源行不可读/不可定位，或存在复合断言
UA2-02058,user-agent,docs/PRD-用户端体验增强.md,source_quote;atomic_assertion,功能规格,鍘嗗彶鏁呴殰浜嬩欢鍒楄〃锛氭椂闂/ 褰卞搷鑼冨洿 / 鍘熷洜 / 淇鏃堕棿,鍘嗗彶鏁呴殰浜嬩欢鍒楄〃锛氭椂闂/ 褰卞搷鑼冨洿 / 鍘熷洜 / 淇鏃堕棿,,11;67;141;176;240;300;338;409,gb18030->utf8 x1,NO,MANUAL_REVIEW,至少一个受影响字段无法整字段安全转换，或完整源行不可读/不可定位，或存在复合断言
UA2-02059,user-agent,docs/PRD-用户端体验增强.md,source_quote;atomic_assertion,功能规格,鐘舵€佽闃,鐘舵€佽闃,,11;67;141;176;240;300;338;409,gb18030->utf8 x1,NO,MANUAL_REVIEW,至少一个受影响字段无法整字段安全转换，或完整源行不可读/不可定位，或存在复合断言
UA2-02060,user-agent,docs/PRD-用户端体验增强.md,source_quote;atomic_assertion,功能规格,璁㈤槄鐘舵€佸彉鏇撮€氱煡锛堥偖浠/ Webhook锛,璁㈤槄鐘舵€佸彉鏇撮€氱煡锛堥偖浠/ Webhook锛,,11;67;141;176;240;300;338;409,gb18030->utf8 x1,NO,MANUAL_REVIEW,至少一个受影响字段无法整字段安全转换，或完整源行不可读/不可定位，或存在复合断言
UA2-02062,user-agent,docs/PRD-用户端体验增强.md,source_quote;atomic_assertion,功能规格,鍚API 绔偣杩24 灏忔椂鍝嶅簲鏃堕棿瓒嬪娍,鍚API 绔偣杩24 灏忔椂鍝嶅簲鏃堕棿瓒嬪娍,,11;67;141;176;240;300;338;409,gb18030->utf8 x1,NO,MANUAL_REVIEW,至少一个受影响字段无法整字段安全转换，或完整源行不可读/不可定位，或存在复合断言
UA2-02064,user-agent,docs/PRD-用户端体验增强.md,source_section,API 接口,/api/v1/public/status,/api/v1/public/status,388;389,41;114;151;213;275;310;381;435,gb18030->utf8 x1,NO,REVIEW_CANDIDATE,所有受影响字段均完成整字段可逆转换，且引用/章节可定位；仍需人工确认
UA2-02065,user-agent,docs/PRD-用户端体验增强.md,source_section,API 接口,褰撳墠鏈嶅姟鐘舵€,褰撳墠鏈嶅姟鐘舵€,,41;114;151;213;275;310;381;435,gb18030->utf8 x1,NO,MANUAL_REVIEW,至少一个受影响字段无法整字段安全转换，或完整源行不可读/不可定位，或存在复合断言
UA2-02066,user-agent,docs/PRD-用户端体验增强.md,source_section,API 接口,无需登录,无需登录,388;389,41;114;151;213;275;310;381;435,gb18030->utf8 x1,NO,REVIEW_CANDIDATE,所有受影响字段均完成整字段可逆转换，且引用/章节可定位；仍需人工确认
UA2-02068,user-agent,docs/PRD-用户端体验增强.md,source_section,API 接口,/api/v1/public/status/services,/api/v1/public/status/services,,41;114;151;213;275;310;381;435,gb18030->utf8 x1,NO,MANUAL_REVIEW,至少一个受影响字段无法整字段安全转换，或完整源行不可读/不可定位，或存在复合断言
UA2-02069,user-agent,docs/PRD-用户端体验增强.md,source_section;source_quote;atomic_assertion,API 接口,鍚勬湇鍔¤缁嗙姸鎬,鍚勬湇鍔¤缁嗙姸鎬,,41;114;151;213;275;310;381;435,gb18030->utf8 x1,NO,MANUAL_REVIEW,至少一个受影响字段无法整字段安全转换，或完整源行不可读/不可定位，或存在复合断言
UA2-02072,user-agent,docs/PRD-用户端体验增强.md,source_section,API 接口,/api/v1/public/status/history,/api/v1/public/status/history,,41;114;151;213;275;310;381;435,gb18030->utf8 x1,NO,MANUAL_REVIEW,至少一个受影响字段无法整字段安全转换，或完整源行不可读/不可定位，或存在复合断言
UA2-02073,user-agent,docs/PRD-用户端体验增强.md,source_section;source_quote;atomic_assertion,API 接口,鍙敤鎬у巻鍙茶秼鍔,鍙敤鎬у巻鍙茶秼鍔,,41;114;151;213;275;310;381;435,gb18030->utf8 x1,NO,MANUAL_REVIEW,至少一个受影响字段无法整字段安全转换，或完整源行不可读/不可定位，或存在复合断言
UA2-02076,user-agent,docs/PRD-用户端体验增强.md,source_section,API 接口,/api/v1/public/status/incidents,/api/v1/public/status/incidents,388,41;114;151;213;275;310;381;435,gb18030->utf8 x1,NO,REVIEW_CANDIDATE,所有受影响字段均完成整字段可逆转换，且引用/章节可定位；仍需人工确认
UA2-02077,user-agent,docs/PRD-用户端体验增强.md,source_section,API 接口,历史故障事件,历史故障事件,388,41;114;151;213;275;310;381;435,gb18030->utf8 x1,NO,REVIEW_CANDIDATE,所有受影响字段均完成整字段可逆转换，且引用/章节可定位；仍需人工确认
UA2-02080,user-agent,docs/PRD-用户端体验增强.md,source_section,API 接口,/api/v1/public/status/latency,/api/v1/public/status/latency,389,41;114;151;213;275;310;381;435,gb18030->utf8 x1,NO,REVIEW_CANDIDATE,所有受影响字段均完成整字段可逆转换，且引用/章节可定位；仍需人工确认
UA2-02081,user-agent,docs/PRD-用户端体验增强.md,source_section,API 接口,响应时间趋势,响应时间趋势,389,41;114;151;213;275;310;381;435,gb18030->utf8 x1,NO,REVIEW_CANDIDATE,所有受影响字段均完成整字段可逆转换，且引用/章节可定位；仍需人工确认
UA2-02084,user-agent,docs/PRD-用户端体验增强.md,source_section,API 接口,/api/v1/public/status/subscribe,/api/v1/public/status/subscribe,,41;114;151;213;275;310;381;435,gb18030->utf8 x1,NO,MANUAL_REVIEW,至少一个受影响字段无法整字段安全转换，或完整源行不可读/不可定位，或存在复合断言
UA2-02085,user-agent,docs/PRD-用户端体验增强.md,source_section;source_quote;atomic_assertion,API 接口,璁㈤槄鐘舵€侀€氱煡,璁㈤槄鐘舵€侀€氱煡,,41;114;151;213;275;310;381;435,gb18030->utf8 x1,NO,MANUAL_REVIEW,至少一个受影响字段无法整字段安全转换，或完整源行不可读/不可定位，或存在复合断言
UA2-02088,user-agent,docs/PRD-用户端体验增强.md,source_section,API 接口,/api/v1/public/status/unsubscribe,/api/v1/public/status/unsubscribe,,41;114;151;213;275;310;381;435,gb18030->utf8 x1,NO,MANUAL_REVIEW,至少一个受影响字段无法整字段安全转换，或完整源行不可读/不可定位，或存在复合断言
UA2-02089,user-agent,docs/PRD-用户端体验增强.md,source_section;source_quote;atomic_assertion,API 接口,閫€璁,閫€璁,,41;114;151;213;275;310;381;435,gb18030->utf8 x1,NO,MANUAL_REVIEW,至少一个受影响字段无法整字段安全转换，或完整源行不可读/不可定位，或存在复合断言
UA2-02091,user-agent,docs/PRD-用户端体验增强.md,source_section;source_quote;atomic_assertion,前端变更,Portal -> 鏂板 /status 鐘舵€侀〉,Portal -> 鏂板 /status 鐘舵€侀〉,,51;125;160;224;285;322;393;445,gb18030->utf8 x1,NO,MANUAL_REVIEW,至少一个受影响字段无法整字段安全转换，或完整源行不可读/不可定位，或存在复合断言
UA2-02092,user-agent,docs/PRD-用户端体验增强.md,source_section;source_quote;atomic_assertion,前端变更,鏈嶅姟鐘舵€佸睍绀+ 鍙敤鎬ц秼鍔+ 鏁呴殰浜嬩欢,鏈嶅姟鐘舵€佸睍绀+ 鍙敤鎬ц秼鍔+ 鏁呴殰浜嬩欢,,51;125;160;224;285;322;393;445,gb18030->utf8 x1,NO,MANUAL_REVIEW,至少一个受影响字段无法整字段安全转换，或完整源行不可读/不可定位，或存在复合断言
UA2-02093,user-agent,docs/PRD-用户端体验增强.md,source_section,前端变更,Portal -> 鐘舵€侀〉,Portal -> 鐘舵€侀〉,,51;125;160;224;285;322;393;445,gb18030->utf8 x1,NO,MANUAL_REVIEW,至少一个受影响字段无法整字段安全转换，或完整源行不可读/不可定位，或存在复合断言
UA2-02094,user-agent,docs/PRD-用户端体验增强.md,source_section;source_quote;atomic_assertion,前端变更,璁㈤槄琛ㄥ崟锛堥偖绠/ Webhook锛,璁㈤槄琛ㄥ崟锛堥偖绠/ Webhook锛,,51;125;160;224;285;322;393;445,gb18030->utf8 x1,NO,MANUAL_REVIEW,至少一个受影响字段无法整字段安全转换，或完整源行不可读/不可定位，或存在复合断言
UA2-02095,user-agent,docs/PRD-用户端体验增强.md,source_section;source_quote;atomic_assertion,前端变更,"管理后台 -> 运维 -> 新增""故障事件管理""","管理后台 -> 运维 -> 新增""故障事件管理""",399,51;125;160;224;285;322;393;445,gb18030->utf8 x1,NO,REVIEW_CANDIDATE,所有受影响字段均完成整字段可逆转换，且引用/章节可定位；仍需人工确认
UA2-02096,user-agent,docs/PRD-用户端体验增强.md,source_section;source_quote;atomic_assertion,前端变更,创建/更新故障事件,创建/更新故障事件,399,51;125;160;224;285;322;393;445,gb18030->utf8 x1,NO,REVIEW_CANDIDATE,所有受影响字段均完成整字段可逆转换，且引用/章节可定位；仍需人工确认
UA2-02097,user-agent,docs/PRD-用户端体验增强.md,source_quote;atomic_assertion,背景,鐢ㄦ埛闇€瑕SDK 鏉ュ揩閫熸帴鍏ュ钩鍙般€傚綋鍓嶅彧鏈API 鏂囨。,鐢ㄦ埛闇€瑕SDK 鏉ュ揩閫熸帴鍏ュ钩鍙般€傚綋鍓嶅彧鏈API 鏂囨。,,7;63;137;172;236;296;334;405,gb18030->utf8 x1,NO,MANUAL_REVIEW,至少一个受影响字段无法整字段安全转换，或完整源行不可读/不可定位，或存在复合断言
UA2-02098,user-agent,docs/PRD-用户端体验增强.md,source_quote;atomic_assertion,背景,锛屾病鏈夊畼鏂SDK 鍖咃紝鐢ㄦ埛闇€瑕佽嚜宸卞疄鐜HTTP 璋冪敤锛屽鍔犱簡鎺ュ叆闂ㄦ銆|,锛屾病鏈夊畼鏂SDK 鍖咃紝鐢ㄦ埛闇€瑕佽嚜宸卞疄鐜HTTP 璋冪敤锛屽鍔犱簡鎺ュ叆闂ㄦ銆|,,7;63;137;172;236;296;334;405,gb18030->utf8 x1,NO,MANUAL_REVIEW,至少一个受影响字段无法整字段安全转换，或完整源行不可读/不可定位，或存在复合断言
UA2-02100,user-agent,docs/PRD-用户端体验增强.md,source_quote;atomic_assertion,功能规格,pip install 3cloud-sdk锛屾敮鎸chat/completions/embeddings,pip install 3cloud-sdk锛屾敮鎸chat/completions/embeddings,,11;67;141;176;240;300;338;409,gb18030->utf8 x1,NO,MANUAL_REVIEW,至少一个受影响字段无法整字段安全转换，或完整源行不可读/不可定位，或存在复合断言
UA2-02102,user-agent,docs/PRD-用户端体验增强.md,source_quote;atomic_assertion,功能规格,npm install 3cloud-sdk锛屾敮鎸chat/completions/embeddings,npm install 3cloud-sdk锛屾敮鎸chat/completions/embeddings,,11;67;141;176;240;300;338;409,gb18030->utf8 x1,NO,MANUAL_REVIEW,至少一个受影响字段无法整字段安全转换，或完整源行不可读/不可定位，或存在复合断言
UA2-02104,user-agent,docs/PRD-用户端体验增强.md,source_quote;atomic_assertion,功能规格,澶氳瑷€瀹屾暣绀轰緥锛歅ython / JS / Java / Go / Curl,澶氳瑷€瀹屾暣绀轰緥锛歅ython / JS / Java / Go / Curl,,11;67;141;176;240;300;338;409,gb18030->utf8 x1,NO,MANUAL_REVIEW,至少一个受影响字段无法整字段安全转换，或完整源行不可读/不可定位，或存在复合断言
UA2-02105,user-agent,docs/PRD-用户端体验增强.md,source_quote;atomic_assertion,功能规格,错误排查指南,错误排查指南,416;443,11;67;141;176;240;300;338;409,gb18030->utf8 x1,NO,REVIEW_CANDIDATE,所有受影响字段均完成整字段可逆转换，且引用/章节可定位；仍需人工确认
UA2-02106,user-agent,docs/PRD-用户端体验增强.md,source_quote;atomic_assertion,功能规格,常见错误码及解决方案清单,常见错误码及解决方案清单,416,11;67;141;176;240;300;338;409,gb18030->utf8 x1,NO,REVIEW_CANDIDATE,所有受影响字段均完成整字段可逆转换，且引用/章节可定位；仍需人工确认
UA2-02107,user-agent,docs/PRD-用户端体验增强.md,source_quote;atomic_assertion,功能规格,SDK 版本管理,SDK 版本管理,417,11;67;141;176;240;300;338;409,gb18030->utf8 x1,NO,REVIEW_CANDIDATE,所有受影响字段均完成整字段可逆转换，且引用/章节可定位；仍需人工确认
UA2-02108,user-agent,docs/PRD-用户端体验增强.md,source_quote;atomic_assertion,功能规格,发布版本记录 + 更新日志,发布版本记录 + 更新日志,417,11;67;141;176;240;300;338;409,gb18030->utf8 x1,NO,REVIEW_CANDIDATE,所有受影响字段均完成整字段可逆转换，且引用/章节可定位；仍需人工确认
UA2-02110,user-agent,docs/PRD-用户端体验增强.md,source_section,API 接口,/api/v1/public/sdks,/api/v1/public/sdks,439,41;114;151;213;275;310;381;435,gb18030->utf8 x1,NO,REVIEW_CANDIDATE,所有受影响字段均完成整字段可逆转换，且引用/章节可定位；仍需人工确认
UA2-02111,user-agent,docs/PRD-用户端体验增强.md,source_section;source_quote;atomic_assertion,API 接口,SDK 版本列表,SDK 版本列表,439,41;114;151;213;275;310;381;435,gb18030->utf8 x1,NO,REVIEW_CANDIDATE,所有受影响字段均完成整字段可逆转换，且引用/章节可定位；仍需人工确认
UA2-02114,user-agent,docs/PRD-用户端体验增强.md,source_section,API 接口,/api/v1/public/sdks/:language/latest,/api/v1/public/sdks/:language/latest,,41;114;151;213;275;310;381;435,gb18030->utf8 x1,NO,MANUAL_REVIEW,至少一个受影响字段无法整字段安全转换，或完整源行不可读/不可定位，或存在复合断言
UA2-02115,user-agent,docs/PRD-用户端体验增强.md,source_section;source_quote;atomic_assertion,API 接口,鏈€鏂扮増鏈俊鎭,鏈€鏂扮増鏈俊鎭,,41;114;151;213;275;310;381;435,gb18030->utf8 x1,NO,MANUAL_REVIEW,至少一个受影响字段无法整字段安全转换，或完整源行不可读/不可定位，或存在复合断言
UA2-02118,user-agent,docs/PRD-用户端体验增强.md,source_section,API 接口,/api/v1/public/examples,/api/v1/public/examples,441;442,41;114;151;213;275;310;381;435,gb18030->utf8 x1,NO,REVIEW_CANDIDATE,所有受影响字段均完成整字段可逆转换，且引用/章节可定位；仍需人工确认
UA2-02119,user-agent,docs/PRD-用户端体验增强.md,source_section;source_quote;atomic_assertion,API 接口,代码示例列表,代码示例列表,441,41;114;151;213;275;310;381;435,gb18030->utf8 x1,NO,REVIEW_CANDIDATE,所有受影响字段均完成整字段可逆转换，且引用/章节可定位；仍需人工确认
UA2-02122,user-agent,docs/PRD-用户端体验增强.md,source_section,API 接口,/api/v1/public/examples/:language,/api/v1/public/examples/:language,442,41;114;151;213;275;310;381;435,gb18030->utf8 x1,NO,REVIEW_CANDIDATE,所有受影响字段均完成整字段可逆转换，且引用/章节可定位；仍需人工确认
UA2-02123,user-agent,docs/PRD-用户端体验增强.md,source_section;source_quote;atomic_assertion,API 接口,指定语言示例,指定语言示例,158;442,41;114;151;213;275;310;381;435,gb18030->utf8 x1,NO,REVIEW_CANDIDATE,所有受影响字段均完成整字段可逆转换，且引用/章节可定位；仍需人工确认
UA2-02126,user-agent,docs/PRD-用户端体验增强.md,source_section,API 接口,/api/v1/public/error-guide,/api/v1/public/error-guide,443,41;114;151;213;275;310;381;435,gb18030->utf8 x1,NO,REVIEW_CANDIDATE,所有受影响字段均完成整字段可逆转换，且引用/章节可定位；仍需人工确认
UA2-02127,user-agent,docs/PRD-用户端体验增强.md,source_section;source_quote;atomic_assertion,API 接口,错误排查指南,错误排查指南,416;443,41;114;151;213;275;310;381;435,gb18030->utf8 x1,NO,REVIEW_CANDIDATE,所有受影响字段均完成整字段可逆转换，且引用/章节可定位；仍需人工确认
UA2-02129,user-agent,docs/PRD-用户端体验增强.md,source_section;source_quote;atomic_assertion,前端变更,Portal -> 寮€鍙戣€呮枃妗,Portal -> 寮€鍙戣€呮枃妗,,51;125;160;224;285;322;393;445,gb18030->utf8 x1,NO,MANUAL_REVIEW,至少一个受影响字段无法整字段安全转换，或完整源行不可读/不可定位，或存在复合断言
UA2-02130,user-agent,docs/PRD-用户端体验增强.md,source_section;source_quote;atomic_assertion,前端变更,"鏂板""SDK 涓庣ず渚绔犺妭","鏂板""SDK 涓庣ず渚绔犺妭",,51;125;160;224;285;322;393;445,gb18030->utf8 x1,NO,MANUAL_REVIEW,至少一个受影响字段无法整字段安全转换，或完整源行不可读/不可定位，或存在复合断言
UA2-02131,user-agent,docs/PRD-用户端体验增强.md,source_section;source_quote;atomic_assertion,前端变更,Portal -> 寮€鍙戣€呮枃妗-> SDK,Portal -> 寮€鍙戣€呮枃妗-> SDK,,51;125;160;224;285;322;393;445,gb18030->utf8 x1,NO,MANUAL_REVIEW,至少一个受影响字段无法整字段安全转换，或完整源行不可读/不可定位，或存在复合断言
UA2-02132,user-agent,docs/PRD-用户端体验增强.md,source_section;source_quote;atomic_assertion,前端变更,鍚勮瑷€ SDK 瀹夎璇存槑 + 蹇€熷紑濮嬩唬鐮,鍚勮瑷€ SDK 瀹夎璇存槑 + 蹇€熷紑濮嬩唬鐮,,51;125;160;224;285;322;393;445,gb18030->utf8 x1,NO,MANUAL_REVIEW,至少一个受影响字段无法整字段安全转换，或完整源行不可读/不可定位，或存在复合断言
UA2-02133,user-agent,docs/PRD-用户端体验增强.md,source_section;source_quote;atomic_assertion,前端变更,Portal -> 寮€鍙戣€呮枃妗-> 閿欒鎺掓煡,Portal -> 寮€鍙戣€呮枃妗-> 閿欒鎺掓煡,,51;125;160;224;285;322;393;445,gb18030->utf8 x1,NO,MANUAL_REVIEW,至少一个受影响字段无法整字段安全转换，或完整源行不可读/不可定位，或存在复合断言
UA2-02134,user-agent,docs/PRD-用户端体验增强.md,source_section;source_quote;atomic_assertion,前端变更,错误码对照表 + 解决方案,错误码对照表 + 解决方案,,51;125;160;224;285;322;393;445,gb18030->utf8 x1,NO,MANUAL_REVIEW,至少一个受影响字段无法整字段安全转换，或完整源行不可读/不可定位，或存在复合断言
UA2-02135,user-agent,docs/PRD-用户端体验增强.md,source_section,18.9 鐢ㄦ埛绔綋楠屽寮烘€昏,API 在线调试工具,API 在线调试工具,5,,gb18030->utf8 x1,NO,MANUAL_REVIEW,至少一个受影响字段无法整字段安全转换，或完整源行不可读/不可定位，或存在复合断言
UA2-02136,user-agent,docs/PRD-用户端体验增强.md,source_section;source_quote;atomic_assertion,18.9 鐢ㄦ埛绔綋楠屽寮烘€昏,后端 3d + 前端 5d,后端 3d + 前端 5d,,,gb18030->utf8 x1,NO,MANUAL_REVIEW,至少一个受影响字段无法整字段安全转换，或完整源行不可读/不可定位，或存在复合断言
UA2-02137,user-agent,docs/PRD-用户端体验增强.md,source_section;source_quote;atomic_assertion,18.9 鐢ㄦ埛绔綋楠屽寮烘€昏,闄嶄綆鎺ュ叆闂ㄦ锛岀敤鎴烽娆′綋楠,闄嶄綆鎺ュ叆闂ㄦ锛岀敤鎴烽娆′綋楠,,,,NO,MANUAL_REVIEW,至少一个受影响字段无法整字段安全转换，或完整源行不可读/不可定位，或存在复合断言
UA2-02138,user-agent,docs/PRD-用户端体验增强.md,source_section,18.9 鐢ㄦ埛绔綋楠屽寮烘€昏,用量预算控制,用量预算控制,61,,gb18030->utf8 x1,NO,MANUAL_REVIEW,至少一个受影响字段无法整字段安全转换，或完整源行不可读/不可定位，或存在复合断言
UA2-02139,user-agent,docs/PRD-用户端体验增强.md,source_section;source_quote;atomic_assertion,18.9 鐢ㄦ埛绔綋楠屽寮烘€昏,后端 4d + 前端 3d,后端 4d + 前端 3d,,,gb18030->utf8 x1,NO,MANUAL_REVIEW,至少一个受影响字段无法整字段安全转换，或完整源行不可读/不可定位，或存在复合断言
UA2-02140,user-agent,docs/PRD-用户端体验增强.md,source_section;source_quote;atomic_assertion,18.9 鐢ㄦ埛绔綋楠屽寮烘€昏,闃叉鎰忓瓒呮敮锛屼紒涓氱敤鎴峰垰闇€,闃叉鎰忓瓒呮敮锛屼紒涓氱敤鎴峰垰闇€,,,,NO,MANUAL_REVIEW,至少一个受影响字段无法整字段安全转换，或完整源行不可读/不可定位，或存在复合断言
UA2-02141,user-agent,docs/PRD-用户端体验增强.md,source_section;source_quote;atomic_assertion,18.9 鐢ㄦ埛绔綋楠屽寮烘€昏,用户引导 Onboarding,用户引导 Onboarding,461,,gb18030->utf8 x1,NO,MANUAL_REVIEW,至少一个受影响字段无法整字段安全转换，或完整源行不可读/不可定位，或存在复合断言
UA2-02142,user-agent,docs/PRD-用户端体验增强.md,source_section;source_quote;atomic_assertion,18.9 鐢ㄦ埛绔綋楠屽寮烘€昏,后端 2d + 前端 4d,后端 2d + 前端 4d,461,,gb18030->utf8 x1,NO,MANUAL_REVIEW,至少一个受影响字段无法整字段安全转换，或完整源行不可读/不可定位，或存在复合断言
UA2-02143,user-agent,docs/PRD-用户端体验增强.md,source_section;source_quote;atomic_assertion,18.9 鐢ㄦ埛绔綋楠屽寮烘€昏,提升注册转化率，减少流失,提升注册转化率，减少流失,461,,gb18030->utf8 x1,NO,MANUAL_REVIEW,至少一个受影响字段无法整字段安全转换，或完整源行不可读/不可定位，或存在复合断言
UA2-02144,user-agent,docs/PRD-用户端体验增强.md,source_section,18.9 鐢ㄦ埛绔綋楠屽寮烘€昏,璐﹀崟涓庢秷璐瑰垎鏋,璐﹀崟涓庢秷璐瑰垎鏋,170,,,NO,MANUAL_REVIEW,至少一个受影响字段无法整字段安全转换，或完整源行不可读/不可定位，或存在复合断言
UA2-02145,user-agent,docs/PRD-用户端体验增强.md,source_section;source_quote;atomic_assertion,18.9 鐢ㄦ埛绔綋楠屽寮烘€昏,后端 4d + 前端 4d,后端 4d + 前端 4d,,,gb18030->utf8 x1,NO,MANUAL_REVIEW,至少一个受影响字段无法整字段安全转换，或完整源行不可读/不可定位，或存在复合断言
UA2-02146,user-agent,docs/PRD-用户端体验增强.md,source_section;source_quote;atomic_assertion,18.9 鐢ㄦ埛绔綋楠屽寮烘€昏,閫忔槑娑堣垂锛屼紒涓氭姤閿€,閫忔槑娑堣垂锛屼紒涓氭姤閿€,,,,NO,MANUAL_REVIEW,至少一个受影响字段无法整字段安全转换，或完整源行不可读/不可定位，或存在复合断言
UA2-02147,user-agent,docs/PRD-用户端体验增强.md,source_section;source_quote;atomic_assertion,18.9 鐢ㄦ埛绔綋楠屽寮烘€昏,通知偏好管理,通知偏好管理,234;463,,gb18030->utf8 x1,NO,MANUAL_REVIEW,至少一个受影响字段无法整字段安全转换，或完整源行不可读/不可定位，或存在复合断言
UA2-02148,user-agent,docs/PRD-用户端体验增强.md,source_section;source_quote;atomic_assertion,18.9 鐢ㄦ埛绔綋楠屽寮烘€昏,后端 2d + 前端 2d,后端 2d + 前端 2d,463,,gb18030->utf8 x1,NO,MANUAL_REVIEW,至少一个受影响字段无法整字段安全转换，或完整源行不可读/不可定位，或存在复合断言
UA2-02149,user-agent,docs/PRD-用户端体验增强.md,source_section;source_quote;atomic_assertion,18.9 鐢ㄦ埛绔綋楠屽寮烘€昏,用户体验优化,用户体验优化,463,,gb18030->utf8 x1,NO,MANUAL_REVIEW,至少一个受影响字段无法整字段安全转换，或完整源行不可读/不可定位，或存在复合断言
UA2-02150,user-agent,docs/PRD-用户端体验增强.md,source_section;source_quote;atomic_assertion,18.9 鐢ㄦ埛绔綋楠屽寮烘€昏,账号安全中心,账号安全中心,294,,gb18030->utf8 x1,NO,MANUAL_REVIEW,至少一个受影响字段无法整字段安全转换，或完整源行不可读/不可定位，或存在复合断言
UA2-02151,user-agent,docs/PRD-用户端体验增强.md,source_section;source_quote;atomic_assertion,18.9 鐢ㄦ埛绔綋楠屽寮烘€昏,后端 3d + 前端 3d,后端 3d + 前端 3d,,,gb18030->utf8 x1,NO,MANUAL_REVIEW,至少一个受影响字段无法整字段安全转换，或完整源行不可读/不可定位，或存在复合断言
UA2-02152,user-agent,docs/PRD-用户端体验增强.md,source_section;source_quote;atomic_assertion,18.9 鐢ㄦ埛绔綋楠屽寮烘€昏,璐﹀彿瀹夊叏锛岀敤鎴蜂俊浠,璐﹀彿瀹夊叏锛岀敤鎴蜂俊浠,,,,NO,MANUAL_REVIEW,至少一个受影响字段无法整字段安全转换，或完整源行不可读/不可定位，或存在复合断言
UA2-02153,user-agent,docs/PRD-用户端体验增强.md,source_section;source_quote;atomic_assertion,18.9 鐢ㄦ埛绔綋楠屽寮烘€昏,鍏紑 API 鐘舵€侀〉,鍏紑 API 鐘舵€侀〉,,,,NO,MANUAL_REVIEW,至少一个受影响字段无法整字段安全转换，或完整源行不可读/不可定位，或存在复合断言
UA2-02154,user-agent,docs/PRD-用户端体验增强.md,source_section;source_quote;atomic_assertion,18.9 鐢ㄦ埛绔綋楠屽寮烘€昏,后端 2d + 前端 3d,后端 2d + 前端 3d,,,gb18030->utf8 x1,NO,MANUAL_REVIEW,至少一个受影响字段无法整字段安全转换，或完整源行不可读/不可定位，或存在复合断言
UA2-02155,user-agent,docs/PRD-用户端体验增强.md,source_section;source_quote;atomic_assertion,18.9 鐢ㄦ埛绔綋楠屽寮烘€昏,閫忔槑搴︼紝闄嶄綆瀹㈡湇鍜ㄨ閲,閫忔槑搴︼紝闄嶄綆瀹㈡湇鍜ㄨ閲,,,,NO,MANUAL_REVIEW,至少一个受影响字段无法整字段安全转换，或完整源行不可读/不可定位，或存在复合断言
UA2-02156,user-agent,docs/PRD-用户端体验增强.md,source_section;source_quote;atomic_assertion,18.9 鐢ㄦ埛绔綋楠屽寮烘€昏,官方 SDK 与多语言支持,官方 SDK 与多语言支持,403,,gb18030->utf8 x1,NO,MANUAL_REVIEW,至少一个受影响字段无法整字段安全转换，或完整源行不可读/不可定位，或存在复合断言
UA2-02157,user-agent,docs/PRD-用户端体验增强.md,source_section;source_quote;atomic_assertion,18.9 鐢ㄦ埛绔綋楠屽寮烘€昏,后端 5d + 前端 2d,后端 5d + 前端 2d,,,gb18030->utf8 x1,NO,MANUAL_REVIEW,至少一个受影响字段无法整字段安全转换，或完整源行不可读/不可定位，或存在复合断言
UA2-02158,user-agent,docs/PRD-用户端体验增强.md,source_section;source_quote;atomic_assertion,18.9 鐢ㄦ埛绔綋楠屽寮烘€昏,闄嶄綆鎺ュ叆闂ㄦ锛岄暱鏈熶环鍊,闄嶄綆鎺ュ叆闂ㄦ锛岄暱鏈熶环鍊,,,,NO,MANUAL_REVIEW,至少一个受影响字段无法整字段安全转换，或完整源行不可读/不可定位，或存在复合断言
UA2-02159,user-agent,docs/PRD-用户端体验增强.md,source_section;source_quote;atomic_assertion,18.9 鐢ㄦ埛绔綋楠屽寮烘€昏,**鍚堣**锛氬悗绔25 浜哄ぉ + 鍓嶇 26 浜哄ぉ = 绾6.5 鍛|,**鍚堣**锛氬悗绔25 浜哄ぉ + 鍓嶇 26 浜哄ぉ = 绾6.5 鍛|,,,,NO,MANUAL_REVIEW,至少一个受影响字段无法整字段安全转换，或完整源行不可读/不可定位，或存在复合断言
UA2-02160,user-agent,docs/PRD-用户端体验增强.md,source_section;source_quote;atomic_assertion,18.9 鐢ㄦ埛绔綋楠屽寮烘€昏,澶囨敞锛毬8 鐢ㄦ埛绔綋楠屽寮虹洿鎺ラ潰鍚戠粓绔敤鎴凤紝P0 涓夐」锛堣皟璇曞伐鍏棰勭畻鎺у埗/Onboarding锛夋槸鎻愬崌鐢ㄦ埛鐣欏瓨鍜岃浆鍖栫殑鍏抽敭銆|,澶囨敞锛毬8 鐢ㄦ埛绔綋楠屽寮虹洿鎺ラ潰鍚戠粓绔敤鎴凤紝P0 涓夐」锛堣皟璇曞伐鍏棰勭畻鎺у埗/Onboarding锛夋槸鎻愬崌鐢ㄦ埛鐣欏瓨鍜岃浆鍖栫殑鍏抽敭銆|,,,,NO,MANUAL_REVIEW,至少一个受影响字段无法整字段安全转换，或完整源行不可读/不可定位，或存在复合断言
UA2-02974,user-agent,docs/SPEC-§22-用户端体验增强.md,source_section,鍔熻兘璇存槑涔︼細搂22 鐢ㄦ埛绔綋楠屽寮?,**📖 页面功能说明帮助**,**📖 页面功能说明帮助**,3,,,NO,MANUAL_REVIEW,至少一个受影响字段无法整字段安全转换，或完整源行不可读/不可定位，或存在复合断言
UA2-02975,user-agent,docs/SPEC-§22-用户端体验增强.md,source_section,鍔熻兘璇存槑涔︼細搂22 鐢ㄦ埛绔綋楠屽寮?,**页面用途**：用户端体验增强（第二批） 功能说明书。,**页面用途**：用户端体验增强（第二批） 功能说明书。,5,,,NO,MANUAL_REVIEW,至少一个受影响字段无法整字段安全转换，或完整源行不可读/不可定位，或存在复合断言
UA2-02976,user-agent,docs/SPEC-§22-用户端体验增强.md,source_section,鍔熻兘璇存槑涔︼細搂22 鐢ㄦ埛绔綋楠屽寮?,本文档详细定义了该模块各功能点的字段规格、校验规则、边界条件、交互方式和注意事项。,本文档详细定义了该模块各功能点的字段规格、校验规则、边界条件、交互方式和注意事项。,5,,,NO,MANUAL_REVIEW,至少一个受影响字段无法整字段安全转换，或完整源行不可读/不可定位，或存在复合断言
UA2-02977,user-agent,docs/SPEC-§22-用户端体验增强.md,source_section,鍔熻兘璇存槑涔︼細搂22 鐢ㄦ埛绔綋楠屽寮?,**适用角色**：所有平台用户,**适用角色**：所有平台用户,7,,,NO,MANUAL_REVIEW,至少一个受影响字段无法整字段安全转换，或完整源行不可读/不可定位，或存在复合断言
UA2-02978,user-agent,docs/SPEC-§22-用户端体验增强.md,source_section,鍔熻兘璇存槑涔︼細搂22 鐢ㄦ埛绔綋楠屽寮?,**核心操作**：,**核心操作**：,9;2113,,,NO,MANUAL_REVIEW,至少一个受影响字段无法整字段安全转换，或完整源行不可读/不可定位，或存在复合断言
UA2-02979,user-agent,docs/SPEC-§22-用户端体验增强.md,source_section,鍔熻兘璇存槑涔︼細搂22 鐢ㄦ埛绔綋楠屽寮?,了解用户端新增体验改进,了解用户端新增体验改进,10,,,NO,MANUAL_REVIEW,至少一个受影响字段无法整字段安全转换，或完整源行不可读/不可定位，或存在复合断言
UA2-02980,user-agent,docs/SPEC-§22-用户端体验增强.md,source_section,鍔熻兘璇存槑涔︼細搂22 鐢ㄦ埛绔綋楠屽寮?,查看优化后的操作流程,查看优化后的操作流程,11,,,NO,MANUAL_REVIEW,至少一个受影响字段无法整字段安全转换，或完整源行不可读/不可定位，或存在复合断言
UA2-02981,user-agent,docs/SPEC-§22-用户端体验增强.md,source_section,鍔熻兘璇存槑涔︼細搂22 鐢ㄦ埛绔綋楠屽寮?,**注意事项**：本 SPEC 文档面向开发者和测试人员，包含字段级定义和校验规则。,**注意事项**：本 SPEC 文档面向开发者和测试人员，包含字段级定义和校验规则。,13,,,NO,MANUAL_REVIEW,至少一个受影响字段无法整字段安全转换，或完整源行不可读/不可定位，或存在复合断言
UA2-02982,user-agent,docs/SPEC-§22-用户端体验增强.md,source_section,鍔熻兘璇存槑涔︼細搂22 鐢ㄦ埛绔綋楠屽寮?,页面标题旁的 `[?]` 帮助气泡引用本文档内容，点击可查看当前页面功能说明。,页面标题旁的 `[?]` 帮助气泡引用本文档内容，点击可查看当前页面功能说明。,13,,,NO,MANUAL_REVIEW,至少一个受影响字段无法整字段安全转换，或完整源行不可读/不可定位，或存在复合断言
UA2-02983,user-agent,docs/SPEC-§22-用户端体验增强.md,source_section,鍔熻兘璇存槑涔︼細搂22 鐢ㄦ埛绔綋楠屽寮?,**关联组件**：页面标题右侧 `[?]` 帮助按钮，悬停/点击弹出帮助弹窗。,**关联组件**：页面标题右侧 `[?]` 帮助按钮，悬停/点击弹出帮助弹窗。,15,,,NO,MANUAL_REVIEW,至少一个受影响字段无法整字段安全转换，或完整源行不可读/不可定位，或存在复合断言
UA2-02984,user-agent,docs/SPEC-§22-用户端体验增强.md,source_section,鍔熻兘璇存槑涔︼細搂22 鐢ㄦ埛绔綋楠屽寮?,**对应文档,**对应文档,,,gb18030->utf8 x1,NO,MANUAL_REVIEW,至少一个受影响字段无法整字段安全转换，或完整源行不可读/不可定位，或存在复合断言
UA2-02985,user-agent,docs/SPEC-§22-用户端体验增强.md,source_section;source_quote;atomic_assertion,鍔熻兘璇存槑涔︼細搂22 鐢ㄦ埛绔綋楠屽寮?,**锛歔`PRD-鐢ㄦ埛绔綋楠屽寮?md`](PRD-鐢ㄦ埛绔綋楠屽寮?md),**锛歔`PRD-鐢ㄦ埛绔綋楠屽寮?md`](PRD-鐢ㄦ埛绔綋楠屽寮?md),,,,NO,MANUAL_REVIEW,至少一个受影响字段无法整字段安全转换，或完整源行不可读/不可定位，或存在复合断言
UA2-02986,user-agent,docs/SPEC-§22-用户端体验增强.md,source_section;source_quote;atomic_assertion,鍔熻兘璇存槑涔︼細搂22 鐢ㄦ埛绔綋楠屽寮?,**娣卞寲鍙傝€?*锛歚ref-22.1-onboarding.md` + `ref-22.2-dashboard-enhance.md` + `ref-22.3-playground.md` + `ref-22.4-webhook.md` + `ref-22.5-oauth.md` + `ref-22.6-notifications.md,**娣卞寲鍙傝€?*锛歚ref-22.1-onboarding.md` + `ref-22.2-dashboard-enhance.md` + `ref-22.3-playground.md` + `ref-22.4-webhook.md` + `ref-22.5-oauth.md` + `ref-22.6-notifications.md,,,,NO,MANUAL_REVIEW,至少一个受影响字段无法整字段安全转换，或完整源行不可读/不可定位，或存在复合断言
UA2-02987,user-agent,docs/SPEC-§22-用户端体验增强.md,source_section;source_quote;atomic_assertion,22.0 鐢ㄦ埛绔綋楠屽寮烘€昏,注册引导 Onboarding,注册引导 Onboarding,,,gb18030->utf8 x1,NO,MANUAL_REVIEW,至少一个受影响字段无法整字段安全转换，或完整源行不可读/不可定位，或存在复合断言
UA2-02988,user-agent,docs/SPEC-§22-用户端体验增强.md,source_section;source_quote;atomic_assertion,22.0 鐢ㄦ埛绔綋楠屽寮烘€昏,闄嶄綆鏂扮敤鎴蜂笂鎵嬮棬妲?,闄嶄綆鏂扮敤鎴蜂笂鎵嬮棬妲?,,,,NO,MANUAL_REVIEW,至少一个受影响字段无法整字段安全转换，或完整源行不可读/不可定位，或存在复合断言
UA2-02989,user-agent,docs/SPEC-§22-用户端体验增强.md,source_section;source_quote;atomic_assertion,22.0 鐢ㄦ埛绔綋楠屽寮烘€昏,全屏弹窗,全屏弹窗,,,gb18030->utf8 x1,NO,MANUAL_REVIEW,至少一个受影响字段无法整字段安全转换，或完整源行不可读/不可定位，或存在复合断言
UA2-02990,user-agent,docs/SPEC-§22-用户端体验增强.md,source_section,22.0 鐢ㄦ埛绔綋楠屽寮烘€昏,Dashboard 体验增强,Dashboard 体验增强,,,gb18030->utf8 x1,NO,MANUAL_REVIEW,至少一个受影响字段无法整字段安全转换，或完整源行不可读/不可定位，或存在复合断言
UA2-02991,user-agent,docs/SPEC-§22-用户端体验增强.md,source_section;source_quote;atomic_assertion,22.0 鐢ㄦ埛绔綋楠屽寮烘€昏,琛ラ綈鎴愭湰棰勬祴/鍛婅/璐﹀崟/娲诲姩娴?瀵煎嚭,琛ラ綈鎴愭湰棰勬祴/鍛婅/璐﹀崟/娲诲姩娴?瀵煎嚭,,,,NO,MANUAL_REVIEW,至少一个受影响字段无法整字段安全转换，或完整源行不可读/不可定位，或存在复合断言
UA2-02992,user-agent,docs/SPEC-§22-用户端体验增强.md,source_section,22.0 鐢ㄦ埛绔綋楠屽寮烘€昏,`/console`,`/console`,,,,NO,MANUAL_REVIEW,至少一个受影响字段无法整字段安全转换，或完整源行不可读/不可定位，或存在复合断言
UA2-02993,user-agent,docs/SPEC-§22-用户端体验增强.md,source_section;source_quote;atomic_assertion,22.0 鐢ㄦ埛绔綋楠屽寮烘€昏,鐢ㄦ埛绔?Playground,鐢ㄦ埛绔?Playground,,,,NO,MANUAL_REVIEW,至少一个受影响字段无法整字段安全转换，或完整源行不可读/不可定位，或存在复合断言
UA2-02994,user-agent,docs/SPEC-§22-用户端体验增强.md,source_section;source_quote;atomic_assertion,22.0 鐢ㄦ埛绔綋楠屽寮烘€昏,闆朵唬鐮佸湪绾胯皟璇?API,闆朵唬鐮佸湪绾胯皟璇?API,,,,NO,MANUAL_REVIEW,至少一个受影响字段无法整字段安全转换，或完整源行不可读/不可定位，或存在复合断言
UA2-02995,user-agent,docs/SPEC-§22-用户端体验增强.md,source_section,22.0 鐢ㄦ埛绔綋楠屽寮烘€昏,`/console/playground`,`/console/playground`,,,,NO,MANUAL_REVIEW,至少一个受影响字段无法整字段安全转换，或完整源行不可读/不可定位，或存在复合断言
UA2-02996,user-agent,docs/SPEC-§22-用户端体验增强.md,source_section;source_quote;atomic_assertion,22.0 鐢ㄦ埛绔綋楠屽寮烘€昏,Webhook 配置,Webhook 配置,1199;2142,,gb18030->utf8 x1,NO,MANUAL_REVIEW,至少一个受影响字段无法整字段安全转换，或完整源行不可读/不可定位，或存在复合断言
UA2-02997,user-agent,docs/SPEC-§22-用户端体验增强.md,source_section;source_quote;atomic_assertion,22.0 鐢ㄦ埛绔綋楠屽寮烘€昏,浜嬩欢涓诲姩鎺ㄩ€?,浜嬩欢涓诲姩鎺ㄩ€?,,,,NO,MANUAL_REVIEW,至少一个受影响字段无法整字段安全转换，或完整源行不可读/不可定位，或存在复合断言
UA2-02998,user-agent,docs/SPEC-§22-用户端体验增强.md,source_section,22.0 鐢ㄦ埛绔綋楠屽寮烘€昏,`/console/webhooks`,`/console/webhooks`,,,,NO,MANUAL_REVIEW,至少一个受影响字段无法整字段安全转换，或完整源行不可读/不可定位，或存在复合断言
UA2-02999,user-agent,docs/SPEC-§22-用户端体验增强.md,source_section;source_quote;atomic_assertion,22.0 鐢ㄦ埛绔綋楠屽寮烘€昏,绗笁鏂?OAuth 鐧诲綍,绗笁鏂?OAuth 鐧诲綍,,,,NO,MANUAL_REVIEW,至少一个受影响字段无法整字段安全转换，或完整源行不可读/不可定位，或存在复合断言
UA2-03000,user-agent,docs/SPEC-§22-用户端体验增强.md,source_section;source_quote;atomic_assertion,22.0 鐢ㄦ埛绔綋楠屽寮烘€昏,降低注册门槛,降低注册门槛,,,gb18030->utf8 x1,NO,MANUAL_REVIEW,至少一个受影响字段无法整字段安全转换，或完整源行不可读/不可定位，或存在复合断言
UA2-03001,user-agent,docs/SPEC-§22-用户端体验增强.md,source_section,22.0 鐢ㄦ埛绔綋楠屽寮烘€昏,`/login`,`/login`,,,,NO,MANUAL_REVIEW,至少一个受影响字段无法整字段安全转换，或完整源行不可读/不可定位，或存在复合断言
UA2-03002,user-agent,docs/SPEC-§22-用户端体验增强.md,source_section,22.0 鐢ㄦ埛绔綋楠屽寮烘€昏,通知偏好增强,通知偏好增强,1648,,gb18030->utf8 x1,NO,MANUAL_REVIEW,至少一个受影响字段无法整字段安全转换，或完整源行不可读/不可定位，或存在复合断言
UA2-03003,user-agent,docs/SPEC-§22-用户端体验增强.md,source_section;source_quote;atomic_assertion,22.0 鐢ㄦ埛绔綋楠屽寮烘€昏,绮剧粏鍖栭€氱煡鎺у埗,绮剧粏鍖栭€氱煡鎺у埗,,,,NO,MANUAL_REVIEW,至少一个受影响字段无法整字段安全转换，或完整源行不可读/不可定位，或存在复合断言
UA2-03004,user-agent,docs/SPEC-§22-用户端体验增强.md,source_section,22.0 鐢ㄦ埛绔綋楠屽寮烘€昏,`/console/settings/notifications`,`/console/settings/notifications`,,,,NO,MANUAL_REVIEW,至少一个受影响字段无法整字段安全转换，或完整源行不可读/不可定位，或存在复合断言
UA2-03005,user-agent,docs/SPEC-§22-用户端体验增强.md,source_quote;atomic_assertion,功能描述,鏂扮敤鎴锋敞鍐屽悗锛岄€氳繃 5 姝ヤ氦浜掑紡寮曞瀹屾垚棣栨浣跨敤閰嶇疆锛堝垱寤?API Key 鈫?浜嗚В妯″瀷 鈫?娴嬭瘯璋冪敤 鈫?鑾峰彇鎺ュ叆浠ｇ爜锛夛紝闄嶄綆浜у搧涓婃墜闂ㄦ锛屽噺灏戞柊鐢ㄦ埛鍥?涓嶇煡閬撲笅涓€姝ュ仛浠€涔?瀵艰嚧鐨勬祦澶辩巼銆?,鏂扮敤鎴锋敞鍐屽悗锛岄€氳繃 5 姝ヤ氦浜掑紡寮曞瀹屾垚棣栨浣跨敤閰嶇疆锛堝垱寤?API Key 鈫?浜嗚В妯″瀷 鈫?娴嬭瘯璋冪敤 鈫?鑾峰彇鎺ュ叆浠ｇ爜锛夛紝闄嶄綆浜у搧涓婃墜闂ㄦ锛屽噺灏戞柊鐢ㄦ埛鍥?涓嶇煡閬撲笅涓€姝ュ仛浠€涔?瀵艰嚧鐨勬祦澶辩巼銆?,,39;228;232;308;426;481;567;735;974;1213;1412;1659;1732;1837;1917;1966;2029,gb18030->utf8 x1,NO,MANUAL_REVIEW,至少一个受影响字段无法整字段安全转换，或完整源行不可读/不可定位，或存在复合断言
UA2-03006,user-agent,docs/SPEC-§22-用户端体验增强.md,source_quote;atomic_assertion,完成能力 / 展示效果,**Step 1：欢迎与介绍（全屏模态弹窗）**,**Step 1：欢迎与介绍（全屏模态弹窗）**,44,42;235;311;429;484;570;750;977;1216;1415;1662;1735;1840;1920;1969;2032,gb18030->utf8 x1,NO,REVIEW_CANDIDATE,所有受影响字段均完成整字段可逆转换，且引用/章节可定位；仍需人工确认
UA2-03007,user-agent,docs/SPEC-§22-用户端体验增强.md,source_quote;atomic_assertion,完成能力 / 展示效果,"鏄剧ず""馃帀 娆㈣繋浣跨敤 3Cloud锛?澶ф爣棰?- 涓夋鍗＄墖寮忎粙缁嶏細","鏄剧ず""馃帀 娆㈣繋浣跨敤 3Cloud锛?澶ф爣棰?- 涓夋鍗＄墖寮忎粙缁嶏細",,42;235;311;429;484;570;750;977;1216;1415;1662;1735;1840;1920;1969;2032,gb18030->utf8 x1,NO,MANUAL_REVIEW,至少一个受影响字段无法整字段安全转换，或完整源行不可读/不可定位，或存在复合断言
UA2-03008,user-agent,docs/SPEC-§22-用户端体验增强.md,source_quote;atomic_assertion,完成能力 / 展示效果,"缁熶竴 API 鈥?""涓€涓?Key 璋冪敤鏁板崄瀹?AI 渚涘簲鍟嗘ā鍨嬶紝鏃犻渶鍒嗗埆瀵规帴""","缁熶竴 API 鈥?""涓€涓?Key 璋冪敤鏁板崄瀹?AI 渚涘簲鍟嗘ā鍨嬶紝鏃犻渶鍒嗗埆瀵规帴""",,42;235;311;429;484;570;750;977;1216;1415;1662;1735;1840;1920;1969;2032,gb18030->utf8 x1,NO,MANUAL_REVIEW,至少一个受影响字段无法整字段安全转换，或完整源行不可读/不可定位，或存在复合断言
UA2-03009,user-agent,docs/SPEC-§22-用户端体验增强.md,source_quote;atomic_assertion,完成能力 / 展示效果,"鏅鸿兘璺敱 鈥?""鑷姩閫夋嫨鏈€浼樹緵搴斿晢锛屼繚璇佸彲鐢ㄦ€у拰鏈€浣庢垚鏈?","鏅鸿兘璺敱 鈥?""鑷姩閫夋嫨鏈€浼樹緵搴斿晢锛屼繚璇佸彲鐢ㄦ€у拰鏈€浣庢垚鏈?",,42;235;311;429;484;570;750;977;1216;1415;1662;1735;1840;1920;1969;2032,gb18030->utf8 x1,NO,MANUAL_REVIEW,至少一个受影响字段无法整字段安全转换，或完整源行不可读/不可定位，或存在复合断言
UA2-03010,user-agent,docs/SPEC-§22-用户端体验增强.md,source_quote;atomic_assertion,完成能力 / 展示效果,"绮剧粏杩愯惀 鈥?""瀹炴椂鐩戞帶鐢ㄩ噺銆佽垂鐢ㄣ€侀绠楋紝鏁版嵁灏藉湪鎺屾彙""","绮剧粏杩愯惀 鈥?""瀹炴椂鐩戞帶鐢ㄩ噺銆佽垂鐢ㄣ€侀绠楋紝鏁版嵁灏藉湪鎺屾彙""",,42;235;311;429;484;570;750;977;1216;1415;1662;1735;1840;1920;1969;2032,gb18030->utf8 x1,NO,MANUAL_REVIEW,至少一个受影响字段无法整字段安全转换，或完整源行不可读/不可定位，或存在复合断言
UA2-03011,user-agent,docs/SPEC-§22-用户端体验增强.md,source_quote;atomic_assertion,完成能力 / 展示效果,"姝ｄ腑闂村睍绀轰綋楠岄搴︼細""娉ㄥ唽鍗抽€?楼5.00 浣撻獙棰濆害锛岀珛鍗冲紑濮嬫偍鐨?AI 涔嬫梾""","姝ｄ腑闂村睍绀轰綋楠岄搴︼細""娉ㄥ唽鍗抽€?楼5.00 浣撻獙棰濆害锛岀珛鍗冲紑濮嬫偍鐨?AI 涔嬫梾""",,42;235;311;429;484;570;750;977;1216;1415;1662;1735;1840;1920;1969;2032,gb18030->utf8 x1,NO,MANUAL_REVIEW,至少一个受影响字段无法整字段安全转换，或完整源行不可读/不可定位，或存在复合断言
UA2-03012,user-agent,docs/SPEC-§22-用户端体验增强.md,source_quote;atomic_assertion,完成能力 / 展示效果,搴曢儴涓や釜鎸夐挳锛歚[涓嬩竴姝?鈫抅`锛堜富鎸夐挳锛岃摑鑹诧級 `[璺宠繃寮曞]`锛堟鎸夐挳锛岀伆鑹叉枃瀛楋級,搴曢儴涓や釜鎸夐挳锛歚[涓嬩竴姝?鈫抅`锛堜富鎸夐挳锛岃摑鑹诧級 `[璺宠繃寮曞]`锛堟鎸夐挳锛岀伆鑹叉枃瀛楋級,,42;235;311;429;484;570;750;977;1216;1415;1662;1735;1840;1920;1969;2032,gb18030->utf8 x1,NO,MANUAL_REVIEW,至少一个受影响字段无法整字段安全转换，或完整源行不可读/不可定位，或存在复合断言
UA2-03013,user-agent,docs/SPEC-§22-用户端体验增强.md,source_quote;atomic_assertion,完成能力 / 展示效果,**Step 2锛氬垱寤虹涓€涓?API Key锛堝紩瀵煎脊绐?+ 鑷姩鎵撳紑鍒涘缓 Key 寮圭獥锛?*,**Step 2锛氬垱寤虹涓€涓?API Key锛堝紩瀵煎脊绐?+ 鑷姩鎵撳紑鍒涘缓 Key 寮圭獥锛?*,,42;235;311;429;484;570;750;977;1216;1415;1662;1735;1840;1920;1969;2032,gb18030->utf8 x1,NO,MANUAL_REVIEW,至少一个受影响字段无法整字段安全转换，或完整源行不可读/不可定位，或存在复合断言
UA2-03014,user-agent,docs/SPEC-§22-用户端体验增强.md,source_quote;atomic_assertion,完成能力 / 展示效果,"寮曞鎻愮ず锛氶珮浜伄缃╂寚鍚?鍒涘缓 API Key""鍖哄煙","寮曞鎻愮ず锛氶珮浜伄缃╂寚鍚?鍒涘缓 API Key""鍖哄煙",,42;235;311;429;484;570;750;977;1216;1415;1662;1735;1840;1920;1969;2032,gb18030->utf8 x1,NO,MANUAL_REVIEW,至少一个受影响字段无法整字段安全转换，或完整源行不可读/不可定位，或存在复合断言
UA2-03015,user-agent,docs/SPEC-§22-用户端体验增强.md,source_quote;atomic_assertion,完成能力 / 展示效果,"娴姩鎻愮ず姘旀场锛氭枃瀛?棣栧厛锛岃鎴戜滑鍒涘缓涓€涓?API Key锛岃繖鏄偍浣跨敤 3Cloud 鏈嶅姟鐨勫嚟璇?馃攽""","娴姩鎻愮ず姘旀场锛氭枃瀛?棣栧厛锛岃鎴戜滑鍒涘缓涓€涓?API Key锛岃繖鏄偍浣跨敤 3Cloud 鏈嶅姟鐨勫嚟璇?馃攽""",,42;235;311;429;484;570;750;977;1216;1415;1662;1735;1840;1920;1969;2032,gb18030->utf8 x1,NO,MANUAL_REVIEW,至少一个受影响字段无法整字段安全转换，或完整源行不可读/不可定位，或存在复合断言
UA2-03016,user-agent,docs/SPEC-§22-用户端体验增强.md,source_quote;atomic_assertion,完成能力 / 展示效果,"鑷姩瑙﹀彂锛氬垱寤?Key 鐨勬娊灞?寮圭獥鑷姩鎵撳紑锛坢ounted锛?- 棰勫～鍐呭锛?  - Key 鍚嶇О杈撳叆妗嗭細鑷姩濉?鎴戠殑绗竴涓?Key""锛堢敤鎴峰彲淇敼锛?  - 妯″瀷鏉冮檺锛氶粯璁ゅ嬀閫?鍏ㄩ儴妯″瀷鍙闂?锛屼笉闄愬埗","鑷姩瑙﹀彂锛氬垱寤?Key 鐨勬娊灞?寮圭獥鑷姩鎵撳紑锛坢ounted锛?- 棰勫～鍐呭锛?  - Key 鍚嶇О杈撳叆妗嗭細鑷姩濉?鎴戠殑绗竴涓?Key""锛堢敤鎴峰彲淇敼锛?  - 妯″瀷鏉冮檺锛氶粯璁ゅ嬀閫?鍏ㄩ儴妯″瀷鍙闂?锛屼笉闄愬埗",,42;235;311;429;484;570;750;977;1216;1415;1662;1735;1840;1920;1969;2032,gb18030->utf8 x1,NO,MANUAL_REVIEW,至少一个受影响字段无法整字段安全转换，或完整源行不可读/不可定位，或存在复合断言
UA2-03017,user-agent,docs/SPEC-§22-用户端体验增强.md,source_quote;atomic_assertion,完成能力 / 展示效果,创建成功后：,创建成功后：,56,42;235;311;429;484;570;750;977;1216;1415;1662;1735;1840;1920;1969;2032,gb18030->utf8 x1,NO,REVIEW_CANDIDATE,所有受影响字段均完成整字段可逆转换，且引用/章节可定位；仍需人工确认
UA2-03018,user-agent,docs/SPEC-§22-用户端体验增强.md,source_quote;atomic_assertion,完成能力 / 展示效果,创建弹窗关闭,创建弹窗关闭,57,42;235;311;429;484;570;750;977;1216;1415;1662;1735;1840;1920;1969;2032,gb18030->utf8 x1,NO,REVIEW_CANDIDATE,所有受影响字段均完成整字段可逆转换，且引用/章节可定位；仍需人工确认
UA2-03019,user-agent,docs/SPEC-§22-用户端体验增强.md,source_quote;atomic_assertion,完成能力 / 展示效果,"椤甸潰涓婃柟鏄剧ず 3 绉?Toast锛?鉁?API Key 鍒涘缓鎴愬姛锛佽濡ュ杽淇濈锛歴k-3c-xxxx...xxxx""","椤甸潰涓婃柟鏄剧ず 3 绉?Toast锛?鉁?API Key 鍒涘缓鎴愬姛锛佽濡ュ杽淇濈锛歴k-3c-xxxx...xxxx""",,42;235;311;429;484;570;750;977;1216;1415;1662;1735;1840;1920;1969;2032,gb18030->utf8 x1,NO,MANUAL_REVIEW,至少一个受影响字段无法整字段安全转换，或完整源行不可读/不可定位，或存在复合断言
UA2-03020,user-agent,docs/SPEC-§22-用户端体验增强.md,source_quote;atomic_assertion,完成能力 / 展示效果,"Key 鍒楄〃鍗＄墖鏂板涓€鏉¤褰曪紝甯︾豢鑹?鏂板缓""鏍囩闂儊鏁堟灉","Key 鍒楄〃鍗＄墖鏂板涓€鏉¤褰曪紝甯︾豢鑹?鏂板缓""鏍囩闂儊鏁堟灉",,42;235;311;429;484;570;750;977;1216;1415;1662;1735;1840;1920;1969;2032,gb18030->utf8 x1,NO,MANUAL_REVIEW,至少一个受影响字段无法整字段安全转换，或完整源行不可读/不可定位，或存在复合断言
UA2-03021,user-agent,docs/SPEC-§22-用户端体验增强.md,source_quote;atomic_assertion,完成能力 / 展示效果,搴曢儴鎸夐挳锛歚[涓嬩竴姝?鈫抅` `[璺宠繃寮曞],搴曢儴鎸夐挳锛歚[涓嬩竴姝?鈫抅` `[璺宠繃寮曞],,42;235;311;429;484;570;750;977;1216;1415;1662;1735;1840;1920;1969;2032,gb18030->utf8 x1,NO,MANUAL_REVIEW,至少一个受影响字段无法整字段安全转换，或完整源行不可读/不可定位，或存在复合断言
UA2-03022,user-agent,docs/SPEC-§22-用户端体验增强.md,source_quote;atomic_assertion,完成能力 / 展示效果,**Step 3锛氭煡鐪嬫ā鍨嬩笌瀹氫环锛堥〉闈㈣烦杞?+ 鍏冪礌楂樹寒锛?*,**Step 3锛氭煡鐪嬫ā鍨嬩笌瀹氫环锛堥〉闈㈣烦杞?+ 鍏冪礌楂樹寒锛?*,,42;235;311;429;484;570;750;977;1216;1415;1662;1735;1840;1920;1969;2032,gb18030->utf8 x1,NO,MANUAL_REVIEW,至少一个受影响字段无法整字段安全转换，或完整源行不可读/不可定位，或存在复合断言
UA2-03023,user-agent,docs/SPEC-§22-用户端体验增强.md,source_quote;atomic_assertion,完成能力 / 展示效果,自动跳转到模型列表页 `/console/models,自动跳转到模型列表页 `/console/models,63,42;235;311;429;484;570;750;977;1216;1415;1662;1735;1840;1920;1969;2032,gb18030->utf8 x1,NO,REVIEW_CANDIDATE,所有受影响字段均完成整字段可逆转换，且引用/章节可定位；仍需人工确认
UA2-03024,user-agent,docs/SPEC-§22-用户端体验增强.md,source_quote;atomic_assertion,完成能力 / 展示效果,"楂樹寒鏁堟灉锛氭ā鍨嬫悳绱㈡杈规鑴夊啿鍔ㄧ敾锛? 娆★級锛岃儗鏅厜鏅曟墿鏁?- 娴姩鎻愮ず姘旀场锛氭枃瀛?鎮ㄥ彲浠ュ湪杩欓噷鎼滅储闇€瑕佺殑妯″瀷锛屾煡鐪嬩环鏍煎拰涓婁笅鏂囬暱搴?馃搳""","楂樹寒鏁堟灉锛氭ā鍨嬫悳绱㈡杈规鑴夊啿鍔ㄧ敾锛? 娆★級锛岃儗鏅厜鏅曟墿鏁?- 娴姩鎻愮ず姘旀场锛氭枃瀛?鎮ㄥ彲浠ュ湪杩欓噷鎼滅储闇€瑕佺殑妯″瀷锛屾煡鐪嬩环鏍煎拰涓婁笅鏂囬暱搴?馃搳""",,42;235;311;429;484;570;750;977;1216;1415;1662;1735;1840;1920;1969;2032,gb18030->utf8 x1,NO,MANUAL_REVIEW,至少一个受影响字段无法整字段安全转换，或完整源行不可读/不可定位，或存在复合断言
UA2-03025,user-agent,docs/SPEC-§22-用户端体验增强.md,source_quote;atomic_assertion,完成能力 / 展示效果,"鎺ㄨ崘妯″瀷鍖哄煙楂樹寒锛氬崱鐗囦笂鏂规爣娉?馃煝 鎴戜滑涓烘偍鎺ㄨ崘杩欎簺鐑棬妯″瀷""","鎺ㄨ崘妯″瀷鍖哄煙楂樹寒锛氬崱鐗囦笂鏂规爣娉?馃煝 鎴戜滑涓烘偍鎺ㄨ崘杩欎簺鐑棬妯″瀷""",,42;235;311;429;484;570;750;977;1216;1415;1662;1735;1840;1920;1969;2032,gb18030->utf8 x1,NO,MANUAL_REVIEW,至少一个受影响字段无法整字段安全转换，或完整源行不可读/不可定位，或存在复合断言
UA2-03026,user-agent,docs/SPEC-§22-用户端体验增强.md,source_quote;atomic_assertion,完成能力 / 展示效果,鍒楄〃鏄剧ず锛歞eepseek-chat锛埪?.001/K input锛夈€乹wen-plus銆乬pt-4o-mini 绛?- 搴曢儴鎸夐挳锛歚[涓嬩竴姝?鈫抅` `[璺宠繃寮曞],鍒楄〃鏄剧ず锛歞eepseek-chat锛埪?.001/K input锛夈€乹wen-plus銆乬pt-4o-mini 绛?- 搴曢儴鎸夐挳锛歚[涓嬩竴姝?鈫抅` `[璺宠繃寮曞],,42;235;311;429;484;570;750;977;1216;1415;1662;1735;1840;1920;1969;2032,gb18030->utf8 x1,NO,MANUAL_REVIEW,至少一个受影响字段无法整字段安全转换，或完整源行不可读/不可定位，或存在复合断言
UA2-03027,user-agent,docs/SPEC-§22-用户端体验增强.md,source_quote;atomic_assertion,完成能力 / 展示效果,**Step 4锛氬湪绾挎祴璇?API锛堣烦杞埌 Playground锛?*,**Step 4锛氬湪绾挎祴璇?API锛堣烦杞埌 Playground锛?*,,42;235;311;429;484;570;750;977;1216;1415;1662;1735;1840;1920;1969;2032,gb18030->utf8 x1,NO,MANUAL_REVIEW,至少一个受影响字段无法整字段安全转换，或完整源行不可读/不可定位，或存在复合断言
UA2-03028,user-agent,docs/SPEC-§22-用户端体验增强.md,source_quote;atomic_assertion,完成能力 / 展示效果,鑷姩璺宠浆鍒?`/console/playground,鑷姩璺宠浆鍒?`/console/playground,,42;235;311;429;484;570;750;977;1216;1415;1662;1735;1840;1920;1969;2032,gb18030->utf8 x1,NO,MANUAL_REVIEW,至少一个受影响字段无法整字段安全转换，或完整源行不可读/不可定位，或存在复合断言
UA2-03030,user-agent,docs/SPEC-§22-用户端体验增强.md,source_quote;atomic_assertion,完成能力 / 展示效果,API Key 閫夋嫨鍣細鑷姩閫変腑姝ラ 2 鍒涘缓鐨?Key,API Key 閫夋嫨鍣細鑷姩閫変腑姝ラ 2 鍒涘缓鐨?Key,,42;235;311;429;484;570;750;977;1216;1415;1662;1735;1840;1920;1969;2032,gb18030->utf8 x1,NO,MANUAL_REVIEW,至少一个受影响字段无法整字段安全转换，或完整源行不可读/不可定位，或存在复合断言
UA2-03031,user-agent,docs/SPEC-§22-用户端体验增强.md,source_quote;atomic_assertion,完成能力 / 展示效果,"妯″瀷閫夋嫨鍣細棰勯€?`deepseek-chat`锛堟垨骞冲彴棣栦釜鍙敤妯″瀷锛?  - 娑堟伅妗嗭細棰勫～娴嬭瘯娑堟伅 鈥?System: ""You are a helpful assistant."" / User: ""璇风敤涓€鍙ヨ瘽浠嬬粛浠€涔堟槸 AI""","妯″瀷閫夋嫨鍣細棰勯€?`deepseek-chat`锛堟垨骞冲彴棣栦釜鍙敤妯″瀷锛?  - 娑堟伅妗嗭細棰勫～娴嬭瘯娑堟伅 鈥?System: ""You are a helpful assistant."" / User: ""璇风敤涓€鍙ヨ瘽浠嬬粛浠€涔堟槸 AI""",,42;235;311;429;484;570;750;977;1216;1415;1662;1735;1840;1920;1969;2032,gb18030->utf8 x1,NO,MANUAL_REVIEW,至少一个受影响字段无法整字段安全转换，或完整源行不可读/不可定位，或存在复合断言
UA2-03032,user-agent,docs/SPEC-§22-用户端体验增强.md,source_quote;atomic_assertion,完成能力 / 展示效果,"鍙戦€佹寜閽梺娴姩鎻愮ず姘旀场锛氭枃瀛?鐐瑰嚮鍙戦€侊紝娴嬭瘯鎮ㄧ殑绗竴涓?API 璋冪敤鍚э紒馃殌""","鍙戦€佹寜閽梺娴姩鎻愮ず姘旀场锛氭枃瀛?鐐瑰嚮鍙戦€侊紝娴嬭瘯鎮ㄧ殑绗竴涓?API 璋冪敤鍚э紒馃殌""",,42;235;311;429;484;570;750;977;1216;1415;1662;1735;1840;1920;1969;2032,gb18030->utf8 x1,NO,MANUAL_REVIEW,至少一个受影响字段无法整字段安全转换，或完整源行不可读/不可定位，或存在复合断言
UA2-03033,user-agent,docs/SPEC-§22-用户端体验增强.md,source_quote;atomic_assertion,完成能力 / 展示效果,鐢ㄦ埛鐐瑰嚮鍙戦€佸悗锛?  - 鍙抽潰鏉垮疄鏃舵樉绀烘祦寮忓搷搴旓紙閫愬瓧杈撳嚭锛?  - 瀹屾垚鍚庡睍绀猴細鍝嶅簲鍐呭锛堟牸寮忓寲 JSON锛? 杈撳叆 Token 鏁?+ 杈撳嚭 Token 鏁?+ 璐圭敤 楼X.XXXX,鐢ㄦ埛鐐瑰嚮鍙戦€佸悗锛?  - 鍙抽潰鏉垮疄鏃舵樉绀烘祦寮忓搷搴旓紙閫愬瓧杈撳嚭锛?  - 瀹屾垚鍚庡睍绀猴細鍝嶅簲鍐呭锛堟牸寮忓寲 JSON锛? 杈撳叆 Token 鏁?+ 杈撳嚭 Token 鏁?+ 璐圭敤 楼X.XXXX,,42;235;311;429;484;570;750;977;1216;1415;1662;1735;1840;1920;1969;2032,gb18030->utf8 x1,NO,MANUAL_REVIEW,至少一个受影响字段无法整字段安全转换，或完整源行不可读/不可定位，或存在复合断言
UA2-03034,user-agent,docs/SPEC-§22-用户端体验增强.md,source_quote;atomic_assertion,完成能力 / 展示效果,"寮曞姘旀场鏇存柊锛?鉁?澶浜嗭紒鎮ㄥ凡鎴愬姛瀹屾垚绗竴娆?API 璋冪敤""","寮曞姘旀场鏇存柊锛?鉁?澶浜嗭紒鎮ㄥ凡鎴愬姛瀹屾垚绗竴娆?API 璋冪敤""",,42;235;311;429;484;570;750;977;1216;1415;1662;1735;1840;1920;1969;2032,gb18030->utf8 x1,NO,MANUAL_REVIEW,至少一个受影响字段无法整字段安全转换，或完整源行不可读/不可定位，或存在复合断言
UA2-03036,user-agent,docs/SPEC-§22-用户端体验增强.md,source_quote;atomic_assertion,完成能力 / 展示效果,"鍙抽潰鏉挎樉绀洪敊璇俊鎭紙绾㈣壊鑳屾櫙锛?  - 鏄剧ず閿欒鍘熷洜 + 瑙ｅ喅鏂规寤鸿锛堝""璇锋鏌?Key 鏉冮檺""銆?妯″瀷褰撳墠涓嶅彲鐢紝璇锋崲涓€涓瘯璇?锛?  - 寮曞姘旀场鏇存柊锛?馃槙 璋冪敤鏈兘鎴愬姛锛岃鏌ョ湅鍙充晶鐨勯敊璇俊鎭紝鎴栨崲涓ā鍨嬪啀璇曚竴娆?","鍙抽潰鏉挎樉绀洪敊璇俊鎭紙绾㈣壊鑳屾櫙锛?  - 鏄剧ず閿欒鍘熷洜 + 瑙ｅ喅鏂规寤鸿锛堝""璇锋鏌?Key 鏉冮檺""銆?妯″瀷褰撳墠涓嶅彲鐢紝璇锋崲涓€涓瘯璇?锛?  - 寮曞姘旀场鏇存柊锛?馃槙 璋冪敤鏈兘鎴愬姛锛岃鏌ョ湅鍙充晶鐨勯敊璇俊鎭紝鎴栨崲涓ā鍨嬪啀璇曚竴娆?",,42;235;311;429;484;570;750;977;1216;1415;1662;1735;1840;1920;1969;2032,gb18030->utf8 x1,NO,MANUAL_REVIEW,至少一个受影响字段无法整字段安全转换，或完整源行不可读/不可定位，或存在复合断言
UA2-03039,user-agent,docs/SPEC-§22-用户端体验增强.md,source_quote;atomic_assertion,完成能力 / 展示效果,**Step 5锛氭煡鐪嬫帴鍏ヤ唬鐮侊紙璺宠浆鍒版枃妗ｉ〉锛?*,**Step 5锛氭煡鐪嬫帴鍏ヤ唬鐮侊紙璺宠浆鍒版枃妗ｉ〉锛?*,,42;235;311;429;484;570;750;977;1216;1415;1662;1735;1840;1920;1969;2032,gb18030->utf8 x1,NO,MANUAL_REVIEW,至少一个受影响字段无法整字段安全转换，或完整源行不可读/不可定位，或存在复合断言
UA2-03040,user-agent,docs/SPEC-§22-用户端体验增强.md,source_quote;atomic_assertion,完成能力 / 展示效果,"鑷姩璺宠浆鍒?`/console/docs` 鎴栨枃妗?蹇€熷紑濮嬮〉闈?- 鑷姩鐢熸垚浠ｇ爜绀轰緥鍖洪珮浜紝鏍囬锛?馃搵 鎮ㄧ殑涓撳睘鎺ュ叆浠ｇ爜""","鑷姩璺宠浆鍒?`/console/docs` 鎴栨枃妗?蹇€熷紑濮嬮〉闈?- 鑷姩鐢熸垚浠ｇ爜绀轰緥鍖洪珮浜紝鏍囬锛?馃搵 鎮ㄧ殑涓撳睘鎺ュ叆浠ｇ爜""",,42;235;311;429;484;570;750;977;1216;1415;1662;1735;1840;1920;1969;2032,gb18030->utf8 x1,NO,MANUAL_REVIEW,至少一个受影响字段无法整字段安全转换，或完整源行不可读/不可定位，或存在复合断言
UA2-03041,user-agent,docs/SPEC-§22-用户端体验增强.md,source_quote;atomic_assertion,完成能力 / 展示效果,展示三个语言标签切换：Python | JavaScript | cURL,展示三个语言标签切换：Python | JavaScript | cURL,83,42;235;311;429;484;570;750;977;1216;1415;1662;1735;1840;1920;1969;2032,gb18030->utf8 x1,NO,REVIEW_CANDIDATE,所有受影响字段均完成整字段可逆转换，且引用/章节可定位；仍需人工确认
UA2-03042,user-agent,docs/SPEC-§22-用户端体验增强.md,source_quote;atomic_assertion,完成能力 / 展示效果,棰勭敓鎴愮殑浠ｇ爜绀轰緥锛堜互鎵€閫?Key 鍜屽父鐢ㄥ弬鏁颁负渚嬶級锛?  - Python锛歚from threecloud import ThreeCloud;,棰勭敓鎴愮殑浠ｇ爜绀轰緥锛堜互鎵€閫?Key 鍜屽父鐢ㄥ弬鏁颁负渚嬶級锛?  - Python锛歚from threecloud import ThreeCloud;,,42;235;311;429;484;570;750;977;1216;1415;1662;1735;1840;1920;1969;2032,gb18030->utf8 x1,NO,MANUAL_REVIEW,至少一个受影响字段无法整字段安全转换，或完整源行不可读/不可定位，或存在复合断言
UA2-03044,user-agent,docs/SPEC-§22-用户端体验增强.md,source_quote;atomic_assertion,完成能力 / 展示效果,JavaScript：`import { ThreeCloud } from '3cloud-sdk';,JavaScript：`import { ThreeCloud } from '3cloud-sdk';,85,42;235;311;429;484;570;750;977;1216;1415;1662;1735;1840;1920;1969;2032,gb18030->utf8 x1,NO,REVIEW_CANDIDATE,所有受影响字段均完成整字段可逆转换，且引用/章节可定位；仍需人工确认
UA2-03046,user-agent,docs/SPEC-§22-用户端体验增强.md,source_quote;atomic_assertion,完成能力 / 展示效果,"cURL：`curl https://api.3cloud.dev/v1/chat/completions -H ""Authorization: Bearer sk-3c-xxx"" ...","cURL：`curl https://api.3cloud.dev/v1/chat/completions -H ""Authorization: Bearer sk-3c-xxx"" ...",86,42;235;311;429;484;570;750;977;1216;1415;1662;1735;1840;1920;1969;2032,gb18030->utf8 x1,NO,REVIEW_CANDIDATE,所有受影响字段均完成整字段可逆转换，且引用/章节可定位；仍需人工确认
UA2-03047,user-agent,docs/SPEC-§22-用户端体验增强.md,source_quote;atomic_assertion,完成能力 / 展示效果,"姣忔浠ｇ爜鍙充笅瑙掓湁""馃搵 澶嶅埗""鎸夐挳锛岀偣鍑诲悗 Toast锛?宸插鍒跺埌鍓创鏉?","姣忔浠ｇ爜鍙充笅瑙掓湁""馃搵 澶嶅埗""鎸夐挳锛岀偣鍑诲悗 Toast锛?宸插鍒跺埌鍓创鏉?",,42;235;311;429;484;570;750;977;1216;1415;1662;1735;1840;1920;1969;2032,gb18030->utf8 x1,NO,MANUAL_REVIEW,至少一个受影响字段无法整字段安全转换，或完整源行不可读/不可定位，或存在复合断言
UA2-03048,user-agent,docs/SPEC-§22-用户端体验增强.md,source_quote;atomic_assertion,完成能力 / 展示效果,娴姩鎻愮ず姘旀场锛?馃帀 鎭枩瀹屾垚寮曞锛佸鍒朵唬鐮佸嵆鍙湪鎮ㄧ殑椤圭洰涓泦鎴?AI 鑳藉姏锛屾煡鐪嬪畬鏁存枃妗ｈ幏鍙栨洿澶氱帺娉?,娴姩鎻愮ず姘旀场锛?馃帀 鎭枩瀹屾垚寮曞锛佸鍒朵唬鐮佸嵆鍙湪鎮ㄧ殑椤圭洰涓泦鎴?AI 鑳藉姏锛屾煡鐪嬪畬鏁存枃妗ｈ幏鍙栨洿澶氱帺娉?,,42;235;311;429;484;570;750;977;1216;1415;1662;1735;1840;1920;1969;2032,gb18030->utf8 x1,NO,MANUAL_REVIEW,至少一个受影响字段无法整字段安全转换，或完整源行不可读/不可定位，或存在复合断言
UA2-03049,user-agent,docs/SPEC-§22-用户端体验增强.md,source_quote;atomic_assertion,完成能力 / 展示效果,搴曢儴鎸夐挳锛歚[鉁?瀹屾垚]`锛堜富鎸夐挳锛?`[馃摉 鏌ョ湅瀹屾暣鏂囨。,搴曢儴鎸夐挳锛歚[鉁?瀹屾垚]`锛堜富鎸夐挳锛?`[馃摉 鏌ョ湅瀹屾暣鏂囨。,,42;235;311;429;484;570;750;977;1216;1415;1662;1735;1840;1920;1969;2032,gb18030->utf8 x1,NO,MANUAL_REVIEW,至少一个受影响字段无法整字段安全转换，或完整源行不可读/不可定位，或存在复合断言
UA2-03050,user-agent,docs/SPEC-§22-用户端体验增强.md,source_quote;atomic_assertion,完成能力 / 展示效果,]`（次按钮，外链到文档,]`（次按钮，外链到文档,,42;235;311;429;484;570;750;977;1216;1415;1662;1735;1840;1920;1969;2032,gb18030->utf8 x1,NO,MANUAL_REVIEW,至少一个受影响字段无法整字段安全转换，或完整源行不可读/不可定位，或存在复合断言
UA2-03051,user-agent,docs/SPEC-§22-用户端体验增强.md,source_section;source_quote;atomic_assertion,Onboarding 鐘舵€佺鐞?,**鐘舵€佹祦杞細**,**鐘舵€佹祦杞細**,,,,NO,MANUAL_REVIEW,至少一个受影响字段无法整字段安全转换，或完整源行不可读/不可定位，或存在复合断言
UA2-03052,user-agent,docs/SPEC-§22-用户端体验增强.md,source_section;source_quote;atomic_assertion,Onboarding 鐘舵€佺鐞?,**瀛樺偍浣嶇疆锛?* `users` 琛ㄦ柊澧?3 涓瓧娈碉細,**瀛樺偍浣嶇疆锛?* `users` 琛ㄦ柊澧?3 涓瓧娈碉細,,,,NO,MANUAL_REVIEW,至少一个受影响字段无法整字段安全转换，或完整源行不可读/不可定位，或存在复合断言
UA2-03053,user-agent,docs/SPEC-§22-用户端体验增强.md,source_section;source_quote;atomic_assertion,Onboarding 鐘舵€佺鐞?,鏂扮敤鎴烽娆＄櫥褰?,鏂扮敤鎴烽娆＄櫥褰?,,,,NO,MANUAL_REVIEW,至少一个受影响字段无法整字段安全转换，或完整源行不可读/不可定位，或存在复合断言
UA2-03054,user-agent,docs/SPEC-§22-用户端体验增强.md,source_section;source_quote;atomic_assertion,Onboarding 鐘舵€佺鐞?,`onboarding_status = 'not_started'` 鈫?鑷姩寮瑰嚭 Step 1,`onboarding_status = 'not_started'` 鈫?鑷姩寮瑰嚭 Step 1,,,,NO,MANUAL_REVIEW,至少一个受影响字段无法整字段安全转换，或完整源行不可读/不可定位，或存在复合断言
UA2-03055,user-agent,docs/SPEC-§22-用户端体验增强.md,source_section;source_quote;atomic_assertion,Onboarding 鐘舵€佺鐞?,寮曞杩涜涓叧闂脊绐?,寮曞杩涜涓叧闂脊绐?,,,,NO,MANUAL_REVIEW,至少一个受影响字段无法整字段安全转换，或完整源行不可读/不可定位，或存在复合断言
UA2-03056,user-agent,docs/SPEC-§22-用户端体验增强.md,source_section;source_quote;atomic_assertion,Onboarding 鐘舵€佺鐞?,鐘舵€佷繚鎸?`in_progress`锛屼笅娆＄櫥褰曚华琛ㄧ洏椤堕儴鏄剧ず妯箙,鐘舵€佷繚鎸?`in_progress`锛屼笅娆＄櫥褰曚华琛ㄧ洏椤堕儴鏄剧ず妯箙,,,,NO,MANUAL_REVIEW,至少一个受影响字段无法整字段安全转换，或完整源行不可读/不可定位，或存在复合断言
UA2-03057,user-agent,docs/SPEC-§22-用户端体验增强.md,source_section;source_quote;atomic_assertion,Onboarding 鐘舵€佺鐞?,瀹屾垚鍏ㄩ儴 5 姝?,瀹屾垚鍏ㄩ儴 5 姝?,,,,NO,MANUAL_REVIEW,至少一个受影响字段无法整字段安全转换，或完整源行不可读/不可定位，或存在复合断言
UA2-03058,user-agent,docs/SPEC-§22-用户端体验增强.md,source_section;source_quote;atomic_assertion,Onboarding 鐘舵€佺鐞?,鐘舵€佸彉涓?`completed`锛屼笉鍐嶅脊鍑哄紩瀵?,鐘舵€佸彉涓?`completed`锛屼笉鍐嶅脊鍑哄紩瀵?,,,,NO,MANUAL_REVIEW,至少一个受影响字段无法整字段安全转换，或完整源行不可读/不可定位，或存在复合断言
UA2-03059,user-agent,docs/SPEC-§22-用户端体验增强.md,source_section;source_quote;atomic_assertion,Onboarding 鐘舵€佺鐞?,"点击""跳过引导""","点击""跳过引导""",,,gb18030->utf8 x1,NO,MANUAL_REVIEW,至少一个受影响字段无法整字段安全转换，或完整源行不可读/不可定位，或存在复合断言
UA2-03060,user-agent,docs/SPEC-§22-用户端体验增强.md,source_section;source_quote;atomic_assertion,Onboarding 鐘舵€佺鐞?,鐘舵€佸彉涓?`skipped`锛屼华琛ㄧ洏鏄剧ず寮曞妯箙,鐘舵€佸彉涓?`skipped`锛屼华琛ㄧ洏鏄剧ず寮曞妯箙,,,,NO,MANUAL_REVIEW,至少一个受影响字段无法整字段安全转换，或完整源行不可读/不可定位，或存在复合断言
UA2-03061,user-agent,docs/SPEC-§22-用户端体验增强.md,source_section,Onboarding 鐘舵€佺鐞?,主动重新打开,主动重新打开,,,gb18030->utf8 x1,NO,MANUAL_REVIEW,至少一个受影响字段无法整字段安全转换，或完整源行不可读/不可定位，或存在复合断言
UA2-03062,user-agent,docs/SPEC-§22-用户端体验增强.md,source_section;source_quote;atomic_assertion,Onboarding 鐘舵€佺鐞?,浠?`in_progress` 鐨勫綋鍓嶆楠ょ户缁紱`skipped` 浠?Step 1 閲嶆柊寮€濮?,浠?`in_progress` 鐨勫綋鍓嶆楠ょ户缁紱`skipped` 浠?Step 1 閲嶆柊寮€濮?,,,,NO,MANUAL_REVIEW,至少一个受影响字段无法整字段安全转换，或完整源行不可读/不可定位，或存在复合断言
UA2-03063,user-agent,docs/SPEC-§22-用户端体验增强.md,source_section;source_quote;atomic_assertion,Onboarding 鐘舵€佺鐞?,鏃х敤鎴凤紙宸叉湁 Key锛?,鏃х敤鎴凤紙宸叉湁 Key锛?,,,,NO,MANUAL_REVIEW,至少一个受影响字段无法整字段安全转换，或完整源行不可读/不可定位，或存在复合断言
UA2-03064,user-agent,docs/SPEC-§22-用户端体验增强.md,source_section;source_quote;atomic_assertion,Onboarding 鐘舵€佺鐞?,鍙樉绀?Step 1 娆㈣繋浠嬬粛锛岃烦杩?Step 2锛堜笉寮哄埗鍒涘缓鏂?Key锛?,鍙樉绀?Step 1 娆㈣繋浠嬬粛锛岃烦杩?Step 2锛堜笉寮哄埗鍒涘缓鏂?Key锛?,,,,NO,MANUAL_REVIEW,至少一个受影响字段无法整字段安全转换，或完整源行不可读/不可定位，或存在复合断言
UA2-03065,user-agent,docs/SPEC-§22-用户端体验增强.md,source_section;source_quote;atomic_assertion,寮曞妯箙锛堟湭瀹屾垚鐢ㄦ埛锛?- 浣嶇疆锛氫华琛ㄧ洏 `/console` 椤堕儴锛屽鑸爮涓嬫柟,"鏍峰紡锛氳摑鑹叉笎鍙樿儗鏅紝宸︿晶 ""馃殌 蹇€熸帴鍏ュ紩瀵? + 褰撳墠姝ラ杩涘害锛堝 ""绗?2/5 姝?锛夛紝鍙充晶鎸夐挳 `[缁х画寮曞]","鏍峰紡锛氳摑鑹叉笎鍙樿儗鏅紝宸︿晶 ""馃殌 蹇€熸帴鍏ュ紩瀵? + 褰撳墠姝ラ杩涘害锛堝 ""绗?2/5 姝?锛夛紝鍙充晶鎸夐挳 `[缁х画寮曞]",,,,NO,MANUAL_REVIEW,至少一个受影响字段无法整字段安全转换，或完整源行不可读/不可定位，或存在复合断言
UA2-03066,user-agent,docs/SPEC-§22-用户端体验增强.md,source_section;source_quote;atomic_assertion,寮曞妯箙锛堟湭瀹屾垚鐢ㄦ埛锛?- 浣嶇疆锛氫华琛ㄧ洏 `/console` 椤堕儴锛屽鑸爮涓嬫柟,琛屼负锛氱偣鍑绘í骞?鈫?鎵撳紑 Onboarding 鍚戝锛屼粠褰撳墠姝ラ寮€濮?- 鍏抽棴锛氬彸渚?脳 鎸夐挳鍙复鏃跺叧闂紝涓嬫鐧诲綍閲嶆柊鏄剧ず,琛屼负锛氱偣鍑绘í骞?鈫?鎵撳紑 Onboarding 鍚戝锛屼粠褰撳墠姝ラ寮€濮?- 鍏抽棴锛氬彸渚?脳 鎸夐挳鍙复鏃跺叧闂紝涓嬫鐧诲綍閲嶆柊鏄剧ず,,,,NO,MANUAL_REVIEW,至少一个受影响字段无法整字段安全转换，或完整源行不可读/不可定位，或存在复合断言
UA2-03067,user-agent,docs/SPEC-§22-用户端体验增强.md,source_quote;atomic_assertion,边界条件,寮曞杩囩▼涓叧闂脊绐?,寮曞杩囩▼涓叧闂脊绐?,,196;943;1179;1382;1607;1817,gb18030->utf8 x1,NO,MANUAL_REVIEW,至少一个受影响字段无法整字段安全转换，或完整源行不可读/不可定位，或存在复合断言
UA2-03068,user-agent,docs/SPEC-§22-用户端体验增强.md,source_quote;atomic_assertion,边界条件,鐘舵€佷繚鎸?`in_progress`锛屼笅娆＄櫥褰曚华琛ㄧ洏鏄剧ず妯箙,鐘舵€佷繚鎸?`in_progress`锛屼笅娆＄櫥褰曚华琛ㄧ洏鏄剧ず妯箙,,196;943;1179;1382;1607;1817,gb18030->utf8 x1,NO,MANUAL_REVIEW,至少一个受影响字段无法整字段安全转换，或完整源行不可读/不可定位，或存在复合断言
UA2-03069,user-agent,docs/SPEC-§22-用户端体验增强.md,source_quote;atomic_assertion,边界条件,寮曞杩囩▼涓埛鏂伴〉闈?,寮曞杩囩▼涓埛鏂伴〉闈?,,196;943;1179;1382;1607;1817,gb18030->utf8 x1,NO,MANUAL_REVIEW,至少一个受影响字段无法整字段安全转换，或完整源行不可读/不可定位，或存在复合断言
UA2-03070,user-agent,docs/SPEC-§22-用户端体验增强.md,source_quote;atomic_assertion,边界条件,弹窗关闭，状态保持，下次登录显示横幅,弹窗关闭，状态保持，下次登录显示横幅,,196;943;1179;1382;1607;1817,gb18030->utf8 x1,NO,MANUAL_REVIEW,至少一个受影响字段无法整字段安全转换，或完整源行不可读/不可定位，或存在复合断言
UA2-03072,user-agent,docs/SPEC-§22-用户端体验增强.md,source_quote;atomic_assertion,边界条件,显示友好错误提示 + 解决方案建议 + [重试] 按钮 + 允许跳过,显示友好错误提示 + 解决方案建议 + [重试] 按钮 + 允许跳过,202,196;943;1179;1382;1607;1817,gb18030->utf8 x1,NO,REVIEW_CANDIDATE,所有受影响字段均完成整字段可逆转换，且引用/章节可定位；仍需人工确认
UA2-03074,user-agent,docs/SPEC-§22-用户端体验增强.md,source_quote;atomic_assertion,边界条件,"提示""请先创建 API Key""，提供跳转链接到 Step 2","提示""请先创建 API Key""，提供跳转链接到 Step 2",,196;943;1179;1382;1607;1817,gb18030->utf8 x1,NO,MANUAL_REVIEW,至少一个受影响字段无法整字段安全转换，或完整源行不可读/不可定位，或存在复合断言
UA2-03075,user-agent,docs/SPEC-§22-用户端体验增强.md,source_quote;atomic_assertion,边界条件,鏃х敤鎴凤紙闈炴柊娉ㄥ唽锛屽凡鏈?Key锛?,鏃х敤鎴凤紙闈炴柊娉ㄥ唽锛屽凡鏈?Key锛?,,196;943;1179;1382;1607;1817,gb18030->utf8 x1,NO,MANUAL_REVIEW,至少一个受影响字段无法整字段安全转换，或完整源行不可读/不可定位，或存在复合断言
UA2-03076,user-agent,docs/SPEC-§22-用户端体验增强.md,source_quote;atomic_assertion,边界条件,鍙樉绀?Step 1 娆㈣繋浠嬬粛锛屼笉寮哄埗杩涜 Step 2 鍒涘缓 Key,鍙樉绀?Step 1 娆㈣繋浠嬬粛锛屼笉寮哄埗杩涜 Step 2 鍒涘缓 Key,,196;943;1179;1382;1607;1817,gb18030->utf8 x1,NO,MANUAL_REVIEW,至少一个受影响字段无法整字段安全转换，或完整源行不可读/不可定位，或存在复合断言
UA2-03077,user-agent,docs/SPEC-§22-用户端体验增强.md,source_quote;atomic_assertion,边界条件,用户完成引导后管理员重置,用户完成引导后管理员重置,,196;943;1179;1382;1607;1817,gb18030->utf8 x1,NO,MANUAL_REVIEW,至少一个受影响字段无法整字段安全转换，或完整源行不可读/不可定位，或存在复合断言
UA2-03078,user-agent,docs/SPEC-§22-用户端体验增强.md,source_quote;atomic_assertion,边界条件,鐘舵€佸洖鍒?`not_started`锛屼笅娆＄櫥褰曞啀娆″紩瀵?,鐘舵€佸洖鍒?`not_started`锛屼笅娆＄櫥褰曞啀娆″紩瀵?,,196;943;1179;1382;1607;1817,gb18030->utf8 x1,NO,MANUAL_REVIEW,至少一个受影响字段无法整字段安全转换，或完整源行不可读/不可定位，或存在复合断言
UA2-03079,user-agent,docs/SPEC-§22-用户端体验增强.md,source_quote;atomic_assertion,边界条件,并发请求 step/completed,并发请求 step/completed,,196;943;1179;1382;1607;1817,gb18030->utf8 x1,NO,MANUAL_REVIEW,至少一个受影响字段无法整字段安全转换，或完整源行不可读/不可定位，或存在复合断言
UA2-03080,user-agent,docs/SPEC-§22-用户端体验增强.md,source_quote;atomic_assertion,边界条件,鍚庣骞傜瓑澶勭悊锛屽娆℃彁浜ゅ悓涓€鐘舵€佷笉鎶ラ敊,鍚庣骞傜瓑澶勭悊锛屽娆℃彁浜ゅ悓涓€鐘舵€佷笉鎶ラ敊,,196;943;1179;1382;1607;1817,gb18030->utf8 x1,NO,MANUAL_REVIEW,至少一个受影响字段无法整字段安全转换，或完整源行不可读/不可定位，或存在复合断言
UA2-03081,user-agent,docs/SPEC-§22-用户端体验增强.md,source_quote;atomic_assertion,边界条件,导向前端组件加载失败,导向前端组件加载失败,,196;943;1179;1382;1607;1817,gb18030->utf8 x1,NO,MANUAL_REVIEW,至少一个受影响字段无法整字段安全转换，或完整源行不可读/不可定位，或存在复合断言
UA2-03082,user-agent,docs/SPEC-§22-用户端体验增强.md,source_quote;atomic_assertion,边界条件,闈欓粯闄嶇骇锛屼笉闃诲椤甸潰锛屼华琛ㄧ洏妯箙涓嶆樉绀?,闈欓粯闄嶇骇锛屼笉闃诲椤甸潰锛屼华琛ㄧ洏妯箙涓嶆樉绀?,,196;943;1179;1382;1607;1817,gb18030->utf8 x1,NO,MANUAL_REVIEW,至少一个受影响字段无法整字段安全转换，或完整源行不可读/不可定位，或存在复合断言
UA2-03083,user-agent,docs/SPEC-§22-用户端体验增强.md,source_section,验收标准,AC-1,AC-1,722,209;956;1195;1395;1621;1724;1827;1908;1957;2021;2096,gb18030->utf8 x1,NO,REVIEW_CANDIDATE,所有受影响字段均完成整字段可逆转换，且引用/章节可定位；仍需人工确认
UA2-03084,user-agent,docs/SPEC-§22-用户端体验增强.md,source_section,验收标准,鏂扮敤鎴锋敞鍐岀櫥褰?,鏂扮敤鎴锋敞鍐岀櫥褰?,,209;956;1195;1395;1621;1724;1827;1908;1957;2021;2096,gb18030->utf8 x1,NO,MANUAL_REVIEW,至少一个受影响字段无法整字段安全转换，或完整源行不可读/不可定位，或存在复合断言
UA2-03085,user-agent,docs/SPEC-§22-用户端体验增强.md,source_section;source_quote;atomic_assertion,验收标准,自动弹出 Onboarding 向导 Step 1 全屏欢迎弹窗,自动弹出 Onboarding 向导 Step 1 全屏欢迎弹窗,,209;956;1195;1395;1621;1724;1827;1908;1957;2021;2096,gb18030->utf8 x1,NO,MANUAL_REVIEW,至少一个受影响字段无法整字段安全转换，或完整源行不可读/不可定位，或存在复合断言
UA2-03086,user-agent,docs/SPEC-§22-用户端体验增强.md,source_section,验收标准,AC-2,AC-2,729,209;956;1195;1395;1621;1724;1827;1908;1957;2021;2096,gb18030->utf8 x1,NO,REVIEW_CANDIDATE,所有受影响字段均完成整字段可逆转换，且引用/章节可定位；仍需人工确认
UA2-03087,user-agent,docs/SPEC-§22-用户端体验增强.md,source_section,验收标准,"瀹屾垚 5 姝ュ紩瀵?+ 鐐瑰嚮""瀹屾垚""","瀹屾垚 5 姝ュ紩瀵?+ 鐐瑰嚮""瀹屾垚""",,209;956;1195;1395;1621;1724;1827;1908;1957;2021;2096,gb18030->utf8 x1,NO,MANUAL_REVIEW,至少一个受影响字段无法整字段安全转换，或完整源行不可读/不可定位，或存在复合断言
UA2-03088,user-agent,docs/SPEC-§22-用户端体验增强.md,source_section;source_quote;atomic_assertion,验收标准,寮圭獥鍏抽棴锛宍onboarding_status = 'completed'`锛屼笉鍐嶆樉绀?,寮圭獥鍏抽棴锛宍onboarding_status = 'completed'`锛屼笉鍐嶆樉绀?,,209;956;1195;1395;1621;1724;1827;1908;1957;2021;2096,gb18030->utf8 x1,NO,MANUAL_REVIEW,至少一个受影响字段无法整字段安全转换，或完整源行不可读/不可定位，或存在复合断言
UA2-03089,user-agent,docs/SPEC-§22-用户端体验增强.md,source_section,验收标准,AC-3,AC-3,1199,209;956;1195;1395;1621;1724;1827;1908;1957;2021;2096,gb18030->utf8 x1,NO,REVIEW_CANDIDATE,所有受影响字段均完成整字段可逆转换，且引用/章节可定位；仍需人工确认
UA2-03090,user-agent,docs/SPEC-§22-用户端体验增强.md,source_section;source_quote;atomic_assertion,验收标准,"寮曞涓偣鍑?璺宠繃寮曞""","寮曞涓偣鍑?璺宠繃寮曞""",,209;956;1195;1395;1621;1724;1827;1908;1957;2021;2096,gb18030->utf8 x1,NO,MANUAL_REVIEW,至少一个受影响字段无法整字段安全转换，或完整源行不可读/不可定位，或存在复合断言
UA2-03091,user-agent,docs/SPEC-§22-用户端体验增强.md,source_section;source_quote;atomic_assertion,验收标准,鐘舵€佸彉涓?`skipped`锛屼华琛ㄧ洏椤堕儴鏄剧ず寮曞妯箙,鐘舵€佸彉涓?`skipped`锛屼华琛ㄧ洏椤堕儴鏄剧ず寮曞妯箙,,209;956;1195;1395;1621;1724;1827;1908;1957;2021;2096,gb18030->utf8 x1,NO,MANUAL_REVIEW,至少一个受影响字段无法整字段安全转换，或完整源行不可读/不可定位，或存在复合断言
UA2-03092,user-agent,docs/SPEC-§22-用户端体验增强.md,source_section,验收标准,AC-4,AC-4,1399;1406;1625,209;956;1195;1395;1621;1724;1827;1908;1957;2021;2096,gb18030->utf8 x1,NO,REVIEW_CANDIDATE,所有受影响字段均完成整字段可逆转换，且引用/章节可定位；仍需人工确认
UA2-03093,user-agent,docs/SPEC-§22-用户端体验增强.md,source_section;source_quote;atomic_assertion,验收标准,鏈畬鎴愬紩瀵肩敤鎴蜂笅娆＄櫥褰?,鏈畬鎴愬紩瀵肩敤鎴蜂笅娆＄櫥褰?,,209;956;1195;1395;1621;1724;1827;1908;1957;2021;2096,gb18030->utf8 x1,NO,MANUAL_REVIEW,至少一个受影响字段无法整字段安全转换，或完整源行不可读/不可定位，或存在复合断言
UA2-03094,user-agent,docs/SPEC-§22-用户端体验增强.md,source_section;source_quote;atomic_assertion,验收标准,浠〃鐩橀《閮ㄦ樉绀哄紩瀵兼í骞咃紝鐐瑰嚮缁х画浠庝笂娆℃楠ゅ紑濮?,浠〃鐩橀《閮ㄦ樉绀哄紩瀵兼í骞咃紝鐐瑰嚮缁х画浠庝笂娆℃楠ゅ紑濮?,,209;956;1195;1395;1621;1724;1827;1908;1957;2021;2096,gb18030->utf8 x1,NO,MANUAL_REVIEW,至少一个受影响字段无法整字段安全转换，或完整源行不可读/不可定位，或存在复合断言
UA2-03095,user-agent,docs/SPEC-§22-用户端体验增强.md,source_section,验收标准,AC-5,AC-5,,209;956;1195;1395;1621;1724;1827;1908;1957;2021;2096,gb18030->utf8 x1,NO,MANUAL_REVIEW,至少一个受影响字段无法整字段安全转换，或完整源行不可读/不可定位，或存在复合断言
UA2-03096,user-agent,docs/SPEC-§22-用户端体验增强.md,source_section;source_quote;atomic_assertion,验收标准,Step 2 创建 Key,Step 2 创建 Key,,209;956;1195;1395;1621;1724;1827;1908;1957;2021;2096,gb18030->utf8 x1,NO,MANUAL_REVIEW,至少一个受影响字段无法整字段安全转换，或完整源行不可读/不可定位，或存在复合断言
UA2-03097,user-agent,docs/SPEC-§22-用户端体验增强.md,source_section;source_quote;atomic_assertion,验收标准,"Key 鍒楄〃鍑虹幇""鎴戠殑绗竴涓?Key""锛屽垱寤烘垚鍔?Toast 鎻愮ず","Key 鍒楄〃鍑虹幇""鎴戠殑绗竴涓?Key""锛屽垱寤烘垚鍔?Toast 鎻愮ず",,209;956;1195;1395;1621;1724;1827;1908;1957;2021;2096,gb18030->utf8 x1,NO,MANUAL_REVIEW,至少一个受影响字段无法整字段安全转换，或完整源行不可读/不可定位，或存在复合断言
UA2-03098,user-agent,docs/SPEC-§22-用户端体验增强.md,source_section,验收标准,AC-6,AC-6,,209;956;1195;1395;1621;1724;1827;1908;1957;2021;2096,gb18030->utf8 x1,NO,MANUAL_REVIEW,至少一个受影响字段无法整字段安全转换，或完整源行不可读/不可定位，或存在复合断言
UA2-03099,user-agent,docs/SPEC-§22-用户端体验增强.md,source_section;source_quote;atomic_assertion,验收标准,Step 4 鍙戦€?API 璇锋眰鎴愬姛,Step 4 鍙戦€?API 璇锋眰鎴愬姛,,209;956;1195;1395;1621;1724;1827;1908;1957;2021;2096,gb18030->utf8 x1,NO,MANUAL_REVIEW,至少一个受影响字段无法整字段安全转换，或完整源行不可读/不可定位，或存在复合断言
UA2-03100,user-agent,docs/SPEC-§22-用户端体验增强.md,source_section,验收标准,鍙充晶闈㈡澘鏄剧ず鏍煎紡鍖栧搷搴?+ Token 鏁?+ 璐圭敤鏄庣粏,鍙充晶闈㈡澘鏄剧ず鏍煎紡鍖栧搷搴?+ Token 鏁?+ 璐圭敤鏄庣粏,,209;956;1195;1395;1621;1724;1827;1908;1957;2021;2096,gb18030->utf8 x1,NO,MANUAL_REVIEW,至少一个受影响字段无法整字段安全转换，或完整源行不可读/不可定位，或存在复合断言
UA2-03101,user-agent,docs/SPEC-§22-用户端体验增强.md,source_section,验收标准,AC-7,AC-7,,209;956;1195;1395;1621;1724;1827;1908;1957;2021;2096,gb18030->utf8 x1,NO,MANUAL_REVIEW,至少一个受影响字段无法整字段安全转换，或完整源行不可读/不可定位，或存在复合断言
UA2-03102,user-agent,docs/SPEC-§22-用户端体验增强.md,source_section;source_quote;atomic_assertion,验收标准,Step 4 鍙戦€?API 璇锋眰澶辫触,Step 4 鍙戦€?API 璇锋眰澶辫触,,209;956;1195;1395;1621;1724;1827;1908;1957;2021;2096,gb18030->utf8 x1,NO,MANUAL_REVIEW,至少一个受影响字段无法整字段安全转换，或完整源行不可读/不可定位，或存在复合断言
UA2-03103,user-agent,docs/SPEC-§22-用户端体验增强.md,source_section;source_quote;atomic_assertion,验收标准,"红色错误信息 + 解决方案建议 + ""重试""按钮","红色错误信息 + 解决方案建议 + ""重试""按钮",,209;956;1195;1395;1621;1724;1827;1908;1957;2021;2096,gb18030->utf8 x1,NO,MANUAL_REVIEW,至少一个受影响字段无法整字段安全转换，或完整源行不可读/不可定位，或存在复合断言
UA2-03104,user-agent,docs/SPEC-§22-用户端体验增强.md,source_section,验收标准,AC-8,AC-8,,209;956;1195;1395;1621;1724;1827;1908;1957;2021;2096,gb18030->utf8 x1,NO,MANUAL_REVIEW,至少一个受影响字段无法整字段安全转换，或完整源行不可读/不可定位，或存在复合断言
UA2-03105,user-agent,docs/SPEC-§22-用户端体验增强.md,source_section;source_quote;atomic_assertion,验收标准,Step 5 代码复制,Step 5 代码复制,,209;956;1195;1395;1621;1724;1827;1908;1957;2021;2096,gb18030->utf8 x1,NO,MANUAL_REVIEW,至少一个受影响字段无法整字段安全转换，或完整源行不可读/不可定位，或存在复合断言
UA2-03106,user-agent,docs/SPEC-§22-用户端体验增强.md,source_section;source_quote;atomic_assertion,验收标准,"鐐瑰嚮""澶嶅埗""鎸夐挳鍚?Toast ""宸插鍒跺埌鍓创鏉?","鐐瑰嚮""澶嶅埗""鎸夐挳鍚?Toast ""宸插鍒跺埌鍓创鏉?",,209;956;1195;1395;1621;1724;1827;1908;1957;2021;2096,gb18030->utf8 x1,NO,MANUAL_REVIEW,至少一个受影响字段无法整字段安全转换，或完整源行不可读/不可定位，或存在复合断言
UA2-03107,user-agent,docs/SPEC-§22-用户端体验增强.md,source_section,验收标准,AC-9,AC-9,,209;956;1195;1395;1621;1724;1827;1908;1957;2021;2096,gb18030->utf8 x1,NO,MANUAL_REVIEW,至少一个受影响字段无法整字段安全转换，或完整源行不可读/不可定位，或存在复合断言
UA2-03108,user-agent,docs/SPEC-§22-用户端体验增强.md,source_section;source_quote;atomic_assertion,验收标准,鏃х敤鎴凤紙宸叉湁 Key锛夋敞鍐岀櫥褰?,鏃х敤鎴凤紙宸叉湁 Key锛夋敞鍐岀櫥褰?,,209;956;1195;1395;1621;1724;1827;1908;1957;2021;2096,gb18030->utf8 x1,NO,MANUAL_REVIEW,至少一个受影响字段无法整字段安全转换，或完整源行不可读/不可定位，或存在复合断言
UA2-03109,user-agent,docs/SPEC-§22-用户端体验增强.md,source_section;source_quote;atomic_assertion,验收标准,鍙樉绀?Step 1 浠嬬粛锛孲tep 2 璺宠繃,鍙樉绀?Step 1 浠嬬粛锛孲tep 2 璺宠繃,,209;956;1195;1395;1621;1724;1827;1908;1957;2021;2096,gb18030->utf8 x1,NO,MANUAL_REVIEW,至少一个受影响字段无法整字段安全转换，或完整源行不可读/不可定位，或存在复合断言
UA2-03110,user-agent,docs/SPEC-§22-用户端体验增强.md,source_section,验收标准,AC-10,AC-10,,209;956;1195;1395;1621;1724;1827;1908;1957;2021;2096,gb18030->utf8 x1,NO,MANUAL_REVIEW,至少一个受影响字段无法整字段安全转换，或完整源行不可读/不可定位，或存在复合断言
UA2-03111,user-agent,docs/SPEC-§22-用户端体验增强.md,source_section;source_quote;atomic_assertion,验收标准,浠〃鐩?蹇€熸帴鍏ュ紩瀵?鍏ュ彛鐐瑰嚮,浠〃鐩?蹇€熸帴鍏ュ紩瀵?鍏ュ彛鐐瑰嚮,,209;956;1195;1395;1621;1724;1827;1908;1957;2021;2096,gb18030->utf8 x1,NO,MANUAL_REVIEW,至少一个受影响字段无法整字段安全转换，或完整源行不可读/不可定位，或存在复合断言
UA2-03112,user-agent,docs/SPEC-§22-用户端体验增强.md,source_section;source_quote;atomic_assertion,验收标准,浠庝笂娆′腑鏂楠ょ户缁紩瀵?,浠庝笂娆′腑鏂楠ょ户缁紩瀵?,,209;956;1195;1395;1621;1724;1827;1908;1957;2021;2096,gb18030->utf8 x1,NO,MANUAL_REVIEW,至少一个受影响字段无法整字段安全转换，或完整源行不可读/不可定位，或存在复合断言
UA2-03113,user-agent,docs/SPEC-§22-用户端体验增强.md,source_quote;atomic_assertion,功能描述,鍦ㄧ幇鏈変华琛ㄧ洏 16 涓姛鑳藉尯鍩虹涓婏紝琛ラ綈 5 涓叧閿崱鐗囩粍浠垛€斺€旀垚鏈娴嬪崱鐗囥€佸紓甯稿憡璀﹀崱鐗囥€佽处鍗曞懆鏈熸瑙堛€佸疄鏃舵椿鍔ㄦ祦銆佹暟鎹鍑猴紝璁╃敤鎴峰湪涓€涓〉闈笂鍏ㄩ潰鎺屾帶鑷繁鐨勭敤閲忔垚鏈€佸紓甯稿姩鎬佸拰璐㈠姟鍏ㄨ矊銆?,鍦ㄧ幇鏈変华琛ㄧ洏 16 涓姛鑳藉尯鍩虹涓婏紝琛ラ綈 5 涓叧閿崱鐗囩粍浠垛€斺€旀垚鏈娴嬪崱鐗囥€佸紓甯稿憡璀﹀崱鐗囥€佽处鍗曞懆鏈熸瑙堛€佸疄鏃舵椿鍔ㄦ祦銆佹暟鎹鍑猴紝璁╃敤鎴峰湪涓€涓〉闈笂鍏ㄩ潰鎺屾帶鑷繁鐨勭敤閲忔垚鏈€佸紓甯稿姩鎬佸拰璐㈠姟鍏ㄨ矊銆?,,39;228;232;308;426;481;567;735;974;1213;1412;1659;1732;1837;1917;1966;2029,gb18030->utf8 x1,NO,MANUAL_REVIEW,至少一个受影响字段无法整字段安全转换，或完整源行不可读/不可定位，或存在复合断言
UA2-03114,user-agent,docs/SPEC-§22-用户端体验增强.md,source_quote;atomic_assertion,功能描述,鍩轰簬鍘嗗彶娑堣垂鏁版嵁锛屾櫤鑳介娴嬫湰鏈堟€绘秷璐归噾棰濆拰浣欓鑰楀敖鏃堕棿锛屽府鍔╃敤鎴锋彁鍓嶈鍒掗绠椼€?,鍩轰簬鍘嗗彶娑堣垂鏁版嵁锛屾櫤鑳介娴嬫湰鏈堟€绘秷璐归噾棰濆拰浣欓鑰楀敖鏃堕棿锛屽府鍔╃敤鎴锋彁鍓嶈鍒掗绠椼€?,,39;228;232;308;426;481;567;735;974;1213;1412;1659;1732;1837;1917;1966;2029,gb18030->utf8 x1,NO,MANUAL_REVIEW,至少一个受影响字段无法整字段安全转换，或完整源行不可读/不可定位，或存在复合断言
UA2-03115,user-agent,docs/SPEC-§22-用户端体验增强.md,source_quote;atomic_assertion,完成能力 / 展示效果,**鍗＄墖浣嶇疆锛?* 浠〃鐩樻牳蹇冩寚鏍囧尯鍩熶笅鏂癸紝4 寮犳牳蹇冩寚鏍囧崱鐗囧彸渚?,**鍗＄墖浣嶇疆锛?* 浠〃鐩樻牳蹇冩寚鏍囧尯鍩熶笅鏂癸紝4 寮犳牳蹇冩寚鏍囧崱鐗囧彸渚?,,42;235;311;429;484;570;750;977;1216;1415;1662;1735;1840;1920;1969;2032,gb18030->utf8 x1,NO,MANUAL_REVIEW,至少一个受影响字段无法整字段安全转换，或完整源行不可读/不可定位，或存在复合断言
UA2-03116,user-agent,docs/SPEC-§22-用户端体验增强.md,source_quote;atomic_assertion,完成能力 / 展示效果,**鍗＄墖鍐呭甯冨眬锛?*,**鍗＄墖鍐呭甯冨眬锛?*,,42;235;311;429;484;570;750;977;1216;1415;1662;1735;1840;1920;1969;2032,gb18030->utf8 x1,NO,MANUAL_REVIEW,至少一个受影响字段无法整字段安全转换，或完整源行不可读/不可定位，或存在复合断言
UA2-03118,user-agent,docs/SPEC-§22-用户端体验增强.md,source_quote;atomic_assertion,完成能力 / 展示效果,本月剩余天数 = DAY(LAST_DAY(NOW())) - DAY(NOW()) + 1,本月剩余天数 = DAY(LAST_DAY(NOW())) - DAY(NOW()) + 1,254,42;235;311;429;484;570;750;977;1216;1415;1662;1735;1840;1920;1969;2032,gb18030->utf8 x1,NO,REVIEW_CANDIDATE,所有受影响字段均完成整字段可逆转换，且引用/章节可定位；仍需人工确认
UA2-03119,user-agent,docs/SPEC-§22-用户端体验增强.md,source_quote;atomic_assertion,完成能力 / 展示效果,棰勪及鏈湀鎬绘秷璐?= 鏈湀宸叉秷璐?+ (杩?0澶╂棩鍧囨秷璐?脳 鏈湀鍓╀綑澶╂暟),棰勪及鏈湀鎬绘秷璐?= 鏈湀宸叉秷璐?+ (杩?0澶╂棩鍧囨秷璐?脳 鏈湀鍓╀綑澶╂暟),,42;235;311;429;484;570;750;977;1216;1415;1662;1735;1840;1920;1969;2032,gb18030->utf8 x1,NO,MANUAL_REVIEW,至少一个受影响字段无法整字段安全转换，或完整源行不可读/不可定位，或存在复合断言
UA2-03120,user-agent,docs/SPEC-§22-用户端体验增强.md,source_quote;atomic_assertion,完成能力 / 展示效果,杩?30 澶╂棩鍧囨秷璐癸紙鍒濆鍖栦紭鍖栵級锛?  鈫?缂撳瓨姣忓皬鏃舵洿鏂颁竴娆★紝瀛樺偍鍦?Redis: forecast:daily_avg:{userId},杩?30 澶╂棩鍧囨秷璐癸紙鍒濆鍖栦紭鍖栵級锛?  鈫?缂撳瓨姣忓皬鏃舵洿鏂颁竴娆★紝瀛樺偍鍦?Redis: forecast:daily_avg:{userId},,42;235;311;429;484;570;750;977;1216;1415;1662;1735;1840;1920;1969;2032,gb18030->utf8 x1,NO,MANUAL_REVIEW,至少一个受影响字段无法整字段安全转换，或完整源行不可读/不可定位，或存在复合断言
UA2-03121,user-agent,docs/SPEC-§22-用户端体验增强.md,source_quote;atomic_assertion,完成能力 / 展示效果,鈫?鐢ㄦ埛閲?< 100 鏃剁洿鎺ュ疄鏃惰绠?,鈫?鐢ㄦ埛閲?< 100 鏃剁洿鎺ュ疄鏃惰绠?,,42;235;311;429;484;570;750;977;1216;1415;1662;1735;1840;1920;1969;2032,gb18030->utf8 x1,NO,MANUAL_REVIEW,至少一个受影响字段无法整字段安全转换，或完整源行不可读/不可定位，或存在复合断言
UA2-03122,user-agent,docs/SPEC-§22-用户端体验增强.md,source_quote;atomic_assertion,完成能力 / 展示效果,"浣欓鑰楀敖澶╂暟 = 褰撳墠浣欓 / 杩?0澶╂棩鍧囨秷璐?  鈫?鏃ュ潎娑堣垂 = 0 鈫?鏄剧ず""浣跨敤绋冲畾""涓嶈绠楀ぉ鏁?  鈫?浣欓鑰楀敖澶╂暟 > 365 鈫?鏄剧ず""鍏呰冻""","浣欓鑰楀敖澶╂暟 = 褰撳墠浣欓 / 杩?0澶╂棩鍧囨秷璐?  鈫?鏃ュ潎娑堣垂 = 0 鈫?鏄剧ず""浣跨敤绋冲畾""涓嶈绠楀ぉ鏁?  鈫?浣欓鑰楀敖澶╂暟 > 365 鈫?鏄剧ず""鍏呰冻""",,42;235;311;429;484;570;750;977;1216;1415;1662;1735;1840;1920;1969;2032,gb18030->utf8 x1,NO,MANUAL_REVIEW,至少一个受影响字段无法整字段安全转换，或完整源行不可读/不可定位，或存在复合断言
UA2-03124,user-agent,docs/SPEC-§22-用户端体验增强.md,source_quote;atomic_assertion,完成能力 / 展示效果,鏈湀鍚屾湡娑堣垂 = 鏈湀宸叉秷璐癸紙鎴嚦褰撳ぉ锛?鐜瘮鍙樺寲 = (鏈湀 - 涓婃湀) / 涓婃湀 脳 100%,鏈湀鍚屾湡娑堣垂 = 鏈湀宸叉秷璐癸紙鎴嚦褰撳ぉ锛?鐜瘮鍙樺寲 = (鏈湀 - 涓婃湀) / 涓婃湀 脳 100%,,42;235;311;429;484;570;750;977;1216;1415;1662;1735;1840;1920;1969;2032,gb18030->utf8 x1,NO,MANUAL_REVIEW,至少一个受影响字段无法整字段安全转换，或完整源行不可读/不可定位，或存在复合断言
UA2-03128,user-agent,docs/SPEC-§22-用户端体验增强.md,source_quote;atomic_assertion,完成能力 / 展示效果,"""monthlyBudget"": 500.00,      // null 琛ㄧず鏈缃?  ""budgetUsagePercent"": 31.26,  // 宸茬敤/棰勭畻","""monthlyBudget"": 500.00,      // null 琛ㄧず鏈缃?  ""budgetUsagePercent"": 31.26,  // 宸茬敤/棰勭畻",,42;235;311;429;484;570;750;977;1216;1415;1662;1735;1840;1920;1969;2032,gb18030->utf8 x1,NO,MANUAL_REVIEW,至少一个受影响字段无法整字段安全转换，或完整源行不可读/不可定位，或存在复合断言
UA2-03129,user-agent,docs/SPEC-§22-用户端体验增强.md,source_quote;atomic_assertion,完成能力 / 展示效果,"""forecastUsagePercent"": 57.9, // 预估/预算","""forecastUsagePercent"": 57.9, // 预估/预算",277,42;235;311;429;484;570;750;977;1216;1415;1662;1735;1840;1920;1969;2032,gb18030->utf8 x1,NO,REVIEW_CANDIDATE,所有受影响字段均完成整字段可逆转换，且引用/章节可定位；仍需人工确认
UA2-03148,user-agent,docs/SPEC-§22-用户端体验增强.md,source_quote;atomic_assertion,完成能力 / 展示效果,鈹屸攢 鈿狅笍 鍛婅涓績 鈹€鈹€鈹€鈹€鈹€鈹€鈹€鈹€ [鏌ョ湅鍏ㄩ儴 鈫抅 鈹€鈹€鈹?鈹?                                       鈹?鈹?馃敶 澶辫触鐜囩獊澧?            10鍒嗗墠      鈹?鈹?   杩?灏忔椂 澶辫触鐜囪揪 8.2%锛岃秴杩?%闃堝€? 鈹?鈹?                     [鏌ョ湅璇︽儏] [宸茶]鈹?鈹?                                       鈹?鈹?鈿狅笍 浣欓涓嶈冻                1灏忔椂鍓?    鈹?鈹?   浣欓浠呭墿 楼8.50锛屼綆浜?楼10 闃堝€?     鈹?鈹?                     [鍘诲厖鍊糫  [宸茶] 鈹?鈹?                                       鈹?鈹?馃煛 棰勭畻瓒呴檺                3灏忔椂鍓?    鈹?鈹?   鏈湀娑堣垂宸茶揪棰勭畻鐨?92%              鈹?鈹?                     [棰勭畻璁剧疆] [宸茶]鈹?鈹?                                       鈹?鈹?馃煚 寮傚父鐧诲綍                5灏忔椂鍓?    鈹?鈹?   妫€娴嬪埌鏂拌澶囩櫥褰曪細涓婃捣 117.x.x.x    鈹?鈹?                     [瀹夊叏涓績] [宸茶]鈹?鈹斺攢鈹€鈹€鈹€鈹€鈹€鈹€鈹€鈹€鈹€鈹€鈹€鈹€鈹€鈹€鈹€鈹€鈹€鈹€鈹€鈹€鈹€鈹€鈹€鈹€鈹€鈹€鈹€鈹€鈹€鈹€鈹€鈹€鈹€鈹€鈹€鈹€鈹€鈹€鈹€鈹?,鈹屸攢 鈿狅笍 鍛婅涓績 鈹€鈹€鈹€鈹€鈹€鈹€鈹€鈹€ [鏌ョ湅鍏ㄩ儴 鈫抅 鈹€鈹€鈹?鈹?                                       鈹?鈹?馃敶 澶辫触鐜囩獊澧?            10鍒嗗墠      鈹?鈹?   杩?灏忔椂 澶辫触鐜囪揪 8.2%锛岃秴杩?%闃堝€? 鈹?鈹?                     [鏌ョ湅璇︽儏] [宸茶]鈹?鈹?                                       鈹?鈹?鈿狅笍 浣欓涓嶈冻                1灏忔椂鍓?    鈹?鈹?   浣欓浠呭墿 楼8.50锛屼綆浜?楼10 闃堝€?     鈹?鈹?                     [鍘诲厖鍊糫  [宸茶] 鈹?鈹?                                       鈹?鈹?馃煛 棰勭畻瓒呴檺                3灏忔椂鍓?    鈹?鈹?   鏈湀娑堣垂宸茶揪棰勭畻鐨?92%              鈹?鈹?                     [棰勭畻璁剧疆] [宸茶]鈹?鈹?                                       鈹?鈹?馃煚 寮傚父鐧诲綍                5灏忔椂鍓?    鈹?鈹?   妫€娴嬪埌鏂拌澶囩櫥褰曪細涓婃捣 117.x.x.x    鈹?鈹?                     [瀹夊叏涓績] [宸茶]鈹?鈹斺攢鈹€鈹€鈹€鈹€鈹€鈹€鈹€鈹€鈹€鈹€鈹€鈹€鈹€鈹€鈹€鈹€鈹€鈹€鈹€鈹€鈹€鈹€鈹€鈹€鈹€鈹€鈹€鈹€鈹€鈹€鈹€鈹€鈹€鈹€鈹€鈹€鈹€鈹€鈹€鈹?,,42;235;311;429;484;570;750;977;1216;1415;1662;1735;1840;1920;1969;2032,gb18030->utf8 x1,NO,MANUAL_REVIEW,至少一个受影响字段无法整字段安全转换，或完整源行不可读/不可定位，或存在复合断言
UA2-03149,user-agent,docs/SPEC-§22-用户端体验增强.md,source_quote;atomic_assertion,完成能力 / 展示效果,**告警分类与展示：**,**告警分类与展示：**,318,42;235;311;429;484;570;750;977;1216;1415;1662;1735;1840;1920;1969;2032,gb18030->utf8 x1,NO,REVIEW_CANDIDATE,所有受影响字段均完成整字段可逆转换，且引用/章节可定位；仍需人工确认
UA2-03155,user-agent,docs/SPEC-§22-用户端体验增强.md,source_quote;atomic_assertion,完成能力 / 展示效果,余额 < ¥10,余额 < ¥10,,42;235;311;429;484;570;750;977;1216;1415;1662;1735;1840;1920;1969;2032,gb18030->utf8 x1,NO,MANUAL_REVIEW,至少一个受影响字段无法整字段安全转换，或完整源行不可读/不可定位，或存在复合断言
UA2-03156,user-agent,docs/SPEC-§22-用户端体验增强.md,source_quote;atomic_assertion,完成能力 / 展示效果,璺宠浆鍏呭€奸〉,璺宠浆鍏呭€奸〉,,42;235;311;429;484;570;750;977;1216;1415;1662;1735;1840;1920;1969;2032,gb18030->utf8 x1,NO,MANUAL_REVIEW,至少一个受影响字段无法整字段安全转换，或完整源行不可读/不可定位，或存在复合断言
UA2-03158,user-agent,docs/SPEC-§22-用户端体验增强.md,source_quote;atomic_assertion,完成能力 / 展示效果,IP 褰掑睘鍦拌法鐪?璺ㄥ鐧诲綍,IP 褰掑睘鍦拌法鐪?璺ㄥ鐧诲綍,,42;235;311;429;484;570;750;977;1216;1415;1662;1735;1840;1920;1969;2032,gb18030->utf8 x1,NO,MANUAL_REVIEW,至少一个受影响字段无法整字段安全转换，或完整源行不可读/不可定位，或存在复合断言
UA2-03159,user-agent,docs/SPEC-§22-用户端体验增强.md,source_quote;atomic_assertion,完成能力 / 展示效果,安全中心登录记录,安全中心登录记录,,42;235;311;429;484;570;750;977;1216;1415;1662;1735;1840;1920;1969;2032,gb18030->utf8 x1,NO,MANUAL_REVIEW,至少一个受影响字段无法整字段安全转换，或完整源行不可读/不可定位，或存在复合断言
UA2-03161,user-agent,docs/SPEC-§22-用户端体验增强.md,source_quote;atomic_assertion,完成能力 / 展示效果,鏈堟秷璐硅揪棰勭畻鐨?50%/80%/90%/100%,鏈堟秷璐硅揪棰勭畻鐨?50%/80%/90%/100%,,42;235;311;429;484;570;750;977;1216;1415;1662;1735;1840;1920;1969;2032,gb18030->utf8 x1,NO,MANUAL_REVIEW,至少一个受影响字段无法整字段安全转换，或完整源行不可读/不可定位，或存在复合断言
UA2-03163,user-agent,docs/SPEC-§22-用户端体验增强.md,source_quote;atomic_assertion,完成能力 / 展示效果,**浜や簰琛屼负锛?*,**浜や簰琛屼负锛?*,,42;235;311;429;484;570;750;977;1216;1415;1662;1735;1840;1920;1969;2032,gb18030->utf8 x1,NO,MANUAL_REVIEW,至少一个受影响字段无法整字段安全转换，或完整源行不可读/不可定位，或存在复合断言
UA2-03164,user-agent,docs/SPEC-§22-用户端体验增强.md,source_quote;atomic_assertion,完成能力 / 展示效果,鏈鍛婅瑙掓爣锛氬崱鐗囨爣棰樺彸渚ф樉绀虹孩鑹叉暟瀛楀窘绔狅紙濡?`鈶锛夛紝涓烘湭璇诲憡璀︽暟,鏈鍛婅瑙掓爣锛氬崱鐗囨爣棰樺彸渚ф樉绀虹孩鑹叉暟瀛楀窘绔狅紙濡?`鈶锛夛紝涓烘湭璇诲憡璀︽暟,,42;235;311;429;484;570;750;977;1216;1415;1662;1735;1840;1920;1969;2032,gb18030->utf8 x1,NO,MANUAL_REVIEW,至少一个受影响字段无法整字段安全转换，或完整源行不可读/不可定位，或存在复合断言
UA2-03165,user-agent,docs/SPEC-§22-用户端体验增强.md,source_quote;atomic_assertion,完成能力 / 展示效果,"姣忔潯鍛婅鍙充晶鎸夐挳锛氱偣鍑?宸茶""鈫?鏍囪璇ユ潯涓哄凡璇伙紝浠庡崱鐗囦腑娑堝け锛堟垨鍙樼伆锛?- 鐐瑰嚮鍛婅涓讳綋 鈫?璺宠浆鍒板搴旇鎯呴〉锛堣皟鐢ㄦ棩蹇?鍏呭€奸〉/瀹夊叏涓績/棰勭畻璁剧疆锛?- 鐐瑰嚮""鏌ョ湅鍏ㄩ儴""鈫?璺宠浆鍒板憡璀﹀垪琛ㄩ〉 `/console/alerts`锛堝彲缈婚〉锛屾樉绀烘墍鏈夊巻鍙插憡璀︼級","姣忔潯鍛婅鍙充晶鎸夐挳锛氱偣鍑?宸茶""鈫?鏍囪璇ユ潯涓哄凡璇伙紝浠庡崱鐗囦腑娑堝け锛堟垨鍙樼伆锛?- 鐐瑰嚮鍛婅涓讳綋 鈫?璺宠浆鍒板搴旇鎯呴〉锛堣皟鐢ㄦ棩蹇?鍏呭€奸〉/瀹夊叏涓績/棰勭畻璁剧疆锛?- 鐐瑰嚮""鏌ョ湅鍏ㄩ儴""鈫?璺宠浆鍒板憡璀﹀垪琛ㄩ〉 `/console/alerts`锛堝彲缈婚〉锛屾樉绀烘墍鏈夊巻鍙插憡璀︼級",,42;235;311;429;484;570;750;977;1216;1415;1662;1735;1840;1920;1969;2032,gb18030->utf8 x1,NO,MANUAL_REVIEW,至少一个受影响字段无法整字段安全转换，或完整源行不可读/不可定位，或存在复合断言
UA2-03166,user-agent,docs/SPEC-§22-用户端体验增强.md,source_section,后端告警生成逻辑,"export const userAlerts = pgTable(""user_alerts"", {","export const userAlerts = pgTable(""user_alerts"", {",407,388,gb18030->utf8 x1,NO,REVIEW_CANDIDATE,所有受影响字段均完成整字段可逆转换，且引用/章节可定位；仍需人工确认
UA2-03167,user-agent,docs/SPEC-§22-用户端体验增强.md,source_section,后端告警生成逻辑,"id: serial(""id"").primaryKey(),","id: serial(""id"").primaryKey(),",408;1088;1110;1129;1287;1452;1762,388,gb18030->utf8 x1,NO,REVIEW_CANDIDATE,所有受影响字段均完成整字段可逆转换，且引用/章节可定位；仍需人工确认
UA2-03168,user-agent,docs/SPEC-§22-用户端体验增强.md,source_section,后端告警生成逻辑,"userId: integer(""user_id"").notNull().references(() => users.id),","userId: integer(""user_id"").notNull().references(() => users.id),",409;1089,388,gb18030->utf8 x1,NO,REVIEW_CANDIDATE,所有受影响字段均完成整字段可逆转换，且引用/章节可定位；仍需人工确认
UA2-03169,user-agent,docs/SPEC-§22-用户端体验增强.md,source_section,后端告警生成逻辑,"type: varchar(""type"", { length: 30 }).notNull(),","type: varchar(""type"", { length: 30 }).notNull(),",410,388,gb18030->utf8 x1,NO,REVIEW_CANDIDATE,所有受影响字段均完成整字段可逆转换，且引用/章节可定位；仍需人工确认
UA2-03170,user-agent,docs/SPEC-§22-用户端体验增强.md,source_section,后端告警生成逻辑,"level: varchar(""level"", { length: 10 }).notNull().default(""medium""),","level: varchar(""level"", { length: 10 }).notNull().default(""medium""),",411,388,gb18030->utf8 x1,NO,REVIEW_CANDIDATE,所有受影响字段均完成整字段可逆转换，且引用/章节可定位；仍需人工确认
UA2-03171,user-agent,docs/SPEC-§22-用户端体验增强.md,source_section,后端告警生成逻辑,"message: varchar(""message"", { length: 500 }).notNull(),","message: varchar(""message"", { length: 500 }).notNull(),",412,388,gb18030->utf8 x1,NO,REVIEW_CANDIDATE,所有受影响字段均完成整字段可逆转换，且引用/章节可定位；仍需人工确认
UA2-03172,user-agent,docs/SPEC-§22-用户端体验增强.md,source_section,后端告警生成逻辑,"detail: jsonb(""detail""),","detail: jsonb(""detail""),",413,388,gb18030->utf8 x1,NO,REVIEW_CANDIDATE,所有受影响字段均完成整字段可逆转换，且引用/章节可定位；仍需人工确认
UA2-03173,user-agent,docs/SPEC-§22-用户端体验增强.md,source_section,后端告警生成逻辑,"route: varchar(""route"", { length: 200 }),","route: varchar(""route"", { length: 200 }),",414,388,gb18030->utf8 x1,NO,REVIEW_CANDIDATE,所有受影响字段均完成整字段可逆转换，且引用/章节可定位；仍需人工确认
UA2-03174,user-agent,docs/SPEC-§22-用户端体验增强.md,source_section,后端告警生成逻辑,"read: boolean(""read"").default(false),","read: boolean(""read"").default(false),",415,388,gb18030->utf8 x1,NO,REVIEW_CANDIDATE,所有受影响字段均完成整字段可逆转换，且引用/章节可定位；仍需人工确认
UA2-03175,user-agent,docs/SPEC-§22-用户端体验增强.md,source_section,后端告警生成逻辑,"createdAt: timestamp(""created_at"").defaultNow(),","createdAt: timestamp(""created_at"").defaultNow(),",416;1103;1298;1466;1770,388,gb18030->utf8 x1,NO,REVIEW_CANDIDATE,所有受影响字段均完成整字段可逆转换，且引用/章节可定位；仍需人工确认
UA2-03176,user-agent,docs/SPEC-§22-用户端体验增强.md,source_section,后端告警生成逻辑,"}, (table) => ({","}, (table) => ({",417;1105;1122;1134;1300;1468,388,gb18030->utf8 x1,NO,REVIEW_CANDIDATE,所有受影响字段均完成整字段可逆转换，且引用/章节可定位；仍需人工确认
UA2-03177,user-agent,docs/SPEC-§22-用户端体验增强.md,source_section,后端告警生成逻辑,"userIdReadIdx: index(""idx_alerts_user_read"").on(table.userId, table.read),","userIdReadIdx: index(""idx_alerts_user_read"").on(table.userId, table.read),",418,388,gb18030->utf8 x1,NO,REVIEW_CANDIDATE,所有受影响字段均完成整字段可逆转换，且引用/章节可定位；仍需人工确认
UA2-03178,user-agent,docs/SPEC-§22-用户端体验增强.md,source_section,后端告警生成逻辑,"typeIdx: index(""idx_alerts_type"").on(table.userId, table.type),","typeIdx: index(""idx_alerts_type"").on(table.userId, table.type),",419,388,gb18030->utf8 x1,NO,REVIEW_CANDIDATE,所有受影响字段均完成整字段可逆转换，且引用/章节可定位；仍需人工确认
UA2-03179,user-agent,docs/SPEC-§22-用户端体验增强.md,source_section;source_quote;atomic_assertion,后端告警生成逻辑,鈹屸攢 璐﹀崟鍛ㄦ湡姒傝 鈹€鈹€鈹€鈹€鈹€鈹€鈹€鈹€鈹€鈹€鈹€鈹€鈹€鈹€鈹€鈹€鈹€鈹€鈹€鈹€鈹€鈹€鈹€鈹€鈹€鈹€鈹€鈹€鈹€鈹€鈹€鈹€鈹€鈹€鈹?鈹?                                                   鈹?鈹? 璁¤垂鍛ㄦ湡锛?026-07-01 鑷?2026-07-31              鈹?鈹? 鈻堚枅鈻堚枅鈻堚枅鈻堚枅鈻堚枅鈻堚枅鈻戔枒鈻戔枒鈻戔枒鈻戔枒鈻戔枒鈻戔枒鈻戔枒 60%                   鈹?鈹?                                                   鈹?鈹? 宸插嚭璐﹂噾棰?          寰呯粨绠楄垂鐢?                  鈹?鈹? 楼 327.80             楼 12.35                     鈹?鈹? 锛堟埅鑷?7鏈?6鏃ワ級     锛堣繎48灏忔椂鏈粨绠楄皟鐢級       鈹?鈹?                                                   鈹?鈹? 涓嬫湡棰勪及锛毬?352.50                               鈹?鈹? 锛堝熀浜庢湰鏈堟棩鍧囨秷璐?楼12.68 棰勬祴锛?                鈹?鈹斺攢鈹€鈹€鈹€鈹€鈹€鈹€鈹€鈹€鈹€鈹€鈹€鈹€鈹€鈹€鈹€鈹€鈹€鈹€鈹€鈹€鈹€鈹€鈹€鈹€鈹€鈹€鈹€鈹€鈹€鈹€鈹€鈹€鈹€鈹€鈹€鈹€鈹€鈹€鈹€鈹€鈹€鈹€鈹€鈹€鈹€鈹€鈹€鈹€鈹€鈹€鈹€鈹?,鈹屸攢 璐﹀崟鍛ㄦ湡姒傝 鈹€鈹€鈹€鈹€鈹€鈹€鈹€鈹€鈹€鈹€鈹€鈹€鈹€鈹€鈹€鈹€鈹€鈹€鈹€鈹€鈹€鈹€鈹€鈹€鈹€鈹€鈹€鈹€鈹€鈹€鈹€鈹€鈹€鈹€鈹?鈹?                                                   鈹?鈹? 璁¤垂鍛ㄦ湡锛?026-07-01 鑷?2026-07-31              鈹?鈹? 鈻堚枅鈻堚枅鈻堚枅鈻堚枅鈻堚枅鈻堚枅鈻戔枒鈻戔枒鈻戔枒鈻戔枒鈻戔枒鈻戔枒鈻戔枒 60%                   鈹?鈹?                                                   鈹?鈹? 宸插嚭璐﹂噾棰?          寰呯粨绠楄垂鐢?                  鈹?鈹? 楼 327.80             楼 12.35                     鈹?鈹? 锛堟埅鑷?7鏈?6鏃ワ級     锛堣繎48灏忔椂鏈粨绠楄皟鐢級       鈹?鈹?                                                   鈹?鈹? 涓嬫湡棰勪及锛毬?352.50                               鈹?鈹? 锛堝熀浜庢湰鏈堟棩鍧囨秷璐?楼12.68 棰勬祴锛?                鈹?鈹斺攢鈹€鈹€鈹€鈹€鈹€鈹€鈹€鈹€鈹€鈹€鈹€鈹€鈹€鈹€鈹€鈹€鈹€鈹€鈹€鈹€鈹€鈹€鈹€鈹€鈹€鈹€鈹€鈹€鈹€鈹€鈹€鈹€鈹€鈹€鈹€鈹€鈹€鈹€鈹€鈹€鈹€鈹€鈹€鈹€鈹€鈹€鈹€鈹€鈹€鈹€鈹€鈹?,,388,gb18030->utf8 x1,NO,MANUAL_REVIEW,至少一个受影响字段无法整字段安全转换，或完整源行不可读/不可定位，或存在复合断言
UA2-03180,user-agent,docs/SPEC-§22-用户端体验增强.md,source_section;source_quote;atomic_assertion,后端告警生成逻辑,**进度条说明：**,**进度条说明：**,437,388,gb18030->utf8 x1,NO,REVIEW_CANDIDATE,所有受影响字段均完成整字段可逆转换，且引用/章节可定位；仍需人工确认
UA2-03181,user-agent,docs/SPEC-§22-用户端体验增强.md,source_section;source_quote;atomic_assertion,后端告警生成逻辑,杩涘害鏉￠暱搴?= 褰撳墠鏃ユ湡鍦ㄥ懆鏈熶腑鐨勪綅缃紙濡?7/18 鈫?58%锛?- 濉厖鑹插垎娈碉細,杩涘害鏉￠暱搴?= 褰撳墠鏃ユ湡鍦ㄥ懆鏈熶腑鐨勪綅缃紙濡?7/18 鈫?58%锛?- 濉厖鑹插垎娈碉細,,388,gb18030->utf8 x1,NO,MANUAL_REVIEW,至少一个受影响字段无法整字段安全转换，或完整源行不可读/不可定位，或存在复合断言
UA2-03182,user-agent,docs/SPEC-§22-用户端体验增强.md,source_section;source_quote;atomic_assertion,后端告警生成逻辑,宸插嚭璐﹂儴鍒嗭細瀹炲績娣辫摑 `鈻堚枅`锛堝崰宸叉秷鑰楅噾棰濈殑姣斾緥锛?  - 鍓╀綑閮ㄥ垎锛氭祬鐏板簳鑹?- 濡傛灉宸叉秷璐归噾棰濊秴杩囦笅鏈熼浼帮細杩涘害鏉℃湯灏炬樉绀虹孩鑹茶绀烘,宸插嚭璐﹂儴鍒嗭細瀹炲績娣辫摑 `鈻堚枅`锛堝崰宸叉秷鑰楅噾棰濈殑姣斾緥锛?  - 鍓╀綑閮ㄥ垎锛氭祬鐏板簳鑹?- 濡傛灉宸叉秷璐归噾棰濊秴杩囦笅鏈熼浼帮細杩涘害鏉℃湯灏炬樉绀虹孩鑹茶绀烘,,388,gb18030->utf8 x1,NO,MANUAL_REVIEW,至少一个受影响字段无法整字段安全转换，或完整源行不可读/不可定位，或存在复合断言
UA2-03183,user-agent,docs/SPEC-§22-用户端体验增强.md,source_section;source_quote;atomic_assertion,后端告警生成逻辑,"**""宸插嚭璐?涓?寰呯粨绠?鐨勮绠楅€昏緫锛?*","**""宸插嚭璐?涓?寰呯粨绠?鐨勮绠楅€昏緫锛?*",,388,gb18030->utf8 x1,NO,MANUAL_REVIEW,至少一个受影响字段无法整字段安全转换，或完整源行不可读/不可定位，或存在复合断言
UA2-03184,user-agent,docs/SPEC-§22-用户端体验增强.md,source_section,后端告警生成逻辑,已出账金额：SUM(call_logs WHERE created_at < NOW() - INTERVAL '24h' AND billing_cycle = current),已出账金额：SUM(call_logs WHERE created_at < NOW() - INTERVAL '24h' AND billing_cycle = current),442,388,gb18030->utf8 x1,NO,REVIEW_CANDIDATE,所有受影响字段均完成整字段可逆转换，且引用/章节可定位；仍需人工确认
UA2-03185,user-agent,docs/SPEC-§22-用户端体验增强.md,source_section;source_quote;atomic_assertion,后端告警生成逻辑,待结算费用：SUM(call_logs WHERE created_at >= NOW() - INTERVAL '24h' AND billing_cycle = current),待结算费用：SUM(call_logs WHERE created_at >= NOW() - INTERVAL '24h' AND billing_cycle = current),443,388,gb18030->utf8 x1,NO,REVIEW_CANDIDATE,所有受影响字段均完成整字段可逆转换，且引用/章节可定位；仍需人工确认
UA2-03186,user-agent,docs/SPEC-§22-用户端体验增强.md,source_section;source_quote;atomic_assertion,后端告警生成逻辑,濡傛灉璇ョ敤鎴锋寜鏃ョ粺璁★紙浠?consumption_logs 鍙栵級锛屽垯鑱氬悎閫昏緫鐩稿悓,濡傛灉璇ョ敤鎴锋寜鏃ョ粺璁★紙浠?consumption_logs 鍙栵級锛屽垯鑱氬悎閫昏緫鐩稿悓,,388,gb18030->utf8 x1,NO,MANUAL_REVIEW,至少一个受影响字段无法整字段安全转换，或完整源行不可读/不可定位，或存在复合断言
UA2-03187,user-agent,docs/SPEC-§22-用户端体验增强.md,source_quote;atomic_assertion,功能描述,閫氳繃 WebSocket 瀹炴椂鎺ㄩ€佺敤鎴锋渶鏂扮殑 API 璋冪敤璁板綍锛岃鐢ㄦ埛鍦ㄤ华琛ㄧ洏鐩存帴鐪嬪埌璋冪敤娴佸姩锛屽寮轰骇鍝?娲?鐨勪綋鎰熴€?,閫氳繃 WebSocket 瀹炴椂鎺ㄩ€佺敤鎴锋渶鏂扮殑 API 璋冪敤璁板綍锛岃鐢ㄦ埛鍦ㄤ华琛ㄧ洏鐩存帴鐪嬪埌璋冪敤娴佸姩锛屽寮轰骇鍝?娲?鐨勪綋鎰熴€?,,39;228;232;308;426;481;567;735;974;1213;1412;1659;1732;1837;1917;1966;2029,gb18030->utf8 x1,NO,MANUAL_REVIEW,至少一个受影响字段无法整字段安全转换，或完整源行不可读/不可定位，或存在复合断言
UA2-03188,user-agent,docs/SPEC-§22-用户端体验增强.md,source_quote;atomic_assertion,完成能力 / 展示效果,**鍗＄墖浣嶇疆锛?* 浠〃鐩樺簳閮ㄥ叏瀹藉尯鍩?,**鍗＄墖浣嶇疆锛?* 浠〃鐩樺簳閮ㄥ叏瀹藉尯鍩?,,42;235;311;429;484;570;750;977;1216;1415;1662;1735;1840;1920;1969;2032,gb18030->utf8 x1,NO,MANUAL_REVIEW,至少一个受影响字段无法整字段安全转换，或完整源行不可读/不可定位，或存在复合断言
UA2-03191,user-agent,docs/SPEC-§22-用户端体验增强.md,source_section,降级轮询,GET /api/v1/me/logs/recent?limit=20&since={lastId},GET /api/v1/me/logs/recent?limit=20&since={lastId},504;517,516,gb18030->utf8 x1,NO,REVIEW_CANDIDATE,所有受影响字段均完成整字段可逆转换，且引用/章节可定位；仍需人工确认
UA2-03192,user-agent,docs/SPEC-§22-用户端体验增强.md,source_section,降级轮询,"""activities"": [","""activities"": [",520,516,gb18030->utf8 x1,NO,REVIEW_CANDIDATE,所有受影响字段均完成整字段可逆转换，且引用/章节可定位；仍需人工确认
UA2-03193,user-agent,docs/SPEC-§22-用户端体验增强.md,source_section,降级轮询,"""id"": ""log_12345"",","""id"": ""log_12345"",",522,516,gb18030->utf8 x1,NO,REVIEW_CANDIDATE,所有受影响字段均完成整字段可逆转换，且引用/章节可定位；仍需人工确认
UA2-03194,user-agent,docs/SPEC-§22-用户端体验增强.md,source_section,降级轮询,"""model"": ""deepseek-chat"",","""model"": ""deepseek-chat"",",523;602;837,516,gb18030->utf8 x1,NO,REVIEW_CANDIDATE,所有受影响字段均完成整字段可逆转换，且引用/章节可定位；仍需人工确认
UA2-03195,user-agent,docs/SPEC-§22-用户端体验增强.md,source_section,降级轮询,"""inputTokens"": 256,","""inputTokens"": 256,",524;605,516,gb18030->utf8 x1,NO,REVIEW_CANDIDATE,所有受影响字段均完成整字段可逆转换，且引用/章节可定位；仍需人工确认
UA2-03196,user-agent,docs/SPEC-§22-用户端体验增强.md,source_section,降级轮询,"""outputTokens"": 1024,","""outputTokens"": 1024,",525;606,516,gb18030->utf8 x1,NO,REVIEW_CANDIDATE,所有受影响字段均完成整字段可逆转换，且引用/章节可定位；仍需人工确认
UA2-03197,user-agent,docs/SPEC-§22-用户端体验增强.md,source_section,降级轮询,"""cost"": 0.0008,","""cost"": 0.0008,",526,516,gb18030->utf8 x1,NO,REVIEW_CANDIDATE,所有受影响字段均完成整字段可逆转换，且引用/章节可定位；仍需人工确认
UA2-03198,user-agent,docs/SPEC-§22-用户端体验增强.md,source_section,降级轮询,"""status"": ""success"",","""status"": ""success"",",527;608,516,gb18030->utf8 x1,NO,REVIEW_CANDIDATE,所有受影响字段均完成整字段可逆转换，且引用/章节可定位；仍需人工确认
UA2-03199,user-agent,docs/SPEC-§22-用户端体验增强.md,source_section,降级轮询,"""errorMessage"": null,","""errorMessage"": null,",528,516,gb18030->utf8 x1,NO,REVIEW_CANDIDATE,所有受影响字段均完成整字段可逆转换，且引用/章节可定位；仍需人工确认
UA2-03200,user-agent,docs/SPEC-§22-用户端体验增强.md,source_section,降级轮询,"""timestamp"": ""2026-07-28T21:29:32Z"",","""timestamp"": ""2026-07-28T21:29:32Z"",",529,516,gb18030->utf8 x1,NO,REVIEW_CANDIDATE,所有受影响字段均完成整字段可逆转换，且引用/章节可定位；仍需人工确认
UA2-03201,user-agent,docs/SPEC-§22-用户端体验增强.md,source_section,降级轮询,"""duration"": 512","""duration"": 512",530;609,516,gb18030->utf8 x1,NO,REVIEW_CANDIDATE,所有受影响字段均完成整字段可逆转换，且引用/章节可定位；仍需人工确认
UA2-03202,user-agent,docs/SPEC-§22-用户端体验增强.md,source_section,降级轮询,"""hasMore"": true","""hasMore"": true",533,516,gb18030->utf8 x1,NO,REVIEW_CANDIDATE,所有受影响字段均完成整字段可逆转换，且引用/章节可定位；仍需人工确认
UA2-03203,user-agent,docs/SPEC-§22-用户端体验增强.md,source_section,降级轮询,interface LiveActivityFeedProps {,interface LiveActivityFeedProps {,540,516,gb18030->utf8 x1,NO,REVIEW_CANDIDATE,所有受影响字段均完成整字段可逆转换，且引用/章节可定位；仍需人工确认
UA2-03204,user-agent,docs/SPEC-§22-用户端体验增强.md,source_section,降级轮询,activities: ActivityItem[];,activities: ActivityItem[];,541,516,gb18030->utf8 x1,NO,REVIEW_CANDIDATE,所有受影响字段均完成整字段可逆转换，且引用/章节可定位；仍需人工确认
UA2-03205,user-agent,docs/SPEC-§22-用户端体验增强.md,source_section,降级轮询,paused: boolean;,paused: boolean;,542,516,gb18030->utf8 x1,NO,REVIEW_CANDIDATE,所有受影响字段均完成整字段可逆转换，且引用/章节可定位；仍需人工确认
UA2-03206,user-agent,docs/SPEC-§22-用户端体验增强.md,source_section,降级轮询,connectionMode: 'ws' | 'polling';,connectionMode: 'ws' | 'polling';,543,516,gb18030->utf8 x1,NO,REVIEW_CANDIDATE,所有受影响字段均完成整字段可逆转换，且引用/章节可定位；仍需人工确认
UA2-03207,user-agent,docs/SPEC-§22-用户端体验增强.md,source_section,降级轮询,onTogglePause: () => void;,onTogglePause: () => void;,544,516,gb18030->utf8 x1,NO,REVIEW_CANDIDATE,所有受影响字段均完成整字段可逆转换，且引用/章节可定位；仍需人工确认
UA2-03208,user-agent,docs/SPEC-§22-用户端体验增强.md,source_section,降级轮询,onClear: () => void;,onClear: () => void;,545;882,516,gb18030->utf8 x1,NO,REVIEW_CANDIDATE,所有受影响字段均完成整字段可逆转换，且引用/章节可定位；仍需人工确认
UA2-03209,user-agent,docs/SPEC-§22-用户端体验增强.md,source_section,降级轮询,onViewDetail: (id: string) => void;,onViewDetail: (id: string) => void;,546,516,gb18030->utf8 x1,NO,REVIEW_CANDIDATE,所有受影响字段均完成整字段可逆转换，且引用/章节可定位；仍需人工确认
UA2-03210,user-agent,docs/SPEC-§22-用户端体验增强.md,source_section,降级轮询,maxItems?: number;,maxItems?: number;,547,516,gb18030->utf8 x1,NO,REVIEW_CANDIDATE,所有受影响字段均完成整字段可逆转换，且引用/章节可定位；仍需人工确认
UA2-03211,user-agent,docs/SPEC-§22-用户端体验增强.md,source_section,降级轮询,// default 50,// default 50,547,516,gb18030->utf8 x1,NO,REVIEW_CANDIDATE,所有受影响字段均完成整字段可逆转换，且引用/章节可定位；仍需人工确认
UA2-03212,user-agent,docs/SPEC-§22-用户端体验增强.md,source_section,降级轮询,interface ActivityItem {,interface ActivityItem {,550,516,gb18030->utf8 x1,NO,REVIEW_CANDIDATE,所有受影响字段均完成整字段可逆转换，且引用/章节可定位；仍需人工确认
UA2-03213,user-agent,docs/SPEC-§22-用户端体验增强.md,source_section,降级轮询,id: string;,id: string;,377;551;910;1716,516,gb18030->utf8 x1,NO,REVIEW_CANDIDATE,所有受影响字段均完成整字段可逆转换，且引用/章节可定位；仍需人工确认
UA2-03214,user-agent,docs/SPEC-§22-用户端体验增强.md,source_section,降级轮询,model: string;,model: string;,552;935;1901,516,gb18030->utf8 x1,NO,REVIEW_CANDIDATE,所有受影响字段均完成整字段可逆转换，且引用/章节可定位；仍需人工确认
UA2-03215,user-agent,docs/SPEC-§22-用户端体验增强.md,source_section,降级轮询,inputTokens: number;,inputTokens: number;,553;927,516,gb18030->utf8 x1,NO,REVIEW_CANDIDATE,所有受影响字段均完成整字段可逆转换，且引用/章节可定位；仍需人工确认
UA2-03216,user-agent,docs/SPEC-§22-用户端体验增强.md,source_section,降级轮询,outputTokens: number;,outputTokens: number;,554;928,516,gb18030->utf8 x1,NO,REVIEW_CANDIDATE,所有受影响字段均完成整字段可逆转换，且引用/章节可定位；仍需人工确认
UA2-03217,user-agent,docs/SPEC-§22-用户端体验增强.md,source_section,降级轮询,cost: number;,cost: number;,555;929,516,gb18030->utf8 x1,NO,REVIEW_CANDIDATE,所有受影响字段均完成整字段可逆转换，且引用/章节可定位；仍需人工确认
UA2-03218,user-agent,docs/SPEC-§22-用户端体验增强.md,source_section,降级轮询,status: 'success' | 'error';,status: 'success' | 'error';,556,516,gb18030->utf8 x1,NO,REVIEW_CANDIDATE,所有受影响字段均完成整字段可逆转换，且引用/章节可定位；仍需人工确认
UA2-03219,user-agent,docs/SPEC-§22-用户端体验增强.md,source_section,降级轮询,errorMessage?: string;,errorMessage?: string;,557,516,gb18030->utf8 x1,NO,REVIEW_CANDIDATE,所有受影响字段均完成整字段可逆转换，且引用/章节可定位；仍需人工确认
UA2-03220,user-agent,docs/SPEC-§22-用户端体验增强.md,source_section,降级轮询,timestamp: string;,timestamp: string;,558,516,gb18030->utf8 x1,NO,REVIEW_CANDIDATE,所有受影响字段均完成整字段可逆转换，且引用/章节可定位；仍需人工确认
UA2-03221,user-agent,docs/SPEC-§22-用户端体验增强.md,source_section,降级轮询,duration: number;,duration: number;,559;930,516,gb18030->utf8 x1,NO,REVIEW_CANDIDATE,所有受影响字段均完成整字段可逆转换，且引用/章节可定位；仍需人工确认
UA2-03222,user-agent,docs/SPEC-§22-用户端体验增强.md,source_section;source_quote;atomic_assertion,降级轮询,"鈹屸攢 瀵煎嚭鐢ㄩ噺鏁版嵁 鈹€鈹€鈹€鈹€鈹€鈹€鈹€鈹€鈹€鈹€鈹€鈹€鈹€鈹€鈹€鈹€鈹€鈹€鈹€鈹€ [脳] 鈹€鈹?鈹?                                          鈹?鈹?鏃堕棿鑼冨洿                                  鈹?鈹?鈼?浠婃棩  鈼?鏈懆  鈼?鏈湀  鈼?鑷畾涔?       鈹?鈹?鑷畾涔夛細[2026-07-01] 鑷?[2026-07-28]     鈹?鈹?                                          鈹?鈹?鏁版嵁鑼冨洿                                  鈹?鈹?鈼?鍏ㄩ儴锛堣皟鐢?+ Token + 璐圭敤锛?            鈹?鈹?鈼?浠呰皟鐢ㄧ粺璁★紙鎸夋ā鍨嬫眹鎬伙級               鈹?鈹?鈼?浠呰垂鐢ㄦ槑缁嗭紙鎸夊ぉ姹囨€伙級                 鈹?鈹?                                          鈹?鈹?瀵煎嚭鏍煎紡                                  鈹?鈹?鈼?CSV锛圗xcel 鍏煎锛? 鈼?JSON              鈹?鈹?                                          鈹?鈹?鍖呭惈鍒楋紙CSV 鍙閫夛級                      鈹?鈹?鈽?鏃堕棿  鈽?妯″瀷  鈽?渚涘簲鍟?                鈹?鈹?鈽?API Key  鈽?杈撳叆 Token  鈽?杈撳嚭 Token   鈹?鈹?鈽?璐圭敤  鈽?鐘舵€? 鈽?鑰楁椂                   鈹?鈹?                                          鈹?鈹?馃搳 棰勪及瀵煎嚭 8,532 鏉¤褰?                鈹?鈹?鈿狅笍 鍗曟鏈€澶氬鍑?100,000 鏉?               鈹?鈹?                                          鈹?鈹?[鍙栨秷]                    [鐢熸垚瀵煎嚭鏂囦欢]  鈹?鈹斺攢鈹€鈹€鈹€鈹€鈹€鈹€鈹€鈹€鈹€鈹€鈹€鈹€鈹€鈹€鈹€鈹€鈹€鈹€鈹€鈹€鈹€鈹€鈹€鈹€鈹€鈹€鈹€鈹€鈹€鈹€鈹€鈹€鈹€鈹€鈹€鈹€鈹€鈹€鈹€鈹€鈹€鈹€鈹?","鈹屸攢 瀵煎嚭鐢ㄩ噺鏁版嵁 鈹€鈹€鈹€鈹€鈹€鈹€鈹€鈹€鈹€鈹€鈹€鈹€鈹€鈹€鈹€鈹€鈹€鈹€鈹€鈹€ [脳] 鈹€鈹?鈹?                                          鈹?鈹?鏃堕棿鑼冨洿                                  鈹?鈹?鈼?浠婃棩  鈼?鏈懆  鈼?鏈湀  鈼?鑷畾涔?       鈹?鈹?鑷畾涔夛細[2026-07-01] 鑷?[2026-07-28]     鈹?鈹?                                          鈹?鈹?鏁版嵁鑼冨洿                                  鈹?鈹?鈼?鍏ㄩ儴锛堣皟鐢?+ Token + 璐圭敤锛?            鈹?鈹?鈼?浠呰皟鐢ㄧ粺璁★紙鎸夋ā鍨嬫眹鎬伙級               鈹?鈹?鈼?浠呰垂鐢ㄦ槑缁嗭紙鎸夊ぉ姹囨€伙級                 鈹?鈹?                                          鈹?鈹?瀵煎嚭鏍煎紡                                  鈹?鈹?鈼?CSV锛圗xcel 鍏煎锛? 鈼?JSON              鈹?鈹?                                          鈹?鈹?鍖呭惈鍒楋紙CSV 鍙閫夛級                      鈹?鈹?鈽?鏃堕棿  鈽?妯″瀷  鈽?渚涘簲鍟?                鈹?鈹?鈽?API Key  鈽?杈撳叆 Token  鈽?杈撳嚭 Token   鈹?鈹?鈽?璐圭敤  鈽?鐘舵€? 鈽?鑰楁椂                   鈹?鈹?                                          鈹?鈹?馃搳 棰勪及瀵煎嚭 8,532 鏉¤褰?                鈹?鈹?鈿狅笍 鍗曟鏈€澶氬鍑?100,000 鏉?               鈹?鈹?                                          鈹?鈹?[鍙栨秷]                    [鐢熸垚瀵煎嚭鏂囦欢]  鈹?鈹斺攢鈹€鈹€鈹€鈹€鈹€鈹€鈹€鈹€鈹€鈹€鈹€鈹€鈹€鈹€鈹€鈹€鈹€鈹€鈹€鈹€鈹€鈹€鈹€鈹€鈹€鈹€鈹€鈹€鈹€鈹€鈹€鈹€鈹€鈹€鈹€鈹€鈹€鈹€鈹€鈹€鈹€鈹€鈹?",,516,gb18030->utf8 x1,NO,MANUAL_REVIEW,至少一个受影响字段无法整字段安全转换，或完整源行不可读/不可定位，或存在复合断言
UA2-03223,user-agent,docs/SPEC-§22-用户端体验增强.md,source_section;source_quote;atomic_assertion,降级轮询,"**瀵煎嚭娴佺▼锛堢偣鍑?鐢熸垚瀵煎嚭鏂囦欢""鍚庯級锛?*","**瀵煎嚭娴佺▼锛堢偣鍑?鐢熸垚瀵煎嚭鏂囦欢""鍚庯級锛?*",,516,gb18030->utf8 x1,NO,MANUAL_REVIEW,至少一个受影响字段无法整字段安全转换，或完整源行不可读/不可定位，或存在复合断言
UA2-03224,user-agent,docs/SPEC-§22-用户端体验增强.md,source_section;source_quote;atomic_assertion,降级轮询,1. 鍓嶇鍙戦€?`POST /api/v1/me/stats/export,1. 鍓嶇鍙戦€?`POST /api/v1/me/stats/export,,516,gb18030->utf8 x1,NO,MANUAL_REVIEW,至少一个受影响字段无法整字段安全转换，或完整源行不可读/不可定位，或存在复合断言
UA2-03225,user-agent,docs/SPEC-§22-用户端体验增强.md,source_section;source_quote;atomic_assertion,降级轮询,2. 鍚庣鏍￠獙 鈫?鏌ヨ鏁版嵁搴?鈫?娴佸紡鍐欏叆鏂囦欢鍒版湇鍔＄涓存椂鐩綍,2. 鍚庣鏍￠獙 鈫?鏌ヨ鏁版嵁搴?鈫?娴佸紡鍐欏叆鏂囦欢鍒版湇鍔＄涓存椂鐩綍,,516,gb18030->utf8 x1,NO,MANUAL_REVIEW,至少一个受影响字段无法整字段安全转换，或完整源行不可读/不可定位，或存在复合断言
UA2-03226,user-agent,docs/SPEC-§22-用户端体验增强.md,source_section;source_quote;atomic_assertion,降级轮询,3. 鏂囦欢鐢熸垚瀹屾瘯 鈫?杩斿洖棰勭鍚嶄笅杞介摼鎺ワ紙鏈夋晥鏈?30 鍒嗛挓锛?4. 鍓嶇寮圭獥鏇存柊锛?鉁?瀵煎嚭鏂囦欢宸茬敓鎴? + `[涓嬭浇 CSV]` 鎸夐挳,3. 鏂囦欢鐢熸垚瀹屾瘯 鈫?杩斿洖棰勭鍚嶄笅杞介摼鎺ワ紙鏈夋晥鏈?30 鍒嗛挓锛?4. 鍓嶇寮圭獥鏇存柊锛?鉁?瀵煎嚭鏂囦欢宸茬敓鎴? + `[涓嬭浇 CSV]` 鎸夐挳,,516,gb18030->utf8 x1,NO,MANUAL_REVIEW,至少一个受影响字段无法整字段安全转换，或完整源行不可读/不可定位，或存在复合断言
UA2-03227,user-agent,docs/SPEC-§22-用户端体验增强.md,source_section;source_quote;atomic_assertion,降级轮询,"5. 鐐瑰嚮""涓嬭浇""鈫?鏂囦欢鑷姩涓嬭浇锛屽脊绐楀叧闂?6. 鑻ョ敓鎴愯繃绋嬭秴杩?10 绉掞紝鍓嶇鏄剧ず杩涘害鎻愮ず""姝ｅ湪瀵煎嚭鏁版嵁锛岃绋嶅€?..""","5. 鐐瑰嚮""涓嬭浇""鈫?鏂囦欢鑷姩涓嬭浇锛屽脊绐楀叧闂?6. 鑻ョ敓鎴愯繃绋嬭秴杩?10 绉掞紝鍓嶇鏄剧ず杩涘害鎻愮ず""姝ｅ湪瀵煎嚭鏁版嵁锛岃绋嶅€?..""",,516,gb18030->utf8 x1,NO,MANUAL_REVIEW,至少一个受影响字段无法整字段安全转换，或完整源行不可读/不可定位，或存在复合断言
UA2-03228,user-agent,docs/SPEC-§22-用户端体验增强.md,source_section;source_quote;atomic_assertion,降级轮询,**鏂囦欢鏍煎紡锛?*,**鏂囦欢鏍煎紡锛?*,,516,gb18030->utf8 x1,NO,MANUAL_REVIEW,至少一个受影响字段无法整字段安全转换，或完整源行不可读/不可定位，或存在复合断言
UA2-03229,user-agent,docs/SPEC-§22-用户端体验增强.md,source_section;source_quote;atomic_assertion,降级轮询,CSV 绀轰緥锛圲TF-8 BOM锛屽吋瀹?Excel锛夛細,CSV 绀轰緥锛圲TF-8 BOM锛屽吋瀹?Excel锛夛細,,516,gb18030->utf8 x1,NO,MANUAL_REVIEW,至少一个受影响字段无法整字段安全转换，或完整源行不可读/不可定位，或存在复合断言
UA2-03230,user-agent,docs/SPEC-§22-用户端体验增强.md,source_section;source_quote;atomic_assertion,降级轮询,JSON 绀轰緥锛?```json,JSON 绀轰緥锛?```json,,516,gb18030->utf8 x1,NO,MANUAL_REVIEW,至少一个受影响字段无法整字段安全转换，或完整源行不可读/不可定位，或存在复合断言
UA2-03231,user-agent,docs/SPEC-§22-用户端体验增强.md,source_section,降级轮询,"""time"": ""2026-07-28T21:29:32+08:00"",","""time"": ""2026-07-28T21:29:32+08:00"",",601,516,gb18030->utf8 x1,NO,REVIEW_CANDIDATE,所有受影响字段均完成整字段可逆转换，且引用/章节可定位；仍需人工确认
UA2-03233,user-agent,docs/SPEC-§22-用户端体验增强.md,source_section,降级轮询,"""vendor"": ""DeepSeek"",","""vendor"": ""DeepSeek"",",603,516,gb18030->utf8 x1,NO,REVIEW_CANDIDATE,所有受影响字段均完成整字段可逆转换，且引用/章节可定位；仍需人工确认
UA2-03234,user-agent,docs/SPEC-§22-用户端体验增强.md,source_section,降级轮询,"""apiKey"": ""sk-3c-xxxx"",","""apiKey"": ""sk-3c-xxxx"",",604,516,gb18030->utf8 x1,NO,REVIEW_CANDIDATE,所有受影响字段均完成整字段可逆转换，且引用/章节可定位；仍需人工确认
UA2-03237,user-agent,docs/SPEC-§22-用户端体验增强.md,source_section,降级轮询,"""cost"": 0.0012,","""cost"": 0.0012,",607,516,gb18030->utf8 x1,NO,REVIEW_CANDIDATE,所有受影响字段均完成整字段可逆转换，且引用/章节可定位；仍需人工确认
UA2-03240,user-agent,docs/SPEC-§22-用户端体验增强.md,source_section,降级轮询,POST /api/v1/me/stats/export,POST /api/v1/me/stats/export,627;686;2063,516,gb18030->utf8 x1,NO,REVIEW_CANDIDATE,所有受影响字段均完成整字段可逆转换，且引用/章节可定位；仍需人工确认
UA2-03241,user-agent,docs/SPEC-§22-用户端体验增强.md,source_section,降级轮询,"""startDate"": ""2026-07-01"",","""startDate"": ""2026-07-01"",",630,516,gb18030->utf8 x1,NO,REVIEW_CANDIDATE,所有受影响字段均完成整字段可逆转换，且引用/章节可定位；仍需人工确认
UA2-03242,user-agent,docs/SPEC-§22-用户端体验增强.md,source_section,降级轮询,"""endDate"": ""2026-07-28"",","""endDate"": ""2026-07-28"",",631,516,gb18030->utf8 x1,NO,REVIEW_CANDIDATE,所有受影响字段均完成整字段可逆转换，且引用/章节可定位；仍需人工确认
UA2-03243,user-agent,docs/SPEC-§22-用户端体验增强.md,source_section,降级轮询,"""format"": ""csv"",                 // ""csv"" | ""json""","""format"": ""csv"",                 // ""csv"" | ""json""",632,516,gb18030->utf8 x1,NO,REVIEW_CANDIDATE,所有受影响字段均完成整字段可逆转换，且引用/章节可定位；仍需人工确认
UA2-03244,user-agent,docs/SPEC-§22-用户端体验增强.md,source_section,降级轮询,"""columns"": [""time"", ""model"", ""vendor"", ""apiKey"", ""inputTokens"", ""outputTokens"", ""cost"", ""status"", ""duration""],","""columns"": [""time"", ""model"", ""vendor"", ""apiKey"", ""inputTokens"", ""outputTokens"", ""cost"", ""status"", ""duration""],",633,516,gb18030->utf8 x1,NO,REVIEW_CANDIDATE,所有受影响字段均完成整字段可逆转换，且引用/章节可定位；仍需人工确认
UA2-03245,user-agent,docs/SPEC-§22-用户端体验增强.md,source_section,降级轮询,"""dataScope"": ""full"",             // ""full"" | ""summary_models"" | ""summary_daily""","""dataScope"": ""full"",             // ""full"" | ""summary_models"" | ""summary_daily""",634,516,gb18030->utf8 x1,NO,REVIEW_CANDIDATE,所有受影响字段均完成整字段可逆转换，且引用/章节可定位；仍需人工确认
UA2-03246,user-agent,docs/SPEC-§22-用户端体验增强.md,source_section;source_quote;atomic_assertion,降级轮询,"""apiKeyId"": null                 // 鍙€夛紝鎸?Key 绛涢€?}","""apiKeyId"": null                 // 鍙€夛紝鎸?Key 绛涢€?}",,516,gb18030->utf8 x1,NO,MANUAL_REVIEW,至少一个受影响字段无法整字段安全转换，或完整源行不可读/不可定位，或存在复合断言
UA2-03247,user-agent,docs/SPEC-§22-用户端体验增强.md,source_section;source_quote;atomic_assertion,降级轮询,鍚屾鍝嶅簲锛堚墹10000鏉★級锛?{,鍚屾鍝嶅簲锛堚墹10000鏉★級锛?{,,516,gb18030->utf8 x1,NO,MANUAL_REVIEW,至少一个受影响字段无法整字段安全转换，或完整源行不可读/不可定位，或存在复合断言
UA2-03248,user-agent,docs/SPEC-§22-用户端体验增强.md,source_section,降级轮询,"""status"": ""ready"",","""status"": ""ready"",",638,516,gb18030->utf8 x1,NO,REVIEW_CANDIDATE,所有受影响字段均完成整字段可逆转换，且引用/章节可定位；仍需人工确认
UA2-03249,user-agent,docs/SPEC-§22-用户端体验增强.md,source_section,降级轮询,"""downloadUrl"": ""https://cdn.3cloud.dev/exports/export_abc123.csv"",","""downloadUrl"": ""https://cdn.3cloud.dev/exports/export_abc123.csv"",",639,516,gb18030->utf8 x1,NO,REVIEW_CANDIDATE,所有受影响字段均完成整字段可逆转换，且引用/章节可定位；仍需人工确认
UA2-03250,user-agent,docs/SPEC-§22-用户端体验增强.md,source_section,降级轮询,"""expiresAt"": ""2026-07-28T22:00:00Z"",","""expiresAt"": ""2026-07-28T22:00:00Z"",",640,516,gb18030->utf8 x1,NO,REVIEW_CANDIDATE,所有受影响字段均完成整字段可逆转换，且引用/章节可定位；仍需人工确认
UA2-03251,user-agent,docs/SPEC-§22-用户端体验增强.md,source_section,降级轮询,"""recordCount"": 8532,","""recordCount"": 8532,",641,516,gb18030->utf8 x1,NO,REVIEW_CANDIDATE,所有受影响字段均完成整字段可逆转换，且引用/章节可定位；仍需人工确认
UA2-03252,user-agent,docs/SPEC-§22-用户端体验增强.md,source_section,降级轮询,"""fileSize"": 1254400              // bytes","""fileSize"": 1254400              // bytes",642,516,gb18030->utf8 x1,NO,REVIEW_CANDIDATE,所有受影响字段均完成整字段可逆转换，且引用/章节可定位；仍需人工确认
UA2-03253,user-agent,docs/SPEC-§22-用户端体验增强.md,source_section;source_quote;atomic_assertion,降级轮询,寮傛鍝嶅簲锛?10000鏉★級锛?{,寮傛鍝嶅簲锛?10000鏉★級锛?{,,516,gb18030->utf8 x1,NO,MANUAL_REVIEW,至少一个受影响字段无法整字段安全转换，或完整源行不可读/不可定位，或存在复合断言
UA2-03254,user-agent,docs/SPEC-§22-用户端体验增强.md,source_section,降级轮询,"""status"": ""processing"",","""status"": ""processing"",",646,516,gb18030->utf8 x1,NO,REVIEW_CANDIDATE,所有受影响字段均完成整字段可逆转换，且引用/章节可定位；仍需人工确认
UA2-03255,user-agent,docs/SPEC-§22-用户端体验增强.md,source_section,降级轮询,"""taskId"": ""export_task_xyz"",","""taskId"": ""export_task_xyz"",",647,516,gb18030->utf8 x1,NO,REVIEW_CANDIDATE,所有受影响字段均完成整字段可逆转换，且引用/章节可定位；仍需人工确认
UA2-03256,user-agent,docs/SPEC-§22-用户端体验增强.md,source_section;source_quote;atomic_assertion,降级轮询,"""estimatedTime"": 30              // 预计秒数","""estimatedTime"": 30              // 预计秒数",648,516,gb18030->utf8 x1,NO,REVIEW_CANDIDATE,所有受影响字段均完成整字段可逆转换，且引用/章节可定位；仍需人工确认
UA2-03257,user-agent,docs/SPEC-§22-用户端体验增强.md,source_section;source_quote;atomic_assertion,降级轮询,GET /api/v1/me/stats/export/:taskId/status     鈥?杞寮傛浠诲姟鐘舵€?鍝嶅簲锛?{,GET /api/v1/me/stats/export/:taskId/status     鈥?杞寮傛浠诲姟鐘舵€?鍝嶅簲锛?{,,516,gb18030->utf8 x1,NO,MANUAL_REVIEW,至少一个受影响字段无法整字段安全转换，或完整源行不可读/不可定位，或存在复合断言
UA2-03258,user-agent,docs/SPEC-§22-用户端体验增强.md,source_section,降级轮询,"""status"": ""processing"" | ""ready"" | ""failed"",","""status"": ""processing"" | ""ready"" | ""failed"",",652,516,gb18030->utf8 x1,NO,REVIEW_CANDIDATE,所有受影响字段均完成整字段可逆转换，且引用/章节可定位；仍需人工确认
UA2-03259,user-agent,docs/SPEC-§22-用户端体验增强.md,source_section,降级轮询,"""progress"": 65,                              // 0-100","""progress"": 65,                              // 0-100",653,516,gb18030->utf8 x1,NO,REVIEW_CANDIDATE,所有受影响字段均完成整字段可逆转换，且引用/章节可定位；仍需人工确认
UA2-03260,user-agent,docs/SPEC-§22-用户端体验增强.md,source_section;source_quote;atomic_assertion,降级轮询,"""downloadUrl"": null | ""https://..."",         // ready 鏃惰繑鍥?  ""errorMessage"": null | ""瀵煎嚭澶辫触锛氭煡璇㈣秴鏃?,","""downloadUrl"": null | ""https://..."",         // ready 鏃惰繑鍥?  ""errorMessage"": null | ""瀵煎嚭澶辫触锛氭煡璇㈣秴鏃?,",,516,gb18030->utf8 x1,NO,MANUAL_REVIEW,至少一个受影响字段无法整字段安全转换，或完整源行不可读/不可定位，或存在复合断言
UA2-03261,user-agent,docs/SPEC-§22-用户端体验增强.md,source_section,降级轮询,interface ExportDialogProps {,interface ExportDialogProps {,661;2086,516,gb18030->utf8 x1,NO,REVIEW_CANDIDATE,所有受影响字段均完成整字段可逆转换，且引用/章节可定位；仍需人工确认
UA2-03262,user-agent,docs/SPEC-§22-用户端体验增强.md,source_section,降级轮询,open: boolean;,open: boolean;,662;1352;2087,516,gb18030->utf8 x1,NO,REVIEW_CANDIDATE,所有受影响字段均完成整字段可逆转换，且引用/章节可定位；仍需人工确认
UA2-03263,user-agent,docs/SPEC-§22-用户端体验增强.md,source_section,降级轮询,defaultTimeRange?: 'today' | 'week' | 'month' | 'custom';,defaultTimeRange?: 'today' | 'week' | 'month' | 'custom';,663,516,gb18030->utf8 x1,NO,REVIEW_CANDIDATE,所有受影响字段均完成整字段可逆转换，且引用/章节可定位；仍需人工确认
UA2-03264,user-agent,docs/SPEC-§22-用户端体验增强.md,source_section,降级轮询,maxRecords: number;,maxRecords: number;,664,516,gb18030->utf8 x1,NO,REVIEW_CANDIDATE,所有受影响字段均完成整字段可逆转换，且引用/章节可定位；仍需人工确认
UA2-03265,user-agent,docs/SPEC-§22-用户端体验增强.md,source_section,降级轮询,// 100000,// 100000,664,516,gb18030->utf8 x1,NO,REVIEW_CANDIDATE,所有受影响字段均完成整字段可逆转换，且引用/章节可定位；仍需人工确认
UA2-03266,user-agent,docs/SPEC-§22-用户端体验增强.md,source_section,降级轮询,availableColumns: string[];,availableColumns: string[];,665,516,gb18030->utf8 x1,NO,REVIEW_CANDIDATE,所有受影响字段均完成整字段可逆转换，且引用/章节可定位；仍需人工确认
UA2-03267,user-agent,docs/SPEC-§22-用户端体验增强.md,source_section,降级轮询,onExport: (params: ExportParams) => void;,onExport: (params: ExportParams) => void;,666,516,gb18030->utf8 x1,NO,REVIEW_CANDIDATE,所有受影响字段均完成整字段可逆转换，且引用/章节可定位；仍需人工确认
UA2-03268,user-agent,docs/SPEC-§22-用户端体验增强.md,source_section,降级轮询,onClose: () => void;,onClose: () => void;,172;667;1357;2088,516,gb18030->utf8 x1,NO,REVIEW_CANDIDATE,所有受影响字段均完成整字段可逆转换，且引用/章节可定位；仍需人工确认
UA2-03269,user-agent,docs/SPEC-§22-用户端体验增强.md,source_section,降级轮询,exporting?: boolean;,exporting?: boolean;,668,516,gb18030->utf8 x1,NO,REVIEW_CANDIDATE,所有受影响字段均完成整字段可逆转换，且引用/章节可定位；仍需人工确认
UA2-03270,user-agent,docs/SPEC-§22-用户端体验增强.md,source_section,降级轮询,progress?: number;,progress?: number;,669,516,gb18030->utf8 x1,NO,REVIEW_CANDIDATE,所有受影响字段均完成整字段可逆转换，且引用/章节可定位；仍需人工确认
UA2-03271,user-agent,docs/SPEC-§22-用户端体验增强.md,source_section,降级轮询,downloadUrl?: string;,downloadUrl?: string;,670,516,gb18030->utf8 x1,NO,REVIEW_CANDIDATE,所有受影响字段均完成整字段可逆转换，且引用/章节可定位；仍需人工确认
UA2-03272,user-agent,docs/SPEC-§22-用户端体验增强.md,source_section,降级轮询,interface ExportParams {,interface ExportParams {,673,516,gb18030->utf8 x1,NO,REVIEW_CANDIDATE,所有受影响字段均完成整字段可逆转换，且引用/章节可定位；仍需人工确认
UA2-03273,user-agent,docs/SPEC-§22-用户端体验增强.md,source_section,降级轮询,startDate: string;,startDate: string;,674,516,gb18030->utf8 x1,NO,REVIEW_CANDIDATE,所有受影响字段均完成整字段可逆转换，且引用/章节可定位；仍需人工确认
UA2-03274,user-agent,docs/SPEC-§22-用户端体验增强.md,source_section,降级轮询,endDate: string;,endDate: string;,675,516,gb18030->utf8 x1,NO,REVIEW_CANDIDATE,所有受影响字段均完成整字段可逆转换，且引用/章节可定位；仍需人工确认
UA2-03275,user-agent,docs/SPEC-§22-用户端体验增强.md,source_section,降级轮询,format: 'csv' | 'json';,format: 'csv' | 'json';,676,516,gb18030->utf8 x1,NO,REVIEW_CANDIDATE,所有受影响字段均完成整字段可逆转换，且引用/章节可定位；仍需人工确认
UA2-03276,user-agent,docs/SPEC-§22-用户端体验增强.md,source_section,降级轮询,columns: string[];,columns: string[];,677,516,gb18030->utf8 x1,NO,REVIEW_CANDIDATE,所有受影响字段均完成整字段可逆转换，且引用/章节可定位；仍需人工确认
UA2-03277,user-agent,docs/SPEC-§22-用户端体验增强.md,source_section,降级轮询,dataScope: 'full' | 'summary_models' | 'summary_daily';,dataScope: 'full' | 'summary_models' | 'summary_daily';,678,516,gb18030->utf8 x1,NO,REVIEW_CANDIDATE,所有受影响字段均完成整字段可逆转换，且引用/章节可定位；仍需人工确认
UA2-03278,user-agent,docs/SPEC-§22-用户端体验增强.md,source_section,降级轮询,apiKeyId?: string;,apiKeyId?: string;,679,516,gb18030->utf8 x1,NO,REVIEW_CANDIDATE,所有受影响字段均完成整字段可逆转换，且引用/章节可定位；仍需人工确认
UA2-03279,user-agent,docs/SPEC-§22-用户端体验增强.md,source_section,降级轮询,POST /api/v1/me/stats/export:,POST /api/v1/me/stats/export:,686,516,gb18030->utf8 x1,NO,REVIEW_CANDIDATE,所有受影响字段均完成整字段可逆转换，且引用/章节可定位；仍需人工确认
UA2-03280,user-agent,docs/SPEC-§22-用户端体验增强.md,source_section,降级轮询,1. 鏍￠獙 JWT 鈫?鎻愬彇 userId,1. 鏍￠獙 JWT 鈫?鎻愬彇 userId,687,516,gb18030->utf8 x1,NO,REVIEW_CANDIDATE,所有受影响字段均完成整字段可逆转换，且引用/章节可定位；仍需人工确认
UA2-03281,user-agent,docs/SPEC-§22-用户端体验增强.md,source_section;source_quote;atomic_assertion,降级轮询,2. 鏍￠獙鏃堕棿鑼冨洿锛坰tartDate 鈮?endDate锛屼笉瓒呰繃 366 澶╋級,2. 鏍￠獙鏃堕棿鑼冨洿锛坰tartDate 鈮?endDate锛屼笉瓒呰繃 366 澶╋級,,516,gb18030->utf8 x1,NO,MANUAL_REVIEW,至少一个受影响字段无法整字段安全转换，或完整源行不可读/不可定位，或存在复合断言
UA2-03282,user-agent,docs/SPEC-§22-用户端体验增强.md,source_section;source_quote;atomic_assertion,降级轮询,"3. 鎵ц COUNT(*) 鏌ヨ棰勪及璁板綍鏁?  4. IF count > 100000 鈫?杩斿洖 422 {""error"":""EXCEED_LIMIT"",""limit"":100000,""actual"":count}","3. 鎵ц COUNT(*) 鏌ヨ棰勪及璁板綍鏁?  4. IF count > 100000 鈫?杩斿洖 422 {""error"":""EXCEED_LIMIT"",""limit"":100000,""actual"":count}",,516,gb18030->utf8 x1,NO,MANUAL_REVIEW,至少一个受影响字段无法整字段安全转换，或完整源行不可读/不可定位，或存在复合断言
UA2-03283,user-agent,docs/SPEC-§22-用户端体验增强.md,source_section;source_quote;atomic_assertion,降级轮询,5. IF count 鈮?10000 鈫?鍚屾娴佸紡鍐欏叆鏂囦欢锛岃繑鍥?downloadUrl,5. IF count 鈮?10000 鈫?鍚屾娴佸紡鍐欏叆鏂囦欢锛岃繑鍥?downloadUrl,,516,gb18030->utf8 x1,NO,MANUAL_REVIEW,至少一个受影响字段无法整字段安全转换，或完整源行不可读/不可定位，或存在复合断言
UA2-03284,user-agent,docs/SPEC-§22-用户端体验增强.md,source_section;source_quote;atomic_assertion,降级轮询,6. ELSE 鈫?鍒涘缓寮傛浠诲姟锛屽悗鍙板啓鍏ワ紝杩斿洖 taskId,6. ELSE 鈫?鍒涘缓寮傛浠诲姟锛屽悗鍙板啓鍏ワ紝杩斿洖 taskId,,516,gb18030->utf8 x1,NO,MANUAL_REVIEW,至少一个受影响字段无法整字段安全转换，或完整源行不可读/不可定位，或存在复合断言
UA2-03285,user-agent,docs/SPEC-§22-用户端体验增强.md,source_section;source_quote;atomic_assertion,降级轮询,7. 文件命名：export_{userId}_{timestamp}_{hash}.{csv|json},7. 文件命名：export_{userId}_{timestamp}_{hash}.{csv|json},692,516,gb18030->utf8 x1,NO,REVIEW_CANDIDATE,所有受影响字段均完成整字段可逆转换，且引用/章节可定位；仍需人工确认
UA2-03286,user-agent,docs/SPEC-§22-用户端体验增强.md,source_section;source_quote;atomic_assertion,降级轮询,8. 鏂囦欢涓存椂瀛樺偍锛氭湰鍦扮鐩?/tmp/exports/锛?0 鍒嗛挓杩囨湡鑷姩娓呯悊,8. 鏂囦欢涓存椂瀛樺偍锛氭湰鍦扮鐩?/tmp/exports/锛?0 鍒嗛挓杩囨湡鑷姩娓呯悊,,516,gb18030->utf8 x1,NO,MANUAL_REVIEW,至少一个受影响字段无法整字段安全转换，或完整源行不可读/不可定位，或存在复合断言
UA2-03287,user-agent,docs/SPEC-§22-用户端体验增强.md,source_section;source_quote;atomic_assertion,降级轮询,9. 涓嬭浇閾炬帴锛氶绛惧悕 URL锛屾湁鏁?30 鍒嗛挓,9. 涓嬭浇閾炬帴锛氶绛惧悕 URL锛屾湁鏁?30 鍒嗛挓,,516,gb18030->utf8 x1,NO,MANUAL_REVIEW,至少一个受影响字段无法整字段安全转换，或完整源行不可读/不可定位，或存在复合断言
UA2-03288,user-agent,docs/SPEC-§22-用户端体验增强.md,source_section;source_quote;atomic_assertion,降级轮询,"鈹屸攢鈹€ 宸︿晶闈㈡澘锛堣姹傜紪杈戝櫒锛?鈹€鈹€鈹€鈹€鈹€鈹€鈹攢鈹€ 鍙充晶闈㈡澘锛堝搷搴斿睍绀猴級 鈹€鈹€鈹€鈹€鈹€鈹€鈹€鈹?鈹?                               鈹?                             鈹?鈹?API Key                        鈹? 鍝嶅簲鍐呭                      鈹?鈹?[馃攽 鎴戠殑绗竴涓?Key 鈻糫        鈹? 鈹屸攢鈹€鈹€鈹€鈹€鈹€鈹€鈹€鈹€鈹€鈹€鈹€鈹€鈹€鈹€鈹€鈹€鈹€鈹€鈹€鈹€鈹€鈹€鈹€鈹?  鈹?鈹?                               鈹? 鈹?{                        鈹?  鈹?鈹?妯″瀷                           鈹? 鈹?  ""id"": ""chatcmpl-xxx"",  鈹?  鈹?鈹?[馃 deepseek-chat 鈻糫         鈹? 鈹?  ""choices"": [{          鈹?  鈹?鈹?                               鈹? 鈹?    ""message"": {         鈹?  鈹?鈹?璇锋眰妯″紡                       鈹? 鈹?      ""role"": ""..."",     鈹?  鈹?鈹?鈼?Chat  鈼?Embeddings  鈼?Rerank鈹? 鈹?      ""content"": ""...""   鈹?  鈹?鈹?                               鈹? 鈹?    }                    鈹?  鈹?鈹?娑堟伅锛圡essages锛?              鈹? 鈹?  }],                    鈹?  鈹?鈹?鈹屸攢鈹€鈹€鈹€鈹€鈹€鈹€鈹€鈹€鈹€鈹€鈹€鈹€鈹€鈹€鈹€鈹€鈹€鈹€鈹€鈹€鈹€鈹€鈹€鈹?   鈹? 鈹?  ""usage"": {...}         鈹?  鈹?鈹?鈹?system 鈻?               鈹?   鈹? 鈹?}                        鈹?  鈹?鈹?鈹?You are a helpful      鈹?   鈹? 鈹斺攢鈹€鈹€鈹€鈹€鈹€鈹€鈹€鈹€鈹€鈹€鈹€鈹€鈹€鈹€鈹€鈹€鈹€鈹€鈹€鈹€鈹€鈹€鈹€鈹?  鈹?鈹?鈹?assistant.             鈹?   鈹?                             鈹?鈹?鈹溾攢鈹€鈹€鈹€鈹€鈹€鈹€鈹€鈹€鈹€鈹€鈹€鈹€鈹€鈹€鈹€鈹€鈹€鈹€鈹€鈹€鈹€鈹€鈹€鈹?   鈹? 杈撳叆 Token:        256       鈹?鈹?鈹?user 鈻?                 鈹?   鈹? 杈撳嚭 Token:      1,024      鈹?鈹?鈹?浠€涔堟槸 AI锛?    脳     鈹?   鈹? 璐圭敤:           楼0.0012      鈹?鈹?鈹溾攢鈹€鈹€鈹€鈹€鈹€鈹€鈹€鈹€鈹€鈹€鈹€鈹€鈹€鈹€鈹€鈹€鈹€鈹€鈹€鈹€鈹€鈹€鈹€鈹?   鈹? 鑰楁椂:            512ms      鈹?鈹?鈹?[锛?娣诲姞娑堟伅]          鈹?   鈹?                             鈹?鈹?鈹斺攢鈹€鈹€鈹€鈹€鈹€鈹€鈹€鈹€鈹€鈹€鈹€鈹€鈹€鈹€鈹€鈹€鈹€鈹€鈹€鈹€鈹€鈹€鈹€鈹?   鈹? 馃搵 浠ｇ爜鐢熸垚                  鈹?鈹?                               鈹? [Python] [JS] [curl]        鈹?鈹?鍙傛暟                           鈹? 鈹屸攢鈹€鈹€鈹€鈹€鈹€鈹€鈹€鈹€鈹€鈹€鈹€鈹€鈹€鈹€鈹€鈹€鈹€鈹€鈹€鈹€鈹€鈹?  鈹?鈹?Temperature: [鈹佲攣鈹佲攣鈼忊攣鈹?0.7]    鈹? 鈹?import requests      鈹?  鈹?鈹?Max Tokens:  [2048       鈻糫   鈹? 鈹?...                  鈹?  鈹?鈹?Top P:       [鈹佲攣鈹佲攣鈼忊攣鈹?1.0]    鈹? 鈹?                     鈹?  鈹?鈹?Stream:      [鈼?寮€鍚痌         鈹? 鈹斺攢鈹€鈹€鈹€鈹€鈹€鈹€鈹€鈹€鈹€鈹€鈹€鈹€鈹€鈹€鈹€鈹€鈹€鈹€鈹€鈹€鈹€鈹?  鈹?鈹?                               鈹? [馃搵 澶嶅埗浠ｇ爜]              鈹?鈹?[鈻?鍙戦€佽姹俔  [馃棏 娓呯┖]       鈹?                             鈹?鈹?                               鈹?                             鈹?鈹斺攢鈹€鈹€鈹€鈹€鈹€鈹€鈹€鈹€鈹€鈹€鈹€鈹€鈹€鈹€鈹€鈹€鈹€鈹€鈹€鈹€鈹€鈹€鈹€鈹€鈹€鈹€鈹€鈹€鈹€鈹€鈹€鈹粹攢鈹€鈹€鈹€鈹€鈹€鈹€鈹€鈹€鈹€鈹€鈹€鈹€鈹€鈹€鈹€鈹€鈹€鈹€鈹€鈹€鈹€鈹€鈹€鈹€鈹€鈹€鈹€鈹€鈹€鈹?","鈹屸攢鈹€ 宸︿晶闈㈡澘锛堣姹傜紪杈戝櫒锛?鈹€鈹€鈹€鈹€鈹€鈹€鈹攢鈹€ 鍙充晶闈㈡澘锛堝搷搴斿睍绀猴級 鈹€鈹€鈹€鈹€鈹€鈹€鈹€鈹?鈹?                               鈹?                             鈹?鈹?API Key                        鈹? 鍝嶅簲鍐呭                      鈹?鈹?[馃攽 鎴戠殑绗竴涓?Key 鈻糫        鈹? 鈹屸攢鈹€鈹€鈹€鈹€鈹€鈹€鈹€鈹€鈹€鈹€鈹€鈹€鈹€鈹€鈹€鈹€鈹€鈹€鈹€鈹€鈹€鈹€鈹€鈹?  鈹?鈹?                               鈹? 鈹?{                        鈹?  鈹?鈹?妯″瀷                           鈹? 鈹?  ""id"": ""chatcmpl-xxx"",  鈹?  鈹?鈹?[馃 deepseek-chat 鈻糫         鈹? 鈹?  ""choices"": [{          鈹?  鈹?鈹?                               鈹? 鈹?    ""message"": {         鈹?  鈹?鈹?璇锋眰妯″紡                       鈹? 鈹?      ""role"": ""..."",     鈹?  鈹?鈹?鈼?Chat  鈼?Embeddings  鈼?Rerank鈹? 鈹?      ""content"": ""...""   鈹?  鈹?鈹?                               鈹? 鈹?    }                    鈹?  鈹?鈹?娑堟伅锛圡essages锛?              鈹? 鈹?  }],                    鈹?  鈹?鈹?鈹屸攢鈹€鈹€鈹€鈹€鈹€鈹€鈹€鈹€鈹€鈹€鈹€鈹€鈹€鈹€鈹€鈹€鈹€鈹€鈹€鈹€鈹€鈹€鈹€鈹?   鈹? 鈹?  ""usage"": {...}         鈹?  鈹?鈹?鈹?system 鈻?               鈹?   鈹? 鈹?}                        鈹?  鈹?鈹?鈹?You are a helpful      鈹?   鈹? 鈹斺攢鈹€鈹€鈹€鈹€鈹€鈹€鈹€鈹€鈹€鈹€鈹€鈹€鈹€鈹€鈹€鈹€鈹€鈹€鈹€鈹€鈹€鈹€鈹€鈹?  鈹?鈹?鈹?assistant.             鈹?   鈹?                             鈹?鈹?鈹溾攢鈹€鈹€鈹€鈹€鈹€鈹€鈹€鈹€鈹€鈹€鈹€鈹€鈹€鈹€鈹€鈹€鈹€鈹€鈹€鈹€鈹€鈹€鈹€鈹?   鈹? 杈撳叆 Token:        256       鈹?鈹?鈹?user 鈻?                 鈹?   鈹? 杈撳嚭 Token:      1,024      鈹?鈹?鈹?浠€涔堟槸 AI锛?    脳     鈹?   鈹? 璐圭敤:           楼0.0012      鈹?鈹?鈹溾攢鈹€鈹€鈹€鈹€鈹€鈹€鈹€鈹€鈹€鈹€鈹€鈹€鈹€鈹€鈹€鈹€鈹€鈹€鈹€鈹€鈹€鈹€鈹€鈹?   鈹? 鑰楁椂:            512ms      鈹?鈹?鈹?[锛?娣诲姞娑堟伅]          鈹?   鈹?                             鈹?鈹?鈹斺攢鈹€鈹€鈹€鈹€鈹€鈹€鈹€鈹€鈹€鈹€鈹€鈹€鈹€鈹€鈹€鈹€鈹€鈹€鈹€鈹€鈹€鈹€鈹€鈹?   鈹? 馃搵 浠ｇ爜鐢熸垚                  鈹?鈹?                               鈹? [Python] [JS] [curl]        鈹?鈹?鍙傛暟                           鈹? 鈹屸攢鈹€鈹€鈹€鈹€鈹€鈹€鈹€鈹€鈹€鈹€鈹€鈹€鈹€鈹€鈹€鈹€鈹€鈹€鈹€鈹€鈹€鈹?  鈹?鈹?Temperature: [鈹佲攣鈹佲攣鈼忊攣鈹?0.7]    鈹? 鈹?import requests      鈹?  鈹?鈹?Max Tokens:  [2048       鈻糫   鈹? 鈹?...                  鈹?  鈹?鈹?Top P:       [鈹佲攣鈹佲攣鈼忊攣鈹?1.0]    鈹? 鈹?                     鈹?  鈹?鈹?Stream:      [鈼?寮€鍚痌         鈹? 鈹斺攢鈹€鈹€鈹€鈹€鈹€鈹€鈹€鈹€鈹€鈹€鈹€鈹€鈹€鈹€鈹€鈹€鈹€鈹€鈹€鈹€鈹€鈹?  鈹?鈹?                               鈹? [馃搵 澶嶅埗浠ｇ爜]              鈹?鈹?[鈻?鍙戦€佽姹俔  [馃棏 娓呯┖]       鈹?                             鈹?鈹?                               鈹?                             鈹?鈹斺攢鈹€鈹€鈹€鈹€鈹€鈹€鈹€鈹€鈹€鈹€鈹€鈹€鈹€鈹€鈹€鈹€鈹€鈹€鈹€鈹€鈹€鈹€鈹€鈹€鈹€鈹€鈹€鈹€鈹€鈹€鈹€鈹粹攢鈹€鈹€鈹€鈹€鈹€鈹€鈹€鈹€鈹€鈹€鈹€鈹€鈹€鈹€鈹€鈹€鈹€鈹€鈹€鈹€鈹€鈹€鈹€鈹€鈹€鈹€鈹€鈹€鈹€鈹?",,516,gb18030->utf8 x1,NO,MANUAL_REVIEW,至少一个受影响字段无法整字段安全转换，或完整源行不可读/不可定位，或存在复合断言
UA2-03289,user-agent,docs/SPEC-§22-用户端体验增强.md,source_section;source_quote;atomic_assertion,鍚勭粍浠惰缁嗘晥鏋?,**API Key 选择器：**,**API Key 选择器：**,757,,gb18030->utf8 x1,NO,MANUAL_REVIEW,至少一个受影响字段无法整字段安全转换，或完整源行不可读/不可定位，或存在复合断言
UA2-03290,user-agent,docs/SPEC-§22-用户端体验增强.md,source_section;source_quote;atomic_assertion,鍚勭粍浠惰缁嗘晥鏋?,涓嬫媺妗嗘樉绀虹敤鎴锋墍鏈?`active` 鐘舵€?Key,涓嬫媺妗嗘樉绀虹敤鎴锋墍鏈?`active` 鐘舵€?Key,,,,NO,MANUAL_REVIEW,至少一个受影响字段无法整字段安全转换，或完整源行不可读/不可定位，或存在复合断言
UA2-03291,user-agent,docs/SPEC-§22-用户端体验增强.md,source_section;source_quote;atomic_assertion,鍚勭粍浠惰缁嗘晥鏋?,"鏍煎紡锛欿ey 鍚嶇О + 鎺╃爜鍓嶇紑锛堝 `鎴戠殑绗竴涓?Key 鈥?sk-3c-a1b2...x9y0`锛?- 榛樿閫変腑锛氭渶杩戜竴娆″湪 Playground 浣跨敤鐨?Key锛堝瓨鍌ㄥ湪鍓嶇 localStorage `playground_last_key`锛?- 鏃?Key 鏃讹細涓嬫媺妗嗘樉绀虹伆鑹叉枃瀛?璇峰厛鍒涘缓 API Key""锛屼笅鏂瑰嚭鐜伴摼鎺ユ寜閽?`[鍓嶅線鍒涘缓 鈫抅","鏍煎紡锛欿ey 鍚嶇О + 鎺╃爜鍓嶇紑锛堝 `鎴戠殑绗竴涓?Key 鈥?sk-3c-a1b2...x9y0`锛?- 榛樿閫変腑锛氭渶杩戜竴娆″湪 Playground 浣跨敤鐨?Key锛堝瓨鍌ㄥ湪鍓嶇 localStorage `playground_last_key`锛?- 鏃?Key 鏃讹細涓嬫媺妗嗘樉绀虹伆鑹叉枃瀛?璇峰厛鍒涘缓 API Key""锛屼笅鏂瑰嚭鐜伴摼鎺ユ寜閽?`[鍓嶅線鍒涘缓 鈫抅",,,,NO,MANUAL_REVIEW,至少一个受影响字段无法整字段安全转换，或完整源行不可读/不可定位，或存在复合断言
UA2-03292,user-agent,docs/SPEC-§22-用户端体验增强.md,source_section;source_quote;atomic_assertion,鍚勭粍浠惰缁嗘晥鏋?,涓嬫媺妗嗗彸渚ф湁 Key 鍒锋柊灏忔寜閽紙馃攧锛?,涓嬫媺妗嗗彸渚ф湁 Key 鍒锋柊灏忔寜閽紙馃攧锛?,,,,NO,MANUAL_REVIEW,至少一个受影响字段无法整字段安全转换，或完整源行不可读/不可定位，或存在复合断言
UA2-03293,user-agent,docs/SPEC-§22-用户端体验增强.md,source_section;source_quote;atomic_assertion,鍚勭粍浠惰缁嗘晥鏋?,**模型选择器：**,**模型选择器：**,761,,gb18030->utf8 x1,NO,MANUAL_REVIEW,至少一个受影响字段无法整字段安全转换，或完整源行不可读/不可定位，或存在复合断言
UA2-03294,user-agent,docs/SPEC-§22-用户端体验增强.md,source_section;source_quote;atomic_assertion,鍚勭粍浠惰缁嗘晥鏋?,支持搜索（输入模型名过滤，实时下拉）,支持搜索（输入模型名过滤，实时下拉）,762,,gb18030->utf8 x1,NO,MANUAL_REVIEW,至少一个受影响字段无法整字段安全转换，或完整源行不可读/不可定位，或存在复合断言
UA2-03295,user-agent,docs/SPEC-§22-用户端体验增强.md,source_section;source_quote;atomic_assertion,鍚勭粍浠惰缁嗘晥鏋?,鍒楄〃椤规樉绀猴細渚涘簲鍟?Logo + 妯″瀷鍚?+ context 绐楀彛澶у皬,鍒楄〃椤规樉绀猴細渚涘簲鍟?Logo + 妯″瀷鍚?+ context 绐楀彛澶у皬,,,,NO,MANUAL_REVIEW,至少一个受影响字段无法整字段安全转换，或完整源行不可读/不可定位，或存在复合断言
UA2-03296,user-agent,docs/SPEC-§22-用户端体验增强.md,source_section;source_quote;atomic_assertion,鍚勭粍浠惰缁嗘晥鏋?,閫変腑鍚庢樉绀哄湪杈撳叆妗嗕腑锛氫緵搴斿晢 Logo锛?2px锛? 妯″瀷鍚?- 榛樿閫変腑锛歚deepseek-chat`锛堝鏋滃彲鐢級锛屽惁鍒欏彇绗竴涓彲鐢ㄦā鍨?,閫変腑鍚庢樉绀哄湪杈撳叆妗嗕腑锛氫緵搴斿晢 Logo锛?2px锛? 妯″瀷鍚?- 榛樿閫変腑锛歚deepseek-chat`锛堝鏋滃彲鐢級锛屽惁鍒欏彇绗竴涓彲鐢ㄦā鍨?,,,,NO,MANUAL_REVIEW,至少一个受影响字段无法整字段安全转换，或完整源行不可读/不可定位，或存在复合断言
UA2-03297,user-agent,docs/SPEC-§22-用户端体验增强.md,source_section;source_quote;atomic_assertion,鍚勭粍浠惰缁嗘晥鏋?,**璇锋眰妯″紡鍒囨崲锛堜笁涓?Tab锛夛細**,**璇锋眰妯″紡鍒囨崲锛堜笁涓?Tab锛夛細**,,,,NO,MANUAL_REVIEW,至少一个受影响字段无法整字段安全转换，或完整源行不可读/不可定位，或存在复合断言
UA2-03298,user-agent,docs/SPEC-§22-用户端体验增强.md,source_section;source_quote;atomic_assertion,鍚勭粍浠惰缁嗘晥鏋?,"Chat Completions锛氶粯璁わ紝娑堟伅缂栬緫鍣ㄥ彲瑙?- Embeddings锛氭秷鎭紪杈戝櫒鏇挎崲涓哄崟琛屾枃鏈緭鍏ユ + ""杈撳叆鏂囨湰""","Chat Completions锛氶粯璁わ紝娑堟伅缂栬緫鍣ㄥ彲瑙?- Embeddings锛氭秷鎭紪杈戝櫒鏇挎崲涓哄崟琛屾枃鏈緭鍏ユ + ""杈撳叆鏂囨湰""",,,,NO,MANUAL_REVIEW,至少一个受影响字段无法整字段安全转换，或完整源行不可读/不可定位，或存在复合断言
UA2-03299,user-agent,docs/SPEC-§22-用户端体验增强.md,source_section;source_quote;atomic_assertion,鍚勭粍浠惰缁嗘晥鏋?,Rerank锛氭樉绀?Query + Documents 缂栬緫鍣?,Rerank锛氭樉绀?Query + Documents 缂栬緫鍣?,,,,NO,MANUAL_REVIEW,至少一个受影响字段无法整字段安全转换，或完整源行不可读/不可定位，或存在复合断言
UA2-03300,user-agent,docs/SPEC-§22-用户端体验增强.md,source_section;source_quote;atomic_assertion,鍚勭粍浠惰缁嗘晥鏋?,**消息编辑器（Chat 模式）：**,**消息编辑器（Chat 模式）：**,768,,gb18030->utf8 x1,NO,MANUAL_REVIEW,至少一个受影响字段无法整字段安全转换，或完整源行不可读/不可定位，或存在复合断言
UA2-03301,user-agent,docs/SPEC-§22-用户端体验增强.md,source_section;source_quote;atomic_assertion,鍚勭粍浠惰缁嗘晥鏋?,姣忔潯娑堟伅涓虹嫭绔嬪崱鐗囷紝鍙姌鍙?灞曞紑,姣忔潯娑堟伅涓虹嫭绔嬪崱鐗囷紝鍙姌鍙?灞曞紑,,,,NO,MANUAL_REVIEW,至少一个受影响字段无法整字段安全转换，或完整源行不可读/不可定位，或存在复合断言
UA2-03302,user-agent,docs/SPEC-§22-用户端体验增强.md,source_section;source_quote;atomic_assertion,鍚勭粍浠惰缁嗘晥鏋?,"Role 閫夋嫨鍣細`system` / `user` / `assistant`锛屽僵鑹叉爣绛惧尯鍒嗭紙绱壊/钃濊壊/缁胯壊锛?- 榛樿棰勮锛? 鏉?system 娑堟伅锛堝唴瀹?""You are a helpful assistant.""锛? 1 鏉?user 娑堟伅锛堢┖锛宲laceholder ""杈撳叆鎮ㄧ殑闂...""锛?- 姣忔潯娑堟伅鍙充笂瑙?`脳` 鎸夐挳鍒犻櫎璇ユ潯","Role 閫夋嫨鍣細`system` / `user` / `assistant`锛屽僵鑹叉爣绛惧尯鍒嗭紙绱壊/钃濊壊/缁胯壊锛?- 榛樿棰勮锛? 鏉?system 娑堟伅锛堝唴瀹?""You are a helpful assistant.""锛? 1 鏉?user 娑堟伅锛堢┖锛宲laceholder ""杈撳叆鎮ㄧ殑闂...""锛?- 姣忔潯娑堟伅鍙充笂瑙?`脳` 鎸夐挳鍒犻櫎璇ユ潯",,,,NO,MANUAL_REVIEW,至少一个受影响字段无法整字段安全转换，或完整源行不可读/不可定位，或存在复合断言
UA2-03303,user-agent,docs/SPEC-§22-用户端体验增强.md,source_section;source_quote;atomic_assertion,鍚勭粍浠惰缁嗘晥鏋?,鐐瑰嚮 `[+ 娣诲姞娑堟伅]`锛氬湪褰撳墠鏈€鍚庝竴鏉′笅鏂规彃鍏ユ柊鐨?user 瑙掕壊娑堟伅,鐐瑰嚮 `[+ 娣诲姞娑堟伅]`锛氬湪褰撳墠鏈€鍚庝竴鏉′笅鏂规彃鍏ユ柊鐨?user 瑙掕壊娑堟伅,,,,NO,MANUAL_REVIEW,至少一个受影响字段无法整字段安全转换，或完整源行不可读/不可定位，或存在复合断言
UA2-03304,user-agent,docs/SPEC-§22-用户端体验增强.md,source_section;source_quote;atomic_assertion,鍚勭粍浠惰缁嗘晥鏋?,蹇嵎閿?Ctrl+Enter 鈫?鍙戦€佽姹?,蹇嵎閿?Ctrl+Enter 鈫?鍙戦€佽姹?,,,,NO,MANUAL_REVIEW,至少一个受影响字段无法整字段安全转换，或完整源行不可读/不可定位，或存在复合断言
UA2-03305,user-agent,docs/SPEC-§22-用户端体验增强.md,source_section;source_quote;atomic_assertion,鍚勭粍浠惰缁嗘晥鏋?,**鍙傛暟闈㈡澘锛?*,**鍙傛暟闈㈡澘锛?*,,,,NO,MANUAL_REVIEW,至少一个受影响字段无法整字段安全转换，或完整源行不可读/不可定位，或存在复合断言
UA2-03306,user-agent,docs/SPEC-§22-用户端体验增强.md,source_section;source_quote;atomic_assertion,鍚勭粍浠惰缁嗘晥鏋?,Temperature锛氳寖鍥存粦鍧?0-2锛宻tep 0.1锛岄粯璁?0.7锛屽彸渚ф暟瀛楄緭鍏ユ,Temperature锛氳寖鍥存粦鍧?0-2锛宻tep 0.1锛岄粯璁?0.7锛屽彸渚ф暟瀛楄緭鍏ユ,,,,NO,MANUAL_REVIEW,至少一个受影响字段无法整字段安全转换，或完整源行不可读/不可定位，或存在复合断言
UA2-03307,user-agent,docs/SPEC-§22-用户端体验增强.md,source_section;source_quote;atomic_assertion,鍚勭粍浠惰缁嗘晥鏋?,Max Tokens锛氫笅鎷夐€夋嫨 128/256/512/1024/2048/4096锛屾垨鑷畾涔夎緭鍏ワ紝榛樿 2048,Max Tokens锛氫笅鎷夐€夋嫨 128/256/512/1024/2048/4096锛屾垨鑷畾涔夎緭鍏ワ紝榛樿 2048,,,,NO,MANUAL_REVIEW,至少一个受影响字段无法整字段安全转换，或完整源行不可读/不可定位，或存在复合断言
UA2-03308,user-agent,docs/SPEC-§22-用户端体验增强.md,source_section;source_quote;atomic_assertion,鍚勭粍浠惰缁嗘晥鏋?,Top P锛氳寖鍥存粦鍧?0-1锛宻tep 0.05锛岄粯璁?1.0,Top P锛氳寖鍥存粦鍧?0-1锛宻tep 0.05锛岄粯璁?1.0,,,,NO,MANUAL_REVIEW,至少一个受影响字段无法整字段安全转换，或完整源行不可读/不可定位，或存在复合断言
UA2-03309,user-agent,docs/SPEC-§22-用户端体验增强.md,source_section;source_quote;atomic_assertion,鍚勭粍浠惰缁嗘晥鏋?,Stream锛堝紑鍏筹級锛氶粯璁ゅ叧闂?,Stream锛堝紑鍏筹級锛氶粯璁ゅ叧闂?,,,,NO,MANUAL_REVIEW,至少一个受影响字段无法整字段安全转换，或完整源行不可读/不可定位，或存在复合断言
UA2-03310,user-agent,docs/SPEC-§22-用户端体验增强.md,source_section;source_quote;atomic_assertion,鍚勭粍浠惰缁嗘晥鏋?,**鍙戦€佽姹傛寜閽涓猴細**,**鍙戦€佽姹傛寜閽涓猴細**,,,,NO,MANUAL_REVIEW,至少一个受影响字段无法整字段安全转换，或完整源行不可读/不可定位，或存在复合断言
UA2-03311,user-agent,docs/SPEC-§22-用户端体验增强.md,source_section;source_quote;atomic_assertion,鍚勭粍浠惰缁嗘晥鏋?,榛樿锛氳摑鑹?`[鈻?鍙戦€佽姹俔,榛樿锛氳摑鑹?`[鈻?鍙戦€佽姹俔,,,,NO,MANUAL_REVIEW,至少一个受影响字段无法整字段安全转换，或完整源行不可读/不可定位，或存在复合断言
UA2-03312,user-agent,docs/SPEC-§22-用户端体验增强.md,source_section;source_quote;atomic_assertion,鍚勭粍浠惰缁嗘晥鏋?,鍙戦€佷腑锛氱伆鑹?`[鈼?璇锋眰涓?..]` + 鏃嬭浆 spinner锛屾寜閽?disabled,鍙戦€佷腑锛氱伆鑹?`[鈼?璇锋眰涓?..]` + 鏃嬭浆 spinner锛屾寜閽?disabled,,,,NO,MANUAL_REVIEW,至少一个受影响字段无法整字段安全转换，或完整源行不可读/不可定位，或存在复合断言
UA2-03313,user-agent,docs/SPEC-§22-用户端体验增强.md,source_section;source_quote;atomic_assertion,鍚勭粍浠惰缁嗘晥鏋?,娴佸紡鍙戦€佷腑锛氳剦鍔?`[鈼?Streaming...],娴佸紡鍙戦€佷腑锛氳剦鍔?`[鈼?Streaming...],,,,NO,MANUAL_REVIEW,至少一个受影响字段无法整字段安全转换，或完整源行不可读/不可定位，或存在复合断言
UA2-03314,user-agent,docs/SPEC-§22-用户端体验增强.md,source_section;source_quote;atomic_assertion,鍚勭粍浠惰缁嗘晥鏋?,娴佸紡缁撴潫锛氭仮澶嶈摑鑹?- 鍙戦€佸墠鏍￠獙锛?  - 鑷冲皯 1 鏉?user 娑堟伅,娴佸紡缁撴潫锛氭仮澶嶈摑鑹?- 鍙戦€佸墠鏍￠獙锛?  - 鑷冲皯 1 鏉?user 娑堟伅,,,,NO,MANUAL_REVIEW,至少一个受影响字段无法整字段安全转换，或完整源行不可读/不可定位，或存在复合断言
UA2-03315,user-agent,docs/SPEC-§22-用户端体验增强.md,source_section,鍚勭粍浠惰缁嗘晥鏋?,user 消息不能为空,user 消息不能为空,784,,gb18030->utf8 x1,NO,MANUAL_REVIEW,至少一个受影响字段无法整字段安全转换，或完整源行不可读/不可定位，或存在复合断言
UA2-03316,user-agent,docs/SPEC-§22-用户端体验增强.md,source_section;source_quote;atomic_assertion,鍚勭粍浠惰缁嗘晥鏋?,"Token 鏁帮紙绮楃暐浼扮畻锛夆墹 4,096 鈫?寮瑰嚭纭妗嗭細""杈撳叆 Token 绾?XXX锛岀‘瀹氬彂閫侊紵"" 涓嶉樆鏂?  - Token 鏁?> 4,096 鈫?闃绘柇锛?杈撳叆 Token 绾?XXX锛岃秴杩?4,096 闄愬埗锛岃缂╃煭娑堟伅""","Token 鏁帮紙绮楃暐浼扮畻锛夆墹 4,096 鈫?寮瑰嚭纭妗嗭細""杈撳叆 Token 绾?XXX锛岀‘瀹氬彂閫侊紵"" 涓嶉樆鏂?  - Token 鏁?> 4,096 鈫?闃绘柇锛?杈撳叆 Token 绾?XXX锛岃秴杩?4,096 闄愬埗锛岃缂╃煭娑堟伅""",,,,NO,MANUAL_REVIEW,至少一个受影响字段无法整字段安全转换，或完整源行不可读/不可定位，或存在复合断言
UA2-03317,user-agent,docs/SPEC-§22-用户端体验增强.md,source_section;source_quote;atomic_assertion,鍚勭粍浠惰缁嗘晥鏋?,**鍝嶅簲灞曠ず锛堝彸渚ч潰鏉匡級锛?*,**鍝嶅簲灞曠ず锛堝彸渚ч潰鏉匡級锛?*,,,,NO,MANUAL_REVIEW,至少一个受影响字段无法整字段安全转换，或完整源行不可读/不可定位，或存在复合断言
UA2-03318,user-agent,docs/SPEC-§22-用户端体验增强.md,source_section;source_quote;atomic_assertion,鍚勭粍浠惰缁嗘晥鏋?,**闈炴祦寮忓搷搴?*锛?  - 鍔犺浇鐘舵€侊細楠ㄦ灦灞忛棯鐑?  - 瀹屾垚鍚庯細鏍煎紡鍖栫殑 JSON 灞曠ず锛堣娉曢珮浜紝鍙姌鍙犺妭鐐癸級锛屼娇鐢ㄤ唬鐮侀珮浜粍浠?  - 搴曢儴缁熻鏍忥細杈撳叆 Token 鏁般€佽緭鍑?Token 鏁般€佽垂鐢紙楼0.XXXX锛夈€佽€楁椂锛坢s锛?  - 缁熻鏍忛鑹诧細鎴愬姛缁垮簳 / 澶辫触绾㈠簳,**闈炴祦寮忓搷搴?*锛?  - 鍔犺浇鐘舵€侊細楠ㄦ灦灞忛棯鐑?  - 瀹屾垚鍚庯細鏍煎紡鍖栫殑 JSON 灞曠ず锛堣娉曢珮浜紝鍙姌鍙犺妭鐐癸級锛屼娇鐢ㄤ唬鐮侀珮浜粍浠?  - 搴曢儴缁熻鏍忥細杈撳叆 Token 鏁般€佽緭鍑?Token 鏁般€佽垂鐢紙楼0.XXXX锛夈€佽€楁椂锛坢s锛?  - 缁熻鏍忛鑹诧細鎴愬姛缁垮簳 / 澶辫触绾㈠簳,,,,NO,MANUAL_REVIEW,至少一个受影响字段无法整字段安全转换，或完整源行不可读/不可定位，或存在复合断言
UA2-03319,user-agent,docs/SPEC-§22-用户端体验增强.md,source_section;source_quote;atomic_assertion,鍚勭粍浠惰缁嗘晥鏋?,**娴佸紡鍝嶅簲**锛?  - 瀹炴椂閫愬瓧杩藉姞鍐呭锛堟墦瀛楁満鏁堟灉锛夛紝鍏夋爣闂儊,**娴佸紡鍝嶅簲**锛?  - 瀹炴椂閫愬瓧杩藉姞鍐呭锛堟墦瀛楁満鏁堟灉锛夛紝鍏夋爣闂儊,,,,NO,MANUAL_REVIEW,至少一个受影响字段无法整字段安全转换，或完整源行不可读/不可定位，或存在复合断言
UA2-03320,user-agent,docs/SPEC-§22-用户端体验增强.md,source_section;source_quote;atomic_assertion,鍚勭粍浠惰缁嗘晥鏋?,娴佸紡缁撴潫鍚庢樉绀哄畬鏁村唴瀹?+ 缁熻,娴佸紡缁撴潫鍚庢樉绀哄畬鏁村唴瀹?+ 缁熻,,,,NO,MANUAL_REVIEW,至少一个受影响字段无法整字段安全转换，或完整源行不可读/不可定位，或存在复合断言
UA2-03321,user-agent,docs/SPEC-§22-用户端体验增强.md,source_section;source_quote;atomic_assertion,鍚勭粍浠惰缁嗘晥鏋?,"Stream 模式下用户可点击""停止生成""按钮中断","Stream 模式下用户可点击""停止生成""按钮中断",791,,gb18030->utf8 x1,NO,MANUAL_REVIEW,至少一个受影响字段无法整字段安全转换，或完整源行不可读/不可定位，或存在复合断言
UA2-03322,user-agent,docs/SPEC-§22-用户端体验增强.md,source_section;source_quote;atomic_assertion,鍚勭粍浠惰缁嗘晥鏋?,**澶辫触鍝嶅簲**锛?  - 绾㈣壊鑳屾櫙鍖烘樉绀猴細,**澶辫触鍝嶅簲**锛?  - 绾㈣壊鑳屾櫙鍖烘樉绀猴細,,,,NO,MANUAL_REVIEW,至少一个受影响字段无法整字段安全转换，或完整源行不可读/不可定位，或存在复合断言
UA2-03323,user-agent,docs/SPEC-§22-用户端体验增强.md,source_section;source_quote;atomic_assertion,鍚勭粍浠惰缁嗘晥鏋?,閿欒鐮佹槧灏勫埌鍙嬪ソ鏂囨锛?    | 閿欒鐮?| 鍙嬪ソ鏂囨 | 瑙ｅ喅鏂规 |,閿欒鐮佹槧灏勫埌鍙嬪ソ鏂囨锛?    | 閿欒鐮?| 鍙嬪ソ鏂囨 | 瑙ｅ喅鏂规 |,,,,NO,MANUAL_REVIEW,至少一个受影响字段无法整字段安全转换，或完整源行不可读/不可定位，或存在复合断言
UA2-03324,user-agent,docs/SPEC-§22-用户端体验增强.md,source_section,鍚勭粍浠惰缁嗘晥鏋?,`insufficient_balance`,`insufficient_balance`,,,,NO,MANUAL_REVIEW,至少一个受影响字段无法整字段安全转换，或完整源行不可读/不可定位，或存在复合断言
UA2-03325,user-agent,docs/SPEC-§22-用户端体验增强.md,source_section;source_quote;atomic_assertion,鍚勭粍浠惰缁嗘晥鏋?,余额不足,余额不足,,,gb18030->utf8 x1,NO,MANUAL_REVIEW,至少一个受影响字段无法整字段安全转换，或完整源行不可读/不可定位，或存在复合断言
UA2-03326,user-agent,docs/SPEC-§22-用户端体验增强.md,source_section;source_quote;atomic_assertion,鍚勭粍浠惰缁嗘晥鏋?,鍓嶅線鍏呭€?,鍓嶅線鍏呭€?,,,,NO,MANUAL_REVIEW,至少一个受影响字段无法整字段安全转换，或完整源行不可读/不可定位，或存在复合断言
UA2-03327,user-agent,docs/SPEC-§22-用户端体验增强.md,source_section,鍚勭粍浠惰缁嗘晥鏋?,`key_disabled`,`key_disabled`,,,,NO,MANUAL_REVIEW,至少一个受影响字段无法整字段安全转换，或完整源行不可读/不可定位，或存在复合断言
UA2-03328,user-agent,docs/SPEC-§22-用户端体验增强.md,source_section;source_quote;atomic_assertion,鍚勭粍浠惰缁嗘晥鏋?,API Key 宸茬鐢?,API Key 宸茬鐢?,,,,NO,MANUAL_REVIEW,至少一个受影响字段无法整字段安全转换，或完整源行不可读/不可定位，或存在复合断言
UA2-03329,user-agent,docs/SPEC-§22-用户端体验增强.md,source_section;source_quote;atomic_assertion,鍚勭粍浠惰缁嗘晥鏋?,启用 Key 或创建新 Key,启用 Key 或创建新 Key,,,gb18030->utf8 x1,NO,MANUAL_REVIEW,至少一个受影响字段无法整字段安全转换，或完整源行不可读/不可定位，或存在复合断言
UA2-03330,user-agent,docs/SPEC-§22-用户端体验增强.md,source_section,鍚勭粍浠惰缁嗘晥鏋?,`model_unavailable`,`model_unavailable`,804,,,NO,MANUAL_REVIEW,至少一个受影响字段无法整字段安全转换，或完整源行不可读/不可定位，或存在复合断言
UA2-03331,user-agent,docs/SPEC-§22-用户端体验增强.md,source_section;source_quote;atomic_assertion,鍚勭粍浠惰缁嗘晥鏋?,模型暂不可用,模型暂不可用,804,,gb18030->utf8 x1,NO,MANUAL_REVIEW,至少一个受影响字段无法整字段安全转换，或完整源行不可读/不可定位，或存在复合断言
UA2-03332,user-agent,docs/SPEC-§22-用户端体验增强.md,source_section;source_quote;atomic_assertion,鍚勭粍浠惰缁嗘晥鏋?,选择其他可用模型,选择其他可用模型,804,,gb18030->utf8 x1,NO,MANUAL_REVIEW,至少一个受影响字段无法整字段安全转换，或完整源行不可读/不可定位，或存在复合断言
UA2-03333,user-agent,docs/SPEC-§22-用户端体验增强.md,source_section,鍚勭粍浠惰缁嗘晥鏋?,`timeout`,`timeout`,,,,NO,MANUAL_REVIEW,至少一个受影响字段无法整字段安全转换，或完整源行不可读/不可定位，或存在复合断言
UA2-03334,user-agent,docs/SPEC-§22-用户端体验增强.md,source_section;source_quote;atomic_assertion,鍚勭粍浠惰缁嗘晥鏋?,璇锋眰瓒呮椂锛?0 绉掞級,璇锋眰瓒呮椂锛?0 绉掞級,,,,NO,MANUAL_REVIEW,至少一个受影响字段无法整字段安全转换，或完整源行不可读/不可定位，或存在复合断言
UA2-03335,user-agent,docs/SPEC-§22-用户端体验增强.md,source_section,鍚勭粍浠惰缁嗘晥鏋?,缂╃煭娑堟伅鎴栭檷浣?max_tokens,缂╃煭娑堟伅鎴栭檷浣?max_tokens,,,,NO,MANUAL_REVIEW,至少一个受影响字段无法整字段安全转换，或完整源行不可读/不可定位，或存在复合断言
UA2-03336,user-agent,docs/SPEC-§22-用户端体验增强.md,source_section,鍚勭粍浠惰缁嗘晥鏋?,`server_error`,`server_error`,,,,NO,MANUAL_REVIEW,至少一个受影响字段无法整字段安全转换，或完整源行不可读/不可定位，或存在复合断言
UA2-03337,user-agent,docs/SPEC-§22-用户端体验增强.md,source_section;source_quote;atomic_assertion,鍚勭粍浠惰缁嗘晥鏋?,服务异常,服务异常,,,gb18030->utf8 x1,NO,MANUAL_REVIEW,至少一个受影响字段无法整字段安全转换，或完整源行不可读/不可定位，或存在复合断言
UA2-03338,user-agent,docs/SPEC-§22-用户端体验增强.md,source_section;source_quote;atomic_assertion,鍚勭粍浠惰缁嗘晥鏋?,绋嶅悗閲嶈瘯锛屽凡閫氱煡鎶€鏈洟闃?,绋嶅悗閲嶈瘯锛屽凡閫氱煡鎶€鏈洟闃?,,,,NO,MANUAL_REVIEW,至少一个受影响字段无法整字段安全转换，或完整源行不可读/不可定位，或存在复合断言
UA2-03339,user-agent,docs/SPEC-§22-用户端体验增强.md,source_section,鍚勭粍浠惰缁嗘晥鏋?,`input_too_long`,`input_too_long`,807,,,NO,MANUAL_REVIEW,至少一个受影响字段无法整字段安全转换，或完整源行不可读/不可定位，或存在复合断言
UA2-03340,user-agent,docs/SPEC-§22-用户端体验增强.md,source_section,鍚勭粍浠惰缁嗘晥鏋?,输入超出限制,输入超出限制,,,gb18030->utf8 x1,NO,MANUAL_REVIEW,至少一个受影响字段无法整字段安全转换，或完整源行不可读/不可定位，或存在复合断言
UA2-03341,user-agent,docs/SPEC-§22-用户端体验增强.md,source_section;source_quote;atomic_assertion,鍚勭粍浠惰缁嗘晥鏋?,缩短消息内容,缩短消息内容,807,,gb18030->utf8 x1,NO,MANUAL_REVIEW,至少一个受影响字段无法整字段安全转换，或完整源行不可读/不可定位，或存在复合断言
UA2-03342,user-agent,docs/SPEC-§22-用户端体验增强.md,source_section;source_quote;atomic_assertion,鍚勭粍浠惰缁嗘晥鏋?,**代码生成器：**,**代码生成器：**,809,,gb18030->utf8 x1,NO,MANUAL_REVIEW,至少一个受影响字段无法整字段安全转换，或完整源行不可读/不可定位，或存在复合断言
UA2-03343,user-agent,docs/SPEC-§22-用户端体验增强.md,source_section;source_quote;atomic_assertion,鍚勭粍浠惰缁嗘晥鏋?,三个语言 Tab：`[Python]` `[JavaScript]` `[cURL],三个语言 Tab：`[Python]` `[JavaScript]` `[cURL],810,,gb18030->utf8 x1,NO,MANUAL_REVIEW,至少一个受影响字段无法整字段安全转换，或完整源行不可读/不可定位，或存在复合断言
UA2-03344,user-agent,docs/SPEC-§22-用户端体验增强.md,source_section;source_quote;atomic_assertion,鍚勭粍浠惰缁嗘晥鏋?,鍒囨崲 Tab 鈫?浠ｇ爜鍐呭鏇存柊,鍒囨崲 Tab 鈫?浠ｇ爜鍐呭鏇存柊,,,,NO,MANUAL_REVIEW,至少一个受影响字段无法整字段安全转换，或完整源行不可读/不可定位，或存在复合断言
UA2-03345,user-agent,docs/SPEC-§22-用户端体验增强.md,source_section;source_quote;atomic_assertion,鍚勭粍浠惰缁嗘晥鏋?,生成的代码基于当前请求参数：,生成的代码基于当前请求参数：,812,,gb18030->utf8 x1,NO,MANUAL_REVIEW,至少一个受影响字段无法整字段安全转换，或完整源行不可读/不可定位，或存在复合断言
UA2-03346,user-agent,docs/SPEC-§22-用户端体验增强.md,source_section,鍚勭粍浠惰缁嗘晥鏋?,API URL 固定 `https://api.3cloud.dev/v1/chat/completions,API URL 固定 `https://api.3cloud.dev/v1/chat/completions,813,,gb18030->utf8 x1,NO,MANUAL_REVIEW,至少一个受影响字段无法整字段安全转换，或完整源行不可读/不可定位，或存在复合断言
UA2-03347,user-agent,docs/SPEC-§22-用户端体验增强.md,source_section;source_quote;atomic_assertion,鍚勭粍浠惰缁嗘晥鏋?,璁よ瘉澶村寘鍚綋鍓嶉€変腑鐨勫畬鏁?API Key锛堥娆″睍绀猴紝鍚庣画鍙敤鎺╃爜锛?  - 璇锋眰浣撳寘鍚綋鍓?messages 鍜?parameters,璁よ瘉澶村寘鍚綋鍓嶉€変腑鐨勫畬鏁?API Key锛堥娆″睍绀猴紝鍚庣画鍙敤鎺╃爜锛?  - 璇锋眰浣撳寘鍚綋鍓?messages 鍜?parameters,,,,NO,MANUAL_REVIEW,至少一个受影响字段无法整字段安全转换，或完整源行不可读/不可定位，或存在复合断言
UA2-03348,user-agent,docs/SPEC-§22-用户端体验增强.md,source_section;source_quote;atomic_assertion,鍚勭粍浠惰缁嗘晥鏋?,"浠ｇ爜鍖哄煙锛氭繁鑹茶儗鏅紙`#1e1e1e`锛夛紝璇硶楂樹寒锛岀瓑瀹藉瓧浣?- `[馃搵 澶嶅埗浠ｇ爜]` 鎸夐挳锛氱偣鍑诲鍒?鈫?Toast 寮瑰嚭""鉁?宸插鍒跺埌鍓创鏉?锛? 绉掓秷澶憋級","浠ｇ爜鍖哄煙锛氭繁鑹茶儗鏅紙`#1e1e1e`锛夛紝璇硶楂樹寒锛岀瓑瀹藉瓧浣?- `[馃搵 澶嶅埗浠ｇ爜]` 鎸夐挳锛氱偣鍑诲鍒?鈫?Toast 寮瑰嚭""鉁?宸插鍒跺埌鍓创鏉?锛? 绉掓秷澶憋級",,,,NO,MANUAL_REVIEW,至少一个受影响字段无法整字段安全转换，或完整源行不可读/不可定位，或存在复合断言
UA2-03349,user-agent,docs/SPEC-§22-用户端体验增强.md,source_section,鍚勭粍浠惰缁嗘晥鏋?,复制使用 `navigator.clipboard.writeText(),复制使用 `navigator.clipboard.writeText(),816,,gb18030->utf8 x1,NO,MANUAL_REVIEW,至少一个受影响字段无法整字段安全转换，或完整源行不可读/不可定位，或存在复合断言
UA2-03350,user-agent,docs/SPEC-§22-用户端体验增强.md,source_section;source_quote;atomic_assertion,API 接口,// UserPlayground 鈥?椤甸潰瀹瑰櫒,// UserPlayground 鈥?椤甸潰瀹瑰櫒,,140;268;331;446;506;624;829;1139;1306;1488;1694;1776;1870;1938;1993,gb18030->utf8 x1,NO,MANUAL_REVIEW,至少一个受影响字段无法整字段安全转换，或完整源行不可读/不可定位，或存在复合断言
UA2-03351,user-agent,docs/SPEC-§22-用户端体验增强.md,source_section,API 接口,interface UserPlaygroundProps {,interface UserPlaygroundProps {,859,140;268;331;446;506;624;829;1139;1306;1488;1694;1776;1870;1938;1993,gb18030->utf8 x1,NO,REVIEW_CANDIDATE,所有受影响字段均完成整字段可逆转换，且引用/章节可定位；仍需人工确认
UA2-03352,user-agent,docs/SPEC-§22-用户端体验增强.md,source_section,API 接口,apiKeys: ApiKey[];,apiKeys: ApiKey[];,860,140;268;331;446;506;624;829;1139;1306;1488;1694;1776;1870;1938;1993,gb18030->utf8 x1,NO,REVIEW_CANDIDATE,所有受影响字段均完成整字段可逆转换，且引用/章节可定位；仍需人工确认
UA2-03353,user-agent,docs/SPEC-§22-用户端体验增强.md,source_section,API 接口,models: Model[];,models: Model[];,861,140;268;331;446;506;624;829;1139;1306;1488;1694;1776;1870;1938;1993,gb18030->utf8 x1,NO,REVIEW_CANDIDATE,所有受影响字段均完成整字段可逆转换，且引用/章节可定位；仍需人工确认
UA2-03354,user-agent,docs/SPEC-§22-用户端体验增强.md,source_section,API 接口,defaultKey?: string;,defaultKey?: string;,862,140;268;331;446;506;624;829;1139;1306;1488;1694;1776;1870;1938;1993,gb18030->utf8 x1,NO,REVIEW_CANDIDATE,所有受影响字段均完成整字段可逆转换，且引用/章节可定位；仍需人工确认
UA2-03355,user-agent,docs/SPEC-§22-用户端体验增强.md,source_section,API 接口,defaultModel?: string;,defaultModel?: string;,863,140;268;331;446;506;624;829;1139;1306;1488;1694;1776;1870;1938;1993,gb18030->utf8 x1,NO,REVIEW_CANDIDATE,所有受影响字段均完成整字段可逆转换，且引用/章节可定位；仍需人工确认
UA2-03356,user-agent,docs/SPEC-§22-用户端体验增强.md,source_section;source_quote;atomic_assertion,API 接口,// RequestEditor 鈥?宸︿晶璇锋眰缂栬緫闈㈡澘,// RequestEditor 鈥?宸︿晶璇锋眰缂栬緫闈㈡澘,,140;268;331;446;506;624;829;1139;1306;1488;1694;1776;1870;1938;1993,gb18030->utf8 x1,NO,MANUAL_REVIEW,至少一个受影响字段无法整字段安全转换，或完整源行不可读/不可定位，或存在复合断言
UA2-03357,user-agent,docs/SPEC-§22-用户端体验增强.md,source_section,API 接口,interface RequestEditorProps {,interface RequestEditorProps {,867,140;268;331;446;506;624;829;1139;1306;1488;1694;1776;1870;1938;1993,gb18030->utf8 x1,NO,REVIEW_CANDIDATE,所有受影响字段均完成整字段可逆转换，且引用/章节可定位；仍需人工确认
UA2-03358,user-agent,docs/SPEC-§22-用户端体验增强.md,source_section,API 接口,selectedKey: string;,selectedKey: string;,868,140;268;331;446;506;624;829;1139;1306;1488;1694;1776;1870;1938;1993,gb18030->utf8 x1,NO,REVIEW_CANDIDATE,所有受影响字段均完成整字段可逆转换，且引用/章节可定位；仍需人工确认
UA2-03359,user-agent,docs/SPEC-§22-用户端体验增强.md,source_section,API 接口,// apiKeyId,// apiKeyId,868,140;268;331;446;506;624;829;1139;1306;1488;1694;1776;1870;1938;1993,gb18030->utf8 x1,NO,REVIEW_CANDIDATE,所有受影响字段均完成整字段可逆转换，且引用/章节可定位；仍需人工确认
UA2-03360,user-agent,docs/SPEC-§22-用户端体验增强.md,source_section,API 接口,selectedModel: string;,selectedModel: string;,869,140;268;331;446;506;624;829;1139;1306;1488;1694;1776;1870;1938;1993,gb18030->utf8 x1,NO,REVIEW_CANDIDATE,所有受影响字段均完成整字段可逆转换，且引用/章节可定位；仍需人工确认
UA2-03361,user-agent,docs/SPEC-§22-用户端体验增强.md,source_section,API 接口,// model slug,// model slug,869,140;268;331;446;506;624;829;1139;1306;1488;1694;1776;1870;1938;1993,gb18030->utf8 x1,NO,REVIEW_CANDIDATE,所有受影响字段均完成整字段可逆转换，且引用/章节可定位；仍需人工确认
UA2-03362,user-agent,docs/SPEC-§22-用户端体验增强.md,source_section,API 接口,requestMode: 'chat' | 'embedding' | 'rerank';,requestMode: 'chat' | 'embedding' | 'rerank';,870,140;268;331;446;506;624;829;1139;1306;1488;1694;1776;1870;1938;1993,gb18030->utf8 x1,NO,REVIEW_CANDIDATE,所有受影响字段均完成整字段可逆转换，且引用/章节可定位；仍需人工确认
UA2-03363,user-agent,docs/SPEC-§22-用户端体验增强.md,source_section,API 接口,messages: ChatMessage[];,messages: ChatMessage[];,871;936,140;268;331;446;506;624;829;1139;1306;1488;1694;1776;1870;1938;1993,gb18030->utf8 x1,NO,REVIEW_CANDIDATE,所有受影响字段均完成整字段可逆转换，且引用/章节可定位；仍需人工确认
UA2-03364,user-agent,docs/SPEC-§22-用户端体验增强.md,source_section,API 接口,// Chat 模式,// Chat 模式,871,140;268;331;446;506;624;829;1139;1306;1488;1694;1776;1870;1938;1993,gb18030->utf8 x1,NO,REVIEW_CANDIDATE,所有受影响字段均完成整字段可逆转换，且引用/章节可定位；仍需人工确认
UA2-03365,user-agent,docs/SPEC-§22-用户端体验增强.md,source_section,API 接口,textInput: string;,textInput: string;,872,140;268;331;446;506;624;829;1139;1306;1488;1694;1776;1870;1938;1993,gb18030->utf8 x1,NO,REVIEW_CANDIDATE,所有受影响字段均完成整字段可逆转换，且引用/章节可定位；仍需人工确认
UA2-03366,user-agent,docs/SPEC-§22-用户端体验增强.md,source_section,API 接口,// Embedding 模式,// Embedding 模式,872,140;268;331;446;506;624;829;1139;1306;1488;1694;1776;1870;1938;1993,gb18030->utf8 x1,NO,REVIEW_CANDIDATE,所有受影响字段均完成整字段可逆转换，且引用/章节可定位；仍需人工确认
UA2-03367,user-agent,docs/SPEC-§22-用户端体验增强.md,source_section,API 接口,queryInput: string;,queryInput: string;,873,140;268;331;446;506;624;829;1139;1306;1488;1694;1776;1870;1938;1993,gb18030->utf8 x1,NO,REVIEW_CANDIDATE,所有受影响字段均完成整字段可逆转换，且引用/章节可定位；仍需人工确认
UA2-03368,user-agent,docs/SPEC-§22-用户端体验增强.md,source_section,API 接口,// Rerank 模式,// Rerank 模式,873;874,140;268;331;446;506;624;829;1139;1306;1488;1694;1776;1870;1938;1993,gb18030->utf8 x1,NO,REVIEW_CANDIDATE,所有受影响字段均完成整字段可逆转换，且引用/章节可定位；仍需人工确认
UA2-03369,user-agent,docs/SPEC-§22-用户端体验增强.md,source_section,API 接口,documentInputs: string[];,documentInputs: string[];,874,140;268;331;446;506;624;829;1139;1306;1488;1694;1776;1870;1938;1993,gb18030->utf8 x1,NO,REVIEW_CANDIDATE,所有受影响字段均完成整字段可逆转换，且引用/章节可定位；仍需人工确认
UA2-03371,user-agent,docs/SPEC-§22-用户端体验增强.md,source_section,API 接口,parameters: RequestParameters;,parameters: RequestParameters;,875;937,140;268;331;446;506;624;829;1139;1306;1488;1694;1776;1870;1938;1993,gb18030->utf8 x1,NO,REVIEW_CANDIDATE,所有受影响字段均完成整字段可逆转换，且引用/章节可定位；仍需人工确认
UA2-03372,user-agent,docs/SPEC-§22-用户端体验增强.md,source_section,API 接口,onKeyChange: (keyId: string) => void;,onKeyChange: (keyId: string) => void;,876,140;268;331;446;506;624;829;1139;1306;1488;1694;1776;1870;1938;1993,gb18030->utf8 x1,NO,REVIEW_CANDIDATE,所有受影响字段均完成整字段可逆转换，且引用/章节可定位；仍需人工确认
UA2-03373,user-agent,docs/SPEC-§22-用户端体验增强.md,source_section,API 接口,onModelChange: (model: string) => void;,onModelChange: (model: string) => void;,877,140;268;331;446;506;624;829;1139;1306;1488;1694;1776;1870;1938;1993,gb18030->utf8 x1,NO,REVIEW_CANDIDATE,所有受影响字段均完成整字段可逆转换，且引用/章节可定位；仍需人工确认
UA2-03374,user-agent,docs/SPEC-§22-用户端体验增强.md,source_section,API 接口,onModeChange: (mode: string) => void;,onModeChange: (mode: string) => void;,878,140;268;331;446;506;624;829;1139;1306;1488;1694;1776;1870;1938;1993,gb18030->utf8 x1,NO,REVIEW_CANDIDATE,所有受影响字段均完成整字段可逆转换，且引用/章节可定位；仍需人工确认
UA2-03375,user-agent,docs/SPEC-§22-用户端体验增强.md,source_section,API 接口,onMessagesChange: (messages: ChatMessage[]) => void;,onMessagesChange: (messages: ChatMessage[]) => void;,879,140;268;331;446;506;624;829;1139;1306;1488;1694;1776;1870;1938;1993,gb18030->utf8 x1,NO,REVIEW_CANDIDATE,所有受影响字段均完成整字段可逆转换，且引用/章节可定位；仍需人工确认
UA2-03376,user-agent,docs/SPEC-§22-用户端体验增强.md,source_section,API 接口,onParametersChange: (params: RequestParameters) => void;,onParametersChange: (params: RequestParameters) => void;,880,140;268;331;446;506;624;829;1139;1306;1488;1694;1776;1870;1938;1993,gb18030->utf8 x1,NO,REVIEW_CANDIDATE,所有受影响字段均完成整字段可逆转换，且引用/章节可定位；仍需人工确认
UA2-03377,user-agent,docs/SPEC-§22-用户端体验增强.md,source_section,API 接口,onSend: () => void;,onSend: () => void;,881,140;268;331;446;506;624;829;1139;1306;1488;1694;1776;1870;1938;1993,gb18030->utf8 x1,NO,REVIEW_CANDIDATE,所有受影响字段均完成整字段可逆转换，且引用/章节可定位；仍需人工确认
UA2-03378,user-agent,docs/SPEC-§22-用户端体验增强.md,source_section,API 接口,onClear: () => void;,onClear: () => void;,545;882,140;268;331;446;506;624;829;1139;1306;1488;1694;1776;1870;1938;1993,gb18030->utf8 x1,NO,REVIEW_CANDIDATE,所有受影响字段均完成整字段可逆转换，且引用/章节可定位；仍需人工确认
UA2-03379,user-agent,docs/SPEC-§22-用户端体验增强.md,source_section,API 接口,loading: boolean;,loading: boolean;,883;1577;1710;1812;1890,140;268;331;446;506;624;829;1139;1306;1488;1694;1776;1870;1938;1993,gb18030->utf8 x1,NO,REVIEW_CANDIDATE,所有受影响字段均完成整字段可逆转换，且引用/章节可定位；仍需人工确认
UA2-03380,user-agent,docs/SPEC-§22-用户端体验增强.md,source_section,API 接口,validationErrors: string[];,validationErrors: string[];,884,140;268;331;446;506;624;829;1139;1306;1488;1694;1776;1870;1938;1993,gb18030->utf8 x1,NO,REVIEW_CANDIDATE,所有受影响字段均完成整字段可逆转换，且引用/章节可定位；仍需人工确认
UA2-03381,user-agent,docs/SPEC-§22-用户端体验增强.md,source_section,API 接口,interface ChatMessage {,interface ChatMessage {,887,140;268;331;446;506;624;829;1139;1306;1488;1694;1776;1870;1938;1993,gb18030->utf8 x1,NO,REVIEW_CANDIDATE,所有受影响字段均完成整字段可逆转换，且引用/章节可定位；仍需人工确认
UA2-03382,user-agent,docs/SPEC-§22-用户端体验增强.md,source_section,API 接口,id: string;,id: string;,377;551;910;1716,140;268;331;446;506;624;829;1139;1306;1488;1694;1776;1870;1938;1993,gb18030->utf8 x1,NO,REVIEW_CANDIDATE,所有受影响字段均完成整字段可逆转换，且引用/章节可定位；仍需人工确认
UA2-03383,user-agent,docs/SPEC-§22-用户端体验增强.md,source_section;source_quote;atomic_assertion,API 接口,// 鍓嶇鐢熸垚鐨勫敮涓€ID,// 鍓嶇鐢熸垚鐨勫敮涓€ID,,140;268;331;446;506;624;829;1139;1306;1488;1694;1776;1870;1938;1993,gb18030->utf8 x1,NO,MANUAL_REVIEW,至少一个受影响字段无法整字段安全转换，或完整源行不可读/不可定位，或存在复合断言
UA2-03384,user-agent,docs/SPEC-§22-用户端体验增强.md,source_section,API 接口,role: 'system' | 'user' | 'assistant';,role: 'system' | 'user' | 'assistant';,889,140;268;331;446;506;624;829;1139;1306;1488;1694;1776;1870;1938;1993,gb18030->utf8 x1,NO,REVIEW_CANDIDATE,所有受影响字段均完成整字段可逆转换，且引用/章节可定位；仍需人工确认
UA2-03385,user-agent,docs/SPEC-§22-用户端体验增强.md,source_section,API 接口,content: string;,content: string;,890,140;268;331;446;506;624;829;1139;1306;1488;1694;1776;1870;1938;1993,gb18030->utf8 x1,NO,REVIEW_CANDIDATE,所有受影响字段均完成整字段可逆转换，且引用/章节可定位；仍需人工确认
UA2-03386,user-agent,docs/SPEC-§22-用户端体验增强.md,source_section,API 接口,interface RequestParameters {,interface RequestParameters {,893,140;268;331;446;506;624;829;1139;1306;1488;1694;1776;1870;1938;1993,gb18030->utf8 x1,NO,REVIEW_CANDIDATE,所有受影响字段均完成整字段可逆转换，且引用/章节可定位；仍需人工确认
UA2-03387,user-agent,docs/SPEC-§22-用户端体验增强.md,source_section,API 接口,temperature: number;,temperature: number;,894,140;268;331;446;506;624;829;1139;1306;1488;1694;1776;1870;1938;1993,gb18030->utf8 x1,NO,REVIEW_CANDIDATE,所有受影响字段均完成整字段可逆转换，且引用/章节可定位；仍需人工确认
UA2-03388,user-agent,docs/SPEC-§22-用户端体验增强.md,source_section,API 接口,"// 0-2, default 0.7","// 0-2, default 0.7",894,140;268;331;446;506;624;829;1139;1306;1488;1694;1776;1870;1938;1993,gb18030->utf8 x1,NO,REVIEW_CANDIDATE,所有受影响字段均完成整字段可逆转换，且引用/章节可定位；仍需人工确认
UA2-03389,user-agent,docs/SPEC-§22-用户端体验增强.md,source_section,API 接口,maxTokens: number;,maxTokens: number;,895,140;268;331;446;506;624;829;1139;1306;1488;1694;1776;1870;1938;1993,gb18030->utf8 x1,NO,REVIEW_CANDIDATE,所有受影响字段均完成整字段可逆转换，且引用/章节可定位；仍需人工确认
UA2-03390,user-agent,docs/SPEC-§22-用户端体验增强.md,source_section,API 接口,"// 1-4096, default 2048","// 1-4096, default 2048",895,140;268;331;446;506;624;829;1139;1306;1488;1694;1776;1870;1938;1993,gb18030->utf8 x1,NO,REVIEW_CANDIDATE,所有受影响字段均完成整字段可逆转换，且引用/章节可定位；仍需人工确认
UA2-03391,user-agent,docs/SPEC-§22-用户端体验增强.md,source_section,API 接口,topP: number;,topP: number;,896,140;268;331;446;506;624;829;1139;1306;1488;1694;1776;1870;1938;1993,gb18030->utf8 x1,NO,REVIEW_CANDIDATE,所有受影响字段均完成整字段可逆转换，且引用/章节可定位；仍需人工确认
UA2-03392,user-agent,docs/SPEC-§22-用户端体验增强.md,source_section,API 接口,"// 0-1, default 1.0","// 0-1, default 1.0",896,140;268;331;446;506;624;829;1139;1306;1488;1694;1776;1870;1938;1993,gb18030->utf8 x1,NO,REVIEW_CANDIDATE,所有受影响字段均完成整字段可逆转换，且引用/章节可定位；仍需人工确认
UA2-03393,user-agent,docs/SPEC-§22-用户端体验增强.md,source_section,API 接口,stream: boolean;,stream: boolean;,897,140;268;331;446;506;624;829;1139;1306;1488;1694;1776;1870;1938;1993,gb18030->utf8 x1,NO,REVIEW_CANDIDATE,所有受影响字段均完成整字段可逆转换，且引用/章节可定位；仍需人工确认
UA2-03394,user-agent,docs/SPEC-§22-用户端体验增强.md,source_section,API 接口,// default false,// default false,897,140;268;331;446;506;624;829;1139;1306;1488;1694;1776;1870;1938;1993,gb18030->utf8 x1,NO,REVIEW_CANDIDATE,所有受影响字段均完成整字段可逆转换，且引用/章节可定位；仍需人工确认
UA2-03395,user-agent,docs/SPEC-§22-用户端体验增强.md,source_section;source_quote;atomic_assertion,API 接口,// ResponseViewer 鈥?鍙充晶鍝嶅簲灞曠ず闈㈡澘,// ResponseViewer 鈥?鍙充晶鍝嶅簲灞曠ず闈㈡澘,,140;268;331;446;506;624;829;1139;1306;1488;1694;1776;1870;1938;1993,gb18030->utf8 x1,NO,MANUAL_REVIEW,至少一个受影响字段无法整字段安全转换，或完整源行不可读/不可定位，或存在复合断言
UA2-03396,user-agent,docs/SPEC-§22-用户端体验增强.md,source_section,API 接口,interface ResponseViewerProps {,interface ResponseViewerProps {,901,140;268;331;446;506;624;829;1139;1306;1488;1694;1776;1870;1938;1993,gb18030->utf8 x1,NO,REVIEW_CANDIDATE,所有受影响字段均完成整字段可逆转换，且引用/章节可定位；仍需人工确认
UA2-03397,user-agent,docs/SPEC-§22-用户端体验增强.md,source_section,API 接口,response: PlaygroundResponse | null;,response: PlaygroundResponse | null;,902,140;268;331;446;506;624;829;1139;1306;1488;1694;1776;1870;1938;1993,gb18030->utf8 x1,NO,REVIEW_CANDIDATE,所有受影响字段均完成整字段可逆转换，且引用/章节可定位；仍需人工确认
UA2-03398,user-agent,docs/SPEC-§22-用户端体验增强.md,source_section,API 接口,error: PlaygroundError | null;,error: PlaygroundError | null;,903,140;268;331;446;506;624;829;1139;1306;1488;1694;1776;1870;1938;1993,gb18030->utf8 x1,NO,REVIEW_CANDIDATE,所有受影响字段均完成整字段可逆转换，且引用/章节可定位；仍需人工确认
UA2-03399,user-agent,docs/SPEC-§22-用户端体验增强.md,source_section,API 接口,isStreaming: boolean;,isStreaming: boolean;,904,140;268;331;446;506;624;829;1139;1306;1488;1694;1776;1870;1938;1993,gb18030->utf8 x1,NO,REVIEW_CANDIDATE,所有受影响字段均完成整字段可逆转换，且引用/章节可定位；仍需人工确认
UA2-03400,user-agent,docs/SPEC-§22-用户端体验增强.md,source_section,API 接口,streamContent: string;,streamContent: string;,905,140;268;331;446;506;624;829;1139;1306;1488;1694;1776;1870;1938;1993,gb18030->utf8 x1,NO,REVIEW_CANDIDATE,所有受影响字段均完成整字段可逆转换，且引用/章节可定位；仍需人工确认
UA2-03401,user-agent,docs/SPEC-§22-用户端体验增强.md,source_section,API 接口,stats: ResponseStats | null;,stats: ResponseStats | null;,906,140;268;331;446;506;624;829;1139;1306;1488;1694;1776;1870;1938;1993,gb18030->utf8 x1,NO,REVIEW_CANDIDATE,所有受影响字段均完成整字段可逆转换，且引用/章节可定位；仍需人工确认
UA2-03402,user-agent,docs/SPEC-§22-用户端体验增强.md,source_section,API 接口,interface PlaygroundResponse {,interface PlaygroundResponse {,909,140;268;331;446;506;624;829;1139;1306;1488;1694;1776;1870;1938;1993,gb18030->utf8 x1,NO,REVIEW_CANDIDATE,所有受影响字段均完成整字段可逆转换，且引用/章节可定位；仍需人工确认
UA2-03404,user-agent,docs/SPEC-§22-用户端体验增强.md,source_section,API 接口,choices: Array<{,choices: Array<{,911,140;268;331;446;506;624;829;1139;1306;1488;1694;1776;1870;1938;1993,gb18030->utf8 x1,NO,REVIEW_CANDIDATE,所有受影响字段均完成整字段可逆转换，且引用/章节可定位；仍需人工确认
UA2-03405,user-agent,docs/SPEC-§22-用户端体验增强.md,source_section,API 接口,index: number;,index: number;,912,140;268;331;446;506;624;829;1139;1306;1488;1694;1776;1870;1938;1993,gb18030->utf8 x1,NO,REVIEW_CANDIDATE,所有受影响字段均完成整字段可逆转换，且引用/章节可定位；仍需人工确认
UA2-03406,user-agent,docs/SPEC-§22-用户端体验增强.md,source_section,API 接口,message: { role: string;,message: { role: string;,913,140;268;331;446;506;624;829;1139;1306;1488;1694;1776;1870;1938;1993,gb18030->utf8 x1,NO,REVIEW_CANDIDATE,所有受影响字段均完成整字段可逆转换，且引用/章节可定位；仍需人工确认
UA2-03407,user-agent,docs/SPEC-§22-用户端体验增强.md,source_section,API 接口,content: string };,content: string };,913,140;268;331;446;506;624;829;1139;1306;1488;1694;1776;1870;1938;1993,gb18030->utf8 x1,NO,REVIEW_CANDIDATE,所有受影响字段均完成整字段可逆转换，且引用/章节可定位；仍需人工确认
UA2-03408,user-agent,docs/SPEC-§22-用户端体验增强.md,source_section,API 接口,finish_reason: string;,finish_reason: string;,914,140;268;331;446;506;624;829;1139;1306;1488;1694;1776;1870;1938;1993,gb18030->utf8 x1,NO,REVIEW_CANDIDATE,所有受影响字段均完成整字段可逆转换，且引用/章节可定位；仍需人工确认
UA2-03409,user-agent,docs/SPEC-§22-用户端体验增强.md,source_section,API 接口,usage: { prompt_tokens: number;,usage: { prompt_tokens: number;,916,140;268;331;446;506;624;829;1139;1306;1488;1694;1776;1870;1938;1993,gb18030->utf8 x1,NO,REVIEW_CANDIDATE,所有受影响字段均完成整字段可逆转换，且引用/章节可定位；仍需人工确认
UA2-03410,user-agent,docs/SPEC-§22-用户端体验增强.md,source_section,API 接口,completion_tokens: number;,completion_tokens: number;,916,140;268;331;446;506;624;829;1139;1306;1488;1694;1776;1870;1938;1993,gb18030->utf8 x1,NO,REVIEW_CANDIDATE,所有受影响字段均完成整字段可逆转换，且引用/章节可定位；仍需人工确认
UA2-03411,user-agent,docs/SPEC-§22-用户端体验增强.md,source_section,API 接口,total_tokens: number };,total_tokens: number };,916,140;268;331;446;506;624;829;1139;1306;1488;1694;1776;1870;1938;1993,gb18030->utf8 x1,NO,REVIEW_CANDIDATE,所有受影响字段均完成整字段可逆转换，且引用/章节可定位；仍需人工确认
UA2-03412,user-agent,docs/SPEC-§22-用户端体验增强.md,source_section,API 接口,interface PlaygroundError {,interface PlaygroundError {,919,140;268;331;446;506;624;829;1139;1306;1488;1694;1776;1870;1938;1993,gb18030->utf8 x1,NO,REVIEW_CANDIDATE,所有受影响字段均完成整字段可逆转换，且引用/章节可定位；仍需人工确认
UA2-03413,user-agent,docs/SPEC-§22-用户端体验增强.md,source_section,API 接口,code: string;,code: string;,920,140;268;331;446;506;624;829;1139;1306;1488;1694;1776;1870;1938;1993,gb18030->utf8 x1,NO,REVIEW_CANDIDATE,所有受影响字段均完成整字段可逆转换，且引用/章节可定位；仍需人工确认
UA2-03414,user-agent,docs/SPEC-§22-用户端体验增强.md,source_section,API 接口,message: string;,message: string;,380;921,140;268;331;446;506;624;829;1139;1306;1488;1694;1776;1870;1938;1993,gb18030->utf8 x1,NO,REVIEW_CANDIDATE,所有受影响字段均完成整字段可逆转换，且引用/章节可定位；仍需人工确认
UA2-03415,user-agent,docs/SPEC-§22-用户端体验增强.md,source_section,API 接口,friendlyMessage: string;,friendlyMessage: string;,922,140;268;331;446;506;624;829;1139;1306;1488;1694;1776;1870;1938;1993,gb18030->utf8 x1,NO,REVIEW_CANDIDATE,所有受影响字段均完成整字段可逆转换，且引用/章节可定位；仍需人工确认
UA2-03416,user-agent,docs/SPEC-§22-用户端体验增强.md,source_section,API 接口,solution: string;,solution: string;,923,140;268;331;446;506;624;829;1139;1306;1488;1694;1776;1870;1938;1993,gb18030->utf8 x1,NO,REVIEW_CANDIDATE,所有受影响字段均完成整字段可逆转换，且引用/章节可定位；仍需人工确认
UA2-03417,user-agent,docs/SPEC-§22-用户端体验增强.md,source_section,API 接口,interface ResponseStats {,interface ResponseStats {,926,140;268;331;446;506;624;829;1139;1306;1488;1694;1776;1870;1938;1993,gb18030->utf8 x1,NO,REVIEW_CANDIDATE,所有受影响字段均完成整字段可逆转换，且引用/章节可定位；仍需人工确认
UA2-03418,user-agent,docs/SPEC-§22-用户端体验增强.md,source_section,API 接口,inputTokens: number;,inputTokens: number;,553;927,140;268;331;446;506;624;829;1139;1306;1488;1694;1776;1870;1938;1993,gb18030->utf8 x1,NO,REVIEW_CANDIDATE,所有受影响字段均完成整字段可逆转换，且引用/章节可定位；仍需人工确认
UA2-03419,user-agent,docs/SPEC-§22-用户端体验增强.md,source_section,API 接口,outputTokens: number;,outputTokens: number;,554;928,140;268;331;446;506;624;829;1139;1306;1488;1694;1776;1870;1938;1993,gb18030->utf8 x1,NO,REVIEW_CANDIDATE,所有受影响字段均完成整字段可逆转换，且引用/章节可定位；仍需人工确认
UA2-03420,user-agent,docs/SPEC-§22-用户端体验增强.md,source_section,API 接口,cost: number;,cost: number;,555;929,140;268;331;446;506;624;829;1139;1306;1488;1694;1776;1870;1938;1993,gb18030->utf8 x1,NO,REVIEW_CANDIDATE,所有受影响字段均完成整字段可逆转换，且引用/章节可定位；仍需人工确认
UA2-03421,user-agent,docs/SPEC-§22-用户端体验增强.md,source_section,API 接口,duration: number;,duration: number;,559;930,140;268;331;446;506;624;829;1139;1306;1488;1694;1776;1870;1938;1993,gb18030->utf8 x1,NO,REVIEW_CANDIDATE,所有受影响字段均完成整字段可逆转换，且引用/章节可定位；仍需人工确认
UA2-03422,user-agent,docs/SPEC-§22-用户端体验增强.md,source_section;source_quote;atomic_assertion,API 接口,// CodeGenerator 鈥?浠ｇ爜鐢熸垚鍣?interface CodeGeneratorProps {,// CodeGenerator 鈥?浠ｇ爜鐢熸垚鍣?interface CodeGeneratorProps {,,140;268;331;446;506;624;829;1139;1306;1488;1694;1776;1870;1938;1993,gb18030->utf8 x1,NO,MANUAL_REVIEW,至少一个受影响字段无法整字段安全转换，或完整源行不可读/不可定位，或存在复合断言
UA2-03423,user-agent,docs/SPEC-§22-用户端体验增强.md,source_section,API 接口,apiKey: string;,apiKey: string;,,140;268;331;446;506;624;829;1139;1306;1488;1694;1776;1870;1938;1993,gb18030->utf8 x1,NO,MANUAL_REVIEW,至少一个受影响字段无法整字段安全转换，或完整源行不可读/不可定位，或存在复合断言
UA2-03424,user-agent,docs/SPEC-§22-用户端体验增强.md,source_section;source_quote;atomic_assertion,API 接口,// 瀹為檯闇€瑕佸睍绀虹殑瀹屾暣 Key,// 瀹為檯闇€瑕佸睍绀虹殑瀹屾暣 Key,,140;268;331;446;506;624;829;1139;1306;1488;1694;1776;1870;1938;1993,gb18030->utf8 x1,NO,MANUAL_REVIEW,至少一个受影响字段无法整字段安全转换，或完整源行不可读/不可定位，或存在复合断言
UA2-03425,user-agent,docs/SPEC-§22-用户端体验增强.md,source_section,API 接口,model: string;,model: string;,552;935;1901,140;268;331;446;506;624;829;1139;1306;1488;1694;1776;1870;1938;1993,gb18030->utf8 x1,NO,REVIEW_CANDIDATE,所有受影响字段均完成整字段可逆转换，且引用/章节可定位；仍需人工确认
UA2-03428,user-agent,docs/SPEC-§22-用户端体验增强.md,source_section,API 接口,language: 'python' | 'javascript' | 'curl';,language: 'python' | 'javascript' | 'curl';,938,140;268;331;446;506;624;829;1139;1306;1488;1694;1776;1870;1938;1993,gb18030->utf8 x1,NO,REVIEW_CANDIDATE,所有受影响字段均完成整字段可逆转换，且引用/章节可定位；仍需人工确认
UA2-03429,user-agent,docs/SPEC-§22-用户端体验增强.md,source_section,API 接口,onLanguageChange: (lang: string) => void;,onLanguageChange: (lang: string) => void;,939,140;268;331;446;506;624;829;1139;1306;1488;1694;1776;1870;1938;1993,gb18030->utf8 x1,NO,REVIEW_CANDIDATE,所有受影响字段均完成整字段可逆转换，且引用/章节可定位；仍需人工确认
UA2-03430,user-agent,docs/SPEC-§22-用户端体验增强.md,source_section;source_quote;atomic_assertion,API 接口,鈹屸攢 Webhook 閰嶇疆 鈹€鈹€鈹€鈹€鈹€鈹€鈹€鈹€鈹€鈹€鈹€鈹€鈹€鈹€鈹€鈹€鈹€鈹€ [+ 鏂板缓 Webhook] 鈹€鈹€鈹?鈹?                                                      鈹?鈹? 鈹屸攢鈹€鈹€鈹€鈹€鈹€鈹€鈹€鈹€鈹€鈹€鈹€鈹€鈹€鈹€鈹€鈹€鈹€鈹€鈹€鈹€鈹€鈹€鈹€鈹€鈹€鈹€鈹€鈹€鈹€鈹€鈹€鈹€鈹€鈹€鈹€鈹€鈹€鈹€鈹€鈹€鈹€鈹€鈹€鈹€鈹€鈹€鈹€鈹€鈹? 鈹?鈹? 鈹?鐢熶骇鐜鍛婅              [鍚敤]           ...   鈹? 鈹?鈹? 鈹?https://myapp.com/api/3cloud-webhook           鈹? 鈹?鈹? 鈹?浜嬩欢锛氫綑棰濅笉瓒炽€侀绠楄秴闄愩€佽皟鐢ㄥけ璐ョ巼             鈹? 鈹?鈹? 鈹?鏈€杩戞帹閫侊細4灏忔椂鍓?鉁?鎴愬姛                     鈹? 鈹?鈹? 鈹?瀵嗛挜锛?c_wh_sec_xxxxxxxx    [鏄剧ず] [閲嶆柊鐢熸垚]   鈹? 鈹?鈹? 鈹?[娴嬭瘯] [缂栬緫] [鍒犻櫎]          [鏌ョ湅鏃ュ織 鈫抅     鈹? 鈹?鈹? 鈹斺攢鈹€鈹€鈹€鈹€鈹€鈹€鈹€鈹€鈹€鈹€鈹€鈹€鈹€鈹€鈹€鈹€鈹€鈹€鈹€鈹€鈹€鈹€鈹€鈹€鈹€鈹€鈹€鈹€鈹€鈹€鈹€鈹€鈹€鈹€鈹€鈹€鈹€鈹€鈹€鈹€鈹€鈹€鈹€鈹€鈹€鈹€鈹€鈹€鈹? 鈹?鈹?                                                      鈹?鈹? 鈹屸攢鈹€鈹€鈹€鈹€鈹€鈹€鈹€鈹€鈹€鈹€鈹€鈹€鈹€鈹€鈹€鈹€鈹€鈹€鈹€鈹€鈹€鈹€鈹€鈹€鈹€鈹€鈹€鈹€鈹€鈹€鈹€鈹€鈹€鈹€鈹€鈹€鈹€鈹€鈹€鈹€鈹€鈹€鈹€鈹€鈹€鈹€鈹€鈹€鈹? 鈹?鈹? 鈹?寮€鍙戠幆澧冪洃鎺?             [宸茬鐢?鈿狅笍]    ...   鈹? 鈹?鈹? 鈹?http://localhost:3000/webhook                  鈹? 鈹?鈹? 鈹?杩炵画 10 娆℃帹閫佸け璐ワ紝宸茶嚜鍔ㄧ鐢?                  鈹? 鈹?鈹? 鈹?浜嬩欢锛氳皟鐢ㄩ噺绐佸銆佸紓甯哥櫥褰?                      鈹? 鈹?鈹? 鈹?[娴嬭瘯] [缂栬緫] [鍒犻櫎] [閲嶆柊鍚敤]                  鈹? 鈹?鈹? 鈹斺攢鈹€鈹€鈹€鈹€鈹€鈹€鈹€鈹€鈹€鈹€鈹€鈹€鈹€鈹€鈹€鈹€鈹€鈹€鈹€鈹€鈹€鈹€鈹€鈹€鈹€鈹€鈹€鈹€鈹€鈹€鈹€鈹€鈹€鈹€鈹€鈹€鈹€鈹€鈹€鈹€鈹€鈹€鈹€鈹€鈹€鈹€鈹€鈹€鈹? 鈹?鈹斺攢鈹€鈹€鈹€鈹€鈹€鈹€鈹€鈹€鈹€鈹€鈹€鈹€鈹€鈹€鈹€鈹€鈹€鈹€鈹€鈹€鈹€鈹€鈹€鈹€鈹€鈹€鈹€鈹€鈹€鈹€鈹€鈹€鈹€鈹€鈹€鈹€鈹€鈹€鈹€鈹€鈹€鈹€鈹€鈹€鈹€鈹€鈹€鈹€鈹€鈹€鈹€鈹€鈹€鈹€鈹?,鈹屸攢 Webhook 閰嶇疆 鈹€鈹€鈹€鈹€鈹€鈹€鈹€鈹€鈹€鈹€鈹€鈹€鈹€鈹€鈹€鈹€鈹€鈹€ [+ 鏂板缓 Webhook] 鈹€鈹€鈹?鈹?                                                      鈹?鈹? 鈹屸攢鈹€鈹€鈹€鈹€鈹€鈹€鈹€鈹€鈹€鈹€鈹€鈹€鈹€鈹€鈹€鈹€鈹€鈹€鈹€鈹€鈹€鈹€鈹€鈹€鈹€鈹€鈹€鈹€鈹€鈹€鈹€鈹€鈹€鈹€鈹€鈹€鈹€鈹€鈹€鈹€鈹€鈹€鈹€鈹€鈹€鈹€鈹€鈹€鈹? 鈹?鈹? 鈹?鐢熶骇鐜鍛婅              [鍚敤]           ...   鈹? 鈹?鈹? 鈹?https://myapp.com/api/3cloud-webhook           鈹? 鈹?鈹? 鈹?浜嬩欢锛氫綑棰濅笉瓒炽€侀绠楄秴闄愩€佽皟鐢ㄥけ璐ョ巼             鈹? 鈹?鈹? 鈹?鏈€杩戞帹閫侊細4灏忔椂鍓?鉁?鎴愬姛                     鈹? 鈹?鈹? 鈹?瀵嗛挜锛?c_wh_sec_xxxxxxxx    [鏄剧ず] [閲嶆柊鐢熸垚]   鈹? 鈹?鈹? 鈹?[娴嬭瘯] [缂栬緫] [鍒犻櫎]          [鏌ョ湅鏃ュ織 鈫抅     鈹? 鈹?鈹? 鈹斺攢鈹€鈹€鈹€鈹€鈹€鈹€鈹€鈹€鈹€鈹€鈹€鈹€鈹€鈹€鈹€鈹€鈹€鈹€鈹€鈹€鈹€鈹€鈹€鈹€鈹€鈹€鈹€鈹€鈹€鈹€鈹€鈹€鈹€鈹€鈹€鈹€鈹€鈹€鈹€鈹€鈹€鈹€鈹€鈹€鈹€鈹€鈹€鈹€鈹? 鈹?鈹?                                                      鈹?鈹? 鈹屸攢鈹€鈹€鈹€鈹€鈹€鈹€鈹€鈹€鈹€鈹€鈹€鈹€鈹€鈹€鈹€鈹€鈹€鈹€鈹€鈹€鈹€鈹€鈹€鈹€鈹€鈹€鈹€鈹€鈹€鈹€鈹€鈹€鈹€鈹€鈹€鈹€鈹€鈹€鈹€鈹€鈹€鈹€鈹€鈹€鈹€鈹€鈹€鈹€鈹? 鈹?鈹? 鈹?寮€鍙戠幆澧冪洃鎺?             [宸茬鐢?鈿狅笍]    ...   鈹? 鈹?鈹? 鈹?http://localhost:3000/webhook                  鈹? 鈹?鈹? 鈹?杩炵画 10 娆℃帹閫佸け璐ワ紝宸茶嚜鍔ㄧ鐢?                  鈹? 鈹?鈹? 鈹?浜嬩欢锛氳皟鐢ㄩ噺绐佸銆佸紓甯哥櫥褰?                      鈹? 鈹?鈹? 鈹?[娴嬭瘯] [缂栬緫] [鍒犻櫎] [閲嶆柊鍚敤]                  鈹? 鈹?鈹? 鈹斺攢鈹€鈹€鈹€鈹€鈹€鈹€鈹€鈹€鈹€鈹€鈹€鈹€鈹€鈹€鈹€鈹€鈹€鈹€鈹€鈹€鈹€鈹€鈹€鈹€鈹€鈹€鈹€鈹€鈹€鈹€鈹€鈹€鈹€鈹€鈹€鈹€鈹€鈹€鈹€鈹€鈹€鈹€鈹€鈹€鈹€鈹€鈹€鈹€鈹? 鈹?鈹斺攢鈹€鈹€鈹€鈹€鈹€鈹€鈹€鈹€鈹€鈹€鈹€鈹€鈹€鈹€鈹€鈹€鈹€鈹€鈹€鈹€鈹€鈹€鈹€鈹€鈹€鈹€鈹€鈹€鈹€鈹€鈹€鈹€鈹€鈹€鈹€鈹€鈹€鈹€鈹€鈹€鈹€鈹€鈹€鈹€鈹€鈹€鈹€鈹€鈹€鈹€鈹€鈹€鈹€鈹€鈹?,,140;268;331;446;506;624;829;1139;1306;1488;1694;1776;1870;1938;1993,gb18030->utf8 x1,NO,MANUAL_REVIEW,至少一个受影响字段无法整字段安全转换，或完整源行不可读/不可定位，或存在复合断言
UA2-03431,user-agent,docs/SPEC-§22-用户端体验增强.md,source_section;source_quote;atomic_assertion,API 接口,**鍒涘缓/缂栬緫 Webhook 琛ㄥ崟锛堟娊灞夊脊绐楋級锛?*,**鍒涘缓/缂栬緫 Webhook 琛ㄥ崟锛堟娊灞夊脊绐楋級锛?*,,140;268;331;446;506;624;829;1139;1306;1488;1694;1776;1870;1938;1993,gb18030->utf8 x1,NO,MANUAL_REVIEW,至少一个受影响字段无法整字段安全转换，或完整源行不可读/不可定位，或存在复合断言
UA2-03432,user-agent,docs/SPEC-§22-用户端体验增强.md,source_section,API 接口,POST {webhook_url},POST {webhook_url},1007,140;268;331;446;506;624;829;1139;1306;1488;1694;1776;1870;1938;1993,gb18030->utf8 x1,NO,REVIEW_CANDIDATE,所有受影响字段均完成整字段可逆转换，且引用/章节可定位；仍需人工确认
UA2-03433,user-agent,docs/SPEC-§22-用户端体验增强.md,source_section,API 接口,Content-Type: application/json,Content-Type: application/json,1008,140;268;331;446;506;624;829;1139;1306;1488;1694;1776;1870;1938;1993,gb18030->utf8 x1,NO,REVIEW_CANDIDATE,所有受影响字段均完成整字段可逆转换，且引用/章节可定位；仍需人工确认
UA2-03434,user-agent,docs/SPEC-§22-用户端体验增强.md,source_section,API 接口,User-Agent: 3Cloud-Webhook/1.0,User-Agent: 3Cloud-Webhook/1.0,1009,140;268;331;446;506;624;829;1139;1306;1488;1694;1776;1870;1938;1993,gb18030->utf8 x1,NO,REVIEW_CANDIDATE,所有受影响字段均完成整字段可逆转换，且引用/章节可定位；仍需人工确认
UA2-03435,user-agent,docs/SPEC-§22-用户端体验增强.md,source_section,API 接口,X-3Cloud-Event: balance.low,X-3Cloud-Event: balance.low,1010,140;268;331;446;506;624;829;1139;1306;1488;1694;1776;1870;1938;1993,gb18030->utf8 x1,NO,REVIEW_CANDIDATE,所有受影响字段均完成整字段可逆转换，且引用/章节可定位；仍需人工确认
UA2-03436,user-agent,docs/SPEC-§22-用户端体验增强.md,source_section,API 接口,X-3Cloud-Signature: sha256=abc123def456...,X-3Cloud-Signature: sha256=abc123def456...,1011,140;268;331;446;506;624;829;1139;1306;1488;1694;1776;1870;1938;1993,gb18030->utf8 x1,NO,REVIEW_CANDIDATE,所有受影响字段均完成整字段可逆转换，且引用/章节可定位；仍需人工确认
UA2-03437,user-agent,docs/SPEC-§22-用户端体验增强.md,source_section,API 接口,X-3Cloud-Delivery: del_xxxxxxxx,X-3Cloud-Delivery: del_xxxxxxxx,1012,140;268;331;446;506;624;829;1139;1306;1488;1694;1776;1870;1938;1993,gb18030->utf8 x1,NO,REVIEW_CANDIDATE,所有受影响字段均完成整字段可逆转换，且引用/章节可定位；仍需人工确认
UA2-03438,user-agent,docs/SPEC-§22-用户端体验增强.md,source_section,API 接口,X-3Cloud-Timestamp: 2026-07-28T12:00:00Z,X-3Cloud-Timestamp: 2026-07-28T12:00:00Z,1013,140;268;331;446;506;624;829;1139;1306;1488;1694;1776;1870;1938;1993,gb18030->utf8 x1,NO,REVIEW_CANDIDATE,所有受影响字段均完成整字段可逆转换，且引用/章节可定位；仍需人工确认
UA2-03439,user-agent,docs/SPEC-§22-用户端体验增强.md,source_section,API 接口,"""event"": ""balance.low"",","""event"": ""balance.low"",",1019,140;268;331;446;506;624;829;1139;1306;1488;1694;1776;1870;1938;1993,gb18030->utf8 x1,NO,REVIEW_CANDIDATE,所有受影响字段均完成整字段可逆转换，且引用/章节可定位；仍需人工确认
UA2-03440,user-agent,docs/SPEC-§22-用户端体验增强.md,source_section,API 接口,"""deliveryId"": ""del_xxxxxxxx"",","""deliveryId"": ""del_xxxxxxxx"",",1020,140;268;331;446;506;624;829;1139;1306;1488;1694;1776;1870;1938;1993,gb18030->utf8 x1,NO,REVIEW_CANDIDATE,所有受影响字段均完成整字段可逆转换，且引用/章节可定位；仍需人工确认
UA2-03441,user-agent,docs/SPEC-§22-用户端体验增强.md,source_section,API 接口,"""timestamp"": ""2026-07-28T12:00:00Z"",","""timestamp"": ""2026-07-28T12:00:00Z"",",1021,140;268;331;446;506;624;829;1139;1306;1488;1694;1776;1870;1938;1993,gb18030->utf8 x1,NO,REVIEW_CANDIDATE,所有受影响字段均完成整字段可逆转换，且引用/章节可定位；仍需人工确认
UA2-03442,user-agent,docs/SPEC-§22-用户端体验增强.md,source_section,API 接口,"""data"": {","""data"": {",1022,140;268;331;446;506;624;829;1139;1306;1488;1694;1776;1870;1938;1993,gb18030->utf8 x1,NO,REVIEW_CANDIDATE,所有受影响字段均完成整字段可逆转换，且引用/章节可定位；仍需人工确认
UA2-03443,user-agent,docs/SPEC-§22-用户端体验增强.md,source_section,API 接口,"""userId"": 123,","""userId"": 123,",1023,140;268;331;446;506;624;829;1139;1306;1488;1694;1776;1870;1938;1993,gb18030->utf8 x1,NO,REVIEW_CANDIDATE,所有受影响字段均完成整字段可逆转换，且引用/章节可定位；仍需人工确认
UA2-03444,user-agent,docs/SPEC-§22-用户端体验增强.md,source_section,API 接口,"""userEmail"": ""user@example.com"",","""userEmail"": ""user@example.com"",",1024,140;268;331;446;506;624;829;1139;1306;1488;1694;1776;1870;1938;1993,gb18030->utf8 x1,NO,REVIEW_CANDIDATE,所有受影响字段均完成整字段可逆转换，且引用/章节可定位；仍需人工确认
UA2-03445,user-agent,docs/SPEC-§22-用户端体验增强.md,source_section,API 接口,"""balance"": 8.50,","""balance"": 8.50,",1025,140;268;331;446;506;624;829;1139;1306;1488;1694;1776;1870;1938;1993,gb18030->utf8 x1,NO,REVIEW_CANDIDATE,所有受影响字段均完成整字段可逆转换，且引用/章节可定位；仍需人工确认
UA2-03446,user-agent,docs/SPEC-§22-用户端体验增强.md,source_section,API 接口,"""threshold"": 10.00,","""threshold"": 10.00,",1026,140;268;331;446;506;624;829;1139;1306;1488;1694;1776;1870;1938;1993,gb18030->utf8 x1,NO,REVIEW_CANDIDATE,所有受影响字段均完成整字段可逆转换，且引用/章节可定位；仍需人工确认
UA2-03447,user-agent,docs/SPEC-§22-用户端体验增强.md,source_section,API 接口,"""currency"": ""CNY"",","""currency"": ""CNY"",",1027,140;268;331;446;506;624;829;1139;1306;1488;1694;1776;1870;1938;1993,gb18030->utf8 x1,NO,REVIEW_CANDIDATE,所有受影响字段均完成整字段可逆转换，且引用/章节可定位；仍需人工确认
UA2-03448,user-agent,docs/SPEC-§22-用户端体验增强.md,source_section,API 接口,"""estimatedRunoutDays"": 3,","""estimatedRunoutDays"": 3,",1028,140;268;331;446;506;624;829;1139;1306;1488;1694;1776;1870;1938;1993,gb18030->utf8 x1,NO,REVIEW_CANDIDATE,所有受影响字段均完成整字段可逆转换，且引用/章节可定位；仍需人工确认
UA2-03449,user-agent,docs/SPEC-§22-用户端体验增强.md,source_section,API 接口,"""suggestedAction"": ""recharge""","""suggestedAction"": ""recharge""",1029,140;268;331;446;506;624;829;1139;1306;1488;1694;1776;1870;1938;1993,gb18030->utf8 x1,NO,REVIEW_CANDIDATE,所有受影响字段均完成整字段可逆转换，且引用/章节可定位；仍需人工确认
UA2-03450,user-agent,docs/SPEC-§22-用户端体验增强.md,source_section;source_quote;atomic_assertion,API 接口,// 对请求体计算 HMAC-SHA256 签名,// 对请求体计算 HMAC-SHA256 签名,1036,140;268;331;446;506;624;829;1139;1306;1488;1694;1776;1870;1938;1993,gb18030->utf8 x1,NO,REVIEW_CANDIDATE,所有受影响字段均完成整字段可逆转换，且引用/章节可定位；仍需人工确认
UA2-03451,user-agent,docs/SPEC-§22-用户端体验增强.md,source_section,API 接口,const payload = JSON.stringify(requestBody);,const payload = JSON.stringify(requestBody);,1037,140;268;331;446;506;624;829;1139;1306;1488;1694;1776;1870;1938;1993,gb18030->utf8 x1,NO,REVIEW_CANDIDATE,所有受影响字段均完成整字段可逆转换，且引用/章节可定位；仍需人工确认
UA2-03452,user-agent,docs/SPEC-§22-用户端体验增强.md,source_section,API 接口,"const signature = crypto.createHmac('sha256', webhookSecret)","const signature = crypto.createHmac('sha256', webhookSecret)",1038,140;268;331;446;506;624;829;1139;1306;1488;1694;1776;1870;1938;1993,gb18030->utf8 x1,NO,REVIEW_CANDIDATE,所有受影响字段均完成整字段可逆转换，且引用/章节可定位；仍需人工确认
UA2-03453,user-agent,docs/SPEC-§22-用户端体验增强.md,source_section,API 接口,.update(payload),.update(payload),1039,140;268;331;446;506;624;829;1139;1306;1488;1694;1776;1870;1938;1993,gb18030->utf8 x1,NO,REVIEW_CANDIDATE,所有受影响字段均完成整字段可逆转换，且引用/章节可定位；仍需人工确认
UA2-03454,user-agent,docs/SPEC-§22-用户端体验增强.md,source_section,API 接口,.digest('hex');,.digest('hex');,1040,140;268;331;446;506;624;829;1139;1306;1488;1694;1776;1870;1938;1993,gb18030->utf8 x1,NO,REVIEW_CANDIDATE,所有受影响字段均完成整字段可逆转换，且引用/章节可定位；仍需人工确认
UA2-03455,user-agent,docs/SPEC-§22-用户端体验增强.md,source_section;source_quote;atomic_assertion,API 接口,// 鏀惧叆璇锋眰澶?headers['X-3Cloud-Signature'] = `sha256=${signature}`;,// 鏀惧叆璇锋眰澶?headers['X-3Cloud-Signature'] = `sha256=${signature}`;,,140;268;331;446;506;624;829;1139;1306;1488;1694;1776;1870;1938;1993,gb18030->utf8 x1,NO,MANUAL_REVIEW,至少一个受影响字段无法整字段安全转换，或完整源行不可读/不可定位，或存在复合断言
UA2-03456,user-agent,docs/SPEC-§22-用户端体验增强.md,source_section,API 接口,"import hmac, hashlib","import hmac, hashlib",1046,140;268;331;446;506;624;829;1139;1306;1488;1694;1776;1870;1938;1993,gb18030->utf8 x1,NO,REVIEW_CANDIDATE,所有受影响字段均完成整字段可逆转换，且引用/章节可定位；仍需人工确认
UA2-03457,user-agent,docs/SPEC-§22-用户端体验增强.md,source_section,API 接口,"def verify_signature(payload: str, signature: str, secret: str) -> bool:","def verify_signature(payload: str, signature: str, secret: str) -> bool:",1048,140;268;331;446;506;624;829;1139;1306;1488;1694;1776;1870;1938;1993,gb18030->utf8 x1,NO,REVIEW_CANDIDATE,所有受影响字段均完成整字段可逆转换，且引用/章节可定位；仍需人工确认
UA2-03458,user-agent,docs/SPEC-§22-用户端体验增强.md,source_section,API 接口,"expected = f""sha256={hmac.new(secret.encode(), payload.encode(), hashlib.sha256).hexdigest()}""","expected = f""sha256={hmac.new(secret.encode(), payload.encode(), hashlib.sha256).hexdigest()}""",1049,140;268;331;446;506;624;829;1139;1306;1488;1694;1776;1870;1938;1993,gb18030->utf8 x1,NO,REVIEW_CANDIDATE,所有受影响字段均完成整字段可逆转换，且引用/章节可定位；仍需人工确认
UA2-03459,user-agent,docs/SPEC-§22-用户端体验增强.md,source_section,API 接口,"return hmac.compare_digest(expected, signature)","return hmac.compare_digest(expected, signature)",1050,140;268;331;446;506;624;829;1139;1306;1488;1694;1776;1870;1938;1993,gb18030->utf8 x1,NO,REVIEW_CANDIDATE,所有受影响字段均完成整字段可逆转换，且引用/章节可定位；仍需人工确认
UA2-03460,user-agent,docs/SPEC-§22-用户端体验增强.md,source_section;source_quote;atomic_assertion,API 接口,绗竴娆℃帹閫佸け璐?鈫?绛夊緟 5 绉?鈫?閲嶈瘯 1,绗竴娆℃帹閫佸け璐?鈫?绛夊緟 5 绉?鈫?閲嶈瘯 1,,140;268;331;446;506;624;829;1139;1306;1488;1694;1776;1870;1938;1993,gb18030->utf8 x1,NO,MANUAL_REVIEW,至少一个受影响字段无法整字段安全转换，或完整源行不可读/不可定位，或存在复合断言
UA2-03461,user-agent,docs/SPEC-§22-用户端体验增强.md,source_section;source_quote;atomic_assertion,API 接口,绗簩娆℃帹閫佸け璐?鈫?绛夊緟 30 绉?鈫?閲嶈瘯 2,绗簩娆℃帹閫佸け璐?鈫?绛夊緟 30 绉?鈫?閲嶈瘯 2,,140;268;331;446;506;624;829;1139;1306;1488;1694;1776;1870;1938;1993,gb18030->utf8 x1,NO,MANUAL_REVIEW,至少一个受影响字段无法整字段安全转换，或完整源行不可读/不可定位，或存在复合断言
UA2-03462,user-agent,docs/SPEC-§22-用户端体验增强.md,source_section;source_quote;atomic_assertion,API 接口,绗笁娆℃帹閫佸け璐?鈫?绛夊緟 5 鍒嗛挓 鈫?閲嶈瘯 3,绗笁娆℃帹閫佸け璐?鈫?绛夊緟 5 鍒嗛挓 鈫?閲嶈瘯 3,,140;268;331;446;506;624;829;1139;1306;1488;1694;1776;1870;1938;1993,gb18030->utf8 x1,NO,MANUAL_REVIEW,至少一个受影响字段无法整字段安全转换，或完整源行不可读/不可定位，或存在复合断言
UA2-03463,user-agent,docs/SPEC-§22-用户端体验增强.md,source_section;source_quote;atomic_assertion,API 接口,绗笁娆′粛澶辫触 鈫?鏍囪涓烘渶缁堝け璐?,绗笁娆′粛澶辫触 鈫?鏍囪涓烘渶缁堝け璐?,,140;268;331;446;506;624;829;1139;1306;1488;1694;1776;1870;1938;1993,gb18030->utf8 x1,NO,MANUAL_REVIEW,至少一个受影响字段无法整字段安全转换，或完整源行不可读/不可定位，或存在复合断言
UA2-03464,user-agent,docs/SPEC-§22-用户端体验增强.md,source_section;source_quote;atomic_assertion,API 接口,杩炵画澶辫触璁℃暟锛氳窡韪渶杩?10 娆℃帹閫佺殑鎴愬姛鐜?杩炵画 10 娆″叏閮ㄥけ璐?鈫?鑷姩绂佺敤 Webhook 鈫?鍙戦€佺珯鍐呴€氱煡 + 閭欢閫氱煡鐢ㄦ埛,杩炵画澶辫触璁℃暟锛氳窡韪渶杩?10 娆℃帹閫佺殑鎴愬姛鐜?杩炵画 10 娆″叏閮ㄥけ璐?鈫?鑷姩绂佺敤 Webhook 鈫?鍙戦€佺珯鍐呴€氱煡 + 閭欢閫氱煡鐢ㄦ埛,,140;268;331;446;506;624;829;1139;1306;1488;1694;1776;1870;1938;1993,gb18030->utf8 x1,NO,MANUAL_REVIEW,至少一个受影响字段无法整字段安全转换，或完整源行不可读/不可定位，或存在复合断言
UA2-03465,user-agent,docs/SPEC-§22-用户端体验增强.md,source_section;source_quote;atomic_assertion,API 接口,馃摟 閭欢鏍囬锛歔3Cloud] Webhook 宸茶嚜鍔ㄧ鐢?,馃摟 閭欢鏍囬锛歔3Cloud] Webhook 宸茶嚜鍔ㄧ鐢?,,140;268;331;446;506;624;829;1139;1306;1488;1694;1776;1870;1938;1993,gb18030->utf8 x1,NO,MANUAL_REVIEW,至少一个受影响字段无法整字段安全转换，或完整源行不可读/不可定位，或存在复合断言
UA2-03466,user-agent,docs/SPEC-§22-用户端体验增强.md,source_section;source_quote;atomic_assertion,API 接口,"鎮ㄧ殑 Webhook ""鐢熶骇鐜鍛婅""锛坔ttps://myapp.com/api/3cloud-webhook锛?鍥犺繛缁?10 娆℃帹閫佸け璐ワ紝宸茶鑷姩绂佺敤銆?","鎮ㄧ殑 Webhook ""鐢熶骇鐜鍛婅""锛坔ttps://myapp.com/api/3cloud-webhook锛?鍥犺繛缁?10 娆℃帹閫佸け璐ワ紝宸茶鑷姩绂佺敤銆?",,140;268;331;446;506;624;829;1139;1306;1488;1694;1776;1870;1938;1993,gb18030->utf8 x1,NO,MANUAL_REVIEW,至少一个受影响字段无法整字段安全转换，或完整源行不可读/不可定位，或存在复合断言
UA2-03467,user-agent,docs/SPEC-§22-用户端体验增强.md,source_section;source_quote;atomic_assertion,API 接口,鏈€鍚庝竴娆″け璐ュ師鍥狅細Connection timeout (10s),鏈€鍚庝竴娆″け璐ュ師鍥狅細Connection timeout (10s),,140;268;331;446;506;624;829;1139;1306;1488;1694;1776;1870;1938;1993,gb18030->utf8 x1,NO,MANUAL_REVIEW,至少一个受影响字段无法整字段安全转换，或完整源行不可读/不可定位，或存在复合断言
UA2-03468,user-agent,docs/SPEC-§22-用户端体验增强.md,source_section;source_quote;atomic_assertion,API 接口,澶辫触鏃堕棿锛?026-07-28 14:35:00,澶辫触鏃堕棿锛?026-07-28 14:35:00,,140;268;331;446;506;624;829;1139;1306;1488;1694;1776;1870;1938;1993,gb18030->utf8 x1,NO,MANUAL_REVIEW,至少一个受影响字段无法整字段安全转换，或完整源行不可读/不可定位，或存在复合断言
UA2-03469,user-agent,docs/SPEC-§22-用户端体验增强.md,source_section;source_quote;atomic_assertion,API 接口,璇锋鏌ユ偍鐨勬湇鍔″櫒鏄惁鍙闂紝淇鍚庡彲鍦ㄦ帶鍒跺彴閲嶆柊鍚敤銆?鈫?鍓嶅線鎺у埗鍙帮細https://3cloud.dev/console/webhooks,璇锋鏌ユ偍鐨勬湇鍔″櫒鏄惁鍙闂紝淇鍚庡彲鍦ㄦ帶鍒跺彴閲嶆柊鍚敤銆?鈫?鍓嶅線鎺у埗鍙帮細https://3cloud.dev/console/webhooks,,140;268;331;446;506;624;829;1139;1306;1488;1694;1776;1870;1938;1993,gb18030->utf8 x1,NO,MANUAL_REVIEW,至少一个受影响字段无法整字段安全转换，或完整源行不可读/不可定位，或存在复合断言
UA2-03470,user-agent,docs/SPEC-§22-用户端体验增强.md,source_section;source_quote;atomic_assertion,API 接口,"鈹屸攢 Webhook 鎶曢€掓棩蹇?鈥?鐢熶骇鐜鍛婅 鈹€鈹€鈹€鈹€鈹€ [绛涢€塢 鈹€鈹€鈹?鈹?                                                   鈹?鈹?2026-07-28 14:35:00  balance.low  鉂?澶辫触         鈹?鈹?  鐘舵€佺爜锛?--  鑰楁椂锛?0,023ms  鍘熷洜锛歍imeout      鈹?鈹?  [灞曞紑璇︽儏]                                       鈹?鈹?                                                   鈹?鈹?2026-07-28 13:30:00  balance.low  鉁?鎴愬姛         鈹?鈹?  鐘舵€佺爜锛?00  鑰楁椂锛?42ms                         鈹?鈹?  [灞曞紑璇︽儏]                                       鈹?鈹?                                                   鈹?鈹?2026-07-28 12:00:00  call.failure_rate  鉁?鎴愬姛   鈹?鈹?  鐘舵€佺爜锛?00  鑰楁椂锛?85ms                         鈹?鈹?  [灞曞紑璇︽儏]                                       鈹?鈹斺攢鈹€鈹€鈹€鈹€鈹€鈹€鈹€鈹€鈹€鈹€鈹€鈹€鈹€鈹€鈹€鈹€鈹€鈹€鈹€鈹€鈹€鈹€鈹€鈹€鈹€鈹€鈹€鈹€鈹€鈹€鈹€鈹€鈹€鈹€鈹€鈹€鈹€鈹€鈹€鈹€鈹€鈹€鈹€鈹€鈹€鈹€鈹€鈹€鈹€鈹€鈹€鈹?","鈹屸攢 Webhook 鎶曢€掓棩蹇?鈥?鐢熶骇鐜鍛婅 鈹€鈹€鈹€鈹€鈹€ [绛涢€塢 鈹€鈹€鈹?鈹?                                                   鈹?鈹?2026-07-28 14:35:00  balance.low  鉂?澶辫触         鈹?鈹?  鐘舵€佺爜锛?--  鑰楁椂锛?0,023ms  鍘熷洜锛歍imeout      鈹?鈹?  [灞曞紑璇︽儏]                                       鈹?鈹?                                                   鈹?鈹?2026-07-28 13:30:00  balance.low  鉁?鎴愬姛         鈹?鈹?  鐘舵€佺爜锛?00  鑰楁椂锛?42ms                         鈹?鈹?  [灞曞紑璇︽儏]                                       鈹?鈹?                                                   鈹?鈹?2026-07-28 12:00:00  call.failure_rate  鉁?鎴愬姛   鈹?鈹?  鐘舵€佺爜锛?00  鑰楁椂锛?85ms                         鈹?鈹?  [灞曞紑璇︽儏]                                       鈹?鈹斺攢鈹€鈹€鈹€鈹€鈹€鈹€鈹€鈹€鈹€鈹€鈹€鈹€鈹€鈹€鈹€鈹€鈹€鈹€鈹€鈹€鈹€鈹€鈹€鈹€鈹€鈹€鈹€鈹€鈹€鈹€鈹€鈹€鈹€鈹€鈹€鈹€鈹€鈹€鈹€鈹€鈹€鈹€鈹€鈹€鈹€鈹€鈹€鈹€鈹€鈹€鈹€鈹?",,140;268;331;446;506;624;829;1139;1306;1488;1694;1776;1870;1938;1993,gb18030->utf8 x1,NO,MANUAL_REVIEW,至少一个受影响字段无法整字段安全转换，或完整源行不可读/不可定位，或存在复合断言
UA2-03471,user-agent,docs/SPEC-§22-用户端体验增强.md,source_section;source_quote;atomic_assertion,API 接口,"点击""展开详情""后显示：","点击""展开详情""后显示：",1078,140;268;331;446;506;624;829;1139;1306;1488;1694;1776;1870;1938;1993,gb18030->utf8 x1,NO,REVIEW_CANDIDATE,所有受影响字段均完成整字段可逆转换，且引用/章节可定位；仍需人工确认
UA2-03472,user-agent,docs/SPEC-§22-用户端体验增强.md,source_section;source_quote;atomic_assertion,API 接口,璇锋眰澶达紙瀹屾暣锛屽彲澶嶅埗锛?- 璇锋眰浣擄紙JSON 鏍煎紡鍖栧睍绀猴級,璇锋眰澶达紙瀹屾暣锛屽彲澶嶅埗锛?- 璇锋眰浣擄紙JSON 鏍煎紡鍖栧睍绀猴級,,140;268;331;446;506;624;829;1139;1306;1488;1694;1776;1870;1938;1993,gb18030->utf8 x1,NO,MANUAL_REVIEW,至少一个受影响字段无法整字段安全转换，或完整源行不可读/不可定位，或存在复合断言
UA2-03473,user-agent,docs/SPEC-§22-用户端体验增强.md,source_section,API 接口,鍝嶅簲鐘舵€佺爜,鍝嶅簲鐘舵€佺爜,1081,140;268;331;446;506;624;829;1139;1306;1488;1694;1776;1870;1938;1993,gb18030->utf8 x1,NO,REVIEW_CANDIDATE,所有受影响字段均完成整字段可逆转换，且引用/章节可定位；仍需人工确认
UA2-03474,user-agent,docs/SPEC-§22-用户端体验增强.md,source_section,API 接口,鍝嶅簲浣?- 鑰楁椂,鍝嶅簲浣?- 鑰楁椂,1082,140;268;331;446;506;624;829;1139;1306;1488;1694;1776;1870;1938;1993,gb18030->utf8 x1,NO,REVIEW_CANDIDATE,所有受影响字段均完成整字段可逆转换，且引用/章节可定位；仍需人工确认
UA2-03475,user-agent,docs/SPEC-§22-用户端体验增强.md,source_section,前端组件,`WebhookList.tsx`,`WebhookList.tsx`,,162;287;364;464;537;658;855;1168;1334;1572;1704;1796;1883;1944;2002;2077,gb18030->utf8 x1,NO,MANUAL_REVIEW,至少一个受影响字段无法整字段安全转换，或完整源行不可读/不可定位，或存在复合断言
UA2-03476,user-agent,docs/SPEC-§22-用户端体验增强.md,source_section,前端组件,`/console/webhooks`,`/console/webhooks`,,162;287;364;464;537;658;855;1168;1334;1572;1704;1796;1883;1944;2002;2077,gb18030->utf8 x1,NO,MANUAL_REVIEW,至少一个受影响字段无法整字段安全转换，或完整源行不可读/不可定位，或存在复合断言
UA2-03477,user-agent,docs/SPEC-§22-用户端体验增强.md,source_section;source_quote;atomic_assertion,前端组件,Webhook 閰嶇疆鍒楄〃椤?,Webhook 閰嶇疆鍒楄〃椤?,,162;287;364;464;537;658;855;1168;1334;1572;1704;1796;1883;1944;2002;2077,gb18030->utf8 x1,NO,MANUAL_REVIEW,至少一个受影响字段无法整字段安全转换，或完整源行不可读/不可定位，或存在复合断言
UA2-03478,user-agent,docs/SPEC-§22-用户端体验增强.md,source_section,前端组件,`WebhookForm.tsx`,`WebhookForm.tsx`,1173,162;287;364;464;537;658;855;1168;1334;1572;1704;1796;1883;1944;2002;2077,gb18030->utf8 x1,NO,REVIEW_CANDIDATE,所有受影响字段均完成整字段可逆转换，且引用/章节可定位；仍需人工确认
UA2-03479,user-agent,docs/SPEC-§22-用户端体验增强.md,source_section,前端组件,弹窗/抽屉,弹窗/抽屉,,162;287;364;464;537;658;855;1168;1334;1572;1704;1796;1883;1944;2002;2077,gb18030->utf8 x1,NO,MANUAL_REVIEW,至少一个受影响字段无法整字段安全转换，或完整源行不可读/不可定位，或存在复合断言
UA2-03480,user-agent,docs/SPEC-§22-用户端体验增强.md,source_section;source_quote;atomic_assertion,前端组件,创建/编辑 Webhook 表单,创建/编辑 Webhook 表单,1173,162;287;364;464;537;658;855;1168;1334;1572;1704;1796;1883;1944;2002;2077,gb18030->utf8 x1,NO,REVIEW_CANDIDATE,所有受影响字段均完成整字段可逆转换，且引用/章节可定位；仍需人工确认
UA2-03481,user-agent,docs/SPEC-§22-用户端体验增强.md,source_section,前端组件,`WebhookCard.tsx`,`WebhookCard.tsx`,1174,162;287;364;464;537;658;855;1168;1334;1572;1704;1796;1883;1944;2002;2077,gb18030->utf8 x1,NO,REVIEW_CANDIDATE,所有受影响字段均完成整字段可逆转换，且引用/章节可定位；仍需人工确认
UA2-03482,user-agent,docs/SPEC-§22-用户端体验增强.md,source_section,前端组件,宓屽叆鍦?WebhookList 涓?,宓屽叆鍦?WebhookList 涓?,1174,162;287;364;464;537;658;855;1168;1334;1572;1704;1796;1883;1944;2002;2077,gb18030->utf8 x1,NO,REVIEW_CANDIDATE,所有受影响字段均完成整字段可逆转换，且引用/章节可定位；仍需人工确认
UA2-03483,user-agent,docs/SPEC-§22-用户端体验增强.md,source_section,前端组件,单个 Webhook 卡片,单个 Webhook 卡片,1174,162;287;364;464;537;658;855;1168;1334;1572;1704;1796;1883;1944;2002;2077,gb18030->utf8 x1,NO,REVIEW_CANDIDATE,所有受影响字段均完成整字段可逆转换，且引用/章节可定位；仍需人工确认
UA2-03484,user-agent,docs/SPEC-§22-用户端体验增强.md,source_section,前端组件,`WebhookTestButton.tsx`,`WebhookTestButton.tsx`,,162;287;364;464;537;658;855;1168;1334;1572;1704;1796;1883;1944;2002;2077,gb18030->utf8 x1,NO,MANUAL_REVIEW,至少一个受影响字段无法整字段安全转换，或完整源行不可读/不可定位，或存在复合断言
UA2-03485,user-agent,docs/SPEC-§22-用户端体验增强.md,source_section,前端组件,宓屽叆鍦?WebhookCard 涓?,宓屽叆鍦?WebhookCard 涓?,,162;287;364;464;537;658;855;1168;1334;1572;1704;1796;1883;1944;2002;2077,gb18030->utf8 x1,NO,MANUAL_REVIEW,至少一个受影响字段无法整字段安全转换，或完整源行不可读/不可定位，或存在复合断言
UA2-03486,user-agent,docs/SPEC-§22-用户端体验增强.md,source_section;source_quote;atomic_assertion,前端组件,娴嬭瘯鎸夐挳锛堝惈缁撴灉鎻愮ず锛?,娴嬭瘯鎸夐挳锛堝惈缁撴灉鎻愮ず锛?,,162;287;364;464;537;658;855;1168;1334;1572;1704;1796;1883;1944;2002;2077,gb18030->utf8 x1,NO,MANUAL_REVIEW,至少一个受影响字段无法整字段安全转换，或完整源行不可读/不可定位，或存在复合断言
UA2-03487,user-agent,docs/SPEC-§22-用户端体验增强.md,source_section,前端组件,`WebhookLogs.tsx`,`WebhookLogs.tsx`,1176,162;287;364;464;537;658;855;1168;1334;1572;1704;1796;1883;1944;2002;2077,gb18030->utf8 x1,NO,REVIEW_CANDIDATE,所有受影响字段均完成整字段可逆转换，且引用/章节可定位；仍需人工确认
UA2-03488,user-agent,docs/SPEC-§22-用户端体验增强.md,source_section,前端组件,`/console/webhooks/:id/logs`,`/console/webhooks/:id/logs`,1176,162;287;364;464;537;658;855;1168;1334;1572;1704;1796;1883;1944;2002;2077,gb18030->utf8 x1,NO,REVIEW_CANDIDATE,所有受影响字段均完成整字段可逆转换，且引用/章节可定位；仍需人工确认
UA2-03489,user-agent,docs/SPEC-§22-用户端体验增强.md,source_section,前端组件,鎶曢€掓棩蹇楀垪琛?,鎶曢€掓棩蹇楀垪琛?,1176,162;287;364;464;537;658;855;1168;1334;1572;1704;1796;1883;1944;2002;2077,gb18030->utf8 x1,NO,REVIEW_CANDIDATE,所有受影响字段均完成整字段可逆转换，且引用/章节可定位；仍需人工确认
UA2-03490,user-agent,docs/SPEC-§22-用户端体验增强.md,source_section,前端组件,`WebhookLogDetail.tsx`,`WebhookLogDetail.tsx`,,162;287;364;464;537;658;855;1168;1334;1572;1704;1796;1883;1944;2002;2077,gb18030->utf8 x1,NO,MANUAL_REVIEW,至少一个受影响字段无法整字段安全转换，或完整源行不可读/不可定位，或存在复合断言
UA2-03491,user-agent,docs/SPEC-§22-用户端体验增强.md,source_section,前端组件,弹窗,弹窗,729;1226,162;287;364;464;537;658;855;1168;1334;1572;1704;1796;1883;1944;2002;2077,gb18030->utf8 x1,NO,REVIEW_CANDIDATE,所有受影响字段均完成整字段可逆转换，且引用/章节可定位；仍需人工确认
UA2-03492,user-agent,docs/SPEC-§22-用户端体验增强.md,source_section;source_quote;atomic_assertion,前端组件,鍗曟潯鎶曢€掓棩蹇楄鎯?,鍗曟潯鎶曢€掓棩蹇楄鎯?,,162;287;364;464;537;658;855;1168;1334;1572;1704;1796;1883;1944;2002;2077,gb18030->utf8 x1,NO,MANUAL_REVIEW,至少一个受影响字段无法整字段安全转换，或完整源行不可读/不可定位，或存在复合断言
UA2-03494,user-agent,docs/SPEC-§22-用户端体验增强.md,source_quote;atomic_assertion,边界条件,"鍓嶇鏍￠獙锛屾彁浜ゆ寜閽?disabled锛屾彁绀?璇蜂娇鐢?HTTPS 鍦板潃""","鍓嶇鏍￠獙锛屾彁浜ゆ寜閽?disabled锛屾彁绀?璇蜂娇鐢?HTTPS 鍦板潃""",,196;943;1179;1382;1607;1817,gb18030->utf8 x1,NO,MANUAL_REVIEW,至少一个受影响字段无法整字段安全转换，或完整源行不可读/不可定位，或存在复合断言
UA2-03496,user-agent,docs/SPEC-§22-用户端体验增强.md,source_quote;atomic_assertion,边界条件,"琛ㄥ崟鏍￠獙鎻愮ず""璇疯緭鍏ュ洖璋?URL""","琛ㄥ崟鏍￠獙鎻愮ず""璇疯緭鍏ュ洖璋?URL""",,196;943;1179;1382;1607;1817,gb18030->utf8 x1,NO,MANUAL_REVIEW,至少一个受影响字段无法整字段安全转换，或完整源行不可读/不可定位，或存在复合断言
UA2-03497,user-agent,docs/SPEC-§22-用户端体验增强.md,source_quote;atomic_assertion,边界条件,鏈€夋嫨浠讳綍浜嬩欢,鏈€夋嫨浠讳綍浜嬩欢,,196;943;1179;1382;1607;1817,gb18030->utf8 x1,NO,MANUAL_REVIEW,至少一个受影响字段无法整字段安全转换，或完整源行不可读/不可定位，或存在复合断言
UA2-03498,user-agent,docs/SPEC-§22-用户端体验增强.md,source_quote;atomic_assertion,边界条件,淇濆瓨鎸夐挳 disabled锛屾彁绀?璇疯嚦灏戦€夋嫨涓€涓闃呬簨浠?,淇濆瓨鎸夐挳 disabled锛屾彁绀?璇疯嚦灏戦€夋嫨涓€涓闃呬簨浠?,,196;943;1179;1382;1607;1817,gb18030->utf8 x1,NO,MANUAL_REVIEW,至少一个受影响字段无法整字段安全转换，或完整源行不可读/不可定位，或存在复合断言
UA2-03499,user-agent,docs/SPEC-§22-用户端体验增强.md,source_quote;atomic_assertion,边界条件,鎺ㄩ€佽秴鏃讹紙10 绉掞級,鎺ㄩ€佽秴鏃讹紙10 绉掞級,,196;943;1179;1382;1607;1817,gb18030->utf8 x1,NO,MANUAL_REVIEW,至少一个受影响字段无法整字段安全转换，或完整源行不可读/不可定位，或存在复合断言
UA2-03500,user-agent,docs/SPEC-§22-用户端体验增强.md,source_quote;atomic_assertion,边界条件,璁板綍 timeout锛岃繘鍏ラ噸璇曟祦绋?,璁板綍 timeout锛岃繘鍏ラ噸璇曟祦绋?,,196;943;1179;1382;1607;1817,gb18030->utf8 x1,NO,MANUAL_REVIEW,至少一个受影响字段无法整字段安全转换，或完整源行不可读/不可定位，或存在复合断言
UA2-03501,user-agent,docs/SPEC-§22-用户端体验增强.md,source_quote;atomic_assertion,边界条件,鎺ㄩ€佸悗鐩爣杩斿洖闈?2xx,鎺ㄩ€佸悗鐩爣杩斿洖闈?2xx,,196;943;1179;1382;1607;1817,gb18030->utf8 x1,NO,MANUAL_REVIEW,至少一个受影响字段无法整字段安全转换，或完整源行不可读/不可定位，或存在复合断言
UA2-03502,user-agent,docs/SPEC-§22-用户端体验增强.md,source_quote;atomic_assertion,边界条件,璁板綍 failed + 鍝嶅簲鐘舵€佺爜锛岃繘鍏ラ噸璇?,璁板綍 failed + 鍝嶅簲鐘舵€佺爜锛岃繘鍏ラ噸璇?,,196;943;1179;1382;1607;1817,gb18030->utf8 x1,NO,MANUAL_REVIEW,至少一个受影响字段无法整字段安全转换，或完整源行不可读/不可定位，或存在复合断言
UA2-03504,user-agent,docs/SPEC-§22-用户端体验增强.md,source_quote;atomic_assertion,边界条件,鑷姩绂佺敤 鈫?鍙戦€佺珯鍐呴€氱煡 + 閭欢閫氱煡,鑷姩绂佺敤 鈫?鍙戦€佺珯鍐呴€氱煡 + 閭欢閫氱煡,,196;943;1179;1382;1607;1817,gb18030->utf8 x1,NO,MANUAL_REVIEW,至少一个受影响字段无法整字段安全转换，或完整源行不可读/不可定位，或存在复合断言
UA2-03506,user-agent,docs/SPEC-§22-用户端体验增强.md,source_quote;atomic_assertion,边界条件,不推送第二次（去重保护）,不推送第二次（去重保护）,,196;943;1179;1382;1607;1817,gb18030->utf8 x1,NO,MANUAL_REVIEW,至少一个受影响字段无法整字段安全转换，或完整源行不可读/不可定位，或存在复合断言
UA2-03508,user-agent,docs/SPEC-§22-用户端体验增强.md,source_quote;atomic_assertion,边界条件,鏃?Secret 绔嬪嵆澶辨晥锛屾墍鏈夌瓑寰呯鍚嶇殑鎺ㄩ€佹敼鐢ㄦ柊 Secret,鏃?Secret 绔嬪嵆澶辨晥锛屾墍鏈夌瓑寰呯鍚嶇殑鎺ㄩ€佹敼鐢ㄦ柊 Secret,,196;943;1179;1382;1607;1817,gb18030->utf8 x1,NO,MANUAL_REVIEW,至少一个受影响字段无法整字段安全转换，或完整源行不可读/不可定位，或存在复合断言
UA2-03509,user-agent,docs/SPEC-§22-用户端体验增强.md,source_quote;atomic_assertion,边界条件,娴嬭瘯浜嬩欢鎺ㄩ€?,娴嬭瘯浜嬩欢鎺ㄩ€?,,196;943;1179;1382;1607;1817,gb18030->utf8 x1,NO,MANUAL_REVIEW,至少一个受影响字段无法整字段安全转换，或完整源行不可读/不可定位，或存在复合断言
UA2-03510,user-agent,docs/SPEC-§22-用户端体验增强.md,source_quote;atomic_assertion,边界条件,涓嶈蛋棰戠巼闄愬埗锛屽疄鏃跺彂閫侊紱澶辫触涓嶈鍏ヨ繛缁け璐ヨ鏁?,涓嶈蛋棰戠巼闄愬埗锛屽疄鏃跺彂閫侊紱澶辫触涓嶈鍏ヨ繛缁け璐ヨ鏁?,,196;943;1179;1382;1607;1817,gb18030->utf8 x1,NO,MANUAL_REVIEW,至少一个受影响字段无法整字段安全转换，或完整源行不可读/不可定位，或存在复合断言
UA2-03511,user-agent,docs/SPEC-§22-用户端体验增强.md,source_quote;atomic_assertion,边界条件,用户删除 Webhook,用户删除 Webhook,,196;943;1179;1382;1607;1817,gb18030->utf8 x1,NO,MANUAL_REVIEW,至少一个受影响字段无法整字段安全转换，或完整源行不可读/不可定位，或存在复合断言
UA2-03512,user-agent,docs/SPEC-§22-用户端体验增强.md,source_quote;atomic_assertion,边界条件,鍏宠仈鎶曢€掓棩蹇椾繚鐣?30 澶╋紝涔嬪悗娓呯悊,鍏宠仈鎶曢€掓棩蹇椾繚鐣?30 澶╋紝涔嬪悗娓呯悊,,196;943;1179;1382;1607;1817,gb18030->utf8 x1,NO,MANUAL_REVIEW,至少一个受影响字段无法整字段安全转换，或完整源行不可读/不可定位，或存在复合断言
UA2-03513,user-agent,docs/SPEC-§22-用户端体验增强.md,source_quote;atomic_assertion,边界条件,鐢ㄦ埛姣忓ぉ鏈€澶氬垱寤?Webhook,鐢ㄦ埛姣忓ぉ鏈€澶氬垱寤?Webhook,,196;943;1179;1382;1607;1817,gb18030->utf8 x1,NO,MANUAL_REVIEW,至少一个受影响字段无法整字段安全转换，或完整源行不可读/不可定位，或存在复合断言
UA2-03515,user-agent,docs/SPEC-§22-用户端体验增强.md,source_section,验收标准,AC-32,AC-32,1199,209;956;1195;1395;1621;1724;1827;1908;1957;2021;2096,gb18030->utf8 x1,NO,REVIEW_CANDIDATE,所有受影响字段均完成整字段可逆转换，且引用/章节可定位；仍需人工确认
UA2-03516,user-agent,docs/SPEC-§22-用户端体验增强.md,source_section;source_quote;atomic_assertion,验收标准,创建 Webhook 配置,创建 Webhook 配置,1199,209;956;1195;1395;1621;1724;1827;1908;1957;2021;2096,gb18030->utf8 x1,NO,REVIEW_CANDIDATE,所有受影响字段均完成整字段可逆转换，且引用/章节可定位；仍需人工确认
UA2-03517,user-agent,docs/SPEC-§22-用户端体验增强.md,source_section;source_quote;atomic_assertion,验收标准,保存成功，列表出现新卡片,保存成功，列表出现新卡片,1199,209;956;1195;1395;1621;1724;1827;1908;1957;2021;2096,gb18030->utf8 x1,NO,REVIEW_CANDIDATE,所有受影响字段均完成整字段可逆转换，且引用/章节可定位；仍需人工确认
UA2-03518,user-agent,docs/SPEC-§22-用户端体验增强.md,source_section,验收标准,AC-33,AC-33,,209;956;1195;1395;1621;1724;1827;1908;1957;2021;2096,gb18030->utf8 x1,NO,MANUAL_REVIEW,至少一个受影响字段无法整字段安全转换，或完整源行不可读/不可定位，或存在复合断言
UA2-03519,user-agent,docs/SPEC-§22-用户端体验增强.md,source_section,验收标准,杈撳叆闈?HTTPS URL 鈫?鎻愪氦,杈撳叆闈?HTTPS URL 鈫?鎻愪氦,,209;956;1195;1395;1621;1724;1827;1908;1957;2021;2096,gb18030->utf8 x1,NO,MANUAL_REVIEW,至少一个受影响字段无法整字段安全转换，或完整源行不可读/不可定位，或存在复合断言
UA2-03520,user-agent,docs/SPEC-§22-用户端体验增强.md,source_section;source_quote;atomic_assertion,验收标准,"鍓嶇闃绘柇锛岀孩鑹叉彁绀?璇蜂娇鐢?HTTPS""","鍓嶇闃绘柇锛岀孩鑹叉彁绀?璇蜂娇鐢?HTTPS""",,209;956;1195;1395;1621;1724;1827;1908;1957;2021;2096,gb18030->utf8 x1,NO,MANUAL_REVIEW,至少一个受影响字段无法整字段安全转换，或完整源行不可读/不可定位，或存在复合断言
UA2-03521,user-agent,docs/SPEC-§22-用户端体验增强.md,source_section,验收标准,AC-34,AC-34,,209;956;1195;1395;1621;1724;1827;1908;1957;2021;2096,gb18030->utf8 x1,NO,MANUAL_REVIEW,至少一个受影响字段无法整字段安全转换，或完整源行不可读/不可定位，或存在复合断言
UA2-03522,user-agent,docs/SPEC-§22-用户端体验增强.md,source_section;source_quote;atomic_assertion,验收标准,浣欓浣庝簬闃堝€?鈫?瑙﹀彂 balance.low,浣欓浣庝簬闃堝€?鈫?瑙﹀彂 balance.low,,209;956;1195;1395;1621;1724;1827;1908;1957;2021;2096,gb18030->utf8 x1,NO,MANUAL_REVIEW,至少一个受影响字段无法整字段安全转换，或完整源行不可读/不可定位，或存在复合断言
UA2-03523,user-agent,docs/SPEC-§22-用户端体验增强.md,source_section;source_quote;atomic_assertion,验收标准,鎺ㄩ€佸埌鐩爣 URL锛孹-3Cloud-Signature 姝ｇ‘,鎺ㄩ€佸埌鐩爣 URL锛孹-3Cloud-Signature 姝ｇ‘,,209;956;1195;1395;1621;1724;1827;1908;1957;2021;2096,gb18030->utf8 x1,NO,MANUAL_REVIEW,至少一个受影响字段无法整字段安全转换，或完整源行不可读/不可定位，或存在复合断言
UA2-03524,user-agent,docs/SPEC-§22-用户端体验增强.md,source_section,验收标准,AC-35,AC-35,,209;956;1195;1395;1621;1724;1827;1908;1957;2021;2096,gb18030->utf8 x1,NO,MANUAL_REVIEW,至少一个受影响字段无法整字段安全转换，或完整源行不可读/不可定位，或存在复合断言
UA2-03525,user-agent,docs/SPEC-§22-用户端体验增强.md,source_section;source_quote;atomic_assertion,验收标准,鐢ㄦ埛绔獙璇佺鍚?,鐢ㄦ埛绔獙璇佺鍚?,,209;956;1195;1395;1621;1724;1827;1908;1957;2021;2096,gb18030->utf8 x1,NO,MANUAL_REVIEW,至少一个受影响字段无法整字段安全转换，或完整源行不可读/不可定位，或存在复合断言
UA2-03526,user-agent,docs/SPEC-§22-用户端体验增强.md,source_section,验收标准,HMAC-SHA256 验证通过,HMAC-SHA256 验证通过,,209;956;1195;1395;1621;1724;1827;1908;1957;2021;2096,gb18030->utf8 x1,NO,MANUAL_REVIEW,至少一个受影响字段无法整字段安全转换，或完整源行不可读/不可定位，或存在复合断言
UA2-03527,user-agent,docs/SPEC-§22-用户端体验增强.md,source_section,验收标准,AC-36,AC-36,,209;956;1195;1395;1621;1724;1827;1908;1957;2021;2096,gb18030->utf8 x1,NO,MANUAL_REVIEW,至少一个受影响字段无法整字段安全转换，或完整源行不可读/不可定位，或存在复合断言
UA2-03528,user-agent,docs/SPEC-§22-用户端体验增强.md,source_section;source_quote;atomic_assertion,验收标准,鎺ㄩ€佺 1 娆″け璐?,鎺ㄩ€佺 1 娆″け璐?,,209;956;1195;1395;1621;1724;1827;1908;1957;2021;2096,gb18030->utf8 x1,NO,MANUAL_REVIEW,至少一个受影响字段无法整字段安全转换，或完整源行不可读/不可定位，或存在复合断言
UA2-03529,user-agent,docs/SPEC-§22-用户端体验增强.md,source_section;source_quote;atomic_assertion,验收标准,5 绉掑悗閲嶈瘯 鈫?30 绉掑悗閲嶈瘯 鈫?5 鍒嗛挓鍚庨噸璇?,5 绉掑悗閲嶈瘯 鈫?30 绉掑悗閲嶈瘯 鈫?5 鍒嗛挓鍚庨噸璇?,,209;956;1195;1395;1621;1724;1827;1908;1957;2021;2096,gb18030->utf8 x1,NO,MANUAL_REVIEW,至少一个受影响字段无法整字段安全转换，或完整源行不可读/不可定位，或存在复合断言
UA2-03530,user-agent,docs/SPEC-§22-用户端体验增强.md,source_section,验收标准,AC-37,AC-37,,209;956;1195;1395;1621;1724;1827;1908;1957;2021;2096,gb18030->utf8 x1,NO,MANUAL_REVIEW,至少一个受影响字段无法整字段安全转换，或完整源行不可读/不可定位，或存在复合断言
UA2-03531,user-agent,docs/SPEC-§22-用户端体验增强.md,source_section,验收标准,杩炵画 10 娆℃帹閫佸け璐?,杩炵画 10 娆℃帹閫佸け璐?,,209;956;1195;1395;1621;1724;1827;1908;1957;2021;2096,gb18030->utf8 x1,NO,MANUAL_REVIEW,至少一个受影响字段无法整字段安全转换，或完整源行不可读/不可定位，或存在复合断言
UA2-03532,user-agent,docs/SPEC-§22-用户端体验增强.md,source_section;source_quote;atomic_assertion,验收标准,Webhook 鑷姩绂佺敤锛岀敤鎴锋敹鍒伴€氱煡,Webhook 鑷姩绂佺敤锛岀敤鎴锋敹鍒伴€氱煡,,209;956;1195;1395;1621;1724;1827;1908;1957;2021;2096,gb18030->utf8 x1,NO,MANUAL_REVIEW,至少一个受影响字段无法整字段安全转换，或完整源行不可读/不可定位，或存在复合断言
UA2-03533,user-agent,docs/SPEC-§22-用户端体验增强.md,source_section,验收标准,AC-38,AC-38,,209;956;1195;1395;1621;1724;1827;1908;1957;2021;2096,gb18030->utf8 x1,NO,MANUAL_REVIEW,至少一个受影响字段无法整字段安全转换，或完整源行不可读/不可定位，或存在复合断言
UA2-03534,user-agent,docs/SPEC-§22-用户端体验增强.md,source_section;source_quote;atomic_assertion,验收标准,"鐐瑰嚮""鍙戦€佹祴璇?","鐐瑰嚮""鍙戦€佹祴璇?",,209;956;1195;1395;1621;1724;1827;1908;1957;2021;2096,gb18030->utf8 x1,NO,MANUAL_REVIEW,至少一个受影响字段无法整字段安全转换，或完整源行不可读/不可定位，或存在复合断言
UA2-03535,user-agent,docs/SPEC-§22-用户端体验增强.md,source_section;source_quote;atomic_assertion,验收标准,娴嬭瘯浜嬩欢鍙戦€佸埌 URL锛岄〉闈㈠睍绀虹粨鏋?,娴嬭瘯浜嬩欢鍙戦€佸埌 URL锛岄〉闈㈠睍绀虹粨鏋?,,209;956;1195;1395;1621;1724;1827;1908;1957;2021;2096,gb18030->utf8 x1,NO,MANUAL_REVIEW,至少一个受影响字段无法整字段安全转换，或完整源行不可读/不可定位，或存在复合断言
UA2-03536,user-agent,docs/SPEC-§22-用户端体验增强.md,source_section,验收标准,AC-39,AC-39,,209;956;1195;1395;1621;1724;1827;1908;1957;2021;2096,gb18030->utf8 x1,NO,MANUAL_REVIEW,至少一个受影响字段无法整字段安全转换，或完整源行不可读/不可定位，或存在复合断言
UA2-03537,user-agent,docs/SPEC-§22-用户端体验增强.md,source_section;source_quote;atomic_assertion,验收标准,鏌ョ湅鎶曢€掓棩蹇?,鏌ョ湅鎶曢€掓棩蹇?,,209;956;1195;1395;1621;1724;1827;1908;1957;2021;2096,gb18030->utf8 x1,NO,MANUAL_REVIEW,至少一个受影响字段无法整字段安全转换，或完整源行不可读/不可定位，或存在复合断言
UA2-03538,user-agent,docs/SPEC-§22-用户端体验增强.md,source_section;source_quote;atomic_assertion,验收标准,鏃ュ織鍒楄〃鏄剧ず姣忔潯鎺ㄩ€佺姸鎬併€佽€楁椂銆佸搷搴旂爜,鏃ュ織鍒楄〃鏄剧ず姣忔潯鎺ㄩ€佺姸鎬併€佽€楁椂銆佸搷搴旂爜,,209;956;1195;1395;1621;1724;1827;1908;1957;2021;2096,gb18030->utf8 x1,NO,MANUAL_REVIEW,至少一个受影响字段无法整字段安全转换，或完整源行不可读/不可定位，或存在复合断言
UA2-03539,user-agent,docs/SPEC-§22-用户端体验增强.md,source_section,验收标准,AC-40,AC-40,,209;956;1195;1395;1621;1724;1827;1908;1957;2021;2096,gb18030->utf8 x1,NO,MANUAL_REVIEW,至少一个受影响字段无法整字段安全转换，或完整源行不可读/不可定位，或存在复合断言
UA2-03540,user-agent,docs/SPEC-§22-用户端体验增强.md,source_section;source_quote;atomic_assertion,验收标准,灞曞紑鎶曢€掕鎯?,灞曞紑鎶曢€掕鎯?,,209;956;1195;1395;1621;1724;1827;1908;1957;2021;2096,gb18030->utf8 x1,NO,MANUAL_REVIEW,至少一个受影响字段无法整字段安全转换，或完整源行不可读/不可定位，或存在复合断言
UA2-03541,user-agent,docs/SPEC-§22-用户端体验增强.md,source_section;source_quote;atomic_assertion,验收标准,鏄剧ず瀹屾暣璇锋眰澶村拰鍝嶅簲浣?,鏄剧ず瀹屾暣璇锋眰澶村拰鍝嶅簲浣?,,209;956;1195;1395;1621;1724;1827;1908;1957;2021;2096,gb18030->utf8 x1,NO,MANUAL_REVIEW,至少一个受影响字段无法整字段安全转换，或完整源行不可读/不可定位，或存在复合断言
UA2-03542,user-agent,docs/SPEC-§22-用户端体验增强.md,source_quote;atomic_assertion,功能描述,鏀寔寰俊鎵爜鐧诲綍銆丟itHub OAuth 鐧诲綍銆丟oogle OAuth 鐧诲綍涓夌绗笁鏂圭櫥褰曟柟寮忥紝闄嶄綆娉ㄥ唽闂ㄦ锛屾彁楂樻柊鐢ㄦ埛杞寲鐜囥€傚凡鏈夐偖绠辨敞鍐岀殑璐﹀彿鍙互缁戝畾绗笁鏂圭櫥褰曟柟寮忋€?,鏀寔寰俊鎵爜鐧诲綍銆丟itHub OAuth 鐧诲綍銆丟oogle OAuth 鐧诲綍涓夌绗笁鏂圭櫥褰曟柟寮忥紝闄嶄綆娉ㄥ唽闂ㄦ锛屾彁楂樻柊鐢ㄦ埛杞寲鐜囥€傚凡鏈夐偖绠辨敞鍐岀殑璐﹀彿鍙互缁戝畾绗笁鏂圭櫥褰曟柟寮忋€?,,39;228;232;308;426;481;567;735;974;1213;1412;1659;1732;1837;1917;1966;2029,gb18030->utf8 x1,NO,MANUAL_REVIEW,至少一个受影响字段无法整字段安全转换，或完整源行不可读/不可定位，或存在复合断言
UA2-03543,user-agent,docs/SPEC-§22-用户端体验增强.md,source_quote;atomic_assertion,完成能力 / 展示效果,**鐧诲綍椤垫寜閽竷灞€锛?*,**鐧诲綍椤垫寜閽竷灞€锛?*,,42;235;311;429;484;570;750;977;1216;1415;1662;1735;1840;1920;1969;2032,gb18030->utf8 x1,NO,MANUAL_REVIEW,至少一个受影响字段无法整字段安全转换，或完整源行不可读/不可定位，或存在复合断言
UA2-03544,user-agent,docs/SPEC-§22-用户端体验增强.md,source_quote;atomic_assertion,完成能力 / 展示效果,鈹屸攢 寰俊鎵爜鐧诲綍 鈹€鈹€鈹€鈹€鈹€鈹€鈹€鈹€鈹€鈹€鈹€鈹€鈹€鈹€鈹€鈹€鈹€鈹€鈹€鈹€鈹€鈹€ [脳] 鈹€鈹?鈹?                                             鈹?鈹?          鈹屸攢鈹€鈹€鈹€鈹€鈹€鈹€鈹€鈹€鈹€鈹€鈹€鈹€鈹€鈹€鈹€鈹€鈹?              鈹?鈹?          鈹?                鈹?              鈹?鈹?          鈹?  [浜岀淮鐮佸浘鐗嘳   鈹?              鈹?鈹?          鈹?                鈹?              鈹?鈹?          鈹斺攢鈹€鈹€鈹€鈹€鈹€鈹€鈹€鈹€鈹€鈹€鈹€鈹€鈹€鈹€鈹€鈹€鈹?              鈹?鈹?                                             鈹?鈹?       璇蜂娇鐢ㄥ井淇℃壂鎻忎簩缁寸爜鐧诲綍                鈹?鈹?       浜岀淮鐮佹湁鏁堟湡涓?5 鍒嗛挓                   鈹?鈹?                                             鈹?鈹?       [鍒锋柊浜岀淮鐮乚                          鈹?鈹?       鈹€鈹€鈹€鈹€鈹€鈹€鈹€鈹€鈹€鈹€鈹€鈹€鈹€鈹€鈹€鈹€鈹€鈹€鈹€鈹€                  鈹?鈹?       鎵弿鎴愬姛鍚庯紝椤甸潰灏嗚嚜鍔ㄨ烦杞?              鈹?鈹斺攢鈹€鈹€鈹€鈹€鈹€鈹€鈹€鈹€鈹€鈹€鈹€鈹€鈹€鈹€鈹€鈹€鈹€鈹€鈹€鈹€鈹€鈹€鈹€鈹€鈹€鈹€鈹€鈹€鈹€鈹€鈹€鈹€鈹€鈹€鈹€鈹€鈹€鈹€鈹€鈹€鈹€鈹€鈹€鈹€鈹€鈹?,鈹屸攢 寰俊鎵爜鐧诲綍 鈹€鈹€鈹€鈹€鈹€鈹€鈹€鈹€鈹€鈹€鈹€鈹€鈹€鈹€鈹€鈹€鈹€鈹€鈹€鈹€鈹€鈹€ [脳] 鈹€鈹?鈹?                                             鈹?鈹?          鈹屸攢鈹€鈹€鈹€鈹€鈹€鈹€鈹€鈹€鈹€鈹€鈹€鈹€鈹€鈹€鈹€鈹€鈹?              鈹?鈹?          鈹?                鈹?              鈹?鈹?          鈹?  [浜岀淮鐮佸浘鐗嘳   鈹?              鈹?鈹?          鈹?                鈹?              鈹?鈹?          鈹斺攢鈹€鈹€鈹€鈹€鈹€鈹€鈹€鈹€鈹€鈹€鈹€鈹€鈹€鈹€鈹€鈹€鈹?              鈹?鈹?                                             鈹?鈹?       璇蜂娇鐢ㄥ井淇℃壂鎻忎簩缁寸爜鐧诲綍                鈹?鈹?       浜岀淮鐮佹湁鏁堟湡涓?5 鍒嗛挓                   鈹?鈹?                                             鈹?鈹?       [鍒锋柊浜岀淮鐮乚                          鈹?鈹?       鈹€鈹€鈹€鈹€鈹€鈹€鈹€鈹€鈹€鈹€鈹€鈹€鈹€鈹€鈹€鈹€鈹€鈹€鈹€鈹€                  鈹?鈹?       鎵弿鎴愬姛鍚庯紝椤甸潰灏嗚嚜鍔ㄨ烦杞?              鈹?鈹斺攢鈹€鈹€鈹€鈹€鈹€鈹€鈹€鈹€鈹€鈹€鈹€鈹€鈹€鈹€鈹€鈹€鈹€鈹€鈹€鈹€鈹€鈹€鈹€鈹€鈹€鈹€鈹€鈹€鈹€鈹€鈹€鈹€鈹€鈹€鈹€鈹€鈹€鈹€鈹€鈹€鈹€鈹€鈹€鈹€鈹€鈹?,,42;235;311;429;484;570;750;977;1216;1415;1662;1735;1840;1920;1969;2032,gb18030->utf8 x1,NO,MANUAL_REVIEW,至少一个受影响字段无法整字段安全转换，或完整源行不可读/不可定位，或存在复合断言
UA2-03545,user-agent,docs/SPEC-§22-用户端体验增强.md,source_quote;atomic_assertion,完成能力 / 展示效果,鍓嶇杞妫€鏌ワ紙姣?2 绉掞級鎵爜鐘舵€?- 鎵爜鎴愬姛 鈫?妯℃€佹鑷姩鍏抽棴 鈫?璺宠浆鍒颁华琛ㄧ洏,鍓嶇杞妫€鏌ワ紙姣?2 绉掞級鎵爜鐘舵€?- 鎵爜鎴愬姛 鈫?妯℃€佹鑷姩鍏抽棴 鈫?璺宠浆鍒颁华琛ㄧ洏,,42;235;311;429;484;570;750;977;1216;1415;1662;1735;1840;1920;1969;2032,gb18030->utf8 x1,NO,MANUAL_REVIEW,至少一个受影响字段无法整字段安全转换，或完整源行不可读/不可定位，或存在复合断言
UA2-03546,user-agent,docs/SPEC-§22-用户端体验增强.md,source_quote;atomic_assertion,完成能力 / 展示效果,"5 鍒嗛挓瓒呮椂 鈫?鏄剧ず""浜岀淮鐮佸凡杩囨湡锛岃鐐瑰嚮鍒锋柊""","5 鍒嗛挓瓒呮椂 鈫?鏄剧ず""浜岀淮鐮佸凡杩囨湡锛岃鐐瑰嚮鍒锋柊""",,42;235;311;429;484;570;750;977;1216;1415;1662;1735;1840;1920;1969;2032,gb18030->utf8 x1,NO,MANUAL_REVIEW,至少一个受影响字段无法整字段安全转换，或完整源行不可读/不可定位，或存在复合断言
UA2-03547,user-agent,docs/SPEC-§22-用户端体验增强.md,source_quote;atomic_assertion,完成能力 / 展示效果,轮询接口：`GET /api/v1/auth/oauth/wechat/status?ticket={ticket},轮询接口：`GET /api/v1/auth/oauth/wechat/status?ticket={ticket},1235,42;235;311;429;484;570;750;977;1216;1415;1662;1735;1840;1920;1969;2032,gb18030->utf8 x1,NO,REVIEW_CANDIDATE,所有受影响字段均完成整字段可逆转换，且引用/章节可定位；仍需人工确认
UA2-03548,user-agent,docs/SPEC-§22-用户端体验增强.md,source_section;source_quote;atomic_assertion,OAuth 缁戝畾绠＄悊锛堢敤鎴疯缃〉锛?,"鍏ュ彛锛歚/console/settings` 鈫?""绗笁鏂硅处鍙风粦瀹?鏍囩椤?","鍏ュ彛锛歚/console/settings` 鈫?""绗笁鏂硅处鍙风粦瀹?鏍囩椤?",,,,NO,MANUAL_REVIEW,至少一个受影响字段无法整字段安全转换，或完整源行不可读/不可定位，或存在复合断言
UA2-03549,user-agent,docs/SPEC-§22-用户端体验增强.md,source_section;source_quote;atomic_assertion,OAuth 缁戝畾绠＄悊锛堢敤鎴疯缃〉锛?,// user_oauth_connections 鈥?OAuth 璐﹀彿鍏宠仈,// user_oauth_connections 鈥?OAuth 璐﹀彿鍏宠仈,,,,NO,MANUAL_REVIEW,至少一个受影响字段无法整字段安全转换，或完整源行不可读/不可定位，或存在复合断言
UA2-03550,user-agent,docs/SPEC-§22-用户端体验增强.md,source_section,OAuth 缁戝畾绠＄悊锛堢敤鎴疯缃〉锛?,"export const userOAuthConnections = pgTable(""user_oauth_connections"", {","export const userOAuthConnections = pgTable(""user_oauth_connections"", {",1286,,,NO,MANUAL_REVIEW,至少一个受影响字段无法整字段安全转换，或完整源行不可读/不可定位，或存在复合断言
UA2-03551,user-agent,docs/SPEC-§22-用户端体验增强.md,source_section,OAuth 缁戝畾绠＄悊锛堢敤鎴疯缃〉锛?,"id: serial(""id"").primaryKey(),","id: serial(""id"").primaryKey(),",408;1088;1110;1129;1287;1452;1762,,,NO,MANUAL_REVIEW,至少一个受影响字段无法整字段安全转换，或完整源行不可读/不可定位，或存在复合断言
UA2-03552,user-agent,docs/SPEC-§22-用户端体验增强.md,source_section,OAuth 缁戝畾绠＄悊锛堢敤鎴疯缃〉锛?,"userId: integer(""user_id"").notNull().references(() => users.id, { onDelete: ""cascade"" }),","userId: integer(""user_id"").notNull().references(() => users.id, { onDelete: ""cascade"" }),",1288;1453,,,NO,MANUAL_REVIEW,至少一个受影响字段无法整字段安全转换，或完整源行不可读/不可定位，或存在复合断言
UA2-03553,user-agent,docs/SPEC-§22-用户端体验增强.md,source_section,OAuth 缁戝畾绠＄悊锛堢敤鎴疯缃〉锛?,"provider: varchar(""provider"", { length: 20 }).notNull(),  // 'wechat' | 'github' | 'google'","provider: varchar(""provider"", { length: 20 }).notNull(),  // 'wechat' | 'github' | 'google'",1289,,,NO,MANUAL_REVIEW,至少一个受影响字段无法整字段安全转换，或完整源行不可读/不可定位，或存在复合断言
UA2-03554,user-agent,docs/SPEC-§22-用户端体验增强.md,source_section,OAuth 缁戝畾绠＄悊锛堢敤鎴疯缃〉锛?,"providerUserId: varchar(""provider_user_id"", { length: 100 }).notNull(),","providerUserId: varchar(""provider_user_id"", { length: 100 }).notNull(),",1290,,,NO,MANUAL_REVIEW,至少一个受影响字段无法整字段安全转换，或完整源行不可读/不可定位，或存在复合断言
UA2-03555,user-agent,docs/SPEC-§22-用户端体验增强.md,source_section,OAuth 缁戝畾绠＄悊锛堢敤鎴疯缃〉锛?,"providerEmail: varchar(""provider_email"", { length: 255 }),","providerEmail: varchar(""provider_email"", { length: 255 }),",1291,,,NO,MANUAL_REVIEW,至少一个受影响字段无法整字段安全转换，或完整源行不可读/不可定位，或存在复合断言
UA2-03556,user-agent,docs/SPEC-§22-用户端体验增强.md,source_section,OAuth 缁戝畾绠＄悊锛堢敤鎴疯缃〉锛?,"providerName: varchar(""provider_name"", { length: 100 }),","providerName: varchar(""provider_name"", { length: 100 }),",1292,,,NO,MANUAL_REVIEW,至少一个受影响字段无法整字段安全转换，或完整源行不可读/不可定位，或存在复合断言
UA2-03557,user-agent,docs/SPEC-§22-用户端体验增强.md,source_section,OAuth 缁戝畾绠＄悊锛堢敤鎴疯缃〉锛?,"providerAvatar: varchar(""provider_avatar"", { length: 500 }),","providerAvatar: varchar(""provider_avatar"", { length: 500 }),",1293,,,NO,MANUAL_REVIEW,至少一个受影响字段无法整字段安全转换，或完整源行不可读/不可定位，或存在复合断言
UA2-03558,user-agent,docs/SPEC-§22-用户端体验增强.md,source_section,OAuth 缁戝畾绠＄悊锛堢敤鎴疯缃〉锛?,"accessToken: text(""access_token""),          // 加密存储","accessToken: text(""access_token""),          // 加密存储",1294,,gb18030->utf8 x1,NO,MANUAL_REVIEW,至少一个受影响字段无法整字段安全转换，或完整源行不可读/不可定位，或存在复合断言
UA2-03559,user-agent,docs/SPEC-§22-用户端体验增强.md,source_section,OAuth 缁戝畾绠＄悊锛堢敤鎴疯缃〉锛?,"refreshToken: text(""refresh_token""),        // 加密存储","refreshToken: text(""refresh_token""),        // 加密存储",1295,,gb18030->utf8 x1,NO,MANUAL_REVIEW,至少一个受影响字段无法整字段安全转换，或完整源行不可读/不可定位，或存在复合断言
UA2-03560,user-agent,docs/SPEC-§22-用户端体验增强.md,source_section,OAuth 缁戝畾绠＄悊锛堢敤鎴疯缃〉锛?,"tokenExpiresAt: timestamp(""token_expires_at""),","tokenExpiresAt: timestamp(""token_expires_at""),",1296,,,NO,MANUAL_REVIEW,至少一个受影响字段无法整字段安全转换，或完整源行不可读/不可定位，或存在复合断言
UA2-03561,user-agent,docs/SPEC-§22-用户端体验增强.md,source_section,OAuth 缁戝畾绠＄悊锛堢敤鎴疯缃〉锛?,"lastLoginAt: timestamp(""last_login_at""),","lastLoginAt: timestamp(""last_login_at""),",1297,,,NO,MANUAL_REVIEW,至少一个受影响字段无法整字段安全转换，或完整源行不可读/不可定位，或存在复合断言
UA2-03562,user-agent,docs/SPEC-§22-用户端体验增强.md,source_section,OAuth 缁戝畾绠＄悊锛堢敤鎴疯缃〉锛?,"createdAt: timestamp(""created_at"").defaultNow(),","createdAt: timestamp(""created_at"").defaultNow(),",416;1103;1298;1466;1770,,,NO,MANUAL_REVIEW,至少一个受影响字段无法整字段安全转换，或完整源行不可读/不可定位，或存在复合断言
UA2-03563,user-agent,docs/SPEC-§22-用户端体验增强.md,source_section,OAuth 缁戝畾绠＄悊锛堢敤鎴疯缃〉锛?,"updatedAt: timestamp(""updated_at"").defaultNow(),","updatedAt: timestamp(""updated_at"").defaultNow(),",1104;1299;1467,,,NO,MANUAL_REVIEW,至少一个受影响字段无法整字段安全转换，或完整源行不可读/不可定位，或存在复合断言
UA2-03564,user-agent,docs/SPEC-§22-用户端体验增强.md,source_section,OAuth 缁戝畾绠＄悊锛堢敤鎴疯缃〉锛?,"}, (table) => ({","}, (table) => ({",417;1105;1122;1134;1300;1468,,,NO,MANUAL_REVIEW,至少一个受影响字段无法整字段安全转换，或完整源行不可读/不可定位，或存在复合断言
UA2-03565,user-agent,docs/SPEC-§22-用户端体验增强.md,source_section,OAuth 缁戝畾绠＄悊锛堢敤鎴疯缃〉锛?,"uniqProvider: uniqueIndex(""uq_oauth_provider"").on(table.provider, table.providerUserId),","uniqProvider: uniqueIndex(""uq_oauth_provider"").on(table.provider, table.providerUserId),",1301,,,NO,MANUAL_REVIEW,至少一个受影响字段无法整字段安全转换，或完整源行不可读/不可定位，或存在复合断言
UA2-03566,user-agent,docs/SPEC-§22-用户端体验增强.md,source_section,OAuth 缁戝畾绠＄悊锛堢敤鎴疯缃〉锛?,"userIdProviderIdx: index(""idx_oauth_user_provider"").on(table.userId, table.provider),","userIdProviderIdx: index(""idx_oauth_user_provider"").on(table.userId, table.provider),",1302,,,NO,MANUAL_REVIEW,至少一个受影响字段无法整字段安全转换，或完整源行不可读/不可定位，或存在复合断言
UA2-03567,user-agent,docs/SPEC-§22-用户端体验增强.md,source_section;source_quote;atomic_assertion,OAuth 缁戝畾绠＄悊锛堢敤鎴疯缃〉锛?,GET    /api/v1/auth/oauth/:provider/url             鈥?鑾峰彇 OAuth 鎺堟潈 URL,GET    /api/v1/auth/oauth/:provider/url             鈥?鑾峰彇 OAuth 鎺堟潈 URL,,,,NO,MANUAL_REVIEW,至少一个受影响字段无法整字段安全转换，或完整源行不可读/不可定位，或存在复合断言
UA2-03568,user-agent,docs/SPEC-§22-用户端体验增强.md,source_section;source_quote;atomic_assertion,OAuth 缁戝畾绠＄悊锛堢敤鎴疯缃〉锛?,鍙傛暟锛歳edirect 鈥?鎺堟潈鍚庡洖璋冪殑椤甸潰璺緞,鍙傛暟锛歳edirect 鈥?鎺堟潈鍚庡洖璋冪殑椤甸潰璺緞,,,,NO,MANUAL_REVIEW,至少一个受影响字段无法整字段安全转换，或完整源行不可读/不可定位，或存在复合断言
UA2-03569,user-agent,docs/SPEC-§22-用户端体验增强.md,source_section;source_quote;atomic_assertion,OAuth 缁戝畾绠＄悊锛堢敤鎴疯缃〉锛?,"响应：{ url: ""https://..."" }","响应：{ url: ""https://..."" }",1311,,gb18030->utf8 x1,NO,MANUAL_REVIEW,至少一个受影响字段无法整字段安全转换，或完整源行不可读/不可定位，或存在复合断言
UA2-03570,user-agent,docs/SPEC-§22-用户端体验增强.md,source_section;source_quote;atomic_assertion,OAuth 缁戝畾绠＄悊锛堢敤鎴疯缃〉锛?,GET    /api/v1/auth/oauth/:provider/callback        鈥?OAuth 鍥炶皟锛堝悗绔鐞嗭級,GET    /api/v1/auth/oauth/:provider/callback        鈥?OAuth 鍥炶皟锛堝悗绔鐞嗭級,,,,NO,MANUAL_REVIEW,至少一个受影响字段无法整字段安全转换，或完整源行不可读/不可定位，或存在复合断言
UA2-03571,user-agent,docs/SPEC-§22-用户端体验增强.md,source_section;source_quote;atomic_assertion,OAuth 缁戝畾绠＄悊锛堢敤鎴疯缃〉锛?,"参数：code, state","参数：code, state",1314,,gb18030->utf8 x1,NO,MANUAL_REVIEW,至少一个受影响字段无法整字段安全转换，或完整源行不可读/不可定位，或存在复合断言
UA2-03572,user-agent,docs/SPEC-§22-用户端体验增强.md,source_section;source_quote;atomic_assertion,OAuth 缁戝畾绠＄悊锛堢敤鎴疯缃〉锛?,澶勭悊锛氭煡鎵?鍒涘缓鐢ㄦ埛 鈫?鐢熸垚 JWT 鈫?閲嶅畾鍚戝埌鍓嶇,澶勭悊锛氭煡鎵?鍒涘缓鐢ㄦ埛 鈫?鐢熸垚 JWT 鈫?閲嶅畾鍚戝埌鍓嶇,,,,NO,MANUAL_REVIEW,至少一个受影响字段无法整字段安全转换，或完整源行不可读/不可定位，或存在复合断言
UA2-03573,user-agent,docs/SPEC-§22-用户端体验增强.md,source_section;source_quote;atomic_assertion,OAuth 缁戝畾绠＄悊锛堢敤鎴疯缃〉锛?,GET    /api/v1/auth/oauth/wechat/qrcode             鈥?鑾峰彇寰俊浜岀淮鐮?+ ticket,GET    /api/v1/auth/oauth/wechat/qrcode             鈥?鑾峰彇寰俊浜岀淮鐮?+ ticket,,,,NO,MANUAL_REVIEW,至少一个受影响字段无法整字段安全转换，或完整源行不可读/不可定位，或存在复合断言
UA2-03574,user-agent,docs/SPEC-§22-用户端体验增强.md,source_section;source_quote;atomic_assertion,OAuth 缁戝畾绠＄悊锛堢敤鎴疯缃〉锛?,"响应：{ ticket: ""xxx"", qrcodeUrl: ""https://..."", expiresAt: ""..."" }","响应：{ ticket: ""xxx"", qrcodeUrl: ""https://..."", expiresAt: ""..."" }",1318,,gb18030->utf8 x1,NO,MANUAL_REVIEW,至少一个受影响字段无法整字段安全转换，或完整源行不可读/不可定位，或存在复合断言
UA2-03575,user-agent,docs/SPEC-§22-用户端体验增强.md,source_section;source_quote;atomic_assertion,OAuth 缁戝畾绠＄悊锛堢敤鎴疯缃〉锛?,GET    /api/v1/auth/oauth/wechat/status             鈥?杞鎵爜鐘舵€?  鍙傛暟锛歵icket,GET    /api/v1/auth/oauth/wechat/status             鈥?杞鎵爜鐘舵€?  鍙傛暟锛歵icket,,,,NO,MANUAL_REVIEW,至少一个受影响字段无法整字段安全转换，或完整源行不可读/不可定位，或存在复合断言
UA2-03576,user-agent,docs/SPEC-§22-用户端体验增强.md,source_section;source_quote;atomic_assertion,OAuth 缁戝畾绠＄悊锛堢敤鎴疯缃〉锛?,响应：{ status: 'waiting' | 'scanned' | 'confirmed' | 'expired' },响应：{ status: 'waiting' | 'scanned' | 'confirmed' | 'expired' },1321,,gb18030->utf8 x1,NO,MANUAL_REVIEW,至少一个受影响字段无法整字段安全转换，或完整源行不可读/不可定位，或存在复合断言
UA2-03577,user-agent,docs/SPEC-§22-用户端体验增强.md,source_section;source_quote;atomic_assertion,OAuth 缁戝畾绠＄悊锛堢敤鎴疯缃〉锛?,GET    /api/v1/me/oauth/connections                 鈥?鏌ョ湅宸茬粦瀹?OAuth,GET    /api/v1/me/oauth/connections                 鈥?鏌ョ湅宸茬粦瀹?OAuth,,,,NO,MANUAL_REVIEW,至少一个受影响字段无法整字段安全转换，或完整源行不可读/不可定位，或存在复合断言
UA2-03578,user-agent,docs/SPEC-§22-用户端体验增强.md,source_section;source_quote;atomic_assertion,OAuth 缁戝畾绠＄悊锛堢敤鎴疯缃〉锛?,响应：{ connections: OAuthConnection[] },响应：{ connections: OAuthConnection[] },1324,,gb18030->utf8 x1,NO,MANUAL_REVIEW,至少一个受影响字段无法整字段安全转换，或完整源行不可读/不可定位，或存在复合断言
UA2-03579,user-agent,docs/SPEC-§22-用户端体验增强.md,source_section;source_quote;atomic_assertion,OAuth 缁戝畾绠＄悊锛堢敤鎴疯缃〉锛?,POST   /api/v1/me/oauth/:provider/bind              鈥?缁戝畾 OAuth 鍒板綋鍓嶇敤鎴?  璇锋眰锛歿 code }   // OAuth 鍥炶皟杩斿洖鐨?code,POST   /api/v1/me/oauth/:provider/bind              鈥?缁戝畾 OAuth 鍒板綋鍓嶇敤鎴?  璇锋眰锛歿 code }   // OAuth 鍥炶皟杩斿洖鐨?code,,,,NO,MANUAL_REVIEW,至少一个受影响字段无法整字段安全转换，或完整源行不可读/不可定位，或存在复合断言
UA2-03580,user-agent,docs/SPEC-§22-用户端体验增强.md,source_section;source_quote;atomic_assertion,OAuth 缁戝畾绠＄悊锛堢敤鎴疯缃〉锛?,响应：{ connection: OAuthConnection },响应：{ connection: OAuthConnection },1327,,gb18030->utf8 x1,NO,MANUAL_REVIEW,至少一个受影响字段无法整字段安全转换，或完整源行不可读/不可定位，或存在复合断言
UA2-03581,user-agent,docs/SPEC-§22-用户端体验增强.md,source_section;source_quote;atomic_assertion,OAuth 缁戝畾绠＄悊锛堢敤鎴疯缃〉锛?,DELETE /api/v1/me/oauth/:provider/unbind            鈥?瑙ｇ粦,DELETE /api/v1/me/oauth/:provider/unbind            鈥?瑙ｇ粦,,,,NO,MANUAL_REVIEW,至少一个受影响字段无法整字段安全转换，或完整源行不可读/不可定位，或存在复合断言
UA2-03582,user-agent,docs/SPEC-§22-用户端体验增强.md,source_section;source_quote;atomic_assertion,OAuth 缁戝畾绠＄悊锛堢敤鎴疯缃〉锛?,响应：{ success: true },响应：{ success: true },1154;1330;1540,,gb18030->utf8 x1,NO,MANUAL_REVIEW,至少一个受影响字段无法整字段安全转换，或完整源行不可读/不可定位，或存在复合断言
UA2-03583,user-agent,docs/SPEC-§22-用户端体验增强.md,source_section;source_quote;atomic_assertion,OAuth 缁戝畾绠＄悊锛堢敤鎴疯缃〉锛?,"閿欒锛氬鏋滆繖鏄敮涓€鐧诲綍鏂瑰紡 鈫?杩斿洖 400 {""error"": ""LAST_LOGIN_METHOD""}","閿欒锛氬鏋滆繖鏄敮涓€鐧诲綍鏂瑰紡 鈫?杩斿洖 400 {""error"": ""LAST_LOGIN_METHOD""}",,,,NO,MANUAL_REVIEW,至少一个受影响字段无法整字段安全转换，或完整源行不可读/不可定位，或存在复合断言
UA2-03584,user-agent,docs/SPEC-§22-用户端体验增强.md,source_section;source_quote;atomic_assertion,OAuth 缁戝畾绠＄悊锛堢敤鎴疯缃〉锛?,// OAuthLoginButtons 鈥?鐧诲綍椤电涓夋柟鎸夐挳缁?interface OAuthLoginButtonsProps {,// OAuthLoginButtons 鈥?鐧诲綍椤电涓夋柟鎸夐挳缁?interface OAuthLoginButtonsProps {,,,,NO,MANUAL_REVIEW,至少一个受影响字段无法整字段安全转换，或完整源行不可读/不可定位，或存在复合断言
UA2-03585,user-agent,docs/SPEC-§22-用户端体验增强.md,source_section,OAuth 缁戝畾绠＄悊锛堢敤鎴疯缃〉锛?,providers: ('github' | 'google' | 'wechat')[];,providers: ('github' | 'google' | 'wechat')[];,1338,,,NO,MANUAL_REVIEW,至少一个受影响字段无法整字段安全转换，或完整源行不可读/不可定位，或存在复合断言
UA2-03586,user-agent,docs/SPEC-§22-用户端体验增强.md,source_section,OAuth 缁戝畾绠＄悊锛堢敤鎴疯缃〉锛?,redirectUrl?: string;,redirectUrl?: string;,1339,,,NO,MANUAL_REVIEW,至少一个受影响字段无法整字段安全转换，或完整源行不可读/不可定位，或存在复合断言
UA2-03587,user-agent,docs/SPEC-§22-用户端体验增强.md,source_section,OAuth 缁戝畾绠＄悊锛堢敤鎴疯缃〉锛?,onWechatQrCode: () => void;,onWechatQrCode: () => void;,1340,,,NO,MANUAL_REVIEW,至少一个受影响字段无法整字段安全转换，或完整源行不可读/不可定位，或存在复合断言
UA2-03588,user-agent,docs/SPEC-§22-用户端体验增强.md,source_section;source_quote;atomic_assertion,OAuth 缁戝畾绠＄悊锛堢敤鎴疯缃〉锛?,// 微信特殊流程,// 微信特殊流程,1340,,gb18030->utf8 x1,NO,MANUAL_REVIEW,至少一个受影响字段无法整字段安全转换，或完整源行不可读/不可定位，或存在复合断言
UA2-03589,user-agent,docs/SPEC-§22-用户端体验增强.md,source_section;source_quote;atomic_assertion,OAuth 缁戝畾绠＄悊锛堢敤鎴疯缃〉锛?,// OAuthBindSettings 鈥?璁剧疆椤电粦瀹氱鐞?interface OAuthBindSettingsProps {,// OAuthBindSettings 鈥?璁剧疆椤电粦瀹氱鐞?interface OAuthBindSettingsProps {,,,,NO,MANUAL_REVIEW,至少一个受影响字段无法整字段安全转换，或完整源行不可读/不可定位，或存在复合断言
UA2-03590,user-agent,docs/SPEC-§22-用户端体验增强.md,source_section,OAuth 缁戝畾绠＄悊锛堢敤鎴疯缃〉锛?,connections: OAuthConnection[];,connections: OAuthConnection[];,1344,,,NO,MANUAL_REVIEW,至少一个受影响字段无法整字段安全转换，或完整源行不可读/不可定位，或存在复合断言
UA2-03591,user-agent,docs/SPEC-§22-用户端体验增强.md,source_section,OAuth 缁戝畾绠＄悊锛堢敤鎴疯缃〉锛?,canUnbind: boolean;,canUnbind: boolean;,1345,,,NO,MANUAL_REVIEW,至少一个受影响字段无法整字段安全转换，或完整源行不可读/不可定位，或存在复合断言
UA2-03592,user-agent,docs/SPEC-§22-用户端体验增强.md,source_section;source_quote;atomic_assertion,OAuth 缁戝畾绠＄悊锛堢敤鎴疯缃〉锛?,// 是否允许解绑（至少一个登录方式）,// 是否允许解绑（至少一个登录方式）,1345,,gb18030->utf8 x1,NO,MANUAL_REVIEW,至少一个受影响字段无法整字段安全转换，或完整源行不可读/不可定位，或存在复合断言
UA2-03593,user-agent,docs/SPEC-§22-用户端体验增强.md,source_section,OAuth 缁戝畾绠＄悊锛堢敤鎴疯缃〉锛?,onBind: (provider: string) => void;,onBind: (provider: string) => void;,1346,,,NO,MANUAL_REVIEW,至少一个受影响字段无法整字段安全转换，或完整源行不可读/不可定位，或存在复合断言
UA2-03594,user-agent,docs/SPEC-§22-用户端体验增强.md,source_section,OAuth 缁戝畾绠＄悊锛堢敤鎴疯缃〉锛?,onUnbind: (provider: string) => void;,onUnbind: (provider: string) => void;,1347,,,NO,MANUAL_REVIEW,至少一个受影响字段无法整字段安全转换，或完整源行不可读/不可定位，或存在复合断言
UA2-03595,user-agent,docs/SPEC-§22-用户端体验增强.md,source_section;source_quote;atomic_assertion,OAuth 缁戝畾绠＄悊锛堢敤鎴疯缃〉锛?,// WechatLoginModal 鈥?寰俊鎵爜寮圭獥,// WechatLoginModal 鈥?寰俊鎵爜寮圭獥,,,,NO,MANUAL_REVIEW,至少一个受影响字段无法整字段安全转换，或完整源行不可读/不可定位，或存在复合断言
UA2-03596,user-agent,docs/SPEC-§22-用户端体验增强.md,source_section,OAuth 缁戝畾绠＄悊锛堢敤鎴疯缃〉锛?,interface WechatLoginModalProps {,interface WechatLoginModalProps {,1351,,,NO,MANUAL_REVIEW,至少一个受影响字段无法整字段安全转换，或完整源行不可读/不可定位，或存在复合断言
UA2-03597,user-agent,docs/SPEC-§22-用户端体验增强.md,source_section,OAuth 缁戝畾绠＄悊锛堢敤鎴疯缃〉锛?,open: boolean;,open: boolean;,662;1352;2087,,,NO,MANUAL_REVIEW,至少一个受影响字段无法整字段安全转换，或完整源行不可读/不可定位，或存在复合断言
UA2-03598,user-agent,docs/SPEC-§22-用户端体验增强.md,source_section,OAuth 缁戝畾绠＄悊锛堢敤鎴疯缃〉锛?,qrcodeUrl: string;,qrcodeUrl: string;,1353,,,NO,MANUAL_REVIEW,至少一个受影响字段无法整字段安全转换，或完整源行不可读/不可定位，或存在复合断言
UA2-03599,user-agent,docs/SPEC-§22-用户端体验增强.md,source_section,OAuth 缁戝畾绠＄悊锛堢敤鎴疯缃〉锛?,expiresAt: string;,expiresAt: string;,1354,,,NO,MANUAL_REVIEW,至少一个受影响字段无法整字段安全转换，或完整源行不可读/不可定位，或存在复合断言
UA2-03600,user-agent,docs/SPEC-§22-用户端体验增强.md,source_section,OAuth 缁戝畾绠＄悊锛堢敤鎴疯缃〉锛?,status: 'waiting' | 'scanned' | 'confirmed' | 'expired';,status: 'waiting' | 'scanned' | 'confirmed' | 'expired';,1355,,,NO,MANUAL_REVIEW,至少一个受影响字段无法整字段安全转换，或完整源行不可读/不可定位，或存在复合断言
UA2-03601,user-agent,docs/SPEC-§22-用户端体验增强.md,source_section,OAuth 缁戝畾绠＄悊锛堢敤鎴疯缃〉锛?,onRefresh: () => void;,onRefresh: () => void;,1356,,,NO,MANUAL_REVIEW,至少一个受影响字段无法整字段安全转换，或完整源行不可读/不可定位，或存在复合断言
UA2-03602,user-agent,docs/SPEC-§22-用户端体验增强.md,source_section,OAuth 缁戝畾绠＄悊锛堢敤鎴疯缃〉锛?,onClose: () => void;,onClose: () => void;,172;667;1357;2088,,,NO,MANUAL_REVIEW,至少一个受影响字段无法整字段安全转换，或完整源行不可读/不可定位，或存在复合断言
UA2-03603,user-agent,docs/SPEC-§22-用户端体验增强.md,source_section,OAuth 缁戝畾绠＄悊锛堢敤鎴疯缃〉锛?,interface OAuthConnection {,interface OAuthConnection {,1360,,,NO,MANUAL_REVIEW,至少一个受影响字段无法整字段安全转换，或完整源行不可读/不可定位，或存在复合断言
UA2-03604,user-agent,docs/SPEC-§22-用户端体验增强.md,source_section,OAuth 缁戝畾绠＄悊锛堢敤鎴疯缃〉锛?,provider: 'github' | 'google' | 'wechat';,provider: 'github' | 'google' | 'wechat';,1361,,,NO,MANUAL_REVIEW,至少一个受影响字段无法整字段安全转换，或完整源行不可读/不可定位，或存在复合断言
UA2-03605,user-agent,docs/SPEC-§22-用户端体验增强.md,source_section,OAuth 缁戝畾绠＄悊锛堢敤鎴疯缃〉锛?,providerUserId: string;,providerUserId: string;,1362,,,NO,MANUAL_REVIEW,至少一个受影响字段无法整字段安全转换，或完整源行不可读/不可定位，或存在复合断言
UA2-03606,user-agent,docs/SPEC-§22-用户端体验增强.md,source_section,OAuth 缁戝畾绠＄悊锛堢敤鎴疯缃〉锛?,providerEmail: string | null;,providerEmail: string | null;,1363,,,NO,MANUAL_REVIEW,至少一个受影响字段无法整字段安全转换，或完整源行不可读/不可定位，或存在复合断言
UA2-03607,user-agent,docs/SPEC-§22-用户端体验增强.md,source_section,OAuth 缁戝畾绠＄悊锛堢敤鎴疯缃〉锛?,providerName: string | null;,providerName: string | null;,1364,,,NO,MANUAL_REVIEW,至少一个受影响字段无法整字段安全转换，或完整源行不可读/不可定位，或存在复合断言
UA2-03608,user-agent,docs/SPEC-§22-用户端体验增强.md,source_section,OAuth 缁戝畾绠＄悊锛堢敤鎴疯缃〉锛?,providerAvatar: string | null;,providerAvatar: string | null;,1365,,,NO,MANUAL_REVIEW,至少一个受影响字段无法整字段安全转换，或完整源行不可读/不可定位，或存在复合断言
UA2-03609,user-agent,docs/SPEC-§22-用户端体验增强.md,source_section,OAuth 缁戝畾绠＄悊锛堢敤鎴疯缃〉锛?,lastLoginAt: string;,lastLoginAt: string;,1366,,,NO,MANUAL_REVIEW,至少一个受影响字段无法整字段安全转换，或完整源行不可读/不可定位，或存在复合断言
UA2-03610,user-agent,docs/SPEC-§22-用户端体验增强.md,source_section,OAuth 缁戝畾绠＄悊锛堢敤鎴疯缃〉锛?,createdAt: string;,createdAt: string;,384;1367;1720,,,NO,MANUAL_REVIEW,至少一个受影响字段无法整字段安全转换，或完整源行不可读/不可定位，或存在复合断言
UA2-03611,user-agent,docs/SPEC-§22-用户端体验增强.md,source_section;source_quote;atomic_assertion,OAuth 缁戝畾绠＄悊锛堢敤鎴疯缃〉锛?,oauth_enabled: boolean              // 鍏ㄥ眬 OAuth 寮€鍏?oauth_wechat_appid: string          // 寰俊寮€鏀惧钩鍙?AppID,oauth_enabled: boolean              // 鍏ㄥ眬 OAuth 寮€鍏?oauth_wechat_appid: string          // 寰俊寮€鏀惧钩鍙?AppID,,,,NO,MANUAL_REVIEW,至少一个受影响字段无法整字段安全转换，或完整源行不可读/不可定位，或存在复合断言
UA2-03612,user-agent,docs/SPEC-§22-用户端体验增强.md,source_section;source_quote;atomic_assertion,OAuth 缁戝畾绠＄悊锛堢敤鎴疯缃〉锛?,oauth_wechat_secret: string         // 寰俊寮€鏀惧钩鍙?AppSecret,oauth_wechat_secret: string         // 寰俊寮€鏀惧钩鍙?AppSecret,,,,NO,MANUAL_REVIEW,至少一个受影响字段无法整字段安全转换，或完整源行不可读/不可定位，或存在复合断言
UA2-03613,user-agent,docs/SPEC-§22-用户端体验增强.md,source_section,OAuth 缁戝畾绠＄悊锛堢敤鎴疯缃〉锛?,oauth_github_client_id: string      // GitHub OAuth App Client ID,oauth_github_client_id: string      // GitHub OAuth App Client ID,1375,,,NO,MANUAL_REVIEW,至少一个受影响字段无法整字段安全转换，或完整源行不可读/不可定位，或存在复合断言
UA2-03614,user-agent,docs/SPEC-§22-用户端体验增强.md,source_section,OAuth 缁戝畾绠＄悊锛堢敤鎴疯缃〉锛?,oauth_github_client_secret: string  // GitHub OAuth App Client Secret,oauth_github_client_secret: string  // GitHub OAuth App Client Secret,1376,,,NO,MANUAL_REVIEW,至少一个受影响字段无法整字段安全转换，或完整源行不可读/不可定位，或存在复合断言
UA2-03615,user-agent,docs/SPEC-§22-用户端体验增强.md,source_section,OAuth 缁戝畾绠＄悊锛堢敤鎴疯缃〉锛?,oauth_google_client_id: string      // Google OAuth Client ID,oauth_google_client_id: string      // Google OAuth Client ID,1377,,,NO,MANUAL_REVIEW,至少一个受影响字段无法整字段安全转换，或完整源行不可读/不可定位，或存在复合断言
UA2-03616,user-agent,docs/SPEC-§22-用户端体验增强.md,source_section,OAuth 缁戝畾绠＄悊锛堢敤鎴疯缃〉锛?,oauth_google_client_secret: string  // Google OAuth Client Secret,oauth_google_client_secret: string  // Google OAuth Client Secret,1378,,,NO,MANUAL_REVIEW,至少一个受影响字段无法整字段安全转换，或完整源行不可读/不可定位，或存在复合断言
UA2-03617,user-agent,docs/SPEC-§22-用户端体验增强.md,source_section;source_quote;atomic_assertion,OAuth 缁戝畾绠＄悊锛堢敤鎴疯缃〉锛?,oauth_callback_base_url: string     // 回调基础 URL，如 https://3cloud.dev/api/v1/auth/oauth,oauth_callback_base_url: string     // 回调基础 URL，如 https://3cloud.dev/api/v1/auth/oauth,1379,,gb18030->utf8 x1,NO,MANUAL_REVIEW,至少一个受影响字段无法整字段安全转换，或完整源行不可读/不可定位，或存在复合断言
UA2-03618,user-agent,docs/SPEC-§22-用户端体验增强.md,source_section;source_quote;atomic_assertion,OAuth 缁戝畾绠＄悊锛堢敤鎴疯缃〉锛?,鈹屸攢 閫氱煡鍋忓ソ璁剧疆 鈹€鈹€鈹€鈹€鈹€鈹€鈹€鈹€鈹€鈹€鈹€鈹€鈹€鈹€鈹€鈹€鈹€鈹€鈹€鈹€鈹€鈹€鈹€鈹€鈹€鈹€鈹€鈹€鈹€鈹€鈹€鈹€鈹€鈹€鈹€鈹€鈹€鈹€鈹?鈹?                                                      鈹?鈹? 鈹?閭欢閫氱煡鍏ㄥ眬 鈹€鈹€鈹€鈹€鈹€鈹€鈹€鈹€鈹€鈹€鈹€鈹€鈹€鈹€鈹€鈹€鈹€鈹€鈹€鈹€鈹€鈹€鈹€鈹€鈹€鈹€鈹€鈹€鈹€鈹€鈹€鈹€鈹€鈹€鈹€鈹?鈹?鈹? 鈹? 閭欢閫氱煡                           [馃煝 宸插紑鍚痌  鈹?鈹?鈹? 鈹? 鎺ユ敹棰戠巼锛? 鈼?瀹炴椂  鈼?姣忔棩鎽樿锛堟棭 9:00锛?鈼?鍏抽棴鈹?鈹?鈹? 鈹斺攢鈹€鈹€鈹€鈹€鈹€鈹€鈹€鈹€鈹€鈹€鈹€鈹€鈹€鈹€鈹€鈹€鈹€鈹€鈹€鈹€鈹€鈹€鈹€鈹€鈹€鈹€鈹€鈹€鈹€鈹€鈹€鈹€鈹€鈹€鈹€鈹€鈹€鈹€鈹€鈹€鈹€鈹€鈹€鈹€鈹€鈹€鈹€鈹?鈹?鈹?                                                      鈹?鈹? 鈹?璐㈠姟閫氱煡 鈹€鈹€鈹€鈹€鈹€鈹€鈹€鈹€鈹€鈹€鈹€鈹€鈹€鈹€鈹€鈹€鈹€鈹€鈹€鈹€鈹€鈹€鈹€鈹€鈹€鈹€鈹€鈹€鈹€鈹€鈹€鈹€鈹€鈹€鈹€鈹€鈹€鈹€鈹? 鈹?鈹? 鈹? 绔欏唴 鈽?鍏呭€兼垚鍔?   鈽?娑堣垂閫氱煡                鈹? 鈹?鈹? 鈹?      鈽?浣欓涓嶈冻                        楼[10]  鈹? 鈹?鈹? 鈹?      鈽?閫€娆剧姸鎬?                               鈹? 鈹?鈹? 鈹? 閭欢 鈽?鍏呭€兼垚鍔?   鈽?娑堣垂閫氱煡                鈹? 鈹?鈹? 鈹?      鈽?浣欓涓嶈冻                                鈹? 鈹?鈹? 鈹?      鈽?閫€娆剧姸鎬?                               鈹? 鈹?鈹? 鈹溾攢鈹€鈹€鈹€鈹€鈹€鈹€鈹€鈹€鈹€鈹€鈹€鈹€鈹€鈹€鈹€鈹€鈹€鈹€鈹€鈹€鈹€鈹€鈹€鈹€鈹€鈹€鈹€鈹€鈹€鈹€鈹€鈹€鈹€鈹€鈹€鈹€鈹€鈹€鈹€鈹€鈹€鈹€鈹€鈹€鈹€鈹€鈹€鈹€鈹? 鈹?鈹? 鈹? 浣欓涓嶈冻闃堝€硷細楼[10.00]           [馃敀 淇濆瓨]     鈹? 鈹?鈹? 鈹斺攢鈹€鈹€鈹€鈹€鈹€鈹€鈹€鈹€鈹€鈹€鈹€鈹€鈹€鈹€鈹€鈹€鈹€鈹€鈹€鈹€鈹€鈹€鈹€鈹€鈹€鈹€鈹€鈹€鈹€鈹€鈹€鈹€鈹€鈹€鈹€鈹€鈹€鈹€鈹€鈹€鈹€鈹€鈹€鈹€鈹€鈹€鈹€鈹? 鈹?鈹?                                                      鈹?鈹? 鈹?瀹夊叏閫氱煡 鈹€鈹€鈹€鈹€鈹€鈹€鈹€鈹€鈹€鈹€鈹€鈹€鈹€鈹€鈹€鈹€鈹€鈹€鈹€鈹€鈹€鈹€鈹€鈹€鈹€鈹€鈹€鈹€鈹€鈹€鈹€鈹€鈹€鈹€鈹€鈹€鈹€鈹€鈹? 鈹?鈹? 鈹? 绔欏唴 鈽?鐧诲綍鎻愰啋    鈽?Key 鍒涘缓/鍒犻櫎            鈹? 鈹?鈹? 鈹?      鈽?寮傚父鐧诲綍    鈽?2FA 鍙樻洿 锛堝己鍒跺紑鍚煍掞級  鈹? 鈹?鈹? 鈹? 閭欢 鈽?鐧诲綍鎻愰啋    鈽?Key 鍒涘缓/鍒犻櫎            鈹? 鈹?鈹? 鈹?      鈽?寮傚父鐧诲綍    鈽?2FA 鍙樻洿                 鈹? 鈹?鈹? 鈹? 鈿狅笍 寮傚父鐧诲綍閫氱煡鏃犳硶鍏抽棴锛堝畨鍏ㄧ瓥鐣ヨ姹傦級         鈹? 鈹?鈹? 鈹斺攢鈹€鈹€鈹€鈹€鈹€鈹€鈹€鈹€鈹€鈹€鈹€鈹€鈹€鈹€鈹€鈹€鈹€鈹€鈹€鈹€鈹€鈹€鈹€鈹€鈹€鈹€鈹€鈹€鈹€鈹€鈹€鈹€鈹€鈹€鈹€鈹€鈹€鈹€鈹€鈹€鈹€鈹€鈹€鈹€鈹€鈹€鈹€鈹? 鈹?鈹?                                                      鈹?鈹? 鈹?绯荤粺閫氱煡 鈹€鈹€鈹€鈹€鈹€鈹€鈹€鈹€鈹€鈹€鈹€鈹€鈹€鈹€鈹€鈹€鈹€鈹€鈹€鈹€鈹€鈹€鈹€鈹€鈹€鈹€鈹€鈹€鈹€鈹€鈹€鈹€鈹€鈹€鈹€鈹€鈹€鈹€鈹? 鈹?鈹? 鈹? 绔欏唴 鈽?绯荤粺缁存姢    鈽?API 鍙樻洿    鈽?鐗堟湰鏇存柊  鈹? 鈹?鈹? 鈹? 閭欢 鈽?绯荤粺缁存姢    鈽?API 鍙樻洿    鈽?鐗堟湰鏇存柊  鈹? 鈹?鈹? 鈹斺攢鈹€鈹€鈹€鈹€鈹€鈹€鈹€鈹€鈹€鈹€鈹€鈹€鈹€鈹€鈹€鈹€鈹€鈹€鈹€鈹€鈹€鈹€鈹€鈹€鈹€鈹€鈹€鈹€鈹€鈹€鈹€鈹€鈹€鈹€鈹€鈹€鈹€鈹€鈹€鈹€鈹€鈹€鈹€鈹€鈹€鈹€鈹€鈹? 鈹?鈹?                                                      鈹?鈹? 鈹?钀ラ攢閫氱煡 鈹€鈹€鈹€鈹€鈹€鈹€鈹€鈹€鈹€鈹€鈹€鈹€鈹€鈹€鈹€鈹€鈹€鈹€鈹€鈹€鈹€鈹€鈹€鈹€鈹€鈹€鈹€鈹€鈹€鈹€鈹€鈹€鈹€鈹€鈹€鈹€鈹€鈹€鈹? 鈹?鈹? 鈹? 绔欏唴 鈽?娲诲姩閫氱煡    鈽?浼樻儬淇℃伅    鈽?浜у搧鏇存柊  鈹? 鈹?鈹? 鈹? 閭欢 鈽?娲诲姩閫氱煡    鈽?浼樻儬淇℃伅    鈽?浜у搧鏇存柊  鈹? 鈹?鈹? 鈹斺攢鈹€鈹€鈹€鈹€鈹€鈹€鈹€鈹€鈹€鈹€鈹€鈹€鈹€鈹€鈹€鈹€鈹€鈹€鈹€鈹€鈹€鈹€鈹€鈹€鈹€鈹€鈹€鈹€鈹€鈹€鈹€鈹€鈹€鈹€鈹€鈹€鈹€鈹€鈹€鈹€鈹€鈹€鈹€鈹€鈹€鈹€鈹€鈹? 鈹?鈹?                                                      鈹?鈹? [鎭㈠榛樿]                           [淇濆瓨鎵€鏈夎缃甝 鈹?鈹斺攢鈹€鈹€鈹€鈹€鈹€鈹€鈹€鈹€鈹€鈹€鈹€鈹€鈹€鈹€鈹€鈹€鈹€鈹€鈹€鈹€鈹€鈹€鈹€鈹€鈹€鈹€鈹€鈹€鈹€鈹€鈹€鈹€鈹€鈹€鈹€鈹€鈹€鈹€鈹€鈹€鈹€鈹€鈹€鈹€鈹€鈹€鈹€鈹€鈹€鈹€鈹€鈹€鈹€鈹€鈹?,鈹屸攢 閫氱煡鍋忓ソ璁剧疆 鈹€鈹€鈹€鈹€鈹€鈹€鈹€鈹€鈹€鈹€鈹€鈹€鈹€鈹€鈹€鈹€鈹€鈹€鈹€鈹€鈹€鈹€鈹€鈹€鈹€鈹€鈹€鈹€鈹€鈹€鈹€鈹€鈹€鈹€鈹€鈹€鈹€鈹€鈹?鈹?                                                      鈹?鈹? 鈹?閭欢閫氱煡鍏ㄥ眬 鈹€鈹€鈹€鈹€鈹€鈹€鈹€鈹€鈹€鈹€鈹€鈹€鈹€鈹€鈹€鈹€鈹€鈹€鈹€鈹€鈹€鈹€鈹€鈹€鈹€鈹€鈹€鈹€鈹€鈹€鈹€鈹€鈹€鈹€鈹€鈹?鈹?鈹? 鈹? 閭欢閫氱煡                           [馃煝 宸插紑鍚痌  鈹?鈹?鈹? 鈹? 鎺ユ敹棰戠巼锛? 鈼?瀹炴椂  鈼?姣忔棩鎽樿锛堟棭 9:00锛?鈼?鍏抽棴鈹?鈹?鈹? 鈹斺攢鈹€鈹€鈹€鈹€鈹€鈹€鈹€鈹€鈹€鈹€鈹€鈹€鈹€鈹€鈹€鈹€鈹€鈹€鈹€鈹€鈹€鈹€鈹€鈹€鈹€鈹€鈹€鈹€鈹€鈹€鈹€鈹€鈹€鈹€鈹€鈹€鈹€鈹€鈹€鈹€鈹€鈹€鈹€鈹€鈹€鈹€鈹€鈹?鈹?鈹?                                                      鈹?鈹? 鈹?璐㈠姟閫氱煡 鈹€鈹€鈹€鈹€鈹€鈹€鈹€鈹€鈹€鈹€鈹€鈹€鈹€鈹€鈹€鈹€鈹€鈹€鈹€鈹€鈹€鈹€鈹€鈹€鈹€鈹€鈹€鈹€鈹€鈹€鈹€鈹€鈹€鈹€鈹€鈹€鈹€鈹€鈹? 鈹?鈹? 鈹? 绔欏唴 鈽?鍏呭€兼垚鍔?   鈽?娑堣垂閫氱煡                鈹? 鈹?鈹? 鈹?      鈽?浣欓涓嶈冻                        楼[10]  鈹? 鈹?鈹? 鈹?      鈽?閫€娆剧姸鎬?                               鈹? 鈹?鈹? 鈹? 閭欢 鈽?鍏呭€兼垚鍔?   鈽?娑堣垂閫氱煡                鈹? 鈹?鈹? 鈹?      鈽?浣欓涓嶈冻                                鈹? 鈹?鈹? 鈹?      鈽?閫€娆剧姸鎬?                               鈹? 鈹?鈹? 鈹溾攢鈹€鈹€鈹€鈹€鈹€鈹€鈹€鈹€鈹€鈹€鈹€鈹€鈹€鈹€鈹€鈹€鈹€鈹€鈹€鈹€鈹€鈹€鈹€鈹€鈹€鈹€鈹€鈹€鈹€鈹€鈹€鈹€鈹€鈹€鈹€鈹€鈹€鈹€鈹€鈹€鈹€鈹€鈹€鈹€鈹€鈹€鈹€鈹€鈹? 鈹?鈹? 鈹? 浣欓涓嶈冻闃堝€硷細楼[10.00]           [馃敀 淇濆瓨]     鈹? 鈹?鈹? 鈹斺攢鈹€鈹€鈹€鈹€鈹€鈹€鈹€鈹€鈹€鈹€鈹€鈹€鈹€鈹€鈹€鈹€鈹€鈹€鈹€鈹€鈹€鈹€鈹€鈹€鈹€鈹€鈹€鈹€鈹€鈹€鈹€鈹€鈹€鈹€鈹€鈹€鈹€鈹€鈹€鈹€鈹€鈹€鈹€鈹€鈹€鈹€鈹€鈹? 鈹?鈹?                                                      鈹?鈹? 鈹?瀹夊叏閫氱煡 鈹€鈹€鈹€鈹€鈹€鈹€鈹€鈹€鈹€鈹€鈹€鈹€鈹€鈹€鈹€鈹€鈹€鈹€鈹€鈹€鈹€鈹€鈹€鈹€鈹€鈹€鈹€鈹€鈹€鈹€鈹€鈹€鈹€鈹€鈹€鈹€鈹€鈹€鈹? 鈹?鈹? 鈹? 绔欏唴 鈽?鐧诲綍鎻愰啋    鈽?Key 鍒涘缓/鍒犻櫎            鈹? 鈹?鈹? 鈹?      鈽?寮傚父鐧诲綍    鈽?2FA 鍙樻洿 锛堝己鍒跺紑鍚煍掞級  鈹? 鈹?鈹? 鈹? 閭欢 鈽?鐧诲綍鎻愰啋    鈽?Key 鍒涘缓/鍒犻櫎            鈹? 鈹?鈹? 鈹?      鈽?寮傚父鐧诲綍    鈽?2FA 鍙樻洿                 鈹? 鈹?鈹? 鈹? 鈿狅笍 寮傚父鐧诲綍閫氱煡鏃犳硶鍏抽棴锛堝畨鍏ㄧ瓥鐣ヨ姹傦級         鈹? 鈹?鈹? 鈹斺攢鈹€鈹€鈹€鈹€鈹€鈹€鈹€鈹€鈹€鈹€鈹€鈹€鈹€鈹€鈹€鈹€鈹€鈹€鈹€鈹€鈹€鈹€鈹€鈹€鈹€鈹€鈹€鈹€鈹€鈹€鈹€鈹€鈹€鈹€鈹€鈹€鈹€鈹€鈹€鈹€鈹€鈹€鈹€鈹€鈹€鈹€鈹€鈹? 鈹?鈹?                                                      鈹?鈹? 鈹?绯荤粺閫氱煡 鈹€鈹€鈹€鈹€鈹€鈹€鈹€鈹€鈹€鈹€鈹€鈹€鈹€鈹€鈹€鈹€鈹€鈹€鈹€鈹€鈹€鈹€鈹€鈹€鈹€鈹€鈹€鈹€鈹€鈹€鈹€鈹€鈹€鈹€鈹€鈹€鈹€鈹€鈹? 鈹?鈹? 鈹? 绔欏唴 鈽?绯荤粺缁存姢    鈽?API 鍙樻洿    鈽?鐗堟湰鏇存柊  鈹? 鈹?鈹? 鈹? 閭欢 鈽?绯荤粺缁存姢    鈽?API 鍙樻洿    鈽?鐗堟湰鏇存柊  鈹? 鈹?鈹? 鈹斺攢鈹€鈹€鈹€鈹€鈹€鈹€鈹€鈹€鈹€鈹€鈹€鈹€鈹€鈹€鈹€鈹€鈹€鈹€鈹€鈹€鈹€鈹€鈹€鈹€鈹€鈹€鈹€鈹€鈹€鈹€鈹€鈹€鈹€鈹€鈹€鈹€鈹€鈹€鈹€鈹€鈹€鈹€鈹€鈹€鈹€鈹€鈹€鈹? 鈹?鈹?                                                      鈹?鈹? 鈹?钀ラ攢閫氱煡 鈹€鈹€鈹€鈹€鈹€鈹€鈹€鈹€鈹€鈹€鈹€鈹€鈹€鈹€鈹€鈹€鈹€鈹€鈹€鈹€鈹€鈹€鈹€鈹€鈹€鈹€鈹€鈹€鈹€鈹€鈹€鈹€鈹€鈹€鈹€鈹€鈹€鈹€鈹? 鈹?鈹? 鈹? 绔欏唴 鈽?娲诲姩閫氱煡    鈽?浼樻儬淇℃伅    鈽?浜у搧鏇存柊  鈹? 鈹?鈹? 鈹? 閭欢 鈽?娲诲姩閫氱煡    鈽?浼樻儬淇℃伅    鈽?浜у搧鏇存柊  鈹? 鈹?鈹? 鈹斺攢鈹€鈹€鈹€鈹€鈹€鈹€鈹€鈹€鈹€鈹€鈹€鈹€鈹€鈹€鈹€鈹€鈹€鈹€鈹€鈹€鈹€鈹€鈹€鈹€鈹€鈹€鈹€鈹€鈹€鈹€鈹€鈹€鈹€鈹€鈹€鈹€鈹€鈹€鈹€鈹€鈹€鈹€鈹€鈹€鈹€鈹€鈹€鈹? 鈹?鈹?                                                      鈹?鈹? [鎭㈠榛樿]                           [淇濆瓨鎵€鏈夎缃甝 鈹?鈹斺攢鈹€鈹€鈹€鈹€鈹€鈹€鈹€鈹€鈹€鈹€鈹€鈹€鈹€鈹€鈹€鈹€鈹€鈹€鈹€鈹€鈹€鈹€鈹€鈹€鈹€鈹€鈹€鈹€鈹€鈹€鈹€鈹€鈹€鈹€鈹€鈹€鈹€鈹€鈹€鈹€鈹€鈹€鈹€鈹€鈹€鈹€鈹€鈹€鈹€鈹€鈹€鈹€鈹€鈹€鈹?,,,,NO,MANUAL_REVIEW,至少一个受影响字段无法整字段安全转换，或完整源行不可读/不可定位，或存在复合断言
UA2-03619,user-agent,docs/SPEC-§22-用户端体验增强.md,source_section,OAuth 缁戝畾绠＄悊锛堢敤鎴疯缃〉锛?,**各元素交互细节：**,**各元素交互细节：**,1422,,gb18030->utf8 x1,NO,MANUAL_REVIEW,至少一个受影响字段无法整字段安全转换，或完整源行不可读/不可定位，或存在复合断言
UA2-03620,user-agent,docs/SPEC-§22-用户端体验增强.md,source_section;source_quote;atomic_assertion,OAuth 缁戝畾绠＄悊锛堢敤鎴疯缃〉锛?,"閭欢鍏ㄥ眬寮€鍏筹細鍏抽棴 鈫?涓嬫柟鎵€鏈?閭欢""澶嶉€夋缃伆 disabled锛岄鐜囬€夋嫨涔熼殣钘?- 棰戠巼閫夋嫨锛氫粎褰?閭欢閫氱煡""鍏ㄥ眬寮€鍏冲紑鍚椂鍙","閭欢鍏ㄥ眬寮€鍏筹細鍏抽棴 鈫?涓嬫柟鎵€鏈?閭欢""澶嶉€夋缃伆 disabled锛岄鐜囬€夋嫨涔熼殣钘?- 棰戠巼閫夋嫨锛氫粎褰?閭欢閫氱煡""鍏ㄥ眬寮€鍏冲紑鍚椂鍙",,,,NO,MANUAL_REVIEW,至少一个受影响字段无法整字段安全转换，或完整源行不可读/不可定位，或存在复合断言
UA2-03621,user-agent,docs/SPEC-§22-用户端体验增强.md,source_section;source_quote;atomic_assertion,OAuth 缁戝畾绠＄悊锛堢敤鎴疯缃〉锛?,"瀹炴椂锛氫簨浠跺彂鐢熷嵆鍙戦偖浠?  - 姣忔棩鎽樿锛氭瘡澶╂棭涓?9:00锛堢敤鎴疯缃腑鍙敼鏃堕棿锛夊彂閫佷竴灏佹眹鎬婚偖浠?  - 鍏抽棴锛氶€夋嫨鍚庣瓑鍚屼簬鍏抽棴閭欢鍏ㄥ眬寮€鍏?- 绔欏唴閫氱煡锛氭墍鏈夌被鍨嬮粯璁ゅ紑鍚紝閮ㄥ垎瀹夊叏绫讳笉鍙叧闂紙濡?寮傚父鐧诲綍""銆?2FA 鍙樻洿""锛夛紝鍙充晶 馃敀 鍥炬爣","瀹炴椂锛氫簨浠跺彂鐢熷嵆鍙戦偖浠?  - 姣忔棩鎽樿锛氭瘡澶╂棭涓?9:00锛堢敤鎴疯缃腑鍙敼鏃堕棿锛夊彂閫佷竴灏佹眹鎬婚偖浠?  - 鍏抽棴锛氶€夋嫨鍚庣瓑鍚屼簬鍏抽棴閭欢鍏ㄥ眬寮€鍏?- 绔欏唴閫氱煡锛氭墍鏈夌被鍨嬮粯璁ゅ紑鍚紝閮ㄥ垎瀹夊叏绫讳笉鍙叧闂紙濡?寮傚父鐧诲綍""銆?2FA 鍙樻洿""锛夛紝鍙充晶 馃敀 鍥炬爣",,,,NO,MANUAL_REVIEW,至少一个受影响字段无法整字段安全转换，或完整源行不可读/不可定位，或存在复合断言
UA2-03622,user-agent,docs/SPEC-§22-用户端体验增强.md,source_section;source_quote;atomic_assertion,OAuth 缁戝畾绠＄悊锛堢敤鎴疯缃〉锛?,"浣欓涓嶈冻闃堝€硷細浠呭綋""浣欓涓嶈冻""閫氱煡寮€鍚椂锛岃緭鍏ユ鍙紪杈戯紝榛樿 楼10.00","浣欓涓嶈冻闃堝€硷細浠呭綋""浣欓涓嶈冻""閫氱煡寮€鍚椂锛岃緭鍏ユ鍙紪杈戯紝榛樿 楼10.00",,,,NO,MANUAL_REVIEW,至少一个受影响字段无法整字段安全转换，或完整源行不可读/不可定位，或存在复合断言
UA2-03623,user-agent,docs/SPEC-§22-用户端体验增强.md,source_section;source_quote;atomic_assertion,OAuth 缁戝畾绠＄悊锛堢敤鎴疯缃〉锛?,"鎵归噺淇濆瓨锛氫慨鏀瑰悗鐐瑰嚮""淇濆瓨鎵€鏈夎缃?锛屽彂閫佸崟娆?PUT 璇锋眰锛屾垚鍔熷悗 Toast ""鉁?閫氱煡鍋忓ソ宸蹭繚瀛?","鎵归噺淇濆瓨锛氫慨鏀瑰悗鐐瑰嚮""淇濆瓨鎵€鏈夎缃?锛屽彂閫佸崟娆?PUT 璇锋眰锛屾垚鍔熷悗 Toast ""鉁?閫氱煡鍋忓ソ宸蹭繚瀛?",,,,NO,MANUAL_REVIEW,至少一个受影响字段无法整字段安全转换，或完整源行不可读/不可定位，或存在复合断言
UA2-03624,user-agent,docs/SPEC-§22-用户端体验增强.md,source_section;source_quote;atomic_assertion,OAuth 缁戝畾绠＄悊锛堢敤鎴疯缃〉锛?,鎭㈠榛樿锛氬脊鍑轰簩娆＄‘璁?纭鎭㈠榛樿閫氱煡璁剧疆锛?锛岀‘璁ゅ悗 PUT 榛樿鍊?,鎭㈠榛樿锛氬脊鍑轰簩娆＄‘璁?纭鎭㈠榛樿閫氱煡璁剧疆锛?锛岀‘璁ゅ悗 PUT 榛樿鍊?,,,,NO,MANUAL_REVIEW,至少一个受影响字段无法整字段安全转换，或完整源行不可读/不可定位，或存在复合断言
UA2-03625,user-agent,docs/SPEC-§22-用户端体验增强.md,source_section,通知事件完整列表,财务,财务,,1428,gb18030->utf8 x1,NO,MANUAL_REVIEW,至少一个受影响字段无法整字段安全转换，或完整源行不可读/不可定位，或存在复合断言
UA2-03626,user-agent,docs/SPEC-§22-用户端体验增强.md,source_section,通知事件完整列表,`recharge_success`,`recharge_success`,,1428,gb18030->utf8 x1,NO,MANUAL_REVIEW,至少一个受影响字段无法整字段安全转换，或完整源行不可读/不可定位，或存在复合断言
UA2-03627,user-agent,docs/SPEC-§22-用户端体验增强.md,source_section;source_quote;atomic_assertion,通知事件完整列表,鍏呭€兼垚鍔?,鍏呭€兼垚鍔?,,1428,gb18030->utf8 x1,NO,MANUAL_REVIEW,至少一个受影响字段无法整字段安全转换，或完整源行不可读/不可定位，或存在复合断言
UA2-03628,user-agent,docs/SPEC-§22-用户端体验增强.md,source_section;source_quote;atomic_assertion,通知事件完整列表,鉁?寮€,鉁?寮€,,1428,gb18030->utf8 x1,NO,MANUAL_REVIEW,至少一个受影响字段无法整字段安全转换，或完整源行不可读/不可定位，或存在复合断言
UA2-03631,user-agent,docs/SPEC-§22-用户端体验增强.md,source_section,通知事件完整列表,`consumption_notify`,`consumption_notify`,,1428,gb18030->utf8 x1,NO,MANUAL_REVIEW,至少一个受影响字段无法整字段安全转换，或完整源行不可读/不可定位，或存在复合断言
UA2-03632,user-agent,docs/SPEC-§22-用户端体验增强.md,source_section,通知事件完整列表,消费通知,消费通知,,1428,gb18030->utf8 x1,NO,MANUAL_REVIEW,至少一个受影响字段无法整字段安全转换，或完整源行不可读/不可定位，或存在复合断言
UA2-03636,user-agent,docs/SPEC-§22-用户端体验增强.md,source_section,通知事件完整列表,`balance_low`,`balance_low`,,1428,gb18030->utf8 x1,NO,MANUAL_REVIEW,至少一个受影响字段无法整字段安全转换，或完整源行不可读/不可定位，或存在复合断言
UA2-03637,user-agent,docs/SPEC-§22-用户端体验增强.md,source_section;source_quote;atomic_assertion,通知事件完整列表,余额不足,余额不足,,1428,gb18030->utf8 x1,NO,MANUAL_REVIEW,至少一个受影响字段无法整字段安全转换，或完整源行不可读/不可定位，或存在复合断言
UA2-03641,user-agent,docs/SPEC-§22-用户端体验增强.md,source_section,通知事件完整列表,`refund_status`,`refund_status`,,1428,gb18030->utf8 x1,NO,MANUAL_REVIEW,至少一个受影响字段无法整字段安全转换，或完整源行不可读/不可定位，或存在复合断言
UA2-03642,user-agent,docs/SPEC-§22-用户端体验增强.md,source_section;source_quote;atomic_assertion,通知事件完整列表,閫€娆剧姸鎬?,閫€娆剧姸鎬?,,1428,gb18030->utf8 x1,NO,MANUAL_REVIEW,至少一个受影响字段无法整字段安全转换，或完整源行不可读/不可定位，或存在复合断言
UA2-03645,user-agent,docs/SPEC-§22-用户端体验增强.md,source_section,通知事件完整列表,安全,安全,,1428,gb18030->utf8 x1,NO,MANUAL_REVIEW,至少一个受影响字段无法整字段安全转换，或完整源行不可读/不可定位，或存在复合断言
UA2-03646,user-agent,docs/SPEC-§22-用户端体验增强.md,source_section,通知事件完整列表,`login_reminder`,`login_reminder`,,1428,gb18030->utf8 x1,NO,MANUAL_REVIEW,至少一个受影响字段无法整字段安全转换，或完整源行不可读/不可定位，或存在复合断言
UA2-03647,user-agent,docs/SPEC-§22-用户端体验增强.md,source_section,通知事件完整列表,登录提醒,登录提醒,,1428,gb18030->utf8 x1,NO,MANUAL_REVIEW,至少一个受影响字段无法整字段安全转换，或完整源行不可读/不可定位，或存在复合断言
UA2-03651,user-agent,docs/SPEC-§22-用户端体验增强.md,source_section,通知事件完整列表,`key_created_deleted`,`key_created_deleted`,,1428,gb18030->utf8 x1,NO,MANUAL_REVIEW,至少一个受影响字段无法整字段安全转换，或完整源行不可读/不可定位，或存在复合断言
UA2-03652,user-agent,docs/SPEC-§22-用户端体验增强.md,source_section;source_quote;atomic_assertion,通知事件完整列表,Key 创建/删除,Key 创建/删除,,1428,gb18030->utf8 x1,NO,MANUAL_REVIEW,至少一个受影响字段无法整字段安全转换，或完整源行不可读/不可定位，或存在复合断言
UA2-03656,user-agent,docs/SPEC-§22-用户端体验增强.md,source_section,通知事件完整列表,`login_anomaly`,`login_anomaly`,,1428,gb18030->utf8 x1,NO,MANUAL_REVIEW,至少一个受影响字段无法整字段安全转换，或完整源行不可读/不可定位，或存在复合断言
UA2-03657,user-agent,docs/SPEC-§22-用户端体验增强.md,source_section,通知事件完整列表,异常登录,异常登录,,1428,gb18030->utf8 x1,NO,MANUAL_REVIEW,至少一个受影响字段无法整字段安全转换，或完整源行不可读/不可定位，或存在复合断言
UA2-03658,user-agent,docs/SPEC-§22-用户端体验增强.md,source_section;source_quote;atomic_assertion,通知事件完整列表,鉁?寮€锛堝己鍒讹級,鉁?寮€锛堝己鍒讹級,,1428,gb18030->utf8 x1,NO,MANUAL_REVIEW,至少一个受影响字段无法整字段安全转换，或完整源行不可读/不可定位，或存在复合断言
UA2-03660,user-agent,docs/SPEC-§22-用户端体验增强.md,source_section;source_quote;atomic_assertion,通知事件完整列表,鍚?馃敀,鍚?馃敀,,1428,gb18030->utf8 x1,NO,MANUAL_REVIEW,至少一个受影响字段无法整字段安全转换，或完整源行不可读/不可定位，或存在复合断言
UA2-03662,user-agent,docs/SPEC-§22-用户端体验增强.md,source_section,通知事件完整列表,`2fa_changed`,`2fa_changed`,,1428,gb18030->utf8 x1,NO,MANUAL_REVIEW,至少一个受影响字段无法整字段安全转换，或完整源行不可读/不可定位，或存在复合断言
UA2-03663,user-agent,docs/SPEC-§22-用户端体验增强.md,source_section,通知事件完整列表,2FA 变更,2FA 变更,,1428,gb18030->utf8 x1,NO,MANUAL_REVIEW,至少一个受影响字段无法整字段安全转换，或完整源行不可读/不可定位，或存在复合断言
UA2-03667,user-agent,docs/SPEC-§22-用户端体验增强.md,source_section;source_quote;atomic_assertion,通知事件完整列表,系统,系统,2148;2151,1428,gb18030->utf8 x1,NO,REVIEW_CANDIDATE,所有受影响字段均完成整字段可逆转换，且引用/章节可定位；仍需人工确认
UA2-03668,user-agent,docs/SPEC-§22-用户端体验增强.md,source_section,通知事件完整列表,`system_maintenance`,`system_maintenance`,,1428,gb18030->utf8 x1,NO,MANUAL_REVIEW,至少一个受影响字段无法整字段安全转换，或完整源行不可读/不可定位，或存在复合断言
UA2-03669,user-agent,docs/SPEC-§22-用户端体验增强.md,source_section;source_quote;atomic_assertion,通知事件完整列表,系统维护,系统维护,,1428,gb18030->utf8 x1,NO,MANUAL_REVIEW,至少一个受影响字段无法整字段安全转换，或完整源行不可读/不可定位，或存在复合断言
UA2-03671,user-agent,docs/SPEC-§22-用户端体验增强.md,source_section,通知事件完整列表,鈽?鍏?,鈽?鍏?,,1428,gb18030->utf8 x1,NO,MANUAL_REVIEW,至少一个受影响字段无法整字段安全转换，或完整源行不可读/不可定位，或存在复合断言
UA2-03673,user-agent,docs/SPEC-§22-用户端体验增强.md,source_section,通知事件完整列表,`api_changed`,`api_changed`,,1428,gb18030->utf8 x1,NO,MANUAL_REVIEW,至少一个受影响字段无法整字段安全转换，或完整源行不可读/不可定位，或存在复合断言
UA2-03674,user-agent,docs/SPEC-§22-用户端体验增强.md,source_section,通知事件完整列表,API 变更,API 变更,,1428,gb18030->utf8 x1,NO,MANUAL_REVIEW,至少一个受影响字段无法整字段安全转换，或完整源行不可读/不可定位，或存在复合断言
UA2-03678,user-agent,docs/SPEC-§22-用户端体验增强.md,source_section,通知事件完整列表,`version_update`,`version_update`,,1428,gb18030->utf8 x1,NO,MANUAL_REVIEW,至少一个受影响字段无法整字段安全转换，或完整源行不可读/不可定位，或存在复合断言
UA2-03679,user-agent,docs/SPEC-§22-用户端体验增强.md,source_section,通知事件完整列表,版本更新,版本更新,,1428,gb18030->utf8 x1,NO,MANUAL_REVIEW,至少一个受影响字段无法整字段安全转换，或完整源行不可读/不可定位，或存在复合断言
UA2-03682,user-agent,docs/SPEC-§22-用户端体验增强.md,source_section,通知事件完整列表,营销,营销,,1428,gb18030->utf8 x1,NO,MANUAL_REVIEW,至少一个受影响字段无法整字段安全转换，或完整源行不可读/不可定位，或存在复合断言
UA2-03683,user-agent,docs/SPEC-§22-用户端体验增强.md,source_section,通知事件完整列表,`campaign_notify`,`campaign_notify`,,1428,gb18030->utf8 x1,NO,MANUAL_REVIEW,至少一个受影响字段无法整字段安全转换，或完整源行不可读/不可定位，或存在复合断言
UA2-03684,user-agent,docs/SPEC-§22-用户端体验增强.md,source_section;source_quote;atomic_assertion,通知事件完整列表,活动通知,活动通知,,1428,gb18030->utf8 x1,NO,MANUAL_REVIEW,至少一个受影响字段无法整字段安全转换，或完整源行不可读/不可定位，或存在复合断言
UA2-03688,user-agent,docs/SPEC-§22-用户端体验增强.md,source_section,通知事件完整列表,`promotion_info`,`promotion_info`,,1428,gb18030->utf8 x1,NO,MANUAL_REVIEW,至少一个受影响字段无法整字段安全转换，或完整源行不可读/不可定位，或存在复合断言
UA2-03689,user-agent,docs/SPEC-§22-用户端体验增强.md,source_section,通知事件完整列表,优惠信息,优惠信息,,1428,gb18030->utf8 x1,NO,MANUAL_REVIEW,至少一个受影响字段无法整字段安全转换，或完整源行不可读/不可定位，或存在复合断言
UA2-03693,user-agent,docs/SPEC-§22-用户端体验增强.md,source_section,通知事件完整列表,`product_update`,`product_update`,,1428,gb18030->utf8 x1,NO,MANUAL_REVIEW,至少一个受影响字段无法整字段安全转换，或完整源行不可读/不可定位，或存在复合断言
UA2-03694,user-agent,docs/SPEC-§22-用户端体验增强.md,source_section,通知事件完整列表,产品更新,产品更新,,1428,gb18030->utf8 x1,NO,MANUAL_REVIEW,至少一个受影响字段无法整字段安全转换，或完整源行不可读/不可定位，或存在复合断言
UA2-03697,user-agent,docs/SPEC-§22-用户端体验增强.md,source_section;source_quote;atomic_assertion,API 接口,鍙戦€侀€氱煡鍓嶆鏌ュ亸濂斤細,鍙戦€侀€氱煡鍓嶆鏌ュ亸濂斤細,,140;268;331;446;506;624;829;1139;1306;1488;1694;1776;1870;1938;1993,gb18030->utf8 x1,NO,MANUAL_REVIEW,至少一个受影响字段无法整字段安全转换，或完整源行不可读/不可定位，或存在复合断言
UA2-03698,user-agent,docs/SPEC-§22-用户端体验增强.md,source_section,API 接口,"function shouldSendEmail(userId, eventType):","function shouldSendEmail(userId, eventType):",1550,140;268;331;446;506;624;829;1139;1306;1488;1694;1776;1870;1938;1993,gb18030->utf8 x1,NO,REVIEW_CANDIDATE,所有受影响字段均完成整字段可逆转换，且引用/章节可定位；仍需人工确认
UA2-03699,user-agent,docs/SPEC-§22-用户端体验增强.md,source_section,API 接口,prefs = getNotificationPreferences(userId),prefs = getNotificationPreferences(userId),1551;1564,140;268;331;446;506;624;829;1139;1306;1488;1694;1776;1870;1938;1993,gb18030->utf8 x1,NO,REVIEW_CANDIDATE,所有受影响字段均完成整字段可逆转换，且引用/章节可定位；仍需人工确认
UA2-03700,user-agent,docs/SPEC-§22-用户端体验增强.md,source_section,API 接口,if not prefs.emailEnabled: return false,if not prefs.emailEnabled: return false,1552,140;268;331;446;506;624;829;1139;1306;1488;1694;1776;1870;1938;1993,gb18030->utf8 x1,NO,REVIEW_CANDIDATE,所有受影响字段均完成整字段可逆转换，且引用/章节可定位；仍需人工确认
UA2-03701,user-agent,docs/SPEC-§22-用户端体验增强.md,source_section,API 接口,if not prefs.emailPreferences[eventType]: return false,if not prefs.emailPreferences[eventType]: return false,1553,140;268;331;446;506;624;829;1139;1306;1488;1694;1776;1870;1938;1993,gb18030->utf8 x1,NO,REVIEW_CANDIDATE,所有受影响字段均完成整字段可逆转换，且引用/章节可定位；仍需人工确认
UA2-03702,user-agent,docs/SPEC-§22-用户端体验增强.md,source_section,API 接口,if prefs.emailFrequency == 'daily':,if prefs.emailFrequency == 'daily':,1555,140;268;331;446;506;624;829;1139;1306;1488;1694;1776;1870;1938;1993,gb18030->utf8 x1,NO,REVIEW_CANDIDATE,所有受影响字段均完成整字段可逆转换，且引用/章节可定位；仍需人工确认
UA2-03703,user-agent,docs/SPEC-§22-用户端体验增强.md,source_section;source_quote;atomic_assertion,API 接口,"// 鍔犲叆浠婃棩鎽樿闃熷垪锛屼笉绔嬪嵆鍙戦€?    addToDailyDigest(userId, eventType, payload)","// 鍔犲叆浠婃棩鎽樿闃熷垪锛屼笉绔嬪嵆鍙戦€?    addToDailyDigest(userId, eventType, payload)",,140;268;331;446;506;624;829;1139;1306;1488;1694;1776;1870;1938;1993,gb18030->utf8 x1,NO,MANUAL_REVIEW,至少一个受影响字段无法整字段安全转换，或完整源行不可读/不可定位，或存在复合断言
UA2-03704,user-agent,docs/SPEC-§22-用户端体验增强.md,source_section,API 接口,return false,return false,1552;1553;1557;1560,140;268;331;446;506;624;829;1139;1306;1488;1694;1776;1870;1938;1993,gb18030->utf8 x1,NO,REVIEW_CANDIDATE,所有受影响字段均完成整字段可逆转换，且引用/章节可定位；仍需人工确认
UA2-03705,user-agent,docs/SPEC-§22-用户端体验增强.md,source_section,API 接口,if prefs.emailFrequency == 'off':,if prefs.emailFrequency == 'off':,1559,140;268;331;446;506;624;829;1139;1306;1488;1694;1776;1870;1938;1993,gb18030->utf8 x1,NO,REVIEW_CANDIDATE,所有受影响字段均完成整字段可逆转换，且引用/章节可定位；仍需人工确认
UA2-03707,user-agent,docs/SPEC-§22-用户端体验增强.md,source_section,API 接口,return true  // realtime 鈫?绔嬪嵆鍙戦€?,return true  // realtime 鈫?绔嬪嵆鍙戦€?,1562,140;268;331;446;506;624;829;1139;1306;1488;1694;1776;1870;1938;1993,gb18030->utf8 x1,NO,REVIEW_CANDIDATE,所有受影响字段均完成整字段可逆转换，且引用/章节可定位；仍需人工确认
UA2-03708,user-agent,docs/SPEC-§22-用户端体验增强.md,source_section,API 接口,"function shouldSendInApp(userId, eventType):","function shouldSendInApp(userId, eventType):",1563,140;268;331;446;506;624;829;1139;1306;1488;1694;1776;1870;1938;1993,gb18030->utf8 x1,NO,REVIEW_CANDIDATE,所有受影响字段均完成整字段可逆转换，且引用/章节可定位；仍需人工确认
UA2-03710,user-agent,docs/SPEC-§22-用户端体验增强.md,source_section;source_quote;atomic_assertion,API 接口,return prefs.inAppPreferences[eventType] !== false  // 默认 true,return prefs.inAppPreferences[eventType] !== false  // 默认 true,1565,140;268;331;446;506;624;829;1139;1306;1488;1694;1776;1870;1938;1993,gb18030->utf8 x1,NO,REVIEW_CANDIDATE,所有受影响字段均完成整字段可逆转换，且引用/章节可定位；仍需人工确认
UA2-03711,user-agent,docs/SPEC-§22-用户端体验增强.md,source_section;source_quote;atomic_assertion,API 接口,每日摘要邮件（cron）：每天 9:00 AM 扫描,每日摘要邮件（cron）：每天 9:00 AM 扫描,1567,140;268;331;446;506;624;829;1139;1306;1488;1694;1776;1870;1938;1993,gb18030->utf8 x1,NO,REVIEW_CANDIDATE,所有受影响字段均完成整字段可逆转换，且引用/章节可定位；仍需人工确认
UA2-03712,user-agent,docs/SPEC-§22-用户端体验增强.md,source_section;source_quote;atomic_assertion,API 接口,"鈫?SELECT 鎵€鏈?emailFrequency='daily' 鐨勭敤鎴?  鈫?鑱氬悎杩囧幓 24 灏忔椂鎺掗槦鐨勬憳瑕佷簨浠?  鈫?娓叉煋閭欢妯℃澘 鈫?鍙戦€?  鈫?鎽樿閭欢鍐呭绀轰緥锛?    [3Cloud] 姣忔棩娑堣垂鎽樿 鈥?2026骞?鏈?8鏃?    浠婃棩璋冪敤锛?,234 娆?    浠婃棩娑堣垂锛毬?2.50","鈫?SELECT 鎵€鏈?emailFrequency='daily' 鐨勭敤鎴?  鈫?鑱氬悎杩囧幓 24 灏忔椂鎺掗槦鐨勬憳瑕佷簨浠?  鈫?娓叉煋閭欢妯℃澘 鈫?鍙戦€?  鈫?鎽樿閭欢鍐呭绀轰緥锛?    [3Cloud] 姣忔棩娑堣垂鎽樿 鈥?2026骞?鏈?8鏃?    浠婃棩璋冪敤锛?,234 娆?    浠婃棩娑堣垂锛毬?2.50",,140;268;331;446;506;624;829;1139;1306;1488;1694;1776;1870;1938;1993,gb18030->utf8 x1,NO,MANUAL_REVIEW,至少一个受影响字段无法整字段安全转换，或完整源行不可读/不可定位，或存在复合断言
UA2-03713,user-agent,docs/SPEC-§22-用户端体验增强.md,source_section;source_quote;atomic_assertion,API 接口,璐︽埛浣欓锛毬?50.00,璐︽埛浣欓锛毬?50.00,,140;268;331;446;506;624;829;1139;1306;1488;1694;1776;1870;1938;1993,gb18030->utf8 x1,NO,MANUAL_REVIEW,至少一个受影响字段无法整字段安全转换，或完整源行不可读/不可定位，或存在复合断言
UA2-03714,user-agent,docs/SPEC-§22-用户端体验增强.md,source_section;source_quote;atomic_assertion,API 接口,浠婃棩鍛婅锛? 鏉?,浠婃棩鍛婅锛? 鏉?,,140;268;331;446;506;624;829;1139;1306;1488;1694;1776;1870;1938;1993,gb18030->utf8 x1,NO,MANUAL_REVIEW,至少一个受影响字段无法整字段安全转换，或完整源行不可读/不可定位，或存在复合断言
UA2-03715,user-agent,docs/SPEC-§22-用户端体验增强.md,source_quote;atomic_assertion,边界条件,鍏抽棴閭欢鍏ㄥ眬 鈫?淇濆瓨,鍏抽棴閭欢鍏ㄥ眬 鈫?淇濆瓨,,196;943;1179;1382;1607;1817,gb18030->utf8 x1,NO,MANUAL_REVIEW,至少一个受影响字段无法整字段安全转换，或完整源行不可读/不可定位，或存在复合断言
UA2-03716,user-agent,docs/SPEC-§22-用户端体验增强.md,source_quote;atomic_assertion,边界条件,邮件频率自动设为 `off`，所有邮件复选框置灰,邮件频率自动设为 `off`，所有邮件复选框置灰,,196;943;1179;1382;1607;1817,gb18030->utf8 x1,NO,MANUAL_REVIEW,至少一个受影响字段无法整字段安全转换，或完整源行不可读/不可定位，或存在复合断言
UA2-03717,user-agent,docs/SPEC-§22-用户端体验增强.md,source_quote;atomic_assertion,边界条件,鍏抽棴閭欢鍏ㄥ眬 鈫?寮€鍚?,鍏抽棴閭欢鍏ㄥ眬 鈫?寮€鍚?,,196;943;1179;1382;1607;1817,gb18030->utf8 x1,NO,MANUAL_REVIEW,至少一个受影响字段无法整字段安全转换，或完整源行不可读/不可定位，或存在复合断言
UA2-03718,user-agent,docs/SPEC-§22-用户端体验增强.md,source_quote;atomic_assertion,边界条件,閭欢棰戠巼鎭㈠涓轰笂娆￠潪 `off` 鍊硷紙榛樿 `daily`锛?,閭欢棰戠巼鎭㈠涓轰笂娆￠潪 `off` 鍊硷紙榛樿 `daily`锛?,,196;943;1179;1382;1607;1817,gb18030->utf8 x1,NO,MANUAL_REVIEW,至少一个受影响字段无法整字段安全转换，或完整源行不可读/不可定位，或存在复合断言
UA2-03719,user-agent,docs/SPEC-§22-用户端体验增强.md,source_quote;atomic_assertion,边界条件,鍙栨秷鎵€鏈夌珯鍐呴€氱煡锛堥櫎寮哄埗椤癸級,鍙栨秷鎵€鏈夌珯鍐呴€氱煡锛堥櫎寮哄埗椤癸級,,196;943;1179;1382;1607;1817,gb18030->utf8 x1,NO,MANUAL_REVIEW,至少一个受影响字段无法整字段安全转换，或完整源行不可读/不可定位，或存在复合断言
UA2-03720,user-agent,docs/SPEC-§22-用户端体验增强.md,source_quote;atomic_assertion,边界条件,鍏佽锛屼繚瀛樻垚鍔?,鍏佽锛屼繚瀛樻垚鍔?,,196;943;1179;1382;1607;1817,gb18030->utf8 x1,NO,MANUAL_REVIEW,至少一个受影响字段无法整字段安全转换，或完整源行不可读/不可定位，或存在复合断言
UA2-03721,user-agent,docs/SPEC-§22-用户端体验增强.md,source_quote;atomic_assertion,边界条件,寮哄埗椤癸紙寮傚父鐧诲綍/2FA锛?,寮哄埗椤癸紙寮傚父鐧诲綍/2FA锛?,,196;943;1179;1382;1607;1817,gb18030->utf8 x1,NO,MANUAL_REVIEW,至少一个受影响字段无法整字段安全转换，或完整源行不可读/不可定位，或存在复合断言
UA2-03722,user-agent,docs/SPEC-§22-用户端体验增强.md,source_quote;atomic_assertion,边界条件,澶嶉€夋鏄剧ず涓哄嬀閫?+ 鐏拌壊 disabled + 馃敀 鍥炬爣锛屼笉鍙偣鍑?,澶嶉€夋鏄剧ず涓哄嬀閫?+ 鐏拌壊 disabled + 馃敀 鍥炬爣锛屼笉鍙偣鍑?,,196;943;1179;1382;1607;1817,gb18030->utf8 x1,NO,MANUAL_REVIEW,至少一个受影响字段无法整字段安全转换，或完整源行不可读/不可定位，或存在复合断言
UA2-03723,user-agent,docs/SPEC-§22-用户端体验增强.md,source_quote;atomic_assertion,边界条件,浣欓涓嶈冻闃堝€间负 0,浣欓涓嶈冻闃堝€间负 0,,196;943;1179;1382;1607;1817,gb18030->utf8 x1,NO,MANUAL_REVIEW,至少一个受影响字段无法整字段安全转换，或完整源行不可读/不可定位，或存在复合断言
UA2-03724,user-agent,docs/SPEC-§22-用户端体验增强.md,source_quote;atomic_assertion,边界条件,"鏍￠獙鎷︽埅锛?闃堝€煎繀椤诲ぇ浜?0""","鏍￠獙鎷︽埅锛?闃堝€煎繀椤诲ぇ浜?0""",,196;943;1179;1382;1607;1817,gb18030->utf8 x1,NO,MANUAL_REVIEW,至少一个受影响字段无法整字段安全转换，或完整源行不可读/不可定位，或存在复合断言
UA2-03725,user-agent,docs/SPEC-§22-用户端体验增强.md,source_quote;atomic_assertion,边界条件,浣欓涓嶈冻闃堝€?> 99999,浣欓涓嶈冻闃堝€?> 99999,,196;943;1179;1382;1607;1817,gb18030->utf8 x1,NO,MANUAL_REVIEW,至少一个受影响字段无法整字段安全转换，或完整源行不可读/不可定位，或存在复合断言
UA2-03726,user-agent,docs/SPEC-§22-用户端体验增强.md,source_quote;atomic_assertion,边界条件,"鏍￠獙鎷︽埅锛?闃堝€间笉鑳借秴杩?楼99,999""","鏍￠獙鎷︽埅锛?闃堝€间笉鑳借秴杩?楼99,999""",,196;943;1179;1382;1607;1817,gb18030->utf8 x1,NO,MANUAL_REVIEW,至少一个受影响字段无法整字段安全转换，或完整源行不可读/不可定位，或存在复合断言
UA2-03727,user-agent,docs/SPEC-§22-用户端体验增强.md,source_quote;atomic_assertion,边界条件,鏃犲亸濂借褰曠殑鏂扮敤鎴?,鏃犲亸濂借褰曠殑鏂扮敤鎴?,,196;943;1179;1382;1607;1817,gb18030->utf8 x1,NO,MANUAL_REVIEW,至少一个受影响字段无法整字段安全转换，或完整源行不可读/不可定位，或存在复合断言
UA2-03728,user-agent,docs/SPEC-§22-用户端体验增强.md,source_quote;atomic_assertion,边界条件,鍚庣杩斿洖榛樿鍊硷紙鍏ㄩ儴寮€鍚紝閭欢姣忔棩鎽樿锛?,鍚庣杩斿洖榛樿鍊硷紙鍏ㄩ儴寮€鍚紝閭欢姣忔棩鎽樿锛?,,196;943;1179;1382;1607;1817,gb18030->utf8 x1,NO,MANUAL_REVIEW,至少一个受影响字段无法整字段安全转换，或完整源行不可读/不可定位，或存在复合断言
UA2-03729,user-agent,docs/SPEC-§22-用户端体验增强.md,source_quote;atomic_assertion,边界条件,每日摘要时间为空,每日摘要时间为空,,196;943;1179;1382;1607;1817,gb18030->utf8 x1,NO,MANUAL_REVIEW,至少一个受影响字段无法整字段安全转换，或完整源行不可读/不可定位，或存在复合断言
UA2-03730,user-agent,docs/SPEC-§22-用户端体验增强.md,source_quote;atomic_assertion,边界条件,榛樿 09:00锛屾牎楠屽繀濉?,榛樿 09:00锛屾牎楠屽繀濉?,,196;943;1179;1382;1607;1817,gb18030->utf8 x1,NO,MANUAL_REVIEW,至少一个受影响字段无法整字段安全转换，或完整源行不可读/不可定位，或存在复合断言
UA2-03731,user-agent,docs/SPEC-§22-用户端体验增强.md,source_quote;atomic_assertion,边界条件,鎭㈠榛樿鍚?,鎭㈠榛樿鍚?,,196;943;1179;1382;1607;1817,gb18030->utf8 x1,NO,MANUAL_REVIEW,至少一个受影响字段无法整字段安全转换，或完整源行不可读/不可定位，或存在复合断言
UA2-03732,user-agent,docs/SPEC-§22-用户端体验增强.md,source_quote;atomic_assertion,边界条件,"鐩存帴 PUT 榛樿鍊硷紝椤甸潰鍗虫椂鏇存柊锛孴oast ""宸叉仮澶嶉粯璁よ缃?","鐩存帴 PUT 榛樿鍊硷紝椤甸潰鍗虫椂鏇存柊锛孴oast ""宸叉仮澶嶉粯璁よ缃?",,196;943;1179;1382;1607;1817,gb18030->utf8 x1,NO,MANUAL_REVIEW,至少一个受影响字段无法整字段安全转换，或完整源行不可读/不可定位，或存在复合断言
UA2-03733,user-agent,docs/SPEC-§22-用户端体验增强.md,source_section,验收标准,AC-49,AC-49,1625,209;956;1195;1395;1621;1724;1827;1908;1957;2021;2096,gb18030->utf8 x1,NO,REVIEW_CANDIDATE,所有受影响字段均完成整字段可逆转换，且引用/章节可定位；仍需人工确认
UA2-03734,user-agent,docs/SPEC-§22-用户端体验增强.md,source_section;source_quote;atomic_assertion,验收标准,用户关闭邮件通知全局,用户关闭邮件通知全局,1625,209;956;1195;1395;1621;1724;1827;1908;1957;2021;2096,gb18030->utf8 x1,NO,REVIEW_CANDIDATE,所有受影响字段均完成整字段可逆转换，且引用/章节可定位；仍需人工确认
UA2-03735,user-agent,docs/SPEC-§22-用户端体验增强.md,source_section;source_quote;atomic_assertion,验收标准,不再收到邮件,不再收到邮件,1625,209;956;1195;1395;1621;1724;1827;1908;1957;2021;2096,gb18030->utf8 x1,NO,REVIEW_CANDIDATE,所有受影响字段均完成整字段可逆转换，且引用/章节可定位；仍需人工确认
UA2-03736,user-agent,docs/SPEC-§22-用户端体验增强.md,source_section,验收标准,AC-50,AC-50,,209;956;1195;1395;1621;1724;1827;1908;1957;2021;2096,gb18030->utf8 x1,NO,MANUAL_REVIEW,至少一个受影响字段无法整字段安全转换，或完整源行不可读/不可定位，或存在复合断言
UA2-03737,user-agent,docs/SPEC-§22-用户端体验增强.md,source_section;source_quote;atomic_assertion,验收标准,"邮件频率设为""每日摘要""","邮件频率设为""每日摘要""",,209;956;1195;1395;1621;1724;1827;1908;1957;2021;2096,gb18030->utf8 x1,NO,MANUAL_REVIEW,至少一个受影响字段无法整字段安全转换，或完整源行不可读/不可定位，或存在复合断言
UA2-03738,user-agent,docs/SPEC-§22-用户端体验增强.md,source_section;source_quote;atomic_assertion,验收标准,姣忓ぉ 9:00 鏀跺埌姹囨€婚偖浠讹紝涓嶅疄鏃舵帹閫?,姣忓ぉ 9:00 鏀跺埌姹囨€婚偖浠讹紝涓嶅疄鏃舵帹閫?,,209;956;1195;1395;1621;1724;1827;1908;1957;2021;2096,gb18030->utf8 x1,NO,MANUAL_REVIEW,至少一个受影响字段无法整字段安全转换，或完整源行不可读/不可定位，或存在复合断言
UA2-03739,user-agent,docs/SPEC-§22-用户端体验增强.md,source_section,验收标准,AC-51,AC-51,,209;956;1195;1395;1621;1724;1827;1908;1957;2021;2096,gb18030->utf8 x1,NO,MANUAL_REVIEW,至少一个受影响字段无法整字段安全转换，或完整源行不可读/不可定位，或存在复合断言
UA2-03740,user-agent,docs/SPEC-§22-用户端体验增强.md,source_section;source_quote;atomic_assertion,验收标准,"关闭""消费通知""站内通知","关闭""消费通知""站内通知",,209;956;1195;1395;1621;1724;1827;1908;1957;2021;2096,gb18030->utf8 x1,NO,MANUAL_REVIEW,至少一个受影响字段无法整字段安全转换，或完整源行不可读/不可定位，或存在复合断言
UA2-03741,user-agent,docs/SPEC-§22-用户端体验增强.md,source_section;source_quote;atomic_assertion,验收标准,涓嬫璋冪敤瀹屾垚鍚庝笉鍐嶇敓鎴愮珯鍐呮秷璐归€氱煡,涓嬫璋冪敤瀹屾垚鍚庝笉鍐嶇敓鎴愮珯鍐呮秷璐归€氱煡,,209;956;1195;1395;1621;1724;1827;1908;1957;2021;2096,gb18030->utf8 x1,NO,MANUAL_REVIEW,至少一个受影响字段无法整字段安全转换，或完整源行不可读/不可定位，或存在复合断言
UA2-03742,user-agent,docs/SPEC-§22-用户端体验增强.md,source_section,验收标准,AC-52,AC-52,,209;956;1195;1395;1621;1724;1827;1908;1957;2021;2096,gb18030->utf8 x1,NO,MANUAL_REVIEW,至少一个受影响字段无法整字段安全转换，或完整源行不可读/不可定位，或存在复合断言
UA2-03743,user-agent,docs/SPEC-§22-用户端体验增强.md,source_section;source_quote;atomic_assertion,验收标准,鍏抽棴鎵€鏈夎惀閿€閫氱煡,鍏抽棴鎵€鏈夎惀閿€閫氱煡,,209;956;1195;1395;1621;1724;1827;1908;1957;2021;2096,gb18030->utf8 x1,NO,MANUAL_REVIEW,至少一个受影响字段无法整字段安全转换，或完整源行不可读/不可定位，或存在复合断言
UA2-03744,user-agent,docs/SPEC-§22-用户端体验增强.md,source_section;source_quote;atomic_assertion,验收标准,不再收到活动/优惠/产品更新通知,不再收到活动/优惠/产品更新通知,,209;956;1195;1395;1621;1724;1827;1908;1957;2021;2096,gb18030->utf8 x1,NO,MANUAL_REVIEW,至少一个受影响字段无法整字段安全转换，或完整源行不可读/不可定位，或存在复合断言
UA2-03745,user-agent,docs/SPEC-§22-用户端体验增强.md,source_section,验收标准,AC-53,AC-53,,209;956;1195;1395;1621;1724;1827;1908;1957;2021;2096,gb18030->utf8 x1,NO,MANUAL_REVIEW,至少一个受影响字段无法整字段安全转换，或完整源行不可读/不可定位，或存在复合断言
UA2-03746,user-agent,docs/SPEC-§22-用户端体验增强.md,source_section;source_quote;atomic_assertion,验收标准,"尝试关闭""异常登录""站内通知","尝试关闭""异常登录""站内通知",,209;956;1195;1395;1621;1724;1827;1908;1957;2021;2096,gb18030->utf8 x1,NO,MANUAL_REVIEW,至少一个受影响字段无法整字段安全转换，或完整源行不可读/不可定位，或存在复合断言
UA2-03747,user-agent,docs/SPEC-§22-用户端体验增强.md,source_section;source_quote;atomic_assertion,验收标准,澶嶉€夋涓嶅彲鐐瑰嚮锛屾樉绀?馃敀 寮哄埗寮€鍚?,澶嶉€夋涓嶅彲鐐瑰嚮锛屾樉绀?馃敀 寮哄埗寮€鍚?,,209;956;1195;1395;1621;1724;1827;1908;1957;2021;2096,gb18030->utf8 x1,NO,MANUAL_REVIEW,至少一个受影响字段无法整字段安全转换，或完整源行不可读/不可定位，或存在复合断言
UA2-03748,user-agent,docs/SPEC-§22-用户端体验增强.md,source_section,验收标准,AC-54,AC-54,,209;956;1195;1395;1621;1724;1827;1908;1957;2021;2096,gb18030->utf8 x1,NO,MANUAL_REVIEW,至少一个受影响字段无法整字段安全转换，或完整源行不可读/不可定位，或存在复合断言
UA2-03749,user-agent,docs/SPEC-§22-用户端体验增强.md,source_section;source_quote;atomic_assertion,验收标准,淇敼浣欓涓嶈冻闃堝€间负 楼20,淇敼浣欓涓嶈冻闃堝€间负 楼20,,209;956;1195;1395;1621;1724;1827;1908;1957;2021;2096,gb18030->utf8 x1,NO,MANUAL_REVIEW,至少一个受影响字段无法整字段安全转换，或完整源行不可读/不可定位，或存在复合断言
UA2-03750,user-agent,docs/SPEC-§22-用户端体验增强.md,source_section;source_quote;atomic_assertion,验收标准,浣欓 楼15 鏃惰Е鍙戜綆浣欓鍛婅锛屄?2 鏃朵笉瑙﹀彂,浣欓 楼15 鏃惰Е鍙戜綆浣欓鍛婅锛屄?2 鏃朵笉瑙﹀彂,,209;956;1195;1395;1621;1724;1827;1908;1957;2021;2096,gb18030->utf8 x1,NO,MANUAL_REVIEW,至少一个受影响字段无法整字段安全转换，或完整源行不可读/不可定位，或存在复合断言
UA2-03751,user-agent,docs/SPEC-§22-用户端体验增强.md,source_section,验收标准,AC-55,AC-55,,209;956;1195;1395;1621;1724;1827;1908;1957;2021;2096,gb18030->utf8 x1,NO,MANUAL_REVIEW,至少一个受影响字段无法整字段安全转换，或完整源行不可读/不可定位，或存在复合断言
UA2-03752,user-agent,docs/SPEC-§22-用户端体验增强.md,source_section;source_quote;atomic_assertion,验收标准,"""鎭㈠榛樿"" 鈫?纭","""鎭㈠榛樿"" 鈫?纭",,209;956;1195;1395;1621;1724;1827;1908;1957;2021;2096,gb18030->utf8 x1,NO,MANUAL_REVIEW,至少一个受影响字段无法整字段安全转换，或完整源行不可读/不可定位，或存在复合断言
UA2-03753,user-agent,docs/SPEC-§22-用户端体验增强.md,source_section;source_quote;atomic_assertion,验收标准,鎵€鏈夊亸濂介噸缃负榛樿鍊硷紝椤甸潰鍒锋柊,鎵€鏈夊亸濂介噸缃负榛樿鍊硷紝椤甸潰鍒锋柊,,209;956;1195;1395;1621;1724;1827;1908;1957;2021;2096,gb18030->utf8 x1,NO,MANUAL_REVIEW,至少一个受影响字段无法整字段安全转换，或完整源行不可读/不可定位，或存在复合断言
UA2-03754,user-agent,docs/SPEC-§22-用户端体验增强.md,source_section;source_quote;atomic_assertion,22.7 鐢ㄦ埛绔綋楠屽寮烘€昏,Onboarding 向导,Onboarding 向导,,,gb18030->utf8 x1,NO,MANUAL_REVIEW,至少一个受影响字段无法整字段安全转换，或完整源行不可读/不可定位，或存在复合断言
UA2-03755,user-agent,docs/SPEC-§22-用户端体验增强.md,source_section,22.7 鐢ㄦ埛绔綋楠屽寮烘€昏,§22.1,§22.1,1653,,gb18030->utf8 x1,NO,MANUAL_REVIEW,至少一个受影响字段无法整字段安全转换，或完整源行不可读/不可定位，或存在复合断言
UA2-03756,user-agent,docs/SPEC-§22-用户端体验增强.md,source_section,22.7 鐢ㄦ埛绔綋楠屽寮烘€昏,鍏ㄥ姛鑳藉疄鐜?,鍏ㄥ姛鑳藉疄鐜?,1648,,,NO,MANUAL_REVIEW,至少一个受影响字段无法整字段安全转换，或完整源行不可读/不可定位，或存在复合断言
UA2-03757,user-agent,docs/SPEC-§22-用户端体验增强.md,source_section;source_quote;atomic_assertion,22.7 鐢ㄦ埛绔綋楠屽寮烘€昏,5 步引导降低新用户上手门槛,5 步引导降低新用户上手门槛,,,gb18030->utf8 x1,NO,MANUAL_REVIEW,至少一个受影响字段无法整字段安全转换，或完整源行不可读/不可定位，或存在复合断言
UA2-03758,user-agent,docs/SPEC-§22-用户端体验增强.md,source_section;source_quote;atomic_assertion,22.7 鐢ㄦ埛绔綋楠屽寮烘€昏,Dashboard 澧炲己鈥旀垚鏈娴?,Dashboard 澧炲己鈥旀垚鏈娴?,,,,NO,MANUAL_REVIEW,至少一个受影响字段无法整字段安全转换，或完整源行不可读/不可定位，或存在复合断言
UA2-03759,user-agent,docs/SPEC-§22-用户端体验增强.md,source_section,22.7 鐢ㄦ埛绔綋楠屽寮烘€昏,§22.2.1,§22.2.1,,,gb18030->utf8 x1,NO,MANUAL_REVIEW,至少一个受影响字段无法整字段安全转换，或完整源行不可读/不可定位，或存在复合断言
UA2-03760,user-agent,docs/SPEC-§22-用户端体验增强.md,source_section,22.7 鐢ㄦ埛绔綋楠屽寮烘€昏,实现,实现,,,gb18030->utf8 x1,NO,MANUAL_REVIEW,至少一个受影响字段无法整字段安全转换，或完整源行不可读/不可定位，或存在复合断言
UA2-03761,user-agent,docs/SPEC-§22-用户端体验增强.md,source_section;source_quote;atomic_assertion,22.7 鐢ㄦ埛绔綋楠屽寮烘€昏,鍩轰簬鍘嗗彶鏁版嵁棰勬祴鏈堟秷璐?浣欓鑰楀敖澶╂暟,鍩轰簬鍘嗗彶鏁版嵁棰勬祴鏈堟秷璐?浣欓鑰楀敖澶╂暟,,,,NO,MANUAL_REVIEW,至少一个受影响字段无法整字段安全转换，或完整源行不可读/不可定位，或存在复合断言
UA2-03762,user-agent,docs/SPEC-§22-用户端体验增强.md,source_section;source_quote;atomic_assertion,22.7 鐢ㄦ埛绔綋楠屽寮烘€昏,Dashboard 澧炲己鈥斿憡璀︿腑蹇?,Dashboard 澧炲己鈥斿憡璀︿腑蹇?,,,,NO,MANUAL_REVIEW,至少一个受影响字段无法整字段安全转换，或完整源行不可读/不可定位，或存在复合断言
UA2-03763,user-agent,docs/SPEC-§22-用户端体验增强.md,source_section,22.7 鐢ㄦ埛绔綋楠屽寮烘€昏,§22.2.2,§22.2.2,,,gb18030->utf8 x1,NO,MANUAL_REVIEW,至少一个受影响字段无法整字段安全转换，或完整源行不可读/不可定位，或存在复合断言
UA2-03765,user-agent,docs/SPEC-§22-用户端体验增强.md,source_section;source_quote;atomic_assertion,22.7 鐢ㄦ埛绔綋楠屽寮烘€昏,4 绉嶅憡璀﹀疄鏃剁洃鎺?,4 绉嶅憡璀﹀疄鏃剁洃鎺?,,,,NO,MANUAL_REVIEW,至少一个受影响字段无法整字段安全转换，或完整源行不可读/不可定位，或存在复合断言
UA2-03766,user-agent,docs/SPEC-§22-用户端体验增强.md,source_section;source_quote;atomic_assertion,22.7 鐢ㄦ埛绔綋楠屽寮烘€昏,Dashboard 澧炲己鈥旇处鍗曞懆鏈?,Dashboard 澧炲己鈥旇处鍗曞懆鏈?,,,,NO,MANUAL_REVIEW,至少一个受影响字段无法整字段安全转换，或完整源行不可读/不可定位，或存在复合断言
UA2-03767,user-agent,docs/SPEC-§22-用户端体验增强.md,source_section,22.7 鐢ㄦ埛绔綋楠屽寮烘€昏,§22.2.3,§22.2.3,,,gb18030->utf8 x1,NO,MANUAL_REVIEW,至少一个受影响字段无法整字段安全转换，或完整源行不可读/不可定位，或存在复合断言
UA2-03769,user-agent,docs/SPEC-§22-用户端体验增强.md,source_section;source_quote;atomic_assertion,22.7 鐢ㄦ埛绔綋楠屽寮烘€昏,鍛ㄦ湡杩涘害+宸插嚭璐?寰呯粨绠?涓嬫湡棰勪及,鍛ㄦ湡杩涘害+宸插嚭璐?寰呯粨绠?涓嬫湡棰勪及,,,,NO,MANUAL_REVIEW,至少一个受影响字段无法整字段安全转换，或完整源行不可读/不可定位，或存在复合断言
UA2-03770,user-agent,docs/SPEC-§22-用户端体验增强.md,source_section;source_quote;atomic_assertion,22.7 鐢ㄦ埛绔綋楠屽寮烘€昏,Dashboard 增强—实时活动流,Dashboard 增强—实时活动流,,,gb18030->utf8 x1,NO,MANUAL_REVIEW,至少一个受影响字段无法整字段安全转换，或完整源行不可读/不可定位，或存在复合断言
UA2-03771,user-agent,docs/SPEC-§22-用户端体验增强.md,source_section,22.7 鐢ㄦ埛绔綋楠屽寮烘€昏,§22.2.4,§22.2.4,,,gb18030->utf8 x1,NO,MANUAL_REVIEW,至少一个受影响字段无法整字段安全转换，或完整源行不可读/不可定位，或存在复合断言
UA2-03773,user-agent,docs/SPEC-§22-用户端体验增强.md,source_section;source_quote;atomic_assertion,22.7 鐢ㄦ埛绔綋楠屽寮烘€昏,WebSocket 鎺ㄩ€?杞闄嶇骇,WebSocket 鎺ㄩ€?杞闄嶇骇,,,,NO,MANUAL_REVIEW,至少一个受影响字段无法整字段安全转换，或完整源行不可读/不可定位，或存在复合断言
UA2-03774,user-agent,docs/SPEC-§22-用户端体验增强.md,source_section;source_quote;atomic_assertion,22.7 鐢ㄦ埛绔綋楠屽寮烘€昏,Dashboard 澧炲己鈥旀暟鎹鍑?,Dashboard 澧炲己鈥旀暟鎹鍑?,,,,NO,MANUAL_REVIEW,至少一个受影响字段无法整字段安全转换，或完整源行不可读/不可定位，或存在复合断言
UA2-03775,user-agent,docs/SPEC-§22-用户端体验增强.md,source_section,22.7 鐢ㄦ埛绔綋楠屽寮烘€昏,§22.2.5,§22.2.5,,,gb18030->utf8 x1,NO,MANUAL_REVIEW,至少一个受影响字段无法整字段安全转换，或完整源行不可读/不可定位，或存在复合断言
UA2-03777,user-agent,docs/SPEC-§22-用户端体验增强.md,source_section;source_quote;atomic_assertion,22.7 鐢ㄦ埛绔綋楠屽寮烘€昏,CSV/JSON 瀵煎嚭锛屾渶澶?10 涓囨潯,CSV/JSON 瀵煎嚭锛屾渶澶?10 涓囨潯,,,,NO,MANUAL_REVIEW,至少一个受影响字段无法整字段安全转换，或完整源行不可读/不可定位，或存在复合断言
UA2-03778,user-agent,docs/SPEC-§22-用户端体验增强.md,source_section;source_quote;atomic_assertion,22.7 鐢ㄦ埛绔綋楠屽寮烘€昏,鐢ㄦ埛绔?Playground,鐢ㄦ埛绔?Playground,,,,NO,MANUAL_REVIEW,至少一个受影响字段无法整字段安全转换，或完整源行不可读/不可定位，或存在复合断言
UA2-03779,user-agent,docs/SPEC-§22-用户端体验增强.md,source_section,22.7 鐢ㄦ埛绔綋楠屽寮烘€昏,§22.3,§22.3,,,gb18030->utf8 x1,NO,MANUAL_REVIEW,至少一个受影响字段无法整字段安全转换，或完整源行不可读/不可定位，或存在复合断言
UA2-03781,user-agent,docs/SPEC-§22-用户端体验增强.md,source_section,22.7 鐢ㄦ埛绔綋楠屽寮烘€昏,在线调试+流式响应+代码生成,在线调试+流式响应+代码生成,,,gb18030->utf8 x1,NO,MANUAL_REVIEW,至少一个受影响字段无法整字段安全转换，或完整源行不可读/不可定位，或存在复合断言
UA2-03782,user-agent,docs/SPEC-§22-用户端体验增强.md,source_section;source_quote;atomic_assertion,22.7 鐢ㄦ埛绔綋楠屽寮烘€昏,Webhook 配置,Webhook 配置,1199;2142,,gb18030->utf8 x1,NO,MANUAL_REVIEW,至少一个受影响字段无法整字段安全转换，或完整源行不可读/不可定位，或存在复合断言
UA2-03783,user-agent,docs/SPEC-§22-用户端体验增强.md,source_section,22.7 鐢ㄦ埛绔綋楠屽寮烘€昏,§22.4,§22.4,,,gb18030->utf8 x1,NO,MANUAL_REVIEW,至少一个受影响字段无法整字段安全转换，或完整源行不可读/不可定位，或存在复合断言
UA2-03785,user-agent,docs/SPEC-§22-用户端体验增强.md,source_section;source_quote;atomic_assertion,22.7 鐢ㄦ埛绔綋楠屽寮烘€昏,6 绉嶄簨浠舵帹閫?3 娆￠噸璇?绛惧悕楠岃瘉,6 绉嶄簨浠舵帹閫?3 娆￠噸璇?绛惧悕楠岃瘉,,,,NO,MANUAL_REVIEW,至少一个受影响字段无法整字段安全转换，或完整源行不可读/不可定位，或存在复合断言
UA2-03786,user-agent,docs/SPEC-§22-用户端体验增强.md,source_section;source_quote;atomic_assertion,22.7 鐢ㄦ埛绔綋楠屽寮烘€昏,绗笁鏂?OAuth 鐧诲綍,绗笁鏂?OAuth 鐧诲綍,,,,NO,MANUAL_REVIEW,至少一个受影响字段无法整字段安全转换，或完整源行不可读/不可定位，或存在复合断言
UA2-03787,user-agent,docs/SPEC-§22-用户端体验增强.md,source_section,22.7 鐢ㄦ埛绔綋楠屽寮烘€昏,§22.5,§22.5,,,gb18030->utf8 x1,NO,MANUAL_REVIEW,至少一个受影响字段无法整字段安全转换，或完整源行不可读/不可定位，或存在复合断言
UA2-03789,user-agent,docs/SPEC-§22-用户端体验增强.md,source_section;source_quote;atomic_assertion,22.7 鐢ㄦ埛绔綋楠屽寮烘€昏,GitHub/Google/微信登录+绑定管理,GitHub/Google/微信登录+绑定管理,,,gb18030->utf8 x1,NO,MANUAL_REVIEW,至少一个受影响字段无法整字段安全转换，或完整源行不可读/不可定位，或存在复合断言
UA2-03790,user-agent,docs/SPEC-§22-用户端体验增强.md,source_section,22.7 鐢ㄦ埛绔綋楠屽寮烘€昏,通知偏好增强,通知偏好增强,1648,,gb18030->utf8 x1,NO,MANUAL_REVIEW,至少一个受影响字段无法整字段安全转换，或完整源行不可读/不可定位，或存在复合断言
UA2-03791,user-agent,docs/SPEC-§22-用户端体验增强.md,source_section,22.7 鐢ㄦ埛绔綋楠屽寮烘€昏,§22.6,§22.6,1648,,gb18030->utf8 x1,NO,MANUAL_REVIEW,至少一个受影响字段无法整字段安全转换，或完整源行不可读/不可定位，或存在复合断言
UA2-03793,user-agent,docs/SPEC-§22-用户端体验增强.md,source_section,22.7 鐢ㄦ埛绔綋楠屽寮烘€昏,14 绉嶄簨浠睹? 娓犻亾绮剧粏鍖栨帶鍒?,14 绉嶄簨浠睹? 娓犻亾绮剧粏鍖栨帶鍒?,1648,,,NO,MANUAL_REVIEW,至少一个受影响字段无法整字段安全转换，或完整源行不可读/不可定位，或存在复合断言
UA2-03794,user-agent,docs/SPEC-§22-用户端体验增强.md,source_section,22.7 鐢ㄦ埛绔綋楠屽寮烘€昏,API Key 操作日志,API Key 操作日志,1657,,gb18030->utf8 x1,NO,MANUAL_REVIEW,至少一个受影响字段无法整字段安全转换，或完整源行不可读/不可定位，或存在复合断言
UA2-03795,user-agent,docs/SPEC-§22-用户端体验增强.md,source_section,22.7 鐢ㄦ埛绔綋楠屽寮烘€昏,§22.7,§22.7,,,gb18030->utf8 x1,NO,MANUAL_REVIEW,至少一个受影响字段无法整字段安全转换，或完整源行不可读/不可定位，或存在复合断言
UA2-03796,user-agent,docs/SPEC-§22-用户端体验增强.md,source_section,22.7 鐢ㄦ埛绔綋楠屽寮烘€昏,寰呭疄鐜?,寰呭疄鐜?,1653,,,NO,MANUAL_REVIEW,至少一个受影响字段无法整字段安全转换，或完整源行不可读/不可定位，或存在复合断言
UA2-03797,user-agent,docs/SPEC-§22-用户端体验增强.md,source_section;source_quote;atomic_assertion,22.7 鐢ㄦ埛绔綋楠屽寮烘€昏,鐢ㄦ埛鏌ョ湅 Key 鐨勫垱寤?鍒犻櫎/鏉冮檺鍙樻洿璁板綍,鐢ㄦ埛鏌ョ湅 Key 鐨勫垱寤?鍒犻櫎/鏉冮檺鍙樻洿璁板綍,,,,NO,MANUAL_REVIEW,至少一个受影响字段无法整字段安全转换，或完整源行不可读/不可定位，或存在复合断言
UA2-03798,user-agent,docs/SPEC-§22-用户端体验增强.md,source_section;source_quote;atomic_assertion,22.7 鐢ㄦ埛绔綋楠屽寮烘€昏,鐢ㄦ埛閭€璇锋満鍒?,鐢ㄦ埛閭€璇锋満鍒?,,,,NO,MANUAL_REVIEW,至少一个受影响字段无法整字段安全转换，或完整源行不可读/不可定位，或存在复合断言
UA2-03799,user-agent,docs/SPEC-§22-用户端体验增强.md,source_section,22.7 鐢ㄦ埛绔綋楠屽寮烘€昏,§22.8,§22.8,,,gb18030->utf8 x1,NO,MANUAL_REVIEW,至少一个受影响字段无法整字段安全转换，或完整源行不可读/不可定位，或存在复合断言
UA2-03801,user-agent,docs/SPEC-§22-用户端体验增强.md,source_section;source_quote;atomic_assertion,22.7 鐢ㄦ埛绔綋楠屽寮烘€昏,閭€璇风爜/閭€璇烽摼鎺?琚個璇蜂汉鑷姩鍏宠仈+濂栧姳,閭€璇风爜/閭€璇烽摼鎺?琚個璇蜂汉鑷姩鍏宠仈+濂栧姳,,,,NO,MANUAL_REVIEW,至少一个受影响字段无法整字段安全转换，或完整源行不可读/不可定位，或存在复合断言
UA2-03802,user-agent,docs/SPEC-§22-用户端体验增强.md,source_section,22.7 鐢ㄦ埛绔綋楠屽寮烘€昏,用量对比分析,用量对比分析,1835;1845,,gb18030->utf8 x1,NO,MANUAL_REVIEW,至少一个受影响字段无法整字段安全转换，或完整源行不可读/不可定位，或存在复合断言
UA2-03803,user-agent,docs/SPEC-§22-用户端体验增强.md,source_section,22.7 鐢ㄦ埛绔綋楠屽寮烘€昏,§22.9,§22.9,,,gb18030->utf8 x1,NO,MANUAL_REVIEW,至少一个受影响字段无法整字段安全转换，或完整源行不可读/不可定位，或存在复合断言
UA2-03805,user-agent,docs/SPEC-§22-用户端体验增强.md,source_section;source_quote;atomic_assertion,22.7 鐢ㄦ埛绔綋楠屽寮烘€昏,鏈湀 vs 涓婃湀銆佹ā鍨?Key/鏃堕棿缁村害鍚屾瘮鐜瘮,鏈湀 vs 涓婃湀銆佹ā鍨?Key/鏃堕棿缁村害鍚屾瘮鐜瘮,,,,NO,MANUAL_REVIEW,至少一个受影响字段无法整字段安全转换，或完整源行不可读/不可定位，或存在复合断言
UA2-03806,user-agent,docs/SPEC-§22-用户端体验增强.md,source_section;source_quote;atomic_assertion,22.7 鐢ㄦ埛绔綋楠屽寮烘€昏,閿欒鐮佽嚜鍔╂帓鏌?,閿欒鐮佽嚜鍔╂帓鏌?,,,,NO,MANUAL_REVIEW,至少一个受影响字段无法整字段安全转换，或完整源行不可读/不可定位，或存在复合断言
UA2-03807,user-agent,docs/SPEC-§22-用户端体验增强.md,source_section,22.7 鐢ㄦ埛绔綋楠屽寮烘€昏,§22.10,§22.10,,,gb18030->utf8 x1,NO,MANUAL_REVIEW,至少一个受影响字段无法整字段安全转换，或完整源行不可读/不可定位，或存在复合断言
UA2-03809,user-agent,docs/SPEC-§22-用户端体验增强.md,source_section;source_quote;atomic_assertion,22.7 鐢ㄦ埛绔綋楠屽寮烘€昏,调用失败时展示错误码+原因+修复步骤,调用失败时展示错误码+原因+修复步骤,,,gb18030->utf8 x1,NO,MANUAL_REVIEW,至少一个受影响字段无法整字段安全转换，或完整源行不可读/不可定位，或存在复合断言
UA2-03810,user-agent,docs/SPEC-§22-用户端体验增强.md,source_section,22.7 鐢ㄦ埛绔綋楠屽寮烘€昏,批量操作,批量操作,1653;1964,,gb18030->utf8 x1,NO,MANUAL_REVIEW,至少一个受影响字段无法整字段安全转换，或完整源行不可读/不可定位，或存在复合断言
UA2-03811,user-agent,docs/SPEC-§22-用户端体验增强.md,source_section,22.7 鐢ㄦ埛绔綋楠屽寮烘€昏,§22.11,§22.11,1653,,gb18030->utf8 x1,NO,MANUAL_REVIEW,至少一个受影响字段无法整字段安全转换，或完整源行不可读/不可定位，或存在复合断言
UA2-03813,user-agent,docs/SPEC-§22-用户端体验增强.md,source_section,22.7 鐢ㄦ埛绔綋楠屽寮烘€昏,批量删除 Key/导出日志/下载发票,批量删除 Key/导出日志/下载发票,1653,,gb18030->utf8 x1,NO,MANUAL_REVIEW,至少一个受影响字段无法整字段安全转换，或完整源行不可读/不可定位，或存在复合断言
UA2-03814,user-agent,docs/SPEC-§22-用户端体验增强.md,source_section,22.7 鐢ㄦ埛绔綋楠屽寮烘€昏,统一数据导出,统一数据导出,2027,,gb18030->utf8 x1,NO,MANUAL_REVIEW,至少一个受影响字段无法整字段安全转换，或完整源行不可读/不可定位，或存在复合断言
UA2-03815,user-agent,docs/SPEC-§22-用户端体验增强.md,source_section,22.7 鐢ㄦ埛绔綋楠屽寮烘€昏,§22.12,§22.12,,,gb18030->utf8 x1,NO,MANUAL_REVIEW,至少一个受影响字段无法整字段安全转换，或完整源行不可读/不可定位，或存在复合断言
UA2-03817,user-agent,docs/SPEC-§22-用户端体验增强.md,source_section;source_quote;atomic_assertion,22.7 鐢ㄦ埛绔綋楠屽寮烘€昏,鎵€鏈夊垪琛ㄩ〉缁熶竴瀵煎嚭鎸夐挳+澶氭牸寮忔敮鎸?,鎵€鏈夊垪琛ㄩ〉缁熶竴瀵煎嚭鎸夐挳+澶氭牸寮忔敮鎸?,,,,NO,MANUAL_REVIEW,至少一个受影响字段无法整字段安全转换，或完整源行不可读/不可定位，或存在复合断言
UA2-03818,user-agent,docs/SPEC-§22-用户端体验增强.md,source_quote;atomic_assertion,功能描述,鐢ㄦ埛绔彁渚?API Key 鐨勬搷浣滄棩蹇楁煡鐪嬪姛鑳斤紝灞曠ず姣忎釜 Key 鐨勫垱寤恒€佸垹闄ゃ€佹潈闄愬彉鏇淬€佺姸鎬佸彉鏇寸瓑鎿嶄綔璁板綍锛堝惈鎿嶄綔鏃堕棿銆佹搷浣?IP銆佹搷浣滆€咃級锛屽府鍔╃敤鎴疯拷婧?Key 鐨勫彉鏇村巻鍙诧紝闃叉璇搷浣滄垨瀹夊叏浜嬩欢鍚庤拷鏌ャ€傜鐞嗗憳渚у彲鍦ㄥ悗鍙版煡鐪嬩换鎰忕敤鎴风殑 Key 鎿嶄綔鏃ュ織銆?,鐢ㄦ埛绔彁渚?API Key 鐨勬搷浣滄棩蹇楁煡鐪嬪姛鑳斤紝灞曠ず姣忎釜 Key 鐨勫垱寤恒€佸垹闄ゃ€佹潈闄愬彉鏇淬€佺姸鎬佸彉鏇寸瓑鎿嶄綔璁板綍锛堝惈鎿嶄綔鏃堕棿銆佹搷浣?IP銆佹搷浣滆€咃級锛屽府鍔╃敤鎴疯拷婧?Key 鐨勫彉鏇村巻鍙诧紝闃叉璇搷浣滄垨瀹夊叏浜嬩欢鍚庤拷鏌ャ€傜鐞嗗憳渚у彲鍦ㄥ悗鍙版煡鐪嬩换鎰忕敤鎴风殑 Key 鎿嶄綔鏃ュ織銆?,,39;228;232;308;426;481;567;735;974;1213;1412;1659;1732;1837;1917;1966;2029,gb18030->utf8 x1,NO,MANUAL_REVIEW,至少一个受影响字段无法整字段安全转换，或完整源行不可读/不可定位，或存在复合断言
UA2-03819,user-agent,docs/SPEC-§22-用户端体验增强.md,source_quote;atomic_assertion,完成能力 / 展示效果,**鐢ㄦ埛绔?Key 鎿嶄綔鏃ュ織鍏ュ彛锛?*,**鐢ㄦ埛绔?Key 鎿嶄綔鏃ュ織鍏ュ彛锛?*,,42;235;311;429;484;570;750;977;1216;1415;1662;1735;1840;1920;1969;2032,gb18030->utf8 x1,NO,MANUAL_REVIEW,至少一个受影响字段无法整字段安全转换，或完整源行不可读/不可定位，或存在复合断言
UA2-03820,user-agent,docs/SPEC-§22-用户端体验增强.md,source_quote;atomic_assertion,完成能力 / 展示效果,绠＄悊鍛?鈫?鐢ㄦ埛璇︽儏 鈫?API Key 鍒楄〃 鈫?鏌?Key 鎿嶄綔鍘嗗彶,绠＄悊鍛?鈫?鐢ㄦ埛璇︽儏 鈫?API Key 鍒楄〃 鈫?鏌?Key 鎿嶄綔鍘嗗彶,,42;235;311;429;484;570;750;977;1216;1415;1662;1735;1840;1920;1969;2032,gb18030->utf8 x1,NO,MANUAL_REVIEW,至少一个受影响字段无法整字段安全转换，或完整源行不可读/不可定位，或存在复合断言
UA2-03821,user-agent,docs/SPEC-§22-用户端体验增强.md,source_quote;atomic_assertion,完成能力 / 展示效果,（内容同上，额外显示操作者身份）,（内容同上，额外显示操作者身份）,1678,42;235;311;429;484;570;750;977;1216;1415;1662;1735;1840;1920;1969;2032,gb18030->utf8 x1,NO,REVIEW_CANDIDATE,所有受影响字段均完成整字段可逆转换，且引用/章节可定位；仍需人工确认
UA2-03823,user-agent,docs/SPEC-§22-用户端体验增强.md,source_quote;atomic_assertion,完成能力 / 展示效果,查询参数: ?page=1&limit=20,查询参数: ?page=1&limit=20,1698,42;235;311;429;484;570;750;977;1216;1415;1662;1735;1840;1920;1969;2032,gb18030->utf8 x1,NO,REVIEW_CANDIDATE,所有受影响字段均完成整字段可逆转换，且引用/章节可定位；仍需人工确认
UA2-03826,user-agent,docs/SPEC-§22-用户端体验增强.md,source_quote;atomic_assertion,完成能力 / 展示效果,绠＄悊鍚庡彴鏌ヨ鏌愮敤鎴?Key 鐨勬搷浣滄棩蹇?,绠＄悊鍚庡彴鏌ヨ鏌愮敤鎴?Key 鐨勬搷浣滄棩蹇?,,42;235;311;429;484;570;750;977;1216;1415;1662;1735;1840;1920;1969;2032,gb18030->utf8 x1,NO,MANUAL_REVIEW,至少一个受影响字段无法整字段安全转换，或完整源行不可读/不可定位，或存在复合断言
UA2-03827,user-agent,docs/SPEC-§22-用户端体验增强.md,source_section;source_quote;atomic_assertion,验收标准,1. 鐢ㄦ埛鏌ョ湅鏌愪釜 Key 鐨勬搷浣滃巻鍙?鈫?鏄剧ず鎸夋椂闂村€掑簭鐨勬搷浣滆褰?2. 姣忎竴鏉¤褰曞寘鍚搷浣滅被鍨嬨€佽缁嗘弿杩般€佹椂闂淬€両P,1. 鐢ㄦ埛鏌ョ湅鏌愪釜 Key 鐨勬搷浣滃巻鍙?鈫?鏄剧ず鎸夋椂闂村€掑簭鐨勬搷浣滆褰?2. 姣忎竴鏉¤褰曞寘鍚搷浣滅被鍨嬨€佽缁嗘弿杩般€佹椂闂淬€両P,,209;956;1195;1395;1621;1724;1827;1908;1957;2021;2096,gb18030->utf8 x1,NO,MANUAL_REVIEW,至少一个受影响字段无法整字段安全转换，或完整源行不可读/不可定位，或存在复合断言
UA2-03828,user-agent,docs/SPEC-§22-用户端体验增强.md,source_section;source_quote;atomic_assertion,验收标准,3. 管理员在后台可查看任意用户的 Key 操作日志,3. 管理员在后台可查看任意用户的 Key 操作日志,1727,209;956;1195;1395;1621;1724;1827;1908;1957;2021;2096,gb18030->utf8 x1,NO,REVIEW_CANDIDATE,所有受影响字段均完成整字段可逆转换，且引用/章节可定位；仍需人工确认
UA2-03829,user-agent,docs/SPEC-§22-用户端体验增强.md,source_section;source_quote;atomic_assertion,验收标准,4. 鎿嶄綔鏃ュ織璁板綍浜嗘搷浣滆€呬俊鎭紙鐢ㄦ埛鏈汉鎴栫鐞嗗憳锛?,4. 鎿嶄綔鏃ュ織璁板綍浜嗘搷浣滆€呬俊鎭紙鐢ㄦ埛鏈汉鎴栫鐞嗗憳锛?,,209;956;1195;1395;1621;1724;1827;1908;1957;2021;2096,gb18030->utf8 x1,NO,MANUAL_REVIEW,至少一个受影响字段无法整字段安全转换，或完整源行不可读/不可定位，或存在复合断言
UA2-03830,user-agent,docs/SPEC-§22-用户端体验增强.md,source_quote;atomic_assertion,功能描述,鐢ㄦ埛绔彁渚涢個璇风爜/閭€璇烽摼鎺ュ姛鑳斤紝宸叉敞鍐岀敤鎴峰彲閭€璇蜂粬浜烘敞鍐?3Cloud銆傝閭€璇蜂汉瀹屾垚娉ㄥ唽鍚庯紝閭€璇蜂汉鍜岃閭€璇蜂汉鍧囪幏寰楀鍔憋紙浣撻獙棰濆害锛夈€傞€氳繃绀句氦瑁傚彉闄嶄綆鑾峰鎴愭湰銆?,鐢ㄦ埛绔彁渚涢個璇风爜/閭€璇烽摼鎺ュ姛鑳斤紝宸叉敞鍐岀敤鎴峰彲閭€璇蜂粬浜烘敞鍐?3Cloud銆傝閭€璇蜂汉瀹屾垚娉ㄥ唽鍚庯紝閭€璇蜂汉鍜岃閭€璇蜂汉鍧囪幏寰楀鍔憋紙浣撻獙棰濆害锛夈€傞€氳繃绀句氦瑁傚彉闄嶄綆鑾峰鎴愭湰銆?,,39;228;232;308;426;481;567;735;974;1213;1412;1659;1732;1837;1917;1966;2029,gb18030->utf8 x1,NO,MANUAL_REVIEW,至少一个受影响字段无法整字段安全转换，或完整源行不可读/不可定位，或存在复合断言
UA2-03831,user-agent,docs/SPEC-§22-用户端体验增强.md,source_quote;atomic_assertion,完成能力 / 展示效果,**用户端邀请页面：**,**用户端邀请页面：**,1737,42;235;311;429;484;570;750;977;1216;1415;1662;1735;1840;1920;1969;2032,gb18030->utf8 x1,NO,REVIEW_CANDIDATE,所有受影响字段均完成整字段可逆转换，且引用/章节可定位；仍需人工确认
UA2-03832,user-agent,docs/SPEC-§22-用户端体验增强.md,source_quote;atomic_assertion,完成能力 / 展示效果,**琚個璇蜂汉娉ㄥ唽浣撻獙锛?*,**琚個璇蜂汉娉ㄥ唽浣撻獙锛?*,,42;235;311;429;484;570;750;977;1216;1415;1662;1735;1840;1920;1969;2032,gb18030->utf8 x1,NO,MANUAL_REVIEW,至少一个受影响字段无法整字段安全转换，或完整源行不可读/不可定位，或存在复合断言
UA2-03833,user-agent,docs/SPEC-§22-用户端体验增强.md,source_quote;atomic_assertion,完成能力 / 展示效果,"// referrals 鈥?閭€璇疯褰?export const referrals = pgTable(""referrals"", {","// referrals 鈥?閭€璇疯褰?export const referrals = pgTable(""referrals"", {",,42;235;311;429;484;570;750;977;1216;1415;1662;1735;1840;1920;1969;2032,gb18030->utf8 x1,NO,MANUAL_REVIEW,至少一个受影响字段无法整字段安全转换，或完整源行不可读/不可定位，或存在复合断言
UA2-03845,user-agent,docs/SPEC-§22-用户端体验增强.md,source_quote;atomic_assertion,完成能力 / 展示效果,GET  /api/v1/me/referral/info        鈥?鑾峰彇鎴戠殑閭€璇烽摼鎺?鐮?+ 缁熻鏁版嵁,GET  /api/v1/me/referral/info        鈥?鑾峰彇鎴戠殑閭€璇烽摼鎺?鐮?+ 缁熻鏁版嵁,,42;235;311;429;484;570;750;977;1216;1415;1662;1735;1840;1920;1969;2032,gb18030->utf8 x1,NO,MANUAL_REVIEW,至少一个受影响字段无法整字段安全转换，或完整源行不可读/不可定位，或存在复合断言
UA2-03846,user-agent,docs/SPEC-§22-用户端体验增强.md,source_quote;atomic_assertion,完成能力 / 展示效果,GET  /api/v1/me/referral/history     鈥?閭€璇疯褰曞垪琛?POST /api/v1/me/referral/claim       鈥?鎵嬪姩棰嗗彇濂栧姳锛堝鏋滆嚜鍔ㄥ彂鏀惧け璐ワ級,GET  /api/v1/me/referral/history     鈥?閭€璇疯褰曞垪琛?POST /api/v1/me/referral/claim       鈥?鎵嬪姩棰嗗彇濂栧姳锛堝鏋滆嚜鍔ㄥ彂鏀惧け璐ワ級,,42;235;311;429;484;570;750;977;1216;1415;1662;1735;1840;1920;1969;2032,gb18030->utf8 x1,NO,MANUAL_REVIEW,至少一个受影响字段无法整字段安全转换，或完整源行不可读/不可定位，或存在复合断言
UA2-03847,user-agent,docs/SPEC-§22-用户端体验增强.md,source_quote;atomic_assertion,完成能力 / 展示效果,// 娉ㄥ唽鏃舵惡甯?ref 鍙傛暟锛屽悗绔湪娉ㄥ唽鎺ュ彛涓鐞?POST /api/v1/auth/register,// 娉ㄥ唽鏃舵惡甯?ref 鍙傛暟锛屽悗绔湪娉ㄥ唽鎺ュ彛涓鐞?POST /api/v1/auth/register,,42;235;311;429;484;570;750;977;1216;1415;1662;1735;1840;1920;1969;2032,gb18030->utf8 x1,NO,MANUAL_REVIEW,至少一个受影响字段无法整字段安全转换，或完整源行不可读/不可定位，或存在复合断言
UA2-03849,user-agent,docs/SPEC-§22-用户端体验增强.md,source_quote;atomic_assertion,完成能力 / 展示效果,site_configs 涓厤缃?,site_configs 涓厤缃?,,42;235;311;429;484;570;750;977;1216;1415;1662;1735;1840;1920;1969;2032,gb18030->utf8 x1,NO,MANUAL_REVIEW,至少一个受影响字段无法整字段安全转换，或完整源行不可读/不可定位，或存在复合断言
UA2-03851,user-agent,docs/SPEC-§22-用户端体验增强.md,source_quote;atomic_assertion,完成能力 / 展示效果,"鈹溾攢鈹€ referral_reward_amount: number (榛樿 2.00, 鍗曚綅 楼)","鈹溾攢鈹€ referral_reward_amount: number (榛樿 2.00, 鍗曚綅 楼)",,42;235;311;429;484;570;750;977;1216;1415;1662;1735;1840;1920;1969;2032,gb18030->utf8 x1,NO,MANUAL_REVIEW,至少一个受影响字段无法整字段安全转换，或完整源行不可读/不可定位，或存在复合断言
UA2-03852,user-agent,docs/SPEC-§22-用户端体验增强.md,source_quote;atomic_assertion,完成能力 / 展示效果,"鈹溾攢鈹€ referral_reward_both: boolean (榛樿 true, 鍙屾柟鍧囪幏濂栧姳)","鈹溾攢鈹€ referral_reward_both: boolean (榛樿 true, 鍙屾柟鍧囪幏濂栧姳)",,42;235;311;429;484;570;750;977;1216;1415;1662;1735;1840;1920;1969;2032,gb18030->utf8 x1,NO,MANUAL_REVIEW,至少一个受影响字段无法整字段安全转换，或完整源行不可读/不可定位，或存在复合断言
UA2-03853,user-agent,docs/SPEC-§22-用户端体验增强.md,source_quote;atomic_assertion,完成能力 / 展示效果,"鈹溾攢鈹€ referral_reward_min_purchase: number (榛樿 0, 琚個璇蜂汉闇€鍏呭€?>= 璇ュ€煎鍔辨墠鍙戞斁)","鈹溾攢鈹€ referral_reward_min_purchase: number (榛樿 0, 琚個璇蜂汉闇€鍏呭€?>= 璇ュ€煎鍔辨墠鍙戞斁)",,42;235;311;429;484;570;750;977;1216;1415;1662;1735;1840;1920;1969;2032,gb18030->utf8 x1,NO,MANUAL_REVIEW,至少一个受影响字段无法整字段安全转换，或完整源行不可读/不可定位，或存在复合断言
UA2-03854,user-agent,docs/SPEC-§22-用户端体验增强.md,source_quote;atomic_assertion,完成能力 / 展示效果,"鈹斺攢鈹€ referral_reward_expiry_days: number (榛樿 30, 閭€璇烽摼鎺ユ湁鏁堝ぉ鏁?","鈹斺攢鈹€ referral_reward_expiry_days: number (榛樿 30, 閭€璇烽摼鎺ユ湁鏁堝ぉ鏁?",,42;235;311;429;484;570;750;977;1216;1415;1662;1735;1840;1920;1969;2032,gb18030->utf8 x1,NO,MANUAL_REVIEW,至少一个受影响字段无法整字段安全转换，或完整源行不可读/不可定位，或存在复合断言
UA2-03869,user-agent,docs/SPEC-§22-用户端体验增强.md,source_quote;atomic_assertion,完成能力 / 展示效果,对比周期: [本月 vs 上月 ▼],对比周期: [本月 vs 上月 ▼],1846,42;235;311;429;484;570;750;977;1216;1415;1662;1735;1840;1920;1969;2032,gb18030->utf8 x1,NO,REVIEW_CANDIDATE,所有受影响字段均完成整字段可逆转换，且引用/章节可定位；仍需人工确认
UA2-03870,user-agent,docs/SPEC-§22-用户端体验增强.md,source_quote;atomic_assertion,完成能力 / 展示效果,"本月消费: ¥1,234.56         上月消费: ¥1,100.20","本月消费: ¥1,234.56         上月消费: ¥1,100.20",1849,42;235;311;429;484;570;750;977;1216;1415;1662;1735;1840;1920;1969;2032,gb18030->utf8 x1,NO,REVIEW_CANDIDATE,所有受影响字段均完成整字段可逆转换，且引用/章节可定位；仍需人工确认
UA2-03873,user-agent,docs/SPEC-§22-用户端体验增强.md,source_quote;atomic_assertion,完成能力 / 展示效果,模型            本月        上月        变化,模型            本月        上月        变化,1853,42;235;311;429;484;570;750;977;1216;1415;1662;1735;1840;1920;1969;2032,gb18030->utf8 x1,NO,REVIEW_CANDIDATE,所有受影响字段均完成整字段可逆转换，且引用/章节可定位；仍需人工确认
UA2-03876,user-agent,docs/SPEC-§22-用户端体验增强.md,source_quote;atomic_assertion,完成能力 / 展示效果,Key             本月        上月        变化,Key             本月        上月        变化,1856,42;235;311;429;484;570;750;977;1216;1415;1662;1735;1840;1920;1969;2032,gb18030->utf8 x1,NO,REVIEW_CANDIDATE,所有受影响字段均完成整字段可逆转换，且引用/章节可定位；仍需人工确认
UA2-03877,user-agent,docs/SPEC-§22-用户端体验增强.md,source_quote;atomic_assertion,完成能力 / 展示效果,鐢熶骇鐜 Key     楼890.40    楼780.20    +14.1% 鈻?    娴嬭瘯鐜 Key     楼344.16    楼320.00    +7.6%  鈻?,鐢熶骇鐜 Key     楼890.40    楼780.20    +14.1% 鈻?    娴嬭瘯鐜 Key     楼344.16    楼320.00    +7.6%  鈻?,,42;235;311;429;484;570;750;977;1216;1415;1662;1735;1840;1920;1969;2032,gb18030->utf8 x1,NO,MANUAL_REVIEW,至少一个受影响字段无法整字段安全转换，或完整源行不可读/不可定位，或存在复合断言
UA2-03878,user-agent,docs/SPEC-§22-用户端体验增强.md,source_quote;atomic_assertion,完成能力 / 展示效果,日消费趋势对比（折线图）:,日消费趋势对比（折线图）:,1858,42;235;311;429;484;570;750;977;1216;1415;1662;1735;1840;1920;1969;2032,gb18030->utf8 x1,NO,REVIEW_CANDIDATE,所有受影响字段均完成整字段可逆转换，且引用/章节可定位；仍需人工确认
UA2-03879,user-agent,docs/SPEC-§22-用户端体验增强.md,source_quote;atomic_assertion,完成能力 / 展示效果,鈹屸攢 鏈湀 鈹€鈹€鈹€鈹€鈹€鈹€鈹€鈹€鈹€鈹€鈹€鈹€鈹€鈹€鈹€鈹€鈹€鈹€鈹€鈹€ 涓婃湀 鈹€鈹?    鈹?   鈺扁暡                            鈹?    鈹?  鈺? 鈺?    鈺扁暡                     鈹?    鈹? 鈺?   鈺?  鈺? 鈺测攢鈹€鈹€鈹€               鈹?    鈹?鈺?     鈺测暠      鈺?                 鈹?    鈹傗攢鈹€鈹€鈹€鈹€鈹€鈹€鈹€鈹€鈹€鈹€鈹€鈹€鈹€鈹€鈹€鈹€鈹€鈹€鈹€鈹€鈹€鈹€鈹€           鈹?    鈹?1  5  10  15  20  25  30          鈹?    鈹斺攢鈹€鈹€鈹€鈹€鈹€鈹€鈹€鈹€鈹€鈹€鈹€鈹€鈹€鈹€鈹€鈹€鈹€鈹€鈹€鈹€鈹€鈹€鈹€鈹€鈹€鈹€鈹€鈹€鈹€鈹€鈹€鈹€鈹€鈹?,鈹屸攢 鏈湀 鈹€鈹€鈹€鈹€鈹€鈹€鈹€鈹€鈹€鈹€鈹€鈹€鈹€鈹€鈹€鈹€鈹€鈹€鈹€鈹€ 涓婃湀 鈹€鈹?    鈹?   鈺扁暡                            鈹?    鈹?  鈺? 鈺?    鈺扁暡                     鈹?    鈹? 鈺?   鈺?  鈺? 鈺测攢鈹€鈹€鈹€               鈹?    鈹?鈺?     鈺测暠      鈺?                 鈹?    鈹傗攢鈹€鈹€鈹€鈹€鈹€鈹€鈹€鈹€鈹€鈹€鈹€鈹€鈹€鈹€鈹€鈹€鈹€鈹€鈹€鈹€鈹€鈹€鈹€           鈹?    鈹?1  5  10  15  20  25  30          鈹?    鈹斺攢鈹€鈹€鈹€鈹€鈹€鈹€鈹€鈹€鈹€鈹€鈹€鈹€鈹€鈹€鈹€鈹€鈹€鈹€鈹€鈹€鈹€鈹€鈹€鈹€鈹€鈹€鈹€鈹€鈹€鈹€鈹€鈹€鈹€鈹?,,42;235;311;429;484;570;750;977;1216;1415;1662;1735;1840;1920;1969;2032,gb18030->utf8 x1,NO,MANUAL_REVIEW,至少一个受影响字段无法整字段安全转换，或完整源行不可读/不可定位，或存在复合断言
UA2-03881,user-agent,docs/SPEC-§22-用户端体验增强.md,source_quote;atomic_assertion,对比维度,鏈湀 vs 涓婃湀 / 鏈懆 vs 涓婂懆 / 鑷畾涔?,鏈湀 vs 涓婃湀 / 鏈懆 vs 涓婂懆 / 鑷畾涔?,,1861,gb18030->utf8 x1,NO,MANUAL_REVIEW,至少一个受影响字段无法整字段安全转换，或完整源行不可读/不可定位，或存在复合断言
UA2-03884,user-agent,docs/SPEC-§22-用户端体验增强.md,source_quote;atomic_assertion,对比维度,鍚勬ā鍨嬫秷璐瑰姣?,鍚勬ā鍨嬫秷璐瑰姣?,,1861,gb18030->utf8 x1,NO,MANUAL_REVIEW,至少一个受影响字段无法整字段安全转换，或完整源行不可读/不可定位，或存在复合断言
UA2-03891,user-agent,docs/SPEC-§22-用户端体验增强.md,source_quote;atomic_assertion,对比维度,鎶樼嚎鍥鹃噸鍙犲姣?,鎶樼嚎鍥鹃噸鍙犲姣?,,1861,gb18030->utf8 x1,NO,MANUAL_REVIEW,至少一个受影响字段无法整字段安全转换，或完整源行不可读/不可定位，或存在复合断言
UA2-03892,user-agent,docs/SPEC-§22-用户端体验增强.md,source_section;source_quote;atomic_assertion,验收标准,"1. 缁熻椤垫樉绀?鏈湀 vs 涓婃湀""瀵规瘮鎬昏","1. 缁熻椤垫樉绀?鏈湀 vs 涓婃湀""瀵规瘮鎬昏",,209;956;1195;1395;1621;1724;1827;1908;1957;2021;2096,gb18030->utf8 x1,NO,MANUAL_REVIEW,至少一个受影响字段无法整字段安全转换，或完整源行不可读/不可定位，或存在复合断言
UA2-03893,user-agent,docs/SPEC-§22-用户端体验增强.md,source_section;source_quote;atomic_assertion,验收标准,2. 模型维度对比显示各模型的消费变化,2. 模型维度对比显示各模型的消费变化,1911,209;956;1195;1395;1621;1724;1827;1908;1957;2021;2096,gb18030->utf8 x1,NO,REVIEW_CANDIDATE,所有受影响字段均完成整字段可逆转换，且引用/章节可定位；仍需人工确认
UA2-03894,user-agent,docs/SPEC-§22-用户端体验增强.md,source_section;source_quote;atomic_assertion,验收标准,3. Key 缁村害瀵规瘮鏄剧ず鍚?Key 鐨勬秷璐瑰彉鍖?4. 鏃ヨ秼鍔挎姌绾垮浘閲嶅彔鏄剧ず涓や釜鍛ㄦ湡鐨勬秷璐硅秼鍔?5. 鐢ㄦ埛鍙垏鎹㈠姣斿懆鏈燂紙鏈湀/鏈懆/鑷畾涔夛級,3. Key 缁村害瀵规瘮鏄剧ず鍚?Key 鐨勬秷璐瑰彉鍖?4. 鏃ヨ秼鍔挎姌绾垮浘閲嶅彔鏄剧ず涓や釜鍛ㄦ湡鐨勬秷璐硅秼鍔?5. 鐢ㄦ埛鍙垏鎹㈠姣斿懆鏈燂紙鏈湀/鏈懆/鑷畾涔夛級,,209;956;1195;1395;1621;1724;1827;1908;1957;2021;2096,gb18030->utf8 x1,NO,MANUAL_REVIEW,至少一个受影响字段无法整字段安全转换，或完整源行不可读/不可定位，或存在复合断言
UA2-03895,user-agent,docs/SPEC-§22-用户端体验增强.md,source_quote;atomic_assertion,功能描述,鐢ㄦ埛绔寮洪敊璇爜灞曠ず鍜岃嚜鍔╂帓鏌ヨ兘鍔涖€傝皟鐢ㄥけ璐ユ椂锛堟棩蹇?Playground/瀹炴椂娲诲姩娴侊級涓嶄粎鏄剧ず閿欒鐮侊紝杩樺睍绀洪敊璇師鍥犮€佸父瑙佸満鏅拰淇姝ラ銆傜敤鎴锋棤闇€鏌ラ槄澶栭儴鏂囨。,鐢ㄦ埛绔寮洪敊璇爜灞曠ず鍜岃嚜鍔╂帓鏌ヨ兘鍔涖€傝皟鐢ㄥけ璐ユ椂锛堟棩蹇?Playground/瀹炴椂娲诲姩娴侊級涓嶄粎鏄剧ず閿欒鐮侊紝杩樺睍绀洪敊璇師鍥犮€佸父瑙佸満鏅拰淇姝ラ銆傜敤鎴锋棤闇€鏌ラ槄澶栭儴鏂囨。,,39;228;232;308;426;481;567;735;974;1213;1412;1659;1732;1837;1917;1966;2029,gb18030->utf8 x1,NO,MANUAL_REVIEW,至少一个受影响字段无法整字段安全转换，或完整源行不可读/不可定位，或存在复合断言
UA2-03896,user-agent,docs/SPEC-§22-用户端体验增强.md,source_quote;atomic_assertion,功能描述,鍗冲彲鑷富瑙ｅ喅澶ч儴鍒嗗父瑙侀敊璇€?,鍗冲彲鑷富瑙ｅ喅澶ч儴鍒嗗父瑙侀敊璇€?,,39;228;232;308;426;481;567;735;974;1213;1412;1659;1732;1837;1917;1966;2029,gb18030->utf8 x1,NO,MANUAL_REVIEW,至少一个受影响字段无法整字段安全转换，或完整源行不可读/不可定位，或存在复合断言
UA2-03897,user-agent,docs/SPEC-§22-用户端体验增强.md,source_quote;atomic_assertion,完成能力 / 展示效果,**日志页错误展示增强：**,**日志页错误展示增强：**,1922,42;235;311;429;484;570;750;977;1216;1415;1662;1735;1840;1920;1969;2032,gb18030->utf8 x1,NO,REVIEW_CANDIDATE,所有受影响字段均完成整字段可逆转换，且引用/章节可定位；仍需人工确认
UA2-03898,user-agent,docs/SPEC-§22-用户端体验增强.md,source_quote;atomic_assertion,完成能力 / 展示效果,GET /api/v1/public/error-codes     鈥?閿欒鐮佸垪琛紙鍏紑锛岀敤浜庤嚜鍔╂帓鏌ラ〉闈級,GET /api/v1/public/error-codes     鈥?閿欒鐮佸垪琛紙鍏紑锛岀敤浜庤嚜鍔╂帓鏌ラ〉闈級,,42;235;311;429;484;570;750;977;1216;1415;1662;1735;1840;1920;1969;2032,gb18030->utf8 x1,NO,MANUAL_REVIEW,至少一个受影响字段无法整字段安全转换，或完整源行不可读/不可定位，或存在复合断言
UA2-03899,user-agent,docs/SPEC-§22-用户端体验增强.md,source_quote;atomic_assertion,完成能力 / 展示效果,GET /api/v1/public/error-codes/:code 鈥?鍗曚釜閿欒鐮佽鎯?,GET /api/v1/public/error-codes/:code 鈥?鍗曚釜閿欒鐮佽鎯?,,42;235;311;429;484;570;750;977;1216;1415;1662;1735;1840;1920;1969;2032,gb18030->utf8 x1,NO,MANUAL_REVIEW,至少一个受影响字段无法整字段安全转换，或完整源行不可读/不可定位，或存在复合断言
UA2-03900,user-agent,docs/SPEC-§22-用户端体验增强.md,source_section;source_quote;atomic_assertion,前端组件,API Key 鍒楄〃锛堝嬀閫夋ā寮忥級锛?  鈽?鍏ㄩ€? |  宸查€夋嫨 3 椤? [鎵归噺鍒犻櫎] [鎵归噺鍚敤] [鎵归噺绂佺敤],API Key 鍒楄〃锛堝嬀閫夋ā寮忥級锛?  鈽?鍏ㄩ€? |  宸查€夋嫨 3 椤? [鎵归噺鍒犻櫎] [鎵归噺鍚敤] [鎵归噺绂佺敤],,162;287;364;464;537;658;855;1168;1334;1572;1704;1796;1883;1944;2002;2077,gb18030->utf8 x1,NO,MANUAL_REVIEW,至少一个受影响字段无法整字段安全转换，或完整源行不可读/不可定位，或存在复合断言
UA2-03901,user-agent,docs/SPEC-§22-用户端体验增强.md,source_section,前端组件,鈽?sk-abc... (鐢熶骇 Key)    娲昏穬  2026-01-01,鈽?sk-abc... (鐢熶骇 Key)    娲昏穬  2026-01-01,1984,162;287;364;464;537;658;855;1168;1334;1572;1704;1796;1883;1944;2002;2077,gb18030->utf8 x1,NO,REVIEW_CANDIDATE,所有受影响字段均完成整字段可逆转换，且引用/章节可定位；仍需人工确认
UA2-03902,user-agent,docs/SPEC-§22-用户端体验增强.md,source_section,前端组件,鈽?sk-def... (娴嬭瘯 Key)    娲昏穬  2026-01-15,鈽?sk-def... (娴嬭瘯 Key)    娲昏穬  2026-01-15,1985,162;287;364;464;537;658;855;1168;1334;1572;1704;1796;1883;1944;2002;2077,gb18030->utf8 x1,NO,REVIEW_CANDIDATE,所有受影响字段均完成整字段可逆转换，且引用/章节可定位；仍需人工确认
UA2-03903,user-agent,docs/SPEC-§22-用户端体验增强.md,source_section;source_quote;atomic_assertion,前端组件,鈽?sk-ghi... (寮€鍙?Key)    绂佺敤  2026-02-01,鈽?sk-ghi... (寮€鍙?Key)    绂佺敤  2026-02-01,,162;287;364;464;537;658;855;1168;1334;1572;1704;1796;1883;1944;2002;2077,gb18030->utf8 x1,NO,MANUAL_REVIEW,至少一个受影响字段无法整字段安全转换，或完整源行不可读/不可定位，或存在复合断言
UA2-03904,user-agent,docs/SPEC-§22-用户端体验增强.md,source_section;source_quote;atomic_assertion,前端组件,"鐐瑰嚮""鎵归噺鍒犻櫎"" 鈫?浜屾纭寮圭獥:","鐐瑰嚮""鎵归噺鍒犻櫎"" 鈫?浜屾纭寮圭獥:",,162;287;364;464;537;658;855;1168;1334;1572;1704;1796;1883;1944;2002;2077,gb18030->utf8 x1,NO,MANUAL_REVIEW,至少一个受影响字段无法整字段安全转换，或完整源行不可读/不可定位，或存在复合断言
UA2-03905,user-agent,docs/SPEC-§22-用户端体验增强.md,source_section;source_quote;atomic_assertion,前端组件,"""纭鍒犻櫎閫変腑鐨?2 涓?API Key锛熸鎿嶄綔涓嶅彲鎾ら攢銆?  鍏宠仈鐨勫簲鐢ㄥ皢鏃犳硶缁х画浣跨敤銆?","""纭鍒犻櫎閫変腑鐨?2 涓?API Key锛熸鎿嶄綔涓嶅彲鎾ら攢銆?  鍏宠仈鐨勫簲鐢ㄥ皢鏃犳硶缁х画浣跨敤銆?",,162;287;364;464;537;658;855;1168;1334;1572;1704;1796;1883;1944;2002;2077,gb18030->utf8 x1,NO,MANUAL_REVIEW,至少一个受影响字段无法整字段安全转换，或完整源行不可读/不可定位，或存在复合断言
UA2-03906,user-agent,docs/SPEC-§22-用户端体验增强.md,source_section;source_quote;atomic_assertion,前端组件,[取消] [确认删除],[取消] [确认删除],1990,162;287;364;464;537;658;855;1168;1334;1572;1704;1796;1883;1944;2002;2077,gb18030->utf8 x1,NO,REVIEW_CANDIDATE,所有受影响字段均完成整字段可逆转换，且引用/章节可定位；仍需人工确认
UA2-03907,user-agent,docs/SPEC-§22-用户端体验增强.md,source_section;source_quote;atomic_assertion,前端组件,POST /api/v1/me/api-keys/batch-delete     鈥?鎵归噺鍒犻櫎 Key,POST /api/v1/me/api-keys/batch-delete     鈥?鎵归噺鍒犻櫎 Key,,162;287;364;464;537;658;855;1168;1334;1572;1704;1796;1883;1944;2002;2077,gb18030->utf8 x1,NO,MANUAL_REVIEW,至少一个受影响字段无法整字段安全转换，或完整源行不可读/不可定位，或存在复合断言
UA2-03908,user-agent,docs/SPEC-§22-用户端体验增强.md,source_section;source_quote;atomic_assertion,前端组件,POST /api/v1/me/api-keys/batch-enable     鈥?鎵归噺鍚敤,POST /api/v1/me/api-keys/batch-enable     鈥?鎵归噺鍚敤,,162;287;364;464;537;658;855;1168;1334;1572;1704;1796;1883;1944;2002;2077,gb18030->utf8 x1,NO,MANUAL_REVIEW,至少一个受影响字段无法整字段安全转换，或完整源行不可读/不可定位，或存在复合断言
UA2-03909,user-agent,docs/SPEC-§22-用户端体验增强.md,source_section;source_quote;atomic_assertion,前端组件,POST /api/v1/me/api-keys/batch-disable    鈥?鎵归噺绂佺敤,POST /api/v1/me/api-keys/batch-disable    鈥?鎵归噺绂佺敤,,162;287;364;464;537;658;855;1168;1334;1572;1704;1796;1883;1944;2002;2077,gb18030->utf8 x1,NO,MANUAL_REVIEW,至少一个受影响字段无法整字段安全转换，或完整源行不可读/不可定位，或存在复合断言
UA2-03910,user-agent,docs/SPEC-§22-用户端体验增强.md,source_section;source_quote;atomic_assertion,前端组件,POST /api/v1/me/logs/batch-export         鈥?鎵归噺瀵煎嚭鏃ュ織,POST /api/v1/me/logs/batch-export         鈥?鎵归噺瀵煎嚭鏃ュ織,,162;287;364;464;537;658;855;1168;1334;1572;1704;1796;1883;1944;2002;2077,gb18030->utf8 x1,NO,MANUAL_REVIEW,至少一个受影响字段无法整字段安全转换，或完整源行不可读/不可定位，或存在复合断言
UA2-03911,user-agent,docs/SPEC-§22-用户端体验增强.md,source_section,前端组件,interface BatchActionsProps {,interface BatchActionsProps {,2005,162;287;364;464;537;658;855;1168;1334;1572;1704;1796;1883;1944;2002;2077,gb18030->utf8 x1,NO,REVIEW_CANDIDATE,所有受影响字段均完成整字段可逆转换，且引用/章节可定位；仍需人工确认
UA2-03912,user-agent,docs/SPEC-§22-用户端体验增强.md,source_section,前端组件,selectedIds: string[];,selectedIds: string[];,2006,162;287;364;464;537;658;855;1168;1334;1572;1704;1796;1883;1944;2002;2077,gb18030->utf8 x1,NO,REVIEW_CANDIDATE,所有受影响字段均完成整字段可逆转换，且引用/章节可定位；仍需人工确认
UA2-03913,user-agent,docs/SPEC-§22-用户端体验增强.md,source_section,前端组件,actions: BatchAction[];,actions: BatchAction[];,2007,162;287;364;464;537;658;855;1168;1334;1572;1704;1796;1883;1944;2002;2077,gb18030->utf8 x1,NO,REVIEW_CANDIDATE,所有受影响字段均完成整字段可逆转换，且引用/章节可定位；仍需人工确认
UA2-03914,user-agent,docs/SPEC-§22-用户端体验增强.md,source_section,前端组件,onAction: (action: string) => void;,onAction: (action: string) => void;,2008,162;287;364;464;537;658;855;1168;1334;1572;1704;1796;1883;1944;2002;2077,gb18030->utf8 x1,NO,REVIEW_CANDIDATE,所有受影响字段均完成整字段可逆转换，且引用/章节可定位；仍需人工确认
UA2-03915,user-agent,docs/SPEC-§22-用户端体验增强.md,source_section,前端组件,onSelectAll: () => void;,onSelectAll: () => void;,2009,162;287;364;464;537;658;855;1168;1334;1572;1704;1796;1883;1944;2002;2077,gb18030->utf8 x1,NO,REVIEW_CANDIDATE,所有受影响字段均完成整字段可逆转换，且引用/章节可定位；仍需人工确认
UA2-03916,user-agent,docs/SPEC-§22-用户端体验增强.md,source_section,前端组件,onClearSelection: () => void;,onClearSelection: () => void;,2010,162;287;364;464;537;658;855;1168;1334;1572;1704;1796;1883;1944;2002;2077,gb18030->utf8 x1,NO,REVIEW_CANDIDATE,所有受影响字段均完成整字段可逆转换，且引用/章节可定位；仍需人工确认
UA2-03917,user-agent,docs/SPEC-§22-用户端体验增强.md,source_section,前端组件,interface BatchAction {,interface BatchAction {,2013,162;287;364;464;537;658;855;1168;1334;1572;1704;1796;1883;1944;2002;2077,gb18030->utf8 x1,NO,REVIEW_CANDIDATE,所有受影响字段均完成整字段可逆转换，且引用/章节可定位；仍需人工确认
UA2-03918,user-agent,docs/SPEC-§22-用户端体验增强.md,source_section,前端组件,key: string;,key: string;,1592;2014,162;287;364;464;537;658;855;1168;1334;1572;1704;1796;1883;1944;2002;2077,gb18030->utf8 x1,NO,REVIEW_CANDIDATE,所有受影响字段均完成整字段可逆转换，且引用/章节可定位；仍需人工确认
UA2-03919,user-agent,docs/SPEC-§22-用户端体验增强.md,source_section,前端组件,label: string;,label: string;,1593;2015,162;287;364;464;537;658;855;1168;1334;1572;1704;1796;1883;1944;2002;2077,gb18030->utf8 x1,NO,REVIEW_CANDIDATE,所有受影响字段均完成整字段可逆转换，且引用/章节可定位；仍需人工确认
UA2-03920,user-agent,docs/SPEC-§22-用户端体验增强.md,source_section,前端组件,variant: 'primary' | 'danger' | 'default';,variant: 'primary' | 'danger' | 'default';,2016,162;287;364;464;537;658;855;1168;1334;1572;1704;1796;1883;1944;2002;2077,gb18030->utf8 x1,NO,REVIEW_CANDIDATE,所有受影响字段均完成整字段可逆转换，且引用/章节可定位；仍需人工确认
UA2-03921,user-agent,docs/SPEC-§22-用户端体验增强.md,source_section,前端组件,confirmMessage?: string;,confirmMessage?: string;,2017,162;287;364;464;537;658;855;1168;1334;1572;1704;1796;1883;1944;2002;2077,gb18030->utf8 x1,NO,REVIEW_CANDIDATE,所有受影响字段均完成整字段可逆转换，且引用/章节可定位；仍需人工确认
UA2-03922,user-agent,docs/SPEC-§22-用户端体验增强.md,source_section;source_quote;atomic_assertion,前端组件,// 二次确认文案,// 二次确认文案,2017,162;287;364;464;537;658;855;1168;1334;1572;1704;1796;1883;1944;2002;2077,gb18030->utf8 x1,NO,REVIEW_CANDIDATE,所有受影响字段均完成整字段可逆转换，且引用/章节可定位；仍需人工确认
UA2-03923,user-agent,docs/SPEC-§22-用户端体验增强.md,source_section;source_quote;atomic_assertion,前端组件,[椤甸潰鏍囬]                   [绛涢€夋潯浠禲  [鎼滅储]  [瀵煎嚭 鈻糫,[椤甸潰鏍囬]                   [绛涢€夋潯浠禲  [鎼滅储]  [瀵煎嚭 鈻糫,,162;287;364;464;537;658;855;1168;1334;1572;1704;1796;1883;1944;2002;2077,gb18030->utf8 x1,NO,MANUAL_REVIEW,至少一个受影响字段无法整字段安全转换，或完整源行不可读/不可定位，或存在复合断言
UA2-03924,user-agent,docs/SPEC-§22-用户端体验增强.md,source_section,前端组件,鈹溾攢鈹€ 瀵煎嚭涓?CSV,鈹溾攢鈹€ 瀵煎嚭涓?CSV,2038,162;287;364;464;537;658;855;1168;1334;1572;1704;1796;1883;1944;2002;2077,gb18030->utf8 x1,NO,REVIEW_CANDIDATE,所有受影响字段均完成整字段可逆转换，且引用/章节可定位；仍需人工确认
UA2-03925,user-agent,docs/SPEC-§22-用户端体验增强.md,source_section,前端组件,鈹溾攢鈹€ 瀵煎嚭涓?JSON,鈹溾攢鈹€ 瀵煎嚭涓?JSON,2039,162;287;364;464;537;658;855;1168;1334;1572;1704;1796;1883;1944;2002;2077,gb18030->utf8 x1,NO,REVIEW_CANDIDATE,所有受影响字段均完成整字段可逆转换，且引用/章节可定位；仍需人工确认
UA2-03926,user-agent,docs/SPEC-§22-用户端体验增强.md,source_section;source_quote;atomic_assertion,前端组件,鈹斺攢鈹€ 瀵煎嚭涓?Excel锛堝彲閫夛級,鈹斺攢鈹€ 瀵煎嚭涓?Excel锛堝彲閫夛級,,162;287;364;464;537;658;855;1168;1334;1572;1704;1796;1883;1944;2002;2077,gb18030->utf8 x1,NO,MANUAL_REVIEW,至少一个受影响字段无法整字段安全转换，或完整源行不可读/不可定位，或存在复合断言
UA2-03927,user-agent,docs/SPEC-§22-用户端体验增强.md,source_section,前端组件,点击导出后：,点击导出后：,2042,162;287;364;464;537;658;855;1168;1334;1572;1704;1796;1883;1944;2002;2077,gb18030->utf8 x1,NO,REVIEW_CANDIDATE,所有受影响字段均完成整字段可逆转换，且引用/章节可定位；仍需人工确认
UA2-03928,user-agent,docs/SPEC-§22-用户端体验增强.md,source_section;source_quote;atomic_assertion,前端组件,1. 寮圭獥閫夋嫨: 鏃堕棿鑼冨洿 / 瀵煎嚭鍒?/ 瀵煎嚭鏍煎紡,1. 寮圭獥閫夋嫨: 鏃堕棿鑼冨洿 / 瀵煎嚭鍒?/ 瀵煎嚭鏍煎紡,,162;287;364;464;537;658;855;1168;1334;1572;1704;1796;1883;1944;2002;2077,gb18030->utf8 x1,NO,MANUAL_REVIEW,至少一个受影响字段无法整字段安全转换，或完整源行不可读/不可定位，或存在复合断言
UA2-03929,user-agent,docs/SPEC-§22-用户端体验增强.md,source_section;source_quote;atomic_assertion,前端组件,"2. 鐐瑰嚮""瀵煎嚭"" 鈫?鍚庣寮傛鐢熸垚","2. 鐐瑰嚮""瀵煎嚭"" 鈫?鍚庣寮傛鐢熸垚",,162;287;364;464;537;658;855;1168;1334;1572;1704;1796;1883;1944;2002;2077,gb18030->utf8 x1,NO,MANUAL_REVIEW,至少一个受影响字段无法整字段安全转换，或完整源行不可读/不可定位，或存在复合断言
UA2-03930,user-agent,docs/SPEC-§22-用户端体验增强.md,source_section;source_quote;atomic_assertion,前端组件,3. 澶ф枃浠讹紙>10 涓囨潯锛夆啋 鐢熸垚鍚庡彂閫氱煡 鈫?鐢ㄦ埛鍦ㄩ€氱煡涓績涓嬭浇,3. 澶ф枃浠讹紙>10 涓囨潯锛夆啋 鐢熸垚鍚庡彂閫氱煡 鈫?鐢ㄦ埛鍦ㄩ€氱煡涓績涓嬭浇,,162;287;364;464;537;658;855;1168;1334;1572;1704;1796;1883;1944;2002;2077,gb18030->utf8 x1,NO,MANUAL_REVIEW,至少一个受影响字段无法整字段安全转换，或完整源行不可读/不可定位，或存在复合断言
UA2-03931,user-agent,docs/SPEC-§22-用户端体验增强.md,source_section;source_quote;atomic_assertion,前端组件,4. 灏忔枃浠讹紙鈮?0 涓囨潯锛夆啋 鐩存帴涓嬭浇,4. 灏忔枃浠讹紙鈮?0 涓囨潯锛夆啋 鐩存帴涓嬭浇,,162;287;364;464;537;658;855;1168;1334;1572;1704;1796;1883;1944;2002;2077,gb18030->utf8 x1,NO,MANUAL_REVIEW,至少一个受影响字段无法整字段安全转换，或完整源行不可读/不可定位，或存在复合断言
UA2-03932,user-agent,docs/SPEC-§22-用户端体验增强.md,source_section;source_quote;atomic_assertion,前端组件,// 统一导出接口,// 统一导出接口,2062,162;287;364;464;537;658;855;1168;1334;1572;1704;1796;1883;1944;2002;2077,gb18030->utf8 x1,NO,REVIEW_CANDIDATE,所有受影响字段均完成整字段可逆转换，且引用/章节可定位；仍需人工确认
UA2-03933,user-agent,docs/SPEC-§22-用户端体验增强.md,source_section,前端组件,POST /api/v1/me/stats/export,POST /api/v1/me/stats/export,627;686;2063,162;287;364;464;537;658;855;1168;1334;1572;1704;1796;1883;1944;2002;2077,gb18030->utf8 x1,NO,REVIEW_CANDIDATE,所有受影响字段均完成整字段可逆转换，且引用/章节可定位；仍需人工确认
UA2-03934,user-agent,docs/SPEC-§22-用户端体验增强.md,source_section,前端组件,"page: 'logs' | 'transactions' | 'stats' | 'api-keys' | 'invoices',","page: 'logs' | 'transactions' | 'stats' | 'api-keys' | 'invoices',",2065,162;287;364;464;537;658;855;1168;1334;1572;1704;1796;1883;1944;2002;2077,gb18030->utf8 x1,NO,REVIEW_CANDIDATE,所有受影响字段均完成整字段可逆转换，且引用/章节可定位；仍需人工确认
UA2-03935,user-agent,docs/SPEC-§22-用户端体验增强.md,source_section;source_quote;atomic_assertion,前端组件,"filters: { ... },               // 褰撳墠椤甸潰鐨勭瓫閫夋潯浠?    columns: string[],               // 閫変腑鐨勫鍑哄垪","filters: { ... },               // 褰撳墠椤甸潰鐨勭瓫閫夋潯浠?    columns: string[],               // 閫変腑鐨勫鍑哄垪",,162;287;364;464;537;658;855;1168;1334;1572;1704;1796;1883;1944;2002;2077,gb18030->utf8 x1,NO,MANUAL_REVIEW,至少一个受影响字段无法整字段安全转换，或完整源行不可读/不可定位，或存在复合断言
UA2-03936,user-agent,docs/SPEC-§22-用户端体验增强.md,source_section,前端组件,"format: 'csv' | 'json' | 'xlsx', // 导出格式","format: 'csv' | 'json' | 'xlsx', // 导出格式",2067,162;287;364;464;537;658;855;1168;1334;1572;1704;1796;1883;1944;2002;2077,gb18030->utf8 x1,NO,REVIEW_CANDIDATE,所有受影响字段均完成整字段可逆转换，且引用/章节可定位；仍需人工确认
UA2-03937,user-agent,docs/SPEC-§22-用户端体验增强.md,source_section,前端组件,"timeRange?: { start, end }","timeRange?: { start, end }",2068,162;287;364;464;537;658;855;1168;1334;1572;1704;1796;1883;1944;2002;2077,gb18030->utf8 x1,NO,REVIEW_CANDIDATE,所有受影响字段均完成整字段可逆转换，且引用/章节可定位；仍需人工确认
UA2-03938,user-agent,docs/SPEC-§22-用户端体验增强.md,source_section,前端组件,"downloadUrl: string,             // 文件下载 URL","downloadUrl: string,             // 文件下载 URL",2071,162;287;364;464;537;658;855;1168;1334;1572;1704;1796;1883;1944;2002;2077,gb18030->utf8 x1,NO,REVIEW_CANDIDATE,所有受影响字段均完成整字段可逆转换，且引用/章节可定位；仍需人工确认
UA2-03939,user-agent,docs/SPEC-§22-用户端体验增强.md,source_section,前端组件,"estimatedRows: number,","estimatedRows: number,",2072,162;287;364;464;537;658;855;1168;1334;1572;1704;1796;1883;1944;2002;2077,gb18030->utf8 x1,NO,REVIEW_CANDIDATE,所有受影响字段均完成整字段可逆转换，且引用/章节可定位；仍需人工确认
UA2-03940,user-agent,docs/SPEC-§22-用户端体验增强.md,source_section,前端组件,fileSize?: string,fileSize?: string,2073,162;287;364;464;537;658;855;1168;1334;1572;1704;1796;1883;1944;2002;2077,gb18030->utf8 x1,NO,REVIEW_CANDIDATE,所有受影响字段均完成整字段可逆转换，且引用/章节可定位；仍需人工确认
UA2-03941,user-agent,docs/SPEC-§22-用户端体验增强.md,source_section,前端组件,interface ExportButtonProps {,interface ExportButtonProps {,2080,162;287;364;464;537;658;855;1168;1334;1572;1704;1796;1883;1944;2002;2077,gb18030->utf8 x1,NO,REVIEW_CANDIDATE,所有受影响字段均完成整字段可逆转换，且引用/章节可定位；仍需人工确认
UA2-03942,user-agent,docs/SPEC-§22-用户端体验增强.md,source_section,前端组件,page: ExportPageType;,page: ExportPageType;,2081,162;287;364;464;537;658;855;1168;1334;1572;1704;1796;1883;1944;2002;2077,gb18030->utf8 x1,NO,REVIEW_CANDIDATE,所有受影响字段均完成整字段可逆转换，且引用/章节可定位；仍需人工确认
UA2-03943,user-agent,docs/SPEC-§22-用户端体验增强.md,source_section,前端组件,"currentFilters: Record<string, any>;","currentFilters: Record<string, any>;",2082,162;287;364;464;537;658;855;1168;1334;1572;1704;1796;1883;1944;2002;2077,gb18030->utf8 x1,NO,REVIEW_CANDIDATE,所有受影响字段均完成整字段可逆转换，且引用/章节可定位；仍需人工确认
UA2-03944,user-agent,docs/SPEC-§22-用户端体验增强.md,source_section,前端组件,onExport?: (result: ExportResult) => void;,onExport?: (result: ExportResult) => void;,2083,162;287;364;464;537;658;855;1168;1334;1572;1704;1796;1883;1944;2002;2077,gb18030->utf8 x1,NO,REVIEW_CANDIDATE,所有受影响字段均完成整字段可逆转换，且引用/章节可定位；仍需人工确认
UA2-03945,user-agent,docs/SPEC-§22-用户端体验增强.md,source_section,前端组件,interface ExportDialogProps {,interface ExportDialogProps {,661;2086,162;287;364;464;537;658;855;1168;1334;1572;1704;1796;1883;1944;2002;2077,gb18030->utf8 x1,NO,REVIEW_CANDIDATE,所有受影响字段均完成整字段可逆转换，且引用/章节可定位；仍需人工确认
UA2-03946,user-agent,docs/SPEC-§22-用户端体验增强.md,source_section,前端组件,open: boolean;,open: boolean;,662;1352;2087,162;287;364;464;537;658;855;1168;1334;1572;1704;1796;1883;1944;2002;2077,gb18030->utf8 x1,NO,REVIEW_CANDIDATE,所有受影响字段均完成整字段可逆转换，且引用/章节可定位；仍需人工确认
UA2-03947,user-agent,docs/SPEC-§22-用户端体验增强.md,source_section,前端组件,onClose: () => void;,onClose: () => void;,172;667;1357;2088,162;287;364;464;537;658;855;1168;1334;1572;1704;1796;1883;1944;2002;2077,gb18030->utf8 x1,NO,REVIEW_CANDIDATE,所有受影响字段均完成整字段可逆转换，且引用/章节可定位；仍需人工确认
UA2-03948,user-agent,docs/SPEC-§22-用户端体验增强.md,source_section,前端组件,onConfirm: (options: ExportOptions) => void;,onConfirm: (options: ExportOptions) => void;,2089,162;287;364;464;537;658;855;1168;1334;1572;1704;1796;1883;1944;2002;2077,gb18030->utf8 x1,NO,REVIEW_CANDIDATE,所有受影响字段均完成整字段可逆转换，且引用/章节可定位；仍需人工确认
UA2-03949,user-agent,docs/SPEC-§22-用户端体验增强.md,source_section,前端组件,columns: ColumnOption[];,columns: ColumnOption[];,,162;287;364;464;537;658;855;1168;1334;1572;1704;1796;1883;1944;2002;2077,gb18030->utf8 x1,NO,MANUAL_REVIEW,至少一个受影响字段无法整字段安全转换，或完整源行不可读/不可定位，或存在复合断言
UA2-03950,user-agent,docs/SPEC-§22-用户端体验增强.md,source_section;source_quote;atomic_assertion,前端组件,// 鍙€夊鍑哄垪,// 鍙€夊鍑哄垪,,162;287;364;464;537;658;855;1168;1334;1572;1704;1796;1883;1944;2002;2077,gb18030->utf8 x1,NO,MANUAL_REVIEW,至少一个受影响字段无法整字段安全转换，或完整源行不可读/不可定位，或存在复合断言
UA2-03951,user-agent,docs/SPEC-§22-用户端体验增强.md,source_section,前端组件,defaultFormat: ExportFormat;,defaultFormat: ExportFormat;,2091,162;287;364;464;537;658;855;1168;1334;1572;1704;1796;1883;1944;2002;2077,gb18030->utf8 x1,NO,REVIEW_CANDIDATE,所有受影响字段均完成整字段可逆转换，且引用/章节可定位；仍需人工确认
UA2-03952,user-agent,docs/SPEC-§22-用户端体验增强.md,source_section,前端组件,rowCount: number;,rowCount: number;,,162;287;364;464;537;658;855;1168;1334;1572;1704;1796;1883;1944;2002;2077,gb18030->utf8 x1,NO,MANUAL_REVIEW,至少一个受影响字段无法整字段安全转换，或完整源行不可读/不可定位，或存在复合断言
UA2-03953,user-agent,docs/SPEC-§22-用户端体验增强.md,source_section;source_quote;atomic_assertion,前端组件,// 褰撳墠绛涢€夋潯浠朵笅鐨勮褰曟暟,// 褰撳墠绛涢€夋潯浠朵笅鐨勮褰曟暟,,162;287;364;464;537;658;855;1168;1334;1572;1704;1796;1883;1944;2002;2077,gb18030->utf8 x1,NO,MANUAL_REVIEW,至少一个受影响字段无法整字段安全转换，或完整源行不可读/不可定位，或存在复合断言
UA2-03954,user-agent,docs/SPEC-§22-用户端体验增强.md,source_section,前端组件,"{ ""error"": ""export_limit_exceeded"", ""retry_after_seconds"": 1800, ""queue_position"": 3 }","{ ""error"": ""export_limit_exceeded"", ""retry_after_seconds"": 1800, ""queue_position"": 3 }",2168,162;287;364;464;537;658;855;1168;1334;1572;1704;1796;1883;1944;2002;2077,gb18030->utf8 x1,NO,REVIEW_CANDIDATE,所有受影响字段均完成整字段可逆转换，且引用/章节可定位；仍需人工确认
UA2-03955,user-agent,docs/SPEC-§22-用户端体验增强.md,source_section,前端组件,第 1 次失败 → 5 秒后重试,第 1 次失败 → 5 秒后重试,2176,162;287;364;464;537;658;855;1168;1334;1572;1704;1796;1883;1944;2002;2077,gb18030->utf8 x1,NO,REVIEW_CANDIDATE,所有受影响字段均完成整字段可逆转换，且引用/章节可定位；仍需人工确认
UA2-03956,user-agent,docs/SPEC-§22-用户端体验增强.md,source_section,前端组件,第 2 次失败 → 30 秒后重试,第 2 次失败 → 30 秒后重试,2177,162;287;364;464;537;658;855;1168;1334;1572;1704;1796;1883;1944;2002;2077,gb18030->utf8 x1,NO,REVIEW_CANDIDATE,所有受影响字段均完成整字段可逆转换，且引用/章节可定位；仍需人工确认
UA2-03957,user-agent,docs/SPEC-§22-用户端体验增强.md,source_section,前端组件,第 3 次失败 → 5 分钟后重试 —— 最后一次,第 3 次失败 → 5 分钟后重试 —— 最后一次,2178,162;287;364;464;537;658;855;1168;1334;1572;1704;1796;1883;1944;2002;2077,gb18030->utf8 x1,NO,REVIEW_CANDIDATE,所有受影响字段均完成整字段可逆转换，且引用/章节可定位；仍需人工确认
UA2-03958,user-agent,docs/SPEC-§22-用户端体验增强.md,source_section,前端组件,全部失败 → 标记 DISABLED,全部失败 → 标记 DISABLED,2179,162;287;364;464;537;658;855;1168;1334;1572;1704;1796;1883;1944;2002;2077,gb18030->utf8 x1,NO,REVIEW_CANDIDATE,所有受影响字段均完成整字段可逆转换，且引用/章节可定位；仍需人工确认
UA2-06277,user-agent,docs/ref-11.5-performance.md,source_quote;atomic_assertion,娣卞寲鍙傝€冿細搂11.5 涓氱哗鐪嬫澘,**瀵瑰簲**锛歔`PRD-涓氬姟鍛樻敮鎾?md`](PRD-涓氬姟鍛樻敮鎾?md) 搂11.5,**瀵瑰簲**锛歔`PRD-涓氬姟鍛樻敮鎾?md`](PRD-涓氬姟鍛樻敮鎾?md) 搂11.5,,1,,NO,MANUAL_REVIEW,至少一个受影响字段无法整字段安全转换，或完整源行不可读/不可定位，或存在复合断言
UA2-06278,user-agent,docs/ref-11.5-performance.md,source_quote;atomic_assertion,娣卞寲鍙傝€冿細搂11.5 涓氱哗鐪嬫澘,**关联**：[`ref-11.1-crm.md`](ref-11.1-crm.md)、[`ref-11.4-opportunity.md`](ref-11.4-opportunity.md)、[`ref-4.2-user-management.md`](ref-4.2-user-management.md),**关联**：[`ref-11.1-crm.md`](ref-11.1-crm.md)、[`ref-11.4-opportunity.md`](ref-11.4-opportunity.md)、[`ref-4.2-user-management.md`](ref-4.2-user-management.md),4,1,gb18030->utf8 x1,NO,REVIEW_CANDIDATE,所有受影响字段均完成整字段可逆转换，且引用/章节可定位；仍需人工确认
UA2-06279,user-agent,docs/ref-11.5-performance.md,source_quote;atomic_assertion,娣卞寲鍙傝€冿細搂11.5 涓氱哗鐪嬫澘,**浼樺厛绾?*锛歅1 | **鐘舵€?*锛氶渶姹傛枃妗ｏ紙寰呭紑鍙戯級,**浼樺厛绾?*锛歅1 | **鐘舵€?*锛氶渶姹傛枃妗ｏ紙寰呭紑鍙戯級,,1,,NO,MANUAL_REVIEW,至少一个受影响字段无法整字段安全转换，或完整源行不可读/不可定位，或存在复合断言
UA2-06280,user-agent,docs/ref-11.5-performance.md,source_quote;atomic_assertion,娣卞寲鍙傝€冿細搂11.5 涓氱哗鐪嬫澘,**鏈€鍚庢洿鏂?*锛?026-07-30,**鏈€鍚庢洿鏂?*锛?026-07-30,,1,,NO,MANUAL_REVIEW,至少一个受影响字段无法整字段安全转换，或完整源行不可读/不可定位，或存在复合断言
UA2-06281,user-agent,docs/ref-11.5-performance.md,source_quote;atomic_assertion,概述,涓氬姟鍛樻瘡鏈堥渶杩借釜澶氶」涓氱哗鎸囨爣锛氭柊澧炲鎴锋暟銆佸鎴锋秷璐归銆佺洰鏍囧畬鎴愮巼銆佸晢鏈鸿窡杩涙儏鍐电瓑銆傚綋鍓嶆暟鎹垎鏁ｅ湪 CRM銆佸晢鏈恒€佺粨绠楃瓑澶氫釜妯″潡锛岀己灏戠粺涓€鐨勪笟缁╃湅鏉匡紝涓氬姟鍛橀毦浠ュ揩閫熸帉鎻¤嚜韬笟缁╁叏璨屻€?,涓氬姟鍛樻瘡鏈堥渶杩借釜澶氶」涓氱哗鎸囨爣锛氭柊澧炲鎴锋暟銆佸鎴锋秷璐归銆佺洰鏍囧畬鎴愮巼銆佸晢鏈鸿窡杩涙儏鍐电瓑銆傚綋鍓嶆暟鎹垎鏁ｅ湪 CRM銆佸晢鏈恒€佺粨绠楃瓑澶氫釜妯″潡锛岀己灏戠粺涓€鐨勪笟缁╃湅鏉匡紝涓氬姟鍛橀毦浠ュ揩閫熸帉鎻¤嚜韬笟缁╁叏璨屻€?,,10,gb18030->utf8 x1,NO,MANUAL_REVIEW,至少一个受影响字段无法整字段安全转换，或完整源行不可读/不可定位，或存在复合断言
UA2-06282,user-agent,docs/ref-11.5-performance.md,source_quote;atomic_assertion,概述,**鏍稿績浠峰€?*锛氫竴椤电湅鏉垮憟鐜颁笟鍔″憳涓汉涓氱哗鍏ㄨ矊锛屽惈 KPI 姒傝銆佽秼鍔垮垎鏋愩€佸鎴锋瀯鎴愩€佷剑閲戦浼般€佹í鍚戞帓鍚嶃€佺洰鏍囩鐞嗭紝杈呭姪涓氬姟鍛樿仛鐒﹂珮浠峰€煎伐浣溿€?,**鏍稿績浠峰€?*锛氫竴椤电湅鏉垮憟鐜颁笟鍔″憳涓汉涓氱哗鍏ㄨ矊锛屽惈 KPI 姒傝銆佽秼鍔垮垎鏋愩€佸鎴锋瀯鎴愩€佷剑閲戦浼般€佹í鍚戞帓鍚嶃€佺洰鏍囩鐞嗭紝杈呭姪涓氬姟鍛樿仛鐒﹂珮浠峰€煎伐浣溿€?,,10,gb18030->utf8 x1,NO,MANUAL_REVIEW,至少一个受影响字段无法整字段安全转换，或完整源行不可读/不可定位，或存在复合断言
UA2-06283,user-agent,docs/ref-11.5-performance.md,source_section;source_quote;atomic_assertion,1. 本月业绩概览,椤甸潰椤堕儴灞曠ず 5 涓?KPI 鍗＄墖锛屾暟鎹淮搴︿负鏈湀绱锛?,椤甸潰椤堕儴灞曠ず 5 涓?KPI 鍗＄墖锛屾暟鎹淮搴︿负鏈湀绱锛?,,18,gb18030->utf8 x1,NO,MANUAL_REVIEW,至少一个受影响字段无法整字段安全转换，或完整源行不可读/不可定位，或存在复合断言
UA2-06284,user-agent,docs/ref-11.5-performance.md,source_section;source_quote;atomic_assertion,1. 本月业绩概览,鏂板瀹㈡埛鏁?       鏂板娑堣垂棰?     15 鈹?            楼3涓?鈹?     12 鈹?  鈼?        楼2.5涓?鈹? 鈼?     10 鈹も棌    鈼?       楼2涓?鈹も棌    鈼?      8 鈹?       鈼?    楼1.5涓?鈹?      鈼?      5 鈹?          鈼?  楼1涓?鈹?         鈼?      2 鈹?             楼0.5涓?鈹?        鈹斺攢鈹攢鈹€鈹攢鈹€鈹攢鈹€鈹攢鈹€鈹攢鈹€鈹攢鈹€鈹?         2  3  4  5  6  7 (鏈?,鏂板瀹㈡埛鏁?       鏂板娑堣垂棰?     15 鈹?            楼3涓?鈹?     12 鈹?  鈼?        楼2.5涓?鈹? 鈼?     10 鈹も棌    鈼?       楼2涓?鈹も棌    鈼?      8 鈹?       鈼?    楼1.5涓?鈹?      鈼?      5 鈹?          鈼?  楼1涓?鈹?         鈼?      2 鈹?             楼0.5涓?鈹?        鈹斺攢鈹攢鈹€鈹攢鈹€鈹攢鈹€鈹攢鈹€鈹攢鈹€鈹攢鈹€鈹?         2  3  4  5  6  7 (鏈?,,18,gb18030->utf8 x1,NO,MANUAL_REVIEW,至少一个受影响字段无法整字段安全转换，或完整源行不可读/不可定位，或存在复合断言
UA2-06285,user-agent,docs/ref-11.5-performance.md,source_section;source_quote;atomic_assertion,1. 本月业绩概览,// 鏈湀涓氱哗姒傝 KPI 鍗＄墖缁?interface KpiCardProps {,// 鏈湀涓氱哗姒傝 KPI 鍗＄墖缁?interface KpiCardProps {,,18,gb18030->utf8 x1,NO,MANUAL_REVIEW,至少一个受影响字段无法整字段安全转换，或完整源行不可读/不可定位，或存在复合断言
UA2-06286,user-agent,docs/ref-11.5-performance.md,source_section,1. 本月业绩概览,label: string;,label: string;,136,18,gb18030->utf8 x1,NO,REVIEW_CANDIDATE,所有受影响字段均完成整字段可逆转换，且引用/章节可定位；仍需人工确认
UA2-06287,user-agent,docs/ref-11.5-performance.md,source_section;source_quote;atomic_assertion,1. 本月业绩概览,// KPI 名称,// KPI 名称,136,18,gb18030->utf8 x1,NO,REVIEW_CANDIDATE,所有受影响字段均完成整字段可逆转换，且引用/章节可定位；仍需人工确认
UA2-06288,user-agent,docs/ref-11.5-performance.md,source_section,1. 本月业绩概览,value: string | number;,value: string | number;,,18,gb18030->utf8 x1,NO,MANUAL_REVIEW,至少一个受影响字段无法整字段安全转换，或完整源行不可读/不可定位，或存在复合断言
UA2-06289,user-agent,docs/ref-11.5-performance.md,source_section,1. 本月业绩概览,// 褰撳墠鍊?  trend: 'up' | 'down' | 'flat';,// 褰撳墠鍊?  trend: 'up' | 'down' | 'flat';,,18,gb18030->utf8 x1,NO,MANUAL_REVIEW,至少一个受影响字段无法整字段安全转换，或完整源行不可读/不可定位，或存在复合断言
UA2-06290,user-agent,docs/ref-11.5-performance.md,source_section;source_quote;atomic_assertion,1. 本月业绩概览,// 环比趋势,// 环比趋势,,18,gb18030->utf8 x1,NO,MANUAL_REVIEW,至少一个受影响字段无法整字段安全转换，或完整源行不可读/不可定位，或存在复合断言
UA2-06291,user-agent,docs/ref-11.5-performance.md,source_section,1. 本月业绩概览,trendLabel: string;,trendLabel: string;,,18,gb18030->utf8 x1,NO,MANUAL_REVIEW,至少一个受影响字段无法整字段安全转换，或完整源行不可读/不可定位，或存在复合断言
UA2-06292,user-agent,docs/ref-11.5-performance.md,source_section;source_quote;atomic_assertion,1. 本月业绩概览,"// 瓒嬪娍璇存槑鏂囨湰锛堝""杈冧笂鏈?锛?  icon: ReactNode;","// 瓒嬪娍璇存槑鏂囨湰锛堝""杈冧笂鏈?锛?  icon: ReactNode;",,18,gb18030->utf8 x1,NO,MANUAL_REVIEW,至少一个受影响字段无法整字段安全转换，或完整源行不可读/不可定位，或存在复合断言
UA2-06293,user-agent,docs/ref-11.5-performance.md,source_section,1. 本月业绩概览,format?: 'number' | 'currency' | 'percent';,format?: 'number' | 'currency' | 'percent';,,18,gb18030->utf8 x1,NO,MANUAL_REVIEW,至少一个受影响字段无法整字段安全转换，或完整源行不可读/不可定位，或存在复合断言
UA2-06294,user-agent,docs/ref-11.5-performance.md,source_section;source_quote;atomic_assertion,1. 本月业绩概览,// 鏁板€兼牸寮忓寲鏂瑰紡,// 鏁板€兼牸寮忓寲鏂瑰紡,,18,gb18030->utf8 x1,NO,MANUAL_REVIEW,至少一个受影响字段无法整字段安全转换，或完整源行不可读/不可定位，或存在复合断言
UA2-06295,user-agent,docs/ref-11.5-performance.md,source_section,1. 本月业绩概览,// 涓氱哗瓒嬪娍鍥?interface PerformanceTrendChartProps {,// 涓氱哗瓒嬪娍鍥?interface PerformanceTrendChartProps {,142,18,gb18030->utf8 x1,NO,REVIEW_CANDIDATE,所有受影响字段均完成整字段可逆转换，且引用/章节可定位；仍需人工确认
UA2-06296,user-agent,docs/ref-11.5-performance.md,source_section,1. 本月业绩概览,data: TrendDataPoint[];,data: TrendDataPoint[];,143,18,gb18030->utf8 x1,NO,REVIEW_CANDIDATE,所有受影响字段均完成整字段可逆转换，且引用/章节可定位；仍需人工确认
UA2-06297,user-agent,docs/ref-11.5-performance.md,source_section,1. 本月业绩概览,months: number;,months: number;,144,18,gb18030->utf8 x1,NO,REVIEW_CANDIDATE,所有受影响字段均完成整字段可逆转换，且引用/章节可定位；仍需人工确认
UA2-06298,user-agent,docs/ref-11.5-performance.md,source_section;source_quote;atomic_assertion,1. 本月业绩概览,// 月份数，默认 6,// 月份数，默认 6,144,18,gb18030->utf8 x1,NO,REVIEW_CANDIDATE,所有受影响字段均完成整字段可逆转换，且引用/章节可定位；仍需人工确认
UA2-06299,user-agent,docs/ref-11.5-performance.md,source_section,1. 本月业绩概览,onMonthChange?: (months: number) => void;,onMonthChange?: (months: number) => void;,145,18,gb18030->utf8 x1,NO,REVIEW_CANDIDATE,所有受影响字段均完成整字段可逆转换，且引用/章节可定位；仍需人工确认
UA2-06300,user-agent,docs/ref-11.5-performance.md,source_section,1. 本月业绩概览,interface TrendDataPoint {,interface TrendDataPoint {,148,18,gb18030->utf8 x1,NO,REVIEW_CANDIDATE,所有受影响字段均完成整字段可逆转换，且引用/章节可定位；仍需人工确认
UA2-06301,user-agent,docs/ref-11.5-performance.md,source_section,1. 本月业绩概览,month: string;,month: string;,149,18,gb18030->utf8 x1,NO,REVIEW_CANDIDATE,所有受影响字段均完成整字段可逆转换，且引用/章节可定位；仍需人工确认
UA2-06302,user-agent,docs/ref-11.5-performance.md,source_section,1. 本月业绩概览,"// ""2026-02""","// ""2026-02""",149,18,gb18030->utf8 x1,NO,REVIEW_CANDIDATE,所有受影响字段均完成整字段可逆转换，且引用/章节可定位；仍需人工确认
UA2-06303,user-agent,docs/ref-11.5-performance.md,source_section,1. 本月业绩概览,newCustomers: number;,newCustomers: number;,150,18,gb18030->utf8 x1,NO,REVIEW_CANDIDATE,所有受影响字段均完成整字段可逆转换，且引用/章节可定位；仍需人工确认
UA2-06304,user-agent,docs/ref-11.5-performance.md,source_section,1. 本月业绩概览,consumption: number;,consumption: number;,151,18,gb18030->utf8 x1,NO,REVIEW_CANDIDATE,所有受影响字段均完成整字段可逆转换，且引用/章节可定位；仍需人工确认
UA2-06305,user-agent,docs/ref-11.5-performance.md,source_section;source_quote;atomic_assertion,1. 本月业绩概览,// 客户构成饼图,// 客户构成饼图,154,18,gb18030->utf8 x1,NO,REVIEW_CANDIDATE,所有受影响字段均完成整字段可逆转换，且引用/章节可定位；仍需人工确认
UA2-06306,user-agent,docs/ref-11.5-performance.md,source_section,1. 本月业绩概览,interface CustomerCompositionPieProps {,interface CustomerCompositionPieProps {,155,18,gb18030->utf8 x1,NO,REVIEW_CANDIDATE,所有受影响字段均完成整字段可逆转换，且引用/章节可定位；仍需人工确认
UA2-06307,user-agent,docs/ref-11.5-performance.md,source_section,1. 本月业绩概览,data: { status: string;,data: { status: string;,156,18,gb18030->utf8 x1,NO,REVIEW_CANDIDATE,所有受影响字段均完成整字段可逆转换，且引用/章节可定位；仍需人工确认
UA2-06308,user-agent,docs/ref-11.5-performance.md,source_section,1. 本月业绩概览,count: number;,count: number;,156,18,gb18030->utf8 x1,NO,REVIEW_CANDIDATE,所有受影响字段均完成整字段可逆转换，且引用/章节可定位；仍需人工确认
UA2-06309,user-agent,docs/ref-11.5-performance.md,source_section,1. 本月业绩概览,percentage: number;,percentage: number;,156,18,gb18030->utf8 x1,NO,REVIEW_CANDIDATE,所有受影响字段均完成整字段可逆转换，且引用/章节可定位；仍需人工确认
UA2-06310,user-agent,docs/ref-11.5-performance.md,source_section,1. 本月业绩概览,onStatusClick: (status: string) => void;,onStatusClick: (status: string) => void;,,18,gb18030->utf8 x1,NO,MANUAL_REVIEW,至少一个受影响字段无法整字段安全转换，或完整源行不可读/不可定位，或存在复合断言
UA2-06311,user-agent,docs/ref-11.5-performance.md,source_section;source_quote;atomic_assertion,1. 本月业绩概览,// 閽诲彇鍒板鎴峰垪琛?},// 閽诲彇鍒板鎴峰垪琛?},,18,gb18030->utf8 x1,NO,MANUAL_REVIEW,至少一个受影响字段无法整字段安全转换，或完整源行不可读/不可定位，或存在复合断言
UA2-06312,user-agent,docs/ref-11.5-performance.md,source_section;source_quote;atomic_assertion,1. 本月业绩概览,// 佣金预估,// 佣金预估,159,18,gb18030->utf8 x1,NO,REVIEW_CANDIDATE,所有受影响字段均完成整字段可逆转换，且引用/章节可定位；仍需人工确认
UA2-06313,user-agent,docs/ref-11.5-performance.md,source_section,1. 本月业绩概览,interface CommissionEstimateProps {,interface CommissionEstimateProps {,160,18,gb18030->utf8 x1,NO,REVIEW_CANDIDATE,所有受影响字段均完成整字段可逆转换，且引用/章节可定位；仍需人工确认
UA2-06314,user-agent,docs/ref-11.5-performance.md,source_section,1. 本月业绩概览,currentMonth: number;,currentMonth: number;,161,18,gb18030->utf8 x1,NO,REVIEW_CANDIDATE,所有受影响字段均完成整字段可逆转换，且引用/章节可定位；仍需人工确认
UA2-06315,user-agent,docs/ref-11.5-performance.md,source_section,1. 本月业绩概览,annualized: number;,annualized: number;,162,18,gb18030->utf8 x1,NO,REVIEW_CANDIDATE,所有受影响字段均完成整字段可逆转换，且引用/章节可定位；仍需人工确认
UA2-06316,user-agent,docs/ref-11.5-performance.md,source_section,1. 本月业绩概览,onViewDetails: () => void;,onViewDetails: () => void;,163,18,gb18030->utf8 x1,NO,REVIEW_CANDIDATE,所有受影响字段均完成整字段可逆转换，且引用/章节可定位；仍需人工确认
UA2-06317,user-agent,docs/ref-11.5-performance.md,source_section,1. 本月业绩概览,// 排名看板,// 排名看板,166,18,gb18030->utf8 x1,NO,REVIEW_CANDIDATE,所有受影响字段均完成整字段可逆转换，且引用/章节可定位；仍需人工确认
UA2-06318,user-agent,docs/ref-11.5-performance.md,source_section,1. 本月业绩概览,interface RankBoardProps {,interface RankBoardProps {,167,18,gb18030->utf8 x1,NO,REVIEW_CANDIDATE,所有受影响字段均完成整字段可逆转换，且引用/章节可定位；仍需人工确认
UA2-06319,user-agent,docs/ref-11.5-performance.md,source_section,1. 本月业绩概览,type: 'newCustomers' | 'consumptionTotal';,type: 'newCustomers' | 'consumptionTotal';,168,18,gb18030->utf8 x1,NO,REVIEW_CANDIDATE,所有受影响字段均完成整字段可逆转换，且引用/章节可定位；仍需人工确认
UA2-06320,user-agent,docs/ref-11.5-performance.md,source_section,1. 本月业绩概览,data: RankItem[];,data: RankItem[];,169,18,gb18030->utf8 x1,NO,REVIEW_CANDIDATE,所有受影响字段均完成整字段可逆转换，且引用/章节可定位；仍需人工确认
UA2-06321,user-agent,docs/ref-11.5-performance.md,source_section,1. 本月业绩概览,currentUserId: number;,currentUserId: number;,170,18,gb18030->utf8 x1,NO,REVIEW_CANDIDATE,所有受影响字段均完成整字段可逆转换，且引用/章节可定位；仍需人工确认
UA2-06322,user-agent,docs/ref-11.5-performance.md,source_section,1. 本月业绩概览,onTypeChange: (type: string) => void;,onTypeChange: (type: string) => void;,171,18,gb18030->utf8 x1,NO,REVIEW_CANDIDATE,所有受影响字段均完成整字段可逆转换，且引用/章节可定位；仍需人工确认
UA2-06323,user-agent,docs/ref-11.5-performance.md,source_section,1. 本月业绩概览,interface RankItem {,interface RankItem {,174,18,gb18030->utf8 x1,NO,REVIEW_CANDIDATE,所有受影响字段均完成整字段可逆转换，且引用/章节可定位；仍需人工确认
UA2-06324,user-agent,docs/ref-11.5-performance.md,source_section,1. 本月业绩概览,userId: number;,userId: number;,175,18,gb18030->utf8 x1,NO,REVIEW_CANDIDATE,所有受影响字段均完成整字段可逆转换，且引用/章节可定位；仍需人工确认
UA2-06325,user-agent,docs/ref-11.5-performance.md,source_section,1. 本月业绩概览,rame: string;,rame: string;,176,18,gb18030->utf8 x1,NO,REVIEW_CANDIDATE,所有受影响字段均完成整字段可逆转换，且引用/章节可定位；仍需人工确认
UA2-06326,user-agent,docs/ref-11.5-performance.md,source_section,1. 本月业绩概览,rank: number;,rank: number;,177,18,gb18030->utf8 x1,NO,REVIEW_CANDIDATE,所有受影响字段均完成整字段可逆转换，且引用/章节可定位；仍需人工确认
UA2-06327,user-agent,docs/ref-11.5-performance.md,source_section,1. 本月业绩概览,value: number;,value: number;,178;204,18,gb18030->utf8 x1,NO,REVIEW_CANDIDATE,所有受影响字段均完成整字段可逆转换，且引用/章节可定位；仍需人工确认
UA2-06328,user-agent,docs/ref-11.5-performance.md,source_section;source_quote;atomic_assertion,1. 本月业绩概览,// 目标管理（业务员端）,// 目标管理（业务员端）,181,18,gb18030->utf8 x1,NO,REVIEW_CANDIDATE,所有受影响字段均完成整字段可逆转换，且引用/章节可定位；仍需人工确认
UA2-06329,user-agent,docs/ref-11.5-performance.md,source_section,1. 本月业绩概览,interface TargetProgresProps {,interface TargetProgresProps {,182,18,gb18030->utf8 x1,NO,REVIEW_CANDIDATE,所有受影响字段均完成整字段可逆转换，且引用/章节可定位；仍需人工确认
UA2-06330,user-agent,docs/ref-11.5-performance.md,source_section,1. 本月业绩概览,targets: TargetItem[];,targets: TargetItem[];,183,18,gb18030->utf8 x1,NO,REVIEW_CANDIDATE,所有受影响字段均完成整字段可逆转换，且引用/章节可定位；仍需人工确认
UA2-06331,user-agent,docs/ref-11.5-performance.md,source_section,1. 本月业绩概览,interface TargetItem {,interface TargetItem {,186,18,gb18030->utf8 x1,NO,REVIEW_CANDIDATE,所有受影响字段均完成整字段可逆转换，且引用/章节可定位；仍需人工确认
UA2-06332,user-agent,docs/ref-11.5-performance.md,source_section,1. 本月业绩概览,type: string;,type: string;,187;203,18,gb18030->utf8 x1,NO,REVIEW_CANDIDATE,所有受影响字段均完成整字段可逆转换，且引用/章节可定位；仍需人工确认
UA2-06333,user-agent,docs/ref-11.5-performance.md,source_section,1. 本月业绩概览,name: string;,name: string;,188,18,gb18030->utf8 x1,NO,REVIEW_CANDIDATE,所有受影响字段均完成整字段可逆转换，且引用/章节可定位；仍需人工确认
UA2-06334,user-agent,docs/ref-11.5-performance.md,source_section,1. 本月业绩概览,targetValue: number;,targetValue: number;,189,18,gb18030->utf8 x1,NO,REVIEW_CANDIDATE,所有受影响字段均完成整字段可逆转换，且引用/章节可定位；仍需人工确认
UA2-06335,user-agent,docs/ref-11.5-performance.md,source_section,1. 本月业绩概览,achievedValue: number;,achievedValue: number;,190,18,gb18030->utf8 x1,NO,REVIEW_CANDIDATE,所有受影响字段均完成整字段可逆转换，且引用/章节可定位；仍需人工确认
UA2-06336,user-agent,docs/ref-11.5-performance.md,source_section,1. 本月业绩概览,completionRate: number;,completionRate: number;,191,18,gb18030->utf8 x1,NO,REVIEW_CANDIDATE,所有受影响字段均完成整字段可逆转换，且引用/章节可定位；仍需人工确认
UA2-06337,user-agent,docs/ref-11.5-performance.md,source_section,1. 本月业绩概览,remaingDays: number;,remaingDays: number;,192,18,gb18030->utf8 x1,NO,REVIEW_CANDIDATE,所有受影响字段均完成整字段可逆转换，且引用/章节可定位；仍需人工确认
UA2-06338,user-agent,docs/ref-11.5-performance.md,source_section;source_quote;atomic_assertion,1. 本月业绩概览,// 目标设置（管理员端）,// 目标设置（管理员端）,195,18,gb18030->utf8 x1,NO,REVIEW_CANDIDATE,所有受影响字段均完成整字段可逆转换，且引用/章节可定位；仍需人工确认
UA2-06339,user-agent,docs/ref-11.5-performance.md,source_section,1. 本月业绩概览,interface SalesTargetSettingProps {,interface SalesTargetSettingProps {,196,18,gb18030->utf8 x1,NO,REVIEW_CANDIDATE,所有受影响字段均完成整字段可逆转换，且引用/章节可定位；仍需人工确认
UA2-06340,user-agent,docs/ref-11.5-performance.md,source_section,1. 本月业绩概览,onSubmit: (data: SalesTargetInput) => void;,onSubmit: (data: SalesTargetInput) => void;,197,18,gb18030->utf8 x1,NO,REVIEW_CANDIDATE,所有受影响字段均完成整字段可逆转换，且引用/章节可定位；仍需人工确认
UA2-06341,user-agent,docs/ref-11.5-performance.md,source_section,1. 本月业绩概览,existingTargets?: TargetItem[];,existingTargets?: TargetItem[];,198,18,gb18030->utf8 x1,NO,REVIEW_CANDIDATE,所有受影响字段均完成整字段可逆转换，且引用/章节可定位；仍需人工确认
UA2-06342,user-agent,docs/ref-11.5-performance.md,source_section,1. 本月业绩概览,interface SalesTargetInput {,interface SalesTargetInput {,201,18,gb18030->utf8 x1,NO,REVIEW_CANDIDATE,所有受影响字段均完成整字段可逆转换，且引用/章节可定位；仍需人工确认
UA2-06343,user-agent,docs/ref-11.5-performance.md,source_section,1. 本月业绩概览,period: string;,period: string;,202,18,gb18030->utf8 x1,NO,REVIEW_CANDIDATE,所有受影响字段均完成整字段可逆转换，且引用/章节可定位；仍需人工确认
UA2-06346,user-agent,docs/ref-11.5-performance.md,source_section,1. 本月业绩概览,applicableTo: 'all' | 'specifc';,applicableTo: 'all' | 'specifc';,,18,gb18030->utf8 x1,NO,MANUAL_REVIEW,至少一个受影响字段无法整字段安全转换，或完整源行不可读/不可定位，或存在复合断言
UA2-06347,user-agent,docs/ref-11.5-performance.md,source_section;source_quote;atomic_assertion,1. 本月业绩概览,// 鍏ㄤ綋鎴栨寚瀹?  userIds?: number[];,// 鍏ㄤ綋鎴栨寚瀹?  userIds?: number[];,,18,gb18030->utf8 x1,NO,MANUAL_REVIEW,至少一个受影响字段无法整字段安全转换，或完整源行不可读/不可定位，或存在复合断言
UA2-06348,user-agent,docs/ref-11.5-performance.md,source_section,1. 本月业绩概览,// 指定业务员时,// 指定业务员时,,18,gb18030->utf8 x1,NO,MANUAL_REVIEW,至少一个受影响字段无法整字段安全转换，或完整源行不可读/不可定位，或存在复合断言
UA2-06349,user-agent,docs/ref-11.6-quote-contract.md,source_section;source_quote;atomic_assertion,娣卞寲鍙傝€冿細搂11.6 鎶ヤ环涓庡悎鍚岀鐞?,**瀵瑰簲**锛歔`PRD-涓氬姟鍛樻敮鎾?md`](PRD-涓氬姟鍛樻敮鎾?md) 搂11.4 鎶ヤ环鍗?+ 搂11.6 鍚堝悓绠＄悊,**瀵瑰簲**锛歔`PRD-涓氬姟鍛樻敮鎾?md`](PRD-涓氬姟鍛樻敮鎾?md) 搂11.4 鎶ヤ环鍗?+ 搂11.6 鍚堝悓绠＄悊,,,,NO,MANUAL_REVIEW,至少一个受影响字段无法整字段安全转换，或完整源行不可读/不可定位，或存在复合断言
UA2-06350,user-agent,docs/ref-11.6-quote-contract.md,source_section;source_quote;atomic_assertion,娣卞寲鍙傝€冿細搂11.6 鎶ヤ环涓庡悎鍚岀鐞?,**关联**：[`ref-11.4-opportunity.md`](ref-11.4-opportunity.md)、[`ref-11.1-crm.md`](ref-11.1-crm.md)、[`ref-4.17-template-library.md`](ref-4.17-template-library.md),**关联**：[`ref-11.4-opportunity.md`](ref-11.4-opportunity.md)、[`ref-11.1-crm.md`](ref-11.1-crm.md)、[`ref-4.17-template-library.md`](ref-4.17-template-library.md),3,,gb18030->utf8 x1,NO,MANUAL_REVIEW,至少一个受影响字段无法整字段安全转换，或完整源行不可读/不可定位，或存在复合断言
UA2-06351,user-agent,docs/ref-11.6-quote-contract.md,source_section;source_quote;atomic_assertion,娣卞寲鍙傝€冿細搂11.6 鎶ヤ环涓庡悎鍚岀鐞?,**浼樺厛绾?*锛歅1 | **鐘舵€?*锛氶渶姹傛枃妗ｏ紙寰呭紑鍙戯級,**浼樺厛绾?*锛歅1 | **鐘舵€?*锛氶渶姹傛枃妗ｏ紙寰呭紑鍙戯級,,,,NO,MANUAL_REVIEW,至少一个受影响字段无法整字段安全转换，或完整源行不可读/不可定位，或存在复合断言
UA2-06352,user-agent,docs/ref-11.6-quote-contract.md,source_section;source_quote;atomic_assertion,娣卞寲鍙傝€冿細搂11.6 鎶ヤ环涓庡悎鍚岀鐞?,**鏈€鍚庢洿鏂?*锛?026-07-30,**鏈€鍚庢洿鏂?*锛?026-07-30,,,,NO,MANUAL_REVIEW,至少一个受影响字段无法整字段安全转换，或完整源行不可读/不可定位，或存在复合断言
UA2-06353,user-agent,docs/ref-11.6-quote-contract.md,source_quote;atomic_assertion,概述,涓氬姟鍛樺湪璺熻繘鍟嗘満杩囩▼涓渶瑕佸揩閫熺敓鎴愭爣鍑嗘姤浠峰崟鍜屽悎鍚屻€傚綋鍓嶆姤浠峰拰鍚堝悓渚濊禆绾夸笅 Excel/Markdown 鎵嬪姩缂栧埗锛屾晥鐜囦綆涓斿鏄撳嚭閿欍€傛姤浠疯繃鏈熺姸鎬侀渶鎵嬪姩璺熻釜锛屽悎鍚屽埌鏈熸棤娉曡嚜鍔ㄦ彁閱掋€?,涓氬姟鍛樺湪璺熻繘鍟嗘満杩囩▼涓渶瑕佸揩閫熺敓鎴愭爣鍑嗘姤浠峰崟鍜屽悎鍚屻€傚綋鍓嶆姤浠峰拰鍚堝悓渚濊禆绾夸笅 Excel/Markdown 鎵嬪姩缂栧埗锛屾晥鐜囦綆涓斿鏄撳嚭閿欍€傛姤浠疯繃鏈熺姸鎬侀渶鎵嬪姩璺熻釜锛屽悎鍚屽埌鏈熸棤娉曡嚜鍔ㄦ彁閱掋€?,,9,gb18030->utf8 x1,NO,MANUAL_REVIEW,至少一个受影响字段无法整字段安全转换，或完整源行不可读/不可定位，或存在复合断言
UA2-06354,user-agent,docs/ref-11.6-quote-contract.md,source_quote;atomic_assertion,概述,**鏍稿績浠峰€?*锛氬湪绾挎姤浠风敓鎴?鈫?瀹℃壒 鈫?鍙戦€?鈫?鍚堝悓妯℃澘 鈫?鍚堝悓鐢熸垚 鈫?绛剧讲 鈫?鍒版湡鎻愰啋锛屽叏娴佺▼绾夸笂鍖栵紝鍑忓皯鎵嬪伐鎿嶄綔銆?,**鏍稿績浠峰€?*锛氬湪绾挎姤浠风敓鎴?鈫?瀹℃壒 鈫?鍙戦€?鈫?鍚堝悓妯℃澘 鈫?鍚堝悓鐢熸垚 鈫?绛剧讲 鈫?鍒版湡鎻愰啋锛屽叏娴佺▼绾夸笂鍖栵紝鍑忓皯鎵嬪伐鎿嶄綔銆?,,9,gb18030->utf8 x1,NO,MANUAL_REVIEW,至少一个受影响字段无法整字段安全转换，或完整源行不可读/不可定位，或存在复合断言
UA2-06355,user-agent,docs/ref-11.6-quote-contract.md,source_section;source_quote;atomic_assertion,1. 报价管理,**鍒涘缓鎶ヤ环鍗?*,**鍒涘缓鎶ヤ环鍗?*,,17,gb18030->utf8 x1,NO,MANUAL_REVIEW,至少一个受影响字段无法整字段安全转换，或完整源行不可读/不可定位，或存在复合断言
UA2-06356,user-agent,docs/ref-11.6-quote-contract.md,source_section,1. 报价管理,关联商机,关联商机,,17,gb18030->utf8 x1,NO,MANUAL_REVIEW,至少一个受影响字段无法整字段安全转换，或完整源行不可读/不可定位，或存在复合断言
UA2-06357,user-agent,docs/ref-11.6-quote-contract.md,source_section;source_quote;atomic_assertion,1. 报价管理,浠庡凡鏈夊晢鏈鸿嚜鍔ㄥ～鍏呭鎴峰悕绉?鑱旂郴浜猴紝鍙€変笉鍏宠仈鐩存帴杈撳叆,浠庡凡鏈夊晢鏈鸿嚜鍔ㄥ～鍏呭鎴峰悕绉?鑱旂郴浜猴紝鍙€変笉鍏宠仈鐩存帴杈撳叆,,17,gb18030->utf8 x1,NO,MANUAL_REVIEW,至少一个受影响字段无法整字段安全转换，或完整源行不可读/不可定位，或存在复合断言
UA2-06358,user-agent,docs/ref-11.6-quote-contract.md,source_section,1. 报价管理,报价项目,报价项目,,17,gb18030->utf8 x1,NO,MANUAL_REVIEW,至少一个受影响字段无法整字段安全转换，或完整源行不可读/不可定位，或存在复合断言
UA2-06359,user-agent,docs/ref-11.6-quote-contract.md,source_section;source_quote;atomic_assertion,1. 报价管理,澶氳娣诲姞锛堜骇鍝佸悕绉般€佸崟浠枫€佹暟閲忋€佹姌鎵ｃ€佸皬璁★級,澶氳娣诲姞锛堜骇鍝佸悕绉般€佸崟浠枫€佹暟閲忋€佹姌鎵ｃ€佸皬璁★級,,17,gb18030->utf8 x1,NO,MANUAL_REVIEW,至少一个受影响字段无法整字段安全转换，或完整源行不可读/不可定位，或存在复合断言
UA2-06360,user-agent,docs/ref-11.6-quote-contract.md,source_section,1. 报价管理,鎬婚噾棰?,鎬婚噾棰?,120,17,gb18030->utf8 x1,NO,REVIEW_CANDIDATE,所有受影响字段均完成整字段可逆转换，且引用/章节可定位；仍需人工确认
UA2-06361,user-agent,docs/ref-11.6-quote-contract.md,source_section;source_quote;atomic_assertion,1. 报价管理,鑷姩姹囨€昏绠?,鑷姩姹囨€昏绠?,,17,gb18030->utf8 x1,NO,MANUAL_REVIEW,至少一个受影响字段无法整字段安全转换，或完整源行不可读/不可定位，或存在复合断言
UA2-06362,user-agent,docs/ref-11.6-quote-contract.md,source_section,1. 报价管理,鎶樻墸鐜?,鎶樻墸鐜?,,17,gb18030->utf8 x1,NO,MANUAL_REVIEW,至少一个受影响字段无法整字段安全转换，或完整源行不可读/不可定位，或存在复合断言
UA2-06363,user-agent,docs/ref-11.6-quote-contract.md,source_section;source_quote;atomic_assertion,1. 报价管理,鏁翠綋鎶樻墸鐜囷紙0-100%锛夛紝鑷姩璋冩暣鎬婚噾棰?,鏁翠綋鎶樻墸鐜囷紙0-100%锛夛紝鑷姩璋冩暣鎬婚噾棰?,,17,gb18030->utf8 x1,NO,MANUAL_REVIEW,至少一个受影响字段无法整字段安全转换，或完整源行不可读/不可定位，或存在复合断言
UA2-06364,user-agent,docs/ref-11.6-quote-contract.md,source_section;source_quote;atomic_assertion,1. 报价管理,鏈夋晥鏈?,鏈夋晥鏈?,,17,gb18030->utf8 x1,NO,MANUAL_REVIEW,至少一个受影响字段无法整字段安全转换，或完整源行不可读/不可定位，或存在复合断言
UA2-06365,user-agent,docs/ref-11.6-quote-contract.md,source_section;source_quote;atomic_assertion,1. 报价管理,閫夋嫨鎴鏃ユ湡锛堥粯璁?30 澶╋級,閫夋嫨鎴鏃ユ湡锛堥粯璁?30 澶╋級,,17,gb18030->utf8 x1,NO,MANUAL_REVIEW,至少一个受影响字段无法整字段安全转换，或完整源行不可读/不可定位，或存在复合断言
UA2-06366,user-agent,docs/ref-11.6-quote-contract.md,source_section,1. 报价管理,备注,备注,,17,gb18030->utf8 x1,NO,MANUAL_REVIEW,至少一个受影响字段无法整字段安全转换，或完整源行不可读/不可定位，或存在复合断言
UA2-06367,user-agent,docs/ref-11.6-quote-contract.md,source_section;source_quote;atomic_assertion,1. 报价管理,附加说明,附加说明,28,17,gb18030->utf8 x1,NO,REVIEW_CANDIDATE,所有受影响字段均完成整字段可逆转换，且引用/章节可定位；仍需人工确认
UA2-06368,user-agent,docs/ref-11.6-quote-contract.md,source_section,1. 报价管理,**鎶ヤ环鍗曠姸鎬佹祦杞?*,**鎶ヤ环鍗曠姸鎬佹祦杞?*,30,17,gb18030->utf8 x1,NO,REVIEW_CANDIDATE,所有受影响字段均完成整字段可逆转换，且引用/章节可定位；仍需人工确认
UA2-06369,user-agent,docs/ref-11.6-quote-contract.md,source_section,1. 报价管理,鐘舵€?,鐘舵€?,,17,gb18030->utf8 x1,NO,MANUAL_REVIEW,至少一个受影响字段无法整字段安全转换，或完整源行不可读/不可定位，或存在复合断言
UA2-06370,user-agent,docs/ref-11.6-quote-contract.md,source_section,1. 报价管理,说明,说明,61;93,17,gb18030->utf8 x1,NO,REVIEW_CANDIDATE,所有受影响字段均完成整字段可逆转换，且引用/章节可定位；仍需人工确认
UA2-06371,user-agent,docs/ref-11.6-quote-contract.md,source_section;source_quote;atomic_assertion,1. 报价管理,鍙搷浣?,鍙搷浣?,,17,gb18030->utf8 x1,NO,MANUAL_REVIEW,至少一个受影响字段无法整字段安全转换，或完整源行不可读/不可定位，或存在复合断言
UA2-06372,user-agent,docs/ref-11.6-quote-contract.md,source_section,1. 报价管理,draft,draft,123;157,17,gb18030->utf8 x1,NO,REVIEW_CANDIDATE,所有受影响字段均完成整字段可逆转换，且引用/章节可定位；仍需人工确认
UA2-06373,user-agent,docs/ref-11.6-quote-contract.md,source_section;source_quote;atomic_assertion,1. 报价管理,鑽夌锛屼粎鍒涘缓鑰呭彲瑙?,鑽夌锛屼粎鍒涘缓鑰呭彲瑙?,,17,gb18030->utf8 x1,NO,MANUAL_REVIEW,至少一个受影响字段无法整字段安全转换，或完整源行不可读/不可定位，或存在复合断言
UA2-06374,user-agent,docs/ref-11.6-quote-contract.md,source_section,1. 报价管理,编辑 / 删除 / 提交审批,编辑 / 删除 / 提交审批,,17,gb18030->utf8 x1,NO,MANUAL_REVIEW,至少一个受影响字段无法整字段安全转换，或完整源行不可读/不可定位，或存在复合断言
UA2-06375,user-agent,docs/ref-11.6-quote-contract.md,source_section,1. 报价管理,pending_approval,pending_approval,123;157,17,gb18030->utf8 x1,NO,REVIEW_CANDIDATE,所有受影响字段均完成整字段可逆转换，且引用/章节可定位；仍需人工确认
UA2-06376,user-agent,docs/ref-11.6-quote-contract.md,source_section;source_quote;atomic_assertion,1. 报价管理,寰呭鎵?,寰呭鎵?,,17,gb18030->utf8 x1,NO,MANUAL_REVIEW,至少一个受影响字段无法整字段安全转换，或完整源行不可读/不可定位，或存在复合断言
UA2-06377,user-agent,docs/ref-11.6-quote-contract.md,source_section;source_quote;atomic_assertion,1. 报价管理,绠＄悊鍛樺彲瀹℃壒锛涘垱寤鸿€呭彲鎾ゅ洖,绠＄悊鍛樺彲瀹℃壒锛涘垱寤鸿€呭彲鎾ゅ洖,,17,gb18030->utf8 x1,NO,MANUAL_REVIEW,至少一个受影响字段无法整字段安全转换，或完整源行不可读/不可定位，或存在复合断言
UA2-06378,user-agent,docs/ref-11.6-quote-contract.md,source_section,1. 报价管理,approved,approved,86;123;157,17,gb18030->utf8 x1,NO,REVIEW_CANDIDATE,所有受影响字段均完成整字段可逆转换，且引用/章节可定位；仍需人工确认
UA2-06379,user-agent,docs/ref-11.6-quote-contract.md,source_section;source_quote;atomic_assertion,1. 报价管理,审批通过,审批通过,86,17,gb18030->utf8 x1,NO,REVIEW_CANDIDATE,所有受影响字段均完成整字段可逆转换，且引用/章节可定位；仍需人工确认
UA2-06380,user-agent,docs/ref-11.6-quote-contract.md,source_section;source_quote;atomic_assertion,1. 报价管理,鍙戦€佺粰瀹㈡埛,鍙戦€佺粰瀹㈡埛,,17,gb18030->utf8 x1,NO,MANUAL_REVIEW,至少一个受影响字段无法整字段安全转换，或完整源行不可读/不可定位，或存在复合断言
UA2-06381,user-agent,docs/ref-11.6-quote-contract.md,source_section,1. 报价管理,rejected,rejected,34;42;78;123,17,gb18030->utf8 x1,NO,REVIEW_CANDIDATE,所有受影响字段均完成整字段可逆转换，且引用/章节可定位；仍需人工确认
UA2-06382,user-agent,docs/ref-11.6-quote-contract.md,source_section,1. 报价管理,审批驳回,审批驳回,,17,gb18030->utf8 x1,NO,MANUAL_REVIEW,至少一个受影响字段无法整字段安全转换，或完整源行不可读/不可定位，或存在复合断言
UA2-06383,user-agent,docs/ref-11.6-quote-contract.md,source_section;source_quote;atomic_assertion,1. 报价管理,查看驳回原因，修改后重新提交,查看驳回原因，修改后重新提交,42,17,gb18030->utf8 x1,NO,REVIEW_CANDIDATE,所有受影响字段均完成整字段可逆转换，且引用/章节可定位；仍需人工确认
UA2-06384,user-agent,docs/ref-11.6-quote-contract.md,source_section,1. 报价管理,sent,sent,43;123,17,gb18030->utf8 x1,NO,REVIEW_CANDIDATE,所有受影响字段均完成整字段可逆转换，且引用/章节可定位；仍需人工确认
UA2-06385,user-agent,docs/ref-11.6-quote-contract.md,source_section;source_quote;atomic_assertion,1. 报价管理,已发送给客户,已发送给客户,43,17,gb18030->utf8 x1,NO,REVIEW_CANDIDATE,所有受影响字段均完成整字段可逆转换，且引用/章节可定位；仍需人工确认
UA2-06386,user-agent,docs/ref-11.6-quote-contract.md,source_section;source_quote;atomic_assertion,1. 报价管理,标记为已接受 / 过期,标记为已接受 / 过期,43,17,gb18030->utf8 x1,NO,REVIEW_CANDIDATE,所有受影响字段均完成整字段可逆转换，且引用/章节可定位；仍需人工确认
UA2-06387,user-agent,docs/ref-11.6-quote-contract.md,source_section,1. 报价管理,accepted,accepted,123,17,gb18030->utf8 x1,NO,REVIEW_CANDIDATE,所有受影响字段均完成整字段可逆转换，且引用/章节可定位；仍需人工确认
UA2-06388,user-agent,docs/ref-11.6-quote-contract.md,source_section,1. 报价管理,瀹㈡埛宸叉帴鍙?,瀹㈡埛宸叉帴鍙?,,17,gb18030->utf8 x1,NO,MANUAL_REVIEW,至少一个受影响字段无法整字段安全转换，或完整源行不可读/不可定位，或存在复合断言
UA2-06389,user-agent,docs/ref-11.6-quote-contract.md,source_section;source_quote;atomic_assertion,1. 报价管理,可基于此报价生成合同,可基于此报价生成合同,,17,gb18030->utf8 x1,NO,MANUAL_REVIEW,至少一个受影响字段无法整字段安全转换，或完整源行不可读/不可定位，或存在复合断言
UA2-06390,user-agent,docs/ref-11.6-quote-contract.md,source_section,1. 报价管理,expired,expired,34;78;79;88;123;157;280,17,gb18030->utf8 x1,NO,REVIEW_CANDIDATE,所有受影响字段均完成整字段可逆转换，且引用/章节可定位；仍需人工确认
UA2-06391,user-agent,docs/ref-11.6-quote-contract.md,source_section,1. 报价管理,宸茶繃鏈?,宸茶繃鏈?,,17,gb18030->utf8 x1,NO,MANUAL_REVIEW,至少一个受影响字段无法整字段安全转换，或完整源行不可读/不可定位，或存在复合断言
UA2-06392,user-agent,docs/ref-11.6-quote-contract.md,source_section;source_quote;atomic_assertion,1. 报价管理,只读查看,只读查看,,17,gb18030->utf8 x1,NO,MANUAL_REVIEW,至少一个受影响字段无法整字段安全转换，或完整源行不可读/不可定位，或存在复合断言
UA2-06393,user-agent,docs/ref-11.6-quote-contract.md,source_section;source_quote;atomic_assertion,1. 报价管理,**PDF 涓嬭浇**锛氭姤浠峰崟浠?PDF 鏍煎紡涓嬭浇锛屽惈鍏徃 Logo銆佹姤浠风紪鍙枫€佹槑缁嗐€佹€婚噾棰濄€佹湁鏁堟湡銆佹潯娆捐鏄庛€?,**PDF 涓嬭浇**锛氭姤浠峰崟浠?PDF 鏍煎紡涓嬭浇锛屽惈鍏徃 Logo銆佹姤浠风紪鍙枫€佹槑缁嗐€佹€婚噾棰濄€佹湁鏁堟湡銆佹潯娆捐鏄庛€?,,17,gb18030->utf8 x1,NO,MANUAL_REVIEW,至少一个受影响字段无法整字段安全转换，或完整源行不可读/不可定位，或存在复合断言
UA2-06394,user-agent,docs/ref-11.6-quote-contract.md,source_section;source_quote;atomic_assertion,1. 报价管理,**杩囨湡鐘舵€佽嚜鍔ㄥ鐞?*锛氬畾鏃朵换鍔℃瘡澶╁噷鏅ㄦ鏌?`validUntil` 宸茶繃鏈熺殑鎶ヤ环鍗曪紝灏?`sent` 鍜?`pending_approval` 鐘舵€佽嚜鍔ㄥ彉鏇翠负 `expired`銆?,**杩囨湡鐘舵€佽嚜鍔ㄥ鐞?*锛氬畾鏃朵换鍔℃瘡澶╁噷鏅ㄦ鏌?`validUntil` 宸茶繃鏈熺殑鎶ヤ环鍗曪紝灏?`sent` 鍜?`pending_approval` 鐘舵€佽嚜鍔ㄥ彉鏇翠负 `expired`銆?,,17,gb18030->utf8 x1,NO,MANUAL_REVIEW,至少一个受影响字段无法整字段安全转换，或完整源行不可读/不可定位，或存在复合断言
UA2-06395,user-agent,docs/ref-11.6-quote-contract.md,source_section;source_quote;atomic_assertion,2. 合同模板管理,绠＄悊鍛樺湪鍚庡彴绠＄悊鍚堝悓妯℃澘锛?,绠＄悊鍛樺湪鍚庡彴绠＄悊鍚堝悓妯℃澘锛?,,49,gb18030->utf8 x1,NO,MANUAL_REVIEW,至少一个受影响字段无法整字段安全转换，或完整源行不可读/不可定位，或存在复合断言
UA2-06396,user-agent,docs/ref-11.6-quote-contract.md,source_section;source_quote;atomic_assertion,2. 合同模板管理,模板名称,模板名称,135,49,gb18030->utf8 x1,NO,REVIEW_CANDIDATE,所有受影响字段均完成整字段可逆转换，且引用/章节可定位；仍需人工确认
UA2-06397,user-agent,docs/ref-11.6-quote-contract.md,source_section;source_quote;atomic_assertion,2. 合同模板管理,"濡?鏍囧噯 AI API 鏈嶅姟鍚堝悓""","濡?鏍囧噯 AI API 鏈嶅姟鍚堝悓""",,49,gb18030->utf8 x1,NO,MANUAL_REVIEW,至少一个受影响字段无法整字段安全转换，或完整源行不可读/不可定位，或存在复合断言
UA2-06398,user-agent,docs/ref-11.6-quote-contract.md,source_section;source_quote;atomic_assertion,2. 合同模板管理,内容,内容,55;101;324,49,gb18030->utf8 x1,NO,REVIEW_CANDIDATE,所有受影响字段均完成整字段可逆转换，且引用/章节可定位；仍需人工确认
UA2-06399,user-agent,docs/ref-11.6-quote-contract.md,source_section;source_quote;atomic_assertion,2. 合同模板管理,Markdown 格式合同正文,Markdown 格式合同正文,55,49,gb18030->utf8 x1,NO,REVIEW_CANDIDATE,所有受影响字段均完成整字段可逆转换，且引用/章节可定位；仍需人工确认
UA2-06400,user-agent,docs/ref-11.6-quote-contract.md,source_section,2. 合同模板管理,变量,变量,61;137,49,gb18030->utf8 x1,NO,REVIEW_CANDIDATE,所有受影响字段均完成整字段可逆转换，且引用/章节可定位；仍需人工确认
UA2-06401,user-agent,docs/ref-11.6-quote-contract.md,source_section;source_quote;atomic_assertion,2. 合同模板管理,JSON 瀹氫箟鍙敤鍗犱綅绗︼紝濡?`{{customerName}}`銆乣{{contractNo}}`銆乣{{effectiveDate}}`銆乣{{expiryDate}}`,JSON 瀹氫箟鍙敤鍗犱綅绗︼紝濡?`{{customerName}}`銆乣{{contractNo}}`銆乣{{effectiveDate}}`銆乣{{expiryDate}}`,,49,gb18030->utf8 x1,NO,MANUAL_REVIEW,至少一个受影响字段无法整字段安全转换，或完整源行不可读/不可定位，或存在复合断言
UA2-06402,user-agent,docs/ref-11.6-quote-contract.md,source_section,2. 合同模板管理,版本,版本,138,49,gb18030->utf8 x1,NO,REVIEW_CANDIDATE,所有受影响字段均完成整字段可逆转换，且引用/章节可定位；仍需人工确认
UA2-06403,user-agent,docs/ref-11.6-quote-contract.md,source_section;source_quote;atomic_assertion,2. 合同模板管理,閫掑鐗堟湰鍙?,閫掑鐗堟湰鍙?,,49,gb18030->utf8 x1,NO,MANUAL_REVIEW,至少一个受影响字段无法整字段安全转换，或完整源行不可读/不可定位，或存在复合断言
UA2-06404,user-agent,docs/ref-11.6-quote-contract.md,source_section;source_quote;atomic_assertion,2. 合同模板管理,鍚敤鐘舵€?,鍚敤鐘舵€?,,49,gb18030->utf8 x1,NO,MANUAL_REVIEW,至少一个受影响字段无法整字段安全转换，或完整源行不可读/不可定位，或存在复合断言
UA2-06405,user-agent,docs/ref-11.6-quote-contract.md,source_section;source_quote;atomic_assertion,2. 合同模板管理,是否当前生效,是否当前生效,,49,gb18030->utf8 x1,NO,MANUAL_REVIEW,至少一个受影响字段无法整字段安全转换，或完整源行不可读/不可定位，或存在复合断言
UA2-06406,user-agent,docs/ref-11.6-quote-contract.md,source_section;source_quote;atomic_assertion,2. 合同模板管理,**鍙橀噺鍗犱綅绗︾ず渚?*锛?,**鍙橀噺鍗犱綅绗︾ず渚?*锛?,,49,gb18030->utf8 x1,NO,MANUAL_REVIEW,至少一个受影响字段无法整字段安全转换，或完整源行不可读/不可定位，或存在复合断言
UA2-06408,user-agent,docs/ref-11.6-quote-contract.md,source_section,2. 合同模板管理,说明,说明,61;93,49,gb18030->utf8 x1,NO,REVIEW_CANDIDATE,所有受影响字段均完成整字段可逆转换，且引用/章节可定位；仍需人工确认
UA2-06409,user-agent,docs/ref-11.6-quote-contract.md,source_section,2. 合同模板管理,绀轰緥鍊?,绀轰緥鍊?,61,49,gb18030->utf8 x1,NO,REVIEW_CANDIDATE,所有受影响字段均完成整字段可逆转换，且引用/章节可定位；仍需人工确认
UA2-06410,user-agent,docs/ref-11.6-quote-contract.md,source_section,2. 合同模板管理,`{{customerName}}`,`{{customerName}}`,63,49,gb18030->utf8 x1,NO,REVIEW_CANDIDATE,所有受影响字段均完成整字段可逆转换，且引用/章节可定位；仍需人工确认
UA2-06411,user-agent,docs/ref-11.6-quote-contract.md,source_section;source_quote;atomic_assertion,2. 合同模板管理,客户名称,客户名称,63;117;152,49,gb18030->utf8 x1,NO,REVIEW_CANDIDATE,所有受影响字段均完成整字段可逆转换，且引用/章节可定位；仍需人工确认
UA2-06412,user-agent,docs/ref-11.6-quote-contract.md,source_section;source_quote;atomic_assertion,2. 合同模板管理,张三科技有限公司,张三科技有限公司,63,49,gb18030->utf8 x1,NO,REVIEW_CANDIDATE,所有受影响字段均完成整字段可逆转换，且引用/章节可定位；仍需人工确认
UA2-06413,user-agent,docs/ref-11.6-quote-contract.md,source_section,2. 合同模板管理,`{{customerContact}}`,`{{customerContact}}`,64,49,gb18030->utf8 x1,NO,REVIEW_CANDIDATE,所有受影响字段均完成整字段可逆转换，且引用/章节可定位；仍需人工确认
UA2-06414,user-agent,docs/ref-11.6-quote-contract.md,source_section,2. 合同模板管理,鑱旂郴浜?,鑱旂郴浜?,64;118;153,49,gb18030->utf8 x1,NO,REVIEW_CANDIDATE,所有受影响字段均完成整字段可逆转换，且引用/章节可定位；仍需人工确认
UA2-06415,user-agent,docs/ref-11.6-quote-contract.md,source_section,2. 合同模板管理,张三,张三,64,49,gb18030->utf8 x1,NO,REVIEW_CANDIDATE,所有受影响字段均完成整字段可逆转换，且引用/章节可定位；仍需人工确认
UA2-06416,user-agent,docs/ref-11.6-quote-contract.md,source_section,2. 合同模板管理,`{{contractNo}}`,`{{contractNo}}`,65,49,gb18030->utf8 x1,NO,REVIEW_CANDIDATE,所有受影响字段均完成整字段可逆转换，且引用/章节可定位；仍需人工确认
UA2-06417,user-agent,docs/ref-11.6-quote-contract.md,source_section,2. 合同模板管理,合同编号,合同编号,65,49,gb18030->utf8 x1,NO,REVIEW_CANDIDATE,所有受影响字段均完成整字段可逆转换，且引用/章节可定位；仍需人工确认
UA2-06418,user-agent,docs/ref-11.6-quote-contract.md,source_section,2. 合同模板管理,CON-260801-001,CON-260801-001,65,49,gb18030->utf8 x1,NO,REVIEW_CANDIDATE,所有受影响字段均完成整字段可逆转换，且引用/章节可定位；仍需人工确认
UA2-06419,user-agent,docs/ref-11.6-quote-contract.md,source_section,2. 合同模板管理,`{{effectiveDate}}`,`{{effectiveDate}}`,66,49,gb18030->utf8 x1,NO,REVIEW_CANDIDATE,所有受影响字段均完成整字段可逆转换，且引用/章节可定位；仍需人工确认
UA2-06420,user-agent,docs/ref-11.6-quote-contract.md,source_section;source_quote;atomic_assertion,2. 合同模板管理,生效日期,生效日期,66;158,49,gb18030->utf8 x1,NO,REVIEW_CANDIDATE,所有受影响字段均完成整字段可逆转换，且引用/章节可定位；仍需人工确认
UA2-06421,user-agent,docs/ref-11.6-quote-contract.md,source_section,2. 合同模板管理,2026-08-01,2026-08-01,66,49,gb18030->utf8 x1,NO,REVIEW_CANDIDATE,所有受影响字段均完成整字段可逆转换，且引用/章节可定位；仍需人工确认
UA2-06422,user-agent,docs/ref-11.6-quote-contract.md,source_section,2. 合同模板管理,`{{expiryDate}}`,`{{expiryDate}}`,67,49,gb18030->utf8 x1,NO,REVIEW_CANDIDATE,所有受影响字段均完成整字段可逆转换，且引用/章节可定位；仍需人工确认
UA2-06423,user-agent,docs/ref-11.6-quote-contract.md,source_section;source_quote;atomic_assertion,2. 合同模板管理,到期日期,到期日期,67;159,49,gb18030->utf8 x1,NO,REVIEW_CANDIDATE,所有受影响字段均完成整字段可逆转换，且引用/章节可定位；仍需人工确认
UA2-06424,user-agent,docs/ref-11.6-quote-contract.md,source_section,2. 合同模板管理,2027-07-31,2027-07-31,67,49,gb18030->utf8 x1,NO,REVIEW_CANDIDATE,所有受影响字段均完成整字段可逆转换，且引用/章节可定位；仍需人工确认
UA2-06425,user-agent,docs/ref-11.6-quote-contract.md,source_section,2. 合同模板管理,`{{serviceDesc}}`,`{{serviceDesc}}`,68,49,gb18030->utf8 x1,NO,REVIEW_CANDIDATE,所有受影响字段均完成整字段可逆转换，且引用/章节可定位；仍需人工确认
UA2-06426,user-agent,docs/ref-11.6-quote-contract.md,source_section,2. 合同模板管理,服务描述,服务描述,68,49,gb18030->utf8 x1,NO,REVIEW_CANDIDATE,所有受影响字段均完成整字段可逆转换，且引用/章节可定位；仍需人工确认
UA2-06427,user-agent,docs/ref-11.6-quote-contract.md,source_section,2. 合同模板管理,AI 模型 API 调用服务,AI 模型 API 调用服务,68,49,gb18030->utf8 x1,NO,REVIEW_CANDIDATE,所有受影响字段均完成整字段可逆转换，且引用/章节可定位；仍需人工确认
UA2-06428,user-agent,docs/ref-11.6-quote-contract.md,source_section,2. 合同模板管理,`{{totalAmount}}`,`{{totalAmount}}`,69,49,gb18030->utf8 x1,NO,REVIEW_CANDIDATE,所有受影响字段均完成整字段可逆转换，且引用/章节可定位；仍需人工确认
UA2-06429,user-agent,docs/ref-11.6-quote-contract.md,source_section;source_quote;atomic_assertion,2. 合同模板管理,合同金额,合同金额,69,49,gb18030->utf8 x1,NO,REVIEW_CANDIDATE,所有受影响字段均完成整字段可逆转换，且引用/章节可定位；仍需人工确认
UA2-06430,user-agent,docs/ref-11.6-quote-contract.md,source_section,2. 合同模板管理,"¥50,000.00","¥50,000.00",,49,gb18030->utf8 x1,NO,MANUAL_REVIEW,至少一个受影响字段无法整字段安全转换，或完整源行不可读/不可定位，或存在复合断言
UA2-06431,user-agent,docs/ref-11.6-quote-contract.md,source_section,2. 合同模板管理,`{{paymentTerms}}`,`{{paymentTerms}}`,70,49,gb18030->utf8 x1,NO,REVIEW_CANDIDATE,所有受影响字段均完成整字段可逆转换，且引用/章节可定位；仍需人工确认
UA2-06432,user-agent,docs/ref-11.6-quote-contract.md,source_section;source_quote;atomic_assertion,2. 合同模板管理,付款条款,付款条款,70,49,gb18030->utf8 x1,NO,REVIEW_CANDIDATE,所有受影响字段均完成整字段可逆转换，且引用/章节可定位；仍需人工确认
UA2-06433,user-agent,docs/ref-11.6-quote-contract.md,source_section,2. 合同模板管理,按月结算,按月结算,,49,gb18030->utf8 x1,NO,MANUAL_REVIEW,至少一个受影响字段无法整字段安全转换，或完整源行不可读/不可定位，或存在复合断言
UA2-06434,user-agent,docs/ref-11.6-quote-contract.md,source_section,3. 合同管理,**鍚堝悓鐘舵€佹祦杞?*,**鍚堝悓鐘舵€佹祦杞?*,74,72,gb18030->utf8 x1,NO,REVIEW_CANDIDATE,所有受影响字段均完成整字段可逆转换，且引用/章节可定位；仍需人工确认
UA2-06435,user-agent,docs/ref-11.6-quote-contract.md,source_section,3. 合同管理,draft,draft,123;157,72,gb18030->utf8 x1,NO,REVIEW_CANDIDATE,所有受影响字段均完成整字段可逆转换，且引用/章节可定位；仍需人工确认
UA2-06436,user-agent,docs/ref-11.6-quote-contract.md,source_section;source_quote;atomic_assertion,3. 合同管理,鑽夌,鑽夌,,72,gb18030->utf8 x1,NO,MANUAL_REVIEW,至少一个受影响字段无法整字段安全转换，或完整源行不可读/不可定位，或存在复合断言
UA2-06437,user-agent,docs/ref-11.6-quote-contract.md,source_section,3. 合同管理,pending_approval,pending_approval,123;157,72,gb18030->utf8 x1,NO,REVIEW_CANDIDATE,所有受影响字段均完成整字段可逆转换，且引用/章节可定位；仍需人工确认
UA2-06438,user-agent,docs/ref-11.6-quote-contract.md,source_section;source_quote;atomic_assertion,3. 合同管理,寰呭鎵?,寰呭鎵?,,72,gb18030->utf8 x1,NO,MANUAL_REVIEW,至少一个受影响字段无法整字段安全转换，或完整源行不可读/不可定位，或存在复合断言
UA2-06439,user-agent,docs/ref-11.6-quote-contract.md,source_section,3. 合同管理,approved,approved,86;123;157,72,gb18030->utf8 x1,NO,REVIEW_CANDIDATE,所有受影响字段均完成整字段可逆转换，且引用/章节可定位；仍需人工确认
UA2-06440,user-agent,docs/ref-11.6-quote-contract.md,source_section;source_quote;atomic_assertion,3. 合同管理,审批通过，待签署,审批通过，待签署,86,72,gb18030->utf8 x1,NO,REVIEW_CANDIDATE,所有受影响字段均完成整字段可逆转换，且引用/章节可定位；仍需人工确认
UA2-06441,user-agent,docs/ref-11.6-quote-contract.md,source_section,3. 合同管理,signed,signed,87;157;160,72,gb18030->utf8 x1,NO,REVIEW_CANDIDATE,所有受影响字段均完成整字段可逆转换，且引用/章节可定位；仍需人工确认
UA2-06442,user-agent,docs/ref-11.6-quote-contract.md,source_section;source_quote;atomic_assertion,3. 合同管理,已签署，正常执行,已签署，正常执行,87,72,gb18030->utf8 x1,NO,REVIEW_CANDIDATE,所有受影响字段均完成整字段可逆转换，且引用/章节可定位；仍需人工确认
UA2-06443,user-agent,docs/ref-11.6-quote-contract.md,source_section,3. 合同管理,expired,expired,34;78;79;88;123;157;280,72,gb18030->utf8 x1,NO,REVIEW_CANDIDATE,所有受影响字段均完成整字段可逆转换，且引用/章节可定位；仍需人工确认
UA2-06444,user-agent,docs/ref-11.6-quote-contract.md,source_section;source_quote;atomic_assertion,3. 合同管理,合同到期,合同到期,88;278;309,72,gb18030->utf8 x1,NO,REVIEW_CANDIDATE,所有受影响字段均完成整字段可逆转换，且引用/章节可定位；仍需人工确认
UA2-06445,user-agent,docs/ref-11.6-quote-contract.md,source_section,3. 合同管理,terminated,terminated,78;89;157,72,gb18030->utf8 x1,NO,REVIEW_CANDIDATE,所有受影响字段均完成整字段可逆转换，且引用/章节可定位；仍需人工确认
UA2-06446,user-agent,docs/ref-11.6-quote-contract.md,source_section;source_quote;atomic_assertion,3. 合同管理,提前终止,提前终止,89,72,gb18030->utf8 x1,NO,REVIEW_CANDIDATE,所有受影响字段均完成整字段可逆转换，且引用/章节可定位；仍需人工确认
UA2-06447,user-agent,docs/ref-11.6-quote-contract.md,source_section;source_quote;atomic_assertion,3. 合同管理,**鐢熸垚鍚堝悓**锛氶€夋嫨涓€涓ā鏉?鈫?濉啓鍙橀噺鍊?鈫?绯荤粺鑷姩鐢熸垚瀹屾暣鍚堝悓鍐呭锛圡arkdown 鈫?鏍煎紡鍖栨枃鏈級銆?,**鐢熸垚鍚堝悓**锛氶€夋嫨涓€涓ā鏉?鈫?濉啓鍙橀噺鍊?鈫?绯荤粺鑷姩鐢熸垚瀹屾暣鍚堝悓鍐呭锛圡arkdown 鈫?鏍煎紡鍖栨枃鏈級銆?,,72,gb18030->utf8 x1,NO,MANUAL_REVIEW,至少一个受影响字段无法整字段安全转换，或完整源行不可读/不可定位，或存在复合断言
UA2-06448,user-agent,docs/ref-11.6-quote-contract.md,source_section;source_quote;atomic_assertion,3. 合同管理,**绛剧讲鏂瑰紡**锛?,**绛剧讲鏂瑰紡**锛?,,72,gb18030->utf8 x1,NO,MANUAL_REVIEW,至少一个受影响字段无法整字段安全转换，或完整源行不可读/不可定位，或存在复合断言
UA2-06449,user-agent,docs/ref-11.6-quote-contract.md,source_section,3. 合同管理,方式,方式,93;288;304,72,gb18030->utf8 x1,NO,REVIEW_CANDIDATE,所有受影响字段均完成整字段可逆转换，且引用/章节可定位；仍需人工确认
UA2-06450,user-agent,docs/ref-11.6-quote-contract.md,source_section,3. 合同管理,说明,说明,61;93,72,gb18030->utf8 x1,NO,REVIEW_CANDIDATE,所有受影响字段均完成整字段可逆转换，且引用/章节可定位；仍需人工确认
UA2-06451,user-agent,docs/ref-11.6-quote-contract.md,source_section,3. 合同管理,线下签署,线下签署,,72,gb18030->utf8 x1,NO,MANUAL_REVIEW,至少一个受影响字段无法整字段安全转换，或完整源行不可读/不可定位，或存在复合断言
UA2-06452,user-agent,docs/ref-11.6-quote-contract.md,source_section;source_quote;atomic_assertion,3. 合同管理,下载 PDF 线下签字盖章后上传扫描件,下载 PDF 线下签字盖章后上传扫描件,95,72,gb18030->utf8 x1,NO,REVIEW_CANDIDATE,所有受影响字段均完成整字段可逆转换，且引用/章节可定位；仍需人工确认
UA2-06453,user-agent,docs/ref-11.6-quote-contract.md,source_section;source_quote;atomic_assertion,3. 合同管理,| 电子签署 | 系统内电子签名（未来扩展）|,| 电子签署 | 系统内电子签名（未来扩展）|,96,72,gb18030->utf8 x1,NO,REVIEW_CANDIDATE,所有受影响字段均完成整字段可逆转换，且引用/章节可定位；仍需人工确认
UA2-06454,user-agent,docs/ref-11.6-quote-contract.md,source_section;source_quote;atomic_assertion,3. 合同管理,**锛氬凡绛剧讲鍚堝悓鐢熸垚鏈€缁?PDF锛屼笂浼犺嚦鏂囦欢瀛樺偍锛宍fileUrl` 璁板綍鏂囦欢璺緞銆?,**锛氬凡绛剧讲鍚堝悓鐢熸垚鏈€缁?PDF锛屼笂浼犺嚦鏂囦欢瀛樺偍锛宍fileUrl` 璁板綍鏂囦欢璺緞銆?,,72,gb18030->utf8 x1,NO,MANUAL_REVIEW,至少一个受影响字段无法整字段安全转换，或完整源行不可读/不可定位，或存在复合断言
UA2-06455,user-agent,docs/ref-11.6-quote-contract.md,source_section;source_quote;atomic_assertion,3. 合同管理,**缁**锛歚POST /api/v1/agent/contracts/:id/renew` 鈫?鍒涘缓鏂板悎鍚岋紝`renewalContractId` 鎸囧悜涓婁竴涓悎鍚屻€?,**缁**锛歚POST /api/v1/agent/contracts/:id/renew` 鈫?鍒涘缓鏂板悎鍚岋紝`renewalContractId` 鎸囧悜涓婁竴涓悎鍚屻€?,,72,gb18030->utf8 x1,NO,MANUAL_REVIEW,至少一个受影响字段无法整字段安全转换，或完整源行不可读/不可定位，或存在复合断言
UA2-06456,user-agent,docs/ref-11.6-quote-contract.md,source_section;source_quote;atomic_assertion,3. 合同管理,**鍒版湡鎻愰啋**锛?,**鍒版湡鎻愰啋**锛?,,72,gb18030->utf8 x1,NO,MANUAL_REVIEW,至少一个受影响字段无法整字段安全转换，或完整源行不可读/不可定位，或存在复合断言
UA2-06457,user-agent,docs/ref-11.6-quote-contract.md,source_section,3. 合同管理,提醒时机,提醒时机,,72,gb18030->utf8 x1,NO,MANUAL_REVIEW,至少一个受影响字段无法整字段安全转换，或完整源行不可读/不可定位，或存在复合断言
UA2-06458,user-agent,docs/ref-11.6-quote-contract.md,source_section,3. 合同管理,触发方式,触发方式,,72,gb18030->utf8 x1,NO,MANUAL_REVIEW,至少一个受影响字段无法整字段安全转换，或完整源行不可读/不可定位，或存在复合断言
UA2-06459,user-agent,docs/ref-11.6-quote-contract.md,source_section;source_quote;atomic_assertion,3. 合同管理,内容,内容,55;101;324,72,gb18030->utf8 x1,NO,REVIEW_CANDIDATE,所有受影响字段均完成整字段可逆转换，且引用/章节可定位；仍需人工确认
UA2-06460,user-agent,docs/ref-11.6-quote-contract.md,source_section,3. 合同管理,鍒版湡鍓?30 澶?,鍒版湡鍓?30 澶?,,72,gb18030->utf8 x1,NO,MANUAL_REVIEW,至少一个受影响字段无法整字段安全转换，或完整源行不可读/不可定位，或存在复合断言
UA2-06461,user-agent,docs/ref-11.6-quote-contract.md,source_section;source_quote;atomic_assertion,3. 合同管理,系统通知 + 邮件,系统通知 + 邮件,106,72,gb18030->utf8 x1,NO,REVIEW_CANDIDATE,所有受影响字段均完成整字段可逆转换，且引用/章节可定位；仍需人工确认
UA2-06462,user-agent,docs/ref-11.6-quote-contract.md,source_section;source_quote;atomic_assertion,3. 合同管理,"""鎮ㄤ笌 XX 瀹㈡埛鐨勫悎鍚屽皢浜?30 澶╁悗鍒版湡""","""鎮ㄤ笌 XX 瀹㈡埛鐨勫悎鍚屽皢浜?30 澶╁悗鍒版湡""",,72,gb18030->utf8 x1,NO,MANUAL_REVIEW,至少一个受影响字段无法整字段安全转换，或完整源行不可读/不可定位，或存在复合断言
UA2-06463,user-agent,docs/ref-11.6-quote-contract.md,source_section,3. 合同管理,鍒版湡鍓?15 澶?,鍒版湡鍓?15 澶?,,72,gb18030->utf8 x1,NO,MANUAL_REVIEW,至少一个受影响字段无法整字段安全转换，或完整源行不可读/不可定位，或存在复合断言
UA2-06465,user-agent,docs/ref-11.6-quote-contract.md,source_section;source_quote;atomic_assertion,3. 合同管理,"""合同即将到期，请尽快安排续签""","""合同即将到期，请尽快安排续签""",,72,gb18030->utf8 x1,NO,MANUAL_REVIEW,至少一个受影响字段无法整字段安全转换，或完整源行不可读/不可定位，或存在复合断言
UA2-06466,user-agent,docs/ref-11.6-quote-contract.md,source_section,3. 合同管理,鍒版湡鍓?7 澶?,鍒版湡鍓?7 澶?,,72,gb18030->utf8 x1,NO,MANUAL_REVIEW,至少一个受影响字段无法整字段安全转换，或完整源行不可读/不可定位，或存在复合断言
UA2-06468,user-agent,docs/ref-11.6-quote-contract.md,source_section;source_quote;atomic_assertion,3. 合同管理,"""鍚堝悓浠呭墿 7 澶╁埌鏈?","""鍚堝悓浠呭墿 7 澶╁埌鏈?",,72,gb18030->utf8 x1,NO,MANUAL_REVIEW,至少一个受影响字段无法整字段安全转换，或完整源行不可读/不可定位，或存在复合断言
UA2-06469,user-agent,docs/ref-11.6-quote-contract.md,source_section,3. 合同管理,到期当天,到期当天,,72,gb18030->utf8 x1,NO,MANUAL_REVIEW,至少一个受影响字段无法整字段安全转换，或完整源行不可读/不可定位，或存在复合断言
UA2-06471,user-agent,docs/ref-11.6-quote-contract.md,source_section;source_quote;atomic_assertion,3. 合同管理,"""合同已于今日到期""","""合同已于今日到期""",106,72,gb18030->utf8 x1,NO,REVIEW_CANDIDATE,所有受影响字段均完成整字段可逆转换，且引用/章节可定位；仍需人工确认
UA2-06472,user-agent,docs/ref-11.6-quote-contract.md,source_section,quotations锛堟姤浠峰崟锛?,serial,serial,114;134;148,,,NO,MANUAL_REVIEW,至少一个受影响字段无法整字段安全转换，或完整源行不可读/不可定位，或存在复合断言
UA2-06473,user-agent,docs/ref-11.6-quote-contract.md,source_section,quotations锛堟姤浠峰崟锛?,主键,主键,114;134;148,,gb18030->utf8 x1,NO,MANUAL_REVIEW,至少一个受影响字段无法整字段安全转换，或完整源行不可读/不可定位，或存在复合断言
UA2-06474,user-agent,docs/ref-11.6-quote-contract.md,source_section;source_quote;atomic_assertion,quotations锛堟姤浠峰崟锛?,| quotationNo | varchar(30) | 报价编号，自动生成（Q-日期-序号）|,| quotationNo | varchar(30) | 报价编号，自动生成（Q-日期-序号）|,115,,gb18030->utf8 x1,NO,MANUAL_REVIEW,至少一个受影响字段无法整字段安全转换，或完整源行不可读/不可定位，或存在复合断言
UA2-06475,user-agent,docs/ref-11.6-quote-contract.md,source_section,quotations锛堟姤浠峰崟锛?,opportunityId,opportunityId,,,,NO,MANUAL_REVIEW,至少一个受影响字段无法整字段安全转换，或完整源行不可读/不可定位，或存在复合断言
UA2-06476,user-agent,docs/ref-11.6-quote-contract.md,source_section,quotations锛堟姤浠峰崟锛?,integer,integer,124;138;154,,,NO,MANUAL_REVIEW,至少一个受影响字段无法整字段安全转换，或完整源行不可读/不可定位，或存在复合断言
UA2-06477,user-agent,docs/ref-11.6-quote-contract.md,source_section;source_quote;atomic_assertion,quotations锛堟姤浠峰崟锛?,鍏宠仈鍟嗘満 ID锛屽彲绌?,鍏宠仈鍟嗘満 ID锛屽彲绌?,,,,NO,MANUAL_REVIEW,至少一个受影响字段无法整字段安全转换，或完整源行不可读/不可定位，或存在复合断言
UA2-06478,user-agent,docs/ref-11.6-quote-contract.md,source_section,quotations锛堟姤浠峰崟锛?,customerName,customerName,63;117;152;225,,,NO,MANUAL_REVIEW,至少一个受影响字段无法整字段安全转换，或完整源行不可读/不可定位，或存在复合断言
UA2-06479,user-agent,docs/ref-11.6-quote-contract.md,source_section,quotations锛堟姤浠峰崟锛?,varchar(100),varchar(100),117;118;135;152;153,,,NO,MANUAL_REVIEW,至少一个受影响字段无法整字段安全转换，或完整源行不可读/不可定位，或存在复合断言
UA2-06480,user-agent,docs/ref-11.6-quote-contract.md,source_section;source_quote;atomic_assertion,quotations锛堟姤浠峰崟锛?,客户名称,客户名称,63;117;152,,gb18030->utf8 x1,NO,MANUAL_REVIEW,至少一个受影响字段无法整字段安全转换，或完整源行不可读/不可定位，或存在复合断言
UA2-06481,user-agent,docs/ref-11.6-quote-contract.md,source_section,quotations锛堟姤浠峰崟锛?,customerContact,customerContact,64;118;153;226,,,NO,MANUAL_REVIEW,至少一个受影响字段无法整字段安全转换，或完整源行不可读/不可定位，或存在复合断言
UA2-06483,user-agent,docs/ref-11.6-quote-contract.md,source_section,quotations锛堟姤浠峰崟锛?,鑱旂郴浜?,鑱旂郴浜?,64;118;153,,,NO,MANUAL_REVIEW,至少一个受影响字段无法整字段安全转换，或完整源行不可读/不可定位，或存在复合断言
UA2-06484,user-agent,docs/ref-11.6-quote-contract.md,source_section,quotations锛堟姤浠峰崟锛?,items,items,119;227,,,NO,MANUAL_REVIEW,至少一个受影响字段无法整字段安全转换，或完整源行不可读/不可定位，或存在复合断言
UA2-06485,user-agent,docs/ref-11.6-quote-contract.md,source_section,quotations锛堟姤浠峰崟锛?,jsonb,jsonb,119;137,,,NO,MANUAL_REVIEW,至少一个受影响字段无法整字段安全转换，或完整源行不可读/不可定位，或存在复合断言
UA2-06486,user-agent,docs/ref-11.6-quote-contract.md,source_section;source_quote;atomic_assertion,quotations锛堟姤浠峰崟锛?,"报价项目列表 [{product, unitPrice, quantity, discount, subtotal}]","报价项目列表 [{product, unitPrice, quantity, discount, subtotal}]",119,,gb18030->utf8 x1,NO,MANUAL_REVIEW,至少一个受影响字段无法整字段安全转换，或完整源行不可读/不可定位，或存在复合断言
UA2-06487,user-agent,docs/ref-11.6-quote-contract.md,source_section,quotations锛堟姤浠峰崟锛?,totalAmount,totalAmount,69;120,,,NO,MANUAL_REVIEW,至少一个受影响字段无法整字段安全转换，或完整源行不可读/不可定位，或存在复合断言
UA2-06488,user-agent,docs/ref-11.6-quote-contract.md,source_section,quotations锛堟姤浠峰崟锛?,"decimal(12,2)","decimal(12,2)",120,,,NO,MANUAL_REVIEW,至少一个受影响字段无法整字段安全转换，或完整源行不可读/不可定位，或存在复合断言
UA2-06489,user-agent,docs/ref-11.6-quote-contract.md,source_section,quotations锛堟姤浠峰崟锛?,鎬婚噾棰?,鎬婚噾棰?,120,,,NO,MANUAL_REVIEW,至少一个受影响字段无法整字段安全转换，或完整源行不可读/不可定位，或存在复合断言
UA2-06490,user-agent,docs/ref-11.6-quote-contract.md,source_section;source_quote;atomic_assertion,quotations锛堟姤浠峰崟锛?,"| discountRate | decimal(5,2) | 折扣率（0-100）|","| discountRate | decimal(5,2) | 折扣率（0-100）|",121,,gb18030->utf8 x1,NO,MANUAL_REVIEW,至少一个受影响字段无法整字段安全转换，或完整源行不可读/不可定位，或存在复合断言
UA2-06491,user-agent,docs/ref-11.6-quote-contract.md,source_section,quotations锛堟姤浠峰崟锛?,validUntil,validUntil,229,,,NO,MANUAL_REVIEW,至少一个受影响字段无法整字段安全转换，或完整源行不可读/不可定位，或存在复合断言
UA2-06492,user-agent,docs/ref-11.6-quote-contract.md,source_section,quotations锛堟姤浠峰崟锛?,date,date,128;142;158;159;166,,,NO,MANUAL_REVIEW,至少一个受影响字段无法整字段安全转换，或完整源行不可读/不可定位，或存在复合断言
UA2-06493,user-agent,docs/ref-11.6-quote-contract.md,source_section;source_quote;atomic_assertion,quotations锛堟姤浠峰崟锛?,鏈夋晥鏈熸埅姝㈡棩鏈?,鏈夋晥鏈熸埅姝㈡棩鏈?,,,,NO,MANUAL_REVIEW,至少一个受影响字段无法整字段安全转换，或完整源行不可读/不可定位，或存在复合断言
UA2-06494,user-agent,docs/ref-11.6-quote-contract.md,source_section,quotations锛堟姤浠峰崟锛?,status,status,123;157;213;272,,,NO,MANUAL_REVIEW,至少一个受影响字段无法整字段安全转换，或完整源行不可读/不可定位，或存在复合断言
UA2-06495,user-agent,docs/ref-11.6-quote-contract.md,source_section,quotations锛堟姤浠峰崟锛?,enum,enum,123;157,,,NO,MANUAL_REVIEW,至少一个受影响字段无法整字段安全转换，或完整源行不可读/不可定位，或存在复合断言
UA2-06496,user-agent,docs/ref-11.6-quote-contract.md,source_section,quotations锛堟姤浠峰崟锛?,draft/pending_approval/approved/rejected/sent/accepted/expired,draft/pending_approval/approved/rejected/sent/accepted/expired,123,,,NO,MANUAL_REVIEW,至少一个受影响字段无法整字段安全转换，或完整源行不可读/不可定位，或存在复合断言
UA2-06497,user-agent,docs/ref-11.6-quote-contract.md,source_section,quotations锛堟姤浠峰崟锛?,approverId,approverId,124,,,NO,MANUAL_REVIEW,至少一个受影响字段无法整字段安全转换，或完整源行不可读/不可定位，或存在复合断言
UA2-06499,user-agent,docs/ref-11.6-quote-contract.md,source_section,quotations锛堟姤浠峰崟锛?,瀹℃壒浜?ID,瀹℃壒浜?ID,124,,,NO,MANUAL_REVIEW,至少一个受影响字段无法整字段安全转换，或完整源行不可读/不可定位，或存在复合断言
UA2-06500,user-agent,docs/ref-11.6-quote-contract.md,source_section,quotations锛堟姤浠峰崟锛?,approvalNote,approvalNote,125,,,NO,MANUAL_REVIEW,至少一个受影响字段无法整字段安全转换，或完整源行不可读/不可定位，或存在复合断言
UA2-06501,user-agent,docs/ref-11.6-quote-contract.md,source_section,quotations锛堟姤浠峰崟锛?,text,text,125;136,,,NO,MANUAL_REVIEW,至少一个受影响字段无法整字段安全转换，或完整源行不可读/不可定位，或存在复合断言
UA2-06502,user-agent,docs/ref-11.6-quote-contract.md,source_section;source_quote;atomic_assertion,quotations锛堟姤浠峰崟锛?,审批备注,审批备注,125,,gb18030->utf8 x1,NO,MANUAL_REVIEW,至少一个受影响字段无法整字段安全转换，或完整源行不可读/不可定位，或存在复合断言
UA2-06503,user-agent,docs/ref-11.6-quote-contract.md,source_section,quotations锛堟姤浠峰崟锛?,createdBy,createdBy,,,,NO,MANUAL_REVIEW,至少一个受影响字段无法整字段安全转换，或完整源行不可读/不可定位，或存在复合断言
UA2-06505,user-agent,docs/ref-11.6-quote-contract.md,source_section;source_quote;atomic_assertion,quotations锛堟姤浠峰崟锛?,鍒涘缓浜?,鍒涘缓浜?,,,,NO,MANUAL_REVIEW,至少一个受影响字段无法整字段安全转换，或完整源行不可读/不可定位，或存在复合断言
UA2-06506,user-agent,docs/ref-11.6-quote-contract.md,source_section,quotations锛堟姤浠峰崟锛?,createdAt,createdAt,127;141;165,,,NO,MANUAL_REVIEW,至少一个受影响字段无法整字段安全转换，或完整源行不可读/不可定位，或存在复合断言
UA2-06507,user-agent,docs/ref-11.6-quote-contract.md,source_section,quotations锛堟姤浠峰崟锛?,timestamp,timestamp,127;128;141;142;160;165;166,,,NO,MANUAL_REVIEW,至少一个受影响字段无法整字段安全转换，或完整源行不可读/不可定位，或存在复合断言
UA2-06508,user-agent,docs/ref-11.6-quote-contract.md,source_section;source_quote;atomic_assertion,quotations锛堟姤浠峰崟锛?,创建时间,创建时间,127;141;165,,gb18030->utf8 x1,NO,MANUAL_REVIEW,至少一个受影响字段无法整字段安全转换，或完整源行不可读/不可定位，或存在复合断言
UA2-06509,user-agent,docs/ref-11.6-quote-contract.md,source_section,quotations锛堟姤浠峰崟锛?,updatedAt,updatedAt,128;142;166,,,NO,MANUAL_REVIEW,至少一个受影响字段无法整字段安全转换，或完整源行不可读/不可定位，或存在复合断言
UA2-06511,user-agent,docs/ref-11.6-quote-contract.md,source_section;source_quote;atomic_assertion,quotations锛堟姤浠峰崟锛?,更新时间,更新时间,128;142;166,,gb18030->utf8 x1,NO,MANUAL_REVIEW,至少一个受影响字段无法整字段安全转换，或完整源行不可读/不可定位，或存在复合断言
UA2-06512,user-agent,docs/ref-11.6-quote-contract.md,source_section,contractTemplates（合同模板）,serial,serial,114;134;148,130,gb18030->utf8 x1,NO,REVIEW_CANDIDATE,所有受影响字段均完成整字段可逆转换，且引用/章节可定位；仍需人工确认
UA2-06513,user-agent,docs/ref-11.6-quote-contract.md,source_section,contractTemplates（合同模板）,主键,主键,114;134;148,130,gb18030->utf8 x1,NO,REVIEW_CANDIDATE,所有受影响字段均完成整字段可逆转换，且引用/章节可定位；仍需人工确认
UA2-06514,user-agent,docs/ref-11.6-quote-contract.md,source_section,contractTemplates（合同模板）,name,name,135,130,gb18030->utf8 x1,NO,REVIEW_CANDIDATE,所有受影响字段均完成整字段可逆转换，且引用/章节可定位；仍需人工确认
UA2-06515,user-agent,docs/ref-11.6-quote-contract.md,source_section,contractTemplates（合同模板）,varchar(100),varchar(100),117;118;135;152;153,130,gb18030->utf8 x1,NO,REVIEW_CANDIDATE,所有受影响字段均完成整字段可逆转换，且引用/章节可定位；仍需人工确认
UA2-06516,user-agent,docs/ref-11.6-quote-contract.md,source_section;source_quote;atomic_assertion,contractTemplates（合同模板）,模板名称,模板名称,135,130,gb18030->utf8 x1,NO,REVIEW_CANDIDATE,所有受影响字段均完成整字段可逆转换，且引用/章节可定位；仍需人工确认
UA2-06517,user-agent,docs/ref-11.6-quote-contract.md,source_section,contractTemplates（合同模板）,content,content,136,130,gb18030->utf8 x1,NO,REVIEW_CANDIDATE,所有受影响字段均完成整字段可逆转换，且引用/章节可定位；仍需人工确认
UA2-06518,user-agent,docs/ref-11.6-quote-contract.md,source_section,contractTemplates（合同模板）,text,text,125;136,130,gb18030->utf8 x1,NO,REVIEW_CANDIDATE,所有受影响字段均完成整字段可逆转换，且引用/章节可定位；仍需人工确认
UA2-06519,user-agent,docs/ref-11.6-quote-contract.md,source_section,contractTemplates（合同模板）,Markdown 正文,Markdown 正文,136,130,gb18030->utf8 x1,NO,REVIEW_CANDIDATE,所有受影响字段均完成整字段可逆转换，且引用/章节可定位；仍需人工确认
UA2-06520,user-agent,docs/ref-11.6-quote-contract.md,source_section,contractTemplates（合同模板）,variables,variables,137;266,130,gb18030->utf8 x1,NO,REVIEW_CANDIDATE,所有受影响字段均完成整字段可逆转换，且引用/章节可定位；仍需人工确认
UA2-06521,user-agent,docs/ref-11.6-quote-contract.md,source_section,contractTemplates（合同模板）,jsonb,jsonb,119;137,130,gb18030->utf8 x1,NO,REVIEW_CANDIDATE,所有受影响字段均完成整字段可逆转换，且引用/章节可定位；仍需人工确认
UA2-06522,user-agent,docs/ref-11.6-quote-contract.md,source_section,contractTemplates（合同模板）,"变量定义 [{key, label, type, required, defaultValue}]","变量定义 [{key, label, type, required, defaultValue}]",137,130,gb18030->utf8 x1,NO,REVIEW_CANDIDATE,所有受影响字段均完成整字段可逆转换，且引用/章节可定位；仍需人工确认
UA2-06523,user-agent,docs/ref-11.6-quote-contract.md,source_section,contractTemplates（合同模板）,version,version,138,130,gb18030->utf8 x1,NO,REVIEW_CANDIDATE,所有受影响字段均完成整字段可逆转换，且引用/章节可定位；仍需人工确认
UA2-06524,user-agent,docs/ref-11.6-quote-contract.md,source_section,contractTemplates（合同模板）,integer,integer,124;138;154,130,gb18030->utf8 x1,NO,REVIEW_CANDIDATE,所有受影响字段均完成整字段可逆转换，且引用/章节可定位；仍需人工确认
UA2-06525,user-agent,docs/ref-11.6-quote-contract.md,source_section,contractTemplates（合同模板）,鐗堟湰鍙?,鐗堟湰鍙?,138,130,gb18030->utf8 x1,NO,REVIEW_CANDIDATE,所有受影响字段均完成整字段可逆转换，且引用/章节可定位；仍需人工确认
UA2-06526,user-agent,docs/ref-11.6-quote-contract.md,source_section,contractTemplates（合同模板）,isActive,isActive,139,130,gb18030->utf8 x1,NO,REVIEW_CANDIDATE,所有受影响字段均完成整字段可逆转换，且引用/章节可定位；仍需人工确认
UA2-06527,user-agent,docs/ref-11.6-quote-contract.md,source_section,contractTemplates（合同模板）,boolean,boolean,139,130,gb18030->utf8 x1,NO,REVIEW_CANDIDATE,所有受影响字段均完成整字段可逆转换，且引用/章节可定位；仍需人工确认
UA2-06528,user-agent,docs/ref-11.6-quote-contract.md,source_section;source_quote;atomic_assertion,contractTemplates（合同模板）,是否启用,是否启用,139,130,gb18030->utf8 x1,NO,REVIEW_CANDIDATE,所有受影响字段均完成整字段可逆转换，且引用/章节可定位；仍需人工确认
UA2-06529,user-agent,docs/ref-11.6-quote-contract.md,source_section,contractTemplates（合同模板）,createdBy,createdBy,,130,gb18030->utf8 x1,NO,MANUAL_REVIEW,至少一个受影响字段无法整字段安全转换，或完整源行不可读/不可定位，或存在复合断言
UA2-06531,user-agent,docs/ref-11.6-quote-contract.md,source_section;source_quote;atomic_assertion,contractTemplates（合同模板）,鍒涘缓浜?,鍒涘缓浜?,,130,gb18030->utf8 x1,NO,MANUAL_REVIEW,至少一个受影响字段无法整字段安全转换，或完整源行不可读/不可定位，或存在复合断言
UA2-06532,user-agent,docs/ref-11.6-quote-contract.md,source_section,contractTemplates（合同模板）,createdAt,createdAt,127;141;165,130,gb18030->utf8 x1,NO,REVIEW_CANDIDATE,所有受影响字段均完成整字段可逆转换，且引用/章节可定位；仍需人工确认
UA2-06533,user-agent,docs/ref-11.6-quote-contract.md,source_section,contractTemplates（合同模板）,timestamp,timestamp,127;128;141;142;160;165;166,130,gb18030->utf8 x1,NO,REVIEW_CANDIDATE,所有受影响字段均完成整字段可逆转换，且引用/章节可定位；仍需人工确认
UA2-06534,user-agent,docs/ref-11.6-quote-contract.md,source_section;source_quote;atomic_assertion,contractTemplates（合同模板）,创建时间,创建时间,127;141;165,130,gb18030->utf8 x1,NO,REVIEW_CANDIDATE,所有受影响字段均完成整字段可逆转换，且引用/章节可定位；仍需人工确认
UA2-06535,user-agent,docs/ref-11.6-quote-contract.md,source_section,contractTemplates（合同模板）,updatedAt,updatedAt,128;142;166,130,gb18030->utf8 x1,NO,REVIEW_CANDIDATE,所有受影响字段均完成整字段可逆转换，且引用/章节可定位；仍需人工确认
UA2-06537,user-agent,docs/ref-11.6-quote-contract.md,source_section;source_quote;atomic_assertion,contractTemplates（合同模板）,更新时间,更新时间,128;142;166,130,gb18030->utf8 x1,NO,REVIEW_CANDIDATE,所有受影响字段均完成整字段可逆转换，且引用/章节可定位；仍需人工确认
UA2-06538,user-agent,docs/ref-11.6-quote-contract.md,source_section,contracts（合同）,serial,serial,114;134;148,144,gb18030->utf8 x1,NO,REVIEW_CANDIDATE,所有受影响字段均完成整字段可逆转换，且引用/章节可定位；仍需人工确认
UA2-06539,user-agent,docs/ref-11.6-quote-contract.md,source_section,contracts（合同）,主键,主键,114;134;148,144,gb18030->utf8 x1,NO,REVIEW_CANDIDATE,所有受影响字段均完成整字段可逆转换，且引用/章节可定位；仍需人工确认
UA2-06540,user-agent,docs/ref-11.6-quote-contract.md,source_section;source_quote;atomic_assertion,contracts（合同）,| contractNo | varchar(30) | 合同编号，自动生成（CON-日期-序号）|,| contractNo | varchar(30) | 合同编号，自动生成（CON-日期-序号）|,149,144,gb18030->utf8 x1,NO,REVIEW_CANDIDATE,所有受影响字段均完成整字段可逆转换，且引用/章节可定位；仍需人工确认
UA2-06541,user-agent,docs/ref-11.6-quote-contract.md,source_section,contracts（合同）,templateId,templateId,261,144,gb18030->utf8 x1,NO,REVIEW_CANDIDATE,所有受影响字段均完成整字段可逆转换，且引用/章节可定位；仍需人工确认
UA2-06542,user-agent,docs/ref-11.6-quote-contract.md,source_section,contracts（合同）,integer,integer,124;138;154,144,gb18030->utf8 x1,NO,REVIEW_CANDIDATE,所有受影响字段均完成整字段可逆转换，且引用/章节可定位；仍需人工确认
UA2-06543,user-agent,docs/ref-11.6-quote-contract.md,source_section;source_quote;atomic_assertion,contracts（合同）,浣跨敤鐨勬ā鏉?ID,浣跨敤鐨勬ā鏉?ID,,144,gb18030->utf8 x1,NO,MANUAL_REVIEW,至少一个受影响字段无法整字段安全转换，或完整源行不可读/不可定位，或存在复合断言
UA2-06544,user-agent,docs/ref-11.6-quote-contract.md,source_section;source_quote;atomic_assertion,contracts（合同）,| customerId | integer | 瀹㈡埛 ID锛堝叧鑱?CRM锛墊,| customerId | integer | 瀹㈡埛 ID锛堝叧鑱?CRM锛墊,,144,gb18030->utf8 x1,NO,MANUAL_REVIEW,至少一个受影响字段无法整字段安全转换，或完整源行不可读/不可定位，或存在复合断言
UA2-06545,user-agent,docs/ref-11.6-quote-contract.md,source_section,contracts（合同）,customerName,customerName,63;117;152;225,144,gb18030->utf8 x1,NO,REVIEW_CANDIDATE,所有受影响字段均完成整字段可逆转换，且引用/章节可定位；仍需人工确认
UA2-06546,user-agent,docs/ref-11.6-quote-contract.md,source_section,contracts（合同）,varchar(100),varchar(100),117;118;135;152;153,144,gb18030->utf8 x1,NO,REVIEW_CANDIDATE,所有受影响字段均完成整字段可逆转换，且引用/章节可定位；仍需人工确认
UA2-06547,user-agent,docs/ref-11.6-quote-contract.md,source_section;source_quote;atomic_assertion,contracts（合同）,客户名称,客户名称,63;117;152,144,gb18030->utf8 x1,NO,REVIEW_CANDIDATE,所有受影响字段均完成整字段可逆转换，且引用/章节可定位；仍需人工确认
UA2-06548,user-agent,docs/ref-11.6-quote-contract.md,source_section,contracts（合同）,customerContact,customerContact,64;118;153;226,144,gb18030->utf8 x1,NO,REVIEW_CANDIDATE,所有受影响字段均完成整字段可逆转换，且引用/章节可定位；仍需人工确认
UA2-06550,user-agent,docs/ref-11.6-quote-contract.md,source_section,contracts（合同）,鑱旂郴浜?,鑱旂郴浜?,64;118;153,144,gb18030->utf8 x1,NO,REVIEW_CANDIDATE,所有受影响字段均完成整字段可逆转换，且引用/章节可定位；仍需人工确认
UA2-06551,user-agent,docs/ref-11.6-quote-contract.md,source_section,contracts（合同）,salespersonId,salespersonId,154,144,gb18030->utf8 x1,NO,REVIEW_CANDIDATE,所有受影响字段均完成整字段可逆转换，且引用/章节可定位；仍需人工确认
UA2-06553,user-agent,docs/ref-11.6-quote-contract.md,source_section,contracts（合同）,涓氬姟鍛?ID,涓氬姟鍛?ID,154,144,gb18030->utf8 x1,NO,REVIEW_CANDIDATE,所有受影响字段均完成整字段可逆转换，且引用/章节可定位；仍需人工确认
UA2-06554,user-agent,docs/ref-11.6-quote-contract.md,source_section,contracts（合同）,content,content,136,144,gb18030->utf8 x1,NO,REVIEW_CANDIDATE,所有受影响字段均完成整字段可逆转换，且引用/章节可定位；仍需人工确认
UA2-06555,user-agent,docs/ref-11.6-quote-contract.md,source_section,contracts（合同）,text,text,125;136,144,gb18030->utf8 x1,NO,REVIEW_CANDIDATE,所有受影响字段均完成整字段可逆转换，且引用/章节可定位；仍需人工确认
UA2-06556,user-agent,docs/ref-11.6-quote-contract.md,source_section;source_quote;atomic_assertion,contracts（合同）,鏈€缁堝悎鍚屽唴瀹?,鏈€缁堝悎鍚屽唴瀹?,,144,gb18030->utf8 x1,NO,MANUAL_REVIEW,至少一个受影响字段无法整字段安全转换，或完整源行不可读/不可定位，或存在复合断言
UA2-06557,user-agent,docs/ref-11.6-quote-contract.md,source_section,contracts（合同）,variables,variables,137;266,144,gb18030->utf8 x1,NO,REVIEW_CANDIDATE,所有受影响字段均完成整字段可逆转换，且引用/章节可定位；仍需人工确认
UA2-06558,user-agent,docs/ref-11.6-quote-contract.md,source_section,contracts（合同）,jsonb,jsonb,119;137,144,gb18030->utf8 x1,NO,REVIEW_CANDIDATE,所有受影响字段均完成整字段可逆转换，且引用/章节可定位；仍需人工确认
UA2-06559,user-agent,docs/ref-11.6-quote-contract.md,source_section;source_quote;atomic_assertion,contracts（合同）,鍙橀噺濉厖鍊?,鍙橀噺濉厖鍊?,,144,gb18030->utf8 x1,NO,MANUAL_REVIEW,至少一个受影响字段无法整字段安全转换，或完整源行不可读/不可定位，或存在复合断言
UA2-06560,user-agent,docs/ref-11.6-quote-contract.md,source_section,contracts（合同）,status,status,123;157;213;272,144,gb18030->utf8 x1,NO,REVIEW_CANDIDATE,所有受影响字段均完成整字段可逆转换，且引用/章节可定位；仍需人工确认
UA2-06561,user-agent,docs/ref-11.6-quote-contract.md,source_section,contracts（合同）,enum,enum,123;157,144,gb18030->utf8 x1,NO,REVIEW_CANDIDATE,所有受影响字段均完成整字段可逆转换，且引用/章节可定位；仍需人工确认
UA2-06562,user-agent,docs/ref-11.6-quote-contract.md,source_section,contracts（合同）,draft/pending_approval/approved/signed/expired/terminated,draft/pending_approval/approved/signed/expired/terminated,157,144,gb18030->utf8 x1,NO,REVIEW_CANDIDATE,所有受影响字段均完成整字段可逆转换，且引用/章节可定位；仍需人工确认
UA2-06563,user-agent,docs/ref-11.6-quote-contract.md,source_section,contracts（合同）,effectiveDate,effectiveDate,66;158;264,144,gb18030->utf8 x1,NO,REVIEW_CANDIDATE,所有受影响字段均完成整字段可逆转换，且引用/章节可定位；仍需人工确认
UA2-06564,user-agent,docs/ref-11.6-quote-contract.md,source_section,contracts（合同）,date,date,128;142;158;159;166,144,gb18030->utf8 x1,NO,REVIEW_CANDIDATE,所有受影响字段均完成整字段可逆转换，且引用/章节可定位；仍需人工确认
UA2-06565,user-agent,docs/ref-11.6-quote-contract.md,source_section;source_quote;atomic_assertion,contracts（合同）,生效日期,生效日期,66;158,144,gb18030->utf8 x1,NO,REVIEW_CANDIDATE,所有受影响字段均完成整字段可逆转换，且引用/章节可定位；仍需人工确认
UA2-06566,user-agent,docs/ref-11.6-quote-contract.md,source_section,contracts（合同）,expiryDate,expiryDate,67;159;265,144,gb18030->utf8 x1,NO,REVIEW_CANDIDATE,所有受影响字段均完成整字段可逆转换，且引用/章节可定位；仍需人工确认
UA2-06568,user-agent,docs/ref-11.6-quote-contract.md,source_section;source_quote;atomic_assertion,contracts（合同）,到期日期,到期日期,67;159,144,gb18030->utf8 x1,NO,REVIEW_CANDIDATE,所有受影响字段均完成整字段可逆转换，且引用/章节可定位；仍需人工确认
UA2-06569,user-agent,docs/ref-11.6-quote-contract.md,source_section,contracts（合同）,signedAt,signedAt,160,144,gb18030->utf8 x1,NO,REVIEW_CANDIDATE,所有受影响字段均完成整字段可逆转换，且引用/章节可定位；仍需人工确认
UA2-06570,user-agent,docs/ref-11.6-quote-contract.md,source_section,contracts（合同）,timestamp,timestamp,127;128;141;142;160;165;166,144,gb18030->utf8 x1,NO,REVIEW_CANDIDATE,所有受影响字段均完成整字段可逆转换，且引用/章节可定位；仍需人工确认
UA2-06571,user-agent,docs/ref-11.6-quote-contract.md,source_section,contracts（合同）,签署时间,签署时间,160,144,gb18030->utf8 x1,NO,REVIEW_CANDIDATE,所有受影响字段均完成整字段可逆转换，且引用/章节可定位；仍需人工确认
UA2-06572,user-agent,docs/ref-11.6-quote-contract.md,source_section;source_quote;atomic_assertion,contracts（合同）,| signMethod | varchar(20) | 签署方式（offline/electronic）|,| signMethod | varchar(20) | 签署方式（offline/electronic）|,161,144,gb18030->utf8 x1,NO,REVIEW_CANDIDATE,所有受影响字段均完成整字段可逆转换，且引用/章节可定位；仍需人工确认
UA2-06573,user-agent,docs/ref-11.6-quote-contract.md,source_section,contracts（合同）,fileUrl,fileUrl,,144,gb18030->utf8 x1,NO,MANUAL_REVIEW,至少一个受影响字段无法整字段安全转换，或完整源行不可读/不可定位，或存在复合断言
UA2-06574,user-agent,docs/ref-11.6-quote-contract.md,source_section,contracts（合同）,varchar(500),varchar(500),,144,gb18030->utf8 x1,NO,MANUAL_REVIEW,至少一个受影响字段无法整字段安全转换，或完整源行不可读/不可定位，或存在复合断言
UA2-06575,user-agent,docs/ref-11.6-quote-contract.md,source_section;source_quote;atomic_assertion,contracts（合同）,宸茬缃插悎鍚屾枃浠惰矾寰?,宸茬缃插悎鍚屾枃浠惰矾寰?,,144,gb18030->utf8 x1,NO,MANUAL_REVIEW,至少一个受影响字段无法整字段安全转换，或完整源行不可读/不可定位，或存在复合断言
UA2-06576,user-agent,docs/ref-11.6-quote-contract.md,source_section,contracts（合同）,renewalContractId,renewalContractId,,144,gb18030->utf8 x1,NO,MANUAL_REVIEW,至少一个受影响字段无法整字段安全转换，或完整源行不可读/不可定位，或存在复合断言
UA2-06578,user-agent,docs/ref-11.6-quote-contract.md,source_section;source_quote;atomic_assertion,contracts（合同）,缁鍚庣殑鏂板悎鍚?ID,缁鍚庣殑鏂板悎鍚?ID,,144,gb18030->utf8 x1,NO,MANUAL_REVIEW,至少一个受影响字段无法整字段安全转换，或完整源行不可读/不可定位，或存在复合断言
UA2-06579,user-agent,docs/ref-11.6-quote-contract.md,source_section,contracts（合同）,createdBy,createdBy,,144,gb18030->utf8 x1,NO,MANUAL_REVIEW,至少一个受影响字段无法整字段安全转换，或完整源行不可读/不可定位，或存在复合断言
UA2-06581,user-agent,docs/ref-11.6-quote-contract.md,source_section;source_quote;atomic_assertion,contracts（合同）,鍒涘缓浜?,鍒涘缓浜?,,144,gb18030->utf8 x1,NO,MANUAL_REVIEW,至少一个受影响字段无法整字段安全转换，或完整源行不可读/不可定位，或存在复合断言
UA2-06582,user-agent,docs/ref-11.6-quote-contract.md,source_section,contracts（合同）,createdAt,createdAt,127;141;165,144,gb18030->utf8 x1,NO,REVIEW_CANDIDATE,所有受影响字段均完成整字段可逆转换，且引用/章节可定位；仍需人工确认
UA2-06584,user-agent,docs/ref-11.6-quote-contract.md,source_section;source_quote;atomic_assertion,contracts（合同）,创建时间,创建时间,127;141;165,144,gb18030->utf8 x1,NO,REVIEW_CANDIDATE,所有受影响字段均完成整字段可逆转换，且引用/章节可定位；仍需人工确认
UA2-06585,user-agent,docs/ref-11.6-quote-contract.md,source_section,contracts（合同）,updatedAt,updatedAt,128;142;166,144,gb18030->utf8 x1,NO,REVIEW_CANDIDATE,所有受影响字段均完成整字段可逆转换，且引用/章节可定位；仍需人工确认
UA2-06587,user-agent,docs/ref-11.6-quote-contract.md,source_section;source_quote;atomic_assertion,contracts（合同）,更新时间,更新时间,128;142;166,144,gb18030->utf8 x1,NO,REVIEW_CANDIDATE,所有受影响字段均完成整字段可逆转换，且引用/章节可定位；仍需人工确认
UA2-06590,user-agent,docs/ref-11.6-quote-contract.md,source_quote;atomic_assertion,报价,鍒涘缓鎶ヤ环鍗?,鍒涘缓鎶ヤ环鍗?,,30;172;177;179;209,gb18030->utf8 x1,NO,MANUAL_REVIEW,至少一个受影响字段无法整字段安全转换，或完整源行不可读/不可定位，或存在复合断言
UA2-06598,user-agent,docs/ref-11.6-quote-contract.md,source_quote;atomic_assertion,报价,鎶ヤ环鍗曡鎯?,鎶ヤ环鍗曡鎯?,,30;172;177;179;209,gb18030->utf8 x1,NO,MANUAL_REVIEW,至少一个受影响字段无法整字段安全转换，或完整源行不可读/不可定位，或存在复合断言
UA2-06610,user-agent,docs/ref-11.6-quote-contract.md,source_quote;atomic_assertion,报价,审批通过,审批通过,86,30;172;177;179;209,gb18030->utf8 x1,NO,REVIEW_CANDIDATE,所有受影响字段均完成整字段可逆转换，且引用/章节可定位；仍需人工确认
UA2-06611,user-agent,docs/ref-11.6-quote-contract.md,source_quote;atomic_assertion,报价,绠＄悊鍛?,绠＄悊鍛?,,30;172;177;179;209,gb18030->utf8 x1,NO,MANUAL_REVIEW,至少一个受影响字段无法整字段安全转换，或完整源行不可读/不可定位，或存在复合断言
UA2-06616,user-agent,docs/ref-11.6-quote-contract.md,source_section,合同模板,`POST`,`POST`,180,49;130;184;246;296,gb18030->utf8 x1,NO,REVIEW_CANDIDATE,所有受影响字段均完成整字段可逆转换，且引用/章节可定位；仍需人工确认
UA2-06617,user-agent,docs/ref-11.6-quote-contract.md,source_section,合同模板,`/api/v1/admin/contract-templates`,`/api/v1/admin/contract-templates`,,49;130;184;246;296,gb18030->utf8 x1,NO,MANUAL_REVIEW,至少一个受影响字段无法整字段安全转换，或完整源行不可读/不可定位，或存在复合断言
UA2-06618,user-agent,docs/ref-11.6-quote-contract.md,source_section;source_quote;atomic_assertion,合同模板,创建模板,创建模板,,49;130;184;246;296,gb18030->utf8 x1,NO,MANUAL_REVIEW,至少一个受影响字段无法整字段安全转换，或完整源行不可读/不可定位，或存在复合断言
UA2-06619,user-agent,docs/ref-11.6-quote-contract.md,source_section;source_quote;atomic_assertion,合同模板,绠＄悊鍛?,绠＄悊鍛?,,49;130;184;246;296,gb18030->utf8 x1,NO,MANUAL_REVIEW,至少一个受影响字段无法整字段安全转换，或完整源行不可读/不可定位，或存在复合断言
UA2-06620,user-agent,docs/ref-11.6-quote-contract.md,source_section,合同模板,`GET`,`GET`,177;179;198,49;130;184;246;296,gb18030->utf8 x1,NO,REVIEW_CANDIDATE,所有受影响字段均完成整字段可逆转换，且引用/章节可定位；仍需人工确认
UA2-06622,user-agent,docs/ref-11.6-quote-contract.md,source_section;source_quote;atomic_assertion,合同模板,模板列表,模板列表,,49;130;184;246;296,gb18030->utf8 x1,NO,MANUAL_REVIEW,至少一个受影响字段无法整字段安全转换，或完整源行不可读/不可定位，或存在复合断言
UA2-06626,user-agent,docs/ref-11.6-quote-contract.md,source_quote;atomic_assertion,合同,生成合同（基于模板）,生成合同（基于模板）,,65;74;191;198;253,gb18030->utf8 x1,NO,MANUAL_REVIEW,至少一个受影响字段无法整字段安全转换，或完整源行不可读/不可定位，或存在复合断言
UA2-06630,user-agent,docs/ref-11.6-quote-contract.md,source_quote;atomic_assertion,合同,合同列表,合同列表,269;307,65;74;191;198;253,gb18030->utf8 x1,NO,REVIEW_CANDIDATE,所有受影响字段均完成整字段可逆转换，且引用/章节可定位；仍需人工确认
UA2-06634,user-agent,docs/ref-11.6-quote-contract.md,source_quote;atomic_assertion,合同,合同详情,合同详情,,65;74;191;198;253,gb18030->utf8 x1,NO,MANUAL_REVIEW,至少一个受影响字段无法整字段安全转换，或完整源行不可读/不可定位，或存在复合断言
UA2-06642,user-agent,docs/ref-11.6-quote-contract.md,source_quote;atomic_assertion,合同,提交合同审批,提交合同审批,,65;74;191;198;253,gb18030->utf8 x1,NO,MANUAL_REVIEW,至少一个受影响字段无法整字段安全转换，或完整源行不可读/不可定位，或存在复合断言
UA2-06646,user-agent,docs/ref-11.6-quote-contract.md,source_quote;atomic_assertion,合同,审批合同,审批合同,,65;74;191;198;253,gb18030->utf8 x1,NO,MANUAL_REVIEW,至少一个受影响字段无法整字段安全转换，或完整源行不可读/不可定位，或存在复合断言
UA2-06647,user-agent,docs/ref-11.6-quote-contract.md,source_quote;atomic_assertion,合同,绠＄悊鍛?,绠＄悊鍛?,,65;74;191;198;253,gb18030->utf8 x1,NO,MANUAL_REVIEW,至少一个受影响字段无法整字段安全转换，或完整源行不可读/不可定位，或存在复合断言
UA2-06654,user-agent,docs/ref-11.6-quote-contract.md,source_quote;atomic_assertion,合同,锟斤拷锟界鍚堝悓,锟斤拷锟界鍚堝悓,,65;74;191;198;253,gb18030->utf8 x1,NO,MANUAL_REVIEW,至少一个受影响字段无法整字段安全转换，或完整源行不可读/不可定位，或存在复合断言
UA2-06657,user-agent,docs/ref-11.6-quote-contract.md,source_quote;atomic_assertion,边界条件,瀹氭椂浠诲姟姣忓ぉ鍑屾櫒鑷姩灏嗚繃鏈熷緟澶勭悊鐘舵€佸彉鏇翠负 `expired`,瀹氭椂浠诲姟姣忓ぉ鍑屾櫒鑷姩灏嗚繃鏈熷緟澶勭悊鐘舵€佸彉鏇翠负 `expired`,,286,gb18030->utf8 x1,NO,MANUAL_REVIEW,至少一个受影响字段无法整字段安全转换，或完整源行不可读/不可定位，或存在复合断言
UA2-06658,user-agent,docs/ref-11.6-quote-contract.md,source_quote;atomic_assertion,边界条件,鎶ヤ环鍗曞凡杩囨湡鍚庢彁浜ゅ鎵?,鎶ヤ环鍗曞凡杩囨湡鍚庢彁浜ゅ鎵?,,286,gb18030->utf8 x1,NO,MANUAL_REVIEW,至少一个受影响字段无法整字段安全转换，或完整源行不可读/不可定位，或存在复合断言
UA2-06659,user-agent,docs/ref-11.6-quote-contract.md,source_quote;atomic_assertion,边界条件,"鎺ュ彛鎷掔粷锛屾彁绀?鎶ヤ环鍗曞凡杩囨湡锛岃閲嶆柊鍒涘缓""","鎺ュ彛鎷掔粷锛屾彁绀?鎶ヤ环鍗曞凡杩囨湡锛岃閲嶆柊鍒涘缓""",,286,gb18030->utf8 x1,NO,MANUAL_REVIEW,至少一个受影响字段无法整字段安全转换，或完整源行不可读/不可定位，或存在复合断言
UA2-06660,user-agent,docs/ref-11.6-quote-contract.md,source_quote;atomic_assertion,边界条件,鍚堝悓妯℃澘鍙橀噺鏈～鍏呭畬鏁?,鍚堝悓妯℃澘鍙橀噺鏈～鍏呭畬鏁?,,286,gb18030->utf8 x1,NO,MANUAL_REVIEW,至少一个受影响字段无法整字段安全转换，或完整源行不可读/不可定位，或存在复合断言
UA2-06661,user-agent,docs/ref-11.6-quote-contract.md,source_quote;atomic_assertion,边界条件,鐢熸垚鏃舵牎楠屾墍鏈?`required` 鍙橀噺锛岀己澶卞垯鎻愮ず,鐢熸垚鏃舵牎楠屾墍鏈?`required` 鍙橀噺锛岀己澶卞垯鎻愮ず,,286,gb18030->utf8 x1,NO,MANUAL_REVIEW,至少一个受影响字段无法整字段安全转换，或完整源行不可读/不可定位，或存在复合断言
UA2-06663,user-agent,docs/ref-11.6-quote-contract.md,source_quote;atomic_assertion,边界条件,"鍏佽鍒涘缓锛堣禒閫佸満鏅級锛屼絾鎻愪氦瀹℃壒鏃舵彁绀?閲戦涓?0锛岃纭""","鍏佽鍒涘缓锛堣禒閫佸満鏅級锛屼絾鎻愪氦瀹℃壒鏃舵彁绀?閲戦涓?0锛岃纭""",,286,gb18030->utf8 x1,NO,MANUAL_REVIEW,至少一个受影响字段无法整字段安全转换，或完整源行不可读/不可定位，或存在复合断言
UA2-06664,user-agent,docs/ref-11.6-quote-contract.md,source_quote;atomic_assertion,边界条件,合同到期自动提醒,合同到期自动提醒,,286,gb18030->utf8 x1,NO,MANUAL_REVIEW,至少一个受影响字段无法整字段安全转换，或完整源行不可读/不可定位，或存在复合断言
UA2-06665,user-agent,docs/ref-11.6-quote-contract.md,source_quote;atomic_assertion,边界条件,瀹氭椂浠诲姟姣忓ぉ妫€鏌?`expiryDate`锛岃Е鍙?30/15/7 澶╁墠閫氱煡,瀹氭椂浠诲姟姣忓ぉ妫€鏌?`expiryDate`锛岃Е鍙?30/15/7 澶╁墠閫氱煡,,286,gb18030->utf8 x1,NO,MANUAL_REVIEW,至少一个受影响字段无法整字段安全转换，或完整源行不可读/不可定位，或存在复合断言
UA2-06666,user-agent,docs/ref-11.6-quote-contract.md,source_quote;atomic_assertion,边界条件,鍚堝悓缁鏃跺師鍚堝悓鏈埌鏈?,鍚堝悓缁鏃跺師鍚堝悓鏈埌鏈?,,286,gb18030->utf8 x1,NO,MANUAL_REVIEW,至少一个受影响字段无法整字段安全转换，或完整源行不可读/不可定位，或存在复合断言
UA2-06667,user-agent,docs/ref-11.6-quote-contract.md,source_quote;atomic_assertion,边界条件,缁鍚庡師鍚堝悓鍒版湡鏃ユ湡涓嶅彉锛屾柊鍚堝悓浠庡師鍚堝悓鍒版湡鍚庝竴澶╁紑濮?,缁鍚庡師鍚堝悓鍒版湡鏃ユ湡涓嶅彉锛屾柊鍚堝悓浠庡師鍚堝悓鍒版湡鍚庝竴澶╁紑濮?,,286,gb18030->utf8 x1,NO,MANUAL_REVIEW,至少一个受影响字段无法整字段安全转换，或完整源行不可读/不可定位，或存在复合断言
UA2-06668,user-agent,docs/ref-11.6-quote-contract.md,source_quote;atomic_assertion,边界条件,合同模板版本更新,合同模板版本更新,296,286,gb18030->utf8 x1,NO,REVIEW_CANDIDATE,所有受影响字段均完成整字段可逆转换，且引用/章节可定位；仍需人工确认
UA2-06669,user-agent,docs/ref-11.6-quote-contract.md,source_quote;atomic_assertion,边界条件,已生成的合同不受影响，仅新合同使用新版本,已生成的合同不受影响，仅新合同使用新版本,296,286,gb18030->utf8 x1,NO,REVIEW_CANDIDATE,所有受影响字段均完成整字段可逆转换，且引用/章节可定位；仍需人工确认
UA2-06671,user-agent,docs/ref-11.6-quote-contract.md,source_quote;atomic_assertion,边界条件,返回错误信息，允许重试，保留已生成的字段数据,返回错误信息，允许重试，保留已生成的字段数据,297,286,gb18030->utf8 x1,NO,REVIEW_CANDIDATE,所有受影响字段均完成整字段可逆转换，且引用/章节可定位；仍需人工确认
UA2-06673,user-agent,docs/ref-11.6-quote-contract.md,source_quote;atomic_assertion,边界条件,"鎻愮ず""鏂囦欢涓婁紶澶辫触锛岃閲嶈瘯""锛屽悎鍚岀姸鎬佷繚鎸?`signed` 浣?`fileUrl` 涓虹┖","鎻愮ず""鏂囦欢涓婁紶澶辫触锛岃閲嶈瘯""锛屽悎鍚岀姸鎬佷繚鎸?`signed` 浣?`fileUrl` 涓虹┖",,286,gb18030->utf8 x1,NO,MANUAL_REVIEW,至少一个受影响字段无法整字段安全转换，或完整源行不可读/不可定位，或存在复合断言
UA2-06674,user-agent,docs/ref-11.6-quote-contract.md,source_section;source_quote;atomic_assertion,关联模块,§11.4 商机管理,§11.4 商机管理,,302,gb18030->utf8 x1,NO,MANUAL_REVIEW,至少一个受影响字段无法整字段安全转换，或完整源行不可读/不可定位，或存在复合断言
UA2-06675,user-agent,docs/ref-11.6-quote-contract.md,source_section;source_quote;atomic_assertion,关联模块,"鎶ヤ环鍗曞彲鍏宠仈鍟嗘満锛屽晢鏈鸿鎯呴〉鎻愪緵""鍒涘缓鎶ヤ环鍗?蹇嵎鍏ュ彛","鎶ヤ环鍗曞彲鍏宠仈鍟嗘満锛屽晢鏈鸿鎯呴〉鎻愪緵""鍒涘缓鎶ヤ环鍗?蹇嵎鍏ュ彛",,302,gb18030->utf8 x1,NO,MANUAL_REVIEW,至少一个受影响字段无法整字段安全转换，或完整源行不可读/不可定位，或存在复合断言
UA2-06676,user-agent,docs/ref-11.6-quote-contract.md,source_section,关联模块,§11.1 CRM,§11.1 CRM,,302,gb18030->utf8 x1,NO,MANUAL_REVIEW,至少一个受影响字段无法整字段安全转换，或完整源行不可读/不可定位，或存在复合断言
UA2-06677,user-agent,docs/ref-11.6-quote-contract.md,source_section;source_quote;atomic_assertion,关联模块,合同关联客户，客户详情页展示合同列表,合同关联客户，客户详情页展示合同列表,307,302,gb18030->utf8 x1,NO,REVIEW_CANDIDATE,所有受影响字段均完成整字段可逆转换，且引用/章节可定位；仍需人工确认
UA2-06678,user-agent,docs/ref-11.6-quote-contract.md,source_section;source_quote;atomic_assertion,关联模块,搂4.17 妯℃澘搴?,搂4.17 妯℃澘搴?,,302,gb18030->utf8 x1,NO,MANUAL_REVIEW,至少一个受影响字段无法整字段安全转换，或完整源行不可读/不可定位，或存在复合断言
UA2-06679,user-agent,docs/ref-11.6-quote-contract.md,source_section;source_quote;atomic_assertion,关联模块,鍚堝悓妯℃澘鍙鐢ㄦā鏉垮簱鐨?Markdown 缂栬緫鍣?,鍚堝悓妯℃澘鍙鐢ㄦā鏉垮簱鐨?Markdown 缂栬緫鍣?,,302,gb18030->utf8 x1,NO,MANUAL_REVIEW,至少一个受影响字段无法整字段安全转换，或完整源行不可读/不可定位，或存在复合断言
UA2-06680,user-agent,docs/ref-11.6-quote-contract.md,source_section,关联模块,§12.4 任务调度,§12.4 任务调度,,302,gb18030->utf8 x1,NO,MANUAL_REVIEW,至少一个受影响字段无法整字段安全转换，或完整源行不可读/不可定位，或存在复合断言
UA2-06681,user-agent,docs/ref-11.6-quote-contract.md,source_section;source_quote;atomic_assertion,关联模块,报价过期和合同到期提醒由定时任务驱动,报价过期和合同到期提醒由定时任务驱动,309,302,gb18030->utf8 x1,NO,REVIEW_CANDIDATE,所有受影响字段均完成整字段可逆转换，且引用/章节可定位；仍需人工确认
UA2-06682,user-agent,docs/ref-11.6-quote-contract.md,source_section,关联模块,§4.7 文件存储,§4.7 文件存储,,302,gb18030->utf8 x1,NO,MANUAL_REVIEW,至少一个受影响字段无法整字段安全转换，或完整源行不可读/不可定位，或存在复合断言
UA2-06683,user-agent,docs/ref-11.6-quote-contract.md,source_section;source_quote;atomic_assertion,关联模块,PDF 鎶ヤ环鍗曞拰鍚堝悓鏂囦欢瀛樺偍鍦ㄥ璞″瓨鍌ㄦ湇鍔?,PDF 鎶ヤ环鍗曞拰鍚堝悓鏂囦欢瀛樺偍鍦ㄥ璞″瓨鍌ㄦ湇鍔?,,302,gb18030->utf8 x1,NO,MANUAL_REVIEW,至少一个受影响字段无法整字段安全转换，或完整源行不可读/不可定位，或存在复合断言
UA2-06684,user-agent,docs/ref-11.6-quote-contract.md,source_section;source_quote;atomic_assertion,关联模块,§4.6 安全审计,§4.6 安全审计,,302,gb18030->utf8 x1,NO,MANUAL_REVIEW,至少一个受影响字段无法整字段安全转换，或完整源行不可读/不可定位，或存在复合断言
UA2-06685,user-agent,docs/ref-11.6-quote-contract.md,source_section;source_quote;atomic_assertion,关联模块,鎶ヤ环鍗曞鎵广€佸悎鍚岀缃插潎璁板綍鎿嶄綔鏃ュ織,鎶ヤ环鍗曞鎵广€佸悎鍚岀缃插潎璁板綍鎿嶄綔鏃ュ織,,302,gb18030->utf8 x1,NO,MANUAL_REVIEW,至少一个受影响字段无法整字段安全转换，或完整源行不可读/不可定位，或存在复合断言
UA2-06686,user-agent,docs/ref-11.6-quote-contract.md,source_section;source_quote;atomic_assertion,[?] 页面帮助,**页面名称**：报价与合同管理,**页面名称**：报价与合同管理,316,315,gb18030->utf8 x1,NO,REVIEW_CANDIDATE,所有受影响字段均完成整字段可逆转换，且引用/章节可定位；仍需人工确认
UA2-06687,user-agent,docs/ref-11.6-quote-contract.md,source_section;source_quote;atomic_assertion,[?] 页面帮助,**鏍稿績鎿嶄綔**锛氬垱寤烘姤浠峰崟 鈫?鎻愬鎵?鈫?鍙戦€佸鎴?鈫?閫夋嫨妯℃澘鐢熸垚鍚堝悓 鈫?鎻愬鎵?鈫?绛剧讲褰掓。,**鏍稿績鎿嶄綔**锛氬垱寤烘姤浠峰崟 鈫?鎻愬鎵?鈫?鍙戦€佸鎴?鈫?閫夋嫨妯℃澘鐢熸垚鍚堝悓 鈫?鎻愬鎵?鈫?绛剧讲褰掓。,,315,gb18030->utf8 x1,NO,MANUAL_REVIEW,至少一个受影响字段无法整字段安全转换，或完整源行不可读/不可定位，或存在复合断言
UA2-06688,user-agent,docs/ref-11.6-quote-contract.md,source_section;source_quote;atomic_assertion,[?] 页面帮助,鈫?鍒版湡鍓嶈嚜鍔ㄧ画绛?**娉ㄦ剰浜嬮」**锛氭姤浠峰崟鏈夋晥鏈熷唴鏈鐞嗚嚜鍔ㄨ繃鏈燂紱鍚堝悓鍒版湡鍓嶇郴缁熶細鍙?3 娆℃彁閱掞紙30/15/7 澶╁墠锛夛紱缁灏嗗垱寤烘柊鍚堝悓鑰岄潪淇敼鍘熷悎鍚?,鈫?鍒版湡鍓嶈嚜鍔ㄧ画绛?**娉ㄦ剰浜嬮」**锛氭姤浠峰崟鏈夋晥鏈熷唴鏈鐞嗚嚜鍔ㄨ繃鏈燂紱鍚堝悓鍒版湡鍓嶇郴缁熶細鍙?3 娆℃彁閱掞紙30/15/7 澶╁墠锛夛紱缁灏嗗垱寤烘柊鍚堝悓鑰岄潪淇敼鍘熷悎鍚?,,315,gb18030->utf8 x1,NO,MANUAL_REVIEW,至少一个受影响字段无法整字段安全转换，或完整源行不可读/不可定位，或存在复合断言
UA2-06689,user-agent,docs/ref-11.6-quote-contract.md,source_section;source_quote;atomic_assertion,[?] 按钮级帮助对照表,鍒涘缓鎶ヤ环鍗?,鍒涘缓鎶ヤ环鍗?,,318,gb18030->utf8 x1,NO,MANUAL_REVIEW,至少一个受影响字段无法整字段安全转换，或完整源行不可读/不可定位，或存在复合断言
UA2-06690,user-agent,docs/ref-11.6-quote-contract.md,source_section;source_quote;atomic_assertion,[?] 按钮级帮助对照表,濉啓浜у搧鏄庣粏鍜屾姌鎵ｅ悗鐢熸垚鎶ヤ环鍗曪紝鍙叧鑱斿晢鏈鸿嚜鍔ㄥ～鍏呭鎴蜂俊鎭?,濉啓浜у搧鏄庣粏鍜屾姌鎵ｅ悗鐢熸垚鎶ヤ环鍗曪紝鍙叧鑱斿晢鏈鸿嚜鍔ㄥ～鍏呭鎴蜂俊鎭?,,318,gb18030->utf8 x1,NO,MANUAL_REVIEW,至少一个受影响字段无法整字段安全转换，或完整源行不可读/不可定位，或存在复合断言
UA2-06691,user-agent,docs/ref-11.6-quote-contract.md,source_section,[?] 按钮级帮助对照表,提交审批,提交审批,180,318,gb18030->utf8 x1,NO,REVIEW_CANDIDATE,所有受影响字段均完成整字段可逆转换，且引用/章节可定位；仍需人工确认
UA2-06692,user-agent,docs/ref-11.6-quote-contract.md,source_section;source_quote;atomic_assertion,[?] 按钮级帮助对照表,灏嗘姤浠峰崟鎻愪氦缁欑鐞嗗憳瀹℃壒锛屽鎵归€氳繃鍚庢柟鍙彂閫佺粰瀹㈡埛,灏嗘姤浠峰崟鎻愪氦缁欑鐞嗗憳瀹℃壒锛屽鎵归€氳繃鍚庢柟鍙彂閫佺粰瀹㈡埛,,318,gb18030->utf8 x1,NO,MANUAL_REVIEW,至少一个受影响字段无法整字段安全转换，或完整源行不可读/不可定位，或存在复合断言
UA2-06693,user-agent,docs/ref-11.6-quote-contract.md,source_section,[?] 按钮级帮助对照表,下载 PDF,下载 PDF,,318,gb18030->utf8 x1,NO,MANUAL_REVIEW,至少一个受影响字段无法整字段安全转换，或完整源行不可读/不可定位，或存在复合断言
UA2-06694,user-agent,docs/ref-11.6-quote-contract.md,source_section;source_quote;atomic_assertion,[?] 按钮级帮助对照表,鐢熸垚鍚叕鍙?Logo 鍜屽畬鏁存槑缁嗙殑鎶ヤ环鍗?PDF 鏂囦欢,鐢熸垚鍚叕鍙?Logo 鍜屽畬鏁存槑缁嗙殑鎶ヤ环鍗?PDF 鏂囦欢,,318,gb18030->utf8 x1,NO,MANUAL_REVIEW,至少一个受影响字段无法整字段安全转换，或完整源行不可读/不可定位，或存在复合断言
UA2-06695,user-agent,docs/ref-11.6-quote-contract.md,source_section,[?] 按钮级帮助对照表,生成合同,生成合同,,318,gb18030->utf8 x1,NO,MANUAL_REVIEW,至少一个受影响字段无法整字段安全转换，或完整源行不可读/不可定位，或存在复合断言
UA2-06696,user-agent,docs/ref-11.6-quote-contract.md,source_section;source_quote;atomic_assertion,[?] 按钮级帮助对照表,选择模板并填充变量后自动生成标准合同内容,选择模板并填充变量后自动生成标准合同内容,324,318,gb18030->utf8 x1,NO,REVIEW_CANDIDATE,所有受影响字段均完成整字段可逆转换，且引用/章节可定位；仍需人工确认
UA2-06697,user-agent,docs/ref-11.6-quote-contract.md,source_section,[?] 按钮级帮助对照表,签署合同,签署合同,,318,gb18030->utf8 x1,NO,MANUAL_REVIEW,至少一个受影响字段无法整字段安全转换，或完整源行不可读/不可定位，或存在复合断言
UA2-06698,user-agent,docs/ref-11.6-quote-contract.md,source_section;source_quote;atomic_assertion,[?] 按钮级帮助对照表,下载 PDF 线下签署后上传扫描件，或在系统内电子签署,下载 PDF 线下签署后上传扫描件，或在系统内电子签署,325,318,gb18030->utf8 x1,NO,REVIEW_CANDIDATE,所有受影响字段均完成整字段可逆转换，且引用/章节可定位；仍需人工确认
UA2-06699,user-agent,docs/ref-11.6-quote-contract.md,source_section;source_quote;atomic_assertion,[?] 按钮级帮助对照表,续签,续签,,318,gb18030->utf8 x1,NO,MANUAL_REVIEW,至少一个受影响字段无法整字段安全转换，或完整源行不可读/不可定位，或存在复合断言
UA2-06700,user-agent,docs/ref-11.6-quote-contract.md,source_section;source_quote;atomic_assertion,[?] 按钮级帮助对照表,鍩轰簬鐜版湁鍚堝悓鍒涘缓涓€浠芥柊鍚堝悓锛岃嚜鍔ㄥ～鍏呭師鍚堝悓淇℃伅,鍩轰簬鐜版湁鍚堝悓鍒涘缓涓€浠芥柊鍚堝悓锛岃嚜鍔ㄥ～鍏呭師鍚堝悓淇℃伅,,318,gb18030->utf8 x1,NO,MANUAL_REVIEW,至少一个受影响字段无法整字段安全转换，或完整源行不可读/不可定位，或存在复合断言
