req_id,domain,source_path,bad_fields,current_source_line,current_heading,current_source_context,source_line_readability,atomic_assertion_original,review_action,review_status,reviewer_note
UA2-00001,user-agent,docs/PRD-用户体系.md,source_quote;atomic_assertion,4,2: ### 2.1 瑙掕壊涓庢潈闄愪綋绯|,> 馃搸 **娣卞寲鍙傝€*锛歔`docs/ref-2.1-roles-permissions.md`](ref-2.1-roles-permissions.md) 鈥鍚Bitset 鏉冮檺瀹氫箟锛0 椤癸級銆佸唴缃鑹叉潈闄愮煩闃点€佹潈闄愯绠椾紭鍏堢骇銆丄PI 鎺ュ彛銆佷腑闂翠欢浣跨敤璇存槑,CORRUPTED,馃搸 **娣卞寲鍙傝€*锛歔`docs/ref-2.1-roles-permissions.md`](ref-2.1-roles-permissions.md) 鈥鍚Bitset 鏉冮檺瀹氫箟锛0 椤癸級銆佸唴缃鑹叉潈闄愮煩闃点€佹潈闄愯绠椾紭鍏堢骇銆丄PI 鎺ュ彛銆佷腑闂翠欢浣跨敤璇存槑,重摘可读 source_quote；确认 source_section；必要时拆分 atomic_assertion；不能沿用乱码行,OPEN,
UA2-00004,user-agent,docs/PRD-用户体系.md,source_quote;atomic_assertion,10,6: #### 2.1.1 瑙掕壊鐭╅樀,| `super_admin` | L5 | 骞冲彴鎷ユ湁鑰鍒涘浜|| 鍏ㄩ儴鏉冮檺锛屼笉鍙浠讳綍浜虹鐞|| 1-3 浜|| 鍒涘浜恒€丆TO |,CORRUPTED,鍏ㄩ儴鏉冮檺锛屼笉鍙浠讳綍浜虹鐞,重摘可读 source_quote；确认 source_section；必要时拆分 atomic_assertion；不能沿用乱码行,OPEN,
UA2-00009,user-agent,docs/PRD-用户体系.md,source_quote;atomic_assertion,11,6: #### 2.1.1 瑙掕壊鐭╅樀,| `admin` | L4 | 杩愯惀绠＄悊鍛|| 闄よ储鍔℃斁娆绯荤粺瀵嗛挜澶栫殑鍏ㄩ儴绠＄悊鏉冮檺 | 鎸夐渶 | 鏃ュ父杩愯惀璐熻矗浜||,CORRUPTED,闄よ储鍔℃斁娆绯荤粺瀵嗛挜澶栫殑鍏ㄩ儴绠＄悊鏉冮檺,重摘可读 source_quote；确认 source_section；必要时拆分 atomic_assertion；不能沿用乱码行,OPEN,
UA2-00044,user-agent,docs/PRD-用户体系.md,source_quote;atomic_assertion,18,6: #### 2.1.1 瑙掕壊鐭╅樀,| `user` | L2 | 鏅€氱敤鎴|| 绠＄悊鑷繁鐨Key銆佽皟鐢API銆佹煡鐪嬫秷璐|| 涓嶉檺 | 寮€鍙戣€||,CORRUPTED,绠＄悊鑷繁鐨Key銆佽皟鐢API銆佹煡鐪嬫秷璐,重摘可读 source_quote；确认 source_section；必要时拆分 atomic_assertion；不能沿用乱码行,OPEN,
UA2-00049,user-agent,docs/PRD-用户体系.md,source_quote;atomic_assertion,19,6: #### 2.1.1 瑙掕壊鐭╅樀,| `developer` | L2 | 寮€鍙戣€呯敤鎴|| 鍚user锛岄澶栧彲鏌ョ湅寮€鍙戣€呮枃妗ｅ拰浠ｇ爜绀轰緥 | 涓嶉檺 | 闆嗘垚寮€鍙戣€||,CORRUPTED,鍚user锛岄澶栧彲鏌ョ湅寮€鍙戣€呮枃妗ｅ拰浠ｇ爜绀轰緥,重摘可读 source_quote；确认 source_section；必要时拆分 atomic_assertion；不能沿用乱码行,OPEN,
UA2-00052,user-agent,docs/PRD-用户体系.md,source_quote;atomic_assertion,23,21: #### 2.1.2 鏉冮檺寮曟搸瑙勬牸,**璧勬簮缁村害**锛堟寜妯″潡鍒掑垎锛夛細,CORRUPTED,**璧勬簮缁村害**锛堟寜妯″潡鍒掑垎锛夛細,重摘可读 source_quote；确认 source_section；必要时拆分 atomic_assertion；不能沿用乱码行,OPEN,
UA2-00078,user-agent,docs/PRD-用户体系.md,source_quote;atomic_assertion,35,21: #### 2.1.2 鏉冮檺寮曟搸瑙勬牸,| `config` | 绯荤粺閰嶇疆 | 鍙傛暟 / 鐗堟湰 / 绔欑偣 / 鐜 |,CORRUPTED,绯荤粺閰嶇疆,重摘可读 source_quote；确认 source_section；必要时拆分 atomic_assertion；不能沿用乱码行,OPEN,
UA2-00083,user-agent,docs/PRD-用户体系.md,source_quote;atomic_assertion,38,21: #### 2.1.2 鏉冮檺寮曟搸瑙勬牸,**鎿嶄綔缁村害**锛堟瘡涓祫婧愮嫭绔嬶級锛|,CORRUPTED,**鎿嶄綔缁村害**锛堟瘡涓祫婧愮嫭绔嬶級锛|,重摘可读 source_quote；确认 source_section；必要时拆分 atomic_assertion；不能沿用乱码行,OPEN,
UA2-00102,user-agent,docs/PRD-用户体系.md,source_quote;atomic_assertion,47,21: #### 2.1.2 鏉冮檺寮曟搸瑙勬牸,| `audit` | 瀹℃牳 | 瀹℃牳鎿嶄綔锛堟彁鐜瀹炲悕/缁撶畻锛墊,CORRUPTED,| `audit` | 瀹℃牳 | 瀹℃牳鎿嶄綔锛堟彁鐜瀹炲悕/缁撶畻锛墊,重摘可读 source_quote；确认 source_section；必要时拆分 atomic_assertion；不能沿用乱码行,OPEN,
UA2-00103,user-agent,docs/PRD-用户体系.md,source_quote;atomic_assertion,48,21: #### 2.1.2 鏉冮檺寮曟搸瑙勬牸,| `operate` | 鎿嶄綔 | 鐗规畩鎿嶄綔锛堢鐢ㄧ敤鎴璋冩暣浣欓锛墊,CORRUPTED,| `operate` | 鎿嶄綔 | 鐗规畩鎿嶄綔锛堢鐢ㄧ敤鎴璋冩暣浣欓锛墊,重摘可读 source_quote；确认 source_section；必要时拆分 atomic_assertion；不能沿用乱码行,OPEN,
UA2-00104,user-agent,docs/PRD-用户体系.md,source_quote;atomic_assertion,50,21: #### 2.1.2 鏉冮檺寮曟搸瑙勬牸,**鏁版嵁鑼冨洿闄愬埗**锛|,CORRUPTED,**鏁版嵁鑼冨洿闄愬埗**锛|,重摘可读 source_quote；确认 source_section；必要时拆分 atomic_assertion；不能沿用乱码行,OPEN,
UA2-00113,user-agent,docs/PRD-用户体系.md,source_quote;atomic_assertion,55,21: #### 2.1.2 鏉冮檺寮曟搸瑙勬牸,| `agent_only` | 浠呭悕涓嬪叧鑱旂敤鎴|| agent 鍙兘鐪嬪埌鑷繁鍚嶄笅鐨勭敤鎴锋暟鎹||,CORRUPTED,agent 鍙兘鐪嬪埌鑷繁鍚嶄笅鐨勭敤鎴锋暟鎹,重摘可读 source_quote；确认 source_section；必要时拆分 atomic_assertion；不能沿用乱码行,OPEN,
UA2-00116,user-agent,docs/PRD-用户体系.md,source_quote;atomic_assertion,56,21: #### 2.1.2 鏉冮檺寮曟搸瑙勬牸,| `self` | 浠呰嚜宸|| user 鍙兘鐪嬪埌鑷繁鐨勬暟鎹||,CORRUPTED,user 鍙兘鐪嬪埌鑷繁鐨勬暟鎹,重摘可读 source_quote；确认 source_section；必要时拆分 atomic_assertion；不能沿用乱码行,OPEN,
UA2-00117,user-agent,docs/PRD-用户体系.md,source_quote;atomic_assertion,58,21: #### 2.1.2 鏉冮檺寮曟搸瑙勬牸,**瑙掕壊妯℃澘棰勮**锛|,CORRUPTED,**瑙掕壊妯℃澘棰勮**锛|,重摘可读 source_quote；确认 source_section；必要时拆分 atomic_assertion；不能沿用乱码行,OPEN,
UA2-00136,user-agent,docs/PRD-用户体系.md,source_quote;atomic_assertion,70,68: #### 2.1.3 澶氱鐞嗗憳鍗忎綔涓庢搷浣滃璁|,**鎿嶄綔鏃ュ織璁板綍鍐呭**锛堟瘡鏉¤褰曞繀椤诲寘鍚級锛|,CORRUPTED,**鎿嶄綔鏃ュ織璁板綍鍐呭**锛堟瘡鏉¤褰曞繀椤诲寘鍚級锛|,重摘可读 source_quote；确认 source_section；必要时拆分 atomic_assertion；不能沿用乱码行,OPEN,
UA2-00156,user-agent,docs/PRD-用户体系.md,source_quote;atomic_assertion,80,68: #### 2.1.3 澶氱鐞嗗憳鍗忎綔涓庢搷浣滃璁|,"| `before_value` | 鎿嶄綔鍓嶅€硷紙鏁忔劅鎿嶄綔蹇呭～锛墊 `{""balance"": 500.00}` |",CORRUPTED,"鎿嶄綔鍓嶅€硷紙鏁忔劅鎿嶄綔蹇呭～锛墊 `{""balance"": 500.00}`",重摘可读 source_quote；确认 source_section；必要时拆分 atomic_assertion；不能沿用乱码行,OPEN,
UA2-00158,user-agent,docs/PRD-用户体系.md,source_quote;atomic_assertion,81,68: #### 2.1.3 澶氱鐞嗗憳鍗忎綔涓庢搷浣滃璁|,"| `after_value` | 鎿嶄綔鍚庡€硷紙鏁忔劅鎿嶄綔蹇呭～锛墊 `{""balance"": 300.00}` |",CORRUPTED,"鎿嶄綔鍚庡€硷紙鏁忔劅鎿嶄綔蹇呭～锛墊 `{""balance"": 300.00}`",重摘可读 source_quote；确认 source_section；必要时拆分 atomic_assertion；不能沿用乱码行,OPEN,
UA2-00168,user-agent,docs/PRD-用户体系.md,source_quote;atomic_assertion,86,68: #### 2.1.3 澶氱鐞嗗憳鍗忎綔涓庢搷浣滃璁|,**鏁忔劅鎿嶄綔鍒楄〃**锛堝繀椤昏褰曞墠鍚庡€+ 闇€浜屾纭锛夛細,CORRUPTED,**鏁忔劅鎿嶄綔鍒楄〃**锛堝繀椤昏褰曞墠鍚庡€+ 闇€浜屾纭锛夛細,重摘可读 source_quote；确认 source_section；必要时拆分 atomic_assertion；不能沿用乱码行,OPEN,
UA2-00169,user-agent,docs/PRD-用户体系.md,source_quote;atomic_assertion,101,68: #### 2.1.3 澶氱鐞嗗憳鍗忎綔涓庢搷浣滃璁|,**鏁忔劅鎿嶄綔瀹℃壒娴*锛|,CORRUPTED,**鏁忔劅鎿嶄綔瀹℃壒娴*锛|,重摘可读 source_quote；确认 source_section；必要时拆分 atomic_assertion；不能沿用乱码行,OPEN,
UA2-00170,user-agent,docs/PRD-用户体系.md,source_quote;atomic_assertion,120,118: ### 2.2 鐢ㄦ埛绔姛鑳借鏍|,> 馃搸 **娣卞寲鍙傝€*锛歔`docs/ref-2.2-user-dashboard.md`](ref-2.2-user-dashboard.md) 鈥鍚Drizzle Schema 琛ュ厖銆佸畬鏁API 鎺ュ彛銆6 鍖哄煙缁勪欢 Props銆佺姸鎬佺鐞嗐€佷氦鍙夊紩鐢ㄤ笌璋冪敤閾|,CORRUPTED,馃搸 **娣卞寲鍙傝€*锛歔`docs/ref-2.2-user-dashboard.md`](ref-2.2-user-dashboard.md) 鈥鍚Drizzle Schema 琛ュ厖銆佸畬鏁API 鎺ュ彛銆6 鍖哄煙缁勪欢 Props銆佺姸鎬佺鐞嗐€佷氦鍙夊紩鐢ㄤ笌璋冪敤閾|,重摘可读 source_quote；确认 source_section；必要时拆分 atomic_assertion；不能沿用乱码行,OPEN,
UA2-00171,user-agent,docs/PRD-用户体系.md,source_section,128,126: ##### 鍖哄煙 1锛氭杩庡崱鐗|,**瀛楁瑙勬牸**,READABLE,**瀛楁瑙勬牸**,重摘可读 source_quote；确认 source_section；必要时拆分 atomic_assertion；不能沿用乱码行,OPEN,
UA2-00172,user-agent,docs/PRD-用户体系.md,source_section,132,126: ##### 鍖哄煙 1锛氭杩庡崱鐗|,| 鐢ㄦ埛鏄电О | text | `users.nickname` | 浼氳瘽鍔犺浇 | 鏄剧ず閭鍓嶇紑 |,READABLE,鐢ㄦ埛鏄电О,重摘可读 source_quote；确认 source_section；必要时拆分 atomic_assertion；不能沿用乱码行,OPEN,
UA2-00173,user-agent,docs/PRD-用户体系.md,source_section,132,126: ##### 鍖哄煙 1锛氭杩庡崱鐗|,| 鐢ㄦ埛鏄电О | text | `users.nickname` | 浼氳瘽鍔犺浇 | 鏄剧ず閭鍓嶇紑 |,READABLE,text,重摘可读 source_quote；确认 source_section；必要时拆分 atomic_assertion；不能沿用乱码行,OPEN,
UA2-00174,user-agent,docs/PRD-用户体系.md,source_section,132,126: ##### 鍖哄煙 1锛氭杩庡崱鐗|,| 鐢ㄦ埛鏄电О | text | `users.nickname` | 浼氳瘽鍔犺浇 | 鏄剧ず閭鍓嶇紑 |,READABLE,`users.nickname`,重摘可读 source_quote；确认 source_section；必要时拆分 atomic_assertion；不能沿用乱码行,OPEN,
UA2-00175,user-agent,docs/PRD-用户体系.md,source_section,132,126: ##### 鍖哄煙 1锛氭杩庡崱鐗|,| 鐢ㄦ埛鏄电О | text | `users.nickname` | 浼氳瘽鍔犺浇 | 鏄剧ず閭鍓嶇紑 |,READABLE,浼氳瘽鍔犺浇,重摘可读 source_quote；确认 source_section；必要时拆分 atomic_assertion；不能沿用乱码行,OPEN,
UA2-00176,user-agent,docs/PRD-用户体系.md,source_section,132,126: ##### 鍖哄煙 1锛氭杩庡崱鐗|,| 鐢ㄦ埛鏄电О | text | `users.nickname` | 浼氳瘽鍔犺浇 | 鏄剧ず閭鍓嶇紑 |,READABLE,鏄剧ず閭鍓嶇紑,重摘可读 source_quote；确认 source_section；必要时拆分 atomic_assertion；不能沿用乱码行,OPEN,
UA2-00177,user-agent,docs/PRD-用户体系.md,source_section,133,126: ##### 鍖哄煙 1锛氭杩庡崱鐗|,| 瑙掕壊鏍囩 | badge | `users.role` | 浼氳瘽鍔犺浇 | 涓嶆樉绀||,READABLE,瑙掕壊鏍囩,重摘可读 source_quote；确认 source_section；必要时拆分 atomic_assertion；不能沿用乱码行,OPEN,
UA2-00178,user-agent,docs/PRD-用户体系.md,source_section,133,126: ##### 鍖哄煙 1锛氭杩庡崱鐗|,| 瑙掕壊鏍囩 | badge | `users.role` | 浼氳瘽鍔犺浇 | 涓嶆樉绀||,READABLE,badge,重摘可读 source_quote；确认 source_section；必要时拆分 atomic_assertion；不能沿用乱码行,OPEN,
UA2-00179,user-agent,docs/PRD-用户体系.md,source_section,133,126: ##### 鍖哄煙 1锛氭杩庡崱鐗|,| 瑙掕壊鏍囩 | badge | `users.role` | 浼氳瘽鍔犺浇 | 涓嶆樉绀||,READABLE,`users.role`,重摘可读 source_quote；确认 source_section；必要时拆分 atomic_assertion；不能沿用乱码行,OPEN,
UA2-00181,user-agent,docs/PRD-用户体系.md,source_section,133,126: ##### 鍖哄煙 1锛氭杩庡崱鐗|,| 瑙掕壊鏍囩 | badge | `users.role` | 浼氳瘽鍔犺浇 | 涓嶆樉绀||,READABLE,涓嶆樉绀,重摘可读 source_quote；确认 source_section；必要时拆分 atomic_assertion；不能沿用乱码行,OPEN,
UA2-00182,user-agent,docs/PRD-用户体系.md,source_section,134,126: ##### 鍖哄煙 1锛氭杩庡崱鐗|,| VIP 鏍囪瘑 | badge | `users.vip_level` | 浼氳瘽鍔犺浇 | level=0 涓嶆樉绀||,READABLE,VIP 鏍囪瘑,重摘可读 source_quote；确认 source_section；必要时拆分 atomic_assertion；不能沿用乱码行,OPEN,
UA2-00184,user-agent,docs/PRD-用户体系.md,source_section,134,126: ##### 鍖哄煙 1锛氭杩庡崱鐗|,| VIP 鏍囪瘑 | badge | `users.vip_level` | 浼氳瘽鍔犺浇 | level=0 涓嶆樉绀||,READABLE,`users.vip_level`,重摘可读 source_quote；确认 source_section；必要时拆分 atomic_assertion；不能沿用乱码行,OPEN,
UA2-00186,user-agent,docs/PRD-用户体系.md,source_section,134,126: ##### 鍖哄煙 1锛氭杩庡崱鐗|,| VIP 鏍囪瘑 | badge | `users.vip_level` | 浼氳瘽鍔犺浇 | level=0 涓嶆樉绀||,READABLE,level=0 涓嶆樉绀,重摘可读 source_quote；确认 source_section；必要时拆分 atomic_assertion；不能沿用乱码行,OPEN,
UA2-00187,user-agent,docs/PRD-用户体系.md,source_section,135,126: ##### 鍖哄煙 1锛氭杩庡崱鐗|,"| 璐︽埛浣欓 | decimal(10,2) | `users.balance` | 姣忔椤甸潰鍒锋柊 | 楼0.00 |",READABLE,璐︽埛浣欓,重摘可读 source_quote；确认 source_section；必要时拆分 atomic_assertion；不能沿用乱码行,OPEN,
UA2-00188,user-agent,docs/PRD-用户体系.md,source_section,135,126: ##### 鍖哄煙 1锛氭杩庡崱鐗|,"| 璐︽埛浣欓 | decimal(10,2) | `users.balance` | 姣忔椤甸潰鍒锋柊 | 楼0.00 |",READABLE,"decimal(10,2)",重摘可读 source_quote；确认 source_section；必要时拆分 atomic_assertion；不能沿用乱码行,OPEN,
UA2-00189,user-agent,docs/PRD-用户体系.md,source_section,135,126: ##### 鍖哄煙 1锛氭杩庡崱鐗|,"| 璐︽埛浣欓 | decimal(10,2) | `users.balance` | 姣忔椤甸潰鍒锋柊 | 楼0.00 |",READABLE,`users.balance`,重摘可读 source_quote；确认 source_section；必要时拆分 atomic_assertion；不能沿用乱码行,OPEN,
UA2-00190,user-agent,docs/PRD-用户体系.md,source_section,135,126: ##### 鍖哄煙 1锛氭杩庡崱鐗|,"| 璐︽埛浣欓 | decimal(10,2) | `users.balance` | 姣忔椤甸潰鍒锋柊 | 楼0.00 |",READABLE,姣忔椤甸潰鍒锋柊,重摘可读 source_quote；确认 source_section；必要时拆分 atomic_assertion；不能沿用乱码行,OPEN,
UA2-00191,user-agent,docs/PRD-用户体系.md,source_section,135,126: ##### 鍖哄煙 1锛氭杩庡崱鐗|,"| 璐︽埛浣欓 | decimal(10,2) | `users.balance` | 姣忔椤甸潰鍒锋柊 | 楼0.00 |",READABLE,楼0.00,重摘可读 source_quote；确认 source_section；必要时拆分 atomic_assertion；不能沿用乱码行,OPEN,
UA2-00192,user-agent,docs/PRD-用户体系.md,source_section,136,126: ##### 鍖哄煙 1锛氭杩庡崱鐗|,| 浣欓棰勮搴曡壊 | color | 浣欓 <= 楼10 榛勮壊锛= 楼1 绾㈣壊 | 姣忔鍒锋柊 | 姝ｅ父搴曡壊 |,CORRUPTED,浣欓棰勮搴曡壊,重摘可读 source_quote；确认 source_section；必要时拆分 atomic_assertion；不能沿用乱码行,OPEN,
UA2-00193,user-agent,docs/PRD-用户体系.md,source_section,136,126: ##### 鍖哄煙 1锛氭杩庡崱鐗|,| 浣欓棰勮搴曡壊 | color | 浣欓 <= 楼10 榛勮壊锛= 楼1 绾㈣壊 | 姣忔鍒锋柊 | 姝ｅ父搴曡壊 |,CORRUPTED,color,重摘可读 source_quote；确认 source_section；必要时拆分 atomic_assertion；不能沿用乱码行,OPEN,
UA2-00194,user-agent,docs/PRD-用户体系.md,source_section;source_quote;atomic_assertion,136,126: ##### 鍖哄煙 1锛氭杩庡崱鐗|,| 浣欓棰勮搴曡壊 | color | 浣欓 <= 楼10 榛勮壊锛= 楼1 绾㈣壊 | 姣忔鍒锋柊 | 姝ｅ父搴曡壊 |,CORRUPTED,浣欓 <= 楼10 榛勮壊锛= 楼1 绾㈣壊,重摘可读 source_quote；确认 source_section；必要时拆分 atomic_assertion；不能沿用乱码行,OPEN,
UA2-00195,user-agent,docs/PRD-用户体系.md,source_section,136,126: ##### 鍖哄煙 1锛氭杩庡崱鐗|,| 浣欓棰勮搴曡壊 | color | 浣欓 <= 楼10 榛勮壊锛= 楼1 绾㈣壊 | 姣忔鍒锋柊 | 姝ｅ父搴曡壊 |,CORRUPTED,姣忔鍒锋柊,重摘可读 source_quote；确认 source_section；必要时拆分 atomic_assertion；不能沿用乱码行,OPEN,
UA2-00196,user-agent,docs/PRD-用户体系.md,source_section,136,126: ##### 鍖哄煙 1锛氭杩庡崱鐗|,| 浣欓棰勮搴曡壊 | color | 浣欓 <= 楼10 榛勮壊锛= 楼1 绾㈣壊 | 姣忔鍒锋柊 | 姝ｅ父搴曡壊 |,CORRUPTED,姝ｅ父搴曡壊,重摘可读 source_quote；确认 source_section；必要时拆分 atomic_assertion；不能沿用乱码行,OPEN,
UA2-00197,user-agent,docs/PRD-用户体系.md,source_section,137,126: ##### 鍖哄煙 1锛氭杩庡崱鐗|,| 浠婃棩宸茬敤 Token | bigint | `call_logs` 褰撴棩鑱氬悎 | 10 绉掕疆璇|| 0 tokens |,READABLE,浠婃棩宸茬敤 Token,重摘可读 source_quote；确认 source_section；必要时拆分 atomic_assertion；不能沿用乱码行,OPEN,
UA2-00198,user-agent,docs/PRD-用户体系.md,source_section,137,126: ##### 鍖哄煙 1锛氭杩庡崱鐗|,| 浠婃棩宸茬敤 Token | bigint | `call_logs` 褰撴棩鑱氬悎 | 10 绉掕疆璇|| 0 tokens |,READABLE,bigint,重摘可读 source_quote；确认 source_section；必要时拆分 atomic_assertion；不能沿用乱码行,OPEN,
UA2-00199,user-agent,docs/PRD-用户体系.md,source_section,137,126: ##### 鍖哄煙 1锛氭杩庡崱鐗|,| 浠婃棩宸茬敤 Token | bigint | `call_logs` 褰撴棩鑱氬悎 | 10 绉掕疆璇|| 0 tokens |,READABLE,`call_logs` 褰撴棩鑱氬悎,重摘可读 source_quote；确认 source_section；必要时拆分 atomic_assertion；不能沿用乱码行,OPEN,
UA2-00200,user-agent,docs/PRD-用户体系.md,source_section,137,126: ##### 鍖哄煙 1锛氭杩庡崱鐗|,| 浠婃棩宸茬敤 Token | bigint | `call_logs` 褰撴棩鑱氬悎 | 10 绉掕疆璇|| 0 tokens |,READABLE,10 绉掕疆璇,重摘可读 source_quote；确认 source_section；必要时拆分 atomic_assertion；不能沿用乱码行,OPEN,
UA2-00201,user-agent,docs/PRD-用户体系.md,source_section,137,126: ##### 鍖哄煙 1锛氭杩庡崱鐗|,| 浠婃棩宸茬敤 Token | bigint | `call_logs` 褰撴棩鑱氬悎 | 10 绉掕疆璇|| 0 tokens |,READABLE,0 tokens,重摘可读 source_quote；确认 source_section；必要时拆分 atomic_assertion；不能沿用乱码行,OPEN,
UA2-00202,user-agent,docs/PRD-用户体系.md,source_section,138,126: ##### 鍖哄煙 1锛氭杩庡崱鐗|,| 鍓╀綑鍏嶈垂棰濆害 | bigint | `user_quotas.daily_free` - 浠婃棩宸茬敤 | 10 绉掕疆璇|| 鏃犲厤璐归搴﹀垯闅愯棌 |,READABLE,鍓╀綑鍏嶈垂棰濆害,重摘可读 source_quote；确认 source_section；必要时拆分 atomic_assertion；不能沿用乱码行,OPEN,
UA2-00204,user-agent,docs/PRD-用户体系.md,source_section,138,126: ##### 鍖哄煙 1锛氭杩庡崱鐗|,| 鍓╀綑鍏嶈垂棰濆害 | bigint | `user_quotas.daily_free` - 浠婃棩宸茬敤 | 10 绉掕疆璇|| 鏃犲厤璐归搴﹀垯闅愯棌 |,READABLE,`user_quotas.daily_free` - 浠婃棩宸茬敤,重摘可读 source_quote；确认 source_section；必要时拆分 atomic_assertion；不能沿用乱码行,OPEN,
UA2-00206,user-agent,docs/PRD-用户体系.md,source_section,138,126: ##### 鍖哄煙 1锛氭杩庡崱鐗|,| 鍓╀綑鍏嶈垂棰濆害 | bigint | `user_quotas.daily_free` - 浠婃棩宸茬敤 | 10 绉掕疆璇|| 鏃犲厤璐归搴﹀垯闅愯棌 |,READABLE,鏃犲厤璐归搴﹀垯闅愯棌,重摘可读 source_quote；确认 source_section；必要时拆分 atomic_assertion；不能沿用乱码行,OPEN,
UA2-00207,user-agent,docs/PRD-用户体系.md,source_section,139,126: ##### 鍖哄煙 1锛氭杩庡崱鐗|,"| 涓婃鐧诲綍鏃堕棿 | datetime | `login_history` 鏈€鏂颁竴鏉|| 浼氳瘽鍔犺浇 | ""棣栨鐧诲綍"" |",READABLE,涓婃鐧诲綍鏃堕棿,重摘可读 source_quote；确认 source_section；必要时拆分 atomic_assertion；不能沿用乱码行,OPEN,
UA2-00208,user-agent,docs/PRD-用户体系.md,source_section,139,126: ##### 鍖哄煙 1锛氭杩庡崱鐗|,"| 涓婃鐧诲綍鏃堕棿 | datetime | `login_history` 鏈€鏂颁竴鏉|| 浼氳瘽鍔犺浇 | ""棣栨鐧诲綍"" |",READABLE,datetime,重摘可读 source_quote；确认 source_section；必要时拆分 atomic_assertion；不能沿用乱码行,OPEN,
UA2-00209,user-agent,docs/PRD-用户体系.md,source_section,139,126: ##### 鍖哄煙 1锛氭杩庡崱鐗|,"| 涓婃鐧诲綍鏃堕棿 | datetime | `login_history` 鏈€鏂颁竴鏉|| 浼氳瘽鍔犺浇 | ""棣栨鐧诲綍"" |",READABLE,`login_history` 鏈€鏂颁竴鏉,重摘可读 source_quote；确认 source_section；必要时拆分 atomic_assertion；不能沿用乱码行,OPEN,
UA2-00211,user-agent,docs/PRD-用户体系.md,source_section,139,126: ##### 鍖哄煙 1锛氭杩庡崱鐗|,"| 涓婃鐧诲綍鏃堕棿 | datetime | `login_history` 鏈€鏂颁竴鏉|| 浼氳瘽鍔犺浇 | ""棣栨鐧诲綍"" |",READABLE,"""棣栨鐧诲綍""",重摘可读 source_quote；确认 source_section；必要时拆分 atomic_assertion；不能沿用乱码行,OPEN,
UA2-00212,user-agent,docs/PRD-用户体系.md,source_section,140,126: ##### 鍖哄煙 1锛氭杩庡崱鐗|,| 涓婃鐧诲綍 IP | text | 鍚屼笂 | 浼氳瘽鍔犺浇 | 鏃||,READABLE,涓婃鐧诲綍 IP,重摘可读 source_quote；确认 source_section；必要时拆分 atomic_assertion；不能沿用乱码行,OPEN,
UA2-00214,user-agent,docs/PRD-用户体系.md,source_section,140,126: ##### 鍖哄煙 1锛氭杩庡崱鐗|,| 涓婃鐧诲綍 IP | text | 鍚屼笂 | 浼氳瘽鍔犺浇 | 鏃||,READABLE,鍚屼笂,重摘可读 source_quote；确认 source_section；必要时拆分 atomic_assertion；不能沿用乱码行,OPEN,
UA2-00216,user-agent,docs/PRD-用户体系.md,source_section,141,126: ##### 鍖哄煙 1锛氭杩庡崱鐗|,"| 涓婃鐧诲綍褰掑睘鍦|| text | IP 鍦扮悊搴撹В鏋|| 浼氳瘽鍔犺浇 | ""鏈煡鍖哄煙""|",READABLE,涓婃鐧诲綍褰掑睘鍦,重摘可读 source_quote；确认 source_section；必要时拆分 atomic_assertion；不能沿用乱码行,OPEN,
UA2-00218,user-agent,docs/PRD-用户体系.md,source_section,141,126: ##### 鍖哄煙 1锛氭杩庡崱鐗|,"| 涓婃鐧诲綍褰掑睘鍦|| text | IP 鍦扮悊搴撹В鏋|| 浼氳瘽鍔犺浇 | ""鏈煡鍖哄煙""|",READABLE,IP 鍦扮悊搴撹В鏋,重摘可读 source_quote；确认 source_section；必要时拆分 atomic_assertion；不能沿用乱码行,OPEN,
UA2-00220,user-agent,docs/PRD-用户体系.md,source_section,141,126: ##### 鍖哄煙 1锛氭杩庡崱鐗|,"| 涓婃鐧诲綍褰掑睘鍦|| text | IP 鍦扮悊搴撹В鏋|| 浼氳瘽鍔犺浇 | ""鏈煡鍖哄煙""|",READABLE,"""鏈煡鍖哄煙""",重摘可读 source_quote；确认 source_section；必要时拆分 atomic_assertion；不能沿用乱码行,OPEN,
UA2-00221,user-agent,docs/PRD-用户体系.md,source_section,143,126: ##### 鍖哄煙 1锛氭杩庡崱鐗|,**杩愯惀閰嶇疆**,READABLE,**杩愯惀閰嶇疆**,重摘可读 source_quote；确认 source_section；必要时拆分 atomic_assertion；不能沿用乱码行,OPEN,
UA2-00222,user-agent,docs/PRD-用户体系.md,source_section,145,126: ##### 鍖哄煙 1锛氭杩庡崱鐗|,| 閰嶇疆椤|| 璺緞 | 榛樿鍊|| 璇存槑 |,READABLE,閰嶇疆椤,重摘可读 source_quote；确认 source_section；必要时拆分 atomic_assertion；不能沿用乱码行,OPEN,
UA2-00223,user-agent,docs/PRD-用户体系.md,source_section,145,126: ##### 鍖哄煙 1锛氭杩庡崱鐗|,| 閰嶇疆椤|| 璺緞 | 榛樿鍊|| 璇存槑 |,READABLE,璺緞,重摘可读 source_quote；确认 source_section；必要时拆分 atomic_assertion；不能沿用乱码行,OPEN,
UA2-00224,user-agent,docs/PRD-用户体系.md,source_section,145,126: ##### 鍖哄煙 1锛氭杩庡崱鐗|,| 閰嶇疆椤|| 璺緞 | 榛樿鍊|| 璇存槑 |,READABLE,榛樿鍊,重摘可读 source_quote；确认 source_section；必要时拆分 atomic_assertion；不能沿用乱码行,OPEN,
UA2-00225,user-agent,docs/PRD-用户体系.md,source_section,4,2: ### 2.1 瑙掕壊涓庢潈闄愪綋绯|,> 馃搸 **娣卞寲鍙傝€*锛歔`docs/ref-2.1-roles-permissions.md`](ref-2.1-roles-permissions.md) 鈥鍚Bitset 鏉冮檺瀹氫箟锛0 椤癸級銆佸唴缃鑹叉潈闄愮煩闃点€佹潈闄愯绠椾紭鍏堢骇銆丄PI 鎺ュ彛銆佷腑闂翠欢浣跨敤璇存槑,CORRUPTED,璇存槑,重摘可读 source_quote；确认 source_section；必要时拆分 atomic_assertion；不能沿用乱码行,OPEN,
UA2-00226,user-agent,docs/PRD-用户体系.md,source_section,147,126: ##### 鍖哄煙 1锛氭杩庡崱鐗|,| 浣欓棰勮闃堝€榛勮壊 | `site_configs.balance_warn_yellow` | 10.00 | 浣欓浣庝簬姝ゅ€煎崱鐗囧彉榛||,READABLE,浣欓棰勮闃堝€榛勮壊,重摘可读 source_quote；确认 source_section；必要时拆分 atomic_assertion；不能沿用乱码行,OPEN,
UA2-00227,user-agent,docs/PRD-用户体系.md,source_section,147,126: ##### 鍖哄煙 1锛氭杩庡崱鐗|,| 浣欓棰勮闃堝€榛勮壊 | `site_configs.balance_warn_yellow` | 10.00 | 浣欓浣庝簬姝ゅ€煎崱鐗囧彉榛||,READABLE,`site_configs.balance_warn_yellow`,重摘可读 source_quote；确认 source_section；必要时拆分 atomic_assertion；不能沿用乱码行,OPEN,
UA2-00228,user-agent,docs/PRD-用户体系.md,source_section,147,126: ##### 鍖哄煙 1锛氭杩庡崱鐗|,| 浣欓棰勮闃堝€榛勮壊 | `site_configs.balance_warn_yellow` | 10.00 | 浣欓浣庝簬姝ゅ€煎崱鐗囧彉榛||,READABLE,10.00,重摘可读 source_quote；确认 source_section；必要时拆分 atomic_assertion；不能沿用乱码行,OPEN,
UA2-00229,user-agent,docs/PRD-用户体系.md,source_section,147,126: ##### 鍖哄煙 1锛氭杩庡崱鐗|,| 浣欓棰勮闃堝€榛勮壊 | `site_configs.balance_warn_yellow` | 10.00 | 浣欓浣庝簬姝ゅ€煎崱鐗囧彉榛||,READABLE,浣欓浣庝簬姝ゅ€煎崱鐗囧彉榛,重摘可读 source_quote；确认 source_section；必要时拆分 atomic_assertion；不能沿用乱码行,OPEN,
UA2-00230,user-agent,docs/PRD-用户体系.md,source_section,148,126: ##### 鍖哄煙 1锛氭杩庡崱鐗|,| 浣欓棰勮闃堝€绾㈣壊 | `site_configs.balance_warn_red` | 1.00 | 浣欓浣庝簬姝ゅ€煎崱鐗囧彉绾||,READABLE,浣欓棰勮闃堝€绾㈣壊,重摘可读 source_quote；确认 source_section；必要时拆分 atomic_assertion；不能沿用乱码行,OPEN,
UA2-00231,user-agent,docs/PRD-用户体系.md,source_section,148,126: ##### 鍖哄煙 1锛氭杩庡崱鐗|,| 浣欓棰勮闃堝€绾㈣壊 | `site_configs.balance_warn_red` | 1.00 | 浣欓浣庝簬姝ゅ€煎崱鐗囧彉绾||,READABLE,`site_configs.balance_warn_red`,重摘可读 source_quote；确认 source_section；必要时拆分 atomic_assertion；不能沿用乱码行,OPEN,
UA2-00232,user-agent,docs/PRD-用户体系.md,source_section,148,126: ##### 鍖哄煙 1锛氭杩庡崱鐗|,| 浣欓棰勮闃堝€绾㈣壊 | `site_configs.balance_warn_red` | 1.00 | 浣欓浣庝簬姝ゅ€煎崱鐗囧彉绾||,READABLE,1.00,重摘可读 source_quote；确认 source_section；必要时拆分 atomic_assertion；不能沿用乱码行,OPEN,
UA2-00233,user-agent,docs/PRD-用户体系.md,source_section,148,126: ##### 鍖哄煙 1锛氭杩庡崱鐗|,| 浣欓棰勮闃堝€绾㈣壊 | `site_configs.balance_warn_red` | 1.00 | 浣欓浣庝簬姝ゅ€煎崱鐗囧彉绾||,READABLE,浣欓浣庝簬姝ゅ€煎崱鐗囧彉绾,重摘可读 source_quote；确认 source_section；必要时拆分 atomic_assertion；不能沿用乱码行,OPEN,
UA2-00234,user-agent,docs/PRD-用户体系.md,source_section,149,126: ##### 鍖哄煙 1锛氭杩庡崱鐗|,| 鍏嶈垂棰濆害姣忔棩涓婇檺 | `site_configs.daily_free_tokens` | 0 | 0 琛ㄧず涓嶅惎鐢ㄥ厤璐归搴||,READABLE,鍏嶈垂棰濆害姣忔棩涓婇檺,重摘可读 source_quote；确认 source_section；必要时拆分 atomic_assertion；不能沿用乱码行,OPEN,
UA2-00235,user-agent,docs/PRD-用户体系.md,source_section,149,126: ##### 鍖哄煙 1锛氭杩庡崱鐗|,| 鍏嶈垂棰濆害姣忔棩涓婇檺 | `site_configs.daily_free_tokens` | 0 | 0 琛ㄧず涓嶅惎鐢ㄥ厤璐归搴||,READABLE,`site_configs.daily_free_tokens`,重摘可读 source_quote；确认 source_section；必要时拆分 atomic_assertion；不能沿用乱码行,OPEN,
UA2-00236,user-agent,docs/PRD-用户体系.md,source_section,149,126: ##### 鍖哄煙 1锛氭杩庡崱鐗|,| 鍏嶈垂棰濆害姣忔棩涓婇檺 | `site_configs.daily_free_tokens` | 0 | 0 琛ㄧず涓嶅惎鐢ㄥ厤璐归搴||,READABLE,0 琛ㄧず涓嶅惎鐢ㄥ厤璐归搴,重摘可读 source_quote；确认 source_section；必要时拆分 atomic_assertion；不能沿用乱码行,OPEN,
UA2-00237,user-agent,docs/PRD-用户体系.md,source_section,151,126: ##### 鍖哄煙 1锛氭杩庡崱鐗|,**杈圭晫鏉′欢**,READABLE,**杈圭晫鏉′欢**,重摘可读 source_quote；确认 source_section；必要时拆分 atomic_assertion；不能沿用乱码行,OPEN,
UA2-00238,user-agent,docs/PRD-用户体系.md,source_section;source_quote;atomic_assertion,153,126: ##### 鍖哄煙 1锛氭杩庡崱鐗|,- 鐢ㄦ埛浣欓涓鸿礋鏁版椂锛堝钩鍙版瑺璐瑰満鏅級锛氭樉绀虹孩鑹`楼-XX.XX`锛屽崱鐗囬《閮ㄥ鍔鈿狅笍 璐︽埛娆犺垂锛岃绔嬪嵆鍏呭€妯潯,CORRUPTED,鐢ㄦ埛浣欓涓鸿礋鏁版椂锛堝钩鍙版瑺璐瑰満鏅級锛氭樉绀虹孩鑹`楼-XX.XX`锛屽崱鐗囬《閮ㄥ鍔鈿狅笍 璐︽埛娆犺垂锛岃绔嬪嵆鍏呭€妯潯,重摘可读 source_quote；确认 source_section；必要时拆分 atomic_assertion；不能沿用乱码行,OPEN,
UA2-00239,user-agent,docs/PRD-用户体系.md,source_section;source_quote;atomic_assertion,154,126: ##### 鍖哄煙 1锛氭杩庡崱鐗|,"- 鐢ㄦ埛琚鐢ㄦ椂锛氫綑棰濆崱鐗囦笉鍙锛屽睍绀璐︽埛宸茶绂佺敤""鎻愮ず",CORRUPTED,"鐢ㄦ埛琚鐢ㄦ椂锛氫綑棰濆崱鐗囦笉鍙锛屽睍绀璐︽埛宸茶绂佺敤""鎻愮ず",重摘可读 source_quote；确认 source_section；必要时拆分 atomic_assertion；不能沿用乱码行,OPEN,
UA2-00240,user-agent,docs/PRD-用户体系.md,source_section,155,126: ##### 鍖哄煙 1锛氭杩庡崱鐗|,- 鐢ㄦ埛瑙掕壊鍙樻洿鍚庯細涓嬫鍒锋柊鏃惰鑹叉爣绛炬洿鏂|,READABLE,鐢ㄦ埛瑙掕壊鍙樻洿鍚庯細涓嬫鍒锋柊鏃惰鑹叉爣绛炬洿鏂|,重摘可读 source_quote；确认 source_section；必要时拆分 atomic_assertion；不能沿用乱码行,OPEN,
UA2-00241,user-agent,docs/PRD-用户体系.md,source_section,157,126: ##### 鍖哄煙 1锛氭杩庡崱鐗|,**杩愯惀绛栫暐**,READABLE,**杩愯惀绛栫暐**,重摘可读 source_quote；确认 source_section；必要时拆分 atomic_assertion；不能沿用乱码行,OPEN,
UA2-00242,user-agent,docs/PRD-用户体系.md,source_section,159,126: ##### 鍖哄煙 1锛氭杩庡崱鐗|,"- 鏂版敞鍐岀敤鎴风殑鍓7 澶╋紝娆㈣繋鍗＄墖棰濆灞曠ず""鏂扮敤鎴蜂繚鎶ゆ湡""鏍囪瘑鍜屽墿浣欏ぉ鏁|",READABLE,"鏂版敞鍐岀敤鎴风殑鍓7 澶╋紝娆㈣繋鍗＄墖棰濆灞曠ず""鏂扮敤鎴蜂繚鎶ゆ湡""鏍囪瘑鍜屽墿浣欏ぉ鏁|",重摘可读 source_quote；确认 source_section；必要时拆分 atomic_assertion；不能沿用乱码行,OPEN,
UA2-00243,user-agent,docs/PRD-用户体系.md,source_section;source_quote;atomic_assertion,160,126: ##### 鍖哄煙 1锛氭杩庡崱鐗|,- 浣欓鍗冲皢鑰楀敖鏃讹紝鍗＄墖鐨绔嬪嵆鍏呭€鎸夐挳鏀惧ぇ绐佸嚭,CORRUPTED,浣欓鍗冲皢鑰楀敖鏃讹紝鍗＄墖鐨绔嬪嵆鍏呭€鎸夐挳鏀惧ぇ绐佸嚭,重摘可读 source_quote；确认 source_section；必要时拆分 atomic_assertion；不能沿用乱码行,OPEN,
UA2-00244,user-agent,docs/PRD-用户体系.md,source_section,128,126: ##### 鍖哄煙 1锛氭杩庡崱鐗|,**瀛楁瑙勬牸**,READABLE,**瀛楁瑙勬牸**,重摘可读 source_quote；确认 source_section；必要时拆分 atomic_assertion；不能沿用乱码行,OPEN,
UA2-00245,user-agent,docs/PRD-用户体系.md,source_section,170,164: ##### 鍖哄煙 2锛氭牳蹇冩寚鏍囧崱鐗|,| 浠婃棩璋冪敤娆℃暟 | `COUNT(call_logs)` 褰撴棩 | 鎴愬姛/澶辫触鏁|| 鐜瘮鏄ㄦ棩鍙樺寲鐜|| `/console/logs range=today` |,READABLE,浠婃棩璋冪敤娆℃暟,重摘可读 source_quote；确认 source_section；必要时拆分 atomic_assertion；不能沿用乱码行,OPEN,
UA2-00246,user-agent,docs/PRD-用户体系.md,source_section,170,164: ##### 鍖哄煙 2锛氭牳蹇冩寚鏍囧崱鐗|,| 浠婃棩璋冪敤娆℃暟 | `COUNT(call_logs)` 褰撴棩 | 鎴愬姛/澶辫触鏁|| 鐜瘮鏄ㄦ棩鍙樺寲鐜|| `/console/logs range=today` |,READABLE,`COUNT(call_logs)` 褰撴棩,重摘可读 source_quote；确认 source_section；必要时拆分 atomic_assertion；不能沿用乱码行,OPEN,
UA2-00247,user-agent,docs/PRD-用户体系.md,source_section,170,164: ##### 鍖哄煙 2锛氭牳蹇冩寚鏍囧崱鐗|,| 浠婃棩璋冪敤娆℃暟 | `COUNT(call_logs)` 褰撴棩 | 鎴愬姛/澶辫触鏁|| 鐜瘮鏄ㄦ棩鍙樺寲鐜|| `/console/logs range=today` |,READABLE,鎴愬姛/澶辫触鏁,重摘可读 source_quote；确认 source_section；必要时拆分 atomic_assertion；不能沿用乱码行,OPEN,
UA2-00248,user-agent,docs/PRD-用户体系.md,source_section,170,164: ##### 鍖哄煙 2锛氭牳蹇冩寚鏍囧崱鐗|,| 浠婃棩璋冪敤娆℃暟 | `COUNT(call_logs)` 褰撴棩 | 鎴愬姛/澶辫触鏁|| 鐜瘮鏄ㄦ棩鍙樺寲鐜|| `/console/logs range=today` |,READABLE,鐜瘮鏄ㄦ棩鍙樺寲鐜,重摘可读 source_quote；确认 source_section；必要时拆分 atomic_assertion；不能沿用乱码行,OPEN,
UA2-00249,user-agent,docs/PRD-用户体系.md,source_section,170,164: ##### 鍖哄煙 2锛氭牳蹇冩寚鏍囧崱鐗|,| 浠婃棩璋冪敤娆℃暟 | `COUNT(call_logs)` 褰撴棩 | 鎴愬姛/澶辫触鏁|| 鐜瘮鏄ㄦ棩鍙樺寲鐜|| `/console/logs range=today` |,READABLE,`/console/logs range=today`,重摘可读 source_quote；确认 source_section；必要时拆分 atomic_assertion；不能沿用乱码行,OPEN,
UA2-00250,user-agent,docs/PRD-用户体系.md,source_section,171,164: ##### 鍖哄煙 2锛氭牳蹇冩寚鏍囧崱鐗|,| 浠婃棩 Token 娑堣€|| `SUM(tokens)` 褰撴棩 | 杈撳叆/杈撳嚭鎷嗗垎 | 鐜瘮鏄ㄦ棩鍙樺寲鐜|| `/console/stats range=today` |,READABLE,浠婃棩 Token 娑堣€,重摘可读 source_quote；确认 source_section；必要时拆分 atomic_assertion；不能沿用乱码行,OPEN,
UA2-00251,user-agent,docs/PRD-用户体系.md,source_section,171,164: ##### 鍖哄煙 2锛氭牳蹇冩寚鏍囧崱鐗|,| 浠婃棩 Token 娑堣€|| `SUM(tokens)` 褰撴棩 | 杈撳叆/杈撳嚭鎷嗗垎 | 鐜瘮鏄ㄦ棩鍙樺寲鐜|| `/console/stats range=today` |,READABLE,`SUM(tokens)` 褰撴棩,重摘可读 source_quote；确认 source_section；必要时拆分 atomic_assertion；不能沿用乱码行,OPEN,
UA2-00252,user-agent,docs/PRD-用户体系.md,source_section,171,164: ##### 鍖哄煙 2锛氭牳蹇冩寚鏍囧崱鐗|,| 浠婃棩 Token 娑堣€|| `SUM(tokens)` 褰撴棩 | 杈撳叆/杈撳嚭鎷嗗垎 | 鐜瘮鏄ㄦ棩鍙樺寲鐜|| `/console/stats range=today` |,READABLE,杈撳叆/杈撳嚭鎷嗗垎,重摘可读 source_quote；确认 source_section；必要时拆分 atomic_assertion；不能沿用乱码行,OPEN,
UA2-00254,user-agent,docs/PRD-用户体系.md,source_section,171,164: ##### 鍖哄煙 2锛氭牳蹇冩寚鏍囧崱鐗|,| 浠婃棩 Token 娑堣€|| `SUM(tokens)` 褰撴棩 | 杈撳叆/杈撳嚭鎷嗗垎 | 鐜瘮鏄ㄦ棩鍙樺寲鐜|| `/console/stats range=today` |,READABLE,`/console/stats range=today`,重摘可读 source_quote；确认 source_section；必要时拆分 atomic_assertion；不能沿用乱码行,OPEN,
UA2-00255,user-agent,docs/PRD-用户体系.md,source_section,172,164: ##### 鍖哄煙 2锛氭牳蹇冩寚鏍囧崱鐗|,| 浠婃棩娑堣垂閲戦 | `SUM(cost)` 褰撴棩 | 鏈堢疮璁℃秷璐|| 鐜瘮鏄ㄦ棩鍙樺寲鐜|| `/console/transactions range=today` |,READABLE,浠婃棩娑堣垂閲戦,重摘可读 source_quote；确认 source_section；必要时拆分 atomic_assertion；不能沿用乱码行,OPEN,
UA2-00256,user-agent,docs/PRD-用户体系.md,source_section,172,164: ##### 鍖哄煙 2锛氭牳蹇冩寚鏍囧崱鐗|,| 浠婃棩娑堣垂閲戦 | `SUM(cost)` 褰撴棩 | 鏈堢疮璁℃秷璐|| 鐜瘮鏄ㄦ棩鍙樺寲鐜|| `/console/transactions range=today` |,READABLE,`SUM(cost)` 褰撴棩,重摘可读 source_quote；确认 source_section；必要时拆分 atomic_assertion；不能沿用乱码行,OPEN,
UA2-00257,user-agent,docs/PRD-用户体系.md,source_section,172,164: ##### 鍖哄煙 2锛氭牳蹇冩寚鏍囧崱鐗|,| 浠婃棩娑堣垂閲戦 | `SUM(cost)` 褰撴棩 | 鏈堢疮璁℃秷璐|| 鐜瘮鏄ㄦ棩鍙樺寲鐜|| `/console/transactions range=today` |,READABLE,鏈堢疮璁℃秷璐,重摘可读 source_quote；确认 source_section；必要时拆分 atomic_assertion；不能沿用乱码行,OPEN,
UA2-00259,user-agent,docs/PRD-用户体系.md,source_section,172,164: ##### 鍖哄煙 2锛氭牳蹇冩寚鏍囧崱鐗|,| 浠婃棩娑堣垂閲戦 | `SUM(cost)` 褰撴棩 | 鏈堢疮璁℃秷璐|| 鐜瘮鏄ㄦ棩鍙樺寲鐜|| `/console/transactions range=today` |,READABLE,`/console/transactions range=today`,重摘可读 source_quote；确认 source_section；必要时拆分 atomic_assertion；不能沿用乱码行,OPEN,
UA2-00260,user-agent,docs/PRD-用户体系.md,source_section,135,126: ##### 鍖哄煙 1锛氭杩庡崱鐗|,"| 璐︽埛浣欓 | decimal(10,2) | `users.balance` | 姣忔椤甸潰鍒锋柊 | 楼0.00 |",READABLE,璐︽埛浣欓,重摘可读 source_quote；确认 source_section；必要时拆分 atomic_assertion；不能沿用乱码行,OPEN,
UA2-00261,user-agent,docs/PRD-用户体系.md,source_section,135,126: ##### 鍖哄煙 1锛氭杩庡崱鐗|,"| 璐︽埛浣欓 | decimal(10,2) | `users.balance` | 姣忔椤甸潰鍒锋柊 | 楼0.00 |",READABLE,`users.balance`,重摘可读 source_quote；确认 source_section；必要时拆分 atomic_assertion；不能沿用乱码行,OPEN,
UA2-00262,user-agent,docs/PRD-用户体系.md,source_section,173,164: ##### 鍖哄煙 2锛氭牳蹇冩寚鏍囧崱鐗|,| 璐︽埛浣欓 | `users.balance` | 鏄ㄦ棩浣欓鍙樺寲 | 鏄ㄦ棩浣欓 | `/console/recharge` |,READABLE,鏄ㄦ棩浣欓鍙樺寲,重摘可读 source_quote；确认 source_section；必要时拆分 atomic_assertion；不能沿用乱码行,OPEN,
UA2-00263,user-agent,docs/PRD-用户体系.md,source_section,173,164: ##### 鍖哄煙 2锛氭牳蹇冩寚鏍囧崱鐗|,| 璐︽埛浣欓 | `users.balance` | 鏄ㄦ棩浣欓鍙樺寲 | 鏄ㄦ棩浣欓 | `/console/recharge` |,READABLE,鏄ㄦ棩浣欓,重摘可读 source_quote；确认 source_section；必要时拆分 atomic_assertion；不能沿用乱码行,OPEN,
UA2-00264,user-agent,docs/PRD-用户体系.md,source_section,173,164: ##### 鍖哄煙 2锛氭牳蹇冩寚鏍囧崱鐗|,| 璐︽埛浣欓 | `users.balance` | 鏄ㄦ棩浣欓鍙樺寲 | 鏄ㄦ棩浣欓 | `/console/recharge` |,READABLE,`/console/recharge`,重摘可读 source_quote；确认 source_section；必要时拆分 atomic_assertion；不能沿用乱码行,OPEN,
UA2-00265,user-agent,docs/PRD-用户体系.md,source_section,175,164: ##### 鍖哄煙 2锛氭牳蹇冩寚鏍囧崱鐗|,**鍙樺寲鐜囧睍绀洪€昏緫**,READABLE,**鍙樺寲鐜囧睍绀洪€昏緫**,重摘可读 source_quote；确认 source_section；必要时拆分 atomic_assertion；不能沿用乱码行,OPEN,
UA2-00266,user-agent,docs/PRD-用户体系.md,source_section,151,126: ##### 鍖哄煙 1锛氭杩庡崱鐗|,**杈圭晫鏉′欢**,READABLE,**杈圭晫鏉′欢**,重摘可读 source_quote；确认 source_section；必要时拆分 atomic_assertion；不能沿用乱码行,OPEN,
UA2-00267,user-agent,docs/PRD-用户体系.md,source_section;source_quote;atomic_assertion,186,164: ##### 鍖哄煙 2锛氭牳蹇冩寚鏍囧崱鐗|,"- 鏁版嵁鍔犺浇澶辫触鏃讹細鍗＄墖灞曠ず `--`锛屽崱鐗囧彸涓嬭鏄剧ず""鏁版嵁鍔犺浇澶辫触""鐏拌壊灏忓瓧",CORRUPTED,"鏁版嵁鍔犺浇澶辫触鏃讹細鍗＄墖灞曠ず `--`锛屽崱鐗囧彸涓嬭鏄剧ず""鏁版嵁鍔犺浇澶辫触""鐏拌壊灏忓瓧",重摘可读 source_quote；确认 source_section；必要时拆分 atomic_assertion；不能沿用乱码行,OPEN,
UA2-00268,user-agent,docs/PRD-用户体系.md,source_section;source_quote;atomic_assertion,187,164: ##### 鍖哄煙 2锛氭牳蹇冩寚鏍囧崱鐗|,- 鏃犳暟鎹紙鏂扮敤鎴凤級锛氬崱鐗囧睍绀`0`锛屽彉鍖栫巼鏄剧ず `鈥擿,CORRUPTED,鏃犳暟鎹紙鏂扮敤鎴凤級锛氬崱鐗囧睍绀`0`锛屽彉鍖栫巼鏄剧ず `鈥擿,重摘可读 source_quote；确认 source_section；必要时拆分 atomic_assertion；不能沿用乱码行,OPEN,
UA2-00269,user-agent,docs/PRD-用户体系.md,source_section;source_quote;atomic_assertion,188,164: ##### 鍖哄煙 2锛氭牳蹇冩寚鏍囧崱鐗|,"- 鏁板€艰秴杩9999 鏃讹細杞崲涓K/M 鍗曚綅锛堝 12500 鈫""12.5K""锛|",CORRUPTED,"鏁板€艰秴杩9999 鏃讹細杞崲涓K/M 鍗曚綅锛堝 12500 鈫""12.5K""锛|",重摘可读 source_quote；确认 source_section；必要时拆分 atomic_assertion；不能沿用乱码行,OPEN,
UA2-00270,user-agent,docs/PRD-用户体系.md,source_section,143,126: ##### 鍖哄煙 1锛氭杩庡崱鐗|,**杩愯惀閰嶇疆**,READABLE,**杩愯惀閰嶇疆**,重摘可读 source_quote；确认 source_section；必要时拆分 atomic_assertion；不能沿用乱码行,OPEN,
UA2-00271,user-agent,docs/PRD-用户体系.md,source_section,145,126: ##### 鍖哄煙 1锛氭杩庡崱鐗|,| 閰嶇疆椤|| 璺緞 | 榛樿鍊|| 璇存槑 |,READABLE,閰嶇疆椤,重摘可读 source_quote；确认 source_section；必要时拆分 atomic_assertion；不能沿用乱码行,OPEN,
UA2-00272,user-agent,docs/PRD-用户体系.md,source_section,4,2: ### 2.1 瑙掕壊涓庢潈闄愪綋绯|,> 馃搸 **娣卞寲鍙傝€*锛歔`docs/ref-2.1-roles-permissions.md`](ref-2.1-roles-permissions.md) 鈥鍚Bitset 鏉冮檺瀹氫箟锛0 椤癸級銆佸唴缃鑹叉潈闄愮煩闃点€佹潈闄愯绠椾紭鍏堢骇銆丄PI 鎺ュ彛銆佷腑闂翠欢浣跨敤璇存槑,CORRUPTED,璇存槑,重摘可读 source_quote；确认 source_section；必要时拆分 atomic_assertion；不能沿用乱码行,OPEN,
UA2-00273,user-agent,docs/PRD-用户体系.md,source_section,194,164: ##### 鍖哄煙 2锛氭牳蹇冩寚鏍囧崱鐗|,| 鏄惁灞曠ず鍏嶈垂棰濆害娑堣€|| `site_configs.show_free_quota` |,READABLE,鏄惁灞曠ず鍏嶈垂棰濆害娑堣€,重摘可读 source_quote；确认 source_section；必要时拆分 atomic_assertion；不能沿用乱码行,OPEN,
UA2-00274,user-agent,docs/PRD-用户体系.md,source_section,194,164: ##### 鍖哄煙 2锛氭牳蹇冩寚鏍囧崱鐗|,| 鏄惁灞曠ず鍏嶈垂棰濆害娑堣€|| `site_configs.show_free_quota` |,READABLE,`site_configs.show_free_quota`,重摘可读 source_quote；确认 source_section；必要时拆分 atomic_assertion；不能沿用乱码行,OPEN,
UA2-00275,user-agent,docs/PRD-用户体系.md,source_section;source_quote;atomic_assertion,195,164: ##### 鍖哄煙 2锛氭牳蹇冩寚鏍囧崱鐗|,| 瀵规瘮鍩哄噯锛堟槰鏃涓婂懆鍚屾湡/涓婃湀鍚屾湡锛墊 `site_configs.default_compare_period` |,CORRUPTED,瀵规瘮鍩哄噯锛堟槰鏃涓婂懆鍚屾湡/涓婃湀鍚屾湡锛墊 `site_configs.default_compare_period`,重摘可读 source_quote；确认 source_section；必要时拆分 atomic_assertion；不能沿用乱码行,OPEN,
UA2-00276,user-agent,docs/PRD-用户体系.md,source_section,128,126: ##### 鍖哄煙 1锛氭杩庡崱鐗|,**瀛楁瑙勬牸**,READABLE,**瀛楁瑙勬牸**,重摘可读 source_quote；确认 source_section；必要时拆分 atomic_assertion；不能沿用乱码行,OPEN,
UA2-00277,user-agent,docs/PRD-用户体系.md,source_section,205,199: ##### 鍖哄煙 3锛氶搴︿娇鐢ㄨ繘搴︽潯,| 鎬婚搴|| decimal | 鐢ㄦ埛鐨勬湁鏁堥厤棰濅笂闄||,CORRUPTED,鎬婚搴,重摘可读 source_quote；确认 source_section；必要时拆分 atomic_assertion；不能沿用乱码行,OPEN,
UA2-00278,user-agent,docs/PRD-用户体系.md,source_section,135,126: ##### 鍖哄煙 1锛氭杩庡崱鐗|,"| 璐︽埛浣欓 | decimal(10,2) | `users.balance` | 姣忔椤甸潰鍒锋柊 | 楼0.00 |",READABLE,decimal,重摘可读 source_quote；确认 source_section；必要时拆分 atomic_assertion；不能沿用乱码行,OPEN,
UA2-00279,user-agent,docs/PRD-用户体系.md,source_section;source_quote;atomic_assertion,205,199: ##### 鍖哄煙 3锛氶搴︿娇鐢ㄨ繘搴︽潯,| 鎬婚搴|| decimal | 鐢ㄦ埛鐨勬湁鏁堥厤棰濅笂闄||,CORRUPTED,鐢ㄦ埛鐨勬湁鏁堥厤棰濅笂闄,重摘可读 source_quote；确认 source_section；必要时拆分 atomic_assertion；不能沿用乱码行,OPEN,
UA2-00280,user-agent,docs/PRD-用户体系.md,source_section,206,199: ##### 鍖哄煙 3锛氶搴︿娇鐢ㄨ繘搴︽潯,| 宸茬敤閲|| decimal | 褰撴湀宸叉秷鑰楅噺 |,READABLE,宸茬敤閲,重摘可读 source_quote；确认 source_section；必要时拆分 atomic_assertion；不能沿用乱码行,OPEN,
UA2-00282,user-agent,docs/PRD-用户体系.md,source_section,206,199: ##### 鍖哄煙 3锛氶搴︿娇鐢ㄨ繘搴︽潯,| 宸茬敤閲|| decimal | 褰撴湀宸叉秷鑰楅噺 |,READABLE,褰撴湀宸叉秷鑰楅噺,重摘可读 source_quote；确认 source_section；必要时拆分 atomic_assertion；不能沿用乱码行,OPEN,
UA2-00283,user-agent,docs/PRD-用户体系.md,source_section,207,199: ##### 鍖哄煙 3锛氶搴︿娇鐢ㄨ繘搴︽潯,| 浣跨敤鐜|| int | 宸茬敤閲/ 鎬婚搴脳 100% |,READABLE,浣跨敤鐜,重摘可读 source_quote；确认 source_section；必要时拆分 atomic_assertion；不能沿用乱码行,OPEN,
UA2-00284,user-agent,docs/PRD-用户体系.md,source_section,137,126: ##### 鍖哄煙 1锛氭杩庡崱鐗|,| 浠婃棩宸茬敤 Token | bigint | `call_logs` 褰撴棩鑱氬悎 | 10 绉掕疆璇|| 0 tokens |,READABLE,int,重摘可读 source_quote；确认 source_section；必要时拆分 atomic_assertion；不能沿用乱码行,OPEN,
UA2-00285,user-agent,docs/PRD-用户体系.md,source_section,207,199: ##### 鍖哄煙 3锛氶搴︿娇鐢ㄨ繘搴︽潯,| 浣跨敤鐜|| int | 宸茬敤閲/ 鎬婚搴脳 100% |,READABLE,宸茬敤閲/ 鎬婚搴脳 100%,重摘可读 source_quote；确认 source_section；必要时拆分 atomic_assertion；不能沿用乱码行,OPEN,
UA2-00286,user-agent,docs/PRD-用户体系.md,source_section,208,199: ##### 鍖哄煙 3锛氶搴︿娇鐢ㄨ繘搴︽潯,| 鍓╀綑棰濆害 | decimal | 鎬婚搴- 宸茬敤閲||,READABLE,鍓╀綑棰濆害,重摘可读 source_quote；确认 source_section；必要时拆分 atomic_assertion；不能沿用乱码行,OPEN,
UA2-00288,user-agent,docs/PRD-用户体系.md,source_section,208,199: ##### 鍖哄煙 3锛氶搴︿娇鐢ㄨ繘搴︽潯,| 鍓╀綑棰濆害 | decimal | 鎬婚搴- 宸茬敤閲||,READABLE,鎬婚搴- 宸茬敤閲,重摘可读 source_quote；确认 source_section；必要时拆分 atomic_assertion；不能沿用乱码行,OPEN,
UA2-00289,user-agent,docs/PRD-用户体系.md,source_section;source_quote;atomic_assertion,209,199: ##### 鍖哄煙 3锛氶搴︿娇鐢ㄨ繘搴︽潯,| 棰勪及鍙敤澶╂暟 | int | 鍓╀綑棰濆害 / 鏃ュ潎娑堣€楅噺锛堟棩鍧囨秷鑰楅噺 = 杩7 澶╂€绘秷鑰/ 7锛墊,CORRUPTED,| 棰勪及鍙敤澶╂暟 | int | 鍓╀綑棰濆害 / 鏃ュ潎娑堣€楅噺锛堟棩鍧囨秷鑰楅噺 = 杩7 澶╂€绘秷鑰/ 7锛墊,重摘可读 source_quote；确认 source_section；必要时拆分 atomic_assertion；不能沿用乱码行,OPEN,
UA2-00290,user-agent,docs/PRD-用户体系.md,source_section,211,199: ##### 鍖哄煙 3锛氶搴︿娇鐢ㄨ繘搴︽潯,**杩涘害鏉＄姸鎬侀€昏緫**,READABLE,**杩涘害鏉＄姸鎬侀€昏緫**,重摘可读 source_quote；确认 source_section；必要时拆分 atomic_assertion；不能沿用乱码行,OPEN,
UA2-00291,user-agent,docs/PRD-用户体系.md,source_section,151,126: ##### 鍖哄煙 1锛氭杩庡崱鐗|,**杈圭晫鏉′欢**,READABLE,**杈圭晫鏉′欢**,重摘可读 source_quote；确认 source_section；必要时拆分 atomic_assertion；不能沿用乱码行,OPEN,
UA2-00292,user-agent,docs/PRD-用户体系.md,source_section;source_quote;atomic_assertion,223,199: ##### 鍖哄煙 3锛氶搴︿娇鐢ㄨ繘搴︽潯,"- 鐢ㄦ埛鏃犻搴﹂檺鍒讹紙`user_quotas` 鏈缃級锛氫笉鏄剧ず杩涘害鏉＄粍浠讹紝鏀逛负鏄剧ず""鏃犻檺鍒鏍囪瘑",CORRUPTED,"鐢ㄦ埛鏃犻搴﹂檺鍒讹紙`user_quotas` 鏈缃級锛氫笉鏄剧ず杩涘害鏉＄粍浠讹紝鏀逛负鏄剧ず""鏃犻檺鍒鏍囪瘑",重摘可读 source_quote；确认 source_section；必要时拆分 atomic_assertion；不能沿用乱码行,OPEN,
UA2-00293,user-agent,docs/PRD-用户体系.md,source_section;source_quote;atomic_assertion,224,199: ##### 鍖哄煙 3锛氶搴︿娇鐢ㄨ繘搴︽潯,"- 鏃ュ潎娑堣€楅噺涓0锛堟柊娉ㄥ唽/鏃犺皟鐢級锛氶浼板彲鐢ㄥぉ鏁板睍绀""鈥|",CORRUPTED,"鏃ュ潎娑堣€楅噺涓0锛堟柊娉ㄥ唽/鏃犺皟鐢級锛氶浼板彲鐢ㄥぉ鏁板睍绀""鈥|",重摘可读 source_quote；确认 source_section；必要时拆分 atomic_assertion；不能沿用乱码行,OPEN,
UA2-00294,user-agent,docs/PRD-用户体系.md,source_section;source_quote;atomic_assertion,225,199: ##### 鍖哄煙 3锛氶搴︿娇鐢ㄨ繘搴︽潯,"- 浣欓涓0 涓旈搴﹀凡鐢ㄥ畬锛氳繘搴︽潯婊＄孩 + ""璐︽埛宸叉瑺璐閬僵",CORRUPTED,"浣欓涓0 涓旈搴﹀凡鐢ㄥ畬锛氳繘搴︽潯婊＄孩 + ""璐︽埛宸叉瑺璐閬僵",重摘可读 source_quote；确认 source_section；必要时拆分 atomic_assertion；不能沿用乱码行,OPEN,
UA2-00295,user-agent,docs/PRD-用户体系.md,source_section,157,126: ##### 鍖哄煙 1锛氭杩庡崱鐗|,**杩愯惀绛栫暐**,READABLE,**杩愯惀绛栫暐**,重摘可读 source_quote；确认 source_section；必要时拆分 atomic_assertion；不能沿用乱码行,OPEN,
UA2-00296,user-agent,docs/PRD-用户体系.md,source_section;source_quote;atomic_assertion,229,199: ##### 鍖哄煙 3锛氶搴︿娇鐢ㄨ繘搴︽潯,- 棰濆害 > 80% 鏃讹細绯荤粺鑷姩瑙﹀彂浣欓涓嶈冻閫氱煡,CORRUPTED,棰濆害 > 80% 鏃讹細绯荤粺鑷姩瑙﹀彂浣欓涓嶈冻閫氱煡,重摘可读 source_quote；确认 source_section；必要时拆分 atomic_assertion；不能沿用乱码行,OPEN,
UA2-00297,user-agent,docs/PRD-用户体系.md,source_section,230,199: ##### 鍖哄煙 3锛氶搴︿娇鐢ㄨ繘搴︽潯,- 棰濆害 > 95% 鏃讹細鍦ㄩ€氱煡鍩虹涓婏紝澧炲姞閭欢閫氱煡,READABLE,棰濆害 > 95% 鏃讹細鍦ㄩ€氱煡鍩虹涓婏紝澧炲姞閭欢閫氱煡,重摘可读 source_quote；确认 source_section；必要时拆分 atomic_assertion；不能沿用乱码行,OPEN,
UA2-00298,user-agent,docs/PRD-用户体系.md,source_section,236,234: ##### 鍖哄煙 4锛氱敤閲忔€昏灞曞紑闈㈡澘,**闈㈡澘缁撴瀯**,READABLE,**闈㈡澘缁撴瀯**,重摘可读 source_quote；确认 source_section；必要时拆分 atomic_assertion；不能沿用乱码行,OPEN,
UA2-00299,user-agent,docs/PRD-用户体系.md,source_section,265,234: ##### 鍖哄煙 4锛氱敤閲忔€昏灞曞紑闈㈡澘,**姒傝妯″紡灞曠ず閫昏緫**,READABLE,**姒傝妯″紡灞曠ず閫昏緫**,重摘可读 source_quote；确认 source_section；必要时拆分 atomic_assertion；不能沿用乱码行,OPEN,
UA2-00300,user-agent,docs/PRD-用户体系.md,source_section,267,234: ##### 鍖哄煙 4锛氱敤閲忔€昏灞曞紑闈㈡澘,- 榛樿灞曠ず浠婃棩璋冪敤娆℃暟銆佹湰鏈Token 娑堣€椼€佹湰鏈堣垂鐢ㄤ笁椤|,READABLE,榛樿灞曠ず浠婃棩璋冪敤娆℃暟銆佹湰鏈Token 娑堣€椼€佹湰鏈堣垂鐢ㄤ笁椤|,重摘可读 source_quote；确认 source_section；必要时拆分 atomic_assertion；不能沿用乱码行,OPEN,
UA2-00301,user-agent,docs/PRD-用户体系.md,source_section,268,234: ##### 鍖哄煙 4锛氱敤閲忔€昏灞曞紑闈㈡澘,- 鏁版嵁鍔犺浇鍓嶅睍绀Skeleton 楠ㄦ灦灞|,READABLE,鏁版嵁鍔犺浇鍓嶅睍绀Skeleton 楠ㄦ灦灞|,重摘可读 source_quote；确认 source_section；必要时拆分 atomic_assertion；不能沿用乱码行,OPEN,
UA2-00302,user-agent,docs/PRD-用户体系.md,source_section;source_quote;atomic_assertion,269,234: ##### 鍖哄煙 4锛氱敤閲忔€昏灞曞紑闈㈡澘,"- 鏁版嵁绌虹櫧锛氬睍绀0 鍊+ ""鏆傛棤鏁版嵁""鐏拌壊鏂囧瓧",CORRUPTED,"鏁版嵁绌虹櫧锛氬睍绀0 鍊+ ""鏆傛棤鏁版嵁""鐏拌壊鏂囧瓧",重摘可读 source_quote；确认 source_section；必要时拆分 atomic_assertion；不能沿用乱码行,OPEN,
UA2-00303,user-agent,docs/PRD-用户体系.md,source_section,271,234: ##### 鍖哄煙 4锛氱敤閲忔€昏灞曞紑闈㈡澘,**鐑姏鍥捐鏍*,READABLE,**鐑姏鍥捐鏍*,重摘可读 source_quote；确认 source_section；必要时拆分 atomic_assertion；不能沿用乱码行,OPEN,
UA2-00304,user-agent,docs/PRD-用户体系.md,source_section;source_quote;atomic_assertion,275,234: ##### 鍖哄煙 4锛氱敤閲忔€昏灞曞紑闈㈡澘,| X 杞|| 24 灏忔椂锛:00-23:00锛墊,CORRUPTED,| X 杞|| 24 灏忔椂锛:00-23:00锛墊,重摘可读 source_quote；确认 source_section；必要时拆分 atomic_assertion；不能沿用乱码行,OPEN,
UA2-00305,user-agent,docs/PRD-用户体系.md,source_section;source_quote;atomic_assertion,276,234: ##### 鍖哄煙 4锛氱敤閲忔€昏灞曞紑闈㈡澘,| Y 杞|| 鐢ㄦ埛甯哥敤妯″瀷锛堟渶澶10 涓紝鎸夎皟鐢ㄩ噺鎺掑簭锛墊,CORRUPTED,| Y 杞|| 鐢ㄦ埛甯哥敤妯″瀷锛堟渶澶10 涓紝鎸夎皟鐢ㄩ噺鎺掑簭锛墊,重摘可读 source_quote；确认 source_section；必要时拆分 atomic_assertion；不能沿用乱码行,OPEN,
UA2-00306,user-agent,docs/PRD-用户体系.md,source_section,277,234: ##### 鍖哄煙 4锛氱敤閲忔€昏灞曞紑闈㈡澘,"| 棰滆壊鏄犲皠 | 0% = #f0f0f0, 25% = #c6e48b, 50% = #7bc96f, 75% = #239a3b, 100% = #196127 |",READABLE,棰滆壊鏄犲皠,重摘可读 source_quote；确认 source_section；必要时拆分 atomic_assertion；不能沿用乱码行,OPEN,
UA2-00307,user-agent,docs/PRD-用户体系.md,source_section,277,234: ##### 鍖哄煙 4锛氱敤閲忔€昏灞曞紑闈㈡澘,"| 棰滆壊鏄犲皠 | 0% = #f0f0f0, 25% = #c6e48b, 50% = #7bc96f, 75% = #239a3b, 100% = #196127 |",READABLE,"0% = #f0f0f0, 25% = #c6e48b, 50% = #7bc96f, 75% = #239a3b, 100% = #196127",重摘可读 source_quote；确认 source_section；必要时拆分 atomic_assertion；不能沿用乱码行,OPEN,
UA2-00308,user-agent,docs/PRD-用户体系.md,source_section,278,234: ##### 鍖哄煙 4锛氱敤閲忔€昏灞曞紑闈㈡澘,| 鎮诞鎻愮ず | 妯″瀷鍚嶃€佹椂娈点€佽皟鐢ㄦ鏁般€佸崰姣||,READABLE,鎮诞鎻愮ず,重摘可读 source_quote；确认 source_section；必要时拆分 atomic_assertion；不能沿用乱码行,OPEN,
UA2-00309,user-agent,docs/PRD-用户体系.md,source_section,278,234: ##### 鍖哄煙 4锛氱敤閲忔€昏灞曞紑闈㈡澘,| 鎮诞鎻愮ず | 妯″瀷鍚嶃€佹椂娈点€佽皟鐢ㄦ鏁般€佸崰姣||,READABLE,妯″瀷鍚嶃€佹椂娈点€佽皟鐢ㄦ鏁般€佸崰姣,重摘可读 source_quote；确认 source_section；必要时拆分 atomic_assertion；不能沿用乱码行,OPEN,
UA2-00310,user-agent,docs/PRD-用户体系.md,source_section,284,282: ##### 鍖哄煙 5锛歍oken 娑堣€楄秼鍔垮浘,**鍥捐〃閰嶇疆**,READABLE,**鍥捐〃閰嶇疆**,重摘可读 source_quote；确认 source_section；必要时拆分 atomic_assertion；不能沿用乱码行,OPEN,
UA2-00311,user-agent,docs/PRD-用户体系.md,source_section,288,282: ##### 鍖哄煙 5锛歍oken 娑堣€楄秼鍔垮浘,| 鏃堕棿鑼冨洿 | 杩7 澶|| 24h / 7d / 30d / 鑷畾涔||,READABLE,鏃堕棿鑼冨洿,重摘可读 source_quote；确认 source_section；必要时拆分 atomic_assertion；不能沿用乱码行,OPEN,
UA2-00312,user-agent,docs/PRD-用户体系.md,source_section,209,199: ##### 鍖哄煙 3锛氶搴︿娇鐢ㄨ繘搴︽潯,| 棰勪及鍙敤澶╂暟 | int | 鍓╀綑棰濆害 / 鏃ュ潎娑堣€楅噺锛堟棩鍧囨秷鑰楅噺 = 杩7 澶╂€绘秷鑰/ 7锛墊,CORRUPTED,杩7 澶,重摘可读 source_quote；确认 source_section；必要时拆分 atomic_assertion；不能沿用乱码行,OPEN,
UA2-00313,user-agent,docs/PRD-用户体系.md,source_section,288,282: ##### 鍖哄煙 5锛歍oken 娑堣€楄秼鍔垮浘,| 鏃堕棿鑼冨洿 | 杩7 澶|| 24h / 7d / 30d / 鑷畾涔||,READABLE,24h / 7d / 30d / 鑷畾涔,重摘可读 source_quote；确认 source_section；必要时拆分 atomic_assertion；不能沿用乱码行,OPEN,
UA2-00314,user-agent,docs/PRD-用户体系.md,source_section,289,282: ##### 鍖哄煙 5锛歍oken 娑堣€楄秼鍔垮浘,| 鑱氬悎绮掑害 | 鎸夊皬鏃|| 鎸夊皬鏃/ 鎸夊ぉ / 鎸夊懆 |,READABLE,鑱氬悎绮掑害,重摘可读 source_quote；确认 source_section；必要时拆分 atomic_assertion；不能沿用乱码行,OPEN,
UA2-00315,user-agent,docs/PRD-用户体系.md,source_section,289,282: ##### 鍖哄煙 5锛歍oken 娑堣€楄秼鍔垮浘,| 鑱氬悎绮掑害 | 鎸夊皬鏃|| 鎸夊皬鏃/ 鎸夊ぉ / 鎸夊懆 |,READABLE,鎸夊皬鏃,重摘可读 source_quote；确认 source_section；必要时拆分 atomic_assertion；不能沿用乱码行,OPEN,
UA2-00316,user-agent,docs/PRD-用户体系.md,source_section,289,282: ##### 鍖哄煙 5锛歍oken 娑堣€楄秼鍔垮浘,| 鑱氬悎绮掑害 | 鎸夊皬鏃|| 鎸夊皬鏃/ 鎸夊ぉ / 鎸夊懆 |,READABLE,鎸夊皬鏃/ 鎸夊ぉ / 鎸夊懆,重摘可读 source_quote；确认 source_section；必要时拆分 atomic_assertion；不能沿用乱码行,OPEN,
UA2-00317,user-agent,docs/PRD-用户体系.md,source_section,290,282: ##### 鍖哄煙 5锛歍oken 娑堣€楄秼鍔垮浘,| 鏁版嵁绯诲垪 | 鎬Token | 鎬Token / 杈撳叆 Token / 杈撳嚭 Token |,READABLE,鏁版嵁绯诲垪,重摘可读 source_quote；确认 source_section；必要时拆分 atomic_assertion；不能沿用乱码行,OPEN,
UA2-00318,user-agent,docs/PRD-用户体系.md,source_section,290,282: ##### 鍖哄煙 5锛歍oken 娑堣€楄秼鍔垮浘,| 鏁版嵁绯诲垪 | 鎬Token | 鎬Token / 杈撳叆 Token / 杈撳嚭 Token |,READABLE,鎬Token,重摘可读 source_quote；确认 source_section；必要时拆分 atomic_assertion；不能沿用乱码行,OPEN,
UA2-00319,user-agent,docs/PRD-用户体系.md,source_section,290,282: ##### 鍖哄煙 5锛歍oken 娑堣€楄秼鍔垮浘,| 鏁版嵁绯诲垪 | 鎬Token | 鎬Token / 杈撳叆 Token / 杈撳嚭 Token |,READABLE,鎬Token / 杈撳叆 Token / 杈撳嚭 Token,重摘可读 source_quote；确认 source_section；必要时拆分 atomic_assertion；不能沿用乱码行,OPEN,
UA2-00320,user-agent,docs/PRD-用户体系.md,source_section,195,164: ##### 鍖哄煙 2锛氭牳蹇冩寚鏍囧崱鐗|,| 瀵规瘮鍩哄噯锛堟槰鏃涓婂懆鍚屾湡/涓婃湀鍚屾湡锛墊 `site_configs.default_compare_period` |,CORRUPTED,瀵规瘮鍩哄噯,重摘可读 source_quote；确认 source_section；必要时拆分 atomic_assertion；不能沿用乱码行,OPEN,
UA2-00321,user-agent,docs/PRD-用户体系.md,source_section,291,282: ##### 鍖哄煙 5锛歍oken 娑堣€楄秼鍔垮浘,| 瀵规瘮鍩哄噯 | 鏃|| 涓婁竴鍛ㄦ湡 / 涓婂懆鍚屾湡 / 涓婃湀鍚屾湡 |,READABLE,涓婁竴鍛ㄦ湡 / 涓婂懆鍚屾湡 / 涓婃湀鍚屾湡,重摘可读 source_quote；确认 source_section；必要时拆分 atomic_assertion；不能沿用乱码行,OPEN,
UA2-00322,user-agent,docs/PRD-用户体系.md,source_section,292,282: ##### 鍖哄煙 5锛歍oken 娑堣€楄秼鍔垮浘,| 鍥捐〃绫诲瀷 | 鏌辩姸鍥|| 鏌辩姸鍥/ 鎶樼嚎鍥/ 闈㈢Н鍥||,READABLE,鍥捐〃绫诲瀷,重摘可读 source_quote；确认 source_section；必要时拆分 atomic_assertion；不能沿用乱码行,OPEN,
UA2-00323,user-agent,docs/PRD-用户体系.md,source_section,255,234: ##### 鍖哄煙 4锛氱敤閲忔€昏灞曞紑闈㈡澘,鈹  [鏌辩姸鍥+ 鎶樼嚎鍙犲姞鍥綸                        鈹|,READABLE,鏌辩姸鍥,重摘可读 source_quote；确认 source_section；必要时拆分 atomic_assertion；不能沿用乱码行,OPEN,
UA2-00324,user-agent,docs/PRD-用户体系.md,source_section,292,282: ##### 鍖哄煙 5锛歍oken 娑堣€楄秼鍔垮浘,| 鍥捐〃绫诲瀷 | 鏌辩姸鍥|| 鏌辩姸鍥/ 鎶樼嚎鍥/ 闈㈢Н鍥||,READABLE,鏌辩姸鍥/ 鎶樼嚎鍥/ 闈㈢Н鍥,重摘可读 source_quote；确认 source_section；必要时拆分 atomic_assertion；不能沿用乱码行,OPEN,
UA2-00325,user-agent,docs/PRD-用户体系.md,source_section,294,282: ##### 鍖哄煙 5锛歍oken 娑堣€楄秼鍔垮浘,**瀵规瘮鍩哄噯鍙犲姞瑙勫垯**,READABLE,**瀵规瘮鍩哄噯鍙犲姞瑙勫垯**,重摘可读 source_quote；确认 source_section；必要时拆分 atomic_assertion；不能沿用乱码行,OPEN,
UA2-00326,user-agent,docs/PRD-用户体系.md,source_section;source_quote;atomic_assertion,296,282: ##### 鍖哄煙 5锛歍oken 娑堣€楄秼鍔垮浘,- 寮€鍚姣斿悗锛岀敤铏氱嚎娓叉煋瀵规瘮鍛ㄦ湡鐨勮秼鍔|,CORRUPTED,寮€鍚姣斿悗锛岀敤铏氱嚎娓叉煋瀵规瘮鍛ㄦ湡鐨勮秼鍔|,重摘可读 source_quote；确认 source_section；必要时拆分 atomic_assertion；不能沿用乱码行,OPEN,
UA2-00327,user-agent,docs/PRD-用户体系.md,source_section,297,282: ##### 鍖哄煙 5锛歍oken 娑堣€楄秼鍔垮浘,- 瀵规瘮鍛ㄦ湡 = 褰撳墠鏃堕棿鑼冨洿 - 褰撳墠鏃堕棿鑼冨洿闀垮害,READABLE,瀵规瘮鍛ㄦ湡 = 褰撳墠鏃堕棿鑼冨洿 - 褰撳墠鏃堕棿鑼冨洿闀垮害,重摘可读 source_quote；确认 source_section；必要时拆分 atomic_assertion；不能沿用乱码行,OPEN,
UA2-00328,user-agent,docs/PRD-用户体系.md,source_section;source_quote;atomic_assertion,298,282: ##### 鍖哄煙 5锛歍oken 娑堣€楄秼鍔垮浘,- 渚嬪锛 澶╁姣鈫鏄剧ず鍓7 澶╃殑鏁版嵁铏氱嚎,CORRUPTED,渚嬪锛 澶╁姣鈫鏄剧ず鍓7 澶╃殑鏁版嵁铏氱嚎,重摘可读 source_quote；确认 source_section；必要时拆分 atomic_assertion；不能沿用乱码行,OPEN,
UA2-00329,user-agent,docs/PRD-用户体系.md,source_section,300,282: ##### 鍖哄煙 5锛歍oken 娑堣€楄秼鍔垮浘,**鏁版嵁瀵煎嚭**,READABLE,**鏁版嵁瀵煎嚭**,重摘可读 source_quote；确认 source_section；必要时拆分 atomic_assertion；不能沿用乱码行,OPEN,
UA2-00330,user-agent,docs/PRD-用户体系.md,source_section,302,282: ##### 鍖哄煙 5锛歍oken 娑堣€楄秼鍔垮浘,- 鍥捐〃鍙充笂瑙掍笅杞芥寜閽細瀵煎嚭 PNG / SVG 鍥剧墖,READABLE,鍥捐〃鍙充笂瑙掍笅杞芥寜閽細瀵煎嚭 PNG / SVG 鍥剧墖,重摘可读 source_quote；确认 source_section；必要时拆分 atomic_assertion；不能沿用乱码行,OPEN,
UA2-00331,user-agent,docs/PRD-用户体系.md,source_section;source_quote;atomic_assertion,303,282: ##### 鍖哄煙 5锛歍oken 娑堣€楄秼鍔垮浘,- 鍘熷鏁版嵁瀵煎嚭锛欳SV锛堝寘鍚瘡鏉℃暟鎹拰瀵规瘮鏁版嵁锛|,CORRUPTED,鍘熷鏁版嵁瀵煎嚭锛欳SV锛堝寘鍚瘡鏉℃暟鎹拰瀵规瘮鏁版嵁锛|,重摘可读 source_quote；确认 source_section；必要时拆分 atomic_assertion；不能沿用乱码行,OPEN,
UA2-00332,user-agent,docs/PRD-用户体系.md,source_section,309,307: ##### 鍖哄煙 6锛氭ā鍨嬪垎甯冩槑缁嗚〃,**琛ㄦ牸鍒楀畾涔*,READABLE,**琛ㄦ牸鍒楀畾涔*,重摘可读 source_quote；确认 source_section；必要时拆分 atomic_assertion；不能沿用乱码行,OPEN,
UA2-00333,user-agent,docs/PRD-用户体系.md,source_section;source_quote;atomic_assertion,313,307: ##### 鍖哄煙 6锛氭ā鍨嬪垎甯冩槑缁嗚〃,| 妯″瀷鍚|| 鉁A-Z | 甯︿緵搴斿晢鏍囩锛堝皬鏍囩锛墊,CORRUPTED,| 妯″瀷鍚|| 鉁A-Z | 甯︿緵搴斿晢鏍囩锛堝皬鏍囩锛墊,重摘可读 source_quote；确认 source_section；必要时拆分 atomic_assertion；不能沿用乱码行,OPEN,
UA2-00334,user-agent,docs/PRD-用户体系.md,source_section,29,21: #### 2.1.2 鏉冮檺寮曟搸瑙勬牸,| `vendor` | 渚涘簲鍟嗙鐞|| 鍒楄〃 / 閰嶇疆 / 鐘舵€佸垏鎹||,READABLE,渚涘簲鍟,重摘可读 source_quote；确认 source_section；必要时拆分 atomic_assertion；不能沿用乱码行,OPEN,
UA2-00335,user-agent,docs/PRD-用户体系.md,source_section,314,307: ##### 鍖哄煙 6锛氭ā鍨嬪垎甯冩槑缁嗚〃,| 渚涘簲鍟|| 鉂|| 灞曠ず渚涘簲鍟Logo 缂╁啓 |,READABLE,灞曠ず渚涘簲鍟Logo 缂╁啓,重摘可读 source_quote；确认 source_section；必要时拆分 atomic_assertion；不能沿用乱码行,OPEN,
UA2-00336,user-agent,docs/PRD-用户体系.md,source_section,170,164: ##### 鍖哄煙 2锛氭牳蹇冩寚鏍囧崱鐗|,| 浠婃棩璋冪敤娆℃暟 | `COUNT(call_logs)` 褰撴棩 | 鎴愬姛/澶辫触鏁|| 鐜瘮鏄ㄦ棩鍙樺寲鐜|| `/console/logs range=today` |,READABLE,璋冪敤娆℃暟,重摘可读 source_quote；确认 source_section；必要时拆分 atomic_assertion；不能沿用乱码行,OPEN,
UA2-00337,user-agent,docs/PRD-用户体系.md,source_section,170,164: ##### 鍖哄煙 2锛氭牳蹇冩寚鏍囧崱鐗|,| 浠婃棩璋冪敤娆℃暟 | `COUNT(call_logs)` 褰撴棩 | 鎴愬姛/澶辫触鏁|| 鐜瘮鏄ㄦ棩鍙樺寲鐜|| `/console/logs range=today` |,READABLE,浠婃棩璋冪敤娆℃暟,重摘可读 source_quote；确认 source_section；必要时拆分 atomic_assertion；不能沿用乱码行,OPEN,
UA2-00338,user-agent,docs/PRD-用户体系.md,source_section,316,307: ##### 鍖哄煙 6锛氭ā鍨嬪垎甯冩槑缁嗚〃,| Token 鎬婚噺 | 鉁|| 浠婃棩 Token 娑堣€||,READABLE,Token 鎬婚噺,重摘可读 source_quote；确认 source_section；必要时拆分 atomic_assertion；不能沿用乱码行,OPEN,
UA2-00339,user-agent,docs/PRD-用户体系.md,source_section,171,164: ##### 鍖哄煙 2锛氭牳蹇冩寚鏍囧崱鐗|,| 浠婃棩 Token 娑堣€|| `SUM(tokens)` 褰撴棩 | 杈撳叆/杈撳嚭鎷嗗垎 | 鐜瘮鏄ㄦ棩鍙樺寲鐜|| `/console/stats range=today` |,READABLE,浠婃棩 Token 娑堣€,重摘可读 source_quote；确认 source_section；必要时拆分 atomic_assertion；不能沿用乱码行,OPEN,
UA2-00340,user-agent,docs/PRD-用户体系.md,source_section,317,307: ##### 鍖哄煙 6锛氭ā鍨嬪垎甯冩槑缁嗚〃,| 璐圭敤鍚堣 | 鉁|| 楼 鏍煎紡 |,READABLE,璐圭敤鍚堣,重摘可读 source_quote；确认 source_section；必要时拆分 atomic_assertion；不能沿用乱码行,OPEN,
UA2-00341,user-agent,docs/PRD-用户体系.md,source_section,317,307: ##### 鍖哄煙 6锛氭ā鍨嬪垎甯冩槑缁嗚〃,| 璐圭敤鍚堣 | 鉁|| 楼 鏍煎紡 |,READABLE,楼 鏍煎紡,重摘可读 source_quote；确认 source_section；必要时拆分 atomic_assertion；不能沿用乱码行,OPEN,
UA2-00342,user-agent,docs/PRD-用户体系.md,source_section,318,307: ##### 鍖哄煙 6锛氭ā鍨嬪垎甯冩槑缁嗚〃,| 骞冲潎寤惰繜 | 鉁|| ms 鏍煎紡 |,READABLE,骞冲潎寤惰繜,重摘可读 source_quote；确认 source_section；必要时拆分 atomic_assertion；不能沿用乱码行,OPEN,
UA2-00343,user-agent,docs/PRD-用户体系.md,source_section,318,307: ##### 鍖哄煙 6锛氭ā鍨嬪垎甯冩槑缁嗚〃,| 骞冲潎寤惰繜 | 鉁|| ms 鏍煎紡 |,READABLE,ms 鏍煎紡,重摘可读 source_quote；确认 source_section；必要时拆分 atomic_assertion；不能沿用乱码行,OPEN,
UA2-00344,user-agent,docs/PRD-用户体系.md,source_section,322,307: ##### 鍖哄煙 6锛氭ā鍨嬪垎甯冩槑缁嗚〃,- 榛樿鎸夎皟鐢ㄩ噺闄嶅簭鎺掑垪,READABLE,榛樿鎸夎皟鐢ㄩ噺闄嶅簭鎺掑垪,重摘可读 source_quote；确认 source_section；必要时拆分 atomic_assertion；不能沿用乱码行,OPEN,
UA2-00345,user-agent,docs/PRD-用户体系.md,source_section;source_quote;atomic_assertion,323,307: ##### 鍖哄煙 6锛氭ā鍨嬪垎甯冩槑缁嗚〃,- 鐐瑰嚮琛鈫璺宠浆 `/console/logs model=xxx&range=today`锛堣妯″瀷浠婃棩鏃ュ織锛|,CORRUPTED,鐐瑰嚮琛鈫璺宠浆 `/console/logs model=xxx&range=today`锛堣妯″瀷浠婃棩鏃ュ織锛|,重摘可读 source_quote；确认 source_section；必要时拆分 atomic_assertion；不能沿用乱码行,OPEN,
UA2-00346,user-agent,docs/PRD-用户体系.md,source_section,324,307: ##### 鍖哄煙 6锛氭ā鍨嬪垎甯冩槑缁嗚〃,"- 榧犳爣鎮诞琛鈫鑳屾櫙鑹查珮浜紝鍙充晶鏄剧ず""鏌ョ湅鏃ュ織""鎸夐挳",READABLE,"榧犳爣鎮诞琛鈫鑳屾櫙鑹查珮浜紝鍙充晶鏄剧ず""鏌ョ湅鏃ュ織""鎸夐挳",重摘可读 source_quote；确认 source_section；必要时拆分 atomic_assertion；不能沿用乱码行,OPEN,
UA2-00347,user-agent,docs/PRD-用户体系.md,source_section;source_quote;atomic_assertion,328,307: ##### 鍖哄煙 6锛氭ā鍨嬪垎甯冩槑缁嗚〃,"- 浠婃棩鏃犺皟鐢細琛ㄦ牸鍖哄煙灞曠ず绌虹姸鎬佹彃鍥+ ""浠婃棩鏆傛棤璋冪敤璁板綍锛屽紑濮嬫偍鐨勭涓€娆API 璋冪敤 鈫|",CORRUPTED,"浠婃棩鏃犺皟鐢細琛ㄦ牸鍖哄煙灞曠ず绌虹姸鎬佹彃鍥+ ""浠婃棩鏆傛棤璋冪敤璁板綍锛屽紑濮嬫偍鐨勭涓€娆API 璋冪敤 鈫|",重摘可读 source_quote；确认 source_section；必要时拆分 atomic_assertion；不能沿用乱码行,OPEN,
UA2-00348,user-agent,docs/PRD-用户体系.md,source_section,309,307: ##### 鍖哄煙 6锛氭ā鍨嬪垎甯冩槑缁嗚〃,**琛ㄦ牸鍒楀畾涔*,READABLE,**琛ㄦ牸鍒楀畾涔*,重摘可读 source_quote；确认 source_section；必要时拆分 atomic_assertion；不能沿用乱码行,OPEN,
UA2-00349,user-agent,docs/PRD-用户体系.md,source_section,338,332: ##### 鍖哄煙 7锛欰PI Key 瀵规瘮琛|,| Key 鍚嶇О | 鉁|| 鐢ㄦ埛鑷畾涔夊埆鍚||,READABLE,Key 鍚嶇О,重摘可读 source_quote；确认 source_section；必要时拆分 atomic_assertion；不能沿用乱码行,OPEN,
UA2-00350,user-agent,docs/PRD-用户体系.md,source_section,338,332: ##### 鍖哄煙 7锛欰PI Key 瀵规瘮琛|,| Key 鍚嶇О | 鉁|| 鐢ㄦ埛鑷畾涔夊埆鍚||,READABLE,鐢ㄦ埛鑷畾涔夊埆鍚,重摘可读 source_quote；确认 source_section；必要时拆分 atomic_assertion；不能沿用乱码行,OPEN,
UA2-00351,user-agent,docs/PRD-用户体系.md,source_section,339,332: ##### 鍖哄煙 7锛欰PI Key 瀵规瘮琛|,| 鍒涘缓鏃堕棿 | 鉁|| 鏍煎紡锛歒YYY-MM-DD |,CORRUPTED,鍒涘缓鏃堕棿,重摘可读 source_quote；确认 source_section；必要时拆分 atomic_assertion；不能沿用乱码行,OPEN,
UA2-00352,user-agent,docs/PRD-用户体系.md,source_section;source_quote;atomic_assertion,339,332: ##### 鍖哄煙 7锛欰PI Key 瀵规瘮琛|,| 鍒涘缓鏃堕棿 | 鉁|| 鏍煎紡锛歒YYY-MM-DD |,CORRUPTED,鏍煎紡锛歒YYY-MM-DD,重摘可读 source_quote；确认 source_section；必要时拆分 atomic_assertion；不能沿用乱码行,OPEN,
UA2-00353,user-agent,docs/PRD-用户体系.md,source_section,340,332: ##### 鍖哄煙 7锛欰PI Key 瀵规瘮琛|,"| 鏈€鍚庝娇鐢ㄦ椂闂|| 鉁|| 鏍煎紡锛歒YYY-MM-DD HH:mm锛岃秴杩7 澶╃伆鑹叉爣娉闂茬疆""|",CORRUPTED,鏈€鍚庝娇鐢ㄦ椂闂,重摘可读 source_quote；确认 source_section；必要时拆分 atomic_assertion；不能沿用乱码行,OPEN,
UA2-00354,user-agent,docs/PRD-用户体系.md,source_section;source_quote;atomic_assertion,340,332: ##### 鍖哄煙 7锛欰PI Key 瀵规瘮琛|,"| 鏈€鍚庝娇鐢ㄦ椂闂|| 鉁|| 鏍煎紡锛歒YYY-MM-DD HH:mm锛岃秴杩7 澶╃伆鑹叉爣娉闂茬疆""|",CORRUPTED,"鏍煎紡锛歒YYY-MM-DD HH:mm锛岃秴杩7 澶╃伆鑹叉爣娉闂茬疆""",重摘可读 source_quote；确认 source_section；必要时拆分 atomic_assertion；不能沿用乱码行,OPEN,
UA2-00355,user-agent,docs/PRD-用户体系.md,source_section,341,332: ##### 鍖哄煙 7锛欰PI Key 瀵规瘮琛|,| 浠婃棩璋冪敤閲|| 鉁|| 鏁板€||,READABLE,浠婃棩璋冪敤閲,重摘可读 source_quote；确认 source_section；必要时拆分 atomic_assertion；不能沿用乱码行,OPEN,
UA2-00356,user-agent,docs/PRD-用户体系.md,source_section,188,164: ##### 鍖哄煙 2锛氭牳蹇冩寚鏍囧崱鐗|,"- 鏁板€艰秴杩9999 鏃讹細杞崲涓K/M 鍗曚綅锛堝 12500 鈫""12.5K""锛|",CORRUPTED,鏁板€,重摘可读 source_quote；确认 source_section；必要时拆分 atomic_assertion；不能沿用乱码行,OPEN,
UA2-00357,user-agent,docs/PRD-用户体系.md,source_section,261,234: ##### 鍖哄煙 4锛氱敤閲忔€昏灞曞紑闈㈡澘,鈹  [琛ㄦ牸锛欿ey鍚/ 璋冪敤閲/ 鎴愬姛鐜/ 璐圭敤鍗犳瘮]    鈹|,CORRUPTED,鎴愬姛鐜,重摘可读 source_quote；确认 source_section；必要时拆分 atomic_assertion；不能沿用乱码行,OPEN,
UA2-00358,user-agent,docs/PRD-用户体系.md,source_section,342,332: ##### 鍖哄煙 7锛欰PI Key 瀵规瘮琛|,| 鎴愬姛鐜|| 鉁|| 鐧惧垎姣旓紝涓嶅悓棰滆壊 |,READABLE,鐧惧垎姣旓紝涓嶅悓棰滆壊,重摘可读 source_quote；确认 source_section；必要时拆分 atomic_assertion；不能沿用乱码行,OPEN,
UA2-00359,user-agent,docs/PRD-用户体系.md,source_section,261,234: ##### 鍖哄煙 4锛氱敤閲忔€昏灞曞紑闈㈡澘,鈹  [琛ㄦ牸锛欿ey鍚/ 璋冪敤閲/ 鎴愬姛鐜/ 璐圭敤鍗犳瘮]    鈹|,CORRUPTED,璐圭敤鍗犳瘮,重摘可读 source_quote；确认 source_section；必要时拆分 atomic_assertion；不能沿用乱码行,OPEN,
UA2-00360,user-agent,docs/PRD-用户体系.md,source_section,343,332: ##### 鍖哄煙 7锛欰PI Key 瀵规瘮琛|,| 璐圭敤鍗犳瘮 | 鉁|| 鐧惧垎姣旓紝甯﹁壊鏉||,READABLE,鐧惧垎姣旓紝甯﹁壊鏉,重摘可读 source_quote；确认 source_section；必要时拆分 atomic_assertion；不能沿用乱码行,OPEN,
UA2-00361,user-agent,docs/PRD-用户体系.md,source_section,345,332: ##### 鍖哄煙 7锛欰PI Key 瀵规瘮琛|,**瀵规瘮鏍囧噯**,READABLE,**瀵规瘮鏍囧噯**,重摘可读 source_quote；确认 source_section；必要时拆分 atomic_assertion；不能沿用乱码行,OPEN,
UA2-00362,user-agent,docs/PRD-用户体系.md,source_section,354,332: ##### 鍖哄煙 7锛欰PI Key 瀵规瘮琛|,**闂茬疆 Key 璇嗗埆**,READABLE,**闂茬疆 Key 璇嗗埆**,重摘可读 source_quote；确认 source_section；必要时拆分 atomic_assertion；不能沿用乱码行,OPEN,
UA2-00363,user-agent,docs/PRD-用户体系.md,source_section,157,126: ##### 鍖哄煙 1锛氭杩庡崱鐗|,**杩愯惀绛栫暐**,READABLE,**杩愯惀绛栫暐**,重摘可读 source_quote；确认 source_section；必要时拆分 atomic_assertion；不能沿用乱码行,OPEN,
UA2-00364,user-agent,docs/PRD-用户体系.md,source_section;source_quote;atomic_assertion,364,332: ##### 鍖哄煙 7锛欰PI Key 瀵规瘮琛|,- 闂茬疆 Key 瓒呰繃 30 澶鈫绯荤粺鍙戦€侀€氱煡鎻愰啋鐢ㄦ埛娓呯悊鎴栫‘璁や繚鐣|,CORRUPTED,闂茬疆 Key 瓒呰繃 30 澶鈫绯荤粺鍙戦€侀€氱煡鎻愰啋鐢ㄦ埛娓呯悊鎴栫‘璁や繚鐣|,重摘可读 source_quote；确认 source_section；必要时拆分 atomic_assertion；不能沿用乱码行,OPEN,
UA2-00365,user-agent,docs/PRD-用户体系.md,source_section;source_quote;atomic_assertion,365,332: ##### 鍖哄煙 7锛欰PI Key 瀵规瘮琛|,- 瓒呰繃 90 澶╂湭浣跨敤鐨Key 鈫鑷姩绂佺敤锛岄€氱煡鐢ㄦ埛,CORRUPTED,瓒呰繃 90 澶╂湭浣跨敤鐨Key 鈫鑷姩绂佺敤锛岄€氱煡鐢ㄦ埛,重摘可读 source_quote；确认 source_section；必要时拆分 atomic_assertion；不能沿用乱码行,OPEN,
UA2-00366,user-agent,docs/PRD-用户体系.md,source_section,153,126: ##### 鍖哄煙 1锛氭杩庡崱鐗|,- 鐢ㄦ埛浣欓涓鸿礋鏁版椂锛堝钩鍙版瑺璐瑰満鏅級锛氭樉绀虹孩鑹`楼-XX.XX`锛屽崱鐗囬《閮ㄥ鍔鈿狅笍 璐︽埛娆犺垂锛岃绔嬪嵆鍏呭€妯潯,CORRUPTED,绔嬪嵆鍏呭€,重摘可读 source_quote；确认 source_section；必要时拆分 atomic_assertion；不能沿用乱码行,OPEN,
UA2-00367,user-agent,docs/PRD-用户体系.md,source_section,373,369: ##### 鍖哄煙 8锛氬揩鎹锋搷浣滃叆鍙|,| 绔嬪嵆鍏呭€|| 鐐瑰嚮鎸夐挳 | 璺宠浆 `/console/recharge` | 鎵€鏈夌敤鎴||,READABLE,鐐瑰嚮鎸夐挳,重摘可读 source_quote；确认 source_section；必要时拆分 atomic_assertion；不能沿用乱码行,OPEN,
UA2-00368,user-agent,docs/PRD-用户体系.md,source_section,373,369: ##### 鍖哄煙 8锛氬揩鎹锋搷浣滃叆鍙|,| 绔嬪嵆鍏呭€|| 鐐瑰嚮鎸夐挳 | 璺宠浆 `/console/recharge` | 鎵€鏈夌敤鎴||,READABLE,璺宠浆 `/console/recharge`,重摘可读 source_quote；确认 source_section；必要时拆分 atomic_assertion；不能沿用乱码行,OPEN,
UA2-00369,user-agent,docs/PRD-用户体系.md,source_section,373,369: ##### 鍖哄煙 8锛氬揩鎹锋搷浣滃叆鍙|,| 绔嬪嵆鍏呭€|| 鐐瑰嚮鎸夐挳 | 璺宠浆 `/console/recharge` | 鎵€鏈夌敤鎴||,READABLE,鎵€鏈夌敤鎴,重摘可读 source_quote；确认 source_section；必要时拆分 atomic_assertion；不能沿用乱码行,OPEN,
UA2-00370,user-agent,docs/PRD-用户体系.md,source_section,374,369: ##### 鍖哄煙 8锛氬揩鎹锋搷浣滃叆鍙|,| 鍒涘缓鏂Key | 鐐瑰嚮鎸夐挳 | 寮圭獥锛堝悓 2.2.3 鍒涘缓 Key 寮圭獥锛墊 鎵€鏈夌敤鎴||,CORRUPTED,鍒涘缓鏂Key,重摘可读 source_quote；确认 source_section；必要时拆分 atomic_assertion；不能沿用乱码行,OPEN,
UA2-00372,user-agent,docs/PRD-用户体系.md,source_section;source_quote;atomic_assertion,374,369: ##### 鍖哄煙 8锛氬揩鎹锋搷浣滃叆鍙|,| 鍒涘缓鏂Key | 鐐瑰嚮鎸夐挳 | 寮圭獥锛堝悓 2.2.3 鍒涘缓 Key 寮圭獥锛墊 鎵€鏈夌敤鎴||,CORRUPTED,寮圭獥锛堝悓 2.2.3 鍒涘缓 Key 寮圭獥锛墊 鎵€鏈夌敤鎴,重摘可读 source_quote；确认 source_section；必要时拆分 atomic_assertion；不能沿用乱码行,OPEN,
UA2-00373,user-agent,docs/PRD-用户体系.md,source_section,375,369: ##### 鍖哄煙 8锛氬揩鎹锋搷浣滃叆鍙|,| 澶嶅埗 cURL 绀轰緥 | 鐐瑰嚮鎸夐挳 | 寮圭獥灞曠ず cURL 绀轰緥浠ｇ爜 + 涓€閿鍒|| 鎵€鏈夌敤鎴||,READABLE,澶嶅埗 cURL 绀轰緥,重摘可读 source_quote；确认 source_section；必要时拆分 atomic_assertion；不能沿用乱码行,OPEN,
UA2-00375,user-agent,docs/PRD-用户体系.md,source_section,375,369: ##### 鍖哄煙 8锛氬揩鎹锋搷浣滃叆鍙|,| 澶嶅埗 cURL 绀轰緥 | 鐐瑰嚮鎸夐挳 | 寮圭獥灞曠ず cURL 绀轰緥浠ｇ爜 + 涓€閿鍒|| 鎵€鏈夌敤鎴||,READABLE,寮圭獥灞曠ず cURL 绀轰緥浠ｇ爜 + 涓€閿鍒,重摘可读 source_quote；确认 source_section；必要时拆分 atomic_assertion；不能沿用乱码行,OPEN,
UA2-00377,user-agent,docs/PRD-用户体系.md,source_section,324,307: ##### 鍖哄煙 6锛氭ā鍨嬪垎甯冩槑缁嗚〃,"- 榧犳爣鎮诞琛鈫鑳屾櫙鑹查珮浜紝鍙充晶鏄剧ず""鏌ョ湅鏃ュ織""鎸夐挳",READABLE,鏌ョ湅鏃ュ織,重摘可读 source_quote；确认 source_section；必要时拆分 atomic_assertion；不能沿用乱码行,OPEN,
UA2-00379,user-agent,docs/PRD-用户体系.md,source_section,376,369: ##### 鍖哄煙 8锛氬揩鎹锋搷浣滃叆鍙|,| 鏌ョ湅鏃ュ織 | 鐐瑰嚮鎸夐挳 | 璺宠浆 `/console/logs` | 鎵€鏈夌敤鎴||,READABLE,璺宠浆 `/console/logs`,重摘可读 source_quote；确认 source_section；必要时拆分 atomic_assertion；不能沿用乱码行,OPEN,
UA2-00381,user-agent,docs/PRD-用户体系.md,source_section,378,369: ##### 鍖哄煙 8锛氬揩鎹锋搷浣滃叆鍙|,**cURL 绀轰緥寮圭獥鍐呭**,READABLE,**cURL 绀轰緥寮圭獥鍐呭**,重摘可读 source_quote；确认 source_section；必要时拆分 atomic_assertion；不能沿用乱码行,OPEN,
UA2-00382,user-agent,docs/PRD-用户体系.md,source_section;source_quote;atomic_assertion,390,369: ##### 鍖哄煙 8锛氬揩鎹锋搷浣滃叆鍙|,"- 鑷姩濉厖鐢ㄦ埛鐨勭涓€涓湁鏁Key锛坄YOUR_API_KEY` 鏇挎崲涓哄疄闄Key 鐨勫墠 8 浣+ ""***""锛|",CORRUPTED,"鑷姩濉厖鐢ㄦ埛鐨勭涓€涓湁鏁Key锛坄YOUR_API_KEY` 鏇挎崲涓哄疄闄Key 鐨勫墠 8 浣+ ""***""锛|",重摘可读 source_quote；确认 source_section；必要时拆分 atomic_assertion；不能沿用乱码行,OPEN,
UA2-00383,user-agent,docs/PRD-用户体系.md,source_section,391,369: ##### 鍖哄煙 8锛氬揩鎹锋搷浣滃叆鍙|,"- 鎻愪緵""澶嶅埗浠ｇ爜""鍜澶嶅埗甯Key""涓や釜鎸夐挳",READABLE,"鎻愪緵""澶嶅埗浠ｇ爜""鍜澶嶅埗甯Key""涓や釜鎸夐挳",重摘可读 source_quote；确认 source_section；必要时拆分 atomic_assertion；不能沿用乱码行,OPEN,
UA2-00384,user-agent,docs/PRD-用户体系.md,source_section;source_quote;atomic_assertion,397,395: ##### 鍖哄煙 9锛氭渶杩戠櫥褰曡褰|,**璁板綍鍒楄〃锛堟渶澶5 鏉★級**,CORRUPTED,**璁板綍鍒楄〃锛堟渶澶5 鏉★級**,重摘可读 source_quote；确认 source_section；必要时拆分 atomic_assertion；不能沿用乱码行,OPEN,
UA2-00385,user-agent,docs/PRD-用户体系.md,source_section,84,68: #### 2.1.3 澶氱鐞嗗憳鍗忎綔涓庢搷浣滃璁|,| `timestamp` | 鎿嶄綔鏃堕棿 | `2026-07-26 11:30:00` |,READABLE,鏃堕棿,重摘可读 source_quote；确认 source_section；必要时拆分 atomic_assertion；不能沿用乱码行,OPEN,
UA2-00386,user-agent,docs/PRD-用户体系.md,source_section,401,395: ##### 鍖哄煙 9锛氭渶杩戠櫥褰曡褰|,| 鏃堕棿 | `YYYY-MM-DD HH:mm` | 鈥||,CORRUPTED,`YYYY-MM-DD HH:mm`,重摘可读 source_quote；确认 source_section；必要时拆分 atomic_assertion；不能沿用乱码行,OPEN,
UA2-00387,user-agent,docs/PRD-用户体系.md,source_section,402,395: ##### 鍖哄煙 9锛氭渶杩戠櫥褰曡褰|,| IP | `xxx.xxx.xxx.xxx` | 鈥||,CORRUPTED,`xxx.xxx.xxx.xxx`,重摘可读 source_quote；确认 source_section；必要时拆分 atomic_assertion；不能沿用乱码行,OPEN,
UA2-00388,user-agent,docs/PRD-用户体系.md,source_section,403,395: ##### 鍖哄煙 9锛氭渶杩戠櫥褰曡褰|,"| 鍦扮悊浣嶇疆 | `鍩庡競, 鐪佷唤` | 閫氳繃 IP 搴撹В鏋||",READABLE,鍦扮悊浣嶇疆,重摘可读 source_quote；确认 source_section；必要时拆分 atomic_assertion；不能沿用乱码行,OPEN,
UA2-00389,user-agent,docs/PRD-用户体系.md,source_section,403,395: ##### 鍖哄煙 9锛氭渶杩戠櫥褰曡褰|,"| 鍦扮悊浣嶇疆 | `鍩庡競, 鐪佷唤` | 閫氳繃 IP 搴撹В鏋||",READABLE,"`鍩庡競, 鐪佷唤`",重摘可读 source_quote；确认 source_section；必要时拆分 atomic_assertion；不能沿用乱码行,OPEN,
UA2-00390,user-agent,docs/PRD-用户体系.md,source_section,403,395: ##### 鍖哄煙 9锛氭渶杩戠櫥褰曡褰|,"| 鍦扮悊浣嶇疆 | `鍩庡競, 鐪佷唤` | 閫氳繃 IP 搴撹В鏋||",READABLE,閫氳繃 IP 搴撹В鏋,重摘可读 source_quote；确认 source_section；必要时拆分 atomic_assertion；不能沿用乱码行,OPEN,
UA2-00391,user-agent,docs/PRD-用户体系.md,source_section,404,395: ##### 鍖哄煙 9锛氭渶杩戠櫥褰曡褰|,| 璁惧/娴忚鍣|| `Chrome 120 / Windows 10` | UA 瑙ｆ瀽缁撴灉 |,READABLE,璁惧/娴忚鍣,重摘可读 source_quote；确认 source_section；必要时拆分 atomic_assertion；不能沿用乱码行,OPEN,
UA2-00392,user-agent,docs/PRD-用户体系.md,source_section,404,395: ##### 鍖哄煙 9锛氭渶杩戠櫥褰曡褰|,| 璁惧/娴忚鍣|| `Chrome 120 / Windows 10` | UA 瑙ｆ瀽缁撴灉 |,READABLE,`Chrome 120 / Windows 10`,重摘可读 source_quote；确认 source_section；必要时拆分 atomic_assertion；不能沿用乱码行,OPEN,
UA2-00393,user-agent,docs/PRD-用户体系.md,source_section,404,395: ##### 鍖哄煙 9锛氭渶杩戠櫥褰曡褰|,| 璁惧/娴忚鍣|| `Chrome 120 / Windows 10` | UA 瑙ｆ瀽缁撴灉 |,READABLE,UA 瑙ｆ瀽缁撴灉,重摘可读 source_quote；确认 source_section；必要时拆分 atomic_assertion；不能沿用乱码行,OPEN,
UA2-00394,user-agent,docs/PRD-用户体系.md,source_section,29,21: #### 2.1.2 鏉冮檺寮曟搸瑙勬牸,| `vendor` | 渚涘簲鍟嗙鐞|| 鍒楄〃 / 閰嶇疆 / 鐘舵€佸垏鎹||,READABLE,鐘舵€,重摘可读 source_quote；确认 source_section；必要时拆分 atomic_assertion；不能沿用乱码行,OPEN,
UA2-00395,user-agent,docs/PRD-用户体系.md,source_section,170,164: ##### 鍖哄煙 2锛氭牳蹇冩寚鏍囧崱鐗|,| 浠婃棩璋冪敤娆℃暟 | `COUNT(call_logs)` 褰撴棩 | 鎴愬姛/澶辫触鏁|| 鐜瘮鏄ㄦ棩鍙樺寲鐜|| `/console/logs range=today` |,READABLE,鎴愬姛/澶辫触,重摘可读 source_quote；确认 source_section；必要时拆分 atomic_assertion；不能沿用乱码行,OPEN,
UA2-00396,user-agent,docs/PRD-用户体系.md,source_section,405,395: ##### 鍖哄煙 9锛氭渶杩戠櫥褰曡褰|,| 鐘舵€|| 鎴愬姛/澶辫触 | 澶辫触鐢ㄧ孩鑹||,READABLE,澶辫触鐢ㄧ孩鑹,重摘可读 source_quote；确认 source_section；必要时拆分 atomic_assertion；不能沿用乱码行,OPEN,
UA2-00397,user-agent,docs/PRD-用户体系.md,source_section;source_quote;atomic_assertion,406,395: ##### 鍖哄煙 9锛氭渶杩戠櫥褰曡褰|,"| 鎿嶄綔 | 鈥|| ""寮傚父""鏍囩锛堟娴嬪埌寮傚湴/IP 鍙樺寲澶ф椂灞曠ず锛墊",CORRUPTED,"| 鎿嶄綔 | 鈥|| ""寮傚父""鏍囩锛堟娴嬪埌寮傚湴/IP 鍙樺寲澶ф椂灞曠ず锛墊",重摘可读 source_quote；确认 source_section；必要时拆分 atomic_assertion；不能沿用乱码行,OPEN,
UA2-00398,user-agent,docs/PRD-用户体系.md,source_section,408,395: ##### 鍖哄煙 9锛氭渶杩戠櫥褰曡褰|,**寮傚父妫€娴嬭鍒*,READABLE,**寮傚父妫€娴嬭鍒*,重摘可读 source_quote；确认 source_section；必要时拆分 atomic_assertion；不能沿用乱码行,OPEN,
UA2-00399,user-agent,docs/PRD-用户体系.md,source_section,422,420: ##### 鍖哄煙 10锛氬揩閫熸帴鍏ュ紩瀵硷紙鏂扮敤鎴Onboarding锛|,**寮曞姝ラ**,READABLE,**寮曞姝ラ**,重摘可读 source_quote；确认 source_section；必要时拆分 atomic_assertion；不能沿用乱码行,OPEN,
UA2-00400,user-agent,docs/PRD-用户体系.md,source_section,426,420: ##### 鍖哄煙 10锛氬揩閫熸帴鍏ュ紩瀵硷紙鏂扮敤鎴Onboarding锛|,"| 1/3 | 鍒涘缓鎮ㄧ殑绗竴涓API Key | ""绔嬪嵆鍒涘缓 Key""鈫掑脊绐|| 鑷冲皯瀛樺湪 1 涓惎鐢ㄧ姸鎬佺殑 Key | 宸叉湁 Key 鍒欒嚜鍔ㄦ爣璁板畬鎴||",READABLE,1/3,重摘可读 source_quote；确认 source_section；必要时拆分 atomic_assertion；不能沿用乱码行,OPEN,
UA2-00401,user-agent,docs/PRD-用户体系.md,source_section,426,420: ##### 鍖哄煙 10锛氬揩閫熸帴鍏ュ紩瀵硷紙鏂扮敤鎴Onboarding锛|,"| 1/3 | 鍒涘缓鎮ㄧ殑绗竴涓API Key | ""绔嬪嵆鍒涘缓 Key""鈫掑脊绐|| 鑷冲皯瀛樺湪 1 涓惎鐢ㄧ姸鎬佺殑 Key | 宸叉湁 Key 鍒欒嚜鍔ㄦ爣璁板畬鎴||",READABLE,鍒涘缓鎮ㄧ殑绗竴涓API Key,重摘可读 source_quote；确认 source_section；必要时拆分 atomic_assertion；不能沿用乱码行,OPEN,
UA2-00402,user-agent,docs/PRD-用户体系.md,source_section,426,420: ##### 鍖哄煙 10锛氬揩閫熸帴鍏ュ紩瀵硷紙鏂扮敤鎴Onboarding锛|,"| 1/3 | 鍒涘缓鎮ㄧ殑绗竴涓API Key | ""绔嬪嵆鍒涘缓 Key""鈫掑脊绐|| 鑷冲皯瀛樺湪 1 涓惎鐢ㄧ姸鎬佺殑 Key | 宸叉湁 Key 鍒欒嚜鍔ㄦ爣璁板畬鎴||",READABLE,"""绔嬪嵆鍒涘缓 Key""鈫掑脊绐",重摘可读 source_quote；确认 source_section；必要时拆分 atomic_assertion；不能沿用乱码行,OPEN,
UA2-00403,user-agent,docs/PRD-用户体系.md,source_section,426,420: ##### 鍖哄煙 10锛氬揩閫熸帴鍏ュ紩瀵硷紙鏂扮敤鎴Onboarding锛|,"| 1/3 | 鍒涘缓鎮ㄧ殑绗竴涓API Key | ""绔嬪嵆鍒涘缓 Key""鈫掑脊绐|| 鑷冲皯瀛樺湪 1 涓惎鐢ㄧ姸鎬佺殑 Key | 宸叉湁 Key 鍒欒嚜鍔ㄦ爣璁板畬鎴||",READABLE,鑷冲皯瀛樺湪 1 涓惎鐢ㄧ姸鎬佺殑 Key,重摘可读 source_quote；确认 source_section；必要时拆分 atomic_assertion；不能沿用乱码行,OPEN,
UA2-00404,user-agent,docs/PRD-用户体系.md,source_section,426,420: ##### 鍖哄煙 10锛氬揩閫熸帴鍏ュ紩瀵硷紙鏂扮敤鎴Onboarding锛|,"| 1/3 | 鍒涘缓鎮ㄧ殑绗竴涓API Key | ""绔嬪嵆鍒涘缓 Key""鈫掑脊绐|| 鑷冲皯瀛樺湪 1 涓惎鐢ㄧ姸鎬佺殑 Key | 宸叉湁 Key 鍒欒嚜鍔ㄦ爣璁板畬鎴||",READABLE,宸叉湁 Key 鍒欒嚜鍔ㄦ爣璁板畬鎴,重摘可读 source_quote；确认 source_section；必要时拆分 atomic_assertion；不能沿用乱码行,OPEN,
UA2-00405,user-agent,docs/PRD-用户体系.md,source_section,427,420: ##### 鍖哄煙 10锛氬揩閫熸帴鍏ュ紩瀵硷紙鏂扮敤鎴Onboarding锛|,"| 2/3 | 澶嶅埗鎺ュ叆浠ｇ爜 | ""澶嶅埗 cURL 绀轰緥"" | 鐐瑰嚮澶嶅埗鎸夐挳鍗冲彲 | 鈥||",CORRUPTED,2/3,重摘可读 source_quote；确认 source_section；必要时拆分 atomic_assertion；不能沿用乱码行,OPEN,
UA2-00406,user-agent,docs/PRD-用户体系.md,source_section,427,420: ##### 鍖哄煙 10锛氬揩閫熸帴鍏ュ紩瀵硷紙鏂扮敤鎴Onboarding锛|,"| 2/3 | 澶嶅埗鎺ュ叆浠ｇ爜 | ""澶嶅埗 cURL 绀轰緥"" | 鐐瑰嚮澶嶅埗鎸夐挳鍗冲彲 | 鈥||",CORRUPTED,澶嶅埗鎺ュ叆浠ｇ爜,重摘可读 source_quote；确认 source_section；必要时拆分 atomic_assertion；不能沿用乱码行,OPEN,
UA2-00407,user-agent,docs/PRD-用户体系.md,source_section,427,420: ##### 鍖哄煙 10锛氬揩閫熸帴鍏ュ紩瀵硷紙鏂扮敤鎴Onboarding锛|,"| 2/3 | 澶嶅埗鎺ュ叆浠ｇ爜 | ""澶嶅埗 cURL 绀轰緥"" | 鐐瑰嚮澶嶅埗鎸夐挳鍗冲彲 | 鈥||",CORRUPTED,"""澶嶅埗 cURL 绀轰緥""",重摘可读 source_quote；确认 source_section；必要时拆分 atomic_assertion；不能沿用乱码行,OPEN,
UA2-00408,user-agent,docs/PRD-用户体系.md,source_section,427,420: ##### 鍖哄煙 10锛氬揩閫熸帴鍏ュ紩瀵硷紙鏂扮敤鎴Onboarding锛|,"| 2/3 | 澶嶅埗鎺ュ叆浠ｇ爜 | ""澶嶅埗 cURL 绀轰緥"" | 鐐瑰嚮澶嶅埗鎸夐挳鍗冲彲 | 鈥||",CORRUPTED,鐐瑰嚮澶嶅埗鎸夐挳鍗冲彲,重摘可读 source_quote；确认 source_section；必要时拆分 atomic_assertion；不能沿用乱码行,OPEN,
UA2-00409,user-agent,docs/PRD-用户体系.md,source_section,428,420: ##### 鍖哄煙 10锛氬揩閫熸帴鍏ュ紩瀵硷紙鏂扮敤鎴Onboarding锛|,"| 3/3 | 娴嬭瘯棣栨璋冪敤 | ""鎵撳紑 Playground 娴嬭瘯""鈫掕烦杞Playground | 鑷冲皯 1 娆℃垚鍔熺殑 API 璋冪敤 | 鈥||",CORRUPTED,3/3,重摘可读 source_quote；确认 source_section；必要时拆分 atomic_assertion；不能沿用乱码行,OPEN,
UA2-00410,user-agent,docs/PRD-用户体系.md,source_section,428,420: ##### 鍖哄煙 10锛氬揩閫熸帴鍏ュ紩瀵硷紙鏂扮敤鎴Onboarding锛|,"| 3/3 | 娴嬭瘯棣栨璋冪敤 | ""鎵撳紑 Playground 娴嬭瘯""鈫掕烦杞Playground | 鑷冲皯 1 娆℃垚鍔熺殑 API 璋冪敤 | 鈥||",CORRUPTED,娴嬭瘯棣栨璋冪敤,重摘可读 source_quote；确认 source_section；必要时拆分 atomic_assertion；不能沿用乱码行,OPEN,
UA2-00411,user-agent,docs/PRD-用户体系.md,source_section,428,420: ##### 鍖哄煙 10锛氬揩閫熸帴鍏ュ紩瀵硷紙鏂扮敤鎴Onboarding锛|,"| 3/3 | 娴嬭瘯棣栨璋冪敤 | ""鎵撳紑 Playground 娴嬭瘯""鈫掕烦杞Playground | 鑷冲皯 1 娆℃垚鍔熺殑 API 璋冪敤 | 鈥||",CORRUPTED,"""鎵撳紑 Playground 娴嬭瘯""鈫掕烦杞Playground",重摘可读 source_quote；确认 source_section；必要时拆分 atomic_assertion；不能沿用乱码行,OPEN,
UA2-00412,user-agent,docs/PRD-用户体系.md,source_section,428,420: ##### 鍖哄煙 10锛氬揩閫熸帴鍏ュ紩瀵硷紙鏂扮敤鎴Onboarding锛|,"| 3/3 | 娴嬭瘯棣栨璋冪敤 | ""鎵撳紑 Playground 娴嬭瘯""鈫掕烦杞Playground | 鑷冲皯 1 娆℃垚鍔熺殑 API 璋冪敤 | 鈥||",CORRUPTED,鑷冲皯 1 娆℃垚鍔熺殑 API 璋冪敤,重摘可读 source_quote；确认 source_section；必要时拆分 atomic_assertion；不能沿用乱码行,OPEN,
UA2-00413,user-agent,docs/PRD-用户体系.md,source_section,430,420: ##### 鍖哄煙 10锛氬揩閫熸帴鍏ュ紩瀵硷紙鏂扮敤鎴Onboarding锛|,**瀹屾垚鍔ㄧ敾**,READABLE,**瀹屾垚鍔ㄧ敾**,重摘可读 source_quote；确认 source_section；必要时拆分 atomic_assertion；不能沿用乱码行,OPEN,
UA2-00414,user-agent,docs/PRD-用户体系.md,source_section;source_quote;atomic_assertion,432,420: ##### 鍖哄煙 10锛氬揩閫熸帴鍏ュ紩瀵硷紙鏂扮敤鎴Onboarding锛|,- 涓夋楠ゅ叏閮ㄥ畬鎴愬悗锛氶〉闈㈤《閮ㄩ鍏馃帀 鎭枩锛佹偍宸插畬鎴愬揩閫熸帴鍏妯箙,CORRUPTED,涓夋楠ゅ叏閮ㄥ畬鎴愬悗锛氶〉闈㈤《閮ㄩ鍏馃帀 鎭枩锛佹偍宸插畬鎴愬揩閫熸帴鍏妯箙,重摘可读 source_quote；确认 source_section；必要时拆分 atomic_assertion；不能沿用乱码行,OPEN,
UA2-00415,user-agent,docs/PRD-用户体系.md,source_section;source_quote;atomic_assertion,433,420: ##### 鍖哄煙 10锛氬揩閫熸帴鍏ュ紩瀵硷紙鏂扮敤鎴Onboarding锛|,- 妯箙 5 绉掑悗鑷姩娣″嚭锛屼笉鍐嶆樉绀|,CORRUPTED,妯箙 5 绉掑悗鑷姩娣″嚭锛屼笉鍐嶆樉绀|,重摘可读 source_quote；确认 source_section；必要时拆分 atomic_assertion；不能沿用乱码行,OPEN,
UA2-00416,user-agent,docs/PRD-用户体系.md,source_section;source_quote;atomic_assertion,434,420: ##### 鍖哄煙 10锛氬揩閫熸帴鍏ュ紩瀵硷紙鏂扮敤鎴Onboarding锛|,- 瀹屾垚鍚`users.onboarding_completed = true`锛屽悗缁笉鍐嶅睍绀哄紩瀵|,CORRUPTED,瀹屾垚鍚`users.onboarding_completed = true`锛屽悗缁笉鍐嶅睍绀哄紩瀵|,重摘可读 source_quote；确认 source_section；必要时拆分 atomic_assertion；不能沿用乱码行,OPEN,
UA2-00417,user-agent,docs/PRD-用户体系.md,source_section,436,420: ##### 鍖哄煙 10锛氬揩閫熸帴鍏ュ紩瀵硷紙鏂扮敤鎴Onboarding锛|,**寮哄埗閫昏緫**,READABLE,**寮哄埗閫昏緫**,重摘可读 source_quote；确认 source_section；必要时拆分 atomic_assertion；不能沿用乱码行,OPEN,
UA2-00418,user-agent,docs/PRD-用户体系.md,source_section,438,420: ##### 鍖哄煙 10锛氬揩閫熸帴鍏ュ紩瀵硷紙鏂扮敤鎴Onboarding锛|,- `users.onboarding_completed = false` 涓旂敤鎴锋敞鍐屾椂闂< 7 澶鈫姣忔璁块棶浠〃鐩橀兘灞曠ず,READABLE,users.onboarding_completed = false` 涓旂敤鎴锋敞鍐屾椂闂< 7 澶鈫姣忔璁块棶浠〃鐩橀兘灞曠ず,重摘可读 source_quote；确认 source_section；必要时拆分 atomic_assertion；不能沿用乱码行,OPEN,
UA2-00419,user-agent,docs/PRD-用户体系.md,source_section;source_quote;atomic_assertion,439,420: ##### 鍖哄煙 10锛氬揩閫熸帴鍏ュ紩瀵硷紙鏂扮敤鎴Onboarding锛|,"- 娉ㄥ唽瓒呰繃 7 澶╀粛鏈畬鎴愬紩瀵鈫寮曞缂╀负涓€涓憡璀︽潯锛鎮ㄨ繕宸竴姝ュ氨瀹屾垚鎺ュ叆閰嶇疆""",CORRUPTED,"娉ㄥ唽瓒呰繃 7 澶╀粛鏈畬鎴愬紩瀵鈫寮曞缂╀负涓€涓憡璀︽潯锛鎮ㄨ繕宸竴姝ュ氨瀹屾垚鎺ュ叆閰嶇疆""",重摘可读 source_quote；确认 source_section；必要时拆分 atomic_assertion；不能沿用乱码行,OPEN,
UA2-00420,user-agent,docs/PRD-用户体系.md,source_section;source_quote;atomic_assertion,440,420: ##### 鍖哄煙 10锛氬揩閫熸帴鍏ュ紩瀵硷紙鏂扮敤鎴Onboarding锛|,"- 鍙墜鍔ㄥ叧闂紩瀵硷紙""绋嶅悗鍐嶈""閾炬帴锛 澶╁唴涓嶅啀寮癸級",CORRUPTED,"鍙墜鍔ㄥ叧闂紩瀵硷紙""绋嶅悗鍐嶈""閾炬帴锛 澶╁唴涓嶅啀寮癸級",重摘可读 source_quote；确认 source_section；必要时拆分 atomic_assertion；不能沿用乱码行,OPEN,
UA2-00421,user-agent,docs/PRD-用户体系.md,source_section,446,444: ##### 鍖哄煙 11锛氭垚鏈娴嬪崱鐗囷紙P1锛|,**棰勬祴绠楁硶**,READABLE,**棰勬祴绠楁硶**,重摘可读 source_quote；确认 source_section；必要时拆分 atomic_assertion；不能沿用乱码行,OPEN,
UA2-00422,user-agent,docs/PRD-用户体系.md,source_section,460,444: ##### 鍖哄煙 11锛氭垚鏈娴嬪崱鐗囷紙P1锛|,**灞曠ず鍐呭**,READABLE,**灞曠ず鍐呭**,重摘可读 source_quote；确认 source_section；必要时拆分 atomic_assertion；不能沿用乱码行,OPEN,
UA2-00423,user-agent,docs/PRD-用户体系.md,source_section,470,444: ##### 鍖哄煙 11锛氭垚鏈娴嬪崱鐗囷紙P1锛|,**棰勮闃堝€*,READABLE,**棰勮闃堝€*,重摘可读 source_quote；确认 source_section；必要时拆分 atomic_assertion；不能沿用乱码行,OPEN,
UA2-00424,user-agent,docs/PRD-用户体系.md,source_section,358,332: ##### 鍖哄煙 7锛欰PI Key 瀵规瘮琛|,"鏈€鍚庝娇鐢ㄦ椂闂> 30 澶╁墠 鈫琛岃儗鏅祬绾㈣壊锛屽垪鏍馃敶 娌夌潯""",CORRUPTED,> 30 澶,重摘可读 source_quote；确认 source_section；必要时拆分 atomic_assertion；不能沿用乱码行,OPEN,
UA2-00425,user-agent,docs/PRD-用户体系.md,source_section;source_quote;atomic_assertion,474,444: ##### 鍖哄煙 11锛氭垚鏈娴嬪崱鐗囷紙P1锛|,| > 30 澶|| 缁胯壊锛屾甯告樉绀|| 鏃||,CORRUPTED,缁胯壊锛屾甯告樉绀,重摘可读 source_quote；确认 source_section；必要时拆分 atomic_assertion；不能沿用乱码行,OPEN,
UA2-00426,user-agent,docs/PRD-用户体系.md,source_section,475,444: ##### 鍖哄煙 11锛氭垚鏈娴嬪崱鐗囷紙P1锛|,| 15-30 澶|| 钃濊壊锛屾甯告樉绀|| 鏃||,CORRUPTED,15-30 澶,重摘可读 source_quote；确认 source_section；必要时拆分 atomic_assertion；不能沿用乱码行,OPEN,
UA2-00427,user-agent,docs/PRD-用户体系.md,source_section;source_quote;atomic_assertion,475,444: ##### 鍖哄煙 11锛氭垚鏈娴嬪崱鐗囷紙P1锛|,| 15-30 澶|| 钃濊壊锛屾甯告樉绀|| 鏃||,CORRUPTED,钃濊壊锛屾甯告樉绀,重摘可读 source_quote；确认 source_section；必要时拆分 atomic_assertion；不能沿用乱码行,OPEN,
UA2-00428,user-agent,docs/PRD-用户体系.md,source_section,476,444: ##### 鍖哄煙 11锛氭垚鏈娴嬪崱鐗囷紙P1锛|,"| 7-14 澶|| 榛勮壊锛屾樉绀鍗冲皢鑰楀敖"" | ""鏌ョ湅鍏呭€间紭鎯鎸夐挳 |",CORRUPTED,7-14 澶,重摘可读 source_quote；确认 source_section；必要时拆分 atomic_assertion；不能沿用乱码行,OPEN,
UA2-00429,user-agent,docs/PRD-用户体系.md,source_section;source_quote;atomic_assertion,476,444: ##### 鍖哄煙 11锛氭垚鏈娴嬪崱鐗囷紙P1锛|,"| 7-14 澶|| 榛勮壊锛屾樉绀鍗冲皢鑰楀敖"" | ""鏌ョ湅鍏呭€间紭鎯鎸夐挳 |",CORRUPTED,"榛勮壊锛屾樉绀鍗冲皢鑰楀敖""",重摘可读 source_quote；确认 source_section；必要时拆分 atomic_assertion；不能沿用乱码行,OPEN,
UA2-00430,user-agent,docs/PRD-用户体系.md,source_section,476,444: ##### 鍖哄煙 11锛氭垚鏈娴嬪崱鐗囷紙P1锛|,"| 7-14 澶|| 榛勮壊锛屾樉绀鍗冲皢鑰楀敖"" | ""鏌ョ湅鍏呭€间紭鎯鎸夐挳 |",CORRUPTED,"""鏌ョ湅鍏呭€间紭鎯鎸夐挳",重摘可读 source_quote；确认 source_section；必要时拆分 atomic_assertion；不能沿用乱码行,OPEN,
UA2-00431,user-agent,docs/PRD-用户体系.md,source_section,477,444: ##### 鍖哄煙 11锛氭垚鏈娴嬪崱鐗囷紙P1锛|,"| 3-6 澶|| 绾㈣壊锛屾樉绀浣欓涓嶈冻"" | ""绔嬪嵆鍏呭€鎸夐挳锛堟斁澶э級 |",CORRUPTED,3-6 澶,重摘可读 source_quote；确认 source_section；必要时拆分 atomic_assertion；不能沿用乱码行,OPEN,
UA2-00432,user-agent,docs/PRD-用户体系.md,source_section;source_quote;atomic_assertion,477,444: ##### 鍖哄煙 11锛氭垚鏈娴嬪崱鐗囷紙P1锛|,"| 3-6 澶|| 绾㈣壊锛屾樉绀浣欓涓嶈冻"" | ""绔嬪嵆鍏呭€鎸夐挳锛堟斁澶э級 |",CORRUPTED,"绾㈣壊锛屾樉绀浣欓涓嶈冻""",重摘可读 source_quote；确认 source_section；必要时拆分 atomic_assertion；不能沿用乱码行,OPEN,
UA2-00433,user-agent,docs/PRD-用户体系.md,source_section;source_quote;atomic_assertion,477,444: ##### 鍖哄煙 11锛氭垚鏈娴嬪崱鐗囷紙P1锛|,"| 3-6 澶|| 绾㈣壊锛屾樉绀浣欓涓嶈冻"" | ""绔嬪嵆鍏呭€鎸夐挳锛堟斁澶э級 |",CORRUPTED,"""绔嬪嵆鍏呭€鎸夐挳锛堟斁澶э級",重摘可读 source_quote；确认 source_section；必要时拆分 atomic_assertion；不能沿用乱码行,OPEN,
UA2-00434,user-agent,docs/PRD-用户体系.md,source_section,478,444: ##### 鍖哄煙 11锛氭垚鏈娴嬪崱鐗囷紙P1锛|,"| < 3 澶|| 绾㈣壊闂儊锛屾樉绀浣欓鍗冲皢鑰楀敖"" | ""绱ф€ュ厖鍊鎸夐挳锛堥珮浜級 |",CORRUPTED,< 3 澶,重摘可读 source_quote；确认 source_section；必要时拆分 atomic_assertion；不能沿用乱码行,OPEN,
UA2-00435,user-agent,docs/PRD-用户体系.md,source_section;source_quote;atomic_assertion,478,444: ##### 鍖哄煙 11锛氭垚鏈娴嬪崱鐗囷紙P1锛|,"| < 3 澶|| 绾㈣壊闂儊锛屾樉绀浣欓鍗冲皢鑰楀敖"" | ""绱ф€ュ厖鍊鎸夐挳锛堥珮浜級 |",CORRUPTED,"绾㈣壊闂儊锛屾樉绀浣欓鍗冲皢鑰楀敖""",重摘可读 source_quote；确认 source_section；必要时拆分 atomic_assertion；不能沿用乱码行,OPEN,
UA2-00436,user-agent,docs/PRD-用户体系.md,source_section;source_quote;atomic_assertion,478,444: ##### 鍖哄煙 11锛氭垚鏈娴嬪崱鐗囷紙P1锛|,"| < 3 澶|| 绾㈣壊闂儊锛屾樉绀浣欓鍗冲皢鑰楀敖"" | ""绱ф€ュ厖鍊鎸夐挳锛堥珮浜級 |",CORRUPTED,"""绱ф€ュ厖鍊鎸夐挳锛堥珮浜級",重摘可读 source_quote；确认 source_section；必要时拆分 atomic_assertion；不能沿用乱码行,OPEN,
UA2-00437,user-agent,docs/PRD-用户体系.md,source_section,457,444: ##### 鍖哄煙 11锛氭垚鏈娴嬪崱鐗囷紙P1锛|,"濡傛灉浣欓涓0锛氬睍绀""宸茶€楀敖""",CORRUPTED,宸茶€楀敖,重摘可读 source_quote；确认 source_section；必要时拆分 atomic_assertion；不能沿用乱码行,OPEN,
UA2-00438,user-agent,docs/PRD-用户体系.md,source_section;source_quote;atomic_assertion,479,444: ##### 鍖哄煙 11锛氭垚鏈娴嬪崱鐗囷紙P1锛|,| 宸茶€楀敖 | 鐏拌壊閬僵锛屾樉绀浣欓宸茬敤瀹| | 浠呭睍绀绔嬪嵆鍏呭€| |,CORRUPTED,鐏拌壊閬僵锛屾樉绀浣欓宸茬敤瀹,重摘可读 source_quote；确认 source_section；必要时拆分 atomic_assertion；不能沿用乱码行,OPEN,
UA2-00439,user-agent,docs/PRD-用户体系.md,source_section,479,444: ##### 鍖哄煙 11锛氭垚鏈娴嬪崱鐗囷紙P1锛|,| 宸茶€楀敖 | 鐏拌壊閬僵锛屾樉绀浣欓宸茬敤瀹| | 浠呭睍绀绔嬪嵆鍏呭€| |,CORRUPTED,浠呭睍绀绔嬪嵆鍏呭€,重摘可读 source_quote；确认 source_section；必要时拆分 atomic_assertion；不能沿用乱码行,OPEN,
UA2-00440,user-agent,docs/PRD-用户体系.md,source_section,485,483: ##### 鍖哄煙 12锛氬紓甯稿憡璀﹀崱鐗囷紙P1锛|,**鍛婅绫诲瀷涓庤Е鍙戞潯浠*,READABLE,**鍛婅绫诲瀷涓庤Е鍙戞潯浠*,重摘可读 source_quote；确认 source_section；必要时拆分 atomic_assertion；不能沿用乱码行,OPEN,
UA2-00441,user-agent,docs/PRD-用户体系.md,source_section,489,483: ##### 鍖哄煙 12锛氬紓甯稿憡璀﹀崱鐗囷紙P1锛|,| 澶辫触鐜囩獊澧|| 杩5 鍒嗛挓澶辫触鐜> 5% 涓旀瘮鍓嶄竴灏忔椂 > 2x | 馃敶 绱ф€|| 妫€鏌ユā鍨嬬姸鎬/ 鑱旂郴瀹㈡湇 |,CORRUPTED,澶辫触鐜囩獊澧,重摘可读 source_quote；确认 source_section；必要时拆分 atomic_assertion；不能沿用乱码行,OPEN,
UA2-00442,user-agent,docs/PRD-用户体系.md,source_section,489,483: ##### 鍖哄煙 12锛氬紓甯稿憡璀﹀崱鐗囷紙P1锛|,| 澶辫触鐜囩獊澧|| 杩5 鍒嗛挓澶辫触鐜> 5% 涓旀瘮鍓嶄竴灏忔椂 > 2x | 馃敶 绱ф€|| 妫€鏌ユā鍨嬬姸鎬/ 鑱旂郴瀹㈡湇 |,CORRUPTED,杩5 鍒嗛挓澶辫触鐜> 5% 涓旀瘮鍓嶄竴灏忔椂 > 2x,重摘可读 source_quote；确认 source_section；必要时拆分 atomic_assertion；不能沿用乱码行,OPEN,
UA2-00443,user-agent,docs/PRD-用户体系.md,source_section;source_quote;atomic_assertion,489,483: ##### 鍖哄煙 12锛氬紓甯稿憡璀﹀崱鐗囷紙P1锛|,| 澶辫触鐜囩獊澧|| 杩5 鍒嗛挓澶辫触鐜> 5% 涓旀瘮鍓嶄竴灏忔椂 > 2x | 馃敶 绱ф€|| 妫€鏌ユā鍨嬬姸鎬/ 鑱旂郴瀹㈡湇 |,CORRUPTED,馃敶 绱ф€,重摘可读 source_quote；确认 source_section；必要时拆分 atomic_assertion；不能沿用乱码行,OPEN,
UA2-00444,user-agent,docs/PRD-用户体系.md,source_section,489,483: ##### 鍖哄煙 12锛氬紓甯稿憡璀﹀崱鐗囷紙P1锛|,| 澶辫触鐜囩獊澧|| 杩5 鍒嗛挓澶辫触鐜> 5% 涓旀瘮鍓嶄竴灏忔椂 > 2x | 馃敶 绱ф€|| 妫€鏌ユā鍨嬬姸鎬/ 鑱旂郴瀹㈡湇 |,CORRUPTED,妫€鏌ユā鍨嬬姸鎬/ 鑱旂郴瀹㈡湇,重摘可读 source_quote；确认 source_section；必要时拆分 atomic_assertion；不能沿用乱码行,OPEN,
UA2-00445,user-agent,docs/PRD-用户体系.md,source_section,490,483: ##### 鍖哄煙 12锛氬紓甯稿憡璀﹀崱鐗囷紙P1锛|,| 閰嶉鍗冲皢鑰楀敖 | 浣欓鍙敤澶╂暟 < 7 澶|| 馃煛 鍛婅 | 绔嬪嵆鍏呭€||,CORRUPTED,閰嶉鍗冲皢鑰楀敖,重摘可读 source_quote；确认 source_section；必要时拆分 atomic_assertion；不能沿用乱码行,OPEN,
UA2-00446,user-agent,docs/PRD-用户体系.md,source_section,490,483: ##### 鍖哄煙 12锛氬紓甯稿憡璀﹀崱鐗囷紙P1锛|,| 閰嶉鍗冲皢鑰楀敖 | 浣欓鍙敤澶╂暟 < 7 澶|| 馃煛 鍛婅 | 绔嬪嵆鍏呭€||,CORRUPTED,浣欓鍙敤澶╂暟 < 7 澶,重摘可读 source_quote；确认 source_section；必要时拆分 atomic_assertion；不能沿用乱码行,OPEN,
UA2-00447,user-agent,docs/PRD-用户体系.md,source_section;source_quote;atomic_assertion,490,483: ##### 鍖哄煙 12锛氬紓甯稿憡璀﹀崱鐗囷紙P1锛|,| 閰嶉鍗冲皢鑰楀敖 | 浣欓鍙敤澶╂暟 < 7 澶|| 馃煛 鍛婅 | 绔嬪嵆鍏呭€||,CORRUPTED,馃煛 鍛婅,重摘可读 source_quote；确认 source_section；必要时拆分 atomic_assertion；不能沿用乱码行,OPEN,
UA2-00448,user-agent,docs/PRD-用户体系.md,source_section,153,126: ##### 鍖哄煙 1锛氭杩庡崱鐗|,- 鐢ㄦ埛浣欓涓鸿礋鏁版椂锛堝钩鍙版瑺璐瑰満鏅級锛氭樉绀虹孩鑹`楼-XX.XX`锛屽崱鐗囬《閮ㄥ鍔鈿狅笍 璐︽埛娆犺垂锛岃绔嬪嵆鍏呭€妯潯,CORRUPTED,绔嬪嵆鍏呭€,重摘可读 source_quote；确认 source_section；必要时拆分 atomic_assertion；不能沿用乱码行,OPEN,
UA2-00449,user-agent,docs/PRD-用户体系.md,source_section,491,483: ##### 鍖哄煙 12锛氬紓甯稿憡璀﹀崱鐗囷紙P1锛|,| 寮傚父 IP 鐧诲綍 | 褰撳墠鐧诲綍 IP 灞炲湴 鈮甯哥敤鍦|| 馃煛 鍛婅 | 纭鏄惁鏈汉鎿嶄綔 / 淇敼瀵嗙爜 |,CORRUPTED,寮傚父 IP 鐧诲綍,重摘可读 source_quote；确认 source_section；必要时拆分 atomic_assertion；不能沿用乱码行,OPEN,
UA2-00450,user-agent,docs/PRD-用户体系.md,source_section,491,483: ##### 鍖哄煙 12锛氬紓甯稿憡璀﹀崱鐗囷紙P1锛|,| 寮傚父 IP 鐧诲綍 | 褰撳墠鐧诲綍 IP 灞炲湴 鈮甯哥敤鍦|| 馃煛 鍛婅 | 纭鏄惁鏈汉鎿嶄綔 / 淇敼瀵嗙爜 |,CORRUPTED,褰撳墠鐧诲綍 IP 灞炲湴 鈮甯哥敤鍦,重摘可读 source_quote；确认 source_section；必要时拆分 atomic_assertion；不能沿用乱码行,OPEN,
UA2-00452,user-agent,docs/PRD-用户体系.md,source_section,491,483: ##### 鍖哄煙 12锛氬紓甯稿憡璀﹀崱鐗囷紙P1锛|,| 寮傚父 IP 鐧诲綍 | 褰撳墠鐧诲綍 IP 灞炲湴 鈮甯哥敤鍦|| 馃煛 鍛婅 | 纭鏄惁鏈汉鎿嶄綔 / 淇敼瀵嗙爜 |,CORRUPTED,纭鏄惁鏈汉鎿嶄綔 / 淇敼瀵嗙爜,重摘可读 source_quote；确认 source_section；必要时拆分 atomic_assertion；不能沿用乱码行,OPEN,
UA2-00453,user-agent,docs/PRD-用户体系.md,source_section,492,483: ##### 鍖哄煙 12锛氬紓甯稿憡璀﹀崱鐗囷紙P1锛|,| Key 娉勯湶瀚岀枒 | 鍚屼竴 Key 鍦< 5 鍒嗛挓鍐呬粠 > 2 涓煄甯傝皟鐢|| 馃敶 绱ф€|| 绔嬪嵆绂佺敤 Key / 鑱旂郴瀹㈡湇 |,CORRUPTED,Key 娉勯湶瀚岀枒,重摘可读 source_quote；确认 source_section；必要时拆分 atomic_assertion；不能沿用乱码行,OPEN,
UA2-00454,user-agent,docs/PRD-用户体系.md,source_section,492,483: ##### 鍖哄煙 12锛氬紓甯稿憡璀﹀崱鐗囷紙P1锛|,| Key 娉勯湶瀚岀枒 | 鍚屼竴 Key 鍦< 5 鍒嗛挓鍐呬粠 > 2 涓煄甯傝皟鐢|| 馃敶 绱ф€|| 绔嬪嵆绂佺敤 Key / 鑱旂郴瀹㈡湇 |,CORRUPTED,鍚屼竴 Key 鍦< 5 鍒嗛挓鍐呬粠 > 2 涓煄甯傝皟鐢,重摘可读 source_quote；确认 source_section；必要时拆分 atomic_assertion；不能沿用乱码行,OPEN,
UA2-00456,user-agent,docs/PRD-用户体系.md,source_section,492,483: ##### 鍖哄煙 12锛氬紓甯稿憡璀﹀崱鐗囷紙P1锛|,| Key 娉勯湶瀚岀枒 | 鍚屼竴 Key 鍦< 5 鍒嗛挓鍐呬粠 > 2 涓煄甯傝皟鐢|| 馃敶 绱ф€|| 绔嬪嵆绂佺敤 Key / 鑱旂郴瀹㈡湇 |,CORRUPTED,绔嬪嵆绂佺敤 Key / 鑱旂郴瀹㈡湇,重摘可读 source_quote；确认 source_section；必要时拆分 atomic_assertion；不能沿用乱码行,OPEN,
UA2-00457,user-agent,docs/PRD-用户体系.md,source_section,493,483: ##### 鍖哄煙 12锛氬紓甯稿憡璀﹀崱鐗囷紙P1锛|,| 浣欓閫忔敮 | 浣欓 < 0锛堝凡娆犺垂锛墊 馃敶 绱ф€|| 绔嬪嵆鍏呭€间互鎭㈠鏈嶅姟 |,CORRUPTED,浣欓閫忔敮,重摘可读 source_quote；确认 source_section；必要时拆分 atomic_assertion；不能沿用乱码行,OPEN,
UA2-00458,user-agent,docs/PRD-用户体系.md,source_section;source_quote;atomic_assertion,493,483: ##### 鍖哄煙 12锛氬紓甯稿憡璀﹀崱鐗囷紙P1锛|,| 浣欓閫忔敮 | 浣欓 < 0锛堝凡娆犺垂锛墊 馃敶 绱ф€|| 绔嬪嵆鍏呭€间互鎭㈠鏈嶅姟 |,CORRUPTED,浣欓 < 0锛堝凡娆犺垂锛墊 馃敶 绱ф€,重摘可读 source_quote；确认 source_section；必要时拆分 atomic_assertion；不能沿用乱码行,OPEN,
UA2-00459,user-agent,docs/PRD-用户体系.md,source_section,493,483: ##### 鍖哄煙 12锛氬紓甯稿憡璀﹀崱鐗囷紙P1锛|,| 浣欓閫忔敮 | 浣欓 < 0锛堝凡娆犺垂锛墊 馃敶 绱ф€|| 绔嬪嵆鍏呭€间互鎭㈠鏈嶅姟 |,CORRUPTED,绔嬪嵆鍏呭€间互鎭㈠鏈嶅姟,重摘可读 source_quote；确认 source_section；必要时拆分 atomic_assertion；不能沿用乱码行,OPEN,
UA2-00460,user-agent,docs/PRD-用户体系.md,source_section,494,483: ##### 鍖哄煙 12锛氬紓甯稿憡璀﹀崱鐗囷紙P1锛|,| 妯″瀷涓嬬嚎 | 甯哥敤妯″瀷鐘舵€佸彉涓宸蹭笅绾| | 馃煛 鍛婅 | 鏌ョ湅鏇夸唬妯″瀷 |,CORRUPTED,妯″瀷涓嬬嚎,重摘可读 source_quote；确认 source_section；必要时拆分 atomic_assertion；不能沿用乱码行,OPEN,
UA2-00461,user-agent,docs/PRD-用户体系.md,source_section,494,483: ##### 鍖哄煙 12锛氬紓甯稿憡璀﹀崱鐗囷紙P1锛|,| 妯″瀷涓嬬嚎 | 甯哥敤妯″瀷鐘舵€佸彉涓宸蹭笅绾| | 馃煛 鍛婅 | 鏌ョ湅鏇夸唬妯″瀷 |,CORRUPTED,甯哥敤妯″瀷鐘舵€佸彉涓宸蹭笅绾,重摘可读 source_quote；确认 source_section；必要时拆分 atomic_assertion；不能沿用乱码行,OPEN,
UA2-00463,user-agent,docs/PRD-用户体系.md,source_section,494,483: ##### 鍖哄煙 12锛氬紓甯稿憡璀﹀崱鐗囷紙P1锛|,| 妯″瀷涓嬬嚎 | 甯哥敤妯″瀷鐘舵€佸彉涓宸蹭笅绾| | 馃煛 鍛婅 | 鏌ョ湅鏇夸唬妯″瀷 |,CORRUPTED,鏌ョ湅鏇夸唬妯″瀷,重摘可读 source_quote；确认 source_section；必要时拆分 atomic_assertion；不能沿用乱码行,OPEN,
UA2-00464,user-agent,docs/PRD-用户体系.md,source_section,496,483: ##### 鍖哄煙 12锛氬紓甯稿憡璀﹀崱鐗囷紙P1锛|,**鍛婅鍗＄墖甯冨眬**,READABLE,**鍛婅鍗＄墖甯冨眬**,重摘可读 source_quote；确认 source_section；必要时拆分 atomic_assertion；不能沿用乱码行,OPEN,
UA2-00465,user-agent,docs/PRD-用户体系.md,source_section,512,483: ##### 鍖哄煙 12锛氬紓甯稿憡璀﹀崱鐗囷紙P1锛|,**鍛婅鎶樺彔閫昏緫**,READABLE,**鍛婅鎶樺彔閫昏緫**,重摘可读 source_quote；确认 source_section；必要时拆分 atomic_assertion；不能沿用乱码行,OPEN,
UA2-00466,user-agent,docs/PRD-用户体系.md,source_section,513,483: ##### 鍖哄煙 12锛氬紓甯稿憡璀﹀崱鐗囷紙P1锛|,- 榛樿灞曠ず鍏ㄩ儴,READABLE,榛樿灞曠ず鍏ㄩ儴,重摘可读 source_quote；确认 source_section；必要时拆分 atomic_assertion；不能沿用乱码行,OPEN,
UA2-00467,user-agent,docs/PRD-用户体系.md,source_section,514,483: ##### 鍖哄煙 12锛氬紓甯稿憡璀﹀崱鐗囷紙P1锛|,"- 鐢ㄦ埛鐐瑰嚮""宸茶""鍚庡皢姝ゅ憡璀︽姌鍙犲埌""宸茶鍛婅 (N)""鎶樺彔鏍|",READABLE,"鐢ㄦ埛鐐瑰嚮""宸茶""鍚庡皢姝ゅ憡璀︽姌鍙犲埌""宸茶鍛婅 (N)""鎶樺彔鏍|",重摘可读 source_quote；确认 source_section；必要时拆分 atomic_assertion；不能沿用乱码行,OPEN,
UA2-00468,user-agent,docs/PRD-用户体系.md,source_section;source_quote;atomic_assertion,515,483: ##### 鍖哄煙 12锛氬紓甯稿憡璀﹀崱鐗囷紙P1锛|,"- 鐩稿悓绫诲瀷鐨勫憡璀5 鍒嗛挓鍐呭悎骞朵负涓€鏉★紙""澶辫触鐜囩獊澧- N 娆¤Е鍙锛|",CORRUPTED,"鐩稿悓绫诲瀷鐨勫憡璀5 鍒嗛挓鍐呭悎骞朵负涓€鏉★紙""澶辫触鐜囩獊澧- N 娆¤Е鍙锛|",重摘可读 source_quote；确认 source_section；必要时拆分 atomic_assertion；不能沿用乱码行,OPEN,
UA2-00469,user-agent,docs/PRD-用户体系.md,source_section,460,444: ##### 鍖哄煙 11锛氭垚鏈娴嬪崱鐗囷紙P1锛|,**灞曠ず鍐呭**,READABLE,**灞曠ず鍐呭**,重摘可读 source_quote；确认 source_section；必要时拆分 atomic_assertion；不能沿用乱码行,OPEN,
UA2-00470,user-agent,docs/PRD-用户体系.md,source_section,128,126: ##### 鍖哄煙 1锛氭杩庡崱鐗|,**瀛楁瑙勬牸**,READABLE,**瀛楁瑙勬牸**,重摘可读 source_quote；确认 source_section；必要时拆分 atomic_assertion；不能沿用乱码行,OPEN,
UA2-00471,user-agent,docs/PRD-用户体系.md,source_section,534,519: ##### 鍖哄煙 13锛氳处鍗曞懆鏈熸瑙堬紙P1锛|,| 璐﹀崟璧锋鏃ユ湡 | `site_configs.billing_cycle_start` + 褰撳墠鍛ㄦ湡 | 姣忔湀 1 鏃ュ埌鏈堝簳 |,READABLE,璐﹀崟璧锋鏃ユ湡,重摘可读 source_quote；确认 source_section；必要时拆分 atomic_assertion；不能沿用乱码行,OPEN,
UA2-00472,user-agent,docs/PRD-用户体系.md,source_section,534,519: ##### 鍖哄煙 13锛氳处鍗曞懆鏈熸瑙堬紙P1锛|,| 璐﹀崟璧锋鏃ユ湡 | `site_configs.billing_cycle_start` + 褰撳墠鍛ㄦ湡 | 姣忔湀 1 鏃ュ埌鏈堝簳 |,READABLE,`site_configs.billing_cycle_start` + 褰撳墠鍛ㄦ湡,重摘可读 source_quote；确认 source_section；必要时拆分 atomic_assertion；不能沿用乱码行,OPEN,
UA2-00473,user-agent,docs/PRD-用户体系.md,source_section,534,519: ##### 鍖哄煙 13锛氳处鍗曞懆鏈熸瑙堬紙P1锛|,| 璐﹀崟璧锋鏃ユ湡 | `site_configs.billing_cycle_start` + 褰撳墠鍛ㄦ湡 | 姣忔湀 1 鏃ュ埌鏈堝簳 |,READABLE,姣忔湀 1 鏃ュ埌鏈堝簳,重摘可读 source_quote；确认 source_section；必要时拆分 atomic_assertion；不能沿用乱码行,OPEN,
UA2-00474,user-agent,docs/PRD-用户体系.md,source_section,525,519: ##### 鍖哄煙 13锛氳处鍗曞懆鏈熸瑙堬紙P1锛|,宸插嚭璐﹂噾棰濓細楼890.50,READABLE,宸插嚭璐﹂噾棰,重摘可读 source_quote；确认 source_section；必要时拆分 atomic_assertion；不能沿用乱码行,OPEN,
UA2-00475,user-agent,docs/PRD-用户体系.md,source_section,535,519: ##### 鍖哄煙 13锛氳处鍗曞懆鏈熸瑙堬紙P1锛|,| 宸插嚭璐﹂噾棰|| 涓婃湡缁撶畻鍚庣殑娑堣垂鎬诲拰 | 宸茬粨绠楃殑閲戦 |,READABLE,涓婃湡缁撶畻鍚庣殑娑堣垂鎬诲拰,重摘可读 source_quote；确认 source_section；必要时拆分 atomic_assertion；不能沿用乱码行,OPEN,
UA2-00476,user-agent,docs/PRD-用户体系.md,source_section,535,519: ##### 鍖哄煙 13锛氳处鍗曞懆鏈熸瑙堬紙P1锛|,| 宸插嚭璐﹂噾棰|| 涓婃湡缁撶畻鍚庣殑娑堣垂鎬诲拰 | 宸茬粨绠楃殑閲戦 |,READABLE,宸茬粨绠楃殑閲戦,重摘可读 source_quote；确认 source_section；必要时拆分 atomic_assertion；不能沿用乱码行,OPEN,
UA2-00477,user-agent,docs/PRD-用户体系.md,source_section,526,519: ##### 鍖哄煙 13锛氳处鍗曞懆鏈熸瑙堬紙P1锛|,寰呯粨绠楅噾棰濓細楼123.40锛堟渶杩3 澶╃殑娑堣垂锛|,CORRUPTED,寰呯粨绠楅噾棰,重摘可读 source_quote；确认 source_section；必要时拆分 atomic_assertion；不能沿用乱码行,OPEN,
UA2-00478,user-agent,docs/PRD-用户体系.md,source_section;source_quote;atomic_assertion,536,519: ##### 鍖哄煙 13锛氳处鍗曞懆鏈熸瑙堬紙P1锛|,| 寰呯粨绠楅噾棰|| 鏈€杩N 澶╃殑娑堣垂锛圢 鐢辩粨绠楀欢杩熷ぉ鏁伴厤缃級| 鏈粨绠楃殑娑堣垂 |,CORRUPTED,鏈€杩N 澶╃殑娑堣垂锛圢 鐢辩粨绠楀欢杩熷ぉ鏁伴厤缃級,重摘可读 source_quote；确认 source_section；必要时拆分 atomic_assertion；不能沿用乱码行,OPEN,
UA2-00479,user-agent,docs/PRD-用户体系.md,source_section,536,519: ##### 鍖哄煙 13锛氳处鍗曞懆鏈熸瑙堬紙P1锛|,| 寰呯粨绠楅噾棰|| 鏈€杩N 澶╃殑娑堣垂锛圢 鐢辩粨绠楀欢杩熷ぉ鏁伴厤缃級| 鏈粨绠楃殑娑堣垂 |,CORRUPTED,鏈粨绠楃殑娑堣垂,重摘可读 source_quote；确认 source_section；必要时拆分 atomic_assertion；不能沿用乱码行,OPEN,
UA2-00480,user-agent,docs/PRD-用户体系.md,source_section,537,519: ##### 鍖哄煙 13锛氳处鍗曞懆鏈熸瑙堬紙P1锛|,| 缁撶畻鏃ュ€掕鏃|| `billing_cycle_end` - 褰撳墠鏃ユ湡 | 璐熸暟鏃舵樉绀宸茶繃缁撶畻鏃N 澶| |,READABLE,缁撶畻鏃ュ€掕鏃,重摘可读 source_quote；确认 source_section；必要时拆分 atomic_assertion；不能沿用乱码行,OPEN,
UA2-00481,user-agent,docs/PRD-用户体系.md,source_section,537,519: ##### 鍖哄煙 13锛氳处鍗曞懆鏈熸瑙堬紙P1锛|,| 缁撶畻鏃ュ€掕鏃|| `billing_cycle_end` - 褰撳墠鏃ユ湡 | 璐熸暟鏃舵樉绀宸茶繃缁撶畻鏃N 澶| |,READABLE,`billing_cycle_end` - 褰撳墠鏃ユ湡,重摘可读 source_quote；确认 source_section；必要时拆分 atomic_assertion；不能沿用乱码行,OPEN,
UA2-00482,user-agent,docs/PRD-用户体系.md,source_section,537,519: ##### 鍖哄煙 13锛氳处鍗曞懆鏈熸瑙堬紙P1锛|,| 缁撶畻鏃ュ€掕鏃|| `billing_cycle_end` - 褰撳墠鏃ユ湡 | 璐熸暟鏃舵樉绀宸茶繃缁撶畻鏃N 澶| |,READABLE,璐熸暟鏃舵樉绀宸茶繃缁撶畻鏃N 澶,重摘可读 source_quote；确认 source_section；必要时拆分 atomic_assertion；不能沿用乱码行,OPEN,
UA2-00483,user-agent,docs/PRD-用户体系.md,source_section,539,519: ##### 鍖哄煙 13锛氳处鍗曞懆鏈熸瑙堬紙P1锛|,**鍘嗗彶璐﹀崟鍒楄〃**,READABLE,**鍘嗗彶璐﹀崟鍒楄〃**,重摘可读 source_quote；确认 source_section；必要时拆分 atomic_assertion；不能沿用乱码行,OPEN,
UA2-00484,user-agent,docs/PRD-用户体系.md,source_section,540,519: ##### 鍖哄煙 13锛氳处鍗曞懆鏈熸瑙堬紙P1锛|,- 灞曠ず鏈€杩12 涓懆鏈熺殑璐﹀崟姹囨€|,READABLE,灞曠ず鏈€杩12 涓懆鏈熺殑璐﹀崟姹囨€|,重摘可读 source_quote；确认 source_section；必要时拆分 atomic_assertion；不能沿用乱码行,OPEN,
UA2-00485,user-agent,docs/PRD-用户体系.md,source_section;source_quote;atomic_assertion,541,519: ##### 鍖哄煙 13锛氳处鍗曞懆鏈熸瑙堬紙P1锛|,- 姣忚锛氬懆鏈/ 鎬绘秷璐/ 宸插嚭璐/ 鐘舵€侊紙宸茬粨绠/ 寰呯粨绠楋級,CORRUPTED,姣忚锛氬懆鏈/ 鎬绘秷璐/ 宸插嚭璐/ 鐘舵€侊紙宸茬粨绠/ 寰呯粨绠楋級,重摘可读 source_quote；确认 source_section；必要时拆分 atomic_assertion；不能沿用乱码行,OPEN,
UA2-00486,user-agent,docs/PRD-用户体系.md,source_section,542,519: ##### 鍖哄煙 13锛氳处鍗曞懆鏈熸瑙堬紙P1锛|,- 鐐瑰嚮琛鈫涓嬭浇璇ュ懆鏈熻处鍗PDF/CSV,READABLE,鐐瑰嚮琛鈫涓嬭浇璇ュ懆鏈熻处鍗PDF/CSV,重摘可读 source_quote；确认 source_section；必要时拆分 atomic_assertion；不能沿用乱码行,OPEN,
UA2-00487,user-agent,docs/PRD-用户体系.md,source_section,548,546: ##### 鍖哄煙 14锛氬疄鏃舵椿鍔ㄦ祦锛圥2锛|,**WebSocket 娑堟伅鏍煎紡**,READABLE,**WebSocket 娑堟伅鏍煎紡**,重摘可读 source_quote；确认 source_section；必要时拆分 atomic_assertion；不能沿用乱码行,OPEN,
UA2-00488,user-agent,docs/PRD-用户体系.md,source_section,564,546: ##### 鍖哄煙 14锛氬疄鏃舵椿鍔ㄦ祦锛圥2锛|,**鍓嶇灞曠ず**,READABLE,**鍓嶇灞曠ず**,重摘可读 source_quote；确认 source_section；必要时拆分 atomic_assertion；不能沿用乱码行,OPEN,
UA2-00489,user-agent,docs/PRD-用户体系.md,source_section,581,546: ##### 鍖哄煙 14锛氬疄鏃舵椿鍔ㄦ祦锛圥2锛|,| 榧犳爣鎮仠娲诲姩娴佸尯鍩|| 鏆傚仠鑷姩婊氬姩锛屾秷鎭笉鍐嶈嚜鍔ㄧЩ鍑||,CORRUPTED,榧犳爣鎮仠娲诲姩娴佸尯鍩,重摘可读 source_quote；确认 source_section；必要时拆分 atomic_assertion；不能沿用乱码行,OPEN,
UA2-00490,user-agent,docs/PRD-用户体系.md,source_section;source_quote;atomic_assertion,581,546: ##### 鍖哄煙 14锛氬疄鏃舵椿鍔ㄦ祦锛圥2锛|,| 榧犳爣鎮仠娲诲姩娴佸尯鍩|| 鏆傚仠鑷姩婊氬姩锛屾秷鎭笉鍐嶈嚜鍔ㄧЩ鍑||,CORRUPTED,鏆傚仠鑷姩婊氬姩锛屾秷鎭笉鍐嶈嚜鍔ㄧЩ鍑,重摘可读 source_quote；确认 source_section；必要时拆分 atomic_assertion；不能沿用乱码行,OPEN,
UA2-00491,user-agent,docs/PRD-用户体系.md,source_section,582,546: ##### 鍖哄煙 14锛氬疄鏃舵椿鍔ㄦ祦锛圥2锛|,| 榧犳爣绉诲嚭 | 鎭㈠鑷姩婊氬姩 |,READABLE,榧犳爣绉诲嚭,重摘可读 source_quote；确认 source_section；必要时拆分 atomic_assertion；不能沿用乱码行,OPEN,
UA2-00492,user-agent,docs/PRD-用户体系.md,source_section,582,546: ##### 鍖哄煙 14锛氬疄鏃舵椿鍔ㄦ祦锛圥2锛|,| 榧犳爣绉诲嚭 | 鎭㈠鑷姩婊氬姩 |,READABLE,鎭㈠鑷姩婊氬姩,重摘可读 source_quote；确认 source_section；必要时拆分 atomic_assertion；不能沿用乱码行,OPEN,
UA2-00493,user-agent,docs/PRD-用户体系.md,source_section,583,546: ##### 鍖哄煙 14锛氬疄鏃舵椿鍔ㄦ祦锛圥2锛|,"| 鐐瑰嚮""鏆傚仠""鎸夐挳 | 鎵嬪姩鏆傚仠锛屾寜閽彉涓鎭㈠"" |",CORRUPTED,"鐐瑰嚮""鏆傚仠""鎸夐挳",重摘可读 source_quote；确认 source_section；必要时拆分 atomic_assertion；不能沿用乱码行,OPEN,
UA2-00494,user-agent,docs/PRD-用户体系.md,source_section;source_quote;atomic_assertion,583,546: ##### 鍖哄煙 14锛氬疄鏃舵椿鍔ㄦ祦锛圥2锛|,"| 鐐瑰嚮""鏆傚仠""鎸夐挳 | 鎵嬪姩鏆傚仠锛屾寜閽彉涓鎭㈠"" |",CORRUPTED,"鎵嬪姩鏆傚仠锛屾寜閽彉涓鎭㈠""",重摘可读 source_quote；确认 source_section；必要时拆分 atomic_assertion；不能沿用乱码行,OPEN,
UA2-00495,user-agent,docs/PRD-用户体系.md,source_section,584,546: ##### 鍖哄煙 14锛氬疄鏃舵椿鍔ㄦ祦锛圥2锛|,| 鐐瑰嚮鏌愭潯娑堟伅 | 璺宠浆鍒拌娆¤皟鐢ㄧ殑鏃ュ織璇︽儏 |,READABLE,鐐瑰嚮鏌愭潯娑堟伅,重摘可读 source_quote；确认 source_section；必要时拆分 atomic_assertion；不能沿用乱码行,OPEN,
UA2-00496,user-agent,docs/PRD-用户体系.md,source_section,584,546: ##### 鍖哄煙 14锛氬疄鏃舵椿鍔ㄦ祦锛圥2锛|,| 鐐瑰嚮鏌愭潯娑堟伅 | 璺宠浆鍒拌娆¤皟鐢ㄧ殑鏃ュ織璇︽儏 |,READABLE,璺宠浆鍒拌娆¤皟鐢ㄧ殑鏃ュ織璇︽儏,重摘可读 source_quote；确认 source_section；必要时拆分 atomic_assertion；不能沿用乱码行,OPEN,
UA2-00497,user-agent,docs/PRD-用户体系.md,source_section,586,546: ##### 鍖哄煙 14锛氬疄鏃舵椿鍔ㄦ祦锛圥2锛|,**鎬ц兘绾︽潫**,READABLE,**鎬ц兘绾︽潫**,重摘可读 source_quote；确认 source_section；必要时拆分 atomic_assertion；不能沿用乱码行,OPEN,
UA2-00498,user-agent,docs/PRD-用户体系.md,source_section,587,546: ##### 鍖哄煙 14锛氬疄鏃舵椿鍔ㄦ祦锛圥2锛|,- 娲诲姩娴佺紦鍐插尯鏈€澶氫繚鐣200 鏉℃秷鎭|,READABLE,娲诲姩娴佺紦鍐插尯鏈€澶氫繚鐣200 鏉℃秷鎭|,重摘可读 source_quote；确认 source_section；必要时拆分 atomic_assertion；不能沿用乱码行,OPEN,
UA2-00499,user-agent,docs/PRD-用户体系.md,source_section,588,546: ##### 鍖哄煙 14锛氬疄鏃舵椿鍔ㄦ祦锛圥2锛|,- WebSocket 鏂嚎鍚庤嚜鍔ㄩ噸杩烇紙3 绉掗棿闅旓紝鏈€澶氶噸璇5 娆★級,READABLE,WebSocket 鏂嚎鍚庤嚜鍔ㄩ噸杩烇紙3 绉掗棿闅旓紝鏈€澶氶噸璇5 娆★級,重摘可读 source_quote；确认 source_section；必要时拆分 atomic_assertion；不能沿用乱码行,OPEN,
UA2-00500,user-agent,docs/PRD-用户体系.md,source_section;source_quote;atomic_assertion,589,546: ##### 鍖哄煙 14锛氬疄鏃舵椿鍔ㄦ祦锛圥2锛|,- 鏂嚎鏈熼棿鐨勬秷鎭湪閲嶈繛鍚庢壒閲忔媺鍙栵紙鏈€澶50 鏉★級,CORRUPTED,鏂嚎鏈熼棿鐨勬秷鎭湪閲嶈繛鍚庢壒閲忔媺鍙栵紙鏈€澶50 鏉★級,重摘可读 source_quote；确认 source_section；必要时拆分 atomic_assertion；不能沿用乱码行,OPEN,
UA2-00501,user-agent,docs/PRD-用户体系.md,source_section,595,593: ##### 鍖哄煙 15锛氭ā鍨嬫帹鑽鎴愭湰浼樺寲寤鸿锛圥2锛|,**寤鸿鐢熸垚閫昏緫**,READABLE,**寤鸿鐢熸垚閫昏緫**,重摘可读 source_quote；确认 source_section；必要时拆分 atomic_assertion；不能沿用乱码行,OPEN,
UA2-00502,user-agent,docs/PRD-用户体系.md,source_section,609,593: ##### 鍖哄煙 15锛氭ā鍨嬫帹鑽鎴愭湰浼樺寲寤鸿锛圥2锛|,**寤鸿鍗＄墖鏍煎紡**,READABLE,**寤鸿鍗＄墖鏍煎紡**,重摘可读 source_quote；确认 source_section；必要时拆分 atomic_assertion；不能沿用乱码行,OPEN,
UA2-00503,user-agent,docs/PRD-用户体系.md,source_section,143,126: ##### 鍖哄煙 1锛氭杩庡崱鐗|,**杩愯惀閰嶇疆**,READABLE,**杩愯惀閰嶇疆**,重摘可读 source_quote；确认 source_section；必要时拆分 atomic_assertion；不能沿用乱码行,OPEN,
UA2-00504,user-agent,docs/PRD-用户体系.md,source_section;source_quote;atomic_assertion,623,593: ##### 鍖哄煙 15锛氭ā鍨嬫帹鑽鎴愭湰浼樺寲寤鸿锛圥2锛|,| 鏈€浣庤妭鐪侀噾棰濓紙浣庝簬姝や笉灞曠ず锛墊 `site_configs.min_save_amount` 榛樿 楼5.00 |,CORRUPTED,鏈€浣庤妭鐪侀噾棰濓紙浣庝簬姝や笉灞曠ず锛墊 `site_configs.min_save_amount` 榛樿 楼5.00,重摘可读 source_quote；确认 source_section；必要时拆分 atomic_assertion；不能沿用乱码行,OPEN,
UA2-00505,user-agent,docs/PRD-用户体系.md,source_section,624,593: ##### 鍖哄煙 15锛氭ā鍨嬫帹鑽鎴愭湰浼樺寲寤鸿锛圥2锛|,| 寤鸿灞曠ず棰戠巼 | `site_configs.optimization_tip_frequency` 榛樿 7 澶╀竴娆||,READABLE,寤鸿灞曠ず棰戠巼,重摘可读 source_quote；确认 source_section；必要时拆分 atomic_assertion；不能沿用乱码行,OPEN,
UA2-00506,user-agent,docs/PRD-用户体系.md,source_section,624,593: ##### 鍖哄煙 15锛氭ā鍨嬫帹鑽鎴愭湰浼樺寲寤鸿锛圥2锛|,| 寤鸿灞曠ず棰戠巼 | `site_configs.optimization_tip_frequency` 榛樿 7 澶╀竴娆||,READABLE,`site_configs.optimization_tip_frequency` 榛樿 7 澶╀竴娆,重摘可读 source_quote；确认 source_section；必要时拆分 atomic_assertion；不能沿用乱码行,OPEN,
UA2-00513,user-agent,docs/PRD-用户体系.md,source_quote;atomic_assertion,654,628: #### 2.2.2 妯″瀷涓績 `/console/models`,| 渚涘簲鍟嗗悕绉|| `vendors.name` | 鏄剧ず渚涘簲鍟嗗悕 + Logo锛堝鏈夛級|,CORRUPTED,鏄剧ず渚涘簲鍟嗗悕 + Logo锛堝鏈夛級,重摘可读 source_quote；确认 source_section；必要时拆分 atomic_assertion；不能沿用乱码行,OPEN,
UA2-00525,user-agent,docs/PRD-用户体系.md,source_quote;atomic_assertion,658,628: #### 2.2.2 妯″瀷涓績 `/console/models`,| 鐘舵€佹爣绛|| `vendor_models.status` | 鍙敤(馃煝) / 缁存姢涓馃煛) / 宸蹭笅绾馃敶)|,CORRUPTED,鍙敤(馃煝) / 缁存姢涓馃煛) / 宸蹭笅绾馃敶),重摘可读 source_quote；确认 source_section；必要时拆分 atomic_assertion；不能沿用乱码行,OPEN,
UA2-00529,user-agent,docs/PRD-用户体系.md,source_quote;atomic_assertion,664,628: #### 2.2.2 妯″瀷涓績 `/console/models`,| 鍏ㄩ儴 | 鍏ㄩ儴妯″瀷锛堟帓闄ゅ凡涓嬬嚎锛墊,CORRUPTED,| 鍏ㄩ儴 | 鍏ㄩ儴妯″瀷锛堟帓闄ゅ凡涓嬬嚎锛墊,重摘可读 source_quote；确认 source_section；必要时拆分 atomic_assertion；不能沿用乱码行,OPEN,
UA2-00546,user-agent,docs/PRD-用户体系.md,source_quote;atomic_assertion,677,628: #### 2.2.2 妯″瀷涓績 `/console/models`,"- 鎼滅储鏃犵粨鏋滄椂灞曠ず锛鏈壘鍒板尮閰嶇殑妯″瀷锛岃瘯璇曞叾浠栧叧閿瘝""",CORRUPTED,"鎼滅储鏃犵粨鏋滄椂灞曠ず锛鏈壘鍒板尮閰嶇殑妯″瀷锛岃瘯璇曞叾浠栧叧閿瘝""",重摘可读 source_quote；确认 source_section；必要时拆分 atomic_assertion；不能沿用乱码行,OPEN,
UA2-00557,user-agent,docs/PRD-用户体系.md,source_quote;atomic_assertion,691,628: #### 2.2.2 妯″瀷涓績 `/console/models`,"鐐瑰嚮妯″瀷鍗＄墖鐨浠锋牸""鍖哄煙 鈫寮瑰嚭浠锋牸鏄庣粏",CORRUPTED,"鐐瑰嚮妯″瀷鍗＄墖鐨浠锋牸""鍖哄煙 鈫寮瑰嚭浠锋牸鏄庣粏",重摘可读 source_quote；确认 source_section；必要时拆分 atomic_assertion；不能沿用乱码行,OPEN,
UA2-00564,user-agent,docs/PRD-用户体系.md,source_quote;atomic_assertion,745,628: #### 2.2.2 妯″瀷涓績 `/console/models`,| System Prompt | 鍙€夎緭鍏ワ紝璁剧疆瀵硅瘽绯荤粺瑙掕壊 |,CORRUPTED,鍙€夎緭鍏ワ紝璁剧疆瀵硅瘽绯荤粺瑙掕壊,重摘可读 source_quote；确认 source_section；必要时拆分 atomic_assertion；不能沿用乱码行,OPEN,
UA2-00566,user-agent,docs/PRD-用户体系.md,source_quote;atomic_assertion,746,628: #### 2.2.2 妯″瀷涓績 `/console/models`,| 澶氳疆瀵硅瘽 | 鏀寔杩炵画瀵硅瘽锛屽巻鍙叉秷鎭嚜鍔ㄦ嫾鍏ヤ笂涓嬫枃 |,CORRUPTED,鏀寔杩炵画瀵硅瘽锛屽巻鍙叉秷鎭嚜鍔ㄦ嫾鍏ヤ笂涓嬫枃,重摘可读 source_quote；确认 source_section；必要时拆分 atomic_assertion；不能沿用乱码行,OPEN,
UA2-00587,user-agent,docs/PRD-用户体系.md,source_quote;atomic_assertion,764,628: #### 2.2.2 妯″瀷涓績 `/console/models`,| 浼氳瘽鍘嗗彶 | 淇濆瓨鏈€杩50 娆℃祴璇曡褰曪紙鏈湴瀛樺偍锛墊,CORRUPTED,| 浼氳瘽鍘嗗彶 | 淇濆瓨鏈€杩50 娆℃祴璇曡褰曪紙鏈湴瀛樺偍锛墊,重摘可读 source_quote；确认 source_section；必要时拆分 atomic_assertion；不能沿用乱码行,OPEN,
UA2-00589,user-agent,docs/PRD-用户体系.md,source_quote;atomic_assertion,765,628: #### 2.2.2 妯″瀷涓績 `/console/models`,| 鍐呭淇濆瓨 | 姣忔潯娴嬭瘯淇濆瓨锛歅rompt銆佸搷搴斻€乀oken 娑堣€椼€佽垂鐢||,CORRUPTED,姣忔潯娴嬭瘯淇濆瓨锛歅rompt銆佸搷搴斻€乀oken 娑堣€椼€佽垂鐢,重摘可读 source_quote；确认 source_section；必要时拆分 atomic_assertion；不能沿用乱码行,OPEN,
UA2-00595,user-agent,docs/PRD-用户体系.md,source_quote;atomic_assertion,770,628: #### 2.2.2 妯″瀷涓績 `/console/models`,- Playground 涓殑璋冪敤**鐪熷疄璁¤垂**锛堜笉鏄ā鎷燂級,CORRUPTED,Playground 涓殑璋冪敤**鐪熷疄璁¤垂**锛堜笉鏄ā鎷燂級,重摘可读 source_quote；确认 source_section；必要时拆分 atomic_assertion；不能沿用乱码行,OPEN,
UA2-00606,user-agent,docs/PRD-用户体系.md,source_quote;atomic_assertion,786,779: ##### Key 鍒楄〃,| Key 鍓嶇紑 | 25% | 鉂|| 鏍煎紡锛歚sk-xxxx****xxxx`锛堜腑闂撮儴鍒嗚劚鏁忥級|,CORRUPTED,鏍煎紡锛歚sk-xxxx****xxxx`锛堜腑闂撮儴鍒嗚劚鏁忥級,重摘可读 source_quote；确认 source_section；必要时拆分 atomic_assertion；不能沿用乱码行,OPEN,
UA2-00612,user-agent,docs/PRD-用户体系.md,source_quote;atomic_assertion,788,779: ##### Key 鍒楄〃,"| 鏈€鍚庝娇鐢ㄦ椂闂|| 15% | 鉁|| `YYYY-MM-DD HH:mm`锛孨ULL 灞曠ず""浠庢湭浣跨敤""|",CORRUPTED,"`YYYY-MM-DD HH:mm`锛孨ULL 灞曠ず""浠庢湭浣跨敤""",重摘可读 source_quote；确认 source_section；必要时拆分 atomic_assertion；不能沿用乱码行,OPEN,
UA2-00644,user-agent,docs/PRD-用户体系.md,source_quote;atomic_assertion,811,805: ##### 鍒涘缓 Key 寮圭獥,"| 鍒悕 | 鉁|| text(50) | 鍞竴鏍囪瘑 Key 鐨勭敤閫旓紝濡鐢熶骇鐜-涓籏ey""|",CORRUPTED,"鍞竴鏍囪瘑 Key 鐨勭敤閫旓紝濡鐢熶骇鐜-涓籏ey""",重摘可读 source_quote；确认 source_section；必要时拆分 atomic_assertion；不能沿用乱码行,OPEN,
UA2-00653,user-agent,docs/PRD-用户体系.md,source_quote;atomic_assertion,814,805: ##### 鍒涘缓 Key 寮圭獥,| IP 鐧藉悕鍗|| 鉂|| textarea | 姣忚涓€涓IP/CIDR锛岀┖鍒欎笉闄愬埗 |,CORRUPTED,姣忚涓€涓IP/CIDR锛岀┖鍒欎笉闄愬埗,重摘可读 source_quote；确认 source_section；必要时拆分 atomic_assertion；不能沿用乱码行,OPEN,
UA2-00656,user-agent,docs/PRD-用户体系.md,source_quote;atomic_assertion,832,805: ##### 鍒涘缓 Key 寮圭獥,- Key 鍒涘缓鎴愬姛鍚庤繑鍥炲寘鍚畬鏁Key锛屼絾鍚庣鍙瓨鍌Key 鐨勫搱甯屽€硷紙SHA-256锛|,CORRUPTED,Key 鍒涘缓鎴愬姛鍚庤繑鍥炲寘鍚畬鏁Key锛屼絾鍚庣鍙瓨鍌Key 鐨勫搱甯屽€硷紙SHA-256锛|,重摘可读 source_quote；确认 source_section；必要时拆分 atomic_assertion；不能沿用乱码行,OPEN,
UA2-00657,user-agent,docs/PRD-用户体系.md,source_quote;atomic_assertion,833,805: ##### 鍒涘缓 Key 寮圭獥,- 绠＄悊鍛樹篃鏃犳硶鏌ョ湅 Key 鐨勬槑鏂|,CORRUPTED,绠＄悊鍛樹篃鏃犳硶鏌ョ湅 Key 鐨勬槑鏂|,重摘可读 source_quote；确认 source_section；必要时拆分 atomic_assertion；不能沿用乱码行,OPEN,
UA2-00658,user-agent,docs/PRD-用户体系.md,source_quote;atomic_assertion,834,805: ##### 鍒涘缓 Key 寮圭獥,- 濡傜敤鎴蜂涪澶Key锛屽彧鑳介噸鏂板垱寤猴紝鏃犳硶鎵惧洖,CORRUPTED,濡傜敤鎴蜂涪澶Key锛屽彧鑳介噸鏂板垱寤猴紝鏃犳硶鎵惧洖,重摘可读 source_quote；确认 source_section；必要时拆分 atomic_assertion；不能沿用乱码行,OPEN,
UA2-00666,user-agent,docs/PRD-用户体系.md,source_quote;atomic_assertion,848,838: ##### 缂栬緫 Key,**淇敼杩囨湡鏃堕棿鐨勬搷浣*,CORRUPTED,**淇敼杩囨湡鏃堕棿鐨勬搷浣*,重摘可读 source_quote；确认 source_section；必要时拆分 atomic_assertion；不能沿用乱码行,OPEN,
UA2-00668,user-agent,docs/PRD-用户体系.md,source_quote;atomic_assertion,867,863: ##### 绂佺敤/鍚敤 Key,| 绂佺敤 Key | 鍗虫椂鐢熸晥锛屾墍鏈変娇鐢ㄨ Key 鐨勮姹傝繑鍥403 | 鎵嬪姩鍚敤 |,CORRUPTED,鍗虫椂鐢熸晥锛屾墍鏈変娇鐢ㄨ Key 鐨勮姹傝繑鍥403,重摘可读 source_quote；确认 source_section；必要时拆分 atomic_assertion；不能沿用乱码行,OPEN,
UA2-00673,user-agent,docs/PRD-用户体系.md,source_quote;atomic_assertion,869,863: ##### 绂佺敤/鍚敤 Key,| 鍒犻櫎 Key | 绉婚櫎 Key 璁板綍锛屼笉鍙仮澶|| 涓嶅彲鎭㈠ |,CORRUPTED,绉婚櫎 Key 璁板綍锛屼笉鍙仮澶,重摘可读 source_quote；确认 source_section；必要时拆分 atomic_assertion；不能沿用乱码行,OPEN,
UA2-00677,user-agent,docs/PRD-用户体系.md,source_quote;atomic_assertion,886,863: ##### 绂佺敤/鍚敤 Key,- 閫変腑澶氫釜 Key锛坈heckbox锛|,CORRUPTED,閫変腑澶氫釜 Key锛坈heckbox锛|,重摘可读 source_quote；确认 source_section；必要时拆分 atomic_assertion；不能沿用乱码行,OPEN,
UA2-00679,user-agent,docs/PRD-用户体系.md,source_quote;atomic_assertion,888,863: ##### 绂佺敤/鍚敤 Key,"- 鎵归噺鍒犻櫎闇€鍐嶆纭锛纭畾鍒犻櫎閫変腑鐨N 涓Key锛熸鎿嶄綔涓嶅彲鎭㈠""锛|",CORRUPTED,"鎵归噺鍒犻櫎闇€鍐嶆纭锛纭畾鍒犻櫎閫変腑鐨N 涓Key锛熸鎿嶄綔涓嶅彲鎭㈠""锛|",重摘可读 source_quote；确认 source_section；必要时拆分 atomic_assertion；不能沿用乱码行,OPEN,
UA2-00680,user-agent,docs/PRD-用户体系.md,source_section,894,892: ##### Key 鏉冮檺鎺у埗锛圥1锛|,**鎸夋ā鍨嬬矑搴*,READABLE,**鎸夋ā鍨嬬矑搴*,重摘可读 source_quote；确认 source_section；必要时拆分 atomic_assertion；不能沿用乱码行,OPEN,
UA2-00681,user-agent,docs/PRD-用户体系.md,source_section,911,892: ##### Key 鏉冮檺鎺у埗锛圥1锛|,**鎸夋搷浣滅矑搴*,READABLE,**鎸夋搷浣滅矑搴*,重摘可读 source_quote；确认 source_section；必要时拆分 atomic_assertion；不能沿用乱码行,OPEN,
UA2-00682,user-agent,docs/PRD-用户体系.md,source_section;source_quote;atomic_assertion,915,892: ##### Key 鏉冮檺鎺у埗锛圥1锛|,| 璇诲啓锛堥粯璁わ級| 鍏ㄩ儴 API 鎿嶄綔 |,CORRUPTED,璇诲啓锛堥粯璁わ級,重摘可读 source_quote；确认 source_section；必要时拆分 atomic_assertion；不能沿用乱码行,OPEN,
UA2-00683,user-agent,docs/PRD-用户体系.md,source_section,915,892: ##### Key 鏉冮檺鎺у埗锛圥1锛|,| 璇诲啓锛堥粯璁わ級| 鍏ㄩ儴 API 鎿嶄綔 |,CORRUPTED,鍏ㄩ儴 API 鎿嶄綔,重摘可读 source_quote；确认 source_section；必要时拆分 atomic_assertion；不能沿用乱码行,OPEN,
UA2-00684,user-agent,docs/PRD-用户体系.md,source_section,13,6: #### 2.1.1 瑙掕壊鐭╅樀,| `auditor` | L4 | 瀹¤宀|| 鏃ュ織鍙鏉冮檺銆佸璁℃姤琛ㄦ煡鐪|| 1-3 浜|| 鍚堣瀹¤ |,READABLE,鍙,重摘可读 source_quote；确认 source_section；必要时拆分 atomic_assertion；不能沿用乱码行,OPEN,
UA2-00685,user-agent,docs/PRD-用户体系.md,source_section,916,892: ##### Key 鏉冮檺鎺у埗锛圥1锛|,| 鍙 | 浠List 妯″瀷銆佹煡璇綑棰濈瓑璇绘搷浣||,READABLE,浠List 妯″瀷銆佹煡璇綑棰濈瓑璇绘搷浣,重摘可读 source_quote；确认 source_section；必要时拆分 atomic_assertion；不能沿用乱码行,OPEN,
UA2-00686,user-agent,docs/PRD-用户体系.md,source_section,254,234: ##### 鍖哄煙 4锛氱敤閲忔€昏灞曞紑闈㈡澘,鈹瓒嬪娍椤电锛歔1d] [7d] [30d] [鑷畾涔鈻糫           鈹|,CORRUPTED,鑷畾涔,重摘可读 source_quote；确认 source_section；必要时拆分 atomic_assertion；不能沿用乱码行,OPEN,
UA2-00687,user-agent,docs/PRD-用户体系.md,source_section,917,892: ##### Key 鏉冮檺鎺у埗锛圥1锛|,| 鑷畾涔|| 鎸API 绔偣绮掑害鎺堟潈 |,READABLE,鎸API 绔偣绮掑害鎺堟潈,重摘可读 source_quote；确认 source_section；必要时拆分 atomic_assertion；不能沿用乱码行,OPEN,
UA2-00688,user-agent,docs/PRD-用户体系.md,source_section,919,892: ##### Key 鏉冮檺鎺у埗锛圥1锛|,**IP 鐧藉悕鍗*,READABLE,**IP 鐧藉悕鍗*,重摘可读 source_quote；确认 source_section；必要时拆分 atomic_assertion；不能沿用乱码行,OPEN,
UA2-00689,user-agent,docs/PRD-用户体系.md,source_section,921,892: ##### Key 鏉冮檺鎺у埗锛圥1锛|,- 姣忚涓€涓IP 鎴CIDR 娈|,READABLE,姣忚涓€涓IP 鎴CIDR 娈|,重摘可读 source_quote；确认 source_section；必要时拆分 atomic_assertion；不能沿用乱码行,OPEN,
UA2-00690,user-agent,docs/PRD-用户体系.md,source_section;source_quote;atomic_assertion,922,892: ##### Key 鏉冮檺鎺у埗锛圥1锛|,- 鏍煎紡鏍￠獙锛欼Pv4 / IPv6 / CIDR锛堝 `192.168.1.0/24`锛|,CORRUPTED,鏍煎紡鏍￠獙锛欼Pv4 / IPv6 / CIDR锛堝 `192.168.1.0/24`锛|,重摘可读 source_quote；确认 source_section；必要时拆分 atomic_assertion；不能沿用乱码行,OPEN,
UA2-00691,user-agent,docs/PRD-用户体系.md,source_section;source_quote;atomic_assertion,923,892: ##### Key 鏉冮檺鎺у埗锛圥1锛|,- 鐧藉悕鍗曚负绌烘椂锛氫笉闄愬埗 IP,CORRUPTED,鐧藉悕鍗曚负绌烘椂锛氫笉闄愬埗 IP,重摘可读 source_quote；确认 source_section；必要时拆分 atomic_assertion；不能沿用乱码行,OPEN,
UA2-00692,user-agent,docs/PRD-用户体系.md,source_section;source_quote;atomic_assertion,924,892: ##### Key 鏉冮檺鎺у埗锛圥1锛|,- 鐧藉悕鍗曢潪绌烘椂锛氶潪鐧藉悕鍗IP 璇锋眰杩斿洖 403,CORRUPTED,鐧藉悕鍗曢潪绌烘椂锛氶潪鐧藉悕鍗IP 璇锋眰杩斿洖 403,重摘可读 source_quote；确认 source_section；必要时拆分 atomic_assertion；不能沿用乱码行,OPEN,
UA2-00693,user-agent,docs/PRD-用户体系.md,source_section,930,928: ##### 杩囨湡鏃堕棿绠＄悊锛圥2锛|,**杩囨湡鏃堕棿璁剧疆**,READABLE,**杩囨湡鏃堕棿璁剧疆**,重摘可读 source_quote；确认 source_section；必要时拆分 atomic_assertion；不能沿用乱码行,OPEN,
UA2-00694,user-agent,docs/PRD-用户体系.md,source_section,940,928: ##### 杩囨湡鏃堕棿绠＄悊锛圥2锛|,**杩囨湡鎻愰啋**,READABLE,**杩囨湡鎻愰啋**,重摘可读 source_quote；确认 source_section；必要时拆分 atomic_assertion；不能沿用乱码行,OPEN,
UA2-00695,user-agent,docs/PRD-用户体系.md,source_section,944,928: ##### 杩囨湡鏃堕棿绠＄悊锛圥2锛|,"| 杩囨湡鍓7 澶|| 绔欏唴閫氱煡 | ""鎮ㄧ殑 Key銆寈xx銆嶅皢浜7 澶╁悗杩囨湡"" |",READABLE,杩囨湡鍓7 澶,重摘可读 source_quote；确认 source_section；必要时拆分 atomic_assertion；不能沿用乱码行,OPEN,
UA2-00696,user-agent,docs/PRD-用户体系.md,source_section,944,928: ##### 杩囨湡鏃堕棿绠＄悊锛圥2锛|,"| 杩囨湡鍓7 澶|| 绔欏唴閫氱煡 | ""鎮ㄧ殑 Key銆寈xx銆嶅皢浜7 澶╁悗杩囨湡"" |",READABLE,绔欏唴閫氱煡,重摘可读 source_quote；确认 source_section；必要时拆分 atomic_assertion；不能沿用乱码行,OPEN,
UA2-00697,user-agent,docs/PRD-用户体系.md,source_section,944,928: ##### 杩囨湡鏃堕棿绠＄悊锛圥2锛|,"| 杩囨湡鍓7 澶|| 绔欏唴閫氱煡 | ""鎮ㄧ殑 Key銆寈xx銆嶅皢浜7 澶╁悗杩囨湡"" |",READABLE,"""鎮ㄧ殑 Key銆寈xx銆嶅皢浜7 澶╁悗杩囨湡""",重摘可读 source_quote；确认 source_section；必要时拆分 atomic_assertion；不能沿用乱码行,OPEN,
UA2-00698,user-agent,docs/PRD-用户体系.md,source_section,945,928: ##### 杩囨湡鏃堕棿绠＄悊锛圥2锛|,"| 杩囨湡鍓3 澶|| 绔欏唴閫氱煡 + 閭欢 | ""鎮ㄧ殑 Key銆寈xx銆嶅皢浜3 澶╁悗杩囨湡锛岃鍙婃椂缁湡"" |",CORRUPTED,杩囨湡鍓3 澶,重摘可读 source_quote；确认 source_section；必要时拆分 atomic_assertion；不能沿用乱码行,OPEN,
UA2-00699,user-agent,docs/PRD-用户体系.md,source_section,945,928: ##### 杩囨湡鏃堕棿绠＄悊锛圥2锛|,"| 杩囨湡鍓3 澶|| 绔欏唴閫氱煡 + 閭欢 | ""鎮ㄧ殑 Key銆寈xx銆嶅皢浜3 澶╁悗杩囨湡锛岃鍙婃椂缁湡"" |",CORRUPTED,绔欏唴閫氱煡 + 閭欢,重摘可读 source_quote；确认 source_section；必要时拆分 atomic_assertion；不能沿用乱码行,OPEN,
UA2-00700,user-agent,docs/PRD-用户体系.md,source_section;source_quote;atomic_assertion,945,928: ##### 杩囨湡鏃堕棿绠＄悊锛圥2锛|,"| 杩囨湡鍓3 澶|| 绔欏唴閫氱煡 + 閭欢 | ""鎮ㄧ殑 Key銆寈xx銆嶅皢浜3 澶╁悗杩囨湡锛岃鍙婃椂缁湡"" |",CORRUPTED,"""鎮ㄧ殑 Key銆寈xx銆嶅皢浜3 澶╁悗杩囨湡锛岃鍙婃椂缁湡""",重摘可读 source_quote；确认 source_section；必要时拆分 atomic_assertion；不能沿用乱码行,OPEN,
UA2-00701,user-agent,docs/PRD-用户体系.md,source_section,946,928: ##### 杩囨湡鏃堕棿绠＄悊锛圥2锛|,"| 杩囨湡鍓1 澶|| 绔欏唴閫氱煡 + 閭欢 | ""鎮ㄧ殑 Key銆寈xx銆嶅皢浜庢槑澶╄繃鏈燂紝缁湡璇风偣鍑| |",READABLE,杩囨湡鍓1 澶,重摘可读 source_quote；确认 source_section；必要时拆分 atomic_assertion；不能沿用乱码行,OPEN,
UA2-00703,user-agent,docs/PRD-用户体系.md,source_section,946,928: ##### 杩囨湡鏃堕棿绠＄悊锛圥2锛|,"| 杩囨湡鍓1 澶|| 绔欏唴閫氱煡 + 閭欢 | ""鎮ㄧ殑 Key銆寈xx銆嶅皢浜庢槑澶╄繃鏈燂紝缁湡璇风偣鍑| |",READABLE,"""鎮ㄧ殑 Key銆寈xx銆嶅皢浜庢槑澶╄繃鏈燂紝缁湡璇风偣鍑",重摘可读 source_quote；确认 source_section；必要时拆分 atomic_assertion；不能沿用乱码行,OPEN,
UA2-00704,user-agent,docs/PRD-用户体系.md,source_section,947,928: ##### 杩囨湡鏃堕棿绠＄悊锛圥2锛|,"| 杩囨湡褰撳ぉ | 绔欏唴閫氱煡 + 閭欢 | ""鎮ㄧ殑 Key銆寈xx銆嶅凡杩囨湡锛屽凡鑷姩绂佺敤"" |",CORRUPTED,杩囨湡褰撳ぉ,重摘可读 source_quote；确认 source_section；必要时拆分 atomic_assertion；不能沿用乱码行,OPEN,
UA2-00706,user-agent,docs/PRD-用户体系.md,source_section;source_quote;atomic_assertion,947,928: ##### 杩囨湡鏃堕棿绠＄悊锛圥2锛|,"| 杩囨湡褰撳ぉ | 绔欏唴閫氱煡 + 閭欢 | ""鎮ㄧ殑 Key銆寈xx銆嶅凡杩囨湡锛屽凡鑷姩绂佺敤"" |",CORRUPTED,"""鎮ㄧ殑 Key銆寈xx銆嶅凡杩囨湡锛屽凡鑷姩绂佺敤""",重摘可读 source_quote；确认 source_section；必要时拆分 atomic_assertion；不能沿用乱码行,OPEN,
UA2-00707,user-agent,docs/PRD-用户体系.md,source_section,949,928: ##### 杩囨湡鏃堕棿绠＄悊锛圥2锛|,**杩囨湡鍚庤涓*,READABLE,**杩囨湡鍚庤涓*,重摘可读 source_quote；确认 source_section；必要时拆分 atomic_assertion；不能沿用乱码行,OPEN,
UA2-00708,user-agent,docs/PRD-用户体系.md,source_quote;atomic_assertion,967,965: ##### 鐢ㄩ噺缁熻,**姣忎釜 Key 鐨勭粺璁￠潰鏉*,CORRUPTED,**姣忎釜 Key 鐨勭粺璁￠潰鏉*,重摘可读 source_quote；确认 source_section；必要时拆分 atomic_assertion；不能沿用乱码行,OPEN,
UA2-00726,user-agent,docs/PRD-用户体系.md,source_quote;atomic_assertion,997,985: #### 2.2.4 璋冪敤鏃ュ織 `/console/logs`,| 璇锋眰 ID | 20% | `req_xxxxxxxxxxxx`锛堝彲澶嶅埗锛墊,CORRUPTED,| 璇锋眰 ID | 20% | `req_xxxxxxxxxxxx`锛堝彲澶嶅埗锛墊,重摘可读 source_quote；确认 source_section；必要时拆分 atomic_assertion；不能沿用乱码行,OPEN,
UA2-00738,user-agent,docs/PRD-用户体系.md,source_quote;atomic_assertion,1024,985: #### 2.2.4 璋冪敤鏃ュ織 `/console/logs`,"| 淇濆瓨棰勮 | 褰撳墠绛涢€夋潯浠朵繚瀛樹负棰勮锛屽懡鍚嶏紙濡浠婃棩澶辫触鏃ュ織""锛墊",CORRUPTED,"| 淇濆瓨棰勮 | 褰撳墠绛涢€夋潯浠朵繚瀛樹负棰勮锛屽懡鍚嶏紙濡浠婃棩澶辫触鏃ュ織""锛墊",重摘可读 source_quote；确认 source_section；必要时拆分 atomic_assertion；不能沿用乱码行,OPEN,
UA2-00744,user-agent,docs/PRD-用户体系.md,source_quote;atomic_assertion,1027,985: #### 2.2.4 璋冪敤鏃ュ織 `/console/logs`,| 鎸佷箙鍖|| 棰勮淇濆瓨鍦ㄦ湇鍔＄锛坄user_preferences`锛夛紝澶氳澶囧悓姝||,CORRUPTED,棰勮淇濆瓨鍦ㄦ湇鍔＄锛坄user_preferences`锛夛紝澶氳澶囧悓姝,重摘可读 source_quote；确认 source_section；必要时拆分 atomic_assertion；不能沿用乱码行,OPEN,
UA2-00751,user-agent,docs/PRD-用户体系.md,source_quote;atomic_assertion,1034,985: #### 2.2.4 璋冪敤鏃ュ織 `/console/logs`,"| 鑼冨洿 | 褰撳墠椤/ 鍏ㄩ儴缁撴灉锛堟渶澶100,000 鏉★級|",CORRUPTED,"褰撳墠椤/ 鍏ㄩ儴缁撴灉锛堟渶澶100,000 鏉★級",重摘可读 source_quote；确认 source_section；必要时拆分 atomic_assertion；不能沿用乱码行,OPEN,
UA2-00753,user-agent,docs/PRD-用户体系.md,source_quote;atomic_assertion,1035,985: #### 2.2.4 璋冪敤鏃ュ織 `/console/logs`,"| 瓒呰繃 10,000 鏉|| 寮傛鐢熸垚锛岀敓鎴愬悗閫氱煡涓嬭浇 |",CORRUPTED,寮傛鐢熸垚锛岀敓鎴愬悗閫氱煡涓嬭浇,重摘可读 source_quote；确认 source_section；必要时拆分 atomic_assertion；不能沿用乱码行,OPEN,
UA2-00772,user-agent,docs/PRD-用户体系.md,source_quote;atomic_assertion,1100,1079: #### 2.2.5 鐢ㄩ噺缁熻 `/console/stats`,| 渚涘簲鍟脳 鏃堕棿 | 鎶樼嚎鍥|| 鍚勪緵搴斿晢鐨勮垂鐢ㄨ秼鍔||,CORRUPTED,鍚勪緵搴斿晢鐨勮垂鐢ㄨ秼鍔,重摘可读 source_quote；确认 source_section；必要时拆分 atomic_assertion；不能沿用乱码行,OPEN,
UA2-00782,user-agent,docs/PRD-用户体系.md,source_quote;atomic_assertion,1159,1117: #### 2.2.6 鍏呭€`/console/recharge`,"| 鏀粯鎴愬姛 | ""鍏呭€兼垚鍔燂紒楼XX 宸插埌璐 寮圭獥 | 浣欓澧炲姞锛屽彂閫侀€氱煡 |",CORRUPTED,浣欓澧炲姞锛屽彂閫侀€氱煡,重摘可读 source_quote；确认 source_section；必要时拆分 atomic_assertion；不能沿用乱码行,OPEN,
UA2-00784,user-agent,docs/PRD-用户体系.md,source_quote;atomic_assertion,1160,1117: #### 2.2.6 鍏呭€`/console/recharge`,"| 鏀粯澶辫触 | ""鏀粯澶辫触锛岃閲嶈瘯"" 鎻愮ず | 璁㈠崟鐘舵€佹洿鏂颁负 failed |",CORRUPTED,"""鏀粯澶辫触锛岃閲嶈瘯"" 鎻愮ず",重摘可读 source_quote；确认 source_section；必要时拆分 atomic_assertion；不能沿用乱码行,OPEN,
UA2-00787,user-agent,docs/PRD-用户体系.md,source_quote;atomic_assertion,1161,1117: #### 2.2.6 鍏呭€`/console/recharge`,"| 鏀粯瓒呮椂 | ""浜岀淮鐮佸凡杩囨湡锛岃閲嶆柊鍙戣捣鍏呭€| | 璁㈠崟杩囨湡锛屽叧闂敮浠橀€氶亾 |",CORRUPTED,"""浜岀淮鐮佸凡杩囨湡锛岃閲嶆柊鍙戣捣鍏呭€",重摘可读 source_quote；确认 source_section；必要时拆分 atomic_assertion；不能沿用乱码行,OPEN,
UA2-00788,user-agent,docs/PRD-用户体系.md,source_quote;atomic_assertion,1161,1117: #### 2.2.6 鍏呭€`/console/recharge`,"| 鏀粯瓒呮椂 | ""浜岀淮鐮佸凡杩囨湡锛岃閲嶆柊鍙戣捣鍏呭€| | 璁㈠崟杩囨湡锛屽叧闂敮浠橀€氶亾 |",CORRUPTED,璁㈠崟杩囨湡锛屽叧闂敮浠橀€氶亾,重摘可读 source_quote；确认 source_section；必要时拆分 atomic_assertion；不能沿用乱码行,OPEN,
UA2-00791,user-agent,docs/PRD-用户体系.md,source_quote;atomic_assertion,1162,1117: #### 2.2.6 鍏呭€`/console/recharge`,"| 鏀粯鎴愬姛浣嗕綑棰濇湭澧炲姞 | ""鍏呭€煎紓甯革紝璇疯仈绯诲鏈| | 璁板綍寮傚父璁㈠崟锛岄€氱煡绠＄悊鍛||",CORRUPTED,璁板綍寮傚父璁㈠崟锛岄€氱煡绠＄悊鍛,重摘可读 source_quote；确认 source_section；必要时拆分 atomic_assertion；不能沿用乱码行,OPEN,
UA2-00811,user-agent,docs/PRD-用户体系.md,source_quote;atomic_assertion,1183,1117: #### 2.2.6 鍏呭€`/console/recharge`,"| 棣栧厖浼樻儬 | 娲诲姩绯荤粺鍒涘缓""棣栧厖鍊兼弧璧娲诲姩 | 棣栧厖婊÷00閫伮0 |",CORRUPTED,"娲诲姩绯荤粺鍒涘缓""棣栧厖鍊兼弧璧娲诲姩",重摘可读 source_quote；确认 source_section；必要时拆分 atomic_assertion；不能沿用乱码行,OPEN,
UA2-00814,user-agent,docs/PRD-用户体系.md,source_quote;atomic_assertion,1183,1117: #### 2.2.6 鍏呭€`/console/recharge`,"| 棣栧厖浼樻儬 | 娲诲姩绯荤粺鍒涘缓""棣栧厖鍊兼弧璧娲诲姩 | 棣栧厖婊÷00閫伮0 |",CORRUPTED,娲诲姩绯荤粺,重摘可读 source_quote；确认 source_section；必要时拆分 atomic_assertion；不能沿用乱码行,OPEN,
UA2-00815,user-agent,docs/PRD-用户体系.md,source_quote;atomic_assertion,1184,1117: #### 2.2.6 鍏呭€`/console/recharge`,| 婊¤禒娲诲姩 | 娲诲姩绯荤粺 | 鍏吢00閫伮0锛屽厖楼1000閫伮20 |,CORRUPTED,鍏吢00閫伮0锛屽厖楼1000閫伮20,重摘可读 source_quote；确认 source_section；必要时拆分 atomic_assertion；不能沿用乱码行,OPEN,
UA2-00817,user-agent,docs/PRD-用户体系.md,source_quote;atomic_assertion,1185,1117: #### 2.2.6 鍏呭€`/console/recharge`,| 闄愭椂鎶樻墸 | 娲诲姩绯荤粺 + 鏃堕棿鑼冨洿 | 7鏈堝唴鍏呭€鎶||,CORRUPTED,娲诲姩绯荤粺 + 鏃堕棿鑼冨洿,重摘可读 source_quote；确认 source_section；必要时拆分 atomic_assertion；不能沿用乱码行,OPEN,
UA2-00820,user-agent,docs/PRD-用户体系.md,source_quote;atomic_assertion,1186,1117: #### 2.2.6 鍏呭€`/console/recharge`,| 鎵归噺浼樻儬 | 绯荤粺閰嶇疆锛堜粎瀵瑰叕杞处锛墊 瀵瑰叕杞处鈮ヂ000浜6鎶||,CORRUPTED,绯荤粺閰嶇疆锛堜粎瀵瑰叕杞处锛墊 瀵瑰叕杞处鈮ヂ000浜6鎶,重摘可读 source_quote；确认 source_section；必要时拆分 atomic_assertion；不能沿用乱码行,OPEN,
UA2-00828,user-agent,docs/PRD-用户体系.md,source_quote;atomic_assertion,1209,1201: #### 2.2.7 娑堣垂鏄庣粏 / 浣欓鍙樺姩 `/console/transactions`,| Key | 璋冪敤鎵€浣跨敤鐨Key 鍒悕 |,CORRUPTED,璋冪敤鎵€浣跨敤鐨Key 鍒悕,重摘可读 source_quote；确认 source_section；必要时拆分 atomic_assertion；不能沿用乱码行,OPEN,
UA2-00837,user-agent,docs/PRD-用户体系.md,source_quote;atomic_assertion,1214,1201: #### 2.2.7 娑堣垂鏄庣粏 / 浣欓鍙樺姩 `/console/transactions`,| 璇锋眰 ID | `req_xxxxx`锛堝彲澶嶅埗锛墊,CORRUPTED,| 璇锋眰 ID | `req_xxxxx`锛堝彲澶嶅埗锛墊,重摘可读 source_quote；确认 source_section；必要时拆分 atomic_assertion；不能沿用乱码行,OPEN,
UA2-00871,user-agent,docs/PRD-用户体系.md,source_quote;atomic_assertion,1301,1284: #### 2.2.9 鍙戠エ `/console/invoices`,| 鍙戠エ鎶ご | text(100) | 浼佷笟/涓汉锛屼紒涓氭姮澶撮渶鍖归厤钀ヤ笟鎵х収 |,CORRUPTED,浼佷笟/涓汉锛屼紒涓氭姮澶撮渶鍖归厤钀ヤ笟鎵х収,重摘可读 source_quote；确认 source_section；必要时拆分 atomic_assertion；不能沿用乱码行,OPEN,
UA2-00874,user-agent,docs/PRD-用户体系.md,source_quote;atomic_assertion,1302,1284: #### 2.2.9 鍙戠エ `/console/invoices`,| 绋庡彿 | text(30) | 浼佷笟鍙戠エ蹇呭～锛屾牸寮忔牎楠岋紙15/18/20浣嶏級|,CORRUPTED,浼佷笟鍙戠エ蹇呭～锛屾牸寮忔牎楠岋紙15/18/20浣嶏級,重摘可读 source_quote；确认 source_section；必要时拆分 atomic_assertion；不能沿用乱码行,OPEN,
UA2-00883,user-agent,docs/PRD-用户体系.md,source_quote;atomic_assertion,1305,1284: #### 2.2.9 鍙戠エ `/console/invoices`,"| 寮€绁ㄩ噾棰|| decimal(10,2) | 閫変腑鏈堜唤鐨勬秷璐规€诲拰 |",CORRUPTED,閫変腑鏈堜唤鐨勬秷璐规€诲拰,重摘可读 source_quote；确认 source_section；必要时拆分 atomic_assertion；不能沿用乱码行,OPEN,
UA2-00889,user-agent,docs/PRD-用户体系.md,source_quote;atomic_assertion,1307,1284: #### 2.2.9 鍙戠エ `/console/invoices`,| 鏀朵欢鍦板潃 | text(200) | 绾歌川鍙戠エ閭瘎鍦板潃锛堜笓绁ㄥ繀濉級|,CORRUPTED,绾歌川鍙戠エ閭瘎鍦板潃锛堜笓绁ㄥ繀濉級,重摘可读 source_quote；确认 source_section；必要时拆分 atomic_assertion；不能沿用乱码行,OPEN,
UA2-00892,user-agent,docs/PRD-用户体系.md,source_quote;atomic_assertion,1308,1284: #### 2.2.9 鍙戠エ `/console/invoices`,| 蹇€掑崟鍙|| text(50) | 璐㈠姟濉啓锛岀焊璐ㄥ彂绁ㄩ偖瀵勫悗濉啓 |,CORRUPTED,璐㈠姟濉啓锛岀焊璐ㄥ彂绁ㄩ偖瀵勫悗濉啓,重摘可读 source_quote；确认 source_section；必要时拆分 atomic_assertion；不能沿用乱码行,OPEN,
UA2-00899,user-agent,docs/PRD-用户体系.md,source_quote;atomic_assertion,1315,1284: #### 2.2.9 鍙戠エ `/console/invoices`,| `invoice_fee_percent` | 0% | 寮€绁ㄦ墜缁垂锛堝彲璁剧櫨鍒嗘瘮锛墊,CORRUPTED,| `invoice_fee_percent` | 0% | 寮€绁ㄦ墜缁垂锛堝彲璁剧櫨鍒嗘瘮锛墊,重摘可读 source_quote；确认 source_section；必要时拆分 atomic_assertion；不能沿用乱码行,OPEN,
