
> cuserszh-openclawworkspace3cloudweb@0.0.0 predev
> node ../scripts/check-encoding.js

馃攳 缂栫爜妫€鏌? 鎵弿涓枃缂栫爜鑵愮儌...

node.exe :   鈩癸笍  web\src\pages\admin\announcements\AnnounceList.tsx:100:35 浠ｇ悊瀵?鍙兘鏄?emoji) U+D83D  "<EmptyState icon=
"馃摙" title="鏆傛棤鍏憡" description="鐐瑰嚮鍙充笂瑙掋€屽彂甯冨叕鍛娿€嶅垱寤轰竴涓? />"
所在位置 行:1 字符: 1
+ & "C:\nvm4w\nodejs/node.exe" "C:\nvm4w\nodejs/node_modules/npm/bin/np ...
+ ~~~~~~~~~~~~~~~~~~~~~~~~~~~~~~~~~~~~~~~~~~~~~~~~~~~~~~~~~~~~~~~~~~~~~
    + CategoryInfo          : NotSpecified: (  鈩癸笍  web\src\...叕鍛娿€嶅垱寤轰竴涓? />":String) [], RemoteException
    + FullyQualifiedErrorId : NativeCommandError
 
  鈩癸笍  web\src\pages\admin\dashboard\AlertBar.tsx:19:37 浠ｇ悊瀵?鍙兘鏄?emoji) U+D83D  "<span className="text-lg">馃毃</span>"
  鈩癸笍  web\src\pages\admin\dashboard\KpiCards.tsx:30:15 浠ｇ悊瀵?鍙兘鏄?emoji) U+D83D  "label: '馃摓 鎬昏皟鐢ㄩ噺',"
  鈩癸笍  web\src\pages\admin\dashboard\KpiCards.tsx:38:15 浠ｇ悊瀵?鍙兘鏄?emoji) U+D83E  "label: '馃獧 Token 娑堣€?,"
  鈩癸笍  web\src\pages\admin\dashboard\KpiCards.tsx:48:15 浠ｇ悊瀵?鍙兘鏄?emoji) U+D83D  "label: '馃挵 钀ユ敹',"
  鈩癸笍  web\src\pages\admin\dashboard\KpiCards.tsx:56:15 浠ｇ悊瀵?鍙兘鏄?emoji) U+D83D  "label: '馃懁 娲昏穬鐢ㄦ埛',"
  鈩癸笍  web\src\pages\admin\dashboard\KpiCards.tsx:79:15 浠ｇ悊瀵?鍙兘鏄?emoji) U+D83D  "label: '馃挵 骞冲彴鎬讳綑棰?,"
  鈩癸笍  web\src\pages\admin\dashboard\KpiCards.tsx:85:15 浠ｇ悊瀵?鍙兘鏄?emoji) U+D83D  "label: '馃挵 浠ｇ悊浣ｉ噾',"
  鈩癸笍  web\src\pages\admin\dashboard\ModelRankBar.tsx:33:64 浠ｇ悊瀵?鍙兘鏄?emoji) U+D83D  "<h3 className="text-sm font-semib
old text-slate-800">馃敟 {title}</h3>"
  鈩癸笍  web\src\pages\admin\dashboard\QuickActions.tsx:47:62 浠ｇ悊瀵?鍙兘鏄?emoji) U+D83D  "<h3 className="text-sm font-semib
old text-slate-800">馃敟 蹇嵎鎿嶄綔</h3>"
  鈩癸笍  web\src\pages\admin\dashboard\RevenueBreakdown.tsx:28:67 浠ｇ悊瀵?鍙兘鏄?emoji) U+D83D  "<h3 className="text-sm font-s
emibold text-slate-800 mb-3">馃挵 浠婃棩钀ユ敹鏋勬垚</h3>"
  鈩癸笍  web\src\pages\admin\dashboard\RevenueBreakdown.tsx:42:64 浠ｇ悊瀵?鍙兘鏄?emoji) U+D83D  "<h3 className="text-sm font-s
emibold text-slate-800">馃挵 浠婃棩钀ユ敹鏋勬垚</h3>"
  鈩癸笍  web\src\pages\admin\dashboard\TimeRangeSelector.tsx:21:60 浠ｇ悊瀵?鍙兘鏄?emoji) U+D83D  "<span className="text-xs tex
t-slate-500 font-medium">馃搮 鏃堕棿锛?/span>"
  鈩癸笍  web\src\pages\admin\dashboard\TodoQueue.tsx:11:67 浠ｇ悊瀵?鍙兘鏄?emoji) U+D83D  "<h3 className="text-sm font-semibold
 text-slate-800 mb-3">馃搵 杩愯惀寰呭姙闃熷垪</h3>"
  鈩癸笍  web\src\pages\admin\dashboard\TodoQueue.tsx:32:62 浠ｇ悊瀵?鍙兘鏄?emoji) U+D83D  "<h3 className="text-sm font-semibold
 text-slate-800">馃搵 杩愯惀寰呭姙闃熷垪</h3>"
  鈩癸笍  web\src\pages\admin\dashboard\TodoQueue.tsx:38:70 浠ｇ悊瀵?鍙兘鏄?emoji) U+D83D  "<div className="text-xs font-semibol
d text-red-600 mb-2">馃敶 绱ф€?/div>"
  鈩癸笍  web\src\pages\admin\dashboard\TodoQueue.tsx:55:70 浠ｇ悊瀵?鍙兘鏄?emoji) U+D83D  "<div className="text-xs font-semibol
d text-amber-600 mb-2">馃煛 寰呭鐞?/div>"
  鈩癸笍  web\src\pages\admin\dashboard\TodoQueue.tsx:58:48 浠ｇ悊瀵?鍙兘鏄?emoji) U+D83D  "<span className="text-slate-600">馃搫 
瀹炲悕寰呭</span>"
  鈩癸笍  web\src\pages\admin\dashboard\TodoQueue.tsx:62:48 浠ｇ悊瀵?鍙兘鏄?emoji) U+D83D  "<span className="text-slate-600">馃挸 
瀵瑰叕寰呬竴瀹?/span>"
  鈩癸笍  web\src\pages\admin\dashboard\TodoQueue.tsx:68:48 浠ｇ悊瀵?鍙兘鏄?emoji) U+D83D  "<span className="text-slate-600">馃挸 
瀵瑰叕寰呬簩瀹?/span>"
  鈩癸笍  web\src\pages\admin\dashboard\TodoQueue.tsx:74:48 浠ｇ悊瀵?鍙兘鏄?emoji) U+D83C  "<span className="text-slate-600">馃彟 
鎻愮幇寰呬竴瀹?/span>"
  鈩癸笍  web\src\pages\admin\dashboard\TodoQueue.tsx:80:48 浠ｇ悊瀵?鍙兘鏄?emoji) U+D83C  "<span className="text-slate-600">馃彟 
鎻愮幇寰呬簩瀹?/span>"
  鈩癸笍  web\src\pages\admin\dashboard\TodoQueue.tsx:87:50 浠ｇ悊瀵?鍙兘鏄?emoji) U+D83D  "<span className="text-slate-600">馃毃 
鏈‘璁ゅ畨鍏ㄤ簨浠?/span>"
  鈩癸笍  web\src\pages\admin\dashboard\TodoQueue.tsx:101:13 浠ｇ悊瀵?鍙兘鏄?emoji) U+D83D  "馃搵 鎵撳紑杩愯惀宸ヤ綔鍙?鈫?
  鈩癸笍  web\src\pages\admin\dashboard\TopUsersTable.tsx:12:64 浠ｇ悊瀵?鍙兘鏄?emoji) U+D83C  "<h3 className="text-sm font-semi
bold text-slate-800">馃弳 Top 娑堣垂鐢ㄦ埛</h3>"
  鈩癸笍  web\src\pages\admin\dashboard\TopUsersTable.tsx:42:55 浠ｇ悊瀵?鍙兘鏄?emoji) U+D83C  "{c.userType === 'enterprise' ? '
馃彚' : '馃懁'}"
  鈩癸笍  web\src\pages\admin\dashboard\VendorHealthPanel.tsx:15:67 浠ｇ悊瀵?鍙兘鏄?emoji) U+D83C  "<h3 className="text-sm font-
semibold text-slate-800 mb-3">馃彮 鍘傚晢鍋ュ悍鐘舵€?/h3>"
  鈩癸笍  web\src\pages\admin\dashboard\VendorHealthPanel.tsx:62:64 浠ｇ悊瀵?鍙兘鏄?emoji) U+D83C  "<h3 className="text-sm font-
semibold text-slate-800">馃彮 鍘傚晢鍋ュ悍鐘舵€?/h3>"
  鈩癸笍  web\src\pages\admin\dashboard\VendorHealthPanel.tsx:86:27 浠ｇ悊瀵?鍙兘鏄?emoji) U+D83D  "{v.down ? ' 馃敶' : ''}"
  鈩癸笍  web\src\pages\admin\feature-descriptions.ts:16:7 浠ｇ悊瀵?鍙兘鏄?emoji) U+D83D  "//  馃搳 鎬昏鐪嬫澘"
  鈩癸笍  web\src\pages\admin\feature-descriptions.ts:108:7 浠ｇ悊瀵?鍙兘鏄?emoji) U+D83D  "//  馃懁 鐢ㄦ埛杩愯惀"
  鈩癸笍  web\src\pages\admin\feature-descriptions.ts:195:7 浠ｇ悊瀵?鍙兘鏄?emoji) U+D83E  "//  馃 璧勬簮绠＄悊"
  鈩癸笍  web\src\pages\admin\feature-descriptions.ts:283:7 浠ｇ悊瀵?鍙兘鏄?emoji) U+D83D  "//  馃挵 璐㈠姟缁撶畻"
  鈩癸笍  web\src\pages\admin\feature-descriptions.ts:525:7 浠ｇ悊瀵?鍙兘鏄?emoji) U+D83D  "//  馃洝锔?瀹夊叏椋庢帶"
  鈩癸笍  web\src\pages\admin\feature-descriptions.ts:686:7 浠ｇ悊瀵?鍙兘鏄?emoji) U+D83D  "//  馃搵 瀹¤鍚堣"
  鈩癸笍  web\src\pages\admin\feature-descriptions.ts:828:7 浠ｇ悊瀵?鍙兘鏄?emoji) U+D83E  "//  馃 璧勬簮绠＄悊锛堢画锛?
  鈩癸笍  web\src\pages\admin\feature-descriptions.ts:851:7 浠ｇ悊瀵?鍙兘鏄?emoji) U+D83D  "//  馃洝锔?瀹夊叏椋庢帶锛堢画锛?
  鈩癸笍  web\src\pages\admin\feature-descriptions.ts:872:7 浠ｇ悊瀵?鍙兘鏄?emoji) U+D83D  "//  馃洜锔?璋冭瘯宸ュ叿"
  鈩癸笍  web\src\pages\admin\FinanceDashboard.tsx:79:16 BOM(鍙兘鏄?CSV 鍓嶇紑) U+FEFF  "const BOM = '锘?"
  鈩癸笍  web\src\pages\admin\real-name\ReviewDetail.tsx:85:33 浠ｇ悊瀵?鍙兘鏄?emoji) U+D83D  "<FileImage size={14} /> 馃摳 OCR 璇嗗
埆缁撴灉"
  鈩癸笍  web\src\pages\admin\trends\ComparisonChart.tsx:30:16 浠ｇ悊瀵?鍙兘鏄?emoji) U+D83C  "icon: '馃弳',"
  鈩癸笍  web\src\pages\admin\trends\ComparisonChart.tsx:45:16 浠ｇ悊瀵?鍙兘鏄?emoji) U+D83D  "icon: '馃搳',"
  鈩癸笍  web\src\pages\admin\trends\ComparisonChart.tsx:67:16 浠ｇ悊瀵?鍙兘鏄?emoji) U+D83D  "icon: '馃搱',"
  鈩癸笍  web\src\pages\admin\trends\ExportControls.tsx:69:42 浠ｇ悊瀵?鍙兘鏄?emoji) U+D83D  "<span className="text-red-500">馃敽<
/span>"
  鈩癸笍  web\src\pages\admin\trends\TimeSeriesChart.tsx:110:96 浠ｇ悊瀵?鍙兘鏄?emoji) U+D83C  "<title>{d.label} ({dayOfWeek(d.l
abel)})\n{formatValue(d.value)} {unit}{isPk ? '\"
  鈩癸笍  web\src\pages\admin\trends\TimeSeriesChart.tsx:119:133 浠ｇ悊瀵?鍙兘鏄?emoji) U+D83D  "<text x={barX(peakIndex) + bw /
 2} y={toY(max) - 6} textAnchor="middle" fontSize"
  鈩癸笍  web\src\pages\admin\trends\TimeSeriesChart.tsx:184:124 浠ｇ悊瀵?鍙兘鏄?emoji) U+D83D  "{isPk && <text x={x + bw2 / 2} 
y={y - 4} textAnchor="middle" fontSize="7" fill=""
  鈩癸笍  web\src\pages\admin\TrendsCharts.tsx:218:76 浠ｇ悊瀵?鍙兘鏄?emoji) U+D83C  "{s.calls.total === callMax && <span classN
ame="ml-1">馃弳</span>}"
  鈩癸笍  web\src\pages\admin\users\components\ActivityTimeline.tsx:187:38 浠ｇ悊瀵?鍙兘鏄?emoji) U+D83D  "<p className="text-4x
l mb-2">馃摥</p>"
  鈩癸笍  web\src\pages\admin\vendor-key-groups\components\GroupList.tsx:90:56 浠ｇ悊瀵?鍙兘鏄?emoji) U+D83D  "<span className="
text-green-600">馃煝{g.activeCount}</span>"
  鈩癸笍  web\src\pages\admin\vendor-key-groups\components\GroupList.tsx:91:74 浠ｇ悊瀵?鍙兘鏄?emoji) U+D83D  "{g.downCount > 0 
&& <span className="text-red-600">馃敶{g.downCount}</span>}"
  鈿狅笍  web\src\pages\admin\vendor-key-groups\VendorKeyGroupsPage.tsx:1:1 鍙枒瀛楃 U+FEFF  "import React, { useEffect, use
State } from 'react'"
  鈩癸笍  web\src\pages\dashboard\components\ModelOptimizationTip.tsx:209:13 浠ｇ悊瀵?鍙兘鏄?emoji) U+D83D  "馃挕 浼樺寲寤鸿浠呬緵鍙傝€冿紝瀹為
檯鏁堟灉鍙栧喅浜庢偍鐨勫叿浣撲娇鐢ㄥ満鏅?
  鈩癸笍  web\src\pages\Models.tsx:552:47 BOM(鍙兘鏄?CSV 鍓嶇紑) U+FEFF  "const blob = new Blob(['锘? + csv], { type: 'text/csv;
charset=utf-8' })"
  鈩癸笍  web\src\pages\Stats.tsx:223:31 BOM(鍙兘鏄?CSV 鍓嶇紑) U+FEFF  "const blob = new Blob(['锘? + csvRows.join('\n')], { ty
pe: 'text/csv;charset=utf-"
  鈩癸笍  web\src\components\admin\AlertNotification.tsx:93:20 浠ｇ悊瀵?鍙兘鏄?emoji) U+D83D  "critical: "馃敶","
  鈩癸笍  web\src\components\admin\FeatureDescription.tsx:106:62 浠ｇ悊瀵?鍙兘鏄?emoji) U+D83D  "<span className="font-medium te
xt-slate-500">馃挕 鏃ュ父鎿嶄綔锛?/span>"
  鈩癸笍  web\src\components\layout\Sidebar.tsx:84:13 浠ｇ悊瀵?鍙兘鏄?emoji) U+D83D  "label: '馃搳 鎬昏鐪嬫澘',"
  鈩癸笍  web\src\components\layout\Sidebar.tsx:95:13 浠ｇ悊瀵?鍙兘鏄?emoji) U+D83D  "label: '馃懁 鐢ㄦ埛杩愯惀',"
  鈩癸笍  web\src\components\layout\Sidebar.tsx:105:13 浠ｇ悊瀵?鍙兘鏄?emoji) U+D83E  "label: '馃 璧勬簮绠＄悊',"
  鈩癸笍  web\src\components\layout\Sidebar.tsx:116:13 浠ｇ悊瀵?鍙兘鏄?emoji) U+D83D  "label: '馃挵 璐㈠姟缁撶畻',"
  鈩癸笍  web\src\components\layout\Sidebar.tsx:135:13 浠ｇ悊瀵?鍙兘鏄?emoji) U+D83D  "label: '馃洝锔?瀹夊叏椋庢帶',"
  鈩癸笍  web\src\components\layout\Sidebar.tsx:156:13 浠ｇ悊瀵?鍙兘鏄?emoji) U+D83D  "label: '馃搵 瀹¤鍚堣',"
  鈩癸笍  web\src\components\layout\Sidebar.tsx:537:96 浠ｇ悊瀵?鍙兘鏄?emoji) U+D83C  "{!collapsed && <p className="text-xs text
-slate-400 uppercase tracking-wider mb-"
  鈩癸笍  web\src\components\ui\CaptchaDialog.tsx:35:40 浠ｇ悊瀵?鍙兘鏄?emoji) U+D83D  "<span className="text-2xl">馃攼</span>"
  鈩癸笍  web\src\components\ui\EmptyState.tsx:11:11 浠ｇ悊瀵?鍙兘鏄?emoji) U+D83D  "icon = '馃摥',"
  鈩癸笍  api\src\app\index.ts:418:23 浠ｇ悊瀵?鍙兘鏄?emoji) U+D83D  "app.log.info(`\n  馃殌 3cloud API 宸插惎鍔╜);"
  鈩癸笍  api\src\app\index.ts:419:21 浠ｇ悊瀵?鍙兘鏄?emoji) U+D83D  "app.log.info(`  馃摗 http://${config.server.host}:${config.s
erver.port}`);"
  鈩癸笍  api\src\app\index.ts:420:21 浠ｇ悊瀵?鍙兘鏄?emoji) U+D83C  "app.log.info(`  馃彞 http://localhost:${config.server.port}/
health`);"
  鈩癸笍  api\src\constants\error-codes.ts:562:61 浠ｇ悊瀵?鍙兘鏄?emoji) U+D83D  "{ key: 'balance', label: '浣欓', labelEn: 'Bala
nce', icon: '馃挵' },"
  鈩癸笍  api\src\constants\error-codes.ts:563:65 浠ｇ悊瀵?鍙兘鏄?emoji) U+D83D  "{ key: 'auth', label: '璁よ瘉', labelEn: 'Authent
ication', icon: '馃攼' },"
  鈩癸笍  api\src\constants\error-codes.ts:564:57 浠ｇ悊瀵?鍙兘鏄?emoji) U+D83E  "{ key: 'model', label: '妯″瀷', labelEn: 'Model'
, icon: '馃' },"
  鈩癸笍  api\src\constants\error-codes.ts:566:61 浠ｇ悊瀵?鍙兘鏄?emoji) U+D83D  "{ key: 'request', label: '璇锋眰', labelEn: 'Requ
est', icon: '馃摛' },"
  鈩癸笍  api\src\constants\error-codes.ts:567:61 浠ｇ悊瀵?鍙兘鏄?emoji) U+D83D  "{ key: 'service', label: '鏈嶅姟', labelEn: 'Serv
ice', icon: '馃敡' },"
  鈩癸笍  api\src\constants\error-codes.ts:568:68 浠ｇ悊瀵?鍙兘鏄?emoji) U+D83C  "{ key: 'redemption', label: '鍏戞崲鐮?, labelEn: '
Redemption', icon: '馃巵' },"
  鈩癸笍  api\src\constants\error-codes.ts:570:61 浠ｇ悊瀵?鍙兘鏄?emoji) U+D83D  "{ key: 'invoice', label: '鍙戠エ', labelEn: 'Invo
ice', icon: '馃搫' },"
  鈩癸笍  api\src\constants\error-codes.ts:572:57 浠ｇ悊瀵?鍙兘鏄?emoji) U+D83D  "{ key: 'agent', label: '浠ｇ悊', labelEn: 'Agent'
, icon: '馃懃' },"
  鈩癸笍  api\src\cron\daily-recon.ts:49:27 浠ｇ悊瀵?鍙兘鏄?emoji) U+D83D  "`[DailyRecon] 馃敶 瀵硅处涓嶅钩锛佹棩鏈? ${dateStr}, 宸: ${summ
ary.balanceDiff}`"
  鈩癸笍  api\src\cron\hourly-recon.ts:62:35 浠ｇ悊瀵?鍙兘鏄?emoji) U+D83D  "console.warn(`[HourlyRecon] 馃敶 鍙戠幇寮傚父:\\n${anomalyM
essage}`);"
  鈩癸笍  api\src\db\migrate.ts:115:18 浠ｇ悊瀵?鍙兘鏄?emoji) U+D83D  "console.log(`\n馃摝 3cloud Migration Runner`);"
  鈩癸笍  api\src\db\migrations\2026-06-29-backfill-agent-consumption.ts:32:16 浠ｇ悊瀵?鍙兘鏄?emoji) U+D83D  "console.log(`馃搳 鍏
?${allAgents.length} 涓唬鐞嗗晢\n`);"
  鈩癸笍  api\src\db\migrations\2026-06-29-backfill-agent-consumption.ts:39:18 浠ｇ悊瀵?鍙兘鏄?emoji) U+D83C  "console.log(`馃彚 浠
ｇ悊鍟?#${agent.id} (userId=${agent.userId})`);"
  鈩癸笍  api\src\db\migrations\2026-06-29-backfill-agent-consumption.ts:118:16 浠ｇ悊瀵?鍙兘鏄?emoji) U+D83D  "console.log("馃攳 
妫€鏌ラ仐婕忕粦瀹氳褰?..");"
  鈩癸笍  api\src\db\migrations\2026-06-29-backfill-agent-consumption.ts:158:18 浠ｇ悊瀵?鍙兘鏄?emoji) U+D83D  "console.log(`  馃
搳 agent_customer_consumption 鎬昏鏁? ${Number(aggCount.count)}`);"
  鈩癸笍  api\src\db\migrations\2026-07-09-redemption-fix-columns.ts:48:16 浠ｇ悊瀵?鍙兘鏄?emoji) U+D83C  "console.log("馃帀 Redem
ption schema fix complete!");"
  鈩癸笍  api\src\db\migrations\seed-v2-data.ts:192:16 浠ｇ悊瀵?鍙兘鏄?emoji) U+D83D  "console.log("馃搳 楠岃瘉鏂拌〃鏁版嵁");"
  鈩癸笍  api\src\db\migrations\seed-v2-data.ts:210:18 浠ｇ悊瀵?鍙兘鏄?emoji) U+D83C  "console.log("\n馃帀 娴嬭瘯鏁版嵁濉厖瀹屾垚锛?);"
  鈩癸笍  api\src\db\migrations\setup-call-logs-partitions.ts:44:16 浠ｇ悊瀵?鍙兘鏄?emoji) U+D83D  "console.log("馃敡 call_logs 鍒嗗
尯璁剧疆鑴氭湰\n");"
  鈩癸笍  api\src\db\migrations\setup-call-logs-partitions.ts:54:18 浠ｇ悊瀵?鍙兘鏄?emoji) U+D83D  "console.log("  馃攧 鍒犻櫎鏃х殑 cal
l_logs 鏅€氳〃...");"
  鈩癸笍  api\src\db\migrations\setup-call-logs-partitions.ts:60:20 浠ｇ悊瀵?鍙兘鏄?emoji) U+D83D  "console.log("\n  馃攧 鍒涘缓鍒嗗尯鐖惰
〃...");"
  鈩癸笍  api\src\db\migrations\setup-call-logs-partitions.ts:97:22 浠ｇ悊瀵?鍙兘鏄?emoji) U+D83D  "console.log(`\n  馃摝 鍒涘缓鍒嗗尯: 
${partitionName}`);"
  鈩癸笍  api\src\db\migrations\setup-call-logs-partitions.ts:156:22 浠ｇ悊瀵?鍙兘鏄?emoji) U+D83D  "console.log(`  馃摝 琛ュ厖鍒嗗尯: $
{partitionName} [${range.from}, ${range.to})`);"
  鈩癸笍  api\src\db\migrations\setup-commission-logs-partitions.ts:41:16 浠ｇ悊瀵?鍙兘鏄?emoji) U+D83D  "console.log("馃敡 commis
sion_logs 鍒嗗尯璁剧疆鑴氭湰\n");"
  鈩癸笍  api\src\db\migrations\setup-commission-logs-partitions.ts:51:18 浠ｇ悊瀵?鍙兘鏄?emoji) U+D83D  "console.log("  馃攧 澶囦唤鐜
版湁鏁版嵁...");"
  鈩癸笍  api\src\db\migrations\setup-commission-logs-partitions.ts:57:20 浠ｇ悊瀵?鍙兘鏄?emoji) U+D83D  "console.log("\n  馃攧 鍒犻
櫎鏃х殑 commission_logs 鏅€氳〃...");"
  鈩癸笍  api\src\db\migrations\setup-commission-logs-partitions.ts:63:20 浠ｇ悊瀵?鍙兘鏄?emoji) U+D83D  "console.log("\n  馃攧 鍒涘
缓鍒嗗尯鐖惰〃...");"
  鈩癸笍  api\src\db\migrations\setup-commission-logs-partitions.ts:101:22 浠ｇ悊瀵?鍙兘鏄?emoji) U+D83D  "console.log(`\n  馃摝 鍒
涘缓鍒嗗尯: ${partitionName}`);"
  鈩癸笍  api\src\db\migrations\setup-commission-logs-partitions.ts:119:22 浠ｇ悊瀵?鍙兘鏄?emoji) U+D83D  "console.log(`\n  馃攧 鎭
㈠ ${oldRows.length} 鏉℃棫鏁版嵁...`);"
  鈩癸笍  api\src\db\migrations\setup-commission-logs-partitions.ts:172:22 浠ｇ悊瀵?鍙兘鏄?emoji) U+D83D  "console.log(`  馃摝 琛ュ厖
鍒嗗尯: ${partitionName} [${range.from}, ${range.to})`);"
  鈩癸笍  api\src\db\migrations\v2-create-all-tables.ts:178:16 浠ｇ悊瀵?鍙兘鏄?emoji) U+D83C  "console.log("馃帀 V2 migration comp
lete!");"
  鈩癸笍  api\src\db\scripts\backfill-commission-rollup.ts:53:16 浠ｇ悊瀵?鍙兘鏄?emoji) U+D83D  "console.log(`馃攧 寮€濮嬪洖濉剑閲戞棩姹囨€籤
);"
  鈩癸笍  api\src\db\seed-10000-commissions.ts:69:16 浠ｇ悊瀵?鍙兘鏄?emoji) U+D83D  "console.log(`馃搵 浠ｇ悊鍟? 鍒嗕剑姣斾緥 ${(AGENT_RATE 
* 100).toFixed(1)}% (鏉ヨ嚜 commission_rules"
  鈩癸笍  api\src\db\seed-10000-commissions.ts:80:16 浠ｇ悊瀵?鍙兘鏄?emoji) U+D83D  "console.log(`馃懃 瀹㈡埛: ${clientList.length} 涓
猏n`);"
  鈩癸笍  api\src\db\seed-10000-commissions.ts:109:18 浠ｇ悊瀵?鍙兘鏄?emoji) U+D83D  "console.log(`\n馃摓 鐢熸垚 ${TOTAL} 鏉?call_logs
 + commission_logs...`);"
  鈩癸笍  api\src\db\seed-10000-commissions.ts:293:16 浠ｇ悊瀵?鍙兘鏄?emoji) U+D83D  "console.log(`馃搳 鏈€缁堢粺璁?\n`);"
  鈩癸笍  api\src\db\seed-10000-commissions.ts:300:18 浠ｇ悊瀵?鍙兘鏄?emoji) U+D83D  "console.log(`\n馃挵 浠ｇ悊鍟嗕綑棰?\n`);"
  鈩癸笍  api\src\db\seed-10000-commissions.ts:306:18 浠ｇ悊瀵?鍙兘鏄?emoji) U+D83D  "console.log(`\n馃敼 娴嬭瘯鏂规硶:\n`);"
  鈩癸笍  api\src\db\seed-admin.ts:32:18 浠ｇ悊瀵?鍙兘鏄?emoji) U+D83D  "console.log("\n馃攼 鍒涘缓绠＄悊鍛樿处鍙?..\n");"
  鈩癸笍  api\src\db\seed-admin.ts:49:24 浠ｇ悊瀵?鍙兘鏄?emoji) U+D83D  "console.log(`  馃攧 鏇存柊 ${account.email} 瑙掕壊: ${existing[
0].role} 鈫?${account.role}`"
  鈩癸笍  api\src\db\seed-admin.ts:82:18 浠ｇ悊瀵?鍙兘鏄?emoji) U+D83C  "console.log("\n馃帀 绠＄悊鍛樿处鍙峰垱寤哄畬鎴愶紒");"
  鈩癸笍  api\src\db\seed-admin.ts:83:18 浠ｇ悊瀵?鍙兘鏄?emoji) U+D83D  "console.log("\n馃搵 璐﹀彿鍒楄〃:");"
  鈩癸笍  api\src\db\seed-agent-clients.ts:366:16 浠ｇ悊瀵?鍙兘鏄?emoji) U+D83D  "console.log("馃摝 鑾峰彇鐜版湁鍘傚晢/妯″瀷...");"
  鈩癸笍  api\src\db\seed-agent-clients.ts:479:16 浠ｇ悊瀵?鍙兘鏄?emoji) U+D83C  "console.log(`馃彚 浠ｇ悊鍟? ${AGENT_EMAIL}, 鍒嗕剑姣斾緥: 
${ratePct}%\n`);"
  鈩癸笍  api\src\db\seed-agent-clients.ts:482:16 浠ｇ悊瀵?鍙兘鏄?emoji) U+D83D  "console.log("馃懁 鍒涘缓瀹㈡埛鐢ㄦ埛...\n");"
  鈩癸笍  api\src\db\seed-agent-clients.ts:613:18 浠ｇ悊瀵?鍙兘鏄?emoji) U+D83C  "console.log(`\n馃幆 鍏?${createdClientIds.length}
 涓鎴峰氨缁猏n`);"
  鈩癸笍  api\src\db\seed-agent-clients.ts:616:16 浠ｇ悊瀵?鍙兘鏄?emoji) U+D83D  "console.log("馃摓 鐢熸垚 API 璋冪敤璁板綍...\n");"
  鈩癸笍  api\src\db\seed-agent-clients.ts:720:18 浠ｇ悊瀵?鍙兘鏄?emoji) U+D83D  "console.log(`\n馃挵 鍒嗕剑缁熻:`);"
  鈩癸笍  api\src\db\seed-agent-clients.ts:725:18 浠ｇ悊瀵?鍙兘鏄?emoji) U+D83C  "console.log(`\n馃彠 澶勭悊鎻愮幇璁板綍...`);"
  鈩癸笍  api\src\db\seed-agent-clients.ts:780:18 浠ｇ悊瀵?鍙兘鏄?emoji) U+D83D  "console.log(`\n馃搳 鏈€缁堢粺璁n`);"
  鈩癸笍  api\src\db\seed-settlement-data.ts:90:16 浠ｇ悊瀵?鍙兘鏄?emoji) U+D83D  "console.log("馃搵 浠ｇ悊鍟嗗綋鍓嶄綑棰?");"
  鈩癸笍  api\src\db\seed-settlement-data.ts:113:18 浠ｇ悊瀵?鍙兘鏄?emoji) U+D83D  "console.log("\n馃搳 鐢熸垚浣ｉ噾鏃ユ眹鎬?(30 澶?...");"
  鈩癸笍  api\src\db\seed-settlement-data.ts:179:18 浠ｇ悊瀵?鍙兘鏄?emoji) U+D83D  "console.log("\n馃搾 鐢熸垚鏃ョ粓瀵硅处姹囨€?(30 澶?...");"
  鈩癸笍  api\src\db\seed-settlement-data.ts:228:18 浠ｇ悊瀵?鍙兘鏄?emoji) U+D83C  "console.log("\n馃彠 鐢熸垚鎻愮幇璁板綍 (8 绗? 瑕嗙洊鍏ㄧ姸鎬?..
.");"
  鈩癸笍  api\src\db\seed-settlement-data.ts:517:16 浠ｇ悊瀵?鍙兘鏄?emoji) U+D83D  "console.log("馃搳 鏈€缁堟暟鎹粺璁?\n");"
  鈩癸笍  api\src\db\seed-settlement-data.ts:528:18 浠ｇ悊瀵?鍙兘鏄?emoji) U+D83D  "console.log("\n馃挵 浠ｇ悊鍟嗕綑棰?\n");"
  鈩癸笍  api\src\db\seed-settlement-data.ts:535:18 浠ｇ悊瀵?鍙兘鏄?emoji) U+D83D  "console.log("\n馃搵 鎻愮幇璁板綍鏄庣粏:\n");"
  鈩癸笍  api\src\db\seed-test-agents.ts:54:18 浠ｇ悊瀵?鍙兘鏄?emoji) U+D83D  "console.log("  馃摝 鍒涘缓娴嬭瘯鐢ㄦā鍨嬪拰鍘傚晢...");"
  鈩癸笍  api\src\db\seed-test-agents.ts:92:16 浠ｇ悊瀵?鍙兘鏄?emoji) U+D83E  "console.log("馃И 寮€濮嬪～鍏呬唬鐞嗗晢娴嬭瘯鏁版嵁...\n");"
  鈩癸笍  api\src\db\seed-test-agents.ts:95:16 浠ｇ悊瀵?鍙兘鏄?emoji) U+D83D  "console.log("馃摝 鍩虹鏁版嵁妫€鏌?..");"
  鈩癸笍  api\src\db\seed-test-agents.ts:112:16 浠ｇ悊瀵?鍙兘鏄?emoji) U+D83D  "console.log("馃懁 鍒涘缓鐢ㄦ埛...");"
  鈩癸笍  api\src\db\seed-test-agents.ts:174:18 浠ｇ悊瀵?鍙兘鏄?emoji) U+D83C  "console.log("\n馃彚 鍒涘缓浠ｇ悊鍟嗚褰?..");"
  鈩癸笍  api\src\db\seed-test-agents.ts:211:18 浠ｇ悊瀵?鍙兘鏄?emoji) U+D83D  "console.log("\n馃敆 缁戝畾瀹㈡埛鍒颁唬鐞嗗晢...");"
  鈩癸笍  api\src\db\seed-test-agents.ts:243:18 浠ｇ悊瀵?鍙兘鏄?emoji) U+D83D  "console.log("\n馃挵 妯℃嫙娑堣垂鍜屽垎浣?..");"
  鈩癸笍  api\src\db\seed-test-agents.ts:307:22 浠ｇ悊瀵?鍙兘鏄?emoji) U+D83D  "console.log(`  馃挸  瀹㈡埛 #${clientUserId}: ${numCa
lls} 娆¤皟鐢? 娑堣垂 楼${totalCostDisplay}"
  鈩癸笍  api\src\db\seed-test-agents.ts:336:26 浠ｇ悊瀵?鍙兘鏄?emoji) U+D83D  "console.log(`  馃挵  浠ｇ悊鍟?#${agentId}: +楼${commiss
ion.toFixed(2)} 鍒嗕剑 (${(rate * 100"
  鈩癸笍  api\src\db\seed-test-agents.ts:342:18 浠ｇ悊瀵?鍙兘鏄?emoji) U+D83D  "console.log("\n馃搳 ====== 娴嬭瘯鏁版嵁姒傝 ======");"
  鈩癸笍  api\src\db\seed-test-agents.ts:378:20 浠ｇ悊瀵?鍙兘鏄?emoji) U+D83C  "console.log(`  馃彚 ${a.nickname} (${a.email}) | 鍒
嗕剑 ${ratePct}% | 瀹㈡埛 ${a.clientCou"
  鈩癸笍  api\src\db\seed-test-agents.ts:400:20 浠ｇ悊瀵?鍙兘鏄?emoji) U+D83D  "console.log(`  馃懁 ${c.nickname || c.email} | 浣欓
 楼${parseFloat(c.balance).toFixed"
  鈩癸笍  api\src\db\seed.ts:108:29 浠ｇ悊瀵?鍙兘鏄?emoji) U+D83D  "<h2 style="color:#2563eb">馃摟 閭楠岃瘉</h2>"
  鈩癸笍  api\src\db\seed.ts:122:29 浠ｇ悊瀵?鍙兘鏄?emoji) U+D83D  "<h2 style="color:#2563eb">馃摟 Email Verification</h2>"
  鈩癸笍  api\src\db\seed.ts:143:29 浠ｇ悊瀵?鍙兘鏄?emoji) U+D83D  "<h2 style="color:#2563eb">馃攽 瀵嗙爜閲嶇疆</h2>"
  鈩癸笍  api\src\db\seed.ts:157:29 浠ｇ悊瀵?鍙兘鏄?emoji) U+D83D  "<h2 style="color:#2563eb">馃攽 Password Reset</h2>"
  鈩癸笍  api\src\db\seed.ts:178:29 浠ｇ悊瀵?鍙兘鏄?emoji) U+D83D  "<h2 style="color:#16a34a">馃挵 鍏呭€煎埌璐?/h2>"
  鈩癸笍  api\src\db\seed.ts:193:29 浠ｇ悊瀵?鍙兘鏄?emoji) U+D83D  "<h2 style="color:#16a34a">馃挵 Recharge Confirmed</h2>"
  鈩癸笍  api\src\db\seed.ts:248:29 浠ｇ悊瀵?鍙兘鏄?emoji) U+D83D  "<h2 style="color:#c62828">馃敀 璐﹀彿涓存椂灏佺</h2>"
  鈩癸笍  api\src\db\seed.ts:262:29 浠ｇ悊瀵?鍙兘鏄?emoji) U+D83D  "<h2 style="color:#c62828">馃敀 Account Temporarily Suspended</
h2>"
  鈩癸笍  api\src\db\seed.ts:302:16 浠ｇ悊瀵?鍙兘鏄?emoji) U+D83D  "console.log("馃搵 绯荤粺閰嶇疆...");"
  鈩癸笍  api\src\db\seed.ts:322:18 浠ｇ悊瀵?鍙兘鏄?emoji) U+D83D  "console.log(`  馃搳 閰嶇疆锛氭彃鍏?${inserted} 鏉★紝璺宠繃 ${skipped} 鏉n`
);"
  鈩癸笍  api\src\db\seed.ts:326:16 浠ｇ悊瀵?鍙兘鏄?emoji) U+D83D  "console.log("馃洝锔?瀹夊叏閰嶇疆...");"
  鈩癸笍  api\src\db\seed.ts:350:18 浠ｇ悊瀵?鍙兘鏄?emoji) U+D83D  "console.log(`  馃搳 瀹夊叏閰嶇疆锛氭彃鍏?${inserted} 鏉★紝璺宠繃 ${skipped} 鏉
n`);"
  鈩癸笍  api\src\db\seed.ts:354:16 浠ｇ悊瀵?鍙兘鏄?emoji) U+D83D  "console.log("馃摟 閭欢妯℃澘...");"
  鈩癸笍  api\src\db\seed.ts:376:18 浠ｇ悊瀵?鍙兘鏄?emoji) U+D83D  "console.log(`  馃搳 妯℃澘锛氭彃鍏?${inserted} 鏉★紝璺宠繃 ${skipped} 鏉n`
);"
  鈩癸笍  api\src\db\seed.ts:381:16 浠ｇ悊瀵?鍙兘鏄?emoji) U+D83C  "console.log("馃尡 3cloud 绉嶅瓙鏁版嵁\n" + "鈺?.repeat(30));"
  鈩癸笍  api\src\routes\admin\stats.ts:578:20 BOM(鍙兘鏄?CSV 鍓嶇紑) U+FEFF  "const csv = "锘? + csvHeaders + "\n" + csvRows.jo
in("\n");"
  鈩癸笍  api\src\routes\admin\users\detail\activity.ts:56:11 浠ｇ悊瀵?鍙兘鏄?emoji) U+D83D  "login: "馃攼","
  鈩癸笍  api\src\routes\admin\users\detail\activity.ts:57:12 浠ｇ悊瀵?鍙兘鏄?emoji) U+D83D  "logout: "馃毆","
  鈩癸笍  api\src\routes\admin\users\detail\activity.ts:58:14 浠ｇ悊瀵?鍙兘鏄?emoji) U+D83D  "register: "馃摑","
  鈩癸笍  api\src\routes\admin\users\detail\activity.ts:59:21 浠ｇ悊瀵?鍙兘鏄?emoji) U+D83D  "change_password: "馃攽","
  鈩癸笍  api\src\routes\admin\users\detail\activity.ts:60:16 浠ｇ悊瀵?鍙兘鏄?emoji) U+D83D  "oauth_bind: "馃敆","
  鈩癸笍  api\src\routes\admin\users\detail\activity.ts:61:18 浠ｇ悊瀵?鍙兘鏄?emoji) U+D83D  "oauth_unbind: "馃敁","
  鈩癸笍  api\src\routes\admin\users\detail\activity.ts:62:20 浠ｇ悊瀵?鍙兘鏄?emoji) U+D83D  "api_key_create: "馃攽","
  鈩癸笍  api\src\routes\admin\users\detail\activity.ts:63:20 浠ｇ悊瀵?鍙兘鏄?emoji) U+D83D  "api_key_delete: "馃棏锔?,"
  鈩癸笍  api\src\routes\admin\users\detail\activity.ts:65:19 浠ｇ悊瀵?鍙兘鏄?emoji) U+D83D  "api_key_reset: "馃攧","
  鈩癸笍  api\src\routes\admin\users\detail\activity.ts:66:21 浠ｇ悊瀵?鍙兘鏄?emoji) U+D83D  "recharge_submit: "馃挵","
  鈩癸笍  api\src\routes\admin\users\detail\activity.ts:67:20 浠ｇ悊瀵?鍙兘鏄?emoji) U+D83C  "redemption_use: "馃師锔?,"
  鈩癸笍  api\src\routes\admin\users\detail\activity.ts:68:22 浠ｇ悊瀵?鍙兘鏄?emoji) U+D83D  "withdraw_request: "馃捀","
  鈩癸笍  api\src\routes\admin\users\detail\activity.ts:69:19 浠ｇ悊瀵?鍙兘鏄?emoji) U+D83D  "invoice_apply: "馃搫","
  鈩癸笍  api\src\routes\admin\users\detail\activity.ts:71:21 浠ｇ悊瀵?鍙兘鏄?emoji) U+D83E  "realname_submit: "馃","
  鈩癸笍  api\src\routes\admin\users\detail\activity.ts:72:20 浠ｇ悊瀵?鍙兘鏄?emoji) U+D83D  "profile_update: "馃懁","
  鈩癸笍  api\src\routes\admin\users\detail\activity.ts:73:20 浠ｇ悊瀵?鍙兘鏄?emoji) U+D83D  "security_setup: "馃洝锔?,"
  鈩癸笍  api\src\routes\admin\users\detail\activity.ts:74:25 浠ｇ悊瀵?鍙兘鏄?emoji) U+D83D  "agent_client_create: "馃懃","
  鈩癸笍  api\src\routes\admin\users\detail\activity.ts:76:24 浠ｇ悊瀵?鍙兘鏄?emoji) U+D83D  "agent_quota_adjust: "馃搳","
  鈩癸笍  api\src\routes\admin\users\detail\activity.ts:77:20 浠ｇ悊瀵?鍙兘鏄?emoji) U+D83D  "agent_withdraw: "馃捀","
  鈩癸笍  api\src\routes\admin\users\detail\activity.ts:78:29 浠ｇ悊瀵?鍙兘鏄?emoji) U+D83C  "agent_redemption_create: "馃帿","
  鈩癸笍  api\src\routes\admin\users\detail\activity.ts:175:46 浠ｇ悊瀵?鍙兘鏄?emoji) U+D83D  "actionIcon: ACTION_ICONS[r.action
] || "馃搶","
  鈩癸笍  api\src\routes\api-keys.ts:444:19 BOM(鍙兘鏄?CSV 鍓嶇紑) U+FEFF  "reply.send('锘? + header + '\n' + csv);"
  鈩癸笍  api\src\scripts\auto-settle-commissions.ts:16:6 浠ｇ悊瀵?鍙兘鏄?emoji) U+D83D  "// 馃悰 FIX: 浣跨敤 Asia/Shanghai 鏃跺尯璁＄畻鎴
鏃ユ湡"
  鈩癸笍  api\src\scripts\check-agent-commissions.ts:9:18 浠ｇ悊瀵?鍙兘鏄?emoji) U+D83D  "console.log(`\n馃攳 妫€鏌ヤ唬鐞嗗晢: ${email}\n
`);"
  鈩癸笍  api\src\scripts\data-factory.ts:505:18 浠ｇ悊瀵?鍙兘鏄?emoji) U+D83C  "console.log(`  馃帀 鏁版嵁宸ュ巶瀹屾垚`);"
  鈩癸笍  api\src\scripts\import-geo-csv.ts:166:16 浠ｇ悊瀵?鍙兘鏄?emoji) U+D83C  "console.log("馃實 GeoIP 鍧楁暟鎹鍏n");"
  鈩癸笍  api\src\scripts\import-geo-csv.ts:188:22 浠ｇ悊瀵?鍙兘鏄?emoji) U+D83D  "console.log("  馃攧 娓呯┖鏃ф暟鎹?..");"
  鈩癸笍  api\src\scripts\import-geo-csv.ts:199:22 浠ｇ悊瀵?鍙兘鏄?emoji) U+D83D  "console.log("\n  馃攧 ANALYZE...");"
  鈩癸笍  api\src\scripts\simulate-calls.ts:319:18 浠ｇ悊瀵?鍙兘鏄?emoji) U+D83C  "console.log(`  馃帀 鍏ㄩ摼璺ā鎷熷畬鎴恅);"
  鈩癸笍  api\src\scripts\verify-fix.ts:18:16 浠ｇ悊瀵?鍙兘鏄?emoji) U+D83D  "console.log("馃搳 agent_customer_consumption 琛細");"
  鈩癸笍  api\src\scripts\verify-fix.ts:40:18 浠ｇ悊瀵?鍙兘鏄?emoji) U+D83D  "console.log("\n馃搳 API 杩斿洖瀛楁楠岃瘉锛堟ā鎷?agent /api/v1/
agent/clients锛夛細");"
  鈩癸笍  api\src\scripts\verify-fix.ts:49:20 浠ｇ悊瀵?鍙兘鏄?emoji) U+D83C  "console.log(`\n馃彚 浠ｇ悊鍟?#${agent.id} (${agentUser?.
email || '?'}) ${agentUser?.nic"
  鈩癸笍  api\src\scripts\verify-fix.ts:115:18 浠ｇ悊瀵?鍙兘鏄?emoji) U+D83D  "console.log("\n馃搳 浠ｇ悊鍟嗙粺璁★細");"
  鈩癸笍  api\src\scripts\verify-fix.ts:126:20 浠ｇ悊瀵?鍙兘鏄?emoji) U+D83C  "console.log(`  馃彚 浠ｇ悊鍟?#${a.id}: totalCommission=
${a.totalCommission} | pendingWi"
  鈩癸笍  api\src\services\daily-summary.ts:161:54 浠ｇ悊瀵?鍙兘鏄?emoji) U+D83D  "<h1 style="color:#fff;margin:0;font-size:20px
">馃敀 姣忔棩瀹夊叏鎽樿</h1>"
  鈩癸笍  api\src\services\daily-summary.ts:174:66 浠ｇ悊瀵?鍙兘鏄?emoji) U+D83D  "<h2 style="font-size:15px;color:#1e293b;margi
n:16px 0 8px">馃搳 椋庨櫓绛夌骇鍒嗗竷</h2>"
  鈩癸笍  api\src\services\daily-summary.ts:188:66 浠ｇ悊瀵?鍙兘鏄?emoji) U+D83D  "<h2 style="font-size:15px;color:#1e293b;margi
n:16px 0 8px">馃搵 浜嬩欢绫诲瀷鍒嗗竷</h2>"
  鈩癸笍  api\src\services\daily-summary.ts:202:66 浠ｇ悊瀵?鍙兘鏄?emoji) U+D83D  "<h2 style="font-size:15px;color:#1e293b;margi
n:16px 0 8px">馃毇 褰撳墠灏佺</h2>"
  鈩癸笍  api\src\services\daily-summary.ts:251:17 浠ｇ悊瀵?鍙兘鏄?emoji) U+D83D  "subject: `馃敀 3cloud 姣忔棩瀹夊叏鎽樿 鈥?${dateStr}`,"
  鈩癸笍  api\src\__tests__\edge-cases.test.ts:156:21 浠ｇ悊瀵?鍙兘鏄?emoji) U+D83D  "name: "娴嬭瘯鍘傚晢 馃殌 鏃ユ湰瑾?頃滉淡鞏?,"
  鈩癸笍  api\src\__tests__\edge-cases.test.ts:170:17 浠ｇ悊瀵?鍙兘鏄?emoji) U+D83C  "title: "馃帀 绯荤粺鍏憡 鈥?娴嬭瘯","

馃搳 鎵弿瀹屾垚: 1182 涓枃浠?
鈩癸笍 鎵惧埌閮ㄥ垎浠ｇ悊瀵癸紙鍙兘鏄?emoji锛夛紝闈炵紪璇戦樆濉為」銆?
鈩癸笍 鎵惧埌 BOM 瀛楃锛堝彲鑳芥槸 CSV BOM 鍓嶇紑锛夛紝闈炵紪璇戦樆濉為」銆?鉁?缂栫爜妫€鏌ラ€氳繃锛堟棤闃诲椤癸級銆?

> cuserszh-openclawworkspace3cloudweb@0.0.0 dev
> vite


  [32m[1mVITE[22m v8.1.0[39m  [2mready in [0m[1m258[22m[2m[0m ms[22m

  [32m鉃?[39m  [1mLocal[22m:   [36mhttp://localhost:[1m5175[22m/[39m
[2m  [32m鉃?[39m  [1mNetwork[22m[2m: use [22m[1m--host[22m[2m to expose[22m
[2m[32m  鉃?[39m[22m[2m  press [22m[1mh + enter[22m[2m to show help[22m
[2m23:12:15[22m [36m[1m[vite][22m[39m [90m[2m(client)[22m[39m [32mhmr update [39m[2m/src/index.css[22m
[2m23:47:47[22m [36m[1m[vite][22m[39m [90m[2m(client)[22m[39m [32mhmr update [39m[2m/src/App.tsx, /src/index.css[22m
[2m23:48:08[22m [36m[1m[vite][22m[39m [90m[2m(client)[22m[39m [32mhmr update [39m[2m/src/App.tsx, /src/index.css[22m
[2m23:49:10[22m [31m[1m[vite][22m[39m [31mhttp proxy error: /api/v1/me/notifications/unread-count[39m
AggregateError [ECONNREFUSED]: 
    at internalConnectMultiple (node:net:1194:18)
    at afterConnectMultiple (node:net:1784:7)
[2m23:49:10[22m [31m[1m[vite][22m[39m [31mhttp proxy error: /api/v1/announcements/unread-count[39m
AggregateError [ECONNREFUSED]: 
    at internalConnectMultiple (node:net:1194:18)
    at afterConnectMultiple (node:net:1784:7)
[2m23:49:10[22m [31m[1m[vite][22m[39m [31mhttp proxy error: /api/v1/me/notifications/unread-count[39m
AggregateError [ECONNREFUSED]: 
    at internalConnectMultiple (node:net:1194:18)
    at afterConnectMultiple (node:net:1784:7)
[2m23:49:10[22m [31m[1m[vite][22m[39m [31mhttp proxy error: /api/v1/auth/notifications?unreadOnly=true&pageSize=
1[39m
AggregateError [ECONNREFUSED]: 
    at internalConnectMultiple (node:net:1194:18)
    at afterConnectMultiple (node:net:1784:7)
[2m23:49:41[22m [31m[1m[vite][22m[39m [31mhttp proxy error: /api/v1/me/notifications/unread-count[39m
AggregateError [ECONNREFUSED]: 
    at internalConnectMultiple (node:net:1194:18)
    at afterConnectMultiple (node:net:1784:7)
[2m23:49:41[22m [31m[1m[vite][22m[39m [31mhttp proxy error: /api/v1/announcements/unread-count[39m
AggregateError [ECONNREFUSED]: 
    at internalConnectMultiple (node:net:1194:18)
    at afterConnectMultiple (node:net:1784:7)
[2m23:49:41[22m [31m[1m[vite][22m[39m [31mhttp proxy error: /api/v1/me/notifications/unread-count[39m
AggregateError [ECONNREFUSED]: 
    at internalConnectMultiple (node:net:1194:18)
    at afterConnectMultiple (node:net:1784:7)
[2m23:49:41[22m [31m[1m[vite][22m[39m [31mhttp proxy error: /api/v1/auth/notifications?unreadOnly=true&pageSize=
1[39m
AggregateError [ECONNREFUSED]: 
    at internalConnectMultiple (node:net:1194:18)
    at afterConnectMultiple (node:net:1784:7)
[2m23:49:41[22m [31m[1m[vite][22m[39m [31mhttp proxy error: /api/v1/me/alerts[39m
AggregateError [ECONNREFUSED]: 
    at internalConnectMultiple (node:net:1194:18)
    at afterConnectMultiple (node:net:1784:7)
[2m23:50:10[22m [31m[1m[vite][22m[39m [31mhttp proxy error: /api/v1/me/notifications/unread-count[39m
AggregateError [ECONNREFUSED]: 
    at internalConnectMultiple (node:net:1194:18)
    at afterConnectMultiple (node:net:1784:7)
[2m23:50:10[22m [31m[1m[vite][22m[39m [31mhttp proxy error: /api/v1/announcements/unread-count[39m
AggregateError [ECONNREFUSED]: 
    at internalConnectMultiple (node:net:1194:18)
    at afterConnectMultiple (node:net:1784:7)
[2m23:50:10[22m [31m[1m[vite][22m[39m [31mhttp proxy error: /api/v1/me/notifications/unread-count[39m
AggregateError [ECONNREFUSED]: 
    at internalConnectMultiple (node:net:1194:18)
    at afterConnectMultiple (node:net:1784:7)
[2m23:50:10[22m [31m[1m[vite][22m[39m [31mhttp proxy error: /api/v1/auth/notifications?unreadOnly=true&pageSize=
1[39m
AggregateError [ECONNREFUSED]: 
    at internalConnectMultiple (node:net:1194:18)
    at afterConnectMultiple (node:net:1784:7)
[2m23:50:41[22m [31m[1m[vite][22m[39m [31mhttp proxy error: /api/v1/me/notifications/unread-count[39m
AggregateError [ECONNREFUSED]: 
    at internalConnectMultiple (node:net:1194:18)
    at afterConnectMultiple (node:net:1784:7)
[2m23:50:41[22m [31m[1m[vite][22m[39m [31mhttp proxy error: /api/v1/announcements/unread-count[39m
AggregateError [ECONNREFUSED]: 
    at internalConnectMultiple (node:net:1194:18)
    at afterConnectMultiple (node:net:1784:7)
[2m23:50:41[22m [31m[1m[vite][22m[39m [31mhttp proxy error: /api/v1/me/notifications/unread-count[39m
AggregateError [ECONNREFUSED]: 
    at internalConnectMultiple (node:net:1194:18)
    at afterConnectMultiple (node:net:1784:7)
[2m23:50:41[22m [31m[1m[vite][22m[39m [31mhttp proxy error: /api/v1/auth/notifications?unreadOnly=true&pageSize=
1[39m
AggregateError [ECONNREFUSED]: 
    at internalConnectMultiple (node:net:1194:18)
    at afterConnectMultiple (node:net:1784:7)
[2m23:50:41[22m [31m[1m[vite][22m[39m [31mhttp proxy error: /api/v1/me/alerts[39m
AggregateError [ECONNREFUSED]: 
    at internalConnectMultiple (node:net:1194:18)
    at afterConnectMultiple (node:net:1784:7)
[2m23:51:10[22m [31m[1m[vite][22m[39m [31mhttp proxy error: /api/v1/me/notifications/unread-count[39m
AggregateError [ECONNREFUSED]: 
    at internalConnectMultiple (node:net:1194:18)
    at afterConnectMultiple (node:net:1784:7)
[2m23:51:10[22m [31m[1m[vite][22m[39m [31mhttp proxy error: /api/v1/announcements/unread-count[39m
AggregateError [ECONNREFUSED]: 
    at internalConnectMultiple (node:net:1194:18)
    at afterConnectMultiple (node:net:1784:7)
[2m23:51:10[22m [31m[1m[vite][22m[39m [31mhttp proxy error: /api/v1/me/notifications/unread-count[39m
AggregateError [ECONNREFUSED]: 
    at internalConnectMultiple (node:net:1194:18)
    at afterConnectMultiple (node:net:1784:7)
[2m23:51:10[22m [31m[1m[vite][22m[39m [31mhttp proxy error: /api/v1/auth/notifications?unreadOnly=true&pageSize=
1[39m
AggregateError [ECONNREFUSED]: 
    at internalConnectMultiple (node:net:1194:18)
    at afterConnectMultiple (node:net:1784:7)
[2m23:51:41[22m [31m[1m[vite][22m[39m [31mhttp proxy error: /api/v1/me/notifications/unread-count[39m
AggregateError [ECONNREFUSED]: 
    at internalConnectMultiple (node:net:1194:18)
    at afterConnectMultiple (node:net:1784:7)
[2m23:51:41[22m [31m[1m[vite][22m[39m [31mhttp proxy error: /api/v1/announcements/unread-count[39m
AggregateError [ECONNREFUSED]: 
    at internalConnectMultiple (node:net:1194:18)
    at afterConnectMultiple (node:net:1784:7)
[2m23:51:41[22m [31m[1m[vite][22m[39m [31mhttp proxy error: /api/v1/me/notifications/unread-count[39m
AggregateError [ECONNREFUSED]: 
    at internalConnectMultiple (node:net:1194:18)
    at afterConnectMultiple (node:net:1784:7)
[2m23:51:41[22m [31m[1m[vite][22m[39m [31mhttp proxy error: /api/v1/auth/notifications?unreadOnly=true&pageSize=
1[39m
AggregateError [ECONNREFUSED]: 
    at internalConnectMultiple (node:net:1194:18)
    at afterConnectMultiple (node:net:1784:7)
[2m23:51:41[22m [31m[1m[vite][22m[39m [31mhttp proxy error: /api/v1/me/alerts[39m
AggregateError [ECONNREFUSED]: 
    at internalConnectMultiple (node:net:1194:18)
    at afterConnectMultiple (node:net:1784:7)
[2m23:52:10[22m [31m[1m[vite][22m[39m [31mhttp proxy error: /api/v1/announcements/unread-count[39m
AggregateError [ECONNREFUSED]: 
    at internalConnectMultiple (node:net:1194:18)
    at afterConnectMultiple (node:net:1784:7)
[2m23:52:10[22m [31m[1m[vite][22m[39m [31mhttp proxy error: /api/v1/me/notifications/unread-count[39m
AggregateError [ECONNREFUSED]: 
    at internalConnectMultiple (node:net:1194:18)
    at afterConnectMultiple (node:net:1784:7)
[2m23:52:10[22m [31m[1m[vite][22m[39m [31mhttp proxy error: /api/v1/me/notifications/unread-count[39m
AggregateError [ECONNREFUSED]: 
    at internalConnectMultiple (node:net:1194:18)
    at afterConnectMultiple (node:net:1784:7)
[2m23:52:10[22m [31m[1m[vite][22m[39m [31mhttp proxy error: /api/v1/auth/notifications?unreadOnly=true&pageSize=
1[39m
AggregateError [ECONNREFUSED]: 
    at internalConnectMultiple (node:net:1194:18)
    at afterConnectMultiple (node:net:1784:7)
[2m23:52:41[22m [31m[1m[vite][22m[39m [31mhttp proxy error: /api/v1/me/notifications/unread-count[39m
AggregateError [ECONNREFUSED]: 
    at internalConnectMultiple (node:net:1194:18)
    at afterConnectMultiple (node:net:1784:7)
[2m23:52:41[22m [31m[1m[vite][22m[39m [31mhttp proxy error: /api/v1/announcements/unread-count[39m
AggregateError [ECONNREFUSED]: 
    at internalConnectMultiple (node:net:1194:18)
    at afterConnectMultiple (node:net:1784:7)
[2m23:52:41[22m [31m[1m[vite][22m[39m [31mhttp proxy error: /api/v1/me/notifications/unread-count[39m
AggregateError [ECONNREFUSED]: 
    at internalConnectMultiple (node:net:1194:18)
    at afterConnectMultiple (node:net:1784:7)
[2m23:52:41[22m [31m[1m[vite][22m[39m [31mhttp proxy error: /api/v1/auth/notifications?unreadOnly=true&pageSize=
1[39m
AggregateError [ECONNREFUSED]: 
    at internalConnectMultiple (node:net:1194:18)
    at afterConnectMultiple (node:net:1784:7)
[2m23:52:41[22m [31m[1m[vite][22m[39m [31mhttp proxy error: /api/v1/me/alerts[39m
AggregateError [ECONNREFUSED]: 
    at internalConnectMultiple (node:net:1194:18)
    at afterConnectMultiple (node:net:1784:7)
[2m23:52:55[22m [36m[1m[vite][22m[39m [90m[2m(client)[22m[39m [32mhmr update [39m[2m/src/index.css[22m
[2m23:53:10[22m [31m[1m[vite][22m[39m [31mhttp proxy error: /api/v1/me/notifications/unread-count[39m
AggregateError [ECONNREFUSED]: 
    at internalConnectMultiple (node:net:1194:18)
    at afterConnectMultiple (node:net:1784:7)
[2m23:53:10[22m [31m[1m[vite][22m[39m [31mhttp proxy error: /api/v1/announcements/unread-count[39m
AggregateError [ECONNREFUSED]: 
    at internalConnectMultiple (node:net:1194:18)
    at afterConnectMultiple (node:net:1784:7)
[2m23:53:10[22m [31m[1m[vite][22m[39m [31mhttp proxy error: /api/v1/me/notifications/unread-count[39m
AggregateError [ECONNREFUSED]: 
    at internalConnectMultiple (node:net:1194:18)
    at afterConnectMultiple (node:net:1784:7)
[2m23:53:10[22m [31m[1m[vite][22m[39m [31mhttp proxy error: /api/v1/auth/notifications?unreadOnly=true&pageSize=
1[39m
AggregateError [ECONNREFUSED]: 
    at internalConnectMultiple (node:net:1194:18)
    at afterConnectMultiple (node:net:1784:7)
[2m23:53:41[22m [31m[1m[vite][22m[39m [31mhttp proxy error: /api/v1/announcements/unread-count[39m
AggregateError [ECONNREFUSED]: 
    at internalConnectMultiple (node:net:1194:18)
    at afterConnectMultiple (node:net:1784:7)
[2m23:53:41[22m [31m[1m[vite][22m[39m [31mhttp proxy error: /api/v1/me/notifications/unread-count[39m
AggregateError [ECONNREFUSED]: 
    at internalConnectMultiple (node:net:1194:18)
    at afterConnectMultiple (node:net:1784:7)
[2m23:53:41[22m [31m[1m[vite][22m[39m [31mhttp proxy error: /api/v1/me/notifications/unread-count[39m
AggregateError [ECONNREFUSED]: 
    at internalConnectMultiple (node:net:1194:18)
    at afterConnectMultiple (node:net:1784:7)
[2m23:53:41[22m [31m[1m[vite][22m[39m [31mhttp proxy error: /api/v1/auth/notifications?unreadOnly=true&pageSize=
1[39m
AggregateError [ECONNREFUSED]: 
    at internalConnectMultiple (node:net:1194:18)
    at afterConnectMultiple (node:net:1784:7)
[2m23:53:41[22m [31m[1m[vite][22m[39m [31mhttp proxy error: /api/v1/me/alerts[39m
AggregateError [ECONNREFUSED]: 
    at internalConnectMultiple (node:net:1194:18)
    at afterConnectMultiple (node:net:1784:7)
[2m23:54:10[22m [31m[1m[vite][22m[39m [31mhttp proxy error: /api/v1/me/notifications/unread-count[39m
AggregateError [ECONNREFUSED]: 
    at internalConnectMultiple (node:net:1194:18)
    at afterConnectMultiple (node:net:1784:7)
[2m23:54:10[22m [31m[1m[vite][22m[39m [31mhttp proxy error: /api/v1/announcements/unread-count[39m
AggregateError [ECONNREFUSED]: 
    at internalConnectMultiple (node:net:1194:18)
    at afterConnectMultiple (node:net:1784:7)
[2m23:54:10[22m [31m[1m[vite][22m[39m [31mhttp proxy error: /api/v1/me/notifications/unread-count[39m
AggregateError [ECONNREFUSED]: 
    at internalConnectMultiple (node:net:1194:18)
    at afterConnectMultiple (node:net:1784:7)
[2m23:54:10[22m [31m[1m[vite][22m[39m [31mhttp proxy error: /api/v1/auth/notifications?unreadOnly=true&pageSize=
1[39m
AggregateError [ECONNREFUSED]: 
    at internalConnectMultiple (node:net:1194:18)
    at afterConnectMultiple (node:net:1784:7)
[2m23:54:41[22m [31m[1m[vite][22m[39m [31mhttp proxy error: /api/v1/me/notifications/unread-count[39m
AggregateError [ECONNREFUSED]: 
    at internalConnectMultiple (node:net:1194:18)
    at afterConnectMultiple (node:net:1784:7)
[2m23:54:41[22m [31m[1m[vite][22m[39m [31mhttp proxy error: /api/v1/announcements/unread-count[39m
AggregateError [ECONNREFUSED]: 
    at internalConnectMultiple (node:net:1194:18)
    at afterConnectMultiple (node:net:1784:7)
[2m23:54:41[22m [31m[1m[vite][22m[39m [31mhttp proxy error: /api/v1/me/notifications/unread-count[39m
AggregateError [ECONNREFUSED]: 
    at internalConnectMultiple (node:net:1194:18)
    at afterConnectMultiple (node:net:1784:7)
[2m23:54:41[22m [31m[1m[vite][22m[39m [31mhttp proxy error: /api/v1/auth/notifications?unreadOnly=true&pageSize=
1[39m
AggregateError [ECONNREFUSED]: 
    at internalConnectMultiple (node:net:1194:18)
    at afterConnectMultiple (node:net:1784:7)
[2m23:54:41[22m [31m[1m[vite][22m[39m [31mhttp proxy error: /api/v1/me/alerts[39m
AggregateError [ECONNREFUSED]: 
    at internalConnectMultiple (node:net:1194:18)
    at afterConnectMultiple (node:net:1784:7)
[2m23:55:10[22m [31m[1m[vite][22m[39m [31mhttp proxy error: /api/v1/me/notifications/unread-count[39m
AggregateError [ECONNREFUSED]: 
    at internalConnectMultiple (node:net:1194:18)
    at afterConnectMultiple (node:net:1784:7)
[2m23:55:10[22m [31m[1m[vite][22m[39m [31mhttp proxy error: /api/v1/announcements/unread-count[39m
AggregateError [ECONNREFUSED]: 
    at internalConnectMultiple (node:net:1194:18)
    at afterConnectMultiple (node:net:1784:7)
[2m23:55:10[22m [31m[1m[vite][22m[39m [31mhttp proxy error: /api/v1/me/notifications/unread-count[39m
AggregateError [ECONNREFUSED]: 
    at internalConnectMultiple (node:net:1194:18)
    at afterConnectMultiple (node:net:1784:7)
[2m23:55:10[22m [31m[1m[vite][22m[39m [31mhttp proxy error: /api/v1/auth/notifications?unreadOnly=true&pageSize=
1[39m
AggregateError [ECONNREFUSED]: 
    at internalConnectMultiple (node:net:1194:18)
    at afterConnectMultiple (node:net:1784:7)
[2m23:55:41[22m [31m[1m[vite][22m[39m [31mhttp proxy error: /api/v1/me/notifications/unread-count[39m
AggregateError [ECONNREFUSED]: 
    at internalConnectMultiple (node:net:1194:18)
    at afterConnectMultiple (node:net:1784:7)
[2m23:55:41[22m [31m[1m[vite][22m[39m [31mhttp proxy error: /api/v1/announcements/unread-count[39m
AggregateError [ECONNREFUSED]: 
    at internalConnectMultiple (node:net:1194:18)
    at afterConnectMultiple (node:net:1784:7)
[2m23:55:41[22m [31m[1m[vite][22m[39m [31mhttp proxy error: /api/v1/me/notifications/unread-count[39m
AggregateError [ECONNREFUSED]: 
    at internalConnectMultiple (node:net:1194:18)
    at afterConnectMultiple (node:net:1784:7)
[2m23:55:41[22m [31m[1m[vite][22m[39m [31mhttp proxy error: /api/v1/auth/notifications?unreadOnly=true&pageSize=
1[39m
AggregateError [ECONNREFUSED]: 
    at internalConnectMultiple (node:net:1194:18)
    at afterConnectMultiple (node:net:1784:7)
[2m23:55:41[22m [31m[1m[vite][22m[39m [31mhttp proxy error: /api/v1/me/alerts[39m
AggregateError [ECONNREFUSED]: 
    at internalConnectMultiple (node:net:1194:18)
    at afterConnectMultiple (node:net:1784:7)
[2m23:56:10[22m [31m[1m[vite][22m[39m [31mhttp proxy error: /api/v1/me/notifications/unread-count[39m
AggregateError [ECONNREFUSED]: 
    at internalConnectMultiple (node:net:1194:18)
    at afterConnectMultiple (node:net:1784:7)
[2m23:56:10[22m [31m[1m[vite][22m[39m [31mhttp proxy error: /api/v1/announcements/unread-count[39m
AggregateError [ECONNREFUSED]: 
    at internalConnectMultiple (node:net:1194:18)
    at afterConnectMultiple (node:net:1784:7)
[2m23:56:10[22m [31m[1m[vite][22m[39m [31mhttp proxy error: /api/v1/me/notifications/unread-count[39m
AggregateError [ECONNREFUSED]: 
    at internalConnectMultiple (node:net:1194:18)
    at afterConnectMultiple (node:net:1784:7)
[2m23:56:10[22m [31m[1m[vite][22m[39m [31mhttp proxy error: /api/v1/auth/notifications?unreadOnly=true&pageSize=
1[39m
AggregateError [ECONNREFUSED]: 
    at internalConnectMultiple (node:net:1194:18)
    at afterConnectMultiple (node:net:1784:7)
[2m23:56:41[22m [31m[1m[vite][22m[39m [31mhttp proxy error: /api/v1/me/notifications/unread-count[39m
AggregateError [ECONNREFUSED]: 
    at internalConnectMultiple (node:net:1194:18)
    at afterConnectMultiple (node:net:1784:7)
[2m23:56:41[22m [31m[1m[vite][22m[39m [31mhttp proxy error: /api/v1/announcements/unread-count[39m
AggregateError [ECONNREFUSED]: 
    at internalConnectMultiple (node:net:1194:18)
    at afterConnectMultiple (node:net:1784:7)
[2m23:56:41[22m [31m[1m[vite][22m[39m [31mhttp proxy error: /api/v1/me/notifications/unread-count[39m
AggregateError [ECONNREFUSED]: 
    at internalConnectMultiple (node:net:1194:18)
    at afterConnectMultiple (node:net:1784:7)
[2m23:56:41[22m [31m[1m[vite][22m[39m [31mhttp proxy error: /api/v1/auth/notifications?unreadOnly=true&pageSize=
1[39m
AggregateError [ECONNREFUSED]: 
    at internalConnectMultiple (node:net:1194:18)
    at afterConnectMultiple (node:net:1784:7)
[2m23:56:41[22m [31m[1m[vite][22m[39m [31mhttp proxy error: /api/v1/me/alerts[39m
AggregateError [ECONNREFUSED]: 
    at internalConnectMultiple (node:net:1194:18)
    at afterConnectMultiple (node:net:1784:7)
[2m23:57:10[22m [31m[1m[vite][22m[39m [31mhttp proxy error: /api/v1/me/notifications/unread-count[39m
AggregateError [ECONNREFUSED]: 
    at internalConnectMultiple (node:net:1194:18)
    at afterConnectMultiple (node:net:1784:7)
[2m23:57:10[22m [31m[1m[vite][22m[39m [31mhttp proxy error: /api/v1/announcements/unread-count[39m
AggregateError [ECONNREFUSED]: 
    at internalConnectMultiple (node:net:1194:18)
    at afterConnectMultiple (node:net:1784:7)
[2m23:57:10[22m [31m[1m[vite][22m[39m [31mhttp proxy error: /api/v1/me/notifications/unread-count[39m
AggregateError [ECONNREFUSED]: 
    at internalConnectMultiple (node:net:1194:18)
    at afterConnectMultiple (node:net:1784:7)
[2m23:57:10[22m [31m[1m[vite][22m[39m [31mhttp proxy error: /api/v1/auth/notifications?unreadOnly=true&pageSize=
1[39m
AggregateError [ECONNREFUSED]: 
    at internalConnectMultiple (node:net:1194:18)
    at afterConnectMultiple (node:net:1784:7)
[2m23:57:41[22m [31m[1m[vite][22m[39m [31mhttp proxy error: /api/v1/me/notifications/unread-count[39m
AggregateError [ECONNREFUSED]: 
    at internalConnectMultiple (node:net:1194:18)
    at afterConnectMultiple (node:net:1784:7)
[2m23:57:41[22m [31m[1m[vite][22m[39m [31mhttp proxy error: /api/v1/announcements/unread-count[39m
AggregateError [ECONNREFUSED]: 
    at internalConnectMultiple (node:net:1194:18)
    at afterConnectMultiple (node:net:1784:7)
[2m23:57:41[22m [31m[1m[vite][22m[39m [31mhttp proxy error: /api/v1/me/notifications/unread-count[39m
AggregateError [ECONNREFUSED]: 
    at internalConnectMultiple (node:net:1194:18)
    at afterConnectMultiple (node:net:1784:7)
[2m23:57:41[22m [31m[1m[vite][22m[39m [31mhttp proxy error: /api/v1/auth/notifications?unreadOnly=true&pageSize=
1[39m
AggregateError [ECONNREFUSED]: 
    at internalConnectMultiple (node:net:1194:18)
    at afterConnectMultiple (node:net:1784:7)
[2m23:57:41[22m [31m[1m[vite][22m[39m [31mhttp proxy error: /api/v1/me/alerts[39m
AggregateError [ECONNREFUSED]: 
    at internalConnectMultiple (node:net:1194:18)
    at afterConnectMultiple (node:net:1784:7)
[2m23:58:10[22m [31m[1m[vite][22m[39m [31mhttp proxy error: /api/v1/me/notifications/unread-count[39m
AggregateError [ECONNREFUSED]: 
    at internalConnectMultiple (node:net:1194:18)
    at afterConnectMultiple (node:net:1784:7)
[2m23:58:10[22m [31m[1m[vite][22m[39m [31mhttp proxy error: /api/v1/announcements/unread-count[39m
AggregateError [ECONNREFUSED]: 
    at internalConnectMultiple (node:net:1194:18)
    at afterConnectMultiple (node:net:1784:7)
[2m23:58:10[22m [31m[1m[vite][22m[39m [31mhttp proxy error: /api/v1/me/notifications/unread-count[39m
AggregateError [ECONNREFUSED]: 
    at internalConnectMultiple (node:net:1194:18)
    at afterConnectMultiple (node:net:1784:7)
[2m23:58:10[22m [31m[1m[vite][22m[39m [31mhttp proxy error: /api/v1/auth/notifications?unreadOnly=true&pageSize=
1[39m
AggregateError [ECONNREFUSED]: 
    at internalConnectMultiple (node:net:1194:18)
    at afterConnectMultiple (node:net:1784:7)
[2m23:58:41[22m [31m[1m[vite][22m[39m [31mhttp proxy error: /api/v1/me/notifications/unread-count[39m
AggregateError [ECONNREFUSED]: 
    at internalConnectMultiple (node:net:1194:18)
    at afterConnectMultiple (node:net:1784:7)
[2m23:58:41[22m [31m[1m[vite][22m[39m [31mhttp proxy error: /api/v1/announcements/unread-count[39m
AggregateError [ECONNREFUSED]: 
    at internalConnectMultiple (node:net:1194:18)
    at afterConnectMultiple (node:net:1784:7)
[2m23:58:41[22m [31m[1m[vite][22m[39m [31mhttp proxy error: /api/v1/me/notifications/unread-count[39m
AggregateError [ECONNREFUSED]: 
    at internalConnectMultiple (node:net:1194:18)
    at afterConnectMultiple (node:net:1784:7)
[2m23:58:41[22m [31m[1m[vite][22m[39m [31mhttp proxy error: /api/v1/auth/notifications?unreadOnly=true&pageSize=
1[39m
AggregateError [ECONNREFUSED]: 
    at internalConnectMultiple (node:net:1194:18)
    at afterConnectMultiple (node:net:1784:7)
[2m23:58:41[22m [31m[1m[vite][22m[39m [31mhttp proxy error: /api/v1/me/alerts[39m
AggregateError [ECONNREFUSED]: 
    at internalConnectMultiple (node:net:1194:18)
    at afterConnectMultiple (node:net:1784:7)
[2m23:59:10[22m [31m[1m[vite][22m[39m [31mhttp proxy error: /api/v1/me/notifications/unread-count[39m
AggregateError [ECONNREFUSED]: 
    at internalConnectMultiple (node:net:1194:18)
    at afterConnectMultiple (node:net:1784:7)
[2m23:59:10[22m [31m[1m[vite][22m[39m [31mhttp proxy error: /api/v1/announcements/unread-count[39m
AggregateError [ECONNREFUSED]: 
    at internalConnectMultiple (node:net:1194:18)
    at afterConnectMultiple (node:net:1784:7)
[2m23:59:10[22m [31m[1m[vite][22m[39m [31mhttp proxy error: /api/v1/me/notifications/unread-count[39m
AggregateError [ECONNREFUSED]: 
    at internalConnectMultiple (node:net:1194:18)
    at afterConnectMultiple (node:net:1784:7)
[2m23:59:10[22m [31m[1m[vite][22m[39m [31mhttp proxy error: /api/v1/auth/notifications?unreadOnly=true&pageSize=
1[39m
AggregateError [ECONNREFUSED]: 
    at internalConnectMultiple (node:net:1194:18)
    at afterConnectMultiple (node:net:1784:7)
[2m23:59:41[22m [31m[1m[vite][22m[39m [31mhttp proxy error: /api/v1/me/notifications/unread-count[39m
AggregateError [ECONNREFUSED]: 
    at internalConnectMultiple (node:net:1194:18)
    at afterConnectMultiple (node:net:1784:7)
[2m23:59:41[22m [31m[1m[vite][22m[39m [31mhttp proxy error: /api/v1/announcements/unread-count[39m
AggregateError [ECONNREFUSED]: 
    at internalConnectMultiple (node:net:1194:18)
    at afterConnectMultiple (node:net:1784:7)
[2m23:59:41[22m [31m[1m[vite][22m[39m [31mhttp proxy error: /api/v1/me/notifications/unread-count[39m
AggregateError [ECONNREFUSED]: 
    at internalConnectMultiple (node:net:1194:18)
    at afterConnectMultiple (node:net:1784:7)
[2m23:59:41[22m [31m[1m[vite][22m[39m [31mhttp proxy error: /api/v1/auth/notifications?unreadOnly=true&pageSize=
1[39m
AggregateError [ECONNREFUSED]: 
    at internalConnectMultiple (node:net:1194:18)
    at afterConnectMultiple (node:net:1784:7)
[2m23:59:41[22m [31m[1m[vite][22m[39m [31mhttp proxy error: /api/v1/me/alerts[39m
AggregateError [ECONNREFUSED]: 
    at internalConnectMultiple (node:net:1194:18)
    at afterConnectMultiple (node:net:1784:7)
[2m00:00:10[22m [31m[1m[vite][22m[39m [31mhttp proxy error: /api/v1/me/notifications/unread-count[39m
AggregateError [ECONNREFUSED]: 
    at internalConnectMultiple (node:net:1194:18)
    at afterConnectMultiple (node:net:1784:7)
[2m00:00:10[22m [31m[1m[vite][22m[39m [31mhttp proxy error: /api/v1/announcements/unread-count[39m
AggregateError [ECONNREFUSED]: 
    at internalConnectMultiple (node:net:1194:18)
    at afterConnectMultiple (node:net:1784:7)
[2m00:00:10[22m [31m[1m[vite][22m[39m [31mhttp proxy error: /api/v1/me/notifications/unread-count[39m
AggregateError [ECONNREFUSED]: 
    at internalConnectMultiple (node:net:1194:18)
    at afterConnectMultiple (node:net:1784:7)
[2m00:00:10[22m [31m[1m[vite][22m[39m [31mhttp proxy error: /api/v1/auth/notifications?unreadOnly=true&pageSize=
1[39m
AggregateError [ECONNREFUSED]: 
    at internalConnectMultiple (node:net:1194:18)
    at afterConnectMultiple (node:net:1784:7)
[2m00:00:41[22m [31m[1m[vite][22m[39m [31mhttp proxy error: /api/v1/me/notifications/unread-count[39m
AggregateError [ECONNREFUSED]: 
    at internalConnectMultiple (node:net:1194:18)
    at afterConnectMultiple (node:net:1784:7)
[2m00:00:41[22m [31m[1m[vite][22m[39m [31mhttp proxy error: /api/v1/announcements/unread-count[39m
AggregateError [ECONNREFUSED]: 
    at internalConnectMultiple (node:net:1194:18)
    at afterConnectMultiple (node:net:1784:7)
[2m00:00:41[22m [31m[1m[vite][22m[39m [31mhttp proxy error: /api/v1/me/notifications/unread-count[39m
AggregateError [ECONNREFUSED]: 
    at internalConnectMultiple (node:net:1194:18)
    at afterConnectMultiple (node:net:1784:7)
[2m00:00:41[22m [31m[1m[vite][22m[39m [31mhttp proxy error: /api/v1/auth/notifications?unreadOnly=true&pageSize=
1[39m
AggregateError [ECONNREFUSED]: 
    at internalConnectMultiple (node:net:1194:18)
    at afterConnectMultiple (node:net:1784:7)
[2m00:00:41[22m [31m[1m[vite][22m[39m [31mhttp proxy error: /api/v1/me/alerts[39m
AggregateError [ECONNREFUSED]: 
    at internalConnectMultiple (node:net:1194:18)
    at afterConnectMultiple (node:net:1784:7)
[2m00:01:10[22m [31m[1m[vite][22m[39m [31mhttp proxy error: /api/v1/me/notifications/unread-count[39m
AggregateError [ECONNREFUSED]: 
    at internalConnectMultiple (node:net:1194:18)
    at afterConnectMultiple (node:net:1784:7)
[2m00:01:10[22m [31m[1m[vite][22m[39m [31mhttp proxy error: /api/v1/announcements/unread-count[39m
AggregateError [ECONNREFUSED]: 
    at internalConnectMultiple (node:net:1194:18)
    at afterConnectMultiple (node:net:1784:7)
[2m00:01:10[22m [31m[1m[vite][22m[39m [31mhttp proxy error: /api/v1/me/notifications/unread-count[39m
AggregateError [ECONNREFUSED]: 
    at internalConnectMultiple (node:net:1194:18)
    at afterConnectMultiple (node:net:1784:7)
[2m00:01:10[22m [31m[1m[vite][22m[39m [31mhttp proxy error: /api/v1/auth/notifications?unreadOnly=true&pageSize=
1[39m
AggregateError [ECONNREFUSED]: 
    at internalConnectMultiple (node:net:1194:18)
    at afterConnectMultiple (node:net:1784:7)
[2m00:01:41[22m [31m[1m[vite][22m[39m [31mhttp proxy error: /api/v1/me/notifications/unread-count[39m
AggregateError [ECONNREFUSED]: 
    at internalConnectMultiple (node:net:1194:18)
    at afterConnectMultiple (node:net:1784:7)
[2m00:01:41[22m [31m[1m[vite][22m[39m [31mhttp proxy error: /api/v1/announcements/unread-count[39m
AggregateError [ECONNREFUSED]: 
    at internalConnectMultiple (node:net:1194:18)
    at afterConnectMultiple (node:net:1784:7)
[2m00:01:41[22m [31m[1m[vite][22m[39m [31mhttp proxy error: /api/v1/me/notifications/unread-count[39m
AggregateError [ECONNREFUSED]: 
    at internalConnectMultiple (node:net:1194:18)
    at afterConnectMultiple (node:net:1784:7)
[2m00:01:41[22m [31m[1m[vite][22m[39m [31mhttp proxy error: /api/v1/auth/notifications?unreadOnly=true&pageSize=
1[39m
AggregateError [ECONNREFUSED]: 
    at internalConnectMultiple (node:net:1194:18)
    at afterConnectMultiple (node:net:1784:7)
[2m00:01:41[22m [31m[1m[vite][22m[39m [31mhttp proxy error: /api/v1/me/alerts[39m
AggregateError [ECONNREFUSED]: 
    at internalConnectMultiple (node:net:1194:18)
    at afterConnectMultiple (node:net:1784:7)
[2m00:02:10[22m [31m[1m[vite][22m[39m [31mhttp proxy error: /api/v1/me/notifications/unread-count[39m
AggregateError [ECONNREFUSED]: 
    at internalConnectMultiple (node:net:1194:18)
    at afterConnectMultiple (node:net:1784:7)
[2m00:02:10[22m [31m[1m[vite][22m[39m [31mhttp proxy error: /api/v1/announcements/unread-count[39m
AggregateError [ECONNREFUSED]: 
    at internalConnectMultiple (node:net:1194:18)
    at afterConnectMultiple (node:net:1784:7)
[2m00:02:10[22m [31m[1m[vite][22m[39m [31mhttp proxy error: /api/v1/me/notifications/unread-count[39m
AggregateError [ECONNREFUSED]: 
    at internalConnectMultiple (node:net:1194:18)
    at afterConnectMultiple (node:net:1784:7)
[2m00:02:10[22m [31m[1m[vite][22m[39m [31mhttp proxy error: /api/v1/auth/notifications?unreadOnly=true&pageSize=
1[39m
AggregateError [ECONNREFUSED]: 
    at internalConnectMultiple (node:net:1194:18)
    at afterConnectMultiple (node:net:1784:7)
[2m00:02:41[22m [31m[1m[vite][22m[39m [31mhttp proxy error: /api/v1/me/notifications/unread-count[39m
AggregateError [ECONNREFUSED]: 
    at internalConnectMultiple (node:net:1194:18)
    at afterConnectMultiple (node:net:1784:7)
[2m00:02:41[22m [31m[1m[vite][22m[39m [31mhttp proxy error: /api/v1/announcements/unread-count[39m
AggregateError [ECONNREFUSED]: 
    at internalConnectMultiple (node:net:1194:18)
    at afterConnectMultiple (node:net:1784:7)
[2m00:02:41[22m [31m[1m[vite][22m[39m [31mhttp proxy error: /api/v1/me/notifications/unread-count[39m
AggregateError [ECONNREFUSED]: 
    at internalConnectMultiple (node:net:1194:18)
    at afterConnectMultiple (node:net:1784:7)
[2m00:02:41[22m [31m[1m[vite][22m[39m [31mhttp proxy error: /api/v1/auth/notifications?unreadOnly=true&pageSize=
1[39m
AggregateError [ECONNREFUSED]: 
    at internalConnectMultiple (node:net:1194:18)
    at afterConnectMultiple (node:net:1784:7)
[2m00:02:41[22m [31m[1m[vite][22m[39m [31mhttp proxy error: /api/v1/me/alerts[39m
AggregateError [ECONNREFUSED]: 
    at internalConnectMultiple (node:net:1194:18)
    at afterConnectMultiple (node:net:1784:7)
[2m00:03:10[22m [31m[1m[vite][22m[39m [31mhttp proxy error: /api/v1/me/notifications/unread-count[39m
AggregateError [ECONNREFUSED]: 
    at internalConnectMultiple (node:net:1194:18)
    at afterConnectMultiple (node:net:1784:7)
[2m00:03:10[22m [31m[1m[vite][22m[39m [31mhttp proxy error: /api/v1/announcements/unread-count[39m
AggregateError [ECONNREFUSED]: 
    at internalConnectMultiple (node:net:1194:18)
    at afterConnectMultiple (node:net:1784:7)
[2m00:03:10[22m [31m[1m[vite][22m[39m [31mhttp proxy error: /api/v1/me/notifications/unread-count[39m
AggregateError [ECONNREFUSED]: 
    at internalConnectMultiple (node:net:1194:18)
    at afterConnectMultiple (node:net:1784:7)
[2m00:03:10[22m [31m[1m[vite][22m[39m [31mhttp proxy error: /api/v1/auth/notifications?unreadOnly=true&pageSize=
1[39m
AggregateError [ECONNREFUSED]: 
    at internalConnectMultiple (node:net:1194:18)
    at afterConnectMultiple (node:net:1784:7)
[2m00:03:41[22m [31m[1m[vite][22m[39m [31mhttp proxy error: /api/v1/me/notifications/unread-count[39m
AggregateError [ECONNREFUSED]: 
    at internalConnectMultiple (node:net:1194:18)
    at afterConnectMultiple (node:net:1784:7)
[2m00:03:41[22m [31m[1m[vite][22m[39m [31mhttp proxy error: /api/v1/announcements/unread-count[39m
AggregateError [ECONNREFUSED]: 
    at internalConnectMultiple (node:net:1194:18)
    at afterConnectMultiple (node:net:1784:7)
[2m00:03:41[22m [31m[1m[vite][22m[39m [31mhttp proxy error: /api/v1/me/notifications/unread-count[39m
AggregateError [ECONNREFUSED]: 
    at internalConnectMultiple (node:net:1194:18)
    at afterConnectMultiple (node:net:1784:7)
[2m00:03:41[22m [31m[1m[vite][22m[39m [31mhttp proxy error: /api/v1/auth/notifications?unreadOnly=true&pageSize=
1[39m
AggregateError [ECONNREFUSED]: 
    at internalConnectMultiple (node:net:1194:18)
    at afterConnectMultiple (node:net:1784:7)
[2m00:03:41[22m [31m[1m[vite][22m[39m [31mhttp proxy error: /api/v1/me/alerts[39m
AggregateError [ECONNREFUSED]: 
    at internalConnectMultiple (node:net:1194:18)
    at afterConnectMultiple (node:net:1784:7)
[2m00:04:10[22m [31m[1m[vite][22m[39m [31mhttp proxy error: /api/v1/me/notifications/unread-count[39m
AggregateError [ECONNREFUSED]: 
    at internalConnectMultiple (node:net:1194:18)
    at afterConnectMultiple (node:net:1784:7)
[2m00:04:10[22m [31m[1m[vite][22m[39m [31mhttp proxy error: /api/v1/announcements/unread-count[39m
AggregateError [ECONNREFUSED]: 
    at internalConnectMultiple (node:net:1194:18)
    at afterConnectMultiple (node:net:1784:7)
[2m00:04:10[22m [31m[1m[vite][22m[39m [31mhttp proxy error: /api/v1/me/notifications/unread-count[39m
AggregateError [ECONNREFUSED]: 
    at internalConnectMultiple (node:net:1194:18)
    at afterConnectMultiple (node:net:1784:7)
[2m00:04:10[22m [31m[1m[vite][22m[39m [31mhttp proxy error: /api/v1/auth/notifications?unreadOnly=true&pageSize=
1[39m
AggregateError [ECONNREFUSED]: 
    at internalConnectMultiple (node:net:1194:18)
    at afterConnectMultiple (node:net:1784:7)
[2m00:04:41[22m [31m[1m[vite][22m[39m [31mhttp proxy error: /api/v1/me/notifications/unread-count[39m
AggregateError [ECONNREFUSED]: 
    at internalConnectMultiple (node:net:1194:18)
    at afterConnectMultiple (node:net:1784:7)
[2m00:04:41[22m [31m[1m[vite][22m[39m [31mhttp proxy error: /api/v1/announcements/unread-count[39m
AggregateError [ECONNREFUSED]: 
    at internalConnectMultiple (node:net:1194:18)
    at afterConnectMultiple (node:net:1784:7)
[2m00:04:41[22m [31m[1m[vite][22m[39m [31mhttp proxy error: /api/v1/me/notifications/unread-count[39m
AggregateError [ECONNREFUSED]: 
    at internalConnectMultiple (node:net:1194:18)
    at afterConnectMultiple (node:net:1784:7)
[2m00:04:41[22m [31m[1m[vite][22m[39m [31mhttp proxy error: /api/v1/auth/notifications?unreadOnly=true&pageSize=
1[39m
AggregateError [ECONNREFUSED]: 
    at internalConnectMultiple (node:net:1194:18)
    at afterConnectMultiple (node:net:1784:7)
[2m00:04:41[22m [31m[1m[vite][22m[39m [31mhttp proxy error: /api/v1/me/alerts[39m
AggregateError [ECONNREFUSED]: 
    at internalConnectMultiple (node:net:1194:18)
    at afterConnectMultiple (node:net:1784:7)
[2m00:05:10[22m [31m[1m[vite][22m[39m [31mhttp proxy error: /api/v1/me/notifications/unread-count[39m
AggregateError [ECONNREFUSED]: 
    at internalConnectMultiple (node:net:1194:18)
    at afterConnectMultiple (node:net:1784:7)
[2m00:05:10[22m [31m[1m[vite][22m[39m [31mhttp proxy error: /api/v1/announcements/unread-count[39m
AggregateError [ECONNREFUSED]: 
    at internalConnectMultiple (node:net:1194:18)
    at afterConnectMultiple (node:net:1784:7)
[2m00:05:10[22m [31m[1m[vite][22m[39m [31mhttp proxy error: /api/v1/me/notifications/unread-count[39m
AggregateError [ECONNREFUSED]: 
    at internalConnectMultiple (node:net:1194:18)
    at afterConnectMultiple (node:net:1784:7)
[2m00:05:10[22m [31m[1m[vite][22m[39m [31mhttp proxy error: /api/v1/auth/notifications?unreadOnly=true&pageSize=
1[39m
AggregateError [ECONNREFUSED]: 
    at internalConnectMultiple (node:net:1194:18)
    at afterConnectMultiple (node:net:1784:7)
[2m00:05:41[22m [31m[1m[vite][22m[39m [31mhttp proxy error: /api/v1/me/notifications/unread-count[39m
AggregateError [ECONNREFUSED]: 
    at internalConnectMultiple (node:net:1194:18)
    at afterConnectMultiple (node:net:1784:7)
[2m00:05:41[22m [31m[1m[vite][22m[39m [31mhttp proxy error: /api/v1/announcements/unread-count[39m
AggregateError [ECONNREFUSED]: 
    at internalConnectMultiple (node:net:1194:18)
    at afterConnectMultiple (node:net:1784:7)
[2m00:05:41[22m [31m[1m[vite][22m[39m [31mhttp proxy error: /api/v1/me/notifications/unread-count[39m
AggregateError [ECONNREFUSED]: 
    at internalConnectMultiple (node:net:1194:18)
    at afterConnectMultiple (node:net:1784:7)
[2m00:05:41[22m [31m[1m[vite][22m[39m [31mhttp proxy error: /api/v1/auth/notifications?unreadOnly=true&pageSize=
1[39m
AggregateError [ECONNREFUSED]: 
    at internalConnectMultiple (node:net:1194:18)
    at afterConnectMultiple (node:net:1784:7)
[2m00:05:41[22m [31m[1m[vite][22m[39m [31mhttp proxy error: /api/v1/me/alerts[39m
AggregateError [ECONNREFUSED]: 
    at internalConnectMultiple (node:net:1194:18)
    at afterConnectMultiple (node:net:1784:7)
[2m00:06:10[22m [31m[1m[vite][22m[39m [31mhttp proxy error: /api/v1/me/notifications/unread-count[39m
AggregateError [ECONNREFUSED]: 
    at internalConnectMultiple (node:net:1194:18)
    at afterConnectMultiple (node:net:1784:7)
[2m00:06:10[22m [31m[1m[vite][22m[39m [31mhttp proxy error: /api/v1/announcements/unread-count[39m
AggregateError [ECONNREFUSED]: 
    at internalConnectMultiple (node:net:1194:18)
    at afterConnectMultiple (node:net:1784:7)
[2m00:06:10[22m [31m[1m[vite][22m[39m [31mhttp proxy error: /api/v1/me/notifications/unread-count[39m
AggregateError [ECONNREFUSED]: 
    at internalConnectMultiple (node:net:1194:18)
    at afterConnectMultiple (node:net:1784:7)
[2m00:06:10[22m [31m[1m[vite][22m[39m [31mhttp proxy error: /api/v1/auth/notifications?unreadOnly=true&pageSize=
1[39m
AggregateError [ECONNREFUSED]: 
    at internalConnectMultiple (node:net:1194:18)
    at afterConnectMultiple (node:net:1784:7)
[2m00:06:41[22m [31m[1m[vite][22m[39m [31mhttp proxy error: /api/v1/me/notifications/unread-count[39m
AggregateError [ECONNREFUSED]: 
    at internalConnectMultiple (node:net:1194:18)
    at afterConnectMultiple (node:net:1784:7)
[2m00:06:41[22m [31m[1m[vite][22m[39m [31mhttp proxy error: /api/v1/announcements/unread-count[39m
AggregateError [ECONNREFUSED]: 
    at internalConnectMultiple (node:net:1194:18)
    at afterConnectMultiple (node:net:1784:7)
[2m00:06:41[22m [31m[1m[vite][22m[39m [31mhttp proxy error: /api/v1/me/notifications/unread-count[39m
AggregateError [ECONNREFUSED]: 
    at internalConnectMultiple (node:net:1194:18)
    at afterConnectMultiple (node:net:1784:7)
[2m00:06:41[22m [31m[1m[vite][22m[39m [31mhttp proxy error: /api/v1/auth/notifications?unreadOnly=true&pageSize=
1[39m
AggregateError [ECONNREFUSED]: 
    at internalConnectMultiple (node:net:1194:18)
    at afterConnectMultiple (node:net:1784:7)
[2m00:06:41[22m [31m[1m[vite][22m[39m [31mhttp proxy error: /api/v1/me/alerts[39m
AggregateError [ECONNREFUSED]: 
    at internalConnectMultiple (node:net:1194:18)
    at afterConnectMultiple (node:net:1784:7)
[2m00:07:10[22m [31m[1m[vite][22m[39m [31mhttp proxy error: /api/v1/me/notifications/unread-count[39m
AggregateError [ECONNREFUSED]: 
    at internalConnectMultiple (node:net:1194:18)
    at afterConnectMultiple (node:net:1784:7)
[2m00:07:10[22m [31m[1m[vite][22m[39m [31mhttp proxy error: /api/v1/announcements/unread-count[39m
AggregateError [ECONNREFUSED]: 
    at internalConnectMultiple (node:net:1194:18)
    at afterConnectMultiple (node:net:1784:7)
[2m00:07:10[22m [31m[1m[vite][22m[39m [31mhttp proxy error: /api/v1/me/notifications/unread-count[39m
AggregateError [ECONNREFUSED]: 
    at internalConnectMultiple (node:net:1194:18)
    at afterConnectMultiple (node:net:1784:7)
[2m00:07:10[22m [31m[1m[vite][22m[39m [31mhttp proxy error: /api/v1/auth/notifications?unreadOnly=true&pageSize=
1[39m
AggregateError [ECONNREFUSED]: 
    at internalConnectMultiple (node:net:1194:18)
    at afterConnectMultiple (node:net:1784:7)
[2m00:07:41[22m [31m[1m[vite][22m[39m [31mhttp proxy error: /api/v1/me/notifications/unread-count[39m
AggregateError [ECONNREFUSED]: 
    at internalConnectMultiple (node:net:1194:18)
    at afterConnectMultiple (node:net:1784:7)
[2m00:07:41[22m [31m[1m[vite][22m[39m [31mhttp proxy error: /api/v1/announcements/unread-count[39m
AggregateError [ECONNREFUSED]: 
    at internalConnectMultiple (node:net:1194:18)
    at afterConnectMultiple (node:net:1784:7)
[2m00:07:41[22m [31m[1m[vite][22m[39m [31mhttp proxy error: /api/v1/me/notifications/unread-count[39m
AggregateError [ECONNREFUSED]: 
    at internalConnectMultiple (node:net:1194:18)
    at afterConnectMultiple (node:net:1784:7)
[2m00:07:41[22m [31m[1m[vite][22m[39m [31mhttp proxy error: /api/v1/auth/notifications?unreadOnly=true&pageSize=
1[39m
AggregateError [ECONNREFUSED]: 
    at internalConnectMultiple (node:net:1194:18)
    at afterConnectMultiple (node:net:1784:7)
[2m00:07:41[22m [31m[1m[vite][22m[39m [31mhttp proxy error: /api/v1/me/alerts[39m
AggregateError [ECONNREFUSED]: 
    at internalConnectMultiple (node:net:1194:18)
    at afterConnectMultiple (node:net:1784:7)
[2m00:08:10[22m [31m[1m[vite][22m[39m [31mhttp proxy error: /api/v1/announcements/unread-count[39m
AggregateError [ECONNREFUSED]: 
    at internalConnectMultiple (node:net:1194:18)
    at afterConnectMultiple (node:net:1784:7)
[2m00:08:10[22m [31m[1m[vite][22m[39m [31mhttp proxy error: /api/v1/me/notifications/unread-count[39m
AggregateError [ECONNREFUSED]: 
    at internalConnectMultiple (node:net:1194:18)
    at afterConnectMultiple (node:net:1784:7)
[2m00:08:10[22m [31m[1m[vite][22m[39m [31mhttp proxy error: /api/v1/me/notifications/unread-count[39m
AggregateError [ECONNREFUSED]: 
    at internalConnectMultiple (node:net:1194:18)
    at afterConnectMultiple (node:net:1784:7)
[2m00:08:10[22m [31m[1m[vite][22m[39m [31mhttp proxy error: /api/v1/auth/notifications?unreadOnly=true&pageSize=
1[39m
AggregateError [ECONNREFUSED]: 
    at internalConnectMultiple (node:net:1194:18)
    at afterConnectMultiple (node:net:1784:7)
[2m00:08:41[22m [31m[1m[vite][22m[39m [31mhttp proxy error: /api/v1/me/notifications/unread-count[39m
AggregateError [ECONNREFUSED]: 
    at internalConnectMultiple (node:net:1194:18)
    at afterConnectMultiple (node:net:1784:7)
[2m00:08:41[22m [31m[1m[vite][22m[39m [31mhttp proxy error: /api/v1/announcements/unread-count[39m
AggregateError [ECONNREFUSED]: 
    at internalConnectMultiple (node:net:1194:18)
    at afterConnectMultiple (node:net:1784:7)
[2m00:08:41[22m [31m[1m[vite][22m[39m [31mhttp proxy error: /api/v1/me/notifications/unread-count[39m
AggregateError [ECONNREFUSED]: 
    at internalConnectMultiple (node:net:1194:18)
    at afterConnectMultiple (node:net:1784:7)
[2m00:08:41[22m [31m[1m[vite][22m[39m [31mhttp proxy error: /api/v1/auth/notifications?unreadOnly=true&pageSize=
1[39m
AggregateError [ECONNREFUSED]: 
    at internalConnectMultiple (node:net:1194:18)
    at afterConnectMultiple (node:net:1784:7)
[2m00:08:41[22m [31m[1m[vite][22m[39m [31mhttp proxy error: /api/v1/me/alerts[39m
AggregateError [ECONNREFUSED]: 
    at internalConnectMultiple (node:net:1194:18)
    at afterConnectMultiple (node:net:1784:7)
[2m00:09:10[22m [31m[1m[vite][22m[39m [31mhttp proxy error: /api/v1/me/notifications/unread-count[39m
AggregateError [ECONNREFUSED]: 
    at internalConnectMultiple (node:net:1194:18)
    at afterConnectMultiple (node:net:1784:7)
[2m00:09:10[22m [31m[1m[vite][22m[39m [31mhttp proxy error: /api/v1/announcements/unread-count[39m
AggregateError [ECONNREFUSED]: 
    at internalConnectMultiple (node:net:1194:18)
    at afterConnectMultiple (node:net:1784:7)
[2m00:09:10[22m [31m[1m[vite][22m[39m [31mhttp proxy error: /api/v1/me/notifications/unread-count[39m
AggregateError [ECONNREFUSED]: 
    at internalConnectMultiple (node:net:1194:18)
    at afterConnectMultiple (node:net:1784:7)
[2m00:09:10[22m [31m[1m[vite][22m[39m [31mhttp proxy error: /api/v1/auth/notifications?unreadOnly=true&pageSize=
1[39m
AggregateError [ECONNREFUSED]: 
    at internalConnectMultiple (node:net:1194:18)
    at afterConnectMultiple (node:net:1784:7)
[2m00:09:41[22m [31m[1m[vite][22m[39m [31mhttp proxy error: /api/v1/me/notifications/unread-count[39m
AggregateError [ECONNREFUSED]: 
    at internalConnectMultiple (node:net:1194:18)
    at afterConnectMultiple (node:net:1784:7)
[2m00:09:41[22m [31m[1m[vite][22m[39m [31mhttp proxy error: /api/v1/announcements/unread-count[39m
AggregateError [ECONNREFUSED]: 
    at internalConnectMultiple (node:net:1194:18)
    at afterConnectMultiple (node:net:1784:7)
[2m00:09:41[22m [31m[1m[vite][22m[39m [31mhttp proxy error: /api/v1/me/notifications/unread-count[39m
AggregateError [ECONNREFUSED]: 
    at internalConnectMultiple (node:net:1194:18)
    at afterConnectMultiple (node:net:1784:7)
[2m00:09:41[22m [31m[1m[vite][22m[39m [31mhttp proxy error: /api/v1/auth/notifications?unreadOnly=true&pageSize=
1[39m
AggregateError [ECONNREFUSED]: 
    at internalConnectMultiple (node:net:1194:18)
    at afterConnectMultiple (node:net:1784:7)
[2m00:09:41[22m [31m[1m[vite][22m[39m [31mhttp proxy error: /api/v1/me/alerts[39m
AggregateError [ECONNREFUSED]: 
    at internalConnectMultiple (node:net:1194:18)
    at afterConnectMultiple (node:net:1784:7)
[2m00:10:10[22m [31m[1m[vite][22m[39m [31mhttp proxy error: /api/v1/me/notifications/unread-count[39m
AggregateError [ECONNREFUSED]: 
    at internalConnectMultiple (node:net:1194:18)
    at afterConnectMultiple (node:net:1784:7)
[2m00:10:10[22m [31m[1m[vite][22m[39m [31mhttp proxy error: /api/v1/announcements/unread-count[39m
AggregateError [ECONNREFUSED]: 
    at internalConnectMultiple (node:net:1194:18)
    at afterConnectMultiple (node:net:1784:7)
[2m00:10:10[22m [31m[1m[vite][22m[39m [31mhttp proxy error: /api/v1/me/notifications/unread-count[39m
AggregateError [ECONNREFUSED]: 
    at internalConnectMultiple (node:net:1194:18)
    at afterConnectMultiple (node:net:1784:7)
[2m00:10:10[22m [31m[1m[vite][22m[39m [31mhttp proxy error: /api/v1/auth/notifications?unreadOnly=true&pageSize=
1[39m
AggregateError [ECONNREFUSED]: 
    at internalConnectMultiple (node:net:1194:18)
    at afterConnectMultiple (node:net:1784:7)
[2m00:10:41[22m [31m[1m[vite][22m[39m [31mhttp proxy error: /api/v1/me/notifications/unread-count[39m
AggregateError [ECONNREFUSED]: 
    at internalConnectMultiple (node:net:1194:18)
    at afterConnectMultiple (node:net:1784:7)
[2m00:10:41[22m [31m[1m[vite][22m[39m [31mhttp proxy error: /api/v1/announcements/unread-count[39m
AggregateError [ECONNREFUSED]: 
    at internalConnectMultiple (node:net:1194:18)
    at afterConnectMultiple (node:net:1784:7)
[2m00:10:41[22m [31m[1m[vite][22m[39m [31mhttp proxy error: /api/v1/me/notifications/unread-count[39m
AggregateError [ECONNREFUSED]: 
    at internalConnectMultiple (node:net:1194:18)
    at afterConnectMultiple (node:net:1784:7)
[2m00:10:41[22m [31m[1m[vite][22m[39m [31mhttp proxy error: /api/v1/auth/notifications?unreadOnly=true&pageSize=
1[39m
AggregateError [ECONNREFUSED]: 
    at internalConnectMultiple (node:net:1194:18)
    at afterConnectMultiple (node:net:1784:7)
[2m00:10:41[22m [31m[1m[vite][22m[39m [31mhttp proxy error: /api/v1/me/alerts[39m
AggregateError [ECONNREFUSED]: 
    at internalConnectMultiple (node:net:1194:18)
    at afterConnectMultiple (node:net:1784:7)
[2m00:11:10[22m [31m[1m[vite][22m[39m [31mhttp proxy error: /api/v1/me/notifications/unread-count[39m
AggregateError [ECONNREFUSED]: 
    at internalConnectMultiple (node:net:1194:18)
    at afterConnectMultiple (node:net:1784:7)
[2m00:11:10[22m [31m[1m[vite][22m[39m [31mhttp proxy error: /api/v1/announcements/unread-count[39m
AggregateError [ECONNREFUSED]: 
    at internalConnectMultiple (node:net:1194:18)
    at afterConnectMultiple (node:net:1784:7)
[2m00:11:10[22m [31m[1m[vite][22m[39m [31mhttp proxy error: /api/v1/me/notifications/unread-count[39m
AggregateError [ECONNREFUSED]: 
    at internalConnectMultiple (node:net:1194:18)
    at afterConnectMultiple (node:net:1784:7)
[2m00:11:10[22m [31m[1m[vite][22m[39m [31mhttp proxy error: /api/v1/auth/notifications?unreadOnly=true&pageSize=
1[39m
AggregateError [ECONNREFUSED]: 
    at internalConnectMultiple (node:net:1194:18)
    at afterConnectMultiple (node:net:1784:7)
[2m00:11:41[22m [31m[1m[vite][22m[39m [31mhttp proxy error: /api/v1/me/notifications/unread-count[39m
AggregateError [ECONNREFUSED]: 
    at internalConnectMultiple (node:net:1194:18)
    at afterConnectMultiple (node:net:1784:7)
[2m00:11:41[22m [31m[1m[vite][22m[39m [31mhttp proxy error: /api/v1/announcements/unread-count[39m
AggregateError [ECONNREFUSED]: 
    at internalConnectMultiple (node:net:1194:18)
    at afterConnectMultiple (node:net:1784:7)
[2m00:11:41[22m [31m[1m[vite][22m[39m [31mhttp proxy error: /api/v1/me/notifications/unread-count[39m
AggregateError [ECONNREFUSED]: 
    at internalConnectMultiple (node:net:1194:18)
    at afterConnectMultiple (node:net:1784:7)
[2m00:11:41[22m [31m[1m[vite][22m[39m [31mhttp proxy error: /api/v1/auth/notifications?unreadOnly=true&pageSize=
1[39m
AggregateError [ECONNREFUSED]: 
    at internalConnectMultiple (node:net:1194:18)
    at afterConnectMultiple (node:net:1784:7)
[2m00:11:41[22m [31m[1m[vite][22m[39m [31mhttp proxy error: /api/v1/me/alerts[39m
AggregateError [ECONNREFUSED]: 
    at internalConnectMultiple (node:net:1194:18)
    at afterConnectMultiple (node:net:1784:7)
[2m00:12:10[22m [31m[1m[vite][22m[39m [31mhttp proxy error: /api/v1/me/notifications/unread-count[39m
AggregateError [ECONNREFUSED]: 
    at internalConnectMultiple (node:net:1194:18)
    at afterConnectMultiple (node:net:1784:7)
[2m00:12:10[22m [31m[1m[vite][22m[39m [31mhttp proxy error: /api/v1/announcements/unread-count[39m
AggregateError [ECONNREFUSED]: 
    at internalConnectMultiple (node:net:1194:18)
    at afterConnectMultiple (node:net:1784:7)
[2m00:12:10[22m [31m[1m[vite][22m[39m [31mhttp proxy error: /api/v1/me/notifications/unread-count[39m
AggregateError [ECONNREFUSED]: 
    at internalConnectMultiple (node:net:1194:18)
    at afterConnectMultiple (node:net:1784:7)
[2m00:12:10[22m [31m[1m[vite][22m[39m [31mhttp proxy error: /api/v1/auth/notifications?unreadOnly=true&pageSize=
1[39m
AggregateError [ECONNREFUSED]: 
    at internalConnectMultiple (node:net:1194:18)
    at afterConnectMultiple (node:net:1784:7)
[2m00:12:41[22m [31m[1m[vite][22m[39m [31mhttp proxy error: /api/v1/me/notifications/unread-count[39m
AggregateError [ECONNREFUSED]: 
    at internalConnectMultiple (node:net:1194:18)
    at afterConnectMultiple (node:net:1784:7)
[2m00:12:41[22m [31m[1m[vite][22m[39m [31mhttp proxy error: /api/v1/announcements/unread-count[39m
AggregateError [ECONNREFUSED]: 
    at internalConnectMultiple (node:net:1194:18)
    at afterConnectMultiple (node:net:1784:7)
[2m00:12:41[22m [31m[1m[vite][22m[39m [31mhttp proxy error: /api/v1/me/notifications/unread-count[39m
AggregateError [ECONNREFUSED]: 
    at internalConnectMultiple (node:net:1194:18)
    at afterConnectMultiple (node:net:1784:7)
[2m00:12:41[22m [31m[1m[vite][22m[39m [31mhttp proxy error: /api/v1/auth/notifications?unreadOnly=true&pageSize=
1[39m
AggregateError [ECONNREFUSED]: 
    at internalConnectMultiple (node:net:1194:18)
    at afterConnectMultiple (node:net:1784:7)
[2m00:12:41[22m [31m[1m[vite][22m[39m [31mhttp proxy error: /api/v1/me/alerts[39m
AggregateError [ECONNREFUSED]: 
    at internalConnectMultiple (node:net:1194:18)
    at afterConnectMultiple (node:net:1784:7)
[2m00:13:10[22m [31m[1m[vite][22m[39m [31mhttp proxy error: /api/v1/me/notifications/unread-count[39m
AggregateError [ECONNREFUSED]: 
    at internalConnectMultiple (node:net:1194:18)
    at afterConnectMultiple (node:net:1784:7)
[2m00:13:10[22m [31m[1m[vite][22m[39m [31mhttp proxy error: /api/v1/announcements/unread-count[39m
AggregateError [ECONNREFUSED]: 
    at internalConnectMultiple (node:net:1194:18)
    at afterConnectMultiple (node:net:1784:7)
[2m00:13:10[22m [31m[1m[vite][22m[39m [31mhttp proxy error: /api/v1/me/notifications/unread-count[39m
AggregateError [ECONNREFUSED]: 
    at internalConnectMultiple (node:net:1194:18)
    at afterConnectMultiple (node:net:1784:7)
[2m00:13:10[22m [31m[1m[vite][22m[39m [31mhttp proxy error: /api/v1/auth/notifications?unreadOnly=true&pageSize=
1[39m
AggregateError [ECONNREFUSED]: 
    at internalConnectMultiple (node:net:1194:18)
    at afterConnectMultiple (node:net:1784:7)
[2m00:13:41[22m [31m[1m[vite][22m[39m [31mhttp proxy error: /api/v1/me/notifications/unread-count[39m
AggregateError [ECONNREFUSED]: 
    at internalConnectMultiple (node:net:1194:18)
    at afterConnectMultiple (node:net:1784:7)
[2m00:13:41[22m [31m[1m[vite][22m[39m [31mhttp proxy error: /api/v1/announcements/unread-count[39m
AggregateError [ECONNREFUSED]: 
    at internalConnectMultiple (node:net:1194:18)
    at afterConnectMultiple (node:net:1784:7)
[2m00:13:41[22m [31m[1m[vite][22m[39m [31mhttp proxy error: /api/v1/me/notifications/unread-count[39m
AggregateError [ECONNREFUSED]: 
    at internalConnectMultiple (node:net:1194:18)
    at afterConnectMultiple (node:net:1784:7)
[2m00:13:41[22m [31m[1m[vite][22m[39m [31mhttp proxy error: /api/v1/auth/notifications?unreadOnly=true&pageSize=
1[39m
AggregateError [ECONNREFUSED]: 
    at internalConnectMultiple (node:net:1194:18)
    at afterConnectMultiple (node:net:1784:7)
[2m00:13:41[22m [31m[1m[vite][22m[39m [31mhttp proxy error: /api/v1/me/alerts[39m
AggregateError [ECONNREFUSED]: 
    at internalConnectMultiple (node:net:1194:18)
    at afterConnectMultiple (node:net:1784:7)
[2m00:14:10[22m [31m[1m[vite][22m[39m [31mhttp proxy error: /api/v1/me/notifications/unread-count[39m
AggregateError [ECONNREFUSED]: 
    at internalConnectMultiple (node:net:1194:18)
    at afterConnectMultiple (node:net:1784:7)
[2m00:14:10[22m [31m[1m[vite][22m[39m [31mhttp proxy error: /api/v1/announcements/unread-count[39m
AggregateError [ECONNREFUSED]: 
    at internalConnectMultiple (node:net:1194:18)
    at afterConnectMultiple (node:net:1784:7)
[2m00:14:10[22m [31m[1m[vite][22m[39m [31mhttp proxy error: /api/v1/me/notifications/unread-count[39m
AggregateError [ECONNREFUSED]: 
    at internalConnectMultiple (node:net:1194:18)
    at afterConnectMultiple (node:net:1784:7)
[2m00:14:10[22m [31m[1m[vite][22m[39m [31mhttp proxy error: /api/v1/auth/notifications?unreadOnly=true&pageSize=
1[39m
AggregateError [ECONNREFUSED]: 
    at internalConnectMultiple (node:net:1194:18)
    at afterConnectMultiple (node:net:1784:7)
[2m00:14:41[22m [31m[1m[vite][22m[39m [31mhttp proxy error: /api/v1/me/notifications/unread-count[39m
AggregateError [ECONNREFUSED]: 
    at internalConnectMultiple (node:net:1194:18)
    at afterConnectMultiple (node:net:1784:7)
[2m00:14:41[22m [31m[1m[vite][22m[39m [31mhttp proxy error: /api/v1/announcements/unread-count[39m
AggregateError [ECONNREFUSED]: 
    at internalConnectMultiple (node:net:1194:18)
    at afterConnectMultiple (node:net:1784:7)
[2m00:14:41[22m [31m[1m[vite][22m[39m [31mhttp proxy error: /api/v1/me/notifications/unread-count[39m
AggregateError [ECONNREFUSED]: 
    at internalConnectMultiple (node:net:1194:18)
    at afterConnectMultiple (node:net:1784:7)
[2m00:14:41[22m [31m[1m[vite][22m[39m [31mhttp proxy error: /api/v1/auth/notifications?unreadOnly=true&pageSize=
1[39m
AggregateError [ECONNREFUSED]: 
    at internalConnectMultiple (node:net:1194:18)
    at afterConnectMultiple (node:net:1784:7)
[2m00:14:41[22m [31m[1m[vite][22m[39m [31mhttp proxy error: /api/v1/me/alerts[39m
AggregateError [ECONNREFUSED]: 
    at internalConnectMultiple (node:net:1194:18)
    at afterConnectMultiple (node:net:1784:7)
[2m00:15:10[22m [31m[1m[vite][22m[39m [31mhttp proxy error: /api/v1/me/notifications/unread-count[39m
AggregateError [ECONNREFUSED]: 
    at internalConnectMultiple (node:net:1194:18)
    at afterConnectMultiple (node:net:1784:7)
[2m00:15:10[22m [31m[1m[vite][22m[39m [31mhttp proxy error: /api/v1/announcements/unread-count[39m
AggregateError [ECONNREFUSED]: 
    at internalConnectMultiple (node:net:1194:18)
    at afterConnectMultiple (node:net:1784:7)
[2m00:15:10[22m [31m[1m[vite][22m[39m [31mhttp proxy error: /api/v1/me/notifications/unread-count[39m
AggregateError [ECONNREFUSED]: 
    at internalConnectMultiple (node:net:1194:18)
    at afterConnectMultiple (node:net:1784:7)
[2m00:15:10[22m [31m[1m[vite][22m[39m [31mhttp proxy error: /api/v1/auth/notifications?unreadOnly=true&pageSize=
1[39m
AggregateError [ECONNREFUSED]: 
    at internalConnectMultiple (node:net:1194:18)
    at afterConnectMultiple (node:net:1784:7)
[2m00:15:41[22m [31m[1m[vite][22m[39m [31mhttp proxy error: /api/v1/me/notifications/unread-count[39m
AggregateError [ECONNREFUSED]: 
    at internalConnectMultiple (node:net:1194:18)
    at afterConnectMultiple (node:net:1784:7)
[2m00:15:41[22m [31m[1m[vite][22m[39m [31mhttp proxy error: /api/v1/announcements/unread-count[39m
AggregateError [ECONNREFUSED]: 
    at internalConnectMultiple (node:net:1194:18)
    at afterConnectMultiple (node:net:1784:7)
[2m00:15:41[22m [31m[1m[vite][22m[39m [31mhttp proxy error: /api/v1/me/notifications/unread-count[39m
AggregateError [ECONNREFUSED]: 
    at internalConnectMultiple (node:net:1194:18)
    at afterConnectMultiple (node:net:1784:7)
[2m00:15:41[22m [31m[1m[vite][22m[39m [31mhttp proxy error: /api/v1/auth/notifications?unreadOnly=true&pageSize=
1[39m
AggregateError [ECONNREFUSED]: 
    at internalConnectMultiple (node:net:1194:18)
    at afterConnectMultiple (node:net:1784:7)
[2m00:15:41[22m [31m[1m[vite][22m[39m [31mhttp proxy error: /api/v1/me/alerts[39m
AggregateError [ECONNREFUSED]: 
    at internalConnectMultiple (node:net:1194:18)
    at afterConnectMultiple (node:net:1784:7)
[2m00:16:10[22m [31m[1m[vite][22m[39m [31mhttp proxy error: /api/v1/me/notifications/unread-count[39m
AggregateError [ECONNREFUSED]: 
    at internalConnectMultiple (node:net:1194:18)
    at afterConnectMultiple (node:net:1784:7)
[2m00:16:10[22m [31m[1m[vite][22m[39m [31mhttp proxy error: /api/v1/announcements/unread-count[39m
AggregateError [ECONNREFUSED]: 
    at internalConnectMultiple (node:net:1194:18)
    at afterConnectMultiple (node:net:1784:7)
[2m00:16:10[22m [31m[1m[vite][22m[39m [31mhttp proxy error: /api/v1/me/notifications/unread-count[39m
AggregateError [ECONNREFUSED]: 
    at internalConnectMultiple (node:net:1194:18)
    at afterConnectMultiple (node:net:1784:7)
[2m00:16:10[22m [31m[1m[vite][22m[39m [31mhttp proxy error: /api/v1/auth/notifications?unreadOnly=true&pageSize=
1[39m
AggregateError [ECONNREFUSED]: 
    at internalConnectMultiple (node:net:1194:18)
    at afterConnectMultiple (node:net:1784:7)
[2m00:16:41[22m [31m[1m[vite][22m[39m [31mhttp proxy error: /api/v1/me/notifications/unread-count[39m
AggregateError [ECONNREFUSED]: 
    at internalConnectMultiple (node:net:1194:18)
    at afterConnectMultiple (node:net:1784:7)
[2m00:16:41[22m [31m[1m[vite][22m[39m [31mhttp proxy error: /api/v1/announcements/unread-count[39m
AggregateError [ECONNREFUSED]: 
    at internalConnectMultiple (node:net:1194:18)
    at afterConnectMultiple (node:net:1784:7)
[2m00:16:41[22m [31m[1m[vite][22m[39m [31mhttp proxy error: /api/v1/me/notifications/unread-count[39m
AggregateError [ECONNREFUSED]: 
    at internalConnectMultiple (node:net:1194:18)
    at afterConnectMultiple (node:net:1784:7)
[2m00:16:41[22m [31m[1m[vite][22m[39m [31mhttp proxy error: /api/v1/auth/notifications?unreadOnly=true&pageSize=
1[39m
AggregateError [ECONNREFUSED]: 
    at internalConnectMultiple (node:net:1194:18)
    at afterConnectMultiple (node:net:1784:7)
[2m00:16:41[22m [31m[1m[vite][22m[39m [31mhttp proxy error: /api/v1/me/alerts[39m
AggregateError [ECONNREFUSED]: 
    at internalConnectMultiple (node:net:1194:18)
    at afterConnectMultiple (node:net:1784:7)
[2m00:17:10[22m [31m[1m[vite][22m[39m [31mhttp proxy error: /api/v1/me/notifications/unread-count[39m
AggregateError [ECONNREFUSED]: 
    at internalConnectMultiple (node:net:1194:18)
    at afterConnectMultiple (node:net:1784:7)
[2m00:17:10[22m [31m[1m[vite][22m[39m [31mhttp proxy error: /api/v1/announcements/unread-count[39m
AggregateError [ECONNREFUSED]: 
    at internalConnectMultiple (node:net:1194:18)
    at afterConnectMultiple (node:net:1784:7)
[2m00:17:10[22m [31m[1m[vite][22m[39m [31mhttp proxy error: /api/v1/me/notifications/unread-count[39m
AggregateError [ECONNREFUSED]: 
    at internalConnectMultiple (node:net:1194:18)
    at afterConnectMultiple (node:net:1784:7)
[2m00:17:10[22m [31m[1m[vite][22m[39m [31mhttp proxy error: /api/v1/auth/notifications?unreadOnly=true&pageSize=
1[39m
AggregateError [ECONNREFUSED]: 
    at internalConnectMultiple (node:net:1194:18)
    at afterConnectMultiple (node:net:1784:7)
[2m00:17:41[22m [31m[1m[vite][22m[39m [31mhttp proxy error: /api/v1/me/notifications/unread-count[39m
AggregateError [ECONNREFUSED]: 
    at internalConnectMultiple (node:net:1194:18)
    at afterConnectMultiple (node:net:1784:7)
[2m00:17:41[22m [31m[1m[vite][22m[39m [31mhttp proxy error: /api/v1/announcements/unread-count[39m
AggregateError [ECONNREFUSED]: 
    at internalConnectMultiple (node:net:1194:18)
    at afterConnectMultiple (node:net:1784:7)
[2m00:17:41[22m [31m[1m[vite][22m[39m [31mhttp proxy error: /api/v1/me/notifications/unread-count[39m
AggregateError [ECONNREFUSED]: 
    at internalConnectMultiple (node:net:1194:18)
    at afterConnectMultiple (node:net:1784:7)
[2m00:17:41[22m [31m[1m[vite][22m[39m [31mhttp proxy error: /api/v1/auth/notifications?unreadOnly=true&pageSize=
1[39m
AggregateError [ECONNREFUSED]: 
    at internalConnectMultiple (node:net:1194:18)
    at afterConnectMultiple (node:net:1784:7)
[2m00:17:41[22m [31m[1m[vite][22m[39m [31mhttp proxy error: /api/v1/me/alerts[39m
AggregateError [ECONNREFUSED]: 
    at internalConnectMultiple (node:net:1194:18)
    at afterConnectMultiple (node:net:1784:7)
[2m00:18:10[22m [31m[1m[vite][22m[39m [31mhttp proxy error: /api/v1/me/notifications/unread-count[39m
AggregateError [ECONNREFUSED]: 
    at internalConnectMultiple (node:net:1194:18)
    at afterConnectMultiple (node:net:1784:7)
[2m00:18:10[22m [31m[1m[vite][22m[39m [31mhttp proxy error: /api/v1/announcements/unread-count[39m
AggregateError [ECONNREFUSED]: 
    at internalConnectMultiple (node:net:1194:18)
    at afterConnectMultiple (node:net:1784:7)
[2m00:18:10[22m [31m[1m[vite][22m[39m [31mhttp proxy error: /api/v1/me/notifications/unread-count[39m
AggregateError [ECONNREFUSED]: 
    at internalConnectMultiple (node:net:1194:18)
    at afterConnectMultiple (node:net:1784:7)
[2m00:18:10[22m [31m[1m[vite][22m[39m [31mhttp proxy error: /api/v1/auth/notifications?unreadOnly=true&pageSize=
1[39m
AggregateError [ECONNREFUSED]: 
    at internalConnectMultiple (node:net:1194:18)
    at afterConnectMultiple (node:net:1784:7)
[2m00:18:11[22m [36m[1m[vite][22m[39m [90m[2m(client)[22m[39m [32mhmr update [39m[2m/src/App.tsx, /src/index.css[22m
[2m00:18:21[22m [36m[1m[vite][22m[39m [90m[2m(client)[22m[39m [32mhmr update [39m[2m/src/App.tsx, /src/index.css[22m
[2m00:18:41[22m [31m[1m[vite][22m[39m [31mhttp proxy error: /api/v1/me/notifications/unread-count[39m
AggregateError [ECONNREFUSED]: 
    at internalConnectMultiple (node:net:1194:18)
    at afterConnectMultiple (node:net:1784:7)
[2m00:18:41[22m [31m[1m[vite][22m[39m [31mhttp proxy error: /api/v1/announcements/unread-count[39m
AggregateError [ECONNREFUSED]: 
    at internalConnectMultiple (node:net:1194:18)
    at afterConnectMultiple (node:net:1784:7)
[2m00:18:41[22m [31m[1m[vite][22m[39m [31mhttp proxy error: /api/v1/me/notifications/unread-count[39m
AggregateError [ECONNREFUSED]: 
    at internalConnectMultiple (node:net:1194:18)
    at afterConnectMultiple (node:net:1784:7)
[2m00:18:41[22m [31m[1m[vite][22m[39m [31mhttp proxy error: /api/v1/auth/notifications?unreadOnly=true&pageSize=
1[39m
AggregateError [ECONNREFUSED]: 
    at internalConnectMultiple (node:net:1194:18)
    at afterConnectMultiple (node:net:1784:7)
[2m00:18:41[22m [31m[1m[vite][22m[39m [31mhttp proxy error: /api/v1/me/alerts[39m
AggregateError [ECONNREFUSED]: 
    at internalConnectMultiple (node:net:1194:18)
    at afterConnectMultiple (node:net:1784:7)
[2m00:19:10[22m [31m[1m[vite][22m[39m [31mhttp proxy error: /api/v1/me/notifications/unread-count[39m
AggregateError [ECONNREFUSED]: 
    at internalConnectMultiple (node:net:1194:18)
    at afterConnectMultiple (node:net:1784:7)
[2m00:19:10[22m [31m[1m[vite][22m[39m [31mhttp proxy error: /api/v1/announcements/unread-count[39m
AggregateError [ECONNREFUSED]: 
    at internalConnectMultiple (node:net:1194:18)
    at afterConnectMultiple (node:net:1784:7)
[2m00:19:10[22m [31m[1m[vite][22m[39m [31mhttp proxy error: /api/v1/me/notifications/unread-count[39m
AggregateError [ECONNREFUSED]: 
    at internalConnectMultiple (node:net:1194:18)
    at afterConnectMultiple (node:net:1784:7)
[2m00:19:10[22m [31m[1m[vite][22m[39m [31mhttp proxy error: /api/v1/auth/notifications?unreadOnly=true&pageSize=
1[39m
AggregateError [ECONNREFUSED]: 
    at internalConnectMultiple (node:net:1194:18)
    at afterConnectMultiple (node:net:1784:7)
[2m00:19:41[22m [31m[1m[vite][22m[39m [31mhttp proxy error: /api/v1/me/notifications/unread-count[39m
AggregateError [ECONNREFUSED]: 
    at internalConnectMultiple (node:net:1194:18)
    at afterConnectMultiple (node:net:1784:7)
[2m00:19:41[22m [31m[1m[vite][22m[39m [31mhttp proxy error: /api/v1/announcements/unread-count[39m
AggregateError [ECONNREFUSED]: 
    at internalConnectMultiple (node:net:1194:18)
    at afterConnectMultiple (node:net:1784:7)
[2m00:19:41[22m [31m[1m[vite][22m[39m [31mhttp proxy error: /api/v1/me/notifications/unread-count[39m
AggregateError [ECONNREFUSED]: 
    at internalConnectMultiple (node:net:1194:18)
    at afterConnectMultiple (node:net:1784:7)
[2m00:19:41[22m [31m[1m[vite][22m[39m [31mhttp proxy error: /api/v1/auth/notifications?unreadOnly=true&pageSize=
1[39m
AggregateError [ECONNREFUSED]: 
    at internalConnectMultiple (node:net:1194:18)
    at afterConnectMultiple (node:net:1784:7)
[2m00:19:41[22m [31m[1m[vite][22m[39m [31mhttp proxy error: /api/v1/me/alerts[39m
AggregateError [ECONNREFUSED]: 
    at internalConnectMultiple (node:net:1194:18)
    at afterConnectMultiple (node:net:1784:7)
[2m00:20:10[22m [31m[1m[vite][22m[39m [31mhttp proxy error: /api/v1/me/notifications/unread-count[39m
AggregateError [ECONNREFUSED]: 
    at internalConnectMultiple (node:net:1194:18)
    at afterConnectMultiple (node:net:1784:7)
[2m00:20:10[22m [31m[1m[vite][22m[39m [31mhttp proxy error: /api/v1/announcements/unread-count[39m
AggregateError [ECONNREFUSED]: 
    at internalConnectMultiple (node:net:1194:18)
    at afterConnectMultiple (node:net:1784:7)
[2m00:20:10[22m [31m[1m[vite][22m[39m [31mhttp proxy error: /api/v1/me/notifications/unread-count[39m
AggregateError [ECONNREFUSED]: 
    at internalConnectMultiple (node:net:1194:18)
    at afterConnectMultiple (node:net:1784:7)
[2m00:20:10[22m [31m[1m[vite][22m[39m [31mhttp proxy error: /api/v1/auth/notifications?unreadOnly=true&pageSize=
1[39m
AggregateError [ECONNREFUSED]: 
    at internalConnectMultiple (node:net:1194:18)
    at afterConnectMultiple (node:net:1784:7)
[2m00:20:41[22m [31m[1m[vite][22m[39m [31mhttp proxy error: /api/v1/me/notifications/unread-count[39m
AggregateError [ECONNREFUSED]: 
    at internalConnectMultiple (node:net:1194:18)
    at afterConnectMultiple (node:net:1784:7)
[2m00:20:41[22m [31m[1m[vite][22m[39m [31mhttp proxy error: /api/v1/announcements/unread-count[39m
AggregateError [ECONNREFUSED]: 
    at internalConnectMultiple (node:net:1194:18)
    at afterConnectMultiple (node:net:1784:7)
[2m00:20:41[22m [31m[1m[vite][22m[39m [31mhttp proxy error: /api/v1/me/notifications/unread-count[39m
AggregateError [ECONNREFUSED]: 
    at internalConnectMultiple (node:net:1194:18)
    at afterConnectMultiple (node:net:1784:7)
[2m00:20:41[22m [31m[1m[vite][22m[39m [31mhttp proxy error: /api/v1/auth/notifications?unreadOnly=true&pageSize=
1[39m
AggregateError [ECONNREFUSED]: 
    at internalConnectMultiple (node:net:1194:18)
    at afterConnectMultiple (node:net:1784:7)
[2m00:20:41[22m [31m[1m[vite][22m[39m [31mhttp proxy error: /api/v1/me/alerts[39m
AggregateError [ECONNREFUSED]: 
    at internalConnectMultiple (node:net:1194:18)
    at afterConnectMultiple (node:net:1784:7)
[2m00:21:10[22m [31m[1m[vite][22m[39m [31mhttp proxy error: /api/v1/me/notifications/unread-count[39m
AggregateError [ECONNREFUSED]: 
    at internalConnectMultiple (node:net:1194:18)
    at afterConnectMultiple (node:net:1784:7)
[2m00:21:10[22m [31m[1m[vite][22m[39m [31mhttp proxy error: /api/v1/announcements/unread-count[39m
AggregateError [ECONNREFUSED]: 
    at internalConnectMultiple (node:net:1194:18)
    at afterConnectMultiple (node:net:1784:7)
[2m00:21:10[22m [31m[1m[vite][22m[39m [31mhttp proxy error: /api/v1/me/notifications/unread-count[39m
AggregateError [ECONNREFUSED]: 
    at internalConnectMultiple (node:net:1194:18)
    at afterConnectMultiple (node:net:1784:7)
[2m00:21:10[22m [31m[1m[vite][22m[39m [31mhttp proxy error: /api/v1/auth/notifications?unreadOnly=true&pageSize=
1[39m
AggregateError [ECONNREFUSED]: 
    at internalConnectMultiple (node:net:1194:18)
    at afterConnectMultiple (node:net:1784:7)
[2m00:21:41[22m [31m[1m[vite][22m[39m [31mhttp proxy error: /api/v1/me/notifications/unread-count[39m
AggregateError [ECONNREFUSED]: 
    at internalConnectMultiple (node:net:1194:18)
    at afterConnectMultiple (node:net:1784:7)
[2m00:21:41[22m [31m[1m[vite][22m[39m [31mhttp proxy error: /api/v1/announcements/unread-count[39m
AggregateError [ECONNREFUSED]: 
    at internalConnectMultiple (node:net:1194:18)
    at afterConnectMultiple (node:net:1784:7)
[2m00:21:41[22m [31m[1m[vite][22m[39m [31mhttp proxy error: /api/v1/me/notifications/unread-count[39m
AggregateError [ECONNREFUSED]: 
    at internalConnectMultiple (node:net:1194:18)
    at afterConnectMultiple (node:net:1784:7)
[2m00:21:41[22m [31m[1m[vite][22m[39m [31mhttp proxy error: /api/v1/auth/notifications?unreadOnly=true&pageSize=
1[39m
AggregateError [ECONNREFUSED]: 
    at internalConnectMultiple (node:net:1194:18)
    at afterConnectMultiple (node:net:1784:7)
[2m00:21:41[22m [31m[1m[vite][22m[39m [31mhttp proxy error: /api/v1/me/alerts[39m
AggregateError [ECONNREFUSED]: 
    at internalConnectMultiple (node:net:1194:18)
    at afterConnectMultiple (node:net:1784:7)
[2m00:22:10[22m [31m[1m[vite][22m[39m [31mhttp proxy error: /api/v1/me/notifications/unread-count[39m
AggregateError [ECONNREFUSED]: 
    at internalConnectMultiple (node:net:1194:18)
    at afterConnectMultiple (node:net:1784:7)
[2m00:22:10[22m [31m[1m[vite][22m[39m [31mhttp proxy error: /api/v1/announcements/unread-count[39m
AggregateError [ECONNREFUSED]: 
    at internalConnectMultiple (node:net:1194:18)
    at afterConnectMultiple (node:net:1784:7)
[2m00:22:10[22m [31m[1m[vite][22m[39m [31mhttp proxy error: /api/v1/me/notifications/unread-count[39m
AggregateError [ECONNREFUSED]: 
    at internalConnectMultiple (node:net:1194:18)
    at afterConnectMultiple (node:net:1784:7)
[2m00:22:10[22m [31m[1m[vite][22m[39m [31mhttp proxy error: /api/v1/auth/notifications?unreadOnly=true&pageSize=
1[39m
AggregateError [ECONNREFUSED]: 
    at internalConnectMultiple (node:net:1194:18)
    at afterConnectMultiple (node:net:1784:7)
[2m00:22:41[22m [31m[1m[vite][22m[39m [31mhttp proxy error: /api/v1/me/notifications/unread-count[39m
AggregateError [ECONNREFUSED]: 
    at internalConnectMultiple (node:net:1194:18)
    at afterConnectMultiple (node:net:1784:7)
[2m00:22:41[22m [31m[1m[vite][22m[39m [31mhttp proxy error: /api/v1/announcements/unread-count[39m
AggregateError [ECONNREFUSED]: 
    at internalConnectMultiple (node:net:1194:18)
    at afterConnectMultiple (node:net:1784:7)
[2m00:22:41[22m [31m[1m[vite][22m[39m [31mhttp proxy error: /api/v1/me/notifications/unread-count[39m
AggregateError [ECONNREFUSED]: 
    at internalConnectMultiple (node:net:1194:18)
    at afterConnectMultiple (node:net:1784:7)
[2m00:22:41[22m [31m[1m[vite][22m[39m [31mhttp proxy error: /api/v1/auth/notifications?unreadOnly=true&pageSize=
1[39m
AggregateError [ECONNREFUSED]: 
    at internalConnectMultiple (node:net:1194:18)
    at afterConnectMultiple (node:net:1784:7)
[2m00:22:41[22m [31m[1m[vite][22m[39m [31mhttp proxy error: /api/v1/me/alerts[39m
AggregateError [ECONNREFUSED]: 
    at internalConnectMultiple (node:net:1194:18)
    at afterConnectMultiple (node:net:1784:7)
[2m00:23:10[22m [31m[1m[vite][22m[39m [31mhttp proxy error: /api/v1/me/notifications/unread-count[39m
AggregateError [ECONNREFUSED]: 
    at internalConnectMultiple (node:net:1194:18)
    at afterConnectMultiple (node:net:1784:7)
[2m00:23:10[22m [31m[1m[vite][22m[39m [31mhttp proxy error: /api/v1/announcements/unread-count[39m
AggregateError [ECONNREFUSED]: 
    at internalConnectMultiple (node:net:1194:18)
    at afterConnectMultiple (node:net:1784:7)
[2m00:23:10[22m [31m[1m[vite][22m[39m [31mhttp proxy error: /api/v1/me/notifications/unread-count[39m
AggregateError [ECONNREFUSED]: 
    at internalConnectMultiple (node:net:1194:18)
    at afterConnectMultiple (node:net:1784:7)
[2m00:23:10[22m [31m[1m[vite][22m[39m [31mhttp proxy error: /api/v1/auth/notifications?unreadOnly=true&pageSize=
1[39m
AggregateError [ECONNREFUSED]: 
    at internalConnectMultiple (node:net:1194:18)
    at afterConnectMultiple (node:net:1784:7)
[2m00:23:41[22m [31m[1m[vite][22m[39m [31mhttp proxy error: /api/v1/me/notifications/unread-count[39m
AggregateError [ECONNREFUSED]: 
    at internalConnectMultiple (node:net:1194:18)
    at afterConnectMultiple (node:net:1784:7)
[2m00:23:41[22m [31m[1m[vite][22m[39m [31mhttp proxy error: /api/v1/announcements/unread-count[39m
AggregateError [ECONNREFUSED]: 
    at internalConnectMultiple (node:net:1194:18)
    at afterConnectMultiple (node:net:1784:7)
[2m00:23:41[22m [31m[1m[vite][22m[39m [31mhttp proxy error: /api/v1/me/notifications/unread-count[39m
AggregateError [ECONNREFUSED]: 
    at internalConnectMultiple (node:net:1194:18)
    at afterConnectMultiple (node:net:1784:7)
[2m00:23:41[22m [31m[1m[vite][22m[39m [31mhttp proxy error: /api/v1/auth/notifications?unreadOnly=true&pageSize=
1[39m
AggregateError [ECONNREFUSED]: 
    at internalConnectMultiple (node:net:1194:18)
    at afterConnectMultiple (node:net:1784:7)
[2m00:23:41[22m [31m[1m[vite][22m[39m [31mhttp proxy error: /api/v1/me/alerts[39m
AggregateError [ECONNREFUSED]: 
    at internalConnectMultiple (node:net:1194:18)
    at afterConnectMultiple (node:net:1784:7)
[2m00:24:10[22m [31m[1m[vite][22m[39m [31mhttp proxy error: /api/v1/me/notifications/unread-count[39m
AggregateError [ECONNREFUSED]: 
    at internalConnectMultiple (node:net:1194:18)
    at afterConnectMultiple (node:net:1784:7)
[2m00:24:10[22m [31m[1m[vite][22m[39m [31mhttp proxy error: /api/v1/announcements/unread-count[39m
AggregateError [ECONNREFUSED]: 
    at internalConnectMultiple (node:net:1194:18)
    at afterConnectMultiple (node:net:1784:7)
[2m00:24:10[22m [31m[1m[vite][22m[39m [31mhttp proxy error: /api/v1/me/notifications/unread-count[39m
AggregateError [ECONNREFUSED]: 
    at internalConnectMultiple (node:net:1194:18)
    at afterConnectMultiple (node:net:1784:7)
[2m00:24:10[22m [31m[1m[vite][22m[39m [31mhttp proxy error: /api/v1/auth/notifications?unreadOnly=true&pageSize=
1[39m
AggregateError [ECONNREFUSED]: 
    at internalConnectMultiple (node:net:1194:18)
    at afterConnectMultiple (node:net:1784:7)
[2m00:24:41[22m [31m[1m[vite][22m[39m [31mhttp proxy error: /api/v1/me/notifications/unread-count[39m
AggregateError [ECONNREFUSED]: 
    at internalConnectMultiple (node:net:1194:18)
    at afterConnectMultiple (node:net:1784:7)
[2m00:24:41[22m [31m[1m[vite][22m[39m [31mhttp proxy error: /api/v1/announcements/unread-count[39m
AggregateError [ECONNREFUSED]: 
    at internalConnectMultiple (node:net:1194:18)
    at afterConnectMultiple (node:net:1784:7)
[2m00:24:41[22m [31m[1m[vite][22m[39m [31mhttp proxy error: /api/v1/me/notifications/unread-count[39m
AggregateError [ECONNREFUSED]: 
    at internalConnectMultiple (node:net:1194:18)
    at afterConnectMultiple (node:net:1784:7)
[2m00:24:41[22m [31m[1m[vite][22m[39m [31mhttp proxy error: /api/v1/auth/notifications?unreadOnly=true&pageSize=
1[39m
AggregateError [ECONNREFUSED]: 
    at internalConnectMultiple (node:net:1194:18)
    at afterConnectMultiple (node:net:1784:7)
[2m00:24:41[22m [31m[1m[vite][22m[39m [31mhttp proxy error: /api/v1/me/alerts[39m
AggregateError [ECONNREFUSED]: 
    at internalConnectMultiple (node:net:1194:18)
    at afterConnectMultiple (node:net:1784:7)
[2m00:25:10[22m [31m[1m[vite][22m[39m [31mhttp proxy error: /api/v1/announcements/unread-count[39m
AggregateError [ECONNREFUSED]: 
    at internalConnectMultiple (node:net:1194:18)
    at afterConnectMultiple (node:net:1784:7)
[2m00:25:10[22m [31m[1m[vite][22m[39m [31mhttp proxy error: /api/v1/me/notifications/unread-count[39m
AggregateError [ECONNREFUSED]: 
    at internalConnectMultiple (node:net:1194:18)
    at afterConnectMultiple (node:net:1784:7)
[2m00:25:10[22m [31m[1m[vite][22m[39m [31mhttp proxy error: /api/v1/me/notifications/unread-count[39m
AggregateError [ECONNREFUSED]: 
    at internalConnectMultiple (node:net:1194:18)
    at afterConnectMultiple (node:net:1784:7)
[2m00:25:10[22m [31m[1m[vite][22m[39m [31mhttp proxy error: /api/v1/auth/notifications?unreadOnly=true&pageSize=
1[39m
AggregateError [ECONNREFUSED]: 
    at internalConnectMultiple (node:net:1194:18)
    at afterConnectMultiple (node:net:1784:7)
[2m00:25:41[22m [31m[1m[vite][22m[39m [31mhttp proxy error: /api/v1/me/notifications/unread-count[39m
AggregateError [ECONNREFUSED]: 
    at internalConnectMultiple (node:net:1194:18)
    at afterConnectMultiple (node:net:1784:7)
[2m00:25:41[22m [31m[1m[vite][22m[39m [31mhttp proxy error: /api/v1/announcements/unread-count[39m
AggregateError [ECONNREFUSED]: 
    at internalConnectMultiple (node:net:1194:18)
    at afterConnectMultiple (node:net:1784:7)
[2m00:25:41[22m [31m[1m[vite][22m[39m [31mhttp proxy error: /api/v1/me/notifications/unread-count[39m
AggregateError [ECONNREFUSED]: 
    at internalConnectMultiple (node:net:1194:18)
    at afterConnectMultiple (node:net:1784:7)
[2m00:25:41[22m [31m[1m[vite][22m[39m [31mhttp proxy error: /api/v1/auth/notifications?unreadOnly=true&pageSize=
1[39m
AggregateError [ECONNREFUSED]: 
    at internalConnectMultiple (node:net:1194:18)
    at afterConnectMultiple (node:net:1784:7)
[2m00:25:41[22m [31m[1m[vite][22m[39m [31mhttp proxy error: /api/v1/me/alerts[39m
AggregateError [ECONNREFUSED]: 
    at internalConnectMultiple (node:net:1194:18)
    at afterConnectMultiple (node:net:1784:7)
[2m00:26:10[22m [31m[1m[vite][22m[39m [31mhttp proxy error: /api/v1/me/notifications/unread-count[39m
AggregateError [ECONNREFUSED]: 
    at internalConnectMultiple (node:net:1194:18)
    at afterConnectMultiple (node:net:1784:7)
[2m00:26:10[22m [31m[1m[vite][22m[39m [31mhttp proxy error: /api/v1/announcements/unread-count[39m
AggregateError [ECONNREFUSED]: 
    at internalConnectMultiple (node:net:1194:18)
    at afterConnectMultiple (node:net:1784:7)
[2m00:26:10[22m [31m[1m[vite][22m[39m [31mhttp proxy error: /api/v1/me/notifications/unread-count[39m
AggregateError [ECONNREFUSED]: 
    at internalConnectMultiple (node:net:1194:18)
    at afterConnectMultiple (node:net:1784:7)
[2m00:26:10[22m [31m[1m[vite][22m[39m [31mhttp proxy error: /api/v1/auth/notifications?unreadOnly=true&pageSize=
1[39m
AggregateError [ECONNREFUSED]: 
    at internalConnectMultiple (node:net:1194:18)
    at afterConnectMultiple (node:net:1784:7)
[2m00:26:41[22m [31m[1m[vite][22m[39m [31mhttp proxy error: /api/v1/me/notifications/unread-count[39m
AggregateError [ECONNREFUSED]: 
    at internalConnectMultiple (node:net:1194:18)
    at afterConnectMultiple (node:net:1784:7)
[2m00:26:41[22m [31m[1m[vite][22m[39m [31mhttp proxy error: /api/v1/announcements/unread-count[39m
AggregateError [ECONNREFUSED]: 
    at internalConnectMultiple (node:net:1194:18)
    at afterConnectMultiple (node:net:1784:7)
[2m00:26:41[22m [31m[1m[vite][22m[39m [31mhttp proxy error: /api/v1/me/notifications/unread-count[39m
AggregateError [ECONNREFUSED]: 
    at internalConnectMultiple (node:net:1194:18)
    at afterConnectMultiple (node:net:1784:7)
[2m00:26:41[22m [31m[1m[vite][22m[39m [31mhttp proxy error: /api/v1/auth/notifications?unreadOnly=true&pageSize=
1[39m
AggregateError [ECONNREFUSED]: 
    at internalConnectMultiple (node:net:1194:18)
    at afterConnectMultiple (node:net:1784:7)
[2m00:26:41[22m [31m[1m[vite][22m[39m [31mhttp proxy error: /api/v1/me/alerts[39m
AggregateError [ECONNREFUSED]: 
    at internalConnectMultiple (node:net:1194:18)
    at afterConnectMultiple (node:net:1784:7)
[2m00:27:10[22m [31m[1m[vite][22m[39m [31mhttp proxy error: /api/v1/me/notifications/unread-count[39m
AggregateError [ECONNREFUSED]: 
    at internalConnectMultiple (node:net:1194:18)
    at afterConnectMultiple (node:net:1784:7)
[2m00:27:10[22m [31m[1m[vite][22m[39m [31mhttp proxy error: /api/v1/announcements/unread-count[39m
AggregateError [ECONNREFUSED]: 
    at internalConnectMultiple (node:net:1194:18)
    at afterConnectMultiple (node:net:1784:7)
[2m00:27:10[22m [31m[1m[vite][22m[39m [31mhttp proxy error: /api/v1/me/notifications/unread-count[39m
AggregateError [ECONNREFUSED]: 
    at internalConnectMultiple (node:net:1194:18)
    at afterConnectMultiple (node:net:1784:7)
[2m00:27:10[22m [31m[1m[vite][22m[39m [31mhttp proxy error: /api/v1/auth/notifications?unreadOnly=true&pageSize=
1[39m
AggregateError [ECONNREFUSED]: 
    at internalConnectMultiple (node:net:1194:18)
    at afterConnectMultiple (node:net:1784:7)
[2m00:27:41[22m [31m[1m[vite][22m[39m [31mhttp proxy error: /api/v1/me/notifications/unread-count[39m
AggregateError [ECONNREFUSED]: 
    at internalConnectMultiple (node:net:1194:18)
    at afterConnectMultiple (node:net:1784:7)
[2m00:27:41[22m [31m[1m[vite][22m[39m [31mhttp proxy error: /api/v1/announcements/unread-count[39m
AggregateError [ECONNREFUSED]: 
    at internalConnectMultiple (node:net:1194:18)
    at afterConnectMultiple (node:net:1784:7)
[2m00:27:41[22m [31m[1m[vite][22m[39m [31mhttp proxy error: /api/v1/me/notifications/unread-count[39m
AggregateError [ECONNREFUSED]: 
    at internalConnectMultiple (node:net:1194:18)
    at afterConnectMultiple (node:net:1784:7)
[2m00:27:41[22m [31m[1m[vite][22m[39m [31mhttp proxy error: /api/v1/auth/notifications?unreadOnly=true&pageSize=
1[39m
AggregateError [ECONNREFUSED]: 
    at internalConnectMultiple (node:net:1194:18)
    at afterConnectMultiple (node:net:1784:7)
[2m00:27:41[22m [31m[1m[vite][22m[39m [31mhttp proxy error: /api/v1/me/alerts[39m
AggregateError [ECONNREFUSED]: 
    at internalConnectMultiple (node:net:1194:18)
    at afterConnectMultiple (node:net:1784:7)
[2m00:28:10[22m [31m[1m[vite][22m[39m [31mhttp proxy error: /api/v1/me/notifications/unread-count[39m
AggregateError [ECONNREFUSED]: 
    at internalConnectMultiple (node:net:1194:18)
    at afterConnectMultiple (node:net:1784:7)
[2m00:28:10[22m [31m[1m[vite][22m[39m [31mhttp proxy error: /api/v1/announcements/unread-count[39m
AggregateError [ECONNREFUSED]: 
    at internalConnectMultiple (node:net:1194:18)
    at afterConnectMultiple (node:net:1784:7)
[2m00:28:10[22m [31m[1m[vite][22m[39m [31mhttp proxy error: /api/v1/me/notifications/unread-count[39m
AggregateError [ECONNREFUSED]: 
    at internalConnectMultiple (node:net:1194:18)
    at afterConnectMultiple (node:net:1784:7)
[2m00:28:10[22m [31m[1m[vite][22m[39m [31mhttp proxy error: /api/v1/auth/notifications?unreadOnly=true&pageSize=
1[39m
AggregateError [ECONNREFUSED]: 
    at internalConnectMultiple (node:net:1194:18)
    at afterConnectMultiple (node:net:1784:7)
[2m00:28:41[22m [31m[1m[vite][22m[39m [31mhttp proxy error: /api/v1/me/notifications/unread-count[39m
AggregateError [ECONNREFUSED]: 
    at internalConnectMultiple (node:net:1194:18)
    at afterConnectMultiple (node:net:1784:7)
[2m00:28:41[22m [31m[1m[vite][22m[39m [31mhttp proxy error: /api/v1/announcements/unread-count[39m
AggregateError [ECONNREFUSED]: 
    at internalConnectMultiple (node:net:1194:18)
    at afterConnectMultiple (node:net:1784:7)
[2m00:28:41[22m [31m[1m[vite][22m[39m [31mhttp proxy error: /api/v1/me/notifications/unread-count[39m
AggregateError [ECONNREFUSED]: 
    at internalConnectMultiple (node:net:1194:18)
    at afterConnectMultiple (node:net:1784:7)
[2m00:28:41[22m [31m[1m[vite][22m[39m [31mhttp proxy error: /api/v1/auth/notifications?unreadOnly=true&pageSize=
1[39m
AggregateError [ECONNREFUSED]: 
    at internalConnectMultiple (node:net:1194:18)
    at afterConnectMultiple (node:net:1784:7)
[2m00:28:41[22m [31m[1m[vite][22m[39m [31mhttp proxy error: /api/v1/me/alerts[39m
AggregateError [ECONNREFUSED]: 
    at internalConnectMultiple (node:net:1194:18)
    at afterConnectMultiple (node:net:1784:7)
[2m00:29:10[22m [31m[1m[vite][22m[39m [31mhttp proxy error: /api/v1/me/notifications/unread-count[39m
AggregateError [ECONNREFUSED]: 
    at internalConnectMultiple (node:net:1194:18)
    at afterConnectMultiple (node:net:1784:7)
[2m00:29:10[22m [31m[1m[vite][22m[39m [31mhttp proxy error: /api/v1/announcements/unread-count[39m
AggregateError [ECONNREFUSED]: 
    at internalConnectMultiple (node:net:1194:18)
    at afterConnectMultiple (node:net:1784:7)
[2m00:29:10[22m [31m[1m[vite][22m[39m [31mhttp proxy error: /api/v1/me/notifications/unread-count[39m
AggregateError [ECONNREFUSED]: 
    at internalConnectMultiple (node:net:1194:18)
    at afterConnectMultiple (node:net:1784:7)
[2m00:29:10[22m [31m[1m[vite][22m[39m [31mhttp proxy error: /api/v1/auth/notifications?unreadOnly=true&pageSize=
1[39m
AggregateError [ECONNREFUSED]: 
    at internalConnectMultiple (node:net:1194:18)
    at afterConnectMultiple (node:net:1784:7)
[2m00:29:41[22m [31m[1m[vite][22m[39m [31mhttp proxy error: /api/v1/me/notifications/unread-count[39m
AggregateError [ECONNREFUSED]: 
    at internalConnectMultiple (node:net:1194:18)
    at afterConnectMultiple (node:net:1784:7)
[2m00:29:41[22m [31m[1m[vite][22m[39m [31mhttp proxy error: /api/v1/announcements/unread-count[39m
AggregateError [ECONNREFUSED]: 
    at internalConnectMultiple (node:net:1194:18)
    at afterConnectMultiple (node:net:1784:7)
[2m00:29:41[22m [31m[1m[vite][22m[39m [31mhttp proxy error: /api/v1/me/notifications/unread-count[39m
AggregateError [ECONNREFUSED]: 
    at internalConnectMultiple (node:net:1194:18)
    at afterConnectMultiple (node:net:1784:7)
[2m00:29:41[22m [31m[1m[vite][22m[39m [31mhttp proxy error: /api/v1/auth/notifications?unreadOnly=true&pageSize=
1[39m
AggregateError [ECONNREFUSED]: 
    at internalConnectMultiple (node:net:1194:18)
    at afterConnectMultiple (node:net:1784:7)
[2m00:29:41[22m [31m[1m[vite][22m[39m [31mhttp proxy error: /api/v1/me/alerts[39m
AggregateError [ECONNREFUSED]: 
    at internalConnectMultiple (node:net:1194:18)
    at afterConnectMultiple (node:net:1784:7)
[2m00:30:10[22m [31m[1m[vite][22m[39m [31mhttp proxy error: /api/v1/me/notifications/unread-count[39m
AggregateError [ECONNREFUSED]: 
    at internalConnectMultiple (node:net:1194:18)
    at afterConnectMultiple (node:net:1784:7)
[2m00:30:10[22m [31m[1m[vite][22m[39m [31mhttp proxy error: /api/v1/announcements/unread-count[39m
AggregateError [ECONNREFUSED]: 
    at internalConnectMultiple (node:net:1194:18)
    at afterConnectMultiple (node:net:1784:7)
[2m00:30:10[22m [31m[1m[vite][22m[39m [31mhttp proxy error: /api/v1/me/notifications/unread-count[39m
AggregateError [ECONNREFUSED]: 
    at internalConnectMultiple (node:net:1194:18)
    at afterConnectMultiple (node:net:1784:7)
[2m00:30:10[22m [31m[1m[vite][22m[39m [31mhttp proxy error: /api/v1/auth/notifications?unreadOnly=true&pageSize=
1[39m
AggregateError [ECONNREFUSED]: 
    at internalConnectMultiple (node:net:1194:18)
    at afterConnectMultiple (node:net:1784:7)
[2m00:30:41[22m [31m[1m[vite][22m[39m [31mhttp proxy error: /api/v1/announcements/unread-count[39m
AggregateError [ECONNREFUSED]: 
    at internalConnectMultiple (node:net:1194:18)
    at afterConnectMultiple (node:net:1784:7)
[2m00:30:41[22m [31m[1m[vite][22m[39m [31mhttp proxy error: /api/v1/me/notifications/unread-count[39m
AggregateError [ECONNREFUSED]: 
    at internalConnectMultiple (node:net:1194:18)
    at afterConnectMultiple (node:net:1784:7)
[2m00:30:41[22m [31m[1m[vite][22m[39m [31mhttp proxy error: /api/v1/me/notifications/unread-count[39m
AggregateError [ECONNREFUSED]: 
    at internalConnectMultiple (node:net:1194:18)
    at afterConnectMultiple (node:net:1784:7)
[2m00:30:41[22m [31m[1m[vite][22m[39m [31mhttp proxy error: /api/v1/auth/notifications?unreadOnly=true&pageSize=
1[39m
AggregateError [ECONNREFUSED]: 
    at internalConnectMultiple (node:net:1194:18)
    at afterConnectMultiple (node:net:1784:7)
[2m00:30:41[22m [31m[1m[vite][22m[39m [31mhttp proxy error: /api/v1/me/alerts[39m
AggregateError [ECONNREFUSED]: 
    at internalConnectMultiple (node:net:1194:18)
    at afterConnectMultiple (node:net:1784:7)
[2m00:31:10[22m [31m[1m[vite][22m[39m [31mhttp proxy error: /api/v1/me/notifications/unread-count[39m
AggregateError [ECONNREFUSED]: 
    at internalConnectMultiple (node:net:1194:18)
    at afterConnectMultiple (node:net:1784:7)
[2m00:31:10[22m [31m[1m[vite][22m[39m [31mhttp proxy error: /api/v1/announcements/unread-count[39m
AggregateError [ECONNREFUSED]: 
    at internalConnectMultiple (node:net:1194:18)
    at afterConnectMultiple (node:net:1784:7)
[2m00:31:10[22m [31m[1m[vite][22m[39m [31mhttp proxy error: /api/v1/me/notifications/unread-count[39m
AggregateError [ECONNREFUSED]: 
    at internalConnectMultiple (node:net:1194:18)
    at afterConnectMultiple (node:net:1784:7)
[2m00:31:10[22m [31m[1m[vite][22m[39m [31mhttp proxy error: /api/v1/auth/notifications?unreadOnly=true&pageSize=
1[39m
AggregateError [ECONNREFUSED]: 
    at internalConnectMultiple (node:net:1194:18)
    at afterConnectMultiple (node:net:1784:7)
[2m00:31:41[22m [31m[1m[vite][22m[39m [31mhttp proxy error: /api/v1/me/notifications/unread-count[39m
AggregateError [ECONNREFUSED]: 
    at internalConnectMultiple (node:net:1194:18)
    at afterConnectMultiple (node:net:1784:7)
[2m00:31:41[22m [31m[1m[vite][22m[39m [31mhttp proxy error: /api/v1/announcements/unread-count[39m
AggregateError [ECONNREFUSED]: 
    at internalConnectMultiple (node:net:1194:18)
    at afterConnectMultiple (node:net:1784:7)
[2m00:31:41[22m [31m[1m[vite][22m[39m [31mhttp proxy error: /api/v1/me/notifications/unread-count[39m
AggregateError [ECONNREFUSED]: 
    at internalConnectMultiple (node:net:1194:18)
    at afterConnectMultiple (node:net:1784:7)
[2m00:31:41[22m [31m[1m[vite][22m[39m [31mhttp proxy error: /api/v1/auth/notifications?unreadOnly=true&pageSize=
1[39m
AggregateError [ECONNREFUSED]: 
    at internalConnectMultiple (node:net:1194:18)
    at afterConnectMultiple (node:net:1784:7)
[2m00:31:41[22m [31m[1m[vite][22m[39m [31mhttp proxy error: /api/v1/me/alerts[39m
AggregateError [ECONNREFUSED]: 
    at internalConnectMultiple (node:net:1194:18)
    at afterConnectMultiple (node:net:1784:7)
[2m00:32:10[22m [31m[1m[vite][22m[39m [31mhttp proxy error: /api/v1/me/notifications/unread-count[39m
AggregateError [ECONNREFUSED]: 
    at internalConnectMultiple (node:net:1194:18)
    at afterConnectMultiple (node:net:1784:7)
[2m00:32:10[22m [31m[1m[vite][22m[39m [31mhttp proxy error: /api/v1/announcements/unread-count[39m
AggregateError [ECONNREFUSED]: 
    at internalConnectMultiple (node:net:1194:18)
    at afterConnectMultiple (node:net:1784:7)
[2m00:32:10[22m [31m[1m[vite][22m[39m [31mhttp proxy error: /api/v1/me/notifications/unread-count[39m
AggregateError [ECONNREFUSED]: 
    at internalConnectMultiple (node:net:1194:18)
    at afterConnectMultiple (node:net:1784:7)
[2m00:32:10[22m [31m[1m[vite][22m[39m [31mhttp proxy error: /api/v1/auth/notifications?unreadOnly=true&pageSize=
1[39m
AggregateError [ECONNREFUSED]: 
    at internalConnectMultiple (node:net:1194:18)
    at afterConnectMultiple (node:net:1784:7)
[2m00:32:41[22m [31m[1m[vite][22m[39m [31mhttp proxy error: /api/v1/me/notifications/unread-count[39m
AggregateError [ECONNREFUSED]: 
    at internalConnectMultiple (node:net:1194:18)
    at afterConnectMultiple (node:net:1784:7)
[2m00:32:41[22m [31m[1m[vite][22m[39m [31mhttp proxy error: /api/v1/announcements/unread-count[39m
AggregateError [ECONNREFUSED]: 
    at internalConnectMultiple (node:net:1194:18)
    at afterConnectMultiple (node:net:1784:7)
[2m00:32:41[22m [31m[1m[vite][22m[39m [31mhttp proxy error: /api/v1/me/notifications/unread-count[39m
AggregateError [ECONNREFUSED]: 
    at internalConnectMultiple (node:net:1194:18)
    at afterConnectMultiple (node:net:1784:7)
[2m00:32:41[22m [31m[1m[vite][22m[39m [31mhttp proxy error: /api/v1/auth/notifications?unreadOnly=true&pageSize=
1[39m
AggregateError [ECONNREFUSED]: 
    at internalConnectMultiple (node:net:1194:18)
    at afterConnectMultiple (node:net:1784:7)
[2m00:32:41[22m [31m[1m[vite][22m[39m [31mhttp proxy error: /api/v1/me/alerts[39m
AggregateError [ECONNREFUSED]: 
    at internalConnectMultiple (node:net:1194:18)
    at afterConnectMultiple (node:net:1784:7)
[2m00:33:10[22m [31m[1m[vite][22m[39m [31mhttp proxy error: /api/v1/me/notifications/unread-count[39m
AggregateError [ECONNREFUSED]: 
    at internalConnectMultiple (node:net:1194:18)
    at afterConnectMultiple (node:net:1784:7)
[2m00:33:10[22m [31m[1m[vite][22m[39m [31mhttp proxy error: /api/v1/announcements/unread-count[39m
AggregateError [ECONNREFUSED]: 
    at internalConnectMultiple (node:net:1194:18)
    at afterConnectMultiple (node:net:1784:7)
[2m00:33:10[22m [31m[1m[vite][22m[39m [31mhttp proxy error: /api/v1/me/notifications/unread-count[39m
AggregateError [ECONNREFUSED]: 
    at internalConnectMultiple (node:net:1194:18)
    at afterConnectMultiple (node:net:1784:7)
[2m00:33:10[22m [31m[1m[vite][22m[39m [31mhttp proxy error: /api/v1/auth/notifications?unreadOnly=true&pageSize=
1[39m
AggregateError [ECONNREFUSED]: 
    at internalConnectMultiple (node:net:1194:18)
    at afterConnectMultiple (node:net:1784:7)
[2m00:33:41[22m [31m[1m[vite][22m[39m [31mhttp proxy error: /api/v1/me/notifications/unread-count[39m
AggregateError [ECONNREFUSED]: 
    at internalConnectMultiple (node:net:1194:18)
    at afterConnectMultiple (node:net:1784:7)
[2m00:33:41[22m [31m[1m[vite][22m[39m [31mhttp proxy error: /api/v1/announcements/unread-count[39m
AggregateError [ECONNREFUSED]: 
    at internalConnectMultiple (node:net:1194:18)
    at afterConnectMultiple (node:net:1784:7)
[2m00:33:41[22m [31m[1m[vite][22m[39m [31mhttp proxy error: /api/v1/me/notifications/unread-count[39m
AggregateError [ECONNREFUSED]: 
    at internalConnectMultiple (node:net:1194:18)
    at afterConnectMultiple (node:net:1784:7)
[2m00:33:41[22m [31m[1m[vite][22m[39m [31mhttp proxy error: /api/v1/auth/notifications?unreadOnly=true&pageSize=
1[39m
AggregateError [ECONNREFUSED]: 
    at internalConnectMultiple (node:net:1194:18)
    at afterConnectMultiple (node:net:1784:7)
[2m00:33:41[22m [31m[1m[vite][22m[39m [31mhttp proxy error: /api/v1/me/alerts[39m
AggregateError [ECONNREFUSED]: 
    at internalConnectMultiple (node:net:1194:18)
    at afterConnectMultiple (node:net:1784:7)
[2m00:34:10[22m [31m[1m[vite][22m[39m [31mhttp proxy error: /api/v1/me/notifications/unread-count[39m
AggregateError [ECONNREFUSED]: 
    at internalConnectMultiple (node:net:1194:18)
    at afterConnectMultiple (node:net:1784:7)
[2m00:34:10[22m [31m[1m[vite][22m[39m [31mhttp proxy error: /api/v1/announcements/unread-count[39m
AggregateError [ECONNREFUSED]: 
    at internalConnectMultiple (node:net:1194:18)
    at afterConnectMultiple (node:net:1784:7)
[2m00:34:10[22m [31m[1m[vite][22m[39m [31mhttp proxy error: /api/v1/me/notifications/unread-count[39m
AggregateError [ECONNREFUSED]: 
    at internalConnectMultiple (node:net:1194:18)
    at afterConnectMultiple (node:net:1784:7)
[2m00:34:10[22m [31m[1m[vite][22m[39m [31mhttp proxy error: /api/v1/auth/notifications?unreadOnly=true&pageSize=
1[39m
AggregateError [ECONNREFUSED]: 
    at internalConnectMultiple (node:net:1194:18)
    at afterConnectMultiple (node:net:1784:7)
[2m00:34:41[22m [31m[1m[vite][22m[39m [31mhttp proxy error: /api/v1/me/notifications/unread-count[39m
AggregateError [ECONNREFUSED]: 
    at internalConnectMultiple (node:net:1194:18)
    at afterConnectMultiple (node:net:1784:7)
[2m00:34:41[22m [31m[1m[vite][22m[39m [31mhttp proxy error: /api/v1/announcements/unread-count[39m
AggregateError [ECONNREFUSED]: 
    at internalConnectMultiple (node:net:1194:18)
    at afterConnectMultiple (node:net:1784:7)
[2m00:34:41[22m [31m[1m[vite][22m[39m [31mhttp proxy error: /api/v1/me/notifications/unread-count[39m
AggregateError [ECONNREFUSED]: 
    at internalConnectMultiple (node:net:1194:18)
    at afterConnectMultiple (node:net:1784:7)
[2m00:34:41[22m [31m[1m[vite][22m[39m [31mhttp proxy error: /api/v1/auth/notifications?unreadOnly=true&pageSize=
1[39m
AggregateError [ECONNREFUSED]: 
    at internalConnectMultiple (node:net:1194:18)
    at afterConnectMultiple (node:net:1784:7)
[2m00:34:41[22m [31m[1m[vite][22m[39m [31mhttp proxy error: /api/v1/me/alerts[39m
AggregateError [ECONNREFUSED]: 
    at internalConnectMultiple (node:net:1194:18)
    at afterConnectMultiple (node:net:1784:7)
[2m00:35:10[22m [31m[1m[vite][22m[39m [31mhttp proxy error: /api/v1/me/notifications/unread-count[39m
AggregateError [ECONNREFUSED]: 
    at internalConnectMultiple (node:net:1194:18)
    at afterConnectMultiple (node:net:1784:7)
[2m00:35:10[22m [31m[1m[vite][22m[39m [31mhttp proxy error: /api/v1/announcements/unread-count[39m
AggregateError [ECONNREFUSED]: 
    at internalConnectMultiple (node:net:1194:18)
    at afterConnectMultiple (node:net:1784:7)
[2m00:35:10[22m [31m[1m[vite][22m[39m [31mhttp proxy error: /api/v1/me/notifications/unread-count[39m
AggregateError [ECONNREFUSED]: 
    at internalConnectMultiple (node:net:1194:18)
    at afterConnectMultiple (node:net:1784:7)
[2m00:35:10[22m [31m[1m[vite][22m[39m [31mhttp proxy error: /api/v1/auth/notifications?unreadOnly=true&pageSize=
1[39m
AggregateError [ECONNREFUSED]: 
    at internalConnectMultiple (node:net:1194:18)
    at afterConnectMultiple (node:net:1784:7)
[2m00:35:41[22m [31m[1m[vite][22m[39m [31mhttp proxy error: /api/v1/me/notifications/unread-count[39m
AggregateError [ECONNREFUSED]: 
    at internalConnectMultiple (node:net:1194:18)
    at afterConnectMultiple (node:net:1784:7)
[2m00:35:41[22m [31m[1m[vite][22m[39m [31mhttp proxy error: /api/v1/announcements/unread-count[39m
AggregateError [ECONNREFUSED]: 
    at internalConnectMultiple (node:net:1194:18)
    at afterConnectMultiple (node:net:1784:7)
[2m00:35:41[22m [31m[1m[vite][22m[39m [31mhttp proxy error: /api/v1/me/notifications/unread-count[39m
AggregateError [ECONNREFUSED]: 
    at internalConnectMultiple (node:net:1194:18)
    at afterConnectMultiple (node:net:1784:7)
[2m00:35:41[22m [31m[1m[vite][22m[39m [31mhttp proxy error: /api/v1/auth/notifications?unreadOnly=true&pageSize=
1[39m
AggregateError [ECONNREFUSED]: 
    at internalConnectMultiple (node:net:1194:18)
    at afterConnectMultiple (node:net:1784:7)
[2m00:35:41[22m [31m[1m[vite][22m[39m [31mhttp proxy error: /api/v1/me/alerts[39m
AggregateError [ECONNREFUSED]: 
    at internalConnectMultiple (node:net:1194:18)
    at afterConnectMultiple (node:net:1784:7)
[2m00:36:10[22m [31m[1m[vite][22m[39m [31mhttp proxy error: /api/v1/me/notifications/unread-count[39m
AggregateError [ECONNREFUSED]: 
    at internalConnectMultiple (node:net:1194:18)
    at afterConnectMultiple (node:net:1784:7)
[2m00:36:10[22m [31m[1m[vite][22m[39m [31mhttp proxy error: /api/v1/announcements/unread-count[39m
AggregateError [ECONNREFUSED]: 
    at internalConnectMultiple (node:net:1194:18)
    at afterConnectMultiple (node:net:1784:7)
[2m00:36:10[22m [31m[1m[vite][22m[39m [31mhttp proxy error: /api/v1/me/notifications/unread-count[39m
AggregateError [ECONNREFUSED]: 
    at internalConnectMultiple (node:net:1194:18)
    at afterConnectMultiple (node:net:1784:7)
[2m00:36:10[22m [31m[1m[vite][22m[39m [31mhttp proxy error: /api/v1/auth/notifications?unreadOnly=true&pageSize=
1[39m
AggregateError [ECONNREFUSED]: 
    at internalConnectMultiple (node:net:1194:18)
    at afterConnectMultiple (node:net:1784:7)
[2m00:36:41[22m [31m[1m[vite][22m[39m [31mhttp proxy error: /api/v1/me/notifications/unread-count[39m
AggregateError [ECONNREFUSED]: 
    at internalConnectMultiple (node:net:1194:18)
    at afterConnectMultiple (node:net:1784:7)
[2m00:36:41[22m [31m[1m[vite][22m[39m [31mhttp proxy error: /api/v1/announcements/unread-count[39m
AggregateError [ECONNREFUSED]: 
    at internalConnectMultiple (node:net:1194:18)
    at afterConnectMultiple (node:net:1784:7)
[2m00:36:41[22m [31m[1m[vite][22m[39m [31mhttp proxy error: /api/v1/me/notifications/unread-count[39m
AggregateError [ECONNREFUSED]: 
    at internalConnectMultiple (node:net:1194:18)
    at afterConnectMultiple (node:net:1784:7)
[2m00:36:41[22m [31m[1m[vite][22m[39m [31mhttp proxy error: /api/v1/auth/notifications?unreadOnly=true&pageSize=
1[39m
AggregateError [ECONNREFUSED]: 
    at internalConnectMultiple (node:net:1194:18)
    at afterConnectMultiple (node:net:1784:7)
[2m00:36:41[22m [31m[1m[vite][22m[39m [31mhttp proxy error: /api/v1/me/alerts[39m
AggregateError [ECONNREFUSED]: 
    at internalConnectMultiple (node:net:1194:18)
    at afterConnectMultiple (node:net:1784:7)
[2m00:37:10[22m [31m[1m[vite][22m[39m [31mhttp proxy error: /api/v1/me/notifications/unread-count[39m
AggregateError [ECONNREFUSED]: 
    at internalConnectMultiple (node:net:1194:18)
    at afterConnectMultiple (node:net:1784:7)
[2m00:37:10[22m [31m[1m[vite][22m[39m [31mhttp proxy error: /api/v1/announcements/unread-count[39m
AggregateError [ECONNREFUSED]: 
    at internalConnectMultiple (node:net:1194:18)
    at afterConnectMultiple (node:net:1784:7)
[2m00:37:10[22m [31m[1m[vite][22m[39m [31mhttp proxy error: /api/v1/me/notifications/unread-count[39m
AggregateError [ECONNREFUSED]: 
    at internalConnectMultiple (node:net:1194:18)
    at afterConnectMultiple (node:net:1784:7)
[2m00:37:10[22m [31m[1m[vite][22m[39m [31mhttp proxy error: /api/v1/auth/notifications?unreadOnly=true&pageSize=
1[39m
AggregateError [ECONNREFUSED]: 
    at internalConnectMultiple (node:net:1194:18)
    at afterConnectMultiple (node:net:1784:7)
[2m00:37:41[22m [31m[1m[vite][22m[39m [31mhttp proxy error: /api/v1/me/notifications/unread-count[39m
AggregateError [ECONNREFUSED]: 
    at internalConnectMultiple (node:net:1194:18)
    at afterConnectMultiple (node:net:1784:7)
[2m00:37:41[22m [31m[1m[vite][22m[39m [31mhttp proxy error: /api/v1/announcements/unread-count[39m
AggregateError [ECONNREFUSED]: 
    at internalConnectMultiple (node:net:1194:18)
    at afterConnectMultiple (node:net:1784:7)
[2m00:37:41[22m [31m[1m[vite][22m[39m [31mhttp proxy error: /api/v1/me/notifications/unread-count[39m
AggregateError [ECONNREFUSED]: 
    at internalConnectMultiple (node:net:1194:18)
    at afterConnectMultiple (node:net:1784:7)
[2m00:37:41[22m [31m[1m[vite][22m[39m [31mhttp proxy error: /api/v1/auth/notifications?unreadOnly=true&pageSize=
1[39m
AggregateError [ECONNREFUSED]: 
    at internalConnectMultiple (node:net:1194:18)
    at afterConnectMultiple (node:net:1784:7)
[2m00:37:41[22m [31m[1m[vite][22m[39m [31mhttp proxy error: /api/v1/me/alerts[39m
AggregateError [ECONNREFUSED]: 
    at internalConnectMultiple (node:net:1194:18)
    at afterConnectMultiple (node:net:1784:7)
[2m00:38:10[22m [31m[1m[vite][22m[39m [31mhttp proxy error: /api/v1/me/notifications/unread-count[39m
AggregateError [ECONNREFUSED]: 
    at internalConnectMultiple (node:net:1194:18)
    at afterConnectMultiple (node:net:1784:7)
[2m00:38:10[22m [31m[1m[vite][22m[39m [31mhttp proxy error: /api/v1/announcements/unread-count[39m
AggregateError [ECONNREFUSED]: 
    at internalConnectMultiple (node:net:1194:18)
    at afterConnectMultiple (node:net:1784:7)
[2m00:38:10[22m [31m[1m[vite][22m[39m [31mhttp proxy error: /api/v1/me/notifications/unread-count[39m
AggregateError [ECONNREFUSED]: 
    at internalConnectMultiple (node:net:1194:18)
    at afterConnectMultiple (node:net:1784:7)
[2m00:38:10[22m [31m[1m[vite][22m[39m [31mhttp proxy error: /api/v1/auth/notifications?unreadOnly=true&pageSize=
1[39m
AggregateError [ECONNREFUSED]: 
    at internalConnectMultiple (node:net:1194:18)
    at afterConnectMultiple (node:net:1784:7)
[2m00:38:41[22m [31m[1m[vite][22m[39m [31mhttp proxy error: /api/v1/me/notifications/unread-count[39m
AggregateError [ECONNREFUSED]: 
    at internalConnectMultiple (node:net:1194:18)
    at afterConnectMultiple (node:net:1784:7)
[2m00:38:41[22m [31m[1m[vite][22m[39m [31mhttp proxy error: /api/v1/announcements/unread-count[39m
AggregateError [ECONNREFUSED]: 
    at internalConnectMultiple (node:net:1194:18)
    at afterConnectMultiple (node:net:1784:7)
[2m00:38:41[22m [31m[1m[vite][22m[39m [31mhttp proxy error: /api/v1/me/notifications/unread-count[39m
AggregateError [ECONNREFUSED]: 
    at internalConnectMultiple (node:net:1194:18)
    at afterConnectMultiple (node:net:1784:7)
[2m00:38:41[22m [31m[1m[vite][22m[39m [31mhttp proxy error: /api/v1/auth/notifications?unreadOnly=true&pageSize=
1[39m
AggregateError [ECONNREFUSED]: 
    at internalConnectMultiple (node:net:1194:18)
    at afterConnectMultiple (node:net:1784:7)
[2m00:38:41[22m [31m[1m[vite][22m[39m [31mhttp proxy error: /api/v1/me/alerts[39m
AggregateError [ECONNREFUSED]: 
    at internalConnectMultiple (node:net:1194:18)
    at afterConnectMultiple (node:net:1784:7)
[2m00:39:10[22m [31m[1m[vite][22m[39m [31mhttp proxy error: /api/v1/me/notifications/unread-count[39m
AggregateError [ECONNREFUSED]: 
    at internalConnectMultiple (node:net:1194:18)
    at afterConnectMultiple (node:net:1784:7)
[2m00:39:10[22m [31m[1m[vite][22m[39m [31mhttp proxy error: /api/v1/announcements/unread-count[39m
AggregateError [ECONNREFUSED]: 
    at internalConnectMultiple (node:net:1194:18)
    at afterConnectMultiple (node:net:1784:7)
[2m00:39:10[22m [31m[1m[vite][22m[39m [31mhttp proxy error: /api/v1/me/notifications/unread-count[39m
AggregateError [ECONNREFUSED]: 
    at internalConnectMultiple (node:net:1194:18)
    at afterConnectMultiple (node:net:1784:7)
[2m00:39:10[22m [31m[1m[vite][22m[39m [31mhttp proxy error: /api/v1/auth/notifications?unreadOnly=true&pageSize=
1[39m
AggregateError [ECONNREFUSED]: 
    at internalConnectMultiple (node:net:1194:18)
    at afterConnectMultiple (node:net:1784:7)
[2m00:39:41[22m [31m[1m[vite][22m[39m [31mhttp proxy error: /api/v1/announcements/unread-count[39m
AggregateError [ECONNREFUSED]: 
    at internalConnectMultiple (node:net:1194:18)
    at afterConnectMultiple (node:net:1784:7)
[2m00:39:41[22m [31m[1m[vite][22m[39m [31mhttp proxy error: /api/v1/me/notifications/unread-count[39m
AggregateError [ECONNREFUSED]: 
    at internalConnectMultiple (node:net:1194:18)
    at afterConnectMultiple (node:net:1784:7)
[2m00:39:41[22m [31m[1m[vite][22m[39m [31mhttp proxy error: /api/v1/me/notifications/unread-count[39m
AggregateError [ECONNREFUSED]: 
    at internalConnectMultiple (node:net:1194:18)
    at afterConnectMultiple (node:net:1784:7)
[2m00:39:41[22m [31m[1m[vite][22m[39m [31mhttp proxy error: /api/v1/auth/notifications?unreadOnly=true&pageSize=
1[39m
AggregateError [ECONNREFUSED]: 
    at internalConnectMultiple (node:net:1194:18)
    at afterConnectMultiple (node:net:1784:7)
[2m00:39:41[22m [31m[1m[vite][22m[39m [31mhttp proxy error: /api/v1/me/alerts[39m
AggregateError [ECONNREFUSED]: 
    at internalConnectMultiple (node:net:1194:18)
    at afterConnectMultiple (node:net:1784:7)
[2m00:40:10[22m [31m[1m[vite][22m[39m [31mhttp proxy error: /api/v1/me/notifications/unread-count[39m
AggregateError [ECONNREFUSED]: 
    at internalConnectMultiple (node:net:1194:18)
    at afterConnectMultiple (node:net:1784:7)
[2m00:40:10[22m [31m[1m[vite][22m[39m [31mhttp proxy error: /api/v1/announcements/unread-count[39m
AggregateError [ECONNREFUSED]: 
    at internalConnectMultiple (node:net:1194:18)
    at afterConnectMultiple (node:net:1784:7)
[2m00:40:10[22m [31m[1m[vite][22m[39m [31mhttp proxy error: /api/v1/me/notifications/unread-count[39m
AggregateError [ECONNREFUSED]: 
    at internalConnectMultiple (node:net:1194:18)
    at afterConnectMultiple (node:net:1784:7)
[2m00:40:10[22m [31m[1m[vite][22m[39m [31mhttp proxy error: /api/v1/auth/notifications?unreadOnly=true&pageSize=
1[39m
AggregateError [ECONNREFUSED]: 
    at internalConnectMultiple (node:net:1194:18)
    at afterConnectMultiple (node:net:1784:7)
[2m00:40:41[22m [31m[1m[vite][22m[39m [31mhttp proxy error: /api/v1/me/notifications/unread-count[39m
AggregateError [ECONNREFUSED]: 
    at internalConnectMultiple (node:net:1194:18)
    at afterConnectMultiple (node:net:1784:7)
[2m00:40:41[22m [31m[1m[vite][22m[39m [31mhttp proxy error: /api/v1/announcements/unread-count[39m
AggregateError [ECONNREFUSED]: 
    at internalConnectMultiple (node:net:1194:18)
    at afterConnectMultiple (node:net:1784:7)
[2m00:40:41[22m [31m[1m[vite][22m[39m [31mhttp proxy error: /api/v1/me/notifications/unread-count[39m
AggregateError [ECONNREFUSED]: 
    at internalConnectMultiple (node:net:1194:18)
    at afterConnectMultiple (node:net:1784:7)
[2m00:40:41[22m [31m[1m[vite][22m[39m [31mhttp proxy error: /api/v1/auth/notifications?unreadOnly=true&pageSize=
1[39m
AggregateError [ECONNREFUSED]: 
    at internalConnectMultiple (node:net:1194:18)
    at afterConnectMultiple (node:net:1784:7)
[2m00:40:41[22m [31m[1m[vite][22m[39m [31mhttp proxy error: /api/v1/me/alerts[39m
AggregateError [ECONNREFUSED]: 
    at internalConnectMultiple (node:net:1194:18)
    at afterConnectMultiple (node:net:1784:7)
[2m00:41:10[22m [31m[1m[vite][22m[39m [31mhttp proxy error: /api/v1/me/notifications/unread-count[39m
AggregateError [ECONNREFUSED]: 
    at internalConnectMultiple (node:net:1194:18)
    at afterConnectMultiple (node:net:1784:7)
[2m00:41:10[22m [31m[1m[vite][22m[39m [31mhttp proxy error: /api/v1/announcements/unread-count[39m
AggregateError [ECONNREFUSED]: 
    at internalConnectMultiple (node:net:1194:18)
    at afterConnectMultiple (node:net:1784:7)
[2m00:41:10[22m [31m[1m[vite][22m[39m [31mhttp proxy error: /api/v1/me/notifications/unread-count[39m
AggregateError [ECONNREFUSED]: 
    at internalConnectMultiple (node:net:1194:18)
    at afterConnectMultiple (node:net:1784:7)
[2m00:41:10[22m [31m[1m[vite][22m[39m [31mhttp proxy error: /api/v1/auth/notifications?unreadOnly=true&pageSize=
1[39m
AggregateError [ECONNREFUSED]: 
    at internalConnectMultiple (node:net:1194:18)
    at afterConnectMultiple (node:net:1784:7)
[2m00:41:41[22m [31m[1m[vite][22m[39m [31mhttp proxy error: /api/v1/me/notifications/unread-count[39m
AggregateError [ECONNREFUSED]: 
    at internalConnectMultiple (node:net:1194:18)
    at afterConnectMultiple (node:net:1784:7)
[2m00:41:41[22m [31m[1m[vite][22m[39m [31mhttp proxy error: /api/v1/announcements/unread-count[39m
AggregateError [ECONNREFUSED]: 
    at internalConnectMultiple (node:net:1194:18)
    at afterConnectMultiple (node:net:1784:7)
[2m00:41:41[22m [31m[1m[vite][22m[39m [31mhttp proxy error: /api/v1/me/notifications/unread-count[39m
AggregateError [ECONNREFUSED]: 
    at internalConnectMultiple (node:net:1194:18)
    at afterConnectMultiple (node:net:1784:7)
[2m00:41:41[22m [31m[1m[vite][22m[39m [31mhttp proxy error: /api/v1/auth/notifications?unreadOnly=true&pageSize=
1[39m
AggregateError [ECONNREFUSED]: 
    at internalConnectMultiple (node:net:1194:18)
    at afterConnectMultiple (node:net:1784:7)
[2m00:41:41[22m [31m[1m[vite][22m[39m [31mhttp proxy error: /api/v1/me/alerts[39m
AggregateError [ECONNREFUSED]: 
    at internalConnectMultiple (node:net:1194:18)
    at afterConnectMultiple (node:net:1784:7)
[2m00:42:10[22m [31m[1m[vite][22m[39m [31mhttp proxy error: /api/v1/me/notifications/unread-count[39m
AggregateError [ECONNREFUSED]: 
    at internalConnectMultiple (node:net:1194:18)
    at afterConnectMultiple (node:net:1784:7)
[2m00:42:10[22m [31m[1m[vite][22m[39m [31mhttp proxy error: /api/v1/announcements/unread-count[39m
AggregateError [ECONNREFUSED]: 
    at internalConnectMultiple (node:net:1194:18)
    at afterConnectMultiple (node:net:1784:7)
[2m00:42:10[22m [31m[1m[vite][22m[39m [31mhttp proxy error: /api/v1/me/notifications/unread-count[39m
AggregateError [ECONNREFUSED]: 
    at internalConnectMultiple (node:net:1194:18)
    at afterConnectMultiple (node:net:1784:7)
[2m00:42:10[22m [31m[1m[vite][22m[39m [31mhttp proxy error: /api/v1/auth/notifications?unreadOnly=true&pageSize=
1[39m
AggregateError [ECONNREFUSED]: 
    at internalConnectMultiple (node:net:1194:18)
    at afterConnectMultiple (node:net:1784:7)
[2m00:42:41[22m [31m[1m[vite][22m[39m [31mhttp proxy error: /api/v1/me/notifications/unread-count[39m
AggregateError [ECONNREFUSED]: 
    at internalConnectMultiple (node:net:1194:18)
    at afterConnectMultiple (node:net:1784:7)
[2m00:42:41[22m [31m[1m[vite][22m[39m [31mhttp proxy error: /api/v1/announcements/unread-count[39m
AggregateError [ECONNREFUSED]: 
    at internalConnectMultiple (node:net:1194:18)
    at afterConnectMultiple (node:net:1784:7)
[2m00:42:41[22m [31m[1m[vite][22m[39m [31mhttp proxy error: /api/v1/me/notifications/unread-count[39m
AggregateError [ECONNREFUSED]: 
    at internalConnectMultiple (node:net:1194:18)
    at afterConnectMultiple (node:net:1784:7)
[2m00:42:41[22m [31m[1m[vite][22m[39m [31mhttp proxy error: /api/v1/auth/notifications?unreadOnly=true&pageSize=
1[39m
AggregateError [ECONNREFUSED]: 
    at internalConnectMultiple (node:net:1194:18)
    at afterConnectMultiple (node:net:1784:7)
[2m00:42:41[22m [31m[1m[vite][22m[39m [31mhttp proxy error: /api/v1/me/alerts[39m
AggregateError [ECONNREFUSED]: 
    at internalConnectMultiple (node:net:1194:18)
    at afterConnectMultiple (node:net:1784:7)
[2m00:43:10[22m [31m[1m[vite][22m[39m [31mhttp proxy error: /api/v1/me/notifications/unread-count[39m
AggregateError [ECONNREFUSED]: 
    at internalConnectMultiple (node:net:1194:18)
    at afterConnectMultiple (node:net:1784:7)
[2m00:43:10[22m [31m[1m[vite][22m[39m [31mhttp proxy error: /api/v1/announcements/unread-count[39m
AggregateError [ECONNREFUSED]: 
    at internalConnectMultiple (node:net:1194:18)
    at afterConnectMultiple (node:net:1784:7)
[2m00:43:10[22m [31m[1m[vite][22m[39m [31mhttp proxy error: /api/v1/me/notifications/unread-count[39m
AggregateError [ECONNREFUSED]: 
    at internalConnectMultiple (node:net:1194:18)
    at afterConnectMultiple (node:net:1784:7)
[2m00:43:10[22m [31m[1m[vite][22m[39m [31mhttp proxy error: /api/v1/auth/notifications?unreadOnly=true&pageSize=
1[39m
AggregateError [ECONNREFUSED]: 
    at internalConnectMultiple (node:net:1194:18)
    at afterConnectMultiple (node:net:1784:7)
[2m00:43:41[22m [31m[1m[vite][22m[39m [31mhttp proxy error: /api/v1/me/notifications/unread-count[39m
AggregateError [ECONNREFUSED]: 
    at internalConnectMultiple (node:net:1194:18)
    at afterConnectMultiple (node:net:1784:7)
[2m00:43:41[22m [31m[1m[vite][22m[39m [31mhttp proxy error: /api/v1/announcements/unread-count[39m
AggregateError [ECONNREFUSED]: 
    at internalConnectMultiple (node:net:1194:18)
    at afterConnectMultiple (node:net:1784:7)
[2m00:43:41[22m [31m[1m[vite][22m[39m [31mhttp proxy error: /api/v1/me/notifications/unread-count[39m
AggregateError [ECONNREFUSED]: 
    at internalConnectMultiple (node:net:1194:18)
    at afterConnectMultiple (node:net:1784:7)
[2m00:43:41[22m [31m[1m[vite][22m[39m [31mhttp proxy error: /api/v1/auth/notifications?unreadOnly=true&pageSize=
1[39m
AggregateError [ECONNREFUSED]: 
    at internalConnectMultiple (node:net:1194:18)
    at afterConnectMultiple (node:net:1784:7)
[2m00:43:41[22m [31m[1m[vite][22m[39m [31mhttp proxy error: /api/v1/me/alerts[39m
AggregateError [ECONNREFUSED]: 
    at internalConnectMultiple (node:net:1194:18)
    at afterConnectMultiple (node:net:1784:7)
[2m00:44:10[22m [31m[1m[vite][22m[39m [31mhttp proxy error: /api/v1/me/notifications/unread-count[39m
AggregateError [ECONNREFUSED]: 
    at internalConnectMultiple (node:net:1194:18)
    at afterConnectMultiple (node:net:1784:7)
[2m00:44:10[22m [31m[1m[vite][22m[39m [31mhttp proxy error: /api/v1/announcements/unread-count[39m
AggregateError [ECONNREFUSED]: 
    at internalConnectMultiple (node:net:1194:18)
    at afterConnectMultiple (node:net:1784:7)
[2m00:44:10[22m [31m[1m[vite][22m[39m [31mhttp proxy error: /api/v1/me/notifications/unread-count[39m
AggregateError [ECONNREFUSED]: 
    at internalConnectMultiple (node:net:1194:18)
    at afterConnectMultiple (node:net:1784:7)
[2m00:44:10[22m [31m[1m[vite][22m[39m [31mhttp proxy error: /api/v1/auth/notifications?unreadOnly=true&pageSize=
1[39m
AggregateError [ECONNREFUSED]: 
    at internalConnectMultiple (node:net:1194:18)
    at afterConnectMultiple (node:net:1784:7)
[2m00:44:41[22m [31m[1m[vite][22m[39m [31mhttp proxy error: /api/v1/me/notifications/unread-count[39m
AggregateError [ECONNREFUSED]: 
    at internalConnectMultiple (node:net:1194:18)
    at afterConnectMultiple (node:net:1784:7)
[2m00:44:41[22m [31m[1m[vite][22m[39m [31mhttp proxy error: /api/v1/announcements/unread-count[39m
AggregateError [ECONNREFUSED]: 
    at internalConnectMultiple (node:net:1194:18)
    at afterConnectMultiple (node:net:1784:7)
[2m00:44:41[22m [31m[1m[vite][22m[39m [31mhttp proxy error: /api/v1/me/notifications/unread-count[39m
AggregateError [ECONNREFUSED]: 
    at internalConnectMultiple (node:net:1194:18)
    at afterConnectMultiple (node:net:1784:7)
[2m00:44:41[22m [31m[1m[vite][22m[39m [31mhttp proxy error: /api/v1/auth/notifications?unreadOnly=true&pageSize=
1[39m
AggregateError [ECONNREFUSED]: 
    at internalConnectMultiple (node:net:1194:18)
    at afterConnectMultiple (node:net:1784:7)
[2m00:44:41[22m [31m[1m[vite][22m[39m [31mhttp proxy error: /api/v1/me/alerts[39m
AggregateError [ECONNREFUSED]: 
    at internalConnectMultiple (node:net:1194:18)
    at afterConnectMultiple (node:net:1784:7)
[2m00:45:10[22m [31m[1m[vite][22m[39m [31mhttp proxy error: /api/v1/me/notifications/unread-count[39m
AggregateError [ECONNREFUSED]: 
    at internalConnectMultiple (node:net:1194:18)
    at afterConnectMultiple (node:net:1784:7)
[2m00:45:10[22m [31m[1m[vite][22m[39m [31mhttp proxy error: /api/v1/announcements/unread-count[39m
AggregateError [ECONNREFUSED]: 
    at internalConnectMultiple (node:net:1194:18)
    at afterConnectMultiple (node:net:1784:7)
[2m00:45:10[22m [31m[1m[vite][22m[39m [31mhttp proxy error: /api/v1/me/notifications/unread-count[39m
AggregateError [ECONNREFUSED]: 
    at internalConnectMultiple (node:net:1194:18)
    at afterConnectMultiple (node:net:1784:7)
[2m00:45:10[22m [31m[1m[vite][22m[39m [31mhttp proxy error: /api/v1/auth/notifications?unreadOnly=true&pageSize=
1[39m
AggregateError [ECONNREFUSED]: 
    at internalConnectMultiple (node:net:1194:18)
    at afterConnectMultiple (node:net:1784:7)
[2m00:45:41[22m [31m[1m[vite][22m[39m [31mhttp proxy error: /api/v1/me/notifications/unread-count[39m
AggregateError [ECONNREFUSED]: 
    at internalConnectMultiple (node:net:1194:18)
    at afterConnectMultiple (node:net:1784:7)
[2m00:45:41[22m [31m[1m[vite][22m[39m [31mhttp proxy error: /api/v1/announcements/unread-count[39m
AggregateError [ECONNREFUSED]: 
    at internalConnectMultiple (node:net:1194:18)
    at afterConnectMultiple (node:net:1784:7)
[2m00:45:41[22m [31m[1m[vite][22m[39m [31mhttp proxy error: /api/v1/me/notifications/unread-count[39m
AggregateError [ECONNREFUSED]: 
    at internalConnectMultiple (node:net:1194:18)
    at afterConnectMultiple (node:net:1784:7)
[2m00:45:41[22m [31m[1m[vite][22m[39m [31mhttp proxy error: /api/v1/auth/notifications?unreadOnly=true&pageSize=
1[39m
AggregateError [ECONNREFUSED]: 
    at internalConnectMultiple (node:net:1194:18)
    at afterConnectMultiple (node:net:1784:7)
[2m00:45:41[22m [31m[1m[vite][22m[39m [31mhttp proxy error: /api/v1/me/alerts[39m
AggregateError [ECONNREFUSED]: 
    at internalConnectMultiple (node:net:1194:18)
    at afterConnectMultiple (node:net:1784:7)
[2m00:46:10[22m [31m[1m[vite][22m[39m [31mhttp proxy error: /api/v1/me/notifications/unread-count[39m
AggregateError [ECONNREFUSED]: 
    at internalConnectMultiple (node:net:1194:18)
    at afterConnectMultiple (node:net:1784:7)
[2m00:46:10[22m [31m[1m[vite][22m[39m [31mhttp proxy error: /api/v1/announcements/unread-count[39m
AggregateError [ECONNREFUSED]: 
    at internalConnectMultiple (node:net:1194:18)
    at afterConnectMultiple (node:net:1784:7)
[2m00:46:10[22m [31m[1m[vite][22m[39m [31mhttp proxy error: /api/v1/me/notifications/unread-count[39m
AggregateError [ECONNREFUSED]: 
    at internalConnectMultiple (node:net:1194:18)
    at afterConnectMultiple (node:net:1784:7)
[2m00:46:10[22m [31m[1m[vite][22m[39m [31mhttp proxy error: /api/v1/auth/notifications?unreadOnly=true&pageSize=
1[39m
AggregateError [ECONNREFUSED]: 
    at internalConnectMultiple (node:net:1194:18)
    at afterConnectMultiple (node:net:1784:7)
[2m00:46:41[22m [31m[1m[vite][22m[39m [31mhttp proxy error: /api/v1/me/notifications/unread-count[39m
AggregateError [ECONNREFUSED]: 
    at internalConnectMultiple (node:net:1194:18)
    at afterConnectMultiple (node:net:1784:7)
[2m00:46:41[22m [31m[1m[vite][22m[39m [31mhttp proxy error: /api/v1/announcements/unread-count[39m
AggregateError [ECONNREFUSED]: 
    at internalConnectMultiple (node:net:1194:18)
    at afterConnectMultiple (node:net:1784:7)
[2m00:46:41[22m [31m[1m[vite][22m[39m [31mhttp proxy error: /api/v1/me/notifications/unread-count[39m
AggregateError [ECONNREFUSED]: 
    at internalConnectMultiple (node:net:1194:18)
    at afterConnectMultiple (node:net:1784:7)
[2m00:46:41[22m [31m[1m[vite][22m[39m [31mhttp proxy error: /api/v1/auth/notifications?unreadOnly=true&pageSize=
1[39m
AggregateError [ECONNREFUSED]: 
    at internalConnectMultiple (node:net:1194:18)
    at afterConnectMultiple (node:net:1784:7)
[2m00:46:41[22m [31m[1m[vite][22m[39m [31mhttp proxy error: /api/v1/me/alerts[39m
AggregateError [ECONNREFUSED]: 
    at internalConnectMultiple (node:net:1194:18)
    at afterConnectMultiple (node:net:1784:7)
[2m00:47:10[22m [31m[1m[vite][22m[39m [31mhttp proxy error: /api/v1/me/notifications/unread-count[39m
AggregateError [ECONNREFUSED]: 
    at internalConnectMultiple (node:net:1194:18)
    at afterConnectMultiple (node:net:1784:7)
[2m00:47:10[22m [31m[1m[vite][22m[39m [31mhttp proxy error: /api/v1/announcements/unread-count[39m
AggregateError [ECONNREFUSED]: 
    at internalConnectMultiple (node:net:1194:18)
    at afterConnectMultiple (node:net:1784:7)
[2m00:47:10[22m [31m[1m[vite][22m[39m [31mhttp proxy error: /api/v1/me/notifications/unread-count[39m
AggregateError [ECONNREFUSED]: 
    at internalConnectMultiple (node:net:1194:18)
    at afterConnectMultiple (node:net:1784:7)
[2m00:47:10[22m [31m[1m[vite][22m[39m [31mhttp proxy error: /api/v1/auth/notifications?unreadOnly=true&pageSize=
1[39m
AggregateError [ECONNREFUSED]: 
    at internalConnectMultiple (node:net:1194:18)
    at afterConnectMultiple (node:net:1784:7)
[2m00:47:41[22m [31m[1m[vite][22m[39m [31mhttp proxy error: /api/v1/me/notifications/unread-count[39m
AggregateError [ECONNREFUSED]: 
    at internalConnectMultiple (node:net:1194:18)
    at afterConnectMultiple (node:net:1784:7)
[2m00:47:41[22m [31m[1m[vite][22m[39m [31mhttp proxy error: /api/v1/announcements/unread-count[39m
AggregateError [ECONNREFUSED]: 
    at internalConnectMultiple (node:net:1194:18)
    at afterConnectMultiple (node:net:1784:7)
[2m00:47:41[22m [31m[1m[vite][22m[39m [31mhttp proxy error: /api/v1/me/notifications/unread-count[39m
AggregateError [ECONNREFUSED]: 
    at internalConnectMultiple (node:net:1194:18)
    at afterConnectMultiple (node:net:1784:7)
[2m00:47:41[22m [31m[1m[vite][22m[39m [31mhttp proxy error: /api/v1/auth/notifications?unreadOnly=true&pageSize=
1[39m
AggregateError [ECONNREFUSED]: 
    at internalConnectMultiple (node:net:1194:18)
    at afterConnectMultiple (node:net:1784:7)
[2m00:47:41[22m [31m[1m[vite][22m[39m [31mhttp proxy error: /api/v1/me/alerts[39m
AggregateError [ECONNREFUSED]: 
    at internalConnectMultiple (node:net:1194:18)
    at afterConnectMultiple (node:net:1784:7)
[2m00:48:10[22m [31m[1m[vite][22m[39m [31mhttp proxy error: /api/v1/me/notifications/unread-count[39m
AggregateError [ECONNREFUSED]: 
    at internalConnectMultiple (node:net:1194:18)
    at afterConnectMultiple (node:net:1784:7)
[2m00:48:10[22m [31m[1m[vite][22m[39m [31mhttp proxy error: /api/v1/announcements/unread-count[39m
AggregateError [ECONNREFUSED]: 
    at internalConnectMultiple (node:net:1194:18)
    at afterConnectMultiple (node:net:1784:7)
[2m00:48:10[22m [31m[1m[vite][22m[39m [31mhttp proxy error: /api/v1/me/notifications/unread-count[39m
AggregateError [ECONNREFUSED]: 
    at internalConnectMultiple (node:net:1194:18)
    at afterConnectMultiple (node:net:1784:7)
[2m00:48:10[22m [31m[1m[vite][22m[39m [31mhttp proxy error: /api/v1/auth/notifications?unreadOnly=true&pageSize=
1[39m
AggregateError [ECONNREFUSED]: 
    at internalConnectMultiple (node:net:1194:18)
    at afterConnectMultiple (node:net:1784:7)
[2m00:48:41[22m [31m[1m[vite][22m[39m [31mhttp proxy error: /api/v1/me/notifications/unread-count[39m
AggregateError [ECONNREFUSED]: 
    at internalConnectMultiple (node:net:1194:18)
    at afterConnectMultiple (node:net:1784:7)
[2m00:48:41[22m [31m[1m[vite][22m[39m [31mhttp proxy error: /api/v1/announcements/unread-count[39m
AggregateError [ECONNREFUSED]: 
    at internalConnectMultiple (node:net:1194:18)
    at afterConnectMultiple (node:net:1784:7)
[2m00:48:41[22m [31m[1m[vite][22m[39m [31mhttp proxy error: /api/v1/me/notifications/unread-count[39m
AggregateError [ECONNREFUSED]: 
    at internalConnectMultiple (node:net:1194:18)
    at afterConnectMultiple (node:net:1784:7)
[2m00:48:41[22m [31m[1m[vite][22m[39m [31mhttp proxy error: /api/v1/auth/notifications?unreadOnly=true&pageSize=
1[39m
AggregateError [ECONNREFUSED]: 
    at internalConnectMultiple (node:net:1194:18)
    at afterConnectMultiple (node:net:1784:7)
[2m00:48:41[22m [31m[1m[vite][22m[39m [31mhttp proxy error: /api/v1/me/alerts[39m
AggregateError [ECONNREFUSED]: 
    at internalConnectMultiple (node:net:1194:18)
    at afterConnectMultiple (node:net:1784:7)
[2m00:49:10[22m [31m[1m[vite][22m[39m [31mhttp proxy error: /api/v1/me/notifications/unread-count[39m
AggregateError [ECONNREFUSED]: 
    at internalConnectMultiple (node:net:1194:18)
    at afterConnectMultiple (node:net:1784:7)
[2m00:49:10[22m [31m[1m[vite][22m[39m [31mhttp proxy error: /api/v1/announcements/unread-count[39m
AggregateError [ECONNREFUSED]: 
    at internalConnectMultiple (node:net:1194:18)
    at afterConnectMultiple (node:net:1784:7)
[2m00:49:10[22m [31m[1m[vite][22m[39m [31mhttp proxy error: /api/v1/me/notifications/unread-count[39m
AggregateError [ECONNREFUSED]: 
    at internalConnectMultiple (node:net:1194:18)
    at afterConnectMultiple (node:net:1784:7)
[2m00:49:10[22m [31m[1m[vite][22m[39m [31mhttp proxy error: /api/v1/auth/notifications?unreadOnly=true&pageSize=
1[39m
AggregateError [ECONNREFUSED]: 
    at internalConnectMultiple (node:net:1194:18)
    at afterConnectMultiple (node:net:1784:7)
[2m00:49:41[22m [31m[1m[vite][22m[39m [31mhttp proxy error: /api/v1/me/notifications/unread-count[39m
AggregateError [ECONNREFUSED]: 
    at internalConnectMultiple (node:net:1194:18)
    at afterConnectMultiple (node:net:1784:7)
[2m00:49:41[22m [31m[1m[vite][22m[39m [31mhttp proxy error: /api/v1/announcements/unread-count[39m
AggregateError [ECONNREFUSED]: 
    at internalConnectMultiple (node:net:1194:18)
    at afterConnectMultiple (node:net:1784:7)
[2m00:49:41[22m [31m[1m[vite][22m[39m [31mhttp proxy error: /api/v1/me/notifications/unread-count[39m
AggregateError [ECONNREFUSED]: 
    at internalConnectMultiple (node:net:1194:18)
    at afterConnectMultiple (node:net:1784:7)
[2m00:49:41[22m [31m[1m[vite][22m[39m [31mhttp proxy error: /api/v1/auth/notifications?unreadOnly=true&pageSize=
1[39m
AggregateError [ECONNREFUSED]: 
    at internalConnectMultiple (node:net:1194:18)
    at afterConnectMultiple (node:net:1784:7)
[2m00:49:41[22m [31m[1m[vite][22m[39m [31mhttp proxy error: /api/v1/me/alerts[39m
AggregateError [ECONNREFUSED]: 
    at internalConnectMultiple (node:net:1194:18)
    at afterConnectMultiple (node:net:1784:7)
[2m00:50:10[22m [31m[1m[vite][22m[39m [31mhttp proxy error: /api/v1/me/notifications/unread-count[39m
AggregateError [ECONNREFUSED]: 
    at internalConnectMultiple (node:net:1194:18)
    at afterConnectMultiple (node:net:1784:7)
[2m00:50:10[22m [31m[1m[vite][22m[39m [31mhttp proxy error: /api/v1/announcements/unread-count[39m
AggregateError [ECONNREFUSED]: 
    at internalConnectMultiple (node:net:1194:18)
    at afterConnectMultiple (node:net:1784:7)
[2m00:50:10[22m [31m[1m[vite][22m[39m [31mhttp proxy error: /api/v1/me/notifications/unread-count[39m
AggregateError [ECONNREFUSED]: 
    at internalConnectMultiple (node:net:1194:18)
    at afterConnectMultiple (node:net:1784:7)
[2m00:50:10[22m [31m[1m[vite][22m[39m [31mhttp proxy error: /api/v1/auth/notifications?unreadOnly=true&pageSize=
1[39m
AggregateError [ECONNREFUSED]: 
    at internalConnectMultiple (node:net:1194:18)
    at afterConnectMultiple (node:net:1784:7)
[2m00:50:41[22m [31m[1m[vite][22m[39m [31mhttp proxy error: /api/v1/me/notifications/unread-count[39m
AggregateError [ECONNREFUSED]: 
    at internalConnectMultiple (node:net:1194:18)
    at afterConnectMultiple (node:net:1784:7)
[2m00:50:41[22m [31m[1m[vite][22m[39m [31mhttp proxy error: /api/v1/announcements/unread-count[39m
AggregateError [ECONNREFUSED]: 
    at internalConnectMultiple (node:net:1194:18)
    at afterConnectMultiple (node:net:1784:7)
[2m00:50:41[22m [31m[1m[vite][22m[39m [31mhttp proxy error: /api/v1/me/notifications/unread-count[39m
AggregateError [ECONNREFUSED]: 
    at internalConnectMultiple (node:net:1194:18)
    at afterConnectMultiple (node:net:1784:7)
[2m00:50:41[22m [31m[1m[vite][22m[39m [31mhttp proxy error: /api/v1/auth/notifications?unreadOnly=true&pageSize=
1[39m
AggregateError [ECONNREFUSED]: 
    at internalConnectMultiple (node:net:1194:18)
    at afterConnectMultiple (node:net:1784:7)
[2m00:50:41[22m [31m[1m[vite][22m[39m [31mhttp proxy error: /api/v1/me/alerts[39m
AggregateError [ECONNREFUSED]: 
    at internalConnectMultiple (node:net:1194:18)
    at afterConnectMultiple (node:net:1784:7)
[2m00:51:10[22m [31m[1m[vite][22m[39m [31mhttp proxy error: /api/v1/me/notifications/unread-count[39m
AggregateError [ECONNREFUSED]: 
    at internalConnectMultiple (node:net:1194:18)
    at afterConnectMultiple (node:net:1784:7)
[2m00:51:10[22m [31m[1m[vite][22m[39m [31mhttp proxy error: /api/v1/announcements/unread-count[39m
AggregateError [ECONNREFUSED]: 
    at internalConnectMultiple (node:net:1194:18)
    at afterConnectMultiple (node:net:1784:7)
[2m00:51:10[22m [31m[1m[vite][22m[39m [31mhttp proxy error: /api/v1/me/notifications/unread-count[39m
AggregateError [ECONNREFUSED]: 
    at internalConnectMultiple (node:net:1194:18)
    at afterConnectMultiple (node:net:1784:7)
[2m00:51:10[22m [31m[1m[vite][22m[39m [31mhttp proxy error: /api/v1/auth/notifications?unreadOnly=true&pageSize=
1[39m
AggregateError [ECONNREFUSED]: 
    at internalConnectMultiple (node:net:1194:18)
    at afterConnectMultiple (node:net:1784:7)
[2m00:51:41[22m [31m[1m[vite][22m[39m [31mhttp proxy error: /api/v1/me/notifications/unread-count[39m
AggregateError [ECONNREFUSED]: 
    at internalConnectMultiple (node:net:1194:18)
    at afterConnectMultiple (node:net:1784:7)
[2m00:51:41[22m [31m[1m[vite][22m[39m [31mhttp proxy error: /api/v1/announcements/unread-count[39m
AggregateError [ECONNREFUSED]: 
    at internalConnectMultiple (node:net:1194:18)
    at afterConnectMultiple (node:net:1784:7)
[2m00:51:41[22m [31m[1m[vite][22m[39m [31mhttp proxy error: /api/v1/me/notifications/unread-count[39m
AggregateError [ECONNREFUSED]: 
    at internalConnectMultiple (node:net:1194:18)
    at afterConnectMultiple (node:net:1784:7)
[2m00:51:41[22m [31m[1m[vite][22m[39m [31mhttp proxy error: /api/v1/auth/notifications?unreadOnly=true&pageSize=
1[39m
AggregateError [ECONNREFUSED]: 
    at internalConnectMultiple (node:net:1194:18)
    at afterConnectMultiple (node:net:1784:7)
[2m00:51:41[22m [31m[1m[vite][22m[39m [31mhttp proxy error: /api/v1/me/alerts[39m
AggregateError [ECONNREFUSED]: 
    at internalConnectMultiple (node:net:1194:18)
    at afterConnectMultiple (node:net:1784:7)
[2m00:52:10[22m [31m[1m[vite][22m[39m [31mhttp proxy error: /api/v1/me/notifications/unread-count[39m
AggregateError [ECONNREFUSED]: 
    at internalConnectMultiple (node:net:1194:18)
    at afterConnectMultiple (node:net:1784:7)
[2m00:52:10[22m [31m[1m[vite][22m[39m [31mhttp proxy error: /api/v1/announcements/unread-count[39m
AggregateError [ECONNREFUSED]: 
    at internalConnectMultiple (node:net:1194:18)
    at afterConnectMultiple (node:net:1784:7)
[2m00:52:10[22m [31m[1m[vite][22m[39m [31mhttp proxy error: /api/v1/me/notifications/unread-count[39m
AggregateError [ECONNREFUSED]: 
    at internalConnectMultiple (node:net:1194:18)
    at afterConnectMultiple (node:net:1784:7)
[2m00:52:10[22m [31m[1m[vite][22m[39m [31mhttp proxy error: /api/v1/auth/notifications?unreadOnly=true&pageSize=
1[39m
AggregateError [ECONNREFUSED]: 
    at internalConnectMultiple (node:net:1194:18)
    at afterConnectMultiple (node:net:1784:7)
[2m00:52:41[22m [31m[1m[vite][22m[39m [31mhttp proxy error: /api/v1/me/notifications/unread-count[39m
AggregateError [ECONNREFUSED]: 
    at internalConnectMultiple (node:net:1194:18)
    at afterConnectMultiple (node:net:1784:7)
[2m00:52:41[22m [31m[1m[vite][22m[39m [31mhttp proxy error: /api/v1/announcements/unread-count[39m
AggregateError [ECONNREFUSED]: 
    at internalConnectMultiple (node:net:1194:18)
    at afterConnectMultiple (node:net:1784:7)
[2m00:52:41[22m [31m[1m[vite][22m[39m [31mhttp proxy error: /api/v1/me/notifications/unread-count[39m
AggregateError [ECONNREFUSED]: 
    at internalConnectMultiple (node:net:1194:18)
    at afterConnectMultiple (node:net:1784:7)
[2m00:52:41[22m [31m[1m[vite][22m[39m [31mhttp proxy error: /api/v1/auth/notifications?unreadOnly=true&pageSize=
1[39m
AggregateError [ECONNREFUSED]: 
    at internalConnectMultiple (node:net:1194:18)
    at afterConnectMultiple (node:net:1784:7)
[2m00:52:41[22m [31m[1m[vite][22m[39m [31mhttp proxy error: /api/v1/me/alerts[39m
AggregateError [ECONNREFUSED]: 
    at internalConnectMultiple (node:net:1194:18)
    at afterConnectMultiple (node:net:1784:7)
[2m00:52:56[22m [31m[1m[vite][22m[39m [31mhttp proxy error: /api/v1/me/settings[39m
AggregateError [ECONNREFUSED]: 
    at internalConnectMultiple (node:net:1194:18)
    at afterConnectMultiple (node:net:1784:7)
[2m00:52:56[22m [31m[1m[vite][22m[39m [31mhttp proxy error: /api/v1/auth/me[39m
AggregateError [ECONNREFUSED]: 
    at internalConnectMultiple (node:net:1194:18)
    at afterConnectMultiple (node:net:1784:7)
[2m00:52:56[22m [31m[1m[vite][22m[39m [31mhttp proxy error: /api/v1/me/settings[39m
AggregateError [ECONNREFUSED]: 
    at internalConnectMultiple (node:net:1194:18)
    at afterConnectMultiple (node:net:1784:7)
[2m00:52:56[22m [31m[1m[vite][22m[39m [31mhttp proxy error: /api/v1/auth/me[39m
AggregateError [ECONNREFUSED]: 
    at internalConnectMultiple (node:net:1194:18)
    at afterConnectMultiple (node:net:1784:7)
[2m00:52:56[22m [31m[1m[vite][22m[39m [31mhttp proxy error: /api/v1/site-config/public[39m
AggregateError [ECONNREFUSED]: 
    at internalConnectMultiple (node:net:1194:18)
    at afterConnectMultiple (node:net:1784:7)
[2m00:52:56[22m [31m[1m[vite][22m[39m [31mhttp proxy error: /api/v1/site-config/public[39m
AggregateError [ECONNREFUSED]: 
    at internalConnectMultiple (node:net:1194:18)
    at afterConnectMultiple (node:net:1784:7)
[2m00:52:56[22m [31m[1m[vite][22m[39m [31mhttp proxy error: /api/v1/me/settings[39m
AggregateError [ECONNREFUSED]: 
    at internalConnectMultiple (node:net:1194:18)
    at afterConnectMultiple (node:net:1784:7)
[2m00:52:56[22m [31m[1m[vite][22m[39m [31mhttp proxy error: /api/v1/auth/me[39m
AggregateError [ECONNREFUSED]: 
    at internalConnectMultiple (node:net:1194:18)
    at afterConnectMultiple (node:net:1784:7)
[2m00:52:56[22m [31m[1m[vite][22m[39m [31mhttp proxy error: /api/v1/me/settings[39m
AggregateError [ECONNREFUSED]: 
    at internalConnectMultiple (node:net:1194:18)
    at afterConnectMultiple (node:net:1784:7)
[2m00:52:56[22m [31m[1m[vite][22m[39m [31mhttp proxy error: /api/v1/auth/me[39m
AggregateError [ECONNREFUSED]: 
    at internalConnectMultiple (node:net:1194:18)
    at afterConnectMultiple (node:net:1784:7)
[2m00:52:58[22m [31m[1m[vite][22m[39m [31mhttp proxy error: /api/v1/site-config/public[39m
AggregateError [ECONNREFUSED]: 
    at internalConnectMultiple (node:net:1194:18)
    at afterConnectMultiple (node:net:1784:7)
[2m00:52:58[22m [31m[1m[vite][22m[39m [31mhttp proxy error: /api/v1/site-config/public[39m
AggregateError [ECONNREFUSED]: 
    at internalConnectMultiple (node:net:1194:18)
    at afterConnectMultiple (node:net:1784:7)
[2m00:53:10[22m [31m[1m[vite][22m[39m [31mhttp proxy error: /api/v1/me/settings[39m
AggregateError [ECONNREFUSED]: 
    at internalConnectMultiple (node:net:1194:18)
    at afterConnectMultiple (node:net:1784:7)
[2m00:53:10[22m [31m[1m[vite][22m[39m [31mhttp proxy error: /api/v1/auth/me[39m
AggregateError [ECONNREFUSED]: 
    at internalConnectMultiple (node:net:1194:18)
    at afterConnectMultiple (node:net:1784:7)
[2m00:53:10[22m [31m[1m[vite][22m[39m [31mhttp proxy error: /api/v1/me/settings[39m
AggregateError [ECONNREFUSED]: 
    at internalConnectMultiple (node:net:1194:18)
    at afterConnectMultiple (node:net:1784:7)
[2m00:53:10[22m [31m[1m[vite][22m[39m [31mhttp proxy error: /api/v1/auth/me[39m
AggregateError [ECONNREFUSED]: 
    at internalConnectMultiple (node:net:1194:18)
    at afterConnectMultiple (node:net:1784:7)
[2m00:53:10[22m [31m[1m[vite][22m[39m [31mhttp proxy error: /api/v1/me/settings[39m
AggregateError [ECONNREFUSED]: 
    at internalConnectMultiple (node:net:1194:18)
    at afterConnectMultiple (node:net:1784:7)
[2m00:53:10[22m [31m[1m[vite][22m[39m [31mhttp proxy error: /api/v1/auth/me[39m
AggregateError [ECONNREFUSED]: 
    at internalConnectMultiple (node:net:1194:18)
    at afterConnectMultiple (node:net:1784:7)
[2m00:53:10[22m [31m[1m[vite][22m[39m [31mhttp proxy error: /api/v1/me/settings[39m
AggregateError [ECONNREFUSED]: 
    at internalConnectMultiple (node:net:1194:18)
    at afterConnectMultiple (node:net:1784:7)
[2m00:53:10[22m [31m[1m[vite][22m[39m [31mhttp proxy error: /api/v1/auth/me[39m
AggregateError [ECONNREFUSED]: 
    at internalConnectMultiple (node:net:1194:18)
    at afterConnectMultiple (node:net:1784:7)
[2m00:53:10[22m [31m[1m[vite][22m[39m [31mhttp proxy error: /api/v1/site-config/public[39m
AggregateError [ECONNREFUSED]: 
    at internalConnectMultiple (node:net:1194:18)
    at afterConnectMultiple (node:net:1784:7)
[2m00:53:10[22m [31m[1m[vite][22m[39m [31mhttp proxy error: /api/v1/site-config/public[39m
AggregateError [ECONNREFUSED]: 
    at internalConnectMultiple (node:net:1194:18)
    at afterConnectMultiple (node:net:1784:7)
[2m00:53:11[22m [31m[1m[vite][22m[39m [31mhttp proxy error: /api/v1/site-config/public[39m
AggregateError [ECONNREFUSED]: 
    at internalConnectMultiple (node:net:1194:18)
    at afterConnectMultiple (node:net:1784:7)
[2m00:53:11[22m [31m[1m[vite][22m[39m [31mhttp proxy error: /api/v1/site-config/public[39m
AggregateError [ECONNREFUSED]: 
    at internalConnectMultiple (node:net:1194:18)
    at afterConnectMultiple (node:net:1784:7)
[2m00:53:21[22m [31m[1m[vite][22m[39m [31mhttp proxy error: /api/v1/me/settings[39m
AggregateError [ECONNREFUSED]: 
    at internalConnectMultiple (node:net:1194:18)
    at afterConnectMultiple (node:net:1784:7)
[2m00:53:21[22m [31m[1m[vite][22m[39m [31mhttp proxy error: /api/v1/auth/me[39m
AggregateError [ECONNREFUSED]: 
    at internalConnectMultiple (node:net:1194:18)
    at afterConnectMultiple (node:net:1784:7)
[2m00:53:21[22m [31m[1m[vite][22m[39m [31mhttp proxy error: /api/v1/me/settings[39m
AggregateError [ECONNREFUSED]: 
    at internalConnectMultiple (node:net:1194:18)
    at afterConnectMultiple (node:net:1784:7)
[2m00:53:21[22m [31m[1m[vite][22m[39m [31mhttp proxy error: /api/v1/auth/me[39m
AggregateError [ECONNREFUSED]: 
    at internalConnectMultiple (node:net:1194:18)
    at afterConnectMultiple (node:net:1784:7)
[2m00:53:21[22m [31m[1m[vite][22m[39m [31mhttp proxy error: /api/v1/site-config/public[39m
AggregateError [ECONNREFUSED]: 
    at internalConnectMultiple (node:net:1194:18)
    at afterConnectMultiple (node:net:1784:7)
[2m00:53:21[22m [31m[1m[vite][22m[39m [31mhttp proxy error: /api/v1/site-config/public[39m
AggregateError [ECONNREFUSED]: 
    at internalConnectMultiple (node:net:1194:18)
    at afterConnectMultiple (node:net:1784:7)
[2m00:53:22[22m [31m[1m[vite][22m[39m [31mhttp proxy error: /api/v1/me/settings[39m
AggregateError [ECONNREFUSED]: 
    at internalConnectMultiple (node:net:1194:18)
    at afterConnectMultiple (node:net:1784:7)
[2m00:53:22[22m [31m[1m[vite][22m[39m [31mhttp proxy error: /api/v1/auth/me[39m
AggregateError [ECONNREFUSED]: 
    at internalConnectMultiple (node:net:1194:18)
    at afterConnectMultiple (node:net:1784:7)
[2m00:53:22[22m [31m[1m[vite][22m[39m [31mhttp proxy error: /api/v1/me/settings[39m
AggregateError [ECONNREFUSED]: 
    at internalConnectMultiple (node:net:1194:18)
    at afterConnectMultiple (node:net:1784:7)
[2m00:53:22[22m [31m[1m[vite][22m[39m [31mhttp proxy error: /api/v1/auth/me[39m
AggregateError [ECONNREFUSED]: 
    at internalConnectMultiple (node:net:1194:18)
    at afterConnectMultiple (node:net:1784:7)
[2m00:53:23[22m [31m[1m[vite][22m[39m [31mhttp proxy error: /api/v1/site-config/public[39m
AggregateError [ECONNREFUSED]: 
    at internalConnectMultiple (node:net:1194:18)
    at afterConnectMultiple (node:net:1784:7)
[2m00:53:23[22m [31m[1m[vite][22m[39m [31mhttp proxy error: /api/v1/site-config/public[39m
AggregateError [ECONNREFUSED]: 
    at internalConnectMultiple (node:net:1194:18)
    at afterConnectMultiple (node:net:1784:7)
[2m00:53:39[22m [31m[1m[vite][22m[39m [31mhttp proxy error: /api/v1/me/settings[39m
AggregateError [ECONNREFUSED]: 
    at internalConnectMultiple (node:net:1194:18)
    at afterConnectMultiple (node:net:1784:7)
[2m00:53:39[22m [31m[1m[vite][22m[39m [31mhttp proxy error: /api/v1/auth/me[39m
AggregateError [ECONNREFUSED]: 
    at internalConnectMultiple (node:net:1194:18)
    at afterConnectMultiple (node:net:1784:7)
[2m00:53:39[22m [31m[1m[vite][22m[39m [31mhttp proxy error: /api/v1/me/settings[39m
AggregateError [ECONNREFUSED]: 
    at internalConnectMultiple (node:net:1194:18)
    at afterConnectMultiple (node:net:1784:7)
[2m00:53:39[22m [31m[1m[vite][22m[39m [31mhttp proxy error: /api/v1/auth/me[39m
AggregateError [ECONNREFUSED]: 
    at internalConnectMultiple (node:net:1194:18)
    at afterConnectMultiple (node:net:1784:7)
[2m00:53:40[22m [31m[1m[vite][22m[39m [31mhttp proxy error: /api/v1/site-config/public[39m
AggregateError [ECONNREFUSED]: 
    at internalConnectMultiple (node:net:1194:18)
    at afterConnectMultiple (node:net:1784:7)
[2m00:53:40[22m [31m[1m[vite][22m[39m [31mhttp proxy error: /api/v1/site-config/public[39m
AggregateError [ECONNREFUSED]: 
    at internalConnectMultiple (node:net:1194:18)
    at afterConnectMultiple (node:net:1784:7)
[2m00:53:40[22m [31m[1m[vite][22m[39m [31mhttp proxy error: /api/v1/me/settings[39m
AggregateError [ECONNREFUSED]: 
    at internalConnectMultiple (node:net:1194:18)
    at afterConnectMultiple (node:net:1784:7)
[2m00:53:40[22m [31m[1m[vite][22m[39m [31mhttp proxy error: /api/v1/auth/me[39m
AggregateError [ECONNREFUSED]: 
    at internalConnectMultiple (node:net:1194:18)
    at afterConnectMultiple (node:net:1784:7)
[2m00:53:40[22m [31m[1m[vite][22m[39m [31mhttp proxy error: /api/v1/me/settings[39m
AggregateError [ECONNREFUSED]: 
    at internalConnectMultiple (node:net:1194:18)
    at afterConnectMultiple (node:net:1784:7)
[2m00:53:40[22m [31m[1m[vite][22m[39m [31mhttp proxy error: /api/v1/auth/me[39m
AggregateError [ECONNREFUSED]: 
    at internalConnectMultiple (node:net:1194:18)
    at afterConnectMultiple (node:net:1784:7)
[2m00:53:41[22m [31m[1m[vite][22m[39m [31mhttp proxy error: /api/v1/site-config/public[39m
AggregateError [ECONNREFUSED]: 
    at internalConnectMultiple (node:net:1194:18)
    at afterConnectMultiple (node:net:1784:7)
[2m00:53:41[22m [31m[1m[vite][22m[39m [31mhttp proxy error: /api/v1/site-config/public[39m
AggregateError [ECONNREFUSED]: 
    at internalConnectMultiple (node:net:1194:18)
    at afterConnectMultiple (node:net:1784:7)
[2m00:53:57[22m [31m[1m[vite][22m[39m [31mhttp proxy error: /api/v1/me/settings[39m
AggregateError [ECONNREFUSED]: 
    at internalConnectMultiple (node:net:1194:18)
    at afterConnectMultiple (node:net:1784:7)
[2m00:53:57[22m [31m[1m[vite][22m[39m [31mhttp proxy error: /api/v1/auth/me[39m
AggregateError [ECONNREFUSED]: 
    at internalConnectMultiple (node:net:1194:18)
    at afterConnectMultiple (node:net:1784:7)
[2m00:53:57[22m [31m[1m[vite][22m[39m [31mhttp proxy error: /api/v1/me/settings[39m
AggregateError [ECONNREFUSED]: 
    at internalConnectMultiple (node:net:1194:18)
    at afterConnectMultiple (node:net:1784:7)
[2m00:53:57[22m [31m[1m[vite][22m[39m [31mhttp proxy error: /api/v1/auth/me[39m
AggregateError [ECONNREFUSED]: 
    at internalConnectMultiple (node:net:1194:18)
    at afterConnectMultiple (node:net:1784:7)
[2m00:53:57[22m [31m[1m[vite][22m[39m [31mhttp proxy error: /api/v1/site-config/public[39m
AggregateError [ECONNREFUSED]: 
    at internalConnectMultiple (node:net:1194:18)
    at afterConnectMultiple (node:net:1784:7)
[2m00:53:57[22m [31m[1m[vite][22m[39m [31mhttp proxy error: /api/v1/site-config/public[39m
AggregateError [ECONNREFUSED]: 
    at internalConnectMultiple (node:net:1194:18)
    at afterConnectMultiple (node:net:1784:7)
[2m00:53:57[22m [31m[1m[vite][22m[39m [31mhttp proxy error: /api/v1/me/settings[39m
AggregateError [ECONNREFUSED]: 
    at internalConnectMultiple (node:net:1194:18)
    at afterConnectMultiple (node:net:1784:7)
[2m00:53:57[22m [31m[1m[vite][22m[39m [31mhttp proxy error: /api/v1/auth/me[39m
AggregateError [ECONNREFUSED]: 
    at internalConnectMultiple (node:net:1194:18)
    at afterConnectMultiple (node:net:1784:7)
[2m00:53:57[22m [31m[1m[vite][22m[39m [31mhttp proxy error: /api/v1/me/settings[39m
AggregateError [ECONNREFUSED]: 
    at internalConnectMultiple (node:net:1194:18)
    at afterConnectMultiple (node:net:1784:7)
[2m00:53:57[22m [31m[1m[vite][22m[39m [31mhttp proxy error: /api/v1/auth/me[39m
AggregateError [ECONNREFUSED]: 
    at internalConnectMultiple (node:net:1194:18)
    at afterConnectMultiple (node:net:1784:7)
[2m00:53:58[22m [31m[1m[vite][22m[39m [31mhttp proxy error: /api/v1/site-config/public[39m
AggregateError [ECONNREFUSED]: 
    at internalConnectMultiple (node:net:1194:18)
    at afterConnectMultiple (node:net:1784:7)
[2m00:53:58[22m [31m[1m[vite][22m[39m [31mhttp proxy error: /api/v1/site-config/public[39m
AggregateError [ECONNREFUSED]: 
    at internalConnectMultiple (node:net:1194:18)
    at afterConnectMultiple (node:net:1784:7)
[2m00:55:07[22m [31m[1m[vite][22m[39m [31mhttp proxy error: /api/v1/me/settings[39m
AggregateError [ECONNREFUSED]: 
    at internalConnectMultiple (node:net:1194:18)
    at afterConnectMultiple (node:net:1784:7)
[2m00:55:07[22m [31m[1m[vite][22m[39m [31mhttp proxy error: /api/v1/auth/me[39m
AggregateError [ECONNREFUSED]: 
    at internalConnectMultiple (node:net:1194:18)
    at afterConnectMultiple (node:net:1784:7)
[2m00:55:07[22m [31m[1m[vite][22m[39m [31mhttp proxy error: /api/v1/me/settings[39m
AggregateError [ECONNREFUSED]: 
    at internalConnectMultiple (node:net:1194:18)
    at afterConnectMultiple (node:net:1784:7)
[2m00:55:07[22m [31m[1m[vite][22m[39m [31mhttp proxy error: /api/v1/auth/me[39m
AggregateError [ECONNREFUSED]: 
    at internalConnectMultiple (node:net:1194:18)
    at afterConnectMultiple (node:net:1784:7)
[2m00:55:07[22m [31m[1m[vite][22m[39m [31mhttp proxy error: /api/v1/site-config/public[39m
AggregateError [ECONNREFUSED]: 
    at internalConnectMultiple (node:net:1194:18)
    at afterConnectMultiple (node:net:1784:7)
[2m00:55:07[22m [31m[1m[vite][22m[39m [31mhttp proxy error: /api/v1/site-config/public[39m
AggregateError [ECONNREFUSED]: 
    at internalConnectMultiple (node:net:1194:18)
    at afterConnectMultiple (node:net:1784:7)
[2m00:55:08[22m [31m[1m[vite][22m[39m [31mhttp proxy error: /api/v1/me/settings[39m
AggregateError [ECONNREFUSED]: 
    at internalConnectMultiple (node:net:1194:18)
    at afterConnectMultiple (node:net:1784:7)
[2m00:55:08[22m [31m[1m[vite][22m[39m [31mhttp proxy error: /api/v1/auth/me[39m
AggregateError [ECONNREFUSED]: 
    at internalConnectMultiple (node:net:1194:18)
    at afterConnectMultiple (node:net:1784:7)
[2m00:55:08[22m [31m[1m[vite][22m[39m [31mhttp proxy error: /api/v1/me/settings[39m
AggregateError [ECONNREFUSED]: 
    at internalConnectMultiple (node:net:1194:18)
    at afterConnectMultiple (node:net:1784:7)
[2m00:55:08[22m [31m[1m[vite][22m[39m [31mhttp proxy error: /api/v1/auth/me[39m
AggregateError [ECONNREFUSED]: 
    at internalConnectMultiple (node:net:1194:18)
    at afterConnectMultiple (node:net:1784:7)
[2m00:55:08[22m [31m[1m[vite][22m[39m [31mhttp proxy error: /api/v1/site-config/public[39m
AggregateError [ECONNREFUSED]: 
    at internalConnectMultiple (node:net:1194:18)
    at afterConnectMultiple (node:net:1784:7)
[2m00:55:08[22m [31m[1m[vite][22m[39m [31mhttp proxy error: /api/v1/site-config/public[39m
AggregateError [ECONNREFUSED]: 
    at internalConnectMultiple (node:net:1194:18)
    at afterConnectMultiple (node:net:1784:7)
[2m00:55:17[22m [31m[1m[vite][22m[39m [31mhttp proxy error: /api/v1/me/settings[39m
AggregateError [ECONNREFUSED]: 
    at internalConnectMultiple (node:net:1194:18)
    at afterConnectMultiple (node:net:1784:7)
[2m00:55:17[22m [31m[1m[vite][22m[39m [31mhttp proxy error: /api/v1/auth/me[39m
AggregateError [ECONNREFUSED]: 
    at internalConnectMultiple (node:net:1194:18)
    at afterConnectMultiple (node:net:1784:7)
[2m00:55:17[22m [31m[1m[vite][22m[39m [31mhttp proxy error: /api/v1/me/settings[39m
AggregateError [ECONNREFUSED]: 
    at internalConnectMultiple (node:net:1194:18)
    at afterConnectMultiple (node:net:1784:7)
[2m00:55:17[22m [31m[1m[vite][22m[39m [31mhttp proxy error: /api/v1/auth/me[39m
AggregateError [ECONNREFUSED]: 
    at internalConnectMultiple (node:net:1194:18)
    at afterConnectMultiple (node:net:1784:7)
[2m00:55:17[22m [31m[1m[vite][22m[39m [31mhttp proxy error: /api/v1/me/settings[39m
AggregateError [ECONNREFUSED]: 
    at internalConnectMultiple (node:net:1194:18)
    at afterConnectMultiple (node:net:1784:7)
[2m00:55:17[22m [31m[1m[vite][22m[39m [31mhttp proxy error: /api/v1/auth/me[39m
AggregateError [ECONNREFUSED]: 
    at internalConnectMultiple (node:net:1194:18)
    at afterConnectMultiple (node:net:1784:7)
[2m00:55:17[22m [31m[1m[vite][22m[39m [31mhttp proxy error: /api/v1/me/settings[39m
AggregateError [ECONNREFUSED]: 
    at internalConnectMultiple (node:net:1194:18)
    at afterConnectMultiple (node:net:1784:7)
[2m00:55:17[22m [31m[1m[vite][22m[39m [31mhttp proxy error: /api/v1/auth/me[39m
AggregateError [ECONNREFUSED]: 
    at internalConnectMultiple (node:net:1194:18)
    at afterConnectMultiple (node:net:1784:7)
[2m00:55:17[22m [31m[1m[vite][22m[39m [31mhttp proxy error: /api/v1/site-config/public[39m
AggregateError [ECONNREFUSED]: 
    at internalConnectMultiple (node:net:1194:18)
    at afterConnectMultiple (node:net:1784:7)
[2m00:55:17[22m [31m[1m[vite][22m[39m [31mhttp proxy error: /api/v1/site-config/public[39m
AggregateError [ECONNREFUSED]: 
    at internalConnectMultiple (node:net:1194:18)
    at afterConnectMultiple (node:net:1784:7)
[2m00:55:18[22m [31m[1m[vite][22m[39m [31mhttp proxy error: /api/v1/site-config/public[39m
AggregateError [ECONNREFUSED]: 
    at internalConnectMultiple (node:net:1194:18)
    at afterConnectMultiple (node:net:1784:7)
[2m00:55:18[22m [31m[1m[vite][22m[39m [31mhttp proxy error: /api/v1/site-config/public[39m
AggregateError [ECONNREFUSED]: 
    at internalConnectMultiple (node:net:1194:18)
    at afterConnectMultiple (node:net:1784:7)
[2m00:55:45[22m [31m[1m[vite][22m[39m [31mhttp proxy error: /api/v1/me/settings[39m
AggregateError [ECONNREFUSED]: 
    at internalConnectMultiple (node:net:1194:18)
    at afterConnectMultiple (node:net:1784:7)
[2m00:55:45[22m [31m[1m[vite][22m[39m [31mhttp proxy error: /api/v1/auth/me[39m
AggregateError [ECONNREFUSED]: 
    at internalConnectMultiple (node:net:1194:18)
    at afterConnectMultiple (node:net:1784:7)
[2m00:55:45[22m [31m[1m[vite][22m[39m [31mhttp proxy error: /api/v1/me/settings[39m
AggregateError [ECONNREFUSED]: 
    at internalConnectMultiple (node:net:1194:18)
    at afterConnectMultiple (node:net:1784:7)
[2m00:55:45[22m [31m[1m[vite][22m[39m [31mhttp proxy error: /api/v1/auth/me[39m
AggregateError [ECONNREFUSED]: 
    at internalConnectMultiple (node:net:1194:18)
    at afterConnectMultiple (node:net:1784:7)
[2m00:55:45[22m [31m[1m[vite][22m[39m [31mhttp proxy error: /api/v1/me/settings[39m
AggregateError [ECONNREFUSED]: 
    at internalConnectMultiple (node:net:1194:18)
    at afterConnectMultiple (node:net:1784:7)
[2m00:55:45[22m [31m[1m[vite][22m[39m [31mhttp proxy error: /api/v1/auth/me[39m
AggregateError [ECONNREFUSED]: 
    at internalConnectMultiple (node:net:1194:18)
    at afterConnectMultiple (node:net:1784:7)
[2m00:55:45[22m [31m[1m[vite][22m[39m [31mhttp proxy error: /api/v1/me/settings[39m
AggregateError [ECONNREFUSED]: 
    at internalConnectMultiple (node:net:1194:18)
    at afterConnectMultiple (node:net:1784:7)
[2m00:55:45[22m [31m[1m[vite][22m[39m [31mhttp proxy error: /api/v1/auth/me[39m
AggregateError [ECONNREFUSED]: 
    at internalConnectMultiple (node:net:1194:18)
    at afterConnectMultiple (node:net:1784:7)
[2m00:55:45[22m [31m[1m[vite][22m[39m [31mhttp proxy error: /api/v1/site-config/public[39m
AggregateError [ECONNREFUSED]: 
    at internalConnectMultiple (node:net:1194:18)
    at afterConnectMultiple (node:net:1784:7)
[2m00:55:45[22m [31m[1m[vite][22m[39m [31mhttp proxy error: /api/v1/site-config/public[39m
AggregateError [ECONNREFUSED]: 
    at internalConnectMultiple (node:net:1194:18)
    at afterConnectMultiple (node:net:1784:7)
[2m00:55:46[22m [31m[1m[vite][22m[39m [31mhttp proxy error: /api/v1/site-config/public[39m
AggregateError [ECONNREFUSED]: 
    at internalConnectMultiple (node:net:1194:18)
    at afterConnectMultiple (node:net:1784:7)
[2m00:55:46[22m [31m[1m[vite][22m[39m [31mhttp proxy error: /api/v1/site-config/public[39m
AggregateError [ECONNREFUSED]: 
    at internalConnectMultiple (node:net:1194:18)
    at afterConnectMultiple (node:net:1784:7)
[2m00:56:56[22m [36m[1m[vite][22m[39m [90m[2m(client)[22m[39m [32mhmr update [39m[2m/src/index.css[22m
[2m00:57:39[22m [36m[1m[vite][22m[39m [90m[2m(client)[22m[39m [32mhmr update [39m[2m/src/App.tsx, /src/index.css[22m
[2m00:57:58[22m [36m[1m[vite][22m[39m [90m[2m(client)[22m[39m [32mhmr update [39m[2m/src/App.tsx, /src/index.css[22m
[2m00:57:59[22m [31m[1m[vite][22m[39m [31mhttp proxy error: /api/v1/me/settings[39m
AggregateError [ECONNREFUSED]: 
    at internalConnectMultiple (node:net:1194:18)
    at afterConnectMultiple (node:net:1784:7)
[2m00:57:59[22m [31m[1m[vite][22m[39m [31mhttp proxy error: /api/v1/auth/me[39m
AggregateError [ECONNREFUSED]: 
    at internalConnectMultiple (node:net:1194:18)
    at afterConnectMultiple (node:net:1784:7)
[2m00:57:59[22m [31m[1m[vite][22m[39m [31mhttp proxy error: /api/v1/me/settings[39m
AggregateError [ECONNREFUSED]: 
    at internalConnectMultiple (node:net:1194:18)
    at afterConnectMultiple (node:net:1784:7)
[2m00:57:59[22m [31m[1m[vite][22m[39m [31mhttp proxy error: /api/v1/auth/me[39m
AggregateError [ECONNREFUSED]: 
    at internalConnectMultiple (node:net:1194:18)
    at afterConnectMultiple (node:net:1784:7)
[2m00:57:59[22m [31m[1m[vite][22m[39m [31mhttp proxy error: /api/v1/me/settings[39m
AggregateError [ECONNREFUSED]: 
    at internalConnectMultiple (node:net:1194:18)
    at afterConnectMultiple (node:net:1784:7)
[2m00:57:59[22m [31m[1m[vite][22m[39m [31mhttp proxy error: /api/v1/auth/me[39m
AggregateError [ECONNREFUSED]: 
    at internalConnectMultiple (node:net:1194:18)
    at afterConnectMultiple (node:net:1784:7)
[2m00:57:59[22m [31m[1m[vite][22m[39m [31mhttp proxy error: /api/v1/me/settings[39m
AggregateError [ECONNREFUSED]: 
    at internalConnectMultiple (node:net:1194:18)
    at afterConnectMultiple (node:net:1784:7)
[2m00:57:59[22m [31m[1m[vite][22m[39m [31mhttp proxy error: /api/v1/auth/me[39m
AggregateError [ECONNREFUSED]: 
    at internalConnectMultiple (node:net:1194:18)
    at afterConnectMultiple (node:net:1784:7)
[2m00:57:59[22m [31m[1m[vite][22m[39m [31mhttp proxy error: /api/v1/site-config/public[39m
AggregateError [ECONNREFUSED]: 
    at internalConnectMultiple (node:net:1194:18)
    at afterConnectMultiple (node:net:1784:7)
[2m00:57:59[22m [31m[1m[vite][22m[39m [31mhttp proxy error: /api/v1/site-config/public[39m
AggregateError [ECONNREFUSED]: 
    at internalConnectMultiple (node:net:1194:18)
    at afterConnectMultiple (node:net:1784:7)
[2m00:58:00[22m [31m[1m[vite][22m[39m [31mhttp proxy error: /api/v1/site-config/public[39m
AggregateError [ECONNREFUSED]: 
    at internalConnectMultiple (node:net:1194:18)
    at afterConnectMultiple (node:net:1784:7)
[2m00:58:00[22m [31m[1m[vite][22m[39m [31mhttp proxy error: /api/v1/site-config/public[39m
AggregateError [ECONNREFUSED]: 
    at internalConnectMultiple (node:net:1194:18)
    at afterConnectMultiple (node:net:1784:7)
[2m00:58:37[22m [36m[1m[vite][22m[39m [90m[2m(client)[22m[39m [32mhmr update [39m[2m/src/App.tsx, /src/index.css[22m
[2m01:06:57[22m [36m[1m[vite][22m[39m [90m[2m(client)[22m[39m [32mhmr update [39m[2m/src/index.css[22m
[2m01:07:35[22m [36m[1m[vite][22m[39m [90m[2m(client)[22m[39m [32mhmr update [39m[2m/src/index.css[22m
[2m01:07:53[22m [36m[1m[vite][22m[39m [90m[2m(client)[22m[39m [32mhmr update [39m[2m/src/index.css[22m
[2m01:08:58[22m [31m[1m[vite][22m[39m [31mhttp proxy error: /api/v1/me/settings[39m
AggregateError [ECONNREFUSED]: 
    at internalConnectMultiple (node:net:1194:18)
    at afterConnectMultiple (node:net:1784:7)
[2m01:08:58[22m [31m[1m[vite][22m[39m [31mhttp proxy error: /api/v1/auth/me[39m
AggregateError [ECONNREFUSED]: 
    at internalConnectMultiple (node:net:1194:18)
    at afterConnectMultiple (node:net:1784:7)
[2m01:08:58[22m [31m[1m[vite][22m[39m [31mhttp proxy error: /api/v1/me/settings[39m
AggregateError [ECONNREFUSED]: 
    at internalConnectMultiple (node:net:1194:18)
    at afterConnectMultiple (node:net:1784:7)
[2m01:08:58[22m [31m[1m[vite][22m[39m [31mhttp proxy error: /api/v1/auth/me[39m
AggregateError [ECONNREFUSED]: 
    at internalConnectMultiple (node:net:1194:18)
    at afterConnectMultiple (node:net:1784:7)
[2m01:08:58[22m [31m[1m[vite][22m[39m [31mhttp proxy error: /api/v1/site-config/public[39m
AggregateError [ECONNREFUSED]: 
    at internalConnectMultiple (node:net:1194:18)
    at afterConnectMultiple (node:net:1784:7)
[2m01:08:58[22m [31m[1m[vite][22m[39m [31mhttp proxy error: /api/v1/site-config/public[39m
AggregateError [ECONNREFUSED]: 
    at internalConnectMultiple (node:net:1194:18)
    at afterConnectMultiple (node:net:1784:7)
[2m01:09:17[22m [31m[1m[vite][22m[39m [31mhttp proxy error: /api/v1/auth/login[39m
AggregateError [ECONNREFUSED]: 
    at internalConnectMultiple (node:net:1194:18)
    at afterConnectMultiple (node:net:1784:7)
[2m01:10:59[22m [31m[1m[vite][22m[39m [31mhttp proxy error: /api/v1/me/settings[39m
AggregateError [ECONNREFUSED]: 
    at internalConnectMultiple (node:net:1194:18)
    at afterConnectMultiple (node:net:1784:7)
[2m01:10:59[22m [31m[1m[vite][22m[39m [31mhttp proxy error: /api/v1/auth/me[39m
AggregateError [ECONNREFUSED]: 
    at internalConnectMultiple (node:net:1194:18)
    at afterConnectMultiple (node:net:1784:7)
[2m01:10:59[22m [31m[1m[vite][22m[39m [31mhttp proxy error: /api/v1/me/settings[39m
AggregateError [ECONNREFUSED]: 
    at internalConnectMultiple (node:net:1194:18)
    at afterConnectMultiple (node:net:1784:7)
[2m01:10:59[22m [31m[1m[vite][22m[39m [31mhttp proxy error: /api/v1/auth/me[39m
AggregateError [ECONNREFUSED]: 
    at internalConnectMultiple (node:net:1194:18)
    at afterConnectMultiple (node:net:1784:7)
[2m01:10:59[22m [31m[1m[vite][22m[39m [31mhttp proxy error: /api/v1/me/settings[39m
AggregateError [ECONNREFUSED]: 
    at internalConnectMultiple (node:net:1194:18)
    at afterConnectMultiple (node:net:1784:7)
[2m01:10:59[22m [31m[1m[vite][22m[39m [31mhttp proxy error: /api/v1/auth/me[39m
AggregateError [ECONNREFUSED]: 
    at internalConnectMultiple (node:net:1194:18)
    at afterConnectMultiple (node:net:1784:7)
[2m01:10:59[22m [31m[1m[vite][22m[39m [31mhttp proxy error: /api/v1/me/settings[39m
AggregateError [ECONNREFUSED]: 
    at internalConnectMultiple (node:net:1194:18)
    at afterConnectMultiple (node:net:1784:7)
[2m01:10:59[22m [31m[1m[vite][22m[39m [31mhttp proxy error: /api/v1/auth/me[39m
AggregateError [ECONNREFUSED]: 
    at internalConnectMultiple (node:net:1194:18)
    at afterConnectMultiple (node:net:1784:7)
[2m01:11:00[22m [31m[1m[vite][22m[39m [31mhttp proxy error: /api/v1/site-config/public[39m
AggregateError [ECONNREFUSED]: 
    at internalConnectMultiple (node:net:1194:18)
    at afterConnectMultiple (node:net:1784:7)
[2m01:11:00[22m [31m[1m[vite][22m[39m [31mhttp proxy error: /api/v1/site-config/public[39m
AggregateError [ECONNREFUSED]: 
    at internalConnectMultiple (node:net:1194:18)
    at afterConnectMultiple (node:net:1784:7)
[2m01:11:00[22m [31m[1m[vite][22m[39m [31mhttp proxy error: /api/v1/site-config/public[39m
AggregateError [ECONNREFUSED]: 
    at internalConnectMultiple (node:net:1194:18)
    at afterConnectMultiple (node:net:1784:7)
[2m01:11:00[22m [31m[1m[vite][22m[39m [31mhttp proxy error: /api/v1/site-config/public[39m
AggregateError [ECONNREFUSED]: 
    at internalConnectMultiple (node:net:1194:18)
    at afterConnectMultiple (node:net:1784:7)
[2m01:11:17[22m [31m[1m[vite][22m[39m [31mhttp proxy error: /api/v1/auth/login[39m
AggregateError [ECONNREFUSED]: 
    at internalConnectMultiple (node:net:1194:18)
    at afterConnectMultiple (node:net:1784:7)
[2m01:11:26[22m [31m[1m[vite][22m[39m [31mhttp proxy error: /api/v1/me/settings[39m
AggregateError [ECONNREFUSED]: 
    at internalConnectMultiple (node:net:1194:18)
    at afterConnectMultiple (node:net:1784:7)
[2m01:11:26[22m [31m[1m[vite][22m[39m [31mhttp proxy error: /api/v1/auth/me[39m
AggregateError [ECONNREFUSED]: 
    at internalConnectMultiple (node:net:1194:18)
    at afterConnectMultiple (node:net:1784:7)
[2m01:11:26[22m [31m[1m[vite][22m[39m [31mhttp proxy error: /api/v1/me/settings[39m
AggregateError [ECONNREFUSED]: 
    at internalConnectMultiple (node:net:1194:18)
    at afterConnectMultiple (node:net:1784:7)
[2m01:11:26[22m [31m[1m[vite][22m[39m [31mhttp proxy error: /api/v1/auth/me[39m
AggregateError [ECONNREFUSED]: 
    at internalConnectMultiple (node:net:1194:18)
    at afterConnectMultiple (node:net:1784:7)
[2m01:11:26[22m [31m[1m[vite][22m[39m [31mhttp proxy error: /api/v1/me/settings[39m
AggregateError [ECONNREFUSED]: 
    at internalConnectMultiple (node:net:1194:18)
    at afterConnectMultiple (node:net:1784:7)
[2m01:11:26[22m [31m[1m[vite][22m[39m [31mhttp proxy error: /api/v1/auth/me[39m
AggregateError [ECONNREFUSED]: 
    at internalConnectMultiple (node:net:1194:18)
    at afterConnectMultiple (node:net:1784:7)
[2m01:11:26[22m [31m[1m[vite][22m[39m [31mhttp proxy error: /api/v1/me/settings[39m
AggregateError [ECONNREFUSED]: 
    at internalConnectMultiple (node:net:1194:18)
    at afterConnectMultiple (node:net:1784:7)
[2m01:11:26[22m [31m[1m[vite][22m[39m [31mhttp proxy error: /api/v1/auth/me[39m
AggregateError [ECONNREFUSED]: 
    at internalConnectMultiple (node:net:1194:18)
    at afterConnectMultiple (node:net:1784:7)
[2m01:11:26[22m [31m[1m[vite][22m[39m [31mhttp proxy error: /api/v1/site-config/public[39m
AggregateError [ECONNREFUSED]: 
    at internalConnectMultiple (node:net:1194:18)
    at afterConnectMultiple (node:net:1784:7)
[2m01:11:26[22m [31m[1m[vite][22m[39m [31mhttp proxy error: /api/v1/site-config/public[39m
AggregateError [ECONNREFUSED]: 
    at internalConnectMultiple (node:net:1194:18)
    at afterConnectMultiple (node:net:1784:7)
[2m01:11:26[22m [31m[1m[vite][22m[39m [31mhttp proxy error: /api/v1/site-config/public[39m
AggregateError [ECONNREFUSED]: 
    at internalConnectMultiple (node:net:1194:18)
    at afterConnectMultiple (node:net:1784:7)
[2m01:11:26[22m [31m[1m[vite][22m[39m [31mhttp proxy error: /api/v1/site-config/public[39m
AggregateError [ECONNREFUSED]: 
    at internalConnectMultiple (node:net:1194:18)
    at afterConnectMultiple (node:net:1784:7)
[2m01:11:45[22m [31m[1m[vite][22m[39m [31mhttp proxy error: /api/v1/me/settings[39m
AggregateError [ECONNREFUSED]: 
    at internalConnectMultiple (node:net:1194:18)
    at afterConnectMultiple (node:net:1784:7)
[2m01:11:45[22m [31m[1m[vite][22m[39m [31mhttp proxy error: /api/v1/auth/me[39m
AggregateError [ECONNREFUSED]: 
    at internalConnectMultiple (node:net:1194:18)
    at afterConnectMultiple (node:net:1784:7)
[2m01:11:45[22m [31m[1m[vite][22m[39m [31mhttp proxy error: /api/v1/me/settings[39m
AggregateError [ECONNREFUSED]: 
    at internalConnectMultiple (node:net:1194:18)
    at afterConnectMultiple (node:net:1784:7)
[2m01:11:45[22m [31m[1m[vite][22m[39m [31mhttp proxy error: /api/v1/auth/me[39m
AggregateError [ECONNREFUSED]: 
    at internalConnectMultiple (node:net:1194:18)
    at afterConnectMultiple (node:net:1784:7)
[2m01:11:45[22m [31m[1m[vite][22m[39m [31mhttp proxy error: /api/v1/me/settings[39m
AggregateError [ECONNREFUSED]: 
    at internalConnectMultiple (node:net:1194:18)
    at afterConnectMultiple (node:net:1784:7)
[2m01:11:45[22m [31m[1m[vite][22m[39m [31mhttp proxy error: /api/v1/auth/me[39m
AggregateError [ECONNREFUSED]: 
    at internalConnectMultiple (node:net:1194:18)
    at afterConnectMultiple (node:net:1784:7)
[2m01:11:45[22m [31m[1m[vite][22m[39m [31mhttp proxy error: /api/v1/me/settings[39m
AggregateError [ECONNREFUSED]: 
    at internalConnectMultiple (node:net:1194:18)
    at afterConnectMultiple (node:net:1784:7)
[2m01:11:45[22m [31m[1m[vite][22m[39m [31mhttp proxy error: /api/v1/auth/me[39m
AggregateError [ECONNREFUSED]: 
    at internalConnectMultiple (node:net:1194:18)
    at afterConnectMultiple (node:net:1784:7)
[2m01:11:45[22m [31m[1m[vite][22m[39m [31mhttp proxy error: /api/v1/site-config/public[39m
AggregateError [ECONNREFUSED]: 
    at internalConnectMultiple (node:net:1194:18)
    at afterConnectMultiple (node:net:1784:7)
[2m01:11:45[22m [31m[1m[vite][22m[39m [31mhttp proxy error: /api/v1/site-config/public[39m
AggregateError [ECONNREFUSED]: 
    at internalConnectMultiple (node:net:1194:18)
    at afterConnectMultiple (node:net:1784:7)
[2m01:11:46[22m [31m[1m[vite][22m[39m [31mhttp proxy error: /api/v1/site-config/public[39m
AggregateError [ECONNREFUSED]: 
    at internalConnectMultiple (node:net:1194:18)
    at afterConnectMultiple (node:net:1784:7)
[2m01:11:46[22m [31m[1m[vite][22m[39m [31mhttp proxy error: /api/v1/site-config/public[39m
AggregateError [ECONNREFUSED]: 
    at internalConnectMultiple (node:net:1194:18)
    at afterConnectMultiple (node:net:1784:7)
[2m01:12:07[22m [31m[1m[vite][22m[39m [31mhttp proxy error: /api/v1/me/settings[39m
AggregateError [ECONNREFUSED]: 
    at internalConnectMultiple (node:net:1194:18)
    at afterConnectMultiple (node:net:1784:7)
[2m01:12:07[22m [31m[1m[vite][22m[39m [31mhttp proxy error: /api/v1/auth/me[39m
AggregateError [ECONNREFUSED]: 
    at internalConnectMultiple (node:net:1194:18)
    at afterConnectMultiple (node:net:1784:7)
[2m01:12:07[22m [31m[1m[vite][22m[39m [31mhttp proxy error: /api/v1/me/settings[39m
AggregateError [ECONNREFUSED]: 
    at internalConnectMultiple (node:net:1194:18)
    at afterConnectMultiple (node:net:1784:7)
[2m01:12:07[22m [31m[1m[vite][22m[39m [31mhttp proxy error: /api/v1/auth/me[39m
AggregateError [ECONNREFUSED]: 
    at internalConnectMultiple (node:net:1194:18)
    at afterConnectMultiple (node:net:1784:7)
[2m01:12:07[22m [31m[1m[vite][22m[39m [31mhttp proxy error: /api/v1/me/settings[39m
AggregateError [ECONNREFUSED]: 
    at internalConnectMultiple (node:net:1194:18)
    at afterConnectMultiple (node:net:1784:7)
[2m01:12:07[22m [31m[1m[vite][22m[39m [31mhttp proxy error: /api/v1/auth/me[39m
AggregateError [ECONNREFUSED]: 
    at internalConnectMultiple (node:net:1194:18)
    at afterConnectMultiple (node:net:1784:7)
[2m01:12:07[22m [31m[1m[vite][22m[39m [31mhttp proxy error: /api/v1/me/settings[39m
AggregateError [ECONNREFUSED]: 
    at internalConnectMultiple (node:net:1194:18)
    at afterConnectMultiple (node:net:1784:7)
[2m01:12:07[22m [31m[1m[vite][22m[39m [31mhttp proxy error: /api/v1/auth/me[39m
AggregateError [ECONNREFUSED]: 
    at internalConnectMultiple (node:net:1194:18)
    at afterConnectMultiple (node:net:1784:7)
[2m01:12:07[22m [31m[1m[vite][22m[39m [31mhttp proxy error: /api/v1/site-config/public[39m
AggregateError [ECONNREFUSED]: 
    at internalConnectMultiple (node:net:1194:18)
    at afterConnectMultiple (node:net:1784:7)
[2m01:12:07[22m [31m[1m[vite][22m[39m [31mhttp proxy error: /api/v1/site-config/public[39m
AggregateError [ECONNREFUSED]: 
    at internalConnectMultiple (node:net:1194:18)
    at afterConnectMultiple (node:net:1784:7)
[2m01:12:08[22m [31m[1m[vite][22m[39m [31mhttp proxy error: /api/v1/site-config/public[39m
AggregateError [ECONNREFUSED]: 
    at internalConnectMultiple (node:net:1194:18)
    at afterConnectMultiple (node:net:1784:7)
[2m01:12:08[22m [31m[1m[vite][22m[39m [31mhttp proxy error: /api/v1/site-config/public[39m
AggregateError [ECONNREFUSED]: 
    at internalConnectMultiple (node:net:1194:18)
    at afterConnectMultiple (node:net:1784:7)
[2m01:21:04[22m [31m[1m[vite][22m[39m [31mhttp proxy error: /api/v1/me/settings[39m
AggregateError [ECONNREFUSED]: 
    at internalConnectMultiple (node:net:1194:18)
    at afterConnectMultiple (node:net:1784:7)
[2m01:21:04[22m [31m[1m[vite][22m[39m [31mhttp proxy error: /api/v1/auth/me[39m
AggregateError [ECONNREFUSED]: 
    at internalConnectMultiple (node:net:1194:18)
    at afterConnectMultiple (node:net:1784:7)
[2m01:21:04[22m [31m[1m[vite][22m[39m [31mhttp proxy error: /api/v1/me/settings[39m
AggregateError [ECONNREFUSED]: 
    at internalConnectMultiple (node:net:1194:18)
    at afterConnectMultiple (node:net:1784:7)
[2m01:21:04[22m [31m[1m[vite][22m[39m [31mhttp proxy error: /api/v1/auth/me[39m
AggregateError [ECONNREFUSED]: 
    at internalConnectMultiple (node:net:1194:18)
    at afterConnectMultiple (node:net:1784:7)
[2m01:21:05[22m [31m[1m[vite][22m[39m [31mhttp proxy error: /api/v1/me/settings[39m
AggregateError [ECONNREFUSED]: 
    at internalConnectMultiple (node:net:1194:18)
    at afterConnectMultiple (node:net:1784:7)
[2m01:21:05[22m [31m[1m[vite][22m[39m [31mhttp proxy error: /api/v1/auth/me[39m
AggregateError [ECONNREFUSED]: 
    at internalConnectMultiple (node:net:1194:18)
    at afterConnectMultiple (node:net:1784:7)
[2m01:21:05[22m [31m[1m[vite][22m[39m [31mhttp proxy error: /api/v1/me/settings[39m
AggregateError [ECONNREFUSED]: 
    at internalConnectMultiple (node:net:1194:18)
    at afterConnectMultiple (node:net:1784:7)
[2m01:21:05[22m [31m[1m[vite][22m[39m [31mhttp proxy error: /api/v1/auth/me[39m
AggregateError [ECONNREFUSED]: 
    at internalConnectMultiple (node:net:1194:18)
    at afterConnectMultiple (node:net:1784:7)
[2m01:21:05[22m [31m[1m[vite][22m[39m [31mhttp proxy error: /api/v1/site-config/public[39m
AggregateError [ECONNREFUSED]: 
    at internalConnectMultiple (node:net:1194:18)
    at afterConnectMultiple (node:net:1784:7)
[2m01:21:05[22m [31m[1m[vite][22m[39m [31mhttp proxy error: /api/v1/site-config/public[39m
AggregateError [ECONNREFUSED]: 
    at internalConnectMultiple (node:net:1194:18)
    at afterConnectMultiple (node:net:1784:7)
[2m01:21:05[22m [31m[1m[vite][22m[39m [31mhttp proxy error: /api/v1/site-config/public[39m
AggregateError [ECONNREFUSED]: 
    at internalConnectMultiple (node:net:1194:18)
    at afterConnectMultiple (node:net:1784:7)
[2m01:21:05[22m [31m[1m[vite][22m[39m [31mhttp proxy error: /api/v1/site-config/public[39m
AggregateError [ECONNREFUSED]: 
    at internalConnectMultiple (node:net:1194:18)
    at afterConnectMultiple (node:net:1784:7)
